id,condition,combined,features,t_est,depth,algorithm,parents,final_condition,t,t_r,topK_algorithm,variant,topK_execution_time,ct_execution_time,total_execution_time,total_subgroups,rows,overlap,K,t_error,t_r_error,n
898,feature_1 <= 0.25743 AND feature_0 <= 2.95013 AND feature_0 > -0.51548 AND feature_0 > 0.65983 AND feature_0 > 1.22859 AND feature_1 <= 0.24703 AND feature_1 > -0.06209 AND feature_0 <= 1.98947 AND feature_1 <= 0.17524 AND feature_1 > 0.14016 AND feature_1 <= 0.14968,"{'feature_1': (0.14016, 0.14968), 'feature_0': (1.22859, 1.98947)}",2,6.913,11,[Online] CT,"[1, 2, 322, 684, 804, 805, 875, 876, 877, 897]",feature_8 > -2.92 AND feature_5 <= 0.177 AND feature_1 <= 0.25743 AND feature_0 <= 2.95013 AND feature_0 > -0.51548 AND feature_0 > 0.65983 AND feature_0 > 1.22859 AND feature_1 <= 0.24703 AND feature_1 > -0.06209 AND feature_0 <= 1.98947 AND feature_1 <= 0.17524 AND feature_1 > 0.14016 AND feature_1 <= 0.14968,2.292,2.307,OptRes,[Online] CT OptRes,0.0,0.34,0.34,1820,24,0.0,5,4.621,0.015000000000000124,100000
1819,feature_1 > 0.25743 AND feature_1 > 0.54295 AND feature_0 > 0.44837 AND feature_1 > 0.88230 AND feature_0 > 0.52017 AND feature_0 > 0.92088 AND feature_1 > 0.93574 AND feature_1 > 1.25829 AND feature_0 > 1.14058 AND feature_1 > 1.64778 AND feature_0 > 1.64980 AND feature_1 <= 2.05582 AND feature_0 > 2.22661,"{'feature_1': (1.64778, 2.05582), 'feature_0': (2.22661, 4.577)}",2,6.904,13,[Online] CT,"[916, 1230, 1538, 1640, 1652, 1726, 1734, 1770, 1784, 1804, 1816, 1817]",feature_8 > -2.92 AND feature_5 <= 0.177 AND feature_1 > 0.25743 AND feature_1 > 0.54295 AND feature_0 > 0.44837 AND feature_1 > 0.88230 AND feature_0 > 0.52017 AND feature_0 > 0.92088 AND feature_1 > 0.93574 AND feature_1 > 1.25829 AND feature_0 > 1.14058 AND feature_1 > 1.64778 AND feature_0 > 1.64980 AND feature_1 <= 2.05582 AND feature_0 > 2.22661,4.564,4.428,OptRes,[Online] CT OptRes,0.0,0.34,0.34,1820,20,0.0,5,2.34,0.13600000000000012,100000
6,feature_1 <= 0.25743 AND feature_0 <= 2.95013 AND feature_0 <= -0.51548 AND feature_0 <= -1.64477 AND feature_0 <= -2.81798 AND feature_1 <= -0.49938,"{'feature_1': (-4.202, -0.49938), 'feature_0': (-4.695, -2.81798)}",2,6.889,6,[Online] CT,"[1, 2, 3, 4, 5]",feature_8 > -2.92 AND feature_5 <= 0.177 AND feature_1 <= 0.25743 AND feature_0 <= 2.95013 AND feature_0 <= -0.51548 AND feature_0 <= -1.64477 AND feature_0 <= -2.81798 AND feature_1 <= -0.49938,2.78,2.718,OptRes,[Online] CT OptRes,0.0,0.34,0.34,1820,34,0.0,5,4.109,0.06199999999999983,100000
1767,feature_1 > 0.25743 AND feature_1 > 0.54295 AND feature_0 > 0.44837 AND feature_1 > 0.88230 AND feature_0 > 0.52017 AND feature_0 > 0.92088 AND feature_1 > 0.93574 AND feature_1 <= 1.25829 AND feature_0 <= 2.22093 AND feature_0 > 1.62710 AND feature_1 <= 1.18764 AND feature_1 > 1.13870,"{'feature_1': (1.1387, 1.18764), 'feature_0': (1.6271, 2.22093)}",2,6.452,12,[Online] CT,"[916, 1230, 1538, 1640, 1652, 1726, 1734, 1735, 1736, 1760, 1761]",feature_8 > -2.92 AND feature_5 <= 0.177 AND feature_1 > 0.25743 AND feature_1 > 0.54295 AND feature_0 > 0.44837 AND feature_1 > 0.88230 AND feature_0 > 0.52017 AND feature_0 > 0.92088 AND feature_1 > 0.93574 AND feature_1 <= 1.25829 AND feature_0 <= 2.22093 AND feature_0 > 1.62710 AND feature_1 <= 1.18764 AND feature_1 > 1.13870,3.319,3.31,OptRes,[Online] CT OptRes,0.0,0.34,0.34,1820,21,0.0,5,3.133,0.008999999999999897,100000
1722,feature_1 > 0.25743 AND feature_1 > 0.54295 AND feature_0 > 0.44837 AND feature_1 > 0.88230 AND feature_0 > 0.52017 AND feature_0 <= 0.92088 AND feature_1 > 1.47970 AND feature_0 > 0.77321 AND feature_1 > 1.53550 AND feature_0 > 0.79639 AND feature_1 <= 1.62545,"{'feature_1': (1.5355, 1.62545), 'feature_0': (0.79639, 0.92088)}",2,6.333,11,[Online] CT,"[916, 1230, 1538, 1640, 1652, 1653, 1699, 1717, 1719, 1721]",feature_8 > -2.92 AND feature_5 <= 0.177 AND feature_1 > 0.25743 AND feature_1 > 0.54295 AND feature_0 > 0.44837 AND feature_1 > 0.88230 AND feature_0 > 0.52017 AND feature_0 <= 0.92088 AND feature_1 > 1.47970 AND feature_0 > 0.77321 AND feature_1 > 1.53550 AND feature_0 > 0.79639 AND feature_1 <= 1.62545,2.621,2.615,OptRes,[Online] CT OptRes,0.0,0.34,0.34,1820,20,0.0,5,3.712,0.005999999999999783,100000
1722,feature_1 > 0.25743 AND feature_1 > 0.54295 AND feature_0 > 0.44837 AND feature_1 > 0.88230 AND feature_0 > 0.52017 AND feature_0 <= 0.92088 AND feature_1 > 1.47970 AND feature_0 > 0.77321 AND feature_1 > 1.53550 AND feature_0 > 0.79639 AND feature_1 <= 1.62545,"{'feature_1': (1.5355, 1.62545), 'feature_0': (0.79639, 0.92088)}",2,6.333,11,[Online] CT,"[916, 1230, 1538, 1640, 1652, 1653, 1699, 1717, 1719, 1721]",feature_8 > -2.92 AND feature_5 <= 0.177 AND feature_1 > 0.25743 AND feature_1 > 0.54295 AND feature_0 > 0.44837 AND feature_1 > 0.88230 AND feature_0 > 0.52017 AND feature_0 <= 0.92088 AND feature_1 > 1.47970 AND feature_0 > 0.77321 AND feature_1 > 1.53550 AND feature_0 > 0.79639 AND feature_1 <= 1.62545,2.621,2.615,ResOve,[Online] CT ResOve,0.138,0.34,0.47800000000000004,1820,20,0.0,5,3.712,0.005999999999999783,100000
1793,feature_1 > 0.25743 AND feature_1 > 0.54295 AND feature_0 > 0.44837 AND feature_1 > 0.88230 AND feature_0 > 0.52017 AND feature_0 > 0.92088 AND feature_1 > 0.93574 AND feature_1 > 1.25829 AND feature_0 > 1.14058 AND feature_1 <= 1.64778 AND feature_1 <= 1.48296 AND feature_0 > 1.20051 AND feature_0 > 1.44043 AND feature_1 <= 1.30870,"{'feature_1': (1.25829, 1.3087), 'feature_0': (1.44043, 4.577)}",2,5.99,14,[Online] CT,"[916, 1230, 1538, 1640, 1652, 1726, 1734, 1770, 1784, 1785, 1786, 1788, 1792]",feature_8 > -2.92 AND feature_5 <= 0.177 AND feature_1 > 0.25743 AND feature_1 > 0.54295 AND feature_0 > 0.44837 AND feature_1 > 0.88230 AND feature_0 > 0.52017 AND feature_0 > 0.92088 AND feature_1 > 0.93574 AND feature_1 > 1.25829 AND feature_0 > 1.14058 AND feature_1 <= 1.64778 AND feature_1 <= 1.48296 AND feature_0 > 1.20051 AND feature_0 > 1.44043 AND feature_1 <= 1.30870,3.408,3.415,ResOve,[Online] CT ResOve,0.138,0.34,0.47800000000000004,1820,34,0.0,5,2.5820000000000003,0.007000000000000117,100000
1787,feature_1 > 0.25743 AND feature_1 > 0.54295 AND feature_0 > 0.44837 AND feature_1 > 0.88230 AND feature_0 > 0.52017 AND feature_0 > 0.92088 AND feature_1 > 0.93574 AND feature_1 > 1.25829 AND feature_0 > 1.14058 AND feature_1 <= 1.64778 AND feature_1 <= 1.48296 AND feature_0 <= 1.20051,"{'feature_1': (1.25829, 1.48296), 'feature_0': (1.14058, 1.20051)}",2,5.831,12,[Online] CT,"[916, 1230, 1538, 1640, 1652, 1726, 1734, 1770, 1784, 1785, 1786]",feature_8 > -2.92 AND feature_5 <= 0.177 AND feature_1 > 0.25743 AND feature_1 > 0.54295 AND feature_0 > 0.44837 AND feature_1 > 0.88230 AND feature_0 > 0.52017 AND feature_0 > 0.92088 AND feature_1 > 0.93574 AND feature_1 > 1.25829 AND feature_0 > 1.14058 AND feature_1 <= 1.64778 AND feature_1 <= 1.48296 AND feature_0 <= 1.20051,2.773,2.778,ResOve,[Online] CT ResOve,0.138,0.34,0.47800000000000004,1820,28,0.0,5,3.0580000000000003,0.004999999999999893,100000
6,feature_1 <= 0.25743 AND feature_0 <= 2.95013 AND feature_0 <= -0.51548 AND feature_0 <= -1.64477 AND feature_0 <= -2.81798 AND feature_1 <= -0.49938,"{'feature_1': (-4.202, -0.49938), 'feature_0': (-4.695, -2.81798)}",2,6.889,6,[Online] CT,"[1, 2, 3, 4, 5]",feature_8 > -2.92 AND feature_5 <= 0.177 AND feature_1 <= 0.25743 AND feature_0 <= 2.95013 AND feature_0 <= -0.51548 AND feature_0 <= -1.64477 AND feature_0 <= -2.81798 AND feature_1 <= -0.49938,2.78,2.718,ResOve,[Online] CT ResOve,0.138,0.34,0.47800000000000004,1820,34,0.0,5,4.109,0.06199999999999983,100000
1497,feature_1 > 0.25743 AND feature_1 > 0.54295 AND feature_0 <= 0.44837 AND feature_1 <= 2.48041 AND feature_0 > -0.67920 AND feature_0 > -0.17803 AND feature_1 > 1.45722 AND feature_0 > -0.08310 AND feature_0 > -0.05065 AND feature_1 <= 1.64285 AND feature_1 <= 1.58959 AND feature_1 <= 1.56762 AND feature_0 > 0.12816 AND feature_1 <= 1.53226 AND feature_1 <= 1.47338,"{'feature_1': (1.45722, 1.47338), 'feature_0': (0.12816, 0.44837)}",2,5.824,15,[Online] CT,"[916, 1230, 1231, 1232, 1364, 1434, 1478, 1488, 1490, 1491, 1492, 1493, 1495, 1496]",feature_8 > -2.92 AND feature_5 <= 0.177 AND feature_1 > 0.25743 AND feature_1 > 0.54295 AND feature_0 <= 0.44837 AND feature_1 <= 2.48041 AND feature_0 > -0.67920 AND feature_0 > -0.17803 AND feature_1 > 1.45722 AND feature_0 > -0.08310 AND feature_0 > -0.05065 AND feature_1 <= 1.64285 AND feature_1 <= 1.58959 AND feature_1 <= 1.56762 AND feature_0 > 0.12816 AND feature_1 <= 1.53226 AND feature_1 <= 1.47338,1.977,1.978,ResOve,[Online] CT ResOve,0.138,0.34,0.47800000000000004,1820,20,0.0,5,3.8469999999999995,0.0009999999999998899,100000
1767,feature_1 > 0.25743 AND feature_1 > 0.54295 AND feature_0 > 0.44837 AND feature_1 > 0.88230 AND feature_0 > 0.52017 AND feature_0 > 0.92088 AND feature_1 > 0.93574 AND feature_1 <= 1.25829 AND feature_0 <= 2.22093 AND feature_0 > 1.62710 AND feature_1 <= 1.18764 AND feature_1 > 1.13870,"{'feature_1': (1.1387, 1.18764), 'feature_0': (1.6271, 2.22093)}",2,6.452,12,[Online] CT,"[916, 1230, 1538, 1640, 1652, 1726, 1734, 1735, 1736, 1760, 1761]",feature_8 > -2.92 AND feature_5 <= 0.177 AND feature_1 > 0.25743 AND feature_1 > 0.54295 AND feature_0 > 0.44837 AND feature_1 > 0.88230 AND feature_0 > 0.52017 AND feature_0 > 0.92088 AND feature_1 > 0.93574 AND feature_1 <= 1.25829 AND feature_0 <= 2.22093 AND feature_0 > 1.62710 AND feature_1 <= 1.18764 AND feature_1 > 1.13870,3.319,3.31,NoOve,[Online] CT NoOve,0.001,0.34,0.341,1820,21,0.0,5,3.133,0.008999999999999897,100000
1815,feature_1 > 0.25743 AND feature_1 > 0.54295 AND feature_0 > 0.44837 AND feature_1 > 0.88230 AND feature_0 > 0.52017 AND feature_0 > 0.92088 AND feature_1 > 0.93574 AND feature_1 > 1.25829 AND feature_0 > 1.14058 AND feature_1 > 1.64778 AND feature_0 <= 1.64980 AND feature_1 > 2.71624,"{'feature_1': (2.71624, 4.438), 'feature_0': (1.14058, 1.6498)}",2,6.293,12,[Online] CT,"[916, 1230, 1538, 1640, 1652, 1726, 1734, 1770, 1784, 1804, 1805]",feature_8 > -2.92 AND feature_5 <= 0.177 AND feature_1 > 0.25743 AND feature_1 > 0.54295 AND feature_0 > 0.44837 AND feature_1 > 0.88230 AND feature_0 > 0.52017 AND feature_0 > 0.92088 AND feature_1 > 0.93574 AND feature_1 > 1.25829 AND feature_0 > 1.14058 AND feature_1 > 1.64778 AND feature_0 <= 1.64980 AND feature_1 > 2.71624,4.33,4.293,NoOve,[Online] CT NoOve,0.001,0.34,0.341,1820,22,0.0,5,1.963,0.03699999999999992,100000
1787,feature_1 > 0.25743 AND feature_1 > 0.54295 AND feature_0 > 0.44837 AND feature_1 > 0.88230 AND feature_0 > 0.52017 AND feature_0 > 0.92088 AND feature_1 > 0.93574 AND feature_1 > 1.25829 AND feature_0 > 1.14058 AND feature_1 <= 1.64778 AND feature_1 <= 1.48296 AND feature_0 <= 1.20051,"{'feature_1': (1.25829, 1.48296), 'feature_0': (1.14058, 1.20051)}",2,5.831,12,[Online] CT,"[916, 1230, 1538, 1640, 1652, 1726, 1734, 1770, 1784, 1785, 1786]",feature_8 > -2.92 AND feature_5 <= 0.177 AND feature_1 > 0.25743 AND feature_1 > 0.54295 AND feature_0 > 0.44837 AND feature_1 > 0.88230 AND feature_0 > 0.52017 AND feature_0 > 0.92088 AND feature_1 > 0.93574 AND feature_1 > 1.25829 AND feature_0 > 1.14058 AND feature_1 <= 1.64778 AND feature_1 <= 1.48296 AND feature_0 <= 1.20051,2.773,2.778,NoOve,[Online] CT NoOve,0.001,0.34,0.341,1820,28,0.0,5,3.0580000000000003,0.004999999999999893,100000
1817,feature_1 > 0.25743 AND feature_1 > 0.54295 AND feature_0 > 0.44837 AND feature_1 > 0.88230 AND feature_0 > 0.52017 AND feature_0 > 0.92088 AND feature_1 > 0.93574 AND feature_1 > 1.25829 AND feature_0 > 1.14058 AND feature_1 > 1.64778 AND feature_0 > 1.64980 AND feature_1 <= 2.05582,"{'feature_1': (1.64778, 2.05582), 'feature_0': (1.6498, 4.577)}",2,5.575,12,[Online] CT,"[916, 1230, 1538, 1640, 1652, 1726, 1734, 1770, 1784, 1804, 1816]",feature_8 > -2.92 AND feature_5 <= 0.177 AND feature_1 > 0.25743 AND feature_1 > 0.54295 AND feature_0 > 0.44837 AND feature_1 > 0.88230 AND feature_0 > 0.52017 AND feature_0 > 0.92088 AND feature_1 > 0.93574 AND feature_1 > 1.25829 AND feature_0 > 1.14058 AND feature_1 > 1.64778 AND feature_0 > 1.64980 AND feature_1 <= 2.05582,4.042,3.998,NoOve,[Online] CT NoOve,0.001,0.34,0.341,1820,78,0.0,5,1.5330000000000004,0.043999999999999595,100000
1705,feature_1 > 0.25743 AND feature_1 > 0.54295 AND feature_0 > 0.44837 AND feature_1 > 0.88230 AND feature_0 > 0.52017 AND feature_0 <= 0.92088 AND feature_1 > 1.47970 AND feature_0 <= 0.77321 AND feature_0 <= 0.62954 AND feature_1 <= 2.00505 AND feature_1 <= 1.77453 AND feature_0 > 0.56499,"{'feature_1': (1.4797, 1.77453), 'feature_0': (0.56499, 0.62954)}",2,5.466,12,[Online] CT,"[916, 1230, 1538, 1640, 1652, 1653, 1699, 1700, 1701, 1702, 1703]",feature_8 > -2.92 AND feature_5 <= 0.177 AND feature_1 > 0.25743 AND feature_1 > 0.54295 AND feature_0 > 0.44837 AND feature_1 > 0.88230 AND feature_0 > 0.52017 AND feature_0 <= 0.92088 AND feature_1 > 1.47970 AND feature_0 <= 0.77321 AND feature_0 <= 0.62954 AND feature_1 <= 2.00505 AND feature_1 <= 1.77453 AND feature_0 > 0.56499,2.409,2.394,NoOve,[Online] CT NoOve,0.001,0.34,0.341,1820,37,0.0,5,3.0570000000000004,0.01499999999999968,100000
795,feature_1 <= 0.25743 AND feature_0 <= 2.95013 AND feature_0 > -0.51548 AND feature_0 > 0.65983 AND feature_0 <= 1.22859 AND feature_0 <= 1.21179 AND feature_1 > 0.11854 AND feature_0 > 0.84224 AND feature_1 <= 0.24376 AND feature_1 <= 0.22117 AND feature_1 <= 0.21013 AND feature_0 <= 1.12620 AND feature_0 <= 0.97596 AND feature_0 > 0.88464,"{'feature_1': (0.11854, 0.21013), 'feature_0': (0.88464, 0.97596)}",2,4.106,14,[Online] CT,"[1, 2, 322, 684, 685, 686, 778, 788, 789, 790, 791, 792, 793]",feature_8 > -2.92 AND feature_5 <= 0.177 AND feature_1 <= 0.25743 AND feature_0 <= 2.95013 AND feature_0 > -0.51548 AND feature_0 > 0.65983 AND feature_0 <= 1.22859 AND feature_0 <= 1.21179 AND feature_1 > 0.11854 AND feature_0 > 0.84224 AND feature_1 <= 0.24376 AND feature_1 <= 0.22117 AND feature_1 <= 0.21013 AND feature_0 <= 1.12620 AND feature_0 <= 0.97596 AND feature_0 > 0.88464,1.708,1.709,Random,[Online] CT Random,0.0,0.34,0.34,1820,39,0.0,5,2.3979999999999997,0.001000000000000112,100000
591,feature_1 <= 0.25743 AND feature_0 <= 2.95013 AND feature_0 > -0.51548 AND feature_0 <= 0.65983 AND feature_1 > -0.31794 AND feature_0 <= 0.62439 AND feature_1 <= -0.00443 AND feature_1 > -0.30802 AND feature_1 > -0.07449 AND feature_0 <= 0.01635 AND feature_0 <= -0.02083 AND feature_0 > -0.41900 AND feature_1 > -0.06750 AND feature_0 <= -0.06285 AND feature_0 <= -0.12532,"{'feature_1': (-0.0675, -0.00443), 'feature_0': (-0.419, -0.12532)}",2,0.191,15,[Online] CT,"[1, 2, 322, 323, 545, 546, 547, 553, 583, 584, 585, 587, 589, 590]",feature_8 > -2.92 AND feature_5 <= 0.177 AND feature_1 <= 0.25743 AND feature_0 <= 2.95013 AND feature_0 > -0.51548 AND feature_0 <= 0.65983 AND feature_1 > -0.31794 AND feature_0 <= 0.62439 AND feature_1 <= -0.00443 AND feature_1 > -0.30802 AND feature_1 > -0.07449 AND feature_0 <= 0.01635 AND feature_0 <= -0.02083 AND feature_0 > -0.41900 AND feature_1 > -0.06750 AND feature_0 <= -0.06285 AND feature_0 <= -0.12532,0.405,0.4,Random,[Online] CT Random,0.0,0.34,0.34,1820,168,0.0,5,0.21400000000000002,0.0050000000000000044,100000
834,feature_1 <= 0.25743 AND feature_0 <= 2.95013 AND feature_0 > -0.51548 AND feature_0 > 0.65983 AND feature_0 > 1.22859 AND feature_1 <= 0.24703 AND feature_1 <= -0.06209 AND feature_0 <= 1.45741 AND feature_1 > -0.41311 AND feature_1 <= -0.22192 AND feature_0 > 1.28840 AND feature_1 > -0.32298,"{'feature_1': (-0.32298, -0.22192), 'feature_0': (1.2884, 1.45741)}",2,2.531,12,[Online] CT,"[1, 2, 322, 684, 804, 805, 806, 807, 829, 830, 832]",feature_8 > -2.92 AND feature_5 <= 0.177 AND feature_1 <= 0.25743 AND feature_0 <= 2.95013 AND feature_0 > -0.51548 AND feature_0 > 0.65983 AND feature_0 > 1.22859 AND feature_1 <= 0.24703 AND feature_1 <= -0.06209 AND feature_0 <= 1.45741 AND feature_1 > -0.41311 AND feature_1 <= -0.22192 AND feature_0 > 1.28840 AND feature_1 > -0.32298,1.936,1.932,Random,[Online] CT Random,0.0,0.34,0.34,1820,50,0.0,5,0.5950000000000002,0.0040000000000000036,100000
1258,feature_1 > 0.25743 AND feature_1 > 0.54295 AND feature_0 <= 0.44837 AND feature_1 <= 2.48041 AND feature_0 <= -0.67920 AND feature_0 > -2.54236 AND feature_1 <= 1.61900 AND feature_0 <= -1.52919 AND feature_1 > 0.61916 AND feature_0 > -2.41301 AND feature_1 <= 1.37702 AND feature_1 > 0.92735 AND feature_1 > 0.95682,"{'feature_1': (0.95682, 1.37702), 'feature_0': (-2.41301, -1.52919)}",2,0.783,13,[Online] CT,"[916, 1230, 1231, 1232, 1233, 1237, 1238, 1239, 1243, 1245, 1246, 1256]",feature_8 > -2.92 AND feature_5 <= 0.177 AND feature_1 > 0.25743 AND feature_1 > 0.54295 AND feature_0 <= 0.44837 AND feature_1 <= 2.48041 AND feature_0 <= -0.67920 AND feature_0 > -2.54236 AND feature_1 <= 1.61900 AND feature_0 <= -1.52919 AND feature_1 > 0.61916 AND feature_0 > -2.41301 AND feature_1 <= 1.37702 AND feature_1 > 0.92735 AND feature_1 > 0.95682,0.425,0.42,Random,[Online] CT Random,0.0,0.34,0.34,1820,272,0.0,5,0.35800000000000004,0.0050000000000000044,100000
989,feature_1 > 0.25743 AND feature_1 <= 0.54295 AND feature_1 <= 0.37146 AND feature_1 > 0.29294 AND feature_0 <= 0.50703 AND feature_0 <= -0.00389 AND feature_1 > 0.34008 AND feature_1 <= 0.34796 AND feature_0 > -0.40157,"{'feature_1': (0.34008, 0.34796), 'feature_0': (-0.40157, -0.00389)}",2,3.337,9,[Online] CT,"[916, 917, 918, 958, 959, 960, 986, 987]",feature_8 > -2.92 AND feature_5 <= 0.177 AND feature_1 > 0.25743 AND feature_1 <= 0.54295 AND feature_1 <= 0.37146 AND feature_1 > 0.29294 AND feature_0 <= 0.50703 AND feature_0 <= -0.00389 AND feature_1 > 0.34008 AND feature_1 <= 0.34796 AND feature_0 > -0.40157,0.691,0.715,Random,[Online] CT Random,0.0,0.34,0.34,1820,21,0.0,5,2.6460000000000004,0.02400000000000002,100000
1687,feature_0 > -0.65442 AND feature_0 > 1.25618 AND feature_0 > 1.80410 AND feature_1 <= 1.41458 AND feature_1 > -1.86818 AND feature_1 <= -0.01801 AND feature_0 > 2.35436 AND feature_0 <= 2.39408,"{'feature_0': (2.35436, 2.39408), 'feature_1': (-1.86818, -0.01801)}",2,7.483,8,[Online] CT,"[596, 1502, 1646, 1647, 1649, 1650, 1686]",feature_6 > -0.134 AND feature_0 > -0.65442 AND feature_0 > 1.25618 AND feature_0 > 1.80410 AND feature_1 <= 1.41458 AND feature_1 > -1.86818 AND feature_1 <= -0.01801 AND feature_0 > 2.35436 AND feature_0 <= 2.39408,2.77,2.737,OptRes,[Online] CT OptRes,0.0,0.33,0.33,1754,20,0.0,5,4.712999999999999,0.03299999999999992,100000
1659,feature_0 > -0.65442 AND feature_0 > 1.25618 AND feature_0 > 1.80410 AND feature_1 <= 1.41458 AND feature_1 > -1.86818 AND feature_1 <= -0.01801 AND feature_0 <= 2.35436 AND feature_0 <= 2.28262 AND feature_1 <= -0.51117 AND feature_1 > -1.68949 AND feature_1 > -1.35572 AND feature_0 <= 1.89025 AND feature_1 <= -1.02328,"{'feature_0': (1.8041, 1.89025), 'feature_1': (-1.35572, -1.02328)}",2,6.685,13,[Online] CT,"[596, 1502, 1646, 1647, 1649, 1650, 1651, 1652, 1653, 1655, 1657, 1658]",feature_6 > -0.134 AND feature_0 > -0.65442 AND feature_0 > 1.25618 AND feature_0 > 1.80410 AND feature_1 <= 1.41458 AND feature_1 > -1.86818 AND feature_1 <= -0.01801 AND feature_0 <= 2.35436 AND feature_0 <= 2.28262 AND feature_1 <= -0.51117 AND feature_1 > -1.68949 AND feature_1 > -1.35572 AND feature_0 <= 1.89025 AND feature_1 <= -1.02328,2.116,2.121,OptRes,[Online] CT OptRes,0.0,0.33,0.33,1754,21,0.0,5,4.568999999999999,0.004999999999999893,100000
1754,feature_0 > -0.65442 AND feature_0 > 1.25618 AND feature_0 > 1.80410 AND feature_1 > 1.41458 AND feature_0 > 2.00729 AND feature_1 > 1.48966 AND feature_0 > 2.39664,"{'feature_0': (2.39664, 4.577), 'feature_1': (1.48966, 4.438)}",2,6.43,7,[Online] CT,"[596, 1502, 1646, 1748, 1750, 1752]",feature_6 > -0.134 AND feature_0 > -0.65442 AND feature_0 > 1.25618 AND feature_0 > 1.80410 AND feature_1 > 1.41458 AND feature_0 > 2.00729 AND feature_1 > 1.48966 AND feature_0 > 2.39664,4.757,4.82,OptRes,[Online] CT OptRes,0.0,0.33,0.33,1754,27,0.0,5,1.673,0.06300000000000061,100000
9,feature_0 <= -0.65442 AND feature_0 <= -0.83205 AND feature_0 <= -1.87749 AND feature_0 <= -2.06667 AND feature_1 > -1.95752 AND feature_1 <= 0.29731 AND feature_0 <= -2.65370 AND feature_0 <= -3.06946,"{'feature_0': (-4.695, -3.06946), 'feature_1': (-1.95752, 0.29731)}",2,5.993,8,[Online] CT,"[1, 2, 3, 4, 6, 7, 8]",feature_6 > -0.134 AND feature_0 <= -0.65442 AND feature_0 <= -0.83205 AND feature_0 <= -1.87749 AND feature_0 <= -2.06667 AND feature_1 > -1.95752 AND feature_1 <= 0.29731 AND feature_0 <= -2.65370 AND feature_0 <= -3.06946,2.909,2.853,OptRes,[Online] CT OptRes,0.0,0.33,0.33,1754,24,0.0,5,3.0840000000000005,0.055999999999999606,100000
1734,feature_0 > -0.65442 AND feature_0 > 1.25618 AND feature_0 > 1.80410 AND feature_1 <= 1.41458 AND feature_1 > -1.86818 AND feature_1 > -0.01801 AND feature_1 > 0.60585 AND feature_0 > 1.83394 AND feature_0 <= 2.34603 AND feature_0 <= 2.02996 AND feature_1 > 0.77180 AND feature_0 <= 1.86829,"{'feature_0': (1.83394, 1.86829), 'feature_1': (0.7718, 1.41458)}",2,5.903,12,[Online] CT,"[596, 1502, 1646, 1647, 1649, 1699, 1727, 1729, 1730, 1731, 1733]",feature_6 > -0.134 AND feature_0 > -0.65442 AND feature_0 > 1.25618 AND feature_0 > 1.80410 AND feature_1 <= 1.41458 AND feature_1 > -1.86818 AND feature_1 > -0.01801 AND feature_1 > 0.60585 AND feature_0 > 1.83394 AND feature_0 <= 2.34603 AND feature_0 <= 2.02996 AND feature_1 > 0.77180 AND feature_0 <= 1.86829,3.256,3.244,OptRes,[Online] CT OptRes,0.0,0.33,0.33,1754,21,0.0,5,2.647,0.011999999999999567,100000
1754,feature_0 > -0.65442 AND feature_0 > 1.25618 AND feature_0 > 1.80410 AND feature_1 > 1.41458 AND feature_0 > 2.00729 AND feature_1 > 1.48966 AND feature_0 > 2.39664,"{'feature_0': (2.39664, 4.577), 'feature_1': (1.48966, 4.438)}",2,6.43,7,[Online] CT,"[596, 1502, 1646, 1748, 1750, 1752]",feature_6 > -0.134 AND feature_0 > -0.65442 AND feature_0 > 1.25618 AND feature_0 > 1.80410 AND feature_1 > 1.41458 AND feature_0 > 2.00729 AND feature_1 > 1.48966 AND feature_0 > 2.39664,4.757,4.82,ResOve,[Online] CT ResOve,0.143,0.33,0.473,1754,27,0.0,5,1.673,0.06300000000000061,100000
1369,feature_0 > -0.65442 AND feature_0 <= 1.25618 AND feature_1 > 0.45390 AND feature_0 > -0.42890 AND feature_1 <= 1.03071 AND feature_0 > 0.88828 AND feature_0 <= 1.23615 AND feature_0 > 0.90318 AND feature_0 > 0.98873 AND feature_1 > 0.61597 AND feature_1 <= 0.99775 AND feature_0 > 1.07728 AND feature_1 <= 0.81738 AND feature_0 > 1.17352,"{'feature_0': (1.17352, 1.23615), 'feature_1': (0.61597, 0.81738)}",2,5.662,14,[Online] CT,"[596, 597, 1187, 1235, 1236, 1330, 1331, 1333, 1347, 1355, 1356, 1364, 1365]",feature_6 > -0.134 AND feature_0 > -0.65442 AND feature_0 <= 1.25618 AND feature_1 > 0.45390 AND feature_0 > -0.42890 AND feature_1 <= 1.03071 AND feature_0 > 0.88828 AND feature_0 <= 1.23615 AND feature_0 > 0.90318 AND feature_0 > 0.98873 AND feature_1 > 0.61597 AND feature_1 <= 0.99775 AND feature_0 > 1.07728 AND feature_1 <= 0.81738 AND feature_0 > 1.17352,2.322,2.324,ResOve,[Online] CT ResOve,0.143,0.33,0.473,1754,32,0.0,5,3.34,0.0019999999999997797,100000
35,feature_0 <= -0.65442 AND feature_0 <= -0.83205 AND feature_0 <= -1.87749 AND feature_0 <= -2.06667 AND feature_1 > -1.95752 AND feature_1 <= 0.29731 AND feature_0 > -2.65370 AND feature_1 <= 0.01413 AND feature_0 > -2.19843 AND feature_1 <= -0.10440 AND feature_0 > -2.17040 AND feature_0 <= -2.08817 AND feature_1 <= -0.35076 AND feature_1 > -0.73268,"{'feature_0': (-2.1704, -2.08817), 'feature_1': (-0.73268, -0.35076)}",2,5.869,14,[Online] CT,"[1, 2, 3, 4, 6, 7, 15, 16, 28, 29, 31, 32, 33]",feature_6 > -0.134 AND feature_0 <= -0.65442 AND feature_0 <= -0.83205 AND feature_0 <= -1.87749 AND feature_0 <= -2.06667 AND feature_1 > -1.95752 AND feature_1 <= 0.29731 AND feature_0 > -2.65370 AND feature_1 <= 0.01413 AND feature_0 > -2.19843 AND feature_1 <= -0.10440 AND feature_0 > -2.17040 AND feature_0 <= -2.08817 AND feature_1 <= -0.35076 AND feature_1 > -0.73268,1.668,1.681,ResOve,[Online] CT ResOve,0.143,0.33,0.473,1754,21,0.0,5,4.201,0.013000000000000123,100000
18,feature_0 <= -0.65442 AND feature_0 <= -0.83205 AND feature_0 <= -1.87749 AND feature_0 <= -2.06667 AND feature_1 > -1.95752 AND feature_1 <= 0.29731 AND feature_0 > -2.65370 AND feature_1 <= 0.01413 AND feature_0 <= -2.19843 AND feature_1 <= -1.59824,"{'feature_0': (-2.6537, -2.19843), 'feature_1': (-1.95752, -1.59824)}",2,5.461,10,[Online] CT,"[1, 2, 3, 4, 6, 7, 15, 16, 17]",feature_6 > -0.134 AND feature_0 <= -0.65442 AND feature_0 <= -0.83205 AND feature_0 <= -1.87749 AND feature_0 <= -2.06667 AND feature_1 > -1.95752 AND feature_1 <= 0.29731 AND feature_0 > -2.65370 AND feature_1 <= 0.01413 AND feature_0 <= -2.19843 AND feature_1 <= -1.59824,2.221,2.194,ResOve,[Online] CT ResOve,0.143,0.33,0.473,1754,20,0.0,5,3.24,0.027000000000000135,100000
9,feature_0 <= -0.65442 AND feature_0 <= -0.83205 AND feature_0 <= -1.87749 AND feature_0 <= -2.06667 AND feature_1 > -1.95752 AND feature_1 <= 0.29731 AND feature_0 <= -2.65370 AND feature_0 <= -3.06946,"{'feature_0': (-4.695, -3.06946), 'feature_1': (-1.95752, 0.29731)}",2,5.993,8,[Online] CT,"[1, 2, 3, 4, 6, 7, 8]",feature_6 > -0.134 AND feature_0 <= -0.65442 AND feature_0 <= -0.83205 AND feature_0 <= -1.87749 AND feature_0 <= -2.06667 AND feature_1 > -1.95752 AND feature_1 <= 0.29731 AND feature_0 <= -2.65370 AND feature_0 <= -3.06946,2.909,2.853,ResOve,[Online] CT ResOve,0.143,0.33,0.473,1754,24,0.0,5,3.0840000000000005,0.055999999999999606,100000
1687,feature_0 > -0.65442 AND feature_0 > 1.25618 AND feature_0 > 1.80410 AND feature_1 <= 1.41458 AND feature_1 > -1.86818 AND feature_1 <= -0.01801 AND feature_0 > 2.35436 AND feature_0 <= 2.39408,"{'feature_0': (2.35436, 2.39408), 'feature_1': (-1.86818, -0.01801)}",2,7.483,8,[Online] CT,"[596, 1502, 1646, 1647, 1649, 1650, 1686]",feature_6 > -0.134 AND feature_0 > -0.65442 AND feature_0 > 1.25618 AND feature_0 > 1.80410 AND feature_1 <= 1.41458 AND feature_1 > -1.86818 AND feature_1 <= -0.01801 AND feature_0 > 2.35436 AND feature_0 <= 2.39408,2.77,2.737,NoOve,[Online] CT NoOve,0.001,0.33,0.331,1754,20,0.0,5,4.712999999999999,0.03299999999999992,100000
9,feature_0 <= -0.65442 AND feature_0 <= -0.83205 AND feature_0 <= -1.87749 AND feature_0 <= -2.06667 AND feature_1 > -1.95752 AND feature_1 <= 0.29731 AND feature_0 <= -2.65370 AND feature_0 <= -3.06946,"{'feature_0': (-4.695, -3.06946), 'feature_1': (-1.95752, 0.29731)}",2,5.993,8,[Online] CT,"[1, 2, 3, 4, 6, 7, 8]",feature_6 > -0.134 AND feature_0 <= -0.65442 AND feature_0 <= -0.83205 AND feature_0 <= -1.87749 AND feature_0 <= -2.06667 AND feature_1 > -1.95752 AND feature_1 <= 0.29731 AND feature_0 <= -2.65370 AND feature_0 <= -3.06946,2.909,2.853,NoOve,[Online] CT NoOve,0.001,0.33,0.331,1754,24,0.0,5,3.0840000000000005,0.055999999999999606,100000
1501,feature_0 > -0.65442 AND feature_0 <= 1.25618 AND feature_1 > 0.45390 AND feature_0 > -0.42890 AND feature_1 > 1.03071 AND feature_1 > 1.73887 AND feature_0 > 0.27198 AND feature_1 > 2.93859,"{'feature_0': (0.27198, 1.25618), 'feature_1': (2.93859, 4.438)}",2,5.342,8,[Online] CT,"[596, 597, 1187, 1235, 1375, 1449, 1483]",feature_6 > -0.134 AND feature_0 > -0.65442 AND feature_0 <= 1.25618 AND feature_1 > 0.45390 AND feature_0 > -0.42890 AND feature_1 > 1.03071 AND feature_1 > 1.73887 AND feature_0 > 0.27198 AND feature_1 > 2.93859,3.938,3.898,NoOve,[Online] CT NoOve,0.001,0.33,0.331,1754,22,0.0,5,1.4039999999999995,0.040000000000000036,100000
1701,feature_0 > -0.65442 AND feature_0 > 1.25618 AND feature_0 > 1.80410 AND feature_1 <= 1.41458 AND feature_1 > -1.86818 AND feature_1 > -0.01801 AND feature_1 <= 0.60585 AND feature_0 <= 1.88056,"{'feature_0': (1.8041, 1.88056), 'feature_1': (-0.01801, 0.60585)}",2,3.995,8,[Online] CT,"[596, 1502, 1646, 1647, 1649, 1699, 1700]",feature_6 > -0.134 AND feature_0 > -0.65442 AND feature_0 > 1.25618 AND feature_0 > 1.80410 AND feature_1 <= 1.41458 AND feature_1 > -1.86818 AND feature_1 > -0.01801 AND feature_1 <= 0.60585 AND feature_0 <= 1.88056,2.686,2.69,NoOve,[Online] CT NoOve,0.001,0.33,0.331,1754,70,0.0,5,1.3090000000000002,0.0040000000000000036,100000
1124,feature_0 > -0.65442 AND feature_0 <= 1.25618 AND feature_1 <= 0.45390 AND feature_0 > -0.13792 AND feature_1 > 0.28594 AND feature_0 <= 0.58571 AND feature_1 <= 0.29945 AND feature_1 > 0.29590,"{'feature_0': (-0.13792, 0.58571), 'feature_1': (0.2959, 0.29945)}",2,3.769,8,[Online] CT,"[596, 597, 598, 810, 1118, 1119, 1120]",feature_6 > -0.134 AND feature_0 > -0.65442 AND feature_0 <= 1.25618 AND feature_1 <= 0.45390 AND feature_0 > -0.13792 AND feature_1 > 0.28594 AND feature_0 <= 0.58571 AND feature_1 <= 0.29945 AND feature_1 > 0.29590,1.079,1.076,NoOve,[Online] CT NoOve,0.001,0.33,0.331,1754,23,0.0,5,2.6900000000000004,0.0029999999999998916,100000
902,feature_0 > -0.65442 AND feature_0 <= 1.25618 AND feature_1 <= 0.45390 AND feature_0 > -0.13792 AND feature_1 <= 0.28594 AND feature_1 <= -1.20242 AND feature_0 > 0.01355 AND feature_1 > -1.40096 AND feature_0 <= 0.60691 AND feature_1 <= -1.24021 AND feature_0 <= 0.38038 AND feature_0 <= 0.30594 AND feature_1 <= -1.25757 AND feature_1 > -1.37957 AND feature_0 <= 0.14873,"{'feature_0': (0.01355, 0.14873), 'feature_1': (-1.37957, -1.25757)}",2,0.57,15,[Online] CT,"[596, 597, 598, 810, 811, 812, 832, 894, 895, 896, 897, 898, 899, 901]",feature_6 > -0.134 AND feature_0 > -0.65442 AND feature_0 <= 1.25618 AND feature_1 <= 0.45390 AND feature_0 > -0.13792 AND feature_1 <= 0.28594 AND feature_1 <= -1.20242 AND feature_0 > 0.01355 AND feature_1 > -1.40096 AND feature_0 <= 0.60691 AND feature_1 <= -1.24021 AND feature_0 <= 0.38038 AND feature_0 <= 0.30594 AND feature_1 <= -1.25757 AND feature_1 > -1.37957 AND feature_0 <= 0.14873,0.312,0.316,Random,[Online] CT Random,0.0,0.33,0.33,1754,64,0.0,5,0.25799999999999995,0.0040000000000000036,100000
1533,feature_0 > -0.65442 AND feature_0 > 1.25618 AND feature_0 <= 1.80410 AND feature_1 <= 1.65486 AND feature_1 <= -0.56042 AND feature_1 > -1.27613 AND feature_0 <= 1.35445 AND feature_0 <= 1.33830 AND feature_1 > -0.95579,"{'feature_0': (1.25618, 1.3383), 'feature_1': (-0.95579, -0.56042)}",2,0.84,9,[Online] CT,"[596, 1502, 1503, 1504, 1505, 1529, 1530, 1531]",feature_6 > -0.134 AND feature_0 > -0.65442 AND feature_0 > 1.25618 AND feature_0 <= 1.80410 AND feature_1 <= 1.65486 AND feature_1 <= -0.56042 AND feature_1 > -1.27613 AND feature_0 <= 1.35445 AND feature_0 <= 1.33830 AND feature_1 > -0.95579,1.687,1.684,Random,[Online] CT Random,0.0,0.33,0.33,1754,72,0.0,5,0.8470000000000001,0.0030000000000001137,100000
1567,feature_0 > -0.65442 AND feature_0 > 1.25618 AND feature_0 <= 1.80410 AND feature_1 <= 1.65486 AND feature_1 > -0.56042 AND feature_0 > 1.26097 AND feature_1 <= 0.12138,"{'feature_0': (1.26097, 1.8041), 'feature_1': (-0.56042, 0.12138)}",2,2.149,7,[Online] CT,"[596, 1502, 1503, 1504, 1564, 1566]",feature_6 > -0.134 AND feature_0 > -0.65442 AND feature_0 > 1.25618 AND feature_0 <= 1.80410 AND feature_1 <= 1.65486 AND feature_1 > -0.56042 AND feature_0 > 1.26097 AND feature_1 <= 0.12138,2.099,2.101,Random,[Online] CT Random,0.0,0.33,0.33,1754,980,0.0,5,0.04999999999999982,0.0019999999999997797,100000
275,feature_0 <= -0.65442 AND feature_0 <= -0.83205 AND feature_0 > -1.87749 AND feature_1 <= 2.74025 AND feature_1 <= 0.68880 AND feature_0 > -1.62639 AND feature_0 > -1.02570 AND feature_0 <= -0.84156 AND feature_1 <= -0.07003 AND feature_1 > -2.18960 AND feature_1 > -1.13277 AND feature_1 > -0.95904 AND feature_1 > -0.62759 AND feature_0 <= -0.85689,"{'feature_0': (-1.0257, -0.85689), 'feature_1': (-0.62759, -0.07003)}",2,0.882,14,[Online] CT,"[1, 2, 96, 97, 98, 152, 244, 245, 246, 248, 262, 266, 274]",feature_6 > -0.134 AND feature_0 <= -0.65442 AND feature_0 <= -0.83205 AND feature_0 > -1.87749 AND feature_1 <= 2.74025 AND feature_1 <= 0.68880 AND feature_0 > -1.62639 AND feature_0 > -1.02570 AND feature_0 <= -0.84156 AND feature_1 <= -0.07003 AND feature_1 > -2.18960 AND feature_1 > -1.13277 AND feature_1 > -0.95904 AND feature_1 > -0.62759 AND feature_0 <= -0.85689,0.397,0.401,Random,[Online] CT Random,0.0,0.33,0.33,1754,478,0.0,5,0.485,0.0040000000000000036,100000
827,feature_0 > -0.65442 AND feature_0 <= 1.25618 AND feature_1 <= 0.45390 AND feature_0 > -0.13792 AND feature_1 <= 0.28594 AND feature_1 <= -1.20242 AND feature_0 <= 0.01355 AND feature_0 <= -0.01059 AND feature_1 > -2.04555 AND feature_0 > -0.07662 AND feature_0 > -0.06697 AND feature_0 <= -0.03210,"{'feature_0': (-0.06697, -0.0321), 'feature_1': (-2.04555, -1.20242)}",2,0.148,12,[Online] CT,"[596, 597, 598, 810, 811, 812, 813, 814, 816, 824, 826]",feature_6 > -0.134 AND feature_0 > -0.65442 AND feature_0 <= 1.25618 AND feature_1 <= 0.45390 AND feature_0 > -0.13792 AND feature_1 <= 0.28594 AND feature_1 <= -1.20242 AND feature_0 <= 0.01355 AND feature_0 <= -0.01059 AND feature_1 > -2.04555 AND feature_0 > -0.07662 AND feature_0 > -0.06697 AND feature_0 <= -0.03210,0.153,0.152,Random,[Online] CT Random,0.0,0.33,0.33,1754,54,0.0,5,0.0050000000000000044,0.0010000000000000009,100000
2056,feature_0 > -0.59128 AND feature_1 <= 1.10196 AND feature_0 > 0.78698 AND feature_0 > 1.57000 AND feature_0 <= 2.27817 AND feature_1 > 0.43640 AND feature_0 > 1.86750 AND feature_1 <= 0.68796 AND feature_0 <= 1.90737,"{'feature_0': (1.8675, 1.90737), 'feature_1': (0.4364, 0.68796)}",2,7.283,9,[Online] CT,"[976, 977, 1619, 1947, 1948, 2026, 2054, 2055]",feature_1 <= 1.258 AND feature_0 > -0.59128 AND feature_1 <= 1.10196 AND feature_0 > 0.78698 AND feature_0 > 1.57000 AND feature_0 <= 2.27817 AND feature_1 > 0.43640 AND feature_0 > 1.86750 AND feature_1 <= 0.68796 AND feature_0 <= 1.90737,2.897,2.897,OptRes,[Online] CT OptRes,0.001,0.55,0.551,2228,26,0.0,5,4.386000000000001,0.0,100000
2217,feature_0 > -0.59128 AND feature_1 > 1.10196 AND feature_1 > 1.14222 AND feature_1 <= 1.24877 AND feature_0 > 0.09927 AND feature_0 > 1.32672 AND feature_1 <= 1.17754 AND feature_0 <= 1.56668,"{'feature_0': (1.32672, 1.56668), 'feature_1': (1.14222, 1.17754)}",2,6.845,8,[Online] CT,"[976, 2114, 2146, 2147, 2175, 2215, 2216]",feature_1 <= 1.258 AND feature_0 > -0.59128 AND feature_1 > 1.10196 AND feature_1 > 1.14222 AND feature_1 <= 1.24877 AND feature_0 > 0.09927 AND feature_0 > 1.32672 AND feature_1 <= 1.17754 AND feature_0 <= 1.56668,2.882,2.882,OptRes,[Online] CT OptRes,0.001,0.55,0.551,2228,28,0.0,5,3.9629999999999996,0.0,100000
16,feature_0 <= -0.59128 AND feature_0 <= -0.83308 AND feature_1 <= 0.35630 AND feature_1 > -2.40871 AND feature_0 <= -2.22749 AND feature_1 <= -0.47955 AND feature_1 <= -0.56037 AND feature_0 <= -2.69424 AND feature_0 <= -3.05471,"{'feature_0': (-4.695, -3.05471), 'feature_1': (-2.40871, -0.56037)}",2,6.322,9,[Online] CT,"[1, 2, 3, 11, 12, 13, 14, 15]",feature_1 <= 1.258 AND feature_0 <= -0.59128 AND feature_0 <= -0.83308 AND feature_1 <= 0.35630 AND feature_1 > -2.40871 AND feature_0 <= -2.22749 AND feature_1 <= -0.47955 AND feature_1 <= -0.56037 AND feature_0 <= -2.69424 AND feature_0 <= -3.05471,3.076,3.076,OptRes,[Online] CT OptRes,0.001,0.55,0.551,2228,22,0.0,5,3.246,0.0,100000
2006,feature_0 > -0.59128 AND feature_1 <= 1.10196 AND feature_0 > 0.78698 AND feature_0 > 1.57000 AND feature_0 <= 2.27817 AND feature_1 <= 0.43640 AND feature_1 > -1.90011 AND feature_0 <= 2.26751 AND feature_1 > -0.49915 AND feature_0 <= 2.10288 AND feature_0 > 1.58201 AND feature_1 > -0.48660 AND feature_0 <= 1.62229 AND feature_1 > 0.32302,"{'feature_0': (1.58201, 1.62229), 'feature_1': (0.32302, 0.4364)}",2,6.121,14,[Online] CT,"[976, 977, 1619, 1947, 1948, 1949, 1955, 1956, 1996, 1997, 1999, 2001, 2002]",feature_1 <= 1.258 AND feature_0 > -0.59128 AND feature_1 <= 1.10196 AND feature_0 > 0.78698 AND feature_0 > 1.57000 AND feature_0 <= 2.27817 AND feature_1 <= 0.43640 AND feature_1 > -1.90011 AND feature_0 <= 2.26751 AND feature_1 > -0.49915 AND feature_0 <= 2.10288 AND feature_0 > 1.58201 AND feature_1 > -0.48660 AND feature_0 <= 1.62229 AND feature_1 > 0.32302,2.504,2.504,OptRes,[Online] CT OptRes,0.001,0.55,0.551,2228,22,0.0,5,3.6170000000000004,0.0,100000
33,feature_0 <= -0.59128 AND feature_0 <= -0.83308 AND feature_1 <= 0.35630 AND feature_1 > -2.40871 AND feature_0 <= -2.22749 AND feature_1 <= -0.47955 AND feature_1 > -0.56037,"{'feature_0': (-4.695, -2.22749), 'feature_1': (-0.56037, -0.47955)}",2,5.937,7,[Online] CT,"[1, 2, 3, 11, 12, 13]",feature_1 <= 1.258 AND feature_0 <= -0.59128 AND feature_0 <= -0.83308 AND feature_1 <= 0.35630 AND feature_1 > -2.40871 AND feature_0 <= -2.22749 AND feature_1 <= -0.47955 AND feature_1 > -0.56037,2.148,2.148,OptRes,[Online] CT OptRes,0.001,0.55,0.551,2228,38,0.0,5,3.789,0.0,100000
2217,feature_0 > -0.59128 AND feature_1 > 1.10196 AND feature_1 > 1.14222 AND feature_1 <= 1.24877 AND feature_0 > 0.09927 AND feature_0 > 1.32672 AND feature_1 <= 1.17754 AND feature_0 <= 1.56668,"{'feature_0': (1.32672, 1.56668), 'feature_1': (1.14222, 1.17754)}",2,6.845,8,[Online] CT,"[976, 2114, 2146, 2147, 2175, 2215, 2216]",feature_1 <= 1.258 AND feature_0 > -0.59128 AND feature_1 > 1.10196 AND feature_1 > 1.14222 AND feature_1 <= 1.24877 AND feature_0 > 0.09927 AND feature_0 > 1.32672 AND feature_1 <= 1.17754 AND feature_0 <= 1.56668,2.882,2.882,ResOve,[Online] CT ResOve,0.139,0.55,0.6890000000000001,2228,28,0.0,5,3.9629999999999996,0.0,100000
2006,feature_0 > -0.59128 AND feature_1 <= 1.10196 AND feature_0 > 0.78698 AND feature_0 > 1.57000 AND feature_0 <= 2.27817 AND feature_1 <= 0.43640 AND feature_1 > -1.90011 AND feature_0 <= 2.26751 AND feature_1 > -0.49915 AND feature_0 <= 2.10288 AND feature_0 > 1.58201 AND feature_1 > -0.48660 AND feature_0 <= 1.62229 AND feature_1 > 0.32302,"{'feature_0': (1.58201, 1.62229), 'feature_1': (0.32302, 0.4364)}",2,6.121,14,[Online] CT,"[976, 977, 1619, 1947, 1948, 1949, 1955, 1956, 1996, 1997, 1999, 2001, 2002]",feature_1 <= 1.258 AND feature_0 > -0.59128 AND feature_1 <= 1.10196 AND feature_0 > 0.78698 AND feature_0 > 1.57000 AND feature_0 <= 2.27817 AND feature_1 <= 0.43640 AND feature_1 > -1.90011 AND feature_0 <= 2.26751 AND feature_1 > -0.49915 AND feature_0 <= 2.10288 AND feature_0 > 1.58201 AND feature_1 > -0.48660 AND feature_0 <= 1.62229 AND feature_1 > 0.32302,2.504,2.504,ResOve,[Online] CT ResOve,0.139,0.55,0.6890000000000001,2228,22,0.0,5,3.6170000000000004,0.0,100000
33,feature_0 <= -0.59128 AND feature_0 <= -0.83308 AND feature_1 <= 0.35630 AND feature_1 > -2.40871 AND feature_0 <= -2.22749 AND feature_1 <= -0.47955 AND feature_1 > -0.56037,"{'feature_0': (-4.695, -2.22749), 'feature_1': (-0.56037, -0.47955)}",2,5.937,7,[Online] CT,"[1, 2, 3, 11, 12, 13]",feature_1 <= 1.258 AND feature_0 <= -0.59128 AND feature_0 <= -0.83308 AND feature_1 <= 0.35630 AND feature_1 > -2.40871 AND feature_0 <= -2.22749 AND feature_1 <= -0.47955 AND feature_1 > -0.56037,2.148,2.148,ResOve,[Online] CT ResOve,0.139,0.55,0.6890000000000001,2228,38,0.0,5,3.789,0.0,100000
16,feature_0 <= -0.59128 AND feature_0 <= -0.83308 AND feature_1 <= 0.35630 AND feature_1 > -2.40871 AND feature_0 <= -2.22749 AND feature_1 <= -0.47955 AND feature_1 <= -0.56037 AND feature_0 <= -2.69424 AND feature_0 <= -3.05471,"{'feature_0': (-4.695, -3.05471), 'feature_1': (-2.40871, -0.56037)}",2,6.322,9,[Online] CT,"[1, 2, 3, 11, 12, 13, 14, 15]",feature_1 <= 1.258 AND feature_0 <= -0.59128 AND feature_0 <= -0.83308 AND feature_1 <= 0.35630 AND feature_1 > -2.40871 AND feature_0 <= -2.22749 AND feature_1 <= -0.47955 AND feature_1 <= -0.56037 AND feature_0 <= -2.69424 AND feature_0 <= -3.05471,3.076,3.076,ResOve,[Online] CT ResOve,0.139,0.55,0.6890000000000001,2228,22,0.0,5,3.246,0.0,100000
25,feature_0 <= -0.59128 AND feature_0 <= -0.83308 AND feature_1 <= 0.35630 AND feature_1 > -2.40871 AND feature_0 <= -2.22749 AND feature_1 <= -0.47955 AND feature_1 <= -0.56037 AND feature_0 > -2.69424 AND feature_1 <= -0.68501 AND feature_0 > -2.59943 AND feature_1 <= -1.13216 AND feature_1 > -1.80027 AND feature_1 <= -1.39082,"{'feature_0': (-2.59943, -2.22749), 'feature_1': (-1.80027, -1.39082)}",2,5.267,13,[Online] CT,"[1, 2, 3, 11, 12, 13, 14, 18, 19, 21, 22, 24]",feature_1 <= 1.258 AND feature_0 <= -0.59128 AND feature_0 <= -0.83308 AND feature_1 <= 0.35630 AND feature_1 > -2.40871 AND feature_0 <= -2.22749 AND feature_1 <= -0.47955 AND feature_1 <= -0.56037 AND feature_0 > -2.69424 AND feature_1 <= -0.68501 AND feature_0 > -2.59943 AND feature_1 <= -1.13216 AND feature_1 > -1.80027 AND feature_1 <= -1.39082,2.182,2.182,ResOve,[Online] CT ResOve,0.139,0.55,0.6890000000000001,2228,33,0.0,5,3.0850000000000004,0.0,100000
2056,feature_0 > -0.59128 AND feature_1 <= 1.10196 AND feature_0 > 0.78698 AND feature_0 > 1.57000 AND feature_0 <= 2.27817 AND feature_1 > 0.43640 AND feature_0 > 1.86750 AND feature_1 <= 0.68796 AND feature_0 <= 1.90737,"{'feature_0': (1.8675, 1.90737), 'feature_1': (0.4364, 0.68796)}",2,7.283,9,[Online] CT,"[976, 977, 1619, 1947, 1948, 2026, 2054, 2055]",feature_1 <= 1.258 AND feature_0 > -0.59128 AND feature_1 <= 1.10196 AND feature_0 > 0.78698 AND feature_0 > 1.57000 AND feature_0 <= 2.27817 AND feature_1 > 0.43640 AND feature_0 > 1.86750 AND feature_1 <= 0.68796 AND feature_0 <= 1.90737,2.897,2.897,NoOve,[Online] CT NoOve,0.001,0.55,0.551,2228,26,0.0,5,4.386000000000001,0.0,100000
16,feature_0 <= -0.59128 AND feature_0 <= -0.83308 AND feature_1 <= 0.35630 AND feature_1 > -2.40871 AND feature_0 <= -2.22749 AND feature_1 <= -0.47955 AND feature_1 <= -0.56037 AND feature_0 <= -2.69424 AND feature_0 <= -3.05471,"{'feature_0': (-4.695, -3.05471), 'feature_1': (-2.40871, -0.56037)}",2,6.322,9,[Online] CT,"[1, 2, 3, 11, 12, 13, 14, 15]",feature_1 <= 1.258 AND feature_0 <= -0.59128 AND feature_0 <= -0.83308 AND feature_1 <= 0.35630 AND feature_1 > -2.40871 AND feature_0 <= -2.22749 AND feature_1 <= -0.47955 AND feature_1 <= -0.56037 AND feature_0 <= -2.69424 AND feature_0 <= -3.05471,3.076,3.076,NoOve,[Online] CT NoOve,0.001,0.55,0.551,2228,22,0.0,5,3.246,0.0,100000
2127,feature_0 > -0.59128 AND feature_1 > 1.10196 AND feature_1 <= 1.14222 AND feature_0 <= 0.90527 AND feature_1 <= 1.13389 AND feature_1 <= 1.12069 AND feature_1 <= 1.11781 AND feature_1 > 1.10755 AND feature_0 > 0.48536,"{'feature_0': (0.48536, 0.90527), 'feature_1': (1.10755, 1.11781)}",2,5.157,9,[Online] CT,"[976, 2114, 2115, 2116, 2117, 2118, 2119, 2123]",feature_1 <= 1.258 AND feature_0 > -0.59128 AND feature_1 > 1.10196 AND feature_1 <= 1.14222 AND feature_0 <= 0.90527 AND feature_1 <= 1.13389 AND feature_1 <= 1.12069 AND feature_1 <= 1.11781 AND feature_1 > 1.10755 AND feature_0 > 0.48536,2.106,2.106,NoOve,[Online] CT NoOve,0.001,0.55,0.551,2228,25,0.0,5,3.051,0.0,100000
1953,feature_0 > -0.59128 AND feature_1 <= 1.10196 AND feature_0 > 0.78698 AND feature_0 > 1.57000 AND feature_0 <= 2.27817 AND feature_1 <= 0.43640 AND feature_1 <= -1.90011 AND feature_0 > 1.79303 AND feature_1 <= -2.07706,"{'feature_0': (1.79303, 2.27817), 'feature_1': (-4.202, -2.07706)}",2,4.9,9,[Online] CT,"[976, 977, 1619, 1947, 1948, 1949, 1950, 1952]",feature_1 <= 1.258 AND feature_0 > -0.59128 AND feature_1 <= 1.10196 AND feature_0 > 0.78698 AND feature_0 > 1.57000 AND feature_0 <= 2.27817 AND feature_1 <= 0.43640 AND feature_1 <= -1.90011 AND feature_0 > 1.79303 AND feature_1 <= -2.07706,2.061,2.061,NoOve,[Online] CT NoOve,0.001,0.55,0.551,2228,45,0.0,5,2.8390000000000004,0.0,100000
2158,feature_0 > -0.59128 AND feature_1 > 1.10196 AND feature_1 > 1.14222 AND feature_1 <= 1.24877 AND feature_0 <= 0.09927 AND feature_0 > -0.38927 AND feature_0 <= -0.21339 AND feature_1 > 1.17516 AND feature_0 <= -0.33536,"{'feature_0': (-0.38927, -0.33536), 'feature_1': (1.17516, 1.24877)}",2,4.378,9,[Online] CT,"[976, 2114, 2146, 2147, 2148, 2154, 2155, 2157]",feature_1 <= 1.258 AND feature_0 > -0.59128 AND feature_1 > 1.10196 AND feature_1 > 1.14222 AND feature_1 <= 1.24877 AND feature_0 <= 0.09927 AND feature_0 > -0.38927 AND feature_0 <= -0.21339 AND feature_1 > 1.17516 AND feature_0 <= -0.33536,1.112,1.112,NoOve,[Online] CT NoOve,0.001,0.55,0.551,2228,28,0.0,5,3.266,0.0,100000
1113,feature_0 > -0.59128 AND feature_1 <= 1.10196 AND feature_0 <= 0.78698 AND feature_1 <= -0.03363 AND feature_0 <= -0.08735 AND feature_1 > -0.30158 AND feature_0 <= -0.34099 AND feature_1 <= -0.05746 AND feature_1 <= -0.18707 AND feature_1 > -0.19743,"{'feature_0': (-0.59128, -0.34099), 'feature_1': (-0.19743, -0.18707)}",2,2.221,10,[Online] CT,"[976, 977, 978, 979, 980, 1094, 1095, 1096, 1097]",feature_1 <= 1.258 AND feature_0 > -0.59128 AND feature_1 <= 1.10196 AND feature_0 <= 0.78698 AND feature_1 <= -0.03363 AND feature_0 <= -0.08735 AND feature_1 > -0.30158 AND feature_0 <= -0.34099 AND feature_1 <= -0.05746 AND feature_1 <= -0.18707 AND feature_1 > -0.19743,0.139,0.139,Random,[Online] CT Random,0.0,0.55,0.55,2228,26,0.0,5,2.082,0.0,100000
727,feature_0 <= -0.59128 AND feature_0 > -0.83308 AND feature_0 <= -0.69492 AND feature_0 > -0.79712 AND feature_0 <= -0.72078 AND feature_1 > -1.37718 AND feature_0 > -0.78253 AND feature_1 <= 0.01377 AND feature_0 <= -0.72270 AND feature_1 > -0.55141 AND feature_1 > -0.42476 AND feature_1 <= -0.16797 AND feature_1 <= -0.19605 AND feature_0 > -0.75118,"{'feature_0': (-0.75118, -0.7227), 'feature_1': (-0.42476, -0.19605)}",2,0.285,14,[Online] CT,"[1, 621, 622, 666, 667, 677, 699, 700, 701, 717, 721, 722, 723]",feature_1 <= 1.258 AND feature_0 <= -0.59128 AND feature_0 > -0.83308 AND feature_0 <= -0.69492 AND feature_0 > -0.79712 AND feature_0 <= -0.72078 AND feature_1 > -1.37718 AND feature_0 > -0.78253 AND feature_1 <= 0.01377 AND feature_0 <= -0.72270 AND feature_1 > -0.55141 AND feature_1 > -0.42476 AND feature_1 <= -0.16797 AND feature_1 <= -0.19605 AND feature_0 > -0.75118,0.187,0.187,Random,[Online] CT Random,0.0,0.55,0.55,2228,89,0.0,5,0.09799999999999998,0.0,100000
1318,feature_0 > -0.59128 AND feature_1 <= 1.10196 AND feature_0 <= 0.78698 AND feature_1 > -0.03363 AND feature_0 <= 0.07769 AND feature_1 <= 0.25037 AND feature_0 > -0.48055 AND feature_0 <= -0.04755 AND feature_1 <= 0.24687 AND feature_1 > -0.02301 AND feature_1 > -0.01596 AND feature_0 <= -0.29385 AND feature_1 <= 0.21877 AND feature_1 <= 0.07960 AND feature_0 <= -0.43093,"{'feature_0': (-0.48055, -0.43093), 'feature_1': (-0.01596, 0.0796)}",2,0.167,15,[Online] CT,"[976, 977, 978, 1284, 1285, 1286, 1306, 1307, 1308, 1312, 1314, 1315, 1316, 1317]",feature_1 <= 1.258 AND feature_0 > -0.59128 AND feature_1 <= 1.10196 AND feature_0 <= 0.78698 AND feature_1 > -0.03363 AND feature_0 <= 0.07769 AND feature_1 <= 0.25037 AND feature_0 > -0.48055 AND feature_0 <= -0.04755 AND feature_1 <= 0.24687 AND feature_1 > -0.02301 AND feature_1 > -0.01596 AND feature_0 <= -0.29385 AND feature_1 <= 0.21877 AND feature_1 <= 0.07960 AND feature_0 <= -0.43093,0.255,0.255,Random,[Online] CT Random,0.0,0.55,0.55,2228,66,0.0,5,0.088,0.0,100000
1218,feature_0 > -0.59128 AND feature_1 <= 1.10196 AND feature_0 <= 0.78698 AND feature_1 <= -0.03363 AND feature_0 > -0.08735 AND feature_1 > -1.22819 AND feature_0 <= 0.73056,"{'feature_0': (-0.08735, 0.73056), 'feature_1': (-1.22819, -0.03363)}",2,0.733,7,[Online] CT,"[976, 977, 978, 979, 1175, 1217]",feature_1 <= 1.258 AND feature_0 > -0.59128 AND feature_1 <= 1.10196 AND feature_0 <= 0.78698 AND feature_1 <= -0.03363 AND feature_0 > -0.08735 AND feature_1 > -1.22819 AND feature_0 <= 0.73056,0.768,0.768,Random,[Online] CT Random,0.0,0.55,0.55,2228,11446,0.0,5,0.03500000000000003,0.0,100000
241,feature_0 <= -0.59128 AND feature_0 <= -0.83308 AND feature_1 <= 0.35630 AND feature_1 > -2.40871 AND feature_0 > -2.22749 AND feature_0 <= -1.06716 AND feature_1 > -0.32157 AND feature_0 > -1.18885 AND feature_0 <= -1.09596 AND feature_0 > -1.12460 AND feature_1 > -0.10346 AND feature_0 > -1.10292,"{'feature_0': (-1.10292, -1.09596), 'feature_1': (-0.10346, 0.3563)}",2,2.552,12,[Online] CT,"[1, 2, 3, 11, 55, 56, 186, 216, 217, 233, 235]",feature_1 <= 1.258 AND feature_0 <= -0.59128 AND feature_0 <= -0.83308 AND feature_1 <= 0.35630 AND feature_1 > -2.40871 AND feature_0 > -2.22749 AND feature_0 <= -1.06716 AND feature_1 > -0.32157 AND feature_0 > -1.18885 AND feature_0 <= -1.09596 AND feature_0 > -1.12460 AND feature_1 > -0.10346 AND feature_0 > -1.10292,0.35,0.35,Random,[Online] CT Random,0.0,0.55,0.55,2228,32,0.0,5,2.202,0.0,100000
50,feature_1 <= -0.53671 AND feature_0 <= -0.16040 AND feature_0 <= -1.33754 AND feature_0 > -2.22176 AND feature_1 <= -0.64058 AND feature_0 <= -1.87997 AND feature_1 > -1.68923 AND feature_0 > -2.07215 AND feature_0 <= -1.96633 AND feature_1 > -0.84303,"{'feature_1': (-0.84303, -0.64058), 'feature_0': (-2.07215, -1.96633)}",2,6.731,10,[Online] CT,"[1, 2, 3, 27, 28, 29, 35, 43, 44]",feature_1 <= -0.488 AND feature_1 <= -0.53671 AND feature_0 <= -0.16040 AND feature_0 <= -1.33754 AND feature_0 > -2.22176 AND feature_1 <= -0.64058 AND feature_0 <= -1.87997 AND feature_1 > -1.68923 AND feature_0 > -2.07215 AND feature_0 <= -1.96633 AND feature_1 > -0.84303,1.625,1.625,OptRes,[Online] CT OptRes,0.0,0.19,0.19,846,24,0.0,5,5.106,0.0,100000
682,feature_1 <= -0.53671 AND feature_0 > -0.16040 AND feature_0 > 1.15887 AND feature_1 <= -0.54707 AND feature_0 > 1.18125 AND feature_0 > 1.21481 AND feature_1 <= -1.03868 AND feature_0 > 2.62214 AND feature_0 <= 2.79869,"{'feature_1': (-4.202, -1.03868), 'feature_0': (2.62214, 2.79869)}",2,6.545,9,[Online] CT,"[1, 345, 637, 638, 644, 658, 659, 681]",feature_1 <= -0.488 AND feature_1 <= -0.53671 AND feature_0 > -0.16040 AND feature_0 > 1.15887 AND feature_1 <= -0.54707 AND feature_0 > 1.18125 AND feature_0 > 1.21481 AND feature_1 <= -1.03868 AND feature_0 > 2.62214 AND feature_0 <= 2.79869,2.901,2.901,OptRes,[Online] CT OptRes,0.0,0.19,0.19,846,23,0.0,5,3.644,0.0,100000
7,feature_1 <= -0.53671 AND feature_0 <= -0.16040 AND feature_0 <= -1.33754 AND feature_0 <= -2.22176 AND feature_0 <= -2.71039 AND feature_0 > -2.79351,"{'feature_1': (-4.202, -0.53671), 'feature_0': (-2.79351, -2.71039)}",2,6.37,6,[Online] CT,"[1, 2, 3, 4, 5]",feature_1 <= -0.488 AND feature_1 <= -0.53671 AND feature_0 <= -0.16040 AND feature_0 <= -1.33754 AND feature_0 <= -2.22176 AND feature_0 <= -2.71039 AND feature_0 > -2.79351,2.419,2.419,OptRes,[Online] CT OptRes,0.0,0.19,0.19,846,22,0.0,5,3.951,0.0,100000
591,feature_1 <= -0.53671 AND feature_0 > -0.16040 AND feature_0 <= 1.15887 AND feature_1 > -1.90348 AND feature_0 > 0.97579 AND feature_0 <= 0.99921 AND feature_0 > 0.99372,"{'feature_1': (-1.90348, -0.53671), 'feature_0': (0.99372, 0.99921)}",2,5.775,7,[Online] CT,"[1, 345, 346, 402, 584, 585]",feature_1 <= -0.488 AND feature_1 <= -0.53671 AND feature_0 > -0.16040 AND feature_0 <= 1.15887 AND feature_1 > -1.90348 AND feature_0 > 0.97579 AND feature_0 <= 0.99921 AND feature_0 > 0.99372,1.315,1.315,OptRes,[Online] CT OptRes,0.0,0.19,0.19,846,30,0.0,5,4.460000000000001,0.0,100000
846,feature_1 > -0.53671 AND feature_0 > 0.52036 AND feature_1 > -0.51992 AND feature_0 > 0.99232 AND feature_0 > 1.37561 AND feature_0 > 2.15204,"{'feature_1': (-0.51992, 4.438), 'feature_0': (2.15204, 4.577)}",2,5.716,6,[Online] CT,"[752, 820, 830, 836, 840]",feature_1 <= -0.488 AND feature_1 > -0.53671 AND feature_0 > 0.52036 AND feature_1 > -0.51992 AND feature_0 > 0.99232 AND feature_0 > 1.37561 AND feature_0 > 2.15204,3.529,2.886,OptRes,[Online] CT OptRes,0.0,0.19,0.19,846,21,0.0,5,2.1870000000000003,0.6429999999999998,100000
682,feature_1 <= -0.53671 AND feature_0 > -0.16040 AND feature_0 > 1.15887 AND feature_1 <= -0.54707 AND feature_0 > 1.18125 AND feature_0 > 1.21481 AND feature_1 <= -1.03868 AND feature_0 > 2.62214 AND feature_0 <= 2.79869,"{'feature_1': (-4.202, -1.03868), 'feature_0': (2.62214, 2.79869)}",2,6.545,9,[Online] CT,"[1, 345, 637, 638, 644, 658, 659, 681]",feature_1 <= -0.488 AND feature_1 <= -0.53671 AND feature_0 > -0.16040 AND feature_0 > 1.15887 AND feature_1 <= -0.54707 AND feature_0 > 1.18125 AND feature_0 > 1.21481 AND feature_1 <= -1.03868 AND feature_0 > 2.62214 AND feature_0 <= 2.79869,2.901,2.901,ResOve,[Online] CT ResOve,0.094,0.19,0.28400000000000003,846,23,0.0,5,3.644,0.0,100000
591,feature_1 <= -0.53671 AND feature_0 > -0.16040 AND feature_0 <= 1.15887 AND feature_1 > -1.90348 AND feature_0 > 0.97579 AND feature_0 <= 0.99921 AND feature_0 > 0.99372,"{'feature_1': (-1.90348, -0.53671), 'feature_0': (0.99372, 0.99921)}",2,5.775,7,[Online] CT,"[1, 345, 346, 402, 584, 585]",feature_1 <= -0.488 AND feature_1 <= -0.53671 AND feature_0 > -0.16040 AND feature_0 <= 1.15887 AND feature_1 > -1.90348 AND feature_0 > 0.97579 AND feature_0 <= 0.99921 AND feature_0 > 0.99372,1.315,1.315,ResOve,[Online] CT ResOve,0.094,0.19,0.28400000000000003,846,30,0.0,5,4.460000000000001,0.0,100000
50,feature_1 <= -0.53671 AND feature_0 <= -0.16040 AND feature_0 <= -1.33754 AND feature_0 > -2.22176 AND feature_1 <= -0.64058 AND feature_0 <= -1.87997 AND feature_1 > -1.68923 AND feature_0 > -2.07215 AND feature_0 <= -1.96633 AND feature_1 > -0.84303,"{'feature_1': (-0.84303, -0.64058), 'feature_0': (-2.07215, -1.96633)}",2,6.731,10,[Online] CT,"[1, 2, 3, 27, 28, 29, 35, 43, 44]",feature_1 <= -0.488 AND feature_1 <= -0.53671 AND feature_0 <= -0.16040 AND feature_0 <= -1.33754 AND feature_0 > -2.22176 AND feature_1 <= -0.64058 AND feature_0 <= -1.87997 AND feature_1 > -1.68923 AND feature_0 > -2.07215 AND feature_0 <= -1.96633 AND feature_1 > -0.84303,1.625,1.625,ResOve,[Online] CT ResOve,0.094,0.19,0.28400000000000003,846,24,0.0,5,5.106,0.0,100000
7,feature_1 <= -0.53671 AND feature_0 <= -0.16040 AND feature_0 <= -1.33754 AND feature_0 <= -2.22176 AND feature_0 <= -2.71039 AND feature_0 > -2.79351,"{'feature_1': (-4.202, -0.53671), 'feature_0': (-2.79351, -2.71039)}",2,6.37,6,[Online] CT,"[1, 2, 3, 4, 5]",feature_1 <= -0.488 AND feature_1 <= -0.53671 AND feature_0 <= -0.16040 AND feature_0 <= -1.33754 AND feature_0 <= -2.22176 AND feature_0 <= -2.71039 AND feature_0 > -2.79351,2.419,2.419,ResOve,[Online] CT ResOve,0.094,0.19,0.28400000000000003,846,22,0.0,5,3.951,0.0,100000
846,feature_1 > -0.53671 AND feature_0 > 0.52036 AND feature_1 > -0.51992 AND feature_0 > 0.99232 AND feature_0 > 1.37561 AND feature_0 > 2.15204,"{'feature_1': (-0.51992, 4.438), 'feature_0': (2.15204, 4.577)}",2,5.716,6,[Online] CT,"[752, 820, 830, 836, 840]",feature_1 <= -0.488 AND feature_1 > -0.53671 AND feature_0 > 0.52036 AND feature_1 > -0.51992 AND feature_0 > 0.99232 AND feature_0 > 1.37561 AND feature_0 > 2.15204,3.529,2.886,ResOve,[Online] CT ResOve,0.094,0.19,0.28400000000000003,846,21,0.0,5,2.1870000000000003,0.6429999999999998,100000
7,feature_1 <= -0.53671 AND feature_0 <= -0.16040 AND feature_0 <= -1.33754 AND feature_0 <= -2.22176 AND feature_0 <= -2.71039 AND feature_0 > -2.79351,"{'feature_1': (-4.202, -0.53671), 'feature_0': (-2.79351, -2.71039)}",2,6.37,6,[Online] CT,"[1, 2, 3, 4, 5]",feature_1 <= -0.488 AND feature_1 <= -0.53671 AND feature_0 <= -0.16040 AND feature_0 <= -1.33754 AND feature_0 <= -2.22176 AND feature_0 <= -2.71039 AND feature_0 > -2.79351,2.419,2.419,NoOve,[Online] CT NoOve,0.0,0.19,0.19,846,22,0.0,5,3.951,0.0,100000
846,feature_1 > -0.53671 AND feature_0 > 0.52036 AND feature_1 > -0.51992 AND feature_0 > 0.99232 AND feature_0 > 1.37561 AND feature_0 > 2.15204,"{'feature_1': (-0.51992, 4.438), 'feature_0': (2.15204, 4.577)}",2,5.716,6,[Online] CT,"[752, 820, 830, 836, 840]",feature_1 <= -0.488 AND feature_1 > -0.53671 AND feature_0 > 0.52036 AND feature_1 > -0.51992 AND feature_0 > 0.99232 AND feature_0 > 1.37561 AND feature_0 > 2.15204,3.529,2.886,NoOve,[Online] CT NoOve,0.0,0.19,0.19,846,21,0.0,5,2.1870000000000003,0.6429999999999998,100000
6,feature_1 <= -0.53671 AND feature_0 <= -0.16040 AND feature_0 <= -1.33754 AND feature_0 <= -2.22176 AND feature_0 <= -2.71039 AND feature_0 <= -2.79351,"{'feature_1': (-4.202, -0.53671), 'feature_0': (-4.695, -2.79351)}",2,5.174,6,[Online] CT,"[1, 2, 3, 4, 5]",feature_1 <= -0.488 AND feature_1 <= -0.53671 AND feature_0 <= -0.16040 AND feature_0 <= -1.33754 AND feature_0 <= -2.22176 AND feature_0 <= -2.71039 AND feature_0 <= -2.79351,2.775,2.775,NoOve,[Online] CT NoOve,0.0,0.19,0.19,846,56,0.0,5,2.3990000000000005,0.0,100000
838,feature_1 > -0.53671 AND feature_0 > 0.52036 AND feature_1 > -0.51992 AND feature_0 > 0.99232 AND feature_0 <= 1.37561 AND feature_1 <= -0.51319,"{'feature_1': (-0.51992, -0.51319), 'feature_0': (0.99232, 1.37561)}",2,4.428,6,[Online] CT,"[752, 820, 830, 836, 837]",feature_1 <= -0.488 AND feature_1 > -0.53671 AND feature_0 > 0.52036 AND feature_1 > -0.51992 AND feature_0 > 0.99232 AND feature_0 <= 1.37561 AND feature_1 <= -0.51319,1.658,1.658,NoOve,[Online] CT NoOve,0.0,0.19,0.19,846,20,0.0,5,2.77,0.0,100000
757,feature_1 > -0.53671 AND feature_0 <= 0.52036 AND feature_0 <= -0.98484 AND feature_0 <= -1.13686 AND feature_0 <= -1.77793 AND feature_1 <= -0.50527,"{'feature_1': (-0.53671, -0.50527), 'feature_0': (-4.695, -1.77793)}",2,4.207,6,[Online] CT,"[752, 753, 754, 755, 756]",feature_1 <= -0.488 AND feature_1 > -0.53671 AND feature_0 <= 0.52036 AND feature_0 <= -0.98484 AND feature_0 <= -1.13686 AND feature_0 <= -1.77793 AND feature_1 <= -0.50527,1.695,1.695,NoOve,[Online] CT NoOve,0.0,0.19,0.19,846,40,0.0,5,2.5119999999999996,0.0,100000
483,feature_1 <= -0.53671 AND feature_0 > -0.16040 AND feature_0 <= 1.15887 AND feature_1 > -1.90348 AND feature_0 <= 0.97579 AND feature_1 > -1.40509 AND feature_0 <= 0.48210 AND feature_1 <= -1.24342 AND feature_1 <= -1.25253 AND feature_0 <= -0.10028,"{'feature_1': (-1.40509, -1.25253), 'feature_0': (-0.1604, -0.10028)}",2,1.322,10,[Online] CT,"[1, 345, 346, 402, 403, 479, 480, 481, 482]",feature_1 <= -0.488 AND feature_1 <= -0.53671 AND feature_0 > -0.16040 AND feature_0 <= 1.15887 AND feature_1 > -1.90348 AND feature_0 <= 0.97579 AND feature_1 > -1.40509 AND feature_0 <= 0.48210 AND feature_1 <= -1.24342 AND feature_1 <= -1.25253 AND feature_0 <= -0.10028,0.105,0.105,Random,[Online] CT Random,0.0,0.19,0.19,846,54,0.0,5,1.217,0.0,100000
797,feature_1 > -0.53671 AND feature_0 <= 0.52036 AND feature_0 > -0.98484 AND feature_0 > -0.25779 AND feature_1 <= -0.49393 AND feature_1 <= -0.49681 AND feature_1 <= -0.50271 AND feature_1 <= -0.50677 AND feature_1 <= -0.51241 AND feature_0 > -0.18682 AND feature_1 <= -0.52097,"{'feature_1': (-0.53671, -0.52097), 'feature_0': (-0.18682, 0.52036)}",2,0.683,11,[Online] CT,"[752, 753, 767, 789, 790, 791, 792, 793, 794, 796]",feature_1 <= -0.488 AND feature_1 > -0.53671 AND feature_0 <= 0.52036 AND feature_0 > -0.98484 AND feature_0 > -0.25779 AND feature_1 <= -0.49393 AND feature_1 <= -0.49681 AND feature_1 <= -0.50271 AND feature_1 <= -0.50677 AND feature_1 <= -0.51241 AND feature_0 > -0.18682 AND feature_1 <= -0.52097,0.642,0.642,Random,[Online] CT Random,0.0,0.19,0.19,846,147,0.0,5,0.041000000000000036,0.0,100000
255,feature_1 <= -0.53671 AND feature_0 <= -0.16040 AND feature_0 > -1.33754 AND feature_1 > -2.40458 AND feature_0 > -0.82786 AND feature_1 <= -0.58289 AND feature_1 <= -1.74768 AND feature_1 <= -1.77622 AND feature_1 <= -1.78852 AND feature_0 <= -0.28351 AND feature_0 <= -0.37401 AND feature_1 > -2.30317 AND feature_0 <= -0.50240,"{'feature_1': (-2.30317, -1.78852), 'feature_0': (-0.82786, -0.5024)}",2,0.31,13,[Online] CT,"[1, 2, 144, 162, 246, 247, 248, 249, 250, 251, 252, 254]",feature_1 <= -0.488 AND feature_1 <= -0.53671 AND feature_0 <= -0.16040 AND feature_0 > -1.33754 AND feature_1 > -2.40458 AND feature_0 > -0.82786 AND feature_1 <= -0.58289 AND feature_1 <= -1.74768 AND feature_1 <= -1.77622 AND feature_1 <= -1.78852 AND feature_0 <= -0.28351 AND feature_0 <= -0.37401 AND feature_1 > -2.30317 AND feature_0 <= -0.50240,0.524,0.524,Random,[Online] CT Random,0.0,0.19,0.19,846,288,0.0,5,0.21400000000000002,0.0,100000
516,feature_1 <= -0.53671 AND feature_0 > -0.16040 AND feature_0 <= 1.15887 AND feature_1 > -1.90348 AND feature_0 <= 0.97579 AND feature_1 > -1.40509 AND feature_0 <= 0.48210 AND feature_1 > -1.24342 AND feature_1 <= -0.56676 AND feature_0 <= 0.47698 AND feature_0 <= 0.18217 AND feature_1 > -1.15906 AND feature_1 > -1.13643 AND feature_1 <= -1.12426,"{'feature_1': (-1.13643, -1.12426), 'feature_0': (-0.1604, 0.18217)}",2,0.718,14,[Online] CT,"[1, 345, 346, 402, 403, 479, 480, 502, 503, 504, 505, 513, 515]",feature_1 <= -0.488 AND feature_1 <= -0.53671 AND feature_0 > -0.16040 AND feature_0 <= 1.15887 AND feature_1 > -1.90348 AND feature_0 <= 0.97579 AND feature_1 > -1.40509 AND feature_0 <= 0.48210 AND feature_1 > -1.24342 AND feature_1 <= -0.56676 AND feature_0 <= 0.47698 AND feature_0 <= 0.18217 AND feature_1 > -1.15906 AND feature_1 > -1.13643 AND feature_1 <= -1.12426,0.298,0.298,Random,[Online] CT Random,0.0,0.19,0.19,846,34,0.0,5,0.42,0.0,100000
589,feature_1 <= -0.53671 AND feature_0 > -0.16040 AND feature_0 <= 1.15887 AND feature_1 > -1.90348 AND feature_0 > 0.97579 AND feature_0 <= 0.99921 AND feature_0 <= 0.99372 AND feature_1 > -1.13494 AND feature_1 <= -0.66238,"{'feature_1': (-1.13494, -0.66238), 'feature_0': (0.97579, 0.99372)}",2,4.031,9,[Online] CT,"[1, 345, 346, 402, 584, 585, 586, 588]",feature_1 <= -0.488 AND feature_1 <= -0.53671 AND feature_0 > -0.16040 AND feature_0 <= 1.15887 AND feature_1 > -1.90348 AND feature_0 > 0.97579 AND feature_0 <= 0.99921 AND feature_0 <= 0.99372 AND feature_1 > -1.13494 AND feature_1 <= -0.66238,1.344,1.344,Random,[Online] CT Random,0.0,0.19,0.19,846,54,0.0,5,2.6869999999999994,0.0,100000
2074,feature_0 > -0.62847 AND feature_0 > 0.91580 AND feature_1 > 0.32336 AND feature_1 <= 0.77263 AND feature_0 <= 2.23002 AND feature_1 <= 0.73958 AND feature_1 <= 0.73599 AND feature_0 > 1.71474 AND feature_1 > 0.57705 AND feature_1 <= 0.65837 AND feature_1 <= 0.59612,"{'feature_0': (1.71474, 2.23002), 'feature_1': (0.57705, 0.59612)}",2,7.761,11,[Online] CT,"[790, 1750, 2024, 2025, 2026, 2027, 2028, 2058, 2072, 2073]",feature_4 > -1.17 AND feature_0 > -0.62847 AND feature_0 > 0.91580 AND feature_1 > 0.32336 AND feature_1 <= 0.77263 AND feature_0 <= 2.23002 AND feature_1 <= 0.73958 AND feature_1 <= 0.73599 AND feature_0 > 1.71474 AND feature_1 > 0.57705 AND feature_1 <= 0.65837 AND feature_1 <= 0.59612,2.964,2.965,OptRes,[Online] CT OptRes,0.001,0.53,0.531,2200,24,0.0,5,4.797000000000001,0.0009999999999998899,100000
1707,feature_0 > -0.62847 AND feature_0 <= 0.91580 AND feature_1 > 0.18101 AND feature_0 > 0.18328 AND feature_1 > 0.84452 AND feature_1 > 1.38124 AND feature_0 <= 0.82498 AND feature_0 <= 0.51750 AND feature_1 > 1.40357 AND feature_1 > 1.90812 AND feature_0 > 0.27487 AND feature_1 <= 2.62491 AND feature_0 > 0.38017 AND feature_0 <= 0.40781,"{'feature_0': (0.38017, 0.40781), 'feature_1': (1.90812, 2.62491)}",2,7.475,14,[Online] CT,"[790, 791, 1251, 1493, 1591, 1669, 1670, 1671, 1673, 1693, 1699, 1700, 1706]",feature_4 > -1.17 AND feature_0 > -0.62847 AND feature_0 <= 0.91580 AND feature_1 > 0.18101 AND feature_0 > 0.18328 AND feature_1 > 0.84452 AND feature_1 > 1.38124 AND feature_0 <= 0.82498 AND feature_0 <= 0.51750 AND feature_1 > 1.40357 AND feature_1 > 1.90812 AND feature_0 > 0.27487 AND feature_1 <= 2.62491 AND feature_0 > 0.38017 AND feature_0 <= 0.40781,2.627,2.626,OptRes,[Online] CT OptRes,0.001,0.53,0.531,2200,28,0.0,5,4.848,0.0009999999999998899,100000
1735,feature_0 > -0.62847 AND feature_0 <= 0.91580 AND feature_1 > 0.18101 AND feature_0 > 0.18328 AND feature_1 > 0.84452 AND feature_1 > 1.38124 AND feature_0 <= 0.82498 AND feature_0 > 0.51750 AND feature_1 > 2.26680 AND feature_1 <= 2.40585,"{'feature_0': (0.5175, 0.82498), 'feature_1': (2.2668, 2.40585)}",2,7.054,10,[Online] CT,"[790, 791, 1251, 1493, 1591, 1669, 1670, 1712, 1734]",feature_4 > -1.17 AND feature_0 > -0.62847 AND feature_0 <= 0.91580 AND feature_1 > 0.18101 AND feature_0 > 0.18328 AND feature_1 > 0.84452 AND feature_1 > 1.38124 AND feature_0 <= 0.82498 AND feature_0 > 0.51750 AND feature_1 > 2.26680 AND feature_1 <= 2.40585,3.1,3.103,OptRes,[Online] CT OptRes,0.001,0.53,0.531,2200,29,0.0,5,3.954,0.0030000000000001137,100000
2189,feature_0 > -0.62847 AND feature_0 > 0.91580 AND feature_1 > 0.32336 AND feature_1 > 0.77263 AND feature_0 > 1.05169 AND feature_1 > 1.67096 AND feature_1 <= 2.66657 AND feature_0 > 1.23212 AND feature_0 <= 2.38767 AND feature_0 <= 2.08415 AND feature_1 > 1.73560 AND feature_0 <= 1.66581 AND feature_0 > 1.34785 AND feature_1 <= 1.81069,"{'feature_0': (1.34785, 1.66581), 'feature_1': (1.7356, 1.81069)}",2,6.606,14,[Online] CT,"[790, 1750, 2024, 2096, 2132, 2168, 2169, 2179, 2180, 2181, 2183, 2184, 2188]",feature_4 > -1.17 AND feature_0 > -0.62847 AND feature_0 > 0.91580 AND feature_1 > 0.32336 AND feature_1 > 0.77263 AND feature_0 > 1.05169 AND feature_1 > 1.67096 AND feature_1 <= 2.66657 AND feature_0 > 1.23212 AND feature_0 <= 2.38767 AND feature_0 <= 2.08415 AND feature_1 > 1.73560 AND feature_0 <= 1.66581 AND feature_0 > 1.34785 AND feature_1 <= 1.81069,3.443,3.439,OptRes,[Online] CT OptRes,0.001,0.53,0.531,2200,21,0.0,5,3.163,0.0040000000000000036,100000
1358,feature_0 > -0.62847 AND feature_0 <= 0.91580 AND feature_1 > 0.18101 AND feature_0 <= 0.18328 AND feature_1 <= 1.58691 AND feature_0 > -0.02364 AND feature_0 > -0.01563 AND feature_1 <= 0.80671 AND feature_1 <= 0.44946 AND feature_0 <= 0.16091 AND feature_0 <= 0.13646 AND feature_1 > 0.19921 AND feature_1 <= 0.35013 AND feature_1 > 0.33968,"{'feature_0': (-0.01563, 0.13646), 'feature_1': (0.33968, 0.35013)}",2,6.259,14,[Online] CT,"[790, 791, 1251, 1252, 1253, 1343, 1347, 1348, 1349, 1350, 1351, 1353, 1354]",feature_4 > -1.17 AND feature_0 > -0.62847 AND feature_0 <= 0.91580 AND feature_1 > 0.18101 AND feature_0 <= 0.18328 AND feature_1 <= 1.58691 AND feature_0 > -0.02364 AND feature_0 > -0.01563 AND feature_1 <= 0.80671 AND feature_1 <= 0.44946 AND feature_0 <= 0.16091 AND feature_0 <= 0.13646 AND feature_1 > 0.19921 AND feature_1 <= 0.35013 AND feature_1 > 0.33968,0.953,0.955,OptRes,[Online] CT OptRes,0.001,0.53,0.531,2200,22,0.0,5,5.306,0.0020000000000000018,100000
1707,feature_0 > -0.62847 AND feature_0 <= 0.91580 AND feature_1 > 0.18101 AND feature_0 > 0.18328 AND feature_1 > 0.84452 AND feature_1 > 1.38124 AND feature_0 <= 0.82498 AND feature_0 <= 0.51750 AND feature_1 > 1.40357 AND feature_1 > 1.90812 AND feature_0 > 0.27487 AND feature_1 <= 2.62491 AND feature_0 > 0.38017 AND feature_0 <= 0.40781,"{'feature_0': (0.38017, 0.40781), 'feature_1': (1.90812, 2.62491)}",2,7.475,14,[Online] CT,"[790, 791, 1251, 1493, 1591, 1669, 1670, 1671, 1673, 1693, 1699, 1700, 1706]",feature_4 > -1.17 AND feature_0 > -0.62847 AND feature_0 <= 0.91580 AND feature_1 > 0.18101 AND feature_0 > 0.18328 AND feature_1 > 0.84452 AND feature_1 > 1.38124 AND feature_0 <= 0.82498 AND feature_0 <= 0.51750 AND feature_1 > 1.40357 AND feature_1 > 1.90812 AND feature_0 > 0.27487 AND feature_1 <= 2.62491 AND feature_0 > 0.38017 AND feature_0 <= 0.40781,2.627,2.626,ResOve,[Online] CT ResOve,0.143,0.53,0.673,2200,28,0.0,5,4.848,0.0009999999999998899,100000
1602,feature_0 > -0.62847 AND feature_0 <= 0.91580 AND feature_1 > 0.18101 AND feature_0 > 0.18328 AND feature_1 > 0.84452 AND feature_1 <= 1.38124 AND feature_1 <= 1.34517 AND feature_0 <= 0.77843 AND feature_1 <= 0.87902 AND feature_0 > 0.29798 AND feature_0 <= 0.70535 AND feature_1 > 0.85017 AND feature_1 <= 0.87167 AND feature_1 <= 0.85381,"{'feature_0': (0.29798, 0.70535), 'feature_1': (0.85017, 0.85381)}",2,5.859,14,[Online] CT,"[790, 791, 1251, 1493, 1591, 1592, 1593, 1594, 1595, 1597, 1598, 1600, 1601]",feature_4 > -1.17 AND feature_0 > -0.62847 AND feature_0 <= 0.91580 AND feature_1 > 0.18101 AND feature_0 > 0.18328 AND feature_1 > 0.84452 AND feature_1 <= 1.38124 AND feature_1 <= 1.34517 AND feature_0 <= 0.77843 AND feature_1 <= 0.87902 AND feature_0 > 0.29798 AND feature_0 <= 0.70535 AND feature_1 > 0.85017 AND feature_1 <= 0.87167 AND feature_1 <= 0.85381,1.717,1.727,ResOve,[Online] CT ResOve,0.143,0.53,0.673,2200,20,0.0,5,4.1419999999999995,0.010000000000000009,100000
2079,feature_0 > -0.62847 AND feature_0 > 0.91580 AND feature_1 > 0.32336 AND feature_1 <= 0.77263 AND feature_0 <= 2.23002 AND feature_1 <= 0.73958 AND feature_1 > 0.73599,"{'feature_0': (0.9158, 2.23002), 'feature_1': (0.73599, 0.73958)}",2,6.226,7,[Online] CT,"[790, 1750, 2024, 2025, 2026, 2027]",feature_4 > -1.17 AND feature_0 > -0.62847 AND feature_0 > 0.91580 AND feature_1 > 0.32336 AND feature_1 <= 0.77263 AND feature_0 <= 2.23002 AND feature_1 <= 0.73958 AND feature_1 > 0.73599,2.506,2.52,ResOve,[Online] CT ResOve,0.143,0.53,0.673,2200,20,0.0,5,3.72,0.014000000000000234,100000
1358,feature_0 > -0.62847 AND feature_0 <= 0.91580 AND feature_1 > 0.18101 AND feature_0 <= 0.18328 AND feature_1 <= 1.58691 AND feature_0 > -0.02364 AND feature_0 > -0.01563 AND feature_1 <= 0.80671 AND feature_1 <= 0.44946 AND feature_0 <= 0.16091 AND feature_0 <= 0.13646 AND feature_1 > 0.19921 AND feature_1 <= 0.35013 AND feature_1 > 0.33968,"{'feature_0': (-0.01563, 0.13646), 'feature_1': (0.33968, 0.35013)}",2,6.259,14,[Online] CT,"[790, 791, 1251, 1252, 1253, 1343, 1347, 1348, 1349, 1350, 1351, 1353, 1354]",feature_4 > -1.17 AND feature_0 > -0.62847 AND feature_0 <= 0.91580 AND feature_1 > 0.18101 AND feature_0 <= 0.18328 AND feature_1 <= 1.58691 AND feature_0 > -0.02364 AND feature_0 > -0.01563 AND feature_1 <= 0.80671 AND feature_1 <= 0.44946 AND feature_0 <= 0.16091 AND feature_0 <= 0.13646 AND feature_1 > 0.19921 AND feature_1 <= 0.35013 AND feature_1 > 0.33968,0.953,0.955,ResOve,[Online] CT ResOve,0.143,0.53,0.673,2200,22,0.0,5,5.306,0.0020000000000000018,100000
12,feature_0 <= -0.62847 AND feature_0 <= -0.93386 AND feature_0 <= -1.66066 AND feature_1 <= -0.29003 AND feature_1 <= -0.53928 AND feature_1 > -1.99478 AND feature_0 <= -2.65022 AND feature_1 > -0.93513,"{'feature_0': (-4.695, -2.65022), 'feature_1': (-0.93513, -0.53928)}",2,5.853,8,[Online] CT,"[1, 2, 3, 4, 5, 9, 10]",feature_4 > -1.17 AND feature_0 <= -0.62847 AND feature_0 <= -0.93386 AND feature_0 <= -1.66066 AND feature_1 <= -0.29003 AND feature_1 <= -0.53928 AND feature_1 > -1.99478 AND feature_0 <= -2.65022 AND feature_1 > -0.93513,2.525,2.537,ResOve,[Online] CT ResOve,0.143,0.53,0.673,2200,50,0.0,5,3.328,0.01200000000000001,100000
1707,feature_0 > -0.62847 AND feature_0 <= 0.91580 AND feature_1 > 0.18101 AND feature_0 > 0.18328 AND feature_1 > 0.84452 AND feature_1 > 1.38124 AND feature_0 <= 0.82498 AND feature_0 <= 0.51750 AND feature_1 > 1.40357 AND feature_1 > 1.90812 AND feature_0 > 0.27487 AND feature_1 <= 2.62491 AND feature_0 > 0.38017 AND feature_0 <= 0.40781,"{'feature_0': (0.38017, 0.40781), 'feature_1': (1.90812, 2.62491)}",2,7.475,14,[Online] CT,"[790, 791, 1251, 1493, 1591, 1669, 1670, 1671, 1673, 1693, 1699, 1700, 1706]",feature_4 > -1.17 AND feature_0 > -0.62847 AND feature_0 <= 0.91580 AND feature_1 > 0.18101 AND feature_0 > 0.18328 AND feature_1 > 0.84452 AND feature_1 > 1.38124 AND feature_0 <= 0.82498 AND feature_0 <= 0.51750 AND feature_1 > 1.40357 AND feature_1 > 1.90812 AND feature_0 > 0.27487 AND feature_1 <= 2.62491 AND feature_0 > 0.38017 AND feature_0 <= 0.40781,2.627,2.626,NoOve,[Online] CT NoOve,0.001,0.53,0.531,2200,28,0.0,5,4.848,0.0009999999999998899,100000
2189,feature_0 > -0.62847 AND feature_0 > 0.91580 AND feature_1 > 0.32336 AND feature_1 > 0.77263 AND feature_0 > 1.05169 AND feature_1 > 1.67096 AND feature_1 <= 2.66657 AND feature_0 > 1.23212 AND feature_0 <= 2.38767 AND feature_0 <= 2.08415 AND feature_1 > 1.73560 AND feature_0 <= 1.66581 AND feature_0 > 1.34785 AND feature_1 <= 1.81069,"{'feature_0': (1.34785, 1.66581), 'feature_1': (1.7356, 1.81069)}",2,6.606,14,[Online] CT,"[790, 1750, 2024, 2096, 2132, 2168, 2169, 2179, 2180, 2181, 2183, 2184, 2188]",feature_4 > -1.17 AND feature_0 > -0.62847 AND feature_0 > 0.91580 AND feature_1 > 0.32336 AND feature_1 > 0.77263 AND feature_0 > 1.05169 AND feature_1 > 1.67096 AND feature_1 <= 2.66657 AND feature_0 > 1.23212 AND feature_0 <= 2.38767 AND feature_0 <= 2.08415 AND feature_1 > 1.73560 AND feature_0 <= 1.66581 AND feature_0 > 1.34785 AND feature_1 <= 1.81069,3.443,3.439,NoOve,[Online] CT NoOve,0.001,0.53,0.531,2200,21,0.0,5,3.163,0.0040000000000000036,100000
1358,feature_0 > -0.62847 AND feature_0 <= 0.91580 AND feature_1 > 0.18101 AND feature_0 <= 0.18328 AND feature_1 <= 1.58691 AND feature_0 > -0.02364 AND feature_0 > -0.01563 AND feature_1 <= 0.80671 AND feature_1 <= 0.44946 AND feature_0 <= 0.16091 AND feature_0 <= 0.13646 AND feature_1 > 0.19921 AND feature_1 <= 0.35013 AND feature_1 > 0.33968,"{'feature_0': (-0.01563, 0.13646), 'feature_1': (0.33968, 0.35013)}",2,6.259,14,[Online] CT,"[790, 791, 1251, 1252, 1253, 1343, 1347, 1348, 1349, 1350, 1351, 1353, 1354]",feature_4 > -1.17 AND feature_0 > -0.62847 AND feature_0 <= 0.91580 AND feature_1 > 0.18101 AND feature_0 <= 0.18328 AND feature_1 <= 1.58691 AND feature_0 > -0.02364 AND feature_0 > -0.01563 AND feature_1 <= 0.80671 AND feature_1 <= 0.44946 AND feature_0 <= 0.16091 AND feature_0 <= 0.13646 AND feature_1 > 0.19921 AND feature_1 <= 0.35013 AND feature_1 > 0.33968,0.953,0.955,NoOve,[Online] CT NoOve,0.001,0.53,0.531,2200,22,0.0,5,5.306,0.0020000000000000018,100000
1602,feature_0 > -0.62847 AND feature_0 <= 0.91580 AND feature_1 > 0.18101 AND feature_0 > 0.18328 AND feature_1 > 0.84452 AND feature_1 <= 1.38124 AND feature_1 <= 1.34517 AND feature_0 <= 0.77843 AND feature_1 <= 0.87902 AND feature_0 > 0.29798 AND feature_0 <= 0.70535 AND feature_1 > 0.85017 AND feature_1 <= 0.87167 AND feature_1 <= 0.85381,"{'feature_0': (0.29798, 0.70535), 'feature_1': (0.85017, 0.85381)}",2,5.859,14,[Online] CT,"[790, 791, 1251, 1493, 1591, 1592, 1593, 1594, 1595, 1597, 1598, 1600, 1601]",feature_4 > -1.17 AND feature_0 > -0.62847 AND feature_0 <= 0.91580 AND feature_1 > 0.18101 AND feature_0 > 0.18328 AND feature_1 > 0.84452 AND feature_1 <= 1.38124 AND feature_1 <= 1.34517 AND feature_0 <= 0.77843 AND feature_1 <= 0.87902 AND feature_0 > 0.29798 AND feature_0 <= 0.70535 AND feature_1 > 0.85017 AND feature_1 <= 0.87167 AND feature_1 <= 0.85381,1.717,1.727,NoOve,[Online] CT NoOve,0.001,0.53,0.531,2200,20,0.0,5,4.1419999999999995,0.010000000000000009,100000
2197,feature_0 > -0.62847 AND feature_0 > 0.91580 AND feature_1 > 0.32336 AND feature_1 > 0.77263 AND feature_0 > 1.05169 AND feature_1 > 1.67096 AND feature_1 <= 2.66657 AND feature_0 > 1.23212 AND feature_0 <= 2.38767 AND feature_0 <= 2.08415 AND feature_1 > 1.73560 AND feature_0 > 1.66581 AND feature_1 > 1.90717 AND feature_1 > 2.20099,"{'feature_0': (1.66581, 2.08415), 'feature_1': (2.20099, 2.66657)}",2,5.494,14,[Online] CT,"[790, 1750, 2024, 2096, 2132, 2168, 2169, 2179, 2180, 2181, 2183, 2193, 2195]",feature_4 > -1.17 AND feature_0 > -0.62847 AND feature_0 > 0.91580 AND feature_1 > 0.32336 AND feature_1 > 0.77263 AND feature_0 > 1.05169 AND feature_1 > 1.67096 AND feature_1 <= 2.66657 AND feature_0 > 1.23212 AND feature_0 <= 2.38767 AND feature_0 <= 2.08415 AND feature_1 > 1.73560 AND feature_0 > 1.66581 AND feature_1 > 1.90717 AND feature_1 > 2.20099,4.353,4.348,NoOve,[Online] CT NoOve,0.001,0.53,0.531,2200,26,0.0,5,1.141,0.004999999999999893,100000
1410,feature_0 > -0.62847 AND feature_0 <= 0.91580 AND feature_1 > 0.18101 AND feature_0 <= 0.18328 AND feature_1 <= 1.58691 AND feature_0 > -0.02364 AND feature_0 > -0.01563 AND feature_1 > 0.80671 AND feature_0 > -0.00892 AND feature_0 > -0.00533 AND feature_1 > 0.83511 AND feature_1 > 0.87508 AND feature_0 <= 0.17904,"{'feature_0': (-0.00533, 0.17904), 'feature_1': (0.87508, 1.58691)}",2,1.48,13,[Online] CT,"[790, 791, 1251, 1252, 1253, 1343, 1347, 1399, 1401, 1403, 1405, 1409]",feature_4 > -1.17 AND feature_0 > -0.62847 AND feature_0 <= 0.91580 AND feature_1 > 0.18101 AND feature_0 <= 0.18328 AND feature_1 <= 1.58691 AND feature_0 > -0.02364 AND feature_0 > -0.01563 AND feature_1 > 0.80671 AND feature_0 > -0.00892 AND feature_0 > -0.00533 AND feature_1 > 0.83511 AND feature_1 > 0.87508 AND feature_0 <= 0.17904,1.545,1.544,Random,[Online] CT Random,0.0,0.53,0.53,2200,877,0.0,5,0.06499999999999995,0.0009999999999998899,100000
1144,feature_0 > -0.62847 AND feature_0 <= 0.91580 AND feature_1 <= 0.18101 AND feature_0 > -0.08732 AND feature_1 > -1.23231 AND feature_0 > 0.05850 AND feature_0 <= 0.08717 AND feature_1 > -0.69249 AND feature_1 > -0.51635 AND feature_1 > -0.38580 AND feature_1 > -0.29266 AND feature_1 > -0.19711 AND feature_1 > -0.12435 AND feature_0 <= 0.07181,"{'feature_0': (0.0585, 0.07181), 'feature_1': (-0.12435, 0.18101)}",2,0.823,14,[Online] CT,"[790, 791, 792, 960, 1050, 1124, 1125, 1133, 1135, 1137, 1139, 1141, 1143]",feature_4 > -1.17 AND feature_0 > -0.62847 AND feature_0 <= 0.91580 AND feature_1 <= 0.18101 AND feature_0 > -0.08732 AND feature_1 > -1.23231 AND feature_0 > 0.05850 AND feature_0 <= 0.08717 AND feature_1 > -0.69249 AND feature_1 > -0.51635 AND feature_1 > -0.38580 AND feature_1 > -0.29266 AND feature_1 > -0.19711 AND feature_1 > -0.12435 AND feature_0 <= 0.07181,0.767,0.765,Random,[Online] CT Random,0.0,0.53,0.53,2200,42,0.0,5,0.05599999999999994,0.0020000000000000018,100000
1807,feature_0 > -0.62847 AND feature_0 > 0.91580 AND feature_1 <= 0.32336 AND feature_0 <= 1.56206 AND feature_1 <= -0.59981 AND feature_1 > -2.03924 AND feature_1 > -2.00766 AND feature_0 <= 1.14333 AND feature_0 <= 1.13881 AND feature_0 > 1.00735 AND feature_0 > 1.01800 AND feature_0 > 1.06525 AND feature_0 > 1.07198,"{'feature_0': (1.07198, 1.13881), 'feature_1': (-2.00766, -0.59981)}",2,0.863,13,[Online] CT,"[790, 1750, 1751, 1752, 1753, 1763, 1765, 1766, 1767, 1793, 1795, 1805]",feature_4 > -1.17 AND feature_0 > -0.62847 AND feature_0 > 0.91580 AND feature_1 <= 0.32336 AND feature_0 <= 1.56206 AND feature_1 <= -0.59981 AND feature_1 > -2.03924 AND feature_1 > -2.00766 AND feature_0 <= 1.14333 AND feature_0 <= 1.13881 AND feature_0 > 1.00735 AND feature_0 > 1.01800 AND feature_0 > 1.06525 AND feature_0 > 1.07198,1.402,1.402,Random,[Online] CT Random,0.0,0.53,0.53,2200,322,0.0,5,0.5389999999999999,0.0,100000
2168,feature_0 > -0.62847 AND feature_0 > 0.91580 AND feature_1 > 0.32336 AND feature_1 > 0.77263 AND feature_0 > 1.05169 AND feature_1 > 1.67096,"{'feature_0': (1.05169, 4.577), 'feature_1': (1.67096, 4.438)}",2,3.852,6,[Online] CT,"[790, 1750, 2024, 2096, 2132]",feature_4 > -1.17 AND feature_0 > -0.62847 AND feature_0 > 0.91580 AND feature_1 > 0.32336 AND feature_1 > 0.77263 AND feature_0 > 1.05169 AND feature_1 > 1.67096,3.761,3.76,Random,[Online] CT Random,0.0,0.53,0.53,2200,592,0.0,5,0.09099999999999975,0.001000000000000334,100000
2148,feature_0 > -0.62847 AND feature_0 > 0.91580 AND feature_1 > 0.32336 AND feature_1 > 0.77263 AND feature_0 > 1.05169 AND feature_1 <= 1.67096 AND feature_0 <= 3.00397 AND feature_1 <= 1.48842 AND feature_0 > 1.05923 AND feature_1 <= 1.45905 AND feature_1 <= 1.43376 AND feature_1 <= 1.41610 AND feature_0 > 2.15953 AND feature_1 > 0.88014,"{'feature_0': (2.15953, 3.00397), 'feature_1': (0.88014, 1.4161)}",2,2.573,14,[Online] CT,"[790, 1750, 2024, 2096, 2132, 2133, 2134, 2135, 2137, 2138, 2139, 2140, 2146]",feature_4 > -1.17 AND feature_0 > -0.62847 AND feature_0 > 0.91580 AND feature_1 > 0.32336 AND feature_1 > 0.77263 AND feature_0 > 1.05169 AND feature_1 <= 1.67096 AND feature_0 <= 3.00397 AND feature_1 <= 1.48842 AND feature_0 > 1.05923 AND feature_1 <= 1.45905 AND feature_1 <= 1.43376 AND feature_1 <= 1.41610 AND feature_0 > 2.15953 AND feature_1 > 0.88014,3.851,3.847,Random,[Online] CT Random,0.0,0.53,0.53,2200,136,0.0,5,1.278,0.0040000000000000036,100000
1699,feature_0 > -0.58682 AND feature_1 <= 0.80504 AND feature_0 > 1.50541 AND feature_0 <= 3.47484 AND feature_0 <= 2.32625 AND feature_1 > 0.02886 AND feature_0 > 1.87247 AND feature_1 <= 0.68859 AND feature_1 > 0.22487 AND feature_1 <= 0.26236,"{'feature_0': (1.87247, 2.32625), 'feature_1': (0.22487, 0.26236)}",2,7.006,10,[Online] CT,"[872, 873, 1587, 1588, 1589, 1635, 1689, 1690, 1698]",feature_6 > -1.326 AND feature_0 > -0.58682 AND feature_1 <= 0.80504 AND feature_0 > 1.50541 AND feature_0 <= 3.47484 AND feature_0 <= 2.32625 AND feature_1 > 0.02886 AND feature_0 > 1.87247 AND feature_1 <= 0.68859 AND feature_1 > 0.22487 AND feature_1 <= 0.26236,2.874,2.865,OptRes,[Online] CT OptRes,0.001,0.55,0.551,2264,28,0.0,5,4.132,0.008999999999999897,100000
2260,feature_0 > -0.58682 AND feature_1 > 0.80504 AND feature_1 > 0.87606 AND feature_0 > 0.10978 AND feature_0 > 1.13583 AND feature_1 > 1.02370 AND feature_1 > 1.65257 AND feature_1 <= 2.62220 AND feature_0 <= 2.19636 AND feature_1 > 1.73560 AND feature_0 > 1.17964 AND feature_0 > 1.66581 AND feature_1 > 1.80284 AND feature_1 <= 2.22959 AND feature_1 <= 1.99055,"{'feature_0': (1.66581, 2.19636), 'feature_1': (1.80284, 1.99055)}",2,6.856,15,[Online] CT,"[872, 1756, 1820, 1978, 2180, 2202, 2238, 2239, 2240, 2244, 2246, 2256, 2258, 2259]",feature_6 > -1.326 AND feature_0 > -0.58682 AND feature_1 > 0.80504 AND feature_1 > 0.87606 AND feature_0 > 0.10978 AND feature_0 > 1.13583 AND feature_1 > 1.02370 AND feature_1 > 1.65257 AND feature_1 <= 2.62220 AND feature_0 <= 2.19636 AND feature_1 > 1.73560 AND feature_0 > 1.17964 AND feature_0 > 1.66581 AND feature_1 > 1.80284 AND feature_1 <= 2.22959 AND feature_1 <= 1.99055,3.941,3.949,OptRes,[Online] CT OptRes,0.001,0.55,0.551,2264,33,0.0,5,2.915,0.008000000000000007,100000
2084,feature_0 > -0.58682 AND feature_1 > 0.80504 AND feature_1 > 0.87606 AND feature_0 > 0.10978 AND feature_0 <= 1.13583 AND feature_1 <= 1.45860 AND feature_0 > 0.33603 AND feature_1 > 0.88707 AND feature_1 > 0.94174 AND feature_1 > 1.34048 AND feature_1 > 1.37502 AND feature_0 > 0.58989 AND feature_1 <= 1.40734 AND feature_1 <= 1.38578,"{'feature_0': (0.58989, 1.13583), 'feature_1': (1.37502, 1.38578)}",2,6.387,14,[Online] CT,"[872, 1756, 1820, 1978, 1979, 1980, 2018, 2022, 2038, 2068, 2076, 2082, 2083]",feature_6 > -1.326 AND feature_0 > -0.58682 AND feature_1 > 0.80504 AND feature_1 > 0.87606 AND feature_0 > 0.10978 AND feature_0 <= 1.13583 AND feature_1 <= 1.45860 AND feature_0 > 0.33603 AND feature_1 > 0.88707 AND feature_1 > 0.94174 AND feature_1 > 1.34048 AND feature_1 > 1.37502 AND feature_0 > 0.58989 AND feature_1 <= 1.40734 AND feature_1 <= 1.38578,2.475,2.474,OptRes,[Online] CT OptRes,0.001,0.55,0.551,2264,23,0.0,5,3.9119999999999995,0.0009999999999998899,100000
2229,feature_0 > -0.58682 AND feature_1 > 0.80504 AND feature_1 > 0.87606 AND feature_0 > 0.10978 AND feature_0 > 1.13583 AND feature_1 > 1.02370 AND feature_1 <= 1.65257 AND feature_1 <= 1.62096 AND feature_0 > 2.07151 AND feature_0 <= 2.11782,"{'feature_0': (2.07151, 2.11782), 'feature_1': (1.0237, 1.62096)}",2,6.367,10,[Online] CT,"[872, 1756, 1820, 1978, 2180, 2202, 2203, 2204, 2228]",feature_6 > -1.326 AND feature_0 > -0.58682 AND feature_1 > 0.80504 AND feature_1 > 0.87606 AND feature_0 > 0.10978 AND feature_0 > 1.13583 AND feature_1 > 1.02370 AND feature_1 <= 1.65257 AND feature_1 <= 1.62096 AND feature_0 > 2.07151 AND feature_0 <= 2.11782,3.653,3.651,OptRes,[Online] CT OptRes,0.001,0.55,0.551,2264,22,0.0,5,2.714,0.002000000000000224,100000
2066,feature_0 > -0.58682 AND feature_1 > 0.80504 AND feature_1 > 0.87606 AND feature_0 > 0.10978 AND feature_0 <= 1.13583 AND feature_1 <= 1.45860 AND feature_0 > 0.33603 AND feature_1 > 0.88707 AND feature_1 > 0.94174 AND feature_1 <= 1.34048 AND feature_0 > 0.90753 AND feature_1 > 1.22453 AND feature_1 <= 1.30177 AND feature_1 > 1.27694,"{'feature_0': (0.90753, 1.13583), 'feature_1': (1.27694, 1.30177)}",2,6.301,14,[Online] CT,"[872, 1756, 1820, 1978, 1979, 1980, 2018, 2022, 2038, 2039, 2055, 2063, 2064]",feature_6 > -1.326 AND feature_0 > -0.58682 AND feature_1 > 0.80504 AND feature_1 > 0.87606 AND feature_0 > 0.10978 AND feature_0 <= 1.13583 AND feature_1 <= 1.45860 AND feature_0 > 0.33603 AND feature_1 > 0.88707 AND feature_1 > 0.94174 AND feature_1 <= 1.34048 AND feature_0 > 0.90753 AND feature_1 > 1.22453 AND feature_1 <= 1.30177 AND feature_1 > 1.27694,2.541,2.538,OptRes,[Online] CT OptRes,0.001,0.55,0.551,2264,24,0.0,5,3.7600000000000002,0.0030000000000001137,100000
2163,feature_0 > -0.58682 AND feature_1 > 0.80504 AND feature_1 > 0.87606 AND feature_0 > 0.10978 AND feature_0 <= 1.13583 AND feature_1 > 1.45860 AND feature_1 > 1.51798 AND feature_0 <= 1.11657 AND feature_1 > 1.74723 AND feature_0 <= 1.04005 AND feature_1 <= 2.65590 AND feature_0 > 0.32673 AND feature_1 <= 1.80219 AND feature_1 > 1.78210,"{'feature_0': (0.32673, 1.04005), 'feature_1': (1.7821, 1.80219)}",2,5.948,14,[Online] CT,"[872, 1756, 1820, 1978, 1979, 2091, 2109, 2110, 2146, 2147, 2148, 2158, 2159]",feature_6 > -1.326 AND feature_0 > -0.58682 AND feature_1 > 0.80504 AND feature_1 > 0.87606 AND feature_0 > 0.10978 AND feature_0 <= 1.13583 AND feature_1 > 1.45860 AND feature_1 > 1.51798 AND feature_0 <= 1.11657 AND feature_1 > 1.74723 AND feature_0 <= 1.04005 AND feature_1 <= 2.65590 AND feature_0 > 0.32673 AND feature_1 <= 1.80219 AND feature_1 > 1.78210,2.632,2.627,ResOve,[Online] CT ResOve,0.139,0.55,0.6890000000000001,2264,28,0.0,5,3.3160000000000003,0.0050000000000003375,100000
2084,feature_0 > -0.58682 AND feature_1 > 0.80504 AND feature_1 > 0.87606 AND feature_0 > 0.10978 AND feature_0 <= 1.13583 AND feature_1 <= 1.45860 AND feature_0 > 0.33603 AND feature_1 > 0.88707 AND feature_1 > 0.94174 AND feature_1 > 1.34048 AND feature_1 > 1.37502 AND feature_0 > 0.58989 AND feature_1 <= 1.40734 AND feature_1 <= 1.38578,"{'feature_0': (0.58989, 1.13583), 'feature_1': (1.37502, 1.38578)}",2,6.387,14,[Online] CT,"[872, 1756, 1820, 1978, 1979, 1980, 2018, 2022, 2038, 2068, 2076, 2082, 2083]",feature_6 > -1.326 AND feature_0 > -0.58682 AND feature_1 > 0.80504 AND feature_1 > 0.87606 AND feature_0 > 0.10978 AND feature_0 <= 1.13583 AND feature_1 <= 1.45860 AND feature_0 > 0.33603 AND feature_1 > 0.88707 AND feature_1 > 0.94174 AND feature_1 > 1.34048 AND feature_1 > 1.37502 AND feature_0 > 0.58989 AND feature_1 <= 1.40734 AND feature_1 <= 1.38578,2.475,2.474,ResOve,[Online] CT ResOve,0.139,0.55,0.6890000000000001,2264,23,0.0,5,3.9119999999999995,0.0009999999999998899,100000
1571,feature_0 > -0.58682 AND feature_1 <= 0.80504 AND feature_0 <= 1.50541 AND feature_0 > -0.12715 AND feature_0 > 0.91819 AND feature_1 > -0.52627 AND feature_1 > 0.22354 AND feature_0 > 1.25915 AND feature_0 > 1.30046 AND feature_0 <= 1.47843 AND feature_1 > 0.23777 AND feature_0 <= 1.37556 AND feature_1 > 0.32962 AND feature_1 <= 0.48842 AND feature_1 > 0.40446,"{'feature_0': (1.30046, 1.37556), 'feature_1': (0.40446, 0.48842)}",2,5.803,15,[Online] CT,"[872, 873, 874, 1032, 1360, 1436, 1528, 1552, 1562, 1563, 1565, 1566, 1568, 1569]",feature_6 > -1.326 AND feature_0 > -0.58682 AND feature_1 <= 0.80504 AND feature_0 <= 1.50541 AND feature_0 > -0.12715 AND feature_0 > 0.91819 AND feature_1 > -0.52627 AND feature_1 > 0.22354 AND feature_0 > 1.25915 AND feature_0 > 1.30046 AND feature_0 <= 1.47843 AND feature_1 > 0.23777 AND feature_0 <= 1.37556 AND feature_1 > 0.32962 AND feature_1 <= 0.48842 AND feature_1 > 0.40446,2.275,2.277,ResOve,[Online] CT ResOve,0.139,0.55,0.6890000000000001,2264,35,0.0,5,3.528,0.002000000000000224,100000
1272,feature_0 > -0.58682 AND feature_1 <= 0.80504 AND feature_0 <= 1.50541 AND feature_0 > -0.12715 AND feature_0 <= 0.91819 AND feature_1 > -0.16205 AND feature_0 <= 0.76476 AND feature_1 <= 0.68863 AND feature_0 <= 0.76230 AND feature_0 > -0.09788 AND feature_0 > -0.09350 AND feature_1 <= 0.16755 AND feature_0 > 0.64773 AND feature_0 <= 0.65427,"{'feature_0': (0.64773, 0.65427), 'feature_1': (-0.16205, 0.16755)}",2,5.726,14,[Online] CT,"[872, 873, 874, 1032, 1033, 1239, 1240, 1241, 1242, 1262, 1264, 1265, 1271]",feature_6 > -1.326 AND feature_0 > -0.58682 AND feature_1 <= 0.80504 AND feature_0 <= 1.50541 AND feature_0 > -0.12715 AND feature_0 <= 0.91819 AND feature_1 > -0.16205 AND feature_0 <= 0.76476 AND feature_1 <= 0.68863 AND feature_0 <= 0.76230 AND feature_0 > -0.09788 AND feature_0 > -0.09350 AND feature_1 <= 0.16755 AND feature_0 > 0.64773 AND feature_0 <= 0.65427,1.352,1.354,ResOve,[Online] CT ResOve,0.139,0.55,0.6890000000000001,2264,22,0.0,5,4.374,0.0020000000000000018,100000
2264,feature_0 > -0.58682 AND feature_1 > 0.80504 AND feature_1 > 0.87606 AND feature_0 > 0.10978 AND feature_0 > 1.13583 AND feature_1 > 1.02370 AND feature_1 > 1.65257 AND feature_1 > 2.62220,"{'feature_0': (1.13583, 4.577), 'feature_1': (2.6222, 4.438)}",2,5.592,8,[Online] CT,"[872, 1756, 1820, 1978, 2180, 2202, 2238]",feature_6 > -1.326 AND feature_0 > -0.58682 AND feature_1 > 0.80504 AND feature_1 > 0.87606 AND feature_0 > 0.10978 AND feature_0 > 1.13583 AND feature_1 > 1.02370 AND feature_1 > 1.65257 AND feature_1 > 2.62220,4.466,4.461,ResOve,[Online] CT ResOve,0.139,0.55,0.6890000000000001,2264,50,0.0,5,1.1259999999999994,0.004999999999999893,100000
2084,feature_0 > -0.58682 AND feature_1 > 0.80504 AND feature_1 > 0.87606 AND feature_0 > 0.10978 AND feature_0 <= 1.13583 AND feature_1 <= 1.45860 AND feature_0 > 0.33603 AND feature_1 > 0.88707 AND feature_1 > 0.94174 AND feature_1 > 1.34048 AND feature_1 > 1.37502 AND feature_0 > 0.58989 AND feature_1 <= 1.40734 AND feature_1 <= 1.38578,"{'feature_0': (0.58989, 1.13583), 'feature_1': (1.37502, 1.38578)}",2,6.387,14,[Online] CT,"[872, 1756, 1820, 1978, 1979, 1980, 2018, 2022, 2038, 2068, 2076, 2082, 2083]",feature_6 > -1.326 AND feature_0 > -0.58682 AND feature_1 > 0.80504 AND feature_1 > 0.87606 AND feature_0 > 0.10978 AND feature_0 <= 1.13583 AND feature_1 <= 1.45860 AND feature_0 > 0.33603 AND feature_1 > 0.88707 AND feature_1 > 0.94174 AND feature_1 > 1.34048 AND feature_1 > 1.37502 AND feature_0 > 0.58989 AND feature_1 <= 1.40734 AND feature_1 <= 1.38578,2.475,2.474,NoOve,[Online] CT NoOve,0.001,0.55,0.551,2264,23,0.0,5,3.9119999999999995,0.0009999999999998899,100000
2066,feature_0 > -0.58682 AND feature_1 > 0.80504 AND feature_1 > 0.87606 AND feature_0 > 0.10978 AND feature_0 <= 1.13583 AND feature_1 <= 1.45860 AND feature_0 > 0.33603 AND feature_1 > 0.88707 AND feature_1 > 0.94174 AND feature_1 <= 1.34048 AND feature_0 > 0.90753 AND feature_1 > 1.22453 AND feature_1 <= 1.30177 AND feature_1 > 1.27694,"{'feature_0': (0.90753, 1.13583), 'feature_1': (1.27694, 1.30177)}",2,6.301,14,[Online] CT,"[872, 1756, 1820, 1978, 1979, 1980, 2018, 2022, 2038, 2039, 2055, 2063, 2064]",feature_6 > -1.326 AND feature_0 > -0.58682 AND feature_1 > 0.80504 AND feature_1 > 0.87606 AND feature_0 > 0.10978 AND feature_0 <= 1.13583 AND feature_1 <= 1.45860 AND feature_0 > 0.33603 AND feature_1 > 0.88707 AND feature_1 > 0.94174 AND feature_1 <= 1.34048 AND feature_0 > 0.90753 AND feature_1 > 1.22453 AND feature_1 <= 1.30177 AND feature_1 > 1.27694,2.541,2.538,NoOve,[Online] CT NoOve,0.001,0.55,0.551,2264,24,0.0,5,3.7600000000000002,0.0030000000000001137,100000
2163,feature_0 > -0.58682 AND feature_1 > 0.80504 AND feature_1 > 0.87606 AND feature_0 > 0.10978 AND feature_0 <= 1.13583 AND feature_1 > 1.45860 AND feature_1 > 1.51798 AND feature_0 <= 1.11657 AND feature_1 > 1.74723 AND feature_0 <= 1.04005 AND feature_1 <= 2.65590 AND feature_0 > 0.32673 AND feature_1 <= 1.80219 AND feature_1 > 1.78210,"{'feature_0': (0.32673, 1.04005), 'feature_1': (1.7821, 1.80219)}",2,5.948,14,[Online] CT,"[872, 1756, 1820, 1978, 1979, 2091, 2109, 2110, 2146, 2147, 2148, 2158, 2159]",feature_6 > -1.326 AND feature_0 > -0.58682 AND feature_1 > 0.80504 AND feature_1 > 0.87606 AND feature_0 > 0.10978 AND feature_0 <= 1.13583 AND feature_1 > 1.45860 AND feature_1 > 1.51798 AND feature_0 <= 1.11657 AND feature_1 > 1.74723 AND feature_0 <= 1.04005 AND feature_1 <= 2.65590 AND feature_0 > 0.32673 AND feature_1 <= 1.80219 AND feature_1 > 1.78210,2.632,2.627,NoOve,[Online] CT NoOve,0.001,0.55,0.551,2264,28,0.0,5,3.3160000000000003,0.0050000000000003375,100000
2259,feature_0 > -0.58682 AND feature_1 > 0.80504 AND feature_1 > 0.87606 AND feature_0 > 0.10978 AND feature_0 > 1.13583 AND feature_1 > 1.02370 AND feature_1 > 1.65257 AND feature_1 <= 2.62220 AND feature_0 <= 2.19636 AND feature_1 > 1.73560 AND feature_0 > 1.17964 AND feature_0 > 1.66581 AND feature_1 > 1.80284 AND feature_1 <= 2.22959,"{'feature_0': (1.66581, 2.19636), 'feature_1': (1.80284, 2.22959)}",2,5.768,14,[Online] CT,"[872, 1756, 1820, 1978, 2180, 2202, 2238, 2239, 2240, 2244, 2246, 2256, 2258]",feature_6 > -1.326 AND feature_0 > -0.58682 AND feature_1 > 0.80504 AND feature_1 > 0.87606 AND feature_0 > 0.10978 AND feature_0 > 1.13583 AND feature_1 > 1.02370 AND feature_1 > 1.65257 AND feature_1 <= 2.62220 AND feature_0 <= 2.19636 AND feature_1 > 1.73560 AND feature_0 > 1.17964 AND feature_0 > 1.66581 AND feature_1 > 1.80284 AND feature_1 <= 2.22959,4.012,4.02,NoOve,[Online] CT NoOve,0.001,0.55,0.551,2264,65,0.0,5,1.7560000000000002,0.008000000000000007,100000
1272,feature_0 > -0.58682 AND feature_1 <= 0.80504 AND feature_0 <= 1.50541 AND feature_0 > -0.12715 AND feature_0 <= 0.91819 AND feature_1 > -0.16205 AND feature_0 <= 0.76476 AND feature_1 <= 0.68863 AND feature_0 <= 0.76230 AND feature_0 > -0.09788 AND feature_0 > -0.09350 AND feature_1 <= 0.16755 AND feature_0 > 0.64773 AND feature_0 <= 0.65427,"{'feature_0': (0.64773, 0.65427), 'feature_1': (-0.16205, 0.16755)}",2,5.726,14,[Online] CT,"[872, 873, 874, 1032, 1033, 1239, 1240, 1241, 1242, 1262, 1264, 1265, 1271]",feature_6 > -1.326 AND feature_0 > -0.58682 AND feature_1 <= 0.80504 AND feature_0 <= 1.50541 AND feature_0 > -0.12715 AND feature_0 <= 0.91819 AND feature_1 > -0.16205 AND feature_0 <= 0.76476 AND feature_1 <= 0.68863 AND feature_0 <= 0.76230 AND feature_0 > -0.09788 AND feature_0 > -0.09350 AND feature_1 <= 0.16755 AND feature_0 > 0.64773 AND feature_0 <= 0.65427,1.352,1.354,NoOve,[Online] CT NoOve,0.001,0.55,0.551,2264,22,0.0,5,4.374,0.0020000000000000018,100000
1604,feature_0 > -0.58682 AND feature_1 <= 0.80504 AND feature_0 > 1.50541 AND feature_0 <= 3.47484 AND feature_0 <= 2.32625 AND feature_1 <= 0.02886 AND feature_1 > -2.27639 AND feature_0 <= 1.55070 AND feature_0 <= 1.54480 AND feature_1 > -1.31386 AND feature_0 > 1.50944 AND feature_0 > 1.52052 AND feature_1 > -0.65890 AND feature_0 > 1.53760,"{'feature_0': (1.5376, 1.5448), 'feature_1': (-0.6589, 0.02886)}",2,5.143,14,[Online] CT,"[872, 873, 1587, 1588, 1589, 1590, 1592, 1593, 1594, 1596, 1598, 1600, 1602]",feature_6 > -1.326 AND feature_0 > -0.58682 AND feature_1 <= 0.80504 AND feature_0 > 1.50541 AND feature_0 <= 3.47484 AND feature_0 <= 2.32625 AND feature_1 <= 0.02886 AND feature_1 > -2.27639 AND feature_0 <= 1.55070 AND feature_0 <= 1.54480 AND feature_1 > -1.31386 AND feature_0 > 1.50944 AND feature_0 > 1.52052 AND feature_1 > -0.65890 AND feature_0 > 1.53760,2.103,2.097,Random,[Online] CT Random,0.0,0.55,0.55,2264,24,0.0,5,3.0399999999999996,0.006000000000000227,100000
1639,feature_0 > -0.58682 AND feature_1 <= 0.80504 AND feature_0 > 1.50541 AND feature_0 <= 3.47484 AND feature_0 <= 2.32625 AND feature_1 > 0.02886 AND feature_0 <= 1.87247 AND feature_1 <= 0.49226 AND feature_1 <= 0.31412 AND feature_0 <= 1.80661,"{'feature_0': (1.50541, 1.80661), 'feature_1': (0.02886, 0.31412)}",2,2.592,10,[Online] CT,"[872, 873, 1587, 1588, 1589, 1635, 1636, 1637, 1638]",feature_6 > -1.326 AND feature_0 > -0.58682 AND feature_1 <= 0.80504 AND feature_0 > 1.50541 AND feature_0 <= 3.47484 AND feature_0 <= 2.32625 AND feature_1 > 0.02886 AND feature_0 <= 1.87247 AND feature_1 <= 0.49226 AND feature_1 <= 0.31412 AND feature_0 <= 1.80661,2.427,2.426,Random,[Online] CT Random,0.0,0.55,0.55,2264,308,0.0,5,0.16500000000000004,0.0009999999999998899,100000
1477,feature_0 > -0.58682 AND feature_1 <= 0.80504 AND feature_0 <= 1.50541 AND feature_0 > -0.12715 AND feature_0 > 0.91819 AND feature_1 > -0.52627 AND feature_1 <= 0.22354 AND feature_0 > 1.19583 AND feature_0 <= 1.37667 AND feature_0 <= 1.37307 AND feature_1 <= -0.34258 AND feature_1 <= -0.45169,"{'feature_0': (1.19583, 1.37307), 'feature_1': (-0.52627, -0.45169)}",2,2.233,12,[Online] CT,"[872, 873, 874, 1032, 1360, 1436, 1437, 1473, 1474, 1475, 1476]",feature_6 > -1.326 AND feature_0 > -0.58682 AND feature_1 <= 0.80504 AND feature_0 <= 1.50541 AND feature_0 > -0.12715 AND feature_0 > 0.91819 AND feature_1 > -0.52627 AND feature_1 <= 0.22354 AND feature_0 > 1.19583 AND feature_0 <= 1.37667 AND feature_0 <= 1.37307 AND feature_1 <= -0.34258 AND feature_1 <= -0.45169,1.753,1.757,Random,[Online] CT Random,0.0,0.55,0.55,2264,64,0.0,5,0.4800000000000002,0.0040000000000000036,100000
755,feature_0 <= -0.58682 AND feature_0 > -0.83295 AND feature_1 > -0.26380 AND feature_0 <= -0.67562 AND feature_0 > -0.81912 AND feature_0 > -0.81712 AND feature_1 <= 1.31534 AND feature_0 > -0.73637 AND feature_0 > -0.71737 AND feature_1 > 0.09593 AND feature_0 <= -0.67877 AND feature_1 <= 1.01702,"{'feature_0': (-0.71737, -0.67877), 'feature_1': (0.09593, 1.01702)}",2,1.022,12,[Online] CT,"[1, 535, 663, 664, 676, 678, 679, 727, 743, 753, 754]",feature_6 > -1.326 AND feature_0 <= -0.58682 AND feature_0 > -0.83295 AND feature_1 > -0.26380 AND feature_0 <= -0.67562 AND feature_0 > -0.81912 AND feature_0 > -0.81712 AND feature_1 <= 1.31534 AND feature_0 > -0.73637 AND feature_0 > -0.71737 AND feature_1 > 0.09593 AND feature_0 <= -0.67877 AND feature_1 <= 1.01702,0.306,0.308,Random,[Online] CT Random,0.0,0.55,0.55,2264,360,0.0,5,0.716,0.0020000000000000018,100000
540,feature_0 <= -0.58682 AND feature_0 > -0.83295 AND feature_1 <= -0.26380 AND feature_0 <= -0.73216 AND feature_0 <= -0.76923 AND feature_1 > -1.70364,"{'feature_0': (-0.83295, -0.76923), 'feature_1': (-1.70364, -0.2638)}",2,0.025,6,[Online] CT,"[1, 535, 536, 537, 538]",feature_6 > -1.326 AND feature_0 <= -0.58682 AND feature_0 > -0.83295 AND feature_1 <= -0.26380 AND feature_0 <= -0.73216 AND feature_0 <= -0.76923 AND feature_1 > -1.70364,0.426,0.427,Random,[Online] CT Random,0.0,0.55,0.55,2264,600,0.0,5,0.40099999999999997,0.0010000000000000009,100000
2291,feature_0 > -0.59128 AND feature_1 > 1.10100 AND feature_0 > 0.18347 AND feature_0 > 1.10982 AND feature_1 <= 1.48565 AND feature_1 <= 1.46531 AND feature_1 > 1.23010 AND feature_0 > 1.20311 AND feature_0 > 1.30467 AND feature_1 > 1.41483 AND feature_1 <= 1.43341,"{'feature_0': (1.30467, 4.577), 'feature_1': (1.41483, 1.43341)}",2,7.067,11,[Online] CT,"[862, 2042, 2160, 2246, 2247, 2248, 2268, 2272, 2276, 2290]",feature_2 > -3.417 AND feature_1 <= 1.516 AND feature_0 > -0.59128 AND feature_1 > 1.10100 AND feature_0 > 0.18347 AND feature_0 > 1.10982 AND feature_1 <= 1.48565 AND feature_1 <= 1.46531 AND feature_1 > 1.23010 AND feature_0 > 1.20311 AND feature_0 > 1.30467 AND feature_1 > 1.41483 AND feature_1 <= 1.43341,3.487,3.487,OptRes,[Online] CT OptRes,0.001,0.6,0.601,2298,25,0.0,5,3.58,0.0,100000
1735,feature_0 > -0.59128 AND feature_1 <= 1.10100 AND feature_0 > 0.78769 AND feature_0 <= 1.54849 AND feature_1 <= 0.83123 AND feature_0 <= 1.54633 AND feature_1 > -1.21378 AND feature_0 > 0.88861 AND feature_1 > 0.20869 AND feature_0 <= 1.24738 AND feature_0 > 0.95110 AND feature_1 > 0.63981 AND feature_0 <= 1.21341 AND feature_1 <= 0.70210 AND feature_1 > 0.69375,"{'feature_0': (0.9511, 1.21341), 'feature_1': (0.69375, 0.7021)}",2,6.479,15,[Online] CT,"[862, 863, 1513, 1514, 1515, 1516, 1560, 1622, 1702, 1703, 1719, 1731, 1732, 1733]",feature_2 > -3.417 AND feature_1 <= 1.516 AND feature_0 > -0.59128 AND feature_1 <= 1.10100 AND feature_0 > 0.78769 AND feature_0 <= 1.54849 AND feature_1 <= 0.83123 AND feature_0 <= 1.54633 AND feature_1 > -1.21378 AND feature_0 > 0.88861 AND feature_1 > 0.20869 AND feature_0 <= 1.24738 AND feature_0 > 0.95110 AND feature_1 > 0.63981 AND feature_0 <= 1.21341 AND feature_1 <= 0.70210 AND feature_1 > 0.69375,2.177,2.177,OptRes,[Online] CT OptRes,0.001,0.6,0.601,2298,22,0.0,5,4.302,0.0,100000
2263,feature_0 > -0.59128 AND feature_1 > 1.10100 AND feature_0 > 0.18347 AND feature_0 > 1.10982 AND feature_1 <= 1.48565 AND feature_1 <= 1.46531 AND feature_1 <= 1.23010 AND feature_1 <= 1.21511 AND feature_0 > 1.17200 AND feature_0 <= 2.12410 AND feature_0 <= 1.88750 AND feature_0 > 1.43645 AND feature_1 <= 1.17434 AND feature_1 > 1.13763,"{'feature_0': (1.43645, 1.8875), 'feature_1': (1.13763, 1.17434)}",2,6.372,14,[Online] CT,"[862, 2042, 2160, 2246, 2247, 2248, 2249, 2250, 2252, 2253, 2254, 2260, 2261]",feature_2 > -3.417 AND feature_1 <= 1.516 AND feature_0 > -0.59128 AND feature_1 > 1.10100 AND feature_0 > 0.18347 AND feature_0 > 1.10982 AND feature_1 <= 1.48565 AND feature_1 <= 1.46531 AND feature_1 <= 1.23010 AND feature_1 <= 1.21511 AND feature_0 > 1.17200 AND feature_0 <= 2.12410 AND feature_0 <= 1.88750 AND feature_0 > 1.43645 AND feature_1 <= 1.17434 AND feature_1 > 1.13763,3.046,3.046,OptRes,[Online] CT OptRes,0.001,0.6,0.601,2298,33,0.0,5,3.326,0.0,100000
1992,feature_0 > -0.59128 AND feature_1 <= 1.10100 AND feature_0 > 0.78769 AND feature_0 > 1.54849 AND feature_1 > -1.90481 AND feature_1 > 0.57714 AND feature_0 <= 1.55711,"{'feature_0': (1.54849, 1.55711), 'feature_1': (0.57714, 1.101)}",2,6.009,7,[Online] CT,"[862, 863, 1513, 1841, 1851, 1991]",feature_2 > -3.417 AND feature_1 <= 1.516 AND feature_0 > -0.59128 AND feature_1 <= 1.10100 AND feature_0 > 0.78769 AND feature_0 > 1.54849 AND feature_1 > -1.90481 AND feature_1 > 0.57714 AND feature_0 <= 1.55711,2.748,2.748,OptRes,[Online] CT OptRes,0.001,0.6,0.601,2298,20,0.0,5,3.261,0.0,100000
32,feature_0 <= -0.59128 AND feature_0 <= -0.83308 AND feature_0 <= -1.53103 AND feature_1 <= -1.23569 AND feature_0 > -1.81363 AND feature_1 <= -1.65403 AND feature_1 > -2.00753 AND feature_1 <= -1.87968,"{'feature_0': (-1.81363, -1.53103), 'feature_1': (-2.00753, -1.87968)}",2,5.96,8,[Online] CT,"[1, 2, 3, 4, 26, 27, 31]",feature_2 > -3.417 AND feature_1 <= 1.516 AND feature_0 <= -0.59128 AND feature_0 <= -0.83308 AND feature_0 <= -1.53103 AND feature_1 <= -1.23569 AND feature_0 > -1.81363 AND feature_1 <= -1.65403 AND feature_1 > -2.00753 AND feature_1 <= -1.87968,1.516,1.516,OptRes,[Online] CT OptRes,0.001,0.6,0.601,2298,20,0.0,5,4.444,0.0,100000
1992,feature_0 > -0.59128 AND feature_1 <= 1.10100 AND feature_0 > 0.78769 AND feature_0 > 1.54849 AND feature_1 > -1.90481 AND feature_1 > 0.57714 AND feature_0 <= 1.55711,"{'feature_0': (1.54849, 1.55711), 'feature_1': (0.57714, 1.101)}",2,6.009,7,[Online] CT,"[862, 863, 1513, 1841, 1851, 1991]",feature_2 > -3.417 AND feature_1 <= 1.516 AND feature_0 > -0.59128 AND feature_1 <= 1.10100 AND feature_0 > 0.78769 AND feature_0 > 1.54849 AND feature_1 > -1.90481 AND feature_1 > 0.57714 AND feature_0 <= 1.55711,2.748,2.748,ResOve,[Online] CT ResOve,0.189,0.6,0.7889999999999999,2298,20,0.0,5,3.261,0.0,100000
1735,feature_0 > -0.59128 AND feature_1 <= 1.10100 AND feature_0 > 0.78769 AND feature_0 <= 1.54849 AND feature_1 <= 0.83123 AND feature_0 <= 1.54633 AND feature_1 > -1.21378 AND feature_0 > 0.88861 AND feature_1 > 0.20869 AND feature_0 <= 1.24738 AND feature_0 > 0.95110 AND feature_1 > 0.63981 AND feature_0 <= 1.21341 AND feature_1 <= 0.70210 AND feature_1 > 0.69375,"{'feature_0': (0.9511, 1.21341), 'feature_1': (0.69375, 0.7021)}",2,6.479,15,[Online] CT,"[862, 863, 1513, 1514, 1515, 1516, 1560, 1622, 1702, 1703, 1719, 1731, 1732, 1733]",feature_2 > -3.417 AND feature_1 <= 1.516 AND feature_0 > -0.59128 AND feature_1 <= 1.10100 AND feature_0 > 0.78769 AND feature_0 <= 1.54849 AND feature_1 <= 0.83123 AND feature_0 <= 1.54633 AND feature_1 > -1.21378 AND feature_0 > 0.88861 AND feature_1 > 0.20869 AND feature_0 <= 1.24738 AND feature_0 > 0.95110 AND feature_1 > 0.63981 AND feature_0 <= 1.21341 AND feature_1 <= 0.70210 AND feature_1 > 0.69375,2.177,2.177,ResOve,[Online] CT ResOve,0.189,0.6,0.7889999999999999,2298,22,0.0,5,4.302,0.0,100000
32,feature_0 <= -0.59128 AND feature_0 <= -0.83308 AND feature_0 <= -1.53103 AND feature_1 <= -1.23569 AND feature_0 > -1.81363 AND feature_1 <= -1.65403 AND feature_1 > -2.00753 AND feature_1 <= -1.87968,"{'feature_0': (-1.81363, -1.53103), 'feature_1': (-2.00753, -1.87968)}",2,5.96,8,[Online] CT,"[1, 2, 3, 4, 26, 27, 31]",feature_2 > -3.417 AND feature_1 <= 1.516 AND feature_0 <= -0.59128 AND feature_0 <= -0.83308 AND feature_0 <= -1.53103 AND feature_1 <= -1.23569 AND feature_0 > -1.81363 AND feature_1 <= -1.65403 AND feature_1 > -2.00753 AND feature_1 <= -1.87968,1.516,1.516,ResOve,[Online] CT ResOve,0.189,0.6,0.7889999999999999,2298,20,0.0,5,4.444,0.0,100000
10,feature_0 <= -0.59128 AND feature_0 <= -0.83308 AND feature_0 <= -1.53103 AND feature_1 <= -1.23569 AND feature_0 <= -1.81363 AND feature_0 <= -2.19204 AND feature_0 <= -2.33714 AND feature_1 <= -1.33428 AND feature_1 > -1.77972,"{'feature_0': (-4.695, -2.33714), 'feature_1': (-1.77972, -1.33428)}",2,5.896,9,[Online] CT,"[1, 2, 3, 4, 5, 6, 7, 8]",feature_2 > -3.417 AND feature_1 <= 1.516 AND feature_0 <= -0.59128 AND feature_0 <= -0.83308 AND feature_0 <= -1.53103 AND feature_1 <= -1.23569 AND feature_0 <= -1.81363 AND feature_0 <= -2.19204 AND feature_0 <= -2.33714 AND feature_1 <= -1.33428 AND feature_1 > -1.77972,2.399,2.399,ResOve,[Online] CT ResOve,0.189,0.6,0.7889999999999999,2298,38,0.0,5,3.497,0.0,100000
1848,feature_0 > -0.59128 AND feature_1 <= 1.10100 AND feature_0 > 0.78769 AND feature_0 > 1.54849 AND feature_1 <= -1.90481 AND feature_0 <= 2.43486 AND feature_0 > 1.72279 AND feature_1 <= -2.07706 AND feature_1 > -2.38353,"{'feature_0': (1.72279, 2.43486), 'feature_1': (-2.38353, -2.07706)}",2,5.777,9,[Online] CT,"[862, 863, 1513, 1841, 1842, 1843, 1845, 1846]",feature_2 > -3.417 AND feature_1 <= 1.516 AND feature_0 > -0.59128 AND feature_1 <= 1.10100 AND feature_0 > 0.78769 AND feature_0 > 1.54849 AND feature_1 <= -1.90481 AND feature_0 <= 2.43486 AND feature_0 > 1.72279 AND feature_1 <= -2.07706 AND feature_1 > -2.38353,2.069,2.069,ResOve,[Online] CT ResOve,0.189,0.6,0.7889999999999999,2298,34,0.0,5,3.708,0.0,100000
2263,feature_0 > -0.59128 AND feature_1 > 1.10100 AND feature_0 > 0.18347 AND feature_0 > 1.10982 AND feature_1 <= 1.48565 AND feature_1 <= 1.46531 AND feature_1 <= 1.23010 AND feature_1 <= 1.21511 AND feature_0 > 1.17200 AND feature_0 <= 2.12410 AND feature_0 <= 1.88750 AND feature_0 > 1.43645 AND feature_1 <= 1.17434 AND feature_1 > 1.13763,"{'feature_0': (1.43645, 1.8875), 'feature_1': (1.13763, 1.17434)}",2,6.372,14,[Online] CT,"[862, 2042, 2160, 2246, 2247, 2248, 2249, 2250, 2252, 2253, 2254, 2260, 2261]",feature_2 > -3.417 AND feature_1 <= 1.516 AND feature_0 > -0.59128 AND feature_1 > 1.10100 AND feature_0 > 0.18347 AND feature_0 > 1.10982 AND feature_1 <= 1.48565 AND feature_1 <= 1.46531 AND feature_1 <= 1.23010 AND feature_1 <= 1.21511 AND feature_0 > 1.17200 AND feature_0 <= 2.12410 AND feature_0 <= 1.88750 AND feature_0 > 1.43645 AND feature_1 <= 1.17434 AND feature_1 > 1.13763,3.046,3.046,NoOve,[Online] CT NoOve,0.001,0.6,0.601,2298,33,0.0,5,3.326,0.0,100000
1945,feature_0 > -0.59128 AND feature_1 <= 1.10100 AND feature_0 > 0.78769 AND feature_0 > 1.54849 AND feature_1 > -1.90481 AND feature_1 <= 0.57714 AND feature_0 > 1.85627 AND feature_0 <= 2.27482 AND feature_1 > -0.49084 AND feature_0 > 1.86757 AND feature_0 <= 2.22197 AND feature_0 <= 1.93344 AND feature_0 > 1.87456 AND feature_0 > 1.92743,"{'feature_0': (1.92743, 1.93344), 'feature_1': (-0.49084, 0.57714)}",2,5.545,14,[Online] CT,"[862, 863, 1513, 1841, 1851, 1852, 1908, 1909, 1935, 1937, 1938, 1939, 1941]",feature_2 > -3.417 AND feature_1 <= 1.516 AND feature_0 > -0.59128 AND feature_1 <= 1.10100 AND feature_0 > 0.78769 AND feature_0 > 1.54849 AND feature_1 > -1.90481 AND feature_1 <= 0.57714 AND feature_0 > 1.85627 AND feature_0 <= 2.27482 AND feature_1 > -0.49084 AND feature_0 > 1.86757 AND feature_0 <= 2.22197 AND feature_0 <= 1.93344 AND feature_0 > 1.87456 AND feature_0 > 1.92743,2.627,2.627,NoOve,[Online] CT NoOve,0.001,0.6,0.601,2298,20,0.0,5,2.918,0.0,100000
1502,feature_0 > -0.59128 AND feature_1 <= 1.10100 AND feature_0 <= 0.78769 AND feature_1 > -0.03440 AND feature_0 > 0.07758 AND feature_1 > 0.79651 AND feature_0 > 0.58187 AND feature_0 <= 0.77331 AND feature_0 <= 0.76552 AND feature_1 > 0.80772 AND feature_0 <= 0.70346 AND feature_1 > 0.94757 AND feature_0 > 0.64476 AND feature_1 <= 1.00078,"{'feature_0': (0.64476, 0.70346), 'feature_1': (0.94757, 1.00078)}",2,5.496,14,[Online] CT,"[862, 863, 864, 1212, 1354, 1448, 1484, 1485, 1486, 1488, 1489, 1497, 1501]",feature_2 > -3.417 AND feature_1 <= 1.516 AND feature_0 > -0.59128 AND feature_1 <= 1.10100 AND feature_0 <= 0.78769 AND feature_1 > -0.03440 AND feature_0 > 0.07758 AND feature_1 > 0.79651 AND feature_0 > 0.58187 AND feature_0 <= 0.77331 AND feature_0 <= 0.76552 AND feature_1 > 0.80772 AND feature_0 <= 0.70346 AND feature_1 > 0.94757 AND feature_0 > 0.64476 AND feature_1 <= 1.00078,1.978,1.978,NoOve,[Online] CT NoOve,0.001,0.6,0.601,2298,20,0.0,5,3.5180000000000007,0.0,100000
1918,feature_0 > -0.59128 AND feature_1 <= 1.10100 AND feature_0 > 0.78769 AND feature_0 > 1.54849 AND feature_1 > -1.90481 AND feature_1 <= 0.57714 AND feature_0 > 1.85627 AND feature_0 <= 2.27482 AND feature_1 <= -0.49084 AND feature_0 <= 2.10085 AND feature_1 <= -0.57772 AND feature_0 <= 2.08213 AND feature_1 <= -1.02123 AND feature_1 > -1.12406,"{'feature_0': (1.85627, 2.08213), 'feature_1': (-1.12406, -1.02123)}",2,5.254,14,[Online] CT,"[862, 863, 1513, 1841, 1851, 1852, 1908, 1909, 1910, 1911, 1912, 1913, 1914]",feature_2 > -3.417 AND feature_1 <= 1.516 AND feature_0 > -0.59128 AND feature_1 <= 1.10100 AND feature_0 > 0.78769 AND feature_0 > 1.54849 AND feature_1 > -1.90481 AND feature_1 <= 0.57714 AND feature_0 > 1.85627 AND feature_0 <= 2.27482 AND feature_1 <= -0.49084 AND feature_0 <= 2.10085 AND feature_1 <= -0.57772 AND feature_0 <= 2.08213 AND feature_1 <= -1.02123 AND feature_1 > -1.12406,2.252,2.252,NoOve,[Online] CT NoOve,0.001,0.6,0.601,2298,30,0.0,5,3.002,0.0,100000
1827,feature_0 > -0.59128 AND feature_1 <= 1.10100 AND feature_0 > 0.78769 AND feature_0 <= 1.54849 AND feature_1 > 0.83123 AND feature_0 > 1.01730 AND feature_1 <= 1.03416 AND feature_1 <= 0.99765 AND feature_0 > 1.07844 AND feature_1 > 0.87215 AND feature_0 > 1.27805 AND feature_0 > 1.32622 AND feature_0 > 1.38537 AND feature_0 <= 1.44034,"{'feature_0': (1.38537, 1.44034), 'feature_1': (0.87215, 0.99765)}",2,5.049,14,[Online] CT,"[862, 863, 1513, 1514, 1778, 1802, 1803, 1804, 1808, 1814, 1822, 1824, 1826]",feature_2 > -3.417 AND feature_1 <= 1.516 AND feature_0 > -0.59128 AND feature_1 <= 1.10100 AND feature_0 > 0.78769 AND feature_0 <= 1.54849 AND feature_1 > 0.83123 AND feature_0 > 1.01730 AND feature_1 <= 1.03416 AND feature_1 <= 0.99765 AND feature_0 > 1.07844 AND feature_1 > 0.87215 AND feature_0 > 1.27805 AND feature_0 > 1.32622 AND feature_0 > 1.38537 AND feature_0 <= 1.44034,2.686,2.686,NoOve,[Online] CT NoOve,0.001,0.6,0.601,2298,31,0.0,5,2.3630000000000004,0.0,100000
1971,feature_0 > -0.59128 AND feature_1 <= 1.10100 AND feature_0 > 0.78769 AND feature_0 > 1.54849 AND feature_1 > -1.90481 AND feature_1 <= 0.57714 AND feature_0 > 1.85627 AND feature_0 > 2.27482 AND feature_1 > -1.24817 AND feature_1 > -0.99712 AND feature_1 <= -0.91992,"{'feature_0': (2.27482, 4.577), 'feature_1': (-0.99712, -0.91992)}",2,0.912,11,[Online] CT,"[862, 863, 1513, 1841, 1851, 1852, 1908, 1962, 1966, 1970]",feature_2 > -3.417 AND feature_1 <= 1.516 AND feature_0 > -0.59128 AND feature_1 <= 1.10100 AND feature_0 > 0.78769 AND feature_0 > 1.54849 AND feature_1 > -1.90481 AND feature_1 <= 0.57714 AND feature_0 > 1.85627 AND feature_0 > 2.27482 AND feature_1 > -1.24817 AND feature_1 > -0.99712 AND feature_1 <= -0.91992,3.076,3.076,Random,[Online] CT Random,0.0,0.6,0.6,2298,24,0.0,5,2.164,0.0,100000
227,feature_0 <= -0.59128 AND feature_0 <= -0.83308 AND feature_0 > -1.53103 AND feature_1 > -2.22096 AND feature_1 <= 0.22461 AND feature_0 <= -1.46050 AND feature_0 <= -1.46764 AND feature_1 > -1.50953 AND feature_0 <= -1.47038 AND feature_1 <= 0.00872 AND feature_0 <= -1.47495 AND feature_0 <= -1.48175 AND feature_0 <= -1.49111 AND feature_1 <= -1.18090,"{'feature_0': (-1.53103, -1.49111), 'feature_1': (-1.50953, -1.1809)}",2,0.908,14,[Online] CT,"[1, 2, 206, 216, 217, 218, 219, 221, 222, 223, 224, 225, 226]",feature_2 > -3.417 AND feature_1 <= 1.516 AND feature_0 <= -0.59128 AND feature_0 <= -0.83308 AND feature_0 > -1.53103 AND feature_1 > -2.22096 AND feature_1 <= 0.22461 AND feature_0 <= -1.46050 AND feature_0 <= -1.46764 AND feature_1 > -1.50953 AND feature_0 <= -1.47038 AND feature_1 <= 0.00872 AND feature_0 <= -1.47495 AND feature_0 <= -1.48175 AND feature_0 <= -1.49111 AND feature_1 <= -1.18090,1.271,1.271,Random,[Online] CT Random,0.0,0.6,0.6,2298,24,0.0,5,0.3629999999999999,0.0,100000
455,feature_0 <= -0.59128 AND feature_0 <= -0.83308 AND feature_0 > -1.53103 AND feature_1 > -2.22096 AND feature_1 > 0.22461 AND feature_0 > -1.15157 AND feature_1 > 0.49910 AND feature_1 > 0.50626 AND feature_1 <= 1.30639 AND feature_1 <= 1.10199 AND feature_1 <= 1.01469 AND feature_0 > -0.95808,"{'feature_0': (-0.95808, -0.83308), 'feature_1': (0.50626, 1.01469)}",2,0.697,12,[Online] CT,"[1, 2, 206, 216, 320, 398, 436, 438, 439, 440, 441]",feature_2 > -3.417 AND feature_1 <= 1.516 AND feature_0 <= -0.59128 AND feature_0 <= -0.83308 AND feature_0 > -1.53103 AND feature_1 > -2.22096 AND feature_1 > 0.22461 AND feature_0 > -1.15157 AND feature_1 > 0.49910 AND feature_1 > 0.50626 AND feature_1 <= 1.30639 AND feature_1 <= 1.10199 AND feature_1 <= 1.01469 AND feature_0 > -0.95808,0.241,0.241,Random,[Online] CT Random,0.0,0.6,0.6,2298,470,0.0,5,0.45599999999999996,0.0,100000
1362,feature_0 > -0.59128 AND feature_1 <= 1.10100 AND feature_0 <= 0.78769 AND feature_1 > -0.03440 AND feature_0 > 0.07758 AND feature_1 <= 0.79651 AND feature_1 <= 0.08365 AND feature_0 <= 0.32321 AND feature_0 <= 0.30322 AND feature_0 <= 0.28821 AND feature_0 <= 0.17319 AND feature_1 <= 0.05884 AND feature_1 <= 0.01029,"{'feature_0': (0.07758, 0.17319), 'feature_1': (-0.0344, 0.01029)}",2,0.82,13,[Online] CT,"[862, 863, 864, 1212, 1354, 1355, 1356, 1357, 1358, 1359, 1360, 1361]",feature_2 > -3.417 AND feature_1 <= 1.516 AND feature_0 > -0.59128 AND feature_1 <= 1.10100 AND feature_0 <= 0.78769 AND feature_1 > -0.03440 AND feature_0 > 0.07758 AND feature_1 <= 0.79651 AND feature_1 <= 0.08365 AND feature_0 <= 0.32321 AND feature_0 <= 0.30322 AND feature_0 <= 0.28821 AND feature_0 <= 0.17319 AND feature_1 <= 0.05884 AND feature_1 <= 0.01029,0.817,0.817,Random,[Online] CT Random,0.0,0.6,0.6,2298,57,0.0,5,0.0030000000000000027,0.0,100000
2185,feature_0 > -0.59128 AND feature_1 > 1.10100 AND feature_0 > 0.18347 AND feature_0 <= 1.10982 AND feature_1 <= 1.49428 AND feature_0 <= 0.93304 AND feature_1 > 1.22323,"{'feature_0': (0.18347, 0.93304), 'feature_1': (1.22323, 1.49428)}",2,1.732,7,[Online] CT,"[862, 2042, 2160, 2161, 2162, 2163]",feature_2 > -3.417 AND feature_1 <= 1.516 AND feature_0 > -0.59128 AND feature_1 > 1.10100 AND feature_0 > 0.18347 AND feature_0 <= 1.10982 AND feature_1 <= 1.49428 AND feature_0 <= 0.93304 AND feature_1 > 1.22323,2.106,2.106,Random,[Online] CT Random,0.0,0.6,0.6,2298,1136,0.0,5,0.3739999999999999,0.0,100000
1349,feature_1 > 0.28632 AND feature_1 > 0.70666 AND feature_1 > 0.95394 AND feature_1 <= 2.32462 AND feature_0 > -0.11066 AND feature_0 > 0.47866 AND feature_1 <= 1.07487 AND feature_1 > 1.00909 AND feature_1 > 1.03370 AND feature_0 > 1.05373 AND feature_1 <= 1.04589,"{'feature_1': (1.0337, 1.04589), 'feature_0': (1.05373, 4.577)}",2,8.272,11,[Online] CT,"[618, 988, 1146, 1147, 1263, 1323, 1324, 1338, 1344, 1348]",feature_8 <= 0.076 AND feature_1 > 0.28632 AND feature_1 > 0.70666 AND feature_1 > 0.95394 AND feature_1 <= 2.32462 AND feature_0 > -0.11066 AND feature_0 > 0.47866 AND feature_1 <= 1.07487 AND feature_1 > 1.00909 AND feature_1 > 1.03370 AND feature_0 > 1.05373 AND feature_1 <= 1.04589,2.852,2.715,OptRes,[Online] CT OptRes,0.0,0.35,0.35,1414,21,0.0,5,5.42,0.137,100000
1413,feature_1 > 0.28632 AND feature_1 > 0.70666 AND feature_1 > 0.95394 AND feature_1 > 2.32462 AND feature_1 > 2.41308 AND feature_0 > 0.42097 AND feature_0 <= 1.30590 AND feature_1 > 2.51128 AND feature_0 > 1.01993,"{'feature_1': (2.51128, 4.438), 'feature_0': (1.01993, 1.3059)}",2,8.147,9,[Online] CT,"[618, 988, 1146, 1386, 1390, 1408, 1409, 1411]",feature_8 <= 0.076 AND feature_1 > 0.28632 AND feature_1 > 0.70666 AND feature_1 > 0.95394 AND feature_1 > 2.32462 AND feature_1 > 2.41308 AND feature_0 > 0.42097 AND feature_0 <= 1.30590 AND feature_1 > 2.51128 AND feature_0 > 1.01993,4.029,3.984,OptRes,[Online] CT OptRes,0.0,0.35,0.35,1414,20,0.0,5,4.118,0.04499999999999993,100000
6,feature_1 <= 0.28632 AND feature_0 <= -0.87995 AND feature_0 <= -1.99270 AND feature_1 <= -0.42667 AND feature_0 <= -2.34721 AND feature_1 <= -1.55482,"{'feature_1': (-4.202, -1.55482), 'feature_0': (-4.695, -2.34721)}",2,8.016,6,[Online] CT,"[1, 2, 3, 4, 5]",feature_8 <= 0.076 AND feature_1 <= 0.28632 AND feature_0 <= -0.87995 AND feature_0 <= -1.99270 AND feature_1 <= -0.42667 AND feature_0 <= -2.34721 AND feature_1 <= -1.55482,2.517,2.519,OptRes,[Online] CT OptRes,0.0,0.35,0.35,1414,20,0.0,5,5.4990000000000006,0.002000000000000224,100000
1382,feature_1 > 0.28632 AND feature_1 > 0.70666 AND feature_1 > 0.95394 AND feature_1 <= 2.32462 AND feature_0 > -0.11066 AND feature_0 > 0.47866 AND feature_1 > 1.07487 AND feature_0 > 1.99925 AND feature_0 <= 2.37130 AND feature_0 > 2.26636,"{'feature_1': (1.07487, 2.32462), 'feature_0': (2.26636, 2.3713)}",2,7.086,10,[Online] CT,"[618, 988, 1146, 1147, 1263, 1323, 1351, 1377, 1378]",feature_8 <= 0.076 AND feature_1 > 0.28632 AND feature_1 > 0.70666 AND feature_1 > 0.95394 AND feature_1 <= 2.32462 AND feature_0 > -0.11066 AND feature_0 > 0.47866 AND feature_1 > 1.07487 AND feature_0 > 1.99925 AND feature_0 <= 2.37130 AND feature_0 > 2.26636,3.984,4.01,OptRes,[Online] CT OptRes,0.0,0.35,0.35,1414,21,0.0,5,3.1020000000000003,0.0259999999999998,100000
610,feature_1 <= 0.28632 AND feature_0 > -0.87995 AND feature_0 > 2.17467 AND feature_0 <= 3.29056 AND feature_1 > -0.61818 AND feature_0 <= 2.67203 AND feature_0 > 2.27486 AND feature_1 > -0.50630 AND feature_1 > -0.32212 AND feature_1 <= -0.18051,"{'feature_1': (-0.32212, -0.18051), 'feature_0': (2.27486, 2.67203)}",2,6.422,10,[Online] CT,"[1, 267, 589, 590, 600, 601, 605, 607, 609]",feature_8 <= 0.076 AND feature_1 <= 0.28632 AND feature_0 > -0.87995 AND feature_0 > 2.17467 AND feature_0 <= 3.29056 AND feature_1 > -0.61818 AND feature_0 <= 2.67203 AND feature_0 > 2.27486 AND feature_1 > -0.50630 AND feature_1 > -0.32212 AND feature_1 <= -0.18051,3.025,3.005,OptRes,[Online] CT OptRes,0.0,0.35,0.35,1414,24,0.0,5,3.397,0.020000000000000018,100000
1382,feature_1 > 0.28632 AND feature_1 > 0.70666 AND feature_1 > 0.95394 AND feature_1 <= 2.32462 AND feature_0 > -0.11066 AND feature_0 > 0.47866 AND feature_1 > 1.07487 AND feature_0 > 1.99925 AND feature_0 <= 2.37130 AND feature_0 > 2.26636,"{'feature_1': (1.07487, 2.32462), 'feature_0': (2.26636, 2.3713)}",2,7.086,10,[Online] CT,"[618, 988, 1146, 1147, 1263, 1323, 1351, 1377, 1378]",feature_8 <= 0.076 AND feature_1 > 0.28632 AND feature_1 > 0.70666 AND feature_1 > 0.95394 AND feature_1 <= 2.32462 AND feature_0 > -0.11066 AND feature_0 > 0.47866 AND feature_1 > 1.07487 AND feature_0 > 1.99925 AND feature_0 <= 2.37130 AND feature_0 > 2.26636,3.984,4.01,ResOve,[Online] CT ResOve,0.127,0.35,0.477,1414,21,0.0,5,3.1020000000000003,0.0259999999999998,100000
604,feature_1 <= 0.28632 AND feature_0 > -0.87995 AND feature_0 > 2.17467 AND feature_0 <= 3.29056 AND feature_1 > -0.61818 AND feature_0 <= 2.67203 AND feature_0 <= 2.27486 AND feature_1 > -0.14773,"{'feature_1': (-0.14773, 0.28632), 'feature_0': (2.17467, 2.27486)}",2,5.494,8,[Online] CT,"[1, 267, 589, 590, 600, 601, 602]",feature_8 <= 0.076 AND feature_1 <= 0.28632 AND feature_0 > -0.87995 AND feature_0 > 2.17467 AND feature_0 <= 3.29056 AND feature_1 > -0.61818 AND feature_0 <= 2.67203 AND feature_0 <= 2.27486 AND feature_1 > -0.14773,2.953,2.965,ResOve,[Online] CT ResOve,0.127,0.35,0.477,1414,28,0.0,5,2.541,0.01200000000000001,100000
569,feature_1 <= 0.28632 AND feature_0 > -0.87995 AND feature_0 <= 2.17467 AND feature_1 > 0.14862 AND feature_0 > 0.00434 AND feature_1 <= 0.27909 AND feature_0 > 0.21190 AND feature_1 <= 0.27359 AND feature_0 <= 1.96660 AND feature_1 <= 0.19352 AND feature_1 > 0.18143 AND feature_1 <= 0.18443,"{'feature_1': (0.18143, 0.18443), 'feature_0': (0.2119, 1.9666)}",2,5.386,12,[Online] CT,"[1, 267, 268, 488, 538, 539, 551, 552, 553, 554, 568]",feature_8 <= 0.076 AND feature_1 <= 0.28632 AND feature_0 > -0.87995 AND feature_0 <= 2.17467 AND feature_1 > 0.14862 AND feature_0 > 0.00434 AND feature_1 <= 0.27909 AND feature_0 > 0.21190 AND feature_1 <= 0.27359 AND feature_0 <= 1.96660 AND feature_1 <= 0.19352 AND feature_1 > 0.18143 AND feature_1 <= 0.18443,1.671,1.618,ResOve,[Online] CT ResOve,0.127,0.35,0.477,1414,23,0.0,5,3.715,0.052999999999999936,100000
6,feature_1 <= 0.28632 AND feature_0 <= -0.87995 AND feature_0 <= -1.99270 AND feature_1 <= -0.42667 AND feature_0 <= -2.34721 AND feature_1 <= -1.55482,"{'feature_1': (-4.202, -1.55482), 'feature_0': (-4.695, -2.34721)}",2,8.016,6,[Online] CT,"[1, 2, 3, 4, 5]",feature_8 <= 0.076 AND feature_1 <= 0.28632 AND feature_0 <= -0.87995 AND feature_0 <= -1.99270 AND feature_1 <= -0.42667 AND feature_0 <= -2.34721 AND feature_1 <= -1.55482,2.517,2.519,ResOve,[Online] CT ResOve,0.127,0.35,0.477,1414,20,0.0,5,5.4990000000000006,0.002000000000000224,100000
463,feature_1 <= 0.28632 AND feature_0 > -0.87995 AND feature_0 <= 2.17467 AND feature_1 <= 0.14862 AND feature_1 > -1.33404 AND feature_1 > -1.32817 AND feature_1 <= 0.13987 AND feature_1 > 0.06939 AND feature_0 > 0.25312 AND feature_0 <= 0.65699 AND feature_0 <= 0.55926 AND feature_1 > 0.10814 AND feature_0 <= 0.35542,"{'feature_1': (0.10814, 0.13987), 'feature_0': (0.25312, 0.35542)}",2,5.26,13,[Online] CT,"[1, 267, 268, 269, 407, 409, 410, 436, 456, 457, 458, 462]",feature_8 <= 0.076 AND feature_1 <= 0.28632 AND feature_0 > -0.87995 AND feature_0 <= 2.17467 AND feature_1 <= 0.14862 AND feature_1 > -1.33404 AND feature_1 > -1.32817 AND feature_1 <= 0.13987 AND feature_1 > 0.06939 AND feature_0 > 0.25312 AND feature_0 <= 0.65699 AND feature_0 <= 0.55926 AND feature_1 > 0.10814 AND feature_0 <= 0.35542,1.053,1.06,ResOve,[Online] CT ResOve,0.127,0.35,0.477,1414,20,0.0,5,4.207,0.007000000000000117,100000
1382,feature_1 > 0.28632 AND feature_1 > 0.70666 AND feature_1 > 0.95394 AND feature_1 <= 2.32462 AND feature_0 > -0.11066 AND feature_0 > 0.47866 AND feature_1 > 1.07487 AND feature_0 > 1.99925 AND feature_0 <= 2.37130 AND feature_0 > 2.26636,"{'feature_1': (1.07487, 2.32462), 'feature_0': (2.26636, 2.3713)}",2,7.086,10,[Online] CT,"[618, 988, 1146, 1147, 1263, 1323, 1351, 1377, 1378]",feature_8 <= 0.076 AND feature_1 > 0.28632 AND feature_1 > 0.70666 AND feature_1 > 0.95394 AND feature_1 <= 2.32462 AND feature_0 > -0.11066 AND feature_0 > 0.47866 AND feature_1 > 1.07487 AND feature_0 > 1.99925 AND feature_0 <= 2.37130 AND feature_0 > 2.26636,3.984,4.01,NoOve,[Online] CT NoOve,0.001,0.35,0.351,1414,21,0.0,5,3.1020000000000003,0.0259999999999998,100000
610,feature_1 <= 0.28632 AND feature_0 > -0.87995 AND feature_0 > 2.17467 AND feature_0 <= 3.29056 AND feature_1 > -0.61818 AND feature_0 <= 2.67203 AND feature_0 > 2.27486 AND feature_1 > -0.50630 AND feature_1 > -0.32212 AND feature_1 <= -0.18051,"{'feature_1': (-0.32212, -0.18051), 'feature_0': (2.27486, 2.67203)}",2,6.422,10,[Online] CT,"[1, 267, 589, 590, 600, 601, 605, 607, 609]",feature_8 <= 0.076 AND feature_1 <= 0.28632 AND feature_0 > -0.87995 AND feature_0 > 2.17467 AND feature_0 <= 3.29056 AND feature_1 > -0.61818 AND feature_0 <= 2.67203 AND feature_0 > 2.27486 AND feature_1 > -0.50630 AND feature_1 > -0.32212 AND feature_1 <= -0.18051,3.025,3.005,NoOve,[Online] CT NoOve,0.001,0.35,0.351,1414,24,0.0,5,3.397,0.020000000000000018,100000
1371,feature_1 > 0.28632 AND feature_1 > 0.70666 AND feature_1 > 0.95394 AND feature_1 <= 2.32462 AND feature_0 > -0.11066 AND feature_0 > 0.47866 AND feature_1 > 1.07487 AND feature_0 <= 1.99925 AND feature_1 <= 2.13945 AND feature_1 > 2.09279,"{'feature_1': (2.09279, 2.13945), 'feature_0': (0.47866, 1.99925)}",2,5.926,10,[Online] CT,"[618, 988, 1146, 1147, 1263, 1323, 1351, 1352, 1353]",feature_8 <= 0.076 AND feature_1 > 0.28632 AND feature_1 > 0.70666 AND feature_1 > 0.95394 AND feature_1 <= 2.32462 AND feature_0 > -0.11066 AND feature_0 > 0.47866 AND feature_1 > 1.07487 AND feature_0 <= 1.99925 AND feature_1 <= 2.13945 AND feature_1 > 2.09279,3.28,3.233,NoOve,[Online] CT NoOve,0.001,0.35,0.351,1414,24,0.0,5,2.6460000000000004,0.04699999999999971,100000
930,feature_1 > 0.28632 AND feature_1 <= 0.70666 AND feature_0 > -0.46549 AND feature_1 > 0.32786 AND feature_0 > 0.99317 AND feature_0 <= 1.82397 AND feature_1 <= 0.38937 AND feature_1 > 0.34030 AND feature_0 <= 1.62603 AND feature_0 > 1.44289,"{'feature_1': (0.3403, 0.38937), 'feature_0': (1.44289, 1.62603)}",2,5.108,10,[Online] CT,"[618, 619, 753, 785, 919, 920, 921, 923, 924]",feature_8 <= 0.076 AND feature_1 > 0.28632 AND feature_1 <= 0.70666 AND feature_0 > -0.46549 AND feature_1 > 0.32786 AND feature_0 > 0.99317 AND feature_0 <= 1.82397 AND feature_1 <= 0.38937 AND feature_1 > 0.34030 AND feature_0 <= 1.62603 AND feature_0 > 1.44289,2.425,2.423,NoOve,[Online] CT NoOve,0.001,0.35,0.351,1414,25,0.0,5,2.683,0.0019999999999997797,100000
1085,feature_1 > 0.28632 AND feature_1 > 0.70666 AND feature_1 <= 0.95394 AND feature_0 <= 0.75271 AND feature_1 <= 0.93643 AND feature_0 > -1.18837 AND feature_0 > 0.16583 AND feature_1 <= 0.87389 AND feature_1 > 0.84875 AND feature_1 <= 0.85381,"{'feature_1': (0.84875, 0.85381), 'feature_0': (0.16583, 0.75271)}",2,4.998,10,[Online] CT,"[618, 988, 989, 990, 991, 1013, 1057, 1058, 1084]",feature_8 <= 0.076 AND feature_1 > 0.28632 AND feature_1 > 0.70666 AND feature_1 <= 0.95394 AND feature_0 <= 0.75271 AND feature_1 <= 0.93643 AND feature_0 > -1.18837 AND feature_0 > 0.16583 AND feature_1 <= 0.87389 AND feature_1 > 0.84875 AND feature_1 <= 0.85381,1.663,1.661,NoOve,[Online] CT NoOve,0.001,0.35,0.351,1414,20,0.0,5,3.335,0.0020000000000000018,100000
531,feature_1 <= 0.28632 AND feature_0 > -0.87995 AND feature_0 <= 2.17467 AND feature_1 > 0.14862 AND feature_0 <= 0.00434 AND feature_1 > 0.15463 AND feature_1 <= 0.28354 AND feature_0 > -0.53647 AND feature_1 <= 0.27770 AND feature_0 <= -0.07071 AND feature_1 > 0.16802 AND feature_0 > -0.21041 AND feature_1 <= 0.24135 AND feature_1 > 0.18893 AND feature_1 > 0.21517,"{'feature_1': (0.21517, 0.24135), 'feature_0': (-0.21041, -0.07071)}",2,0.44,15,[Online] CT,"[1, 267, 268, 488, 489, 491, 492, 510, 511, 512, 514, 526, 527, 529]",feature_8 <= 0.076 AND feature_1 <= 0.28632 AND feature_0 > -0.87995 AND feature_0 <= 2.17467 AND feature_1 > 0.14862 AND feature_0 <= 0.00434 AND feature_1 > 0.15463 AND feature_1 <= 0.28354 AND feature_0 > -0.53647 AND feature_1 <= 0.27770 AND feature_0 <= -0.07071 AND feature_1 > 0.16802 AND feature_0 > -0.21041 AND feature_1 <= 0.24135 AND feature_1 > 0.18893 AND feature_1 > 0.21517,0.674,0.68,Random,[Online] CT Random,0.0,0.35,0.35,1414,40,0.0,5,0.23400000000000004,0.006000000000000005,100000
991,feature_1 > 0.28632 AND feature_1 > 0.70666 AND feature_1 <= 0.95394 AND feature_0 <= 0.75271 AND feature_1 <= 0.93643,"{'feature_1': (0.70666, 0.93643), 'feature_0': (-4.695, 0.75271)}",2,0.815,5,[Online] CT,"[618, 988, 989, 990]",feature_8 <= 0.076 AND feature_1 > 0.28632 AND feature_1 > 0.70666 AND feature_1 <= 0.95394 AND feature_0 <= 0.75271 AND feature_1 <= 0.93643,0.799,0.795,Random,[Online] CT Random,0.0,0.35,0.35,1414,2686,0.0,5,0.015999999999999903,0.0040000000000000036,100000
946,feature_1 > 0.28632 AND feature_1 <= 0.70666 AND feature_0 > -0.46549 AND feature_1 > 0.32786 AND feature_0 > 0.99317 AND feature_0 <= 1.82397 AND feature_1 > 0.38937 AND feature_0 <= 1.30154 AND feature_1 <= 0.55482 AND feature_0 > 1.09694 AND feature_1 > 0.52249,"{'feature_1': (0.52249, 0.55482), 'feature_0': (1.09694, 1.30154)}",2,1.443,11,[Online] CT,"[618, 619, 753, 785, 919, 920, 932, 933, 934, 938]",feature_8 <= 0.076 AND feature_1 > 0.28632 AND feature_1 <= 0.70666 AND feature_0 > -0.46549 AND feature_1 > 0.32786 AND feature_0 > 0.99317 AND feature_0 <= 1.82397 AND feature_1 > 0.38937 AND feature_0 <= 1.30154 AND feature_1 <= 0.55482 AND feature_0 > 1.09694 AND feature_1 > 0.52249,2.207,2.211,Random,[Online] CT Random,0.0,0.35,0.35,1414,22,0.0,5,0.7639999999999998,0.0040000000000000036,100000
367,feature_1 <= 0.28632 AND feature_0 > -0.87995 AND feature_0 <= 2.17467 AND feature_1 <= 0.14862 AND feature_1 <= -1.33404 AND feature_0 > 0.78620 AND feature_0 <= 1.61382 AND feature_0 <= 0.84152 AND feature_0 <= 0.81058,"{'feature_1': (-4.202, -1.33404), 'feature_0': (0.7862, 0.81058)}",2,4.59,9,[Online] CT,"[1, 267, 268, 269, 270, 364, 365, 366]",feature_8 <= 0.076 AND feature_1 <= 0.28632 AND feature_0 > -0.87995 AND feature_0 <= 2.17467 AND feature_1 <= 0.14862 AND feature_1 <= -1.33404 AND feature_0 > 0.78620 AND feature_0 <= 1.61382 AND feature_0 <= 0.84152 AND feature_0 <= 0.81058,0.959,0.954,Random,[Online] CT Random,0.0,0.35,0.35,1414,25,0.0,5,3.631,0.0050000000000000044,100000
1373,feature_1 > 0.28632 AND feature_1 > 0.70666 AND feature_1 > 0.95394 AND feature_1 <= 2.32462 AND feature_0 > -0.11066 AND feature_0 > 0.47866 AND feature_1 > 1.07487 AND feature_0 <= 1.99925 AND feature_1 > 2.13945 AND feature_1 <= 2.25471,"{'feature_1': (2.13945, 2.25471), 'feature_0': (0.47866, 1.99925)}",2,0.536,10,[Online] CT,"[618, 988, 1146, 1147, 1263, 1323, 1351, 1352, 1372]",feature_8 <= 0.076 AND feature_1 > 0.28632 AND feature_1 > 0.70666 AND feature_1 > 0.95394 AND feature_1 <= 2.32462 AND feature_0 > -0.11066 AND feature_0 > 0.47866 AND feature_1 > 1.07487 AND feature_0 <= 1.99925 AND feature_1 > 2.13945 AND feature_1 <= 2.25471,3.34,3.376,Random,[Online] CT Random,0.0,0.35,0.35,1414,63,0.0,5,2.804,0.03600000000000003,100000
2124,feature_0 > -0.59128 AND feature_1 > 0.62738 AND feature_1 > 0.88255 AND feature_1 <= 2.41111 AND feature_0 > 0.11254 AND feature_0 > 1.10806 AND feature_1 > 0.98560 AND feature_0 > 1.70524 AND feature_1 > 1.02401 AND feature_0 <= 2.55420 AND feature_1 > 1.58963 AND feature_0 > 2.23936,"{'feature_0': (2.23936, 2.5542), 'feature_1': (1.58963, 2.41111)}",2,8.07,12,[Online] CT,"[868, 1628, 1856, 1857, 1991, 2045, 2061, 2101, 2103, 2104, 2118]",feature_9 <= 0.992 AND feature_2 <= 3.481 AND feature_0 > -0.59128 AND feature_1 > 0.62738 AND feature_1 > 0.88255 AND feature_1 <= 2.41111 AND feature_0 > 0.11254 AND feature_0 > 1.10806 AND feature_1 > 0.98560 AND feature_0 > 1.70524 AND feature_1 > 1.02401 AND feature_0 <= 2.55420 AND feature_1 > 1.58963 AND feature_0 > 2.23936,4.409,4.387,OptRes,[Online] CT OptRes,0.001,0.52,0.521,2154,26,0.0,5,3.6610000000000005,0.02200000000000024,100000
170,feature_0 <= -0.59128 AND feature_0 <= -0.83295 AND feature_1 > -0.75116 AND feature_1 <= 1.82416 AND feature_1 <= 0.39813 AND feature_0 <= -2.76753 AND feature_1 <= -0.49372,"{'feature_0': (-4.695, -2.76753), 'feature_1': (-0.75116, -0.49372)}",2,7.713,7,[Online] CT,"[1, 2, 166, 167, 168, 169]",feature_9 <= 0.992 AND feature_2 <= 3.481 AND feature_0 <= -0.59128 AND feature_0 <= -0.83295 AND feature_1 > -0.75116 AND feature_1 <= 1.82416 AND feature_1 <= 0.39813 AND feature_0 <= -2.76753 AND feature_1 <= -0.49372,2.558,2.535,OptRes,[Online] CT OptRes,0.001,0.52,0.521,2154,22,0.0,5,5.155,0.022999999999999687,100000
2098,feature_0 > -0.59128 AND feature_1 > 0.62738 AND feature_1 > 0.88255 AND feature_1 <= 2.41111 AND feature_0 > 0.11254 AND feature_0 > 1.10806 AND feature_1 > 0.98560 AND feature_0 <= 1.70524 AND feature_0 <= 1.67212 AND feature_1 > 1.76055 AND feature_1 > 1.86995 AND feature_1 > 1.96987 AND feature_0 <= 1.45093 AND feature_0 > 1.32718,"{'feature_0': (1.32718, 1.45093), 'feature_1': (1.96987, 2.41111)}",2,6.337,14,[Online] CT,"[868, 1628, 1856, 1857, 1991, 2045, 2061, 2062, 2063, 2089, 2091, 2093, 2094]",feature_9 <= 0.992 AND feature_2 <= 3.481 AND feature_0 > -0.59128 AND feature_1 > 0.62738 AND feature_1 > 0.88255 AND feature_1 <= 2.41111 AND feature_0 > 0.11254 AND feature_0 > 1.10806 AND feature_1 > 0.98560 AND feature_0 <= 1.70524 AND feature_0 <= 1.67212 AND feature_1 > 1.76055 AND feature_1 > 1.86995 AND feature_1 > 1.96987 AND feature_0 <= 1.45093 AND feature_0 > 1.32718,3.64,3.661,OptRes,[Online] CT OptRes,0.001,0.52,0.521,2154,24,0.0,5,2.6969999999999996,0.020999999999999908,100000
2115,feature_0 > -0.59128 AND feature_1 > 0.62738 AND feature_1 > 0.88255 AND feature_1 <= 2.41111 AND feature_0 > 0.11254 AND feature_0 > 1.10806 AND feature_1 > 0.98560 AND feature_0 > 1.70524 AND feature_1 > 1.02401 AND feature_0 <= 2.55420 AND feature_1 <= 1.58963 AND feature_1 <= 1.48266 AND feature_0 > 2.07622 AND feature_1 > 1.14033 AND feature_0 <= 2.23344,"{'feature_0': (2.07622, 2.23344), 'feature_1': (1.14033, 1.48266)}",2,6.018,15,[Online] CT,"[868, 1628, 1856, 1857, 1991, 2045, 2061, 2101, 2103, 2104, 2105, 2106, 2112, 2114]",feature_9 <= 0.992 AND feature_2 <= 3.481 AND feature_0 > -0.59128 AND feature_1 > 0.62738 AND feature_1 > 0.88255 AND feature_1 <= 2.41111 AND feature_0 > 0.11254 AND feature_0 > 1.10806 AND feature_1 > 0.98560 AND feature_0 > 1.70524 AND feature_1 > 1.02401 AND feature_0 <= 2.55420 AND feature_1 <= 1.58963 AND feature_1 <= 1.48266 AND feature_0 > 2.07622 AND feature_1 > 1.14033 AND feature_0 <= 2.23344,3.687,3.677,OptRes,[Online] CT OptRes,0.001,0.52,0.521,2154,30,0.0,5,2.331,0.009999999999999787,100000
1827,feature_0 > -0.59128 AND feature_1 > 0.62738 AND feature_1 <= 0.88255 AND feature_1 > 0.81224 AND feature_1 <= 0.85731 AND feature_1 > 0.82247 AND feature_0 > -0.09853 AND feature_0 > 0.46385 AND feature_1 <= 0.84261 AND feature_0 > 1.93935,"{'feature_0': (1.93935, 4.577), 'feature_1': (0.82247, 0.84261)}",2,5.942,10,[Online] CT,"[868, 1628, 1629, 1787, 1788, 1796, 1808, 1818, 1819]",feature_9 <= 0.992 AND feature_2 <= 3.481 AND feature_0 > -0.59128 AND feature_1 > 0.62738 AND feature_1 <= 0.88255 AND feature_1 > 0.81224 AND feature_1 <= 0.85731 AND feature_1 > 0.82247 AND feature_0 > -0.09853 AND feature_0 > 0.46385 AND feature_1 <= 0.84261 AND feature_0 > 1.93935,3.675,3.675,OptRes,[Online] CT OptRes,0.001,0.52,0.521,2154,20,0.0,5,2.2670000000000003,0.0,100000
2123,feature_0 > -0.59128 AND feature_1 > 0.62738 AND feature_1 > 0.88255 AND feature_1 <= 2.41111 AND feature_0 > 0.11254 AND feature_0 > 1.10806 AND feature_1 > 0.98560 AND feature_0 > 1.70524 AND feature_1 > 1.02401 AND feature_0 <= 2.55420 AND feature_1 > 1.58963 AND feature_0 <= 2.23936 AND feature_1 > 1.91520,"{'feature_0': (1.70524, 2.23936), 'feature_1': (1.9152, 2.41111)}",2,5.859,13,[Online] CT,"[868, 1628, 1856, 1857, 1991, 2045, 2061, 2101, 2103, 2104, 2118, 2119]",feature_9 <= 0.992 AND feature_2 <= 3.481 AND feature_0 > -0.59128 AND feature_1 > 0.62738 AND feature_1 > 0.88255 AND feature_1 <= 2.41111 AND feature_0 > 0.11254 AND feature_0 > 1.10806 AND feature_1 > 0.98560 AND feature_0 > 1.70524 AND feature_1 > 1.02401 AND feature_0 <= 2.55420 AND feature_1 > 1.58963 AND feature_0 <= 2.23936 AND feature_1 > 1.91520,4.143,4.148,ResOve,[Online] CT ResOve,0.15,0.52,0.67,2154,50,0.0,5,1.7160000000000002,0.004999999999999893,100000
1827,feature_0 > -0.59128 AND feature_1 > 0.62738 AND feature_1 <= 0.88255 AND feature_1 > 0.81224 AND feature_1 <= 0.85731 AND feature_1 > 0.82247 AND feature_0 > -0.09853 AND feature_0 > 0.46385 AND feature_1 <= 0.84261 AND feature_0 > 1.93935,"{'feature_0': (1.93935, 4.577), 'feature_1': (0.82247, 0.84261)}",2,5.942,10,[Online] CT,"[868, 1628, 1629, 1787, 1788, 1796, 1808, 1818, 1819]",feature_9 <= 0.992 AND feature_2 <= 3.481 AND feature_0 > -0.59128 AND feature_1 > 0.62738 AND feature_1 <= 0.88255 AND feature_1 > 0.81224 AND feature_1 <= 0.85731 AND feature_1 > 0.82247 AND feature_0 > -0.09853 AND feature_0 > 0.46385 AND feature_1 <= 0.84261 AND feature_0 > 1.93935,3.675,3.675,ResOve,[Online] CT ResOve,0.15,0.52,0.67,2154,20,0.0,5,2.2670000000000003,0.0,100000
235,feature_0 <= -0.59128 AND feature_0 <= -0.83295 AND feature_1 > -0.75116 AND feature_1 <= 1.82416 AND feature_1 <= 0.39813 AND feature_0 > -2.76753 AND feature_0 <= -1.06697 AND feature_0 > -2.15932 AND feature_1 <= 0.05717 AND feature_0 > -1.10956 AND feature_1 <= -0.10402 AND feature_1 > -0.55266 AND feature_1 <= -0.30197 AND feature_1 <= -0.47249,"{'feature_0': (-1.10956, -1.06697), 'feature_1': (-0.55266, -0.47249)}",2,5.747,14,[Online] CT,"[1, 2, 166, 167, 168, 176, 177, 201, 202, 230, 231, 233, 234]",feature_9 <= 0.992 AND feature_2 <= 3.481 AND feature_0 <= -0.59128 AND feature_0 <= -0.83295 AND feature_1 > -0.75116 AND feature_1 <= 1.82416 AND feature_1 <= 0.39813 AND feature_0 > -2.76753 AND feature_0 <= -1.06697 AND feature_0 > -2.15932 AND feature_1 <= 0.05717 AND feature_0 > -1.10956 AND feature_1 <= -0.10402 AND feature_1 > -0.55266 AND feature_1 <= -0.30197 AND feature_1 <= -0.47249,0.614,0.613,ResOve,[Online] CT ResOve,0.15,0.52,0.67,2154,30,0.0,5,5.133,0.0010000000000000009,100000
170,feature_0 <= -0.59128 AND feature_0 <= -0.83295 AND feature_1 > -0.75116 AND feature_1 <= 1.82416 AND feature_1 <= 0.39813 AND feature_0 <= -2.76753 AND feature_1 <= -0.49372,"{'feature_0': (-4.695, -2.76753), 'feature_1': (-0.75116, -0.49372)}",2,7.713,7,[Online] CT,"[1, 2, 166, 167, 168, 169]",feature_9 <= 0.992 AND feature_2 <= 3.481 AND feature_0 <= -0.59128 AND feature_0 <= -0.83295 AND feature_1 > -0.75116 AND feature_1 <= 1.82416 AND feature_1 <= 0.39813 AND feature_0 <= -2.76753 AND feature_1 <= -0.49372,2.558,2.535,ResOve,[Online] CT ResOve,0.15,0.52,0.67,2154,22,0.0,5,5.155,0.022999999999999687,100000
1817,feature_0 > -0.59128 AND feature_1 > 0.62738 AND feature_1 <= 0.88255 AND feature_1 > 0.81224 AND feature_1 <= 0.85731 AND feature_1 > 0.82247 AND feature_0 > -0.09853 AND feature_0 <= 0.46385 AND feature_0 > -0.03555 AND feature_1 > 0.85037,"{'feature_0': (-0.03555, 0.46385), 'feature_1': (0.85037, 0.85731)}",2,5.691,10,[Online] CT,"[868, 1628, 1629, 1787, 1788, 1796, 1808, 1809, 1811]",feature_9 <= 0.992 AND feature_2 <= 3.481 AND feature_0 > -0.59128 AND feature_1 > 0.62738 AND feature_1 <= 0.88255 AND feature_1 > 0.81224 AND feature_1 <= 0.85731 AND feature_1 > 0.82247 AND feature_0 > -0.09853 AND feature_0 <= 0.46385 AND feature_0 > -0.03555 AND feature_1 > 0.85037,1.453,1.471,ResOve,[Online] CT ResOve,0.15,0.52,0.67,2154,34,0.0,5,4.2379999999999995,0.018000000000000016,100000
2098,feature_0 > -0.59128 AND feature_1 > 0.62738 AND feature_1 > 0.88255 AND feature_1 <= 2.41111 AND feature_0 > 0.11254 AND feature_0 > 1.10806 AND feature_1 > 0.98560 AND feature_0 <= 1.70524 AND feature_0 <= 1.67212 AND feature_1 > 1.76055 AND feature_1 > 1.86995 AND feature_1 > 1.96987 AND feature_0 <= 1.45093 AND feature_0 > 1.32718,"{'feature_0': (1.32718, 1.45093), 'feature_1': (1.96987, 2.41111)}",2,6.337,14,[Online] CT,"[868, 1628, 1856, 1857, 1991, 2045, 2061, 2062, 2063, 2089, 2091, 2093, 2094]",feature_9 <= 0.992 AND feature_2 <= 3.481 AND feature_0 > -0.59128 AND feature_1 > 0.62738 AND feature_1 > 0.88255 AND feature_1 <= 2.41111 AND feature_0 > 0.11254 AND feature_0 > 1.10806 AND feature_1 > 0.98560 AND feature_0 <= 1.70524 AND feature_0 <= 1.67212 AND feature_1 > 1.76055 AND feature_1 > 1.86995 AND feature_1 > 1.96987 AND feature_0 <= 1.45093 AND feature_0 > 1.32718,3.64,3.661,NoOve,[Online] CT NoOve,0.001,0.52,0.521,2154,24,0.0,5,2.6969999999999996,0.020999999999999908,100000
1970,feature_0 > -0.59128 AND feature_1 > 0.62738 AND feature_1 > 0.88255 AND feature_1 <= 2.41111 AND feature_0 <= 0.11254 AND feature_1 > 1.54106 AND feature_0 > -0.45932 AND feature_1 > 1.66274 AND feature_0 > -0.31429 AND feature_0 <= 0.10024 AND feature_0 <= -0.04515 AND feature_1 <= 1.92209 AND feature_1 > 1.74905 AND feature_0 <= -0.25810,"{'feature_0': (-0.31429, -0.2581), 'feature_1': (1.74905, 1.92209)}",2,5.867,14,[Online] CT,"[868, 1628, 1856, 1857, 1858, 1926, 1938, 1954, 1964, 1965, 1966, 1967, 1969]",feature_9 <= 0.992 AND feature_2 <= 3.481 AND feature_0 > -0.59128 AND feature_1 > 0.62738 AND feature_1 > 0.88255 AND feature_1 <= 2.41111 AND feature_0 <= 0.11254 AND feature_1 > 1.54106 AND feature_0 > -0.45932 AND feature_1 > 1.66274 AND feature_0 > -0.31429 AND feature_0 <= 0.10024 AND feature_0 <= -0.04515 AND feature_1 <= 1.92209 AND feature_1 > 1.74905 AND feature_0 <= -0.25810,1.683,1.683,NoOve,[Online] CT NoOve,0.001,0.52,0.521,2154,20,0.0,5,4.184,0.0,100000
235,feature_0 <= -0.59128 AND feature_0 <= -0.83295 AND feature_1 > -0.75116 AND feature_1 <= 1.82416 AND feature_1 <= 0.39813 AND feature_0 > -2.76753 AND feature_0 <= -1.06697 AND feature_0 > -2.15932 AND feature_1 <= 0.05717 AND feature_0 > -1.10956 AND feature_1 <= -0.10402 AND feature_1 > -0.55266 AND feature_1 <= -0.30197 AND feature_1 <= -0.47249,"{'feature_0': (-1.10956, -1.06697), 'feature_1': (-0.55266, -0.47249)}",2,5.747,14,[Online] CT,"[1, 2, 166, 167, 168, 176, 177, 201, 202, 230, 231, 233, 234]",feature_9 <= 0.992 AND feature_2 <= 3.481 AND feature_0 <= -0.59128 AND feature_0 <= -0.83295 AND feature_1 > -0.75116 AND feature_1 <= 1.82416 AND feature_1 <= 0.39813 AND feature_0 > -2.76753 AND feature_0 <= -1.06697 AND feature_0 > -2.15932 AND feature_1 <= 0.05717 AND feature_0 > -1.10956 AND feature_1 <= -0.10402 AND feature_1 > -0.55266 AND feature_1 <= -0.30197 AND feature_1 <= -0.47249,0.614,0.613,NoOve,[Online] CT NoOve,0.001,0.52,0.521,2154,30,0.0,5,5.133,0.0010000000000000009,100000
1422,feature_0 > -0.59128 AND feature_1 <= 0.62738 AND feature_0 > -0.06656 AND feature_0 <= 2.30626 AND feature_1 <= 0.26078 AND feature_0 > 0.06019 AND feature_0 > 1.80704 AND feature_1 <= 0.22829 AND feature_1 > -1.99985 AND feature_1 <= -0.12189 AND feature_1 <= -0.16022 AND feature_0 <= 2.08950 AND feature_1 <= -1.05992 AND feature_1 > -1.15812,"{'feature_0': (1.80704, 2.0895), 'feature_1': (-1.15812, -1.05992)}",2,5.406,14,[Online] CT,"[868, 869, 1137, 1138, 1139, 1231, 1411, 1412, 1414, 1415, 1416, 1417, 1418]",feature_9 <= 0.992 AND feature_2 <= 3.481 AND feature_0 > -0.59128 AND feature_1 <= 0.62738 AND feature_0 > -0.06656 AND feature_0 <= 2.30626 AND feature_1 <= 0.26078 AND feature_0 > 0.06019 AND feature_0 > 1.80704 AND feature_1 <= 0.22829 AND feature_1 > -1.99985 AND feature_1 <= -0.12189 AND feature_1 <= -0.16022 AND feature_0 <= 2.08950 AND feature_1 <= -1.05992 AND feature_1 > -1.15812,2.208,2.203,NoOve,[Online] CT NoOve,0.001,0.52,0.521,2154,34,0.0,5,3.1979999999999995,0.0050000000000003375,100000
1448,feature_0 > -0.59128 AND feature_1 <= 0.62738 AND feature_0 > -0.06656 AND feature_0 <= 2.30626 AND feature_1 <= 0.26078 AND feature_0 > 0.06019 AND feature_0 > 1.80704 AND feature_1 <= 0.22829 AND feature_1 > -1.99985 AND feature_1 > -0.12189 AND feature_1 <= 0.12877 AND feature_0 > 1.97020 AND feature_1 <= 0.03166 AND feature_1 > -0.01857,"{'feature_0': (1.9702, 2.30626), 'feature_1': (-0.01857, 0.03166)}",2,5.388,14,[Online] CT,"[868, 869, 1137, 1138, 1139, 1231, 1411, 1412, 1414, 1438, 1439, 1445, 1446]",feature_9 <= 0.992 AND feature_2 <= 3.481 AND feature_0 > -0.59128 AND feature_1 <= 0.62738 AND feature_0 > -0.06656 AND feature_0 <= 2.30626 AND feature_1 <= 0.26078 AND feature_0 > 0.06019 AND feature_0 > 1.80704 AND feature_1 <= 0.22829 AND feature_1 > -1.99985 AND feature_1 > -0.12189 AND feature_1 <= 0.12877 AND feature_0 > 1.97020 AND feature_1 <= 0.03166 AND feature_1 > -0.01857,2.798,2.8,NoOve,[Online] CT NoOve,0.001,0.52,0.521,2154,25,0.0,5,2.59,0.0019999999999997797,100000
674,feature_0 <= -0.59128 AND feature_0 > -0.83295 AND feature_1 <= 0.20377 AND feature_1 > -0.65789 AND feature_1 > -0.33843 AND feature_0 <= -0.62586 AND feature_1 > -0.31604 AND feature_1 > -0.29708 AND feature_0 <= -0.74610 AND feature_1 > -0.24631 AND feature_1 > -0.12874 AND feature_0 <= -0.77383 AND feature_1 > -0.08322 AND feature_0 <= -0.81171,"{'feature_0': (-0.83295, -0.81171), 'feature_1': (-0.08322, 0.20377)}",2,1.49,14,[Online] CT,"[1, 537, 538, 624, 658, 659, 661, 663, 664, 666, 670, 671, 673]",feature_9 <= 0.992 AND feature_2 <= 3.481 AND feature_0 <= -0.59128 AND feature_0 > -0.83295 AND feature_1 <= 0.20377 AND feature_1 > -0.65789 AND feature_1 > -0.33843 AND feature_0 <= -0.62586 AND feature_1 > -0.31604 AND feature_1 > -0.29708 AND feature_0 <= -0.74610 AND feature_1 > -0.24631 AND feature_1 > -0.12874 AND feature_0 <= -0.77383 AND feature_1 > -0.08322 AND feature_0 <= -0.81171,0.095,0.092,Random,[Online] CT Random,0.0,0.52,0.52,2154,68,0.0,5,1.395,0.0030000000000000027,100000
1068,feature_0 > -0.59128 AND feature_1 <= 0.62738 AND feature_0 <= -0.06656 AND feature_1 > -0.38294 AND feature_0 <= -0.26972 AND feature_1 > 0.25807 AND feature_0 > -0.56900 AND feature_1 <= 0.55178 AND feature_1 <= 0.51964 AND feature_1 <= 0.51192 AND feature_1 <= 0.48333 AND feature_1 > 0.45913 AND feature_1 <= 0.47693,"{'feature_0': (-0.569, -0.26972), 'feature_1': (0.45913, 0.47693)}",2,1.627,13,[Online] CT,"[868, 869, 870, 974, 975, 1051, 1055, 1056, 1057, 1058, 1059, 1067]",feature_9 <= 0.992 AND feature_2 <= 3.481 AND feature_0 > -0.59128 AND feature_1 <= 0.62738 AND feature_0 <= -0.06656 AND feature_1 > -0.38294 AND feature_0 <= -0.26972 AND feature_1 > 0.25807 AND feature_0 > -0.56900 AND feature_1 <= 0.55178 AND feature_1 <= 0.51964 AND feature_1 <= 0.51192 AND feature_1 <= 0.48333 AND feature_1 > 0.45913 AND feature_1 <= 0.47693,0.526,0.527,Random,[Online] CT Random,0.0,0.52,0.52,2154,64,0.0,5,1.101,0.0010000000000000009,100000
90,feature_0 <= -0.59128 AND feature_0 <= -0.83295 AND feature_1 <= -0.75116 AND feature_0 > -1.52998 AND feature_1 <= -0.89023 AND feature_1 > -2.16363 AND feature_0 <= -0.89250 AND feature_1 <= -1.73711,"{'feature_0': (-1.52998, -0.8925), 'feature_1': (-2.16363, -1.73711)}",2,0.145,8,[Online] CT,"[1, 2, 3, 77, 78, 88, 89]",feature_9 <= 0.992 AND feature_2 <= 3.481 AND feature_0 <= -0.59128 AND feature_0 <= -0.83295 AND feature_1 <= -0.75116 AND feature_0 > -1.52998 AND feature_1 <= -0.89023 AND feature_1 > -2.16363 AND feature_0 <= -0.89250 AND feature_1 <= -1.73711,1.036,1.037,Random,[Online] CT Random,0.0,0.52,0.52,2154,274,0.0,5,0.891,0.0009999999999998899,100000
1756,feature_0 > -0.59128 AND feature_1 > 0.62738 AND feature_1 <= 0.88255 AND feature_1 <= 0.81224 AND feature_1 > 0.63936 AND feature_0 > 0.39137 AND feature_0 <= 1.40701 AND feature_1 > 0.68493 AND feature_0 > 0.51752 AND feature_0 > 0.54932 AND feature_1 > 0.74564 AND feature_0 <= 1.01514 AND feature_1 > 0.77254,"{'feature_0': (0.54932, 1.01514), 'feature_1': (0.77254, 0.81224)}",2,2.172,13,[Online] CT,"[868, 1628, 1629, 1630, 1644, 1714, 1715, 1731, 1739, 1741, 1751, 1752]",feature_9 <= 0.992 AND feature_2 <= 3.481 AND feature_0 > -0.59128 AND feature_1 > 0.62738 AND feature_1 <= 0.88255 AND feature_1 <= 0.81224 AND feature_1 > 0.63936 AND feature_0 > 0.39137 AND feature_0 <= 1.40701 AND feature_1 > 0.68493 AND feature_0 > 0.51752 AND feature_0 > 0.54932 AND feature_1 > 0.74564 AND feature_0 <= 1.01514 AND feature_1 > 0.77254,1.918,1.921,Random,[Online] CT Random,0.0,0.52,0.52,2154,138,0.0,5,0.2540000000000002,0.0030000000000001137,100000
1240,feature_0 > -0.59128 AND feature_1 <= 0.62738 AND feature_0 > -0.06656 AND feature_0 <= 2.30626 AND feature_1 <= 0.26078 AND feature_0 > 0.06019 AND feature_0 <= 1.80704 AND feature_1 <= -1.24453 AND feature_0 <= 0.77243 AND feature_0 <= 0.74311 AND feature_1 <= -1.27559 AND feature_0 <= 0.12932 AND feature_1 > -2.33163 AND feature_0 <= 0.07294,"{'feature_0': (0.06019, 0.07294), 'feature_1': (-2.33163, -1.27559)}",2,0.354,14,[Online] CT,"[868, 869, 1137, 1138, 1139, 1231, 1232, 1233, 1234, 1235, 1236, 1237, 1239]",feature_9 <= 0.992 AND feature_2 <= 3.481 AND feature_0 > -0.59128 AND feature_1 <= 0.62738 AND feature_0 > -0.06656 AND feature_0 <= 2.30626 AND feature_1 <= 0.26078 AND feature_0 > 0.06019 AND feature_0 <= 1.80704 AND feature_1 <= -1.24453 AND feature_0 <= 0.77243 AND feature_0 <= 0.74311 AND feature_1 <= -1.27559 AND feature_0 <= 0.12932 AND feature_1 > -2.33163 AND feature_0 <= 0.07294,0.25,0.254,Random,[Online] CT Random,0.0,0.52,0.52,2154,32,0.0,5,0.10399999999999998,0.0040000000000000036,100000
1029,feature_0 > -0.63854 AND feature_1 <= 0.90825 AND feature_0 > 1.35085 AND feature_0 > 1.81569 AND feature_1 > -0.47983 AND feature_0 <= 2.02683 AND feature_1 <= 0.66986 AND feature_1 > 0.57844,"{'feature_0': (1.81569, 2.02683), 'feature_1': (0.57844, 0.66986)}",2,6.797,8,[Online] CT,"[594, 595, 895, 985, 1011, 1012, 1013]",feature_3 <= 3.192 AND feature_3 <= -0.018 AND feature_0 > -0.63854 AND feature_1 <= 0.90825 AND feature_0 > 1.35085 AND feature_0 > 1.81569 AND feature_1 > -0.47983 AND feature_0 <= 2.02683 AND feature_1 <= 0.66986 AND feature_1 > 0.57844,2.968,2.993,OptRes,[Online] CT OptRes,0.0,0.3,0.3,1334,22,0.0,5,3.8289999999999997,0.02499999999999991,100000
959,feature_0 > -0.63854 AND feature_1 <= 0.90825 AND feature_0 > 1.35085 AND feature_0 <= 1.81569 AND feature_1 > -0.92864 AND feature_0 > 1.35545 AND feature_0 > 1.35980 AND feature_0 <= 1.79797 AND feature_1 <= 0.49080 AND feature_0 > 1.56432 AND feature_1 > -0.65372 AND feature_1 <= -0.34003 AND feature_1 > -0.39615,"{'feature_0': (1.56432, 1.79797), 'feature_1': (-0.39615, -0.34003)}",2,6.291,13,[Online] CT,"[594, 595, 895, 896, 920, 922, 924, 925, 926, 948, 952, 953]",feature_3 <= 3.192 AND feature_3 <= -0.018 AND feature_0 > -0.63854 AND feature_1 <= 0.90825 AND feature_0 > 1.35085 AND feature_0 <= 1.81569 AND feature_1 > -0.92864 AND feature_0 > 1.35545 AND feature_0 > 1.35980 AND feature_0 <= 1.79797 AND feature_1 <= 0.49080 AND feature_0 > 1.56432 AND feature_1 > -0.65372 AND feature_1 <= -0.34003 AND feature_1 > -0.39615,2.215,2.217,OptRes,[Online] CT OptRes,0.0,0.3,0.3,1334,21,0.0,5,4.0760000000000005,0.002000000000000224,100000
1273,feature_0 > -0.63854 AND feature_1 > 0.90825 AND feature_0 > 0.26846 AND feature_1 <= 2.33354 AND feature_0 <= 0.79004 AND feature_0 <= 0.77117 AND feature_1 <= 1.94608 AND feature_0 > 0.61281 AND feature_1 <= 0.99664 AND feature_1 > 0.94522,"{'feature_0': (0.61281, 0.77117), 'feature_1': (0.94522, 0.99664)}",2,5.842,10,[Online] CT,"[594, 1058, 1222, 1223, 1224, 1225, 1226, 1270, 1271]",feature_3 <= 3.192 AND feature_3 <= -0.018 AND feature_0 > -0.63854 AND feature_1 > 0.90825 AND feature_0 > 0.26846 AND feature_1 <= 2.33354 AND feature_0 <= 0.79004 AND feature_0 <= 0.77117 AND feature_1 <= 1.94608 AND feature_0 > 0.61281 AND feature_1 <= 0.99664 AND feature_1 > 0.94522,1.986,1.986,OptRes,[Online] CT OptRes,0.0,0.3,0.3,1334,40,0.0,5,3.856,0.0,100000
169,feature_0 <= -0.63854 AND feature_0 <= -1.00388 AND feature_1 <= 0.34403 AND feature_1 > -0.96018 AND feature_0 > -2.77827 AND feature_0 > -1.96445 AND feature_0 > -1.90884 AND feature_0 > -1.71428 AND feature_0 > -1.06813 AND feature_1 > -0.78822 AND feature_1 <= 0.08039 AND feature_1 > -0.63876 AND feature_0 <= -1.02997 AND feature_1 > -0.26484 AND feature_0 > -1.04287,"{'feature_0': (-1.04287, -1.02997), 'feature_1': (-0.26484, 0.08039)}",2,5.731,15,[Online] CT,"[1, 2, 3, 73, 75, 105, 109, 129, 157, 159, 160, 162, 163, 167]",feature_3 <= 3.192 AND feature_3 <= -0.018 AND feature_0 <= -0.63854 AND feature_0 <= -1.00388 AND feature_1 <= 0.34403 AND feature_1 > -0.96018 AND feature_0 > -2.77827 AND feature_0 > -1.96445 AND feature_0 > -1.90884 AND feature_0 > -1.71428 AND feature_0 > -1.06813 AND feature_1 > -0.78822 AND feature_1 <= 0.08039 AND feature_1 > -0.63876 AND feature_0 <= -1.02997 AND feature_1 > -0.26484 AND feature_0 > -1.04287,0.385,0.384,OptRes,[Online] CT OptRes,0.0,0.3,0.3,1334,23,0.0,5,5.346,0.0010000000000000009,100000
1334,feature_0 > -0.63854 AND feature_1 > 0.90825 AND feature_0 > 0.26846 AND feature_1 > 2.33354 AND feature_0 > 1.35211,"{'feature_0': (1.35211, 4.577), 'feature_1': (2.33354, 4.438)}",2,5.716,5,[Online] CT,"[594, 1058, 1222, 1326]",feature_3 <= 3.192 AND feature_3 <= -0.018 AND feature_0 > -0.63854 AND feature_1 > 0.90825 AND feature_0 > 0.26846 AND feature_1 > 2.33354 AND feature_0 > 1.35211,4.525,4.469,OptRes,[Online] CT OptRes,0.0,0.3,0.3,1334,40,0.0,5,1.1909999999999998,0.05600000000000005,100000
959,feature_0 > -0.63854 AND feature_1 <= 0.90825 AND feature_0 > 1.35085 AND feature_0 <= 1.81569 AND feature_1 > -0.92864 AND feature_0 > 1.35545 AND feature_0 > 1.35980 AND feature_0 <= 1.79797 AND feature_1 <= 0.49080 AND feature_0 > 1.56432 AND feature_1 > -0.65372 AND feature_1 <= -0.34003 AND feature_1 > -0.39615,"{'feature_0': (1.56432, 1.79797), 'feature_1': (-0.39615, -0.34003)}",2,6.291,13,[Online] CT,"[594, 595, 895, 896, 920, 922, 924, 925, 926, 948, 952, 953]",feature_3 <= 3.192 AND feature_3 <= -0.018 AND feature_0 > -0.63854 AND feature_1 <= 0.90825 AND feature_0 > 1.35085 AND feature_0 <= 1.81569 AND feature_1 > -0.92864 AND feature_0 > 1.35545 AND feature_0 > 1.35980 AND feature_0 <= 1.79797 AND feature_1 <= 0.49080 AND feature_0 > 1.56432 AND feature_1 > -0.65372 AND feature_1 <= -0.34003 AND feature_1 > -0.39615,2.215,2.217,ResOve,[Online] CT ResOve,0.119,0.3,0.419,1334,21,0.0,5,4.0760000000000005,0.002000000000000224,100000
169,feature_0 <= -0.63854 AND feature_0 <= -1.00388 AND feature_1 <= 0.34403 AND feature_1 > -0.96018 AND feature_0 > -2.77827 AND feature_0 > -1.96445 AND feature_0 > -1.90884 AND feature_0 > -1.71428 AND feature_0 > -1.06813 AND feature_1 > -0.78822 AND feature_1 <= 0.08039 AND feature_1 > -0.63876 AND feature_0 <= -1.02997 AND feature_1 > -0.26484 AND feature_0 > -1.04287,"{'feature_0': (-1.04287, -1.02997), 'feature_1': (-0.26484, 0.08039)}",2,5.731,15,[Online] CT,"[1, 2, 3, 73, 75, 105, 109, 129, 157, 159, 160, 162, 163, 167]",feature_3 <= 3.192 AND feature_3 <= -0.018 AND feature_0 <= -0.63854 AND feature_0 <= -1.00388 AND feature_1 <= 0.34403 AND feature_1 > -0.96018 AND feature_0 > -2.77827 AND feature_0 > -1.96445 AND feature_0 > -1.90884 AND feature_0 > -1.71428 AND feature_0 > -1.06813 AND feature_1 > -0.78822 AND feature_1 <= 0.08039 AND feature_1 > -0.63876 AND feature_0 <= -1.02997 AND feature_1 > -0.26484 AND feature_0 > -1.04287,0.385,0.384,ResOve,[Online] CT ResOve,0.119,0.3,0.419,1334,23,0.0,5,5.346,0.0010000000000000009,100000
1334,feature_0 > -0.63854 AND feature_1 > 0.90825 AND feature_0 > 0.26846 AND feature_1 > 2.33354 AND feature_0 > 1.35211,"{'feature_0': (1.35211, 4.577), 'feature_1': (2.33354, 4.438)}",2,5.716,5,[Online] CT,"[594, 1058, 1222, 1326]",feature_3 <= 3.192 AND feature_3 <= -0.018 AND feature_0 > -0.63854 AND feature_1 > 0.90825 AND feature_0 > 0.26846 AND feature_1 > 2.33354 AND feature_0 > 1.35211,4.525,4.469,ResOve,[Online] CT ResOve,0.119,0.3,0.419,1334,40,0.0,5,1.1909999999999998,0.05600000000000005,100000
1273,feature_0 > -0.63854 AND feature_1 > 0.90825 AND feature_0 > 0.26846 AND feature_1 <= 2.33354 AND feature_0 <= 0.79004 AND feature_0 <= 0.77117 AND feature_1 <= 1.94608 AND feature_0 > 0.61281 AND feature_1 <= 0.99664 AND feature_1 > 0.94522,"{'feature_0': (0.61281, 0.77117), 'feature_1': (0.94522, 0.99664)}",2,5.842,10,[Online] CT,"[594, 1058, 1222, 1223, 1224, 1225, 1226, 1270, 1271]",feature_3 <= 3.192 AND feature_3 <= -0.018 AND feature_0 > -0.63854 AND feature_1 > 0.90825 AND feature_0 > 0.26846 AND feature_1 <= 2.33354 AND feature_0 <= 0.79004 AND feature_0 <= 0.77117 AND feature_1 <= 1.94608 AND feature_0 > 0.61281 AND feature_1 <= 0.99664 AND feature_1 > 0.94522,1.986,1.986,ResOve,[Online] CT ResOve,0.119,0.3,0.419,1334,40,0.0,5,3.856,0.0,100000
1029,feature_0 > -0.63854 AND feature_1 <= 0.90825 AND feature_0 > 1.35085 AND feature_0 > 1.81569 AND feature_1 > -0.47983 AND feature_0 <= 2.02683 AND feature_1 <= 0.66986 AND feature_1 > 0.57844,"{'feature_0': (1.81569, 2.02683), 'feature_1': (0.57844, 0.66986)}",2,6.797,8,[Online] CT,"[594, 595, 895, 985, 1011, 1012, 1013]",feature_3 <= 3.192 AND feature_3 <= -0.018 AND feature_0 > -0.63854 AND feature_1 <= 0.90825 AND feature_0 > 1.35085 AND feature_0 > 1.81569 AND feature_1 > -0.47983 AND feature_0 <= 2.02683 AND feature_1 <= 0.66986 AND feature_1 > 0.57844,2.968,2.993,ResOve,[Online] CT ResOve,0.119,0.3,0.419,1334,22,0.0,5,3.8289999999999997,0.02499999999999991,100000
1029,feature_0 > -0.63854 AND feature_1 <= 0.90825 AND feature_0 > 1.35085 AND feature_0 > 1.81569 AND feature_1 > -0.47983 AND feature_0 <= 2.02683 AND feature_1 <= 0.66986 AND feature_1 > 0.57844,"{'feature_0': (1.81569, 2.02683), 'feature_1': (0.57844, 0.66986)}",2,6.797,8,[Online] CT,"[594, 595, 895, 985, 1011, 1012, 1013]",feature_3 <= 3.192 AND feature_3 <= -0.018 AND feature_0 > -0.63854 AND feature_1 <= 0.90825 AND feature_0 > 1.35085 AND feature_0 > 1.81569 AND feature_1 > -0.47983 AND feature_0 <= 2.02683 AND feature_1 <= 0.66986 AND feature_1 > 0.57844,2.968,2.993,NoOve,[Online] CT NoOve,0.0,0.3,0.3,1334,22,0.0,5,3.8289999999999997,0.02499999999999991,100000
1288,feature_0 > -0.63854 AND feature_1 > 0.90825 AND feature_0 > 0.26846 AND feature_1 <= 2.33354 AND feature_0 <= 0.79004 AND feature_0 <= 0.77117 AND feature_1 > 1.94608 AND feature_0 <= 0.40576,"{'feature_0': (0.26846, 0.40576), 'feature_1': (1.94608, 2.33354)}",2,5.177,8,[Online] CT,"[594, 1058, 1222, 1223, 1224, 1225, 1287]",feature_3 <= 3.192 AND feature_3 <= -0.018 AND feature_0 > -0.63854 AND feature_1 > 0.90825 AND feature_0 > 0.26846 AND feature_1 <= 2.33354 AND feature_0 <= 0.79004 AND feature_0 <= 0.77117 AND feature_1 > 1.94608 AND feature_0 <= 0.40576,2.553,2.548,NoOve,[Online] CT NoOve,0.0,0.3,0.3,1334,45,0.0,5,2.6239999999999997,0.004999999999999893,100000
1209,feature_0 > -0.63854 AND feature_1 > 0.90825 AND feature_0 <= 0.26846 AND feature_1 > 1.47506 AND feature_0 > -0.28437 AND feature_0 <= 0.22903 AND feature_1 > 2.02291 AND feature_0 <= -0.18439,"{'feature_0': (-0.28437, -0.18439), 'feature_1': (2.02291, 4.438)}",2,4.611,8,[Online] CT,"[594, 1058, 1059, 1151, 1179, 1180, 1208]",feature_3 <= 3.192 AND feature_3 <= -0.018 AND feature_0 > -0.63854 AND feature_1 > 0.90825 AND feature_0 <= 0.26846 AND feature_1 > 1.47506 AND feature_0 > -0.28437 AND feature_0 <= 0.22903 AND feature_1 > 2.02291 AND feature_0 <= -0.18439,2.266,2.285,NoOve,[Online] CT NoOve,0.0,0.3,0.3,1334,38,0.0,5,2.3449999999999998,0.019000000000000128,100000
288,feature_0 <= -0.63854 AND feature_0 <= -1.00388 AND feature_1 > 0.34403 AND feature_1 > 0.76000 AND feature_0 <= -1.10557 AND feature_0 > -1.63676 AND feature_1 > 1.39366 AND feature_1 <= 1.42824,"{'feature_0': (-1.63676, -1.10557), 'feature_1': (1.39366, 1.42824)}",2,4.52,8,[Online] CT,"[1, 2, 176, 228, 229, 261, 287]",feature_3 <= 3.192 AND feature_3 <= -0.018 AND feature_0 <= -0.63854 AND feature_0 <= -1.00388 AND feature_1 > 0.34403 AND feature_1 > 0.76000 AND feature_0 <= -1.10557 AND feature_0 > -1.63676 AND feature_1 > 1.39366 AND feature_1 <= 1.42824,0.299,0.269,NoOve,[Online] CT NoOve,0.0,0.3,0.3,1334,28,0.0,5,4.220999999999999,0.02999999999999997,100000
87,feature_0 <= -0.63854 AND feature_0 <= -1.00388 AND feature_1 <= 0.34403 AND feature_1 > -0.96018 AND feature_0 > -2.77827 AND feature_0 <= -1.96445 AND feature_1 <= -0.31826 AND feature_0 > -2.08797,"{'feature_0': (-2.08797, -1.96445), 'feature_1': (-0.96018, -0.31826)}",2,4.245,8,[Online] CT,"[1, 2, 3, 73, 75, 76, 77]",feature_3 <= 3.192 AND feature_3 <= -0.018 AND feature_0 <= -0.63854 AND feature_0 <= -1.00388 AND feature_1 <= 0.34403 AND feature_1 > -0.96018 AND feature_0 > -2.77827 AND feature_0 <= -1.96445 AND feature_1 <= -0.31826 AND feature_0 > -2.08797,1.584,1.578,NoOve,[Online] CT NoOve,0.0,0.3,0.3,1334,62,0.0,5,2.661,0.006000000000000005,100000
1111,feature_0 > -0.63854 AND feature_1 > 0.90825 AND feature_0 <= 0.26846 AND feature_1 <= 1.47506 AND feature_0 > -0.28165 AND feature_0 <= -0.14982 AND feature_1 > 1.23700 AND feature_1 > 1.34641,"{'feature_0': (-0.28165, -0.14982), 'feature_1': (1.34641, 1.47506)}",2,2.264,8,[Online] CT,"[594, 1058, 1059, 1060, 1098, 1099, 1109]",feature_3 <= 3.192 AND feature_3 <= -0.018 AND feature_0 > -0.63854 AND feature_1 > 0.90825 AND feature_0 <= 0.26846 AND feature_1 <= 1.47506 AND feature_0 > -0.28165 AND feature_0 <= -0.14982 AND feature_1 > 1.23700 AND feature_1 > 1.34641,1.412,1.409,Random,[Online] CT Random,0.0,0.3,0.3,1334,51,0.0,5,0.8519999999999999,0.0029999999999998916,100000
516,feature_0 <= -0.63854 AND feature_0 > -1.00388 AND feature_0 > -0.77823 AND feature_0 <= -0.71221 AND feature_1 > 0.08850 AND feature_1 > 0.63716 AND feature_1 > 1.12219,"{'feature_0': (-0.77823, -0.71221), 'feature_1': (1.12219, 4.438)}",2,2.079,7,[Online] CT,"[1, 319, 465, 466, 500, 508]",feature_3 <= 3.192 AND feature_3 <= -0.018 AND feature_0 <= -0.63854 AND feature_0 > -1.00388 AND feature_0 > -0.77823 AND feature_0 <= -0.71221 AND feature_1 > 0.08850 AND feature_1 > 0.63716 AND feature_1 > 1.12219,1.09,1.062,Random,[Online] CT Random,0.0,0.3,0.3,1334,121,0.0,5,0.9890000000000001,0.028000000000000025,100000
92,feature_0 <= -0.63854 AND feature_0 <= -1.00388 AND feature_1 <= 0.34403 AND feature_1 > -0.96018 AND feature_0 > -2.77827 AND feature_0 <= -1.96445 AND feature_1 > -0.31826 AND feature_0 <= -2.12044 AND feature_1 <= -0.11850,"{'feature_0': (-2.77827, -2.12044), 'feature_1': (-0.31826, -0.1185)}",2,0.946,9,[Online] CT,"[1, 2, 3, 73, 75, 76, 90, 91]",feature_3 <= 3.192 AND feature_3 <= -0.018 AND feature_0 <= -0.63854 AND feature_0 <= -1.00388 AND feature_1 <= 0.34403 AND feature_1 > -0.96018 AND feature_0 > -2.77827 AND feature_0 <= -1.96445 AND feature_1 > -0.31826 AND feature_0 <= -2.12044 AND feature_1 <= -0.11850,1.8,1.815,Random,[Online] CT Random,0.0,0.3,0.3,1334,64,0.0,5,0.8540000000000001,0.014999999999999902,100000
289,feature_0 <= -0.63854 AND feature_0 <= -1.00388 AND feature_1 > 0.34403 AND feature_1 > 0.76000 AND feature_0 <= -1.10557 AND feature_0 > -1.63676 AND feature_1 > 1.39366 AND feature_1 > 1.42824,"{'feature_0': (-1.63676, -1.10557), 'feature_1': (1.42824, 4.438)}",2,1.062,8,[Online] CT,"[1, 2, 176, 228, 229, 261, 287]",feature_3 <= 3.192 AND feature_3 <= -0.018 AND feature_0 <= -0.63854 AND feature_0 <= -1.00388 AND feature_1 > 0.34403 AND feature_1 > 0.76000 AND feature_0 <= -1.10557 AND feature_0 > -1.63676 AND feature_1 > 1.39366 AND feature_1 > 1.42824,0.702,0.724,Random,[Online] CT Random,0.0,0.3,0.3,1334,292,0.0,5,0.3600000000000001,0.02200000000000002,100000
451,feature_0 <= -0.63854 AND feature_0 > -1.00388 AND feature_0 <= -0.77823 AND feature_0 > -0.91302 AND feature_0 > -0.90770 AND feature_1 > 1.09274 AND feature_0 <= -0.82635,"{'feature_0': (-0.9077, -0.82635), 'feature_1': (1.09274, 4.438)}",2,0.304,7,[Online] CT,"[1, 319, 320, 386, 390, 450]",feature_3 <= 3.192 AND feature_3 <= -0.018 AND feature_0 <= -0.63854 AND feature_0 > -1.00388 AND feature_0 <= -0.77823 AND feature_0 > -0.91302 AND feature_0 > -0.90770 AND feature_1 > 1.09274 AND feature_0 <= -0.82635,0.924,0.887,Random,[Online] CT Random,0.0,0.3,0.3,1334,164,0.0,5,0.6200000000000001,0.03700000000000003,100000
5097,feature_0 > 0.67712 AND feature_0 > 0.83365 AND feature_0 <= 1.56103 AND feature_1 > 0.21486 AND feature_1 > 1.56417 AND feature_1 > 2.17417 AND feature_0 <= 1.37220 AND feature_0 > 0.96450 AND feature_0 > 1.00565 AND feature_1 <= 3.10793 AND feature_1 <= 2.26539 AND feature_0 <= 1.28065 AND feature_0 > 1.10695 AND feature_1 > 2.22612,"{'feature_0': (1.10695, 1.28065), 'feature_1': (2.22612, 2.26539)}",2,9.246,14,[Online] CT,"[3256, 4094, 4095, 4631, 4979, 5063, 5064, 5082, 5088, 5089, 5090, 5091, 5095]",feature_7 > -1.573 AND feature_6 <= 0.501 AND feature_0 > 0.67712 AND feature_0 > 0.83365 AND feature_0 <= 1.56103 AND feature_1 > 0.21486 AND feature_1 > 1.56417 AND feature_1 > 2.17417 AND feature_0 <= 1.37220 AND feature_0 > 0.96450 AND feature_0 > 1.00565 AND feature_1 <= 3.10793 AND feature_1 <= 2.26539 AND feature_0 <= 1.28065 AND feature_0 > 1.10695 AND feature_1 > 2.22612,3.524,3.53,OptRes,[Online] CT OptRes,0.002,4.9,4.902,5804,21,0.0,5,5.722,0.005999999999999783,1000000
5474,feature_0 > 0.67712 AND feature_0 > 0.83365 AND feature_0 > 1.56103 AND feature_1 <= 0.24612 AND feature_0 > 1.96967 AND feature_0 <= 3.54007 AND feature_1 > -0.86426 AND feature_0 > 2.33208 AND feature_0 > 2.34725 AND feature_0 > 2.36104 AND feature_1 > 0.21070 AND feature_0 > 2.87624,"{'feature_0': (2.87624, 3.54007), 'feature_1': (0.2107, 0.24612)}",2,8.463,12,[Online] CT,"[3256, 4094, 5128, 5129, 5309, 5310, 5408, 5440, 5448, 5452, 5470]",feature_7 > -1.573 AND feature_6 <= 0.501 AND feature_0 > 0.67712 AND feature_0 > 0.83365 AND feature_0 > 1.56103 AND feature_1 <= 0.24612 AND feature_0 > 1.96967 AND feature_0 <= 3.54007 AND feature_1 > -0.86426 AND feature_0 > 2.33208 AND feature_0 > 2.34725 AND feature_0 > 2.36104 AND feature_1 > 0.21070 AND feature_0 > 2.87624,3.95,3.952,OptRes,[Online] CT OptRes,0.002,4.9,4.902,5804,20,0.0,5,4.512999999999999,0.0019999999999997797,1000000
5126,feature_0 > 0.67712 AND feature_0 > 0.83365 AND feature_0 <= 1.56103 AND feature_1 > 0.21486 AND feature_1 > 1.56417 AND feature_1 > 2.17417 AND feature_0 > 1.37220 AND feature_1 > 2.55676 AND feature_1 <= 2.66891,"{'feature_0': (1.3722, 1.56103), 'feature_1': (2.55676, 2.66891)}",2,8.377,9,[Online] CT,"[3256, 4094, 4095, 4631, 4979, 5063, 5115, 5125]",feature_7 > -1.573 AND feature_6 <= 0.501 AND feature_0 > 0.67712 AND feature_0 > 0.83365 AND feature_0 <= 1.56103 AND feature_1 > 0.21486 AND feature_1 > 1.56417 AND feature_1 > 2.17417 AND feature_0 > 1.37220 AND feature_1 > 2.55676 AND feature_1 <= 2.66891,4.151,4.147,OptRes,[Online] CT OptRes,0.002,4.9,4.902,5804,30,0.0,5,4.226000000000001,0.0039999999999995595,1000000
5117,feature_0 > 0.67712 AND feature_0 > 0.83365 AND feature_0 <= 1.56103 AND feature_1 > 0.21486 AND feature_1 > 1.56417 AND feature_1 > 2.17417 AND feature_0 > 1.37220 AND feature_1 <= 2.55676 AND feature_1 <= 2.20886,"{'feature_0': (1.3722, 1.56103), 'feature_1': (2.17417, 2.20886)}",2,8.151,9,[Online] CT,"[3256, 4094, 4095, 4631, 4979, 5063, 5115, 5116]",feature_7 > -1.573 AND feature_6 <= 0.501 AND feature_0 > 0.67712 AND feature_0 > 0.83365 AND feature_0 <= 1.56103 AND feature_1 > 0.21486 AND feature_1 > 1.56417 AND feature_1 > 2.17417 AND feature_0 > 1.37220 AND feature_1 <= 2.55676 AND feature_1 <= 2.20886,3.748,3.747,OptRes,[Online] CT OptRes,0.002,4.9,4.902,5804,20,0.0,5,4.403,0.001000000000000334,1000000
5803,feature_0 > 0.67712 AND feature_0 > 0.83365 AND feature_0 > 1.56103 AND feature_1 > 0.24612 AND feature_0 > 2.41003 AND feature_1 > 0.82388 AND feature_1 > 0.87153 AND feature_1 > 1.00822 AND feature_0 > 3.24100 AND feature_1 <= 1.25574,"{'feature_0': (3.241, 5.091), 'feature_1': (1.00822, 1.25574)}",2,8.087,10,[Online] CT,"[3256, 4094, 5128, 5478, 5708, 5770, 5774, 5784, 5802]",feature_7 > -1.573 AND feature_6 <= 0.501 AND feature_0 > 0.67712 AND feature_0 > 0.83365 AND feature_0 > 1.56103 AND feature_1 > 0.24612 AND feature_0 > 2.41003 AND feature_1 > 0.82388 AND feature_1 > 0.87153 AND feature_1 > 1.00822 AND feature_0 > 3.24100 AND feature_1 <= 1.25574,4.875,4.915,OptRes,[Online] CT OptRes,0.002,4.9,4.902,5804,20,0.0,5,3.2119999999999997,0.040000000000000036,1000000
5803,feature_0 > 0.67712 AND feature_0 > 0.83365 AND feature_0 > 1.56103 AND feature_1 > 0.24612 AND feature_0 > 2.41003 AND feature_1 > 0.82388 AND feature_1 > 0.87153 AND feature_1 > 1.00822 AND feature_0 > 3.24100 AND feature_1 <= 1.25574,"{'feature_0': (3.241, 5.091), 'feature_1': (1.00822, 1.25574)}",2,8.087,10,[Online] CT,"[3256, 4094, 5128, 5478, 5708, 5770, 5774, 5784, 5802]",feature_7 > -1.573 AND feature_6 <= 0.501 AND feature_0 > 0.67712 AND feature_0 > 0.83365 AND feature_0 > 1.56103 AND feature_1 > 0.24612 AND feature_0 > 2.41003 AND feature_1 > 0.82388 AND feature_1 > 0.87153 AND feature_1 > 1.00822 AND feature_0 > 3.24100 AND feature_1 <= 1.25574,4.875,4.915,ResOve,[Online] CT ResOve,1.139,4.9,6.039000000000001,5804,20,0.0,5,3.2119999999999997,0.040000000000000036,1000000
5474,feature_0 > 0.67712 AND feature_0 > 0.83365 AND feature_0 > 1.56103 AND feature_1 <= 0.24612 AND feature_0 > 1.96967 AND feature_0 <= 3.54007 AND feature_1 > -0.86426 AND feature_0 > 2.33208 AND feature_0 > 2.34725 AND feature_0 > 2.36104 AND feature_1 > 0.21070 AND feature_0 > 2.87624,"{'feature_0': (2.87624, 3.54007), 'feature_1': (0.2107, 0.24612)}",2,8.463,12,[Online] CT,"[3256, 4094, 5128, 5129, 5309, 5310, 5408, 5440, 5448, 5452, 5470]",feature_7 > -1.573 AND feature_6 <= 0.501 AND feature_0 > 0.67712 AND feature_0 > 0.83365 AND feature_0 > 1.56103 AND feature_1 <= 0.24612 AND feature_0 > 1.96967 AND feature_0 <= 3.54007 AND feature_1 > -0.86426 AND feature_0 > 2.33208 AND feature_0 > 2.34725 AND feature_0 > 2.36104 AND feature_1 > 0.21070 AND feature_0 > 2.87624,3.95,3.952,ResOve,[Online] CT ResOve,1.139,4.9,6.039000000000001,5804,20,0.0,5,4.512999999999999,0.0019999999999997797,1000000
5117,feature_0 > 0.67712 AND feature_0 > 0.83365 AND feature_0 <= 1.56103 AND feature_1 > 0.21486 AND feature_1 > 1.56417 AND feature_1 > 2.17417 AND feature_0 > 1.37220 AND feature_1 <= 2.55676 AND feature_1 <= 2.20886,"{'feature_0': (1.3722, 1.56103), 'feature_1': (2.17417, 2.20886)}",2,8.151,9,[Online] CT,"[3256, 4094, 4095, 4631, 4979, 5063, 5115, 5116]",feature_7 > -1.573 AND feature_6 <= 0.501 AND feature_0 > 0.67712 AND feature_0 > 0.83365 AND feature_0 <= 1.56103 AND feature_1 > 0.21486 AND feature_1 > 1.56417 AND feature_1 > 2.17417 AND feature_0 > 1.37220 AND feature_1 <= 2.55676 AND feature_1 <= 2.20886,3.748,3.747,ResOve,[Online] CT ResOve,1.139,4.9,6.039000000000001,5804,20,0.0,5,4.403,0.001000000000000334,1000000
2280,feature_0 <= 0.67712 AND feature_0 > -3.40263 AND feature_0 > -0.42153 AND feature_1 <= 0.46966 AND feature_0 > 0.22508 AND feature_1 <= -0.87418 AND feature_0 > 0.37500 AND feature_1 > -1.43355 AND feature_1 <= -0.87769 AND feature_0 > 0.54164 AND feature_1 > -1.29682 AND feature_0 > 0.65538 AND feature_1 <= -1.06696 AND feature_1 > -1.16766 AND feature_0 <= 0.65954,"{'feature_0': (0.65538, 0.65954), 'feature_1': (-1.16766, -1.06696)}",2,7.191,15,[Online] CT,"[1, 11, 1501, 1502, 2054, 2055, 2131, 2225, 2226, 2242, 2260, 2274, 2275, 2279]",feature_7 > -1.573 AND feature_6 <= 0.501 AND feature_0 <= 0.67712 AND feature_0 > -3.40263 AND feature_0 > -0.42153 AND feature_1 <= 0.46966 AND feature_0 > 0.22508 AND feature_1 <= -0.87418 AND feature_0 > 0.37500 AND feature_1 > -1.43355 AND feature_1 <= -0.87769 AND feature_0 > 0.54164 AND feature_1 > -1.29682 AND feature_0 > 0.65538 AND feature_1 <= -1.06696 AND feature_1 > -1.16766 AND feature_0 <= 0.65954,0.941,0.942,ResOve,[Online] CT ResOve,1.139,4.9,6.039000000000001,5804,21,0.0,5,6.25,0.0010000000000000009,1000000
221,feature_0 <= 0.67712 AND feature_0 > -3.40263 AND feature_0 <= -0.42153 AND feature_0 <= -1.20350 AND feature_1 <= 0.38402 AND feature_0 > -1.92243 AND feature_1 <= -0.87876 AND feature_0 > -1.91461 AND feature_1 <= -1.42696 AND feature_0 <= -1.28117 AND feature_0 <= -1.75409 AND feature_1 > -1.66114 AND feature_0 > -1.79741 AND feature_1 <= -1.59378,"{'feature_0': (-1.79741, -1.75409), 'feature_1': (-1.66114, -1.59378)}",2,7.425,14,[Online] CT,"[1, 11, 12, 13, 14, 200, 201, 203, 204, 205, 206, 214, 220]",feature_7 > -1.573 AND feature_6 <= 0.501 AND feature_0 <= 0.67712 AND feature_0 > -3.40263 AND feature_0 <= -0.42153 AND feature_0 <= -1.20350 AND feature_1 <= 0.38402 AND feature_0 > -1.92243 AND feature_1 <= -0.87876 AND feature_0 > -1.91461 AND feature_1 <= -1.42696 AND feature_0 <= -1.28117 AND feature_0 <= -1.75409 AND feature_1 > -1.66114 AND feature_0 > -1.79741 AND feature_1 <= -1.59378,1.594,1.594,ResOve,[Online] CT ResOve,1.139,4.9,6.039000000000001,5804,23,0.0,5,5.8309999999999995,0.0,1000000
5097,feature_0 > 0.67712 AND feature_0 > 0.83365 AND feature_0 <= 1.56103 AND feature_1 > 0.21486 AND feature_1 > 1.56417 AND feature_1 > 2.17417 AND feature_0 <= 1.37220 AND feature_0 > 0.96450 AND feature_0 > 1.00565 AND feature_1 <= 3.10793 AND feature_1 <= 2.26539 AND feature_0 <= 1.28065 AND feature_0 > 1.10695 AND feature_1 > 2.22612,"{'feature_0': (1.10695, 1.28065), 'feature_1': (2.22612, 2.26539)}",2,9.246,14,[Online] CT,"[3256, 4094, 4095, 4631, 4979, 5063, 5064, 5082, 5088, 5089, 5090, 5091, 5095]",feature_7 > -1.573 AND feature_6 <= 0.501 AND feature_0 > 0.67712 AND feature_0 > 0.83365 AND feature_0 <= 1.56103 AND feature_1 > 0.21486 AND feature_1 > 1.56417 AND feature_1 > 2.17417 AND feature_0 <= 1.37220 AND feature_0 > 0.96450 AND feature_0 > 1.00565 AND feature_1 <= 3.10793 AND feature_1 <= 2.26539 AND feature_0 <= 1.28065 AND feature_0 > 1.10695 AND feature_1 > 2.22612,3.524,3.53,NoOve,[Online] CT NoOve,0.002,4.9,4.902,5804,21,0.0,5,5.722,0.005999999999999783,1000000
221,feature_0 <= 0.67712 AND feature_0 > -3.40263 AND feature_0 <= -0.42153 AND feature_0 <= -1.20350 AND feature_1 <= 0.38402 AND feature_0 > -1.92243 AND feature_1 <= -0.87876 AND feature_0 > -1.91461 AND feature_1 <= -1.42696 AND feature_0 <= -1.28117 AND feature_0 <= -1.75409 AND feature_1 > -1.66114 AND feature_0 > -1.79741 AND feature_1 <= -1.59378,"{'feature_0': (-1.79741, -1.75409), 'feature_1': (-1.66114, -1.59378)}",2,7.425,14,[Online] CT,"[1, 11, 12, 13, 14, 200, 201, 203, 204, 205, 206, 214, 220]",feature_7 > -1.573 AND feature_6 <= 0.501 AND feature_0 <= 0.67712 AND feature_0 > -3.40263 AND feature_0 <= -0.42153 AND feature_0 <= -1.20350 AND feature_1 <= 0.38402 AND feature_0 > -1.92243 AND feature_1 <= -0.87876 AND feature_0 > -1.91461 AND feature_1 <= -1.42696 AND feature_0 <= -1.28117 AND feature_0 <= -1.75409 AND feature_1 > -1.66114 AND feature_0 > -1.79741 AND feature_1 <= -1.59378,1.594,1.594,NoOve,[Online] CT NoOve,0.002,4.9,4.902,5804,23,0.0,5,5.8309999999999995,0.0,1000000
3212,feature_0 <= 0.67712 AND feature_0 > -3.40263 AND feature_0 > -0.42153 AND feature_1 > 0.46966 AND feature_1 > 1.24823 AND feature_0 > 0.07860 AND feature_1 > 1.90215 AND feature_1 <= 2.96358 AND feature_0 <= 0.67137 AND feature_1 > 1.90431 AND feature_0 <= 0.13900 AND feature_1 <= 1.98641 AND feature_1 > 1.92800 AND feature_1 <= 1.95797,"{'feature_0': (0.0786, 0.139), 'feature_1': (1.928, 1.95797)}",2,6.81,14,[Online] CT,"[1, 11, 1501, 2495, 2903, 3041, 3203, 3204, 3205, 3207, 3208, 3209, 3211]",feature_7 > -1.573 AND feature_6 <= 0.501 AND feature_0 <= 0.67712 AND feature_0 > -3.40263 AND feature_0 > -0.42153 AND feature_1 > 0.46966 AND feature_1 > 1.24823 AND feature_0 > 0.07860 AND feature_1 > 1.90215 AND feature_1 <= 2.96358 AND feature_0 <= 0.67137 AND feature_1 > 1.90431 AND feature_0 <= 0.13900 AND feature_1 <= 1.98641 AND feature_1 > 1.92800 AND feature_1 <= 1.95797,2.18,2.179,NoOve,[Online] CT NoOve,0.002,4.9,4.902,5804,26,0.0,5,4.629999999999999,0.001000000000000334,1000000
5721,feature_0 > 0.67712 AND feature_0 > 0.83365 AND feature_0 > 1.56103 AND feature_1 > 0.24612 AND feature_0 > 2.41003 AND feature_1 <= 0.82388 AND feature_0 <= 2.60342 AND feature_0 <= 2.52104 AND feature_1 <= 0.75382 AND feature_0 <= 2.51312 AND feature_0 > 2.41944 AND feature_1 <= 0.55768 AND feature_0 <= 2.48382 AND feature_0 > 2.46236,"{'feature_0': (2.46236, 2.48382), 'feature_1': (0.24612, 0.55768)}",2,6.386,14,[Online] CT,"[3256, 4094, 5128, 5478, 5708, 5709, 5710, 5711, 5712, 5713, 5715, 5716, 5717]",feature_7 > -1.573 AND feature_6 <= 0.501 AND feature_0 > 0.67712 AND feature_0 > 0.83365 AND feature_0 > 1.56103 AND feature_1 > 0.24612 AND feature_0 > 2.41003 AND feature_1 <= 0.82388 AND feature_0 <= 2.60342 AND feature_0 <= 2.52104 AND feature_1 <= 0.75382 AND feature_0 <= 2.51312 AND feature_0 > 2.41944 AND feature_1 <= 0.55768 AND feature_0 <= 2.48382 AND feature_0 > 2.46236,3.385,3.378,NoOve,[Online] CT NoOve,0.002,4.9,4.902,5804,25,0.0,5,3.0010000000000003,0.006999999999999673,1000000
5662,feature_0 > 0.67712 AND feature_0 > 0.83365 AND feature_0 > 1.56103 AND feature_1 > 0.24612 AND feature_0 <= 2.41003 AND feature_0 > 1.82663 AND feature_1 <= 2.25969 AND feature_0 > 1.82758 AND feature_0 <= 1.86473 AND feature_1 > 0.74954 AND feature_0 > 1.83079 AND feature_0 > 1.84755 AND feature_0 <= 1.85548 AND feature_0 > 1.85057,"{'feature_0': (1.85057, 1.85548), 'feature_1': (0.74954, 2.25969)}",2,6.334,14,[Online] CT,"[3256, 4094, 5128, 5478, 5479, 5633, 5634, 5636, 5637, 5649, 5651, 5659, 5660]",feature_7 > -1.573 AND feature_6 <= 0.501 AND feature_0 > 0.67712 AND feature_0 > 0.83365 AND feature_0 > 1.56103 AND feature_1 > 0.24612 AND feature_0 <= 2.41003 AND feature_0 > 1.82663 AND feature_1 <= 2.25969 AND feature_0 > 1.82758 AND feature_0 <= 1.86473 AND feature_1 > 0.74954 AND feature_0 > 1.83079 AND feature_0 > 1.84755 AND feature_0 <= 1.85548 AND feature_0 > 1.85057,3.364,3.354,NoOve,[Online] CT NoOve,0.002,4.9,4.902,5804,47,0.0,5,2.9699999999999998,0.009999999999999787,1000000
3693,feature_0 > 0.67712 AND feature_0 <= 0.83365 AND feature_0 > 0.72397 AND feature_0 <= 0.81639 AND feature_1 <= 0.35641 AND feature_1 <= -0.08795 AND feature_1 <= -0.09192 AND feature_1 > -1.71517 AND feature_0 > 0.75656 AND feature_1 > -0.77664 AND feature_0 <= 0.81416 AND feature_0 <= 0.78497 AND feature_1 > -0.76112 AND feature_0 > 0.75680 AND feature_1 > -0.65636,"{'feature_0': (0.7568, 0.78497), 'feature_1': (-0.65636, -0.09192)}",2,0.973,15,[Online] CT,"[3256, 3257, 3579, 3580, 3581, 3582, 3583, 3625, 3667, 3685, 3686, 3687, 3689, 3691]",feature_7 > -1.573 AND feature_6 <= 0.501 AND feature_0 > 0.67712 AND feature_0 <= 0.83365 AND feature_0 > 0.72397 AND feature_0 <= 0.81639 AND feature_1 <= 0.35641 AND feature_1 <= -0.08795 AND feature_1 <= -0.09192 AND feature_1 > -1.71517 AND feature_0 > 0.75656 AND feature_1 > -0.77664 AND feature_0 <= 0.81416 AND feature_0 <= 0.78497 AND feature_1 > -0.76112 AND feature_0 > 0.75680 AND feature_1 > -0.65636,1.303,1.303,Random,[Online] CT Random,0.0,4.9,4.9,5804,1085,0.0,5,0.32999999999999996,0.0,1000000
3243,feature_0 <= 0.67712 AND feature_0 > -3.40263 AND feature_0 > -0.42153 AND feature_1 > 0.46966 AND feature_1 > 1.24823 AND feature_0 > 0.07860 AND feature_1 > 1.90215 AND feature_1 <= 2.96358 AND feature_0 <= 0.67137 AND feature_1 > 1.90431 AND feature_0 > 0.13900 AND feature_0 > 0.21818 AND feature_0 > 0.22185 AND feature_0 > 0.63607 AND feature_1 > 2.01518,"{'feature_0': (0.63607, 0.67137), 'feature_1': (2.01518, 2.96358)}",2,2.93,15,[Online] CT,"[1, 11, 1501, 2495, 2903, 3041, 3203, 3204, 3205, 3207, 3223, 3235, 3237, 3241]",feature_7 > -1.573 AND feature_6 <= 0.501 AND feature_0 <= 0.67712 AND feature_0 > -3.40263 AND feature_0 > -0.42153 AND feature_1 > 0.46966 AND feature_1 > 1.24823 AND feature_0 > 0.07860 AND feature_1 > 1.90215 AND feature_1 <= 2.96358 AND feature_0 <= 0.67137 AND feature_1 > 1.90431 AND feature_0 > 0.13900 AND feature_0 > 0.21818 AND feature_0 > 0.22185 AND feature_0 > 0.63607 AND feature_1 > 2.01518,3.066,3.07,Random,[Online] CT Random,0.0,4.9,4.9,5804,158,0.0,5,0.13599999999999968,0.0040000000000000036,1000000
3463,feature_0 > 0.67712 AND feature_0 <= 0.83365 AND feature_0 <= 0.72397 AND feature_1 > 0.29574 AND feature_0 <= 0.70442 AND feature_1 <= 1.04616 AND feature_1 > 0.32000 AND feature_1 > 0.93936 AND feature_0 > 0.68774 AND feature_0 <= 0.69482,"{'feature_0': (0.68774, 0.69482), 'feature_1': (0.93936, 1.04616)}",2,0.672,10,[Online] CT,"[3256, 3257, 3258, 3424, 3425, 3426, 3428, 3458, 3462]",feature_7 > -1.573 AND feature_6 <= 0.501 AND feature_0 > 0.67712 AND feature_0 <= 0.83365 AND feature_0 <= 0.72397 AND feature_1 > 0.29574 AND feature_0 <= 0.70442 AND feature_1 <= 1.04616 AND feature_1 > 0.32000 AND feature_1 > 0.93936 AND feature_0 > 0.68774 AND feature_0 <= 0.69482,2.0,2.001,Random,[Online] CT Random,0.0,4.9,4.9,5804,34,0.0,5,1.3279999999999998,0.0009999999999998899,1000000
2538,feature_0 <= 0.67712 AND feature_0 > -3.40263 AND feature_0 > -0.42153 AND feature_1 > 0.46966 AND feature_1 <= 1.24823 AND feature_0 <= -0.35101 AND feature_0 <= -0.38757 AND feature_1 > 0.56870 AND feature_0 > -0.41555 AND feature_1 > 0.57731 AND feature_0 <= -0.39071 AND feature_0 <= -0.39500 AND feature_1 > 0.59738 AND feature_0 > -0.39603,"{'feature_0': (-0.39603, -0.395), 'feature_1': (0.59738, 1.24823)}",2,2.791,14,[Online] CT,"[1, 11, 1501, 2495, 2496, 2497, 2498, 2512, 2528, 2530, 2531, 2532, 2534]",feature_7 > -1.573 AND feature_6 <= 0.501 AND feature_0 <= 0.67712 AND feature_0 > -3.40263 AND feature_0 > -0.42153 AND feature_1 > 0.46966 AND feature_1 <= 1.24823 AND feature_0 <= -0.35101 AND feature_0 <= -0.38757 AND feature_1 > 0.56870 AND feature_0 > -0.41555 AND feature_1 > 0.57731 AND feature_0 <= -0.39071 AND feature_0 <= -0.39500 AND feature_1 > 0.59738 AND feature_0 > -0.39603,0.856,0.865,Random,[Online] CT Random,0.0,4.9,4.9,5804,30,0.0,5,1.935,0.009000000000000008,1000000
4672,feature_0 > 0.67712 AND feature_0 > 0.83365 AND feature_0 <= 1.56103 AND feature_1 > 0.21486 AND feature_1 <= 1.56417 AND feature_0 <= 1.19669 AND feature_1 <= 1.39308 AND feature_0 <= 1.01545 AND feature_1 <= 0.62483 AND feature_0 <= 0.98765 AND feature_0 > 0.85345 AND feature_0 > 0.87412 AND feature_1 <= 0.61868 AND feature_1 > 0.22904 AND feature_0 > 0.88993,"{'feature_0': (0.88993, 0.98765), 'feature_1': (0.22904, 0.61868)}",2,1.69,15,[Online] CT,"[3256, 4094, 4095, 4631, 4632, 4633, 4634, 4635, 4636, 4637, 4655, 4665, 4666, 4670]",feature_7 > -1.573 AND feature_6 <= 0.501 AND feature_0 > 0.67712 AND feature_0 > 0.83365 AND feature_0 <= 1.56103 AND feature_1 > 0.21486 AND feature_1 <= 1.56417 AND feature_0 <= 1.19669 AND feature_1 <= 1.39308 AND feature_0 <= 1.01545 AND feature_1 <= 0.62483 AND feature_0 <= 0.98765 AND feature_0 > 0.85345 AND feature_0 > 0.87412 AND feature_1 <= 0.61868 AND feature_1 > 0.22904 AND feature_0 > 0.88993,1.864,1.864,Random,[Online] CT Random,0.0,4.9,4.9,5804,2323,0.0,5,0.17400000000000015,0.0,1000000
5080,feature_1 > 0.94914 AND feature_1 > 1.15997 AND feature_0 > -2.07749 AND feature_0 > 0.19939 AND feature_1 > 2.23182 AND feature_0 <= 2.26951 AND feature_0 > 0.47622 AND feature_1 <= 3.64649 AND feature_1 > 2.63170 AND feature_1 > 2.69794 AND feature_1 <= 2.83379 AND feature_0 > 0.71556 AND feature_1 > 2.71451 AND feature_0 <= 0.82534,"{'feature_1': (2.71451, 2.83379), 'feature_0': (0.71556, 0.82534)}",2,7.984,14,[Online] CT,"[3088, 4052, 4132, 4698, 4992, 4993, 5031, 5032, 5068, 5074, 5075, 5077, 5079]",feature_4 > -0.578 AND feature_6 <= 1.084 AND feature_1 > 0.94914 AND feature_1 > 1.15997 AND feature_0 > -2.07749 AND feature_0 > 0.19939 AND feature_1 > 2.23182 AND feature_0 <= 2.26951 AND feature_0 > 0.47622 AND feature_1 <= 3.64649 AND feature_1 > 2.63170 AND feature_1 > 2.69794 AND feature_1 <= 2.83379 AND feature_0 > 0.71556 AND feature_1 > 2.71451 AND feature_0 <= 0.82534,3.615,3.622,OptRes,[Online] CT OptRes,0.002,4.64,4.6419999999999995,5098,23,0.0,5,4.369,0.006999999999999673,1000000
4000,feature_1 > 0.94914 AND feature_1 <= 1.15997 AND feature_0 > 0.43718 AND feature_0 > 0.83773 AND feature_0 > 1.48639 AND feature_0 <= 1.74286 AND feature_1 > 1.07263 AND feature_0 > 1.65265 AND feature_0 <= 1.71338 AND feature_0 <= 1.67364,"{'feature_1': (1.07263, 1.15997), 'feature_0': (1.65265, 1.67364)}",2,7.524,10,[Online] CT,"[3088, 3089, 3661, 3849, 3963, 3964, 3986, 3998, 3999]",feature_4 > -0.578 AND feature_6 <= 1.084 AND feature_1 > 0.94914 AND feature_1 <= 1.15997 AND feature_0 > 0.43718 AND feature_0 > 0.83773 AND feature_0 > 1.48639 AND feature_0 <= 1.74286 AND feature_1 > 1.07263 AND feature_0 > 1.65265 AND feature_0 <= 1.71338 AND feature_0 <= 1.67364,3.064,3.06,OptRes,[Online] CT OptRes,0.002,4.64,4.6419999999999995,5098,25,0.0,5,4.46,0.0040000000000000036,1000000
5067,feature_1 > 0.94914 AND feature_1 > 1.15997 AND feature_0 > -2.07749 AND feature_0 > 0.19939 AND feature_1 > 2.23182 AND feature_0 <= 2.26951 AND feature_0 > 0.47622 AND feature_1 <= 3.64649 AND feature_1 <= 2.63170 AND feature_1 > 2.59468 AND feature_0 > 1.01912,"{'feature_1': (2.59468, 2.6317), 'feature_0': (1.01912, 2.26951)}",2,7.289,11,[Online] CT,"[3088, 4052, 4132, 4698, 4992, 4993, 5031, 5032, 5033, 5065]",feature_4 > -0.578 AND feature_6 <= 1.084 AND feature_1 > 0.94914 AND feature_1 > 1.15997 AND feature_0 > -2.07749 AND feature_0 > 0.19939 AND feature_1 > 2.23182 AND feature_0 <= 2.26951 AND feature_0 > 0.47622 AND feature_1 <= 3.64649 AND feature_1 <= 2.63170 AND feature_1 > 2.59468 AND feature_0 > 1.01912,4.096,4.095,OptRes,[Online] CT OptRes,0.002,4.64,4.6419999999999995,5098,39,0.0,5,3.1929999999999996,0.001000000000000334,1000000
5097,feature_1 > 0.94914 AND feature_1 > 1.15997 AND feature_0 > -2.07749 AND feature_0 > 0.19939 AND feature_1 > 2.23182 AND feature_0 > 2.26951 AND feature_1 > 2.31421 AND feature_1 <= 2.63012,"{'feature_1': (2.31421, 2.63012), 'feature_0': (2.26951, 5.091)}",2,7.155,8,[Online] CT,"[3088, 4052, 4132, 4698, 4992, 5094, 5096]",feature_4 > -0.578 AND feature_6 <= 1.084 AND feature_1 > 0.94914 AND feature_1 > 1.15997 AND feature_0 > -2.07749 AND feature_0 > 0.19939 AND feature_1 > 2.23182 AND feature_0 > 2.26951 AND feature_1 > 2.31421 AND feature_1 <= 2.63012,5.14,5.172,OptRes,[Online] CT OptRes,0.002,4.64,4.6419999999999995,5098,36,0.0,5,2.0150000000000006,0.03200000000000003,1000000
1200,feature_1 <= 0.94914 AND feature_0 > -2.13646 AND feature_0 <= 0.02840 AND feature_0 > -1.09180 AND feature_0 <= -0.55931 AND feature_1 > -0.42473 AND feature_1 > 0.05202 AND feature_1 <= 0.64174 AND feature_1 > 0.63014 AND feature_1 > 0.63064 AND feature_0 <= -0.89275 AND feature_0 > -1.02174 AND feature_0 <= -0.97967,"{'feature_1': (0.63064, 0.64174), 'feature_0': (-1.02174, -0.97967)}",2,7.119,13,[Online] CT,"[1, 289, 290, 816, 817, 971, 1121, 1122, 1194, 1196, 1197, 1199]",feature_4 > -0.578 AND feature_6 <= 1.084 AND feature_1 <= 0.94914 AND feature_0 > -2.13646 AND feature_0 <= 0.02840 AND feature_0 > -1.09180 AND feature_0 <= -0.55931 AND feature_1 > -0.42473 AND feature_1 > 0.05202 AND feature_1 <= 0.64174 AND feature_1 > 0.63014 AND feature_1 > 0.63064 AND feature_0 <= -0.89275 AND feature_0 > -1.02174 AND feature_0 <= -0.97967,0.063,0.063,OptRes,[Online] CT OptRes,0.002,4.64,4.6419999999999995,5098,20,0.0,5,7.056,0.0,1000000
5097,feature_1 > 0.94914 AND feature_1 > 1.15997 AND feature_0 > -2.07749 AND feature_0 > 0.19939 AND feature_1 > 2.23182 AND feature_0 > 2.26951 AND feature_1 > 2.31421 AND feature_1 <= 2.63012,"{'feature_1': (2.31421, 2.63012), 'feature_0': (2.26951, 5.091)}",2,7.155,8,[Online] CT,"[3088, 4052, 4132, 4698, 4992, 5094, 5096]",feature_4 > -0.578 AND feature_6 <= 1.084 AND feature_1 > 0.94914 AND feature_1 > 1.15997 AND feature_0 > -2.07749 AND feature_0 > 0.19939 AND feature_1 > 2.23182 AND feature_0 > 2.26951 AND feature_1 > 2.31421 AND feature_1 <= 2.63012,5.14,5.172,ResOve,[Online] CT ResOve,0.696,4.64,5.335999999999999,5098,36,0.0,5,2.0150000000000006,0.03200000000000003,1000000
1200,feature_1 <= 0.94914 AND feature_0 > -2.13646 AND feature_0 <= 0.02840 AND feature_0 > -1.09180 AND feature_0 <= -0.55931 AND feature_1 > -0.42473 AND feature_1 > 0.05202 AND feature_1 <= 0.64174 AND feature_1 > 0.63014 AND feature_1 > 0.63064 AND feature_0 <= -0.89275 AND feature_0 > -1.02174 AND feature_0 <= -0.97967,"{'feature_1': (0.63064, 0.64174), 'feature_0': (-1.02174, -0.97967)}",2,7.119,13,[Online] CT,"[1, 289, 290, 816, 817, 971, 1121, 1122, 1194, 1196, 1197, 1199]",feature_4 > -0.578 AND feature_6 <= 1.084 AND feature_1 <= 0.94914 AND feature_0 > -2.13646 AND feature_0 <= 0.02840 AND feature_0 > -1.09180 AND feature_0 <= -0.55931 AND feature_1 > -0.42473 AND feature_1 > 0.05202 AND feature_1 <= 0.64174 AND feature_1 > 0.63014 AND feature_1 > 0.63064 AND feature_0 <= -0.89275 AND feature_0 > -1.02174 AND feature_0 <= -0.97967,0.063,0.063,ResOve,[Online] CT ResOve,0.696,4.64,5.335999999999999,5098,20,0.0,5,7.056,0.0,1000000
4959,feature_1 > 0.94914 AND feature_1 > 1.15997 AND feature_0 > -2.07749 AND feature_0 > 0.19939 AND feature_1 <= 2.23182 AND feature_0 > 1.11163 AND feature_1 > 1.72647 AND feature_0 <= 2.31030 AND feature_0 > 1.19412 AND feature_1 <= 1.75677 AND feature_1 <= 1.74682 AND feature_1 <= 1.73011,"{'feature_1': (1.72647, 1.73011), 'feature_0': (1.19412, 2.3103)}",2,6.871,12,[Online] CT,"[3088, 4052, 4132, 4698, 4699, 4855, 4937, 4938, 4956, 4957, 4958]",feature_4 > -0.578 AND feature_6 <= 1.084 AND feature_1 > 0.94914 AND feature_1 > 1.15997 AND feature_0 > -2.07749 AND feature_0 > 0.19939 AND feature_1 <= 2.23182 AND feature_0 > 1.11163 AND feature_1 > 1.72647 AND feature_0 <= 2.31030 AND feature_0 > 1.19412 AND feature_1 <= 1.75677 AND feature_1 <= 1.74682 AND feature_1 <= 1.73011,3.605,3.609,ResOve,[Online] CT ResOve,0.696,4.64,5.335999999999999,5098,21,0.0,5,3.2660000000000005,0.0040000000000000036,1000000
5080,feature_1 > 0.94914 AND feature_1 > 1.15997 AND feature_0 > -2.07749 AND feature_0 > 0.19939 AND feature_1 > 2.23182 AND feature_0 <= 2.26951 AND feature_0 > 0.47622 AND feature_1 <= 3.64649 AND feature_1 > 2.63170 AND feature_1 > 2.69794 AND feature_1 <= 2.83379 AND feature_0 > 0.71556 AND feature_1 > 2.71451 AND feature_0 <= 0.82534,"{'feature_1': (2.71451, 2.83379), 'feature_0': (0.71556, 0.82534)}",2,7.984,14,[Online] CT,"[3088, 4052, 4132, 4698, 4992, 4993, 5031, 5032, 5068, 5074, 5075, 5077, 5079]",feature_4 > -0.578 AND feature_6 <= 1.084 AND feature_1 > 0.94914 AND feature_1 > 1.15997 AND feature_0 > -2.07749 AND feature_0 > 0.19939 AND feature_1 > 2.23182 AND feature_0 <= 2.26951 AND feature_0 > 0.47622 AND feature_1 <= 3.64649 AND feature_1 > 2.63170 AND feature_1 > 2.69794 AND feature_1 <= 2.83379 AND feature_0 > 0.71556 AND feature_1 > 2.71451 AND feature_0 <= 0.82534,3.615,3.622,ResOve,[Online] CT ResOve,0.696,4.64,5.335999999999999,5098,23,0.0,5,4.369,0.006999999999999673,1000000
4676,feature_1 > 0.94914 AND feature_1 > 1.15997 AND feature_0 > -2.07749 AND feature_0 <= 0.19939 AND feature_0 > -0.57609 AND feature_1 > 1.72950 AND feature_1 > 2.17566 AND feature_0 <= 0.19009 AND feature_1 <= 3.63924 AND feature_0 <= 0.17202 AND feature_0 <= -0.54641 AND feature_0 > -0.56714 AND feature_0 <= -0.55958,"{'feature_1': (2.17566, 3.63924), 'feature_0': (-0.56714, -0.55958)}",2,6.977,13,[Online] CT,"[3088, 4052, 4132, 4133, 4437, 4589, 4669, 4670, 4671, 4672, 4673, 4675]",feature_4 > -0.578 AND feature_6 <= 1.084 AND feature_1 > 0.94914 AND feature_1 > 1.15997 AND feature_0 > -2.07749 AND feature_0 <= 0.19939 AND feature_0 > -0.57609 AND feature_1 > 1.72950 AND feature_1 > 2.17566 AND feature_0 <= 0.19009 AND feature_1 <= 3.63924 AND feature_0 <= 0.17202 AND feature_0 <= -0.54641 AND feature_0 > -0.56714 AND feature_0 <= -0.55958,2.065,2.013,ResOve,[Online] CT ResOve,0.696,4.64,5.335999999999999,5098,21,0.0,5,4.912000000000001,0.052000000000000046,1000000
5080,feature_1 > 0.94914 AND feature_1 > 1.15997 AND feature_0 > -2.07749 AND feature_0 > 0.19939 AND feature_1 > 2.23182 AND feature_0 <= 2.26951 AND feature_0 > 0.47622 AND feature_1 <= 3.64649 AND feature_1 > 2.63170 AND feature_1 > 2.69794 AND feature_1 <= 2.83379 AND feature_0 > 0.71556 AND feature_1 > 2.71451 AND feature_0 <= 0.82534,"{'feature_1': (2.71451, 2.83379), 'feature_0': (0.71556, 0.82534)}",2,7.984,14,[Online] CT,"[3088, 4052, 4132, 4698, 4992, 4993, 5031, 5032, 5068, 5074, 5075, 5077, 5079]",feature_4 > -0.578 AND feature_6 <= 1.084 AND feature_1 > 0.94914 AND feature_1 > 1.15997 AND feature_0 > -2.07749 AND feature_0 > 0.19939 AND feature_1 > 2.23182 AND feature_0 <= 2.26951 AND feature_0 > 0.47622 AND feature_1 <= 3.64649 AND feature_1 > 2.63170 AND feature_1 > 2.69794 AND feature_1 <= 2.83379 AND feature_0 > 0.71556 AND feature_1 > 2.71451 AND feature_0 <= 0.82534,3.615,3.622,NoOve,[Online] CT NoOve,0.002,4.64,4.6419999999999995,5098,23,0.0,5,4.369,0.006999999999999673,1000000
3916,feature_1 > 0.94914 AND feature_1 <= 1.15997 AND feature_0 > 0.43718 AND feature_0 > 0.83773 AND feature_0 <= 1.48639 AND feature_0 <= 1.34536 AND feature_0 > 0.86193 AND feature_1 <= 1.15616 AND feature_1 > 1.10000 AND feature_0 > 1.09070 AND feature_0 <= 1.19095 AND feature_0 > 1.11835 AND feature_1 <= 1.14567 AND feature_1 > 1.12690,"{'feature_1': (1.1269, 1.14567), 'feature_0': (1.11835, 1.19095)}",2,7.026,14,[Online] CT,"[3088, 3089, 3661, 3849, 3850, 3851, 3863, 3864, 3888, 3910, 3911, 3913, 3914]",feature_4 > -0.578 AND feature_6 <= 1.084 AND feature_1 > 0.94914 AND feature_1 <= 1.15997 AND feature_0 > 0.43718 AND feature_0 > 0.83773 AND feature_0 <= 1.48639 AND feature_0 <= 1.34536 AND feature_0 > 0.86193 AND feature_1 <= 1.15616 AND feature_1 > 1.10000 AND feature_0 > 1.09070 AND feature_0 <= 1.19095 AND feature_0 > 1.11835 AND feature_1 <= 1.14567 AND feature_1 > 1.12690,2.569,2.568,NoOve,[Online] CT NoOve,0.002,4.64,4.6419999999999995,5098,40,0.0,5,4.457,0.0009999999999998899,1000000
2712,feature_1 <= 0.94914 AND feature_0 > -2.13646 AND feature_0 > 0.02840 AND feature_0 > 0.90036 AND feature_0 <= 1.56117 AND feature_1 > -0.01591 AND feature_0 > 0.96320 AND feature_0 <= 1.56011 AND feature_0 <= 1.48626 AND feature_1 > 0.76591 AND feature_1 <= 0.86053 AND feature_1 > 0.85329 AND feature_0 > 1.10062 AND feature_1 <= 0.85529,"{'feature_1': (0.85329, 0.85529), 'feature_0': (1.10062, 1.48626)}",2,6.696,14,[Online] CT,"[1, 289, 1543, 2363, 2364, 2606, 2654, 2655, 2656, 2692, 2693, 2709, 2711]",feature_4 > -0.578 AND feature_6 <= 1.084 AND feature_1 <= 0.94914 AND feature_0 > -2.13646 AND feature_0 > 0.02840 AND feature_0 > 0.90036 AND feature_0 <= 1.56117 AND feature_1 > -0.01591 AND feature_0 > 0.96320 AND feature_0 <= 1.56011 AND feature_0 <= 1.48626 AND feature_1 > 0.76591 AND feature_1 <= 0.86053 AND feature_1 > 0.85329 AND feature_0 > 1.10062 AND feature_1 <= 0.85529,2.464,2.449,NoOve,[Online] CT NoOve,0.002,4.64,4.6419999999999995,5098,26,0.0,5,4.231999999999999,0.015000000000000124,1000000
4972,feature_1 > 0.94914 AND feature_1 > 1.15997 AND feature_0 > -2.07749 AND feature_0 > 0.19939 AND feature_1 <= 2.23182 AND feature_0 > 1.11163 AND feature_1 > 1.72647 AND feature_0 <= 2.31030 AND feature_0 > 1.19412 AND feature_1 > 1.75677 AND feature_1 <= 2.19736 AND feature_0 > 1.19858 AND feature_1 <= 1.76998 AND feature_0 > 1.78723,"{'feature_1': (1.75677, 1.76998), 'feature_0': (1.78723, 2.3103)}",2,6.352,14,[Online] CT,"[3088, 4052, 4132, 4698, 4699, 4855, 4937, 4938, 4956, 4966, 4967, 4969, 4970]",feature_4 > -0.578 AND feature_6 <= 1.084 AND feature_1 > 0.94914 AND feature_1 > 1.15997 AND feature_0 > -2.07749 AND feature_0 > 0.19939 AND feature_1 <= 2.23182 AND feature_0 > 1.11163 AND feature_1 > 1.72647 AND feature_0 <= 2.31030 AND feature_0 > 1.19412 AND feature_1 > 1.75677 AND feature_1 <= 2.19736 AND feature_0 > 1.19858 AND feature_1 <= 1.76998 AND feature_0 > 1.78723,3.896,3.883,NoOve,[Online] CT NoOve,0.002,4.64,4.6419999999999995,5098,20,0.0,5,2.4560000000000004,0.0129999999999999,1000000
2873,feature_1 <= 0.94914 AND feature_0 > -2.13646 AND feature_0 > 0.02840 AND feature_0 > 0.90036 AND feature_0 > 1.56117 AND feature_0 <= 2.04941 AND feature_1 > -0.09210 AND feature_1 <= 0.92405 AND feature_1 <= 0.04200 AND feature_0 <= 1.62284 AND feature_0 > 1.57315 AND feature_1 <= 0.01121 AND feature_1 <= -0.00769 AND feature_1 > -0.02668,"{'feature_1': (-0.02668, -0.00769), 'feature_0': (1.57315, 1.62284)}",2,6.182,14,[Online] CT,"[1, 289, 1543, 2363, 2773, 2774, 2862, 2863, 2864, 2865, 2867, 2868, 2869]",feature_4 > -0.578 AND feature_6 <= 1.084 AND feature_1 <= 0.94914 AND feature_0 > -2.13646 AND feature_0 > 0.02840 AND feature_0 > 0.90036 AND feature_0 > 1.56117 AND feature_0 <= 2.04941 AND feature_1 > -0.09210 AND feature_1 <= 0.92405 AND feature_1 <= 0.04200 AND feature_0 <= 1.62284 AND feature_0 > 1.57315 AND feature_1 <= 0.01121 AND feature_1 <= -0.00769 AND feature_1 > -0.02668,2.282,2.284,NoOve,[Online] CT NoOve,0.002,4.64,4.6419999999999995,5098,27,0.0,5,3.9000000000000004,0.0019999999999997797,1000000
2125,feature_1 <= 0.94914 AND feature_0 > -2.13646 AND feature_0 > 0.02840 AND feature_0 <= 0.90036 AND feature_1 > 0.37604 AND feature_0 <= 0.61406 AND feature_0 <= 0.61195 AND feature_0 > 0.04229 AND feature_0 <= 0.17473 AND feature_0 <= 0.16715 AND feature_0 <= 0.16655 AND feature_1 <= 0.40748 AND feature_1 > 0.39879 AND feature_0 <= 0.07234,"{'feature_1': (0.39879, 0.40748), 'feature_0': (0.04229, 0.07234)}",2,3.505,14,[Online] CT,"[1, 289, 1543, 1544, 2078, 2079, 2080, 2114, 2115, 2116, 2117, 2118, 2124]",feature_4 > -0.578 AND feature_6 <= 1.084 AND feature_1 <= 0.94914 AND feature_0 > -2.13646 AND feature_0 > 0.02840 AND feature_0 <= 0.90036 AND feature_1 > 0.37604 AND feature_0 <= 0.61406 AND feature_0 <= 0.61195 AND feature_0 > 0.04229 AND feature_0 <= 0.17473 AND feature_0 <= 0.16715 AND feature_0 <= 0.16655 AND feature_1 <= 0.40748 AND feature_1 > 0.39879 AND feature_0 <= 0.07234,0.972,0.974,Random,[Online] CT Random,0.0,4.64,4.64,5098,26,0.0,5,2.533,0.0020000000000000018,1000000
180,feature_1 <= 0.94914 AND feature_0 <= -2.13646 AND feature_1 <= 0.54228 AND feature_0 <= -2.14498 AND feature_0 > -2.95741 AND feature_1 > -1.12274 AND feature_0 > -2.28111 AND feature_1 <= -0.47253 AND feature_1 <= -0.51087 AND feature_0 > -2.26043 AND feature_0 <= -2.15328 AND feature_0 <= -2.16675 AND feature_1 <= -0.55694 AND feature_0 <= -2.19206 AND feature_1 > -0.95139,"{'feature_1': (-0.95139, -0.55694), 'feature_0': (-2.26043, -2.19206)}",2,2.735,15,[Online] CT,"[1, 2, 3, 4, 48, 100, 168, 169, 170, 174, 175, 176, 177, 178]",feature_4 > -0.578 AND feature_6 <= 1.084 AND feature_1 <= 0.94914 AND feature_0 <= -2.13646 AND feature_1 <= 0.54228 AND feature_0 <= -2.14498 AND feature_0 > -2.95741 AND feature_1 > -1.12274 AND feature_0 > -2.28111 AND feature_1 <= -0.47253 AND feature_1 <= -0.51087 AND feature_0 > -2.26043 AND feature_0 <= -2.15328 AND feature_0 <= -2.16675 AND feature_1 <= -0.55694 AND feature_0 <= -2.19206 AND feature_1 > -0.95139,1.836,1.837,Random,[Online] CT Random,0.0,4.64,4.64,5098,160,0.0,5,0.8989999999999998,0.0009999999999998899,1000000
3579,feature_1 > 0.94914 AND feature_1 <= 1.15997 AND feature_0 <= 0.43718 AND feature_0 > -0.60851 AND feature_1 > 0.95072 AND feature_0 > -0.08442 AND feature_1 <= 1.15544 AND feature_1 <= 0.97978 AND feature_1 > 0.95408 AND feature_1 > 0.95513 AND feature_0 > 0.16880 AND feature_1 <= 0.97117 AND feature_1 > 0.96960,"{'feature_1': (0.9696, 0.97117), 'feature_0': (0.1688, 0.43718)}",2,5.501,13,[Online] CT,"[3088, 3089, 3090, 3378, 3380, 3544, 3545, 3546, 3552, 3554, 3570, 3571]",feature_4 > -0.578 AND feature_6 <= 1.084 AND feature_1 > 0.94914 AND feature_1 <= 1.15997 AND feature_0 <= 0.43718 AND feature_0 > -0.60851 AND feature_1 > 0.95072 AND feature_0 > -0.08442 AND feature_1 <= 1.15544 AND feature_1 <= 0.97978 AND feature_1 > 0.95408 AND feature_1 > 0.95513 AND feature_0 > 0.16880 AND feature_1 <= 0.97117 AND feature_1 > 0.96960,1.587,1.585,Random,[Online] CT Random,0.0,4.64,4.64,5098,30,0.0,5,3.9140000000000006,0.0020000000000000018,1000000
2252,feature_1 <= 0.94914 AND feature_0 > -2.13646 AND feature_0 > 0.02840 AND feature_0 <= 0.90036 AND feature_1 > 0.37604 AND feature_0 > 0.61406 AND feature_1 <= 0.73497 AND feature_0 <= 0.77332 AND feature_0 > 0.76200,"{'feature_1': (0.37604, 0.73497), 'feature_0': (0.762, 0.77332)}",2,0.881,9,[Online] CT,"[1, 289, 1543, 1544, 2078, 2224, 2225, 2226]",feature_4 > -0.578 AND feature_6 <= 1.084 AND feature_1 <= 0.94914 AND feature_0 > -2.13646 AND feature_0 > 0.02840 AND feature_0 <= 0.90036 AND feature_1 > 0.37604 AND feature_0 > 0.61406 AND feature_1 <= 0.73497 AND feature_0 <= 0.77332 AND feature_0 > 0.76200,1.767,1.772,Random,[Online] CT Random,0.0,4.64,4.64,5098,270,0.0,5,0.8859999999999999,0.0050000000000001155,1000000
328,feature_1 <= 0.94914 AND feature_0 > -2.13646 AND feature_0 <= 0.02840 AND feature_0 <= -1.09180 AND feature_1 <= 0.38485 AND feature_0 <= -1.50931 AND feature_0 <= -1.75655 AND feature_1 <= -0.86638 AND feature_1 > -2.51449 AND feature_1 > -2.27481 AND feature_1 > -2.12369 AND feature_0 > -1.99011 AND feature_0 <= -1.85360 AND feature_1 > -0.98027,"{'feature_1': (-0.98027, -0.86638), 'feature_0': (-1.99011, -1.8536)}",2,2.49,14,[Online] CT,"[1, 289, 290, 291, 292, 293, 294, 295, 299, 305, 309, 323, 324]",feature_4 > -0.578 AND feature_6 <= 1.084 AND feature_1 <= 0.94914 AND feature_0 > -2.13646 AND feature_0 <= 0.02840 AND feature_0 <= -1.09180 AND feature_1 <= 0.38485 AND feature_0 <= -1.50931 AND feature_0 <= -1.75655 AND feature_1 <= -0.86638 AND feature_1 > -2.51449 AND feature_1 > -2.27481 AND feature_1 > -2.12369 AND feature_0 > -1.99011 AND feature_0 <= -1.85360 AND feature_1 > -0.98027,1.588,1.59,Random,[Online] CT Random,0.0,4.64,4.64,5098,148,0.0,5,0.9020000000000001,0.0020000000000000018,1000000
5768,feature_0 > 0.63624 AND feature_0 > 0.80432 AND feature_1 <= 2.23684 AND feature_1 > 0.59086 AND feature_0 <= 1.77113 AND feature_1 > 1.28224 AND feature_1 <= 1.82162 AND feature_0 > 1.47447 AND feature_0 <= 1.52155 AND feature_0 > 1.51906,"{'feature_0': (1.51906, 1.52155), 'feature_1': (1.28224, 1.82162)}",2,8.218,10,[Online] CT,"[3576, 4546, 4547, 5437, 5438, 5668, 5669, 5751, 5752]",feature_9 > -1.262 AND feature_0 > 0.63624 AND feature_0 > 0.80432 AND feature_1 <= 2.23684 AND feature_1 > 0.59086 AND feature_0 <= 1.77113 AND feature_1 > 1.28224 AND feature_1 <= 1.82162 AND feature_0 > 1.47447 AND feature_0 <= 1.52155 AND feature_0 > 1.51906,3.192,3.198,OptRes,[Online] CT OptRes,0.002,6.95,6.952,6238,20,0.0,5,5.026,0.005999999999999783,1000000
5268,feature_0 > 0.63624 AND feature_0 > 0.80432 AND feature_1 <= 2.23684 AND feature_1 <= 0.59086 AND feature_0 > 1.60550 AND feature_0 > 2.05939 AND feature_1 <= -0.16513 AND feature_0 > 2.75373 AND feature_1 > -1.81844 AND feature_1 <= -0.34141 AND feature_0 <= 3.28917 AND feature_1 <= -0.97568 AND feature_0 <= 3.19978 AND feature_1 <= -1.47245 AND feature_0 > 3.03863,"{'feature_0': (3.03863, 3.19978), 'feature_1': (-1.81844, -1.47245)}",2,8.022,15,[Online] CT,"[3576, 4546, 4547, 4548, 5074, 5174, 5175, 5255, 5261, 5262, 5263, 5264, 5265, 5266]",feature_9 > -1.262 AND feature_0 > 0.63624 AND feature_0 > 0.80432 AND feature_1 <= 2.23684 AND feature_1 <= 0.59086 AND feature_0 > 1.60550 AND feature_0 > 2.05939 AND feature_1 <= -0.16513 AND feature_0 > 2.75373 AND feature_1 > -1.81844 AND feature_1 <= -0.34141 AND feature_0 <= 3.28917 AND feature_1 <= -0.97568 AND feature_0 <= 3.19978 AND feature_1 <= -1.47245 AND feature_0 > 3.03863,3.314,3.311,OptRes,[Online] CT OptRes,0.002,6.95,6.952,6238,22,0.0,5,4.708,0.0030000000000001137,1000000
6033,feature_0 > 0.63624 AND feature_0 > 0.80432 AND feature_1 <= 2.23684 AND feature_1 > 0.59086 AND feature_0 > 1.77113 AND feature_0 <= 2.31552 AND feature_1 > 1.34747 AND feature_0 > 1.80762 AND feature_1 > 1.66874 AND feature_1 > 1.76150 AND feature_0 > 1.94510 AND feature_1 <= 1.78315,"{'feature_0': (1.9451, 2.31552), 'feature_1': (1.7615, 1.78315)}",2,7.987,12,[Online] CT,"[3576, 4546, 4547, 5437, 5877, 5878, 5970, 5984, 6010, 6022, 6032]",feature_9 > -1.262 AND feature_0 > 0.63624 AND feature_0 > 0.80432 AND feature_1 <= 2.23684 AND feature_1 > 0.59086 AND feature_0 > 1.77113 AND feature_0 <= 2.31552 AND feature_1 > 1.34747 AND feature_0 > 1.80762 AND feature_1 > 1.66874 AND feature_1 > 1.76150 AND feature_0 > 1.94510 AND feature_1 <= 1.78315,4.021,4.011,OptRes,[Online] CT OptRes,0.002,6.95,6.952,6238,20,0.0,5,3.966,0.009999999999999787,1000000
3526,feature_0 <= 0.63624 AND feature_0 > -3.41045 AND feature_0 > -0.45606 AND feature_1 > -0.18575 AND feature_0 > 0.15434 AND feature_1 > 2.08636 AND feature_0 > 0.16786 AND feature_1 <= 2.67821 AND feature_0 > 0.17825 AND feature_0 > 0.26515 AND feature_0 <= 0.29292 AND feature_1 <= 2.34198 AND feature_1 > 2.25884,"{'feature_0': (0.26515, 0.29292), 'feature_1': (2.25884, 2.34198)}",2,7.624,13,[Online] CT,"[1, 17, 1725, 2517, 3151, 3493, 3497, 3498, 3502, 3520, 3521, 3522]",feature_9 > -1.262 AND feature_0 <= 0.63624 AND feature_0 > -3.41045 AND feature_0 > -0.45606 AND feature_1 > -0.18575 AND feature_0 > 0.15434 AND feature_1 > 2.08636 AND feature_0 > 0.16786 AND feature_1 <= 2.67821 AND feature_0 > 0.17825 AND feature_0 > 0.26515 AND feature_0 <= 0.29292 AND feature_1 <= 2.34198 AND feature_1 > 2.25884,2.677,2.68,OptRes,[Online] CT OptRes,0.002,6.95,6.952,6238,22,0.0,5,4.946999999999999,0.0030000000000001137,1000000
6162,feature_0 > 0.63624 AND feature_0 > 0.80432 AND feature_1 > 2.23684 AND feature_0 <= 2.59107 AND feature_0 > 0.96471 AND feature_1 <= 2.28265 AND feature_1 > 2.27798,"{'feature_0': (0.96471, 2.59107), 'feature_1': (2.27798, 2.28265)}",2,7.602,7,[Online] CT,"[3576, 4546, 6122, 6123, 6151, 6152]",feature_9 > -1.262 AND feature_0 > 0.63624 AND feature_0 > 0.80432 AND feature_1 > 2.23684 AND feature_0 <= 2.59107 AND feature_0 > 0.96471 AND feature_1 <= 2.28265 AND feature_1 > 2.27798,3.816,3.816,OptRes,[Online] CT OptRes,0.002,6.95,6.952,6238,20,0.0,5,3.7860000000000005,0.0,1000000
5768,feature_0 > 0.63624 AND feature_0 > 0.80432 AND feature_1 <= 2.23684 AND feature_1 > 0.59086 AND feature_0 <= 1.77113 AND feature_1 > 1.28224 AND feature_1 <= 1.82162 AND feature_0 > 1.47447 AND feature_0 <= 1.52155 AND feature_0 > 1.51906,"{'feature_0': (1.51906, 1.52155), 'feature_1': (1.28224, 1.82162)}",2,8.218,10,[Online] CT,"[3576, 4546, 4547, 5437, 5438, 5668, 5669, 5751, 5752]",feature_9 > -1.262 AND feature_0 > 0.63624 AND feature_0 > 0.80432 AND feature_1 <= 2.23684 AND feature_1 > 0.59086 AND feature_0 <= 1.77113 AND feature_1 > 1.28224 AND feature_1 <= 1.82162 AND feature_0 > 1.47447 AND feature_0 <= 1.52155 AND feature_0 > 1.51906,3.192,3.198,ResOve,[Online] CT ResOve,1.08,6.95,8.030000000000001,6238,20,0.0,5,5.026,0.005999999999999783,1000000
5694,feature_0 > 0.63624 AND feature_0 > 0.80432 AND feature_1 <= 2.23684 AND feature_1 > 0.59086 AND feature_0 <= 1.77113 AND feature_1 > 1.28224 AND feature_1 <= 1.82162 AND feature_0 <= 1.47447 AND feature_0 <= 0.97644 AND feature_0 > 0.80881 AND feature_1 > 1.28549 AND feature_0 > 0.83060 AND feature_1 <= 1.31035 AND feature_1 > 1.29883 AND feature_0 > 0.93692,"{'feature_0': (0.93692, 0.97644), 'feature_1': (1.29883, 1.31035)}",2,6.848,15,[Online] CT,"[3576, 4546, 4547, 5437, 5438, 5668, 5669, 5670, 5671, 5675, 5677, 5687, 5688, 5692]",feature_9 > -1.262 AND feature_0 > 0.63624 AND feature_0 > 0.80432 AND feature_1 <= 2.23684 AND feature_1 > 0.59086 AND feature_0 <= 1.77113 AND feature_1 > 1.28224 AND feature_1 <= 1.82162 AND feature_0 <= 1.47447 AND feature_0 <= 0.97644 AND feature_0 > 0.80881 AND feature_1 > 1.28549 AND feature_0 > 0.83060 AND feature_1 <= 1.31035 AND feature_1 > 1.29883 AND feature_0 > 0.93692,2.499,2.5,ResOve,[Online] CT ResOve,1.08,6.95,8.030000000000001,6238,20,0.0,5,4.349,0.0009999999999998899,1000000
5611,feature_0 > 0.63624 AND feature_0 > 0.80432 AND feature_1 <= 2.23684 AND feature_1 > 0.59086 AND feature_0 <= 1.77113 AND feature_1 <= 1.28224 AND feature_0 > 1.33745 AND feature_0 <= 1.75626 AND feature_1 > 0.74240 AND feature_0 <= 1.53107 AND feature_0 <= 1.42780 AND feature_0 > 1.42172 AND feature_1 > 0.83442 AND feature_0 <= 1.42652 AND feature_0 > 1.42447,"{'feature_0': (1.42447, 1.42652), 'feature_1': (0.83442, 1.28224)}",2,7.597,15,[Online] CT,"[3576, 4546, 4547, 5437, 5438, 5439, 5557, 5558, 5596, 5597, 5598, 5606, 5608, 5609]",feature_9 > -1.262 AND feature_0 > 0.63624 AND feature_0 > 0.80432 AND feature_1 <= 2.23684 AND feature_1 > 0.59086 AND feature_0 <= 1.77113 AND feature_1 <= 1.28224 AND feature_0 > 1.33745 AND feature_0 <= 1.75626 AND feature_1 > 0.74240 AND feature_0 <= 1.53107 AND feature_0 <= 1.42780 AND feature_0 > 1.42172 AND feature_1 > 0.83442 AND feature_0 <= 1.42652 AND feature_0 > 1.42447,2.724,2.717,ResOve,[Online] CT ResOve,1.08,6.95,8.030000000000001,6238,23,0.0,5,4.873,0.007000000000000117,1000000
3526,feature_0 <= 0.63624 AND feature_0 > -3.41045 AND feature_0 > -0.45606 AND feature_1 > -0.18575 AND feature_0 > 0.15434 AND feature_1 > 2.08636 AND feature_0 > 0.16786 AND feature_1 <= 2.67821 AND feature_0 > 0.17825 AND feature_0 > 0.26515 AND feature_0 <= 0.29292 AND feature_1 <= 2.34198 AND feature_1 > 2.25884,"{'feature_0': (0.26515, 0.29292), 'feature_1': (2.25884, 2.34198)}",2,7.624,13,[Online] CT,"[1, 17, 1725, 2517, 3151, 3493, 3497, 3498, 3502, 3520, 3521, 3522]",feature_9 > -1.262 AND feature_0 <= 0.63624 AND feature_0 > -3.41045 AND feature_0 > -0.45606 AND feature_1 > -0.18575 AND feature_0 > 0.15434 AND feature_1 > 2.08636 AND feature_0 > 0.16786 AND feature_1 <= 2.67821 AND feature_0 > 0.17825 AND feature_0 > 0.26515 AND feature_0 <= 0.29292 AND feature_1 <= 2.34198 AND feature_1 > 2.25884,2.677,2.68,ResOve,[Online] CT ResOve,1.08,6.95,8.030000000000001,6238,22,0.0,5,4.946999999999999,0.0030000000000001137,1000000
31,feature_0 <= 0.63624 AND feature_0 > -3.41045 AND feature_0 <= -0.45606 AND feature_1 <= 0.52997 AND feature_0 <= -1.20350 AND feature_0 <= -1.54041 AND feature_0 <= -2.81029 AND feature_0 <= -3.10328 AND feature_1 <= 0.42659 AND feature_1 <= -0.80102 AND feature_1 > -0.92966,"{'feature_0': (-3.41045, -3.10328), 'feature_1': (-0.92966, -0.80102)}",2,6.836,11,[Online] CT,"[1, 17, 18, 19, 20, 21, 22, 23, 24, 25]",feature_9 > -1.262 AND feature_0 <= 0.63624 AND feature_0 > -3.41045 AND feature_0 <= -0.45606 AND feature_1 <= 0.52997 AND feature_0 <= -1.20350 AND feature_0 <= -1.54041 AND feature_0 <= -2.81029 AND feature_0 <= -3.10328 AND feature_1 <= 0.42659 AND feature_1 <= -0.80102 AND feature_1 > -0.92966,2.871,2.879,ResOve,[Online] CT ResOve,1.08,6.95,8.030000000000001,6238,27,0.0,5,3.9650000000000003,0.008000000000000007,1000000
5268,feature_0 > 0.63624 AND feature_0 > 0.80432 AND feature_1 <= 2.23684 AND feature_1 <= 0.59086 AND feature_0 > 1.60550 AND feature_0 > 2.05939 AND feature_1 <= -0.16513 AND feature_0 > 2.75373 AND feature_1 > -1.81844 AND feature_1 <= -0.34141 AND feature_0 <= 3.28917 AND feature_1 <= -0.97568 AND feature_0 <= 3.19978 AND feature_1 <= -1.47245 AND feature_0 > 3.03863,"{'feature_0': (3.03863, 3.19978), 'feature_1': (-1.81844, -1.47245)}",2,8.022,15,[Online] CT,"[3576, 4546, 4547, 4548, 5074, 5174, 5175, 5255, 5261, 5262, 5263, 5264, 5265, 5266]",feature_9 > -1.262 AND feature_0 > 0.63624 AND feature_0 > 0.80432 AND feature_1 <= 2.23684 AND feature_1 <= 0.59086 AND feature_0 > 1.60550 AND feature_0 > 2.05939 AND feature_1 <= -0.16513 AND feature_0 > 2.75373 AND feature_1 > -1.81844 AND feature_1 <= -0.34141 AND feature_0 <= 3.28917 AND feature_1 <= -0.97568 AND feature_0 <= 3.19978 AND feature_1 <= -1.47245 AND feature_0 > 3.03863,3.314,3.311,NoOve,[Online] CT NoOve,0.002,6.95,6.952,6238,22,0.0,5,4.708,0.0030000000000001137,1000000
5611,feature_0 > 0.63624 AND feature_0 > 0.80432 AND feature_1 <= 2.23684 AND feature_1 > 0.59086 AND feature_0 <= 1.77113 AND feature_1 <= 1.28224 AND feature_0 > 1.33745 AND feature_0 <= 1.75626 AND feature_1 > 0.74240 AND feature_0 <= 1.53107 AND feature_0 <= 1.42780 AND feature_0 > 1.42172 AND feature_1 > 0.83442 AND feature_0 <= 1.42652 AND feature_0 > 1.42447,"{'feature_0': (1.42447, 1.42652), 'feature_1': (0.83442, 1.28224)}",2,7.597,15,[Online] CT,"[3576, 4546, 4547, 5437, 5438, 5439, 5557, 5558, 5596, 5597, 5598, 5606, 5608, 5609]",feature_9 > -1.262 AND feature_0 > 0.63624 AND feature_0 > 0.80432 AND feature_1 <= 2.23684 AND feature_1 > 0.59086 AND feature_0 <= 1.77113 AND feature_1 <= 1.28224 AND feature_0 > 1.33745 AND feature_0 <= 1.75626 AND feature_1 > 0.74240 AND feature_0 <= 1.53107 AND feature_0 <= 1.42780 AND feature_0 > 1.42172 AND feature_1 > 0.83442 AND feature_0 <= 1.42652 AND feature_0 > 1.42447,2.724,2.717,NoOve,[Online] CT NoOve,0.002,6.95,6.952,6238,23,0.0,5,4.873,0.007000000000000117,1000000
3572,feature_0 <= 0.63624 AND feature_0 > -3.41045 AND feature_0 > -0.45606 AND feature_1 > -0.18575 AND feature_0 > 0.15434 AND feature_1 > 2.08636 AND feature_0 > 0.16786 AND feature_1 > 2.67821 AND feature_0 > 0.32078 AND feature_1 > 2.80295 AND feature_0 <= 0.57258 AND feature_1 <= 3.29575 AND feature_0 > 0.36812 AND feature_1 > 2.87661 AND feature_1 <= 2.97709,"{'feature_0': (0.36812, 0.57258), 'feature_1': (2.87661, 2.97709)}",2,6.945,15,[Online] CT,"[1, 17, 1725, 2517, 3151, 3493, 3497, 3547, 3559, 3565, 3566, 3567, 3569, 3571]",feature_9 > -1.262 AND feature_0 <= 0.63624 AND feature_0 > -3.41045 AND feature_0 > -0.45606 AND feature_1 > -0.18575 AND feature_0 > 0.15434 AND feature_1 > 2.08636 AND feature_0 > 0.16786 AND feature_1 > 2.67821 AND feature_0 > 0.32078 AND feature_1 > 2.80295 AND feature_0 <= 0.57258 AND feature_1 <= 3.29575 AND feature_0 > 0.36812 AND feature_1 > 2.87661 AND feature_1 <= 2.97709,3.449,3.444,NoOve,[Online] CT NoOve,0.002,6.95,6.952,6238,29,0.0,5,3.4960000000000004,0.004999999999999893,1000000
5694,feature_0 > 0.63624 AND feature_0 > 0.80432 AND feature_1 <= 2.23684 AND feature_1 > 0.59086 AND feature_0 <= 1.77113 AND feature_1 > 1.28224 AND feature_1 <= 1.82162 AND feature_0 <= 1.47447 AND feature_0 <= 0.97644 AND feature_0 > 0.80881 AND feature_1 > 1.28549 AND feature_0 > 0.83060 AND feature_1 <= 1.31035 AND feature_1 > 1.29883 AND feature_0 > 0.93692,"{'feature_0': (0.93692, 0.97644), 'feature_1': (1.29883, 1.31035)}",2,6.848,15,[Online] CT,"[3576, 4546, 4547, 5437, 5438, 5668, 5669, 5670, 5671, 5675, 5677, 5687, 5688, 5692]",feature_9 > -1.262 AND feature_0 > 0.63624 AND feature_0 > 0.80432 AND feature_1 <= 2.23684 AND feature_1 > 0.59086 AND feature_0 <= 1.77113 AND feature_1 > 1.28224 AND feature_1 <= 1.82162 AND feature_0 <= 1.47447 AND feature_0 <= 0.97644 AND feature_0 > 0.80881 AND feature_1 > 1.28549 AND feature_0 > 0.83060 AND feature_1 <= 1.31035 AND feature_1 > 1.29883 AND feature_0 > 0.93692,2.499,2.5,NoOve,[Online] CT NoOve,0.002,6.95,6.952,6238,20,0.0,5,4.349,0.0009999999999998899,1000000
6096,feature_0 > 0.63624 AND feature_0 > 0.80432 AND feature_1 <= 2.23684 AND feature_1 > 0.59086 AND feature_0 > 1.77113 AND feature_0 > 2.31552 AND feature_1 <= 1.73108 AND feature_0 > 2.32291 AND feature_0 > 2.38090 AND feature_1 > 0.64837 AND feature_0 > 2.50591 AND feature_1 > 0.67834 AND feature_1 <= 0.90070 AND feature_0 <= 2.57979 AND feature_1 > 0.81419,"{'feature_0': (2.50591, 2.57979), 'feature_1': (0.81419, 0.9007)}",2,6.567,15,[Online] CT,"[3576, 4546, 4547, 5437, 5877, 6041, 6042, 6044, 6060, 6070, 6090, 6092, 6093, 6094]",feature_9 > -1.262 AND feature_0 > 0.63624 AND feature_0 > 0.80432 AND feature_1 <= 2.23684 AND feature_1 > 0.59086 AND feature_0 > 1.77113 AND feature_0 > 2.31552 AND feature_1 <= 1.73108 AND feature_0 > 2.32291 AND feature_0 > 2.38090 AND feature_1 > 0.64837 AND feature_0 > 2.50591 AND feature_1 > 0.67834 AND feature_1 <= 0.90070 AND feature_0 <= 2.57979 AND feature_1 > 0.81419,3.756,3.757,NoOve,[Online] CT NoOve,0.002,6.95,6.952,6238,32,0.0,5,2.8110000000000004,0.001000000000000334,1000000
5618,feature_0 > 0.63624 AND feature_0 > 0.80432 AND feature_1 <= 2.23684 AND feature_1 > 0.59086 AND feature_0 <= 1.77113 AND feature_1 <= 1.28224 AND feature_0 > 1.33745 AND feature_0 <= 1.75626 AND feature_1 > 0.74240 AND feature_0 <= 1.53107 AND feature_0 > 1.42780 AND feature_0 > 1.42982 AND feature_1 <= 1.27343 AND feature_1 <= 0.79041 AND feature_0 <= 1.45611,"{'feature_0': (1.42982, 1.45611), 'feature_1': (0.7424, 0.79041)}",2,2.454,15,[Online] CT,"[3576, 4546, 4547, 5437, 5438, 5439, 5557, 5558, 5596, 5597, 5613, 5615, 5616, 5617]",feature_9 > -1.262 AND feature_0 > 0.63624 AND feature_0 > 0.80432 AND feature_1 <= 2.23684 AND feature_1 > 0.59086 AND feature_0 <= 1.77113 AND feature_1 <= 1.28224 AND feature_0 > 1.33745 AND feature_0 <= 1.75626 AND feature_1 > 0.74240 AND feature_0 <= 1.53107 AND feature_0 > 1.42780 AND feature_0 > 1.42982 AND feature_1 <= 1.27343 AND feature_1 <= 0.79041 AND feature_0 <= 1.45611,2.591,2.591,Random,[Online] CT Random,0.0,6.95,6.95,6238,46,0.0,5,0.137,0.0,1000000
600,feature_0 <= 0.63624 AND feature_0 > -3.41045 AND feature_0 <= -0.45606 AND feature_1 <= 0.52997 AND feature_0 > -1.20350 AND feature_0 <= -0.78215 AND feature_1 <= -0.97414 AND feature_0 <= -0.91837 AND feature_0 > -0.92466 AND feature_1 <= -1.05621 AND feature_0 > -0.92432 AND feature_1 <= -1.43608 AND feature_0 <= -0.91943 AND feature_1 <= -2.06283,"{'feature_0': (-0.92432, -0.91943), 'feature_1': (-5.519, -2.06283)}",2,1.117,14,[Online] CT,"[1, 17, 18, 19, 557, 558, 559, 560, 594, 595, 597, 598, 599]",feature_9 > -1.262 AND feature_0 <= 0.63624 AND feature_0 > -3.41045 AND feature_0 <= -0.45606 AND feature_1 <= 0.52997 AND feature_0 > -1.20350 AND feature_0 <= -0.78215 AND feature_1 <= -0.97414 AND feature_0 <= -0.91837 AND feature_0 > -0.92466 AND feature_1 <= -1.05621 AND feature_0 > -0.92432 AND feature_1 <= -1.43608 AND feature_0 <= -0.91943 AND feature_1 <= -2.06283,0.827,0.827,Random,[Online] CT Random,0.0,6.95,6.95,6238,21,0.0,5,0.29000000000000004,0.0,1000000
6157,feature_0 > 0.63624 AND feature_0 > 0.80432 AND feature_1 > 2.23684 AND feature_0 <= 2.59107 AND feature_0 > 0.96471 AND feature_1 <= 2.28265 AND feature_1 <= 2.27798 AND feature_0 > 1.25534,"{'feature_0': (1.25534, 2.59107), 'feature_1': (2.23684, 2.27798)}",2,3.683,8,[Online] CT,"[3576, 4546, 6122, 6123, 6151, 6152, 6153]",feature_9 > -1.262 AND feature_0 > 0.63624 AND feature_0 > 0.80432 AND feature_1 > 2.23684 AND feature_0 <= 2.59107 AND feature_0 > 0.96471 AND feature_1 <= 2.28265 AND feature_1 <= 2.27798 AND feature_0 > 1.25534,3.994,3.998,Random,[Online] CT Random,0.0,6.95,6.95,6238,108,0.0,5,0.3110000000000004,0.0040000000000000036,1000000
4810,feature_0 > 0.63624 AND feature_0 > 0.80432 AND feature_1 <= 2.23684 AND feature_1 <= 0.59086 AND feature_0 <= 1.60550 AND feature_1 <= 0.04661 AND feature_0 > 0.98652 AND feature_1 > -0.61308 AND feature_1 <= -0.17542 AND feature_0 <= 1.13880 AND feature_1 <= -0.17903 AND feature_0 <= 1.11538,"{'feature_0': (0.98652, 1.11538), 'feature_1': (-0.61308, -0.17903)}",2,1.453,12,[Online] CT,"[3576, 4546, 4547, 4548, 4549, 4550, 4722, 4806, 4807, 4808, 4809]",feature_9 > -1.262 AND feature_0 > 0.63624 AND feature_0 > 0.80432 AND feature_1 <= 2.23684 AND feature_1 <= 0.59086 AND feature_0 <= 1.60550 AND feature_1 <= 0.04661 AND feature_0 > 0.98652 AND feature_1 > -0.61308 AND feature_1 <= -0.17542 AND feature_0 <= 1.13880 AND feature_1 <= -0.17903 AND feature_0 <= 1.11538,1.569,1.57,Random,[Online] CT Random,0.0,6.95,6.95,6238,4182,0.0,5,0.11599999999999988,0.001000000000000112,1000000
1803,feature_0 <= 0.63624 AND feature_0 > -3.41045 AND feature_0 > -0.45606 AND feature_1 <= -0.18575 AND feature_0 <= -0.24974 AND feature_1 > -2.43922 AND feature_1 <= -1.42103 AND feature_0 > -0.45377 AND feature_0 > -0.28532 AND feature_1 > -1.53698 AND feature_1 <= -1.46264,"{'feature_0': (-0.28532, -0.24974), 'feature_1': (-1.53698, -1.46264)}",2,0.587,11,[Online] CT,"[1, 17, 1725, 1726, 1727, 1755, 1756, 1758, 1780, 1802]",feature_9 > -1.262 AND feature_0 <= 0.63624 AND feature_0 > -3.41045 AND feature_0 > -0.45606 AND feature_1 <= -0.18575 AND feature_0 <= -0.24974 AND feature_1 > -2.43922 AND feature_1 <= -1.42103 AND feature_0 > -0.45377 AND feature_0 > -0.28532 AND feature_1 > -1.53698 AND feature_1 <= -1.46264,0.066,0.066,Random,[Online] CT Random,0.0,6.95,6.95,6238,114,0.0,5,0.5209999999999999,0.0,1000000
4254,feature_0 > -3.06575 AND feature_0 > -0.11185 AND feature_0 > 0.65251 AND feature_1 > 1.04742 AND feature_0 > 1.36170 AND feature_0 <= 2.49614 AND feature_1 <= 2.14708 AND feature_1 > 1.26761 AND feature_0 > 1.78389 AND feature_1 <= 2.08705 AND feature_0 > 2.43861 AND feature_0 <= 2.46494,"{'feature_0': (2.43861, 2.46494), 'feature_1': (1.26761, 2.08705)}",2,7.317,12,[Online] CT,"[34, 2032, 3014, 3902, 4148, 4149, 4150, 4190, 4224, 4225, 4253]",feature_3 <= 1.817 AND feature_6 > -0.219 AND feature_0 > -3.06575 AND feature_0 > -0.11185 AND feature_0 > 0.65251 AND feature_1 > 1.04742 AND feature_0 > 1.36170 AND feature_0 <= 2.49614 AND feature_1 <= 2.14708 AND feature_1 > 1.26761 AND feature_0 > 1.78389 AND feature_1 <= 2.08705 AND feature_0 > 2.43861 AND feature_0 <= 2.46494,4.201,4.134,OptRes,[Online] CT OptRes,0.001,4.25,4.251,4312,27,0.0,5,3.1160000000000005,0.06699999999999928,1000000
4312,feature_0 > -3.06575 AND feature_0 > -0.11185 AND feature_0 > 0.65251 AND feature_1 > 1.04742 AND feature_0 > 1.36170 AND feature_0 > 2.49614 AND feature_0 > 2.69207 AND feature_1 > 2.29256,"{'feature_0': (2.69207, 5.091), 'feature_1': (2.29256, 4.796)}",2,7.195,8,[Online] CT,"[34, 2032, 3014, 3902, 4148, 4282, 4294]",feature_3 <= 1.817 AND feature_6 > -0.219 AND feature_0 > -3.06575 AND feature_0 > -0.11185 AND feature_0 > 0.65251 AND feature_1 > 1.04742 AND feature_0 > 1.36170 AND feature_0 > 2.49614 AND feature_0 > 2.69207 AND feature_1 > 2.29256,5.668,5.716,OptRes,[Online] CT OptRes,0.001,4.25,4.251,4312,20,0.0,5,1.5270000000000001,0.04800000000000004,1000000
4292,feature_0 > -3.06575 AND feature_0 > -0.11185 AND feature_0 > 0.65251 AND feature_1 > 1.04742 AND feature_0 > 1.36170 AND feature_0 > 2.49614 AND feature_0 <= 2.69207 AND feature_1 > 1.17994 AND feature_1 > 1.46766 AND feature_0 <= 2.62214 AND feature_1 > 1.57186,"{'feature_0': (2.49614, 2.62214), 'feature_1': (1.57186, 4.796)}",2,7.045,11,[Online] CT,"[34, 2032, 3014, 3902, 4148, 4282, 4283, 4285, 4289, 4290]",feature_3 <= 1.817 AND feature_6 > -0.219 AND feature_0 > -3.06575 AND feature_0 > -0.11185 AND feature_0 > 0.65251 AND feature_1 > 1.04742 AND feature_0 > 1.36170 AND feature_0 > 2.49614 AND feature_0 <= 2.69207 AND feature_1 > 1.17994 AND feature_1 > 1.46766 AND feature_0 <= 2.62214 AND feature_1 > 1.57186,4.629,4.622,OptRes,[Online] CT OptRes,0.001,4.25,4.251,4312,43,0.0,5,2.4160000000000004,0.006999999999999673,1000000
3765,feature_0 > -3.06575 AND feature_0 > -0.11185 AND feature_0 > 0.65251 AND feature_1 <= 1.04742 AND feature_0 > 1.34964 AND feature_0 <= 2.27011 AND feature_1 > 0.01448 AND feature_0 > 1.71586 AND feature_1 > 0.79562 AND feature_0 <= 2.05100 AND feature_0 <= 1.81698 AND feature_1 > 0.81124 AND feature_0 > 1.75482 AND feature_1 > 0.85310 AND feature_1 <= 0.88655,"{'feature_0': (1.75482, 1.81698), 'feature_1': (0.8531, 0.88655)}",2,7.03,15,[Online] CT,"[34, 2032, 3014, 3015, 3483, 3484, 3642, 3724, 3752, 3753, 3754, 3756, 3762, 3764]",feature_3 <= 1.817 AND feature_6 > -0.219 AND feature_0 > -3.06575 AND feature_0 > -0.11185 AND feature_0 > 0.65251 AND feature_1 <= 1.04742 AND feature_0 > 1.34964 AND feature_0 <= 2.27011 AND feature_1 > 0.01448 AND feature_0 > 1.71586 AND feature_1 > 0.79562 AND feature_0 <= 2.05100 AND feature_0 <= 1.81698 AND feature_1 > 0.81124 AND feature_0 > 1.75482 AND feature_1 > 0.85310 AND feature_1 <= 0.88655,3.005,3.003,OptRes,[Online] CT OptRes,0.001,4.25,4.251,4312,24,0.0,5,4.025,0.0019999999999997797,1000000
3646,feature_0 > -3.06575 AND feature_0 > -0.11185 AND feature_0 > 0.65251 AND feature_1 <= 1.04742 AND feature_0 > 1.34964 AND feature_0 <= 2.27011 AND feature_1 > 0.01448 AND feature_0 <= 1.71586 AND feature_1 <= 0.92742 AND feature_0 <= 1.35474 AND feature_1 <= 0.12267,"{'feature_0': (1.34964, 1.35474), 'feature_1': (0.01448, 0.12267)}",2,6.969,11,[Online] CT,"[34, 2032, 3014, 3015, 3483, 3484, 3642, 3643, 3644, 3645]",feature_3 <= 1.817 AND feature_6 > -0.219 AND feature_0 > -3.06575 AND feature_0 > -0.11185 AND feature_0 > 0.65251 AND feature_1 <= 1.04742 AND feature_0 > 1.34964 AND feature_0 <= 2.27011 AND feature_1 > 0.01448 AND feature_0 <= 1.71586 AND feature_1 <= 0.92742 AND feature_0 <= 1.35474 AND feature_1 <= 0.12267,2.081,2.081,OptRes,[Online] CT OptRes,0.001,4.25,4.251,4312,24,0.0,5,4.888,0.0,1000000
4312,feature_0 > -3.06575 AND feature_0 > -0.11185 AND feature_0 > 0.65251 AND feature_1 > 1.04742 AND feature_0 > 1.36170 AND feature_0 > 2.49614 AND feature_0 > 2.69207 AND feature_1 > 2.29256,"{'feature_0': (2.69207, 5.091), 'feature_1': (2.29256, 4.796)}",2,7.195,8,[Online] CT,"[34, 2032, 3014, 3902, 4148, 4282, 4294]",feature_3 <= 1.817 AND feature_6 > -0.219 AND feature_0 > -3.06575 AND feature_0 > -0.11185 AND feature_0 > 0.65251 AND feature_1 > 1.04742 AND feature_0 > 1.36170 AND feature_0 > 2.49614 AND feature_0 > 2.69207 AND feature_1 > 2.29256,5.668,5.716,ResOve,[Online] CT ResOve,0.86,4.25,5.11,4312,20,0.0,5,1.5270000000000001,0.04800000000000004,1000000
4254,feature_0 > -3.06575 AND feature_0 > -0.11185 AND feature_0 > 0.65251 AND feature_1 > 1.04742 AND feature_0 > 1.36170 AND feature_0 <= 2.49614 AND feature_1 <= 2.14708 AND feature_1 > 1.26761 AND feature_0 > 1.78389 AND feature_1 <= 2.08705 AND feature_0 > 2.43861 AND feature_0 <= 2.46494,"{'feature_0': (2.43861, 2.46494), 'feature_1': (1.26761, 2.08705)}",2,7.317,12,[Online] CT,"[34, 2032, 3014, 3902, 4148, 4149, 4150, 4190, 4224, 4225, 4253]",feature_3 <= 1.817 AND feature_6 > -0.219 AND feature_0 > -3.06575 AND feature_0 > -0.11185 AND feature_0 > 0.65251 AND feature_1 > 1.04742 AND feature_0 > 1.36170 AND feature_0 <= 2.49614 AND feature_1 <= 2.14708 AND feature_1 > 1.26761 AND feature_0 > 1.78389 AND feature_1 <= 2.08705 AND feature_0 > 2.43861 AND feature_0 <= 2.46494,4.201,4.134,ResOve,[Online] CT ResOve,0.86,4.25,5.11,4312,27,0.0,5,3.1160000000000005,0.06699999999999928,1000000
3765,feature_0 > -3.06575 AND feature_0 > -0.11185 AND feature_0 > 0.65251 AND feature_1 <= 1.04742 AND feature_0 > 1.34964 AND feature_0 <= 2.27011 AND feature_1 > 0.01448 AND feature_0 > 1.71586 AND feature_1 > 0.79562 AND feature_0 <= 2.05100 AND feature_0 <= 1.81698 AND feature_1 > 0.81124 AND feature_0 > 1.75482 AND feature_1 > 0.85310 AND feature_1 <= 0.88655,"{'feature_0': (1.75482, 1.81698), 'feature_1': (0.8531, 0.88655)}",2,7.03,15,[Online] CT,"[34, 2032, 3014, 3015, 3483, 3484, 3642, 3724, 3752, 3753, 3754, 3756, 3762, 3764]",feature_3 <= 1.817 AND feature_6 > -0.219 AND feature_0 > -3.06575 AND feature_0 > -0.11185 AND feature_0 > 0.65251 AND feature_1 <= 1.04742 AND feature_0 > 1.34964 AND feature_0 <= 2.27011 AND feature_1 > 0.01448 AND feature_0 > 1.71586 AND feature_1 > 0.79562 AND feature_0 <= 2.05100 AND feature_0 <= 1.81698 AND feature_1 > 0.81124 AND feature_0 > 1.75482 AND feature_1 > 0.85310 AND feature_1 <= 0.88655,3.005,3.003,ResOve,[Online] CT ResOve,0.86,4.25,5.11,4312,24,0.0,5,4.025,0.0019999999999997797,1000000
2030,feature_0 > -3.06575 AND feature_0 <= -0.11185 AND feature_0 > -0.88727 AND feature_1 > 0.55510 AND feature_1 > 1.38772 AND feature_1 > 1.62985 AND feature_0 > -0.59574 AND feature_0 > -0.57735 AND feature_0 > -0.57405 AND feature_0 > -0.11810 AND feature_0 <= -0.11641,"{'feature_0': (-0.1181, -0.11641), 'feature_1': (1.62985, 4.796)}",2,6.769,11,[Online] CT,"[34, 35, 1055, 1749, 1859, 1933, 1997, 2005, 2007, 2029]",feature_3 <= 1.817 AND feature_6 > -0.219 AND feature_0 > -3.06575 AND feature_0 <= -0.11185 AND feature_0 > -0.88727 AND feature_1 > 0.55510 AND feature_1 > 1.38772 AND feature_1 > 1.62985 AND feature_0 > -0.59574 AND feature_0 > -0.57735 AND feature_0 > -0.57405 AND feature_0 > -0.11810 AND feature_0 <= -0.11641,2.169,2.148,ResOve,[Online] CT ResOve,0.86,4.25,5.11,4312,22,0.0,5,4.6,0.020999999999999908,1000000
2996,feature_0 > -3.06575 AND feature_0 > -0.11185 AND feature_0 <= 0.65251 AND feature_1 > -0.53934 AND feature_0 > 0.47944 AND feature_1 > 0.93283 AND feature_1 > 1.97792 AND feature_1 <= 2.85145 AND feature_0 > 0.52163 AND feature_1 > 1.99554 AND feature_0 <= 0.59148 AND feature_0 > 0.52868 AND feature_1 <= 2.25813 AND feature_1 > 2.19594,"{'feature_0': (0.52868, 0.59148), 'feature_1': (2.19594, 2.25813)}",2,6.76,14,[Online] CT,"[34, 2032, 2033, 2473, 2679, 2907, 2975, 2976, 2986, 2988, 2989, 2991, 2992]",feature_3 <= 1.817 AND feature_6 > -0.219 AND feature_0 > -3.06575 AND feature_0 > -0.11185 AND feature_0 <= 0.65251 AND feature_1 > -0.53934 AND feature_0 > 0.47944 AND feature_1 > 0.93283 AND feature_1 > 1.97792 AND feature_1 <= 2.85145 AND feature_0 > 0.52163 AND feature_1 > 1.99554 AND feature_0 <= 0.59148 AND feature_0 > 0.52868 AND feature_1 <= 2.25813 AND feature_1 > 2.19594,2.887,2.889,ResOve,[Online] CT ResOve,0.86,4.25,5.11,4312,22,0.0,5,3.8729999999999998,0.0019999999999997797,1000000
4292,feature_0 > -3.06575 AND feature_0 > -0.11185 AND feature_0 > 0.65251 AND feature_1 > 1.04742 AND feature_0 > 1.36170 AND feature_0 > 2.49614 AND feature_0 <= 2.69207 AND feature_1 > 1.17994 AND feature_1 > 1.46766 AND feature_0 <= 2.62214 AND feature_1 > 1.57186,"{'feature_0': (2.49614, 2.62214), 'feature_1': (1.57186, 4.796)}",2,7.045,11,[Online] CT,"[34, 2032, 3014, 3902, 4148, 4282, 4283, 4285, 4289, 4290]",feature_3 <= 1.817 AND feature_6 > -0.219 AND feature_0 > -3.06575 AND feature_0 > -0.11185 AND feature_0 > 0.65251 AND feature_1 > 1.04742 AND feature_0 > 1.36170 AND feature_0 > 2.49614 AND feature_0 <= 2.69207 AND feature_1 > 1.17994 AND feature_1 > 1.46766 AND feature_0 <= 2.62214 AND feature_1 > 1.57186,4.629,4.622,NoOve,[Online] CT NoOve,0.001,4.25,4.251,4312,43,0.0,5,2.4160000000000004,0.006999999999999673,1000000
3646,feature_0 > -3.06575 AND feature_0 > -0.11185 AND feature_0 > 0.65251 AND feature_1 <= 1.04742 AND feature_0 > 1.34964 AND feature_0 <= 2.27011 AND feature_1 > 0.01448 AND feature_0 <= 1.71586 AND feature_1 <= 0.92742 AND feature_0 <= 1.35474 AND feature_1 <= 0.12267,"{'feature_0': (1.34964, 1.35474), 'feature_1': (0.01448, 0.12267)}",2,6.969,11,[Online] CT,"[34, 2032, 3014, 3015, 3483, 3484, 3642, 3643, 3644, 3645]",feature_3 <= 1.817 AND feature_6 > -0.219 AND feature_0 > -3.06575 AND feature_0 > -0.11185 AND feature_0 > 0.65251 AND feature_1 <= 1.04742 AND feature_0 > 1.34964 AND feature_0 <= 2.27011 AND feature_1 > 0.01448 AND feature_0 <= 1.71586 AND feature_1 <= 0.92742 AND feature_0 <= 1.35474 AND feature_1 <= 0.12267,2.081,2.081,NoOve,[Online] CT NoOve,0.001,4.25,4.251,4312,24,0.0,5,4.888,0.0,1000000
2030,feature_0 > -3.06575 AND feature_0 <= -0.11185 AND feature_0 > -0.88727 AND feature_1 > 0.55510 AND feature_1 > 1.38772 AND feature_1 > 1.62985 AND feature_0 > -0.59574 AND feature_0 > -0.57735 AND feature_0 > -0.57405 AND feature_0 > -0.11810 AND feature_0 <= -0.11641,"{'feature_0': (-0.1181, -0.11641), 'feature_1': (1.62985, 4.796)}",2,6.769,11,[Online] CT,"[34, 35, 1055, 1749, 1859, 1933, 1997, 2005, 2007, 2029]",feature_3 <= 1.817 AND feature_6 > -0.219 AND feature_0 > -3.06575 AND feature_0 <= -0.11185 AND feature_0 > -0.88727 AND feature_1 > 0.55510 AND feature_1 > 1.38772 AND feature_1 > 1.62985 AND feature_0 > -0.59574 AND feature_0 > -0.57735 AND feature_0 > -0.57405 AND feature_0 > -0.11810 AND feature_0 <= -0.11641,2.169,2.148,NoOve,[Online] CT NoOve,0.001,4.25,4.251,4312,22,0.0,5,4.6,0.020999999999999908,1000000
4107,feature_0 > -3.06575 AND feature_0 > -0.11185 AND feature_0 > 0.65251 AND feature_1 > 1.04742 AND feature_0 <= 1.36170 AND feature_1 > 1.37773 AND feature_0 > 0.85535 AND feature_1 <= 2.16105 AND feature_0 > 1.29420 AND feature_1 <= 1.98789 AND feature_1 > 1.90961,"{'feature_0': (1.2942, 1.3617), 'feature_1': (1.90961, 1.98789)}",2,6.096,11,[Online] CT,"[34, 2032, 3014, 3902, 3903, 3975, 4047, 4048, 4090, 4091]",feature_3 <= 1.817 AND feature_6 > -0.219 AND feature_0 > -3.06575 AND feature_0 > -0.11185 AND feature_0 > 0.65251 AND feature_1 > 1.04742 AND feature_0 <= 1.36170 AND feature_1 > 1.37773 AND feature_0 > 0.85535 AND feature_1 <= 2.16105 AND feature_0 > 1.29420 AND feature_1 <= 1.98789 AND feature_1 > 1.90961,3.406,3.411,NoOve,[Online] CT NoOve,0.001,4.25,4.251,4312,22,0.0,5,2.69,0.004999999999999893,1000000
3900,feature_0 > -3.06575 AND feature_0 > -0.11185 AND feature_0 > 0.65251 AND feature_1 <= 1.04742 AND feature_0 > 1.34964 AND feature_0 > 2.27011 AND feature_1 > 0.40043 AND feature_1 > 0.71590 AND feature_0 > 2.30049 AND feature_1 <= 1.03059 AND feature_1 > 1.00833,"{'feature_0': (2.30049, 5.091), 'feature_1': (1.00833, 1.03059)}",2,5.784,11,[Online] CT,"[34, 2032, 3014, 3015, 3483, 3797, 3855, 3881, 3883, 3884]",feature_3 <= 1.817 AND feature_6 > -0.219 AND feature_0 > -3.06575 AND feature_0 > -0.11185 AND feature_0 > 0.65251 AND feature_1 <= 1.04742 AND feature_0 > 1.34964 AND feature_0 > 2.27011 AND feature_1 > 0.40043 AND feature_1 > 0.71590 AND feature_0 > 2.30049 AND feature_1 <= 1.03059 AND feature_1 > 1.00833,4.003,4.004,NoOve,[Online] CT NoOve,0.001,4.25,4.251,4312,32,0.0,5,1.7809999999999997,0.0009999999999994458,1000000
454,feature_0 > -3.06575 AND feature_0 <= -0.11185 AND feature_0 <= -0.88727 AND feature_1 <= 1.41925 AND feature_0 <= -1.22147 AND feature_1 > 0.43310 AND feature_0 > -2.04551 AND feature_0 > -1.43975 AND feature_0 > -1.43420 AND feature_0 > -1.42426,"{'feature_0': (-1.42426, -1.22147), 'feature_1': (0.4331, 1.41925)}",2,0.103,10,[Online] CT,"[34, 35, 36, 37, 38, 302, 356, 438, 444]",feature_3 <= 1.817 AND feature_6 > -0.219 AND feature_0 > -3.06575 AND feature_0 <= -0.11185 AND feature_0 <= -0.88727 AND feature_1 <= 1.41925 AND feature_0 <= -1.22147 AND feature_1 > 0.43310 AND feature_0 > -2.04551 AND feature_0 > -1.43975 AND feature_0 > -1.43420 AND feature_0 > -1.42426,0.097,0.096,Random,[Online] CT Random,0.0,4.25,4.25,4312,4886,0.0,5,0.0059999999999999915,0.0010000000000000009,1000000
3483,feature_0 > -3.06575 AND feature_0 > -0.11185 AND feature_0 > 0.65251 AND feature_1 <= 1.04742 AND feature_0 > 1.34964,"{'feature_0': (1.34964, 5.091), 'feature_1': (-5.519, 1.04742)}",2,2.441,5,[Online] CT,"[34, 2032, 3014, 3015]",feature_3 <= 1.817 AND feature_6 > -0.219 AND feature_0 > -3.06575 AND feature_0 > -0.11185 AND feature_0 > 0.65251 AND feature_1 <= 1.04742 AND feature_0 > 1.34964,2.453,2.451,Random,[Online] CT Random,0.0,4.25,4.25,4312,42340,0.0,5,0.01200000000000001,0.0019999999999997797,1000000
1695,feature_0 > -3.06575 AND feature_0 <= -0.11185 AND feature_0 > -0.88727 AND feature_1 <= 0.55510 AND feature_1 > -0.47965 AND feature_0 > -0.42061 AND feature_1 <= 0.32071 AND feature_0 > -0.28387 AND feature_0 > -0.28322 AND feature_1 <= -0.39923 AND feature_0 > -0.22055 AND feature_1 <= -0.40462 AND feature_1 > -0.47043 AND feature_1 > -0.43902 AND feature_0 > -0.11940,"{'feature_0': (-0.1194, -0.11185), 'feature_1': (-0.43902, -0.40462)}",2,2.242,15,[Online] CT,"[34, 35, 1055, 1056, 1470, 1624, 1625, 1665, 1667, 1668, 1684, 1685, 1689, 1693]",feature_3 <= 1.817 AND feature_6 > -0.219 AND feature_0 > -3.06575 AND feature_0 <= -0.11185 AND feature_0 > -0.88727 AND feature_1 <= 0.55510 AND feature_1 > -0.47965 AND feature_0 > -0.42061 AND feature_1 <= 0.32071 AND feature_0 > -0.28387 AND feature_0 > -0.28322 AND feature_1 <= -0.39923 AND feature_0 > -0.22055 AND feature_1 <= -0.40462 AND feature_1 > -0.47043 AND feature_1 > -0.43902 AND feature_0 > -0.11940,0.389,0.388,Random,[Online] CT Random,0.0,4.25,4.25,4312,24,0.0,5,1.853,0.0010000000000000009,1000000
227,feature_0 > -3.06575 AND feature_0 <= -0.11185 AND feature_0 <= -0.88727 AND feature_1 <= 1.41925 AND feature_0 <= -1.22147 AND feature_1 <= 0.43310 AND feature_0 > -1.56472 AND feature_1 > -0.56643 AND feature_1 <= -0.18593 AND feature_0 <= -1.55294 AND feature_1 > -0.44793 AND feature_1 > -0.31294,"{'feature_0': (-1.56472, -1.55294), 'feature_1': (-0.31294, -0.18593)}",2,0.064,12,[Online] CT,"[34, 35, 36, 37, 38, 39, 163, 221, 222, 223, 225]",feature_3 <= 1.817 AND feature_6 > -0.219 AND feature_0 > -3.06575 AND feature_0 <= -0.11185 AND feature_0 <= -0.88727 AND feature_1 <= 1.41925 AND feature_0 <= -1.22147 AND feature_1 <= 0.43310 AND feature_0 > -1.56472 AND feature_1 > -0.56643 AND feature_1 <= -0.18593 AND feature_0 <= -1.55294 AND feature_1 > -0.44793 AND feature_1 > -0.31294,0.985,0.985,Random,[Online] CT Random,0.0,4.25,4.25,4312,38,0.0,5,0.921,0.0,1000000
2539,feature_0 > -3.06575 AND feature_0 > -0.11185 AND feature_0 <= 0.65251 AND feature_1 > -0.53934 AND feature_0 <= 0.47944 AND feature_1 <= 2.66708 AND feature_1 > -0.51098 AND feature_0 <= 0.47388 AND feature_0 <= -0.11044 AND feature_1 > 0.05570 AND feature_1 > 0.28515 AND feature_1 > 0.42796 AND feature_0 <= -0.11093 AND feature_0 <= -0.11128,"{'feature_0': (-0.11185, -0.11128), 'feature_1': (0.42796, 2.66708)}",2,2.112,14,[Online] CT,"[34, 2032, 2033, 2473, 2474, 2475, 2527, 2528, 2529, 2533, 2535, 2537, 2538]",feature_3 <= 1.817 AND feature_6 > -0.219 AND feature_0 > -3.06575 AND feature_0 > -0.11185 AND feature_0 <= 0.65251 AND feature_1 > -0.53934 AND feature_0 <= 0.47944 AND feature_1 <= 2.66708 AND feature_1 > -0.51098 AND feature_0 <= 0.47388 AND feature_0 <= -0.11044 AND feature_1 > 0.05570 AND feature_1 > 0.28515 AND feature_1 > 0.42796 AND feature_0 <= -0.11093 AND feature_0 <= -0.11128,1.311,1.336,Random,[Online] CT Random,0.0,4.25,4.25,4312,42,0.0,5,0.8010000000000002,0.025000000000000133,1000000
5061,feature_1 <= 2.51681 AND feature_0 > -0.23250 AND feature_0 > 0.80296 AND feature_1 > 0.53236 AND feature_0 > 1.56546 AND feature_0 <= 2.45013 AND feature_1 <= 1.35449 AND feature_0 > 1.87603 AND feature_1 > 1.34929,"{'feature_1': (1.34929, 1.35449), 'feature_0': (1.87603, 2.45013)}",2,8.398,9,[Online] CT,"[1, 2171, 3793, 4529, 4961, 4962, 4963, 5019]",feature_0 <= 3.084 AND feature_7 > -1.43 AND feature_1 <= 2.51681 AND feature_0 > -0.23250 AND feature_0 > 0.80296 AND feature_1 > 0.53236 AND feature_0 > 1.56546 AND feature_0 <= 2.45013 AND feature_1 <= 1.35449 AND feature_0 > 1.87603 AND feature_1 > 1.34929,3.696,3.695,OptRes,[Online] CT OptRes,0.002,7.35,7.351999999999999,5482,20,0.0,5,4.702,0.001000000000000334,1000000
4510,feature_1 <= 2.51681 AND feature_0 > -0.23250 AND feature_0 > 0.80296 AND feature_1 <= 0.53236 AND feature_0 > 1.51760 AND feature_0 > 2.22451 AND feature_0 > 2.75605 AND feature_1 <= 0.49686 AND feature_0 > 2.93999 AND feature_1 <= -1.36676 AND feature_0 > 3.02720,"{'feature_1': (-5.519, -1.36676), 'feature_0': (3.0272, 5.091)}",2,8.249,11,[Online] CT,"[1, 2171, 3793, 3794, 4224, 4400, 4478, 4479, 4507, 4508]",feature_0 <= 3.084 AND feature_7 > -1.43 AND feature_1 <= 2.51681 AND feature_0 > -0.23250 AND feature_0 > 0.80296 AND feature_1 <= 0.53236 AND feature_0 > 1.51760 AND feature_0 > 2.22451 AND feature_0 > 2.75605 AND feature_1 <= 0.49686 AND feature_0 > 2.93999 AND feature_1 <= -1.36676 AND feature_0 > 3.02720,3.467,3.225,OptRes,[Online] CT OptRes,0.002,7.35,7.351999999999999,5482,22,0.0,5,4.782,0.242,1000000
4874,feature_1 <= 2.51681 AND feature_0 > -0.23250 AND feature_0 > 0.80296 AND feature_1 > 0.53236 AND feature_0 <= 1.56546 AND feature_1 > 1.47719 AND feature_1 > 1.80848 AND feature_0 <= 0.84969 AND feature_0 > 0.80628 AND feature_0 > 0.81171 AND feature_0 <= 0.83500 AND feature_1 <= 2.03303 AND feature_1 > 1.86197 AND feature_1 <= 1.91529,"{'feature_1': (1.86197, 1.91529), 'feature_0': (0.81171, 0.835)}",2,7.809,14,[Online] CT,"[1, 2171, 3793, 4529, 4530, 4818, 4864, 4865, 4867, 4869, 4870, 4871, 4873]",feature_0 <= 3.084 AND feature_7 > -1.43 AND feature_1 <= 2.51681 AND feature_0 > -0.23250 AND feature_0 > 0.80296 AND feature_1 > 0.53236 AND feature_0 <= 1.56546 AND feature_1 > 1.47719 AND feature_1 > 1.80848 AND feature_0 <= 0.84969 AND feature_0 > 0.80628 AND feature_0 > 0.81171 AND feature_0 <= 0.83500 AND feature_1 <= 2.03303 AND feature_1 > 1.86197 AND feature_1 <= 1.91529,2.846,2.847,OptRes,[Online] CT OptRes,0.002,7.35,7.351999999999999,5482,20,0.0,5,4.963,0.0009999999999998899,1000000
2489,feature_1 <= 2.51681 AND feature_0 > -0.23250 AND feature_0 <= 0.80296 AND feature_1 <= 0.52205 AND feature_1 <= -0.20643 AND feature_0 > 0.23246 AND feature_1 <= -0.85087 AND feature_0 <= 0.49677 AND feature_0 <= 0.24508 AND feature_0 > 0.24353 AND feature_1 > -1.00309,"{'feature_1': (-1.00309, -0.85087), 'feature_0': (0.24353, 0.24508)}",2,7.807,11,[Online] CT,"[1, 2171, 2172, 2173, 2174, 2466, 2467, 2468, 2469, 2485]",feature_0 <= 3.084 AND feature_7 > -1.43 AND feature_1 <= 2.51681 AND feature_0 > -0.23250 AND feature_0 <= 0.80296 AND feature_1 <= 0.52205 AND feature_1 <= -0.20643 AND feature_0 > 0.23246 AND feature_1 <= -0.85087 AND feature_0 <= 0.49677 AND feature_0 <= 0.24508 AND feature_0 > 0.24353 AND feature_1 > -1.00309,0.581,0.581,OptRes,[Online] CT OptRes,0.002,7.35,7.351999999999999,5482,21,0.0,5,7.226000000000001,0.0,1000000
3554,feature_1 <= 2.51681 AND feature_0 > -0.23250 AND feature_0 <= 0.80296 AND feature_1 > 0.52205 AND feature_1 > 0.74744 AND feature_1 <= 2.05531 AND feature_0 <= 0.33554 AND feature_1 > 0.98233 AND feature_0 <= 0.03850 AND feature_1 > 1.38499 AND feature_1 <= 1.39762 AND feature_0 > -0.16402 AND feature_1 <= 1.38993 AND feature_1 <= 1.38657,"{'feature_1': (1.38499, 1.38657), 'feature_0': (-0.16402, 0.0385)}",2,7.684,14,[Online] CT,"[1, 2171, 2172, 3152, 3404, 3405, 3406, 3514, 3515, 3549, 3550, 3552, 3553]",feature_0 <= 3.084 AND feature_7 > -1.43 AND feature_1 <= 2.51681 AND feature_0 > -0.23250 AND feature_0 <= 0.80296 AND feature_1 > 0.52205 AND feature_1 > 0.74744 AND feature_1 <= 2.05531 AND feature_0 <= 0.33554 AND feature_1 > 0.98233 AND feature_0 <= 0.03850 AND feature_1 > 1.38499 AND feature_1 <= 1.39762 AND feature_0 > -0.16402 AND feature_1 <= 1.38993 AND feature_1 <= 1.38657,1.542,1.542,OptRes,[Online] CT OptRes,0.002,7.35,7.351999999999999,5482,20,0.0,5,6.142,0.0,1000000
5185,feature_1 <= 2.51681 AND feature_0 > -0.23250 AND feature_0 > 0.80296 AND feature_1 > 0.53236 AND feature_0 > 1.56546 AND feature_0 > 2.45013 AND feature_1 <= 1.64003 AND feature_1 <= 1.58606 AND feature_0 <= 2.99695 AND feature_0 <= 2.93649 AND feature_0 <= 2.57195 AND feature_1 > 1.16067 AND feature_1 <= 1.46594 AND feature_0 > 2.49183 AND feature_1 > 1.37165,"{'feature_1': (1.37165, 1.46594), 'feature_0': (2.49183, 2.57195)}",2,7.424,15,[Online] CT,"[1, 2171, 3793, 4529, 4961, 5167, 5168, 5169, 5170, 5171, 5172, 5180, 5181, 5183]",feature_0 <= 3.084 AND feature_7 > -1.43 AND feature_1 <= 2.51681 AND feature_0 > -0.23250 AND feature_0 > 0.80296 AND feature_1 > 0.53236 AND feature_0 > 1.56546 AND feature_0 > 2.45013 AND feature_1 <= 1.64003 AND feature_1 <= 1.58606 AND feature_0 <= 2.99695 AND feature_0 <= 2.93649 AND feature_0 <= 2.57195 AND feature_1 > 1.16067 AND feature_1 <= 1.46594 AND feature_0 > 2.49183 AND feature_1 > 1.37165,4.165,4.165,ResOve,[Online] CT ResOve,1.177,7.35,8.527,5482,22,0.0,5,3.2590000000000003,0.0,1000000
5151,feature_1 <= 2.51681 AND feature_0 > -0.23250 AND feature_0 > 0.80296 AND feature_1 > 0.53236 AND feature_0 > 1.56546 AND feature_0 <= 2.45013 AND feature_1 > 1.35449 AND feature_0 > 1.78548 AND feature_1 > 1.67590 AND feature_1 <= 1.78652 AND feature_1 > 1.74071 AND feature_0 > 2.15821,"{'feature_1': (1.74071, 1.78652), 'feature_0': (2.15821, 2.45013)}",2,7.631,12,[Online] CT,"[1, 2171, 3793, 4529, 4961, 4962, 5062, 5106, 5138, 5139, 5147]",feature_0 <= 3.084 AND feature_7 > -1.43 AND feature_1 <= 2.51681 AND feature_0 > -0.23250 AND feature_0 > 0.80296 AND feature_1 > 0.53236 AND feature_0 > 1.56546 AND feature_0 <= 2.45013 AND feature_1 > 1.35449 AND feature_0 > 1.78548 AND feature_1 > 1.67590 AND feature_1 <= 1.78652 AND feature_1 > 1.74071 AND feature_0 > 2.15821,4.233,4.242,ResOve,[Online] CT ResOve,1.177,7.35,8.527,5482,34,0.0,5,3.3980000000000006,0.009000000000000341,1000000
3945,feature_1 <= 2.51681 AND feature_0 > -0.23250 AND feature_0 > 0.80296 AND feature_1 <= 0.53236 AND feature_0 <= 1.51760 AND feature_1 > -0.46531 AND feature_0 <= 1.04009 AND feature_1 <= -0.44040 AND feature_0 <= 0.85836 AND feature_0 > 0.82168 AND feature_0 <= 0.83682,"{'feature_1': (-0.46531, -0.4404), 'feature_0': (0.82168, 0.83682)}",2,7.219,11,[Online] CT,"[1, 2171, 3793, 3794, 3795, 3939, 3940, 3941, 3942, 3944]",feature_0 <= 3.084 AND feature_7 > -1.43 AND feature_1 <= 2.51681 AND feature_0 > -0.23250 AND feature_0 > 0.80296 AND feature_1 <= 0.53236 AND feature_0 <= 1.51760 AND feature_1 > -0.46531 AND feature_0 <= 1.04009 AND feature_1 <= -0.44040 AND feature_0 <= 0.85836 AND feature_0 > 0.82168 AND feature_0 <= 0.83682,1.321,1.321,ResOve,[Online] CT ResOve,1.177,7.35,8.527,5482,22,0.0,5,5.898000000000001,0.0,1000000
2489,feature_1 <= 2.51681 AND feature_0 > -0.23250 AND feature_0 <= 0.80296 AND feature_1 <= 0.52205 AND feature_1 <= -0.20643 AND feature_0 > 0.23246 AND feature_1 <= -0.85087 AND feature_0 <= 0.49677 AND feature_0 <= 0.24508 AND feature_0 > 0.24353 AND feature_1 > -1.00309,"{'feature_1': (-1.00309, -0.85087), 'feature_0': (0.24353, 0.24508)}",2,7.807,11,[Online] CT,"[1, 2171, 2172, 2173, 2174, 2466, 2467, 2468, 2469, 2485]",feature_0 <= 3.084 AND feature_7 > -1.43 AND feature_1 <= 2.51681 AND feature_0 > -0.23250 AND feature_0 <= 0.80296 AND feature_1 <= 0.52205 AND feature_1 <= -0.20643 AND feature_0 > 0.23246 AND feature_1 <= -0.85087 AND feature_0 <= 0.49677 AND feature_0 <= 0.24508 AND feature_0 > 0.24353 AND feature_1 > -1.00309,0.581,0.581,ResOve,[Online] CT ResOve,1.177,7.35,8.527,5482,21,0.0,5,7.226000000000001,0.0,1000000
70,feature_1 <= 2.51681 AND feature_0 <= -0.23250 AND feature_0 <= -1.68765 AND feature_1 <= 0.40880 AND feature_0 > -3.01769 AND feature_1 <= -1.53141 AND feature_0 > -2.76361 AND feature_0 > -2.71383 AND feature_1 > -2.78416 AND feature_1 <= -1.97162 AND feature_0 <= -1.80931 AND feature_1 <= -2.57600 AND feature_1 > -2.61822,"{'feature_1': (-2.61822, -2.576), 'feature_0': (-2.71383, -1.80931)}",2,7.106,13,[Online] CT,"[1, 2, 3, 4, 52, 53, 57, 59, 65, 66, 67, 68]",feature_0 <= 3.084 AND feature_7 > -1.43 AND feature_1 <= 2.51681 AND feature_0 <= -0.23250 AND feature_0 <= -1.68765 AND feature_1 <= 0.40880 AND feature_0 > -3.01769 AND feature_1 <= -1.53141 AND feature_0 > -2.76361 AND feature_0 > -2.71383 AND feature_1 > -2.78416 AND feature_1 <= -1.97162 AND feature_0 <= -1.80931 AND feature_1 <= -2.57600 AND feature_1 > -2.61822,2.08,2.083,ResOve,[Online] CT ResOve,1.177,7.35,8.527,5482,22,0.0,5,5.026,0.0030000000000001137,1000000
4510,feature_1 <= 2.51681 AND feature_0 > -0.23250 AND feature_0 > 0.80296 AND feature_1 <= 0.53236 AND feature_0 > 1.51760 AND feature_0 > 2.22451 AND feature_0 > 2.75605 AND feature_1 <= 0.49686 AND feature_0 > 2.93999 AND feature_1 <= -1.36676 AND feature_0 > 3.02720,"{'feature_1': (-5.519, -1.36676), 'feature_0': (3.0272, 5.091)}",2,8.249,11,[Online] CT,"[1, 2171, 3793, 3794, 4224, 4400, 4478, 4479, 4507, 4508]",feature_0 <= 3.084 AND feature_7 > -1.43 AND feature_1 <= 2.51681 AND feature_0 > -0.23250 AND feature_0 > 0.80296 AND feature_1 <= 0.53236 AND feature_0 > 1.51760 AND feature_0 > 2.22451 AND feature_0 > 2.75605 AND feature_1 <= 0.49686 AND feature_0 > 2.93999 AND feature_1 <= -1.36676 AND feature_0 > 3.02720,3.467,3.225,NoOve,[Online] CT NoOve,0.002,7.35,7.351999999999999,5482,22,0.0,5,4.782,0.242,1000000
2489,feature_1 <= 2.51681 AND feature_0 > -0.23250 AND feature_0 <= 0.80296 AND feature_1 <= 0.52205 AND feature_1 <= -0.20643 AND feature_0 > 0.23246 AND feature_1 <= -0.85087 AND feature_0 <= 0.49677 AND feature_0 <= 0.24508 AND feature_0 > 0.24353 AND feature_1 > -1.00309,"{'feature_1': (-1.00309, -0.85087), 'feature_0': (0.24353, 0.24508)}",2,7.807,11,[Online] CT,"[1, 2171, 2172, 2173, 2174, 2466, 2467, 2468, 2469, 2485]",feature_0 <= 3.084 AND feature_7 > -1.43 AND feature_1 <= 2.51681 AND feature_0 > -0.23250 AND feature_0 <= 0.80296 AND feature_1 <= 0.52205 AND feature_1 <= -0.20643 AND feature_0 > 0.23246 AND feature_1 <= -0.85087 AND feature_0 <= 0.49677 AND feature_0 <= 0.24508 AND feature_0 > 0.24353 AND feature_1 > -1.00309,0.581,0.581,NoOve,[Online] CT NoOve,0.002,7.35,7.351999999999999,5482,21,0.0,5,7.226000000000001,0.0,1000000
3945,feature_1 <= 2.51681 AND feature_0 > -0.23250 AND feature_0 > 0.80296 AND feature_1 <= 0.53236 AND feature_0 <= 1.51760 AND feature_1 > -0.46531 AND feature_0 <= 1.04009 AND feature_1 <= -0.44040 AND feature_0 <= 0.85836 AND feature_0 > 0.82168 AND feature_0 <= 0.83682,"{'feature_1': (-0.46531, -0.4404), 'feature_0': (0.82168, 0.83682)}",2,7.219,11,[Online] CT,"[1, 2171, 3793, 3794, 3795, 3939, 3940, 3941, 3942, 3944]",feature_0 <= 3.084 AND feature_7 > -1.43 AND feature_1 <= 2.51681 AND feature_0 > -0.23250 AND feature_0 > 0.80296 AND feature_1 <= 0.53236 AND feature_0 <= 1.51760 AND feature_1 > -0.46531 AND feature_0 <= 1.04009 AND feature_1 <= -0.44040 AND feature_0 <= 0.85836 AND feature_0 > 0.82168 AND feature_0 <= 0.83682,1.321,1.321,NoOve,[Online] CT NoOve,0.002,7.35,7.351999999999999,5482,22,0.0,5,5.898000000000001,0.0,1000000
5205,feature_1 <= 2.51681 AND feature_0 > -0.23250 AND feature_0 > 0.80296 AND feature_1 > 0.53236 AND feature_0 > 1.56546 AND feature_0 > 2.45013 AND feature_1 <= 1.64003 AND feature_1 <= 1.58606 AND feature_0 <= 2.99695 AND feature_0 > 2.93649 AND feature_1 <= 0.83625,"{'feature_1': (0.53236, 0.83625), 'feature_0': (2.93649, 2.99695)}",2,6.561,11,[Online] CT,"[1, 2171, 3793, 4529, 4961, 5167, 5168, 5169, 5170, 5204]",feature_0 <= 3.084 AND feature_7 > -1.43 AND feature_1 <= 2.51681 AND feature_0 > -0.23250 AND feature_0 > 0.80296 AND feature_1 > 0.53236 AND feature_0 > 1.56546 AND feature_0 > 2.45013 AND feature_1 <= 1.64003 AND feature_1 <= 1.58606 AND feature_0 <= 2.99695 AND feature_0 > 2.93649 AND feature_1 <= 0.83625,4.057,4.055,NoOve,[Online] CT NoOve,0.002,7.35,7.351999999999999,5482,25,0.0,5,2.5039999999999996,0.002000000000000668,1000000
5104,feature_1 <= 2.51681 AND feature_0 > -0.23250 AND feature_0 > 0.80296 AND feature_1 > 0.53236 AND feature_0 > 1.56546 AND feature_0 <= 2.45013 AND feature_1 > 1.35449 AND feature_0 <= 1.78548 AND feature_1 > 2.12268 AND feature_0 <= 1.73476 AND feature_0 > 1.68545,"{'feature_1': (2.12268, 2.51681), 'feature_0': (1.68545, 1.73476)}",2,6.417,11,[Online] CT,"[1, 2171, 3793, 4529, 4961, 4962, 5062, 5063, 5097, 5098]",feature_0 <= 3.084 AND feature_7 > -1.43 AND feature_1 <= 2.51681 AND feature_0 > -0.23250 AND feature_0 > 0.80296 AND feature_1 > 0.53236 AND feature_0 > 1.56546 AND feature_0 <= 2.45013 AND feature_1 > 1.35449 AND feature_0 <= 1.78548 AND feature_1 > 2.12268 AND feature_0 <= 1.73476 AND feature_0 > 1.68545,4.108,4.108,NoOve,[Online] CT NoOve,0.002,7.35,7.351999999999999,5482,58,0.0,5,2.309,0.0,1000000
3517,feature_1 <= 2.51681 AND feature_0 > -0.23250 AND feature_0 <= 0.80296 AND feature_1 > 0.52205 AND feature_1 > 0.74744 AND feature_1 <= 2.05531 AND feature_0 <= 0.33554 AND feature_1 > 0.98233 AND feature_0 <= 0.03850 AND feature_1 <= 1.38499 AND feature_0 <= -0.08695,"{'feature_1': (0.98233, 1.38499), 'feature_0': (-0.2325, -0.08695)}",2,1.286,11,[Online] CT,"[1, 2171, 2172, 3152, 3404, 3405, 3406, 3514, 3515, 3516]",feature_0 <= 3.084 AND feature_7 > -1.43 AND feature_1 <= 2.51681 AND feature_0 > -0.23250 AND feature_0 <= 0.80296 AND feature_1 > 0.52205 AND feature_1 > 0.74744 AND feature_1 <= 2.05531 AND feature_0 <= 0.33554 AND feature_1 > 0.98233 AND feature_0 <= 0.03850 AND feature_1 <= 1.38499 AND feature_0 <= -0.08695,1.279,1.28,Random,[Online] CT Random,0.0,7.35,7.35,5482,4216,0.0,5,0.007000000000000117,0.001000000000000112,1000000
2235,feature_1 <= 2.51681 AND feature_0 > -0.23250 AND feature_0 <= 0.80296 AND feature_1 <= 0.52205 AND feature_1 <= -0.20643 AND feature_0 <= 0.23246 AND feature_1 <= -1.14113 AND feature_0 <= 0.03284 AND feature_1 > -1.15843,"{'feature_1': (-1.15843, -1.14113), 'feature_0': (-0.2325, 0.03284)}",2,0.725,9,[Online] CT,"[1, 2171, 2172, 2173, 2174, 2175, 2176, 2177]",feature_0 <= 3.084 AND feature_7 > -1.43 AND feature_1 <= 2.51681 AND feature_0 > -0.23250 AND feature_0 <= 0.80296 AND feature_1 <= 0.52205 AND feature_1 <= -0.20643 AND feature_0 <= 0.23246 AND feature_1 <= -1.14113 AND feature_0 <= 0.03284 AND feature_1 > -1.15843,0.174,0.175,Random,[Online] CT Random,0.0,7.35,7.35,5482,336,0.0,5,0.5509999999999999,0.0010000000000000009,1000000
1470,feature_1 <= 2.51681 AND feature_0 <= -0.23250 AND feature_0 > -1.68765 AND feature_1 <= 0.83630 AND feature_1 > -0.60643 AND feature_0 <= -0.79716 AND feature_1 <= 0.38018 AND feature_0 > -1.34998 AND feature_0 <= -0.84985 AND feature_0 > -1.22226 AND feature_1 > -0.57888 AND feature_1 <= -0.55547 AND feature_0 <= -1.07378 AND feature_0 > -1.10349,"{'feature_1': (-0.57888, -0.55547), 'feature_0': (-1.10349, -1.07378)}",2,0.929,14,[Online] CT,"[1, 2, 772, 773, 1313, 1314, 1315, 1411, 1412, 1450, 1464, 1465, 1466]",feature_0 <= 3.084 AND feature_7 > -1.43 AND feature_1 <= 2.51681 AND feature_0 <= -0.23250 AND feature_0 > -1.68765 AND feature_1 <= 0.83630 AND feature_1 > -0.60643 AND feature_0 <= -0.79716 AND feature_1 <= 0.38018 AND feature_0 > -1.34998 AND feature_0 <= -0.84985 AND feature_0 > -1.22226 AND feature_1 > -0.57888 AND feature_1 <= -0.55547 AND feature_0 <= -1.07378 AND feature_0 > -1.10349,0.64,0.64,Random,[Online] CT Random,0.0,7.35,7.35,5482,60,0.0,5,0.28900000000000003,0.0,1000000
5295,feature_1 > 2.51681 AND feature_1 > 2.59108 AND feature_1 <= 3.09721 AND feature_0 <= 0.04592 AND feature_0 <= -1.47284 AND feature_0 > -1.97936 AND feature_0 > -1.77102 AND feature_0 <= -1.51230 AND feature_1 <= 2.85843 AND feature_0 > -1.61570,"{'feature_1': (2.59108, 2.85843), 'feature_0': (-1.6157, -1.5123)}",2,2.009,10,[Online] CT,"[5224, 5280, 5281, 5282, 5283, 5289, 5291, 5292, 5293]",feature_0 <= 3.084 AND feature_7 > -1.43 AND feature_1 > 2.51681 AND feature_1 > 2.59108 AND feature_1 <= 3.09721 AND feature_0 <= 0.04592 AND feature_0 <= -1.47284 AND feature_0 > -1.97936 AND feature_0 > -1.77102 AND feature_0 <= -1.51230 AND feature_1 <= 2.85843 AND feature_0 > -1.61570,1.201,1.198,Random,[Online] CT Random,0.0,7.35,7.35,5482,33,0.0,5,0.8079999999999998,0.0030000000000001137,1000000
2298,feature_1 <= 2.51681 AND feature_0 > -0.23250 AND feature_0 <= 0.80296 AND feature_1 <= 0.52205 AND feature_1 <= -0.20643 AND feature_0 <= 0.23246 AND feature_1 <= -1.14113 AND feature_0 > 0.03284 AND feature_1 > -2.69725 AND feature_1 > -1.50517,"{'feature_1': (-1.50517, -1.14113), 'feature_0': (0.03284, 0.23246)}",2,0.561,10,[Online] CT,"[1, 2171, 2172, 2173, 2174, 2175, 2176, 2254, 2270]",feature_0 <= 3.084 AND feature_7 > -1.43 AND feature_1 <= 2.51681 AND feature_0 > -0.23250 AND feature_0 <= 0.80296 AND feature_1 <= 0.52205 AND feature_1 <= -0.20643 AND feature_0 <= 0.23246 AND feature_1 <= -1.14113 AND feature_0 > 0.03284 AND feature_1 > -2.69725 AND feature_1 > -1.50517,0.372,0.372,Random,[Online] CT Random,0.0,7.35,7.35,5482,4496,0.0,5,0.18900000000000006,0.0,1000000
6218,feature_0 > 0.48233 AND feature_0 > 0.80392 AND feature_0 <= 2.99020 AND feature_1 > 0.92448 AND feature_0 > 1.36377 AND feature_0 <= 2.52259 AND feature_1 > 1.29656 AND feature_0 <= 1.47442 AND feature_1 > 2.56241 AND feature_1 <= 2.76943,"{'feature_0': (1.36377, 1.47442), 'feature_1': (2.56241, 2.76943)}",2,9.012,10,[Online] CT,"[3376, 4876, 4877, 5807, 6111, 6112, 6198, 6199, 6217]",feature_4 <= 0.918 AND feature_0 > 0.48233 AND feature_0 > 0.80392 AND feature_0 <= 2.99020 AND feature_1 > 0.92448 AND feature_0 > 1.36377 AND feature_0 <= 2.52259 AND feature_1 > 1.29656 AND feature_0 <= 1.47442 AND feature_1 > 2.56241 AND feature_1 <= 2.76943,4.155,4.161,OptRes,[Online] CT OptRes,0.002,6.44,6.442,6394,25,0.0,5,4.857,0.005999999999999339,1000000
6048,feature_0 > 0.48233 AND feature_0 > 0.80392 AND feature_0 <= 2.99020 AND feature_1 > 0.92448 AND feature_0 <= 1.36377 AND feature_1 > 1.49343 AND feature_1 > 1.87024 AND feature_1 <= 2.46150 AND feature_0 > 0.97973 AND feature_0 <= 1.27170 AND feature_0 <= 1.20578 AND feature_1 > 1.87813 AND feature_0 > 1.00056 AND feature_1 <= 1.93480 AND feature_1 > 1.92545,"{'feature_0': (1.00056, 1.20578), 'feature_1': (1.92545, 1.9348)}",2,8.093,15,[Online] CT,"[3376, 4876, 4877, 5807, 5808, 5938, 5996, 5997, 6035, 6036, 6037, 6039, 6045, 6046]",feature_4 <= 0.918 AND feature_0 > 0.48233 AND feature_0 > 0.80392 AND feature_0 <= 2.99020 AND feature_1 > 0.92448 AND feature_0 <= 1.36377 AND feature_1 > 1.49343 AND feature_1 > 1.87024 AND feature_1 <= 2.46150 AND feature_0 > 0.97973 AND feature_0 <= 1.27170 AND feature_0 <= 1.20578 AND feature_1 > 1.87813 AND feature_0 > 1.00056 AND feature_1 <= 1.93480 AND feature_1 > 1.92545,3.156,3.157,OptRes,[Online] CT OptRes,0.002,6.44,6.442,6394,22,0.0,5,4.936999999999999,0.0009999999999998899,1000000
5775,feature_0 > 0.48233 AND feature_0 > 0.80392 AND feature_0 <= 2.99020 AND feature_1 <= 0.92448 AND feature_0 > 1.55886 AND feature_1 > -0.30119 AND feature_0 > 2.64619 AND feature_0 <= 2.66222 AND feature_1 > 0.49969,"{'feature_0': (2.64619, 2.66222), 'feature_1': (0.49969, 0.92448)}",2,7.403,9,[Online] CT,"[3376, 4876, 4877, 4878, 5448, 5618, 5772, 5773]",feature_4 <= 0.918 AND feature_0 > 0.48233 AND feature_0 > 0.80392 AND feature_0 <= 2.99020 AND feature_1 <= 0.92448 AND feature_0 > 1.55886 AND feature_1 > -0.30119 AND feature_0 > 2.64619 AND feature_0 <= 2.66222 AND feature_1 > 0.49969,3.758,3.754,OptRes,[Online] CT OptRes,0.002,6.44,6.442,6394,24,0.0,5,3.6449999999999996,0.0040000000000000036,1000000
5795,feature_0 > 0.48233 AND feature_0 > 0.80392 AND feature_0 <= 2.99020 AND feature_1 <= 0.92448 AND feature_0 > 1.55886 AND feature_1 > -0.30119 AND feature_0 > 2.64619 AND feature_0 > 2.66222 AND feature_1 <= 0.58664 AND feature_1 > -0.25012 AND feature_0 > 2.91024 AND feature_0 <= 2.95551 AND feature_1 <= 0.05663,"{'feature_0': (2.91024, 2.95551), 'feature_1': (-0.25012, 0.05663)}",2,7.357,13,[Online] CT,"[3376, 4876, 4877, 4878, 5448, 5618, 5772, 5776, 5777, 5779, 5793, 5794]",feature_4 <= 0.918 AND feature_0 > 0.48233 AND feature_0 > 0.80392 AND feature_0 <= 2.99020 AND feature_1 <= 0.92448 AND feature_0 > 1.55886 AND feature_1 > -0.30119 AND feature_0 > 2.64619 AND feature_0 > 2.66222 AND feature_1 <= 0.58664 AND feature_1 > -0.25012 AND feature_0 > 2.91024 AND feature_0 <= 2.95551 AND feature_1 <= 0.05663,3.561,3.561,OptRes,[Online] CT OptRes,0.002,6.44,6.442,6394,23,0.0,5,3.7960000000000003,0.0,1000000
6304,feature_0 > 0.48233 AND feature_0 > 0.80392 AND feature_0 <= 2.99020 AND feature_1 > 0.92448 AND feature_0 > 1.36377 AND feature_0 > 2.52259 AND feature_0 <= 2.94343 AND feature_0 <= 2.58448 AND feature_1 > 1.18129 AND feature_1 <= 1.64459 AND feature_1 > 1.40024,"{'feature_0': (2.52259, 2.58448), 'feature_1': (1.40024, 1.64459)}",2,7.295,11,[Online] CT,"[3376, 4876, 4877, 5807, 6111, 6297, 6298, 6299, 6301, 6302]",feature_4 <= 0.918 AND feature_0 > 0.48233 AND feature_0 > 0.80392 AND feature_0 <= 2.99020 AND feature_1 > 0.92448 AND feature_0 > 1.36377 AND feature_0 > 2.52259 AND feature_0 <= 2.94343 AND feature_0 <= 2.58448 AND feature_1 > 1.18129 AND feature_1 <= 1.64459 AND feature_1 > 1.40024,4.271,4.269,OptRes,[Online] CT OptRes,0.002,6.44,6.442,6394,33,0.0,5,3.024,0.0019999999999997797,1000000
6061,feature_0 > 0.48233 AND feature_0 > 0.80392 AND feature_0 <= 2.99020 AND feature_1 > 0.92448 AND feature_0 <= 1.36377 AND feature_1 > 1.49343 AND feature_1 > 1.87024 AND feature_1 <= 2.46150 AND feature_0 > 0.97973 AND feature_0 <= 1.27170 AND feature_0 > 1.20578 AND feature_1 > 2.11832 AND feature_0 <= 1.22834,"{'feature_0': (1.20578, 1.22834), 'feature_1': (2.11832, 2.4615)}",2,7.201,13,[Online] CT,"[3376, 4876, 4877, 5807, 5808, 5938, 5996, 5997, 6035, 6036, 6052, 6060]",feature_4 <= 0.918 AND feature_0 > 0.48233 AND feature_0 > 0.80392 AND feature_0 <= 2.99020 AND feature_1 > 0.92448 AND feature_0 <= 1.36377 AND feature_1 > 1.49343 AND feature_1 > 1.87024 AND feature_1 <= 2.46150 AND feature_0 > 0.97973 AND feature_0 <= 1.27170 AND feature_0 > 1.20578 AND feature_1 > 2.11832 AND feature_0 <= 1.22834,3.55,3.551,ResOve,[Online] CT ResOve,0.738,6.44,7.178000000000001,6394,24,0.0,5,3.651,0.001000000000000334,1000000
5795,feature_0 > 0.48233 AND feature_0 > 0.80392 AND feature_0 <= 2.99020 AND feature_1 <= 0.92448 AND feature_0 > 1.55886 AND feature_1 > -0.30119 AND feature_0 > 2.64619 AND feature_0 > 2.66222 AND feature_1 <= 0.58664 AND feature_1 > -0.25012 AND feature_0 > 2.91024 AND feature_0 <= 2.95551 AND feature_1 <= 0.05663,"{'feature_0': (2.91024, 2.95551), 'feature_1': (-0.25012, 0.05663)}",2,7.357,13,[Online] CT,"[3376, 4876, 4877, 4878, 5448, 5618, 5772, 5776, 5777, 5779, 5793, 5794]",feature_4 <= 0.918 AND feature_0 > 0.48233 AND feature_0 > 0.80392 AND feature_0 <= 2.99020 AND feature_1 <= 0.92448 AND feature_0 > 1.55886 AND feature_1 > -0.30119 AND feature_0 > 2.64619 AND feature_0 > 2.66222 AND feature_1 <= 0.58664 AND feature_1 > -0.25012 AND feature_0 > 2.91024 AND feature_0 <= 2.95551 AND feature_1 <= 0.05663,3.561,3.561,ResOve,[Online] CT ResOve,0.738,6.44,7.178000000000001,6394,23,0.0,5,3.7960000000000003,0.0,1000000
5775,feature_0 > 0.48233 AND feature_0 > 0.80392 AND feature_0 <= 2.99020 AND feature_1 <= 0.92448 AND feature_0 > 1.55886 AND feature_1 > -0.30119 AND feature_0 > 2.64619 AND feature_0 <= 2.66222 AND feature_1 > 0.49969,"{'feature_0': (2.64619, 2.66222), 'feature_1': (0.49969, 0.92448)}",2,7.403,9,[Online] CT,"[3376, 4876, 4877, 4878, 5448, 5618, 5772, 5773]",feature_4 <= 0.918 AND feature_0 > 0.48233 AND feature_0 > 0.80392 AND feature_0 <= 2.99020 AND feature_1 <= 0.92448 AND feature_0 > 1.55886 AND feature_1 > -0.30119 AND feature_0 > 2.64619 AND feature_0 <= 2.66222 AND feature_1 > 0.49969,3.758,3.754,ResOve,[Online] CT ResOve,0.738,6.44,7.178000000000001,6394,24,0.0,5,3.6449999999999996,0.0040000000000000036,1000000
4722,feature_0 > 0.48233 AND feature_0 <= 0.80392 AND feature_0 > 0.70735 AND feature_0 > 0.73418 AND feature_0 <= 0.79113 AND feature_1 > -2.86094 AND feature_1 > 0.82739 AND feature_1 > 1.97592 AND feature_0 <= 0.75612 AND feature_1 <= 2.40301 AND feature_1 > 2.30610,"{'feature_0': (0.73418, 0.75612), 'feature_1': (2.3061, 2.40301)}",2,6.962,11,[Online] CT,"[3376, 3377, 4275, 4575, 4576, 4578, 4666, 4716, 4717, 4718]",feature_4 <= 0.918 AND feature_0 > 0.48233 AND feature_0 <= 0.80392 AND feature_0 > 0.70735 AND feature_0 > 0.73418 AND feature_0 <= 0.79113 AND feature_1 > -2.86094 AND feature_1 > 0.82739 AND feature_1 > 1.97592 AND feature_0 <= 0.75612 AND feature_1 <= 2.40301 AND feature_1 > 2.30610,3.189,3.187,ResOve,[Online] CT ResOve,0.738,6.44,7.178000000000001,6394,21,0.0,5,3.7729999999999997,0.002000000000000224,1000000
6098,feature_0 > 0.48233 AND feature_0 > 0.80392 AND feature_0 <= 2.99020 AND feature_1 > 0.92448 AND feature_0 <= 1.36377 AND feature_1 > 1.49343 AND feature_1 > 1.87024 AND feature_1 > 2.46150 AND feature_1 <= 3.45778 AND feature_1 > 2.46827 AND feature_0 <= 1.11068 AND feature_0 > 0.99156 AND feature_1 > 2.66649 AND feature_1 > 2.95473,"{'feature_0': (0.99156, 1.11068), 'feature_1': (2.95473, 3.45778)}",2,6.936,14,[Online] CT,"[3376, 4876, 4877, 5807, 5808, 5938, 5996, 6078, 6079, 6081, 6082, 6092, 6096]",feature_4 <= 0.918 AND feature_0 > 0.48233 AND feature_0 > 0.80392 AND feature_0 <= 2.99020 AND feature_1 > 0.92448 AND feature_0 <= 1.36377 AND feature_1 > 1.49343 AND feature_1 > 1.87024 AND feature_1 > 2.46150 AND feature_1 <= 3.45778 AND feature_1 > 2.46827 AND feature_0 <= 1.11068 AND feature_0 > 0.99156 AND feature_1 > 2.66649 AND feature_1 > 2.95473,4.204,4.208,ResOve,[Online] CT ResOve,0.738,6.44,7.178000000000001,6394,29,0.0,5,2.732,0.004000000000000448,1000000
6218,feature_0 > 0.48233 AND feature_0 > 0.80392 AND feature_0 <= 2.99020 AND feature_1 > 0.92448 AND feature_0 > 1.36377 AND feature_0 <= 2.52259 AND feature_1 > 1.29656 AND feature_0 <= 1.47442 AND feature_1 > 2.56241 AND feature_1 <= 2.76943,"{'feature_0': (1.36377, 1.47442), 'feature_1': (2.56241, 2.76943)}",2,9.012,10,[Online] CT,"[3376, 4876, 4877, 5807, 6111, 6112, 6198, 6199, 6217]",feature_4 <= 0.918 AND feature_0 > 0.48233 AND feature_0 > 0.80392 AND feature_0 <= 2.99020 AND feature_1 > 0.92448 AND feature_0 > 1.36377 AND feature_0 <= 2.52259 AND feature_1 > 1.29656 AND feature_0 <= 1.47442 AND feature_1 > 2.56241 AND feature_1 <= 2.76943,4.155,4.161,NoOve,[Online] CT NoOve,0.002,6.44,6.442,6394,25,0.0,5,4.857,0.005999999999999339,1000000
947,feature_0 <= 0.48233 AND feature_1 > -1.23182 AND feature_0 <= -0.92183 AND feature_0 <= -2.06294 AND feature_1 <= 0.41389 AND feature_0 <= -2.70194 AND feature_0 > -3.86440 AND feature_1 <= -0.69531 AND feature_1 > -0.92747 AND feature_0 <= -3.13338,"{'feature_0': (-3.8644, -3.13338), 'feature_1': (-0.92747, -0.69531)}",2,6.512,10,[Online] CT,"[1, 929, 930, 931, 932, 933, 935, 936, 946]",feature_4 <= 0.918 AND feature_0 <= 0.48233 AND feature_1 > -1.23182 AND feature_0 <= -0.92183 AND feature_0 <= -2.06294 AND feature_1 <= 0.41389 AND feature_0 <= -2.70194 AND feature_0 > -3.86440 AND feature_1 <= -0.69531 AND feature_1 > -0.92747 AND feature_0 <= -3.13338,2.966,2.96,NoOve,[Online] CT NoOve,0.002,6.44,6.442,6394,39,0.0,5,3.5459999999999994,0.006000000000000227,1000000
5988,feature_0 > 0.48233 AND feature_0 > 0.80392 AND feature_0 <= 2.99020 AND feature_1 > 0.92448 AND feature_0 <= 1.36377 AND feature_1 > 1.49343 AND feature_1 <= 1.87024 AND feature_0 > 0.83686 AND feature_0 > 1.32665 AND feature_0 <= 1.33253,"{'feature_0': (1.32665, 1.33253), 'feature_1': (1.49343, 1.87024)}",2,6.501,10,[Online] CT,"[3376, 4876, 4877, 5807, 5808, 5938, 5939, 5955, 5987]",feature_4 <= 0.918 AND feature_0 > 0.48233 AND feature_0 > 0.80392 AND feature_0 <= 2.99020 AND feature_1 > 0.92448 AND feature_0 <= 1.36377 AND feature_1 > 1.49343 AND feature_1 <= 1.87024 AND feature_0 > 0.83686 AND feature_0 > 1.32665 AND feature_0 <= 1.33253,3.159,3.162,NoOve,[Online] CT NoOve,0.002,6.44,6.442,6394,32,0.0,5,3.3420000000000005,0.0030000000000001137,1000000
3707,feature_0 > 0.48233 AND feature_0 <= 0.80392 AND feature_0 <= 0.70735 AND feature_0 <= 0.54533 AND feature_0 > 0.53224 AND feature_0 <= 0.54122 AND feature_0 > 0.53370 AND feature_1 > -0.11237 AND feature_1 > 1.62681 AND feature_0 <= 0.53560,"{'feature_0': (0.5337, 0.5356), 'feature_1': (1.62681, 4.796)}",2,6.494,10,[Online] CT,"[3376, 3377, 3378, 3379, 3603, 3604, 3628, 3676, 3706]",feature_4 <= 0.918 AND feature_0 > 0.48233 AND feature_0 <= 0.80392 AND feature_0 <= 0.70735 AND feature_0 <= 0.54533 AND feature_0 > 0.53224 AND feature_0 <= 0.54122 AND feature_0 > 0.53370 AND feature_1 > -0.11237 AND feature_1 > 1.62681 AND feature_0 <= 0.53560,2.673,2.691,NoOve,[Online] CT NoOve,0.002,6.44,6.442,6394,20,0.0,5,3.8209999999999997,0.017999999999999794,1000000
6302,feature_0 > 0.48233 AND feature_0 > 0.80392 AND feature_0 <= 2.99020 AND feature_1 > 0.92448 AND feature_0 > 1.36377 AND feature_0 > 2.52259 AND feature_0 <= 2.94343 AND feature_0 <= 2.58448 AND feature_1 > 1.18129 AND feature_1 <= 1.64459,"{'feature_0': (2.52259, 2.58448), 'feature_1': (1.18129, 1.64459)}",2,6.095,10,[Online] CT,"[3376, 4876, 4877, 5807, 6111, 6297, 6298, 6299, 6301]",feature_4 <= 0.918 AND feature_0 > 0.48233 AND feature_0 > 0.80392 AND feature_0 <= 2.99020 AND feature_1 > 0.92448 AND feature_0 > 1.36377 AND feature_0 > 2.52259 AND feature_0 <= 2.94343 AND feature_0 <= 2.58448 AND feature_1 > 1.18129 AND feature_1 <= 1.64459,4.167,4.178,NoOve,[Online] CT NoOve,0.002,6.44,6.442,6394,68,0.0,5,1.928,0.01100000000000012,1000000
5132,feature_0 > 0.48233 AND feature_0 > 0.80392 AND feature_0 <= 2.99020 AND feature_1 <= 0.92448 AND feature_0 <= 1.55886 AND feature_1 > -0.39796 AND feature_0 <= 1.02103 AND feature_1 <= 0.68106 AND feature_1 <= 0.05602 AND feature_1 > -0.38714 AND feature_0 <= 0.86069 AND feature_1 > -0.08679 AND feature_1 <= 0.04062 AND feature_1 > 0.00804,"{'feature_0': (0.80392, 0.86069), 'feature_1': (0.00804, 0.04062)}",2,0.588,14,[Online] CT,"[3376, 4876, 4877, 4878, 4879, 5099, 5100, 5101, 5102, 5114, 5115, 5127, 5128]",feature_4 <= 0.918 AND feature_0 > 0.48233 AND feature_0 > 0.80392 AND feature_0 <= 2.99020 AND feature_1 <= 0.92448 AND feature_0 <= 1.55886 AND feature_1 > -0.39796 AND feature_0 <= 1.02103 AND feature_1 <= 0.68106 AND feature_1 <= 0.05602 AND feature_1 > -0.38714 AND feature_0 <= 0.86069 AND feature_1 > -0.08679 AND feature_1 <= 0.04062 AND feature_1 > 0.00804,1.536,1.535,Random,[Online] CT Random,0.0,6.44,6.44,6394,182,0.0,5,0.9480000000000001,0.001000000000000112,1000000
573,feature_0 <= 0.48233 AND feature_1 <= -1.23182 AND feature_0 <= 0.26203 AND feature_0 > -1.18975 AND feature_0 > -0.23721 AND feature_0 > 0.01409 AND feature_1 > -1.87165 AND feature_0 > 0.10006 AND feature_0 <= 0.10670 AND feature_1 <= -1.30811 AND feature_0 > 0.10387,"{'feature_0': (0.10387, 0.1067), 'feature_1': (-1.87165, -1.30811)}",2,2.438,11,[Online] CT,"[1, 2, 3, 281, 327, 425, 519, 565, 566, 567]",feature_4 <= 0.918 AND feature_0 <= 0.48233 AND feature_1 <= -1.23182 AND feature_0 <= 0.26203 AND feature_0 > -1.18975 AND feature_0 > -0.23721 AND feature_0 > 0.01409 AND feature_1 > -1.87165 AND feature_0 > 0.10006 AND feature_0 <= 0.10670 AND feature_1 <= -1.30811 AND feature_0 > 0.10387,0.303,0.303,Random,[Online] CT Random,0.0,6.44,6.44,6394,68,0.0,5,2.1350000000000002,0.0,1000000
4305,feature_0 > 0.48233 AND feature_0 <= 0.80392 AND feature_0 > 0.70735 AND feature_0 <= 0.73418 AND feature_0 <= 0.72298 AND feature_0 <= 0.71417 AND feature_0 <= 0.71291 AND feature_0 > 0.70812 AND feature_1 <= 1.85997 AND feature_1 <= -0.68692 AND feature_0 > 0.71146 AND feature_1 > -1.41690,"{'feature_0': (0.71146, 0.71291), 'feature_1': (-1.4169, -0.68692)}",2,2.368,12,[Online] CT,"[3376, 3377, 4275, 4276, 4277, 4278, 4279, 4291, 4292, 4293, 4303]",feature_4 <= 0.918 AND feature_0 > 0.48233 AND feature_0 <= 0.80392 AND feature_0 > 0.70735 AND feature_0 <= 0.73418 AND feature_0 <= 0.72298 AND feature_0 <= 0.71417 AND feature_0 <= 0.71291 AND feature_0 > 0.70812 AND feature_1 <= 1.85997 AND feature_1 <= -0.68692 AND feature_0 > 0.71146 AND feature_1 > -1.41690,1.027,1.03,Random,[Online] CT Random,0.0,6.44,6.44,6394,49,0.0,5,1.341,0.0030000000000001137,1000000
4317,feature_0 > 0.48233 AND feature_0 <= 0.80392 AND feature_0 > 0.70735 AND feature_0 <= 0.73418 AND feature_0 <= 0.72298 AND feature_0 <= 0.71417 AND feature_0 <= 0.71291 AND feature_0 > 0.70812 AND feature_1 <= 1.85997 AND feature_1 > -0.68692 AND feature_0 <= 0.70983 AND feature_0 > 0.70942,"{'feature_0': (0.70942, 0.70983), 'feature_1': (-0.68692, 1.85997)}",2,3.574,12,[Online] CT,"[3376, 3377, 4275, 4276, 4277, 4278, 4279, 4291, 4292, 4306, 4307]",feature_4 <= 0.918 AND feature_0 > 0.48233 AND feature_0 <= 0.80392 AND feature_0 > 0.70735 AND feature_0 <= 0.73418 AND feature_0 <= 0.72298 AND feature_0 <= 0.71417 AND feature_0 <= 0.71291 AND feature_0 > 0.70812 AND feature_1 <= 1.85997 AND feature_1 > -0.68692 AND feature_0 <= 0.70983 AND feature_0 > 0.70942,1.605,1.639,Random,[Online] CT Random,0.0,6.44,6.44,6394,79,0.0,5,1.9689999999999999,0.03400000000000003,1000000
646,feature_0 <= 0.48233 AND feature_1 <= -1.23182 AND feature_0 > 0.26203 AND feature_1 <= -1.45743 AND feature_0 <= 0.40773 AND feature_0 > 0.26693 AND feature_0 > 0.26841 AND feature_0 > 0.26936 AND feature_0 <= 0.34980 AND feature_0 <= 0.34826 AND feature_1 <= -2.01532 AND feature_1 <= -2.07148,"{'feature_0': (0.26936, 0.34826), 'feature_1': (-5.519, -2.07148)}",2,0.365,12,[Online] CT,"[1, 2, 630, 631, 632, 638, 640, 642, 643, 644, 645]",feature_4 <= 0.918 AND feature_0 <= 0.48233 AND feature_1 <= -1.23182 AND feature_0 > 0.26203 AND feature_1 <= -1.45743 AND feature_0 <= 0.40773 AND feature_0 > 0.26693 AND feature_0 > 0.26841 AND feature_0 > 0.26936 AND feature_0 <= 0.34980 AND feature_0 <= 0.34826 AND feature_1 <= -2.01532 AND feature_1 <= -2.07148,0.398,0.398,Random,[Online] CT Random,0.0,6.44,6.44,6394,436,0.0,5,0.03300000000000003,0.0,1000000
4391,feature_0 <= 0.48954 AND feature_0 > -0.91801 AND feature_1 > 0.72796 AND feature_1 > 1.59585 AND feature_1 > 1.86528 AND feature_0 > -0.76479 AND feature_1 <= 3.35427 AND feature_1 > 1.90738 AND feature_0 <= 0.46913 AND feature_1 > 1.90872 AND feature_0 > 0.18569 AND feature_1 > 2.30821 AND feature_1 <= 2.34061 AND feature_0 > 0.27544 AND feature_0 <= 0.33365,"{'feature_0': (0.27544, 0.33365), 'feature_1': (2.30821, 2.34061)}",2,9.039,15,[Online] CT,"[1, 1471, 3183, 4065, 4257, 4307, 4308, 4364, 4365, 4367, 4379, 4387, 4388, 4390]",feature_0 <= 1.242 AND feature_4 <= 4.68 AND feature_0 <= 0.48954 AND feature_0 > -0.91801 AND feature_1 > 0.72796 AND feature_1 > 1.59585 AND feature_1 > 1.86528 AND feature_0 > -0.76479 AND feature_1 <= 3.35427 AND feature_1 > 1.90738 AND feature_0 <= 0.46913 AND feature_1 > 1.90872 AND feature_0 > 0.18569 AND feature_1 > 2.30821 AND feature_1 <= 2.34061 AND feature_0 > 0.27544 AND feature_0 <= 0.33365,2.717,2.717,OptRes,[Online] CT OptRes,0.002,7.24,7.242,7072,20,0.0,5,6.321999999999999,0.0,1000000
7049,feature_0 > 0.48954 AND feature_1 > 0.28545 AND feature_0 > 0.73140 AND feature_1 > 1.70742 AND feature_0 > 1.12957 AND feature_1 > 1.93364 AND feature_1 <= 2.36467 AND feature_1 <= 2.21311 AND feature_0 <= 1.19019 AND feature_0 <= 1.18140 AND feature_1 <= 1.97063,"{'feature_0': (1.12957, 1.1814), 'feature_1': (1.93364, 1.97063)}",2,8.047,11,[Online] CT,"[4420, 5790, 6516, 6908, 7028, 7044, 7045, 7046, 7047, 7048]",feature_0 <= 1.242 AND feature_4 <= 4.68 AND feature_0 > 0.48954 AND feature_1 > 0.28545 AND feature_0 > 0.73140 AND feature_1 > 1.70742 AND feature_0 > 1.12957 AND feature_1 > 1.93364 AND feature_1 <= 2.36467 AND feature_1 <= 2.21311 AND feature_0 <= 1.19019 AND feature_0 <= 1.18140 AND feature_1 <= 1.97063,3.239,3.239,OptRes,[Online] CT OptRes,0.002,7.24,7.242,7072,20,0.0,5,4.808000000000001,0.0,1000000
7063,feature_0 > 0.48954 AND feature_1 > 0.28545 AND feature_0 > 0.73140 AND feature_1 > 1.70742 AND feature_0 > 1.12957 AND feature_1 > 1.93364 AND feature_1 <= 2.36467 AND feature_1 > 2.21311 AND feature_0 > 1.20263,"{'feature_0': (1.20263, 5.091), 'feature_1': (2.21311, 2.36467)}",2,7.167,9,[Online] CT,"[4420, 5790, 6516, 6908, 7028, 7044, 7045, 7061]",feature_0 <= 1.242 AND feature_4 <= 4.68 AND feature_0 > 0.48954 AND feature_1 > 0.28545 AND feature_0 > 0.73140 AND feature_1 > 1.70742 AND feature_0 > 1.12957 AND feature_1 > 1.93364 AND feature_1 <= 2.36467 AND feature_1 > 2.21311 AND feature_0 > 1.20263,4.095,3.591,OptRes,[Online] CT OptRes,0.002,7.24,7.242,7072,22,0.0,5,3.072,0.5039999999999996,1000000
815,feature_0 <= 0.48954 AND feature_0 <= -0.91801 AND feature_1 > -0.38521 AND feature_0 <= -2.13062 AND feature_1 <= 0.95146 AND feature_0 > -2.88812 AND feature_0 <= -2.38986 AND feature_1 <= 0.93583 AND feature_1 <= 0.78785 AND feature_0 > -2.49979 AND feature_1 <= 0.66195 AND feature_1 > -0.33658 AND feature_1 <= -0.31306,"{'feature_0': (-2.49979, -2.38986), 'feature_1': (-0.33658, -0.31306)}",2,7.164,13,[Online] CT,"[1, 2, 720, 721, 722, 770, 771, 772, 773, 811, 812, 814]",feature_0 <= 1.242 AND feature_4 <= 4.68 AND feature_0 <= 0.48954 AND feature_0 <= -0.91801 AND feature_1 > -0.38521 AND feature_0 <= -2.13062 AND feature_1 <= 0.95146 AND feature_0 > -2.88812 AND feature_0 <= -2.38986 AND feature_1 <= 0.93583 AND feature_1 <= 0.78785 AND feature_0 > -2.49979 AND feature_1 <= 0.66195 AND feature_1 > -0.33658 AND feature_1 <= -0.31306,1.895,1.895,OptRes,[Online] CT OptRes,0.002,7.24,7.242,7072,20,0.0,5,5.269,0.0,1000000
7027,feature_0 > 0.48954 AND feature_1 > 0.28545 AND feature_0 > 0.73140 AND feature_1 > 1.70742 AND feature_0 <= 1.12957 AND feature_1 > 3.47408,"{'feature_0': (0.7314, 1.12957), 'feature_1': (3.47408, 4.796)}",2,6.939,6,[Online] CT,"[4420, 5790, 6516, 6908, 6909]",feature_0 <= 1.242 AND feature_4 <= 4.68 AND feature_0 > 0.48954 AND feature_1 > 0.28545 AND feature_0 > 0.73140 AND feature_1 > 1.70742 AND feature_0 <= 1.12957 AND feature_1 > 3.47408,4.696,4.696,OptRes,[Online] CT OptRes,0.002,7.24,7.242,7072,26,0.0,5,2.2430000000000003,0.0,1000000
7053,feature_0 > 0.48954 AND feature_1 > 0.28545 AND feature_0 > 0.73140 AND feature_1 > 1.70742 AND feature_0 > 1.12957 AND feature_1 > 1.93364 AND feature_1 <= 2.36467 AND feature_1 <= 2.21311 AND feature_0 <= 1.19019 AND feature_0 <= 1.18140 AND feature_1 > 1.97063 AND feature_0 <= 1.16346 AND feature_0 > 1.15267,"{'feature_0': (1.15267, 1.16346), 'feature_1': (1.97063, 2.21311)}",2,6.267,13,[Online] CT,"[4420, 5790, 6516, 6908, 7028, 7044, 7045, 7046, 7047, 7048, 7050, 7051]",feature_0 <= 1.242 AND feature_4 <= 4.68 AND feature_0 > 0.48954 AND feature_1 > 0.28545 AND feature_0 > 0.73140 AND feature_1 > 1.70742 AND feature_0 > 1.12957 AND feature_1 > 1.93364 AND feature_1 <= 2.36467 AND feature_1 <= 2.21311 AND feature_0 <= 1.19019 AND feature_0 <= 1.18140 AND feature_1 > 1.97063 AND feature_0 <= 1.16346 AND feature_0 > 1.15267,3.353,3.353,ResOve,[Online] CT ResOve,1.643,7.24,8.883000000000001,7072,26,0.0,5,2.914,0.0,1000000
6888,feature_0 > 0.48954 AND feature_1 > 0.28545 AND feature_0 > 0.73140 AND feature_1 <= 1.70742 AND feature_1 > 0.29167 AND feature_1 > 0.50321 AND feature_0 > 1.08711 AND feature_1 > 1.18583 AND feature_0 <= 1.23732 AND feature_1 <= 1.69639 AND feature_1 <= 1.62844 AND feature_0 <= 1.23070 AND feature_1 > 1.60831 AND feature_1 <= 1.61261,"{'feature_0': (1.08711, 1.2307), 'feature_1': (1.60831, 1.61261)}",2,6.2,14,[Online] CT,"[4420, 5790, 6516, 6517, 6533, 6703, 6821, 6875, 6876, 6877, 6878, 6879, 6887]",feature_0 <= 1.242 AND feature_4 <= 4.68 AND feature_0 > 0.48954 AND feature_1 > 0.28545 AND feature_0 > 0.73140 AND feature_1 <= 1.70742 AND feature_1 > 0.29167 AND feature_1 > 0.50321 AND feature_0 > 1.08711 AND feature_1 > 1.18583 AND feature_0 <= 1.23732 AND feature_1 <= 1.69639 AND feature_1 <= 1.62844 AND feature_0 <= 1.23070 AND feature_1 > 1.60831 AND feature_1 <= 1.61261,2.954,2.954,ResOve,[Online] CT ResOve,1.643,7.24,8.883000000000001,7072,22,0.0,5,3.246,0.0,1000000
6048,feature_0 > 0.48954 AND feature_1 > 0.28545 AND feature_0 <= 0.73140 AND feature_0 <= 0.64789 AND feature_0 > 0.52548 AND feature_0 <= 0.54562 AND feature_0 <= 0.54491 AND feature_1 > 1.52076 AND feature_1 <= 2.29760 AND feature_0 <= 0.54316 AND feature_1 > 2.16310,"{'feature_0': (0.52548, 0.54316), 'feature_1': (2.1631, 2.2976)}",2,6.798,11,[Online] CT,"[4420, 5790, 5791, 5792, 5988, 5989, 5990, 6034, 6035, 6036]",feature_0 <= 1.242 AND feature_4 <= 4.68 AND feature_0 > 0.48954 AND feature_1 > 0.28545 AND feature_0 <= 0.73140 AND feature_0 <= 0.64789 AND feature_0 > 0.52548 AND feature_0 <= 0.54562 AND feature_0 <= 0.54491 AND feature_1 > 1.52076 AND feature_1 <= 2.29760 AND feature_0 <= 0.54316 AND feature_1 > 2.16310,2.857,2.857,ResOve,[Online] CT ResOve,1.643,7.24,8.883000000000001,7072,20,0.0,5,3.941,0.0,1000000
36,feature_0 <= 0.48954 AND feature_0 <= -0.91801 AND feature_1 <= -0.38521 AND feature_0 <= -1.48808 AND feature_0 <= -2.06573 AND feature_0 > -3.06028 AND feature_1 <= -2.41990 AND feature_0 <= -2.17895 AND feature_0 > -2.51707 AND feature_1 <= -2.79675,"{'feature_0': (-2.51707, -2.17895), 'feature_1': (-5.519, -2.79675)}",2,6.23,10,[Online] CT,"[1, 2, 3, 4, 5, 31, 32, 33, 35]",feature_0 <= 1.242 AND feature_4 <= 4.68 AND feature_0 <= 0.48954 AND feature_0 <= -0.91801 AND feature_1 <= -0.38521 AND feature_0 <= -1.48808 AND feature_0 <= -2.06573 AND feature_0 > -3.06028 AND feature_1 <= -2.41990 AND feature_0 <= -2.17895 AND feature_0 > -2.51707 AND feature_1 <= -2.79675,2.282,2.282,ResOve,[Online] CT ResOve,1.643,7.24,8.883000000000001,7072,24,0.0,5,3.9480000000000004,0.0,1000000
451,feature_0 <= 0.48954 AND feature_0 <= -0.91801 AND feature_1 <= -0.38521 AND feature_0 > -1.48808 AND feature_0 <= -1.22857 AND feature_1 <= -1.95834 AND feature_0 <= -1.28758 AND feature_0 > -1.31382 AND feature_0 <= -1.30702,"{'feature_0': (-1.31382, -1.30702), 'feature_1': (-5.519, -1.95834)}",2,6.111,9,[Online] CT,"[1, 2, 3, 419, 420, 421, 422, 450]",feature_0 <= 1.242 AND feature_4 <= 4.68 AND feature_0 <= 0.48954 AND feature_0 <= -0.91801 AND feature_1 <= -0.38521 AND feature_0 > -1.48808 AND feature_0 <= -1.22857 AND feature_1 <= -1.95834 AND feature_0 <= -1.28758 AND feature_0 > -1.31382 AND feature_0 <= -1.30702,1.216,1.216,ResOve,[Online] CT ResOve,1.643,7.24,8.883000000000001,7072,20,0.0,5,4.895,0.0,1000000
4391,feature_0 <= 0.48954 AND feature_0 > -0.91801 AND feature_1 > 0.72796 AND feature_1 > 1.59585 AND feature_1 > 1.86528 AND feature_0 > -0.76479 AND feature_1 <= 3.35427 AND feature_1 > 1.90738 AND feature_0 <= 0.46913 AND feature_1 > 1.90872 AND feature_0 > 0.18569 AND feature_1 > 2.30821 AND feature_1 <= 2.34061 AND feature_0 > 0.27544 AND feature_0 <= 0.33365,"{'feature_0': (0.27544, 0.33365), 'feature_1': (2.30821, 2.34061)}",2,9.039,15,[Online] CT,"[1, 1471, 3183, 4065, 4257, 4307, 4308, 4364, 4365, 4367, 4379, 4387, 4388, 4390]",feature_0 <= 1.242 AND feature_4 <= 4.68 AND feature_0 <= 0.48954 AND feature_0 > -0.91801 AND feature_1 > 0.72796 AND feature_1 > 1.59585 AND feature_1 > 1.86528 AND feature_0 > -0.76479 AND feature_1 <= 3.35427 AND feature_1 > 1.90738 AND feature_0 <= 0.46913 AND feature_1 > 1.90872 AND feature_0 > 0.18569 AND feature_1 > 2.30821 AND feature_1 <= 2.34061 AND feature_0 > 0.27544 AND feature_0 <= 0.33365,2.717,2.717,NoOve,[Online] CT NoOve,0.002,7.24,7.242,7072,20,0.0,5,6.321999999999999,0.0,1000000
3729,feature_0 <= 0.48954 AND feature_0 > -0.91801 AND feature_1 > 0.72796 AND feature_1 <= 1.59585 AND feature_0 > -0.20520 AND feature_0 <= 0.19066 AND feature_1 > 1.06021 AND feature_1 <= 1.42816 AND feature_1 > 1.31553 AND feature_0 <= 0.11155 AND feature_1 <= 1.41336 AND feature_1 > 1.40405 AND feature_0 > -0.12794 AND feature_1 <= 1.41212 AND feature_0 > 0.05255,"{'feature_0': (0.05255, 0.11155), 'feature_1': (1.40405, 1.41212)}",2,6.923,15,[Online] CT,"[1, 1471, 3183, 3184, 3522, 3523, 3629, 3630, 3708, 3709, 3710, 3724, 3726, 3727]",feature_0 <= 1.242 AND feature_4 <= 4.68 AND feature_0 <= 0.48954 AND feature_0 > -0.91801 AND feature_1 > 0.72796 AND feature_1 <= 1.59585 AND feature_0 > -0.20520 AND feature_0 <= 0.19066 AND feature_1 > 1.06021 AND feature_1 <= 1.42816 AND feature_1 > 1.31553 AND feature_0 <= 0.11155 AND feature_1 <= 1.41336 AND feature_1 > 1.40405 AND feature_0 > -0.12794 AND feature_1 <= 1.41212 AND feature_0 > 0.05255,1.705,1.705,NoOve,[Online] CT NoOve,0.002,7.24,7.242,7072,27,0.0,5,5.218,0.0,1000000
5962,feature_0 > 0.48954 AND feature_1 > 0.28545 AND feature_0 <= 0.73140 AND feature_0 <= 0.64789 AND feature_0 <= 0.52548 AND feature_0 > 0.50266 AND feature_0 <= 0.52382 AND feature_1 > 0.87189 AND feature_1 <= 2.14956 AND feature_0 > 0.51575 AND feature_1 > 0.91400 AND feature_0 <= 0.52220 AND feature_0 <= 0.52079 AND feature_1 > 1.41379 AND feature_0 <= 0.51641,"{'feature_0': (0.51575, 0.51641), 'feature_1': (1.41379, 2.14956)}",2,6.384,15,[Online] CT,"[4420, 5790, 5791, 5792, 5793, 5877, 5878, 5928, 5929, 5953, 5955, 5956, 5957, 5961]",feature_0 <= 1.242 AND feature_4 <= 4.68 AND feature_0 > 0.48954 AND feature_1 > 0.28545 AND feature_0 <= 0.73140 AND feature_0 <= 0.64789 AND feature_0 <= 0.52548 AND feature_0 > 0.50266 AND feature_0 <= 0.52382 AND feature_1 > 0.87189 AND feature_1 <= 2.14956 AND feature_0 > 0.51575 AND feature_1 > 0.91400 AND feature_0 <= 0.52220 AND feature_0 <= 0.52079 AND feature_1 > 1.41379 AND feature_0 <= 0.51641,2.342,2.342,NoOve,[Online] CT NoOve,0.002,7.24,7.242,7072,21,0.0,5,4.042,0.0,1000000
3415,feature_0 <= 0.48954 AND feature_0 > -0.91801 AND feature_1 > 0.72796 AND feature_1 <= 1.59585 AND feature_0 <= -0.20520 AND feature_0 > -0.75857 AND feature_1 <= 1.44377 AND feature_1 > 0.76961 AND feature_1 > 0.77215 AND feature_1 <= 1.43672 AND feature_1 > 1.40963 AND feature_0 <= -0.48114 AND feature_1 <= 1.42659 AND feature_1 <= 1.42010 AND feature_1 <= 1.41132,"{'feature_0': (-0.75857, -0.48114), 'feature_1': (1.40963, 1.41132)}",2,6.053,15,[Online] CT,"[1, 1471, 3183, 3184, 3185, 3315, 3316, 3370, 3380, 3381, 3411, 3412, 3413, 3414]",feature_0 <= 1.242 AND feature_4 <= 4.68 AND feature_0 <= 0.48954 AND feature_0 > -0.91801 AND feature_1 > 0.72796 AND feature_1 <= 1.59585 AND feature_0 <= -0.20520 AND feature_0 > -0.75857 AND feature_1 <= 1.44377 AND feature_1 > 0.76961 AND feature_1 > 0.77215 AND feature_1 <= 1.43672 AND feature_1 > 1.40963 AND feature_0 <= -0.48114 AND feature_1 <= 1.42659 AND feature_1 <= 1.42010 AND feature_1 <= 1.41132,0.978,0.978,NoOve,[Online] CT NoOve,0.002,7.24,7.242,7072,20,0.0,5,5.075,0.0,1000000
1956,feature_0 <= 0.48954 AND feature_0 > -0.91801 AND feature_1 <= 0.72796 AND feature_0 <= -0.26768 AND feature_1 > -0.40588 AND feature_1 <= 0.43054 AND feature_0 > -0.40233 AND feature_1 <= 0.26924 AND feature_1 <= 0.24782 AND feature_1 <= -0.37162 AND feature_0 <= -0.29001 AND feature_1 <= -0.37311 AND feature_0 <= -0.36382 AND feature_1 <= -0.38875 AND feature_1 <= -0.40106,"{'feature_0': (-0.40233, -0.36382), 'feature_1': (-0.40588, -0.40106)}",2,6.051,15,[Online] CT,"[1, 1471, 1472, 1473, 1847, 1848, 1948, 1949, 1950, 1951, 1952, 1953, 1954, 1955]",feature_0 <= 1.242 AND feature_4 <= 4.68 AND feature_0 <= 0.48954 AND feature_0 > -0.91801 AND feature_1 <= 0.72796 AND feature_0 <= -0.26768 AND feature_1 > -0.40588 AND feature_1 <= 0.43054 AND feature_0 > -0.40233 AND feature_1 <= 0.26924 AND feature_1 <= 0.24782 AND feature_1 <= -0.37162 AND feature_0 <= -0.29001 AND feature_1 <= -0.37311 AND feature_0 <= -0.36382 AND feature_1 <= -0.38875 AND feature_1 <= -0.40106,0.127,0.127,NoOve,[Online] CT NoOve,0.002,7.24,7.242,7072,22,0.0,5,5.924,0.0,1000000
6544,feature_0 > 0.48954 AND feature_1 > 0.28545 AND feature_0 > 0.73140 AND feature_1 <= 1.70742 AND feature_1 > 0.29167 AND feature_1 <= 0.50321 AND feature_0 <= 1.05785 AND feature_0 <= 0.91803 AND feature_0 <= 0.79887 AND feature_1 <= 0.49571 AND feature_0 <= 0.77317 AND feature_1 > 0.29899 AND feature_1 > 0.30450 AND feature_1 <= 0.33481,"{'feature_0': (0.7314, 0.77317), 'feature_1': (0.3045, 0.33481)}",2,2.145,14,[Online] CT,"[4420, 5790, 6516, 6517, 6533, 6534, 6535, 6536, 6537, 6538, 6539, 6541, 6543]",feature_0 <= 1.242 AND feature_4 <= 4.68 AND feature_0 > 0.48954 AND feature_1 > 0.28545 AND feature_0 > 0.73140 AND feature_1 <= 1.70742 AND feature_1 > 0.29167 AND feature_1 <= 0.50321 AND feature_0 <= 1.05785 AND feature_0 <= 0.91803 AND feature_0 <= 0.79887 AND feature_1 <= 0.49571 AND feature_0 <= 0.77317 AND feature_1 > 0.29899 AND feature_1 > 0.30450 AND feature_1 <= 0.33481,1.616,1.616,Random,[Online] CT Random,0.0,7.24,7.24,7072,142,0.0,5,0.5289999999999999,0.0,1000000
3935,feature_0 <= 0.48954 AND feature_0 > -0.91801 AND feature_1 > 0.72796 AND feature_1 <= 1.59585 AND feature_0 > -0.20520 AND feature_0 > 0.19066 AND feature_1 <= 1.42135 AND feature_1 > 0.87878 AND feature_1 > 0.88066 AND feature_0 <= 0.48271 AND feature_0 <= 0.20087 AND feature_0 <= 0.19428 AND feature_1 > 1.01733 AND feature_1 <= 1.17888,"{'feature_0': (0.19066, 0.19428), 'feature_1': (1.01733, 1.17888)}",2,1.659,14,[Online] CT,"[1, 1471, 3183, 3184, 3522, 3830, 3831, 3927, 3929, 3930, 3931, 3932, 3934]",feature_0 <= 1.242 AND feature_4 <= 4.68 AND feature_0 <= 0.48954 AND feature_0 > -0.91801 AND feature_1 > 0.72796 AND feature_1 <= 1.59585 AND feature_0 > -0.20520 AND feature_0 > 0.19066 AND feature_1 <= 1.42135 AND feature_1 > 0.87878 AND feature_1 > 0.88066 AND feature_0 <= 0.48271 AND feature_0 <= 0.20087 AND feature_0 <= 0.19428 AND feature_1 > 1.01733 AND feature_1 <= 1.17888,1.578,1.578,Random,[Online] CT Random,0.0,7.24,7.24,7072,44,0.0,5,0.08099999999999996,0.0,1000000
52,feature_0 <= 0.48954 AND feature_0 <= -0.91801 AND feature_1 <= -0.38521 AND feature_0 <= -1.48808 AND feature_0 <= -2.06573 AND feature_0 > -3.06028 AND feature_1 > -2.41990 AND feature_1 <= -0.39254 AND feature_1 <= -0.99331 AND feature_0 > -2.99751 AND feature_0 <= -2.11290 AND feature_0 > -2.95470 AND feature_1 <= -1.79243 AND feature_0 > -2.27606 AND feature_0 <= -2.18043,"{'feature_0': (-2.27606, -2.18043), 'feature_1': (-2.4199, -1.79243)}",2,0.644,15,[Online] CT,"[1, 2, 3, 4, 5, 31, 39, 40, 41, 43, 44, 46, 47, 51]",feature_0 <= 1.242 AND feature_4 <= 4.68 AND feature_0 <= 0.48954 AND feature_0 <= -0.91801 AND feature_1 <= -0.38521 AND feature_0 <= -1.48808 AND feature_0 <= -2.06573 AND feature_0 > -3.06028 AND feature_1 > -2.41990 AND feature_1 <= -0.39254 AND feature_1 <= -0.99331 AND feature_0 > -2.99751 AND feature_0 <= -2.11290 AND feature_0 > -2.95470 AND feature_1 <= -1.79243 AND feature_0 > -2.27606 AND feature_0 <= -2.18043,2.106,2.106,Random,[Online] CT Random,0.0,7.24,7.24,7072,96,0.0,5,1.4619999999999997,0.0,1000000
4284,feature_0 <= 0.48954 AND feature_0 > -0.91801 AND feature_1 > 0.72796 AND feature_1 > 1.59585 AND feature_1 > 1.86528 AND feature_0 <= -0.76479 AND feature_1 <= 2.66260 AND feature_0 > -0.90690 AND feature_0 > -0.87441 AND feature_1 <= 2.62087 AND feature_0 <= -0.76769 AND feature_1 <= 2.46140 AND feature_0 <= -0.78687 AND feature_0 <= -0.84489 AND feature_0 > -0.85485,"{'feature_0': (-0.85485, -0.84489), 'feature_1': (1.86528, 2.4614)}",2,2.885,15,[Online] CT,"[1, 1471, 3183, 4065, 4257, 4258, 4259, 4263, 4277, 4278, 4279, 4280, 4281, 4282]",feature_0 <= 1.242 AND feature_4 <= 4.68 AND feature_0 <= 0.48954 AND feature_0 > -0.91801 AND feature_1 > 0.72796 AND feature_1 > 1.59585 AND feature_1 > 1.86528 AND feature_0 <= -0.76479 AND feature_1 <= 2.66260 AND feature_0 > -0.90690 AND feature_0 > -0.87441 AND feature_1 <= 2.62087 AND feature_0 <= -0.76769 AND feature_1 <= 2.46140 AND feature_0 <= -0.78687 AND feature_0 <= -0.84489 AND feature_0 > -0.85485,1.369,1.369,Random,[Online] CT Random,0.0,7.24,7.24,7072,70,0.0,5,1.5159999999999998,0.0,1000000
4882,feature_0 > 0.48954 AND feature_1 <= 0.28545 AND feature_0 > 0.54371 AND feature_1 <= -0.40584 AND feature_1 <= -0.92420 AND feature_0 <= 0.91309 AND feature_1 > -1.66483 AND feature_0 > 0.64523 AND feature_1 <= -1.10344 AND feature_1 <= -1.22404 AND feature_0 <= 0.71681 AND feature_1 <= -1.39271 AND feature_1 > -1.45885,"{'feature_0': (0.64523, 0.71681), 'feature_1': (-1.45885, -1.39271)}",2,0.365,13,[Online] CT,"[4420, 4421, 4771, 4772, 4773, 4774, 4824, 4872, 4873, 4874, 4875, 4876]",feature_0 <= 1.242 AND feature_4 <= 4.68 AND feature_0 > 0.48954 AND feature_1 <= 0.28545 AND feature_0 > 0.54371 AND feature_1 <= -0.40584 AND feature_1 <= -0.92420 AND feature_0 <= 0.91309 AND feature_1 > -1.66483 AND feature_0 > 0.64523 AND feature_1 <= -1.10344 AND feature_1 <= -1.22404 AND feature_0 <= 0.71681 AND feature_1 <= -1.39271 AND feature_1 > -1.45885,0.894,0.894,Random,[Online] CT Random,0.0,7.24,7.24,7072,224,0.0,5,0.529,0.0,1000000
6476,feature_1 > 0.91756 AND feature_1 > 1.09482 AND feature_0 > 0.28090 AND feature_0 > 0.38011 AND feature_1 > 3.64649,"{'feature_1': (3.64649, 4.796), 'feature_0': (0.38011, 5.091)}",2,7.616,5,[Online] CT,"[4560, 5298, 5962, 6142]",feature_8 <= 0.738 AND feature_1 > 0.91756 AND feature_1 > 1.09482 AND feature_0 > 0.28090 AND feature_0 > 0.38011 AND feature_1 > 3.64649,4.895,4.948,OptRes,[Online] CT OptRes,0.002,6.19,6.192,6476,30,0.0,5,2.721,0.053000000000000824,1000000
104,feature_1 <= 0.91756 AND feature_0 <= 0.29397 AND feature_0 <= -0.56000 AND feature_0 <= -1.29825 AND feature_0 <= -1.53484 AND feature_0 > -2.82286 AND feature_1 <= -0.85471 AND feature_0 <= -1.70475 AND feature_1 <= -0.86485 AND feature_1 <= -1.63010 AND feature_1 > -1.77148 AND feature_1 <= -1.71114 AND feature_1 > -1.71711,"{'feature_1': (-1.71711, -1.71114), 'feature_0': (-2.82286, -1.70475)}",2,7.323,13,[Online] CT,"[1, 2, 3, 4, 5, 71, 72, 73, 74, 75, 97, 98]",feature_8 <= 0.738 AND feature_1 <= 0.91756 AND feature_0 <= 0.29397 AND feature_0 <= -0.56000 AND feature_0 <= -1.29825 AND feature_0 <= -1.53484 AND feature_0 > -2.82286 AND feature_1 <= -0.85471 AND feature_0 <= -1.70475 AND feature_1 <= -0.86485 AND feature_1 <= -1.63010 AND feature_1 > -1.77148 AND feature_1 <= -1.71114 AND feature_1 > -1.71711,1.881,1.878,OptRes,[Online] CT OptRes,0.002,6.19,6.192,6476,20,0.0,5,5.442,0.0030000000000001137,1000000
4558,feature_1 <= 0.91756 AND feature_0 > 0.29397 AND feature_0 > 1.31797 AND feature_0 > 2.10483 AND feature_1 > 0.12067 AND feature_0 > 2.43544 AND feature_1 > 0.82772 AND feature_0 <= 2.84737 AND feature_0 > 2.55197 AND feature_1 > 0.86308,"{'feature_1': (0.86308, 0.91756), 'feature_0': (2.55197, 2.84737)}",2,7.31,10,[Online] CT,"[1, 2547, 3921, 4319, 4443, 4505, 4553, 4554, 4556]",feature_8 <= 0.738 AND feature_1 <= 0.91756 AND feature_0 > 0.29397 AND feature_0 > 1.31797 AND feature_0 > 2.10483 AND feature_1 > 0.12067 AND feature_0 > 2.43544 AND feature_1 > 0.82772 AND feature_0 <= 2.84737 AND feature_0 > 2.55197 AND feature_1 > 0.86308,3.889,3.891,OptRes,[Online] CT OptRes,0.002,6.19,6.192,6476,30,0.0,5,3.421,0.002000000000000224,1000000
6473,feature_1 > 0.91756 AND feature_1 > 1.09482 AND feature_0 > 0.28090 AND feature_0 > 0.38011 AND feature_1 <= 3.64649 AND feature_0 > 0.98344 AND feature_0 > 2.51771 AND feature_1 > 2.01781 AND feature_1 <= 2.51875 AND feature_1 <= 2.17715,"{'feature_1': (2.01781, 2.17715), 'feature_0': (2.51771, 5.091)}",2,7.292,10,[Online] CT,"[4560, 5298, 5962, 6142, 6143, 6313, 6447, 6471, 6472]",feature_8 <= 0.738 AND feature_1 > 0.91756 AND feature_1 > 1.09482 AND feature_0 > 0.28090 AND feature_0 > 0.38011 AND feature_1 <= 3.64649 AND feature_0 > 0.98344 AND feature_0 > 2.51771 AND feature_1 > 2.01781 AND feature_1 <= 2.51875 AND feature_1 <= 2.17715,5.078,5.065,OptRes,[Online] CT OptRes,0.002,6.19,6.192,6476,22,0.0,5,2.2139999999999995,0.0129999999999999,1000000
3787,feature_1 <= 0.91756 AND feature_0 > 0.29397 AND feature_0 <= 1.31797 AND feature_1 > -0.48614 AND feature_0 > 0.71260 AND feature_1 > 0.28464 AND feature_1 > 0.68647 AND feature_0 <= 0.88533 AND feature_1 <= 0.76456 AND feature_0 <= 0.73252 AND feature_1 > 0.74890,"{'feature_1': (0.7489, 0.76456), 'feature_0': (0.7126, 0.73252)}",2,6.896,11,[Online] CT,"[1, 2547, 2548, 3066, 3500, 3692, 3780, 3781, 3782, 3783]",feature_8 <= 0.738 AND feature_1 <= 0.91756 AND feature_0 > 0.29397 AND feature_0 <= 1.31797 AND feature_1 > -0.48614 AND feature_0 > 0.71260 AND feature_1 > 0.28464 AND feature_1 > 0.68647 AND feature_0 <= 0.88533 AND feature_1 <= 0.76456 AND feature_0 <= 0.73252 AND feature_1 > 0.74890,1.865,1.864,OptRes,[Online] CT OptRes,0.002,6.19,6.192,6476,23,0.0,5,5.031,0.0009999999999998899,1000000
6476,feature_1 > 0.91756 AND feature_1 > 1.09482 AND feature_0 > 0.28090 AND feature_0 > 0.38011 AND feature_1 > 3.64649,"{'feature_1': (3.64649, 4.796), 'feature_0': (0.38011, 5.091)}",2,7.616,5,[Online] CT,"[4560, 5298, 5962, 6142]",feature_8 <= 0.738 AND feature_1 > 0.91756 AND feature_1 > 1.09482 AND feature_0 > 0.28090 AND feature_0 > 0.38011 AND feature_1 > 3.64649,4.895,4.948,ResOve,[Online] CT ResOve,0.527,6.19,6.7170000000000005,6476,30,0.0,5,2.721,0.053000000000000824,1000000
24,feature_1 <= 0.91756 AND feature_0 <= 0.29397 AND feature_0 <= -0.56000 AND feature_0 <= -1.29825 AND feature_0 <= -1.53484 AND feature_0 <= -2.82286 AND feature_0 <= -3.09574 AND feature_1 > -0.56561 AND feature_0 <= -3.55274 AND feature_0 <= -3.63247 AND feature_1 <= -0.05062,"{'feature_1': (-0.56561, -0.05062), 'feature_0': (-4.787, -3.63247)}",2,6.78,11,[Online] CT,"[1, 2, 3, 4, 5, 6, 7, 21, 22, 23]",feature_8 <= 0.738 AND feature_1 <= 0.91756 AND feature_0 <= 0.29397 AND feature_0 <= -0.56000 AND feature_0 <= -1.29825 AND feature_0 <= -1.53484 AND feature_0 <= -2.82286 AND feature_0 <= -3.09574 AND feature_1 > -0.56561 AND feature_0 <= -3.55274 AND feature_0 <= -3.63247 AND feature_1 <= -0.05062,3.306,3.316,ResOve,[Online] CT ResOve,0.527,6.19,6.7170000000000005,6476,20,0.0,5,3.474,0.009999999999999787,1000000
6475,feature_1 > 0.91756 AND feature_1 > 1.09482 AND feature_0 > 0.28090 AND feature_0 > 0.38011 AND feature_1 <= 3.64649 AND feature_0 > 0.98344 AND feature_0 > 2.51771 AND feature_1 > 2.01781 AND feature_1 > 2.51875,"{'feature_1': (2.51875, 3.64649), 'feature_0': (2.51771, 5.091)}",2,6.647,9,[Online] CT,"[4560, 5298, 5962, 6142, 6143, 6313, 6447, 6471]",feature_8 <= 0.738 AND feature_1 > 0.91756 AND feature_1 > 1.09482 AND feature_0 > 0.28090 AND feature_0 > 0.38011 AND feature_1 <= 3.64649 AND feature_0 > 0.98344 AND feature_0 > 2.51771 AND feature_1 > 2.01781 AND feature_1 > 2.51875,5.721,5.759,ResOve,[Online] CT ResOve,0.527,6.19,6.7170000000000005,6476,22,0.0,5,0.9260000000000002,0.038000000000000256,1000000
6473,feature_1 > 0.91756 AND feature_1 > 1.09482 AND feature_0 > 0.28090 AND feature_0 > 0.38011 AND feature_1 <= 3.64649 AND feature_0 > 0.98344 AND feature_0 > 2.51771 AND feature_1 > 2.01781 AND feature_1 <= 2.51875 AND feature_1 <= 2.17715,"{'feature_1': (2.01781, 2.17715), 'feature_0': (2.51771, 5.091)}",2,7.292,10,[Online] CT,"[4560, 5298, 5962, 6142, 6143, 6313, 6447, 6471, 6472]",feature_8 <= 0.738 AND feature_1 > 0.91756 AND feature_1 > 1.09482 AND feature_0 > 0.28090 AND feature_0 > 0.38011 AND feature_1 <= 3.64649 AND feature_0 > 0.98344 AND feature_0 > 2.51771 AND feature_1 > 2.01781 AND feature_1 <= 2.51875 AND feature_1 <= 2.17715,5.078,5.065,ResOve,[Online] CT ResOve,0.527,6.19,6.7170000000000005,6476,22,0.0,5,2.2139999999999995,0.0129999999999999,1000000
3787,feature_1 <= 0.91756 AND feature_0 > 0.29397 AND feature_0 <= 1.31797 AND feature_1 > -0.48614 AND feature_0 > 0.71260 AND feature_1 > 0.28464 AND feature_1 > 0.68647 AND feature_0 <= 0.88533 AND feature_1 <= 0.76456 AND feature_0 <= 0.73252 AND feature_1 > 0.74890,"{'feature_1': (0.7489, 0.76456), 'feature_0': (0.7126, 0.73252)}",2,6.896,11,[Online] CT,"[1, 2547, 2548, 3066, 3500, 3692, 3780, 3781, 3782, 3783]",feature_8 <= 0.738 AND feature_1 <= 0.91756 AND feature_0 > 0.29397 AND feature_0 <= 1.31797 AND feature_1 > -0.48614 AND feature_0 > 0.71260 AND feature_1 > 0.28464 AND feature_1 > 0.68647 AND feature_0 <= 0.88533 AND feature_1 <= 0.76456 AND feature_0 <= 0.73252 AND feature_1 > 0.74890,1.865,1.864,ResOve,[Online] CT ResOve,0.527,6.19,6.7170000000000005,6476,23,0.0,5,5.031,0.0009999999999998899,1000000
3787,feature_1 <= 0.91756 AND feature_0 > 0.29397 AND feature_0 <= 1.31797 AND feature_1 > -0.48614 AND feature_0 > 0.71260 AND feature_1 > 0.28464 AND feature_1 > 0.68647 AND feature_0 <= 0.88533 AND feature_1 <= 0.76456 AND feature_0 <= 0.73252 AND feature_1 > 0.74890,"{'feature_1': (0.7489, 0.76456), 'feature_0': (0.7126, 0.73252)}",2,6.896,11,[Online] CT,"[1, 2547, 2548, 3066, 3500, 3692, 3780, 3781, 3782, 3783]",feature_8 <= 0.738 AND feature_1 <= 0.91756 AND feature_0 > 0.29397 AND feature_0 <= 1.31797 AND feature_1 > -0.48614 AND feature_0 > 0.71260 AND feature_1 > 0.28464 AND feature_1 > 0.68647 AND feature_0 <= 0.88533 AND feature_1 <= 0.76456 AND feature_0 <= 0.73252 AND feature_1 > 0.74890,1.865,1.864,NoOve,[Online] CT NoOve,0.002,6.19,6.192,6476,23,0.0,5,5.031,0.0009999999999998899,1000000
6457,feature_1 > 0.91756 AND feature_1 > 1.09482 AND feature_0 > 0.28090 AND feature_0 > 0.38011 AND feature_1 <= 3.64649 AND feature_0 > 0.98344 AND feature_0 > 2.51771 AND feature_1 <= 2.01781 AND feature_0 > 2.54606 AND feature_1 <= 1.25765 AND feature_1 > 1.21747,"{'feature_1': (1.21747, 1.25765), 'feature_0': (2.54606, 5.091)}",2,6.808,11,[Online] CT,"[4560, 5298, 5962, 6142, 6143, 6313, 6447, 6448, 6450, 6451]",feature_8 <= 0.738 AND feature_1 > 0.91756 AND feature_1 > 1.09482 AND feature_0 > 0.28090 AND feature_0 > 0.38011 AND feature_1 <= 3.64649 AND feature_0 > 0.98344 AND feature_0 > 2.51771 AND feature_1 <= 2.01781 AND feature_0 > 2.54606 AND feature_1 <= 1.25765 AND feature_1 > 1.21747,4.378,4.402,NoOve,[Online] CT NoOve,0.002,6.19,6.192,6476,36,0.0,5,2.4299999999999997,0.02400000000000002,1000000
24,feature_1 <= 0.91756 AND feature_0 <= 0.29397 AND feature_0 <= -0.56000 AND feature_0 <= -1.29825 AND feature_0 <= -1.53484 AND feature_0 <= -2.82286 AND feature_0 <= -3.09574 AND feature_1 > -0.56561 AND feature_0 <= -3.55274 AND feature_0 <= -3.63247 AND feature_1 <= -0.05062,"{'feature_1': (-0.56561, -0.05062), 'feature_0': (-4.787, -3.63247)}",2,6.78,11,[Online] CT,"[1, 2, 3, 4, 5, 6, 7, 21, 22, 23]",feature_8 <= 0.738 AND feature_1 <= 0.91756 AND feature_0 <= 0.29397 AND feature_0 <= -0.56000 AND feature_0 <= -1.29825 AND feature_0 <= -1.53484 AND feature_0 <= -2.82286 AND feature_0 <= -3.09574 AND feature_1 > -0.56561 AND feature_0 <= -3.55274 AND feature_0 <= -3.63247 AND feature_1 <= -0.05062,3.306,3.316,NoOve,[Online] CT NoOve,0.002,6.19,6.192,6476,20,0.0,5,3.474,0.009999999999999787,1000000
4551,feature_1 <= 0.91756 AND feature_0 > 0.29397 AND feature_0 > 1.31797 AND feature_0 > 2.10483 AND feature_1 > 0.12067 AND feature_0 > 2.43544 AND feature_1 <= 0.82772 AND feature_0 > 2.60833 AND feature_1 > 0.19573 AND feature_0 > 3.31085 AND feature_1 <= 0.47230,"{'feature_1': (0.19573, 0.4723), 'feature_0': (3.31085, 5.091)}",2,6.499,11,[Online] CT,"[1, 2547, 3921, 4319, 4443, 4505, 4506, 4526, 4532, 4550]",feature_8 <= 0.738 AND feature_1 <= 0.91756 AND feature_0 > 0.29397 AND feature_0 > 1.31797 AND feature_0 > 2.10483 AND feature_1 > 0.12067 AND feature_0 > 2.43544 AND feature_1 <= 0.82772 AND feature_0 > 2.60833 AND feature_1 > 0.19573 AND feature_0 > 3.31085 AND feature_1 <= 0.47230,4.45,4.449,NoOve,[Online] CT NoOve,0.002,6.19,6.192,6476,40,0.0,5,2.0489999999999995,0.001000000000000334,1000000
6410,feature_1 > 0.91756 AND feature_1 > 1.09482 AND feature_0 > 0.28090 AND feature_0 > 0.38011 AND feature_1 <= 3.64649 AND feature_0 > 0.98344 AND feature_0 <= 2.51771 AND feature_1 > 1.66982 AND feature_0 <= 1.00796 AND feature_1 > 1.95897 AND feature_1 <= 2.15370,"{'feature_1': (1.95897, 2.1537), 'feature_0': (0.98344, 1.00796)}",2,5.988,11,[Online] CT,"[4560, 5298, 5962, 6142, 6143, 6313, 6314, 6402, 6403, 6409]",feature_8 <= 0.738 AND feature_1 > 0.91756 AND feature_1 > 1.09482 AND feature_0 > 0.28090 AND feature_0 > 0.38011 AND feature_1 <= 3.64649 AND feature_0 > 0.98344 AND feature_0 <= 2.51771 AND feature_1 > 1.66982 AND feature_0 <= 1.00796 AND feature_1 > 1.95897 AND feature_1 <= 2.15370,3.16,3.157,NoOve,[Online] CT NoOve,0.002,6.19,6.192,6476,50,0.0,5,2.8280000000000003,0.0030000000000001137,1000000
2650,feature_1 <= 0.91756 AND feature_0 > 0.29397 AND feature_0 <= 1.31797 AND feature_1 <= -0.48614 AND feature_0 <= 0.78381 AND feature_0 <= 0.46077 AND feature_1 > -1.45175 AND feature_1 <= -0.48862 AND feature_1 <= -0.54025 AND feature_1 <= -0.62619 AND feature_0 > 0.29475 AND feature_0 > 0.41961,"{'feature_1': (-1.45175, -0.62619), 'feature_0': (0.41961, 0.46077)}",2,0.755,12,[Online] CT,"[1, 2547, 2548, 2549, 2550, 2551, 2637, 2638, 2639, 2640, 2642]",feature_8 <= 0.738 AND feature_1 <= 0.91756 AND feature_0 > 0.29397 AND feature_0 <= 1.31797 AND feature_1 <= -0.48614 AND feature_0 <= 0.78381 AND feature_0 <= 0.46077 AND feature_1 > -1.45175 AND feature_1 <= -0.48862 AND feature_1 <= -0.54025 AND feature_1 <= -0.62619 AND feature_0 > 0.29475 AND feature_0 > 0.41961,0.764,0.762,Random,[Online] CT Random,0.0,6.19,6.19,6476,2221,0.0,5,0.009000000000000008,0.0020000000000000018,1000000
4346,feature_1 <= 0.91756 AND feature_0 > 0.29397 AND feature_0 > 1.31797 AND feature_0 > 2.10483 AND feature_1 <= 0.12067 AND feature_0 > 2.10652 AND feature_0 > 2.10882 AND feature_1 <= -1.12967 AND feature_0 <= 2.74037 AND feature_1 > -2.16411 AND feature_1 > -2.08773 AND feature_1 <= -1.39949 AND feature_0 > 2.58754 AND feature_0 <= 2.63810,"{'feature_1': (-2.08773, -1.39949), 'feature_0': (2.58754, 2.6381)}",2,0.249,14,[Online] CT,"[1, 2547, 3921, 4319, 4320, 4322, 4324, 4325, 4326, 4336, 4338, 4339, 4345]",feature_8 <= 0.738 AND feature_1 <= 0.91756 AND feature_0 > 0.29397 AND feature_0 > 1.31797 AND feature_0 > 2.10483 AND feature_1 <= 0.12067 AND feature_0 > 2.10652 AND feature_0 > 2.10882 AND feature_1 <= -1.12967 AND feature_0 <= 2.74037 AND feature_1 > -2.16411 AND feature_1 > -2.08773 AND feature_1 <= -1.39949 AND feature_0 > 2.58754 AND feature_0 <= 2.63810,2.789,2.791,Random,[Online] CT Random,0.0,6.19,6.19,6476,34,0.0,5,2.54,0.0019999999999997797,1000000
3365,feature_1 <= 0.91756 AND feature_0 > 0.29397 AND feature_0 <= 1.31797 AND feature_1 > -0.48614 AND feature_0 <= 0.71260 AND feature_1 > -0.07267 AND feature_0 > 0.36918 AND feature_1 <= 0.73222 AND feature_0 <= 0.37042,"{'feature_1': (-0.07267, 0.73222), 'feature_0': (0.36918, 0.37042)}",2,2.525,9,[Online] CT,"[1, 2547, 2548, 3066, 3067, 3303, 3363, 3364]",feature_8 <= 0.738 AND feature_1 <= 0.91756 AND feature_0 > 0.29397 AND feature_0 <= 1.31797 AND feature_1 > -0.48614 AND feature_0 <= 0.71260 AND feature_1 > -0.07267 AND feature_0 > 0.36918 AND feature_1 <= 0.73222 AND feature_0 <= 0.37042,1.253,1.256,Random,[Online] CT Random,0.0,6.19,6.19,6476,116,0.0,5,1.272,0.0030000000000001137,1000000
5722,feature_1 > 0.91756 AND feature_1 > 1.09482 AND feature_0 <= 0.28090 AND feature_1 <= 3.47531 AND feature_0 > -0.27074 AND feature_1 <= 2.44362 AND feature_1 <= 1.30093 AND feature_1 > 1.09597 AND feature_1 <= 1.29963 AND feature_0 <= 0.24048 AND feature_0 > -0.17753 AND feature_1 > 1.24602 AND feature_1 <= 1.29038 AND feature_0 <= 0.18188 AND feature_0 > -0.07011,"{'feature_1': (1.24602, 1.29038), 'feature_0': (-0.07011, 0.18188)}",2,0.882,15,[Online] CT,"[4560, 5298, 5299, 5300, 5686, 5687, 5688, 5690, 5691, 5692, 5704, 5718, 5719, 5720]",feature_8 <= 0.738 AND feature_1 > 0.91756 AND feature_1 > 1.09482 AND feature_0 <= 0.28090 AND feature_1 <= 3.47531 AND feature_0 > -0.27074 AND feature_1 <= 2.44362 AND feature_1 <= 1.30093 AND feature_1 > 1.09597 AND feature_1 <= 1.29963 AND feature_0 <= 0.24048 AND feature_0 > -0.17753 AND feature_1 > 1.24602 AND feature_1 <= 1.29038 AND feature_0 <= 0.18188 AND feature_0 > -0.07011,1.573,1.573,Random,[Online] CT Random,0.0,6.19,6.19,6476,624,0.0,5,0.691,0.0,1000000
4355,feature_1 <= 0.91756 AND feature_0 > 0.29397 AND feature_0 > 1.31797 AND feature_0 > 2.10483 AND feature_1 <= 0.12067 AND feature_0 > 2.10652 AND feature_0 > 2.10882 AND feature_1 <= -1.12967 AND feature_0 <= 2.74037 AND feature_1 > -2.16411 AND feature_1 > -2.08773 AND feature_1 > -1.39949 AND feature_0 <= 2.24290 AND feature_0 > 2.16006 AND feature_1 > -1.21987,"{'feature_1': (-1.21987, -1.12967), 'feature_0': (2.16006, 2.2429)}",2,0.822,15,[Online] CT,"[1, 2547, 3921, 4319, 4320, 4322, 4324, 4325, 4326, 4336, 4338, 4348, 4349, 4353]",feature_8 <= 0.738 AND feature_1 <= 0.91756 AND feature_0 > 0.29397 AND feature_0 > 1.31797 AND feature_0 > 2.10483 AND feature_1 <= 0.12067 AND feature_0 > 2.10652 AND feature_0 > 2.10882 AND feature_1 <= -1.12967 AND feature_0 <= 2.74037 AND feature_1 > -2.16411 AND feature_1 > -2.08773 AND feature_1 > -1.39949 AND feature_0 <= 2.24290 AND feature_0 > 2.16006 AND feature_1 > -1.21987,2.47,2.467,Random,[Online] CT Random,0.0,6.19,6.19,6476,28,0.0,5,1.6480000000000001,0.0030000000000001137,1000000
3834,feature_1 <= 1.04895 AND feature_0 > -0.21848 AND feature_0 > 0.86539 AND feature_0 > 1.33319 AND feature_0 > 2.12149 AND feature_1 > 0.05303 AND feature_0 > 2.45787 AND feature_0 > 2.51927 AND feature_0 > 2.58457 AND feature_1 <= 0.90143 AND feature_1 > 0.67639 AND feature_0 <= 3.24281 AND feature_0 > 2.76868 AND feature_1 <= 0.72349,"{'feature_1': (0.67639, 0.72349), 'feature_0': (2.76868, 3.24281)}",2,8.653,14,[Online] CT,"[1, 1961, 2875, 3335, 3599, 3745, 3791, 3803, 3815, 3816, 3826, 3827, 3833]",feature_4 > -0.238 AND feature_1 <= 1.04895 AND feature_0 > -0.21848 AND feature_0 > 0.86539 AND feature_0 > 1.33319 AND feature_0 > 2.12149 AND feature_1 > 0.05303 AND feature_0 > 2.45787 AND feature_0 > 2.51927 AND feature_0 > 2.58457 AND feature_1 <= 0.90143 AND feature_1 > 0.67639 AND feature_0 <= 3.24281 AND feature_0 > 2.76868 AND feature_1 <= 0.72349,4.04,4.038,OptRes,[Online] CT OptRes,0.002,4.54,4.542,5278,20,0.0,5,4.613,0.0019999999999997797,1000000
5271,feature_1 > 1.04895 AND feature_1 > 1.09882 AND feature_0 > -0.48389 AND feature_1 > 1.73252 AND feature_0 > 0.94527 AND feature_0 > 2.26212 AND feature_1 <= 2.68193 AND feature_0 <= 3.03772 AND feature_1 > 1.78324 AND feature_1 <= 2.40542 AND feature_1 <= 2.26262 AND feature_0 <= 2.32840,"{'feature_1': (1.78324, 2.26262), 'feature_0': (2.26212, 2.3284)}",2,8.302,12,[Online] CT,"[3842, 4162, 4544, 5018, 5198, 5264, 5265, 5266, 5268, 5269, 5270]",feature_4 > -0.238 AND feature_1 > 1.04895 AND feature_1 > 1.09882 AND feature_0 > -0.48389 AND feature_1 > 1.73252 AND feature_0 > 0.94527 AND feature_0 > 2.26212 AND feature_1 <= 2.68193 AND feature_0 <= 3.03772 AND feature_1 > 1.78324 AND feature_1 <= 2.40542 AND feature_1 <= 2.26262 AND feature_0 <= 2.32840,4.416,4.441,OptRes,[Online] CT OptRes,0.002,4.54,4.542,5278,20,0.0,5,3.8859999999999992,0.024999999999999467,1000000
5184,feature_1 > 1.04895 AND feature_1 > 1.09882 AND feature_0 > -0.48389 AND feature_1 > 1.73252 AND feature_0 <= 0.94527 AND feature_1 > 2.12382 AND feature_0 > -0.04985 AND feature_1 > 2.58993 AND feature_0 > 0.15444 AND feature_1 <= 2.97709 AND feature_0 <= 0.87896 AND feature_1 > 2.85406 AND feature_0 > 0.32400 AND feature_1 <= 2.89524,"{'feature_1': (2.85406, 2.89524), 'feature_0': (0.324, 0.87896)}",2,7.799,14,[Online] CT,"[3842, 4162, 4544, 5018, 5019, 5091, 5119, 5153, 5169, 5170, 5171, 5181, 5183]",feature_4 > -0.238 AND feature_1 > 1.04895 AND feature_1 > 1.09882 AND feature_0 > -0.48389 AND feature_1 > 1.73252 AND feature_0 <= 0.94527 AND feature_1 > 2.12382 AND feature_0 > -0.04985 AND feature_1 > 2.58993 AND feature_0 > 0.15444 AND feature_1 <= 2.97709 AND feature_0 <= 0.87896 AND feature_1 > 2.85406 AND feature_0 > 0.32400 AND feature_1 <= 2.89524,3.481,3.461,OptRes,[Online] CT OptRes,0.002,4.54,4.542,5278,24,0.0,5,4.3180000000000005,0.020000000000000018,1000000
5267,feature_1 > 1.04895 AND feature_1 > 1.09882 AND feature_0 > -0.48389 AND feature_1 > 1.73252 AND feature_0 > 0.94527 AND feature_0 > 2.26212 AND feature_1 <= 2.68193 AND feature_0 <= 3.03772 AND feature_1 <= 1.78324,"{'feature_1': (1.73252, 1.78324), 'feature_0': (2.26212, 3.03772)}",2,7.656,9,[Online] CT,"[3842, 4162, 4544, 5018, 5198, 5264, 5265, 5266]",feature_4 > -0.238 AND feature_1 > 1.04895 AND feature_1 > 1.09882 AND feature_0 > -0.48389 AND feature_1 > 1.73252 AND feature_0 > 0.94527 AND feature_0 > 2.26212 AND feature_1 <= 2.68193 AND feature_0 <= 3.03772 AND feature_1 <= 1.78324,4.386,4.37,OptRes,[Online] CT OptRes,0.002,4.54,4.542,5278,32,0.0,5,3.2699999999999996,0.016000000000000014,1000000
3570,feature_1 <= 1.04895 AND feature_0 > -0.21848 AND feature_0 > 0.86539 AND feature_0 > 1.33319 AND feature_0 <= 2.12149 AND feature_1 > -0.10998 AND feature_0 > 1.55073 AND feature_1 > 0.91519 AND feature_1 <= 1.03297 AND feature_1 <= 1.01863 AND feature_1 <= 0.93946 AND feature_0 > 1.75553 AND feature_0 <= 1.80476,"{'feature_1': (0.91519, 0.93946), 'feature_0': (1.75553, 1.80476)}",2,7.647,13,[Online] CT,"[1, 1961, 2875, 3335, 3336, 3428, 3498, 3562, 3563, 3564, 3565, 3569]",feature_4 > -0.238 AND feature_1 <= 1.04895 AND feature_0 > -0.21848 AND feature_0 > 0.86539 AND feature_0 > 1.33319 AND feature_0 <= 2.12149 AND feature_1 > -0.10998 AND feature_0 > 1.55073 AND feature_1 > 0.91519 AND feature_1 <= 1.03297 AND feature_1 <= 1.01863 AND feature_1 <= 0.93946 AND feature_0 > 1.75553 AND feature_0 <= 1.80476,3.041,3.041,OptRes,[Online] CT OptRes,0.002,4.54,4.542,5278,21,0.0,5,4.606,0.0,1000000
3655,feature_1 <= 1.04895 AND feature_0 > -0.21848 AND feature_0 > 0.86539 AND feature_0 > 1.33319 AND feature_0 > 2.12149 AND feature_1 <= 0.05303 AND feature_0 <= 2.74620 AND feature_1 <= -0.63387 AND feature_0 <= 2.72342 AND feature_1 > -1.45088 AND feature_0 > 2.15088 AND feature_1 > -0.84487 AND feature_0 <= 2.26258 AND feature_0 > 2.19498 AND feature_1 <= -0.77510,"{'feature_1': (-0.84487, -0.7751), 'feature_0': (2.19498, 2.26258)}",2,6.888,15,[Online] CT,"[1, 1961, 2875, 3335, 3599, 3600, 3601, 3602, 3603, 3629, 3637, 3649, 3650, 3654]",feature_4 > -0.238 AND feature_1 <= 1.04895 AND feature_0 > -0.21848 AND feature_0 > 0.86539 AND feature_0 > 1.33319 AND feature_0 > 2.12149 AND feature_1 <= 0.05303 AND feature_0 <= 2.74620 AND feature_1 <= -0.63387 AND feature_0 <= 2.72342 AND feature_1 > -1.45088 AND feature_0 > 2.15088 AND feature_1 > -0.84487 AND feature_0 <= 2.26258 AND feature_0 > 2.19498 AND feature_1 <= -0.77510,2.595,2.597,ResOve,[Online] CT ResOve,1.029,4.54,5.569,5278,23,0.0,5,4.292999999999999,0.0019999999999997797,1000000
3420,feature_1 <= 1.04895 AND feature_0 > -0.21848 AND feature_0 > 0.86539 AND feature_0 > 1.33319 AND feature_0 <= 2.12149 AND feature_1 <= -0.10998 AND feature_1 > -0.82250 AND feature_1 > -0.81061 AND feature_0 <= 2.11671 AND feature_0 > 2.09019 AND feature_1 <= -0.29329 AND feature_0 <= 2.10166 AND feature_0 > 2.09719,"{'feature_1': (-0.81061, -0.29329), 'feature_0': (2.09719, 2.10166)}",2,6.885,13,[Online] CT,"[1, 1961, 2875, 3335, 3336, 3337, 3383, 3391, 3392, 3416, 3417, 3418]",feature_4 > -0.238 AND feature_1 <= 1.04895 AND feature_0 > -0.21848 AND feature_0 > 0.86539 AND feature_0 > 1.33319 AND feature_0 <= 2.12149 AND feature_1 <= -0.10998 AND feature_1 > -0.82250 AND feature_1 > -0.81061 AND feature_0 <= 2.11671 AND feature_0 > 2.09019 AND feature_1 <= -0.29329 AND feature_0 <= 2.10166 AND feature_0 > 2.09719,2.555,2.561,ResOve,[Online] CT ResOve,1.029,4.54,5.569,5278,24,0.0,5,4.33,0.005999999999999783,1000000
5176,feature_1 > 1.04895 AND feature_1 > 1.09882 AND feature_0 > -0.48389 AND feature_1 > 1.73252 AND feature_0 <= 0.94527 AND feature_1 > 2.12382 AND feature_0 > -0.04985 AND feature_1 > 2.58993 AND feature_0 > 0.15444 AND feature_1 <= 2.97709 AND feature_0 <= 0.87896 AND feature_1 <= 2.85406 AND feature_0 <= 0.81304 AND feature_1 <= 2.62338 AND feature_1 > 2.61137,"{'feature_1': (2.61137, 2.62338), 'feature_0': (0.15444, 0.81304)}",2,6.703,15,[Online] CT,"[3842, 4162, 4544, 5018, 5019, 5091, 5119, 5153, 5169, 5170, 5171, 5172, 5173, 5174]",feature_4 > -0.238 AND feature_1 > 1.04895 AND feature_1 > 1.09882 AND feature_0 > -0.48389 AND feature_1 > 1.73252 AND feature_0 <= 0.94527 AND feature_1 > 2.12382 AND feature_0 > -0.04985 AND feature_1 > 2.58993 AND feature_0 > 0.15444 AND feature_1 <= 2.97709 AND feature_0 <= 0.87896 AND feature_1 <= 2.85406 AND feature_0 <= 0.81304 AND feature_1 <= 2.62338 AND feature_1 > 2.61137,3.155,3.148,ResOve,[Online] CT ResOve,1.029,4.54,5.569,5278,20,0.0,5,3.5480000000000005,0.006999999999999673,1000000
3799,feature_1 <= 1.04895 AND feature_0 > -0.21848 AND feature_0 > 0.86539 AND feature_0 > 1.33319 AND feature_0 > 2.12149 AND feature_1 > 0.05303 AND feature_0 > 2.45787 AND feature_0 <= 2.51927 AND feature_1 > 0.50156 AND feature_0 <= 2.47286,"{'feature_1': (0.50156, 1.04895), 'feature_0': (2.45787, 2.47286)}",2,7.37,10,[Online] CT,"[1, 1961, 2875, 3335, 3599, 3745, 3791, 3792, 3798]",feature_4 > -0.238 AND feature_1 <= 1.04895 AND feature_0 > -0.21848 AND feature_0 > 0.86539 AND feature_0 > 1.33319 AND feature_0 > 2.12149 AND feature_1 > 0.05303 AND feature_0 > 2.45787 AND feature_0 <= 2.51927 AND feature_1 > 0.50156 AND feature_0 <= 2.47286,3.6,3.593,ResOve,[Online] CT ResOve,1.029,4.54,5.569,5278,28,0.0,5,3.77,0.007000000000000117,1000000
571,feature_1 <= 1.04895 AND feature_0 <= -0.21848 AND feature_0 <= -1.07193 AND feature_0 > -1.76685 AND feature_1 <= -0.28541 AND feature_0 > -1.47117 AND feature_1 <= -1.17522 AND feature_0 > -1.23332 AND feature_0 > -1.10987 AND feature_0 <= -1.10152 AND feature_1 <= -2.28452,"{'feature_1': (-5.519, -2.28452), 'feature_0': (-1.10987, -1.10152)}",2,6.866,11,[Online] CT,"[1, 2, 3, 373, 374, 492, 493, 549, 569, 570]",feature_4 > -0.238 AND feature_1 <= 1.04895 AND feature_0 <= -0.21848 AND feature_0 <= -1.07193 AND feature_0 > -1.76685 AND feature_1 <= -0.28541 AND feature_0 > -1.47117 AND feature_1 <= -1.17522 AND feature_0 > -1.23332 AND feature_0 > -1.10987 AND feature_0 <= -1.10152 AND feature_1 <= -2.28452,1.031,1.033,ResOve,[Online] CT ResOve,1.029,4.54,5.569,5278,20,0.0,5,5.835,0.0020000000000000018,1000000
5271,feature_1 > 1.04895 AND feature_1 > 1.09882 AND feature_0 > -0.48389 AND feature_1 > 1.73252 AND feature_0 > 0.94527 AND feature_0 > 2.26212 AND feature_1 <= 2.68193 AND feature_0 <= 3.03772 AND feature_1 > 1.78324 AND feature_1 <= 2.40542 AND feature_1 <= 2.26262 AND feature_0 <= 2.32840,"{'feature_1': (1.78324, 2.26262), 'feature_0': (2.26212, 2.3284)}",2,8.302,12,[Online] CT,"[3842, 4162, 4544, 5018, 5198, 5264, 5265, 5266, 5268, 5269, 5270]",feature_4 > -0.238 AND feature_1 > 1.04895 AND feature_1 > 1.09882 AND feature_0 > -0.48389 AND feature_1 > 1.73252 AND feature_0 > 0.94527 AND feature_0 > 2.26212 AND feature_1 <= 2.68193 AND feature_0 <= 3.03772 AND feature_1 > 1.78324 AND feature_1 <= 2.40542 AND feature_1 <= 2.26262 AND feature_0 <= 2.32840,4.416,4.441,NoOve,[Online] CT NoOve,0.002,4.54,4.542,5278,20,0.0,5,3.8859999999999992,0.024999999999999467,1000000
4850,feature_1 > 1.04895 AND feature_1 > 1.09882 AND feature_0 > -0.48389 AND feature_1 <= 1.73252 AND feature_0 > -0.11409 AND feature_0 <= 3.22680 AND feature_1 <= 1.39998 AND feature_0 > 1.15027 AND feature_1 <= 1.22049 AND feature_0 > 2.37606 AND feature_0 <= 2.59442 AND feature_0 <= 2.40315,"{'feature_1': (1.09882, 1.22049), 'feature_0': (2.37606, 2.40315)}",2,7.545,12,[Online] CT,"[3842, 4162, 4544, 4545, 4757, 4758, 4759, 4807, 4808, 4848, 4849]",feature_4 > -0.238 AND feature_1 > 1.04895 AND feature_1 > 1.09882 AND feature_0 > -0.48389 AND feature_1 <= 1.73252 AND feature_0 > -0.11409 AND feature_0 <= 3.22680 AND feature_1 <= 1.39998 AND feature_0 > 1.15027 AND feature_1 <= 1.22049 AND feature_0 > 2.37606 AND feature_0 <= 2.59442 AND feature_0 <= 2.40315,3.824,3.827,NoOve,[Online] CT NoOve,0.002,4.54,4.542,5278,20,0.0,5,3.721,0.0030000000000001137,1000000
3217,feature_1 <= 1.04895 AND feature_0 > -0.21848 AND feature_0 > 0.86539 AND feature_0 <= 1.33319 AND feature_1 > 0.04819 AND feature_1 <= 0.48447 AND feature_0 > 0.86650 AND feature_0 <= 1.32935 AND feature_0 > 0.86785 AND feature_0 <= 1.30294 AND feature_0 > 1.29593 AND feature_1 > 0.38975,"{'feature_1': (0.38975, 0.48447), 'feature_0': (1.29593, 1.30294)}",2,6.932,12,[Online] CT,"[1, 1961, 2875, 2876, 3180, 3181, 3183, 3184, 3186, 3187, 3213]",feature_4 > -0.238 AND feature_1 <= 1.04895 AND feature_0 > -0.21848 AND feature_0 > 0.86539 AND feature_0 <= 1.33319 AND feature_1 > 0.04819 AND feature_1 <= 0.48447 AND feature_0 > 0.86650 AND feature_0 <= 1.32935 AND feature_0 > 0.86785 AND feature_0 <= 1.30294 AND feature_0 > 1.29593 AND feature_1 > 0.38975,2.236,2.238,NoOve,[Online] CT NoOve,0.002,4.54,4.542,5278,26,0.0,5,4.696,0.0019999999999997797,1000000
2177,feature_1 <= 1.04895 AND feature_0 > -0.21848 AND feature_0 <= 0.86539 AND feature_1 <= -0.71708 AND feature_0 <= 0.11902 AND feature_0 > -0.16933 AND feature_1 > -0.80633 AND feature_0 <= 0.11148 AND feature_1 > -0.80067 AND feature_0 <= -0.12406 AND feature_1 <= -0.76401 AND feature_1 > -0.77063,"{'feature_1': (-0.77063, -0.76401), 'feature_0': (-0.16933, -0.12406)}",2,6.288,12,[Online] CT,"[1, 1961, 1962, 1963, 1964, 2052, 2160, 2161, 2169, 2170, 2171]",feature_4 > -0.238 AND feature_1 <= 1.04895 AND feature_0 > -0.21848 AND feature_0 <= 0.86539 AND feature_1 <= -0.71708 AND feature_0 <= 0.11902 AND feature_0 > -0.16933 AND feature_1 > -0.80633 AND feature_0 <= 0.11148 AND feature_1 > -0.80067 AND feature_0 <= -0.12406 AND feature_1 <= -0.76401 AND feature_1 > -0.77063,0.237,0.238,NoOve,[Online] CT NoOve,0.002,4.54,4.542,5278,20,0.0,5,6.051,0.0010000000000000009,1000000
5145,feature_1 > 1.04895 AND feature_1 > 1.09882 AND feature_0 > -0.48389 AND feature_1 > 1.73252 AND feature_0 <= 0.94527 AND feature_1 > 2.12382 AND feature_0 > -0.04985 AND feature_1 <= 2.58993 AND feature_1 <= 2.57048 AND feature_0 <= 0.89702 AND feature_0 > 0.84399 AND feature_0 <= 0.86084,"{'feature_1': (2.12382, 2.57048), 'feature_0': (0.84399, 0.86084)}",2,6.104,12,[Online] CT,"[3842, 4162, 4544, 5018, 5019, 5091, 5119, 5120, 5121, 5122, 5144]",feature_4 > -0.238 AND feature_1 > 1.04895 AND feature_1 > 1.09882 AND feature_0 > -0.48389 AND feature_1 > 1.73252 AND feature_0 <= 0.94527 AND feature_1 > 2.12382 AND feature_0 > -0.04985 AND feature_1 <= 2.58993 AND feature_1 <= 2.57048 AND feature_0 <= 0.89702 AND feature_0 > 0.84399 AND feature_0 <= 0.86084,3.244,3.249,NoOve,[Online] CT NoOve,0.002,4.54,4.542,5278,30,0.0,5,2.86,0.004999999999999893,1000000
2315,feature_1 <= 1.04895 AND feature_0 > -0.21848 AND feature_0 <= 0.86539 AND feature_1 <= -0.71708 AND feature_0 > 0.11902 AND feature_1 <= -1.71855 AND feature_0 > 0.42699 AND feature_1 > -3.19597 AND feature_1 > -2.63802 AND feature_1 > -2.43328 AND feature_0 > 0.57092 AND feature_1 <= -2.00177 AND feature_0 <= 0.70748 AND feature_1 <= -2.11771,"{'feature_1': (-2.43328, -2.11771), 'feature_0': (0.57092, 0.70748)}",2,0.423,14,[Online] CT,"[1, 1961, 1962, 1963, 2211, 2212, 2258, 2260, 2274, 2290, 2312, 2313, 2314]",feature_4 > -0.238 AND feature_1 <= 1.04895 AND feature_0 > -0.21848 AND feature_0 <= 0.86539 AND feature_1 <= -0.71708 AND feature_0 > 0.11902 AND feature_1 <= -1.71855 AND feature_0 > 0.42699 AND feature_1 > -3.19597 AND feature_1 > -2.63802 AND feature_1 > -2.43328 AND feature_0 > 0.57092 AND feature_1 <= -2.00177 AND feature_0 <= 0.70748 AND feature_1 <= -2.11771,0.739,0.739,Random,[Online] CT Random,0.0,4.54,4.54,5278,266,0.0,5,0.316,0.0,1000000
3494,feature_1 <= 1.04895 AND feature_0 > -0.21848 AND feature_0 > 0.86539 AND feature_0 > 1.33319 AND feature_0 <= 2.12149 AND feature_1 > -0.10998 AND feature_0 <= 1.55073 AND feature_1 > 0.81946 AND feature_0 > 1.33807 AND feature_1 <= 1.03646 AND feature_0 > 1.51603 AND feature_1 <= 0.99159 AND feature_1 > 0.84680 AND feature_0 > 1.52699 AND feature_1 <= 0.93771,"{'feature_1': (0.8468, 0.93771), 'feature_0': (1.52699, 1.55073)}",2,4.154,15,[Online] CT,"[1, 1961, 2875, 3335, 3336, 3428, 3429, 3473, 3475, 3476, 3488, 3489, 3491, 3493]",feature_4 > -0.238 AND feature_1 <= 1.04895 AND feature_0 > -0.21848 AND feature_0 > 0.86539 AND feature_0 > 1.33319 AND feature_0 <= 2.12149 AND feature_1 > -0.10998 AND feature_0 <= 1.55073 AND feature_1 > 0.81946 AND feature_0 > 1.33807 AND feature_1 <= 1.03646 AND feature_0 > 1.51603 AND feature_1 <= 0.99159 AND feature_1 > 0.84680 AND feature_0 > 1.52699 AND feature_1 <= 0.93771,2.778,2.779,Random,[Online] CT Random,0.0,4.54,4.54,5278,42,0.0,5,1.376,0.0009999999999998899,1000000
4655,feature_1 > 1.04895 AND feature_1 > 1.09882 AND feature_0 > -0.48389 AND feature_1 <= 1.73252 AND feature_0 <= -0.11409 AND feature_1 > 1.34151 AND feature_1 <= 1.64912 AND feature_0 <= -0.34320 AND feature_0 <= -0.34612 AND feature_1 > 1.35354 AND feature_0 <= -0.35203 AND feature_0 > -0.48058 AND feature_1 <= 1.54188,"{'feature_1': (1.35354, 1.54188), 'feature_0': (-0.48058, -0.35203)}",2,1.827,13,[Online] CT,"[3842, 4162, 4544, 4545, 4546, 4644, 4645, 4646, 4647, 4651, 4652, 4654]",feature_4 > -0.238 AND feature_1 > 1.04895 AND feature_1 > 1.09882 AND feature_0 > -0.48389 AND feature_1 <= 1.73252 AND feature_0 <= -0.11409 AND feature_1 > 1.34151 AND feature_1 <= 1.64912 AND feature_0 <= -0.34320 AND feature_0 <= -0.34612 AND feature_1 > 1.35354 AND feature_0 <= -0.35203 AND feature_0 > -0.48058 AND feature_1 <= 1.54188,1.241,1.242,Random,[Online] CT Random,0.0,4.54,4.54,5278,744,0.0,5,0.5859999999999999,0.0009999999999998899,1000000
404,feature_1 <= 1.04895 AND feature_0 <= -0.21848 AND feature_0 <= -1.07193 AND feature_0 > -1.76685 AND feature_1 <= -0.28541 AND feature_0 <= -1.47117 AND feature_1 <= -1.32707 AND feature_1 <= -1.36214 AND feature_0 <= -1.48113 AND feature_1 <= -1.37024 AND feature_1 > -1.42077 AND feature_0 <= -1.59567,"{'feature_1': (-1.42077, -1.37024), 'feature_0': (-1.76685, -1.59567)}",2,1.156,12,[Online] CT,"[1, 2, 3, 373, 374, 375, 376, 377, 378, 379, 403]",feature_4 > -0.238 AND feature_1 <= 1.04895 AND feature_0 <= -0.21848 AND feature_0 <= -1.07193 AND feature_0 > -1.76685 AND feature_1 <= -0.28541 AND feature_0 <= -1.47117 AND feature_1 <= -1.32707 AND feature_1 <= -1.36214 AND feature_0 <= -1.48113 AND feature_1 <= -1.37024 AND feature_1 > -1.42077 AND feature_0 <= -1.59567,1.455,1.456,Random,[Online] CT Random,0.0,4.54,4.54,5278,78,0.0,5,0.29900000000000015,0.0009999999999998899,1000000
4202,feature_1 > 1.04895 AND feature_1 > 1.09882 AND feature_0 <= -0.48389 AND feature_0 <= -2.01451 AND feature_1 <= 2.29065 AND feature_1 > 1.33182 AND feature_1 <= 1.43384 AND feature_0 > -2.58967 AND feature_1 > 1.36020 AND feature_0 > -2.09892,"{'feature_1': (1.3602, 1.43384), 'feature_0': (-2.09892, -2.01451)}",2,0.057,10,[Online] CT,"[3842, 4162, 4163, 4164, 4165, 4193, 4194, 4196, 4198]",feature_4 > -0.238 AND feature_1 > 1.04895 AND feature_1 > 1.09882 AND feature_0 <= -0.48389 AND feature_0 <= -2.01451 AND feature_1 <= 2.29065 AND feature_1 > 1.33182 AND feature_1 <= 1.43384 AND feature_0 > -2.58967 AND feature_1 > 1.36020 AND feature_0 > -2.09892,0.438,0.444,Random,[Online] CT Random,0.0,4.54,4.54,5278,30,0.0,5,0.381,0.006000000000000005,1000000
4085,feature_1 <= 0.99577 AND feature_0 > -0.14024 AND feature_0 > 0.84251 AND feature_0 > 1.54772 AND feature_0 <= 2.11397 AND feature_1 > -0.10222 AND feature_0 <= 2.03645 AND feature_1 <= 0.62695 AND feature_1 > 0.31878 AND feature_0 <= 2.02949 AND feature_0 > 1.57343 AND feature_0 <= 1.61067 AND feature_1 > 0.53264 AND feature_0 <= 1.58096,"{'feature_1': (0.53264, 0.62695), 'feature_0': (1.57343, 1.58096)}",2,7.988,14,[Online] CT,"[1, 2051, 3305, 3895, 3896, 4006, 4007, 4008, 4064, 4065, 4075, 4076, 4084]",feature_4 > -0.504 AND feature_1 <= 0.99577 AND feature_0 > -0.14024 AND feature_0 > 0.84251 AND feature_0 > 1.54772 AND feature_0 <= 2.11397 AND feature_1 > -0.10222 AND feature_0 <= 2.03645 AND feature_1 <= 0.62695 AND feature_1 > 0.31878 AND feature_0 <= 2.02949 AND feature_0 > 1.57343 AND feature_0 <= 1.61067 AND feature_1 > 0.53264 AND feature_0 <= 1.58096,2.606,2.605,OptRes,[Online] CT OptRes,0.002,5.32,5.322,6658,21,0.0,5,5.382000000000001,0.0009999999999998899,1000000
4462,feature_1 <= 0.99577 AND feature_0 > -0.14024 AND feature_0 > 0.84251 AND feature_0 > 1.54772 AND feature_0 > 2.11397 AND feature_1 > 0.18649 AND feature_0 > 2.45167 AND feature_0 <= 2.47080 AND feature_0 > 2.46176,"{'feature_1': (0.18649, 0.99577), 'feature_0': (2.46176, 2.4708)}",2,7.959,9,[Online] CT,"[1, 2051, 3305, 3895, 4217, 4367, 4459, 4460]",feature_4 > -0.504 AND feature_1 <= 0.99577 AND feature_0 > -0.14024 AND feature_0 > 0.84251 AND feature_0 > 1.54772 AND feature_0 > 2.11397 AND feature_1 > 0.18649 AND feature_0 > 2.45167 AND feature_0 <= 2.47080 AND feature_0 > 2.46176,3.501,3.483,OptRes,[Online] CT OptRes,0.002,5.32,5.322,6658,32,0.0,5,4.458,0.017999999999999794,1000000
84,feature_1 <= 0.99577 AND feature_0 <= -0.14024 AND feature_0 <= -1.08265 AND feature_0 <= -1.59228 AND feature_0 <= -2.25036 AND feature_0 > -2.97786 AND feature_1 <= -0.14571 AND feature_1 > -0.25398 AND feature_0 <= -2.52651 AND feature_1 <= -0.22893,"{'feature_1': (-0.25398, -0.22893), 'feature_0': (-2.97786, -2.52651)}",2,7.707,10,[Online] CT,"[1, 2, 3, 4, 5, 53, 54, 82, 83]",feature_4 > -0.504 AND feature_1 <= 0.99577 AND feature_0 <= -0.14024 AND feature_0 <= -1.08265 AND feature_0 <= -1.59228 AND feature_0 <= -2.25036 AND feature_0 > -2.97786 AND feature_1 <= -0.14571 AND feature_1 > -0.25398 AND feature_0 <= -2.52651 AND feature_1 <= -0.22893,2.122,2.127,OptRes,[Online] CT OptRes,0.002,5.32,5.322,6658,26,0.0,5,5.585,0.004999999999999893,1000000
3875,feature_1 <= 0.99577 AND feature_0 > -0.14024 AND feature_0 > 0.84251 AND feature_0 <= 1.54772 AND feature_1 > -0.06058 AND feature_1 > 0.78007 AND feature_0 <= 1.52940 AND feature_1 <= 0.99340 AND feature_1 > 0.93954 AND feature_1 <= 0.98988 AND feature_0 > 0.85840 AND feature_0 <= 1.20441 AND feature_0 > 1.00761 AND feature_1 > 0.98044 AND feature_0 <= 1.07736,"{'feature_1': (0.98044, 0.98988), 'feature_0': (1.00761, 1.07736)}",2,7.026,15,[Online] CT,"[1, 2051, 3305, 3306, 3648, 3800, 3801, 3802, 3860, 3861, 3863, 3864, 3870, 3874]",feature_4 > -0.504 AND feature_1 <= 0.99577 AND feature_0 > -0.14024 AND feature_0 > 0.84251 AND feature_0 <= 1.54772 AND feature_1 > -0.06058 AND feature_1 > 0.78007 AND feature_0 <= 1.52940 AND feature_1 <= 0.99340 AND feature_1 > 0.93954 AND feature_1 <= 0.98988 AND feature_0 > 0.85840 AND feature_0 <= 1.20441 AND feature_0 > 1.00761 AND feature_1 > 0.98044 AND feature_0 <= 1.07736,2.343,2.346,OptRes,[Online] CT OptRes,0.002,5.32,5.322,6658,28,0.0,5,4.683,0.0030000000000001137,1000000
6470,feature_1 > 0.99577 AND feature_1 > 1.14386 AND feature_0 > -0.50919 AND feature_0 <= 1.11567 AND feature_1 > 1.78586 AND feature_0 > 0.50132 AND feature_0 > 1.06131 AND feature_0 > 1.06883 AND feature_0 <= 1.08874 AND feature_0 > 1.08350,"{'feature_1': (1.78586, 4.796), 'feature_0': (1.0835, 1.08874)}",2,7.016,10,[Online] CT,"[4504, 5290, 5986, 5987, 6205, 6355, 6463, 6465, 6466]",feature_4 > -0.504 AND feature_1 > 0.99577 AND feature_1 > 1.14386 AND feature_0 > -0.50919 AND feature_0 <= 1.11567 AND feature_1 > 1.78586 AND feature_0 > 0.50132 AND feature_0 > 1.06131 AND feature_0 > 1.06883 AND feature_0 <= 1.08874 AND feature_0 > 1.08350,3.482,3.375,OptRes,[Online] CT OptRes,0.002,5.32,5.322,6658,20,0.0,5,3.534,0.1070000000000002,1000000
6658,feature_1 > 0.99577 AND feature_1 > 1.14386 AND feature_0 > -0.50919 AND feature_0 > 1.11567 AND feature_0 > 2.52781 AND feature_0 > 2.55885 AND feature_1 > 2.52383,"{'feature_1': (2.52383, 4.796), 'feature_0': (2.55885, 5.091)}",2,6.688,7,[Online] CT,"[4504, 5290, 5986, 6480, 6632, 6634]",feature_4 > -0.504 AND feature_1 > 0.99577 AND feature_1 > 1.14386 AND feature_0 > -0.50919 AND feature_0 > 1.11567 AND feature_0 > 2.52781 AND feature_0 > 2.55885 AND feature_1 > 2.52383,5.76,5.773,ResOve,[Online] CT ResOve,1.019,5.32,6.339,6658,20,0.0,5,0.9279999999999999,0.0129999999999999,1000000
5229,feature_1 > 0.99577 AND feature_1 <= 1.14386 AND feature_0 > 0.48054 AND feature_0 > 0.86792 AND feature_1 > 1.01381 AND feature_0 <= 1.84191 AND feature_0 > 0.87561 AND feature_1 > 1.05867 AND feature_0 <= 1.79538 AND feature_0 <= 1.75977 AND feature_1 <= 1.06633 AND feature_1 > 1.06544,"{'feature_1': (1.06544, 1.06633), 'feature_0': (0.87561, 1.75977)}",2,6.873,12,[Online] CT,"[4504, 4505, 5001, 5139, 5171, 5172, 5174, 5218, 5219, 5220, 5221]",feature_4 > -0.504 AND feature_1 > 0.99577 AND feature_1 <= 1.14386 AND feature_0 > 0.48054 AND feature_0 > 0.86792 AND feature_1 > 1.01381 AND feature_0 <= 1.84191 AND feature_0 > 0.87561 AND feature_1 > 1.05867 AND feature_0 <= 1.79538 AND feature_0 <= 1.75977 AND feature_1 <= 1.06633 AND feature_1 > 1.06544,2.548,2.568,ResOve,[Online] CT ResOve,1.019,5.32,6.339,6658,23,0.0,5,4.325,0.020000000000000018,1000000
3875,feature_1 <= 0.99577 AND feature_0 > -0.14024 AND feature_0 > 0.84251 AND feature_0 <= 1.54772 AND feature_1 > -0.06058 AND feature_1 > 0.78007 AND feature_0 <= 1.52940 AND feature_1 <= 0.99340 AND feature_1 > 0.93954 AND feature_1 <= 0.98988 AND feature_0 > 0.85840 AND feature_0 <= 1.20441 AND feature_0 > 1.00761 AND feature_1 > 0.98044 AND feature_0 <= 1.07736,"{'feature_1': (0.98044, 0.98988), 'feature_0': (1.00761, 1.07736)}",2,7.026,15,[Online] CT,"[1, 2051, 3305, 3306, 3648, 3800, 3801, 3802, 3860, 3861, 3863, 3864, 3870, 3874]",feature_4 > -0.504 AND feature_1 <= 0.99577 AND feature_0 > -0.14024 AND feature_0 > 0.84251 AND feature_0 <= 1.54772 AND feature_1 > -0.06058 AND feature_1 > 0.78007 AND feature_0 <= 1.52940 AND feature_1 <= 0.99340 AND feature_1 > 0.93954 AND feature_1 <= 0.98988 AND feature_0 > 0.85840 AND feature_0 <= 1.20441 AND feature_0 > 1.00761 AND feature_1 > 0.98044 AND feature_0 <= 1.07736,2.343,2.346,ResOve,[Online] CT ResOve,1.019,5.32,6.339,6658,28,0.0,5,4.683,0.0030000000000001137,1000000
84,feature_1 <= 0.99577 AND feature_0 <= -0.14024 AND feature_0 <= -1.08265 AND feature_0 <= -1.59228 AND feature_0 <= -2.25036 AND feature_0 > -2.97786 AND feature_1 <= -0.14571 AND feature_1 > -0.25398 AND feature_0 <= -2.52651 AND feature_1 <= -0.22893,"{'feature_1': (-0.25398, -0.22893), 'feature_0': (-2.97786, -2.52651)}",2,7.707,10,[Online] CT,"[1, 2, 3, 4, 5, 53, 54, 82, 83]",feature_4 > -0.504 AND feature_1 <= 0.99577 AND feature_0 <= -0.14024 AND feature_0 <= -1.08265 AND feature_0 <= -1.59228 AND feature_0 <= -2.25036 AND feature_0 > -2.97786 AND feature_1 <= -0.14571 AND feature_1 > -0.25398 AND feature_0 <= -2.52651 AND feature_1 <= -0.22893,2.122,2.127,ResOve,[Online] CT ResOve,1.019,5.32,6.339,6658,26,0.0,5,5.585,0.004999999999999893,1000000
4362,feature_1 <= 0.99577 AND feature_0 > -0.14024 AND feature_0 > 0.84251 AND feature_0 > 1.54772 AND feature_0 > 2.11397 AND feature_1 <= 0.18649 AND feature_0 > 2.51901 AND feature_1 > -0.62729 AND feature_0 <= 3.56528 AND feature_1 > -0.61047 AND feature_0 > 2.52703 AND feature_1 > 0.12625 AND feature_0 <= 2.63560,"{'feature_1': (0.12625, 0.18649), 'feature_0': (2.52703, 2.6356)}",2,6.622,13,[Online] CT,"[1, 2051, 3305, 3895, 4217, 4218, 4300, 4344, 4345, 4347, 4349, 4361]",feature_4 > -0.504 AND feature_1 <= 0.99577 AND feature_0 > -0.14024 AND feature_0 > 0.84251 AND feature_0 > 1.54772 AND feature_0 > 2.11397 AND feature_1 <= 0.18649 AND feature_0 > 2.51901 AND feature_1 > -0.62729 AND feature_0 <= 3.56528 AND feature_1 > -0.61047 AND feature_0 > 2.52703 AND feature_1 > 0.12625 AND feature_0 <= 2.63560,3.355,3.363,ResOve,[Online] CT ResOve,1.019,5.32,6.339,6658,20,0.0,5,3.267,0.008000000000000007,1000000
4085,feature_1 <= 0.99577 AND feature_0 > -0.14024 AND feature_0 > 0.84251 AND feature_0 > 1.54772 AND feature_0 <= 2.11397 AND feature_1 > -0.10222 AND feature_0 <= 2.03645 AND feature_1 <= 0.62695 AND feature_1 > 0.31878 AND feature_0 <= 2.02949 AND feature_0 > 1.57343 AND feature_0 <= 1.61067 AND feature_1 > 0.53264 AND feature_0 <= 1.58096,"{'feature_1': (0.53264, 0.62695), 'feature_0': (1.57343, 1.58096)}",2,7.988,14,[Online] CT,"[1, 2051, 3305, 3895, 3896, 4006, 4007, 4008, 4064, 4065, 4075, 4076, 4084]",feature_4 > -0.504 AND feature_1 <= 0.99577 AND feature_0 > -0.14024 AND feature_0 > 0.84251 AND feature_0 > 1.54772 AND feature_0 <= 2.11397 AND feature_1 > -0.10222 AND feature_0 <= 2.03645 AND feature_1 <= 0.62695 AND feature_1 > 0.31878 AND feature_0 <= 2.02949 AND feature_0 > 1.57343 AND feature_0 <= 1.61067 AND feature_1 > 0.53264 AND feature_0 <= 1.58096,2.606,2.605,NoOve,[Online] CT NoOve,0.002,5.32,5.322,6658,21,0.0,5,5.382000000000001,0.0009999999999998899,1000000
6461,feature_1 > 0.99577 AND feature_1 > 1.14386 AND feature_0 > -0.50919 AND feature_0 <= 1.11567 AND feature_1 > 1.78586 AND feature_0 > 0.50132 AND feature_0 <= 1.06131 AND feature_0 > 0.71936 AND feature_1 > 2.66996 AND feature_0 <= 1.02328 AND feature_0 > 0.75664 AND feature_1 > 2.75774 AND feature_0 > 0.91055 AND feature_1 > 3.04120,"{'feature_1': (3.0412, 4.796), 'feature_0': (0.91055, 1.02328)}",2,6.785,14,[Online] CT,"[4504, 5290, 5986, 5987, 6205, 6355, 6356, 6400, 6448, 6449, 6451, 6453, 6459]",feature_4 > -0.504 AND feature_1 > 0.99577 AND feature_1 > 1.14386 AND feature_0 > -0.50919 AND feature_0 <= 1.11567 AND feature_1 > 1.78586 AND feature_0 > 0.50132 AND feature_0 <= 1.06131 AND feature_0 > 0.71936 AND feature_1 > 2.66996 AND feature_0 <= 1.02328 AND feature_0 > 0.75664 AND feature_1 > 2.75774 AND feature_0 > 0.91055 AND feature_1 > 3.04120,4.332,4.323,NoOve,[Online] CT NoOve,0.002,5.32,5.322,6658,20,0.0,5,2.4530000000000003,0.008999999999999453,1000000
4156,feature_1 <= 0.99577 AND feature_0 > -0.14024 AND feature_0 > 0.84251 AND feature_0 > 1.54772 AND feature_0 <= 2.11397 AND feature_1 > -0.10222 AND feature_0 <= 2.03645 AND feature_1 > 0.62695 AND feature_1 > 0.67740 AND feature_0 <= 2.00730 AND feature_0 > 1.77381 AND feature_1 > 0.93224 AND feature_0 <= 1.86497 AND feature_1 <= 0.95083,"{'feature_1': (0.93224, 0.95083), 'feature_0': (1.77381, 1.86497)}",2,6.701,14,[Online] CT,"[1, 2051, 3305, 3895, 3896, 4006, 4007, 4095, 4111, 4112, 4140, 4154, 4155]",feature_4 > -0.504 AND feature_1 <= 0.99577 AND feature_0 > -0.14024 AND feature_0 > 0.84251 AND feature_0 > 1.54772 AND feature_0 <= 2.11397 AND feature_1 > -0.10222 AND feature_0 <= 2.03645 AND feature_1 > 0.62695 AND feature_1 > 0.67740 AND feature_0 <= 2.00730 AND feature_0 > 1.77381 AND feature_1 > 0.93224 AND feature_0 <= 1.86497 AND feature_1 <= 0.95083,3.087,3.091,NoOve,[Online] CT NoOve,0.002,5.32,5.322,6658,30,0.0,5,3.6139999999999994,0.0040000000000000036,1000000
6601,feature_1 > 0.99577 AND feature_1 > 1.14386 AND feature_0 > -0.50919 AND feature_0 > 1.11567 AND feature_0 <= 2.52781 AND feature_1 > 1.24036 AND feature_0 <= 1.16070 AND feature_1 > 1.38178 AND feature_1 > 1.52140 AND feature_1 > 1.79921 AND feature_1 <= 2.52024 AND feature_1 <= 2.12366 AND feature_0 <= 1.15569 AND feature_0 > 1.14712,"{'feature_1': (1.79921, 2.12366), 'feature_0': (1.14712, 1.15569)}",2,6.637,14,[Online] CT,"[4504, 5290, 5986, 6480, 6481, 6563, 6564, 6576, 6584, 6594, 6595, 6596, 6597]",feature_4 > -0.504 AND feature_1 > 0.99577 AND feature_1 > 1.14386 AND feature_0 > -0.50919 AND feature_0 > 1.11567 AND feature_0 <= 2.52781 AND feature_1 > 1.24036 AND feature_0 <= 1.16070 AND feature_1 > 1.38178 AND feature_1 > 1.52140 AND feature_1 > 1.79921 AND feature_1 <= 2.52024 AND feature_1 <= 2.12366 AND feature_0 <= 1.15569 AND feature_0 > 1.14712,3.217,3.215,NoOve,[Online] CT NoOve,0.002,5.32,5.322,6658,25,0.0,5,3.4199999999999995,0.002000000000000224,1000000
6455,feature_1 > 0.99577 AND feature_1 > 1.14386 AND feature_0 > -0.50919 AND feature_0 <= 1.11567 AND feature_1 > 1.78586 AND feature_0 > 0.50132 AND feature_0 <= 1.06131 AND feature_0 > 0.71936 AND feature_1 > 2.66996 AND feature_0 <= 1.02328 AND feature_0 > 0.75664 AND feature_1 > 2.75774 AND feature_0 <= 0.91055 AND feature_0 <= 0.80528,"{'feature_1': (2.75774, 4.796), 'feature_0': (0.75664, 0.80528)}",2,6.548,14,[Online] CT,"[4504, 5290, 5986, 5987, 6205, 6355, 6356, 6400, 6448, 6449, 6451, 6453, 6454]",feature_4 > -0.504 AND feature_1 > 0.99577 AND feature_1 > 1.14386 AND feature_0 > -0.50919 AND feature_0 <= 1.11567 AND feature_1 > 1.78586 AND feature_0 > 0.50132 AND feature_0 <= 1.06131 AND feature_0 > 0.71936 AND feature_1 > 2.66996 AND feature_0 <= 1.02328 AND feature_0 > 0.75664 AND feature_1 > 2.75774 AND feature_0 <= 0.91055 AND feature_0 <= 0.80528,3.869,3.824,NoOve,[Online] CT NoOve,0.002,5.32,5.322,6658,22,0.0,5,2.679,0.04500000000000037,1000000
2725,feature_1 <= 0.99577 AND feature_0 > -0.14024 AND feature_0 <= 0.84251 AND feature_1 > -0.69448 AND feature_0 <= 0.54146 AND feature_1 <= 0.49936 AND feature_1 <= 0.11102 AND feature_0 <= 0.30824 AND feature_0 > -0.00763 AND feature_0 <= 0.30720 AND feature_0 > 0.12932 AND feature_0 > 0.22783 AND feature_0 <= 0.24440 AND feature_1 <= -0.50182 AND feature_0 > 0.22984,"{'feature_1': (-0.69448, -0.50182), 'feature_0': (0.22984, 0.2444)}",2,0.247,15,[Online] CT,"[1, 2051, 2052, 2628, 2629, 2630, 2631, 2632, 2684, 2685, 2705, 2721, 2722, 2723]",feature_4 > -0.504 AND feature_1 <= 0.99577 AND feature_0 > -0.14024 AND feature_0 <= 0.84251 AND feature_1 > -0.69448 AND feature_0 <= 0.54146 AND feature_1 <= 0.49936 AND feature_1 <= 0.11102 AND feature_0 <= 0.30824 AND feature_0 > -0.00763 AND feature_0 <= 0.30720 AND feature_0 > 0.12932 AND feature_0 > 0.22783 AND feature_0 <= 0.24440 AND feature_1 <= -0.50182 AND feature_0 > 0.22984,0.678,0.678,Random,[Online] CT Random,0.001,5.32,5.321000000000001,6658,256,0.0,5,0.43100000000000005,0.0,1000000
5782,feature_1 > 0.99577 AND feature_1 > 1.14386 AND feature_0 <= -0.50919 AND feature_0 > -1.52177 AND feature_1 > 1.80624 AND feature_0 <= -1.15731 AND feature_1 <= 3.06384 AND feature_0 <= -1.31470 AND feature_1 <= 2.29516 AND feature_0 > -1.50826 AND feature_0 <= -1.42792 AND feature_0 > -1.47226,"{'feature_1': (1.80624, 2.29516), 'feature_0': (-1.47226, -1.42792)}",2,0.446,12,[Online] CT,"[4504, 5290, 5291, 5529, 5771, 5772, 5773, 5774, 5775, 5777, 5778]",feature_4 > -0.504 AND feature_1 > 0.99577 AND feature_1 > 1.14386 AND feature_0 <= -0.50919 AND feature_0 > -1.52177 AND feature_1 > 1.80624 AND feature_0 <= -1.15731 AND feature_1 <= 3.06384 AND feature_0 <= -1.31470 AND feature_1 <= 2.29516 AND feature_0 > -1.50826 AND feature_0 <= -1.42792 AND feature_0 > -1.47226,0.688,0.7,Random,[Online] CT Random,0.001,5.32,5.321000000000001,6658,106,0.0,5,0.24199999999999994,0.01200000000000001,1000000
4013,feature_1 <= 0.99577 AND feature_0 > -0.14024 AND feature_0 > 0.84251 AND feature_0 > 1.54772 AND feature_0 <= 2.11397 AND feature_1 > -0.10222 AND feature_0 <= 2.03645 AND feature_1 <= 0.62695 AND feature_1 <= 0.31878 AND feature_0 <= 1.61503 AND feature_0 <= 1.59749 AND feature_1 <= -0.05915 AND feature_0 <= 1.57642,"{'feature_1': (-0.10222, -0.05915), 'feature_0': (1.54772, 1.57642)}",2,4.282,13,[Online] CT,"[1, 2051, 3305, 3895, 3896, 4006, 4007, 4008, 4009, 4010, 4011, 4012]",feature_4 > -0.504 AND feature_1 <= 0.99577 AND feature_0 > -0.14024 AND feature_0 > 0.84251 AND feature_0 > 1.54772 AND feature_0 <= 2.11397 AND feature_1 > -0.10222 AND feature_0 <= 2.03645 AND feature_1 <= 0.62695 AND feature_1 <= 0.31878 AND feature_0 <= 1.61503 AND feature_0 <= 1.59749 AND feature_1 <= -0.05915 AND feature_0 <= 1.57642,2.217,2.216,Random,[Online] CT Random,0.001,5.32,5.321000000000001,6658,38,0.0,5,2.065,0.0009999999999998899,1000000
2213,feature_1 <= 0.99577 AND feature_0 > -0.14024 AND feature_0 <= 0.84251 AND feature_1 <= -0.69448 AND feature_0 <= 0.17241 AND feature_0 > 0.03051 AND feature_0 <= 0.15809 AND feature_1 <= -0.70341 AND feature_1 > -2.50644 AND feature_1 <= -0.74522 AND feature_0 > 0.11507 AND feature_0 > 0.11662 AND feature_1 <= -0.78390 AND feature_1 > -1.28735 AND feature_0 <= 0.15320,"{'feature_1': (-1.28735, -0.7839), 'feature_0': (0.11662, 0.1532)}",2,0.377,15,[Online] CT,"[1, 2051, 2052, 2053, 2054, 2166, 2167, 2168, 2182, 2183, 2201, 2207, 2208, 2212]",feature_4 > -0.504 AND feature_1 <= 0.99577 AND feature_0 > -0.14024 AND feature_0 <= 0.84251 AND feature_1 <= -0.69448 AND feature_0 <= 0.17241 AND feature_0 > 0.03051 AND feature_0 <= 0.15809 AND feature_1 <= -0.70341 AND feature_1 > -2.50644 AND feature_1 <= -0.74522 AND feature_0 > 0.11507 AND feature_0 > 0.11662 AND feature_1 <= -0.78390 AND feature_1 > -1.28735 AND feature_0 <= 0.15320,0.446,0.446,Random,[Online] CT Random,0.001,5.32,5.321000000000001,6658,1244,0.0,5,0.069,0.0,1000000
4996,feature_1 > 0.99577 AND feature_1 <= 1.14386 AND feature_0 <= 0.48054 AND feature_1 > 1.00908 AND feature_0 > -0.45343 AND feature_0 > -0.08282 AND feature_0 > 0.39352 AND feature_0 > 0.41266 AND feature_0 <= 0.47634 AND feature_0 > 0.44221 AND feature_1 > 1.02967 AND feature_1 > 1.05980 AND feature_1 > 1.08271 AND feature_0 <= 0.46422,"{'feature_1': (1.08271, 1.14386), 'feature_0': (0.44221, 0.46422)}",2,1.367,14,[Online] CT,"[4504, 4505, 4506, 4590, 4748, 4870, 4966, 4972, 4973, 4987, 4989, 4993, 4995]",feature_4 > -0.504 AND feature_1 > 0.99577 AND feature_1 <= 1.14386 AND feature_0 <= 0.48054 AND feature_1 > 1.00908 AND feature_0 > -0.45343 AND feature_0 > -0.08282 AND feature_0 > 0.39352 AND feature_0 > 0.41266 AND feature_0 <= 0.47634 AND feature_0 > 0.44221 AND feature_1 > 1.02967 AND feature_1 > 1.05980 AND feature_1 > 1.08271 AND feature_0 <= 0.46422,1.851,1.851,Random,[Online] CT Random,0.001,5.32,5.321000000000001,6658,82,0.0,5,0.484,0.0,1000000
