id,condition,combined,features,t_est,depth,algorithm,parents,t,t_r,topK_algorithm,variant,topK_execution_time,ct_execution_time,total_execution_time,total_subgroups,rows,overlap,K,t_error,t_r_error,features_in_P
10,feature_0 <= 0.058 AND feature_0 <= -0.982 AND feature_1 <= 0.16 AND feature_0 <= -1.716 AND feature_0 <= -2.195 AND feature_1 <= -0.267 AND feature_3 <= -0.36 AND feature_1 <= -0.552 AND feature_2 <= -0.296 AND feature_0 <= -2.59,"{'feature_0': (-4.695, -2.59), 'feature_1': (-4.202, -0.552), 'feature_3': (-4.344, -0.36), 'feature_2': (-4.532, -0.296)}",4,2.477,10,[Pretrained] CF,"[1, 2, 3, 4, 5, 6, 7, 8, 9]",2.72,2.72,OptRes,[Pretrained] CF OptRes,0.012,0,0.012,3768,25,0.14229910714285715,5,0.24300000000000033,0.0,hte_only
9,feature_0 <= 0.058 AND feature_0 <= -0.982 AND feature_1 <= 0.16 AND feature_0 <= -1.716 AND feature_0 <= -2.195 AND feature_1 <= -0.267 AND feature_3 <= -0.36 AND feature_1 <= -0.552 AND feature_2 <= -0.296,"{'feature_0': (-4.695, -2.195), 'feature_1': (-4.202, -0.552), 'feature_3': (-4.344, -0.36), 'feature_2': (-4.532, -0.296)}",4,2.353,9,[Pretrained] CF,"[1, 2, 3, 4, 5, 6, 7, 8]",2.329,2.329,OptRes,[Pretrained] CF OptRes,0.012,0,0.012,3768,64,0.21194196428571427,5,0.02400000000000002,0.0,hte_only
14,feature_0 <= 0.058 AND feature_0 <= -0.982 AND feature_1 <= 0.16 AND feature_0 <= -1.716 AND feature_0 <= -2.195 AND feature_1 <= -0.267 AND feature_3 <= -0.36 AND feature_1 <= -0.552 AND feature_2 > -0.296 AND feature_3 <= -0.65 AND feature_8 <= -0.021,"{'feature_0': (-4.695, -2.195), 'feature_1': (-4.202, -0.552), 'feature_3': (-4.344, -0.65), 'feature_2': (-0.296, 4.286), 'feature_8': (-4.447, -0.021)}",5,2.277,11,[Pretrained] CF,"[1, 2, 3, 4, 5, 6, 7, 8, 12, 13]",2.275,2.275,OptRes,[Pretrained] CF OptRes,0.012,0,0.012,3768,28,0.175,5,0.002000000000000224,0.0,hte_only
8,feature_0 <= 0.058 AND feature_0 <= -0.982 AND feature_1 <= 0.16 AND feature_0 <= -1.716 AND feature_0 <= -2.195 AND feature_1 <= -0.267 AND feature_3 <= -0.36 AND feature_1 <= -0.552,"{'feature_0': (-4.695, -2.195), 'feature_1': (-4.202, -0.552), 'feature_3': (-4.344, -0.36)}",3,2.268,8,[Pretrained] CF,"[1, 2, 3, 4, 5, 6, 7]",2.28,2.28,OptRes,[Pretrained] CF OptRes,0.012,0,0.012,3768,140,0.30892857142857144,5,0.01200000000000001,0.0,hte_only
13,feature_0 <= 0.058 AND feature_0 <= -0.982 AND feature_1 <= 0.16 AND feature_0 <= -1.716 AND feature_0 <= -2.195 AND feature_1 <= -0.267 AND feature_3 <= -0.36 AND feature_1 <= -0.552 AND feature_2 > -0.296 AND feature_3 <= -0.65,"{'feature_0': (-4.695, -2.195), 'feature_1': (-4.202, -0.552), 'feature_3': (-4.344, -0.65), 'feature_2': (-0.296, 4.286)}",4,2.231,10,[Pretrained] CF,"[1, 2, 3, 4, 5, 6, 7, 8, 12]",2.266,2.266,OptRes,[Pretrained] CF OptRes,0.012,0,0.012,3768,56,0.225,5,0.03500000000000014,0.0,hte_only
29,feature_0 <= 0.058 AND feature_0 <= -0.982 AND feature_1 <= 0.16 AND feature_0 <= -1.716 AND feature_0 <= -2.195 AND feature_1 <= -0.267 AND feature_3 > -0.36 AND feature_0 <= -2.288 AND feature_1 <= -0.47 AND feature_4 > -0.77 AND feature_9 > -0.767 AND feature_2 <= -0.699,"{'feature_0': (-4.695, -2.288), 'feature_1': (-4.202, -0.47), 'feature_3': (-0.36, 4.384), 'feature_4': (-0.77, 4.717), 'feature_9': (-0.767, 4.08), 'feature_2': (-4.532, -0.699)}",6,2.195,12,[Pretrained] CF,"[1, 2, 3, 4, 5, 6, 20, 21, 22, 26, 28]",2.269,2.269,ResOve,[Pretrained] CF ResOve,0.404,0,0.404,3768,34,0.0,5,0.07400000000000029,0.0,hte_only
15,feature_0 <= 0.058 AND feature_0 <= -0.982 AND feature_1 <= 0.16 AND feature_0 <= -1.716 AND feature_0 <= -2.195 AND feature_1 <= -0.267 AND feature_3 <= -0.36 AND feature_1 <= -0.552 AND feature_2 > -0.296 AND feature_3 <= -0.65 AND feature_8 > -0.021,"{'feature_0': (-4.695, -2.195), 'feature_1': (-4.202, -0.552), 'feature_3': (-4.344, -0.65), 'feature_2': (-0.296, 4.286), 'feature_8': (-0.021, 4.699)}",5,2.184,11,[Pretrained] CF,"[1, 2, 3, 4, 5, 6, 7, 8, 12, 13]",2.258,2.258,ResOve,[Pretrained] CF ResOve,0.404,0,0.404,3768,28,0.0,5,0.07399999999999984,0.0,hte_only
14,feature_0 <= 0.058 AND feature_0 <= -0.982 AND feature_1 <= 0.16 AND feature_0 <= -1.716 AND feature_0 <= -2.195 AND feature_1 <= -0.267 AND feature_3 <= -0.36 AND feature_1 <= -0.552 AND feature_2 > -0.296 AND feature_3 <= -0.65 AND feature_8 <= -0.021,"{'feature_0': (-4.695, -2.195), 'feature_1': (-4.202, -0.552), 'feature_3': (-4.344, -0.65), 'feature_2': (-0.296, 4.286), 'feature_8': (-4.447, -0.021)}",5,2.277,11,[Pretrained] CF,"[1, 2, 3, 4, 5, 6, 7, 8, 12, 13]",2.275,2.275,ResOve,[Pretrained] CF ResOve,0.404,0,0.404,3768,28,0.0,5,0.002000000000000224,0.0,hte_only
11,feature_0 <= 0.058 AND feature_0 <= -0.982 AND feature_1 <= 0.16 AND feature_0 <= -1.716 AND feature_0 <= -2.195 AND feature_1 <= -0.267 AND feature_3 <= -0.36 AND feature_1 <= -0.552 AND feature_2 <= -0.296 AND feature_0 > -2.59,"{'feature_0': (-2.59, -2.195), 'feature_1': (-4.202, -0.552), 'feature_3': (-4.344, -0.36), 'feature_2': (-4.532, -0.296)}",4,2.273,10,[Pretrained] CF,"[1, 2, 3, 4, 5, 6, 7, 8, 9]",2.077,2.077,ResOve,[Pretrained] CF ResOve,0.404,0,0.404,3768,39,0.0,5,0.19600000000000017,0.0,hte_only
10,feature_0 <= 0.058 AND feature_0 <= -0.982 AND feature_1 <= 0.16 AND feature_0 <= -1.716 AND feature_0 <= -2.195 AND feature_1 <= -0.267 AND feature_3 <= -0.36 AND feature_1 <= -0.552 AND feature_2 <= -0.296 AND feature_0 <= -2.59,"{'feature_0': (-4.695, -2.59), 'feature_1': (-4.202, -0.552), 'feature_3': (-4.344, -0.36), 'feature_2': (-4.532, -0.296)}",4,2.477,10,[Pretrained] CF,"[1, 2, 3, 4, 5, 6, 7, 8, 9]",2.72,2.72,ResOve,[Pretrained] CF ResOve,0.404,0,0.404,3768,25,0.0,5,0.24300000000000033,0.0,hte_only
10,feature_0 <= 0.058 AND feature_0 <= -0.982 AND feature_1 <= 0.16 AND feature_0 <= -1.716 AND feature_0 <= -2.195 AND feature_1 <= -0.267 AND feature_3 <= -0.36 AND feature_1 <= -0.552 AND feature_2 <= -0.296 AND feature_0 <= -2.59,"{'feature_0': (-4.695, -2.59), 'feature_1': (-4.202, -0.552), 'feature_3': (-4.344, -0.36), 'feature_2': (-4.532, -0.296)}",4,2.477,10,[Pretrained] CF,"[1, 2, 3, 4, 5, 6, 7, 8, 9]",2.72,2.72,NoOve,[Pretrained] CF NoOve,0.015,0,0.015,3768,25,0.0,5,0.24300000000000033,0.0,hte_only
11,feature_0 <= 0.058 AND feature_0 <= -0.982 AND feature_1 <= 0.16 AND feature_0 <= -1.716 AND feature_0 <= -2.195 AND feature_1 <= -0.267 AND feature_3 <= -0.36 AND feature_1 <= -0.552 AND feature_2 <= -0.296 AND feature_0 > -2.59,"{'feature_0': (-2.59, -2.195), 'feature_1': (-4.202, -0.552), 'feature_3': (-4.344, -0.36), 'feature_2': (-4.532, -0.296)}",4,2.273,10,[Pretrained] CF,"[1, 2, 3, 4, 5, 6, 7, 8, 9]",2.077,2.077,NoOve,[Pretrained] CF NoOve,0.015,0,0.015,3768,39,0.0,5,0.19600000000000017,0.0,hte_only
13,feature_0 <= 0.058 AND feature_0 <= -0.982 AND feature_1 <= 0.16 AND feature_0 <= -1.716 AND feature_0 <= -2.195 AND feature_1 <= -0.267 AND feature_3 <= -0.36 AND feature_1 <= -0.552 AND feature_2 > -0.296 AND feature_3 <= -0.65,"{'feature_0': (-4.695, -2.195), 'feature_1': (-4.202, -0.552), 'feature_3': (-4.344, -0.65), 'feature_2': (-0.296, 4.286)}",4,2.231,10,[Pretrained] CF,"[1, 2, 3, 4, 5, 6, 7, 8, 12]",2.266,2.266,NoOve,[Pretrained] CF NoOve,0.015,0,0.015,3768,56,0.0,5,0.03500000000000014,0.0,hte_only
26,feature_0 <= 0.058 AND feature_0 <= -0.982 AND feature_1 <= 0.16 AND feature_0 <= -1.716 AND feature_0 <= -2.195 AND feature_1 <= -0.267 AND feature_3 > -0.36 AND feature_0 <= -2.288 AND feature_1 <= -0.47 AND feature_4 > -0.77,"{'feature_0': (-4.695, -2.288), 'feature_1': (-4.202, -0.47), 'feature_3': (-0.36, 4.384), 'feature_4': (-0.77, 4.717)}",4,2.082,10,[Pretrained] CF,"[1, 2, 3, 4, 5, 6, 20, 21, 22]",2.279,2.279,NoOve,[Pretrained] CF NoOve,0.015,0,0.015,3768,170,0.0,5,0.19700000000000006,0.0,hte_only
33,feature_0 <= 0.058 AND feature_0 <= -0.982 AND feature_1 <= 0.16 AND feature_0 <= -1.716 AND feature_0 <= -2.195 AND feature_1 <= -0.267 AND feature_3 > -0.36 AND feature_0 <= -2.288 AND feature_1 > -0.47 AND feature_9 > -0.556,"{'feature_0': (-4.695, -2.288), 'feature_1': (-0.47, -0.267), 'feature_3': (-0.36, 4.384), 'feature_9': (-0.556, 4.08)}",4,1.936,10,[Pretrained] CF,"[1, 2, 3, 4, 5, 6, 20, 21, 31]",2.109,2.109,NoOve,[Pretrained] CF NoOve,0.015,0,0.015,3768,24,0.0,5,0.17300000000000004,0.0,hte_only
415,feature_0 <= 0.058 AND feature_0 <= -0.982 AND feature_1 > 0.16 AND feature_0 <= -1.389 AND feature_1 <= 1.038 AND feature_0 > -2.119 AND feature_1 <= 0.748,"{'feature_0': (-2.119, -1.389), 'feature_1': (0.16, 0.748)}",2,0.515,7,[Pretrained] CF,"[1, 2, 380, 381, 382, 414]",0.739,0.739,Random,[Pretrained] CF Random,0.003,0,0.003,3768,1341,0.0,5,0.22399999999999998,0.0,hte_only
770,feature_0 <= 0.058 AND feature_0 <= -0.982 AND feature_1 > 0.16 AND feature_0 > -1.389 AND feature_1 > 0.835 AND feature_1 > 1.694 AND feature_1 > 2.0 AND feature_2 > 1.047,"{'feature_0': (-1.389, -0.982), 'feature_1': (2.0, 4.438), 'feature_2': (1.047, 4.286)}",3,0.564,8,[Pretrained] CF,"[1, 2, 380, 570, 680, 746, 758]",1.371,1.371,Random,[Pretrained] CF Random,0.003,0,0.003,3768,29,0.0,5,0.807,0.0,hte_only
1829,feature_0 <= 0.058 AND feature_0 > -0.982 AND feature_1 > 0.164 AND feature_1 > 1.51 AND feature_0 <= -0.428 AND feature_1 > 1.88 AND feature_0 <= -0.554 AND feature_0 <= -0.783 AND feature_3 <= 1.15 AND feature_1 > 2.117 AND feature_0 > -0.922,"{'feature_0': (-0.922, -0.783), 'feature_1': (2.117, 4.438), 'feature_3': (-4.344, 1.15)}",3,1.097,11,[Pretrained] CF,"[1, 771, 1393, 1773, 1774, 1820, 1821, 1822, 1823, 1827]",1.777,1.777,Random,[Pretrained] CF Random,0.003,0,0.003,3768,45,0.0,5,0.6799999999999999,0.0,hte_only
404,feature_0 <= 0.058 AND feature_0 <= -0.982 AND feature_1 > 0.16 AND feature_0 <= -1.389 AND feature_1 <= 1.038 AND feature_0 <= -2.119 AND feature_0 <= -2.251 AND feature_1 > 0.717 AND feature_3 > 0.047 AND feature_5 > 0.452,"{'feature_0': (-4.695, -2.251), 'feature_1': (0.717, 1.038), 'feature_3': (0.047, 4.384), 'feature_5': (0.452, 4.284)}",4,0.604,10,[Pretrained] CF,"[1, 2, 380, 381, 382, 383, 384, 398, 402]",1.356,1.356,Random,[Pretrained] CF Random,0.003,0,0.003,3768,22,0.0,5,0.7520000000000001,0.0,hte_only
1464,feature_0 <= 0.058 AND feature_0 > -0.982 AND feature_1 > 0.164 AND feature_1 <= 1.51 AND feature_0 <= -0.397 AND feature_0 <= -0.744 AND feature_1 > 0.742 AND feature_1 > 0.926 AND feature_2 <= -1.186 AND feature_0 <= -0.777 AND feature_8 > -0.645,"{'feature_0': (-0.982, -0.777), 'feature_1': (0.926, 1.51), 'feature_2': (-4.532, -1.186), 'feature_8': (-0.645, 4.699)}",4,0.445,11,[Pretrained] CF,"[1, 771, 1393, 1394, 1395, 1396, 1440, 1460, 1461, 1462]",0.558,0.558,Random,[Pretrained] CF Random,0.003,0,0.003,3768,65,0.0,5,0.11300000000000004,0.0,hte_only
3763,feature_0 > 0.058 AND feature_0 > 0.946 AND feature_1 > 0.743 AND feature_1 > 1.568 AND feature_0 > 1.289 AND feature_0 > 1.832 AND feature_1 > 1.8 AND feature_4 <= 0.223,"{'feature_0': (1.832, 4.577), 'feature_1': (1.8, 4.438), 'feature_4': (-4.13, 0.223)}",3,3.75,8,[Pretrained] CF,"[1946, 2936, 3494, 3694, 3732, 3756, 3762]",4.439,4.487,OptRes,[Pretrained] CF OptRes,0.011,0,0.011,3768,41,0.08115183246073299,5,0.6890000000000001,0.04800000000000004,rest
3768,feature_0 > 0.058 AND feature_0 > 0.946 AND feature_1 > 0.743 AND feature_1 > 1.568 AND feature_0 > 1.289 AND feature_0 > 1.832 AND feature_1 > 1.8 AND feature_4 > 0.223 AND feature_0 > 1.977,"{'feature_0': (1.977, 4.577), 'feature_1': (1.8, 4.438), 'feature_4': (0.223, 4.717)}",3,3.656,9,[Pretrained] CF,"[1946, 2936, 3494, 3694, 3732, 3756, 3762, 3766]",4.679,4.682,OptRes,[Pretrained] CF OptRes,0.011,0,0.011,3768,22,0.04319371727748691,5,1.0230000000000001,0.0030000000000001137,rest
3756,feature_0 > 0.058 AND feature_0 > 0.946 AND feature_1 > 0.743 AND feature_1 > 1.568 AND feature_0 > 1.289 AND feature_0 > 1.832,"{'feature_0': (1.832, 4.577), 'feature_1': (1.568, 4.438)}",2,3.61,6,[Pretrained] CF,"[1946, 2936, 3494, 3694, 3732]",4.329,4.362,OptRes,[Pretrained] CF OptRes,0.011,0,0.011,3768,126,0.1793193717277487,5,0.7189999999999999,0.03300000000000036,rest
3759,feature_0 > 0.058 AND feature_0 > 0.946 AND feature_1 > 0.743 AND feature_1 > 1.568 AND feature_0 > 1.289 AND feature_0 > 1.832 AND feature_1 <= 1.8 AND feature_0 > 2.096,"{'feature_0': (2.096, 4.577), 'feature_1': (1.568, 1.8)}",2,3.581,8,[Pretrained] CF,"[1946, 2936, 3494, 3694, 3732, 3756, 3757]",4.389,4.375,OptRes,[Pretrained] CF OptRes,0.011,0,0.011,3768,30,0.0549738219895288,5,0.8080000000000003,0.014000000000000234,rest
3753,feature_0 > 0.058 AND feature_0 > 0.946 AND feature_1 > 0.743 AND feature_1 > 1.568 AND feature_0 > 1.289 AND feature_0 <= 1.832 AND feature_1 > 1.664 AND feature_0 > 1.63 AND feature_2 > -0.178,"{'feature_0': (1.63, 1.832), 'feature_1': (1.664, 4.438), 'feature_2': (-0.178, 4.286)}",3,3.535,9,[Pretrained] CF,"[1946, 2936, 3494, 3694, 3732, 3733, 3737, 3751]",3.93,3.919,OptRes,[Pretrained] CF OptRes,0.011,0,0.011,3768,42,0.0,5,0.395,0.01100000000000012,rest
3768,feature_0 > 0.058 AND feature_0 > 0.946 AND feature_1 > 0.743 AND feature_1 > 1.568 AND feature_0 > 1.289 AND feature_0 > 1.832 AND feature_1 > 1.8 AND feature_4 > 0.223 AND feature_0 > 1.977,"{'feature_0': (1.977, 4.577), 'feature_1': (1.8, 4.438), 'feature_4': (0.223, 4.717)}",3,3.656,9,[Pretrained] CF,"[1946, 2936, 3494, 3694, 3732, 3756, 3762, 3766]",4.679,4.682,ResOve,[Pretrained] CF ResOve,1.046,0,1.046,3768,22,0.15566037735849056,5,1.0230000000000001,0.0030000000000001137,rest
3759,feature_0 > 0.058 AND feature_0 > 0.946 AND feature_1 > 0.743 AND feature_1 > 1.568 AND feature_0 > 1.289 AND feature_0 > 1.832 AND feature_1 <= 1.8 AND feature_0 > 2.096,"{'feature_0': (2.096, 4.577), 'feature_1': (1.568, 1.8)}",2,3.581,8,[Pretrained] CF,"[1946, 2936, 3494, 3694, 3732, 3756, 3757]",4.389,4.375,ResOve,[Pretrained] CF ResOve,1.046,0,1.046,3768,30,0.0,5,0.8080000000000003,0.014000000000000234,rest
3754,feature_0 > 0.058 AND feature_0 > 0.946 AND feature_1 > 0.743 AND feature_1 > 1.568 AND feature_0 > 1.289 AND feature_0 <= 1.832 AND feature_1 > 1.664 AND feature_0 > 1.63 AND feature_2 > -0.178 AND feature_1 <= 2.136,"{'feature_0': (1.63, 1.832), 'feature_1': (1.664, 2.136), 'feature_2': (-0.178, 4.286)}",3,3.482,10,[Pretrained] CF,"[1946, 2936, 3494, 3694, 3732, 3733, 3737, 3751, 3753]",3.724,3.72,ResOve,[Pretrained] CF ResOve,1.046,0,1.046,3768,26,0.0,5,0.242,0.0040000000000000036,rest
3750,feature_0 > 0.058 AND feature_0 > 0.946 AND feature_1 > 0.743 AND feature_1 > 1.568 AND feature_0 > 1.289 AND feature_0 <= 1.832 AND feature_1 > 1.664 AND feature_0 <= 1.63 AND feature_1 > 2.181 AND feature_4 > -0.008,"{'feature_0': (1.289, 1.63), 'feature_1': (2.181, 4.438), 'feature_4': (-0.008, 4.717)}",3,3.381,10,[Pretrained] CF,"[1946, 2936, 3494, 3694, 3732, 3733, 3737, 3738, 3748]",4.054,4.107,ResOve,[Pretrained] CF ResOve,1.046,0,1.046,3768,27,0.0,5,0.6730000000000005,0.052999999999999936,rest
3766,feature_0 > 0.058 AND feature_0 > 0.946 AND feature_1 > 0.743 AND feature_1 > 1.568 AND feature_0 > 1.289 AND feature_0 > 1.832 AND feature_1 > 1.8 AND feature_4 > 0.223,"{'feature_0': (1.832, 4.577), 'feature_1': (1.8, 4.438), 'feature_4': (0.223, 4.717)}",3,3.606,8,[Pretrained] CF,"[1946, 2936, 3494, 3694, 3732, 3756, 3762]",4.498,4.525,ResOve,[Pretrained] CF ResOve,1.046,0,1.046,3768,35,0.15566037735849056,5,0.8920000000000003,0.027000000000000135,rest
3763,feature_0 > 0.058 AND feature_0 > 0.946 AND feature_1 > 0.743 AND feature_1 > 1.568 AND feature_0 > 1.289 AND feature_0 > 1.832 AND feature_1 > 1.8 AND feature_4 <= 0.223,"{'feature_0': (1.832, 4.577), 'feature_1': (1.8, 4.438), 'feature_4': (-4.13, 0.223)}",3,3.75,8,[Pretrained] CF,"[1946, 2936, 3494, 3694, 3732, 3756, 3762]",4.439,4.487,NoOve,[Pretrained] CF NoOve,0.023,0,0.023,3768,41,0.0,5,0.6890000000000001,0.04800000000000004,rest
3766,feature_0 > 0.058 AND feature_0 > 0.946 AND feature_1 > 0.743 AND feature_1 > 1.568 AND feature_0 > 1.289 AND feature_0 > 1.832 AND feature_1 > 1.8 AND feature_4 > 0.223,"{'feature_0': (1.832, 4.577), 'feature_1': (1.8, 4.438), 'feature_4': (0.223, 4.717)}",3,3.606,8,[Pretrained] CF,"[1946, 2936, 3494, 3694, 3732, 3756, 3762]",4.498,4.525,NoOve,[Pretrained] CF NoOve,0.023,0,0.023,3768,35,0.0,5,0.8920000000000003,0.027000000000000135,rest
3759,feature_0 > 0.058 AND feature_0 > 0.946 AND feature_1 > 0.743 AND feature_1 > 1.568 AND feature_0 > 1.289 AND feature_0 > 1.832 AND feature_1 <= 1.8 AND feature_0 > 2.096,"{'feature_0': (2.096, 4.577), 'feature_1': (1.568, 1.8)}",2,3.581,8,[Pretrained] CF,"[1946, 2936, 3494, 3694, 3732, 3756, 3757]",4.389,4.375,NoOve,[Pretrained] CF NoOve,0.023,0,0.023,3768,30,0.0,5,0.8080000000000003,0.014000000000000234,rest
3751,feature_0 > 0.058 AND feature_0 > 0.946 AND feature_1 > 0.743 AND feature_1 > 1.568 AND feature_0 > 1.289 AND feature_0 <= 1.832 AND feature_1 > 1.664 AND feature_0 > 1.63,"{'feature_0': (1.63, 1.832), 'feature_1': (1.664, 4.438)}",2,3.484,8,[Pretrained] CF,"[1946, 2936, 3494, 3694, 3732, 3733, 3737]",3.913,3.909,NoOve,[Pretrained] CF NoOve,0.023,0,0.023,3768,63,0.0,5,0.4289999999999998,0.0040000000000000036,rest
3738,feature_0 > 0.058 AND feature_0 > 0.946 AND feature_1 > 0.743 AND feature_1 > 1.568 AND feature_0 > 1.289 AND feature_0 <= 1.832 AND feature_1 > 1.664 AND feature_0 <= 1.63,"{'feature_0': (1.289, 1.63), 'feature_1': (1.664, 4.438)}",2,3.331,8,[Pretrained] CF,"[1946, 2936, 3494, 3694, 3732, 3733, 3737]",3.654,3.668,NoOve,[Pretrained] CF NoOve,0.023,0,0.023,3768,145,0.0,5,0.32299999999999995,0.014000000000000234,rest
2103,feature_0 > 0.058 AND feature_0 <= 0.946 AND feature_1 <= 0.771 AND feature_0 <= 0.647 AND feature_1 > -0.652 AND feature_1 <= 0.258 AND feature_0 <= 0.388,"{'feature_0': (0.058, 0.388), 'feature_1': (-0.652, 0.258)}",2,0.919,7,[Pretrained] CF,"[1946, 1947, 1948, 1949, 2101, 2102]",0.835,0.836,Random,[Pretrained] CF Random,0.003,0,0.003,3768,3013,0.0,5,0.08400000000000007,0.0010000000000000009,rest
2563,feature_0 > 0.058 AND feature_0 <= 0.946 AND feature_1 > 0.771 AND feature_1 <= 1.148 AND feature_0 <= 0.542 AND feature_1 <= 0.941 AND feature_0 > 0.132 AND feature_1 > 0.807 AND feature_0 > 0.379 AND feature_2 <= -0.301 AND feature_4 > -0.266,"{'feature_0': (0.379, 0.542), 'feature_1': (0.807, 0.941), 'feature_2': (-4.532, -0.301), 'feature_4': (-0.266, 4.717)}",4,1.723,11,[Pretrained] CF,"[1946, 1947, 2521, 2522, 2523, 2524, 2536, 2548, 2560, 2561]",1.67,1.674,Random,[Pretrained] CF Random,0.003,0,0.003,3768,29,0.0,5,0.05300000000000016,0.0040000000000000036,rest
915,feature_0 <= 0.058 AND feature_0 > -0.982 AND feature_1 <= 0.164 AND feature_0 <= -0.216 AND feature_1 <= -0.449 AND feature_1 > -1.153 AND feature_0 > -0.866 AND feature_0 <= -0.404 AND feature_4 <= -0.867 AND feature_1 > -0.855 AND feature_8 <= 0.19,"{'feature_0': (-0.866, -0.404), 'feature_1': (-0.855, -0.449), 'feature_4': (-4.13, -0.867), 'feature_8': (-4.447, 0.19)}",4,0.003,11,[Pretrained] CF,"[1, 771, 772, 773, 774, 870, 904, 905, 906, 914]",0.199,0.201,Random,[Pretrained] CF Random,0.003,0,0.003,3768,129,0.0,5,0.196,0.0020000000000000018,rest
383,feature_0 <= 0.058 AND feature_0 <= -0.982 AND feature_1 > 0.16 AND feature_0 <= -1.389 AND feature_1 <= 1.038 AND feature_0 <= -2.119,"{'feature_0': (-4.695, -2.119), 'feature_1': (0.16, 1.038)}",2,0.862,6,[Pretrained] CF,"[1, 2, 380, 381, 382]",1.482,1.459,Random,[Pretrained] CF Random,0.003,0,0.003,3768,282,0.0,5,0.62,0.02299999999999991,rest
2428,feature_0 > 0.058 AND feature_0 <= 0.946 AND feature_1 <= 0.771 AND feature_0 > 0.647 AND feature_1 > 0.108 AND feature_0 <= 0.785 AND feature_1 <= 0.674,"{'feature_0': (0.647, 0.785), 'feature_1': (0.108, 0.674)}",2,1.305,7,[Pretrained] CF,"[1946, 1947, 1948, 2284, 2426, 2427]",1.617,1.62,Random,[Pretrained] CF Random,0.003,0,0.003,3768,593,0.0,5,0.31200000000000006,0.0030000000000001137,rest
3763,feature_0 > 0.058 AND feature_0 > 0.946 AND feature_1 > 0.743 AND feature_1 > 1.568 AND feature_0 > 1.289 AND feature_0 > 1.832 AND feature_1 > 1.8 AND feature_4 <= 0.223,"{'feature_0': (1.832, 4.577), 'feature_1': (1.8, 4.438), 'feature_4': (-4.13, 0.223)}",3,3.75,8,[Pretrained] CF,"[1946, 2936, 3494, 3694, 3732, 3756, 3762]",4.439,4.529,OptRes,[Pretrained] CF OptRes,0.01,0,0.01,3768,24,0.08115183246073299,5,0.6890000000000001,0.08999999999999986,all
3756,feature_0 > 0.058 AND feature_0 > 0.946 AND feature_1 > 0.743 AND feature_1 > 1.568 AND feature_0 > 1.289 AND feature_0 > 1.832,"{'feature_0': (1.832, 4.577), 'feature_1': (1.568, 4.438)}",2,3.61,6,[Pretrained] CF,"[1946, 2936, 3494, 3694, 3732]",4.329,4.367,OptRes,[Pretrained] CF OptRes,0.01,0,0.01,3768,85,0.25,5,0.7189999999999999,0.038000000000000256,all
3766,feature_0 > 0.058 AND feature_0 > 0.946 AND feature_1 > 0.743 AND feature_1 > 1.568 AND feature_0 > 1.289 AND feature_0 > 1.832 AND feature_1 > 1.8 AND feature_4 > 0.223,"{'feature_0': (1.832, 4.577), 'feature_1': (1.8, 4.438), 'feature_4': (0.223, 4.717)}",3,3.606,8,[Pretrained] CF,"[1946, 2936, 3494, 3694, 3732, 3756, 3762]",4.498,4.55,OptRes,[Pretrained] CF OptRes,0.01,0,0.01,3768,26,0.0693717277486911,5,0.8920000000000003,0.0519999999999996,all
3753,feature_0 > 0.058 AND feature_0 > 0.946 AND feature_1 > 0.743 AND feature_1 > 1.568 AND feature_0 > 1.289 AND feature_0 <= 1.832 AND feature_1 > 1.664 AND feature_0 > 1.63 AND feature_2 > -0.178,"{'feature_0': (1.63, 1.832), 'feature_1': (1.664, 4.438), 'feature_2': (-0.178, 4.286)}",3,3.535,9,[Pretrained] CF,"[1946, 2936, 3494, 3694, 3732, 3733, 3737, 3751]",3.93,3.953,OptRes,[Pretrained] CF OptRes,0.01,0,0.01,3768,26,0.0,5,0.395,0.022999999999999687,all
3757,feature_0 > 0.058 AND feature_0 > 0.946 AND feature_1 > 0.743 AND feature_1 > 1.568 AND feature_0 > 1.289 AND feature_0 > 1.832 AND feature_1 <= 1.8,"{'feature_0': (1.832, 4.577), 'feature_1': (1.568, 1.8)}",2,3.499,7,[Pretrained] CF,"[1946, 2936, 3494, 3694, 3732, 3756]",4.122,4.119,OptRes,[Pretrained] CF OptRes,0.01,0,0.01,3768,35,0.09947643979057591,5,0.6229999999999998,0.0030000000000001137,all
3766,feature_0 > 0.058 AND feature_0 > 0.946 AND feature_1 > 0.743 AND feature_1 > 1.568 AND feature_0 > 1.289 AND feature_0 > 1.832 AND feature_1 > 1.8 AND feature_4 > 0.223,"{'feature_0': (1.832, 4.577), 'feature_1': (1.8, 4.438), 'feature_4': (0.223, 4.717)}",3,3.606,8,[Pretrained] CF,"[1946, 2936, 3494, 3694, 3732, 3756, 3762]",4.498,4.55,ResOve,[Pretrained] CF ResOve,1.189,0,1.189,3768,26,0.11521739130434783,5,0.8920000000000003,0.0519999999999996,all
3763,feature_0 > 0.058 AND feature_0 > 0.946 AND feature_1 > 0.743 AND feature_1 > 1.568 AND feature_0 > 1.289 AND feature_0 > 1.832 AND feature_1 > 1.8 AND feature_4 <= 0.223,"{'feature_0': (1.832, 4.577), 'feature_1': (1.8, 4.438), 'feature_4': (-4.13, 0.223)}",3,3.75,8,[Pretrained] CF,"[1946, 2936, 3494, 3694, 3732, 3756, 3762]",4.439,4.529,ResOve,[Pretrained] CF ResOve,1.189,0,1.189,3768,24,0.13478260869565217,5,0.6890000000000001,0.08999999999999986,all
3753,feature_0 > 0.058 AND feature_0 > 0.946 AND feature_1 > 0.743 AND feature_1 > 1.568 AND feature_0 > 1.289 AND feature_0 <= 1.832 AND feature_1 > 1.664 AND feature_0 > 1.63 AND feature_2 > -0.178,"{'feature_0': (1.63, 1.832), 'feature_1': (1.664, 4.438), 'feature_2': (-0.178, 4.286)}",3,3.535,9,[Pretrained] CF,"[1946, 2936, 3494, 3694, 3732, 3733, 3737, 3751]",3.93,3.953,ResOve,[Pretrained] CF ResOve,1.189,0,1.189,3768,26,0.0,5,0.395,0.022999999999999687,all
3738,feature_0 > 0.058 AND feature_0 > 0.946 AND feature_1 > 0.743 AND feature_1 > 1.568 AND feature_0 > 1.289 AND feature_0 <= 1.832 AND feature_1 > 1.664 AND feature_0 <= 1.63,"{'feature_0': (1.289, 1.63), 'feature_1': (1.664, 4.438)}",2,3.331,8,[Pretrained] CF,"[1946, 2936, 3494, 3694, 3732, 3733, 3737]",3.654,3.663,ResOve,[Pretrained] CF ResOve,1.189,0,1.189,3768,103,0.0,5,0.32299999999999995,0.008999999999999897,all
3762,feature_0 > 0.058 AND feature_0 > 0.946 AND feature_1 > 0.743 AND feature_1 > 1.568 AND feature_0 > 1.289 AND feature_0 > 1.832 AND feature_1 > 1.8,"{'feature_0': (1.832, 4.577), 'feature_1': (1.8, 4.438)}",2,3.684,7,[Pretrained] CF,"[1946, 2936, 3494, 3694, 3732, 3756]",4.466,4.54,ResOve,[Pretrained] CF ResOve,1.189,0,1.189,3768,50,0.25,5,0.782,0.07399999999999984,all
3763,feature_0 > 0.058 AND feature_0 > 0.946 AND feature_1 > 0.743 AND feature_1 > 1.568 AND feature_0 > 1.289 AND feature_0 > 1.832 AND feature_1 > 1.8 AND feature_4 <= 0.223,"{'feature_0': (1.832, 4.577), 'feature_1': (1.8, 4.438), 'feature_4': (-4.13, 0.223)}",3,3.75,8,[Pretrained] CF,"[1946, 2936, 3494, 3694, 3732, 3756, 3762]",4.439,4.529,NoOve,[Pretrained] CF NoOve,0.03,0,0.03,3768,24,0.0,5,0.6890000000000001,0.08999999999999986,all
3766,feature_0 > 0.058 AND feature_0 > 0.946 AND feature_1 > 0.743 AND feature_1 > 1.568 AND feature_0 > 1.289 AND feature_0 > 1.832 AND feature_1 > 1.8 AND feature_4 > 0.223,"{'feature_0': (1.832, 4.577), 'feature_1': (1.8, 4.438), 'feature_4': (0.223, 4.717)}",3,3.606,8,[Pretrained] CF,"[1946, 2936, 3494, 3694, 3732, 3756, 3762]",4.498,4.55,NoOve,[Pretrained] CF NoOve,0.03,0,0.03,3768,26,0.0,5,0.8920000000000003,0.0519999999999996,all
3751,feature_0 > 0.058 AND feature_0 > 0.946 AND feature_1 > 0.743 AND feature_1 > 1.568 AND feature_0 > 1.289 AND feature_0 <= 1.832 AND feature_1 > 1.664 AND feature_0 > 1.63,"{'feature_0': (1.63, 1.832), 'feature_1': (1.664, 4.438)}",2,3.484,8,[Pretrained] CF,"[1946, 2936, 3494, 3694, 3732, 3733, 3737]",3.913,3.926,NoOve,[Pretrained] CF NoOve,0.03,0,0.03,3768,34,0.0,5,0.4289999999999998,0.013000000000000345,all
3738,feature_0 > 0.058 AND feature_0 > 0.946 AND feature_1 > 0.743 AND feature_1 > 1.568 AND feature_0 > 1.289 AND feature_0 <= 1.832 AND feature_1 > 1.664 AND feature_0 <= 1.63,"{'feature_0': (1.289, 1.63), 'feature_1': (1.664, 4.438)}",2,3.331,8,[Pretrained] CF,"[1946, 2936, 3494, 3694, 3732, 3733, 3737]",3.654,3.663,NoOve,[Pretrained] CF NoOve,0.03,0,0.03,3768,103,0.0,5,0.32299999999999995,0.008999999999999897,all
3689,feature_0 > 0.058 AND feature_0 > 0.946 AND feature_1 > 0.743 AND feature_1 <= 1.568 AND feature_0 > 1.347 AND feature_1 > 1.049 AND feature_0 > 1.914 AND feature_1 > 1.407,"{'feature_0': (1.914, 4.577), 'feature_1': (1.407, 1.568)}",2,3.209,8,[Pretrained] CF,"[1946, 2936, 3494, 3495, 3589, 3641, 3677]",3.96,3.919,NoOve,[Pretrained] CF NoOve,0.03,0,0.03,3768,35,0.0,5,0.7509999999999999,0.040999999999999925,all
2761,feature_0 > 0.058 AND feature_0 <= 0.946 AND feature_1 > 0.771 AND feature_1 > 1.148 AND feature_0 <= 0.438 AND feature_1 > 1.645 AND feature_4 <= 0.694 AND feature_1 <= 2.032 AND feature_0 <= 0.345 AND feature_2 <= 0.113 AND feature_2 <= -1.033,"{'feature_0': (0.058, 0.345), 'feature_1': (1.645, 2.032), 'feature_4': (-4.13, 0.694), 'feature_2': (-4.532, -1.033)}",4,2.016,11,[Pretrained] CF,"[1946, 1947, 2521, 2701, 2702, 2756, 2757, 2758, 2759, 2760]",2.164,2.167,Random,[Pretrained] CF Random,0.003,0,0.003,3768,24,0.0,5,0.14800000000000013,0.0029999999999996696,all
1723,feature_0 <= 0.058 AND feature_0 > -0.982 AND feature_1 > 0.164 AND feature_1 <= 1.51 AND feature_0 > -0.397 AND feature_1 > 0.802 AND feature_0 <= -0.135 AND feature_1 > 1.346 AND feature_0 > -0.229 AND feature_2 > -0.584,"{'feature_0': (-0.229, -0.135), 'feature_1': (1.346, 1.51), 'feature_2': (-0.584, 4.286)}",3,1.093,10,[Pretrained] CF,"[1, 771, 1393, 1394, 1588, 1680, 1681, 1711, 1721]",1.458,1.452,Random,[Pretrained] CF Random,0.003,0,0.003,3768,33,0.0,5,0.365,0.006000000000000005,all
531,feature_0 <= 0.058 AND feature_0 <= -0.982 AND feature_1 > 0.16 AND feature_0 <= -1.389 AND feature_1 > 1.038 AND feature_1 > 1.441,"{'feature_0': (-4.695, -1.389), 'feature_1': (1.441, 4.438)}",2,0.219,6,[Pretrained] CF,"[1, 2, 380, 381, 493]",0.152,0.134,Random,[Pretrained] CF Random,0.003,0,0.003,3768,279,0.0,5,0.067,0.017999999999999988,all
1212,feature_0 <= 0.058 AND feature_0 > -0.982 AND feature_1 <= 0.164 AND feature_0 > -0.216 AND feature_1 <= -0.913 AND feature_0 > -0.109 AND feature_1 > -1.438 AND feature_0 <= 0.022 AND feature_1 > -1.168 AND feature_2 <= 0.257 AND feature_1 <= -0.981,"{'feature_0': (-0.109, 0.022), 'feature_1': (-1.168, -0.981), 'feature_2': (-4.532, 0.257)}",3,0.185,11,[Pretrained] CF,"[1, 771, 772, 1126, 1127, 1175, 1201, 1202, 1210, 1211]",0.255,0.257,Random,[Pretrained] CF Random,0.003,0,0.003,3768,60,0.0,5,0.07,0.0020000000000000018,all
3066,feature_0 > 0.058 AND feature_0 > 0.946 AND feature_1 <= 0.743 AND feature_0 <= 1.577 AND feature_1 <= 0.104 AND feature_0 > 1.253 AND feature_0 <= 1.458 AND feature_1 > -0.473 AND feature_0 > 1.33 AND feature_7 <= -0.204 AND feature_3 <= 0.683,"{'feature_0': (1.33, 1.458), 'feature_1': (-0.473, 0.104), 'feature_7': (-4.375, -0.204), 'feature_3': (-4.344, 0.683)}",4,1.765,11,[Pretrained] CF,"[1946, 2936, 2937, 2938, 2939, 3023, 3024, 3050, 3064, 3065]",1.995,1.992,Random,[Pretrained] CF Random,0.003,0,0.003,3768,61,0.0,5,0.2300000000000002,0.0030000000000001137,all
3480,feature_0 > 0.058 AND feature_0 > 0.946 AND feature_1 <= 0.743 AND feature_0 > 1.577 AND feature_0 > 2.049 AND feature_1 > 0.008 AND feature_4 > -0.358 AND feature_0 > 2.149 AND feature_1 <= 0.316 AND feature_2 > -0.688 AND feature_1 > 0.102 AND feature_5 > -0.07,"{'feature_0': (2.149, 4.577), 'feature_1': (0.102, 0.316), 'feature_4': (-0.358, 4.717), 'feature_2': (-0.688, 4.286), 'feature_5': (-0.07, 4.284)}",5,2.909,12,[Pretrained] CF,"[1946, 2936, 2937, 3253, 3393, 3451, 3467, 3473, 3474, 3476, 3478]",3.307,3.307,OptRes,[Pretrained] CF OptRes,0.009,0,0.009,3768,43,0.11197916666666667,5,0.39800000000000013,0.0,hte_only
3476,feature_0 > 0.058 AND feature_0 > 0.946 AND feature_1 <= 0.743 AND feature_0 > 1.577 AND feature_0 > 2.049 AND feature_1 > 0.008 AND feature_4 > -0.358 AND feature_0 > 2.149 AND feature_1 <= 0.316 AND feature_2 > -0.688,"{'feature_0': (2.149, 4.577), 'feature_1': (0.008, 0.316), 'feature_4': (-0.358, 4.717), 'feature_2': (-0.688, 4.286)}",4,2.846,10,[Pretrained] CF,"[1946, 2936, 2937, 3253, 3393, 3451, 3467, 3473, 3474]",3.253,3.253,OptRes,[Pretrained] CF OptRes,0.009,0,0.009,3768,96,0.25,5,0.40700000000000003,0.0,hte_only
3479,feature_0 > 0.058 AND feature_0 > 0.946 AND feature_1 <= 0.743 AND feature_0 > 1.577 AND feature_0 > 2.049 AND feature_1 > 0.008 AND feature_4 > -0.358 AND feature_0 > 2.149 AND feature_1 <= 0.316 AND feature_2 > -0.688 AND feature_1 > 0.102 AND feature_5 <= -0.07,"{'feature_0': (2.149, 4.577), 'feature_1': (0.102, 0.316), 'feature_4': (-0.358, 4.717), 'feature_2': (-0.688, 4.286), 'feature_5': (-4.895, -0.07)}",5,2.82,12,[Pretrained] CF,"[1946, 2936, 2937, 3253, 3393, 3451, 3467, 3473, 3474, 3476, 3478]",3.228,3.228,OptRes,[Pretrained] CF OptRes,0.009,0,0.009,3768,26,0.06770833333333333,5,0.40800000000000036,0.0,hte_only
3477,feature_0 > 0.058 AND feature_0 > 0.946 AND feature_1 <= 0.743 AND feature_0 > 1.577 AND feature_0 > 2.049 AND feature_1 > 0.008 AND feature_4 > -0.358 AND feature_0 > 2.149 AND feature_1 <= 0.316 AND feature_2 > -0.688 AND feature_1 <= 0.102,"{'feature_0': (2.149, 4.577), 'feature_1': (0.008, 0.102), 'feature_4': (-0.358, 4.717), 'feature_2': (-0.688, 4.286)}",4,2.773,11,[Pretrained] CF,"[1946, 2936, 2937, 3253, 3393, 3451, 3467, 3473, 3474, 3476]",3.189,3.189,OptRes,[Pretrained] CF OptRes,0.009,0,0.009,3768,27,0.0703125,5,0.4159999999999999,0.0,hte_only
3475,feature_0 > 0.058 AND feature_0 > 0.946 AND feature_1 <= 0.743 AND feature_0 > 1.577 AND feature_0 > 2.049 AND feature_1 > 0.008 AND feature_4 > -0.358 AND feature_0 > 2.149 AND feature_1 <= 0.316 AND feature_2 <= -0.688,"{'feature_0': (2.149, 4.577), 'feature_1': (0.008, 0.316), 'feature_4': (-0.358, 4.717), 'feature_2': (-4.532, -0.688)}",4,2.686,10,[Pretrained] CF,"[1946, 2936, 2937, 3253, 3393, 3451, 3467, 3473, 3474]",3.282,3.282,OptRes,[Pretrained] CF OptRes,0.009,0,0.009,3768,33,0.0,5,0.5960000000000001,0.0,hte_only
3480,feature_0 > 0.058 AND feature_0 > 0.946 AND feature_1 <= 0.743 AND feature_0 > 1.577 AND feature_0 > 2.049 AND feature_1 > 0.008 AND feature_4 > -0.358 AND feature_0 > 2.149 AND feature_1 <= 0.316 AND feature_2 > -0.688 AND feature_1 > 0.102 AND feature_5 > -0.07,"{'feature_0': (2.149, 4.577), 'feature_1': (0.102, 0.316), 'feature_4': (-0.358, 4.717), 'feature_2': (-0.688, 4.286), 'feature_5': (-0.07, 4.284)}",5,2.909,12,[Pretrained] CF,"[1946, 2936, 2937, 3253, 3393, 3451, 3467, 3473, 3474, 3476, 3478]",3.307,3.307,ResOve,[Pretrained] CF ResOve,0.479,0,0.479,3768,43,0.0,5,0.39800000000000013,0.0,hte_only
3479,feature_0 > 0.058 AND feature_0 > 0.946 AND feature_1 <= 0.743 AND feature_0 > 1.577 AND feature_0 > 2.049 AND feature_1 > 0.008 AND feature_4 > -0.358 AND feature_0 > 2.149 AND feature_1 <= 0.316 AND feature_2 > -0.688 AND feature_1 > 0.102 AND feature_5 <= -0.07,"{'feature_0': (2.149, 4.577), 'feature_1': (0.102, 0.316), 'feature_4': (-0.358, 4.717), 'feature_2': (-0.688, 4.286), 'feature_5': (-4.895, -0.07)}",5,2.82,12,[Pretrained] CF,"[1946, 2936, 2937, 3253, 3393, 3451, 3467, 3473, 3474, 3476, 3478]",3.228,3.228,ResOve,[Pretrained] CF ResOve,0.479,0,0.479,3768,26,0.0,5,0.40800000000000036,0.0,hte_only
3475,feature_0 > 0.058 AND feature_0 > 0.946 AND feature_1 <= 0.743 AND feature_0 > 1.577 AND feature_0 > 2.049 AND feature_1 > 0.008 AND feature_4 > -0.358 AND feature_0 > 2.149 AND feature_1 <= 0.316 AND feature_2 <= -0.688,"{'feature_0': (2.149, 4.577), 'feature_1': (0.008, 0.316), 'feature_4': (-0.358, 4.717), 'feature_2': (-4.532, -0.688)}",4,2.686,10,[Pretrained] CF,"[1946, 2936, 2937, 3253, 3393, 3451, 3467, 3473, 3474]",3.282,3.282,ResOve,[Pretrained] CF ResOve,0.479,0,0.479,3768,33,0.0,5,0.5960000000000001,0.0,hte_only
3469,feature_0 > 0.058 AND feature_0 > 0.946 AND feature_1 <= 0.743 AND feature_0 > 1.577 AND feature_0 > 2.049 AND feature_1 > 0.008 AND feature_4 > -0.358 AND feature_0 <= 2.149 AND feature_1 <= 0.322,"{'feature_0': (2.049, 2.149), 'feature_1': (0.008, 0.322), 'feature_4': (-0.358, 4.717)}",3,2.617,9,[Pretrained] CF,"[1946, 2936, 2937, 3253, 3393, 3451, 3467, 3468]",2.877,2.877,ResOve,[Pretrained] CF ResOve,0.479,0,0.479,3768,32,0.0,5,0.2599999999999998,0.0,hte_only
3433,feature_0 > 0.058 AND feature_0 > 0.946 AND feature_1 <= 0.743 AND feature_0 > 1.577 AND feature_0 > 2.049 AND feature_1 <= 0.008 AND feature_0 > 2.265 AND feature_6 <= -0.096 AND feature_1 > -0.251 AND feature_9 > -0.267,"{'feature_0': (2.265, 4.577), 'feature_1': (-0.251, 0.008), 'feature_6': (-4.852, -0.096), 'feature_9': (-0.267, 4.08)}",4,2.623,10,[Pretrained] CF,"[1946, 2936, 2937, 3253, 3393, 3394, 3420, 3421, 3431]",3.285,3.285,ResOve,[Pretrained] CF ResOve,0.479,0,0.479,3768,29,0.0,5,0.6619999999999999,0.0,hte_only
3478,feature_0 > 0.058 AND feature_0 > 0.946 AND feature_1 <= 0.743 AND feature_0 > 1.577 AND feature_0 > 2.049 AND feature_1 > 0.008 AND feature_4 > -0.358 AND feature_0 > 2.149 AND feature_1 <= 0.316 AND feature_2 > -0.688 AND feature_1 > 0.102,"{'feature_0': (2.149, 4.577), 'feature_1': (0.102, 0.316), 'feature_4': (-0.358, 4.717), 'feature_2': (-0.688, 4.286)}",4,2.875,11,[Pretrained] CF,"[1946, 2936, 2937, 3253, 3393, 3451, 3467, 3473, 3474, 3476]",3.277,3.277,NoOve,[Pretrained] CF NoOve,0.022,0,0.022,3768,69,0.0,5,0.40200000000000014,0.0,hte_only
3477,feature_0 > 0.058 AND feature_0 > 0.946 AND feature_1 <= 0.743 AND feature_0 > 1.577 AND feature_0 > 2.049 AND feature_1 > 0.008 AND feature_4 > -0.358 AND feature_0 > 2.149 AND feature_1 <= 0.316 AND feature_2 > -0.688 AND feature_1 <= 0.102,"{'feature_0': (2.149, 4.577), 'feature_1': (0.008, 0.102), 'feature_4': (-0.358, 4.717), 'feature_2': (-0.688, 4.286)}",4,2.773,11,[Pretrained] CF,"[1946, 2936, 2937, 3253, 3393, 3451, 3467, 3473, 3474, 3476]",3.189,3.189,NoOve,[Pretrained] CF NoOve,0.022,0,0.022,3768,27,0.0,5,0.4159999999999999,0.0,hte_only
3380,feature_0 > 0.058 AND feature_0 > 0.946 AND feature_1 <= 0.743 AND feature_0 > 1.577 AND feature_0 <= 2.049 AND feature_1 > 0.012 AND feature_2 > -0.247 AND feature_0 > 1.8 AND feature_1 <= 0.247 AND feature_0 > 1.896 AND feature_6 <= -0.014,"{'feature_0': (1.896, 2.049), 'feature_1': (0.012, 0.247), 'feature_2': (-0.247, 4.286), 'feature_6': (-4.852, -0.014)}",4,2.597,11,[Pretrained] CF,"[1946, 2936, 2937, 3253, 3254, 3328, 3358, 3376, 3377, 3379]",2.734,2.734,NoOve,[Pretrained] CF NoOve,0.022,0,0.022,3768,30,0.0,5,0.137,0.0,hte_only
3381,feature_0 > 0.058 AND feature_0 > 0.946 AND feature_1 <= 0.743 AND feature_0 > 1.577 AND feature_0 <= 2.049 AND feature_1 > 0.012 AND feature_2 > -0.247 AND feature_0 > 1.8 AND feature_1 <= 0.247 AND feature_0 > 1.896 AND feature_6 > -0.014,"{'feature_0': (1.896, 2.049), 'feature_1': (0.012, 0.247), 'feature_2': (-0.247, 4.286), 'feature_6': (-0.014, 4.078)}",4,2.481,11,[Pretrained] CF,"[1946, 2936, 2937, 3253, 3254, 3328, 3358, 3376, 3377, 3379]",2.724,2.724,NoOve,[Pretrained] CF NoOve,0.022,0,0.022,3768,25,0.0,5,0.24300000000000033,0.0,hte_only
3354,feature_0 > 0.058 AND feature_0 > 0.946 AND feature_1 <= 0.743 AND feature_0 > 1.577 AND feature_0 <= 2.049 AND feature_1 > 0.012 AND feature_2 <= -0.247 AND feature_0 > 1.729 AND feature_1 > 0.176 AND feature_4 > -0.075 AND feature_1 <= 0.568,"{'feature_0': (1.729, 2.049), 'feature_1': (0.176, 0.568), 'feature_2': (-4.532, -0.247), 'feature_4': (-0.075, 4.717)}",4,2.48,11,[Pretrained] CF,"[1946, 2936, 2937, 3253, 3254, 3328, 3329, 3343, 3347, 3353]",2.791,2.791,NoOve,[Pretrained] CF NoOve,0.022,0,0.022,3768,74,0.0,5,0.31099999999999994,0.0,hte_only
2053,feature_0 > 0.058 AND feature_0 <= 0.946 AND feature_1 <= 0.771 AND feature_0 <= 0.647 AND feature_1 <= -0.652 AND feature_1 > -1.007 AND feature_0 <= 0.404 AND feature_0 <= 0.098 AND feature_0 > 0.077 AND feature_6 > -0.59 AND feature_1 <= -0.854,"{'feature_0': (0.077, 0.098), 'feature_1': (-1.007, -0.854), 'feature_6': (-0.59, 4.078)}",3,0.69,11,[Pretrained] CF,"[1946, 1947, 1948, 1949, 1950, 2042, 2043, 2044, 2050, 2052]",0.423,0.423,Random,[Pretrained] CF Random,0.003,0,0.003,3768,23,0.0,5,0.26699999999999996,0.0,hte_only
2313,feature_0 > 0.058 AND feature_0 <= 0.946 AND feature_1 <= 0.771 AND feature_0 > 0.647 AND feature_1 <= 0.108 AND feature_1 <= -0.977 AND feature_0 <= 0.775 AND feature_1 > -1.23 AND feature_0 > 0.733,"{'feature_0': (0.733, 0.775), 'feature_1': (-1.23, -0.977)}",2,1.057,9,[Pretrained] CF,"[1946, 1947, 1948, 2284, 2285, 2286, 2287, 2303]",1.044,1.044,Random,[Pretrained] CF Random,0.003,0,0.003,3768,79,0.0,5,0.0129999999999999,0.0,hte_only
846,feature_0 <= 0.058 AND feature_0 > -0.982 AND feature_1 <= 0.164 AND feature_0 <= -0.216 AND feature_1 <= -0.449 AND feature_1 <= -1.153 AND feature_0 > -0.594 AND feature_2 <= 1.057 AND feature_1 > -1.395 AND feature_0 <= -0.285 AND feature_3 > 1.008 AND feature_6 <= -0.05,"{'feature_0': (-0.594, -0.285), 'feature_1': (-1.395, -1.153), 'feature_2': (-4.532, 1.057), 'feature_3': (1.008, 4.384), 'feature_6': (-4.852, -0.05)}",5,0.393,12,[Pretrained] CF,"[1, 771, 772, 773, 774, 775, 823, 824, 840, 841, 845]",0.203,0.203,Random,[Pretrained] CF Random,0.003,0,0.003,3768,23,0.0,5,0.19,0.0,hte_only
2118,feature_0 > 0.058 AND feature_0 <= 0.946 AND feature_1 <= 0.771 AND feature_0 <= 0.647 AND feature_1 > -0.652 AND feature_1 <= 0.258 AND feature_0 <= 0.388 AND feature_1 <= -0.058 AND feature_0 > 0.08 AND feature_2 <= 1.548 AND feature_4 <= -0.908,"{'feature_0': (0.08, 0.388), 'feature_1': (-0.652, -0.058), 'feature_2': (-4.532, 1.548), 'feature_4': (-4.13, -0.908)}",4,0.854,11,[Pretrained] CF,"[1946, 1947, 1948, 1949, 2101, 2102, 2103, 2104, 2116, 2117]",0.772,0.772,Random,[Pretrained] CF Random,0.003,0,0.003,3768,414,0.0,5,0.08199999999999996,0.0,hte_only
2222,feature_0 > 0.058 AND feature_0 <= 0.946 AND feature_1 <= 0.771 AND feature_0 <= 0.647 AND feature_1 > -0.652 AND feature_1 > 0.258 AND feature_1 <= 0.658 AND feature_2 <= 1.28 AND feature_0 > 0.392 AND feature_1 <= 0.505 AND feature_7 > 0.902,"{'feature_0': (0.392, 0.647), 'feature_1': (0.258, 0.505), 'feature_2': (-4.532, 1.28), 'feature_7': (0.902, 4.28)}",4,1.258,11,[Pretrained] CF,"[1946, 1947, 1948, 1949, 2101, 2199, 2200, 2201, 2217, 2218]",1.422,1.422,Random,[Pretrained] CF Random,0.003,0,0.003,3768,157,0.0,5,0.16399999999999992,0.0,hte_only
3765,feature_0 > 0.058 AND feature_0 > 0.946 AND feature_1 > 0.743 AND feature_1 > 1.568 AND feature_0 > 1.289 AND feature_0 > 1.832 AND feature_1 > 1.8 AND feature_4 <= 0.223 AND feature_1 > 2.183,"{'feature_0': (1.832, 4.577), 'feature_1': (2.183, 4.438), 'feature_4': (-4.13, 0.223)}",3,3.805,9,[Pretrained] CF,"[1946, 2936, 3494, 3694, 3732, 3756, 3762, 3763]",4.709,4.697,OptRes,[Pretrained] CF OptRes,0.011,0,0.011,3768,24,0.14421128187806115,5,0.9039999999999995,0.011999999999999567,rest
3763,feature_0 > 0.058 AND feature_0 > 0.946 AND feature_1 > 0.743 AND feature_1 > 1.568 AND feature_0 > 1.289 AND feature_0 > 1.832 AND feature_1 > 1.8 AND feature_4 <= 0.223,"{'feature_0': (1.832, 4.577), 'feature_1': (1.8, 4.438), 'feature_4': (-4.13, 0.223)}",3,3.75,8,[Pretrained] CF,"[1946, 2936, 3494, 3694, 3732, 3756, 3762]",4.439,4.441,OptRes,[Pretrained] CF OptRes,0.011,0,0.011,3768,54,0.19002280020266848,5,0.6890000000000001,0.0019999999999997797,rest
3768,feature_0 > 0.058 AND feature_0 > 0.946 AND feature_1 > 0.743 AND feature_1 > 1.568 AND feature_0 > 1.289 AND feature_0 > 1.832 AND feature_1 > 1.8 AND feature_4 > 0.223 AND feature_0 > 1.977,"{'feature_0': (1.977, 4.577), 'feature_1': (1.8, 4.438), 'feature_4': (0.223, 4.717)}",3,3.656,9,[Pretrained] CF,"[1946, 2936, 3494, 3694, 3732, 3756, 3762, 3766]",4.679,4.678,OptRes,[Pretrained] CF OptRes,0.011,0,0.011,3768,29,0.04319371727748691,5,1.0230000000000001,0.001000000000000334,rest
3756,feature_0 > 0.058 AND feature_0 > 0.946 AND feature_1 > 0.743 AND feature_1 > 1.568 AND feature_0 > 1.289 AND feature_0 > 1.832,"{'feature_0': (1.832, 4.577), 'feature_1': (1.568, 4.438)}",2,3.61,6,[Pretrained] CF,"[1946, 2936, 3494, 3694, 3732]",4.329,4.334,OptRes,[Pretrained] CF OptRes,0.011,0,0.011,3768,169,0.21465968586387435,5,0.7189999999999999,0.004999999999999893,rest
3759,feature_0 > 0.058 AND feature_0 > 0.946 AND feature_1 > 0.743 AND feature_1 > 1.568 AND feature_0 > 1.289 AND feature_0 > 1.832 AND feature_1 <= 1.8 AND feature_0 > 2.096,"{'feature_0': (2.096, 4.577), 'feature_1': (1.568, 1.8)}",2,3.581,8,[Pretrained] CF,"[1946, 2936, 3494, 3694, 3732, 3756, 3757]",4.389,4.409,OptRes,[Pretrained] CF OptRes,0.011,0,0.011,3768,39,0.0549738219895288,5,0.8080000000000003,0.019999999999999574,rest
3768,feature_0 > 0.058 AND feature_0 > 0.946 AND feature_1 > 0.743 AND feature_1 > 1.568 AND feature_0 > 1.289 AND feature_0 > 1.832 AND feature_1 > 1.8 AND feature_4 > 0.223 AND feature_0 > 1.977,"{'feature_0': (1.977, 4.577), 'feature_1': (1.8, 4.438), 'feature_4': (0.223, 4.717)}",3,3.656,9,[Pretrained] CF,"[1946, 2936, 3494, 3694, 3732, 3756, 3762, 3766]",4.679,4.678,ResOve,[Pretrained] CF ResOve,0.974,0,0.974,3768,29,0.0,5,1.0230000000000001,0.001000000000000334,rest
3765,feature_0 > 0.058 AND feature_0 > 0.946 AND feature_1 > 0.743 AND feature_1 > 1.568 AND feature_0 > 1.289 AND feature_0 > 1.832 AND feature_1 > 1.8 AND feature_4 <= 0.223 AND feature_1 > 2.183,"{'feature_0': (1.832, 4.577), 'feature_1': (2.183, 4.438), 'feature_4': (-4.13, 0.223)}",3,3.805,9,[Pretrained] CF,"[1946, 2936, 3494, 3694, 3732, 3756, 3762, 3763]",4.709,4.697,ResOve,[Pretrained] CF ResOve,0.974,0,0.974,3768,24,0.0,5,0.9039999999999995,0.011999999999999567,rest
3764,feature_0 > 0.058 AND feature_0 > 0.946 AND feature_1 > 0.743 AND feature_1 > 1.568 AND feature_0 > 1.289 AND feature_0 > 1.832 AND feature_1 > 1.8 AND feature_4 <= 0.223 AND feature_1 <= 2.183,"{'feature_0': (1.832, 4.577), 'feature_1': (1.8, 2.183), 'feature_4': (-4.13, 0.223)}",3,3.708,9,[Pretrained] CF,"[1946, 2936, 3494, 3694, 3732, 3756, 3762, 3763]",4.231,4.237,ResOve,[Pretrained] CF ResOve,0.974,0,0.974,3768,30,0.0,5,0.5229999999999997,0.006000000000000227,rest
3759,feature_0 > 0.058 AND feature_0 > 0.946 AND feature_1 > 0.743 AND feature_1 > 1.568 AND feature_0 > 1.289 AND feature_0 > 1.832 AND feature_1 <= 1.8 AND feature_0 > 2.096,"{'feature_0': (2.096, 4.577), 'feature_1': (1.568, 1.8)}",2,3.581,8,[Pretrained] CF,"[1946, 2936, 3494, 3694, 3732, 3756, 3757]",4.389,4.409,ResOve,[Pretrained] CF ResOve,0.974,0,0.974,3768,39,0.0,5,0.8080000000000003,0.019999999999999574,rest
3753,feature_0 > 0.058 AND feature_0 > 0.946 AND feature_1 > 0.743 AND feature_1 > 1.568 AND feature_0 > 1.289 AND feature_0 <= 1.832 AND feature_1 > 1.664 AND feature_0 > 1.63 AND feature_2 > -0.178,"{'feature_0': (1.63, 1.832), 'feature_1': (1.664, 4.438), 'feature_2': (-0.178, 4.286)}",3,3.535,9,[Pretrained] CF,"[1946, 2936, 3494, 3694, 3732, 3733, 3737, 3751]",3.93,3.937,ResOve,[Pretrained] CF ResOve,0.974,0,0.974,3768,50,0.0,5,0.395,0.006999999999999673,rest
3765,feature_0 > 0.058 AND feature_0 > 0.946 AND feature_1 > 0.743 AND feature_1 > 1.568 AND feature_0 > 1.289 AND feature_0 > 1.832 AND feature_1 > 1.8 AND feature_4 <= 0.223 AND feature_1 > 2.183,"{'feature_0': (1.832, 4.577), 'feature_1': (2.183, 4.438), 'feature_4': (-4.13, 0.223)}",3,3.805,9,[Pretrained] CF,"[1946, 2936, 3494, 3694, 3732, 3756, 3762, 3763]",4.709,4.697,NoOve,[Pretrained] CF NoOve,0.016,0,0.016,3768,24,0.0,5,0.9039999999999995,0.011999999999999567,rest
3764,feature_0 > 0.058 AND feature_0 > 0.946 AND feature_1 > 0.743 AND feature_1 > 1.568 AND feature_0 > 1.289 AND feature_0 > 1.832 AND feature_1 > 1.8 AND feature_4 <= 0.223 AND feature_1 <= 2.183,"{'feature_0': (1.832, 4.577), 'feature_1': (1.8, 2.183), 'feature_4': (-4.13, 0.223)}",3,3.708,9,[Pretrained] CF,"[1946, 2936, 3494, 3694, 3732, 3756, 3762, 3763]",4.231,4.237,NoOve,[Pretrained] CF NoOve,0.016,0,0.016,3768,30,0.0,5,0.5229999999999997,0.006000000000000227,rest
3768,feature_0 > 0.058 AND feature_0 > 0.946 AND feature_1 > 0.743 AND feature_1 > 1.568 AND feature_0 > 1.289 AND feature_0 > 1.832 AND feature_1 > 1.8 AND feature_4 > 0.223 AND feature_0 > 1.977,"{'feature_0': (1.977, 4.577), 'feature_1': (1.8, 4.438), 'feature_4': (0.223, 4.717)}",3,3.656,9,[Pretrained] CF,"[1946, 2936, 3494, 3694, 3732, 3756, 3762, 3766]",4.679,4.678,NoOve,[Pretrained] CF NoOve,0.016,0,0.016,3768,29,0.0,5,1.0230000000000001,0.001000000000000334,rest
3753,feature_0 > 0.058 AND feature_0 > 0.946 AND feature_1 > 0.743 AND feature_1 > 1.568 AND feature_0 > 1.289 AND feature_0 <= 1.832 AND feature_1 > 1.664 AND feature_0 > 1.63 AND feature_2 > -0.178,"{'feature_0': (1.63, 1.832), 'feature_1': (1.664, 4.438), 'feature_2': (-0.178, 4.286)}",3,3.535,9,[Pretrained] CF,"[1946, 2936, 3494, 3694, 3732, 3733, 3737, 3751]",3.93,3.937,NoOve,[Pretrained] CF NoOve,0.016,0,0.016,3768,50,0.0,5,0.395,0.006999999999999673,rest
3748,feature_0 > 0.058 AND feature_0 > 0.946 AND feature_1 > 0.743 AND feature_1 > 1.568 AND feature_0 > 1.289 AND feature_0 <= 1.832 AND feature_1 > 1.664 AND feature_0 <= 1.63 AND feature_1 > 2.181,"{'feature_0': (1.289, 1.63), 'feature_1': (2.181, 4.438)}",2,3.437,9,[Pretrained] CF,"[1946, 2936, 3494, 3694, 3732, 3733, 3737, 3738]",4.018,4.022,NoOve,[Pretrained] CF NoOve,0.016,0,0.016,3768,67,0.0,5,0.581,0.004000000000000448,rest
1275,feature_0 <= 0.058 AND feature_0 > -0.982 AND feature_1 <= 0.164 AND feature_0 > -0.216 AND feature_1 > -0.913 AND feature_0 <= -0.125 AND feature_1 <= -0.18 AND feature_2 > 0.436 AND feature_1 > -0.556 AND feature_2 <= 1.282 AND feature_6 <= -0.294 AND feature_2 <= 0.743,"{'feature_0': (-0.216, -0.125), 'feature_1': (-0.556, -0.18), 'feature_2': (0.436, 0.743), 'feature_6': (-4.852, -0.294)}",4,0.301,12,[Pretrained] CF,"[1, 771, 772, 1126, 1234, 1235, 1236, 1262, 1272, 1273, 1274]",0.339,0.339,Random,[Pretrained] CF Random,0.003,0,0.003,3768,32,0.0,5,0.038000000000000034,0.0,rest
3311,feature_0 > 0.058 AND feature_0 > 0.946 AND feature_1 <= 0.743 AND feature_0 > 1.577 AND feature_0 <= 2.049 AND feature_1 <= 0.012 AND feature_0 > 1.687 AND feature_3 <= 1.254 AND feature_4 > -0.495 AND feature_2 <= -0.792 AND feature_7 > 0.219,"{'feature_0': (1.687, 2.049), 'feature_1': (-4.202, 0.012), 'feature_3': (-4.344, 1.254), 'feature_4': (-0.495, 4.717), 'feature_2': (-4.532, -0.792), 'feature_7': (0.219, 4.28)}",6,2.251,11,[Pretrained] CF,"[1946, 2936, 2937, 3253, 3254, 3255, 3291, 3292, 3306, 3307]",2.251,2.251,Random,[Pretrained] CF Random,0.003,0,0.003,3768,75,0.0,5,0.0,0.0,rest
2977,feature_0 > 0.058 AND feature_0 > 0.946 AND feature_1 <= 0.743 AND feature_0 <= 1.577 AND feature_1 <= 0.104 AND feature_0 <= 1.253 AND feature_1 <= -0.454 AND feature_0 > 1.088 AND feature_9 > -0.779 AND feature_0 <= 1.225 AND feature_2 <= -1.075 AND feature_6 > 0.044,"{'feature_0': (1.088, 1.225), 'feature_1': (-4.202, -0.454), 'feature_9': (-0.779, 4.08), 'feature_2': (-4.532, -1.075), 'feature_6': (0.044, 4.078)}",5,1.497,12,[Pretrained] CF,"[1946, 2936, 2937, 2938, 2939, 2940, 2941, 2963, 2973, 2974, 2975]",1.466,1.464,Random,[Pretrained] CF Random,0.003,0,0.003,3768,46,0.0,5,0.03100000000000014,0.0020000000000000018,rest
733,feature_0 <= 0.058 AND feature_0 <= -0.982 AND feature_1 > 0.16 AND feature_0 > -1.389 AND feature_1 > 0.835 AND feature_1 <= 1.694 AND feature_0 > -1.251 AND feature_1 > 1.293 AND feature_2 <= 1.082 AND feature_4 <= 0.384,"{'feature_0': (-1.251, -0.982), 'feature_1': (1.293, 1.694), 'feature_2': (-4.532, 1.082), 'feature_4': (-4.13, 0.384)}",4,0.528,10,[Pretrained] CF,"[1, 2, 380, 570, 680, 681, 711, 731, 732]",0.567,0.562,Random,[Pretrained] CF Random,0.003,0,0.003,3768,167,0.0,5,0.038999999999999924,0.004999999999999893,rest
511,feature_0 <= 0.058 AND feature_0 <= -0.982 AND feature_1 > 0.16 AND feature_0 <= -1.389 AND feature_1 > 1.038 AND feature_1 <= 1.441 AND feature_0 > -2.09 AND feature_2 <= 0.936 AND feature_1 <= 1.299 AND feature_0 <= -1.834 AND feature_2 > -0.675 AND feature_4 > 0.501,"{'feature_0': (-2.09, -1.834), 'feature_1': (1.038, 1.299), 'feature_2': (-0.675, 0.936), 'feature_4': (0.501, 4.717)}",4,0.296,12,[Pretrained] CF,"[1, 2, 380, 381, 493, 494, 504, 505, 506, 507, 509]",0.484,0.491,Random,[Pretrained] CF Random,0.003,0,0.003,3768,21,0.0,5,0.188,0.007000000000000006,rest
3763,feature_0 > 0.058 AND feature_0 > 0.946 AND feature_1 > 0.743 AND feature_1 > 1.568 AND feature_0 > 1.289 AND feature_0 > 1.832 AND feature_1 > 1.8 AND feature_4 <= 0.223,"{'feature_0': (1.832, 4.577), 'feature_1': (1.8, 4.438), 'feature_4': (-4.13, 0.223)}",3,3.75,8,[Pretrained] CF,"[1946, 2936, 3494, 3694, 3732, 3756, 3762]",4.439,4.44,OptRes,[Pretrained] CF OptRes,0.009,0,0.009,3768,40,0.08115183246073299,5,0.6890000000000001,0.001000000000000334,all
3768,feature_0 > 0.058 AND feature_0 > 0.946 AND feature_1 > 0.743 AND feature_1 > 1.568 AND feature_0 > 1.289 AND feature_0 > 1.832 AND feature_1 > 1.8 AND feature_4 > 0.223 AND feature_0 > 1.977,"{'feature_0': (1.977, 4.577), 'feature_1': (1.8, 4.438), 'feature_4': (0.223, 4.717)}",3,3.656,9,[Pretrained] CF,"[1946, 2936, 3494, 3694, 3732, 3756, 3762, 3766]",4.679,4.596,OptRes,[Pretrained] CF OptRes,0.009,0,0.009,3768,23,0.04319371727748691,5,1.0230000000000001,0.08300000000000018,all
3756,feature_0 > 0.058 AND feature_0 > 0.946 AND feature_1 > 0.743 AND feature_1 > 1.568 AND feature_0 > 1.289 AND feature_0 > 1.832,"{'feature_0': (1.832, 4.577), 'feature_1': (1.568, 4.438)}",2,3.61,6,[Pretrained] CF,"[1946, 2936, 3494, 3694, 3732]",4.329,4.343,OptRes,[Pretrained] CF OptRes,0.009,0,0.009,3768,129,0.1793193717277487,5,0.7189999999999999,0.014000000000000234,all
3759,feature_0 > 0.058 AND feature_0 > 0.946 AND feature_1 > 0.743 AND feature_1 > 1.568 AND feature_0 > 1.289 AND feature_0 > 1.832 AND feature_1 <= 1.8 AND feature_0 > 2.096,"{'feature_0': (2.096, 4.577), 'feature_1': (1.568, 1.8)}",2,3.581,8,[Pretrained] CF,"[1946, 2936, 3494, 3694, 3732, 3756, 3757]",4.389,4.387,OptRes,[Pretrained] CF OptRes,0.009,0,0.009,3768,35,0.0549738219895288,5,0.8080000000000003,0.002000000000000668,all
3753,feature_0 > 0.058 AND feature_0 > 0.946 AND feature_1 > 0.743 AND feature_1 > 1.568 AND feature_0 > 1.289 AND feature_0 <= 1.832 AND feature_1 > 1.664 AND feature_0 > 1.63 AND feature_2 > -0.178,"{'feature_0': (1.63, 1.832), 'feature_1': (1.664, 4.438), 'feature_2': (-0.178, 4.286)}",3,3.535,9,[Pretrained] CF,"[1946, 2936, 3494, 3694, 3732, 3733, 3737, 3751]",3.93,3.92,OptRes,[Pretrained] CF OptRes,0.009,0,0.009,3768,26,0.0,5,0.395,0.010000000000000231,all
3768,feature_0 > 0.058 AND feature_0 > 0.946 AND feature_1 > 0.743 AND feature_1 > 1.568 AND feature_0 > 1.289 AND feature_0 > 1.832 AND feature_1 > 1.8 AND feature_4 > 0.223 AND feature_0 > 1.977,"{'feature_0': (1.977, 4.577), 'feature_1': (1.8, 4.438), 'feature_4': (0.223, 4.717)}",3,3.656,9,[Pretrained] CF,"[1946, 2936, 3494, 3694, 3732, 3756, 3762, 3766]",4.679,4.596,ResOve,[Pretrained] CF ResOve,1.192,0,1.192,3768,23,0.0,5,1.0230000000000001,0.08300000000000018,all
3759,feature_0 > 0.058 AND feature_0 > 0.946 AND feature_1 > 0.743 AND feature_1 > 1.568 AND feature_0 > 1.289 AND feature_0 > 1.832 AND feature_1 <= 1.8 AND feature_0 > 2.096,"{'feature_0': (2.096, 4.577), 'feature_1': (1.568, 1.8)}",2,3.581,8,[Pretrained] CF,"[1946, 2936, 3494, 3694, 3732, 3756, 3757]",4.389,4.387,ResOve,[Pretrained] CF ResOve,1.192,0,1.192,3768,35,0.0,5,0.8080000000000003,0.002000000000000668,all
3764,feature_0 > 0.058 AND feature_0 > 0.946 AND feature_1 > 0.743 AND feature_1 > 1.568 AND feature_0 > 1.289 AND feature_0 > 1.832 AND feature_1 > 1.8 AND feature_4 <= 0.223 AND feature_1 <= 2.183,"{'feature_0': (1.832, 4.577), 'feature_1': (1.8, 2.183), 'feature_4': (-4.13, 0.223)}",3,3.708,9,[Pretrained] CF,"[1946, 2936, 3494, 3694, 3732, 3756, 3762, 3763]",4.231,4.213,ResOve,[Pretrained] CF ResOve,1.192,0,1.192,3768,22,0.0,5,0.5229999999999997,0.017999999999999794,all
3753,feature_0 > 0.058 AND feature_0 > 0.946 AND feature_1 > 0.743 AND feature_1 > 1.568 AND feature_0 > 1.289 AND feature_0 <= 1.832 AND feature_1 > 1.664 AND feature_0 > 1.63 AND feature_2 > -0.178,"{'feature_0': (1.63, 1.832), 'feature_1': (1.664, 4.438), 'feature_2': (-0.178, 4.286)}",3,3.535,9,[Pretrained] CF,"[1946, 2936, 3494, 3694, 3732, 3733, 3737, 3751]",3.93,3.92,ResOve,[Pretrained] CF ResOve,1.192,0,1.192,3768,26,0.0,5,0.395,0.010000000000000231,all
3749,feature_0 > 0.058 AND feature_0 > 0.946 AND feature_1 > 0.743 AND feature_1 > 1.568 AND feature_0 > 1.289 AND feature_0 <= 1.832 AND feature_1 > 1.664 AND feature_0 <= 1.63 AND feature_1 > 2.181 AND feature_4 <= -0.008,"{'feature_0': (1.289, 1.63), 'feature_1': (2.181, 4.438), 'feature_4': (-4.13, -0.008)}",3,3.5,10,[Pretrained] CF,"[1946, 2936, 3494, 3694, 3732, 3733, 3737, 3738, 3748]",3.976,3.944,ResOve,[Pretrained] CF ResOve,1.192,0,1.192,3768,26,0.0,5,0.476,0.03200000000000003,all
3763,feature_0 > 0.058 AND feature_0 > 0.946 AND feature_1 > 0.743 AND feature_1 > 1.568 AND feature_0 > 1.289 AND feature_0 > 1.832 AND feature_1 > 1.8 AND feature_4 <= 0.223,"{'feature_0': (1.832, 4.577), 'feature_1': (1.8, 4.438), 'feature_4': (-4.13, 0.223)}",3,3.75,8,[Pretrained] CF,"[1946, 2936, 3494, 3694, 3732, 3756, 3762]",4.439,4.44,NoOve,[Pretrained] CF NoOve,0.022,0,0.022,3768,40,0.0,5,0.6890000000000001,0.001000000000000334,all
3766,feature_0 > 0.058 AND feature_0 > 0.946 AND feature_1 > 0.743 AND feature_1 > 1.568 AND feature_0 > 1.289 AND feature_0 > 1.832 AND feature_1 > 1.8 AND feature_4 > 0.223,"{'feature_0': (1.832, 4.577), 'feature_1': (1.8, 4.438), 'feature_4': (0.223, 4.717)}",3,3.606,8,[Pretrained] CF,"[1946, 2936, 3494, 3694, 3732, 3756, 3762]",4.498,4.484,NoOve,[Pretrained] CF NoOve,0.022,0,0.022,3768,35,0.0,5,0.8920000000000003,0.014000000000000234,all
3759,feature_0 > 0.058 AND feature_0 > 0.946 AND feature_1 > 0.743 AND feature_1 > 1.568 AND feature_0 > 1.289 AND feature_0 > 1.832 AND feature_1 <= 1.8 AND feature_0 > 2.096,"{'feature_0': (2.096, 4.577), 'feature_1': (1.568, 1.8)}",2,3.581,8,[Pretrained] CF,"[1946, 2936, 3494, 3694, 3732, 3756, 3757]",4.389,4.387,NoOve,[Pretrained] CF NoOve,0.022,0,0.022,3768,35,0.0,5,0.8080000000000003,0.002000000000000668,all
3751,feature_0 > 0.058 AND feature_0 > 0.946 AND feature_1 > 0.743 AND feature_1 > 1.568 AND feature_0 > 1.289 AND feature_0 <= 1.832 AND feature_1 > 1.664 AND feature_0 > 1.63,"{'feature_0': (1.63, 1.832), 'feature_1': (1.664, 4.438)}",2,3.484,8,[Pretrained] CF,"[1946, 2936, 3494, 3694, 3732, 3733, 3737]",3.913,3.903,NoOve,[Pretrained] CF NoOve,0.022,0,0.022,3768,50,0.0,5,0.4289999999999998,0.009999999999999787,all
3738,feature_0 > 0.058 AND feature_0 > 0.946 AND feature_1 > 0.743 AND feature_1 > 1.568 AND feature_0 > 1.289 AND feature_0 <= 1.832 AND feature_1 > 1.664 AND feature_0 <= 1.63,"{'feature_0': (1.289, 1.63), 'feature_1': (1.664, 4.438)}",2,3.331,8,[Pretrained] CF,"[1946, 2936, 3494, 3694, 3732, 3733, 3737]",3.654,3.635,NoOve,[Pretrained] CF NoOve,0.022,0,0.022,3768,144,0.0,5,0.32299999999999995,0.019000000000000128,all
1645,feature_0 <= 0.058 AND feature_0 > -0.982 AND feature_1 > 0.164 AND feature_1 <= 1.51 AND feature_0 > -0.397 AND feature_1 <= 0.802 AND feature_0 > -0.122 AND feature_1 <= 0.665 AND feature_0 <= 0.022 AND feature_2 <= 0.982 AND feature_1 <= 0.229,"{'feature_0': (-0.122, 0.022), 'feature_1': (0.164, 0.229), 'feature_2': (-4.532, 0.982)}",3,0.794,11,[Pretrained] CF,"[1, 771, 1393, 1394, 1588, 1589, 1641, 1642, 1643, 1644]",0.743,0.744,Random,[Pretrained] CF Random,0.012,0,0.012,3768,108,0.0,5,0.051000000000000045,0.0010000000000000009,all
2113,feature_0 > 0.058 AND feature_0 <= 0.946 AND feature_1 <= 0.771 AND feature_0 <= 0.647 AND feature_1 > -0.652 AND feature_1 <= 0.258 AND feature_0 <= 0.388 AND feature_1 <= -0.058 AND feature_0 <= 0.08 AND feature_4 > 0.142 AND feature_3 > -0.669,"{'feature_0': (0.058, 0.08), 'feature_1': (-0.652, -0.058), 'feature_4': (0.142, 4.717), 'feature_3': (-0.669, 4.384)}",4,0.83,11,[Pretrained] CF,"[1946, 1947, 1948, 1949, 2101, 2102, 2103, 2104, 2105, 2111]",0.609,0.611,Random,[Pretrained] CF Random,0.012,0,0.012,3768,43,0.0,5,0.22099999999999997,0.0020000000000000018,all
2083,feature_0 > 0.058 AND feature_0 <= 0.946 AND feature_1 <= 0.771 AND feature_0 <= 0.647 AND feature_1 <= -0.652 AND feature_1 > -1.007 AND feature_0 > 0.404 AND feature_2 <= 1.528 AND feature_4 <= 1.552 AND feature_1 <= -0.898 AND feature_0 <= 0.492 AND feature_1 <= -0.935,"{'feature_0': (0.404, 0.492), 'feature_1': (-1.007, -0.935), 'feature_2': (-4.532, 1.528), 'feature_4': (-4.13, 1.552)}",4,0.836,12,[Pretrained] CF,"[1946, 1947, 1948, 1949, 1950, 2042, 2078, 2079, 2080, 2081, 2082]",0.764,0.764,Random,[Pretrained] CF Random,0.012,0,0.012,3768,40,0.0,5,0.07199999999999995,0.0,all
2994,feature_0 > 0.058 AND feature_0 > 0.946 AND feature_1 <= 0.743 AND feature_0 <= 1.577 AND feature_1 <= 0.104 AND feature_0 <= 1.253 AND feature_1 > -0.454 AND feature_0 <= 1.146 AND feature_2 <= 1.469 AND feature_1 <= 0.003 AND feature_0 > 0.979 AND feature_4 <= 1.421,"{'feature_0': (0.979, 1.146), 'feature_1': (-0.454, 0.003), 'feature_2': (-4.532, 1.469), 'feature_4': (-4.13, 1.421)}",4,1.552,12,[Pretrained] CF,"[1946, 2936, 2937, 2938, 2939, 2940, 2986, 2987, 2988, 2989, 2993]",1.651,1.651,Random,[Pretrained] CF Random,0.012,0,0.012,3768,391,0.0,5,0.09899999999999998,0.0,all
3250,feature_0 > 0.058 AND feature_0 > 0.946 AND feature_1 <= 0.743 AND feature_0 <= 1.577 AND feature_1 > 0.104 AND feature_1 > 0.309 AND feature_0 > 1.392 AND feature_3 > 0.775 AND feature_6 > -0.436,"{'feature_0': (1.392, 1.577), 'feature_1': (0.309, 0.743), 'feature_3': (0.775, 4.384), 'feature_6': (-0.436, 4.078)}",4,2.474,9,[Pretrained] CF,"[1946, 2936, 2937, 2938, 3124, 3182, 3228, 3248]",2.484,2.486,Random,[Pretrained] CF Random,0.012,0,0.012,3768,35,0.0,5,0.009999999999999787,0.002000000000000224,all
3728,feature_0 > 0.058 AND feature_0 > 0.946 AND feature_1 > 0.743 AND feature_1 > 1.568 AND feature_0 <= 1.289 AND feature_1 > 1.852 AND feature_0 > 0.995 AND feature_1 > 2.007 AND feature_4 <= 0.926 AND feature_8 > -0.637 AND feature_2 <= 0.943 AND feature_1 <= 2.251,"{'feature_0': (0.995, 1.289), 'feature_1': (2.007, 2.251), 'feature_4': (-4.13, 0.926), 'feature_8': (-0.637, 4.699), 'feature_2': (-4.532, 0.943)}",5,3.131,12,[Pretrained] CF,"[1946, 2936, 3494, 3694, 3695, 3713, 3717, 3723, 3724, 3726, 3727]",3.359,3.359,OptRes,[Pretrained] CF OptRes,0.005,0,0.005,3768,44,0.0,5,0.2280000000000002,0.0,hte_only
3721,feature_0 > 0.058 AND feature_0 > 0.946 AND feature_1 > 0.743 AND feature_1 > 1.568 AND feature_0 <= 1.289 AND feature_1 > 1.852 AND feature_0 > 0.995 AND feature_1 <= 2.007 AND feature_8 > -0.403 AND feature_5 <= -0.1,"{'feature_0': (0.995, 1.289), 'feature_1': (1.852, 2.007), 'feature_8': (-0.403, 4.699), 'feature_5': (-4.895, -0.1)}",4,3.11,10,[Pretrained] CF,"[1946, 2936, 3494, 3694, 3695, 3713, 3717, 3718, 3720]",3.222,3.222,OptRes,[Pretrained] CF OptRes,0.005,0,0.005,3768,21,0.08898305084745763,5,0.1120000000000001,0.0,hte_only
3712,feature_0 > 0.058 AND feature_0 > 0.946 AND feature_1 > 0.743 AND feature_1 > 1.568 AND feature_0 <= 1.289 AND feature_1 <= 1.852 AND feature_1 > 1.662 AND feature_0 > 1.202,"{'feature_0': (1.202, 1.289), 'feature_1': (1.662, 1.852)}",2,3.076,8,[Pretrained] CF,"[1946, 2936, 3494, 3694, 3695, 3696, 3704]",3.156,3.156,OptRes,[Pretrained] CF OptRes,0.005,0,0.005,3768,22,0.0,5,0.08000000000000007,0.0,hte_only
3718,feature_0 > 0.058 AND feature_0 > 0.946 AND feature_1 > 0.743 AND feature_1 > 1.568 AND feature_0 <= 1.289 AND feature_1 > 1.852 AND feature_0 > 0.995 AND feature_1 <= 2.007,"{'feature_0': (0.995, 1.289), 'feature_1': (1.852, 2.007)}",2,3.022,8,[Pretrained] CF,"[1946, 2936, 3494, 3694, 3695, 3713, 3717]",3.212,3.212,OptRes,[Pretrained] CF OptRes,0.005,0,0.005,3768,59,0.08898305084745763,5,0.1900000000000004,0.0,hte_only
3588,feature_0 > 0.058 AND feature_0 > 0.946 AND feature_1 > 0.743 AND feature_1 <= 1.568 AND feature_0 <= 1.347 AND feature_1 > 1.012 AND feature_0 > 1.076 AND feature_1 > 1.178 AND feature_2 > 0.974 AND feature_0 > 1.243,"{'feature_0': (1.243, 1.347), 'feature_1': (1.178, 1.568), 'feature_2': (0.974, 4.286)}",3,2.996,10,[Pretrained] CF,"[1946, 2936, 3494, 3495, 3496, 3536, 3558, 3572, 3586]",2.903,2.903,OptRes,[Pretrained] CF OptRes,0.005,0,0.005,3768,24,0.0,5,0.09299999999999997,0.0,hte_only
3728,feature_0 > 0.058 AND feature_0 > 0.946 AND feature_1 > 0.743 AND feature_1 > 1.568 AND feature_0 <= 1.289 AND feature_1 > 1.852 AND feature_0 > 0.995 AND feature_1 > 2.007 AND feature_4 <= 0.926 AND feature_8 > -0.637 AND feature_2 <= 0.943 AND feature_1 <= 2.251,"{'feature_0': (0.995, 1.289), 'feature_1': (2.007, 2.251), 'feature_4': (-4.13, 0.926), 'feature_8': (-0.637, 4.699), 'feature_2': (-4.532, 0.943)}",5,3.131,12,[Pretrained] CF,"[1946, 2936, 3494, 3694, 3695, 3713, 3717, 3723, 3724, 3726, 3727]",3.359,3.359,ResOve,[Pretrained] CF ResOve,0.776,0,0.776,3768,44,0.0,5,0.2280000000000002,0.0,hte_only
3721,feature_0 > 0.058 AND feature_0 > 0.946 AND feature_1 > 0.743 AND feature_1 > 1.568 AND feature_0 <= 1.289 AND feature_1 > 1.852 AND feature_0 > 0.995 AND feature_1 <= 2.007 AND feature_8 > -0.403 AND feature_5 <= -0.1,"{'feature_0': (0.995, 1.289), 'feature_1': (1.852, 2.007), 'feature_8': (-0.403, 4.699), 'feature_5': (-4.895, -0.1)}",4,3.11,10,[Pretrained] CF,"[1946, 2936, 3494, 3694, 3695, 3713, 3717, 3718, 3720]",3.222,3.222,ResOve,[Pretrained] CF ResOve,0.776,0,0.776,3768,21,0.08898305084745763,5,0.1120000000000001,0.0,hte_only
3588,feature_0 > 0.058 AND feature_0 > 0.946 AND feature_1 > 0.743 AND feature_1 <= 1.568 AND feature_0 <= 1.347 AND feature_1 > 1.012 AND feature_0 > 1.076 AND feature_1 > 1.178 AND feature_2 > 0.974 AND feature_0 > 1.243,"{'feature_0': (1.243, 1.347), 'feature_1': (1.178, 1.568), 'feature_2': (0.974, 4.286)}",3,2.996,10,[Pretrained] CF,"[1946, 2936, 3494, 3495, 3496, 3536, 3558, 3572, 3586]",2.903,2.903,ResOve,[Pretrained] CF ResOve,0.776,0,0.776,3768,24,0.0,5,0.09299999999999997,0.0,hte_only
2924,feature_0 > 0.058 AND feature_0 <= 0.946 AND feature_1 > 0.771 AND feature_1 > 1.148 AND feature_0 > 0.438 AND feature_1 > 1.535 AND feature_0 > 0.75 AND feature_1 <= 1.934 AND feature_0 > 0.793 AND feature_1 > 1.646 AND feature_8 > 0.955,"{'feature_0': (0.793, 0.946), 'feature_1': (1.646, 1.934), 'feature_8': (0.955, 4.699)}",3,2.905,11,[Pretrained] CF,"[1946, 1947, 2521, 2701, 2809, 2875, 2911, 2912, 2916, 2920]",2.816,2.816,ResOve,[Pretrained] CF ResOve,0.776,0,0.776,3768,21,0.0,5,0.08899999999999997,0.0,hte_only
3718,feature_0 > 0.058 AND feature_0 > 0.946 AND feature_1 > 0.743 AND feature_1 > 1.568 AND feature_0 <= 1.289 AND feature_1 > 1.852 AND feature_0 > 0.995 AND feature_1 <= 2.007,"{'feature_0': (0.995, 1.289), 'feature_1': (1.852, 2.007)}",2,3.022,8,[Pretrained] CF,"[1946, 2936, 3494, 3694, 3695, 3713, 3717]",3.212,3.212,ResOve,[Pretrained] CF ResOve,0.776,0,0.776,3768,59,0.08898305084745763,5,0.1900000000000004,0.0,hte_only
3721,feature_0 > 0.058 AND feature_0 > 0.946 AND feature_1 > 0.743 AND feature_1 > 1.568 AND feature_0 <= 1.289 AND feature_1 > 1.852 AND feature_0 > 0.995 AND feature_1 <= 2.007 AND feature_8 > -0.403 AND feature_5 <= -0.1,"{'feature_0': (0.995, 1.289), 'feature_1': (1.852, 2.007), 'feature_8': (-0.403, 4.699), 'feature_5': (-4.895, -0.1)}",4,3.11,10,[Pretrained] CF,"[1946, 2936, 3494, 3694, 3695, 3713, 3717, 3718, 3720]",3.222,3.222,NoOve,[Pretrained] CF NoOve,0.014,0,0.014,3768,21,0.0,5,0.1120000000000001,0.0,hte_only
3588,feature_0 > 0.058 AND feature_0 > 0.946 AND feature_1 > 0.743 AND feature_1 <= 1.568 AND feature_0 <= 1.347 AND feature_1 > 1.012 AND feature_0 > 1.076 AND feature_1 > 1.178 AND feature_2 > 0.974 AND feature_0 > 1.243,"{'feature_0': (1.243, 1.347), 'feature_1': (1.178, 1.568), 'feature_2': (0.974, 4.286)}",3,2.996,10,[Pretrained] CF,"[1946, 2936, 3494, 3495, 3496, 3536, 3558, 3572, 3586]",2.903,2.903,NoOve,[Pretrained] CF NoOve,0.014,0,0.014,3768,24,0.0,5,0.09299999999999997,0.0,hte_only
3711,feature_0 > 0.058 AND feature_0 > 0.946 AND feature_1 > 0.743 AND feature_1 > 1.568 AND feature_0 <= 1.289 AND feature_1 <= 1.852 AND feature_1 > 1.662 AND feature_0 <= 1.202 AND feature_3 > -0.161 AND feature_5 > -0.088,"{'feature_0': (0.946, 1.202), 'feature_1': (1.662, 1.852), 'feature_3': (-0.161, 4.384), 'feature_5': (-0.088, 4.284)}",4,2.896,10,[Pretrained] CF,"[1946, 2936, 3494, 3694, 3695, 3696, 3704, 3705, 3709]",2.951,2.951,NoOve,[Pretrained] CF NoOve,0.014,0,0.014,3768,26,0.0,5,0.05500000000000016,0.0,hte_only
3708,feature_0 > 0.058 AND feature_0 > 0.946 AND feature_1 > 0.743 AND feature_1 > 1.568 AND feature_0 <= 1.289 AND feature_1 <= 1.852 AND feature_1 > 1.662 AND feature_0 <= 1.202 AND feature_3 <= -0.161 AND feature_9 > -0.287,"{'feature_0': (0.946, 1.202), 'feature_1': (1.662, 1.852), 'feature_3': (-4.344, -0.161), 'feature_9': (-0.287, 4.08)}",4,2.871,10,[Pretrained] CF,"[1946, 2936, 3494, 3694, 3695, 3696, 3704, 3705, 3706]",2.993,2.993,NoOve,[Pretrained] CF NoOve,0.014,0,0.014,3768,26,0.0,5,0.12199999999999989,0.0,hte_only
2920,feature_0 > 0.058 AND feature_0 <= 0.946 AND feature_1 > 0.771 AND feature_1 > 1.148 AND feature_0 > 0.438 AND feature_1 > 1.535 AND feature_0 > 0.75 AND feature_1 <= 1.934 AND feature_0 > 0.793 AND feature_1 > 1.646,"{'feature_0': (0.793, 0.946), 'feature_1': (1.646, 1.934)}",2,2.789,10,[Pretrained] CF,"[1946, 1947, 2521, 2701, 2809, 2875, 2911, 2912, 2916]",2.804,2.804,NoOve,[Pretrained] CF NoOve,0.014,0,0.014,3768,90,0.0,5,0.01499999999999968,0.0,hte_only
1603,feature_0 <= 0.058 AND feature_0 > -0.982 AND feature_1 > 0.164 AND feature_1 <= 1.51 AND feature_0 > -0.397 AND feature_1 <= 0.802 AND feature_0 <= -0.122 AND feature_1 <= 0.254 AND feature_1 > 0.188 AND feature_0 <= -0.293 AND feature_0 > -0.379 AND feature_0 <= -0.328,"{'feature_0': (-0.379, -0.328), 'feature_1': (0.188, 0.254)}",2,0.625,12,[Pretrained] CF,"[1, 771, 1393, 1394, 1588, 1589, 1590, 1591, 1599, 1600, 1602]",0.456,0.456,Random,[Pretrained] CF Random,0.003,0,0.003,3768,64,0.0,5,0.16899999999999998,0.0,hte_only
1131,feature_0 <= 0.058 AND feature_0 > -0.982 AND feature_1 <= 0.164 AND feature_0 > -0.216 AND feature_1 <= -0.913 AND feature_0 <= -0.109 AND feature_1 <= -1.398 AND feature_2 <= 1.051 AND feature_3 <= 0.445,"{'feature_0': (-0.216, -0.109), 'feature_1': (-4.202, -1.398), 'feature_2': (-4.532, 1.051), 'feature_3': (-4.344, 0.445)}",4,0.133,9,[Pretrained] CF,"[1, 771, 772, 1126, 1127, 1128, 1129, 1130]",0.007,0.007,Random,[Pretrained] CF Random,0.003,0,0.003,3768,192,0.0,5,0.126,0.0,hte_only
123,feature_0 <= 0.058 AND feature_0 <= -0.982 AND feature_1 <= 0.16 AND feature_0 <= -1.716 AND feature_0 > -2.195 AND feature_1 <= -0.008 AND feature_0 > -1.941 AND feature_1 > -0.341 AND feature_9 > -1.034 AND feature_5 <= 1.228 AND feature_2 <= 0.432 AND feature_3 > 0.569,"{'feature_0': (-1.941, -1.716), 'feature_1': (-0.341, -0.008), 'feature_9': (-1.034, 4.08), 'feature_5': (-4.895, 1.228), 'feature_2': (-4.532, 0.432), 'feature_3': (0.569, 4.384)}",6,1.164,12,[Pretrained] CF,"[1, 2, 3, 4, 58, 59, 95, 117, 119, 120, 121]",1.187,1.187,Random,[Pretrained] CF Random,0.003,0,0.003,3768,27,0.0,5,0.02300000000000013,0.0,hte_only
1412,feature_0 <= 0.058 AND feature_0 > -0.982 AND feature_1 > 0.164 AND feature_1 <= 1.51 AND feature_0 <= -0.397 AND feature_0 <= -0.744 AND feature_1 <= 0.742 AND feature_0 <= -0.867 AND feature_1 > 0.343 AND feature_4 <= -0.647 AND feature_7 > -0.599 AND feature_2 <= 0.378,"{'feature_0': (-0.982, -0.867), 'feature_1': (0.343, 0.742), 'feature_4': (-4.13, -0.647), 'feature_7': (-0.599, 4.28), 'feature_2': (-4.532, 0.378)}",5,0.367,12,[Pretrained] CF,"[1, 771, 1393, 1394, 1395, 1396, 1397, 1398, 1408, 1409, 1411]",0.086,0.086,Random,[Pretrained] CF Random,0.003,0,0.003,3768,52,0.0,5,0.281,0.0,hte_only
1159,feature_0 <= 0.058 AND feature_0 > -0.982 AND feature_1 <= 0.164 AND feature_0 > -0.216 AND feature_1 <= -0.913 AND feature_0 <= -0.109 AND feature_1 > -1.398 AND feature_2 <= 1.299 AND feature_0 <= -0.143 AND feature_1 > -1.089 AND feature_3 <= 0.658,"{'feature_0': (-0.216, -0.143), 'feature_1': (-1.089, -0.913), 'feature_2': (-4.532, 1.299), 'feature_3': (-4.344, 0.658)}",4,0.059,11,[Pretrained] CF,"[1, 771, 772, 1126, 1127, 1128, 1150, 1151, 1152, 1158]",0.131,0.131,Random,[Pretrained] CF Random,0.003,0,0.003,3768,68,0.0,5,0.07200000000000001,0.0,hte_only
3763,feature_0 > 0.058 AND feature_0 > 0.946 AND feature_1 > 0.743 AND feature_1 > 1.568 AND feature_0 > 1.289 AND feature_0 > 1.832 AND feature_1 > 1.8 AND feature_4 <= 0.223,"{'feature_0': (1.832, 4.577), 'feature_1': (1.8, 4.438), 'feature_4': (-4.13, 0.223)}",3,3.75,8,[Pretrained] CF,"[1946, 2936, 3494, 3694, 3732, 3756, 3762]",4.439,4.43,OptRes,[Pretrained] CF OptRes,0.009,0,0.009,3768,36,0.08115183246073299,5,0.6890000000000001,0.009000000000000341,rest
3760,feature_0 > 0.058 AND feature_0 > 0.946 AND feature_1 > 0.743 AND feature_1 > 1.568 AND feature_0 > 1.289 AND feature_0 > 1.832 AND feature_1 <= 1.8 AND feature_0 > 2.096 AND feature_5 <= -0.017,"{'feature_0': (2.096, 4.577), 'feature_1': (1.568, 1.8), 'feature_5': (-4.895, -0.017)}",3,3.653,9,[Pretrained] CF,"[1946, 2936, 3494, 3694, 3732, 3756, 3757, 3759]",4.31,4.31,OptRes,[Pretrained] CF OptRes,0.009,0,0.009,3768,21,0.1524869109947644,5,0.6569999999999996,0.0,rest
3756,feature_0 > 0.058 AND feature_0 > 0.946 AND feature_1 > 0.743 AND feature_1 > 1.568 AND feature_0 > 1.289 AND feature_0 > 1.832,"{'feature_0': (1.832, 4.577), 'feature_1': (1.568, 4.438)}",2,3.61,6,[Pretrained] CF,"[1946, 2936, 3494, 3694, 3732]",4.329,4.304,OptRes,[Pretrained] CF OptRes,0.009,0,0.009,3768,111,0.2329842931937173,5,0.7189999999999999,0.024999999999999467,rest
3766,feature_0 > 0.058 AND feature_0 > 0.946 AND feature_1 > 0.743 AND feature_1 > 1.568 AND feature_0 > 1.289 AND feature_0 > 1.832 AND feature_1 > 1.8 AND feature_4 > 0.223,"{'feature_0': (1.832, 4.577), 'feature_1': (1.8, 4.438), 'feature_4': (0.223, 4.717)}",3,3.606,8,[Pretrained] CF,"[1946, 2936, 3494, 3694, 3732, 3756, 3762]",4.498,4.498,OptRes,[Pretrained] CF OptRes,0.009,0,0.009,3768,29,0.0693717277486911,5,0.8920000000000003,0.0,rest
3759,feature_0 > 0.058 AND feature_0 > 0.946 AND feature_1 > 0.743 AND feature_1 > 1.568 AND feature_0 > 1.289 AND feature_0 > 1.832 AND feature_1 <= 1.8 AND feature_0 > 2.096,"{'feature_0': (2.096, 4.577), 'feature_1': (1.568, 1.8)}",2,3.581,8,[Pretrained] CF,"[1946, 2936, 3494, 3694, 3732, 3756, 3757]",4.389,4.314,OptRes,[Pretrained] CF OptRes,0.009,0,0.009,3768,25,0.1799738219895288,5,0.8080000000000003,0.07500000000000018,rest
3766,feature_0 > 0.058 AND feature_0 > 0.946 AND feature_1 > 0.743 AND feature_1 > 1.568 AND feature_0 > 1.289 AND feature_0 > 1.832 AND feature_1 > 1.8 AND feature_4 > 0.223,"{'feature_0': (1.832, 4.577), 'feature_1': (1.8, 4.438), 'feature_4': (0.223, 4.717)}",3,3.606,8,[Pretrained] CF,"[1946, 2936, 3494, 3694, 3732, 3756, 3762]",4.498,4.498,ResOve,[Pretrained] CF ResOve,1.141,0,1.141,3768,29,0.0,5,0.8920000000000003,0.0,rest
3753,feature_0 > 0.058 AND feature_0 > 0.946 AND feature_1 > 0.743 AND feature_1 > 1.568 AND feature_0 > 1.289 AND feature_0 <= 1.832 AND feature_1 > 1.664 AND feature_0 > 1.63 AND feature_2 > -0.178,"{'feature_0': (1.63, 1.832), 'feature_1': (1.664, 4.438), 'feature_2': (-0.178, 4.286)}",3,3.535,9,[Pretrained] CF,"[1946, 2936, 3494, 3694, 3732, 3733, 3737, 3751]",3.93,3.944,ResOve,[Pretrained] CF ResOve,1.141,0,1.141,3768,36,0.0,5,0.395,0.01399999999999979,rest
3749,feature_0 > 0.058 AND feature_0 > 0.946 AND feature_1 > 0.743 AND feature_1 > 1.568 AND feature_0 > 1.289 AND feature_0 <= 1.832 AND feature_1 > 1.664 AND feature_0 <= 1.63 AND feature_1 > 2.181 AND feature_4 <= -0.008,"{'feature_0': (1.289, 1.63), 'feature_1': (2.181, 4.438), 'feature_4': (-4.13, -0.008)}",3,3.5,10,[Pretrained] CF,"[1946, 2936, 3494, 3694, 3732, 3733, 3737, 3738, 3748]",3.976,3.992,ResOve,[Pretrained] CF ResOve,1.141,0,1.141,3768,25,0.0,5,0.476,0.016000000000000014,rest
3764,feature_0 > 0.058 AND feature_0 > 0.946 AND feature_1 > 0.743 AND feature_1 > 1.568 AND feature_0 > 1.289 AND feature_0 > 1.832 AND feature_1 > 1.8 AND feature_4 <= 0.223 AND feature_1 <= 2.183,"{'feature_0': (1.832, 4.577), 'feature_1': (1.8, 2.183), 'feature_4': (-4.13, 0.223)}",3,3.708,9,[Pretrained] CF,"[1946, 2936, 3494, 3694, 3732, 3756, 3762, 3763]",4.231,4.272,ResOve,[Pretrained] CF ResOve,1.141,0,1.141,3768,22,0.14112903225806453,5,0.5229999999999997,0.04100000000000037,rest
3763,feature_0 > 0.058 AND feature_0 > 0.946 AND feature_1 > 0.743 AND feature_1 > 1.568 AND feature_0 > 1.289 AND feature_0 > 1.832 AND feature_1 > 1.8 AND feature_4 <= 0.223,"{'feature_0': (1.832, 4.577), 'feature_1': (1.8, 4.438), 'feature_4': (-4.13, 0.223)}",3,3.75,8,[Pretrained] CF,"[1946, 2936, 3494, 3694, 3732, 3756, 3762]",4.439,4.43,ResOve,[Pretrained] CF ResOve,1.141,0,1.141,3768,36,0.14112903225806453,5,0.6890000000000001,0.009000000000000341,rest
3763,feature_0 > 0.058 AND feature_0 > 0.946 AND feature_1 > 0.743 AND feature_1 > 1.568 AND feature_0 > 1.289 AND feature_0 > 1.832 AND feature_1 > 1.8 AND feature_4 <= 0.223,"{'feature_0': (1.832, 4.577), 'feature_1': (1.8, 4.438), 'feature_4': (-4.13, 0.223)}",3,3.75,8,[Pretrained] CF,"[1946, 2936, 3494, 3694, 3732, 3756, 3762]",4.439,4.43,NoOve,[Pretrained] CF NoOve,0.025,0,0.025,3768,36,0.0,5,0.6890000000000001,0.009000000000000341,rest
3766,feature_0 > 0.058 AND feature_0 > 0.946 AND feature_1 > 0.743 AND feature_1 > 1.568 AND feature_0 > 1.289 AND feature_0 > 1.832 AND feature_1 > 1.8 AND feature_4 > 0.223,"{'feature_0': (1.832, 4.577), 'feature_1': (1.8, 4.438), 'feature_4': (0.223, 4.717)}",3,3.606,8,[Pretrained] CF,"[1946, 2936, 3494, 3694, 3732, 3756, 3762]",4.498,4.498,NoOve,[Pretrained] CF NoOve,0.025,0,0.025,3768,29,0.0,5,0.8920000000000003,0.0,rest
3759,feature_0 > 0.058 AND feature_0 > 0.946 AND feature_1 > 0.743 AND feature_1 > 1.568 AND feature_0 > 1.289 AND feature_0 > 1.832 AND feature_1 <= 1.8 AND feature_0 > 2.096,"{'feature_0': (2.096, 4.577), 'feature_1': (1.568, 1.8)}",2,3.581,8,[Pretrained] CF,"[1946, 2936, 3494, 3694, 3732, 3756, 3757]",4.389,4.314,NoOve,[Pretrained] CF NoOve,0.025,0,0.025,3768,25,0.0,5,0.8080000000000003,0.07500000000000018,rest
3751,feature_0 > 0.058 AND feature_0 > 0.946 AND feature_1 > 0.743 AND feature_1 > 1.568 AND feature_0 > 1.289 AND feature_0 <= 1.832 AND feature_1 > 1.664 AND feature_0 > 1.63,"{'feature_0': (1.63, 1.832), 'feature_1': (1.664, 4.438)}",2,3.484,8,[Pretrained] CF,"[1946, 2936, 3494, 3694, 3732, 3733, 3737]",3.913,3.923,NoOve,[Pretrained] CF NoOve,0.025,0,0.025,3768,49,0.0,5,0.4289999999999998,0.010000000000000231,rest
3758,feature_0 > 0.058 AND feature_0 > 0.946 AND feature_1 > 0.743 AND feature_1 > 1.568 AND feature_0 > 1.289 AND feature_0 > 1.832 AND feature_1 <= 1.8 AND feature_0 <= 2.096,"{'feature_0': (1.832, 2.096), 'feature_1': (1.568, 1.8)}",2,3.399,8,[Pretrained] CF,"[1946, 2936, 3494, 3694, 3732, 3756, 3757]",3.793,3.808,NoOve,[Pretrained] CF NoOve,0.025,0,0.025,3768,21,0.0,5,0.39400000000000013,0.01499999999999968,rest
981,feature_0 <= 0.058 AND feature_0 > -0.982 AND feature_1 <= 0.164 AND feature_0 <= -0.216 AND feature_1 > -0.449 AND feature_0 <= -0.769 AND feature_0 <= -0.892 AND feature_1 <= -0.076 AND feature_2 <= 1.399 AND feature_4 > 0.112 AND feature_0 > -0.943 AND feature_1 > -0.263,"{'feature_0': (-0.943, -0.892), 'feature_1': (-0.263, -0.076), 'feature_2': (-4.532, 1.399), 'feature_4': (0.112, 4.717)}",4,0.282,12,[Pretrained] CF,"[1, 771, 772, 773, 963, 964, 965, 966, 967, 975, 979]",0.313,0.314,Random,[Pretrained] CF Random,0.004,0,0.004,3768,27,0.0,5,0.031000000000000028,0.0010000000000000009,rest
1897,feature_0 <= 0.058 AND feature_0 > -0.982 AND feature_1 > 0.164 AND feature_1 > 1.51 AND feature_0 > -0.428 AND feature_1 > 1.75 AND feature_0 <= -0.211 AND feature_1 <= 2.061 AND feature_3 <= 0.987 AND feature_0 <= -0.317,"{'feature_0': (-0.428, -0.317), 'feature_1': (1.75, 2.061), 'feature_3': (-4.344, 0.987)}",3,1.493,10,[Pretrained] CF,"[1, 771, 1393, 1773, 1855, 1893, 1894, 1895, 1896]",1.67,1.66,Random,[Pretrained] CF Random,0.004,0,0.004,3768,47,0.0,5,0.17699999999999982,0.010000000000000009,rest
2893,feature_0 > 0.058 AND feature_0 <= 0.946 AND feature_1 > 0.771 AND feature_1 > 1.148 AND feature_0 > 0.438 AND feature_1 > 1.535 AND feature_0 <= 0.75 AND feature_1 <= 1.937 AND feature_0 > 0.599 AND feature_8 > -1.079 AND feature_5 > -0.034,"{'feature_0': (0.599, 0.75), 'feature_1': (1.535, 1.937), 'feature_8': (-1.079, 4.699), 'feature_5': (-0.034, 4.284)}",4,2.459,11,[Pretrained] CF,"[1946, 1947, 2521, 2701, 2809, 2875, 2876, 2877, 2887, 2889]",2.548,2.561,Random,[Pretrained] CF Random,0.004,0,0.004,3768,23,0.0,5,0.08899999999999997,0.0129999999999999,rest
3570,feature_0 > 0.058 AND feature_0 > 0.946 AND feature_1 > 0.743 AND feature_1 <= 1.568 AND feature_0 <= 1.347 AND feature_1 > 1.012 AND feature_0 > 1.076 AND feature_1 <= 1.178 AND feature_3 > -0.612 AND feature_1 > 1.098 AND feature_0 <= 1.197,"{'feature_0': (1.076, 1.197), 'feature_1': (1.098, 1.178), 'feature_3': (-0.612, 4.384)}",3,2.642,11,[Pretrained] CF,"[1946, 2936, 3494, 3495, 3496, 3536, 3558, 3559, 3563, 3569]",2.551,2.556,Random,[Pretrained] CF Random,0.004,0,0.004,3768,24,0.0,5,0.09099999999999975,0.004999999999999893,rest
2156,feature_0 > 0.058 AND feature_0 <= 0.946 AND feature_1 <= 0.771 AND feature_0 <= 0.647 AND feature_1 > -0.652 AND feature_1 <= 0.258 AND feature_0 > 0.388,"{'feature_0': (0.388, 0.647), 'feature_1': (-0.652, 0.258)}",2,1.044,7,[Pretrained] CF,"[1946, 1947, 1948, 1949, 2101, 2102]",1.127,1.129,Random,[Pretrained] CF Random,0.004,0,0.004,3768,1968,0.0,5,0.08299999999999996,0.0020000000000000018,rest
3763,feature_0 > 0.058 AND feature_0 > 0.946 AND feature_1 > 0.743 AND feature_1 > 1.568 AND feature_0 > 1.289 AND feature_0 > 1.832 AND feature_1 > 1.8 AND feature_4 <= 0.223,"{'feature_0': (1.832, 4.577), 'feature_1': (1.8, 4.438), 'feature_4': (-4.13, 0.223)}",3,3.75,8,[Pretrained] CF,"[1946, 2936, 3494, 3694, 3732, 3756, 3762]",4.439,4.411,OptRes,[Pretrained] CF OptRes,0.009,0,0.009,3768,38,0.08115183246073299,5,0.6890000000000001,0.02800000000000047,all
3756,feature_0 > 0.058 AND feature_0 > 0.946 AND feature_1 > 0.743 AND feature_1 > 1.568 AND feature_0 > 1.289 AND feature_0 > 1.832,"{'feature_0': (1.832, 4.577), 'feature_1': (1.568, 4.438)}",2,3.61,6,[Pretrained] CF,"[1946, 2936, 3494, 3694, 3732]",4.329,4.342,OptRes,[Pretrained] CF OptRes,0.009,0,0.009,3768,105,0.2054973821989529,5,0.7189999999999999,0.0129999999999999,all
3766,feature_0 > 0.058 AND feature_0 > 0.946 AND feature_1 > 0.743 AND feature_1 > 1.568 AND feature_0 > 1.289 AND feature_0 > 1.832 AND feature_1 > 1.8 AND feature_4 > 0.223,"{'feature_0': (1.832, 4.577), 'feature_1': (1.8, 4.438), 'feature_4': (0.223, 4.717)}",3,3.606,8,[Pretrained] CF,"[1946, 2936, 3494, 3694, 3732, 3756, 3762]",4.498,4.464,OptRes,[Pretrained] CF OptRes,0.009,0,0.009,3768,30,0.0693717277486911,5,0.8920000000000003,0.03399999999999981,all
3759,feature_0 > 0.058 AND feature_0 > 0.946 AND feature_1 > 0.743 AND feature_1 > 1.568 AND feature_0 > 1.289 AND feature_0 > 1.832 AND feature_1 <= 1.8 AND feature_0 > 2.096,"{'feature_0': (2.096, 4.577), 'feature_1': (1.568, 1.8)}",2,3.581,8,[Pretrained] CF,"[1946, 2936, 3494, 3694, 3732, 3756, 3757]",4.389,4.467,OptRes,[Pretrained] CF OptRes,0.009,0,0.009,3768,21,0.0549738219895288,5,0.8080000000000003,0.0779999999999994,all
3753,feature_0 > 0.058 AND feature_0 > 0.946 AND feature_1 > 0.743 AND feature_1 > 1.568 AND feature_0 > 1.289 AND feature_0 <= 1.832 AND feature_1 > 1.664 AND feature_0 > 1.63 AND feature_2 > -0.178,"{'feature_0': (1.63, 1.832), 'feature_1': (1.664, 4.438), 'feature_2': (-0.178, 4.286)}",3,3.535,9,[Pretrained] CF,"[1946, 2936, 3494, 3694, 3732, 3733, 3737, 3751]",3.93,3.917,OptRes,[Pretrained] CF OptRes,0.009,0,0.009,3768,26,0.0,5,0.395,0.013000000000000345,all
3766,feature_0 > 0.058 AND feature_0 > 0.946 AND feature_1 > 0.743 AND feature_1 > 1.568 AND feature_0 > 1.289 AND feature_0 > 1.832 AND feature_1 > 1.8 AND feature_4 > 0.223,"{'feature_0': (1.832, 4.577), 'feature_1': (1.8, 4.438), 'feature_4': (0.223, 4.717)}",3,3.606,8,[Pretrained] CF,"[1946, 2936, 3494, 3694, 3732, 3756, 3762]",4.498,4.464,ResOve,[Pretrained] CF ResOve,1.113,0,1.113,3768,30,0.0,5,0.8920000000000003,0.03399999999999981,all
3763,feature_0 > 0.058 AND feature_0 > 0.946 AND feature_1 > 0.743 AND feature_1 > 1.568 AND feature_0 > 1.289 AND feature_0 > 1.832 AND feature_1 > 1.8 AND feature_4 <= 0.223,"{'feature_0': (1.832, 4.577), 'feature_1': (1.8, 4.438), 'feature_4': (-4.13, 0.223)}",3,3.75,8,[Pretrained] CF,"[1946, 2936, 3494, 3694, 3732, 3756, 3762]",4.439,4.411,ResOve,[Pretrained] CF ResOve,1.113,0,1.113,3768,38,0.14112903225806453,5,0.6890000000000001,0.02800000000000047,all
3759,feature_0 > 0.058 AND feature_0 > 0.946 AND feature_1 > 0.743 AND feature_1 > 1.568 AND feature_0 > 1.289 AND feature_0 > 1.832 AND feature_1 <= 1.8 AND feature_0 > 2.096,"{'feature_0': (2.096, 4.577), 'feature_1': (1.568, 1.8)}",2,3.581,8,[Pretrained] CF,"[1946, 2936, 3494, 3694, 3732, 3756, 3757]",4.389,4.467,ResOve,[Pretrained] CF ResOve,1.113,0,1.113,3768,21,0.0,5,0.8080000000000003,0.0779999999999994,all
3753,feature_0 > 0.058 AND feature_0 > 0.946 AND feature_1 > 0.743 AND feature_1 > 1.568 AND feature_0 > 1.289 AND feature_0 <= 1.832 AND feature_1 > 1.664 AND feature_0 > 1.63 AND feature_2 > -0.178,"{'feature_0': (1.63, 1.832), 'feature_1': (1.664, 4.438), 'feature_2': (-0.178, 4.286)}",3,3.535,9,[Pretrained] CF,"[1946, 2936, 3494, 3694, 3732, 3733, 3737, 3751]",3.93,3.917,ResOve,[Pretrained] CF ResOve,1.113,0,1.113,3768,26,0.0,5,0.395,0.013000000000000345,all
3764,feature_0 > 0.058 AND feature_0 > 0.946 AND feature_1 > 0.743 AND feature_1 > 1.568 AND feature_0 > 1.289 AND feature_0 > 1.832 AND feature_1 > 1.8 AND feature_4 <= 0.223 AND feature_1 <= 2.183,"{'feature_0': (1.832, 4.577), 'feature_1': (1.8, 2.183), 'feature_4': (-4.13, 0.223)}",3,3.708,9,[Pretrained] CF,"[1946, 2936, 3494, 3694, 3732, 3756, 3762, 3763]",4.231,4.195,ResOve,[Pretrained] CF ResOve,1.113,0,1.113,3768,21,0.14112903225806453,5,0.5229999999999997,0.03599999999999959,all
3763,feature_0 > 0.058 AND feature_0 > 0.946 AND feature_1 > 0.743 AND feature_1 > 1.568 AND feature_0 > 1.289 AND feature_0 > 1.832 AND feature_1 > 1.8 AND feature_4 <= 0.223,"{'feature_0': (1.832, 4.577), 'feature_1': (1.8, 4.438), 'feature_4': (-4.13, 0.223)}",3,3.75,8,[Pretrained] CF,"[1946, 2936, 3494, 3694, 3732, 3756, 3762]",4.439,4.411,NoOve,[Pretrained] CF NoOve,0.025,0,0.025,3768,38,0.0,5,0.6890000000000001,0.02800000000000047,all
3766,feature_0 > 0.058 AND feature_0 > 0.946 AND feature_1 > 0.743 AND feature_1 > 1.568 AND feature_0 > 1.289 AND feature_0 > 1.832 AND feature_1 > 1.8 AND feature_4 > 0.223,"{'feature_0': (1.832, 4.577), 'feature_1': (1.8, 4.438), 'feature_4': (0.223, 4.717)}",3,3.606,8,[Pretrained] CF,"[1946, 2936, 3494, 3694, 3732, 3756, 3762]",4.498,4.464,NoOve,[Pretrained] CF NoOve,0.025,0,0.025,3768,30,0.0,5,0.8920000000000003,0.03399999999999981,all
3759,feature_0 > 0.058 AND feature_0 > 0.946 AND feature_1 > 0.743 AND feature_1 > 1.568 AND feature_0 > 1.289 AND feature_0 > 1.832 AND feature_1 <= 1.8 AND feature_0 > 2.096,"{'feature_0': (2.096, 4.577), 'feature_1': (1.568, 1.8)}",2,3.581,8,[Pretrained] CF,"[1946, 2936, 3494, 3694, 3732, 3756, 3757]",4.389,4.467,NoOve,[Pretrained] CF NoOve,0.025,0,0.025,3768,21,0.0,5,0.8080000000000003,0.0779999999999994,all
3751,feature_0 > 0.058 AND feature_0 > 0.946 AND feature_1 > 0.743 AND feature_1 > 1.568 AND feature_0 > 1.289 AND feature_0 <= 1.832 AND feature_1 > 1.664 AND feature_0 > 1.63,"{'feature_0': (1.63, 1.832), 'feature_1': (1.664, 4.438)}",2,3.484,8,[Pretrained] CF,"[1946, 2936, 3494, 3694, 3732, 3733, 3737]",3.913,3.909,NoOve,[Pretrained] CF NoOve,0.025,0,0.025,3768,41,0.0,5,0.4289999999999998,0.0040000000000000036,all
3738,feature_0 > 0.058 AND feature_0 > 0.946 AND feature_1 > 0.743 AND feature_1 > 1.568 AND feature_0 > 1.289 AND feature_0 <= 1.832 AND feature_1 > 1.664 AND feature_0 <= 1.63,"{'feature_0': (1.289, 1.63), 'feature_1': (1.664, 4.438)}",2,3.331,8,[Pretrained] CF,"[1946, 2936, 3494, 3694, 3732, 3733, 3737]",3.654,3.6,NoOve,[Pretrained] CF NoOve,0.025,0,0.025,3768,89,0.0,5,0.32299999999999995,0.053999999999999826,all
1909,feature_0 <= 0.058 AND feature_0 > -0.982 AND feature_1 > 0.164 AND feature_1 > 1.51 AND feature_0 > -0.428 AND feature_1 > 1.75 AND feature_0 <= -0.211 AND feature_1 > 2.061 AND feature_0 <= -0.325 AND feature_2 > -0.092,"{'feature_0': (-0.428, -0.325), 'feature_1': (2.061, 4.438), 'feature_2': (-0.092, 4.286)}",3,1.768,10,[Pretrained] CF,"[1, 771, 1393, 1773, 1855, 1893, 1894, 1906, 1907]",2.217,2.215,Random,[Pretrained] CF Random,0.003,0,0.003,3768,21,0.0,5,0.44900000000000007,0.002000000000000224,all
3618,feature_0 > 0.058 AND feature_0 > 0.946 AND feature_1 > 0.743 AND feature_1 <= 1.568 AND feature_0 > 1.347 AND feature_1 <= 1.049 AND feature_0 <= 1.865 AND feature_1 > 0.955 AND feature_2 <= 0.316 AND feature_8 > -0.094,"{'feature_0': (1.347, 1.865), 'feature_1': (0.955, 1.049), 'feature_2': (-4.532, 0.316), 'feature_8': (-0.094, 4.699)}",4,2.741,10,[Pretrained] CF,"[1946, 2936, 3494, 3495, 3589, 3590, 3591, 3613, 3614]",2.867,2.849,Random,[Pretrained] CF Random,0.003,0,0.003,3768,24,0.0,5,0.1259999999999999,0.017999999999999794,all
2664,feature_0 > 0.058 AND feature_0 <= 0.946 AND feature_1 > 0.771 AND feature_1 <= 1.148 AND feature_0 > 0.542 AND feature_0 <= 0.787 AND feature_1 > 0.955 AND feature_2 > -0.47 AND feature_1 <= 1.029 AND feature_9 > -0.566,"{'feature_0': (0.542, 0.787), 'feature_1': (0.955, 1.029), 'feature_2': (-0.47, 4.286), 'feature_9': (-0.566, 4.08)}",4,1.832,10,[Pretrained] CF,"[1946, 1947, 2521, 2522, 2624, 2625, 2651, 2661, 2662]",1.963,1.965,Random,[Pretrained] CF Random,0.003,0,0.003,3768,39,0.0,5,0.131,0.0020000000000000018,all
3515,feature_0 > 0.058 AND feature_0 > 0.946 AND feature_1 > 0.743 AND feature_1 <= 1.568 AND feature_0 <= 1.347 AND feature_1 <= 1.012 AND feature_1 <= 0.885 AND feature_0 > 1.062 AND feature_8 > 0.26 AND feature_3 <= -0.114,"{'feature_0': (1.062, 1.347), 'feature_1': (0.743, 0.885), 'feature_8': (0.26, 4.699), 'feature_3': (-4.344, -0.114)}",4,2.355,10,[Pretrained] CF,"[1946, 2936, 3494, 3495, 3496, 3497, 3498, 3506, 3514]",2.359,2.347,Random,[Pretrained] CF Random,0.003,0,0.003,3768,24,0.0,5,0.0040000000000000036,0.01200000000000001,all
910,feature_0 <= 0.058 AND feature_0 > -0.982 AND feature_1 <= 0.164 AND feature_0 <= -0.216 AND feature_1 <= -0.449 AND feature_1 > -1.153 AND feature_0 > -0.866 AND feature_0 <= -0.404 AND feature_4 <= -0.867 AND feature_1 <= -0.855 AND feature_3 <= 0.9 AND feature_5 > 0.11,"{'feature_0': (-0.866, -0.404), 'feature_1': (-1.153, -0.855), 'feature_4': (-4.13, -0.867), 'feature_3': (-4.344, 0.9), 'feature_5': (0.11, 4.284)}",5,0.146,12,[Pretrained] CF,"[1, 771, 772, 773, 774, 870, 904, 905, 906, 907, 908]",0.312,0.312,Random,[Pretrained] CF Random,0.003,0,0.003,3768,76,0.0,5,0.166,0.0,all
3765,feature_0 > 0.058 AND feature_0 > 0.946 AND feature_1 > 0.743 AND feature_1 > 1.568 AND feature_0 > 1.289 AND feature_0 > 1.832 AND feature_1 > 1.8 AND feature_4 <= 0.223 AND feature_1 > 2.183,"{'feature_0': (1.832, 4.577), 'feature_1': (2.183, 4.438), 'feature_4': (-4.13, 0.223)}",3,3.805,9,[Pretrained] CF,"[1946, 2936, 3494, 3694, 3732, 3756, 3762, 3763]",4.709,4.709,OptRes,[Pretrained] CF OptRes,0.01,0,0.01,3768,27,0.14421128187806115,5,0.9039999999999995,0.0,hte_only
3763,feature_0 > 0.058 AND feature_0 > 0.946 AND feature_1 > 0.743 AND feature_1 > 1.568 AND feature_0 > 1.289 AND feature_0 > 1.832 AND feature_1 > 1.8 AND feature_4 <= 0.223,"{'feature_0': (1.832, 4.577), 'feature_1': (1.8, 4.438), 'feature_4': (-4.13, 0.223)}",3,3.75,8,[Pretrained] CF,"[1946, 2936, 3494, 3694, 3732, 3756, 3762]",4.439,4.439,OptRes,[Pretrained] CF OptRes,0.01,0,0.01,3768,62,0.19002280020266848,5,0.6890000000000001,0.0,hte_only
3768,feature_0 > 0.058 AND feature_0 > 0.946 AND feature_1 > 0.743 AND feature_1 > 1.568 AND feature_0 > 1.289 AND feature_0 > 1.832 AND feature_1 > 1.8 AND feature_4 > 0.223 AND feature_0 > 1.977,"{'feature_0': (1.977, 4.577), 'feature_1': (1.8, 4.438), 'feature_4': (0.223, 4.717)}",3,3.656,9,[Pretrained] CF,"[1946, 2936, 3494, 3694, 3732, 3756, 3762, 3766]",4.679,4.679,OptRes,[Pretrained] CF OptRes,0.01,0,0.01,3768,33,0.04319371727748691,5,1.0230000000000001,0.0,hte_only
3760,feature_0 > 0.058 AND feature_0 > 0.946 AND feature_1 > 0.743 AND feature_1 > 1.568 AND feature_0 > 1.289 AND feature_0 > 1.832 AND feature_1 <= 1.8 AND feature_0 > 2.096 AND feature_5 <= -0.017,"{'feature_0': (2.096, 4.577), 'feature_1': (1.568, 1.8), 'feature_5': (-4.895, -0.017)}",3,3.653,9,[Pretrained] CF,"[1946, 2936, 3494, 3694, 3732, 3756, 3757, 3759]",4.31,4.31,OptRes,[Pretrained] CF OptRes,0.01,0,0.01,3768,21,0.0274869109947644,5,0.6569999999999996,0.0,hte_only
3756,feature_0 > 0.058 AND feature_0 > 0.946 AND feature_1 > 0.743 AND feature_1 > 1.568 AND feature_0 > 1.289 AND feature_0 > 1.832,"{'feature_0': (1.832, 4.577), 'feature_1': (1.568, 4.438)}",2,3.61,6,[Pretrained] CF,"[1946, 2936, 3494, 3694, 3732]",4.329,4.329,OptRes,[Pretrained] CF OptRes,0.01,0,0.01,3768,191,0.18717277486910994,5,0.7189999999999999,0.0,hte_only
3768,feature_0 > 0.058 AND feature_0 > 0.946 AND feature_1 > 0.743 AND feature_1 > 1.568 AND feature_0 > 1.289 AND feature_0 > 1.832 AND feature_1 > 1.8 AND feature_4 > 0.223 AND feature_0 > 1.977,"{'feature_0': (1.977, 4.577), 'feature_1': (1.8, 4.438), 'feature_4': (0.223, 4.717)}",3,3.656,9,[Pretrained] CF,"[1946, 2936, 3494, 3694, 3732, 3756, 3762, 3766]",4.679,4.679,ResOve,[Pretrained] CF ResOve,0.536,0,0.536,3768,33,0.0,5,1.0230000000000001,0.0,hte_only
3765,feature_0 > 0.058 AND feature_0 > 0.946 AND feature_1 > 0.743 AND feature_1 > 1.568 AND feature_0 > 1.289 AND feature_0 > 1.832 AND feature_1 > 1.8 AND feature_4 <= 0.223 AND feature_1 > 2.183,"{'feature_0': (1.832, 4.577), 'feature_1': (2.183, 4.438), 'feature_4': (-4.13, 0.223)}",3,3.805,9,[Pretrained] CF,"[1946, 2936, 3494, 3694, 3732, 3756, 3762, 3763]",4.709,4.709,ResOve,[Pretrained] CF ResOve,0.536,0,0.536,3768,27,0.0,5,0.9039999999999995,0.0,hte_only
3764,feature_0 > 0.058 AND feature_0 > 0.946 AND feature_1 > 0.743 AND feature_1 > 1.568 AND feature_0 > 1.289 AND feature_0 > 1.832 AND feature_1 > 1.8 AND feature_4 <= 0.223 AND feature_1 <= 2.183,"{'feature_0': (1.832, 4.577), 'feature_1': (1.8, 2.183), 'feature_4': (-4.13, 0.223)}",3,3.708,9,[Pretrained] CF,"[1946, 2936, 3494, 3694, 3732, 3756, 3762, 3763]",4.231,4.231,ResOve,[Pretrained] CF ResOve,0.536,0,0.536,3768,35,0.0,5,0.5229999999999997,0.0,hte_only
3761,feature_0 > 0.058 AND feature_0 > 0.946 AND feature_1 > 0.743 AND feature_1 > 1.568 AND feature_0 > 1.289 AND feature_0 > 1.832 AND feature_1 <= 1.8 AND feature_0 > 2.096 AND feature_5 > -0.017,"{'feature_0': (2.096, 4.577), 'feature_1': (1.568, 1.8), 'feature_5': (-0.017, 4.284)}",3,3.508,9,[Pretrained] CF,"[1946, 2936, 3494, 3694, 3732, 3756, 3757, 3759]",4.467,4.467,ResOve,[Pretrained] CF ResOve,0.536,0,0.536,3768,21,0.0,5,0.9589999999999996,0.0,hte_only
3753,feature_0 > 0.058 AND feature_0 > 0.946 AND feature_1 > 0.743 AND feature_1 > 1.568 AND feature_0 > 1.289 AND feature_0 <= 1.832 AND feature_1 > 1.664 AND feature_0 > 1.63 AND feature_2 > -0.178,"{'feature_0': (1.63, 1.832), 'feature_1': (1.664, 4.438), 'feature_2': (-0.178, 4.286)}",3,3.535,9,[Pretrained] CF,"[1946, 2936, 3494, 3694, 3732, 3733, 3737, 3751]",3.93,3.93,ResOve,[Pretrained] CF ResOve,0.536,0,0.536,3768,56,0.0,5,0.395,0.0,hte_only
3765,feature_0 > 0.058 AND feature_0 > 0.946 AND feature_1 > 0.743 AND feature_1 > 1.568 AND feature_0 > 1.289 AND feature_0 > 1.832 AND feature_1 > 1.8 AND feature_4 <= 0.223 AND feature_1 > 2.183,"{'feature_0': (1.832, 4.577), 'feature_1': (2.183, 4.438), 'feature_4': (-4.13, 0.223)}",3,3.805,9,[Pretrained] CF,"[1946, 2936, 3494, 3694, 3732, 3756, 3762, 3763]",4.709,4.709,NoOve,[Pretrained] CF NoOve,0.013,0,0.013,3768,27,0.0,5,0.9039999999999995,0.0,hte_only
3764,feature_0 > 0.058 AND feature_0 > 0.946 AND feature_1 > 0.743 AND feature_1 > 1.568 AND feature_0 > 1.289 AND feature_0 > 1.832 AND feature_1 > 1.8 AND feature_4 <= 0.223 AND feature_1 <= 2.183,"{'feature_0': (1.832, 4.577), 'feature_1': (1.8, 2.183), 'feature_4': (-4.13, 0.223)}",3,3.708,9,[Pretrained] CF,"[1946, 2936, 3494, 3694, 3732, 3756, 3762, 3763]",4.231,4.231,NoOve,[Pretrained] CF NoOve,0.013,0,0.013,3768,35,0.0,5,0.5229999999999997,0.0,hte_only
3768,feature_0 > 0.058 AND feature_0 > 0.946 AND feature_1 > 0.743 AND feature_1 > 1.568 AND feature_0 > 1.289 AND feature_0 > 1.832 AND feature_1 > 1.8 AND feature_4 > 0.223 AND feature_0 > 1.977,"{'feature_0': (1.977, 4.577), 'feature_1': (1.8, 4.438), 'feature_4': (0.223, 4.717)}",3,3.656,9,[Pretrained] CF,"[1946, 2936, 3494, 3694, 3732, 3756, 3762, 3766]",4.679,4.679,NoOve,[Pretrained] CF NoOve,0.013,0,0.013,3768,33,0.0,5,1.0230000000000001,0.0,hte_only
3760,feature_0 > 0.058 AND feature_0 > 0.946 AND feature_1 > 0.743 AND feature_1 > 1.568 AND feature_0 > 1.289 AND feature_0 > 1.832 AND feature_1 <= 1.8 AND feature_0 > 2.096 AND feature_5 <= -0.017,"{'feature_0': (2.096, 4.577), 'feature_1': (1.568, 1.8), 'feature_5': (-4.895, -0.017)}",3,3.653,9,[Pretrained] CF,"[1946, 2936, 3494, 3694, 3732, 3756, 3757, 3759]",4.31,4.31,NoOve,[Pretrained] CF NoOve,0.013,0,0.013,3768,21,0.0,5,0.6569999999999996,0.0,hte_only
3753,feature_0 > 0.058 AND feature_0 > 0.946 AND feature_1 > 0.743 AND feature_1 > 1.568 AND feature_0 > 1.289 AND feature_0 <= 1.832 AND feature_1 > 1.664 AND feature_0 > 1.63 AND feature_2 > -0.178,"{'feature_0': (1.63, 1.832), 'feature_1': (1.664, 4.438), 'feature_2': (-0.178, 4.286)}",3,3.535,9,[Pretrained] CF,"[1946, 2936, 3494, 3694, 3732, 3733, 3737, 3751]",3.93,3.93,NoOve,[Pretrained] CF NoOve,0.013,0,0.013,3768,56,0.0,5,0.395,0.0,hte_only
3743,feature_0 > 0.058 AND feature_0 > 0.946 AND feature_1 > 0.743 AND feature_1 > 1.568 AND feature_0 > 1.289 AND feature_0 <= 1.832 AND feature_1 > 1.664 AND feature_0 <= 1.63 AND feature_1 <= 2.181 AND feature_2 <= 0.102 AND feature_1 > 1.775 AND feature_5 <= -0.077,"{'feature_0': (1.289, 1.63), 'feature_1': (1.775, 2.181), 'feature_2': (-4.532, 0.102), 'feature_5': (-4.895, -0.077)}",4,3.32,12,[Pretrained] CF,"[1946, 2936, 3494, 3694, 3732, 3733, 3737, 3738, 3739, 3740, 3742]",3.51,3.51,Random,[Pretrained] CF Random,0.002,0,0.002,3768,29,0.0,5,0.18999999999999995,0.0,hte_only
1867,feature_0 <= 0.058 AND feature_0 > -0.982 AND feature_1 > 0.164 AND feature_1 > 1.51 AND feature_0 > -0.428 AND feature_1 <= 1.75 AND feature_0 <= -0.174 AND feature_1 > 1.616,"{'feature_0': (-0.428, -0.174), 'feature_1': (1.616, 1.75)}",2,1.426,8,[Pretrained] CF,"[1, 771, 1393, 1773, 1855, 1856, 1857]",1.545,1.545,Random,[Pretrained] CF Random,0.002,0,0.002,3768,108,0.0,5,0.119,0.0,hte_only
2609,feature_0 > 0.058 AND feature_0 <= 0.946 AND feature_1 > 0.771 AND feature_1 <= 1.148 AND feature_0 <= 0.542 AND feature_1 > 0.941 AND feature_0 > 0.159 AND feature_0 > 0.387,"{'feature_0': (0.387, 0.542), 'feature_1': (0.941, 1.148)}",2,1.863,8,[Pretrained] CF,"[1946, 1947, 2521, 2522, 2523, 2571, 2587]",1.806,1.806,Random,[Pretrained] CF Random,0.002,0,0.002,3768,265,0.0,5,0.05699999999999994,0.0,hte_only
671,feature_0 <= 0.058 AND feature_0 <= -0.982 AND feature_1 > 0.16 AND feature_0 > -1.389 AND feature_1 <= 0.835 AND feature_0 > -1.209 AND feature_1 > 0.47 AND feature_0 > -1.126 AND feature_1 <= 0.749 AND feature_0 > -1.001 AND feature_1 <= 0.605,"{'feature_0': (-1.001, -0.982), 'feature_1': (0.47, 0.605)}",2,0.234,11,[Pretrained] CF,"[1, 2, 380, 570, 571, 621, 647, 661, 662, 670]",0.001,0.001,Random,[Pretrained] CF Random,0.002,0,0.002,3768,21,0.0,5,0.233,0.0,hte_only
2868,feature_0 > 0.058 AND feature_0 <= 0.946 AND feature_1 > 0.771 AND feature_1 > 1.148 AND feature_0 > 0.438 AND feature_1 <= 1.535 AND feature_0 > 0.772 AND feature_2 > 0.014 AND feature_0 > 0.833,"{'feature_0': (0.833, 0.946), 'feature_1': (1.148, 1.535), 'feature_2': (0.014, 4.286)}",3,2.37,9,[Pretrained] CF,"[1946, 1947, 2521, 2701, 2809, 2810, 2848, 2862]",2.454,2.454,Random,[Pretrained] CF Random,0.002,0,0.002,3768,108,0.0,5,0.08400000000000007,0.0,hte_only
3763,feature_0 > 0.058 AND feature_0 > 0.946 AND feature_1 > 0.743 AND feature_1 > 1.568 AND feature_0 > 1.289 AND feature_0 > 1.832 AND feature_1 > 1.8 AND feature_4 <= 0.223,"{'feature_0': (1.832, 4.577), 'feature_1': (1.8, 4.438), 'feature_4': (-4.13, 0.223)}",3,3.75,8,[Pretrained] CF,"[1946, 2936, 3494, 3694, 3732, 3756, 3762]",4.439,4.505,OptRes,[Pretrained] CF OptRes,0.01,0,0.01,3768,34,0.08115183246073299,5,0.6890000000000001,0.06599999999999984,rest
3768,feature_0 > 0.058 AND feature_0 > 0.946 AND feature_1 > 0.743 AND feature_1 > 1.568 AND feature_0 > 1.289 AND feature_0 > 1.832 AND feature_1 > 1.8 AND feature_4 > 0.223 AND feature_0 > 1.977,"{'feature_0': (1.977, 4.577), 'feature_1': (1.8, 4.438), 'feature_4': (0.223, 4.717)}",3,3.656,9,[Pretrained] CF,"[1946, 2936, 3494, 3694, 3732, 3756, 3762, 3766]",4.679,4.585,OptRes,[Pretrained] CF OptRes,0.01,0,0.01,3768,22,0.04319371727748691,5,1.0230000000000001,0.0940000000000003,rest
3756,feature_0 > 0.058 AND feature_0 > 0.946 AND feature_1 > 0.743 AND feature_1 > 1.568 AND feature_0 > 1.289 AND feature_0 > 1.832,"{'feature_0': (1.832, 4.577), 'feature_1': (1.568, 4.438)}",2,3.61,6,[Pretrained] CF,"[1946, 2936, 3494, 3694, 3732]",4.329,4.335,OptRes,[Pretrained] CF OptRes,0.01,0,0.01,3768,115,0.1793193717277487,5,0.7189999999999999,0.006000000000000227,rest
3759,feature_0 > 0.058 AND feature_0 > 0.946 AND feature_1 > 0.743 AND feature_1 > 1.568 AND feature_0 > 1.289 AND feature_0 > 1.832 AND feature_1 <= 1.8 AND feature_0 > 2.096,"{'feature_0': (2.096, 4.577), 'feature_1': (1.568, 1.8)}",2,3.581,8,[Pretrained] CF,"[1946, 2936, 3494, 3694, 3732, 3756, 3757]",4.389,4.365,OptRes,[Pretrained] CF OptRes,0.01,0,0.01,3768,25,0.0549738219895288,5,0.8080000000000003,0.02400000000000002,rest
3753,feature_0 > 0.058 AND feature_0 > 0.946 AND feature_1 > 0.743 AND feature_1 > 1.568 AND feature_0 > 1.289 AND feature_0 <= 1.832 AND feature_1 > 1.664 AND feature_0 > 1.63 AND feature_2 > -0.178,"{'feature_0': (1.63, 1.832), 'feature_1': (1.664, 4.438), 'feature_2': (-0.178, 4.286)}",3,3.535,9,[Pretrained] CF,"[1946, 2936, 3494, 3694, 3732, 3733, 3737, 3751]",3.93,3.897,OptRes,[Pretrained] CF OptRes,0.01,0,0.01,3768,33,0.0,5,0.395,0.03300000000000036,rest
3768,feature_0 > 0.058 AND feature_0 > 0.946 AND feature_1 > 0.743 AND feature_1 > 1.568 AND feature_0 > 1.289 AND feature_0 > 1.832 AND feature_1 > 1.8 AND feature_4 > 0.223 AND feature_0 > 1.977,"{'feature_0': (1.977, 4.577), 'feature_1': (1.8, 4.438), 'feature_4': (0.223, 4.717)}",3,3.656,9,[Pretrained] CF,"[1946, 2936, 3494, 3694, 3732, 3756, 3762, 3766]",4.679,4.585,ResOve,[Pretrained] CF ResOve,1.002,0,1.002,3768,22,0.15566037735849056,5,1.0230000000000001,0.0940000000000003,rest
3754,feature_0 > 0.058 AND feature_0 > 0.946 AND feature_1 > 0.743 AND feature_1 > 1.568 AND feature_0 > 1.289 AND feature_0 <= 1.832 AND feature_1 > 1.664 AND feature_0 > 1.63 AND feature_2 > -0.178 AND feature_1 <= 2.136,"{'feature_0': (1.63, 1.832), 'feature_1': (1.664, 2.136), 'feature_2': (-0.178, 4.286)}",3,3.482,10,[Pretrained] CF,"[1946, 2936, 3494, 3694, 3732, 3733, 3737, 3751, 3753]",3.724,3.722,ResOve,[Pretrained] CF ResOve,1.002,0,1.002,3768,24,0.0,5,0.242,0.002000000000000224,rest
3748,feature_0 > 0.058 AND feature_0 > 0.946 AND feature_1 > 0.743 AND feature_1 > 1.568 AND feature_0 > 1.289 AND feature_0 <= 1.832 AND feature_1 > 1.664 AND feature_0 <= 1.63 AND feature_1 > 2.181,"{'feature_0': (1.289, 1.63), 'feature_1': (2.181, 4.438)}",2,3.437,9,[Pretrained] CF,"[1946, 2936, 3494, 3694, 3732, 3733, 3737, 3738]",4.018,4.002,ResOve,[Pretrained] CF ResOve,1.002,0,1.002,3768,36,0.0,5,0.581,0.016000000000000014,rest
3766,feature_0 > 0.058 AND feature_0 > 0.946 AND feature_1 > 0.743 AND feature_1 > 1.568 AND feature_0 > 1.289 AND feature_0 > 1.832 AND feature_1 > 1.8 AND feature_4 > 0.223,"{'feature_0': (1.832, 4.577), 'feature_1': (1.8, 4.438), 'feature_4': (0.223, 4.717)}",3,3.606,8,[Pretrained] CF,"[1946, 2936, 3494, 3694, 3732, 3756, 3762]",4.498,4.456,ResOve,[Pretrained] CF ResOve,1.002,0,1.002,3768,36,0.15566037735849056,5,0.8920000000000003,0.041999999999999815,rest
3763,feature_0 > 0.058 AND feature_0 > 0.946 AND feature_1 > 0.743 AND feature_1 > 1.568 AND feature_0 > 1.289 AND feature_0 > 1.832 AND feature_1 > 1.8 AND feature_4 <= 0.223,"{'feature_0': (1.832, 4.577), 'feature_1': (1.8, 4.438), 'feature_4': (-4.13, 0.223)}",3,3.75,8,[Pretrained] CF,"[1946, 2936, 3494, 3694, 3732, 3756, 3762]",4.439,4.505,ResOve,[Pretrained] CF ResOve,1.002,0,1.002,3768,34,0.0,5,0.6890000000000001,0.06599999999999984,rest
3763,feature_0 > 0.058 AND feature_0 > 0.946 AND feature_1 > 0.743 AND feature_1 > 1.568 AND feature_0 > 1.289 AND feature_0 > 1.832 AND feature_1 > 1.8 AND feature_4 <= 0.223,"{'feature_0': (1.832, 4.577), 'feature_1': (1.8, 4.438), 'feature_4': (-4.13, 0.223)}",3,3.75,8,[Pretrained] CF,"[1946, 2936, 3494, 3694, 3732, 3756, 3762]",4.439,4.505,NoOve,[Pretrained] CF NoOve,0.033,0,0.033,3768,34,0.0,5,0.6890000000000001,0.06599999999999984,rest
3766,feature_0 > 0.058 AND feature_0 > 0.946 AND feature_1 > 0.743 AND feature_1 > 1.568 AND feature_0 > 1.289 AND feature_0 > 1.832 AND feature_1 > 1.8 AND feature_4 > 0.223,"{'feature_0': (1.832, 4.577), 'feature_1': (1.8, 4.438), 'feature_4': (0.223, 4.717)}",3,3.606,8,[Pretrained] CF,"[1946, 2936, 3494, 3694, 3732, 3756, 3762]",4.498,4.456,NoOve,[Pretrained] CF NoOve,0.033,0,0.033,3768,36,0.0,5,0.8920000000000003,0.041999999999999815,rest
3759,feature_0 > 0.058 AND feature_0 > 0.946 AND feature_1 > 0.743 AND feature_1 > 1.568 AND feature_0 > 1.289 AND feature_0 > 1.832 AND feature_1 <= 1.8 AND feature_0 > 2.096,"{'feature_0': (2.096, 4.577), 'feature_1': (1.568, 1.8)}",2,3.581,8,[Pretrained] CF,"[1946, 2936, 3494, 3694, 3732, 3756, 3757]",4.389,4.365,NoOve,[Pretrained] CF NoOve,0.033,0,0.033,3768,25,0.0,5,0.8080000000000003,0.02400000000000002,rest
3751,feature_0 > 0.058 AND feature_0 > 0.946 AND feature_1 > 0.743 AND feature_1 > 1.568 AND feature_0 > 1.289 AND feature_0 <= 1.832 AND feature_1 > 1.664 AND feature_0 > 1.63,"{'feature_0': (1.63, 1.832), 'feature_1': (1.664, 4.438)}",2,3.484,8,[Pretrained] CF,"[1946, 2936, 3494, 3694, 3732, 3733, 3737]",3.913,3.908,NoOve,[Pretrained] CF NoOve,0.033,0,0.033,3768,44,0.0,5,0.4289999999999998,0.004999999999999893,rest
3738,feature_0 > 0.058 AND feature_0 > 0.946 AND feature_1 > 0.743 AND feature_1 > 1.568 AND feature_0 > 1.289 AND feature_0 <= 1.832 AND feature_1 > 1.664 AND feature_0 <= 1.63,"{'feature_0': (1.289, 1.63), 'feature_1': (1.664, 4.438)}",2,3.331,8,[Pretrained] CF,"[1946, 2936, 3494, 3694, 3732, 3733, 3737]",3.654,3.622,NoOve,[Pretrained] CF NoOve,0.033,0,0.033,3768,118,0.0,5,0.32299999999999995,0.03200000000000003,rest
1424,feature_0 <= 0.058 AND feature_0 > -0.982 AND feature_1 > 0.164 AND feature_1 <= 1.51 AND feature_0 <= -0.397 AND feature_0 <= -0.744 AND feature_1 <= 0.742 AND feature_0 > -0.867 AND feature_4 <= -1.194 AND feature_9 > 0.617,"{'feature_0': (-0.867, -0.744), 'feature_1': (0.164, 0.742), 'feature_4': (-4.13, -1.194), 'feature_9': (0.617, 4.08)}",4,0.538,10,[Pretrained] CF,"[1, 771, 1393, 1394, 1395, 1396, 1397, 1419, 1420]",0.126,0.126,Random,[Pretrained] CF Random,0.01,0,0.01,3768,30,0.0,5,0.41200000000000003,0.0,rest
361,feature_0 <= 0.058 AND feature_0 <= -0.982 AND feature_1 <= 0.16 AND feature_0 > -1.716 AND feature_0 > -1.47 AND feature_1 > -0.027 AND feature_0 <= -1.07 AND feature_1 > 0.074 AND feature_0 > -1.396 AND feature_1 <= 0.133 AND feature_9 > -0.069 AND feature_0 > -1.178,"{'feature_0': (-1.178, -1.07), 'feature_1': (0.074, 0.133), 'feature_9': (-0.069, 4.08)}",3,0.472,12,[Pretrained] CF,"[1, 2, 3, 143, 231, 337, 338, 352, 354, 355, 359]",0.378,0.378,Random,[Pretrained] CF Random,0.01,0,0.01,3768,27,0.0,5,0.09399999999999997,0.0,rest
2802,feature_0 > 0.058 AND feature_0 <= 0.946 AND feature_1 > 0.771 AND feature_1 > 1.148 AND feature_0 <= 0.438 AND feature_1 > 1.645 AND feature_4 > 0.694 AND feature_1 > 1.906 AND feature_0 <= 0.306 AND feature_2 <= 0.05,"{'feature_0': (0.058, 0.306), 'feature_1': (1.906, 4.438), 'feature_4': (0.694, 4.717), 'feature_2': (-4.532, 0.05)}",4,2.231,10,[Pretrained] CF,"[1946, 1947, 2521, 2701, 2702, 2756, 2796, 2800, 2801]",2.64,2.631,Random,[Pretrained] CF Random,0.01,0,0.01,3768,21,0.0,5,0.40900000000000025,0.009000000000000341,rest
779,feature_0 <= 0.058 AND feature_0 > -0.982 AND feature_1 <= 0.164 AND feature_0 <= -0.216 AND feature_1 <= -0.449 AND feature_1 <= -1.153 AND feature_0 <= -0.594 AND feature_0 <= -0.863 AND feature_0 <= -0.94 AND feature_5 <= -0.038,"{'feature_0': (-0.982, -0.94), 'feature_1': (-4.202, -1.153), 'feature_5': (-4.895, -0.038)}",3,0.521,10,[Pretrained] CF,"[1, 771, 772, 773, 774, 775, 776, 777, 778]",0.779,0.778,Random,[Pretrained] CF Random,0.01,0,0.01,3768,41,0.0,5,0.258,0.0010000000000000009,rest
2686,feature_0 > 0.058 AND feature_0 <= 0.946 AND feature_1 > 0.771 AND feature_1 <= 1.148 AND feature_0 > 0.542 AND feature_0 > 0.787 AND feature_1 > 0.886 AND feature_1 <= 1.05 AND feature_2 <= -0.405,"{'feature_0': (0.787, 0.946), 'feature_1': (0.886, 1.05), 'feature_2': (-4.532, -0.405)}",3,2.243,9,[Pretrained] CF,"[1946, 1947, 2521, 2522, 2624, 2676, 2684, 2685]",2.15,2.168,Random,[Pretrained] CF Random,0.01,0,0.01,3768,30,0.0,5,0.09299999999999997,0.018000000000000238,rest
3685,feature_0 > 0.058 AND feature_0 > 0.946 AND feature_1 > 0.743 AND feature_1 <= 1.568 AND feature_0 > 1.347 AND feature_1 > 1.049 AND feature_0 > 1.914 AND feature_1 <= 1.407 AND feature_2 > -0.223 AND feature_7 > -0.562 AND feature_8 <= -0.517,"{'feature_0': (1.914, 4.577), 'feature_1': (1.049, 1.407), 'feature_2': (-0.223, 4.286), 'feature_7': (-0.562, 4.28), 'feature_8': (-4.447, -0.517)}",5,3.2,11,[Pretrained] CF,"[1946, 2936, 3494, 3495, 3589, 3641, 3677, 3678, 3682, 3684]",3.889,3.889,OptRes,[Pretrained] CF OptRes,0.011,0,0.011,3768,22,0.1113095238095238,5,0.6889999999999996,0.0,all
3684,feature_0 > 0.058 AND feature_0 > 0.946 AND feature_1 > 0.743 AND feature_1 <= 1.568 AND feature_0 > 1.347 AND feature_1 > 1.049 AND feature_0 > 1.914 AND feature_1 <= 1.407 AND feature_2 > -0.223 AND feature_7 > -0.562,"{'feature_0': (1.914, 4.577), 'feature_1': (1.049, 1.407), 'feature_2': (-0.223, 4.286), 'feature_7': (-0.562, 4.28)}",4,3.136,10,[Pretrained] CF,"[1946, 2936, 3494, 3495, 3589, 3641, 3677, 3678, 3682]",3.847,3.847,OptRes,[Pretrained] CF OptRes,0.011,0,0.011,3768,70,0.28273809523809523,5,0.7109999999999999,0.0,all
3687,feature_0 > 0.058 AND feature_0 > 0.946 AND feature_1 > 0.743 AND feature_1 <= 1.568 AND feature_0 > 1.347 AND feature_1 > 1.049 AND feature_0 > 1.914 AND feature_1 <= 1.407 AND feature_2 > -0.223 AND feature_7 > -0.562 AND feature_8 > -0.517 AND feature_1 <= 1.251,"{'feature_0': (1.914, 4.577), 'feature_1': (1.049, 1.251), 'feature_2': (-0.223, 4.286), 'feature_7': (-0.562, 4.28), 'feature_8': (-0.517, 4.699)}",5,3.078,12,[Pretrained] CF,"[1946, 2936, 3494, 3495, 3589, 3641, 3677, 3678, 3682, 3684, 3686]",3.782,3.782,OptRes,[Pretrained] CF OptRes,0.011,0,0.011,3768,28,0.14166666666666666,5,0.7040000000000002,0.0,all
3674,feature_0 > 0.058 AND feature_0 > 0.946 AND feature_1 > 0.743 AND feature_1 <= 1.568 AND feature_0 > 1.347 AND feature_1 > 1.049 AND feature_0 <= 1.914 AND feature_2 > 0.032 AND feature_2 > 0.836 AND feature_0 > 1.505 AND feature_3 <= 0.335 AND feature_1 <= 1.339,"{'feature_0': (1.505, 1.914), 'feature_1': (1.049, 1.339), 'feature_2': (0.836, 4.286), 'feature_3': (-4.344, 0.335)}",4,3.049,12,[Pretrained] CF,"[1946, 2936, 3494, 3495, 3589, 3641, 3642, 3660, 3668, 3672, 3673]",3.104,3.104,OptRes,[Pretrained] CF OptRes,0.011,0,0.011,3768,21,0.0,5,0.05500000000000016,0.0,all
3678,feature_0 > 0.058 AND feature_0 > 0.946 AND feature_1 > 0.743 AND feature_1 <= 1.568 AND feature_0 > 1.347 AND feature_1 > 1.049 AND feature_0 > 1.914 AND feature_1 <= 1.407,"{'feature_0': (1.914, 4.577), 'feature_1': (1.049, 1.407)}",2,3.047,8,[Pretrained] CF,"[1946, 2936, 3494, 3495, 3589, 3641, 3677]",3.802,3.802,OptRes,[Pretrained] CF OptRes,0.011,0,0.011,3768,168,0.17857142857142858,5,0.7549999999999999,0.0,all
3686,feature_0 > 0.058 AND feature_0 > 0.946 AND feature_1 > 0.743 AND feature_1 <= 1.568 AND feature_0 > 1.347 AND feature_1 > 1.049 AND feature_0 > 1.914 AND feature_1 <= 1.407 AND feature_2 > -0.223 AND feature_7 > -0.562 AND feature_8 > -0.517,"{'feature_0': (1.914, 4.577), 'feature_1': (1.049, 1.407), 'feature_2': (-0.223, 4.286), 'feature_7': (-0.562, 4.28), 'feature_8': (-0.517, 4.699)}",5,3.106,11,[Pretrained] CF,"[1946, 2936, 3494, 3495, 3589, 3641, 3677, 3678, 3682, 3684]",3.828,3.828,ResOve,[Pretrained] CF ResOve,0.752,0,0.752,3768,48,0.0,5,0.722,0.0,all
3685,feature_0 > 0.058 AND feature_0 > 0.946 AND feature_1 > 0.743 AND feature_1 <= 1.568 AND feature_0 > 1.347 AND feature_1 > 1.049 AND feature_0 > 1.914 AND feature_1 <= 1.407 AND feature_2 > -0.223 AND feature_7 > -0.562 AND feature_8 <= -0.517,"{'feature_0': (1.914, 4.577), 'feature_1': (1.049, 1.407), 'feature_2': (-0.223, 4.286), 'feature_7': (-0.562, 4.28), 'feature_8': (-4.447, -0.517)}",5,3.2,11,[Pretrained] CF,"[1946, 2936, 3494, 3495, 3589, 3641, 3677, 3678, 3682, 3684]",3.889,3.889,ResOve,[Pretrained] CF ResOve,0.752,0,0.752,3768,22,0.0,5,0.6889999999999996,0.0,all
3683,feature_0 > 0.058 AND feature_0 > 0.946 AND feature_1 > 0.743 AND feature_1 <= 1.568 AND feature_0 > 1.347 AND feature_1 > 1.049 AND feature_0 > 1.914 AND feature_1 <= 1.407 AND feature_2 > -0.223 AND feature_7 <= -0.562,"{'feature_0': (1.914, 4.577), 'feature_1': (1.049, 1.407), 'feature_2': (-0.223, 4.286), 'feature_7': (-4.375, -0.562)}",4,3.026,10,[Pretrained] CF,"[1946, 2936, 3494, 3495, 3589, 3641, 3677, 3678, 3682]",3.791,3.791,ResOve,[Pretrained] CF ResOve,0.752,0,0.752,3768,32,0.0,5,0.7650000000000001,0.0,all
3639,feature_0 > 0.058 AND feature_0 > 0.946 AND feature_1 > 0.743 AND feature_1 <= 1.568 AND feature_0 > 1.347 AND feature_1 <= 1.049 AND feature_0 > 1.865 AND feature_4 > 0.312 AND feature_0 > 2.181 AND feature_2 <= 0.058,"{'feature_0': (2.181, 4.577), 'feature_1': (0.743, 1.049), 'feature_4': (0.312, 4.717), 'feature_2': (-4.532, 0.058)}",4,3.037,10,[Pretrained] CF,"[1946, 2936, 3494, 3495, 3589, 3590, 3624, 3634, 3638]",3.723,3.723,ResOve,[Pretrained] CF ResOve,0.752,0,0.752,3768,30,0.0,5,0.6859999999999999,0.0,all
3681,feature_0 > 0.058 AND feature_0 > 0.946 AND feature_1 > 0.743 AND feature_1 <= 1.568 AND feature_0 > 1.347 AND feature_1 > 1.049 AND feature_0 > 1.914 AND feature_1 <= 1.407 AND feature_2 <= -0.223 AND feature_7 > 0.137,"{'feature_0': (1.914, 4.577), 'feature_1': (1.049, 1.407), 'feature_2': (-4.532, -0.223), 'feature_7': (0.137, 4.28)}",4,3.023,10,[Pretrained] CF,"[1946, 2936, 3494, 3495, 3589, 3641, 3677, 3678, 3679]",3.815,3.815,ResOve,[Pretrained] CF ResOve,0.752,0,0.752,3768,29,0.0,5,0.7919999999999998,0.0,all
3684,feature_0 > 0.058 AND feature_0 > 0.946 AND feature_1 > 0.743 AND feature_1 <= 1.568 AND feature_0 > 1.347 AND feature_1 > 1.049 AND feature_0 > 1.914 AND feature_1 <= 1.407 AND feature_2 > -0.223 AND feature_7 > -0.562,"{'feature_0': (1.914, 4.577), 'feature_1': (1.049, 1.407), 'feature_2': (-0.223, 4.286), 'feature_7': (-0.562, 4.28)}",4,3.136,10,[Pretrained] CF,"[1946, 2936, 3494, 3495, 3589, 3641, 3677, 3678, 3682]",3.847,3.847,NoOve,[Pretrained] CF NoOve,0.012,0,0.012,3768,70,0.0,5,0.7109999999999999,0.0,all
3639,feature_0 > 0.058 AND feature_0 > 0.946 AND feature_1 > 0.743 AND feature_1 <= 1.568 AND feature_0 > 1.347 AND feature_1 <= 1.049 AND feature_0 > 1.865 AND feature_4 > 0.312 AND feature_0 > 2.181 AND feature_2 <= 0.058,"{'feature_0': (2.181, 4.577), 'feature_1': (0.743, 1.049), 'feature_4': (0.312, 4.717), 'feature_2': (-4.532, 0.058)}",4,3.037,10,[Pretrained] CF,"[1946, 2936, 3494, 3495, 3589, 3590, 3624, 3634, 3638]",3.723,3.723,NoOve,[Pretrained] CF NoOve,0.012,0,0.012,3768,30,0.0,5,0.6859999999999999,0.0,all
3683,feature_0 > 0.058 AND feature_0 > 0.946 AND feature_1 > 0.743 AND feature_1 <= 1.568 AND feature_0 > 1.347 AND feature_1 > 1.049 AND feature_0 > 1.914 AND feature_1 <= 1.407 AND feature_2 > -0.223 AND feature_7 <= -0.562,"{'feature_0': (1.914, 4.577), 'feature_1': (1.049, 1.407), 'feature_2': (-0.223, 4.286), 'feature_7': (-4.375, -0.562)}",4,3.026,10,[Pretrained] CF,"[1946, 2936, 3494, 3495, 3589, 3641, 3677, 3678, 3682]",3.791,3.791,NoOve,[Pretrained] CF NoOve,0.012,0,0.012,3768,32,0.0,5,0.7650000000000001,0.0,all
3681,feature_0 > 0.058 AND feature_0 > 0.946 AND feature_1 > 0.743 AND feature_1 <= 1.568 AND feature_0 > 1.347 AND feature_1 > 1.049 AND feature_0 > 1.914 AND feature_1 <= 1.407 AND feature_2 <= -0.223 AND feature_7 > 0.137,"{'feature_0': (1.914, 4.577), 'feature_1': (1.049, 1.407), 'feature_2': (-4.532, -0.223), 'feature_7': (0.137, 4.28)}",4,3.023,10,[Pretrained] CF,"[1946, 2936, 3494, 3495, 3589, 3641, 3677, 3678, 3679]",3.815,3.815,NoOve,[Pretrained] CF NoOve,0.012,0,0.012,3768,29,0.0,5,0.7919999999999998,0.0,all
3482,feature_0 > 0.058 AND feature_0 > 0.946 AND feature_1 <= 0.743 AND feature_0 > 1.577 AND feature_0 > 2.049 AND feature_1 > 0.008 AND feature_4 > -0.358 AND feature_0 > 2.149 AND feature_1 > 0.316 AND feature_3 <= 0.091,"{'feature_0': (2.149, 4.577), 'feature_1': (0.316, 0.743), 'feature_4': (-0.358, 4.717), 'feature_3': (-4.344, 0.091)}",4,2.949,10,[Pretrained] CF,"[1946, 2936, 2937, 3253, 3393, 3451, 3467, 3473, 3481]",3.484,3.484,NoOve,[Pretrained] CF NoOve,0.012,0,0.012,3768,74,0.0,5,0.5350000000000001,0.0,all
946,feature_0 <= 0.058 AND feature_0 > -0.982 AND feature_1 <= 0.164 AND feature_0 <= -0.216 AND feature_1 <= -0.449 AND feature_1 > -1.153 AND feature_0 > -0.866 AND feature_0 > -0.404 AND feature_2 <= 1.05 AND feature_4 > -1.083 AND feature_0 <= -0.261,"{'feature_0': (-0.404, -0.261), 'feature_1': (-1.153, -0.449), 'feature_2': (-4.532, 1.05), 'feature_4': (-1.083, 4.717)}",4,0.059,11,[Pretrained] CF,"[1, 771, 772, 773, 774, 870, 904, 936, 937, 945]",0.056,0.056,Random,[Pretrained] CF Random,0.003,0,0.003,3768,745,0.0,5,0.0029999999999999957,0.0,all
1613,feature_0 <= 0.058 AND feature_0 > -0.982 AND feature_1 > 0.164 AND feature_1 <= 1.51 AND feature_0 > -0.397 AND feature_1 <= 0.802 AND feature_0 <= -0.122 AND feature_1 > 0.254 AND feature_3 <= -0.935,"{'feature_0': (-0.397, -0.122), 'feature_1': (0.254, 0.802), 'feature_3': (-4.344, -0.935)}",3,0.816,9,[Pretrained] CF,"[1, 771, 1393, 1394, 1588, 1589, 1590, 1612]",0.73,0.73,Random,[Pretrained] CF Random,0.003,0,0.003,3768,353,0.0,5,0.08599999999999997,0.0,all
1970,feature_0 > 0.058 AND feature_0 <= 0.946 AND feature_1 <= 0.771 AND feature_0 <= 0.647 AND feature_1 <= -0.652 AND feature_1 <= -1.007 AND feature_0 <= 0.368 AND feature_0 <= 0.103 AND feature_0 > 0.077 AND feature_1 > -1.529 AND feature_1 <= -1.174 AND feature_7 > 0.081,"{'feature_0': (0.077, 0.103), 'feature_1': (-1.529, -1.174), 'feature_7': (0.081, 4.28)}",3,0.56,12,[Pretrained] CF,"[1946, 1947, 1948, 1949, 1950, 1951, 1952, 1953, 1963, 1967, 1968]",0.323,0.323,Random,[Pretrained] CF Random,0.003,0,0.003,3768,28,0.0,5,0.23700000000000004,0.0,all
2568,feature_0 > 0.058 AND feature_0 <= 0.946 AND feature_1 > 0.771 AND feature_1 <= 1.148 AND feature_0 <= 0.542 AND feature_1 <= 0.941 AND feature_0 > 0.132 AND feature_1 > 0.807 AND feature_0 > 0.379 AND feature_2 > -0.301 AND feature_7 > -0.683,"{'feature_0': (0.379, 0.542), 'feature_1': (0.807, 0.941), 'feature_2': (-0.301, 4.286), 'feature_7': (-0.683, 4.28)}",4,1.616,11,[Pretrained] CF,"[1946, 1947, 2521, 2522, 2523, 2524, 2536, 2548, 2560, 2566]",1.678,1.678,Random,[Pretrained] CF Random,0.003,0,0.003,3768,110,0.0,5,0.06199999999999983,0.0,all
2019,feature_0 > 0.058 AND feature_0 <= 0.946 AND feature_1 <= 0.771 AND feature_0 <= 0.647 AND feature_1 <= -0.652 AND feature_1 <= -1.007 AND feature_0 > 0.368 AND feature_0 <= 0.471 AND feature_1 > -1.266 AND feature_2 <= 1.326 AND feature_2 > -1.366 AND feature_1 > -1.051,"{'feature_0': (0.368, 0.471), 'feature_1': (-1.051, -1.007), 'feature_2': (-1.366, 1.326)}",3,0.839,12,[Pretrained] CF,"[1946, 1947, 1948, 1949, 1950, 1951, 2001, 2002, 2014, 2015, 2017]",0.724,0.724,Random,[Pretrained] CF Random,0.003,0,0.003,3768,27,0.0,5,0.11499999999999999,0.0,all
10,feature_0 <= 0.058 AND feature_0 <= -0.982 AND feature_1 <= 0.16 AND feature_0 <= -1.716 AND feature_0 <= -2.195 AND feature_1 <= -0.267 AND feature_3 <= -0.36 AND feature_1 <= -0.552 AND feature_2 <= -0.296 AND feature_0 <= -2.59,"{'feature_0': (-4.695, -2.59), 'feature_1': (-4.202, -0.552), 'feature_3': (-4.344, -0.36), 'feature_2': (-4.532, -0.296)}",4,2.477,10,[Pretrained] CF,"[1, 2, 3, 4, 5, 6, 7, 8, 9]",2.72,2.72,OptRes,[Pretrained] CF OptRes,0.01,0,0.01,3768,25,0.14229910714285715,5,0.24300000000000033,0.0,hte_only
3408,feature_0 > 0.058 AND feature_0 > 0.946 AND feature_1 <= 0.743 AND feature_0 > 1.577 AND feature_0 > 2.049 AND feature_1 <= 0.008 AND feature_0 <= 2.265 AND feature_3 <= 0.959 AND feature_0 > 2.155 AND feature_2 <= -0.181 AND feature_1 <= -0.473,"{'feature_0': (2.155, 2.265), 'feature_1': (-4.202, -0.473), 'feature_3': (-4.344, 0.959), 'feature_2': (-4.532, -0.181)}",4,2.439,11,[Pretrained] CF,"[1946, 2936, 2937, 3253, 3393, 3394, 3395, 3396, 3406, 3407]",2.529,2.529,OptRes,[Pretrained] CF OptRes,0.01,0,0.01,3768,46,0.0,5,0.08999999999999986,0.0,hte_only
9,feature_0 <= 0.058 AND feature_0 <= -0.982 AND feature_1 <= 0.16 AND feature_0 <= -1.716 AND feature_0 <= -2.195 AND feature_1 <= -0.267 AND feature_3 <= -0.36 AND feature_1 <= -0.552 AND feature_2 <= -0.296,"{'feature_0': (-4.695, -2.195), 'feature_1': (-4.202, -0.552), 'feature_3': (-4.344, -0.36), 'feature_2': (-4.532, -0.296)}",4,2.353,9,[Pretrained] CF,"[1, 2, 3, 4, 5, 6, 7, 8]",2.329,2.329,OptRes,[Pretrained] CF OptRes,0.01,0,0.01,3768,64,0.21194196428571427,5,0.02400000000000002,0.0,hte_only
14,feature_0 <= 0.058 AND feature_0 <= -0.982 AND feature_1 <= 0.16 AND feature_0 <= -1.716 AND feature_0 <= -2.195 AND feature_1 <= -0.267 AND feature_3 <= -0.36 AND feature_1 <= -0.552 AND feature_2 > -0.296 AND feature_3 <= -0.65 AND feature_8 <= -0.021,"{'feature_0': (-4.695, -2.195), 'feature_1': (-4.202, -0.552), 'feature_3': (-4.344, -0.65), 'feature_2': (-0.296, 4.286), 'feature_8': (-4.447, -0.021)}",5,2.277,11,[Pretrained] CF,"[1, 2, 3, 4, 5, 6, 7, 8, 12, 13]",2.275,2.275,OptRes,[Pretrained] CF OptRes,0.01,0,0.01,3768,28,0.05,5,0.002000000000000224,0.0,hte_only
8,feature_0 <= 0.058 AND feature_0 <= -0.982 AND feature_1 <= 0.16 AND feature_0 <= -1.716 AND feature_0 <= -2.195 AND feature_1 <= -0.267 AND feature_3 <= -0.36 AND feature_1 <= -0.552,"{'feature_0': (-4.695, -2.195), 'feature_1': (-4.202, -0.552), 'feature_3': (-4.344, -0.36)}",3,2.268,8,[Pretrained] CF,"[1, 2, 3, 4, 5, 6, 7]",2.28,2.28,OptRes,[Pretrained] CF OptRes,0.01,0,0.01,3768,140,0.2089285714285714,5,0.01200000000000001,0.0,hte_only
14,feature_0 <= 0.058 AND feature_0 <= -0.982 AND feature_1 <= 0.16 AND feature_0 <= -1.716 AND feature_0 <= -2.195 AND feature_1 <= -0.267 AND feature_3 <= -0.36 AND feature_1 <= -0.552 AND feature_2 > -0.296 AND feature_3 <= -0.65 AND feature_8 <= -0.021,"{'feature_0': (-4.695, -2.195), 'feature_1': (-4.202, -0.552), 'feature_3': (-4.344, -0.65), 'feature_2': (-0.296, 4.286), 'feature_8': (-4.447, -0.021)}",5,2.277,11,[Pretrained] CF,"[1, 2, 3, 4, 5, 6, 7, 8, 12, 13]",2.275,2.275,ResOve,[Pretrained] CF ResOve,0.224,0,0.224,3768,28,0.0,5,0.002000000000000224,0.0,hte_only
11,feature_0 <= 0.058 AND feature_0 <= -0.982 AND feature_1 <= 0.16 AND feature_0 <= -1.716 AND feature_0 <= -2.195 AND feature_1 <= -0.267 AND feature_3 <= -0.36 AND feature_1 <= -0.552 AND feature_2 <= -0.296 AND feature_0 > -2.59,"{'feature_0': (-2.59, -2.195), 'feature_1': (-4.202, -0.552), 'feature_3': (-4.344, -0.36), 'feature_2': (-4.532, -0.296)}",4,2.273,10,[Pretrained] CF,"[1, 2, 3, 4, 5, 6, 7, 8, 9]",2.077,2.077,ResOve,[Pretrained] CF ResOve,0.224,0,0.224,3768,39,0.0,5,0.19600000000000017,0.0,hte_only
10,feature_0 <= 0.058 AND feature_0 <= -0.982 AND feature_1 <= 0.16 AND feature_0 <= -1.716 AND feature_0 <= -2.195 AND feature_1 <= -0.267 AND feature_3 <= -0.36 AND feature_1 <= -0.552 AND feature_2 <= -0.296 AND feature_0 <= -2.59,"{'feature_0': (-4.695, -2.59), 'feature_1': (-4.202, -0.552), 'feature_3': (-4.344, -0.36), 'feature_2': (-4.532, -0.296)}",4,2.477,10,[Pretrained] CF,"[1, 2, 3, 4, 5, 6, 7, 8, 9]",2.72,2.72,ResOve,[Pretrained] CF ResOve,0.224,0,0.224,3768,25,0.0,5,0.24300000000000033,0.0,hte_only
3410,feature_0 > 0.058 AND feature_0 > 0.946 AND feature_1 <= 0.743 AND feature_0 > 1.577 AND feature_0 > 2.049 AND feature_1 <= 0.008 AND feature_0 <= 2.265 AND feature_3 <= 0.959 AND feature_0 > 2.155 AND feature_2 <= -0.181 AND feature_1 <= -0.473 AND feature_8 > -0.113,"{'feature_0': (2.155, 2.265), 'feature_1': (-4.202, -0.473), 'feature_3': (-4.344, 0.959), 'feature_2': (-4.532, -0.181), 'feature_8': (-0.113, 4.699)}",5,2.408,12,[Pretrained] CF,"[1946, 2936, 2937, 3253, 3393, 3394, 3395, 3396, 3406, 3407, 3408]",2.53,2.53,ResOve,[Pretrained] CF ResOve,0.224,0,0.224,3768,26,0.14130434782608695,5,0.12199999999999989,0.0,hte_only
3408,feature_0 > 0.058 AND feature_0 > 0.946 AND feature_1 <= 0.743 AND feature_0 > 1.577 AND feature_0 > 2.049 AND feature_1 <= 0.008 AND feature_0 <= 2.265 AND feature_3 <= 0.959 AND feature_0 > 2.155 AND feature_2 <= -0.181 AND feature_1 <= -0.473,"{'feature_0': (2.155, 2.265), 'feature_1': (-4.202, -0.473), 'feature_3': (-4.344, 0.959), 'feature_2': (-4.532, -0.181)}",4,2.439,11,[Pretrained] CF,"[1946, 2936, 2937, 3253, 3393, 3394, 3395, 3396, 3406, 3407]",2.529,2.529,ResOve,[Pretrained] CF ResOve,0.224,0,0.224,3768,46,0.14130434782608695,5,0.08999999999999986,0.0,hte_only
10,feature_0 <= 0.058 AND feature_0 <= -0.982 AND feature_1 <= 0.16 AND feature_0 <= -1.716 AND feature_0 <= -2.195 AND feature_1 <= -0.267 AND feature_3 <= -0.36 AND feature_1 <= -0.552 AND feature_2 <= -0.296 AND feature_0 <= -2.59,"{'feature_0': (-4.695, -2.59), 'feature_1': (-4.202, -0.552), 'feature_3': (-4.344, -0.36), 'feature_2': (-4.532, -0.296)}",4,2.477,10,[Pretrained] CF,"[1, 2, 3, 4, 5, 6, 7, 8, 9]",2.72,2.72,NoOve,[Pretrained] CF NoOve,0.015,0,0.015,3768,25,0.0,5,0.24300000000000033,0.0,hte_only
11,feature_0 <= 0.058 AND feature_0 <= -0.982 AND feature_1 <= 0.16 AND feature_0 <= -1.716 AND feature_0 <= -2.195 AND feature_1 <= -0.267 AND feature_3 <= -0.36 AND feature_1 <= -0.552 AND feature_2 <= -0.296 AND feature_0 > -2.59,"{'feature_0': (-2.59, -2.195), 'feature_1': (-4.202, -0.552), 'feature_3': (-4.344, -0.36), 'feature_2': (-4.532, -0.296)}",4,2.273,10,[Pretrained] CF,"[1, 2, 3, 4, 5, 6, 7, 8, 9]",2.077,2.077,NoOve,[Pretrained] CF NoOve,0.015,0,0.015,3768,39,0.0,5,0.19600000000000017,0.0,hte_only
13,feature_0 <= 0.058 AND feature_0 <= -0.982 AND feature_1 <= 0.16 AND feature_0 <= -1.716 AND feature_0 <= -2.195 AND feature_1 <= -0.267 AND feature_3 <= -0.36 AND feature_1 <= -0.552 AND feature_2 > -0.296 AND feature_3 <= -0.65,"{'feature_0': (-4.695, -2.195), 'feature_1': (-4.202, -0.552), 'feature_3': (-4.344, -0.65), 'feature_2': (-0.296, 4.286)}",4,2.231,10,[Pretrained] CF,"[1, 2, 3, 4, 5, 6, 7, 8, 12]",2.266,2.266,NoOve,[Pretrained] CF NoOve,0.015,0,0.015,3768,56,0.0,5,0.03500000000000014,0.0,hte_only
3324,feature_0 > 0.058 AND feature_0 > 0.946 AND feature_1 <= 0.743 AND feature_0 > 1.577 AND feature_0 <= 2.049 AND feature_1 <= 0.012 AND feature_0 > 1.687 AND feature_3 > 1.254 AND feature_2 > -0.488 AND feature_1 <= -0.44,"{'feature_0': (1.687, 2.049), 'feature_1': (-4.202, -0.44), 'feature_3': (1.254, 4.384), 'feature_2': (-0.488, 4.286)}",4,2.113,10,[Pretrained] CF,"[1946, 2936, 2937, 3253, 3254, 3255, 3291, 3321, 3323]",2.182,2.182,NoOve,[Pretrained] CF NoOve,0.015,0,0.015,3768,58,0.0,5,0.06899999999999995,0.0,hte_only
26,feature_0 <= 0.058 AND feature_0 <= -0.982 AND feature_1 <= 0.16 AND feature_0 <= -1.716 AND feature_0 <= -2.195 AND feature_1 <= -0.267 AND feature_3 > -0.36 AND feature_0 <= -2.288 AND feature_1 <= -0.47 AND feature_4 > -0.77,"{'feature_0': (-4.695, -2.288), 'feature_1': (-4.202, -0.47), 'feature_3': (-0.36, 4.384), 'feature_4': (-0.77, 4.717)}",4,2.082,10,[Pretrained] CF,"[1, 2, 3, 4, 5, 6, 20, 21, 22]",2.279,2.279,NoOve,[Pretrained] CF NoOve,0.015,0,0.015,3768,170,0.0,5,0.19700000000000006,0.0,hte_only
1990,feature_0 > 0.058 AND feature_0 <= 0.946 AND feature_1 <= 0.771 AND feature_0 <= 0.647 AND feature_1 <= -0.652 AND feature_1 <= -1.007 AND feature_0 <= 0.368 AND feature_0 > 0.103 AND feature_1 > -1.444 AND feature_0 <= 0.162 AND feature_1 <= -1.219 AND feature_0 > 0.14,"{'feature_0': (0.14, 0.162), 'feature_1': (-1.444, -1.219)}",2,0.626,12,[Pretrained] CF,"[1946, 1947, 1948, 1949, 1950, 1951, 1952, 1972, 1986, 1987, 1988]",0.391,0.391,Random,[Pretrained] CF Random,0.004,0,0.004,3768,29,0.0,5,0.235,0.0,hte_only
2054,feature_0 > 0.058 AND feature_0 <= 0.946 AND feature_1 <= 0.771 AND feature_0 <= 0.647 AND feature_1 <= -0.652 AND feature_1 > -1.007 AND feature_0 <= 0.404 AND feature_0 <= 0.098 AND feature_0 > 0.077 AND feature_6 > -0.59 AND feature_1 > -0.854,"{'feature_0': (0.077, 0.098), 'feature_1': (-0.854, -0.652), 'feature_6': (-0.59, 4.078)}",3,0.755,11,[Pretrained] CF,"[1946, 1947, 1948, 1949, 1950, 2042, 2043, 2044, 2050, 2052]",0.471,0.471,Random,[Pretrained] CF Random,0.004,0,0.004,3768,38,0.0,5,0.28400000000000003,0.0,hte_only
2084,feature_0 > 0.058 AND feature_0 <= 0.946 AND feature_1 <= 0.771 AND feature_0 <= 0.647 AND feature_1 <= -0.652 AND feature_1 > -1.007 AND feature_0 > 0.404 AND feature_2 <= 1.528 AND feature_4 <= 1.552 AND feature_1 <= -0.898 AND feature_0 <= 0.492 AND feature_1 > -0.935,"{'feature_0': (0.404, 0.492), 'feature_1': (-0.935, -0.898), 'feature_2': (-4.532, 1.528), 'feature_4': (-4.13, 1.552)}",4,0.892,12,[Pretrained] CF,"[1946, 1947, 1948, 1949, 1950, 2042, 2078, 2079, 2080, 2081, 2082]",0.791,0.791,Random,[Pretrained] CF Random,0.004,0,0.004,3768,24,0.0,5,0.10099999999999998,0.0,hte_only
814,feature_0 <= 0.058 AND feature_0 > -0.982 AND feature_1 <= 0.164 AND feature_0 <= -0.216 AND feature_1 <= -0.449 AND feature_1 <= -1.153 AND feature_0 <= -0.594 AND feature_0 > -0.863 AND feature_1 > -1.424,"{'feature_0': (-0.863, -0.594), 'feature_1': (-1.424, -1.153)}",2,0.288,9,[Pretrained] CF,"[1, 771, 772, 773, 774, 775, 776, 800]",0.48,0.48,Random,[Pretrained] CF Random,0.004,0,0.004,3768,393,0.0,5,0.192,0.0,hte_only
1130,feature_0 <= 0.058 AND feature_0 > -0.982 AND feature_1 <= 0.164 AND feature_0 > -0.216 AND feature_1 <= -0.913 AND feature_0 <= -0.109 AND feature_1 <= -1.398 AND feature_2 <= 1.051,"{'feature_0': (-0.216, -0.109), 'feature_1': (-4.202, -1.398), 'feature_2': (-4.532, 1.051)}",3,0.175,8,[Pretrained] CF,"[1, 771, 772, 1126, 1127, 1128, 1129]",0.006,0.006,Random,[Pretrained] CF Random,0.004,0,0.004,3768,280,0.0,5,0.16899999999999998,0.0,hte_only
3763,feature_0 > 0.058 AND feature_0 > 0.946 AND feature_1 > 0.743 AND feature_1 > 1.568 AND feature_0 > 1.289 AND feature_0 > 1.832 AND feature_1 > 1.8 AND feature_4 <= 0.223,"{'feature_0': (1.832, 4.577), 'feature_1': (1.8, 4.438), 'feature_4': (-4.13, 0.223)}",3,3.75,8,[Pretrained] CF,"[1946, 2936, 3494, 3694, 3732, 3756, 3762]",4.439,4.402,OptRes,[Pretrained] CF OptRes,0.008,0,0.008,3768,38,0.08115183246073299,5,0.6890000000000001,0.03699999999999992,rest
3756,feature_0 > 0.058 AND feature_0 > 0.946 AND feature_1 > 0.743 AND feature_1 > 1.568 AND feature_0 > 1.289 AND feature_0 > 1.832,"{'feature_0': (1.832, 4.577), 'feature_1': (1.568, 4.438)}",2,3.61,6,[Pretrained] CF,"[1946, 2936, 3494, 3694, 3732]",4.329,4.313,OptRes,[Pretrained] CF OptRes,0.008,0,0.008,3768,113,0.2054973821989529,5,0.7189999999999999,0.016000000000000014,rest
3766,feature_0 > 0.058 AND feature_0 > 0.946 AND feature_1 > 0.743 AND feature_1 > 1.568 AND feature_0 > 1.289 AND feature_0 > 1.832 AND feature_1 > 1.8 AND feature_4 > 0.223,"{'feature_0': (1.832, 4.577), 'feature_1': (1.8, 4.438), 'feature_4': (0.223, 4.717)}",3,3.606,8,[Pretrained] CF,"[1946, 2936, 3494, 3694, 3732, 3756, 3762]",4.498,4.587,OptRes,[Pretrained] CF OptRes,0.008,0,0.008,3768,28,0.0693717277486911,5,0.8920000000000003,0.08899999999999952,rest
3759,feature_0 > 0.058 AND feature_0 > 0.946 AND feature_1 > 0.743 AND feature_1 > 1.568 AND feature_0 > 1.289 AND feature_0 > 1.832 AND feature_1 <= 1.8 AND feature_0 > 2.096,"{'feature_0': (2.096, 4.577), 'feature_1': (1.568, 1.8)}",2,3.581,8,[Pretrained] CF,"[1946, 2936, 3494, 3694, 3732, 3756, 3757]",4.389,4.386,OptRes,[Pretrained] CF OptRes,0.008,0,0.008,3768,23,0.0549738219895288,5,0.8080000000000003,0.0030000000000001137,rest
3753,feature_0 > 0.058 AND feature_0 > 0.946 AND feature_1 > 0.743 AND feature_1 > 1.568 AND feature_0 > 1.289 AND feature_0 <= 1.832 AND feature_1 > 1.664 AND feature_0 > 1.63 AND feature_2 > -0.178,"{'feature_0': (1.63, 1.832), 'feature_1': (1.664, 4.438), 'feature_2': (-0.178, 4.286)}",3,3.535,9,[Pretrained] CF,"[1946, 2936, 3494, 3694, 3732, 3733, 3737, 3751]",3.93,3.922,OptRes,[Pretrained] CF OptRes,0.008,0,0.008,3768,30,0.0,5,0.395,0.008000000000000007,rest
3766,feature_0 > 0.058 AND feature_0 > 0.946 AND feature_1 > 0.743 AND feature_1 > 1.568 AND feature_0 > 1.289 AND feature_0 > 1.832 AND feature_1 > 1.8 AND feature_4 > 0.223,"{'feature_0': (1.832, 4.577), 'feature_1': (1.8, 4.438), 'feature_4': (0.223, 4.717)}",3,3.606,8,[Pretrained] CF,"[1946, 2936, 3494, 3694, 3732, 3756, 3762]",4.498,4.587,ResOve,[Pretrained] CF ResOve,1.08,0,1.08,3768,28,0.0,5,0.8920000000000003,0.08899999999999952,rest
3763,feature_0 > 0.058 AND feature_0 > 0.946 AND feature_1 > 0.743 AND feature_1 > 1.568 AND feature_0 > 1.289 AND feature_0 > 1.832 AND feature_1 > 1.8 AND feature_4 <= 0.223,"{'feature_0': (1.832, 4.577), 'feature_1': (1.8, 4.438), 'feature_4': (-4.13, 0.223)}",3,3.75,8,[Pretrained] CF,"[1946, 2936, 3494, 3694, 3732, 3756, 3762]",4.439,4.402,ResOve,[Pretrained] CF ResOve,1.08,0,1.08,3768,38,0.0,5,0.6890000000000001,0.03699999999999992,rest
3753,feature_0 > 0.058 AND feature_0 > 0.946 AND feature_1 > 0.743 AND feature_1 > 1.568 AND feature_0 > 1.289 AND feature_0 <= 1.832 AND feature_1 > 1.664 AND feature_0 > 1.63 AND feature_2 > -0.178,"{'feature_0': (1.63, 1.832), 'feature_1': (1.664, 4.438), 'feature_2': (-0.178, 4.286)}",3,3.535,9,[Pretrained] CF,"[1946, 2936, 3494, 3694, 3732, 3733, 3737, 3751]",3.93,3.922,ResOve,[Pretrained] CF ResOve,1.08,0,1.08,3768,30,0.0,5,0.395,0.008000000000000007,rest
3750,feature_0 > 0.058 AND feature_0 > 0.946 AND feature_1 > 0.743 AND feature_1 > 1.568 AND feature_0 > 1.289 AND feature_0 <= 1.832 AND feature_1 > 1.664 AND feature_0 <= 1.63 AND feature_1 > 2.181 AND feature_4 > -0.008,"{'feature_0': (1.289, 1.63), 'feature_1': (2.181, 4.438), 'feature_4': (-0.008, 4.717)}",3,3.381,10,[Pretrained] CF,"[1946, 2936, 3494, 3694, 3732, 3733, 3737, 3738, 3748]",4.054,4.088,ResOve,[Pretrained] CF ResOve,1.08,0,1.08,3768,28,0.0,5,0.6730000000000005,0.03399999999999981,rest
3749,feature_0 > 0.058 AND feature_0 > 0.946 AND feature_1 > 0.743 AND feature_1 > 1.568 AND feature_0 > 1.289 AND feature_0 <= 1.832 AND feature_1 > 1.664 AND feature_0 <= 1.63 AND feature_1 > 2.181 AND feature_4 <= -0.008,"{'feature_0': (1.289, 1.63), 'feature_1': (2.181, 4.438), 'feature_4': (-4.13, -0.008)}",3,3.5,10,[Pretrained] CF,"[1946, 2936, 3494, 3694, 3732, 3733, 3737, 3738, 3748]",3.976,3.984,ResOve,[Pretrained] CF ResOve,1.08,0,1.08,3768,24,0.0,5,0.476,0.008000000000000007,rest
3763,feature_0 > 0.058 AND feature_0 > 0.946 AND feature_1 > 0.743 AND feature_1 > 1.568 AND feature_0 > 1.289 AND feature_0 > 1.832 AND feature_1 > 1.8 AND feature_4 <= 0.223,"{'feature_0': (1.832, 4.577), 'feature_1': (1.8, 4.438), 'feature_4': (-4.13, 0.223)}",3,3.75,8,[Pretrained] CF,"[1946, 2936, 3494, 3694, 3732, 3756, 3762]",4.439,4.402,NoOve,[Pretrained] CF NoOve,0.034,0,0.034,3768,38,0.0,5,0.6890000000000001,0.03699999999999992,rest
3766,feature_0 > 0.058 AND feature_0 > 0.946 AND feature_1 > 0.743 AND feature_1 > 1.568 AND feature_0 > 1.289 AND feature_0 > 1.832 AND feature_1 > 1.8 AND feature_4 > 0.223,"{'feature_0': (1.832, 4.577), 'feature_1': (1.8, 4.438), 'feature_4': (0.223, 4.717)}",3,3.606,8,[Pretrained] CF,"[1946, 2936, 3494, 3694, 3732, 3756, 3762]",4.498,4.587,NoOve,[Pretrained] CF NoOve,0.034,0,0.034,3768,28,0.0,5,0.8920000000000003,0.08899999999999952,rest
3759,feature_0 > 0.058 AND feature_0 > 0.946 AND feature_1 > 0.743 AND feature_1 > 1.568 AND feature_0 > 1.289 AND feature_0 > 1.832 AND feature_1 <= 1.8 AND feature_0 > 2.096,"{'feature_0': (2.096, 4.577), 'feature_1': (1.568, 1.8)}",2,3.581,8,[Pretrained] CF,"[1946, 2936, 3494, 3694, 3732, 3756, 3757]",4.389,4.386,NoOve,[Pretrained] CF NoOve,0.034,0,0.034,3768,23,0.0,5,0.8080000000000003,0.0030000000000001137,rest
3751,feature_0 > 0.058 AND feature_0 > 0.946 AND feature_1 > 0.743 AND feature_1 > 1.568 AND feature_0 > 1.289 AND feature_0 <= 1.832 AND feature_1 > 1.664 AND feature_0 > 1.63,"{'feature_0': (1.63, 1.832), 'feature_1': (1.664, 4.438)}",2,3.484,8,[Pretrained] CF,"[1946, 2936, 3494, 3694, 3732, 3733, 3737]",3.913,3.873,NoOve,[Pretrained] CF NoOve,0.034,0,0.034,3768,50,0.0,5,0.4289999999999998,0.03999999999999959,rest
3758,feature_0 > 0.058 AND feature_0 > 0.946 AND feature_1 > 0.743 AND feature_1 > 1.568 AND feature_0 > 1.289 AND feature_0 > 1.832 AND feature_1 <= 1.8 AND feature_0 <= 2.096,"{'feature_0': (1.832, 2.096), 'feature_1': (1.568, 1.8)}",2,3.399,8,[Pretrained] CF,"[1946, 2936, 3494, 3694, 3732, 3756, 3757]",3.793,3.784,NoOve,[Pretrained] CF NoOve,0.034,0,0.034,3768,24,0.0,5,0.39400000000000013,0.009000000000000341,rest
3066,feature_0 > 0.058 AND feature_0 > 0.946 AND feature_1 <= 0.743 AND feature_0 <= 1.577 AND feature_1 <= 0.104 AND feature_0 > 1.253 AND feature_0 <= 1.458 AND feature_1 > -0.473 AND feature_0 > 1.33 AND feature_7 <= -0.204 AND feature_3 <= 0.683,"{'feature_0': (1.33, 1.458), 'feature_1': (-0.473, 0.104), 'feature_7': (-4.375, -0.204), 'feature_3': (-4.344, 0.683)}",4,1.765,11,[Pretrained] CF,"[1946, 2936, 2937, 2938, 2939, 3023, 3024, 3050, 3064, 3065]",1.995,1.988,Random,[Pretrained] CF Random,0.005,0,0.005,3768,96,0.0,5,0.2300000000000002,0.007000000000000117,rest
3088,feature_0 > 0.058 AND feature_0 > 0.946 AND feature_1 <= 0.743 AND feature_0 <= 1.577 AND feature_1 <= 0.104 AND feature_0 > 1.253 AND feature_0 > 1.458 AND feature_1 <= -0.199 AND feature_8 <= -0.206 AND feature_1 <= -0.467 AND feature_6 > 0.487 AND feature_3 > -0.205,"{'feature_0': (1.458, 1.577), 'feature_1': (-4.202, -0.467), 'feature_8': (-4.447, -0.206), 'feature_6': (0.487, 4.078), 'feature_3': (-0.205, 4.384)}",5,1.742,12,[Pretrained] CF,"[1946, 2936, 2937, 2938, 2939, 3023, 3079, 3080, 3081, 3082, 3086]",1.826,1.828,Random,[Pretrained] CF Random,0.005,0,0.005,3768,28,0.0,5,0.08400000000000007,0.0020000000000000018,rest
2801,feature_0 > 0.058 AND feature_0 <= 0.946 AND feature_1 > 0.771 AND feature_1 > 1.148 AND feature_0 <= 0.438 AND feature_1 > 1.645 AND feature_4 > 0.694 AND feature_1 > 1.906 AND feature_0 <= 0.306,"{'feature_0': (0.058, 0.306), 'feature_1': (1.906, 4.438), 'feature_4': (0.694, 4.717)}",3,2.278,9,[Pretrained] CF,"[1946, 1947, 2521, 2701, 2702, 2756, 2796, 2800]",2.66,2.66,Random,[Pretrained] CF Random,0.005,0,0.005,3768,44,0.0,5,0.3820000000000001,0.0,rest
1974,feature_0 > 0.058 AND feature_0 <= 0.946 AND feature_1 <= 0.771 AND feature_0 <= 0.647 AND feature_1 <= -0.652 AND feature_1 <= -1.007 AND feature_0 <= 0.368 AND feature_0 > 0.103 AND feature_1 <= -1.444 AND feature_0 <= 0.135,"{'feature_0': (0.103, 0.135), 'feature_1': (-4.202, -1.444)}",2,0.522,10,[Pretrained] CF,"[1946, 1947, 1948, 1949, 1950, 1951, 1952, 1972, 1973]",0.274,0.276,Random,[Pretrained] CF Random,0.005,0,0.005,3768,59,0.0,5,0.248,0.0020000000000000018,rest
897,feature_0 <= 0.058 AND feature_0 > -0.982 AND feature_1 <= 0.164 AND feature_0 <= -0.216 AND feature_1 <= -0.449 AND feature_1 > -1.153 AND feature_0 <= -0.866 AND feature_0 > -0.949 AND feature_4 > -0.923 AND feature_1 > -0.647,"{'feature_0': (-0.949, -0.866), 'feature_1': (-0.647, -0.449), 'feature_4': (-0.923, 4.717)}",3,0.3,10,[Pretrained] CF,"[1, 771, 772, 773, 774, 870, 871, 883, 889]",0.454,0.455,Random,[Pretrained] CF Random,0.005,0,0.005,3768,89,0.0,5,0.15400000000000003,0.0010000000000000009,rest
3763,feature_0 > 0.058 AND feature_0 > 0.946 AND feature_1 > 0.743 AND feature_1 > 1.568 AND feature_0 > 1.289 AND feature_0 > 1.832 AND feature_1 > 1.8 AND feature_4 <= 0.223,"{'feature_0': (1.832, 4.577), 'feature_1': (1.8, 4.438), 'feature_4': (-4.13, 0.223)}",3,3.75,8,[Pretrained] CF,"[1946, 2936, 3494, 3694, 3732, 3756, 3762]",4.439,4.393,OptRes,[Pretrained] CF OptRes,0.014,0,0.014,3768,40,0.08115183246073299,5,0.6890000000000001,0.04600000000000026,all
3756,feature_0 > 0.058 AND feature_0 > 0.946 AND feature_1 > 0.743 AND feature_1 > 1.568 AND feature_0 > 1.289 AND feature_0 > 1.832,"{'feature_0': (1.832, 4.577), 'feature_1': (1.568, 4.438)}",2,3.61,6,[Pretrained] CF,"[1946, 2936, 3494, 3694, 3732]",4.329,4.353,OptRes,[Pretrained] CF OptRes,0.014,0,0.014,3768,112,0.2054973821989529,5,0.7189999999999999,0.02400000000000002,all
3766,feature_0 > 0.058 AND feature_0 > 0.946 AND feature_1 > 0.743 AND feature_1 > 1.568 AND feature_0 > 1.289 AND feature_0 > 1.832 AND feature_1 > 1.8 AND feature_4 > 0.223,"{'feature_0': (1.832, 4.577), 'feature_1': (1.8, 4.438), 'feature_4': (0.223, 4.717)}",3,3.606,8,[Pretrained] CF,"[1946, 2936, 3494, 3694, 3732, 3756, 3762]",4.498,4.506,OptRes,[Pretrained] CF OptRes,0.014,0,0.014,3768,32,0.0693717277486911,5,0.8920000000000003,0.008000000000000007,all
3759,feature_0 > 0.058 AND feature_0 > 0.946 AND feature_1 > 0.743 AND feature_1 > 1.568 AND feature_0 > 1.289 AND feature_0 > 1.832 AND feature_1 <= 1.8 AND feature_0 > 2.096,"{'feature_0': (2.096, 4.577), 'feature_1': (1.568, 1.8)}",2,3.581,8,[Pretrained] CF,"[1946, 2936, 3494, 3694, 3732, 3756, 3757]",4.389,4.458,OptRes,[Pretrained] CF OptRes,0.014,0,0.014,3768,24,0.0549738219895288,5,0.8080000000000003,0.06899999999999995,all
3753,feature_0 > 0.058 AND feature_0 > 0.946 AND feature_1 > 0.743 AND feature_1 > 1.568 AND feature_0 > 1.289 AND feature_0 <= 1.832 AND feature_1 > 1.664 AND feature_0 > 1.63 AND feature_2 > -0.178,"{'feature_0': (1.63, 1.832), 'feature_1': (1.664, 4.438), 'feature_2': (-0.178, 4.286)}",3,3.535,9,[Pretrained] CF,"[1946, 2936, 3494, 3694, 3732, 3733, 3737, 3751]",3.93,3.905,OptRes,[Pretrained] CF OptRes,0.014,0,0.014,3768,27,0.0,5,0.395,0.025000000000000355,all
3766,feature_0 > 0.058 AND feature_0 > 0.946 AND feature_1 > 0.743 AND feature_1 > 1.568 AND feature_0 > 1.289 AND feature_0 > 1.832 AND feature_1 > 1.8 AND feature_4 > 0.223,"{'feature_0': (1.832, 4.577), 'feature_1': (1.8, 4.438), 'feature_4': (0.223, 4.717)}",3,3.606,8,[Pretrained] CF,"[1946, 2936, 3494, 3694, 3732, 3756, 3762]",4.498,4.506,ResOve,[Pretrained] CF ResOve,1.105,0,1.105,3768,32,0.0,5,0.8920000000000003,0.008000000000000007,all
3759,feature_0 > 0.058 AND feature_0 > 0.946 AND feature_1 > 0.743 AND feature_1 > 1.568 AND feature_0 > 1.289 AND feature_0 > 1.832 AND feature_1 <= 1.8 AND feature_0 > 2.096,"{'feature_0': (2.096, 4.577), 'feature_1': (1.568, 1.8)}",2,3.581,8,[Pretrained] CF,"[1946, 2936, 3494, 3694, 3732, 3756, 3757]",4.389,4.458,ResOve,[Pretrained] CF ResOve,1.105,0,1.105,3768,24,0.0,5,0.8080000000000003,0.06899999999999995,all
3753,feature_0 > 0.058 AND feature_0 > 0.946 AND feature_1 > 0.743 AND feature_1 > 1.568 AND feature_0 > 1.289 AND feature_0 <= 1.832 AND feature_1 > 1.664 AND feature_0 > 1.63 AND feature_2 > -0.178,"{'feature_0': (1.63, 1.832), 'feature_1': (1.664, 4.438), 'feature_2': (-0.178, 4.286)}",3,3.535,9,[Pretrained] CF,"[1946, 2936, 3494, 3694, 3732, 3733, 3737, 3751]",3.93,3.905,ResOve,[Pretrained] CF ResOve,1.105,0,1.105,3768,27,0.0,5,0.395,0.025000000000000355,all
3764,feature_0 > 0.058 AND feature_0 > 0.946 AND feature_1 > 0.743 AND feature_1 > 1.568 AND feature_0 > 1.289 AND feature_0 > 1.832 AND feature_1 > 1.8 AND feature_4 <= 0.223 AND feature_1 <= 2.183,"{'feature_0': (1.832, 4.577), 'feature_1': (1.8, 2.183), 'feature_4': (-4.13, 0.223)}",3,3.708,9,[Pretrained] CF,"[1946, 2936, 3494, 3694, 3732, 3756, 3762, 3763]",4.231,4.182,ResOve,[Pretrained] CF ResOve,1.105,0,1.105,3768,23,0.14112903225806453,5,0.5229999999999997,0.04899999999999949,all
3763,feature_0 > 0.058 AND feature_0 > 0.946 AND feature_1 > 0.743 AND feature_1 > 1.568 AND feature_0 > 1.289 AND feature_0 > 1.832 AND feature_1 > 1.8 AND feature_4 <= 0.223,"{'feature_0': (1.832, 4.577), 'feature_1': (1.8, 4.438), 'feature_4': (-4.13, 0.223)}",3,3.75,8,[Pretrained] CF,"[1946, 2936, 3494, 3694, 3732, 3756, 3762]",4.439,4.393,ResOve,[Pretrained] CF ResOve,1.105,0,1.105,3768,40,0.14112903225806453,5,0.6890000000000001,0.04600000000000026,all
3763,feature_0 > 0.058 AND feature_0 > 0.946 AND feature_1 > 0.743 AND feature_1 > 1.568 AND feature_0 > 1.289 AND feature_0 > 1.832 AND feature_1 > 1.8 AND feature_4 <= 0.223,"{'feature_0': (1.832, 4.577), 'feature_1': (1.8, 4.438), 'feature_4': (-4.13, 0.223)}",3,3.75,8,[Pretrained] CF,"[1946, 2936, 3494, 3694, 3732, 3756, 3762]",4.439,4.393,NoOve,[Pretrained] CF NoOve,0.023,0,0.023,3768,40,0.0,5,0.6890000000000001,0.04600000000000026,all
3766,feature_0 > 0.058 AND feature_0 > 0.946 AND feature_1 > 0.743 AND feature_1 > 1.568 AND feature_0 > 1.289 AND feature_0 > 1.832 AND feature_1 > 1.8 AND feature_4 > 0.223,"{'feature_0': (1.832, 4.577), 'feature_1': (1.8, 4.438), 'feature_4': (0.223, 4.717)}",3,3.606,8,[Pretrained] CF,"[1946, 2936, 3494, 3694, 3732, 3756, 3762]",4.498,4.506,NoOve,[Pretrained] CF NoOve,0.023,0,0.023,3768,32,0.0,5,0.8920000000000003,0.008000000000000007,all
3759,feature_0 > 0.058 AND feature_0 > 0.946 AND feature_1 > 0.743 AND feature_1 > 1.568 AND feature_0 > 1.289 AND feature_0 > 1.832 AND feature_1 <= 1.8 AND feature_0 > 2.096,"{'feature_0': (2.096, 4.577), 'feature_1': (1.568, 1.8)}",2,3.581,8,[Pretrained] CF,"[1946, 2936, 3494, 3694, 3732, 3756, 3757]",4.389,4.458,NoOve,[Pretrained] CF NoOve,0.023,0,0.023,3768,24,0.0,5,0.8080000000000003,0.06899999999999995,all
3751,feature_0 > 0.058 AND feature_0 > 0.946 AND feature_1 > 0.743 AND feature_1 > 1.568 AND feature_0 > 1.289 AND feature_0 <= 1.832 AND feature_1 > 1.664 AND feature_0 > 1.63,"{'feature_0': (1.63, 1.832), 'feature_1': (1.664, 4.438)}",2,3.484,8,[Pretrained] CF,"[1946, 2936, 3494, 3694, 3732, 3733, 3737]",3.913,3.899,NoOve,[Pretrained] CF NoOve,0.023,0,0.023,3768,43,0.0,5,0.4289999999999998,0.01399999999999979,all
3738,feature_0 > 0.058 AND feature_0 > 0.946 AND feature_1 > 0.743 AND feature_1 > 1.568 AND feature_0 > 1.289 AND feature_0 <= 1.832 AND feature_1 > 1.664 AND feature_0 <= 1.63,"{'feature_0': (1.289, 1.63), 'feature_1': (1.664, 4.438)}",2,3.331,8,[Pretrained] CF,"[1946, 2936, 3494, 3694, 3732, 3733, 3737]",3.654,3.594,NoOve,[Pretrained] CF NoOve,0.023,0,0.023,3768,95,0.0,5,0.32299999999999995,0.06000000000000005,all
698,feature_0 <= 0.058 AND feature_0 <= -0.982 AND feature_1 > 0.16 AND feature_0 > -1.389 AND feature_1 > 0.835 AND feature_1 <= 1.694 AND feature_0 <= -1.251 AND feature_1 <= 1.381 AND feature_0 > -1.306 AND feature_3 <= 0.604 AND feature_1 > 0.99,"{'feature_0': (-1.306, -1.251), 'feature_1': (0.99, 1.381), 'feature_3': (-4.344, 0.604)}",3,0.296,11,[Pretrained] CF,"[1, 2, 380, 570, 680, 681, 682, 683, 695, 696]",0.152,0.166,Random,[Pretrained] CF Random,0.005,0,0.005,3768,28,0.0,5,0.144,0.014000000000000012,all
119,feature_0 <= 0.058 AND feature_0 <= -0.982 AND feature_1 <= 0.16 AND feature_0 <= -1.716 AND feature_0 > -2.195 AND feature_1 <= -0.008 AND feature_0 > -1.941 AND feature_1 > -0.341 AND feature_9 > -1.034,"{'feature_0': (-1.941, -1.716), 'feature_1': (-0.341, -0.008), 'feature_9': (-1.034, 4.08)}",3,1.238,9,[Pretrained] CF,"[1, 2, 3, 4, 58, 59, 95, 117]",1.204,1.206,Random,[Pretrained] CF Random,0.005,0,0.005,3768,100,0.0,5,0.03400000000000003,0.0020000000000000018,all
2011,feature_0 > 0.058 AND feature_0 <= 0.946 AND feature_1 <= 0.771 AND feature_0 <= 0.647 AND feature_1 <= -0.652 AND feature_1 <= -1.007 AND feature_0 > 0.368 AND feature_0 <= 0.471 AND feature_1 <= -1.266 AND feature_3 > -0.971 AND feature_5 > -0.296,"{'feature_0': (0.368, 0.471), 'feature_1': (-4.202, -1.266), 'feature_3': (-0.971, 4.384), 'feature_5': (-0.296, 4.284)}",4,0.707,11,[Pretrained] CF,"[1946, 1947, 1948, 1949, 1950, 1951, 2001, 2002, 2003, 2007]",0.593,0.592,Random,[Pretrained] CF Random,0.005,0,0.005,3768,158,0.0,5,0.11399999999999999,0.0010000000000000009,all
22,feature_0 <= 0.058 AND feature_0 <= -0.982 AND feature_1 <= 0.16 AND feature_0 <= -1.716 AND feature_0 <= -2.195 AND feature_1 <= -0.267 AND feature_3 > -0.36 AND feature_0 <= -2.288 AND feature_1 <= -0.47,"{'feature_0': (-4.695, -2.288), 'feature_1': (-4.202, -0.47), 'feature_3': (-0.36, 4.384)}",3,2.053,9,[Pretrained] CF,"[1, 2, 3, 4, 5, 6, 20, 21]",2.254,2.258,Random,[Pretrained] CF Random,0.005,0,0.005,3768,108,0.0,5,0.20100000000000007,0.0040000000000000036,all
3177,feature_0 > 0.058 AND feature_0 > 0.946 AND feature_1 <= 0.743 AND feature_0 <= 1.577 AND feature_1 > 0.104 AND feature_1 <= 0.309 AND feature_0 > 1.409 AND feature_0 > 1.453 AND feature_2 > -0.133,"{'feature_0': (1.453, 1.577), 'feature_1': (0.104, 0.309), 'feature_2': (-0.133, 4.286)}",3,2.206,9,[Pretrained] CF,"[1946, 2936, 2937, 2938, 3124, 3125, 3169, 3173]",2.317,2.313,Random,[Pretrained] CF Random,0.005,0,0.005,3768,39,0.0,5,0.11100000000000021,0.0040000000000000036,all
3746,feature_0 > 0.058 AND feature_0 > 0.946 AND feature_1 > 0.743 AND feature_1 > 1.568 AND feature_0 > 1.289 AND feature_0 <= 1.832 AND feature_1 > 1.664 AND feature_0 <= 1.63 AND feature_1 <= 2.181 AND feature_2 > 0.102 AND feature_0 <= 1.444,"{'feature_0': (1.289, 1.444), 'feature_1': (1.664, 2.181), 'feature_2': (0.102, 4.286)}",3,3.276,11,[Pretrained] CF,"[1946, 2936, 3494, 3694, 3732, 3733, 3737, 3738, 3739, 3745]",3.339,3.339,OptRes,[Pretrained] CF OptRes,0.011,0,0.011,3768,26,0.0,5,0.06300000000000017,0.0,hte_only
3729,feature_0 > 0.058 AND feature_0 > 0.946 AND feature_1 > 0.743 AND feature_1 > 1.568 AND feature_0 <= 1.289 AND feature_1 > 1.852 AND feature_0 > 0.995 AND feature_1 > 2.007 AND feature_4 <= 0.926 AND feature_8 > -0.637 AND feature_2 <= 0.943 AND feature_1 > 2.251,"{'feature_0': (0.995, 1.289), 'feature_1': (2.251, 4.438), 'feature_4': (-4.13, 0.926), 'feature_8': (-0.637, 4.699), 'feature_2': (-4.532, 0.943)}",5,3.238,12,[Pretrained] CF,"[1946, 2936, 3494, 3694, 3695, 3713, 3717, 3723, 3724, 3726, 3727]",3.78,3.78,OptRes,[Pretrained] CF OptRes,0.011,0,0.011,3768,25,0.0702247191011236,5,0.5419999999999998,0.0,hte_only
3726,feature_0 > 0.058 AND feature_0 > 0.946 AND feature_1 > 0.743 AND feature_1 > 1.568 AND feature_0 <= 1.289 AND feature_1 > 1.852 AND feature_0 > 0.995 AND feature_1 > 2.007 AND feature_4 <= 0.926 AND feature_8 > -0.637,"{'feature_0': (0.995, 1.289), 'feature_1': (2.007, 4.438), 'feature_4': (-4.13, 0.926), 'feature_8': (-0.637, 4.699)}",4,3.194,10,[Pretrained] CF,"[1946, 2936, 3494, 3694, 3695, 3713, 3717, 3723, 3724]",3.536,3.536,OptRes,[Pretrained] CF OptRes,0.011,0,0.011,3768,89,0.19382022471910113,5,0.3420000000000001,0.0,hte_only
3728,feature_0 > 0.058 AND feature_0 > 0.946 AND feature_1 > 0.743 AND feature_1 > 1.568 AND feature_0 <= 1.289 AND feature_1 > 1.852 AND feature_0 > 0.995 AND feature_1 > 2.007 AND feature_4 <= 0.926 AND feature_8 > -0.637 AND feature_2 <= 0.943 AND feature_1 <= 2.251,"{'feature_0': (0.995, 1.289), 'feature_1': (2.007, 2.251), 'feature_4': (-4.13, 0.926), 'feature_8': (-0.637, 4.699), 'feature_2': (-4.532, 0.943)}",5,3.131,12,[Pretrained] CF,"[1946, 2936, 3494, 3694, 3695, 3713, 3717, 3723, 3724, 3726, 3727]",3.359,3.359,OptRes,[Pretrained] CF OptRes,0.011,0,0.011,3768,44,0.12359550561797752,5,0.2280000000000002,0.0,hte_only
3721,feature_0 > 0.058 AND feature_0 > 0.946 AND feature_1 > 0.743 AND feature_1 > 1.568 AND feature_0 <= 1.289 AND feature_1 > 1.852 AND feature_0 > 0.995 AND feature_1 <= 2.007 AND feature_8 > -0.403 AND feature_5 <= -0.1,"{'feature_0': (0.995, 1.289), 'feature_1': (1.852, 2.007), 'feature_8': (-0.403, 4.699), 'feature_5': (-4.895, -0.1)}",4,3.11,10,[Pretrained] CF,"[1946, 2936, 3494, 3694, 3695, 3713, 3717, 3718, 3720]",3.222,3.222,OptRes,[Pretrained] CF OptRes,0.011,0,0.011,3768,21,0.0,5,0.1120000000000001,0.0,hte_only
3746,feature_0 > 0.058 AND feature_0 > 0.946 AND feature_1 > 0.743 AND feature_1 > 1.568 AND feature_0 > 1.289 AND feature_0 <= 1.832 AND feature_1 > 1.664 AND feature_0 <= 1.63 AND feature_1 <= 2.181 AND feature_2 > 0.102 AND feature_0 <= 1.444,"{'feature_0': (1.289, 1.444), 'feature_1': (1.664, 2.181), 'feature_2': (0.102, 4.286)}",3,3.276,11,[Pretrained] CF,"[1946, 2936, 3494, 3694, 3732, 3733, 3737, 3738, 3739, 3745]",3.339,3.339,ResOve,[Pretrained] CF ResOve,0.816,0,0.816,3768,26,0.0,5,0.06300000000000017,0.0,hte_only
3725,feature_0 > 0.058 AND feature_0 > 0.946 AND feature_1 > 0.743 AND feature_1 > 1.568 AND feature_0 <= 1.289 AND feature_1 > 1.852 AND feature_0 > 0.995 AND feature_1 > 2.007 AND feature_4 <= 0.926 AND feature_8 <= -0.637,"{'feature_0': (0.995, 1.289), 'feature_1': (2.007, 4.438), 'feature_4': (-4.13, 0.926), 'feature_8': (-4.447, -0.637)}",4,3.086,10,[Pretrained] CF,"[1946, 2936, 3494, 3694, 3695, 3713, 3717, 3723, 3724]",3.663,3.663,ResOve,[Pretrained] CF ResOve,0.816,0,0.816,3768,28,0.0,5,0.577,0.0,hte_only
3721,feature_0 > 0.058 AND feature_0 > 0.946 AND feature_1 > 0.743 AND feature_1 > 1.568 AND feature_0 <= 1.289 AND feature_1 > 1.852 AND feature_0 > 0.995 AND feature_1 <= 2.007 AND feature_8 > -0.403 AND feature_5 <= -0.1,"{'feature_0': (0.995, 1.289), 'feature_1': (1.852, 2.007), 'feature_8': (-0.403, 4.699), 'feature_5': (-4.895, -0.1)}",4,3.11,10,[Pretrained] CF,"[1946, 2936, 3494, 3694, 3695, 3713, 3717, 3718, 3720]",3.222,3.222,ResOve,[Pretrained] CF ResOve,0.816,0,0.816,3768,21,0.0,5,0.1120000000000001,0.0,hte_only
3712,feature_0 > 0.058 AND feature_0 > 0.946 AND feature_1 > 0.743 AND feature_1 > 1.568 AND feature_0 <= 1.289 AND feature_1 <= 1.852 AND feature_1 > 1.662 AND feature_0 > 1.202,"{'feature_0': (1.202, 1.289), 'feature_1': (1.662, 1.852)}",2,3.076,8,[Pretrained] CF,"[1946, 2936, 3494, 3694, 3695, 3696, 3704]",3.156,3.156,ResOve,[Pretrained] CF ResOve,0.816,0,0.816,3768,22,0.0,5,0.08000000000000007,0.0,hte_only
3670,feature_0 > 0.058 AND feature_0 > 0.946 AND feature_1 > 0.743 AND feature_1 <= 1.568 AND feature_0 > 1.347 AND feature_1 > 1.049 AND feature_0 <= 1.914 AND feature_2 > 0.032 AND feature_2 > 0.836 AND feature_0 <= 1.505 AND feature_6 <= 0.052,"{'feature_0': (1.347, 1.505), 'feature_1': (1.049, 1.568), 'feature_2': (0.836, 4.286), 'feature_6': (-4.852, 0.052)}",4,3.072,11,[Pretrained] CF,"[1946, 2936, 3494, 3495, 3589, 3641, 3642, 3660, 3668, 3669]",2.949,2.949,ResOve,[Pretrained] CF ResOve,0.816,0,0.816,3768,22,0.0,5,0.12300000000000022,0.0,hte_only
3726,feature_0 > 0.058 AND feature_0 > 0.946 AND feature_1 > 0.743 AND feature_1 > 1.568 AND feature_0 <= 1.289 AND feature_1 > 1.852 AND feature_0 > 0.995 AND feature_1 > 2.007 AND feature_4 <= 0.926 AND feature_8 > -0.637,"{'feature_0': (0.995, 1.289), 'feature_1': (2.007, 4.438), 'feature_4': (-4.13, 0.926), 'feature_8': (-0.637, 4.699)}",4,3.194,10,[Pretrained] CF,"[1946, 2936, 3494, 3694, 3695, 3713, 3717, 3723, 3724]",3.536,3.536,NoOve,[Pretrained] CF NoOve,0.016,0,0.016,3768,89,0.0,5,0.3420000000000001,0.0,hte_only
3721,feature_0 > 0.058 AND feature_0 > 0.946 AND feature_1 > 0.743 AND feature_1 > 1.568 AND feature_0 <= 1.289 AND feature_1 > 1.852 AND feature_0 > 0.995 AND feature_1 <= 2.007 AND feature_8 > -0.403 AND feature_5 <= -0.1,"{'feature_0': (0.995, 1.289), 'feature_1': (1.852, 2.007), 'feature_8': (-0.403, 4.699), 'feature_5': (-4.895, -0.1)}",4,3.11,10,[Pretrained] CF,"[1946, 2936, 3494, 3694, 3695, 3713, 3717, 3718, 3720]",3.222,3.222,NoOve,[Pretrained] CF NoOve,0.016,0,0.016,3768,21,0.0,5,0.1120000000000001,0.0,hte_only
3725,feature_0 > 0.058 AND feature_0 > 0.946 AND feature_1 > 0.743 AND feature_1 > 1.568 AND feature_0 <= 1.289 AND feature_1 > 1.852 AND feature_0 > 0.995 AND feature_1 > 2.007 AND feature_4 <= 0.926 AND feature_8 <= -0.637,"{'feature_0': (0.995, 1.289), 'feature_1': (2.007, 4.438), 'feature_4': (-4.13, 0.926), 'feature_8': (-4.447, -0.637)}",4,3.086,10,[Pretrained] CF,"[1946, 2936, 3494, 3694, 3695, 3713, 3717, 3723, 3724]",3.663,3.663,NoOve,[Pretrained] CF NoOve,0.016,0,0.016,3768,28,0.0,5,0.577,0.0,hte_only
2933,feature_0 > 0.058 AND feature_0 <= 0.946 AND feature_1 > 0.771 AND feature_1 > 1.148 AND feature_0 > 0.438 AND feature_1 > 1.535 AND feature_0 > 0.75 AND feature_1 > 1.934 AND feature_0 > 0.844 AND feature_8 > -0.301,"{'feature_0': (0.844, 0.946), 'feature_1': (1.934, 4.438), 'feature_8': (-0.301, 4.699)}",3,3.016,10,[Pretrained] CF,"[1946, 1947, 2521, 2701, 2809, 2875, 2911, 2925, 2931]",3.274,3.274,NoOve,[Pretrained] CF NoOve,0.016,0,0.016,3768,39,0.0,5,0.258,0.0,hte_only
3669,feature_0 > 0.058 AND feature_0 > 0.946 AND feature_1 > 0.743 AND feature_1 <= 1.568 AND feature_0 > 1.347 AND feature_1 > 1.049 AND feature_0 <= 1.914 AND feature_2 > 0.032 AND feature_2 > 0.836 AND feature_0 <= 1.505,"{'feature_0': (1.347, 1.505), 'feature_1': (1.049, 1.568), 'feature_2': (0.836, 4.286)}",3,3.001,10,[Pretrained] CF,"[1946, 2936, 3494, 3495, 3589, 3641, 3642, 3660, 3668]",2.95,2.95,NoOve,[Pretrained] CF NoOve,0.016,0,0.016,3768,41,0.0,5,0.05099999999999971,0.0,hte_only
628,feature_0 <= 0.058 AND feature_0 <= -0.982 AND feature_1 > 0.16 AND feature_0 > -1.389 AND feature_1 <= 0.835 AND feature_0 > -1.209 AND feature_1 <= 0.47 AND feature_1 > 0.189 AND feature_0 <= -1.084 AND feature_1 <= 0.29,"{'feature_0': (-1.209, -1.084), 'feature_1': (0.189, 0.29)}",2,0.053,10,[Pretrained] CF,"[1, 2, 380, 570, 571, 621, 622, 626, 627]",0.33,0.33,Random,[Pretrained] CF Random,0.008,0,0.008,3768,87,0.0,5,0.277,0.0,hte_only
2081,feature_0 > 0.058 AND feature_0 <= 0.946 AND feature_1 <= 0.771 AND feature_0 <= 0.647 AND feature_1 <= -0.652 AND feature_1 > -1.007 AND feature_0 > 0.404 AND feature_2 <= 1.528 AND feature_4 <= 1.552 AND feature_1 <= -0.898,"{'feature_0': (0.404, 0.647), 'feature_1': (-1.007, -0.898), 'feature_2': (-4.532, 1.528), 'feature_4': (-4.13, 1.552)}",4,0.908,10,[Pretrained] CF,"[1946, 1947, 1948, 1949, 1950, 2042, 2078, 2079, 2080]",0.846,0.846,Random,[Pretrained] CF Random,0.008,0,0.008,3768,205,0.0,5,0.062000000000000055,0.0,hte_only
738,feature_0 <= 0.058 AND feature_0 <= -0.982 AND feature_1 > 0.16 AND feature_0 > -1.389 AND feature_1 > 0.835 AND feature_1 <= 1.694 AND feature_0 > -1.251 AND feature_1 > 1.293 AND feature_2 <= 1.082 AND feature_4 <= 0.384 AND feature_1 > 1.423 AND feature_2 <= -0.488,"{'feature_0': (-1.251, -0.982), 'feature_1': (1.423, 1.694), 'feature_2': (-4.532, -0.488), 'feature_4': (-4.13, 0.384)}",4,0.628,12,[Pretrained] CF,"[1, 2, 380, 570, 680, 681, 711, 731, 732, 733, 737]",0.625,0.625,Random,[Pretrained] CF Random,0.008,0,0.008,3768,38,0.0,5,0.0030000000000000027,0.0,hte_only
1047,feature_0 <= 0.058 AND feature_0 > -0.982 AND feature_1 <= 0.164 AND feature_0 <= -0.216 AND feature_1 > -0.449 AND feature_0 > -0.769 AND feature_1 <= -0.063 AND feature_0 <= -0.398 AND feature_2 > 1.413,"{'feature_0': (-0.769, -0.398), 'feature_1': (-0.449, -0.063), 'feature_2': (1.413, 4.286)}",3,0.172,9,[Pretrained] CF,"[1, 771, 772, 773, 963, 1029, 1030, 1031]",0.0,0.0,Random,[Pretrained] CF Random,0.008,0,0.008,3768,153,0.0,5,0.172,0.0,hte_only
348,feature_0 <= 0.058 AND feature_0 <= -0.982 AND feature_1 <= 0.16 AND feature_0 > -1.716 AND feature_0 > -1.47 AND feature_1 > -0.027 AND feature_0 <= -1.07 AND feature_1 <= 0.074 AND feature_2 <= 1.214 AND feature_9 > -1.342 AND feature_1 > 0.002 AND feature_0 > -1.132,"{'feature_0': (-1.132, -1.07), 'feature_1': (0.002, 0.074), 'feature_2': (-4.532, 1.214), 'feature_9': (-1.342, 4.08)}",4,0.538,12,[Pretrained] CF,"[1, 2, 3, 143, 231, 337, 338, 339, 340, 342, 346]",0.392,0.392,Random,[Pretrained] CF Random,0.008,0,0.008,3768,24,0.0,5,0.14600000000000002,0.0,hte_only
3763,feature_0 > 0.058 AND feature_0 > 0.946 AND feature_1 > 0.743 AND feature_1 > 1.568 AND feature_0 > 1.289 AND feature_0 > 1.832 AND feature_1 > 1.8 AND feature_4 <= 0.223,"{'feature_0': (1.832, 4.577), 'feature_1': (1.8, 4.438), 'feature_4': (-4.13, 0.223)}",3,3.75,8,[Pretrained] CF,"[1946, 2936, 3494, 3694, 3732, 3756, 3762]",4.439,4.5,OptRes,[Pretrained] CF OptRes,0.009,0,0.009,3768,26,0.08115183246073299,5,0.6890000000000001,0.06099999999999994,rest
3756,feature_0 > 0.058 AND feature_0 > 0.946 AND feature_1 > 0.743 AND feature_1 > 1.568 AND feature_0 > 1.289 AND feature_0 > 1.832,"{'feature_0': (1.832, 4.577), 'feature_1': (1.568, 4.438)}",2,3.61,6,[Pretrained] CF,"[1946, 2936, 3494, 3694, 3732]",4.329,4.356,OptRes,[Pretrained] CF OptRes,0.009,0,0.009,3768,83,0.25,5,0.7189999999999999,0.027000000000000135,rest
3766,feature_0 > 0.058 AND feature_0 > 0.946 AND feature_1 > 0.743 AND feature_1 > 1.568 AND feature_0 > 1.289 AND feature_0 > 1.832 AND feature_1 > 1.8 AND feature_4 > 0.223,"{'feature_0': (1.832, 4.577), 'feature_1': (1.8, 4.438), 'feature_4': (0.223, 4.717)}",3,3.606,8,[Pretrained] CF,"[1946, 2936, 3494, 3694, 3732, 3756, 3762]",4.498,4.431,OptRes,[Pretrained] CF OptRes,0.009,0,0.009,3768,26,0.0693717277486911,5,0.8920000000000003,0.06700000000000017,rest
3753,feature_0 > 0.058 AND feature_0 > 0.946 AND feature_1 > 0.743 AND feature_1 > 1.568 AND feature_0 > 1.289 AND feature_0 <= 1.832 AND feature_1 > 1.664 AND feature_0 > 1.63 AND feature_2 > -0.178,"{'feature_0': (1.63, 1.832), 'feature_1': (1.664, 4.438), 'feature_2': (-0.178, 4.286)}",3,3.535,9,[Pretrained] CF,"[1946, 2936, 3494, 3694, 3732, 3733, 3737, 3751]",3.93,3.924,OptRes,[Pretrained] CF OptRes,0.009,0,0.009,3768,28,0.0,5,0.395,0.006000000000000227,rest
3757,feature_0 > 0.058 AND feature_0 > 0.946 AND feature_1 > 0.743 AND feature_1 > 1.568 AND feature_0 > 1.289 AND feature_0 > 1.832 AND feature_1 <= 1.8,"{'feature_0': (1.832, 4.577), 'feature_1': (1.568, 1.8)}",2,3.499,7,[Pretrained] CF,"[1946, 2936, 3494, 3694, 3732, 3756]",4.122,4.172,OptRes,[Pretrained] CF OptRes,0.009,0,0.009,3768,31,0.09947643979057591,5,0.6229999999999998,0.04999999999999982,rest
3766,feature_0 > 0.058 AND feature_0 > 0.946 AND feature_1 > 0.743 AND feature_1 > 1.568 AND feature_0 > 1.289 AND feature_0 > 1.832 AND feature_1 > 1.8 AND feature_4 > 0.223,"{'feature_0': (1.832, 4.577), 'feature_1': (1.8, 4.438), 'feature_4': (0.223, 4.717)}",3,3.606,8,[Pretrained] CF,"[1946, 2936, 3494, 3694, 3732, 3756, 3762]",4.498,4.431,ResOve,[Pretrained] CF ResOve,1.161,0,1.161,3768,26,0.11521739130434783,5,0.8920000000000003,0.06700000000000017,rest
3763,feature_0 > 0.058 AND feature_0 > 0.946 AND feature_1 > 0.743 AND feature_1 > 1.568 AND feature_0 > 1.289 AND feature_0 > 1.832 AND feature_1 > 1.8 AND feature_4 <= 0.223,"{'feature_0': (1.832, 4.577), 'feature_1': (1.8, 4.438), 'feature_4': (-4.13, 0.223)}",3,3.75,8,[Pretrained] CF,"[1946, 2936, 3494, 3694, 3732, 3756, 3762]",4.439,4.5,ResOve,[Pretrained] CF ResOve,1.161,0,1.161,3768,26,0.13478260869565217,5,0.6890000000000001,0.06099999999999994,rest
3753,feature_0 > 0.058 AND feature_0 > 0.946 AND feature_1 > 0.743 AND feature_1 > 1.568 AND feature_0 > 1.289 AND feature_0 <= 1.832 AND feature_1 > 1.664 AND feature_0 > 1.63 AND feature_2 > -0.178,"{'feature_0': (1.63, 1.832), 'feature_1': (1.664, 4.438), 'feature_2': (-0.178, 4.286)}",3,3.535,9,[Pretrained] CF,"[1946, 2936, 3494, 3694, 3732, 3733, 3737, 3751]",3.93,3.924,ResOve,[Pretrained] CF ResOve,1.161,0,1.161,3768,28,0.0,5,0.395,0.006000000000000227,rest
3762,feature_0 > 0.058 AND feature_0 > 0.946 AND feature_1 > 0.743 AND feature_1 > 1.568 AND feature_0 > 1.289 AND feature_0 > 1.832 AND feature_1 > 1.8,"{'feature_0': (1.832, 4.577), 'feature_1': (1.8, 4.438)}",2,3.684,7,[Pretrained] CF,"[1946, 2936, 3494, 3694, 3732, 3756]",4.466,4.465,ResOve,[Pretrained] CF ResOve,1.161,0,1.161,3768,52,0.25,5,0.782,0.001000000000000334,rest
3738,feature_0 > 0.058 AND feature_0 > 0.946 AND feature_1 > 0.743 AND feature_1 > 1.568 AND feature_0 > 1.289 AND feature_0 <= 1.832 AND feature_1 > 1.664 AND feature_0 <= 1.63,"{'feature_0': (1.289, 1.63), 'feature_1': (1.664, 4.438)}",2,3.331,8,[Pretrained] CF,"[1946, 2936, 3494, 3694, 3732, 3733, 3737]",3.654,3.605,ResOve,[Pretrained] CF ResOve,1.161,0,1.161,3768,72,0.0,5,0.32299999999999995,0.04899999999999993,rest
3763,feature_0 > 0.058 AND feature_0 > 0.946 AND feature_1 > 0.743 AND feature_1 > 1.568 AND feature_0 > 1.289 AND feature_0 > 1.832 AND feature_1 > 1.8 AND feature_4 <= 0.223,"{'feature_0': (1.832, 4.577), 'feature_1': (1.8, 4.438), 'feature_4': (-4.13, 0.223)}",3,3.75,8,[Pretrained] CF,"[1946, 2936, 3494, 3694, 3732, 3756, 3762]",4.439,4.5,NoOve,[Pretrained] CF NoOve,0.047,0,0.047,3768,26,0.0,5,0.6890000000000001,0.06099999999999994,rest
3766,feature_0 > 0.058 AND feature_0 > 0.946 AND feature_1 > 0.743 AND feature_1 > 1.568 AND feature_0 > 1.289 AND feature_0 > 1.832 AND feature_1 > 1.8 AND feature_4 > 0.223,"{'feature_0': (1.832, 4.577), 'feature_1': (1.8, 4.438), 'feature_4': (0.223, 4.717)}",3,3.606,8,[Pretrained] CF,"[1946, 2936, 3494, 3694, 3732, 3756, 3762]",4.498,4.431,NoOve,[Pretrained] CF NoOve,0.047,0,0.047,3768,26,0.0,5,0.8920000000000003,0.06700000000000017,rest
3751,feature_0 > 0.058 AND feature_0 > 0.946 AND feature_1 > 0.743 AND feature_1 > 1.568 AND feature_0 > 1.289 AND feature_0 <= 1.832 AND feature_1 > 1.664 AND feature_0 > 1.63,"{'feature_0': (1.63, 1.832), 'feature_1': (1.664, 4.438)}",2,3.484,8,[Pretrained] CF,"[1946, 2936, 3494, 3694, 3732, 3733, 3737]",3.913,3.956,NoOve,[Pretrained] CF NoOve,0.047,0,0.047,3768,35,0.0,5,0.4289999999999998,0.04300000000000015,rest
3738,feature_0 > 0.058 AND feature_0 > 0.946 AND feature_1 > 0.743 AND feature_1 > 1.568 AND feature_0 > 1.289 AND feature_0 <= 1.832 AND feature_1 > 1.664 AND feature_0 <= 1.63,"{'feature_0': (1.289, 1.63), 'feature_1': (1.664, 4.438)}",2,3.331,8,[Pretrained] CF,"[1946, 2936, 3494, 3694, 3732, 3733, 3737]",3.654,3.605,NoOve,[Pretrained] CF NoOve,0.047,0,0.047,3768,72,0.0,5,0.32299999999999995,0.04899999999999993,rest
3689,feature_0 > 0.058 AND feature_0 > 0.946 AND feature_1 > 0.743 AND feature_1 <= 1.568 AND feature_0 > 1.347 AND feature_1 > 1.049 AND feature_0 > 1.914 AND feature_1 > 1.407,"{'feature_0': (1.914, 4.577), 'feature_1': (1.407, 1.568)}",2,3.209,8,[Pretrained] CF,"[1946, 2936, 3494, 3495, 3589, 3641, 3677]",3.96,3.885,NoOve,[Pretrained] CF NoOve,0.047,0,0.047,3768,28,0.0,5,0.7509999999999999,0.07500000000000018,rest
1561,feature_0 <= 0.058 AND feature_0 > -0.982 AND feature_1 > 0.164 AND feature_1 <= 1.51 AND feature_0 <= -0.397 AND feature_0 > -0.744 AND feature_1 > 0.765 AND feature_0 > -0.568,"{'feature_0': (-0.568, -0.397), 'feature_1': (0.765, 1.51)}",2,0.782,8,[Pretrained] CF,"[1, 771, 1393, 1394, 1395, 1483, 1535]",0.909,0.917,Random,[Pretrained] CF Random,0.006,0,0.006,3768,362,0.0,5,0.127,0.008000000000000007,rest
941,feature_0 <= 0.058 AND feature_0 > -0.982 AND feature_1 <= 0.164 AND feature_0 <= -0.216 AND feature_1 <= -0.449 AND feature_1 > -1.153 AND feature_0 > -0.866 AND feature_0 > -0.404 AND feature_2 <= 1.05 AND feature_4 <= -1.083 AND feature_1 <= -0.728 AND feature_0 > -0.372,"{'feature_0': (-0.372, -0.216), 'feature_1': (-1.153, -0.728), 'feature_2': (-4.532, 1.05), 'feature_4': (-4.13, -1.083)}",4,0.04,12,[Pretrained] CF,"[1, 771, 772, 773, 774, 870, 904, 936, 937, 938, 939]",0.035,0.033,Random,[Pretrained] CF Random,0.006,0,0.006,3768,25,0.0,5,0.0049999999999999975,0.0020000000000000018,rest
1612,feature_0 <= 0.058 AND feature_0 > -0.982 AND feature_1 > 0.164 AND feature_1 <= 1.51 AND feature_0 > -0.397 AND feature_1 <= 0.802 AND feature_0 <= -0.122 AND feature_1 > 0.254,"{'feature_0': (-0.397, -0.122), 'feature_1': (0.254, 0.802)}",2,0.734,8,[Pretrained] CF,"[1, 771, 1393, 1394, 1588, 1589, 1590]",0.732,0.73,Random,[Pretrained] CF Random,0.006,0,0.006,3768,708,0.0,5,0.0020000000000000018,0.0020000000000000018,rest
2658,feature_0 > 0.058 AND feature_0 <= 0.946 AND feature_1 > 0.771 AND feature_1 <= 1.148 AND feature_0 > 0.542 AND feature_0 <= 0.787 AND feature_1 > 0.955 AND feature_2 <= -0.47 AND feature_8 > 0.205,"{'feature_0': (0.542, 0.787), 'feature_1': (0.955, 1.148), 'feature_2': (-4.532, -0.47), 'feature_8': (0.205, 4.699)}",4,2.232,9,[Pretrained] CF,"[1946, 1947, 2521, 2522, 2624, 2625, 2651, 2652]",2.015,1.997,Random,[Pretrained] CF Random,0.006,0,0.006,3768,23,0.0,5,0.21700000000000008,0.018000000000000016,rest
3474,feature_0 > 0.058 AND feature_0 > 0.946 AND feature_1 <= 0.743 AND feature_0 > 1.577 AND feature_0 > 2.049 AND feature_1 > 0.008 AND feature_4 > -0.358 AND feature_0 > 2.149 AND feature_1 <= 0.316,"{'feature_0': (2.149, 4.577), 'feature_1': (0.008, 0.316), 'feature_4': (-0.358, 4.717)}",3,2.805,9,[Pretrained] CF,"[1946, 2936, 2937, 3253, 3393, 3451, 3467, 3473]",3.26,3.301,Random,[Pretrained] CF Random,0.006,0,0.006,3768,46,0.0,5,0.4549999999999996,0.04100000000000037,rest
3763,feature_0 > 0.058 AND feature_0 > 0.946 AND feature_1 > 0.743 AND feature_1 > 1.568 AND feature_0 > 1.289 AND feature_0 > 1.832 AND feature_1 > 1.8 AND feature_4 <= 0.223,"{'feature_0': (1.832, 4.577), 'feature_1': (1.8, 4.438), 'feature_4': (-4.13, 0.223)}",3,3.75,8,[Pretrained] CF,"[1946, 2936, 3494, 3694, 3732, 3756, 3762]",4.439,4.48,OptRes,[Pretrained] CF OptRes,0.009,0,0.009,3768,36,0.08115183246073299,5,0.6890000000000001,0.04100000000000037,all
3768,feature_0 > 0.058 AND feature_0 > 0.946 AND feature_1 > 0.743 AND feature_1 > 1.568 AND feature_0 > 1.289 AND feature_0 > 1.832 AND feature_1 > 1.8 AND feature_4 > 0.223 AND feature_0 > 1.977,"{'feature_0': (1.977, 4.577), 'feature_1': (1.8, 4.438), 'feature_4': (0.223, 4.717)}",3,3.656,9,[Pretrained] CF,"[1946, 2936, 3494, 3694, 3732, 3756, 3762, 3766]",4.679,4.706,OptRes,[Pretrained] CF OptRes,0.009,0,0.009,3768,21,0.04319371727748691,5,1.0230000000000001,0.027000000000000135,all
3756,feature_0 > 0.058 AND feature_0 > 0.946 AND feature_1 > 0.743 AND feature_1 > 1.568 AND feature_0 > 1.289 AND feature_0 > 1.832,"{'feature_0': (1.832, 4.577), 'feature_1': (1.568, 4.438)}",2,3.61,6,[Pretrained] CF,"[1946, 2936, 3494, 3694, 3732]",4.329,4.369,OptRes,[Pretrained] CF OptRes,0.009,0,0.009,3768,111,0.1793193717277487,5,0.7189999999999999,0.040000000000000036,all
3759,feature_0 > 0.058 AND feature_0 > 0.946 AND feature_1 > 0.743 AND feature_1 > 1.568 AND feature_0 > 1.289 AND feature_0 > 1.832 AND feature_1 <= 1.8 AND feature_0 > 2.096,"{'feature_0': (2.096, 4.577), 'feature_1': (1.568, 1.8)}",2,3.581,8,[Pretrained] CF,"[1946, 2936, 3494, 3694, 3732, 3756, 3757]",4.389,4.37,OptRes,[Pretrained] CF OptRes,0.009,0,0.009,3768,25,0.0549738219895288,5,0.8080000000000003,0.019000000000000128,all
3753,feature_0 > 0.058 AND feature_0 > 0.946 AND feature_1 > 0.743 AND feature_1 > 1.568 AND feature_0 > 1.289 AND feature_0 <= 1.832 AND feature_1 > 1.664 AND feature_0 > 1.63 AND feature_2 > -0.178,"{'feature_0': (1.63, 1.832), 'feature_1': (1.664, 4.438), 'feature_2': (-0.178, 4.286)}",3,3.535,9,[Pretrained] CF,"[1946, 2936, 3494, 3694, 3732, 3733, 3737, 3751]",3.93,3.917,OptRes,[Pretrained] CF OptRes,0.009,0,0.009,3768,41,0.0,5,0.395,0.013000000000000345,all
3768,feature_0 > 0.058 AND feature_0 > 0.946 AND feature_1 > 0.743 AND feature_1 > 1.568 AND feature_0 > 1.289 AND feature_0 > 1.832 AND feature_1 > 1.8 AND feature_4 > 0.223 AND feature_0 > 1.977,"{'feature_0': (1.977, 4.577), 'feature_1': (1.8, 4.438), 'feature_4': (0.223, 4.717)}",3,3.656,9,[Pretrained] CF,"[1946, 2936, 3494, 3694, 3732, 3756, 3762, 3766]",4.679,4.706,ResOve,[Pretrained] CF ResOve,1.073,0,1.073,3768,21,0.0,5,1.0230000000000001,0.027000000000000135,all
3759,feature_0 > 0.058 AND feature_0 > 0.946 AND feature_1 > 0.743 AND feature_1 > 1.568 AND feature_0 > 1.289 AND feature_0 > 1.832 AND feature_1 <= 1.8 AND feature_0 > 2.096,"{'feature_0': (2.096, 4.577), 'feature_1': (1.568, 1.8)}",2,3.581,8,[Pretrained] CF,"[1946, 2936, 3494, 3694, 3732, 3756, 3757]",4.389,4.37,ResOve,[Pretrained] CF ResOve,1.073,0,1.073,3768,25,0.0,5,0.8080000000000003,0.019000000000000128,all
3754,feature_0 > 0.058 AND feature_0 > 0.946 AND feature_1 > 0.743 AND feature_1 > 1.568 AND feature_0 > 1.289 AND feature_0 <= 1.832 AND feature_1 > 1.664 AND feature_0 > 1.63 AND feature_2 > -0.178 AND feature_1 <= 2.136,"{'feature_0': (1.63, 1.832), 'feature_1': (1.664, 2.136), 'feature_2': (-0.178, 4.286)}",3,3.482,10,[Pretrained] CF,"[1946, 2936, 3494, 3694, 3732, 3733, 3737, 3751, 3753]",3.724,3.733,ResOve,[Pretrained] CF ResOve,1.073,0,1.073,3768,27,0.0,5,0.242,0.008999999999999897,all
3749,feature_0 > 0.058 AND feature_0 > 0.946 AND feature_1 > 0.743 AND feature_1 > 1.568 AND feature_0 > 1.289 AND feature_0 <= 1.832 AND feature_1 > 1.664 AND feature_0 <= 1.63 AND feature_1 > 2.181 AND feature_4 <= -0.008,"{'feature_0': (1.289, 1.63), 'feature_1': (2.181, 4.438), 'feature_4': (-4.13, -0.008)}",3,3.5,10,[Pretrained] CF,"[1946, 2936, 3494, 3694, 3732, 3733, 3737, 3738, 3748]",3.976,3.967,ResOve,[Pretrained] CF ResOve,1.073,0,1.073,3768,25,0.0,5,0.476,0.008999999999999897,all
3750,feature_0 > 0.058 AND feature_0 > 0.946 AND feature_1 > 0.743 AND feature_1 > 1.568 AND feature_0 > 1.289 AND feature_0 <= 1.832 AND feature_1 > 1.664 AND feature_0 <= 1.63 AND feature_1 > 2.181 AND feature_4 > -0.008,"{'feature_0': (1.289, 1.63), 'feature_1': (2.181, 4.438), 'feature_4': (-0.008, 4.717)}",3,3.381,10,[Pretrained] CF,"[1946, 2936, 3494, 3694, 3732, 3733, 3737, 3738, 3748]",4.054,4.085,ResOve,[Pretrained] CF ResOve,1.073,0,1.073,3768,22,0.0,5,0.6730000000000005,0.030999999999999694,all
3763,feature_0 > 0.058 AND feature_0 > 0.946 AND feature_1 > 0.743 AND feature_1 > 1.568 AND feature_0 > 1.289 AND feature_0 > 1.832 AND feature_1 > 1.8 AND feature_4 <= 0.223,"{'feature_0': (1.832, 4.577), 'feature_1': (1.8, 4.438), 'feature_4': (-4.13, 0.223)}",3,3.75,8,[Pretrained] CF,"[1946, 2936, 3494, 3694, 3732, 3756, 3762]",4.439,4.48,NoOve,[Pretrained] CF NoOve,0.026,0,0.026,3768,36,0.0,5,0.6890000000000001,0.04100000000000037,all
3766,feature_0 > 0.058 AND feature_0 > 0.946 AND feature_1 > 0.743 AND feature_1 > 1.568 AND feature_0 > 1.289 AND feature_0 > 1.832 AND feature_1 > 1.8 AND feature_4 > 0.223,"{'feature_0': (1.832, 4.577), 'feature_1': (1.8, 4.438), 'feature_4': (0.223, 4.717)}",3,3.606,8,[Pretrained] CF,"[1946, 2936, 3494, 3694, 3732, 3756, 3762]",4.498,4.619,NoOve,[Pretrained] CF NoOve,0.026,0,0.026,3768,30,0.0,5,0.8920000000000003,0.12099999999999955,all
3759,feature_0 > 0.058 AND feature_0 > 0.946 AND feature_1 > 0.743 AND feature_1 > 1.568 AND feature_0 > 1.289 AND feature_0 > 1.832 AND feature_1 <= 1.8 AND feature_0 > 2.096,"{'feature_0': (2.096, 4.577), 'feature_1': (1.568, 1.8)}",2,3.581,8,[Pretrained] CF,"[1946, 2936, 3494, 3694, 3732, 3756, 3757]",4.389,4.37,NoOve,[Pretrained] CF NoOve,0.026,0,0.026,3768,25,0.0,5,0.8080000000000003,0.019000000000000128,all
3751,feature_0 > 0.058 AND feature_0 > 0.946 AND feature_1 > 0.743 AND feature_1 > 1.568 AND feature_0 > 1.289 AND feature_0 <= 1.832 AND feature_1 > 1.664 AND feature_0 > 1.63,"{'feature_0': (1.63, 1.832), 'feature_1': (1.664, 4.438)}",2,3.484,8,[Pretrained] CF,"[1946, 2936, 3494, 3694, 3732, 3733, 3737]",3.913,3.904,NoOve,[Pretrained] CF NoOve,0.026,0,0.026,3768,62,0.0,5,0.4289999999999998,0.008999999999999897,all
3738,feature_0 > 0.058 AND feature_0 > 0.946 AND feature_1 > 0.743 AND feature_1 > 1.568 AND feature_0 > 1.289 AND feature_0 <= 1.832 AND feature_1 > 1.664 AND feature_0 <= 1.63,"{'feature_0': (1.289, 1.63), 'feature_1': (1.664, 4.438)}",2,3.331,8,[Pretrained] CF,"[1946, 2936, 3494, 3694, 3732, 3733, 3737]",3.654,3.667,NoOve,[Pretrained] CF NoOve,0.026,0,0.026,3768,131,0.0,5,0.32299999999999995,0.0129999999999999,all
1823,feature_0 <= 0.058 AND feature_0 > -0.982 AND feature_1 > 0.164 AND feature_1 > 1.51 AND feature_0 <= -0.428 AND feature_1 > 1.88 AND feature_0 <= -0.554 AND feature_0 <= -0.783 AND feature_3 <= 1.15,"{'feature_0': (-0.982, -0.783), 'feature_1': (1.88, 4.438), 'feature_3': (-4.344, 1.15)}",3,0.971,9,[Pretrained] CF,"[1, 771, 1393, 1773, 1774, 1820, 1821, 1822]",1.509,1.584,Random,[Pretrained] CF Random,0.004,0,0.004,3768,59,0.0,5,0.5379999999999999,0.07500000000000018,all
3058,feature_0 > 0.058 AND feature_0 > 0.946 AND feature_1 <= 0.743 AND feature_0 <= 1.577 AND feature_1 <= 0.104 AND feature_0 > 1.253 AND feature_0 <= 1.458 AND feature_1 > -0.473 AND feature_0 <= 1.33 AND feature_1 > -0.314 AND feature_7 <= -0.299,"{'feature_0': (1.253, 1.33), 'feature_1': (-0.314, 0.104), 'feature_7': (-4.375, -0.299)}",3,1.722,11,[Pretrained] CF,"[1946, 2936, 2937, 2938, 2939, 3023, 3024, 3050, 3051, 3057]",1.932,1.945,Random,[Pretrained] CF Random,0.004,0,0.004,3768,55,0.0,5,0.20999999999999996,0.013000000000000123,all
352,feature_0 <= 0.058 AND feature_0 <= -0.982 AND feature_1 <= 0.16 AND feature_0 > -1.716 AND feature_0 > -1.47 AND feature_1 > -0.027 AND feature_0 <= -1.07 AND feature_1 > 0.074,"{'feature_0': (-1.47, -1.07), 'feature_1': (0.074, 0.16)}",2,0.458,8,[Pretrained] CF,"[1, 2, 3, 143, 231, 337, 338]",0.488,0.485,Random,[Pretrained] CF Random,0.004,0,0.004,3768,135,0.0,5,0.02999999999999997,0.0030000000000000027,all
2988,feature_0 > 0.058 AND feature_0 > 0.946 AND feature_1 <= 0.743 AND feature_0 <= 1.577 AND feature_1 <= 0.104 AND feature_0 <= 1.253 AND feature_1 > -0.454 AND feature_0 <= 1.146 AND feature_2 <= 1.469,"{'feature_0': (0.946, 1.146), 'feature_1': (-0.454, 0.104), 'feature_2': (-4.532, 1.469)}",3,1.545,9,[Pretrained] CF,"[1946, 2936, 2937, 2938, 2939, 2940, 2986, 2987]",1.655,1.655,Random,[Pretrained] CF Random,0.004,0,0.004,3768,593,0.0,5,0.1100000000000001,0.0,all
2682,feature_0 > 0.058 AND feature_0 <= 0.946 AND feature_1 > 0.771 AND feature_1 <= 1.148 AND feature_0 > 0.542 AND feature_0 > 0.787 AND feature_1 <= 0.886 AND feature_2 > -0.495 AND feature_0 > 0.843 AND feature_8 <= 0.155,"{'feature_0': (0.843, 0.946), 'feature_1': (0.771, 0.886), 'feature_2': (-0.495, 4.286), 'feature_8': (-4.447, 0.155)}",4,1.902,10,[Pretrained] CF,"[1946, 1947, 2521, 2522, 2624, 2676, 2677, 2679, 2681]",2.089,2.09,Random,[Pretrained] CF Random,0.004,0,0.004,3768,21,0.0,5,0.18700000000000006,0.0009999999999998899,all
3685,feature_0 > 0.058 AND feature_0 > 0.946 AND feature_1 > 0.743 AND feature_1 <= 1.568 AND feature_0 > 1.347 AND feature_1 > 1.049 AND feature_0 > 1.914 AND feature_1 <= 1.407 AND feature_2 > -0.223 AND feature_7 > -0.562 AND feature_8 <= -0.517,"{'feature_0': (1.914, 4.577), 'feature_1': (1.049, 1.407), 'feature_2': (-0.223, 4.286), 'feature_7': (-0.562, 4.28), 'feature_8': (-4.447, -0.517)}",5,3.2,11,[Pretrained] CF,"[1946, 2936, 3494, 3495, 3589, 3641, 3677, 3678, 3682, 3684]",3.889,3.889,OptRes,[Pretrained] CF OptRes,0.012,0,0.012,3768,22,0.1113095238095238,5,0.6889999999999996,0.0,hte_only
3684,feature_0 > 0.058 AND feature_0 > 0.946 AND feature_1 > 0.743 AND feature_1 <= 1.568 AND feature_0 > 1.347 AND feature_1 > 1.049 AND feature_0 > 1.914 AND feature_1 <= 1.407 AND feature_2 > -0.223 AND feature_7 > -0.562,"{'feature_0': (1.914, 4.577), 'feature_1': (1.049, 1.407), 'feature_2': (-0.223, 4.286), 'feature_7': (-0.562, 4.28)}",4,3.136,10,[Pretrained] CF,"[1946, 2936, 3494, 3495, 3589, 3641, 3677, 3678, 3682]",3.847,3.847,OptRes,[Pretrained] CF OptRes,0.012,0,0.012,3768,70,0.28273809523809523,5,0.7109999999999999,0.0,hte_only
3687,feature_0 > 0.058 AND feature_0 > 0.946 AND feature_1 > 0.743 AND feature_1 <= 1.568 AND feature_0 > 1.347 AND feature_1 > 1.049 AND feature_0 > 1.914 AND feature_1 <= 1.407 AND feature_2 > -0.223 AND feature_7 > -0.562 AND feature_8 > -0.517 AND feature_1 <= 1.251,"{'feature_0': (1.914, 4.577), 'feature_1': (1.049, 1.251), 'feature_2': (-0.223, 4.286), 'feature_7': (-0.562, 4.28), 'feature_8': (-0.517, 4.699)}",5,3.078,12,[Pretrained] CF,"[1946, 2936, 3494, 3495, 3589, 3641, 3677, 3678, 3682, 3684, 3686]",3.782,3.782,OptRes,[Pretrained] CF OptRes,0.012,0,0.012,3768,28,0.14166666666666666,5,0.7040000000000002,0.0,hte_only
3674,feature_0 > 0.058 AND feature_0 > 0.946 AND feature_1 > 0.743 AND feature_1 <= 1.568 AND feature_0 > 1.347 AND feature_1 > 1.049 AND feature_0 <= 1.914 AND feature_2 > 0.032 AND feature_2 > 0.836 AND feature_0 > 1.505 AND feature_3 <= 0.335 AND feature_1 <= 1.339,"{'feature_0': (1.505, 1.914), 'feature_1': (1.049, 1.339), 'feature_2': (0.836, 4.286), 'feature_3': (-4.344, 0.335)}",4,3.049,12,[Pretrained] CF,"[1946, 2936, 3494, 3495, 3589, 3641, 3642, 3660, 3668, 3672, 3673]",3.104,3.104,OptRes,[Pretrained] CF OptRes,0.012,0,0.012,3768,21,0.0,5,0.05500000000000016,0.0,hte_only
3678,feature_0 > 0.058 AND feature_0 > 0.946 AND feature_1 > 0.743 AND feature_1 <= 1.568 AND feature_0 > 1.347 AND feature_1 > 1.049 AND feature_0 > 1.914 AND feature_1 <= 1.407,"{'feature_0': (1.914, 4.577), 'feature_1': (1.049, 1.407)}",2,3.047,8,[Pretrained] CF,"[1946, 2936, 3494, 3495, 3589, 3641, 3677]",3.802,3.802,OptRes,[Pretrained] CF OptRes,0.012,0,0.012,3768,168,0.17857142857142858,5,0.7549999999999999,0.0,hte_only
3686,feature_0 > 0.058 AND feature_0 > 0.946 AND feature_1 > 0.743 AND feature_1 <= 1.568 AND feature_0 > 1.347 AND feature_1 > 1.049 AND feature_0 > 1.914 AND feature_1 <= 1.407 AND feature_2 > -0.223 AND feature_7 > -0.562 AND feature_8 > -0.517,"{'feature_0': (1.914, 4.577), 'feature_1': (1.049, 1.407), 'feature_2': (-0.223, 4.286), 'feature_7': (-0.562, 4.28), 'feature_8': (-0.517, 4.699)}",5,3.106,11,[Pretrained] CF,"[1946, 2936, 3494, 3495, 3589, 3641, 3677, 3678, 3682, 3684]",3.828,3.828,ResOve,[Pretrained] CF ResOve,0.834,0,0.834,3768,48,0.0,5,0.722,0.0,hte_only
3685,feature_0 > 0.058 AND feature_0 > 0.946 AND feature_1 > 0.743 AND feature_1 <= 1.568 AND feature_0 > 1.347 AND feature_1 > 1.049 AND feature_0 > 1.914 AND feature_1 <= 1.407 AND feature_2 > -0.223 AND feature_7 > -0.562 AND feature_8 <= -0.517,"{'feature_0': (1.914, 4.577), 'feature_1': (1.049, 1.407), 'feature_2': (-0.223, 4.286), 'feature_7': (-0.562, 4.28), 'feature_8': (-4.447, -0.517)}",5,3.2,11,[Pretrained] CF,"[1946, 2936, 3494, 3495, 3589, 3641, 3677, 3678, 3682, 3684]",3.889,3.889,ResOve,[Pretrained] CF ResOve,0.834,0,0.834,3768,22,0.0,5,0.6889999999999996,0.0,hte_only
3683,feature_0 > 0.058 AND feature_0 > 0.946 AND feature_1 > 0.743 AND feature_1 <= 1.568 AND feature_0 > 1.347 AND feature_1 > 1.049 AND feature_0 > 1.914 AND feature_1 <= 1.407 AND feature_2 > -0.223 AND feature_7 <= -0.562,"{'feature_0': (1.914, 4.577), 'feature_1': (1.049, 1.407), 'feature_2': (-0.223, 4.286), 'feature_7': (-4.375, -0.562)}",4,3.026,10,[Pretrained] CF,"[1946, 2936, 3494, 3495, 3589, 3641, 3677, 3678, 3682]",3.791,3.791,ResOve,[Pretrained] CF ResOve,0.834,0,0.834,3768,32,0.0,5,0.7650000000000001,0.0,hte_only
3639,feature_0 > 0.058 AND feature_0 > 0.946 AND feature_1 > 0.743 AND feature_1 <= 1.568 AND feature_0 > 1.347 AND feature_1 <= 1.049 AND feature_0 > 1.865 AND feature_4 > 0.312 AND feature_0 > 2.181 AND feature_2 <= 0.058,"{'feature_0': (2.181, 4.577), 'feature_1': (0.743, 1.049), 'feature_4': (0.312, 4.717), 'feature_2': (-4.532, 0.058)}",4,3.037,10,[Pretrained] CF,"[1946, 2936, 3494, 3495, 3589, 3590, 3624, 3634, 3638]",3.723,3.723,ResOve,[Pretrained] CF ResOve,0.834,0,0.834,3768,30,0.0,5,0.6859999999999999,0.0,hte_only
3681,feature_0 > 0.058 AND feature_0 > 0.946 AND feature_1 > 0.743 AND feature_1 <= 1.568 AND feature_0 > 1.347 AND feature_1 > 1.049 AND feature_0 > 1.914 AND feature_1 <= 1.407 AND feature_2 <= -0.223 AND feature_7 > 0.137,"{'feature_0': (1.914, 4.577), 'feature_1': (1.049, 1.407), 'feature_2': (-4.532, -0.223), 'feature_7': (0.137, 4.28)}",4,3.023,10,[Pretrained] CF,"[1946, 2936, 3494, 3495, 3589, 3641, 3677, 3678, 3679]",3.815,3.815,ResOve,[Pretrained] CF ResOve,0.834,0,0.834,3768,29,0.0,5,0.7919999999999998,0.0,hte_only
3684,feature_0 > 0.058 AND feature_0 > 0.946 AND feature_1 > 0.743 AND feature_1 <= 1.568 AND feature_0 > 1.347 AND feature_1 > 1.049 AND feature_0 > 1.914 AND feature_1 <= 1.407 AND feature_2 > -0.223 AND feature_7 > -0.562,"{'feature_0': (1.914, 4.577), 'feature_1': (1.049, 1.407), 'feature_2': (-0.223, 4.286), 'feature_7': (-0.562, 4.28)}",4,3.136,10,[Pretrained] CF,"[1946, 2936, 3494, 3495, 3589, 3641, 3677, 3678, 3682]",3.847,3.847,NoOve,[Pretrained] CF NoOve,0.015,0,0.015,3768,70,0.0,5,0.7109999999999999,0.0,hte_only
3639,feature_0 > 0.058 AND feature_0 > 0.946 AND feature_1 > 0.743 AND feature_1 <= 1.568 AND feature_0 > 1.347 AND feature_1 <= 1.049 AND feature_0 > 1.865 AND feature_4 > 0.312 AND feature_0 > 2.181 AND feature_2 <= 0.058,"{'feature_0': (2.181, 4.577), 'feature_1': (0.743, 1.049), 'feature_4': (0.312, 4.717), 'feature_2': (-4.532, 0.058)}",4,3.037,10,[Pretrained] CF,"[1946, 2936, 3494, 3495, 3589, 3590, 3624, 3634, 3638]",3.723,3.723,NoOve,[Pretrained] CF NoOve,0.015,0,0.015,3768,30,0.0,5,0.6859999999999999,0.0,hte_only
3683,feature_0 > 0.058 AND feature_0 > 0.946 AND feature_1 > 0.743 AND feature_1 <= 1.568 AND feature_0 > 1.347 AND feature_1 > 1.049 AND feature_0 > 1.914 AND feature_1 <= 1.407 AND feature_2 > -0.223 AND feature_7 <= -0.562,"{'feature_0': (1.914, 4.577), 'feature_1': (1.049, 1.407), 'feature_2': (-0.223, 4.286), 'feature_7': (-4.375, -0.562)}",4,3.026,10,[Pretrained] CF,"[1946, 2936, 3494, 3495, 3589, 3641, 3677, 3678, 3682]",3.791,3.791,NoOve,[Pretrained] CF NoOve,0.015,0,0.015,3768,32,0.0,5,0.7650000000000001,0.0,hte_only
3681,feature_0 > 0.058 AND feature_0 > 0.946 AND feature_1 > 0.743 AND feature_1 <= 1.568 AND feature_0 > 1.347 AND feature_1 > 1.049 AND feature_0 > 1.914 AND feature_1 <= 1.407 AND feature_2 <= -0.223 AND feature_7 > 0.137,"{'feature_0': (1.914, 4.577), 'feature_1': (1.049, 1.407), 'feature_2': (-4.532, -0.223), 'feature_7': (0.137, 4.28)}",4,3.023,10,[Pretrained] CF,"[1946, 2936, 3494, 3495, 3589, 3641, 3677, 3678, 3679]",3.815,3.815,NoOve,[Pretrained] CF NoOve,0.015,0,0.015,3768,29,0.0,5,0.7919999999999998,0.0,hte_only
3482,feature_0 > 0.058 AND feature_0 > 0.946 AND feature_1 <= 0.743 AND feature_0 > 1.577 AND feature_0 > 2.049 AND feature_1 > 0.008 AND feature_4 > -0.358 AND feature_0 > 2.149 AND feature_1 > 0.316 AND feature_3 <= 0.091,"{'feature_0': (2.149, 4.577), 'feature_1': (0.316, 0.743), 'feature_4': (-0.358, 4.717), 'feature_3': (-4.344, 0.091)}",4,2.949,10,[Pretrained] CF,"[1946, 2936, 2937, 3253, 3393, 3451, 3467, 3473, 3481]",3.484,3.484,NoOve,[Pretrained] CF NoOve,0.015,0,0.015,3768,74,0.0,5,0.5350000000000001,0.0,hte_only
176,feature_0 <= 0.058 AND feature_0 <= -0.982 AND feature_1 <= 0.16 AND feature_0 > -1.716 AND feature_0 <= -1.47 AND feature_1 <= -0.004 AND feature_0 > -1.643 AND feature_2 <= 0.479 AND feature_3 <= 0.842 AND feature_9 > -1.404 AND feature_4 <= -1.043,"{'feature_0': (-1.643, -1.47), 'feature_1': (-4.202, -0.004), 'feature_2': (-4.532, 0.479), 'feature_3': (-4.344, 0.842), 'feature_9': (-1.404, 4.08), 'feature_4': (-4.13, -1.043)}",6,1.202,11,[Pretrained] CF,"[1, 2, 3, 143, 144, 145, 169, 170, 171, 175]",1.136,1.136,Random,[Pretrained] CF Random,0.003,0,0.003,3768,83,0.0,5,0.06600000000000006,0.0,hte_only
194,feature_0 <= 0.058 AND feature_0 <= -0.982 AND feature_1 <= 0.16 AND feature_0 > -1.716 AND feature_0 <= -1.47 AND feature_1 <= -0.004 AND feature_0 > -1.643 AND feature_2 > 0.479 AND feature_6 <= -0.279 AND feature_5 <= 0.634 AND feature_1 <= -0.499,"{'feature_0': (-1.643, -1.47), 'feature_1': (-4.202, -0.499), 'feature_2': (0.479, 4.286), 'feature_6': (-4.852, -0.279), 'feature_5': (-4.895, 0.634)}",5,0.888,11,[Pretrained] CF,"[1, 2, 3, 143, 144, 145, 169, 191, 192, 193]",1.232,1.232,Random,[Pretrained] CF Random,0.003,0,0.003,3768,53,0.0,5,0.344,0.0,hte_only
1486,feature_0 <= 0.058 AND feature_0 > -0.982 AND feature_1 > 0.164 AND feature_1 <= 1.51 AND feature_0 <= -0.397 AND feature_0 > -0.744 AND feature_1 <= 0.765 AND feature_0 <= -0.58 AND feature_1 <= 0.31,"{'feature_0': (-0.744, -0.58), 'feature_1': (0.164, 0.31)}",2,0.423,9,[Pretrained] CF,"[1, 771, 1393, 1394, 1395, 1483, 1484, 1485]",0.163,0.163,Random,[Pretrained] CF Random,0.003,0,0.003,3768,334,0.0,5,0.26,0.0,hte_only
921,feature_0 <= 0.058 AND feature_0 > -0.982 AND feature_1 <= 0.164 AND feature_0 <= -0.216 AND feature_1 <= -0.449 AND feature_1 > -1.153 AND feature_0 > -0.866 AND feature_0 <= -0.404 AND feature_4 > -0.867,"{'feature_0': (-0.866, -0.404), 'feature_1': (-1.153, -0.449), 'feature_4': (-0.867, 4.717)}",3,0.15,9,[Pretrained] CF,"[1, 771, 772, 773, 774, 870, 904, 905]",0.238,0.238,Random,[Pretrained] CF Random,0.003,0,0.003,3768,2473,0.0,5,0.088,0.0,hte_only
3169,feature_0 > 0.058 AND feature_0 > 0.946 AND feature_1 <= 0.743 AND feature_0 <= 1.577 AND feature_1 > 0.104 AND feature_1 <= 0.309 AND feature_0 > 1.409,"{'feature_0': (1.409, 1.577), 'feature_1': (0.104, 0.309)}",2,2.109,7,[Pretrained] CF,"[1946, 2936, 2937, 2938, 3124, 3125]",2.29,2.29,Random,[Pretrained] CF Random,0.003,0,0.003,3768,193,0.0,5,0.18100000000000005,0.0,hte_only
3763,feature_0 > 0.058 AND feature_0 > 0.946 AND feature_1 > 0.743 AND feature_1 > 1.568 AND feature_0 > 1.289 AND feature_0 > 1.832 AND feature_1 > 1.8 AND feature_4 <= 0.223,"{'feature_0': (1.832, 4.577), 'feature_1': (1.8, 4.438), 'feature_4': (-4.13, 0.223)}",3,3.75,8,[Pretrained] CF,"[1946, 2936, 3494, 3694, 3732, 3756, 3762]",4.439,4.47,OptRes,[Pretrained] CF OptRes,0.009,0,0.009,3768,39,0.08115183246073299,5,0.6890000000000001,0.030999999999999694,rest
3768,feature_0 > 0.058 AND feature_0 > 0.946 AND feature_1 > 0.743 AND feature_1 > 1.568 AND feature_0 > 1.289 AND feature_0 > 1.832 AND feature_1 > 1.8 AND feature_4 > 0.223 AND feature_0 > 1.977,"{'feature_0': (1.977, 4.577), 'feature_1': (1.8, 4.438), 'feature_4': (0.223, 4.717)}",3,3.656,9,[Pretrained] CF,"[1946, 2936, 3494, 3694, 3732, 3756, 3762, 3766]",4.679,4.635,OptRes,[Pretrained] CF OptRes,0.009,0,0.009,3768,26,0.04319371727748691,5,1.0230000000000001,0.04400000000000048,rest
3756,feature_0 > 0.058 AND feature_0 > 0.946 AND feature_1 > 0.743 AND feature_1 > 1.568 AND feature_0 > 1.289 AND feature_0 > 1.832,"{'feature_0': (1.832, 4.577), 'feature_1': (1.568, 4.438)}",2,3.61,6,[Pretrained] CF,"[1946, 2936, 3494, 3694, 3732]",4.329,4.334,OptRes,[Pretrained] CF OptRes,0.009,0,0.009,3768,135,0.1793193717277487,5,0.7189999999999999,0.004999999999999893,rest
3759,feature_0 > 0.058 AND feature_0 > 0.946 AND feature_1 > 0.743 AND feature_1 > 1.568 AND feature_0 > 1.289 AND feature_0 > 1.832 AND feature_1 <= 1.8 AND feature_0 > 2.096,"{'feature_0': (2.096, 4.577), 'feature_1': (1.568, 1.8)}",2,3.581,8,[Pretrained] CF,"[1946, 2936, 3494, 3694, 3732, 3756, 3757]",4.389,4.403,OptRes,[Pretrained] CF OptRes,0.009,0,0.009,3768,29,0.0549738219895288,5,0.8080000000000003,0.013999999999999346,rest
3753,feature_0 > 0.058 AND feature_0 > 0.946 AND feature_1 > 0.743 AND feature_1 > 1.568 AND feature_0 > 1.289 AND feature_0 <= 1.832 AND feature_1 > 1.664 AND feature_0 > 1.63 AND feature_2 > -0.178,"{'feature_0': (1.63, 1.832), 'feature_1': (1.664, 4.438), 'feature_2': (-0.178, 4.286)}",3,3.535,9,[Pretrained] CF,"[1946, 2936, 3494, 3694, 3732, 3733, 3737, 3751]",3.93,3.906,OptRes,[Pretrained] CF OptRes,0.009,0,0.009,3768,38,0.0,5,0.395,0.02400000000000002,rest
3768,feature_0 > 0.058 AND feature_0 > 0.946 AND feature_1 > 0.743 AND feature_1 > 1.568 AND feature_0 > 1.289 AND feature_0 > 1.832 AND feature_1 > 1.8 AND feature_4 > 0.223 AND feature_0 > 1.977,"{'feature_0': (1.977, 4.577), 'feature_1': (1.8, 4.438), 'feature_4': (0.223, 4.717)}",3,3.656,9,[Pretrained] CF,"[1946, 2936, 3494, 3694, 3732, 3756, 3762, 3766]",4.679,4.635,ResOve,[Pretrained] CF ResOve,1.045,0,1.045,3768,26,0.0,5,1.0230000000000001,0.04400000000000048,rest
3759,feature_0 > 0.058 AND feature_0 > 0.946 AND feature_1 > 0.743 AND feature_1 > 1.568 AND feature_0 > 1.289 AND feature_0 > 1.832 AND feature_1 <= 1.8 AND feature_0 > 2.096,"{'feature_0': (2.096, 4.577), 'feature_1': (1.568, 1.8)}",2,3.581,8,[Pretrained] CF,"[1946, 2936, 3494, 3694, 3732, 3756, 3757]",4.389,4.403,ResOve,[Pretrained] CF ResOve,1.045,0,1.045,3768,29,0.0,5,0.8080000000000003,0.013999999999999346,rest
3753,feature_0 > 0.058 AND feature_0 > 0.946 AND feature_1 > 0.743 AND feature_1 > 1.568 AND feature_0 > 1.289 AND feature_0 <= 1.832 AND feature_1 > 1.664 AND feature_0 > 1.63 AND feature_2 > -0.178,"{'feature_0': (1.63, 1.832), 'feature_1': (1.664, 4.438), 'feature_2': (-0.178, 4.286)}",3,3.535,9,[Pretrained] CF,"[1946, 2936, 3494, 3694, 3732, 3733, 3737, 3751]",3.93,3.906,ResOve,[Pretrained] CF ResOve,1.045,0,1.045,3768,38,0.0,5,0.395,0.02400000000000002,rest
3764,feature_0 > 0.058 AND feature_0 > 0.946 AND feature_1 > 0.743 AND feature_1 > 1.568 AND feature_0 > 1.289 AND feature_0 > 1.832 AND feature_1 > 1.8 AND feature_4 <= 0.223 AND feature_1 <= 2.183,"{'feature_0': (1.832, 4.577), 'feature_1': (1.8, 2.183), 'feature_4': (-4.13, 0.223)}",3,3.708,9,[Pretrained] CF,"[1946, 2936, 3494, 3694, 3732, 3756, 3762, 3763]",4.231,4.256,ResOve,[Pretrained] CF ResOve,1.045,0,1.045,3768,22,0.14112903225806453,5,0.5229999999999997,0.025000000000000355,rest
3763,feature_0 > 0.058 AND feature_0 > 0.946 AND feature_1 > 0.743 AND feature_1 > 1.568 AND feature_0 > 1.289 AND feature_0 > 1.832 AND feature_1 > 1.8 AND feature_4 <= 0.223,"{'feature_0': (1.832, 4.577), 'feature_1': (1.8, 4.438), 'feature_4': (-4.13, 0.223)}",3,3.75,8,[Pretrained] CF,"[1946, 2936, 3494, 3694, 3732, 3756, 3762]",4.439,4.47,ResOve,[Pretrained] CF ResOve,1.045,0,1.045,3768,39,0.14112903225806453,5,0.6890000000000001,0.030999999999999694,rest
3763,feature_0 > 0.058 AND feature_0 > 0.946 AND feature_1 > 0.743 AND feature_1 > 1.568 AND feature_0 > 1.289 AND feature_0 > 1.832 AND feature_1 > 1.8 AND feature_4 <= 0.223,"{'feature_0': (1.832, 4.577), 'feature_1': (1.8, 4.438), 'feature_4': (-4.13, 0.223)}",3,3.75,8,[Pretrained] CF,"[1946, 2936, 3494, 3694, 3732, 3756, 3762]",4.439,4.47,NoOve,[Pretrained] CF NoOve,0.018,0,0.018,3768,39,0.0,5,0.6890000000000001,0.030999999999999694,rest
3766,feature_0 > 0.058 AND feature_0 > 0.946 AND feature_1 > 0.743 AND feature_1 > 1.568 AND feature_0 > 1.289 AND feature_0 > 1.832 AND feature_1 > 1.8 AND feature_4 > 0.223,"{'feature_0': (1.832, 4.577), 'feature_1': (1.8, 4.438), 'feature_4': (0.223, 4.717)}",3,3.606,8,[Pretrained] CF,"[1946, 2936, 3494, 3694, 3732, 3756, 3762]",4.498,4.465,NoOve,[Pretrained] CF NoOve,0.018,0,0.018,3768,43,0.0,5,0.8920000000000003,0.03300000000000036,rest
3759,feature_0 > 0.058 AND feature_0 > 0.946 AND feature_1 > 0.743 AND feature_1 > 1.568 AND feature_0 > 1.289 AND feature_0 > 1.832 AND feature_1 <= 1.8 AND feature_0 > 2.096,"{'feature_0': (2.096, 4.577), 'feature_1': (1.568, 1.8)}",2,3.581,8,[Pretrained] CF,"[1946, 2936, 3494, 3694, 3732, 3756, 3757]",4.389,4.403,NoOve,[Pretrained] CF NoOve,0.018,0,0.018,3768,29,0.0,5,0.8080000000000003,0.013999999999999346,rest
3751,feature_0 > 0.058 AND feature_0 > 0.946 AND feature_1 > 0.743 AND feature_1 > 1.568 AND feature_0 > 1.289 AND feature_0 <= 1.832 AND feature_1 > 1.664 AND feature_0 > 1.63,"{'feature_0': (1.63, 1.832), 'feature_1': (1.664, 4.438)}",2,3.484,8,[Pretrained] CF,"[1946, 2936, 3494, 3694, 3732, 3733, 3737]",3.913,3.909,NoOve,[Pretrained] CF NoOve,0.018,0,0.018,3768,51,0.0,5,0.4289999999999998,0.0040000000000000036,rest
3758,feature_0 > 0.058 AND feature_0 > 0.946 AND feature_1 > 0.743 AND feature_1 > 1.568 AND feature_0 > 1.289 AND feature_0 > 1.832 AND feature_1 <= 1.8 AND feature_0 <= 2.096,"{'feature_0': (1.832, 2.096), 'feature_1': (1.568, 1.8)}",2,3.399,8,[Pretrained] CF,"[1946, 2936, 3494, 3694, 3732, 3756, 3757]",3.793,3.792,NoOve,[Pretrained] CF NoOve,0.018,0,0.018,3768,24,0.0,5,0.39400000000000013,0.001000000000000334,rest
2113,feature_0 > 0.058 AND feature_0 <= 0.946 AND feature_1 <= 0.771 AND feature_0 <= 0.647 AND feature_1 > -0.652 AND feature_1 <= 0.258 AND feature_0 <= 0.388 AND feature_1 <= -0.058 AND feature_0 <= 0.08 AND feature_4 > 0.142 AND feature_3 > -0.669,"{'feature_0': (0.058, 0.08), 'feature_1': (-0.652, -0.058), 'feature_4': (0.142, 4.717), 'feature_3': (-0.669, 4.384)}",4,0.83,11,[Pretrained] CF,"[1946, 1947, 1948, 1949, 2101, 2102, 2103, 2104, 2105, 2111]",0.609,0.606,Random,[Pretrained] CF Random,0.003,0,0.003,3768,45,0.0,5,0.22099999999999997,0.0030000000000000027,rest
2911,feature_0 > 0.058 AND feature_0 <= 0.946 AND feature_1 > 0.771 AND feature_1 > 1.148 AND feature_0 > 0.438 AND feature_1 > 1.535 AND feature_0 > 0.75,"{'feature_0': (0.75, 0.946), 'feature_1': (1.535, 4.438)}",2,2.779,7,[Pretrained] CF,"[1946, 1947, 2521, 2701, 2809, 2875]",2.953,2.987,Random,[Pretrained] CF Random,0.003,0,0.003,3768,195,0.0,5,0.17399999999999993,0.03400000000000025,rest
1280,feature_0 <= 0.058 AND feature_0 > -0.982 AND feature_1 <= 0.164 AND feature_0 > -0.216 AND feature_1 > -0.913 AND feature_0 <= -0.125 AND feature_1 <= -0.18 AND feature_2 > 0.436 AND feature_1 > -0.556 AND feature_2 > 1.282,"{'feature_0': (-0.216, -0.125), 'feature_1': (-0.556, -0.18), 'feature_2': (1.282, 4.286)}",3,0.396,10,[Pretrained] CF,"[1, 771, 772, 1126, 1234, 1235, 1236, 1262, 1272]",0.355,0.349,Random,[Pretrained] CF Random,0.003,0,0.003,3768,29,0.0,5,0.041000000000000036,0.006000000000000005,rest
925,feature_0 <= 0.058 AND feature_0 > -0.982 AND feature_1 <= 0.164 AND feature_0 <= -0.216 AND feature_1 <= -0.449 AND feature_1 > -1.153 AND feature_0 > -0.866 AND feature_0 <= -0.404 AND feature_4 > -0.867 AND feature_2 <= 1.385 AND feature_0 <= -0.734 AND feature_1 > -0.925,"{'feature_0': (-0.866, -0.734), 'feature_1': (-0.925, -0.449), 'feature_4': (-0.867, 4.717), 'feature_2': (-4.532, 1.385)}",4,0.195,12,[Pretrained] CF,"[1, 771, 772, 773, 774, 870, 904, 905, 921, 922, 923]",0.388,0.388,Random,[Pretrained] CF Random,0.003,0,0.003,3768,276,0.0,5,0.193,0.0,rest
1254,feature_0 <= 0.058 AND feature_0 > -0.982 AND feature_1 <= 0.164 AND feature_0 > -0.216 AND feature_1 > -0.913 AND feature_0 <= -0.125 AND feature_1 <= -0.18 AND feature_2 <= 0.436 AND feature_1 > -0.442 AND feature_8 <= -0.529 AND feature_5 > -0.569,"{'feature_0': (-0.216, -0.125), 'feature_1': (-0.442, -0.18), 'feature_2': (-4.532, 0.436), 'feature_8': (-4.447, -0.529), 'feature_5': (-0.569, 4.284)}",5,0.185,11,[Pretrained] CF,"[1, 771, 772, 1126, 1234, 1235, 1236, 1237, 1251, 1252]",0.375,0.375,Random,[Pretrained] CF Random,0.003,0,0.003,3768,39,0.0,5,0.19,0.0,rest
3763,feature_0 > 0.058 AND feature_0 > 0.946 AND feature_1 > 0.743 AND feature_1 > 1.568 AND feature_0 > 1.289 AND feature_0 > 1.832 AND feature_1 > 1.8 AND feature_4 <= 0.223,"{'feature_0': (1.832, 4.577), 'feature_1': (1.8, 4.438), 'feature_4': (-4.13, 0.223)}",3,3.75,8,[Pretrained] CF,"[1946, 2936, 3494, 3694, 3732, 3756, 3762]",4.439,4.501,OptRes,[Pretrained] CF OptRes,0.009,0,0.009,3768,37,0.08115183246073299,5,0.6890000000000001,0.06200000000000028,all
3768,feature_0 > 0.058 AND feature_0 > 0.946 AND feature_1 > 0.743 AND feature_1 > 1.568 AND feature_0 > 1.289 AND feature_0 > 1.832 AND feature_1 > 1.8 AND feature_4 > 0.223 AND feature_0 > 1.977,"{'feature_0': (1.977, 4.577), 'feature_1': (1.8, 4.438), 'feature_4': (0.223, 4.717)}",3,3.656,9,[Pretrained] CF,"[1946, 2936, 3494, 3694, 3732, 3756, 3762, 3766]",4.679,4.678,OptRes,[Pretrained] CF OptRes,0.009,0,0.009,3768,26,0.04319371727748691,5,1.0230000000000001,0.001000000000000334,all
3756,feature_0 > 0.058 AND feature_0 > 0.946 AND feature_1 > 0.743 AND feature_1 > 1.568 AND feature_0 > 1.289 AND feature_0 > 1.832,"{'feature_0': (1.832, 4.577), 'feature_1': (1.568, 4.438)}",2,3.61,6,[Pretrained] CF,"[1946, 2936, 3494, 3694, 3732]",4.329,4.348,OptRes,[Pretrained] CF OptRes,0.009,0,0.009,3768,136,0.1793193717277487,5,0.7189999999999999,0.019000000000000128,all
3759,feature_0 > 0.058 AND feature_0 > 0.946 AND feature_1 > 0.743 AND feature_1 > 1.568 AND feature_0 > 1.289 AND feature_0 > 1.832 AND feature_1 <= 1.8 AND feature_0 > 2.096,"{'feature_0': (2.096, 4.577), 'feature_1': (1.568, 1.8)}",2,3.581,8,[Pretrained] CF,"[1946, 2936, 3494, 3694, 3732, 3756, 3757]",4.389,4.44,OptRes,[Pretrained] CF OptRes,0.009,0,0.009,3768,31,0.0549738219895288,5,0.8080000000000003,0.051000000000000156,all
3753,feature_0 > 0.058 AND feature_0 > 0.946 AND feature_1 > 0.743 AND feature_1 > 1.568 AND feature_0 > 1.289 AND feature_0 <= 1.832 AND feature_1 > 1.664 AND feature_0 > 1.63 AND feature_2 > -0.178,"{'feature_0': (1.63, 1.832), 'feature_1': (1.664, 4.438), 'feature_2': (-0.178, 4.286)}",3,3.535,9,[Pretrained] CF,"[1946, 2936, 3494, 3694, 3732, 3733, 3737, 3751]",3.93,3.963,OptRes,[Pretrained] CF OptRes,0.009,0,0.009,3768,39,0.0,5,0.395,0.03299999999999992,all
3768,feature_0 > 0.058 AND feature_0 > 0.946 AND feature_1 > 0.743 AND feature_1 > 1.568 AND feature_0 > 1.289 AND feature_0 > 1.832 AND feature_1 > 1.8 AND feature_4 > 0.223 AND feature_0 > 1.977,"{'feature_0': (1.977, 4.577), 'feature_1': (1.8, 4.438), 'feature_4': (0.223, 4.717)}",3,3.656,9,[Pretrained] CF,"[1946, 2936, 3494, 3694, 3732, 3756, 3762, 3766]",4.679,4.678,ResOve,[Pretrained] CF ResOve,1.417,0,1.417,3768,26,0.0,5,1.0230000000000001,0.001000000000000334,all
3758,feature_0 > 0.058 AND feature_0 > 0.946 AND feature_1 > 0.743 AND feature_1 > 1.568 AND feature_0 > 1.289 AND feature_0 > 1.832 AND feature_1 <= 1.8 AND feature_0 <= 2.096,"{'feature_0': (1.832, 2.096), 'feature_1': (1.568, 1.8)}",2,3.399,8,[Pretrained] CF,"[1946, 2936, 3494, 3694, 3732, 3756, 3757]",3.793,3.797,ResOve,[Pretrained] CF ResOve,1.417,0,1.417,3768,27,0.0,5,0.39400000000000013,0.0040000000000000036,all
3763,feature_0 > 0.058 AND feature_0 > 0.946 AND feature_1 > 0.743 AND feature_1 > 1.568 AND feature_0 > 1.289 AND feature_0 > 1.832 AND feature_1 > 1.8 AND feature_4 <= 0.223,"{'feature_0': (1.832, 4.577), 'feature_1': (1.8, 4.438), 'feature_4': (-4.13, 0.223)}",3,3.75,8,[Pretrained] CF,"[1946, 2936, 3494, 3694, 3732, 3756, 3762]",4.439,4.501,ResOve,[Pretrained] CF ResOve,1.417,0,1.417,3768,37,0.0,5,0.6890000000000001,0.06200000000000028,all
3749,feature_0 > 0.058 AND feature_0 > 0.946 AND feature_1 > 0.743 AND feature_1 > 1.568 AND feature_0 > 1.289 AND feature_0 <= 1.832 AND feature_1 > 1.664 AND feature_0 <= 1.63 AND feature_1 > 2.181 AND feature_4 <= -0.008,"{'feature_0': (1.289, 1.63), 'feature_1': (2.181, 4.438), 'feature_4': (-4.13, -0.008)}",3,3.5,10,[Pretrained] CF,"[1946, 2936, 3494, 3694, 3732, 3733, 3737, 3738, 3748]",3.976,3.989,ResOve,[Pretrained] CF ResOve,1.417,0,1.417,3768,25,0.0,5,0.476,0.0129999999999999,all
3750,feature_0 > 0.058 AND feature_0 > 0.946 AND feature_1 > 0.743 AND feature_1 > 1.568 AND feature_0 > 1.289 AND feature_0 <= 1.832 AND feature_1 > 1.664 AND feature_0 <= 1.63 AND feature_1 > 2.181 AND feature_4 > -0.008,"{'feature_0': (1.289, 1.63), 'feature_1': (2.181, 4.438), 'feature_4': (-0.008, 4.717)}",3,3.381,10,[Pretrained] CF,"[1946, 2936, 3494, 3694, 3732, 3733, 3737, 3738, 3748]",4.054,4.039,ResOve,[Pretrained] CF ResOve,1.417,0,1.417,3768,30,0.0,5,0.6730000000000005,0.015000000000000568,all
3763,feature_0 > 0.058 AND feature_0 > 0.946 AND feature_1 > 0.743 AND feature_1 > 1.568 AND feature_0 > 1.289 AND feature_0 > 1.832 AND feature_1 > 1.8 AND feature_4 <= 0.223,"{'feature_0': (1.832, 4.577), 'feature_1': (1.8, 4.438), 'feature_4': (-4.13, 0.223)}",3,3.75,8,[Pretrained] CF,"[1946, 2936, 3494, 3694, 3732, 3756, 3762]",4.439,4.501,NoOve,[Pretrained] CF NoOve,0.018,0,0.018,3768,37,0.0,5,0.6890000000000001,0.06200000000000028,all
3766,feature_0 > 0.058 AND feature_0 > 0.946 AND feature_1 > 0.743 AND feature_1 > 1.568 AND feature_0 > 1.289 AND feature_0 > 1.832 AND feature_1 > 1.8 AND feature_4 > 0.223,"{'feature_0': (1.832, 4.577), 'feature_1': (1.8, 4.438), 'feature_4': (0.223, 4.717)}",3,3.606,8,[Pretrained] CF,"[1946, 2936, 3494, 3694, 3732, 3756, 3762]",4.498,4.503,NoOve,[Pretrained] CF NoOve,0.018,0,0.018,3768,41,0.0,5,0.8920000000000003,0.004999999999999893,all
3759,feature_0 > 0.058 AND feature_0 > 0.946 AND feature_1 > 0.743 AND feature_1 > 1.568 AND feature_0 > 1.289 AND feature_0 > 1.832 AND feature_1 <= 1.8 AND feature_0 > 2.096,"{'feature_0': (2.096, 4.577), 'feature_1': (1.568, 1.8)}",2,3.581,8,[Pretrained] CF,"[1946, 2936, 3494, 3694, 3732, 3756, 3757]",4.389,4.44,NoOve,[Pretrained] CF NoOve,0.018,0,0.018,3768,31,0.0,5,0.8080000000000003,0.051000000000000156,all
3751,feature_0 > 0.058 AND feature_0 > 0.946 AND feature_1 > 0.743 AND feature_1 > 1.568 AND feature_0 > 1.289 AND feature_0 <= 1.832 AND feature_1 > 1.664 AND feature_0 > 1.63,"{'feature_0': (1.63, 1.832), 'feature_1': (1.664, 4.438)}",2,3.484,8,[Pretrained] CF,"[1946, 2936, 3494, 3694, 3732, 3733, 3737]",3.913,3.947,NoOve,[Pretrained] CF NoOve,0.018,0,0.018,3768,58,0.0,5,0.4289999999999998,0.03400000000000025,all
3758,feature_0 > 0.058 AND feature_0 > 0.946 AND feature_1 > 0.743 AND feature_1 > 1.568 AND feature_0 > 1.289 AND feature_0 > 1.832 AND feature_1 <= 1.8 AND feature_0 <= 2.096,"{'feature_0': (1.832, 2.096), 'feature_1': (1.568, 1.8)}",2,3.399,8,[Pretrained] CF,"[1946, 2936, 3494, 3694, 3732, 3756, 3757]",3.793,3.797,NoOve,[Pretrained] CF NoOve,0.018,0,0.018,3768,27,0.0,5,0.39400000000000013,0.0040000000000000036,all
3046,feature_0 > 0.058 AND feature_0 > 0.946 AND feature_1 <= 0.743 AND feature_0 <= 1.577 AND feature_1 <= 0.104 AND feature_0 > 1.253 AND feature_0 <= 1.458 AND feature_1 <= -0.473 AND feature_0 > 1.329 AND feature_7 > -0.078 AND feature_1 <= -1.509 AND feature_1 > -1.84,"{'feature_0': (1.329, 1.458), 'feature_1': (-1.84, -1.509), 'feature_7': (-0.078, 4.28)}",3,1.623,12,[Pretrained] CF,"[1946, 2936, 2937, 2938, 2939, 3023, 3024, 3025, 3037, 3043, 3044]",1.566,1.566,Random,[Pretrained] CF Random,0.003,0,0.003,3768,40,0.0,5,0.05699999999999994,0.0,all
1326,feature_0 <= 0.058 AND feature_0 > -0.982 AND feature_1 <= 0.164 AND feature_0 > -0.216 AND feature_1 > -0.913 AND feature_0 > -0.125 AND feature_1 <= -0.197 AND feature_0 <= 0.019 AND feature_1 > -0.599 AND feature_0 <= -0.1 AND feature_1 <= -0.361,"{'feature_0': (-0.125, -0.1), 'feature_1': (-0.599, -0.361)}",2,0.324,11,[Pretrained] CF,"[1, 771, 772, 1126, 1234, 1308, 1309, 1310, 1324, 1325]",0.372,0.371,Random,[Pretrained] CF Random,0.003,0,0.003,3768,60,0.0,5,0.04799999999999999,0.0010000000000000009,all
86,feature_0 <= 0.058 AND feature_0 <= -0.982 AND feature_1 <= 0.16 AND feature_0 <= -1.716 AND feature_0 > -2.195 AND feature_1 <= -0.008 AND feature_0 <= -1.941 AND feature_1 > -0.415 AND feature_3 <= 0.419 AND feature_5 <= 0.504 AND feature_0 <= -2.0 AND feature_3 <= -0.25,"{'feature_0': (-2.195, -2.0), 'feature_1': (-0.415, -0.008), 'feature_3': (-4.344, -0.25), 'feature_5': (-4.895, 0.504)}",4,1.506,12,[Pretrained] CF,"[1, 2, 3, 4, 58, 59, 60, 82, 83, 84, 85]",1.495,1.484,Random,[Pretrained] CF Random,0.003,0,0.003,3768,27,0.0,5,0.010999999999999899,0.01100000000000012,all
2144,feature_0 > 0.058 AND feature_0 <= 0.946 AND feature_1 <= 0.771 AND feature_0 <= 0.647 AND feature_1 > -0.652 AND feature_1 <= 0.258 AND feature_0 <= 0.388 AND feature_1 > -0.058 AND feature_1 > 0.057 AND feature_7 <= 1.354,"{'feature_0': (0.058, 0.388), 'feature_1': (0.057, 0.258), 'feature_7': (-4.375, 1.354)}",3,0.993,10,[Pretrained] CF,"[1946, 1947, 1948, 1949, 2101, 2102, 2103, 2129, 2143]",0.995,0.992,Random,[Pretrained] CF Random,0.003,0,0.003,3768,631,0.0,5,0.0020000000000000018,0.0030000000000000027,all
2427,feature_0 > 0.058 AND feature_0 <= 0.946 AND feature_1 <= 0.771 AND feature_0 > 0.647 AND feature_1 > 0.108 AND feature_0 <= 0.785,"{'feature_0': (0.647, 0.785), 'feature_1': (0.108, 0.771)}",2,1.331,6,[Pretrained] CF,"[1946, 1947, 1948, 2284, 2426]",1.644,1.642,Random,[Pretrained] CF Random,0.003,0,0.003,3768,737,0.0,5,0.31299999999999994,0.0020000000000000018,all
2928,feature_0 > 0.058 AND feature_0 <= 0.946 AND feature_1 > 0.771 AND feature_1 > 1.148 AND feature_0 > 0.438 AND feature_1 > 1.535 AND feature_0 > 0.75 AND feature_1 > 1.934 AND feature_0 <= 0.844 AND feature_0 > 0.79,"{'feature_0': (0.79, 0.844), 'feature_1': (1.934, 4.438)}",2,2.859,10,[Pretrained] CF,"[1946, 1947, 2521, 2701, 2809, 2875, 2911, 2925, 2926]",3.213,3.213,OptRes,[Pretrained] CF OptRes,0.006,0,0.006,3768,40,0.0,5,0.3540000000000001,0.0,hte_only
2927,feature_0 > 0.058 AND feature_0 <= 0.946 AND feature_1 > 0.771 AND feature_1 > 1.148 AND feature_0 > 0.438 AND feature_1 > 1.535 AND feature_0 > 0.75 AND feature_1 > 1.934 AND feature_0 <= 0.844 AND feature_0 <= 0.79,"{'feature_0': (0.75, 0.79), 'feature_1': (1.934, 4.438)}",2,2.731,10,[Pretrained] CF,"[1946, 1947, 2521, 2701, 2809, 2875, 2911, 2925, 2926]",3.175,3.175,OptRes,[Pretrained] CF OptRes,0.006,0,0.006,3768,29,0.0,5,0.44399999999999995,0.0,hte_only
2915,feature_0 > 0.058 AND feature_0 <= 0.946 AND feature_1 > 0.771 AND feature_1 > 1.148 AND feature_0 > 0.438 AND feature_1 > 1.535 AND feature_0 > 0.75 AND feature_1 <= 1.934 AND feature_0 <= 0.793 AND feature_8 > -0.23,"{'feature_0': (0.75, 0.793), 'feature_1': (1.535, 1.934), 'feature_8': (-0.23, 4.699)}",3,2.653,10,[Pretrained] CF,"[1946, 1947, 2521, 2701, 2809, 2875, 2911, 2912, 2913]",2.682,2.682,OptRes,[Pretrained] CF OptRes,0.006,0,0.006,3768,27,0.0,5,0.028999999999999915,0.0,hte_only
2905,feature_0 > 0.058 AND feature_0 <= 0.946 AND feature_1 > 0.771 AND feature_1 > 1.148 AND feature_0 > 0.438 AND feature_1 > 1.535 AND feature_0 <= 0.75 AND feature_1 > 1.937 AND feature_0 <= 0.658 AND feature_4 > 0.942,"{'feature_0': (0.438, 0.658), 'feature_1': (1.937, 4.438), 'feature_4': (0.942, 4.717)}",3,2.619,10,[Pretrained] CF,"[1946, 1947, 2521, 2701, 2809, 2875, 2876, 2896, 2897]",2.915,2.915,OptRes,[Pretrained] CF OptRes,0.006,0,0.006,3768,33,0.0,5,0.2959999999999998,0.0,hte_only
2909,feature_0 > 0.058 AND feature_0 <= 0.946 AND feature_1 > 0.771 AND feature_1 > 1.148 AND feature_0 > 0.438 AND feature_1 > 1.535 AND feature_0 <= 0.75 AND feature_1 > 1.937 AND feature_0 > 0.658 AND feature_8 <= 0.638 AND feature_2 > -0.104,"{'feature_0': (0.658, 0.75), 'feature_1': (1.937, 4.438), 'feature_8': (-4.447, 0.638), 'feature_2': (-0.104, 4.286)}",4,2.616,11,[Pretrained] CF,"[1946, 1947, 2521, 2701, 2809, 2875, 2876, 2896, 2906, 2907]",3.074,3.074,OptRes,[Pretrained] CF OptRes,0.006,0,0.006,3768,34,0.0,5,0.45799999999999974,0.0,hte_only
2928,feature_0 > 0.058 AND feature_0 <= 0.946 AND feature_1 > 0.771 AND feature_1 > 1.148 AND feature_0 > 0.438 AND feature_1 > 1.535 AND feature_0 > 0.75 AND feature_1 > 1.934 AND feature_0 <= 0.844 AND feature_0 > 0.79,"{'feature_0': (0.79, 0.844), 'feature_1': (1.934, 4.438)}",2,2.859,10,[Pretrained] CF,"[1946, 1947, 2521, 2701, 2809, 2875, 2911, 2925, 2926]",3.213,3.213,ResOve,[Pretrained] CF ResOve,0.693,0,0.693,3768,40,0.0,5,0.3540000000000001,0.0,hte_only
2927,feature_0 > 0.058 AND feature_0 <= 0.946 AND feature_1 > 0.771 AND feature_1 > 1.148 AND feature_0 > 0.438 AND feature_1 > 1.535 AND feature_0 > 0.75 AND feature_1 > 1.934 AND feature_0 <= 0.844 AND feature_0 <= 0.79,"{'feature_0': (0.75, 0.79), 'feature_1': (1.934, 4.438)}",2,2.731,10,[Pretrained] CF,"[1946, 1947, 2521, 2701, 2809, 2875, 2911, 2925, 2926]",3.175,3.175,ResOve,[Pretrained] CF ResOve,0.693,0,0.693,3768,29,0.0,5,0.44399999999999995,0.0,hte_only
2914,feature_0 > 0.058 AND feature_0 <= 0.946 AND feature_1 > 0.771 AND feature_1 > 1.148 AND feature_0 > 0.438 AND feature_1 > 1.535 AND feature_0 > 0.75 AND feature_1 <= 1.934 AND feature_0 <= 0.793 AND feature_8 <= -0.23,"{'feature_0': (0.75, 0.793), 'feature_1': (1.535, 1.934), 'feature_8': (-4.447, -0.23)}",3,2.518,10,[Pretrained] CF,"[1946, 1947, 2521, 2701, 2809, 2875, 2911, 2912, 2913]",2.702,2.702,ResOve,[Pretrained] CF ResOve,0.693,0,0.693,3768,23,0.0,5,0.18400000000000016,0.0,hte_only
2905,feature_0 > 0.058 AND feature_0 <= 0.946 AND feature_1 > 0.771 AND feature_1 > 1.148 AND feature_0 > 0.438 AND feature_1 > 1.535 AND feature_0 <= 0.75 AND feature_1 > 1.937 AND feature_0 <= 0.658 AND feature_4 > 0.942,"{'feature_0': (0.438, 0.658), 'feature_1': (1.937, 4.438), 'feature_4': (0.942, 4.717)}",3,2.619,10,[Pretrained] CF,"[1946, 1947, 2521, 2701, 2809, 2875, 2876, 2896, 2897]",2.915,2.915,ResOve,[Pretrained] CF ResOve,0.693,0,0.693,3768,33,0.0,5,0.2959999999999998,0.0,hte_only
2807,feature_0 > 0.058 AND feature_0 <= 0.946 AND feature_1 > 0.771 AND feature_1 > 1.148 AND feature_0 <= 0.438 AND feature_1 > 1.645 AND feature_4 > 0.694 AND feature_1 > 1.906 AND feature_0 > 0.306 AND feature_3 <= -0.155,"{'feature_0': (0.306, 0.438), 'feature_1': (1.906, 4.438), 'feature_4': (0.694, 4.717), 'feature_3': (-4.344, -0.155)}",4,2.552,10,[Pretrained] CF,"[1946, 1947, 2521, 2701, 2702, 2756, 2796, 2800, 2806]",2.735,2.735,ResOve,[Pretrained] CF ResOve,0.693,0,0.693,3768,27,0.0,5,0.18299999999999983,0.0,hte_only
2928,feature_0 > 0.058 AND feature_0 <= 0.946 AND feature_1 > 0.771 AND feature_1 > 1.148 AND feature_0 > 0.438 AND feature_1 > 1.535 AND feature_0 > 0.75 AND feature_1 > 1.934 AND feature_0 <= 0.844 AND feature_0 > 0.79,"{'feature_0': (0.79, 0.844), 'feature_1': (1.934, 4.438)}",2,2.859,10,[Pretrained] CF,"[1946, 1947, 2521, 2701, 2809, 2875, 2911, 2925, 2926]",3.213,3.213,NoOve,[Pretrained] CF NoOve,0.014,0,0.014,3768,40,0.0,5,0.3540000000000001,0.0,hte_only
2927,feature_0 > 0.058 AND feature_0 <= 0.946 AND feature_1 > 0.771 AND feature_1 > 1.148 AND feature_0 > 0.438 AND feature_1 > 1.535 AND feature_0 > 0.75 AND feature_1 > 1.934 AND feature_0 <= 0.844 AND feature_0 <= 0.79,"{'feature_0': (0.75, 0.79), 'feature_1': (1.934, 4.438)}",2,2.731,10,[Pretrained] CF,"[1946, 1947, 2521, 2701, 2809, 2875, 2911, 2925, 2926]",3.175,3.175,NoOve,[Pretrained] CF NoOve,0.014,0,0.014,3768,29,0.0,5,0.44399999999999995,0.0,hte_only
2915,feature_0 > 0.058 AND feature_0 <= 0.946 AND feature_1 > 0.771 AND feature_1 > 1.148 AND feature_0 > 0.438 AND feature_1 > 1.535 AND feature_0 > 0.75 AND feature_1 <= 1.934 AND feature_0 <= 0.793 AND feature_8 > -0.23,"{'feature_0': (0.75, 0.793), 'feature_1': (1.535, 1.934), 'feature_8': (-0.23, 4.699)}",3,2.653,10,[Pretrained] CF,"[1946, 1947, 2521, 2701, 2809, 2875, 2911, 2912, 2913]",2.682,2.682,NoOve,[Pretrained] CF NoOve,0.014,0,0.014,3768,27,0.0,5,0.028999999999999915,0.0,hte_only
2905,feature_0 > 0.058 AND feature_0 <= 0.946 AND feature_1 > 0.771 AND feature_1 > 1.148 AND feature_0 > 0.438 AND feature_1 > 1.535 AND feature_0 <= 0.75 AND feature_1 > 1.937 AND feature_0 <= 0.658 AND feature_4 > 0.942,"{'feature_0': (0.438, 0.658), 'feature_1': (1.937, 4.438), 'feature_4': (0.942, 4.717)}",3,2.619,10,[Pretrained] CF,"[1946, 1947, 2521, 2701, 2809, 2875, 2876, 2896, 2897]",2.915,2.915,NoOve,[Pretrained] CF NoOve,0.014,0,0.014,3768,33,0.0,5,0.2959999999999998,0.0,hte_only
2907,feature_0 > 0.058 AND feature_0 <= 0.946 AND feature_1 > 0.771 AND feature_1 > 1.148 AND feature_0 > 0.438 AND feature_1 > 1.535 AND feature_0 <= 0.75 AND feature_1 > 1.937 AND feature_0 > 0.658 AND feature_8 <= 0.638,"{'feature_0': (0.658, 0.75), 'feature_1': (1.937, 4.438), 'feature_8': (-4.447, 0.638)}",3,2.561,10,[Pretrained] CF,"[1946, 1947, 2521, 2701, 2809, 2875, 2876, 2896, 2906]",3.095,3.095,NoOve,[Pretrained] CF NoOve,0.014,0,0.014,3768,63,0.0,5,0.5340000000000003,0.0,hte_only
284,feature_0 <= 0.058 AND feature_0 <= -0.982 AND feature_1 <= 0.16 AND feature_0 > -1.716 AND feature_0 > -1.47 AND feature_1 <= -0.027 AND feature_0 <= -1.072 AND feature_2 > 0.635 AND feature_1 > -0.752 AND feature_0 <= -1.375 AND feature_5 > -0.085,"{'feature_0': (-1.47, -1.375), 'feature_1': (-0.752, -0.027), 'feature_2': (0.635, 4.286), 'feature_5': (-0.085, 4.284)}",4,0.848,11,[Pretrained] CF,"[1, 2, 3, 143, 231, 232, 233, 263, 279, 280]",0.897,0.897,Random,[Pretrained] CF Random,0.003,0,0.003,3768,60,0.0,5,0.049000000000000044,0.0,hte_only
2671,feature_0 > 0.058 AND feature_0 <= 0.946 AND feature_1 > 0.771 AND feature_1 <= 1.148 AND feature_0 > 0.542 AND feature_0 <= 0.787 AND feature_1 > 0.955 AND feature_2 > -0.47 AND feature_1 > 1.029 AND feature_0 <= 0.702 AND feature_0 > 0.578 AND feature_1 <= 1.085,"{'feature_0': (0.578, 0.702), 'feature_1': (1.029, 1.085), 'feature_2': (-0.47, 4.286)}",3,1.876,12,[Pretrained] CF,"[1946, 1947, 2521, 2522, 2624, 2625, 2651, 2661, 2667, 2668, 2670]",2.007,2.007,Random,[Pretrained] CF Random,0.003,0,0.003,3768,31,0.0,5,0.13100000000000023,0.0,hte_only
1255,feature_0 <= 0.058 AND feature_0 > -0.982 AND feature_1 <= 0.164 AND feature_0 > -0.216 AND feature_1 > -0.913 AND feature_0 <= -0.125 AND feature_1 <= -0.18 AND feature_2 <= 0.436 AND feature_1 > -0.442 AND feature_8 <= -0.529 AND feature_5 > -0.569 AND feature_7 <= 0.091,"{'feature_0': (-0.216, -0.125), 'feature_1': (-0.442, -0.18), 'feature_2': (-4.532, 0.436), 'feature_8': (-4.447, -0.529), 'feature_5': (-0.569, 4.284), 'feature_7': (-4.375, 0.091)}",6,0.225,12,[Pretrained] CF,"[1, 771, 772, 1126, 1234, 1235, 1236, 1237, 1251, 1252, 1254]",0.381,0.381,Random,[Pretrained] CF Random,0.003,0,0.003,3768,32,0.0,5,0.156,0.0,hte_only
1030,feature_0 <= 0.058 AND feature_0 > -0.982 AND feature_1 <= 0.164 AND feature_0 <= -0.216 AND feature_1 > -0.449 AND feature_0 > -0.769 AND feature_1 <= -0.063,"{'feature_0': (-0.769, -0.216), 'feature_1': (-0.449, -0.063)}",2,0.062,7,[Pretrained] CF,"[1, 771, 772, 773, 963, 1029]",0.093,0.093,Random,[Pretrained] CF Random,0.003,0,0.003,3768,2884,0.0,5,0.031,0.0,hte_only
1859,feature_0 <= 0.058 AND feature_0 > -0.982 AND feature_1 > 0.164 AND feature_1 > 1.51 AND feature_0 > -0.428 AND feature_1 <= 1.75 AND feature_0 <= -0.174 AND feature_1 <= 1.616 AND feature_0 <= -0.317,"{'feature_0': (-0.428, -0.317), 'feature_1': (1.51, 1.616)}",2,1.135,9,[Pretrained] CF,"[1, 771, 1393, 1773, 1855, 1856, 1857, 1858]",1.379,1.379,Random,[Pretrained] CF Random,0.003,0,0.003,3768,46,0.0,5,0.244,0.0,hte_only
3762,feature_0 > 0.058 AND feature_0 > 0.946 AND feature_1 > 0.743 AND feature_1 > 1.568 AND feature_0 > 1.289 AND feature_0 > 1.832 AND feature_1 > 1.8,"{'feature_0': (1.832, 4.577), 'feature_1': (1.8, 4.438)}",2,3.684,7,[Pretrained] CF,"[1946, 2936, 3494, 3694, 3732, 3756]",4.466,4.461,OptRes,[Pretrained] CF OptRes,0.017,0,0.017,3768,40,0.16683319022714854,5,0.782,0.004999999999999893,rest
3766,feature_0 > 0.058 AND feature_0 > 0.946 AND feature_1 > 0.743 AND feature_1 > 1.568 AND feature_0 > 1.289 AND feature_0 > 1.832 AND feature_1 > 1.8 AND feature_4 > 0.223,"{'feature_0': (1.832, 4.577), 'feature_1': (1.8, 4.438), 'feature_4': (0.223, 4.717)}",3,3.606,8,[Pretrained] CF,"[1946, 2936, 3494, 3694, 3732, 3756, 3762]",4.498,4.497,OptRes,[Pretrained] CF OptRes,0.017,0,0.017,3768,27,0.13900554211224728,5,0.8920000000000003,0.001000000000000334,rest
3748,feature_0 > 0.058 AND feature_0 > 0.946 AND feature_1 > 0.743 AND feature_1 > 1.568 AND feature_0 > 1.289 AND feature_0 <= 1.832 AND feature_1 > 1.664 AND feature_0 <= 1.63 AND feature_1 > 2.181,"{'feature_0': (1.289, 1.63), 'feature_1': (2.181, 4.438)}",2,3.437,9,[Pretrained] CF,"[1946, 2936, 3494, 3694, 3732, 3733, 3737, 3738]",4.018,4.008,OptRes,[Pretrained] CF OptRes,0.017,0,0.017,3768,22,0.11925770248538634,5,0.581,0.009999999999999787,rest
3732,feature_0 > 0.058 AND feature_0 > 0.946 AND feature_1 > 0.743 AND feature_1 > 1.568 AND feature_0 > 1.289,"{'feature_0': (1.289, 4.577), 'feature_1': (1.568, 4.438)}",2,3.414,5,[Pretrained] CF,"[1946, 2936, 3494, 3694]",3.883,3.869,OptRes,[Pretrained] CF OptRes,0.017,0,0.017,3768,179,0.2028725314183124,5,0.46899999999999986,0.01399999999999979,rest
3738,feature_0 > 0.058 AND feature_0 > 0.946 AND feature_1 > 0.743 AND feature_1 > 1.568 AND feature_0 > 1.289 AND feature_0 <= 1.832 AND feature_1 > 1.664 AND feature_0 <= 1.63,"{'feature_0': (1.289, 1.63), 'feature_1': (1.664, 4.438)}",2,3.331,8,[Pretrained] CF,"[1946, 2936, 3494, 3694, 3732, 3733, 3737]",3.654,3.615,OptRes,[Pretrained] CF OptRes,0.017,0,0.017,3768,79,0.1811966611927472,5,0.32299999999999995,0.0389999999999997,rest
3766,feature_0 > 0.058 AND feature_0 > 0.946 AND feature_1 > 0.743 AND feature_1 > 1.568 AND feature_0 > 1.289 AND feature_0 > 1.832 AND feature_1 > 1.8 AND feature_4 > 0.223,"{'feature_0': (1.832, 4.577), 'feature_1': (1.8, 4.438), 'feature_4': (0.223, 4.717)}",3,3.606,8,[Pretrained] CF,"[1946, 2936, 3494, 3694, 3732, 3756, 3762]",4.498,4.497,ResOve,[Pretrained] CF ResOve,1.14,0,1.14,3768,27,0.18458911905303893,5,0.8920000000000003,0.001000000000000334,rest
3762,feature_0 > 0.058 AND feature_0 > 0.946 AND feature_1 > 0.743 AND feature_1 > 1.568 AND feature_0 > 1.289 AND feature_0 > 1.832 AND feature_1 > 1.8,"{'feature_0': (1.832, 4.577), 'feature_1': (1.8, 4.438)}",2,3.684,7,[Pretrained] CF,"[1946, 2936, 3494, 3694, 3732, 3756]",4.466,4.461,ResOve,[Pretrained] CF ResOve,1.14,0,1.14,3768,40,0.2657409515137719,5,0.782,0.004999999999999893,rest
3756,feature_0 > 0.058 AND feature_0 > 0.946 AND feature_1 > 0.743 AND feature_1 > 1.568 AND feature_0 > 1.289 AND feature_0 > 1.832,"{'feature_0': (1.832, 4.577), 'feature_1': (1.568, 4.438)}",2,3.61,6,[Pretrained] CF,"[1946, 2936, 3494, 3694, 3732]",4.329,4.393,ResOve,[Pretrained] CF ResOve,1.14,0,1.14,3768,59,0.2198952879581152,5,0.7189999999999999,0.06400000000000006,rest
3748,feature_0 > 0.058 AND feature_0 > 0.946 AND feature_1 > 0.743 AND feature_1 > 1.568 AND feature_0 > 1.289 AND feature_0 <= 1.832 AND feature_1 > 1.664 AND feature_0 <= 1.63 AND feature_1 > 2.181,"{'feature_0': (1.289, 1.63), 'feature_1': (2.181, 4.438)}",2,3.437,9,[Pretrained] CF,"[1946, 2936, 3494, 3694, 3732, 3733, 3737, 3738]",4.018,4.008,ResOve,[Pretrained] CF ResOve,1.14,0,1.14,3768,22,0.0,5,0.581,0.009999999999999787,rest
3739,feature_0 > 0.058 AND feature_0 > 0.946 AND feature_1 > 0.743 AND feature_1 > 1.568 AND feature_0 > 1.289 AND feature_0 <= 1.832 AND feature_1 > 1.664 AND feature_0 <= 1.63 AND feature_1 <= 2.181,"{'feature_0': (1.289, 1.63), 'feature_1': (1.664, 2.181)}",2,3.275,9,[Pretrained] CF,"[1946, 2936, 3494, 3694, 3732, 3733, 3737, 3738]",3.462,3.463,ResOve,[Pretrained] CF ResOve,1.14,0,1.14,3768,57,0.0,5,0.18700000000000028,0.0009999999999998899,rest
3766,feature_0 > 0.058 AND feature_0 > 0.946 AND feature_1 > 0.743 AND feature_1 > 1.568 AND feature_0 > 1.289 AND feature_0 > 1.832 AND feature_1 > 1.8 AND feature_4 > 0.223,"{'feature_0': (1.832, 4.577), 'feature_1': (1.8, 4.438), 'feature_4': (0.223, 4.717)}",3,3.606,8,[Pretrained] CF,"[1946, 2936, 3494, 3694, 3732, 3756, 3762]",4.498,4.497,NoOve,[Pretrained] CF NoOve,0.056,0,0.056,3768,27,0.0,5,0.8920000000000003,0.001000000000000334,rest
3738,feature_0 > 0.058 AND feature_0 > 0.946 AND feature_1 > 0.743 AND feature_1 > 1.568 AND feature_0 > 1.289 AND feature_0 <= 1.832 AND feature_1 > 1.664 AND feature_0 <= 1.63,"{'feature_0': (1.289, 1.63), 'feature_1': (1.664, 4.438)}",2,3.331,8,[Pretrained] CF,"[1946, 2936, 3494, 3694, 3732, 3733, 3737]",3.654,3.615,NoOve,[Pretrained] CF NoOve,0.056,0,0.056,3768,79,0.0,5,0.32299999999999995,0.0389999999999997,rest
3689,feature_0 > 0.058 AND feature_0 > 0.946 AND feature_1 > 0.743 AND feature_1 <= 1.568 AND feature_0 > 1.347 AND feature_1 > 1.049 AND feature_0 > 1.914 AND feature_1 > 1.407,"{'feature_0': (1.914, 4.577), 'feature_1': (1.407, 1.568)}",2,3.209,8,[Pretrained] CF,"[1946, 2936, 3494, 3495, 3589, 3641, 3677]",3.96,4.054,NoOve,[Pretrained] CF NoOve,0.056,0,0.056,3768,32,0.0,5,0.7509999999999999,0.0940000000000003,rest
3723,feature_0 > 0.058 AND feature_0 > 0.946 AND feature_1 > 0.743 AND feature_1 > 1.568 AND feature_0 <= 1.289 AND feature_1 > 1.852 AND feature_0 > 0.995 AND feature_1 > 2.007,"{'feature_0': (0.995, 1.289), 'feature_1': (2.007, 4.438)}",2,3.143,8,[Pretrained] CF,"[1946, 2936, 3494, 3694, 3695, 3713, 3717]",3.591,3.612,NoOve,[Pretrained] CF NoOve,0.056,0,0.056,3768,54,0.0,5,0.4480000000000004,0.020999999999999908,rest
3678,feature_0 > 0.058 AND feature_0 > 0.946 AND feature_1 > 0.743 AND feature_1 <= 1.568 AND feature_0 > 1.347 AND feature_1 > 1.049 AND feature_0 > 1.914 AND feature_1 <= 1.407,"{'feature_0': (1.914, 4.577), 'feature_1': (1.049, 1.407)}",2,3.047,8,[Pretrained] CF,"[1946, 2936, 3494, 3495, 3589, 3641, 3677]",3.802,3.775,NoOve,[Pretrained] CF NoOve,0.056,0,0.056,3768,52,0.0,5,0.7549999999999999,0.027000000000000135,rest
828,feature_0 <= 0.058 AND feature_0 > -0.982 AND feature_1 <= 0.164 AND feature_0 <= -0.216 AND feature_1 <= -0.449 AND feature_1 <= -1.153 AND feature_0 > -0.594 AND feature_2 <= 1.057 AND feature_1 <= -1.395 AND feature_3 <= -0.136 AND feature_2 <= -0.114 AND feature_0 <= -0.406,"{'feature_0': (-0.594, -0.406), 'feature_1': (-4.202, -1.395), 'feature_2': (-4.532, -0.114), 'feature_3': (-4.344, -0.136)}",4,0.363,12,[Pretrained] CF,"[1, 771, 772, 773, 774, 775, 823, 824, 825, 826, 827]",0.354,0.355,Random,[Pretrained] CF Random,0.005,0,0.005,3768,69,0.0,5,0.009000000000000008,0.0010000000000000009,rest
561,feature_0 <= 0.058 AND feature_0 <= -0.982 AND feature_1 > 0.16 AND feature_0 <= -1.389 AND feature_1 > 1.038 AND feature_1 > 1.441 AND feature_0 > -2.016 AND feature_2 <= 1.292 AND feature_1 > 1.739 AND feature_0 <= -1.573 AND feature_2 > -1.124,"{'feature_0': (-2.016, -1.573), 'feature_1': (1.739, 4.438), 'feature_2': (-1.124, 1.292)}",3,0.383,11,[Pretrained] CF,"[1, 2, 380, 381, 493, 531, 545, 546, 558, 559]",0.502,0.392,Random,[Pretrained] CF Random,0.005,0,0.005,3768,24,0.0,5,0.119,0.10999999999999999,rest
551,feature_0 <= 0.058 AND feature_0 <= -0.982 AND feature_1 > 0.16 AND feature_0 <= -1.389 AND feature_1 > 1.038 AND feature_1 > 1.441 AND feature_0 > -2.016 AND feature_2 <= 1.292 AND feature_1 <= 1.739 AND feature_0 <= -1.564 AND feature_2 <= 0.594 AND feature_3 > -0.726,"{'feature_0': (-2.016, -1.564), 'feature_1': (1.441, 1.739), 'feature_2': (-4.532, 0.594), 'feature_3': (-0.726, 4.384)}",4,0.288,12,[Pretrained] CF,"[1, 2, 380, 381, 493, 531, 545, 546, 547, 548, 549]",0.026,0.041,Random,[Pretrained] CF Random,0.005,0,0.005,3768,24,0.0,5,0.26199999999999996,0.015000000000000003,rest
2811,feature_0 > 0.058 AND feature_0 <= 0.946 AND feature_1 > 0.771 AND feature_1 > 1.148 AND feature_0 > 0.438 AND feature_1 <= 1.535 AND feature_0 <= 0.772,"{'feature_0': (0.438, 0.772), 'feature_1': (1.148, 1.535)}",2,2.139,7,[Pretrained] CF,"[1946, 1947, 2521, 2701, 2809, 2810]",2.164,2.155,Random,[Pretrained] CF Random,0.005,0,0.005,3768,233,0.0,5,0.025000000000000355,0.009000000000000341,rest
2988,feature_0 > 0.058 AND feature_0 > 0.946 AND feature_1 <= 0.743 AND feature_0 <= 1.577 AND feature_1 <= 0.104 AND feature_0 <= 1.253 AND feature_1 > -0.454 AND feature_0 <= 1.146 AND feature_2 <= 1.469,"{'feature_0': (0.946, 1.146), 'feature_1': (-0.454, 0.104), 'feature_2': (-4.532, 1.469)}",3,1.545,9,[Pretrained] CF,"[1946, 2936, 2937, 2938, 2939, 2940, 2986, 2987]",1.655,1.65,Random,[Pretrained] CF Random,0.005,0,0.005,3768,329,0.0,5,0.1100000000000001,0.0050000000000001155,rest
3763,feature_0 > 0.058 AND feature_0 > 0.946 AND feature_1 > 0.743 AND feature_1 > 1.568 AND feature_0 > 1.289 AND feature_0 > 1.832 AND feature_1 > 1.8 AND feature_4 <= 0.223,"{'feature_0': (1.832, 4.577), 'feature_1': (1.8, 4.438), 'feature_4': (-4.13, 0.223)}",3,3.75,8,[Pretrained] CF,"[1946, 2936, 3494, 3694, 3732, 3756, 3762]",4.439,4.429,OptRes,[Pretrained] CF OptRes,0.008,0,0.008,3768,29,0.08115183246073299,5,0.6890000000000001,0.009999999999999787,all
3756,feature_0 > 0.058 AND feature_0 > 0.946 AND feature_1 > 0.743 AND feature_1 > 1.568 AND feature_0 > 1.289 AND feature_0 > 1.832,"{'feature_0': (1.832, 4.577), 'feature_1': (1.568, 4.438)}",2,3.61,6,[Pretrained] CF,"[1946, 2936, 3494, 3694, 3732]",4.329,4.327,OptRes,[Pretrained] CF OptRes,0.008,0,0.008,3768,97,0.2054973821989529,5,0.7189999999999999,0.0019999999999997797,all
3766,feature_0 > 0.058 AND feature_0 > 0.946 AND feature_1 > 0.743 AND feature_1 > 1.568 AND feature_0 > 1.289 AND feature_0 > 1.832 AND feature_1 > 1.8 AND feature_4 > 0.223,"{'feature_0': (1.832, 4.577), 'feature_1': (1.8, 4.438), 'feature_4': (0.223, 4.717)}",3,3.606,8,[Pretrained] CF,"[1946, 2936, 3494, 3694, 3732, 3756, 3762]",4.498,4.571,OptRes,[Pretrained] CF OptRes,0.008,0,0.008,3768,26,0.0693717277486911,5,0.8920000000000003,0.07299999999999951,all
3759,feature_0 > 0.058 AND feature_0 > 0.946 AND feature_1 > 0.743 AND feature_1 > 1.568 AND feature_0 > 1.289 AND feature_0 > 1.832 AND feature_1 <= 1.8 AND feature_0 > 2.096,"{'feature_0': (2.096, 4.577), 'feature_1': (1.568, 1.8)}",2,3.581,8,[Pretrained] CF,"[1946, 2936, 3494, 3694, 3732, 3756, 3757]",4.389,4.41,OptRes,[Pretrained] CF OptRes,0.008,0,0.008,3768,21,0.0549738219895288,5,0.8080000000000003,0.020999999999999908,all
3753,feature_0 > 0.058 AND feature_0 > 0.946 AND feature_1 > 0.743 AND feature_1 > 1.568 AND feature_0 > 1.289 AND feature_0 <= 1.832 AND feature_1 > 1.664 AND feature_0 > 1.63 AND feature_2 > -0.178,"{'feature_0': (1.63, 1.832), 'feature_1': (1.664, 4.438), 'feature_2': (-0.178, 4.286)}",3,3.535,9,[Pretrained] CF,"[1946, 2936, 3494, 3694, 3732, 3733, 3737, 3751]",3.93,3.973,OptRes,[Pretrained] CF OptRes,0.008,0,0.008,3768,28,0.0,5,0.395,0.042999999999999705,all
3766,feature_0 > 0.058 AND feature_0 > 0.946 AND feature_1 > 0.743 AND feature_1 > 1.568 AND feature_0 > 1.289 AND feature_0 > 1.832 AND feature_1 > 1.8 AND feature_4 > 0.223,"{'feature_0': (1.832, 4.577), 'feature_1': (1.8, 4.438), 'feature_4': (0.223, 4.717)}",3,3.606,8,[Pretrained] CF,"[1946, 2936, 3494, 3694, 3732, 3756, 3762]",4.498,4.571,ResOve,[Pretrained] CF ResOve,0.931,0,0.931,3768,26,0.11521739130434783,5,0.8920000000000003,0.07299999999999951,all
3763,feature_0 > 0.058 AND feature_0 > 0.946 AND feature_1 > 0.743 AND feature_1 > 1.568 AND feature_0 > 1.289 AND feature_0 > 1.832 AND feature_1 > 1.8 AND feature_4 <= 0.223,"{'feature_0': (1.832, 4.577), 'feature_1': (1.8, 4.438), 'feature_4': (-4.13, 0.223)}",3,3.75,8,[Pretrained] CF,"[1946, 2936, 3494, 3694, 3732, 3756, 3762]",4.439,4.429,ResOve,[Pretrained] CF ResOve,0.931,0,0.931,3768,29,0.13478260869565217,5,0.6890000000000001,0.009999999999999787,all
3753,feature_0 > 0.058 AND feature_0 > 0.946 AND feature_1 > 0.743 AND feature_1 > 1.568 AND feature_0 > 1.289 AND feature_0 <= 1.832 AND feature_1 > 1.664 AND feature_0 > 1.63 AND feature_2 > -0.178,"{'feature_0': (1.63, 1.832), 'feature_1': (1.664, 4.438), 'feature_2': (-0.178, 4.286)}",3,3.535,9,[Pretrained] CF,"[1946, 2936, 3494, 3694, 3732, 3733, 3737, 3751]",3.93,3.973,ResOve,[Pretrained] CF ResOve,0.931,0,0.931,3768,28,0.0,5,0.395,0.042999999999999705,all
3738,feature_0 > 0.058 AND feature_0 > 0.946 AND feature_1 > 0.743 AND feature_1 > 1.568 AND feature_0 > 1.289 AND feature_0 <= 1.832 AND feature_1 > 1.664 AND feature_0 <= 1.63,"{'feature_0': (1.289, 1.63), 'feature_1': (1.664, 4.438)}",2,3.331,8,[Pretrained] CF,"[1946, 2936, 3494, 3694, 3732, 3733, 3737]",3.654,3.68,ResOve,[Pretrained] CF ResOve,0.931,0,0.931,3768,101,0.0,5,0.32299999999999995,0.026000000000000245,all
3762,feature_0 > 0.058 AND feature_0 > 0.946 AND feature_1 > 0.743 AND feature_1 > 1.568 AND feature_0 > 1.289 AND feature_0 > 1.832 AND feature_1 > 1.8,"{'feature_0': (1.832, 4.577), 'feature_1': (1.8, 4.438)}",2,3.684,7,[Pretrained] CF,"[1946, 2936, 3494, 3694, 3732, 3756]",4.466,4.496,ResOve,[Pretrained] CF ResOve,0.931,0,0.931,3768,55,0.25,5,0.782,0.03000000000000025,all
3763,feature_0 > 0.058 AND feature_0 > 0.946 AND feature_1 > 0.743 AND feature_1 > 1.568 AND feature_0 > 1.289 AND feature_0 > 1.832 AND feature_1 > 1.8 AND feature_4 <= 0.223,"{'feature_0': (1.832, 4.577), 'feature_1': (1.8, 4.438), 'feature_4': (-4.13, 0.223)}",3,3.75,8,[Pretrained] CF,"[1946, 2936, 3494, 3694, 3732, 3756, 3762]",4.439,4.429,NoOve,[Pretrained] CF NoOve,0.025,0,0.025,3768,29,0.0,5,0.6890000000000001,0.009999999999999787,all
3766,feature_0 > 0.058 AND feature_0 > 0.946 AND feature_1 > 0.743 AND feature_1 > 1.568 AND feature_0 > 1.289 AND feature_0 > 1.832 AND feature_1 > 1.8 AND feature_4 > 0.223,"{'feature_0': (1.832, 4.577), 'feature_1': (1.8, 4.438), 'feature_4': (0.223, 4.717)}",3,3.606,8,[Pretrained] CF,"[1946, 2936, 3494, 3694, 3732, 3756, 3762]",4.498,4.571,NoOve,[Pretrained] CF NoOve,0.025,0,0.025,3768,26,0.0,5,0.8920000000000003,0.07299999999999951,all
3759,feature_0 > 0.058 AND feature_0 > 0.946 AND feature_1 > 0.743 AND feature_1 > 1.568 AND feature_0 > 1.289 AND feature_0 > 1.832 AND feature_1 <= 1.8 AND feature_0 > 2.096,"{'feature_0': (2.096, 4.577), 'feature_1': (1.568, 1.8)}",2,3.581,8,[Pretrained] CF,"[1946, 2936, 3494, 3694, 3732, 3756, 3757]",4.389,4.41,NoOve,[Pretrained] CF NoOve,0.025,0,0.025,3768,21,0.0,5,0.8080000000000003,0.020999999999999908,all
3751,feature_0 > 0.058 AND feature_0 > 0.946 AND feature_1 > 0.743 AND feature_1 > 1.568 AND feature_0 > 1.289 AND feature_0 <= 1.832 AND feature_1 > 1.664 AND feature_0 > 1.63,"{'feature_0': (1.63, 1.832), 'feature_1': (1.664, 4.438)}",2,3.484,8,[Pretrained] CF,"[1946, 2936, 3494, 3694, 3732, 3733, 3737]",3.913,3.988,NoOve,[Pretrained] CF NoOve,0.025,0,0.025,3768,39,0.0,5,0.4289999999999998,0.07500000000000018,all
3758,feature_0 > 0.058 AND feature_0 > 0.946 AND feature_1 > 0.743 AND feature_1 > 1.568 AND feature_0 > 1.289 AND feature_0 > 1.832 AND feature_1 <= 1.8 AND feature_0 <= 2.096,"{'feature_0': (1.832, 2.096), 'feature_1': (1.568, 1.8)}",2,3.399,8,[Pretrained] CF,"[1946, 2936, 3494, 3694, 3732, 3756, 3757]",3.793,3.802,NoOve,[Pretrained] CF NoOve,0.025,0,0.025,3768,21,0.0,5,0.39400000000000013,0.008999999999999897,all
3198,feature_0 > 0.058 AND feature_0 > 0.946 AND feature_1 <= 0.743 AND feature_0 <= 1.577 AND feature_1 > 0.104 AND feature_1 > 0.309 AND feature_0 <= 1.392 AND feature_3 <= 0.811 AND feature_1 <= 0.583 AND feature_0 > 1.042 AND feature_4 > -0.782 AND feature_0 <= 1.353,"{'feature_0': (1.042, 1.353), 'feature_1': (0.309, 0.583), 'feature_3': (-4.344, 0.811), 'feature_4': (-0.782, 4.717)}",4,2.032,12,[Pretrained] CF,"[1946, 2936, 2937, 2938, 3124, 3182, 3183, 3184, 3185, 3193, 3197]",2.128,2.13,Random,[Pretrained] CF Random,0.017,0,0.017,3768,196,0.0,5,0.09600000000000009,0.0019999999999997797,all
3165,feature_0 > 0.058 AND feature_0 > 0.946 AND feature_1 <= 0.743 AND feature_0 <= 1.577 AND feature_1 > 0.104 AND feature_1 <= 0.309 AND feature_0 <= 1.409 AND feature_0 > 1.212 AND feature_3 > 0.565 AND feature_1 <= 0.193,"{'feature_0': (1.212, 1.409), 'feature_1': (0.104, 0.193), 'feature_3': (0.565, 4.384)}",3,1.95,10,[Pretrained] CF,"[1946, 2936, 2937, 2938, 3124, 3125, 3126, 3148, 3164]",2.085,2.068,Random,[Pretrained] CF Random,0.017,0,0.017,3768,21,0.0,5,0.135,0.016999999999999904,all
1877,feature_0 <= 0.058 AND feature_0 > -0.982 AND feature_1 > 0.164 AND feature_1 > 1.51 AND feature_0 > -0.428 AND feature_1 <= 1.75 AND feature_0 > -0.174 AND feature_1 <= 1.571,"{'feature_0': (-0.174, 0.058), 'feature_1': (1.51, 1.571)}",2,1.522,8,[Pretrained] CF,"[1, 771, 1393, 1773, 1855, 1856, 1876]",1.674,1.662,Random,[Pretrained] CF Random,0.017,0,0.017,3768,34,0.0,5,0.1519999999999999,0.01200000000000001,all
1994,feature_0 > 0.058 AND feature_0 <= 0.946 AND feature_1 <= 0.771 AND feature_0 <= 0.647 AND feature_1 <= -0.652 AND feature_1 <= -1.007 AND feature_0 <= 0.368 AND feature_0 > 0.103 AND feature_1 > -1.444 AND feature_0 > 0.162,"{'feature_0': (0.162, 0.368), 'feature_1': (-1.444, -1.007)}",2,0.69,10,[Pretrained] CF,"[1946, 1947, 1948, 1949, 1950, 1951, 1952, 1972, 1986]",0.527,0.524,Random,[Pretrained] CF Random,0.017,0,0.017,3768,306,0.0,5,0.16299999999999992,0.0030000000000000027,all
654,feature_0 <= 0.058 AND feature_0 <= -0.982 AND feature_1 > 0.16 AND feature_0 > -1.389 AND feature_1 <= 0.835 AND feature_0 > -1.209 AND feature_1 > 0.47 AND feature_0 <= -1.126 AND feature_4 > -0.138,"{'feature_0': (-1.209, -1.126), 'feature_1': (0.47, 0.835), 'feature_4': (-0.138, 4.717)}",3,0.064,9,[Pretrained] CF,"[1, 2, 380, 570, 571, 621, 647, 648]",0.111,0.113,Random,[Pretrained] CF Random,0.017,0,0.017,3768,53,0.0,5,0.047,0.0020000000000000018,all
2807,feature_0 > 0.058 AND feature_0 <= 0.946 AND feature_1 > 0.771 AND feature_1 > 1.148 AND feature_0 <= 0.438 AND feature_1 > 1.645 AND feature_4 > 0.694 AND feature_1 > 1.906 AND feature_0 > 0.306 AND feature_3 <= -0.155,"{'feature_0': (0.306, 0.438), 'feature_1': (1.906, 4.438), 'feature_4': (0.694, 4.717), 'feature_3': (-4.344, -0.155)}",4,2.552,10,[Pretrained] CF,"[1946, 1947, 2521, 2701, 2702, 2756, 2796, 2800, 2806]",2.735,2.735,OptRes,[Pretrained] CF OptRes,0.005,0,0.005,3768,27,0.125,5,0.18299999999999983,0.0,hte_only
10,feature_0 <= 0.058 AND feature_0 <= -0.982 AND feature_1 <= 0.16 AND feature_0 <= -1.716 AND feature_0 <= -2.195 AND feature_1 <= -0.267 AND feature_3 <= -0.36 AND feature_1 <= -0.552 AND feature_2 <= -0.296 AND feature_0 <= -2.59,"{'feature_0': (-4.695, -2.59), 'feature_1': (-4.202, -0.552), 'feature_3': (-4.344, -0.36), 'feature_2': (-4.532, -0.296)}",4,2.477,10,[Pretrained] CF,"[1, 2, 3, 4, 5, 6, 7, 8, 9]",2.72,2.72,OptRes,[Pretrained] CF OptRes,0.005,0,0.005,3768,25,0.0,5,0.24300000000000033,0.0,hte_only
2806,feature_0 > 0.058 AND feature_0 <= 0.946 AND feature_1 > 0.771 AND feature_1 > 1.148 AND feature_0 <= 0.438 AND feature_1 > 1.645 AND feature_4 > 0.694 AND feature_1 > 1.906 AND feature_0 > 0.306,"{'feature_0': (0.306, 0.438), 'feature_1': (1.906, 4.438), 'feature_4': (0.694, 4.717)}",3,2.45,9,[Pretrained] CF,"[1946, 1947, 2521, 2701, 2702, 2756, 2796, 2800]",2.726,2.726,OptRes,[Pretrained] CF OptRes,0.005,0,0.005,3768,54,0.125,5,0.2759999999999998,0.0,hte_only
2795,feature_0 > 0.058 AND feature_0 <= 0.946 AND feature_1 > 0.771 AND feature_1 > 1.148 AND feature_0 <= 0.438 AND feature_1 > 1.645 AND feature_4 <= 0.694 AND feature_1 > 2.032 AND feature_2 > -0.028 AND feature_0 > 0.307 AND feature_0 > 0.361,"{'feature_0': (0.361, 0.438), 'feature_1': (2.032, 4.438), 'feature_4': (-4.13, 0.694), 'feature_2': (-0.028, 4.286)}",4,2.425,11,[Pretrained] CF,"[1946, 1947, 2521, 2701, 2702, 2756, 2757, 2777, 2787, 2793]",2.885,2.885,OptRes,[Pretrained] CF OptRes,0.005,0,0.005,3768,21,0.11931818181818182,5,0.45999999999999996,0.0,hte_only
2793,feature_0 > 0.058 AND feature_0 <= 0.946 AND feature_1 > 0.771 AND feature_1 > 1.148 AND feature_0 <= 0.438 AND feature_1 > 1.645 AND feature_4 <= 0.694 AND feature_1 > 2.032 AND feature_2 > -0.028 AND feature_0 > 0.307,"{'feature_0': (0.307, 0.438), 'feature_1': (2.032, 4.438), 'feature_4': (-4.13, 0.694), 'feature_2': (-0.028, 4.286)}",4,2.362,10,[Pretrained] CF,"[1946, 1947, 2521, 2701, 2702, 2756, 2757, 2777, 2787]",2.819,2.819,OptRes,[Pretrained] CF OptRes,0.005,0,0.005,3768,44,0.11931818181818182,5,0.45699999999999985,0.0,hte_only
10,feature_0 <= 0.058 AND feature_0 <= -0.982 AND feature_1 <= 0.16 AND feature_0 <= -1.716 AND feature_0 <= -2.195 AND feature_1 <= -0.267 AND feature_3 <= -0.36 AND feature_1 <= -0.552 AND feature_2 <= -0.296 AND feature_0 <= -2.59,"{'feature_0': (-4.695, -2.59), 'feature_1': (-4.202, -0.552), 'feature_3': (-4.344, -0.36), 'feature_2': (-4.532, -0.296)}",4,2.477,10,[Pretrained] CF,"[1, 2, 3, 4, 5, 6, 7, 8, 9]",2.72,2.72,ResOve,[Pretrained] CF ResOve,0.582,0,0.582,3768,25,0.0,5,0.24300000000000033,0.0,hte_only
2808,feature_0 > 0.058 AND feature_0 <= 0.946 AND feature_1 > 0.771 AND feature_1 > 1.148 AND feature_0 <= 0.438 AND feature_1 > 1.645 AND feature_4 > 0.694 AND feature_1 > 1.906 AND feature_0 > 0.306 AND feature_3 > -0.155,"{'feature_0': (0.306, 0.438), 'feature_1': (1.906, 4.438), 'feature_4': (0.694, 4.717), 'feature_3': (-0.155, 4.384)}",4,2.347,10,[Pretrained] CF,"[1946, 1947, 2521, 2701, 2702, 2756, 2796, 2800, 2806]",2.718,2.718,ResOve,[Pretrained] CF ResOve,0.582,0,0.582,3768,27,0.0,5,0.371,0.0,hte_only
2807,feature_0 > 0.058 AND feature_0 <= 0.946 AND feature_1 > 0.771 AND feature_1 > 1.148 AND feature_0 <= 0.438 AND feature_1 > 1.645 AND feature_4 > 0.694 AND feature_1 > 1.906 AND feature_0 > 0.306 AND feature_3 <= -0.155,"{'feature_0': (0.306, 0.438), 'feature_1': (1.906, 4.438), 'feature_4': (0.694, 4.717), 'feature_3': (-4.344, -0.155)}",4,2.552,10,[Pretrained] CF,"[1946, 1947, 2521, 2701, 2702, 2756, 2796, 2800, 2806]",2.735,2.735,ResOve,[Pretrained] CF ResOve,0.582,0,0.582,3768,27,0.0,5,0.18299999999999983,0.0,hte_only
2805,feature_0 > 0.058 AND feature_0 <= 0.946 AND feature_1 > 0.771 AND feature_1 > 1.148 AND feature_0 <= 0.438 AND feature_1 > 1.645 AND feature_4 > 0.694 AND feature_1 > 1.906 AND feature_0 <= 0.306 AND feature_2 > 0.05,"{'feature_0': (0.058, 0.306), 'feature_1': (1.906, 4.438), 'feature_4': (0.694, 4.717), 'feature_2': (0.05, 4.286)}",4,2.357,10,[Pretrained] CF,"[1946, 1947, 2521, 2701, 2702, 2756, 2796, 2800, 2801]",2.694,2.694,ResOve,[Pretrained] CF ResOve,0.582,0,0.582,3768,25,0.0,5,0.33699999999999974,0.0,hte_only
2795,feature_0 > 0.058 AND feature_0 <= 0.946 AND feature_1 > 0.771 AND feature_1 > 1.148 AND feature_0 <= 0.438 AND feature_1 > 1.645 AND feature_4 <= 0.694 AND feature_1 > 2.032 AND feature_2 > -0.028 AND feature_0 > 0.307 AND feature_0 > 0.361,"{'feature_0': (0.361, 0.438), 'feature_1': (2.032, 4.438), 'feature_4': (-4.13, 0.694), 'feature_2': (-0.028, 4.286)}",4,2.425,11,[Pretrained] CF,"[1946, 1947, 2521, 2701, 2702, 2756, 2757, 2777, 2787, 2793]",2.885,2.885,ResOve,[Pretrained] CF ResOve,0.582,0,0.582,3768,21,0.0,5,0.45999999999999996,0.0,hte_only
2807,feature_0 > 0.058 AND feature_0 <= 0.946 AND feature_1 > 0.771 AND feature_1 > 1.148 AND feature_0 <= 0.438 AND feature_1 > 1.645 AND feature_4 > 0.694 AND feature_1 > 1.906 AND feature_0 > 0.306 AND feature_3 <= -0.155,"{'feature_0': (0.306, 0.438), 'feature_1': (1.906, 4.438), 'feature_4': (0.694, 4.717), 'feature_3': (-4.344, -0.155)}",4,2.552,10,[Pretrained] CF,"[1946, 1947, 2521, 2701, 2702, 2756, 2796, 2800, 2806]",2.735,2.735,NoOve,[Pretrained] CF NoOve,0.012,0,0.012,3768,27,0.0,5,0.18299999999999983,0.0,hte_only
10,feature_0 <= 0.058 AND feature_0 <= -0.982 AND feature_1 <= 0.16 AND feature_0 <= -1.716 AND feature_0 <= -2.195 AND feature_1 <= -0.267 AND feature_3 <= -0.36 AND feature_1 <= -0.552 AND feature_2 <= -0.296 AND feature_0 <= -2.59,"{'feature_0': (-4.695, -2.59), 'feature_1': (-4.202, -0.552), 'feature_3': (-4.344, -0.36), 'feature_2': (-4.532, -0.296)}",4,2.477,10,[Pretrained] CF,"[1, 2, 3, 4, 5, 6, 7, 8, 9]",2.72,2.72,NoOve,[Pretrained] CF NoOve,0.012,0,0.012,3768,25,0.0,5,0.24300000000000033,0.0,hte_only
2793,feature_0 > 0.058 AND feature_0 <= 0.946 AND feature_1 > 0.771 AND feature_1 > 1.148 AND feature_0 <= 0.438 AND feature_1 > 1.645 AND feature_4 <= 0.694 AND feature_1 > 2.032 AND feature_2 > -0.028 AND feature_0 > 0.307,"{'feature_0': (0.307, 0.438), 'feature_1': (2.032, 4.438), 'feature_4': (-4.13, 0.694), 'feature_2': (-0.028, 4.286)}",4,2.362,10,[Pretrained] CF,"[1946, 1947, 2521, 2701, 2702, 2756, 2757, 2777, 2787]",2.819,2.819,NoOve,[Pretrained] CF NoOve,0.012,0,0.012,3768,44,0.0,5,0.45699999999999985,0.0,hte_only
2805,feature_0 > 0.058 AND feature_0 <= 0.946 AND feature_1 > 0.771 AND feature_1 > 1.148 AND feature_0 <= 0.438 AND feature_1 > 1.645 AND feature_4 > 0.694 AND feature_1 > 1.906 AND feature_0 <= 0.306 AND feature_2 > 0.05,"{'feature_0': (0.058, 0.306), 'feature_1': (1.906, 4.438), 'feature_4': (0.694, 4.717), 'feature_2': (0.05, 4.286)}",4,2.357,10,[Pretrained] CF,"[1946, 1947, 2521, 2701, 2702, 2756, 2796, 2800, 2801]",2.694,2.694,NoOve,[Pretrained] CF NoOve,0.012,0,0.012,3768,25,0.0,5,0.33699999999999974,0.0,hte_only
2808,feature_0 > 0.058 AND feature_0 <= 0.946 AND feature_1 > 0.771 AND feature_1 > 1.148 AND feature_0 <= 0.438 AND feature_1 > 1.645 AND feature_4 > 0.694 AND feature_1 > 1.906 AND feature_0 > 0.306 AND feature_3 > -0.155,"{'feature_0': (0.306, 0.438), 'feature_1': (1.906, 4.438), 'feature_4': (0.694, 4.717), 'feature_3': (-0.155, 4.384)}",4,2.347,10,[Pretrained] CF,"[1946, 1947, 2521, 2701, 2702, 2756, 2796, 2800, 2806]",2.718,2.718,NoOve,[Pretrained] CF NoOve,0.012,0,0.012,3768,27,0.0,5,0.371,0.0,hte_only
1759,feature_0 <= 0.058 AND feature_0 > -0.982 AND feature_1 > 0.164 AND feature_1 <= 1.51 AND feature_0 > -0.397 AND feature_1 > 0.802 AND feature_0 > -0.135 AND feature_1 > 1.147 AND feature_1 <= 1.444 AND feature_0 <= 0.025 AND feature_2 <= -0.868 AND feature_8 > -0.835,"{'feature_0': (-0.135, 0.025), 'feature_1': (1.147, 1.444), 'feature_2': (-4.532, -0.868), 'feature_8': (-0.835, 4.699)}",4,1.361,12,[Pretrained] CF,"[1, 771, 1393, 1394, 1588, 1680, 1728, 1754, 1755, 1756, 1757]",1.467,1.467,Random,[Pretrained] CF Random,0.003,0,0.003,3768,40,0.0,5,0.1060000000000001,0.0,hte_only
92,feature_0 <= 0.058 AND feature_0 <= -0.982 AND feature_1 <= 0.16 AND feature_0 <= -1.716 AND feature_0 > -2.195 AND feature_1 <= -0.008 AND feature_0 <= -1.941 AND feature_1 > -0.415 AND feature_3 > 0.419,"{'feature_0': (-2.195, -1.941), 'feature_1': (-0.415, -0.008), 'feature_3': (0.419, 4.384)}",3,1.268,9,[Pretrained] CF,"[1, 2, 3, 4, 58, 59, 60, 82]",1.466,1.466,Random,[Pretrained] CF Random,0.003,0,0.003,3768,57,0.0,5,0.19799999999999995,0.0,hte_only
1268,feature_0 <= 0.058 AND feature_0 > -0.982 AND feature_1 <= 0.164 AND feature_0 > -0.216 AND feature_1 > -0.913 AND feature_0 <= -0.125 AND feature_1 <= -0.18 AND feature_2 > 0.436 AND feature_1 <= -0.556 AND feature_6 <= 0.962 AND feature_1 > -0.662,"{'feature_0': (-0.216, -0.125), 'feature_1': (-0.662, -0.556), 'feature_2': (0.436, 4.286), 'feature_6': (-4.852, 0.962)}",4,0.254,11,[Pretrained] CF,"[1, 771, 772, 1126, 1234, 1235, 1236, 1262, 1263, 1264]",0.259,0.259,Random,[Pretrained] CF Random,0.003,0,0.003,3768,55,0.0,5,0.0050000000000000044,0.0,hte_only
552,feature_0 <= 0.058 AND feature_0 <= -0.982 AND feature_1 > 0.16 AND feature_0 <= -1.389 AND feature_1 > 1.038 AND feature_1 > 1.441 AND feature_0 > -2.016 AND feature_2 <= 1.292 AND feature_1 <= 1.739 AND feature_0 <= -1.564 AND feature_2 > 0.594,"{'feature_0': (-2.016, -1.564), 'feature_1': (1.441, 1.739), 'feature_2': (0.594, 1.292)}",3,0.095,11,[Pretrained] CF,"[1, 2, 380, 381, 493, 531, 545, 546, 547, 548]",0.023,0.023,Random,[Pretrained] CF Random,0.003,0,0.003,3768,21,0.0,5,0.07200000000000001,0.0,hte_only
405,feature_0 <= 0.058 AND feature_0 <= -0.982 AND feature_1 > 0.16 AND feature_0 <= -1.389 AND feature_1 <= 1.038 AND feature_0 <= -2.119 AND feature_0 > -2.251,"{'feature_0': (-2.251, -2.119), 'feature_1': (0.16, 1.038)}",2,0.691,7,[Pretrained] CF,"[1, 2, 380, 381, 382, 383]",1.187,1.187,Random,[Pretrained] CF Random,0.003,0,0.003,3768,119,0.0,5,0.4960000000000001,0.0,hte_only
3763,feature_0 > 0.058 AND feature_0 > 0.946 AND feature_1 > 0.743 AND feature_1 > 1.568 AND feature_0 > 1.289 AND feature_0 > 1.832 AND feature_1 > 1.8 AND feature_4 <= 0.223,"{'feature_0': (1.832, 4.577), 'feature_1': (1.8, 4.438), 'feature_4': (-4.13, 0.223)}",3,3.75,8,[Pretrained] CF,"[1946, 2936, 3494, 3694, 3732, 3756, 3762]",4.439,4.447,OptRes,[Pretrained] CF OptRes,0.013,0,0.013,3768,26,0.08115183246073299,5,0.6890000000000001,0.008000000000000007,rest
3756,feature_0 > 0.058 AND feature_0 > 0.946 AND feature_1 > 0.743 AND feature_1 > 1.568 AND feature_0 > 1.289 AND feature_0 > 1.832,"{'feature_0': (1.832, 4.577), 'feature_1': (1.568, 4.438)}",2,3.61,6,[Pretrained] CF,"[1946, 2936, 3494, 3694, 3732]",4.329,4.354,OptRes,[Pretrained] CF OptRes,0.013,0,0.013,3768,84,0.25,5,0.7189999999999999,0.025000000000000355,rest
3766,feature_0 > 0.058 AND feature_0 > 0.946 AND feature_1 > 0.743 AND feature_1 > 1.568 AND feature_0 > 1.289 AND feature_0 > 1.832 AND feature_1 > 1.8 AND feature_4 > 0.223,"{'feature_0': (1.832, 4.577), 'feature_1': (1.8, 4.438), 'feature_4': (0.223, 4.717)}",3,3.606,8,[Pretrained] CF,"[1946, 2936, 3494, 3694, 3732, 3756, 3762]",4.498,4.61,OptRes,[Pretrained] CF OptRes,0.013,0,0.013,3768,22,0.0693717277486911,5,0.8920000000000003,0.1120000000000001,rest
3753,feature_0 > 0.058 AND feature_0 > 0.946 AND feature_1 > 0.743 AND feature_1 > 1.568 AND feature_0 > 1.289 AND feature_0 <= 1.832 AND feature_1 > 1.664 AND feature_0 > 1.63 AND feature_2 > -0.178,"{'feature_0': (1.63, 1.832), 'feature_1': (1.664, 4.438), 'feature_2': (-0.178, 4.286)}",3,3.535,9,[Pretrained] CF,"[1946, 2936, 3494, 3694, 3732, 3733, 3737, 3751]",3.93,3.971,OptRes,[Pretrained] CF OptRes,0.013,0,0.013,3768,27,0.0,5,0.395,0.040999999999999925,rest
3757,feature_0 > 0.058 AND feature_0 > 0.946 AND feature_1 > 0.743 AND feature_1 > 1.568 AND feature_0 > 1.289 AND feature_0 > 1.832 AND feature_1 <= 1.8,"{'feature_0': (1.832, 4.577), 'feature_1': (1.568, 1.8)}",2,3.499,7,[Pretrained] CF,"[1946, 2936, 3494, 3694, 3732, 3756]",4.122,4.13,OptRes,[Pretrained] CF OptRes,0.013,0,0.013,3768,36,0.09947643979057591,5,0.6229999999999998,0.008000000000000007,rest
3766,feature_0 > 0.058 AND feature_0 > 0.946 AND feature_1 > 0.743 AND feature_1 > 1.568 AND feature_0 > 1.289 AND feature_0 > 1.832 AND feature_1 > 1.8 AND feature_4 > 0.223,"{'feature_0': (1.832, 4.577), 'feature_1': (1.8, 4.438), 'feature_4': (0.223, 4.717)}",3,3.606,8,[Pretrained] CF,"[1946, 2936, 3494, 3694, 3732, 3756, 3762]",4.498,4.61,ResOve,[Pretrained] CF ResOve,1.134,0,1.134,3768,22,0.0,5,0.8920000000000003,0.1120000000000001,rest
3763,feature_0 > 0.058 AND feature_0 > 0.946 AND feature_1 > 0.743 AND feature_1 > 1.568 AND feature_0 > 1.289 AND feature_0 > 1.832 AND feature_1 > 1.8 AND feature_4 <= 0.223,"{'feature_0': (1.832, 4.577), 'feature_1': (1.8, 4.438), 'feature_4': (-4.13, 0.223)}",3,3.75,8,[Pretrained] CF,"[1946, 2936, 3494, 3694, 3732, 3756, 3762]",4.439,4.447,ResOve,[Pretrained] CF ResOve,1.134,0,1.134,3768,26,0.0,5,0.6890000000000001,0.008000000000000007,rest
3753,feature_0 > 0.058 AND feature_0 > 0.946 AND feature_1 > 0.743 AND feature_1 > 1.568 AND feature_0 > 1.289 AND feature_0 <= 1.832 AND feature_1 > 1.664 AND feature_0 > 1.63 AND feature_2 > -0.178,"{'feature_0': (1.63, 1.832), 'feature_1': (1.664, 4.438), 'feature_2': (-0.178, 4.286)}",3,3.535,9,[Pretrained] CF,"[1946, 2936, 3494, 3694, 3732, 3733, 3737, 3751]",3.93,3.971,ResOve,[Pretrained] CF ResOve,1.134,0,1.134,3768,27,0.0,5,0.395,0.040999999999999925,rest
3748,feature_0 > 0.058 AND feature_0 > 0.946 AND feature_1 > 0.743 AND feature_1 > 1.568 AND feature_0 > 1.289 AND feature_0 <= 1.832 AND feature_1 > 1.664 AND feature_0 <= 1.63 AND feature_1 > 2.181,"{'feature_0': (1.289, 1.63), 'feature_1': (2.181, 4.438)}",2,3.437,9,[Pretrained] CF,"[1946, 2936, 3494, 3694, 3732, 3733, 3737, 3738]",4.018,4.014,ResOve,[Pretrained] CF ResOve,1.134,0,1.134,3768,38,0.0,5,0.581,0.0039999999999995595,rest
3745,feature_0 > 0.058 AND feature_0 > 0.946 AND feature_1 > 0.743 AND feature_1 > 1.568 AND feature_0 > 1.289 AND feature_0 <= 1.832 AND feature_1 > 1.664 AND feature_0 <= 1.63 AND feature_1 <= 2.181 AND feature_2 > 0.102,"{'feature_0': (1.289, 1.63), 'feature_1': (1.664, 2.181), 'feature_2': (0.102, 4.286)}",3,3.341,10,[Pretrained] CF,"[1946, 2936, 3494, 3694, 3732, 3733, 3737, 3738, 3739]",3.458,3.481,ResOve,[Pretrained] CF ResOve,1.134,0,1.134,3768,24,0.0,5,0.11699999999999999,0.022999999999999687,rest
3763,feature_0 > 0.058 AND feature_0 > 0.946 AND feature_1 > 0.743 AND feature_1 > 1.568 AND feature_0 > 1.289 AND feature_0 > 1.832 AND feature_1 > 1.8 AND feature_4 <= 0.223,"{'feature_0': (1.832, 4.577), 'feature_1': (1.8, 4.438), 'feature_4': (-4.13, 0.223)}",3,3.75,8,[Pretrained] CF,"[1946, 2936, 3494, 3694, 3732, 3756, 3762]",4.439,4.447,NoOve,[Pretrained] CF NoOve,0.034,0,0.034,3768,26,0.0,5,0.6890000000000001,0.008000000000000007,rest
3766,feature_0 > 0.058 AND feature_0 > 0.946 AND feature_1 > 0.743 AND feature_1 > 1.568 AND feature_0 > 1.289 AND feature_0 > 1.832 AND feature_1 > 1.8 AND feature_4 > 0.223,"{'feature_0': (1.832, 4.577), 'feature_1': (1.8, 4.438), 'feature_4': (0.223, 4.717)}",3,3.606,8,[Pretrained] CF,"[1946, 2936, 3494, 3694, 3732, 3756, 3762]",4.498,4.61,NoOve,[Pretrained] CF NoOve,0.034,0,0.034,3768,22,0.0,5,0.8920000000000003,0.1120000000000001,rest
3751,feature_0 > 0.058 AND feature_0 > 0.946 AND feature_1 > 0.743 AND feature_1 > 1.568 AND feature_0 > 1.289 AND feature_0 <= 1.832 AND feature_1 > 1.664 AND feature_0 > 1.63,"{'feature_0': (1.63, 1.832), 'feature_1': (1.664, 4.438)}",2,3.484,8,[Pretrained] CF,"[1946, 2936, 3494, 3694, 3732, 3733, 3737]",3.913,4.001,NoOve,[Pretrained] CF NoOve,0.034,0,0.034,3768,36,0.0,5,0.4289999999999998,0.08800000000000052,rest
3738,feature_0 > 0.058 AND feature_0 > 0.946 AND feature_1 > 0.743 AND feature_1 > 1.568 AND feature_0 > 1.289 AND feature_0 <= 1.832 AND feature_1 > 1.664 AND feature_0 <= 1.63,"{'feature_0': (1.289, 1.63), 'feature_1': (1.664, 4.438)}",2,3.331,8,[Pretrained] CF,"[1946, 2936, 3494, 3694, 3732, 3733, 3737]",3.654,3.691,NoOve,[Pretrained] CF NoOve,0.034,0,0.034,3768,96,0.0,5,0.32299999999999995,0.03699999999999992,rest
3689,feature_0 > 0.058 AND feature_0 > 0.946 AND feature_1 > 0.743 AND feature_1 <= 1.568 AND feature_0 > 1.347 AND feature_1 > 1.049 AND feature_0 > 1.914 AND feature_1 > 1.407,"{'feature_0': (1.914, 4.577), 'feature_1': (1.407, 1.568)}",2,3.209,8,[Pretrained] CF,"[1946, 2936, 3494, 3495, 3589, 3641, 3677]",3.96,3.928,NoOve,[Pretrained] CF NoOve,0.034,0,0.034,3768,38,0.0,5,0.7509999999999999,0.03200000000000003,rest
622,feature_0 <= 0.058 AND feature_0 <= -0.982 AND feature_1 > 0.16 AND feature_0 > -1.389 AND feature_1 <= 0.835 AND feature_0 > -1.209 AND feature_1 <= 0.47,"{'feature_0': (-1.209, -0.982), 'feature_1': (0.16, 0.47)}",2,0.036,7,[Pretrained] CF,"[1, 2, 380, 570, 571, 621]",0.225,0.22,Random,[Pretrained] CF Random,0.004,0,0.004,3768,259,0.0,5,0.189,0.0050000000000000044,rest
337,feature_0 <= 0.058 AND feature_0 <= -0.982 AND feature_1 <= 0.16 AND feature_0 > -1.716 AND feature_0 > -1.47 AND feature_1 > -0.027,"{'feature_0': (-1.47, -0.982), 'feature_1': (-0.027, 0.16)}",2,0.483,6,[Pretrained] CF,"[1, 2, 3, 143, 231]",0.473,0.463,Random,[Pretrained] CF Random,0.004,0,0.004,3768,311,0.0,5,0.010000000000000009,0.009999999999999953,rest
1037,feature_0 <= 0.058 AND feature_0 > -0.982 AND feature_1 <= 0.164 AND feature_0 <= -0.216 AND feature_1 > -0.449 AND feature_0 > -0.769 AND feature_1 <= -0.063 AND feature_0 <= -0.398 AND feature_2 <= 1.413 AND feature_4 <= -0.857 AND feature_0 > -0.653,"{'feature_0': (-0.653, -0.398), 'feature_1': (-0.449, -0.063), 'feature_2': (-4.532, 1.413), 'feature_4': (-4.13, -0.857)}",4,0.118,11,[Pretrained] CF,"[1, 771, 772, 773, 963, 1029, 1030, 1031, 1032, 1033]",0.052,0.057,Random,[Pretrained] CF Random,0.004,0,0.004,3768,117,0.0,5,0.066,0.0050000000000000044,rest
2001,feature_0 > 0.058 AND feature_0 <= 0.946 AND feature_1 <= 0.771 AND feature_0 <= 0.647 AND feature_1 <= -0.652 AND feature_1 <= -1.007 AND feature_0 > 0.368,"{'feature_0': (0.368, 0.647), 'feature_1': (-4.202, -1.007)}",2,0.775,7,[Pretrained] CF,"[1946, 1947, 1948, 1949, 1950, 1951]",0.715,0.709,Random,[Pretrained] CF Random,0.004,0,0.004,3768,634,0.0,5,0.06000000000000005,0.006000000000000005,rest
3753,feature_0 > 0.058 AND feature_0 > 0.946 AND feature_1 > 0.743 AND feature_1 > 1.568 AND feature_0 > 1.289 AND feature_0 <= 1.832 AND feature_1 > 1.664 AND feature_0 > 1.63 AND feature_2 > -0.178,"{'feature_0': (1.63, 1.832), 'feature_1': (1.664, 4.438), 'feature_2': (-0.178, 4.286)}",3,3.535,9,[Pretrained] CF,"[1946, 2936, 3494, 3694, 3732, 3733, 3737, 3751]",3.93,3.971,Random,[Pretrained] CF Random,0.004,0,0.004,3768,27,0.0,5,0.395,0.040999999999999925,rest
3763,feature_0 > 0.058 AND feature_0 > 0.946 AND feature_1 > 0.743 AND feature_1 > 1.568 AND feature_0 > 1.289 AND feature_0 > 1.832 AND feature_1 > 1.8 AND feature_4 <= 0.223,"{'feature_0': (1.832, 4.577), 'feature_1': (1.8, 4.438), 'feature_4': (-4.13, 0.223)}",3,3.75,8,[Pretrained] CF,"[1946, 2936, 3494, 3694, 3732, 3756, 3762]",4.439,4.468,OptRes,[Pretrained] CF OptRes,0.009,0,0.009,3768,34,0.08115183246073299,5,0.6890000000000001,0.028999999999999915,all
3756,feature_0 > 0.058 AND feature_0 > 0.946 AND feature_1 > 0.743 AND feature_1 > 1.568 AND feature_0 > 1.289 AND feature_0 > 1.832,"{'feature_0': (1.832, 4.577), 'feature_1': (1.568, 4.438)}",2,3.61,6,[Pretrained] CF,"[1946, 2936, 3494, 3694, 3732]",4.329,4.285,OptRes,[Pretrained] CF OptRes,0.009,0,0.009,3768,93,0.25,5,0.7189999999999999,0.043999999999999595,all
3766,feature_0 > 0.058 AND feature_0 > 0.946 AND feature_1 > 0.743 AND feature_1 > 1.568 AND feature_0 > 1.289 AND feature_0 > 1.832 AND feature_1 > 1.8 AND feature_4 > 0.223,"{'feature_0': (1.832, 4.577), 'feature_1': (1.8, 4.438), 'feature_4': (0.223, 4.717)}",3,3.606,8,[Pretrained] CF,"[1946, 2936, 3494, 3694, 3732, 3756, 3762]",4.498,4.469,OptRes,[Pretrained] CF OptRes,0.009,0,0.009,3768,21,0.0693717277486911,5,0.8920000000000003,0.028999999999999915,all
3753,feature_0 > 0.058 AND feature_0 > 0.946 AND feature_1 > 0.743 AND feature_1 > 1.568 AND feature_0 > 1.289 AND feature_0 <= 1.832 AND feature_1 > 1.664 AND feature_0 > 1.63 AND feature_2 > -0.178,"{'feature_0': (1.63, 1.832), 'feature_1': (1.664, 4.438), 'feature_2': (-0.178, 4.286)}",3,3.535,9,[Pretrained] CF,"[1946, 2936, 3494, 3694, 3732, 3733, 3737, 3751]",3.93,3.935,OptRes,[Pretrained] CF OptRes,0.009,0,0.009,3768,40,0.0,5,0.395,0.004999999999999893,all
3757,feature_0 > 0.058 AND feature_0 > 0.946 AND feature_1 > 0.743 AND feature_1 > 1.568 AND feature_0 > 1.289 AND feature_0 > 1.832 AND feature_1 <= 1.8,"{'feature_0': (1.832, 4.577), 'feature_1': (1.568, 1.8)}",2,3.499,7,[Pretrained] CF,"[1946, 2936, 3494, 3694, 3732, 3756]",4.122,4.02,OptRes,[Pretrained] CF OptRes,0.009,0,0.009,3768,38,0.09947643979057591,5,0.6229999999999998,0.10200000000000031,all
3766,feature_0 > 0.058 AND feature_0 > 0.946 AND feature_1 > 0.743 AND feature_1 > 1.568 AND feature_0 > 1.289 AND feature_0 > 1.832 AND feature_1 > 1.8 AND feature_4 > 0.223,"{'feature_0': (1.832, 4.577), 'feature_1': (1.8, 4.438), 'feature_4': (0.223, 4.717)}",3,3.606,8,[Pretrained] CF,"[1946, 2936, 3494, 3694, 3732, 3756, 3762]",4.498,4.469,ResOve,[Pretrained] CF ResOve,1.098,0,1.098,3768,21,0.0,5,0.8920000000000003,0.028999999999999915,all
3763,feature_0 > 0.058 AND feature_0 > 0.946 AND feature_1 > 0.743 AND feature_1 > 1.568 AND feature_0 > 1.289 AND feature_0 > 1.832 AND feature_1 > 1.8 AND feature_4 <= 0.223,"{'feature_0': (1.832, 4.577), 'feature_1': (1.8, 4.438), 'feature_4': (-4.13, 0.223)}",3,3.75,8,[Pretrained] CF,"[1946, 2936, 3494, 3694, 3732, 3756, 3762]",4.439,4.468,ResOve,[Pretrained] CF ResOve,1.098,0,1.098,3768,34,0.0,5,0.6890000000000001,0.028999999999999915,all
3751,feature_0 > 0.058 AND feature_0 > 0.946 AND feature_1 > 0.743 AND feature_1 > 1.568 AND feature_0 > 1.289 AND feature_0 <= 1.832 AND feature_1 > 1.664 AND feature_0 > 1.63,"{'feature_0': (1.63, 1.832), 'feature_1': (1.664, 4.438)}",2,3.484,8,[Pretrained] CF,"[1946, 2936, 3494, 3694, 3732, 3733, 3737]",3.913,3.935,ResOve,[Pretrained] CF ResOve,1.098,0,1.098,3768,40,0.0,5,0.4289999999999998,0.02200000000000024,all
3748,feature_0 > 0.058 AND feature_0 > 0.946 AND feature_1 > 0.743 AND feature_1 > 1.568 AND feature_0 > 1.289 AND feature_0 <= 1.832 AND feature_1 > 1.664 AND feature_0 <= 1.63 AND feature_1 > 2.181,"{'feature_0': (1.289, 1.63), 'feature_1': (2.181, 4.438)}",2,3.437,9,[Pretrained] CF,"[1946, 2936, 3494, 3694, 3732, 3733, 3737, 3738]",4.018,4.043,ResOve,[Pretrained] CF ResOve,1.098,0,1.098,3768,34,0.0,5,0.581,0.025000000000000355,all
3747,feature_0 > 0.058 AND feature_0 > 0.946 AND feature_1 > 0.743 AND feature_1 > 1.568 AND feature_0 > 1.289 AND feature_0 <= 1.832 AND feature_1 > 1.664 AND feature_0 <= 1.63 AND feature_1 <= 2.181 AND feature_2 > 0.102 AND feature_0 > 1.444,"{'feature_0': (1.444, 1.63), 'feature_1': (1.664, 2.181), 'feature_2': (0.102, 4.286)}",3,3.4,11,[Pretrained] CF,"[1946, 2936, 3494, 3694, 3732, 3733, 3737, 3738, 3739, 3745]",3.568,3.568,ResOve,[Pretrained] CF ResOve,1.098,0,1.098,3768,28,0.0,5,0.16800000000000015,0.0,all
3763,feature_0 > 0.058 AND feature_0 > 0.946 AND feature_1 > 0.743 AND feature_1 > 1.568 AND feature_0 > 1.289 AND feature_0 > 1.832 AND feature_1 > 1.8 AND feature_4 <= 0.223,"{'feature_0': (1.832, 4.577), 'feature_1': (1.8, 4.438), 'feature_4': (-4.13, 0.223)}",3,3.75,8,[Pretrained] CF,"[1946, 2936, 3494, 3694, 3732, 3756, 3762]",4.439,4.468,NoOve,[Pretrained] CF NoOve,0.021,0,0.021,3768,34,0.0,5,0.6890000000000001,0.028999999999999915,all
3766,feature_0 > 0.058 AND feature_0 > 0.946 AND feature_1 > 0.743 AND feature_1 > 1.568 AND feature_0 > 1.289 AND feature_0 > 1.832 AND feature_1 > 1.8 AND feature_4 > 0.223,"{'feature_0': (1.832, 4.577), 'feature_1': (1.8, 4.438), 'feature_4': (0.223, 4.717)}",3,3.606,8,[Pretrained] CF,"[1946, 2936, 3494, 3694, 3732, 3756, 3762]",4.498,4.469,NoOve,[Pretrained] CF NoOve,0.021,0,0.021,3768,21,0.0,5,0.8920000000000003,0.028999999999999915,all
3751,feature_0 > 0.058 AND feature_0 > 0.946 AND feature_1 > 0.743 AND feature_1 > 1.568 AND feature_0 > 1.289 AND feature_0 <= 1.832 AND feature_1 > 1.664 AND feature_0 > 1.63,"{'feature_0': (1.63, 1.832), 'feature_1': (1.664, 4.438)}",2,3.484,8,[Pretrained] CF,"[1946, 2936, 3494, 3694, 3732, 3733, 3737]",3.913,3.935,NoOve,[Pretrained] CF NoOve,0.021,0,0.021,3768,40,0.0,5,0.4289999999999998,0.02200000000000024,all
3758,feature_0 > 0.058 AND feature_0 > 0.946 AND feature_1 > 0.743 AND feature_1 > 1.568 AND feature_0 > 1.289 AND feature_0 > 1.832 AND feature_1 <= 1.8 AND feature_0 <= 2.096,"{'feature_0': (1.832, 2.096), 'feature_1': (1.568, 1.8)}",2,3.399,8,[Pretrained] CF,"[1946, 2936, 3494, 3694, 3732, 3756, 3757]",3.793,3.778,NoOve,[Pretrained] CF NoOve,0.021,0,0.021,3768,22,0.0,5,0.39400000000000013,0.015000000000000124,all
3738,feature_0 > 0.058 AND feature_0 > 0.946 AND feature_1 > 0.743 AND feature_1 > 1.568 AND feature_0 > 1.289 AND feature_0 <= 1.832 AND feature_1 > 1.664 AND feature_0 <= 1.63,"{'feature_0': (1.289, 1.63), 'feature_1': (1.664, 4.438)}",2,3.331,8,[Pretrained] CF,"[1946, 2936, 3494, 3694, 3732, 3733, 3737]",3.654,3.684,NoOve,[Pretrained] CF NoOve,0.021,0,0.021,3768,88,0.0,5,0.32299999999999995,0.03000000000000025,all
3184,feature_0 > 0.058 AND feature_0 > 0.946 AND feature_1 <= 0.743 AND feature_0 <= 1.577 AND feature_1 > 0.104 AND feature_1 > 0.309 AND feature_0 <= 1.392 AND feature_3 <= 0.811,"{'feature_0': (0.946, 1.392), 'feature_1': (0.309, 0.743), 'feature_3': (-4.344, 0.811)}",3,2.031,8,[Pretrained] CF,"[1946, 2936, 2937, 2938, 3124, 3182, 3183]",2.143,2.142,Random,[Pretrained] CF Random,0.004,0,0.004,3768,486,0.0,5,0.11199999999999966,0.0009999999999998899,all
2532,feature_0 > 0.058 AND feature_0 <= 0.946 AND feature_1 > 0.771 AND feature_1 <= 1.148 AND feature_0 <= 0.542 AND feature_1 <= 0.941 AND feature_0 <= 0.132 AND feature_0 > 0.07 AND feature_2 > -0.786 AND feature_0 <= 0.095 AND feature_7 > -0.124,"{'feature_0': (0.07, 0.095), 'feature_1': (0.771, 0.941), 'feature_2': (-0.786, 4.286), 'feature_7': (-0.124, 4.28)}",4,1.294,11,[Pretrained] CF,"[1946, 1947, 2521, 2522, 2523, 2524, 2525, 2527, 2529, 2530]",1.293,1.29,Random,[Pretrained] CF Random,0.004,0,0.004,3768,25,0.0,5,0.001000000000000112,0.0029999999999998916,all
3154,feature_0 > 0.058 AND feature_0 > 0.946 AND feature_1 <= 0.743 AND feature_0 <= 1.577 AND feature_1 > 0.104 AND feature_1 <= 0.309 AND feature_0 <= 1.409 AND feature_0 > 1.212 AND feature_3 <= 0.565 AND feature_8 <= 0.337 AND feature_7 > -0.511,"{'feature_0': (1.212, 1.409), 'feature_1': (0.104, 0.309), 'feature_3': (-4.344, 0.565), 'feature_8': (-4.447, 0.337), 'feature_7': (-0.511, 4.28)}",5,1.867,11,[Pretrained] CF,"[1946, 2936, 2937, 2938, 3124, 3125, 3126, 3148, 3149, 3150]",2.101,2.091,Random,[Pretrained] CF Random,0.004,0,0.004,3768,32,0.0,5,0.23399999999999999,0.009999999999999787,all
3396,feature_0 > 0.058 AND feature_0 > 0.946 AND feature_1 <= 0.743 AND feature_0 > 1.577 AND feature_0 > 2.049 AND feature_1 <= 0.008 AND feature_0 <= 2.265 AND feature_3 <= 0.959,"{'feature_0': (2.049, 2.265), 'feature_1': (-4.202, 0.008), 'feature_3': (-4.344, 0.959)}",3,2.406,8,[Pretrained] CF,"[1946, 2936, 2937, 3253, 3393, 3394, 3395]",2.547,2.553,Random,[Pretrained] CF Random,0.004,0,0.004,3768,174,0.0,5,0.14100000000000001,0.005999999999999783,all
3385,feature_0 > 0.058 AND feature_0 > 0.946 AND feature_1 <= 0.743 AND feature_0 > 1.577 AND feature_0 <= 2.049 AND feature_1 > 0.012 AND feature_2 > -0.247 AND feature_0 > 1.8 AND feature_1 > 0.247 AND feature_4 <= -0.564 AND feature_2 > 0.699,"{'feature_0': (1.8, 2.049), 'feature_1': (0.247, 0.743), 'feature_2': (0.699, 4.286), 'feature_4': (-4.13, -0.564)}",4,2.583,11,[Pretrained] CF,"[1946, 2936, 2937, 3253, 3254, 3328, 3358, 3376, 3382, 3383]",2.869,2.869,Random,[Pretrained] CF Random,0.004,0,0.004,3768,22,0.0,5,0.28600000000000003,0.0,all
3765,feature_0 > 0.058 AND feature_0 > 0.946 AND feature_1 > 0.743 AND feature_1 > 1.568 AND feature_0 > 1.289 AND feature_0 > 1.832 AND feature_1 > 1.8 AND feature_4 <= 0.223 AND feature_1 > 2.183,"{'feature_0': (1.832, 4.577), 'feature_1': (2.183, 4.438), 'feature_4': (-4.13, 0.223)}",3,3.805,9,[Pretrained] CF,"[1946, 2936, 3494, 3694, 3732, 3756, 3762, 3763]",4.709,4.709,OptRes,[Pretrained] CF OptRes,0.009,0,0.009,3768,27,0.14421128187806115,5,0.9039999999999995,0.0,hte_only
3763,feature_0 > 0.058 AND feature_0 > 0.946 AND feature_1 > 0.743 AND feature_1 > 1.568 AND feature_0 > 1.289 AND feature_0 > 1.832 AND feature_1 > 1.8 AND feature_4 <= 0.223,"{'feature_0': (1.832, 4.577), 'feature_1': (1.8, 4.438), 'feature_4': (-4.13, 0.223)}",3,3.75,8,[Pretrained] CF,"[1946, 2936, 3494, 3694, 3732, 3756, 3762]",4.439,4.439,OptRes,[Pretrained] CF OptRes,0.009,0,0.009,3768,62,0.19002280020266848,5,0.6890000000000001,0.0,hte_only
3768,feature_0 > 0.058 AND feature_0 > 0.946 AND feature_1 > 0.743 AND feature_1 > 1.568 AND feature_0 > 1.289 AND feature_0 > 1.832 AND feature_1 > 1.8 AND feature_4 > 0.223 AND feature_0 > 1.977,"{'feature_0': (1.977, 4.577), 'feature_1': (1.8, 4.438), 'feature_4': (0.223, 4.717)}",3,3.656,9,[Pretrained] CF,"[1946, 2936, 3494, 3694, 3732, 3756, 3762, 3766]",4.679,4.679,OptRes,[Pretrained] CF OptRes,0.009,0,0.009,3768,33,0.04319371727748691,5,1.0230000000000001,0.0,hte_only
3760,feature_0 > 0.058 AND feature_0 > 0.946 AND feature_1 > 0.743 AND feature_1 > 1.568 AND feature_0 > 1.289 AND feature_0 > 1.832 AND feature_1 <= 1.8 AND feature_0 > 2.096 AND feature_5 <= -0.017,"{'feature_0': (2.096, 4.577), 'feature_1': (1.568, 1.8), 'feature_5': (-4.895, -0.017)}",3,3.653,9,[Pretrained] CF,"[1946, 2936, 3494, 3694, 3732, 3756, 3757, 3759]",4.31,4.31,OptRes,[Pretrained] CF OptRes,0.009,0,0.009,3768,21,0.0274869109947644,5,0.6569999999999996,0.0,hte_only
3756,feature_0 > 0.058 AND feature_0 > 0.946 AND feature_1 > 0.743 AND feature_1 > 1.568 AND feature_0 > 1.289 AND feature_0 > 1.832,"{'feature_0': (1.832, 4.577), 'feature_1': (1.568, 4.438)}",2,3.61,6,[Pretrained] CF,"[1946, 2936, 3494, 3694, 3732]",4.329,4.329,OptRes,[Pretrained] CF OptRes,0.009,0,0.009,3768,191,0.18717277486910994,5,0.7189999999999999,0.0,hte_only
3768,feature_0 > 0.058 AND feature_0 > 0.946 AND feature_1 > 0.743 AND feature_1 > 1.568 AND feature_0 > 1.289 AND feature_0 > 1.832 AND feature_1 > 1.8 AND feature_4 > 0.223 AND feature_0 > 1.977,"{'feature_0': (1.977, 4.577), 'feature_1': (1.8, 4.438), 'feature_4': (0.223, 4.717)}",3,3.656,9,[Pretrained] CF,"[1946, 2936, 3494, 3694, 3732, 3756, 3762, 3766]",4.679,4.679,ResOve,[Pretrained] CF ResOve,0.366,0,0.366,3768,33,0.0,5,1.0230000000000001,0.0,hte_only
3765,feature_0 > 0.058 AND feature_0 > 0.946 AND feature_1 > 0.743 AND feature_1 > 1.568 AND feature_0 > 1.289 AND feature_0 > 1.832 AND feature_1 > 1.8 AND feature_4 <= 0.223 AND feature_1 > 2.183,"{'feature_0': (1.832, 4.577), 'feature_1': (2.183, 4.438), 'feature_4': (-4.13, 0.223)}",3,3.805,9,[Pretrained] CF,"[1946, 2936, 3494, 3694, 3732, 3756, 3762, 3763]",4.709,4.709,ResOve,[Pretrained] CF ResOve,0.366,0,0.366,3768,27,0.0,5,0.9039999999999995,0.0,hte_only
3764,feature_0 > 0.058 AND feature_0 > 0.946 AND feature_1 > 0.743 AND feature_1 > 1.568 AND feature_0 > 1.289 AND feature_0 > 1.832 AND feature_1 > 1.8 AND feature_4 <= 0.223 AND feature_1 <= 2.183,"{'feature_0': (1.832, 4.577), 'feature_1': (1.8, 2.183), 'feature_4': (-4.13, 0.223)}",3,3.708,9,[Pretrained] CF,"[1946, 2936, 3494, 3694, 3732, 3756, 3762, 3763]",4.231,4.231,ResOve,[Pretrained] CF ResOve,0.366,0,0.366,3768,35,0.0,5,0.5229999999999997,0.0,hte_only
3761,feature_0 > 0.058 AND feature_0 > 0.946 AND feature_1 > 0.743 AND feature_1 > 1.568 AND feature_0 > 1.289 AND feature_0 > 1.832 AND feature_1 <= 1.8 AND feature_0 > 2.096 AND feature_5 > -0.017,"{'feature_0': (2.096, 4.577), 'feature_1': (1.568, 1.8), 'feature_5': (-0.017, 4.284)}",3,3.508,9,[Pretrained] CF,"[1946, 2936, 3494, 3694, 3732, 3756, 3757, 3759]",4.467,4.467,ResOve,[Pretrained] CF ResOve,0.366,0,0.366,3768,21,0.0,5,0.9589999999999996,0.0,hte_only
3753,feature_0 > 0.058 AND feature_0 > 0.946 AND feature_1 > 0.743 AND feature_1 > 1.568 AND feature_0 > 1.289 AND feature_0 <= 1.832 AND feature_1 > 1.664 AND feature_0 > 1.63 AND feature_2 > -0.178,"{'feature_0': (1.63, 1.832), 'feature_1': (1.664, 4.438), 'feature_2': (-0.178, 4.286)}",3,3.535,9,[Pretrained] CF,"[1946, 2936, 3494, 3694, 3732, 3733, 3737, 3751]",3.93,3.93,ResOve,[Pretrained] CF ResOve,0.366,0,0.366,3768,56,0.0,5,0.395,0.0,hte_only
3765,feature_0 > 0.058 AND feature_0 > 0.946 AND feature_1 > 0.743 AND feature_1 > 1.568 AND feature_0 > 1.289 AND feature_0 > 1.832 AND feature_1 > 1.8 AND feature_4 <= 0.223 AND feature_1 > 2.183,"{'feature_0': (1.832, 4.577), 'feature_1': (2.183, 4.438), 'feature_4': (-4.13, 0.223)}",3,3.805,9,[Pretrained] CF,"[1946, 2936, 3494, 3694, 3732, 3756, 3762, 3763]",4.709,4.709,NoOve,[Pretrained] CF NoOve,0.013,0,0.013,3768,27,0.0,5,0.9039999999999995,0.0,hte_only
3764,feature_0 > 0.058 AND feature_0 > 0.946 AND feature_1 > 0.743 AND feature_1 > 1.568 AND feature_0 > 1.289 AND feature_0 > 1.832 AND feature_1 > 1.8 AND feature_4 <= 0.223 AND feature_1 <= 2.183,"{'feature_0': (1.832, 4.577), 'feature_1': (1.8, 2.183), 'feature_4': (-4.13, 0.223)}",3,3.708,9,[Pretrained] CF,"[1946, 2936, 3494, 3694, 3732, 3756, 3762, 3763]",4.231,4.231,NoOve,[Pretrained] CF NoOve,0.013,0,0.013,3768,35,0.0,5,0.5229999999999997,0.0,hte_only
3768,feature_0 > 0.058 AND feature_0 > 0.946 AND feature_1 > 0.743 AND feature_1 > 1.568 AND feature_0 > 1.289 AND feature_0 > 1.832 AND feature_1 > 1.8 AND feature_4 > 0.223 AND feature_0 > 1.977,"{'feature_0': (1.977, 4.577), 'feature_1': (1.8, 4.438), 'feature_4': (0.223, 4.717)}",3,3.656,9,[Pretrained] CF,"[1946, 2936, 3494, 3694, 3732, 3756, 3762, 3766]",4.679,4.679,NoOve,[Pretrained] CF NoOve,0.013,0,0.013,3768,33,0.0,5,1.0230000000000001,0.0,hte_only
3760,feature_0 > 0.058 AND feature_0 > 0.946 AND feature_1 > 0.743 AND feature_1 > 1.568 AND feature_0 > 1.289 AND feature_0 > 1.832 AND feature_1 <= 1.8 AND feature_0 > 2.096 AND feature_5 <= -0.017,"{'feature_0': (2.096, 4.577), 'feature_1': (1.568, 1.8), 'feature_5': (-4.895, -0.017)}",3,3.653,9,[Pretrained] CF,"[1946, 2936, 3494, 3694, 3732, 3756, 3757, 3759]",4.31,4.31,NoOve,[Pretrained] CF NoOve,0.013,0,0.013,3768,21,0.0,5,0.6569999999999996,0.0,hte_only
3753,feature_0 > 0.058 AND feature_0 > 0.946 AND feature_1 > 0.743 AND feature_1 > 1.568 AND feature_0 > 1.289 AND feature_0 <= 1.832 AND feature_1 > 1.664 AND feature_0 > 1.63 AND feature_2 > -0.178,"{'feature_0': (1.63, 1.832), 'feature_1': (1.664, 4.438), 'feature_2': (-0.178, 4.286)}",3,3.535,9,[Pretrained] CF,"[1946, 2936, 3494, 3694, 3732, 3733, 3737, 3751]",3.93,3.93,NoOve,[Pretrained] CF NoOve,0.013,0,0.013,3768,56,0.0,5,0.395,0.0,hte_only
2589,feature_0 > 0.058 AND feature_0 <= 0.946 AND feature_1 > 0.771 AND feature_1 <= 1.148 AND feature_0 <= 0.542 AND feature_1 > 0.941 AND feature_0 > 0.159 AND feature_0 <= 0.387 AND feature_1 <= 1.038,"{'feature_0': (0.159, 0.387), 'feature_1': (0.941, 1.038)}",2,1.683,9,[Pretrained] CF,"[1946, 1947, 2521, 2522, 2523, 2571, 2587, 2588]",1.584,1.584,Random,[Pretrained] CF Random,0.003,0,0.003,3768,219,0.0,5,0.09899999999999998,0.0,hte_only
2744,feature_0 > 0.058 AND feature_0 <= 0.946 AND feature_1 > 0.771 AND feature_1 > 1.148 AND feature_0 <= 0.438 AND feature_1 <= 1.645 AND feature_0 > 0.158 AND feature_1 > 1.492 AND feature_0 <= 0.348,"{'feature_0': (0.158, 0.348), 'feature_1': (1.492, 1.645)}",2,1.981,9,[Pretrained] CF,"[1946, 1947, 2521, 2701, 2702, 2703, 2721, 2743]",2.003,2.003,Random,[Pretrained] CF Random,0.003,0,0.003,3768,139,0.0,5,0.02200000000000002,0.0,hte_only
1565,feature_0 <= 0.058 AND feature_0 > -0.982 AND feature_1 > 0.164 AND feature_1 <= 1.51 AND feature_0 <= -0.397 AND feature_0 > -0.744 AND feature_1 > 0.765 AND feature_0 > -0.568 AND feature_1 <= 1.38 AND feature_3 <= 0.133 AND feature_4 <= -1.058 AND feature_3 <= -0.766,"{'feature_0': (-0.568, -0.397), 'feature_1': (0.765, 1.38), 'feature_3': (-4.344, -0.766), 'feature_4': (-4.13, -1.058)}",4,0.955,12,[Pretrained] CF,"[1, 771, 1393, 1394, 1395, 1483, 1535, 1561, 1562, 1563, 1564]",0.869,0.869,Random,[Pretrained] CF Random,0.003,0,0.003,3768,32,0.0,5,0.08599999999999997,0.0,hte_only
3525,feature_0 > 0.058 AND feature_0 > 0.946 AND feature_1 > 0.743 AND feature_1 <= 1.568 AND feature_0 <= 1.347 AND feature_1 <= 1.012 AND feature_1 > 0.885 AND feature_0 > 1.004 AND feature_8 <= 0.032 AND feature_8 <= -0.926 AND feature_0 > 1.155,"{'feature_0': (1.155, 1.347), 'feature_1': (0.885, 1.012), 'feature_8': (-4.447, -0.926)}",3,2.512,11,[Pretrained] CF,"[1946, 2936, 3494, 3495, 3496, 3497, 3519, 3521, 3522, 3523]",2.54,2.54,Random,[Pretrained] CF Random,0.003,0,0.003,3768,22,0.0,5,0.028000000000000025,0.0,hte_only
691,feature_0 <= 0.058 AND feature_0 <= -0.982 AND feature_1 > 0.16 AND feature_0 > -1.389 AND feature_1 > 0.835 AND feature_1 <= 1.694 AND feature_0 <= -1.251 AND feature_1 <= 1.381 AND feature_0 <= -1.306 AND feature_2 > -0.177 AND feature_1 <= 0.942,"{'feature_0': (-1.389, -1.306), 'feature_1': (0.835, 0.942), 'feature_2': (-0.177, 4.286)}",3,0.058,11,[Pretrained] CF,"[1, 2, 380, 570, 680, 681, 682, 683, 684, 690]",0.097,0.097,Random,[Pretrained] CF Random,0.003,0,0.003,3768,22,0.0,5,0.039,0.0,hte_only
3763,feature_0 > 0.058 AND feature_0 > 0.946 AND feature_1 > 0.743 AND feature_1 > 1.568 AND feature_0 > 1.289 AND feature_0 > 1.832 AND feature_1 > 1.8 AND feature_4 <= 0.223,"{'feature_0': (1.832, 4.577), 'feature_1': (1.8, 4.438), 'feature_4': (-4.13, 0.223)}",3,3.75,8,[Pretrained] CF,"[1946, 2936, 3494, 3694, 3732, 3756, 3762]",4.439,4.411,OptRes,[Pretrained] CF OptRes,0.009,0,0.009,3768,39,0.08115183246073299,5,0.6890000000000001,0.02800000000000047,rest
3756,feature_0 > 0.058 AND feature_0 > 0.946 AND feature_1 > 0.743 AND feature_1 > 1.568 AND feature_0 > 1.289 AND feature_0 > 1.832,"{'feature_0': (1.832, 4.577), 'feature_1': (1.568, 4.438)}",2,3.61,6,[Pretrained] CF,"[1946, 2936, 3494, 3694, 3732]",4.329,4.309,OptRes,[Pretrained] CF OptRes,0.009,0,0.009,3768,110,0.2054973821989529,5,0.7189999999999999,0.019999999999999574,rest
3766,feature_0 > 0.058 AND feature_0 > 0.946 AND feature_1 > 0.743 AND feature_1 > 1.568 AND feature_0 > 1.289 AND feature_0 > 1.832 AND feature_1 > 1.8 AND feature_4 > 0.223,"{'feature_0': (1.832, 4.577), 'feature_1': (1.8, 4.438), 'feature_4': (0.223, 4.717)}",3,3.606,8,[Pretrained] CF,"[1946, 2936, 3494, 3694, 3732, 3756, 3762]",4.498,4.423,OptRes,[Pretrained] CF OptRes,0.009,0,0.009,3768,30,0.0693717277486911,5,0.8920000000000003,0.07500000000000018,rest
3759,feature_0 > 0.058 AND feature_0 > 0.946 AND feature_1 > 0.743 AND feature_1 > 1.568 AND feature_0 > 1.289 AND feature_0 > 1.832 AND feature_1 <= 1.8 AND feature_0 > 2.096,"{'feature_0': (2.096, 4.577), 'feature_1': (1.568, 1.8)}",2,3.581,8,[Pretrained] CF,"[1946, 2936, 3494, 3694, 3732, 3756, 3757]",4.389,4.419,OptRes,[Pretrained] CF OptRes,0.009,0,0.009,3768,22,0.0549738219895288,5,0.8080000000000003,0.02999999999999936,rest
3753,feature_0 > 0.058 AND feature_0 > 0.946 AND feature_1 > 0.743 AND feature_1 > 1.568 AND feature_0 > 1.289 AND feature_0 <= 1.832 AND feature_1 > 1.664 AND feature_0 > 1.63 AND feature_2 > -0.178,"{'feature_0': (1.63, 1.832), 'feature_1': (1.664, 4.438), 'feature_2': (-0.178, 4.286)}",3,3.535,9,[Pretrained] CF,"[1946, 2936, 3494, 3694, 3732, 3733, 3737, 3751]",3.93,3.941,OptRes,[Pretrained] CF OptRes,0.009,0,0.009,3768,24,0.0,5,0.395,0.010999999999999677,rest
3766,feature_0 > 0.058 AND feature_0 > 0.946 AND feature_1 > 0.743 AND feature_1 > 1.568 AND feature_0 > 1.289 AND feature_0 > 1.832 AND feature_1 > 1.8 AND feature_4 > 0.223,"{'feature_0': (1.832, 4.577), 'feature_1': (1.8, 4.438), 'feature_4': (0.223, 4.717)}",3,3.606,8,[Pretrained] CF,"[1946, 2936, 3494, 3694, 3732, 3756, 3762]",4.498,4.423,ResOve,[Pretrained] CF ResOve,1.042,0,1.042,3768,30,0.0,5,0.8920000000000003,0.07500000000000018,rest
3753,feature_0 > 0.058 AND feature_0 > 0.946 AND feature_1 > 0.743 AND feature_1 > 1.568 AND feature_0 > 1.289 AND feature_0 <= 1.832 AND feature_1 > 1.664 AND feature_0 > 1.63 AND feature_2 > -0.178,"{'feature_0': (1.63, 1.832), 'feature_1': (1.664, 4.438), 'feature_2': (-0.178, 4.286)}",3,3.535,9,[Pretrained] CF,"[1946, 2936, 3494, 3694, 3732, 3733, 3737, 3751]",3.93,3.941,ResOve,[Pretrained] CF ResOve,1.042,0,1.042,3768,24,0.0,5,0.395,0.010999999999999677,rest
3764,feature_0 > 0.058 AND feature_0 > 0.946 AND feature_1 > 0.743 AND feature_1 > 1.568 AND feature_0 > 1.289 AND feature_0 > 1.832 AND feature_1 > 1.8 AND feature_4 <= 0.223 AND feature_1 <= 2.183,"{'feature_0': (1.832, 4.577), 'feature_1': (1.8, 2.183), 'feature_4': (-4.13, 0.223)}",3,3.708,9,[Pretrained] CF,"[1946, 2936, 3494, 3694, 3732, 3756, 3762, 3763]",4.231,4.229,ResOve,[Pretrained] CF ResOve,1.042,0,1.042,3768,24,0.14112903225806453,5,0.5229999999999997,0.0019999999999997797,rest
3763,feature_0 > 0.058 AND feature_0 > 0.946 AND feature_1 > 0.743 AND feature_1 > 1.568 AND feature_0 > 1.289 AND feature_0 > 1.832 AND feature_1 > 1.8 AND feature_4 <= 0.223,"{'feature_0': (1.832, 4.577), 'feature_1': (1.8, 4.438), 'feature_4': (-4.13, 0.223)}",3,3.75,8,[Pretrained] CF,"[1946, 2936, 3494, 3694, 3732, 3756, 3762]",4.439,4.411,ResOve,[Pretrained] CF ResOve,1.042,0,1.042,3768,39,0.14112903225806453,5,0.6890000000000001,0.02800000000000047,rest
3759,feature_0 > 0.058 AND feature_0 > 0.946 AND feature_1 > 0.743 AND feature_1 > 1.568 AND feature_0 > 1.289 AND feature_0 > 1.832 AND feature_1 <= 1.8 AND feature_0 > 2.096,"{'feature_0': (2.096, 4.577), 'feature_1': (1.568, 1.8)}",2,3.581,8,[Pretrained] CF,"[1946, 2936, 3494, 3694, 3732, 3756, 3757]",4.389,4.419,ResOve,[Pretrained] CF ResOve,1.042,0,1.042,3768,22,0.0,5,0.8080000000000003,0.02999999999999936,rest
3763,feature_0 > 0.058 AND feature_0 > 0.946 AND feature_1 > 0.743 AND feature_1 > 1.568 AND feature_0 > 1.289 AND feature_0 > 1.832 AND feature_1 > 1.8 AND feature_4 <= 0.223,"{'feature_0': (1.832, 4.577), 'feature_1': (1.8, 4.438), 'feature_4': (-4.13, 0.223)}",3,3.75,8,[Pretrained] CF,"[1946, 2936, 3494, 3694, 3732, 3756, 3762]",4.439,4.411,NoOve,[Pretrained] CF NoOve,0.024,0,0.024,3768,39,0.0,5,0.6890000000000001,0.02800000000000047,rest
3766,feature_0 > 0.058 AND feature_0 > 0.946 AND feature_1 > 0.743 AND feature_1 > 1.568 AND feature_0 > 1.289 AND feature_0 > 1.832 AND feature_1 > 1.8 AND feature_4 > 0.223,"{'feature_0': (1.832, 4.577), 'feature_1': (1.8, 4.438), 'feature_4': (0.223, 4.717)}",3,3.606,8,[Pretrained] CF,"[1946, 2936, 3494, 3694, 3732, 3756, 3762]",4.498,4.423,NoOve,[Pretrained] CF NoOve,0.024,0,0.024,3768,30,0.0,5,0.8920000000000003,0.07500000000000018,rest
3759,feature_0 > 0.058 AND feature_0 > 0.946 AND feature_1 > 0.743 AND feature_1 > 1.568 AND feature_0 > 1.289 AND feature_0 > 1.832 AND feature_1 <= 1.8 AND feature_0 > 2.096,"{'feature_0': (2.096, 4.577), 'feature_1': (1.568, 1.8)}",2,3.581,8,[Pretrained] CF,"[1946, 2936, 3494, 3694, 3732, 3756, 3757]",4.389,4.419,NoOve,[Pretrained] CF NoOve,0.024,0,0.024,3768,22,0.0,5,0.8080000000000003,0.02999999999999936,rest
3751,feature_0 > 0.058 AND feature_0 > 0.946 AND feature_1 > 0.743 AND feature_1 > 1.568 AND feature_0 > 1.289 AND feature_0 <= 1.832 AND feature_1 > 1.664 AND feature_0 > 1.63,"{'feature_0': (1.63, 1.832), 'feature_1': (1.664, 4.438)}",2,3.484,8,[Pretrained] CF,"[1946, 2936, 3494, 3694, 3732, 3733, 3737]",3.913,3.964,NoOve,[Pretrained] CF NoOve,0.024,0,0.024,3768,32,0.0,5,0.4289999999999998,0.051000000000000156,rest
3738,feature_0 > 0.058 AND feature_0 > 0.946 AND feature_1 > 0.743 AND feature_1 > 1.568 AND feature_0 > 1.289 AND feature_0 <= 1.832 AND feature_1 > 1.664 AND feature_0 <= 1.63,"{'feature_0': (1.289, 1.63), 'feature_1': (1.664, 4.438)}",2,3.331,8,[Pretrained] CF,"[1946, 2936, 3494, 3694, 3732, 3733, 3737]",3.654,3.631,NoOve,[Pretrained] CF NoOve,0.024,0,0.024,3768,101,0.0,5,0.32299999999999995,0.02300000000000013,rest
332,feature_0 <= 0.058 AND feature_0 <= -0.982 AND feature_1 <= 0.16 AND feature_0 > -1.716 AND feature_0 > -1.47 AND feature_1 <= -0.027 AND feature_0 > -1.072 AND feature_0 > -1.032 AND feature_1 > -0.277 AND feature_4 > -0.772,"{'feature_0': (-1.032, -0.982), 'feature_1': (-0.277, -0.027), 'feature_4': (-0.772, 4.717)}",3,0.489,10,[Pretrained] CF,"[1, 2, 3, 143, 231, 232, 294, 314, 330]",0.387,0.389,Random,[Pretrained] CF Random,0.017,0,0.017,3768,45,0.0,5,0.10199999999999998,0.0020000000000000018,rest
2341,feature_0 > 0.058 AND feature_0 <= 0.946 AND feature_1 <= 0.771 AND feature_0 > 0.647 AND feature_1 <= 0.108 AND feature_1 <= -0.977 AND feature_0 > 0.775 AND feature_2 <= 0.849 AND feature_0 > 0.838 AND feature_1 > -1.278,"{'feature_0': (0.838, 0.946), 'feature_1': (-1.278, -0.977), 'feature_2': (-4.532, 0.849)}",3,1.245,10,[Pretrained] CF,"[1946, 1947, 1948, 2284, 2285, 2286, 2318, 2319, 2333]",1.173,1.173,Random,[Pretrained] CF Random,0.017,0,0.017,3768,68,0.0,5,0.07200000000000006,0.0,rest
1243,feature_0 <= 0.058 AND feature_0 > -0.982 AND feature_1 <= 0.164 AND feature_0 > -0.216 AND feature_1 > -0.913 AND feature_0 <= -0.125 AND feature_1 <= -0.18 AND feature_2 <= 0.436 AND feature_1 <= -0.442 AND feature_0 <= -0.158 AND feature_2 > -0.37,"{'feature_0': (-0.216, -0.158), 'feature_1': (-0.913, -0.442), 'feature_2': (-0.37, 0.436)}",3,0.139,11,[Pretrained] CF,"[1, 771, 772, 1126, 1234, 1235, 1236, 1237, 1238, 1239]",0.235,0.234,Random,[Pretrained] CF Random,0.017,0,0.017,3768,56,0.0,5,0.09599999999999997,0.0009999999999999731,rest
3515,feature_0 > 0.058 AND feature_0 > 0.946 AND feature_1 > 0.743 AND feature_1 <= 1.568 AND feature_0 <= 1.347 AND feature_1 <= 1.012 AND feature_1 <= 0.885 AND feature_0 > 1.062 AND feature_8 > 0.26 AND feature_3 <= -0.114,"{'feature_0': (1.062, 1.347), 'feature_1': (0.743, 0.885), 'feature_8': (0.26, 4.699), 'feature_3': (-4.344, -0.114)}",4,2.355,10,[Pretrained] CF,"[1946, 2936, 3494, 3495, 3496, 3497, 3498, 3506, 3514]",2.359,2.359,Random,[Pretrained] CF Random,0.017,0,0.017,3768,52,0.0,5,0.0040000000000000036,0.0,rest
1516,feature_0 <= 0.058 AND feature_0 > -0.982 AND feature_1 > 0.164 AND feature_1 <= 1.51 AND feature_0 <= -0.397 AND feature_0 > -0.744 AND feature_1 <= 0.765 AND feature_0 > -0.58 AND feature_1 <= 0.228 AND feature_4 > -0.166 AND feature_3 <= -0.134,"{'feature_0': (-0.58, -0.397), 'feature_1': (0.164, 0.228), 'feature_4': (-0.166, 4.717), 'feature_3': (-4.344, -0.134)}",4,0.497,11,[Pretrained] CF,"[1, 771, 1393, 1394, 1395, 1483, 1484, 1508, 1509, 1515]",0.295,0.295,Random,[Pretrained] CF Random,0.017,0,0.017,3768,34,0.0,5,0.202,0.0,rest
3765,feature_0 > 0.058 AND feature_0 > 0.946 AND feature_1 > 0.743 AND feature_1 > 1.568 AND feature_0 > 1.289 AND feature_0 > 1.832 AND feature_1 > 1.8 AND feature_4 <= 0.223 AND feature_1 > 2.183,"{'feature_0': (1.832, 4.577), 'feature_1': (2.183, 4.438), 'feature_4': (-4.13, 0.223)}",3,3.805,9,[Pretrained] CF,"[1946, 2936, 3494, 3694, 3732, 3756, 3762, 3763]",4.709,4.709,OptRes,[Pretrained] CF OptRes,0.011,0,0.011,3768,27,0.14421128187806115,5,0.9039999999999995,0.0,all
3763,feature_0 > 0.058 AND feature_0 > 0.946 AND feature_1 > 0.743 AND feature_1 > 1.568 AND feature_0 > 1.289 AND feature_0 > 1.832 AND feature_1 > 1.8 AND feature_4 <= 0.223,"{'feature_0': (1.832, 4.577), 'feature_1': (1.8, 4.438), 'feature_4': (-4.13, 0.223)}",3,3.75,8,[Pretrained] CF,"[1946, 2936, 3494, 3694, 3732, 3756, 3762]",4.439,4.439,OptRes,[Pretrained] CF OptRes,0.011,0,0.011,3768,62,0.19002280020266848,5,0.6890000000000001,0.0,all
3768,feature_0 > 0.058 AND feature_0 > 0.946 AND feature_1 > 0.743 AND feature_1 > 1.568 AND feature_0 > 1.289 AND feature_0 > 1.832 AND feature_1 > 1.8 AND feature_4 > 0.223 AND feature_0 > 1.977,"{'feature_0': (1.977, 4.577), 'feature_1': (1.8, 4.438), 'feature_4': (0.223, 4.717)}",3,3.656,9,[Pretrained] CF,"[1946, 2936, 3494, 3694, 3732, 3756, 3762, 3766]",4.679,4.679,OptRes,[Pretrained] CF OptRes,0.011,0,0.011,3768,33,0.04319371727748691,5,1.0230000000000001,0.0,all
3760,feature_0 > 0.058 AND feature_0 > 0.946 AND feature_1 > 0.743 AND feature_1 > 1.568 AND feature_0 > 1.289 AND feature_0 > 1.832 AND feature_1 <= 1.8 AND feature_0 > 2.096 AND feature_5 <= -0.017,"{'feature_0': (2.096, 4.577), 'feature_1': (1.568, 1.8), 'feature_5': (-4.895, -0.017)}",3,3.653,9,[Pretrained] CF,"[1946, 2936, 3494, 3694, 3732, 3756, 3757, 3759]",4.31,4.31,OptRes,[Pretrained] CF OptRes,0.011,0,0.011,3768,21,0.0274869109947644,5,0.6569999999999996,0.0,all
3756,feature_0 > 0.058 AND feature_0 > 0.946 AND feature_1 > 0.743 AND feature_1 > 1.568 AND feature_0 > 1.289 AND feature_0 > 1.832,"{'feature_0': (1.832, 4.577), 'feature_1': (1.568, 4.438)}",2,3.61,6,[Pretrained] CF,"[1946, 2936, 3494, 3694, 3732]",4.329,4.329,OptRes,[Pretrained] CF OptRes,0.011,0,0.011,3768,191,0.18717277486910994,5,0.7189999999999999,0.0,all
3768,feature_0 > 0.058 AND feature_0 > 0.946 AND feature_1 > 0.743 AND feature_1 > 1.568 AND feature_0 > 1.289 AND feature_0 > 1.832 AND feature_1 > 1.8 AND feature_4 > 0.223 AND feature_0 > 1.977,"{'feature_0': (1.977, 4.577), 'feature_1': (1.8, 4.438), 'feature_4': (0.223, 4.717)}",3,3.656,9,[Pretrained] CF,"[1946, 2936, 3494, 3694, 3732, 3756, 3762, 3766]",4.679,4.679,ResOve,[Pretrained] CF ResOve,0.581,0,0.581,3768,33,0.0,5,1.0230000000000001,0.0,all
3765,feature_0 > 0.058 AND feature_0 > 0.946 AND feature_1 > 0.743 AND feature_1 > 1.568 AND feature_0 > 1.289 AND feature_0 > 1.832 AND feature_1 > 1.8 AND feature_4 <= 0.223 AND feature_1 > 2.183,"{'feature_0': (1.832, 4.577), 'feature_1': (2.183, 4.438), 'feature_4': (-4.13, 0.223)}",3,3.805,9,[Pretrained] CF,"[1946, 2936, 3494, 3694, 3732, 3756, 3762, 3763]",4.709,4.709,ResOve,[Pretrained] CF ResOve,0.581,0,0.581,3768,27,0.0,5,0.9039999999999995,0.0,all
3764,feature_0 > 0.058 AND feature_0 > 0.946 AND feature_1 > 0.743 AND feature_1 > 1.568 AND feature_0 > 1.289 AND feature_0 > 1.832 AND feature_1 > 1.8 AND feature_4 <= 0.223 AND feature_1 <= 2.183,"{'feature_0': (1.832, 4.577), 'feature_1': (1.8, 2.183), 'feature_4': (-4.13, 0.223)}",3,3.708,9,[Pretrained] CF,"[1946, 2936, 3494, 3694, 3732, 3756, 3762, 3763]",4.231,4.231,ResOve,[Pretrained] CF ResOve,0.581,0,0.581,3768,35,0.0,5,0.5229999999999997,0.0,all
3753,feature_0 > 0.058 AND feature_0 > 0.946 AND feature_1 > 0.743 AND feature_1 > 1.568 AND feature_0 > 1.289 AND feature_0 <= 1.832 AND feature_1 > 1.664 AND feature_0 > 1.63 AND feature_2 > -0.178,"{'feature_0': (1.63, 1.832), 'feature_1': (1.664, 4.438), 'feature_2': (-0.178, 4.286)}",3,3.535,9,[Pretrained] CF,"[1946, 2936, 3494, 3694, 3732, 3733, 3737, 3751]",3.93,3.93,ResOve,[Pretrained] CF ResOve,0.581,0,0.581,3768,56,0.0,5,0.395,0.0,all
3761,feature_0 > 0.058 AND feature_0 > 0.946 AND feature_1 > 0.743 AND feature_1 > 1.568 AND feature_0 > 1.289 AND feature_0 > 1.832 AND feature_1 <= 1.8 AND feature_0 > 2.096 AND feature_5 > -0.017,"{'feature_0': (2.096, 4.577), 'feature_1': (1.568, 1.8), 'feature_5': (-0.017, 4.284)}",3,3.508,9,[Pretrained] CF,"[1946, 2936, 3494, 3694, 3732, 3756, 3757, 3759]",4.467,4.467,ResOve,[Pretrained] CF ResOve,0.581,0,0.581,3768,21,0.0,5,0.9589999999999996,0.0,all
3765,feature_0 > 0.058 AND feature_0 > 0.946 AND feature_1 > 0.743 AND feature_1 > 1.568 AND feature_0 > 1.289 AND feature_0 > 1.832 AND feature_1 > 1.8 AND feature_4 <= 0.223 AND feature_1 > 2.183,"{'feature_0': (1.832, 4.577), 'feature_1': (2.183, 4.438), 'feature_4': (-4.13, 0.223)}",3,3.805,9,[Pretrained] CF,"[1946, 2936, 3494, 3694, 3732, 3756, 3762, 3763]",4.709,4.709,NoOve,[Pretrained] CF NoOve,0.014,0,0.014,3768,27,0.0,5,0.9039999999999995,0.0,all
3764,feature_0 > 0.058 AND feature_0 > 0.946 AND feature_1 > 0.743 AND feature_1 > 1.568 AND feature_0 > 1.289 AND feature_0 > 1.832 AND feature_1 > 1.8 AND feature_4 <= 0.223 AND feature_1 <= 2.183,"{'feature_0': (1.832, 4.577), 'feature_1': (1.8, 2.183), 'feature_4': (-4.13, 0.223)}",3,3.708,9,[Pretrained] CF,"[1946, 2936, 3494, 3694, 3732, 3756, 3762, 3763]",4.231,4.231,NoOve,[Pretrained] CF NoOve,0.014,0,0.014,3768,35,0.0,5,0.5229999999999997,0.0,all
3768,feature_0 > 0.058 AND feature_0 > 0.946 AND feature_1 > 0.743 AND feature_1 > 1.568 AND feature_0 > 1.289 AND feature_0 > 1.832 AND feature_1 > 1.8 AND feature_4 > 0.223 AND feature_0 > 1.977,"{'feature_0': (1.977, 4.577), 'feature_1': (1.8, 4.438), 'feature_4': (0.223, 4.717)}",3,3.656,9,[Pretrained] CF,"[1946, 2936, 3494, 3694, 3732, 3756, 3762, 3766]",4.679,4.679,NoOve,[Pretrained] CF NoOve,0.014,0,0.014,3768,33,0.0,5,1.0230000000000001,0.0,all
3760,feature_0 > 0.058 AND feature_0 > 0.946 AND feature_1 > 0.743 AND feature_1 > 1.568 AND feature_0 > 1.289 AND feature_0 > 1.832 AND feature_1 <= 1.8 AND feature_0 > 2.096 AND feature_5 <= -0.017,"{'feature_0': (2.096, 4.577), 'feature_1': (1.568, 1.8), 'feature_5': (-4.895, -0.017)}",3,3.653,9,[Pretrained] CF,"[1946, 2936, 3494, 3694, 3732, 3756, 3757, 3759]",4.31,4.31,NoOve,[Pretrained] CF NoOve,0.014,0,0.014,3768,21,0.0,5,0.6569999999999996,0.0,all
3753,feature_0 > 0.058 AND feature_0 > 0.946 AND feature_1 > 0.743 AND feature_1 > 1.568 AND feature_0 > 1.289 AND feature_0 <= 1.832 AND feature_1 > 1.664 AND feature_0 > 1.63 AND feature_2 > -0.178,"{'feature_0': (1.63, 1.832), 'feature_1': (1.664, 4.438), 'feature_2': (-0.178, 4.286)}",3,3.535,9,[Pretrained] CF,"[1946, 2936, 3494, 3694, 3732, 3733, 3737, 3751]",3.93,3.93,NoOve,[Pretrained] CF NoOve,0.014,0,0.014,3768,56,0.0,5,0.395,0.0,all
1228,feature_0 <= 0.058 AND feature_0 > -0.982 AND feature_1 <= 0.164 AND feature_0 > -0.216 AND feature_1 <= -0.913 AND feature_0 > -0.109 AND feature_1 > -1.438 AND feature_0 > 0.022 AND feature_7 <= 0.609 AND feature_9 <= 0.481 AND feature_4 <= -0.552,"{'feature_0': (0.022, 0.058), 'feature_1': (-1.438, -0.913), 'feature_7': (-4.375, 0.609), 'feature_9': (-5.002, 0.481), 'feature_4': (-4.13, -0.552)}",5,0.277,11,[Pretrained] CF,"[1, 771, 772, 1126, 1127, 1175, 1201, 1225, 1226, 1227]",0.315,0.315,Random,[Pretrained] CF Random,0.004,0,0.004,3768,21,0.0,5,0.03799999999999998,0.0,all
2173,feature_0 > 0.058 AND feature_0 <= 0.946 AND feature_1 <= 0.771 AND feature_0 <= 0.647 AND feature_1 > -0.652 AND feature_1 <= 0.258 AND feature_0 > 0.388 AND feature_1 <= 0.032 AND feature_0 > 0.481 AND feature_2 <= 1.516 AND feature_4 > -1.472 AND feature_3 <= 1.305,"{'feature_0': (0.481, 0.647), 'feature_1': (-0.652, 0.032), 'feature_2': (-4.532, 1.516), 'feature_4': (-1.472, 4.717), 'feature_3': (-4.344, 1.305)}",5,1.058,12,[Pretrained] CF,"[1946, 1947, 1948, 1949, 2101, 2102, 2156, 2157, 2167, 2168, 2172]",1.121,1.121,Random,[Pretrained] CF Random,0.004,0,0.004,3768,1099,0.0,5,0.06299999999999994,0.0,all
2227,feature_0 > 0.058 AND feature_0 <= 0.946 AND feature_1 <= 0.771 AND feature_0 <= 0.647 AND feature_1 > -0.652 AND feature_1 > 0.258 AND feature_1 <= 0.658 AND feature_2 <= 1.28 AND feature_0 > 0.392 AND feature_1 > 0.505 AND feature_2 <= -0.461 AND feature_0 <= 0.498,"{'feature_0': (0.392, 0.498), 'feature_1': (0.505, 0.658), 'feature_2': (-4.532, -0.461)}",3,1.274,12,[Pretrained] CF,"[1946, 1947, 1948, 1949, 2101, 2199, 2200, 2201, 2217, 2225, 2226]",1.466,1.466,Random,[Pretrained] CF Random,0.004,0,0.004,3768,62,0.0,5,0.19199999999999995,0.0,all
2854,feature_0 > 0.058 AND feature_0 <= 0.946 AND feature_1 > 0.771 AND feature_1 > 1.148 AND feature_0 > 0.438 AND feature_1 <= 1.535 AND feature_0 > 0.772 AND feature_2 <= 0.014 AND feature_0 > 0.786 AND feature_1 <= 1.329 AND feature_5 <= 0.415 AND feature_2 <= -0.611,"{'feature_0': (0.786, 0.946), 'feature_1': (1.148, 1.329), 'feature_2': (-4.532, -0.611), 'feature_5': (-4.895, 0.415)}",4,2.559,12,[Pretrained] CF,"[1946, 1947, 2521, 2701, 2809, 2810, 2848, 2849, 2851, 2852, 2853]",2.351,2.351,Random,[Pretrained] CF Random,0.004,0,0.004,3768,22,0.0,5,0.20800000000000018,0.0,all
3543,feature_0 > 0.058 AND feature_0 > 0.946 AND feature_1 > 0.743 AND feature_1 <= 1.568 AND feature_0 <= 1.347 AND feature_1 > 1.012 AND feature_0 <= 1.076 AND feature_1 <= 1.24 AND feature_3 > -0.978 AND feature_0 <= 0.996 AND feature_8 > 0.225,"{'feature_0': (0.946, 0.996), 'feature_1': (1.012, 1.24), 'feature_3': (-0.978, 4.384), 'feature_8': (0.225, 4.699)}",4,2.52,11,[Pretrained] CF,"[1946, 2936, 3494, 3495, 3496, 3536, 3537, 3538, 3540, 3541]",2.369,2.369,Random,[Pretrained] CF Random,0.004,0,0.004,3768,30,0.0,5,0.1509999999999998,0.0,all
3674,feature_0 > 0.058 AND feature_0 > 0.946 AND feature_1 > 0.743 AND feature_1 <= 1.568 AND feature_0 > 1.347 AND feature_1 > 1.049 AND feature_0 <= 1.914 AND feature_2 > 0.032 AND feature_2 > 0.836 AND feature_0 > 1.505 AND feature_3 <= 0.335 AND feature_1 <= 1.339,"{'feature_0': (1.505, 1.914), 'feature_1': (1.049, 1.339), 'feature_2': (0.836, 4.286), 'feature_3': (-4.344, 0.335)}",4,3.049,12,[Pretrained] CF,"[1946, 2936, 3494, 3495, 3589, 3641, 3642, 3660, 3668, 3672, 3673]",3.104,3.104,OptRes,[Pretrained] CF OptRes,0.004,0,0.004,3768,21,0.0,5,0.05500000000000016,0.0,hte_only
3658,feature_0 > 0.058 AND feature_0 > 0.946 AND feature_1 > 0.743 AND feature_1 <= 1.568 AND feature_0 > 1.347 AND feature_1 > 1.049 AND feature_0 <= 1.914 AND feature_2 <= 0.032 AND feature_8 > 0.566 AND feature_1 <= 1.324 AND feature_9 > -0.071,"{'feature_0': (1.347, 1.914), 'feature_1': (1.049, 1.324), 'feature_2': (-4.532, 0.032), 'feature_8': (0.566, 4.699), 'feature_9': (-0.071, 4.08)}",5,2.935,11,[Pretrained] CF,"[1946, 2936, 3494, 3495, 3589, 3641, 3642, 3643, 3655, 3656]",3.05,3.05,OptRes,[Pretrained] CF OptRes,0.004,0,0.004,3768,23,0.11734693877551021,5,0.11499999999999977,0.0,hte_only
3662,feature_0 > 0.058 AND feature_0 > 0.946 AND feature_1 > 0.743 AND feature_1 <= 1.568 AND feature_0 > 1.347 AND feature_1 > 1.049 AND feature_0 <= 1.914 AND feature_2 > 0.032 AND feature_2 <= 0.836 AND feature_1 <= 1.131,"{'feature_0': (1.347, 1.914), 'feature_1': (1.049, 1.131), 'feature_2': (0.032, 0.836)}",3,2.873,10,[Pretrained] CF,"[1946, 2936, 3494, 3495, 3589, 3641, 3642, 3660, 3661]",2.957,2.957,OptRes,[Pretrained] CF OptRes,0.004,0,0.004,3768,37,0.0,5,0.08399999999999963,0.0,hte_only
3637,feature_0 > 0.058 AND feature_0 > 0.946 AND feature_1 > 0.743 AND feature_1 <= 1.568 AND feature_0 > 1.347 AND feature_1 <= 1.049 AND feature_0 > 1.865 AND feature_4 > 0.312 AND feature_0 <= 2.181 AND feature_5 > 0.27,"{'feature_0': (1.865, 2.181), 'feature_1': (0.743, 1.049), 'feature_4': (0.312, 4.717), 'feature_5': (0.27, 4.284)}",4,2.872,10,[Pretrained] CF,"[1946, 2936, 3494, 3495, 3589, 3590, 3624, 3634, 3635]",3.261,3.261,OptRes,[Pretrained] CF OptRes,0.004,0,0.004,3768,21,0.0,5,0.38900000000000023,0.0,hte_only
3656,feature_0 > 0.058 AND feature_0 > 0.946 AND feature_1 > 0.743 AND feature_1 <= 1.568 AND feature_0 > 1.347 AND feature_1 > 1.049 AND feature_0 <= 1.914 AND feature_2 <= 0.032 AND feature_8 > 0.566 AND feature_1 <= 1.324,"{'feature_0': (1.347, 1.914), 'feature_1': (1.049, 1.324), 'feature_2': (-4.532, 0.032), 'feature_8': (0.566, 4.699)}",4,2.863,10,[Pretrained] CF,"[1946, 2936, 3494, 3495, 3589, 3641, 3642, 3643, 3655]",3.052,3.052,OptRes,[Pretrained] CF OptRes,0.004,0,0.004,3768,49,0.11734693877551021,5,0.18900000000000006,0.0,hte_only
3674,feature_0 > 0.058 AND feature_0 > 0.946 AND feature_1 > 0.743 AND feature_1 <= 1.568 AND feature_0 > 1.347 AND feature_1 > 1.049 AND feature_0 <= 1.914 AND feature_2 > 0.032 AND feature_2 > 0.836 AND feature_0 > 1.505 AND feature_3 <= 0.335 AND feature_1 <= 1.339,"{'feature_0': (1.505, 1.914), 'feature_1': (1.049, 1.339), 'feature_2': (0.836, 4.286), 'feature_3': (-4.344, 0.335)}",4,3.049,12,[Pretrained] CF,"[1946, 2936, 3494, 3495, 3589, 3641, 3642, 3660, 3668, 3672, 3673]",3.104,3.104,ResOve,[Pretrained] CF ResOve,0.764,0,0.764,3768,21,0.0,5,0.05500000000000016,0.0,hte_only
3662,feature_0 > 0.058 AND feature_0 > 0.946 AND feature_1 > 0.743 AND feature_1 <= 1.568 AND feature_0 > 1.347 AND feature_1 > 1.049 AND feature_0 <= 1.914 AND feature_2 > 0.032 AND feature_2 <= 0.836 AND feature_1 <= 1.131,"{'feature_0': (1.347, 1.914), 'feature_1': (1.049, 1.131), 'feature_2': (0.032, 0.836)}",3,2.873,10,[Pretrained] CF,"[1946, 2936, 3494, 3495, 3589, 3641, 3642, 3660, 3661]",2.957,2.957,ResOve,[Pretrained] CF ResOve,0.764,0,0.764,3768,37,0.0,5,0.08399999999999963,0.0,hte_only
3658,feature_0 > 0.058 AND feature_0 > 0.946 AND feature_1 > 0.743 AND feature_1 <= 1.568 AND feature_0 > 1.347 AND feature_1 > 1.049 AND feature_0 <= 1.914 AND feature_2 <= 0.032 AND feature_8 > 0.566 AND feature_1 <= 1.324 AND feature_9 > -0.071,"{'feature_0': (1.347, 1.914), 'feature_1': (1.049, 1.324), 'feature_2': (-4.532, 0.032), 'feature_8': (0.566, 4.699), 'feature_9': (-0.071, 4.08)}",5,2.935,11,[Pretrained] CF,"[1946, 2936, 3494, 3495, 3589, 3641, 3642, 3643, 3655, 3656]",3.05,3.05,ResOve,[Pretrained] CF ResOve,0.764,0,0.764,3768,23,0.0,5,0.11499999999999977,0.0,hte_only
3649,feature_0 > 0.058 AND feature_0 > 0.946 AND feature_1 > 0.743 AND feature_1 <= 1.568 AND feature_0 > 1.347 AND feature_1 > 1.049 AND feature_0 <= 1.914 AND feature_2 <= 0.032 AND feature_8 <= 0.566 AND feature_1 <= 1.257 AND feature_9 > -0.333 AND feature_3 > 0.091,"{'feature_0': (1.347, 1.914), 'feature_1': (1.049, 1.257), 'feature_2': (-4.532, 0.032), 'feature_8': (-4.447, 0.566), 'feature_9': (-0.333, 4.08), 'feature_3': (0.091, 4.384)}",6,2.825,12,[Pretrained] CF,"[1946, 2936, 3494, 3495, 3589, 3641, 3642, 3643, 3644, 3645, 3647]",3.045,3.045,ResOve,[Pretrained] CF ResOve,0.764,0,0.764,3768,27,0.0,5,0.21999999999999975,0.0,hte_only
3471,feature_0 > 0.058 AND feature_0 > 0.946 AND feature_1 <= 0.743 AND feature_0 > 1.577 AND feature_0 > 2.049 AND feature_1 > 0.008 AND feature_4 > -0.358 AND feature_0 <= 2.149 AND feature_1 > 0.322 AND feature_8 <= -0.403,"{'feature_0': (2.049, 2.149), 'feature_1': (0.322, 0.743), 'feature_4': (-0.358, 4.717), 'feature_8': (-4.447, -0.403)}",4,2.848,10,[Pretrained] CF,"[1946, 2936, 2937, 3253, 3393, 3451, 3467, 3468, 3470]",3.089,3.089,ResOve,[Pretrained] CF ResOve,0.764,0,0.764,3768,24,0.0,5,0.2410000000000001,0.0,hte_only
3662,feature_0 > 0.058 AND feature_0 > 0.946 AND feature_1 > 0.743 AND feature_1 <= 1.568 AND feature_0 > 1.347 AND feature_1 > 1.049 AND feature_0 <= 1.914 AND feature_2 > 0.032 AND feature_2 <= 0.836 AND feature_1 <= 1.131,"{'feature_0': (1.347, 1.914), 'feature_1': (1.049, 1.131), 'feature_2': (0.032, 0.836)}",3,2.873,10,[Pretrained] CF,"[1946, 2936, 3494, 3495, 3589, 3641, 3642, 3660, 3661]",2.957,2.957,NoOve,[Pretrained] CF NoOve,0.014,0,0.014,3768,37,0.0,5,0.08399999999999963,0.0,hte_only
3637,feature_0 > 0.058 AND feature_0 > 0.946 AND feature_1 > 0.743 AND feature_1 <= 1.568 AND feature_0 > 1.347 AND feature_1 <= 1.049 AND feature_0 > 1.865 AND feature_4 > 0.312 AND feature_0 <= 2.181 AND feature_5 > 0.27,"{'feature_0': (1.865, 2.181), 'feature_1': (0.743, 1.049), 'feature_4': (0.312, 4.717), 'feature_5': (0.27, 4.284)}",4,2.872,10,[Pretrained] CF,"[1946, 2936, 3494, 3495, 3589, 3590, 3624, 3634, 3635]",3.261,3.261,NoOve,[Pretrained] CF NoOve,0.014,0,0.014,3768,21,0.0,5,0.38900000000000023,0.0,hte_only
3656,feature_0 > 0.058 AND feature_0 > 0.946 AND feature_1 > 0.743 AND feature_1 <= 1.568 AND feature_0 > 1.347 AND feature_1 > 1.049 AND feature_0 <= 1.914 AND feature_2 <= 0.032 AND feature_8 > 0.566 AND feature_1 <= 1.324,"{'feature_0': (1.347, 1.914), 'feature_1': (1.049, 1.324), 'feature_2': (-4.532, 0.032), 'feature_8': (0.566, 4.699)}",4,2.863,10,[Pretrained] CF,"[1946, 2936, 3494, 3495, 3589, 3641, 3642, 3643, 3655]",3.052,3.052,NoOve,[Pretrained] CF NoOve,0.014,0,0.014,3768,49,0.0,5,0.18900000000000006,0.0,hte_only
3622,feature_0 > 0.058 AND feature_0 > 0.946 AND feature_1 > 0.743 AND feature_1 <= 1.568 AND feature_0 > 1.347 AND feature_1 <= 1.049 AND feature_0 <= 1.865 AND feature_1 > 0.955 AND feature_2 > 0.316 AND feature_7 <= 0.519,"{'feature_0': (1.347, 1.865), 'feature_1': (0.955, 1.049), 'feature_2': (0.316, 4.286), 'feature_7': (-4.375, 0.519)}",4,2.861,10,[Pretrained] CF,"[1946, 2936, 3494, 3495, 3589, 3590, 3591, 3613, 3621]",2.9,2.9,NoOve,[Pretrained] CF NoOve,0.014,0,0.014,3768,37,0.0,5,0.0389999999999997,0.0,hte_only
3471,feature_0 > 0.058 AND feature_0 > 0.946 AND feature_1 <= 0.743 AND feature_0 > 1.577 AND feature_0 > 2.049 AND feature_1 > 0.008 AND feature_4 > -0.358 AND feature_0 <= 2.149 AND feature_1 > 0.322 AND feature_8 <= -0.403,"{'feature_0': (2.049, 2.149), 'feature_1': (0.322, 0.743), 'feature_4': (-0.358, 4.717), 'feature_8': (-4.447, -0.403)}",4,2.848,10,[Pretrained] CF,"[1946, 2936, 2937, 3253, 3393, 3451, 3467, 3468, 3470]",3.089,3.089,NoOve,[Pretrained] CF NoOve,0.014,0,0.014,3768,24,0.0,5,0.2410000000000001,0.0,hte_only
1765,feature_0 <= 0.058 AND feature_0 > -0.982 AND feature_1 > 0.164 AND feature_1 <= 1.51 AND feature_0 > -0.397 AND feature_1 > 0.802 AND feature_0 > -0.135 AND feature_1 > 1.147 AND feature_1 <= 1.444 AND feature_0 > 0.025 AND feature_5 > -0.305,"{'feature_0': (0.025, 0.058), 'feature_1': (1.147, 1.444), 'feature_5': (-0.305, 4.284)}",3,1.301,11,[Pretrained] CF,"[1, 771, 1393, 1394, 1588, 1680, 1728, 1754, 1755, 1763]",1.578,1.578,Random,[Pretrained] CF Random,0.003,0,0.003,3768,44,0.0,5,0.27700000000000014,0.0,hte_only
2087,feature_0 > 0.058 AND feature_0 <= 0.946 AND feature_1 <= 0.771 AND feature_0 <= 0.647 AND feature_1 <= -0.652 AND feature_1 > -1.007 AND feature_0 > 0.404 AND feature_2 <= 1.528 AND feature_4 <= 1.552 AND feature_1 <= -0.898 AND feature_0 > 0.492 AND feature_7 > -0.217,"{'feature_0': (0.492, 0.647), 'feature_1': (-1.007, -0.898), 'feature_2': (-4.532, 1.528), 'feature_4': (-4.13, 1.552), 'feature_7': (-0.217, 4.28)}",5,0.982,12,[Pretrained] CF,"[1946, 1947, 1948, 1949, 1950, 2042, 2078, 2079, 2080, 2081, 2085]",0.895,0.895,Random,[Pretrained] CF Random,0.003,0,0.003,3768,70,0.0,5,0.08699999999999997,0.0,hte_only
3510,feature_0 > 0.058 AND feature_0 > 0.946 AND feature_1 > 0.743 AND feature_1 <= 1.568 AND feature_0 <= 1.347 AND feature_1 <= 1.012 AND feature_1 <= 0.885 AND feature_0 > 1.062 AND feature_8 <= 0.26 AND feature_9 > -0.406 AND feature_0 <= 1.184,"{'feature_0': (1.062, 1.184), 'feature_1': (0.743, 0.885), 'feature_8': (-4.447, 0.26), 'feature_9': (-0.406, 4.08)}",4,2.275,11,[Pretrained] CF,"[1946, 2936, 3494, 3495, 3496, 3497, 3498, 3506, 3507, 3509]",2.31,2.31,Random,[Pretrained] CF Random,0.003,0,0.003,3768,32,0.0,5,0.03500000000000014,0.0,hte_only
3283,feature_0 > 0.058 AND feature_0 > 0.946 AND feature_1 <= 0.743 AND feature_0 > 1.577 AND feature_0 <= 2.049 AND feature_1 <= 0.012 AND feature_0 <= 1.687 AND feature_7 > 0.107 AND feature_0 <= 1.654 AND feature_1 > -0.301,"{'feature_0': (1.577, 1.654), 'feature_1': (-0.301, 0.012), 'feature_7': (0.107, 4.28)}",3,2.15,10,[Pretrained] CF,"[1946, 2936, 2937, 3253, 3254, 3255, 3256, 3276, 3277]",2.239,2.239,Random,[Pretrained] CF Random,0.003,0,0.003,3768,42,0.0,5,0.08899999999999997,0.0,hte_only
3167,feature_0 > 0.058 AND feature_0 > 0.946 AND feature_1 <= 0.743 AND feature_0 <= 1.577 AND feature_1 > 0.104 AND feature_1 <= 0.309 AND feature_0 <= 1.409 AND feature_0 > 1.212 AND feature_3 > 0.565 AND feature_1 > 0.193 AND feature_4 <= -0.294,"{'feature_0': (1.212, 1.409), 'feature_1': (0.193, 0.309), 'feature_3': (0.565, 4.384), 'feature_4': (-4.13, -0.294)}",4,2.016,11,[Pretrained] CF,"[1946, 2936, 2937, 2938, 3124, 3125, 3126, 3148, 3164, 3166]",2.147,2.147,Random,[Pretrained] CF Random,0.003,0,0.003,3768,22,0.0,5,0.13099999999999978,0.0,hte_only
3763,feature_0 > 0.058 AND feature_0 > 0.946 AND feature_1 > 0.743 AND feature_1 > 1.568 AND feature_0 > 1.289 AND feature_0 > 1.832 AND feature_1 > 1.8 AND feature_4 <= 0.223,"{'feature_0': (1.832, 4.577), 'feature_1': (1.8, 4.438), 'feature_4': (-4.13, 0.223)}",3,3.75,8,[Pretrained] CF,"[1946, 2936, 3494, 3694, 3732, 3756, 3762]",4.439,4.425,OptRes,[Pretrained] CF OptRes,0.011,0,0.011,3768,47,0.08115183246073299,5,0.6890000000000001,0.014000000000000234,rest
3768,feature_0 > 0.058 AND feature_0 > 0.946 AND feature_1 > 0.743 AND feature_1 > 1.568 AND feature_0 > 1.289 AND feature_0 > 1.832 AND feature_1 > 1.8 AND feature_4 > 0.223 AND feature_0 > 1.977,"{'feature_0': (1.977, 4.577), 'feature_1': (1.8, 4.438), 'feature_4': (0.223, 4.717)}",3,3.656,9,[Pretrained] CF,"[1946, 2936, 3494, 3694, 3732, 3756, 3762, 3766]",4.679,4.683,OptRes,[Pretrained] CF OptRes,0.011,0,0.011,3768,29,0.04319371727748691,5,1.0230000000000001,0.0039999999999995595,rest
3760,feature_0 > 0.058 AND feature_0 > 0.946 AND feature_1 > 0.743 AND feature_1 > 1.568 AND feature_0 > 1.289 AND feature_0 > 1.832 AND feature_1 <= 1.8 AND feature_0 > 2.096 AND feature_5 <= -0.017,"{'feature_0': (2.096, 4.577), 'feature_1': (1.568, 1.8), 'feature_5': (-4.895, -0.017)}",3,3.653,9,[Pretrained] CF,"[1946, 2936, 3494, 3694, 3732, 3756, 3757, 3759]",4.31,4.31,OptRes,[Pretrained] CF OptRes,0.011,0,0.011,3768,21,0.1524869109947644,5,0.6569999999999996,0.0,rest
3756,feature_0 > 0.058 AND feature_0 > 0.946 AND feature_1 > 0.743 AND feature_1 > 1.568 AND feature_0 > 1.289 AND feature_0 > 1.832,"{'feature_0': (1.832, 4.577), 'feature_1': (1.568, 4.438)}",2,3.61,6,[Pretrained] CF,"[1946, 2936, 3494, 3694, 3732]",4.329,4.332,OptRes,[Pretrained] CF OptRes,0.011,0,0.011,3768,157,0.20680628272251309,5,0.7189999999999999,0.0030000000000001137,rest
3759,feature_0 > 0.058 AND feature_0 > 0.946 AND feature_1 > 0.743 AND feature_1 > 1.568 AND feature_0 > 1.289 AND feature_0 > 1.832 AND feature_1 <= 1.8 AND feature_0 > 2.096,"{'feature_0': (2.096, 4.577), 'feature_1': (1.568, 1.8)}",2,3.581,8,[Pretrained] CF,"[1946, 2936, 3494, 3694, 3732, 3756, 3757]",4.389,4.367,OptRes,[Pretrained] CF OptRes,0.011,0,0.011,3768,37,0.1799738219895288,5,0.8080000000000003,0.02200000000000024,rest
3768,feature_0 > 0.058 AND feature_0 > 0.946 AND feature_1 > 0.743 AND feature_1 > 1.568 AND feature_0 > 1.289 AND feature_0 > 1.832 AND feature_1 > 1.8 AND feature_4 > 0.223 AND feature_0 > 1.977,"{'feature_0': (1.977, 4.577), 'feature_1': (1.8, 4.438), 'feature_4': (0.223, 4.717)}",3,3.656,9,[Pretrained] CF,"[1946, 2936, 3494, 3694, 3732, 3756, 3762, 3766]",4.679,4.683,ResOve,[Pretrained] CF ResOve,1.035,0,1.035,3768,29,0.0,5,1.0230000000000001,0.0039999999999995595,rest
3749,feature_0 > 0.058 AND feature_0 > 0.946 AND feature_1 > 0.743 AND feature_1 > 1.568 AND feature_0 > 1.289 AND feature_0 <= 1.832 AND feature_1 > 1.664 AND feature_0 <= 1.63 AND feature_1 > 2.181 AND feature_4 <= -0.008,"{'feature_0': (1.289, 1.63), 'feature_1': (2.181, 4.438), 'feature_4': (-4.13, -0.008)}",3,3.5,10,[Pretrained] CF,"[1946, 2936, 3494, 3694, 3732, 3733, 3737, 3738, 3748]",3.976,3.991,ResOve,[Pretrained] CF ResOve,1.035,0,1.035,3768,28,0.0,5,0.476,0.015000000000000124,rest
3764,feature_0 > 0.058 AND feature_0 > 0.946 AND feature_1 > 0.743 AND feature_1 > 1.568 AND feature_0 > 1.289 AND feature_0 > 1.832 AND feature_1 > 1.8 AND feature_4 <= 0.223 AND feature_1 <= 2.183,"{'feature_0': (1.832, 4.577), 'feature_1': (1.8, 2.183), 'feature_4': (-4.13, 0.223)}",3,3.708,9,[Pretrained] CF,"[1946, 2936, 3494, 3694, 3732, 3756, 3762, 3763]",4.231,4.256,ResOve,[Pretrained] CF ResOve,1.035,0,1.035,3768,28,0.14112903225806453,5,0.5229999999999997,0.025000000000000355,rest
3763,feature_0 > 0.058 AND feature_0 > 0.946 AND feature_1 > 0.743 AND feature_1 > 1.568 AND feature_0 > 1.289 AND feature_0 > 1.832 AND feature_1 > 1.8 AND feature_4 <= 0.223,"{'feature_0': (1.832, 4.577), 'feature_1': (1.8, 4.438), 'feature_4': (-4.13, 0.223)}",3,3.75,8,[Pretrained] CF,"[1946, 2936, 3494, 3694, 3732, 3756, 3762]",4.439,4.425,ResOve,[Pretrained] CF ResOve,1.035,0,1.035,3768,47,0.14112903225806453,5,0.6890000000000001,0.014000000000000234,rest
3760,feature_0 > 0.058 AND feature_0 > 0.946 AND feature_1 > 0.743 AND feature_1 > 1.568 AND feature_0 > 1.289 AND feature_0 > 1.832 AND feature_1 <= 1.8 AND feature_0 > 2.096 AND feature_5 <= -0.017,"{'feature_0': (2.096, 4.577), 'feature_1': (1.568, 1.8), 'feature_5': (-4.895, -0.017)}",3,3.653,9,[Pretrained] CF,"[1946, 2936, 3494, 3694, 3732, 3756, 3757, 3759]",4.31,4.31,ResOve,[Pretrained] CF ResOve,1.035,0,1.035,3768,21,0.0,5,0.6569999999999996,0.0,rest
3764,feature_0 > 0.058 AND feature_0 > 0.946 AND feature_1 > 0.743 AND feature_1 > 1.568 AND feature_0 > 1.289 AND feature_0 > 1.832 AND feature_1 > 1.8 AND feature_4 <= 0.223 AND feature_1 <= 2.183,"{'feature_0': (1.832, 4.577), 'feature_1': (1.8, 2.183), 'feature_4': (-4.13, 0.223)}",3,3.708,9,[Pretrained] CF,"[1946, 2936, 3494, 3694, 3732, 3756, 3762, 3763]",4.231,4.256,NoOve,[Pretrained] CF NoOve,0.017,0,0.017,3768,28,0.0,5,0.5229999999999997,0.025000000000000355,rest
3768,feature_0 > 0.058 AND feature_0 > 0.946 AND feature_1 > 0.743 AND feature_1 > 1.568 AND feature_0 > 1.289 AND feature_0 > 1.832 AND feature_1 > 1.8 AND feature_4 > 0.223 AND feature_0 > 1.977,"{'feature_0': (1.977, 4.577), 'feature_1': (1.8, 4.438), 'feature_4': (0.223, 4.717)}",3,3.656,9,[Pretrained] CF,"[1946, 2936, 3494, 3694, 3732, 3756, 3762, 3766]",4.679,4.683,NoOve,[Pretrained] CF NoOve,0.017,0,0.017,3768,29,0.0,5,1.0230000000000001,0.0039999999999995595,rest
3760,feature_0 > 0.058 AND feature_0 > 0.946 AND feature_1 > 0.743 AND feature_1 > 1.568 AND feature_0 > 1.289 AND feature_0 > 1.832 AND feature_1 <= 1.8 AND feature_0 > 2.096 AND feature_5 <= -0.017,"{'feature_0': (2.096, 4.577), 'feature_1': (1.568, 1.8), 'feature_5': (-4.895, -0.017)}",3,3.653,9,[Pretrained] CF,"[1946, 2936, 3494, 3694, 3732, 3756, 3757, 3759]",4.31,4.31,NoOve,[Pretrained] CF NoOve,0.017,0,0.017,3768,21,0.0,5,0.6569999999999996,0.0,rest
3753,feature_0 > 0.058 AND feature_0 > 0.946 AND feature_1 > 0.743 AND feature_1 > 1.568 AND feature_0 > 1.289 AND feature_0 <= 1.832 AND feature_1 > 1.664 AND feature_0 > 1.63 AND feature_2 > -0.178,"{'feature_0': (1.63, 1.832), 'feature_1': (1.664, 4.438), 'feature_2': (-0.178, 4.286)}",3,3.535,9,[Pretrained] CF,"[1946, 2936, 3494, 3694, 3732, 3733, 3737, 3751]",3.93,3.946,NoOve,[Pretrained] CF NoOve,0.017,0,0.017,3768,46,0.0,5,0.395,0.016000000000000014,rest
3748,feature_0 > 0.058 AND feature_0 > 0.946 AND feature_1 > 0.743 AND feature_1 > 1.568 AND feature_0 > 1.289 AND feature_0 <= 1.832 AND feature_1 > 1.664 AND feature_0 <= 1.63 AND feature_1 > 2.181,"{'feature_0': (1.289, 1.63), 'feature_1': (2.181, 4.438)}",2,3.437,9,[Pretrained] CF,"[1946, 2936, 3494, 3694, 3732, 3733, 3737, 3738]",4.018,4.038,NoOve,[Pretrained] CF NoOve,0.017,0,0.017,3768,63,0.0,5,0.581,0.020000000000000462,rest
241,feature_0 <= 0.058 AND feature_0 <= -0.982 AND feature_1 <= 0.16 AND feature_0 > -1.716 AND feature_0 > -1.47 AND feature_1 <= -0.027 AND feature_0 <= -1.072 AND feature_2 <= 0.635 AND feature_3 <= 0.697 AND feature_9 <= -0.894 AND feature_1 > -0.605 AND feature_9 <= -1.789,"{'feature_0': (-1.47, -1.072), 'feature_1': (-0.605, -0.027), 'feature_2': (-4.532, 0.635), 'feature_3': (-4.344, 0.697), 'feature_9': (-5.002, -1.789)}",5,0.64,12,[Pretrained] CF,"[1, 2, 3, 143, 231, 232, 233, 234, 235, 236, 240]",0.675,0.672,Random,[Pretrained] CF Random,0.004,0,0.004,3768,42,0.0,5,0.03500000000000003,0.0030000000000000027,rest
3277,feature_0 > 0.058 AND feature_0 > 0.946 AND feature_1 <= 0.743 AND feature_0 > 1.577 AND feature_0 <= 2.049 AND feature_1 <= 0.012 AND feature_0 <= 1.687 AND feature_7 > 0.107 AND feature_0 <= 1.654,"{'feature_0': (1.577, 1.654), 'feature_1': (-4.202, 0.012), 'feature_7': (0.107, 4.28)}",3,2.065,9,[Pretrained] CF,"[1946, 2936, 2937, 3253, 3254, 3255, 3256, 3276]",2.02,2.013,Random,[Pretrained] CF Random,0.004,0,0.004,3768,166,0.0,5,0.04499999999999993,0.007000000000000117,rest
1227,feature_0 <= 0.058 AND feature_0 > -0.982 AND feature_1 <= 0.164 AND feature_0 > -0.216 AND feature_1 <= -0.913 AND feature_0 > -0.109 AND feature_1 > -1.438 AND feature_0 > 0.022 AND feature_7 <= 0.609 AND feature_9 <= 0.481,"{'feature_0': (0.022, 0.058), 'feature_1': (-1.438, -0.913), 'feature_7': (-4.375, 0.609), 'feature_9': (-5.002, 0.481)}",4,0.349,10,[Pretrained] CF,"[1, 771, 772, 1126, 1127, 1175, 1201, 1225, 1226]",0.313,0.311,Random,[Pretrained] CF Random,0.004,0,0.004,3768,67,0.0,5,0.035999999999999976,0.0020000000000000018,rest
280,feature_0 <= 0.058 AND feature_0 <= -0.982 AND feature_1 <= 0.16 AND feature_0 > -1.716 AND feature_0 > -1.47 AND feature_1 <= -0.027 AND feature_0 <= -1.072 AND feature_2 > 0.635 AND feature_1 > -0.752 AND feature_0 <= -1.375,"{'feature_0': (-1.47, -1.375), 'feature_1': (-0.752, -0.027), 'feature_2': (0.635, 4.286)}",3,0.813,10,[Pretrained] CF,"[1, 2, 3, 143, 231, 232, 233, 263, 279]",0.888,0.889,Random,[Pretrained] CF Random,0.004,0,0.004,3768,92,0.0,5,0.07500000000000007,0.0010000000000000009,rest
3157,feature_0 > 0.058 AND feature_0 > 0.946 AND feature_1 <= 0.743 AND feature_0 <= 1.577 AND feature_1 > 0.104 AND feature_1 <= 0.309 AND feature_0 <= 1.409 AND feature_0 > 1.212 AND feature_3 <= 0.565 AND feature_8 > 0.337,"{'feature_0': (1.212, 1.409), 'feature_1': (0.104, 0.309), 'feature_3': (-4.344, 0.565), 'feature_8': (0.337, 4.699)}",4,1.908,10,[Pretrained] CF,"[1946, 2936, 2937, 2938, 3124, 3125, 3126, 3148, 3149]",2.103,2.106,Random,[Pretrained] CF Random,0.004,0,0.004,3768,82,0.0,5,0.19500000000000028,0.0029999999999996696,rest
3763,feature_0 > 0.058 AND feature_0 > 0.946 AND feature_1 > 0.743 AND feature_1 > 1.568 AND feature_0 > 1.289 AND feature_0 > 1.832 AND feature_1 > 1.8 AND feature_4 <= 0.223,"{'feature_0': (1.832, 4.577), 'feature_1': (1.8, 4.438), 'feature_4': (-4.13, 0.223)}",3,3.75,8,[Pretrained] CF,"[1946, 2936, 3494, 3694, 3732, 3756, 3762]",4.439,4.429,OptRes,[Pretrained] CF OptRes,0.011,0,0.011,3768,24,0.08115183246073299,5,0.6890000000000001,0.009999999999999787,all
3756,feature_0 > 0.058 AND feature_0 > 0.946 AND feature_1 > 0.743 AND feature_1 > 1.568 AND feature_0 > 1.289 AND feature_0 > 1.832,"{'feature_0': (1.832, 4.577), 'feature_1': (1.568, 4.438)}",2,3.61,6,[Pretrained] CF,"[1946, 2936, 3494, 3694, 3732]",4.329,4.347,OptRes,[Pretrained] CF OptRes,0.011,0,0.011,3768,69,0.1806282722513089,5,0.7189999999999999,0.018000000000000682,all
3753,feature_0 > 0.058 AND feature_0 > 0.946 AND feature_1 > 0.743 AND feature_1 > 1.568 AND feature_0 > 1.289 AND feature_0 <= 1.832 AND feature_1 > 1.664 AND feature_0 > 1.63 AND feature_2 > -0.178,"{'feature_0': (1.63, 1.832), 'feature_1': (1.664, 4.438), 'feature_2': (-0.178, 4.286)}",3,3.535,9,[Pretrained] CF,"[1946, 2936, 3494, 3694, 3732, 3733, 3737, 3751]",3.93,3.97,OptRes,[Pretrained] CF OptRes,0.011,0,0.011,3768,24,0.0,5,0.395,0.040000000000000036,all
3757,feature_0 > 0.058 AND feature_0 > 0.946 AND feature_1 > 0.743 AND feature_1 > 1.568 AND feature_0 > 1.289 AND feature_0 > 1.832 AND feature_1 <= 1.8,"{'feature_0': (1.832, 4.577), 'feature_1': (1.568, 1.8)}",2,3.499,7,[Pretrained] CF,"[1946, 2936, 3494, 3694, 3732, 3756]",4.122,4.126,OptRes,[Pretrained] CF OptRes,0.011,0,0.011,3768,28,0.09947643979057591,5,0.6229999999999998,0.004000000000000448,all
3748,feature_0 > 0.058 AND feature_0 > 0.946 AND feature_1 > 0.743 AND feature_1 > 1.568 AND feature_0 > 1.289 AND feature_0 <= 1.832 AND feature_1 > 1.664 AND feature_0 <= 1.63 AND feature_1 > 2.181,"{'feature_0': (1.289, 1.63), 'feature_1': (2.181, 4.438)}",2,3.437,9,[Pretrained] CF,"[1946, 2936, 3494, 3694, 3732, 3733, 3737, 3738]",4.018,4.05,OptRes,[Pretrained] CF OptRes,0.011,0,0.011,3768,28,0.0,5,0.581,0.03200000000000003,all
3763,feature_0 > 0.058 AND feature_0 > 0.946 AND feature_1 > 0.743 AND feature_1 > 1.568 AND feature_0 > 1.289 AND feature_0 > 1.832 AND feature_1 > 1.8 AND feature_4 <= 0.223,"{'feature_0': (1.832, 4.577), 'feature_1': (1.8, 4.438), 'feature_4': (-4.13, 0.223)}",3,3.75,8,[Pretrained] CF,"[1946, 2936, 3494, 3694, 3732, 3756, 3762]",4.439,4.429,ResOve,[Pretrained] CF ResOve,1.235,0,1.235,3768,24,0.13478260869565217,5,0.6890000000000001,0.009999999999999787,all
3762,feature_0 > 0.058 AND feature_0 > 0.946 AND feature_1 > 0.743 AND feature_1 > 1.568 AND feature_0 > 1.289 AND feature_0 > 1.832 AND feature_1 > 1.8,"{'feature_0': (1.832, 4.577), 'feature_1': (1.8, 4.438)}",2,3.684,7,[Pretrained] CF,"[1946, 2936, 3494, 3694, 3732, 3756]",4.466,4.499,ResOve,[Pretrained] CF ResOve,1.235,0,1.235,3768,41,0.13478260869565217,5,0.782,0.032999999999999474,all
3757,feature_0 > 0.058 AND feature_0 > 0.946 AND feature_1 > 0.743 AND feature_1 > 1.568 AND feature_0 > 1.289 AND feature_0 > 1.832 AND feature_1 <= 1.8,"{'feature_0': (1.832, 4.577), 'feature_1': (1.568, 1.8)}",2,3.499,7,[Pretrained] CF,"[1946, 2936, 3494, 3694, 3732, 3756]",4.122,4.126,ResOve,[Pretrained] CF ResOve,1.235,0,1.235,3768,28,0.0,5,0.6229999999999998,0.004000000000000448,all
3753,feature_0 > 0.058 AND feature_0 > 0.946 AND feature_1 > 0.743 AND feature_1 > 1.568 AND feature_0 > 1.289 AND feature_0 <= 1.832 AND feature_1 > 1.664 AND feature_0 > 1.63 AND feature_2 > -0.178,"{'feature_0': (1.63, 1.832), 'feature_1': (1.664, 4.438), 'feature_2': (-0.178, 4.286)}",3,3.535,9,[Pretrained] CF,"[1946, 2936, 3494, 3694, 3732, 3733, 3737, 3751]",3.93,3.97,ResOve,[Pretrained] CF ResOve,1.235,0,1.235,3768,24,0.0,5,0.395,0.040000000000000036,all
3748,feature_0 > 0.058 AND feature_0 > 0.946 AND feature_1 > 0.743 AND feature_1 > 1.568 AND feature_0 > 1.289 AND feature_0 <= 1.832 AND feature_1 > 1.664 AND feature_0 <= 1.63 AND feature_1 > 2.181,"{'feature_0': (1.289, 1.63), 'feature_1': (2.181, 4.438)}",2,3.437,9,[Pretrained] CF,"[1946, 2936, 3494, 3694, 3732, 3733, 3737, 3738]",4.018,4.05,ResOve,[Pretrained] CF ResOve,1.235,0,1.235,3768,28,0.0,5,0.581,0.03200000000000003,all
3763,feature_0 > 0.058 AND feature_0 > 0.946 AND feature_1 > 0.743 AND feature_1 > 1.568 AND feature_0 > 1.289 AND feature_0 > 1.832 AND feature_1 > 1.8 AND feature_4 <= 0.223,"{'feature_0': (1.832, 4.577), 'feature_1': (1.8, 4.438), 'feature_4': (-4.13, 0.223)}",3,3.75,8,[Pretrained] CF,"[1946, 2936, 3494, 3694, 3732, 3756, 3762]",4.439,4.429,NoOve,[Pretrained] CF NoOve,0.052,0,0.052,3768,24,0.0,5,0.6890000000000001,0.009999999999999787,all
3751,feature_0 > 0.058 AND feature_0 > 0.946 AND feature_1 > 0.743 AND feature_1 > 1.568 AND feature_0 > 1.289 AND feature_0 <= 1.832 AND feature_1 > 1.664 AND feature_0 > 1.63,"{'feature_0': (1.63, 1.832), 'feature_1': (1.664, 4.438)}",2,3.484,8,[Pretrained] CF,"[1946, 2936, 3494, 3694, 3732, 3733, 3737]",3.913,3.996,NoOve,[Pretrained] CF NoOve,0.052,0,0.052,3768,34,0.0,5,0.4289999999999998,0.08300000000000018,all
3738,feature_0 > 0.058 AND feature_0 > 0.946 AND feature_1 > 0.743 AND feature_1 > 1.568 AND feature_0 > 1.289 AND feature_0 <= 1.832 AND feature_1 > 1.664 AND feature_0 <= 1.63,"{'feature_0': (1.289, 1.63), 'feature_1': (1.664, 4.438)}",2,3.331,8,[Pretrained] CF,"[1946, 2936, 3494, 3694, 3732, 3733, 3737]",3.654,3.691,NoOve,[Pretrained] CF NoOve,0.052,0,0.052,3768,72,0.0,5,0.32299999999999995,0.03699999999999992,all
3689,feature_0 > 0.058 AND feature_0 > 0.946 AND feature_1 > 0.743 AND feature_1 <= 1.568 AND feature_0 > 1.347 AND feature_1 > 1.049 AND feature_0 > 1.914 AND feature_1 > 1.407,"{'feature_0': (1.914, 4.577), 'feature_1': (1.407, 1.568)}",2,3.209,8,[Pretrained] CF,"[1946, 2936, 3494, 3495, 3589, 3641, 3677]",3.96,3.933,NoOve,[Pretrained] CF NoOve,0.052,0,0.052,3768,34,0.0,5,0.7509999999999999,0.027000000000000135,all
3723,feature_0 > 0.058 AND feature_0 > 0.946 AND feature_1 > 0.743 AND feature_1 > 1.568 AND feature_0 <= 1.289 AND feature_1 > 1.852 AND feature_0 > 0.995 AND feature_1 > 2.007,"{'feature_0': (0.995, 1.289), 'feature_1': (2.007, 4.438)}",2,3.143,8,[Pretrained] CF,"[1946, 2936, 3494, 3694, 3695, 3713, 3717]",3.591,3.638,NoOve,[Pretrained] CF NoOve,0.052,0,0.052,3768,55,0.0,5,0.4480000000000004,0.04699999999999971,all
3300,feature_0 > 0.058 AND feature_0 > 0.946 AND feature_1 <= 0.743 AND feature_0 > 1.577 AND feature_0 <= 2.049 AND feature_1 <= 0.012 AND feature_0 > 1.687 AND feature_3 <= 1.254 AND feature_4 <= -0.495 AND feature_0 <= 1.893 AND feature_7 > 0.279 AND feature_4 > -0.725,"{'feature_0': (1.687, 1.893), 'feature_1': (-4.202, 0.012), 'feature_3': (-4.344, 1.254), 'feature_4': (-0.725, -0.495), 'feature_7': (0.279, 4.28)}",5,2.13,12,[Pretrained] CF,"[1946, 2936, 2937, 3253, 3254, 3255, 3291, 3292, 3293, 3294, 3298]",2.153,2.15,Random,[Pretrained] CF Random,0.005,0,0.005,3768,24,0.0,5,0.02300000000000013,0.0030000000000001137,all
1240,feature_0 <= 0.058 AND feature_0 > -0.982 AND feature_1 <= 0.164 AND feature_0 > -0.216 AND feature_1 > -0.913 AND feature_0 <= -0.125 AND feature_1 <= -0.18 AND feature_2 <= 0.436 AND feature_1 <= -0.442 AND feature_0 <= -0.158 AND feature_2 <= -0.37,"{'feature_0': (-0.216, -0.158), 'feature_1': (-0.913, -0.442), 'feature_2': (-4.532, -0.37)}",3,0.067,11,[Pretrained] CF,"[1, 771, 772, 1126, 1234, 1235, 1236, 1237, 1238, 1239]",0.229,0.223,Random,[Pretrained] CF Random,0.005,0,0.005,3768,46,0.0,5,0.162,0.006000000000000005,all
578,feature_0 <= 0.058 AND feature_0 <= -0.982 AND feature_1 > 0.16 AND feature_0 > -1.389 AND feature_1 <= 0.835 AND feature_0 <= -1.209 AND feature_0 <= -1.305 AND feature_1 <= 0.58 AND feature_1 > 0.23,"{'feature_0': (-1.389, -1.305), 'feature_1': (0.23, 0.58)}",2,0.244,9,[Pretrained] CF,"[1, 2, 380, 570, 571, 572, 573, 574]",0.426,0.416,Random,[Pretrained] CF Random,0.005,0,0.005,3768,61,0.0,5,0.182,0.010000000000000009,all
2944,feature_0 > 0.058 AND feature_0 > 0.946 AND feature_1 <= 0.743 AND feature_0 <= 1.577 AND feature_1 <= 0.104 AND feature_0 <= 1.253 AND feature_1 <= -0.454 AND feature_0 <= 1.088 AND feature_1 <= -1.193 AND feature_2 <= 1.237,"{'feature_0': (0.946, 1.088), 'feature_1': (-4.202, -1.193), 'feature_2': (-4.532, 1.237)}",3,1.325,10,[Pretrained] CF,"[1946, 2936, 2937, 2938, 2939, 2940, 2941, 2942, 2943]",1.195,1.202,Random,[Pretrained] CF Random,0.005,0,0.005,3768,128,0.0,5,0.1299999999999999,0.006999999999999895,all
2673,feature_0 > 0.058 AND feature_0 <= 0.946 AND feature_1 > 0.771 AND feature_1 <= 1.148 AND feature_0 > 0.542 AND feature_0 <= 0.787 AND feature_1 > 0.955 AND feature_2 > -0.47 AND feature_1 > 1.029 AND feature_0 > 0.702,"{'feature_0': (0.702, 0.787), 'feature_1': (1.029, 1.148), 'feature_2': (-0.47, 4.286)}",3,2.039,10,[Pretrained] CF,"[1946, 1947, 2521, 2522, 2624, 2625, 2651, 2661, 2667]",2.122,2.123,Random,[Pretrained] CF Random,0.005,0,0.005,3768,27,0.0,5,0.08299999999999974,0.001000000000000334,all
3429,feature_0 > 0.058 AND feature_0 > 0.946 AND feature_1 <= 0.743 AND feature_0 > 1.577 AND feature_0 > 2.049 AND feature_1 <= 0.008 AND feature_0 > 2.265 AND feature_6 <= -0.096 AND feature_1 <= -0.251 AND feature_3 <= 1.219 AND feature_5 > 0.041 AND feature_0 > 2.422,"{'feature_0': (2.422, 4.577), 'feature_1': (-4.202, -0.251), 'feature_6': (-4.852, -0.096), 'feature_3': (-4.344, 1.219), 'feature_5': (0.041, 4.284)}",5,2.55,12,[Pretrained] CF,"[1946, 2936, 2937, 3253, 3393, 3394, 3420, 3421, 3422, 3423, 3427]",3.127,3.127,OptRes,[Pretrained] CF OptRes,0.009,0,0.009,3768,60,0.08108108108108109,5,0.577,0.0,hte_only
3423,feature_0 > 0.058 AND feature_0 > 0.946 AND feature_1 <= 0.743 AND feature_0 > 1.577 AND feature_0 > 2.049 AND feature_1 <= 0.008 AND feature_0 > 2.265 AND feature_6 <= -0.096 AND feature_1 <= -0.251 AND feature_3 <= 1.219,"{'feature_0': (2.265, 4.577), 'feature_1': (-4.202, -0.251), 'feature_6': (-4.852, -0.096), 'feature_3': (-4.344, 1.219)}",4,2.478,10,[Pretrained] CF,"[1946, 2936, 2937, 3253, 3393, 3394, 3420, 3421, 3422]",3.021,3.021,OptRes,[Pretrained] CF OptRes,0.009,0,0.009,3768,185,0.20675675675675675,5,0.5429999999999997,0.0,hte_only
10,feature_0 <= 0.058 AND feature_0 <= -0.982 AND feature_1 <= 0.16 AND feature_0 <= -1.716 AND feature_0 <= -2.195 AND feature_1 <= -0.267 AND feature_3 <= -0.36 AND feature_1 <= -0.552 AND feature_2 <= -0.296 AND feature_0 <= -2.59,"{'feature_0': (-4.695, -2.59), 'feature_1': (-4.202, -0.552), 'feature_3': (-4.344, -0.36), 'feature_2': (-4.532, -0.296)}",4,2.477,10,[Pretrained] CF,"[1, 2, 3, 4, 5, 6, 7, 8, 9]",2.72,2.72,OptRes,[Pretrained] CF OptRes,0.009,0,0.009,3768,25,0.0,5,0.24300000000000033,0.0,hte_only
3425,feature_0 > 0.058 AND feature_0 > 0.946 AND feature_1 <= 0.743 AND feature_0 > 1.577 AND feature_0 > 2.049 AND feature_1 <= 0.008 AND feature_0 > 2.265 AND feature_6 <= -0.096 AND feature_1 <= -0.251 AND feature_3 <= 1.219 AND feature_5 <= 0.041 AND feature_2 <= 0.288,"{'feature_0': (2.265, 4.577), 'feature_1': (-4.202, -0.251), 'feature_6': (-4.852, -0.096), 'feature_3': (-4.344, 1.219), 'feature_5': (-4.895, 0.041), 'feature_2': (-4.532, 0.288)}",6,2.475,12,[Pretrained] CF,"[1946, 2936, 2937, 3253, 3393, 3394, 3420, 3421, 3422, 3423, 3424]",3.035,3.035,OptRes,[Pretrained] CF OptRes,0.009,0,0.009,3768,66,0.0891891891891892,5,0.56,0.0,hte_only
3428,feature_0 > 0.058 AND feature_0 > 0.946 AND feature_1 <= 0.743 AND feature_0 > 1.577 AND feature_0 > 2.049 AND feature_1 <= 0.008 AND feature_0 > 2.265 AND feature_6 <= -0.096 AND feature_1 <= -0.251 AND feature_3 <= 1.219 AND feature_5 > 0.041 AND feature_0 <= 2.422,"{'feature_0': (2.265, 2.422), 'feature_1': (-4.202, -0.251), 'feature_6': (-4.852, -0.096), 'feature_3': (-4.344, 1.219), 'feature_5': (0.041, 4.284)}",5,2.463,12,[Pretrained] CF,"[1946, 2936, 2937, 3253, 3393, 3394, 3420, 3421, 3422, 3423, 3427]",2.665,2.665,OptRes,[Pretrained] CF OptRes,0.009,0,0.009,3768,27,0.03648648648648649,5,0.20199999999999996,0.0,hte_only
3425,feature_0 > 0.058 AND feature_0 > 0.946 AND feature_1 <= 0.743 AND feature_0 > 1.577 AND feature_0 > 2.049 AND feature_1 <= 0.008 AND feature_0 > 2.265 AND feature_6 <= -0.096 AND feature_1 <= -0.251 AND feature_3 <= 1.219 AND feature_5 <= 0.041 AND feature_2 <= 0.288,"{'feature_0': (2.265, 4.577), 'feature_1': (-4.202, -0.251), 'feature_6': (-4.852, -0.096), 'feature_3': (-4.344, 1.219), 'feature_5': (-4.895, 0.041), 'feature_2': (-4.532, 0.288)}",6,2.475,12,[Pretrained] CF,"[1946, 2936, 2937, 3253, 3393, 3394, 3420, 3421, 3422, 3423, 3424]",3.035,3.035,ResOve,[Pretrained] CF ResOve,0.27,0,0.27,3768,66,0.0,5,0.56,0.0,hte_only
3428,feature_0 > 0.058 AND feature_0 > 0.946 AND feature_1 <= 0.743 AND feature_0 > 1.577 AND feature_0 > 2.049 AND feature_1 <= 0.008 AND feature_0 > 2.265 AND feature_6 <= -0.096 AND feature_1 <= -0.251 AND feature_3 <= 1.219 AND feature_5 > 0.041 AND feature_0 <= 2.422,"{'feature_0': (2.265, 2.422), 'feature_1': (-4.202, -0.251), 'feature_6': (-4.852, -0.096), 'feature_3': (-4.344, 1.219), 'feature_5': (0.041, 4.284)}",5,2.463,12,[Pretrained] CF,"[1946, 2936, 2937, 3253, 3393, 3394, 3420, 3421, 3422, 3423, 3427]",2.665,2.665,ResOve,[Pretrained] CF ResOve,0.27,0,0.27,3768,27,0.0,5,0.20199999999999996,0.0,hte_only
3410,feature_0 > 0.058 AND feature_0 > 0.946 AND feature_1 <= 0.743 AND feature_0 > 1.577 AND feature_0 > 2.049 AND feature_1 <= 0.008 AND feature_0 <= 2.265 AND feature_3 <= 0.959 AND feature_0 > 2.155 AND feature_2 <= -0.181 AND feature_1 <= -0.473 AND feature_8 > -0.113,"{'feature_0': (2.155, 2.265), 'feature_1': (-4.202, -0.473), 'feature_3': (-4.344, 0.959), 'feature_2': (-4.532, -0.181), 'feature_8': (-0.113, 4.699)}",5,2.408,12,[Pretrained] CF,"[1946, 2936, 2937, 3253, 3393, 3394, 3395, 3396, 3406, 3407, 3408]",2.53,2.53,ResOve,[Pretrained] CF ResOve,0.27,0,0.27,3768,26,0.0,5,0.12199999999999989,0.0,hte_only
3430,feature_0 > 0.058 AND feature_0 > 0.946 AND feature_1 <= 0.743 AND feature_0 > 1.577 AND feature_0 > 2.049 AND feature_1 <= 0.008 AND feature_0 > 2.265 AND feature_6 <= -0.096 AND feature_1 <= -0.251 AND feature_3 > 1.219,"{'feature_0': (2.265, 4.577), 'feature_1': (-4.202, -0.251), 'feature_6': (-4.852, -0.096), 'feature_3': (1.219, 4.384)}",4,2.352,10,[Pretrained] CF,"[1946, 2936, 2937, 3253, 3393, 3394, 3420, 3421, 3422]",2.931,2.931,ResOve,[Pretrained] CF ResOve,0.27,0,0.27,3768,29,0.0,5,0.5790000000000002,0.0,hte_only
10,feature_0 <= 0.058 AND feature_0 <= -0.982 AND feature_1 <= 0.16 AND feature_0 <= -1.716 AND feature_0 <= -2.195 AND feature_1 <= -0.267 AND feature_3 <= -0.36 AND feature_1 <= -0.552 AND feature_2 <= -0.296 AND feature_0 <= -2.59,"{'feature_0': (-4.695, -2.59), 'feature_1': (-4.202, -0.552), 'feature_3': (-4.344, -0.36), 'feature_2': (-4.532, -0.296)}",4,2.477,10,[Pretrained] CF,"[1, 2, 3, 4, 5, 6, 7, 8, 9]",2.72,2.72,ResOve,[Pretrained] CF ResOve,0.27,0,0.27,3768,25,0.0,5,0.24300000000000033,0.0,hte_only
3429,feature_0 > 0.058 AND feature_0 > 0.946 AND feature_1 <= 0.743 AND feature_0 > 1.577 AND feature_0 > 2.049 AND feature_1 <= 0.008 AND feature_0 > 2.265 AND feature_6 <= -0.096 AND feature_1 <= -0.251 AND feature_3 <= 1.219 AND feature_5 > 0.041 AND feature_0 > 2.422,"{'feature_0': (2.422, 4.577), 'feature_1': (-4.202, -0.251), 'feature_6': (-4.852, -0.096), 'feature_3': (-4.344, 1.219), 'feature_5': (0.041, 4.284)}",5,2.55,12,[Pretrained] CF,"[1946, 2936, 2937, 3253, 3393, 3394, 3420, 3421, 3422, 3423, 3427]",3.127,3.127,NoOve,[Pretrained] CF NoOve,0.012,0,0.012,3768,60,0.0,5,0.577,0.0,hte_only
3425,feature_0 > 0.058 AND feature_0 > 0.946 AND feature_1 <= 0.743 AND feature_0 > 1.577 AND feature_0 > 2.049 AND feature_1 <= 0.008 AND feature_0 > 2.265 AND feature_6 <= -0.096 AND feature_1 <= -0.251 AND feature_3 <= 1.219 AND feature_5 <= 0.041 AND feature_2 <= 0.288,"{'feature_0': (2.265, 4.577), 'feature_1': (-4.202, -0.251), 'feature_6': (-4.852, -0.096), 'feature_3': (-4.344, 1.219), 'feature_5': (-4.895, 0.041), 'feature_2': (-4.532, 0.288)}",6,2.475,12,[Pretrained] CF,"[1946, 2936, 2937, 3253, 3393, 3394, 3420, 3421, 3422, 3423, 3424]",3.035,3.035,NoOve,[Pretrained] CF NoOve,0.012,0,0.012,3768,66,0.0,5,0.56,0.0,hte_only
3428,feature_0 > 0.058 AND feature_0 > 0.946 AND feature_1 <= 0.743 AND feature_0 > 1.577 AND feature_0 > 2.049 AND feature_1 <= 0.008 AND feature_0 > 2.265 AND feature_6 <= -0.096 AND feature_1 <= -0.251 AND feature_3 <= 1.219 AND feature_5 > 0.041 AND feature_0 <= 2.422,"{'feature_0': (2.265, 2.422), 'feature_1': (-4.202, -0.251), 'feature_6': (-4.852, -0.096), 'feature_3': (-4.344, 1.219), 'feature_5': (0.041, 4.284)}",5,2.463,12,[Pretrained] CF,"[1946, 2936, 2937, 3253, 3393, 3394, 3420, 3421, 3422, 3423, 3427]",2.665,2.665,NoOve,[Pretrained] CF NoOve,0.012,0,0.012,3768,27,0.0,5,0.20199999999999996,0.0,hte_only
3410,feature_0 > 0.058 AND feature_0 > 0.946 AND feature_1 <= 0.743 AND feature_0 > 1.577 AND feature_0 > 2.049 AND feature_1 <= 0.008 AND feature_0 <= 2.265 AND feature_3 <= 0.959 AND feature_0 > 2.155 AND feature_2 <= -0.181 AND feature_1 <= -0.473 AND feature_8 > -0.113,"{'feature_0': (2.155, 2.265), 'feature_1': (-4.202, -0.473), 'feature_3': (-4.344, 0.959), 'feature_2': (-4.532, -0.181), 'feature_8': (-0.113, 4.699)}",5,2.408,12,[Pretrained] CF,"[1946, 2936, 2937, 3253, 3393, 3394, 3395, 3396, 3406, 3407, 3408]",2.53,2.53,NoOve,[Pretrained] CF NoOve,0.012,0,0.012,3768,26,0.0,5,0.12199999999999989,0.0,hte_only
3426,feature_0 > 0.058 AND feature_0 > 0.946 AND feature_1 <= 0.743 AND feature_0 > 1.577 AND feature_0 > 2.049 AND feature_1 <= 0.008 AND feature_0 > 2.265 AND feature_6 <= -0.096 AND feature_1 <= -0.251 AND feature_3 <= 1.219 AND feature_5 <= 0.041 AND feature_2 > 0.288,"{'feature_0': (2.265, 4.577), 'feature_1': (-4.202, -0.251), 'feature_6': (-4.852, -0.096), 'feature_3': (-4.344, 1.219), 'feature_5': (-4.895, 0.041), 'feature_2': (0.288, 4.286)}",6,2.363,12,[Pretrained] CF,"[1946, 2936, 2937, 3253, 3393, 3394, 3420, 3421, 3422, 3423, 3424]",3.091,3.091,NoOve,[Pretrained] CF NoOve,0.012,0,0.012,3768,32,0.0,5,0.7280000000000002,0.0,hte_only
3107,feature_0 > 0.058 AND feature_0 > 0.946 AND feature_1 <= 0.743 AND feature_0 <= 1.577 AND feature_1 <= 0.104 AND feature_0 > 1.253 AND feature_0 > 1.458 AND feature_1 <= -0.199 AND feature_8 > -0.206 AND feature_7 > -0.276 AND feature_0 > 1.527 AND feature_5 <= 0.469,"{'feature_0': (1.527, 1.577), 'feature_1': (-4.202, -0.199), 'feature_8': (-0.206, 4.699), 'feature_7': (-0.276, 4.28), 'feature_5': (-4.895, 0.469)}",5,1.933,12,[Pretrained] CF,"[1946, 2936, 2937, 2938, 2939, 3023, 3079, 3080, 3094, 3102, 3106]",1.894,1.894,Random,[Pretrained] CF Random,0.003,0,0.003,3768,41,0.0,5,0.039000000000000146,0.0,hte_only
3032,feature_0 > 0.058 AND feature_0 > 0.946 AND feature_1 <= 0.743 AND feature_0 <= 1.577 AND feature_1 <= 0.104 AND feature_0 > 1.253 AND feature_0 <= 1.458 AND feature_1 <= -0.473 AND feature_0 <= 1.329 AND feature_9 > -0.759,"{'feature_0': (1.253, 1.329), 'feature_1': (-4.202, -0.473), 'feature_9': (-0.759, 4.08)}",3,1.615,10,[Pretrained] CF,"[1946, 2936, 2937, 2938, 2939, 3023, 3024, 3025, 3026]",1.607,1.607,Random,[Pretrained] CF Random,0.003,0,0.003,3768,289,0.0,5,0.008000000000000007,0.0,hte_only
2049,feature_0 > 0.058 AND feature_0 <= 0.946 AND feature_1 <= 0.771 AND feature_0 <= 0.647 AND feature_1 <= -0.652 AND feature_1 > -1.007 AND feature_0 <= 0.404 AND feature_0 <= 0.098 AND feature_0 <= 0.077 AND feature_1 > -0.923 AND feature_2 > -0.031,"{'feature_0': (0.058, 0.077), 'feature_1': (-0.923, -0.652), 'feature_2': (-0.031, 4.286)}",3,0.665,11,[Pretrained] CF,"[1946, 1947, 1948, 1949, 1950, 2042, 2043, 2044, 2045, 2047]",0.448,0.448,Random,[Pretrained] CF Random,0.003,0,0.003,3768,25,0.0,5,0.21700000000000003,0.0,hte_only
272,feature_0 <= 0.058 AND feature_0 <= -0.982 AND feature_1 <= 0.16 AND feature_0 > -1.716 AND feature_0 > -1.47 AND feature_1 <= -0.027 AND feature_0 <= -1.072 AND feature_2 > 0.635 AND feature_1 <= -0.752 AND feature_6 > -0.256,"{'feature_0': (-1.47, -1.072), 'feature_1': (-4.202, -0.752), 'feature_2': (0.635, 4.286), 'feature_6': (-0.256, 4.078)}",4,0.857,10,[Pretrained] CF,"[1, 2, 3, 143, 231, 232, 233, 263, 264]",1.007,1.007,Random,[Pretrained] CF Random,0.003,0,0.003,3768,271,0.0,5,0.1499999999999999,0.0,hte_only
1179,feature_0 <= 0.058 AND feature_0 > -0.982 AND feature_1 <= 0.164 AND feature_0 > -0.216 AND feature_1 <= -0.913 AND feature_0 > -0.109 AND feature_1 <= -1.438 AND feature_2 <= 1.037 AND feature_0 <= 0.018 AND feature_4 <= -0.979,"{'feature_0': (-0.109, 0.018), 'feature_1': (-4.202, -1.438), 'feature_2': (-4.532, 1.037), 'feature_4': (-4.13, -0.979)}",4,0.125,10,[Pretrained] CF,"[1, 771, 772, 1126, 1127, 1175, 1176, 1177, 1178]",0.122,0.122,Random,[Pretrained] CF Random,0.003,0,0.003,3768,43,0.0,5,0.0030000000000000027,0.0,hte_only
3765,feature_0 > 0.058 AND feature_0 > 0.946 AND feature_1 > 0.743 AND feature_1 > 1.568 AND feature_0 > 1.289 AND feature_0 > 1.832 AND feature_1 > 1.8 AND feature_4 <= 0.223 AND feature_1 > 2.183,"{'feature_0': (1.832, 4.577), 'feature_1': (2.183, 4.438), 'feature_4': (-4.13, 0.223)}",3,3.805,9,[Pretrained] CF,"[1946, 2936, 3494, 3694, 3732, 3756, 3762, 3763]",4.709,4.698,OptRes,[Pretrained] CF OptRes,0.01,0,0.01,3768,21,0.14421128187806115,5,0.9039999999999995,0.010999999999999233,rest
3763,feature_0 > 0.058 AND feature_0 > 0.946 AND feature_1 > 0.743 AND feature_1 > 1.568 AND feature_0 > 1.289 AND feature_0 > 1.832 AND feature_1 > 1.8 AND feature_4 <= 0.223,"{'feature_0': (1.832, 4.577), 'feature_1': (1.8, 4.438), 'feature_4': (-4.13, 0.223)}",3,3.75,8,[Pretrained] CF,"[1946, 2936, 3494, 3694, 3732, 3756, 3762]",4.439,4.431,OptRes,[Pretrained] CF OptRes,0.01,0,0.01,3768,49,0.19002280020266848,5,0.6890000000000001,0.008000000000000007,rest
3768,feature_0 > 0.058 AND feature_0 > 0.946 AND feature_1 > 0.743 AND feature_1 > 1.568 AND feature_0 > 1.289 AND feature_0 > 1.832 AND feature_1 > 1.8 AND feature_4 > 0.223 AND feature_0 > 1.977,"{'feature_0': (1.977, 4.577), 'feature_1': (1.8, 4.438), 'feature_4': (0.223, 4.717)}",3,3.656,9,[Pretrained] CF,"[1946, 2936, 3494, 3694, 3732, 3756, 3762, 3766]",4.679,4.687,OptRes,[Pretrained] CF OptRes,0.01,0,0.01,3768,28,0.04319371727748691,5,1.0230000000000001,0.008000000000000007,rest
3756,feature_0 > 0.058 AND feature_0 > 0.946 AND feature_1 > 0.743 AND feature_1 > 1.568 AND feature_0 > 1.289 AND feature_0 > 1.832,"{'feature_0': (1.832, 4.577), 'feature_1': (1.568, 4.438)}",2,3.61,6,[Pretrained] CF,"[1946, 2936, 3494, 3694, 3732]",4.329,4.341,OptRes,[Pretrained] CF OptRes,0.01,0,0.01,3768,154,0.21465968586387435,5,0.7189999999999999,0.012000000000000455,rest
3759,feature_0 > 0.058 AND feature_0 > 0.946 AND feature_1 > 0.743 AND feature_1 > 1.568 AND feature_0 > 1.289 AND feature_0 > 1.832 AND feature_1 <= 1.8 AND feature_0 > 2.096,"{'feature_0': (2.096, 4.577), 'feature_1': (1.568, 1.8)}",2,3.581,8,[Pretrained] CF,"[1946, 2936, 3494, 3694, 3732, 3756, 3757]",4.389,4.411,OptRes,[Pretrained] CF OptRes,0.01,0,0.01,3768,36,0.0549738219895288,5,0.8080000000000003,0.021999999999999353,rest
3768,feature_0 > 0.058 AND feature_0 > 0.946 AND feature_1 > 0.743 AND feature_1 > 1.568 AND feature_0 > 1.289 AND feature_0 > 1.832 AND feature_1 > 1.8 AND feature_4 > 0.223 AND feature_0 > 1.977,"{'feature_0': (1.977, 4.577), 'feature_1': (1.8, 4.438), 'feature_4': (0.223, 4.717)}",3,3.656,9,[Pretrained] CF,"[1946, 2936, 3494, 3694, 3732, 3756, 3762, 3766]",4.679,4.687,ResOve,[Pretrained] CF ResOve,1.024,0,1.024,3768,28,0.0,5,1.0230000000000001,0.008000000000000007,rest
3765,feature_0 > 0.058 AND feature_0 > 0.946 AND feature_1 > 0.743 AND feature_1 > 1.568 AND feature_0 > 1.289 AND feature_0 > 1.832 AND feature_1 > 1.8 AND feature_4 <= 0.223 AND feature_1 > 2.183,"{'feature_0': (1.832, 4.577), 'feature_1': (2.183, 4.438), 'feature_4': (-4.13, 0.223)}",3,3.805,9,[Pretrained] CF,"[1946, 2936, 3494, 3694, 3732, 3756, 3762, 3763]",4.709,4.698,ResOve,[Pretrained] CF ResOve,1.024,0,1.024,3768,21,0.0,5,0.9039999999999995,0.010999999999999233,rest
3764,feature_0 > 0.058 AND feature_0 > 0.946 AND feature_1 > 0.743 AND feature_1 > 1.568 AND feature_0 > 1.289 AND feature_0 > 1.832 AND feature_1 > 1.8 AND feature_4 <= 0.223 AND feature_1 <= 2.183,"{'feature_0': (1.832, 4.577), 'feature_1': (1.8, 2.183), 'feature_4': (-4.13, 0.223)}",3,3.708,9,[Pretrained] CF,"[1946, 2936, 3494, 3694, 3732, 3756, 3762, 3763]",4.231,4.231,ResOve,[Pretrained] CF ResOve,1.024,0,1.024,3768,28,0.0,5,0.5229999999999997,0.0,rest
3759,feature_0 > 0.058 AND feature_0 > 0.946 AND feature_1 > 0.743 AND feature_1 > 1.568 AND feature_0 > 1.289 AND feature_0 > 1.832 AND feature_1 <= 1.8 AND feature_0 > 2.096,"{'feature_0': (2.096, 4.577), 'feature_1': (1.568, 1.8)}",2,3.581,8,[Pretrained] CF,"[1946, 2936, 3494, 3694, 3732, 3756, 3757]",4.389,4.411,ResOve,[Pretrained] CF ResOve,1.024,0,1.024,3768,36,0.0,5,0.8080000000000003,0.021999999999999353,rest
3753,feature_0 > 0.058 AND feature_0 > 0.946 AND feature_1 > 0.743 AND feature_1 > 1.568 AND feature_0 > 1.289 AND feature_0 <= 1.832 AND feature_1 > 1.664 AND feature_0 > 1.63 AND feature_2 > -0.178,"{'feature_0': (1.63, 1.832), 'feature_1': (1.664, 4.438), 'feature_2': (-0.178, 4.286)}",3,3.535,9,[Pretrained] CF,"[1946, 2936, 3494, 3694, 3732, 3733, 3737, 3751]",3.93,3.913,ResOve,[Pretrained] CF ResOve,1.024,0,1.024,3768,45,0.0,5,0.395,0.017000000000000348,rest
3765,feature_0 > 0.058 AND feature_0 > 0.946 AND feature_1 > 0.743 AND feature_1 > 1.568 AND feature_0 > 1.289 AND feature_0 > 1.832 AND feature_1 > 1.8 AND feature_4 <= 0.223 AND feature_1 > 2.183,"{'feature_0': (1.832, 4.577), 'feature_1': (2.183, 4.438), 'feature_4': (-4.13, 0.223)}",3,3.805,9,[Pretrained] CF,"[1946, 2936, 3494, 3694, 3732, 3756, 3762, 3763]",4.709,4.698,NoOve,[Pretrained] CF NoOve,0.017,0,0.017,3768,21,0.0,5,0.9039999999999995,0.010999999999999233,rest
3764,feature_0 > 0.058 AND feature_0 > 0.946 AND feature_1 > 0.743 AND feature_1 > 1.568 AND feature_0 > 1.289 AND feature_0 > 1.832 AND feature_1 > 1.8 AND feature_4 <= 0.223 AND feature_1 <= 2.183,"{'feature_0': (1.832, 4.577), 'feature_1': (1.8, 2.183), 'feature_4': (-4.13, 0.223)}",3,3.708,9,[Pretrained] CF,"[1946, 2936, 3494, 3694, 3732, 3756, 3762, 3763]",4.231,4.231,NoOve,[Pretrained] CF NoOve,0.017,0,0.017,3768,28,0.0,5,0.5229999999999997,0.0,rest
3768,feature_0 > 0.058 AND feature_0 > 0.946 AND feature_1 > 0.743 AND feature_1 > 1.568 AND feature_0 > 1.289 AND feature_0 > 1.832 AND feature_1 > 1.8 AND feature_4 > 0.223 AND feature_0 > 1.977,"{'feature_0': (1.977, 4.577), 'feature_1': (1.8, 4.438), 'feature_4': (0.223, 4.717)}",3,3.656,9,[Pretrained] CF,"[1946, 2936, 3494, 3694, 3732, 3756, 3762, 3766]",4.679,4.687,NoOve,[Pretrained] CF NoOve,0.017,0,0.017,3768,28,0.0,5,1.0230000000000001,0.008000000000000007,rest
3753,feature_0 > 0.058 AND feature_0 > 0.946 AND feature_1 > 0.743 AND feature_1 > 1.568 AND feature_0 > 1.289 AND feature_0 <= 1.832 AND feature_1 > 1.664 AND feature_0 > 1.63 AND feature_2 > -0.178,"{'feature_0': (1.63, 1.832), 'feature_1': (1.664, 4.438), 'feature_2': (-0.178, 4.286)}",3,3.535,9,[Pretrained] CF,"[1946, 2936, 3494, 3694, 3732, 3733, 3737, 3751]",3.93,3.913,NoOve,[Pretrained] CF NoOve,0.017,0,0.017,3768,45,0.0,5,0.395,0.017000000000000348,rest
3748,feature_0 > 0.058 AND feature_0 > 0.946 AND feature_1 > 0.743 AND feature_1 > 1.568 AND feature_0 > 1.289 AND feature_0 <= 1.832 AND feature_1 > 1.664 AND feature_0 <= 1.63 AND feature_1 > 2.181,"{'feature_0': (1.289, 1.63), 'feature_1': (2.181, 4.438)}",2,3.437,9,[Pretrained] CF,"[1946, 2936, 3494, 3694, 3732, 3733, 3737, 3738]",4.018,4.005,NoOve,[Pretrained] CF NoOve,0.017,0,0.017,3768,57,0.0,5,0.581,0.0129999999999999,rest
3723,feature_0 > 0.058 AND feature_0 > 0.946 AND feature_1 > 0.743 AND feature_1 > 1.568 AND feature_0 <= 1.289 AND feature_1 > 1.852 AND feature_0 > 0.995 AND feature_1 > 2.007,"{'feature_0': (0.995, 1.289), 'feature_1': (2.007, 4.438)}",2,3.143,8,[Pretrained] CF,"[1946, 2936, 3494, 3694, 3695, 3713, 3717]",3.591,3.587,Random,[Pretrained] CF Random,0.004,0,0.004,3768,118,0.0,5,0.4480000000000004,0.0040000000000000036,rest
2633,feature_0 > 0.058 AND feature_0 <= 0.946 AND feature_1 > 0.771 AND feature_1 <= 1.148 AND feature_0 > 0.542 AND feature_0 <= 0.787 AND feature_1 <= 0.955 AND feature_2 <= -0.309 AND feature_1 > 0.822 AND feature_8 <= 0.025 AND feature_4 <= -0.157,"{'feature_0': (0.542, 0.787), 'feature_1': (0.822, 0.955), 'feature_2': (-4.532, -0.309), 'feature_8': (-4.447, 0.025), 'feature_4': (-4.13, -0.157)}",5,1.918,11,[Pretrained] CF,"[1946, 1947, 2521, 2522, 2624, 2625, 2626, 2627, 2631, 2632]",1.894,1.899,Random,[Pretrained] CF Random,0.004,0,0.004,3768,23,0.0,5,0.02400000000000002,0.0050000000000001155,rest
961,feature_0 <= 0.058 AND feature_0 > -0.982 AND feature_1 <= 0.164 AND feature_0 <= -0.216 AND feature_1 <= -0.449 AND feature_1 > -1.153 AND feature_0 > -0.866 AND feature_0 > -0.404 AND feature_2 > 1.05 AND feature_1 > -0.948 AND feature_7 > 0.183 AND feature_4 <= 0.222,"{'feature_0': (-0.404, -0.216), 'feature_1': (-0.948, -0.449), 'feature_2': (1.05, 4.286), 'feature_7': (0.183, 4.28), 'feature_4': (-4.13, 0.222)}",5,0.022,12,[Pretrained] CF,"[1, 771, 772, 773, 774, 870, 904, 936, 952, 956, 960]",0.089,0.092,Random,[Pretrained] CF Random,0.004,0,0.004,3768,35,0.0,5,0.067,0.0030000000000000027,rest
1366,feature_0 <= 0.058 AND feature_0 > -0.982 AND feature_1 <= 0.164 AND feature_0 > -0.216 AND feature_1 > -0.913 AND feature_0 > -0.125 AND feature_1 > -0.197 AND feature_0 <= 0.016 AND feature_1 <= 0.033 AND feature_4 > 1.021,"{'feature_0': (-0.125, 0.016), 'feature_1': (-0.197, 0.033), 'feature_4': (1.021, 4.717)}",3,0.653,10,[Pretrained] CF,"[1, 771, 772, 1126, 1234, 1308, 1356, 1357, 1358]",0.601,0.599,Random,[Pretrained] CF Random,0.004,0,0.004,3768,54,0.0,5,0.052000000000000046,0.0020000000000000018,rest
1248,feature_0 <= 0.058 AND feature_0 > -0.982 AND feature_1 <= 0.164 AND feature_0 > -0.216 AND feature_1 > -0.913 AND feature_0 <= -0.125 AND feature_1 <= -0.18 AND feature_2 <= 0.436 AND feature_1 <= -0.442 AND feature_0 > -0.158 AND feature_6 <= 0.346 AND feature_7 <= -0.162,"{'feature_0': (-0.158, -0.125), 'feature_1': (-0.913, -0.442), 'feature_2': (-4.532, 0.436), 'feature_6': (-4.852, 0.346), 'feature_7': (-4.375, -0.162)}",5,0.256,12,[Pretrained] CF,"[1, 771, 772, 1126, 1234, 1235, 1236, 1237, 1238, 1246, 1247]",0.295,0.291,Random,[Pretrained] CF Random,0.004,0,0.004,3768,21,0.0,5,0.03899999999999998,0.0040000000000000036,rest
3765,feature_0 > 0.058 AND feature_0 > 0.946 AND feature_1 > 0.743 AND feature_1 > 1.568 AND feature_0 > 1.289 AND feature_0 > 1.832 AND feature_1 > 1.8 AND feature_4 <= 0.223 AND feature_1 > 2.183,"{'feature_0': (1.832, 4.577), 'feature_1': (2.183, 4.438), 'feature_4': (-4.13, 0.223)}",3,3.805,9,[Pretrained] CF,"[1946, 2936, 3494, 3694, 3732, 3756, 3762, 3763]",4.709,4.69,OptRes,[Pretrained] CF OptRes,0.011,0,0.011,3768,26,0.14421128187806115,5,0.9039999999999995,0.01899999999999924,all
3763,feature_0 > 0.058 AND feature_0 > 0.946 AND feature_1 > 0.743 AND feature_1 > 1.568 AND feature_0 > 1.289 AND feature_0 > 1.832 AND feature_1 > 1.8 AND feature_4 <= 0.223,"{'feature_0': (1.832, 4.577), 'feature_1': (1.8, 4.438), 'feature_4': (-4.13, 0.223)}",3,3.75,8,[Pretrained] CF,"[1946, 2936, 3494, 3694, 3732, 3756, 3762]",4.439,4.437,OptRes,[Pretrained] CF OptRes,0.011,0,0.011,3768,59,0.19002280020266848,5,0.6890000000000001,0.0019999999999997797,all
3768,feature_0 > 0.058 AND feature_0 > 0.946 AND feature_1 > 0.743 AND feature_1 > 1.568 AND feature_0 > 1.289 AND feature_0 > 1.832 AND feature_1 > 1.8 AND feature_4 > 0.223 AND feature_0 > 1.977,"{'feature_0': (1.977, 4.577), 'feature_1': (1.8, 4.438), 'feature_4': (0.223, 4.717)}",3,3.656,9,[Pretrained] CF,"[1946, 2936, 3494, 3694, 3732, 3756, 3762, 3766]",4.679,4.752,OptRes,[Pretrained] CF OptRes,0.011,0,0.011,3768,26,0.04319371727748691,5,1.0230000000000001,0.07299999999999951,all
3756,feature_0 > 0.058 AND feature_0 > 0.946 AND feature_1 > 0.743 AND feature_1 > 1.568 AND feature_0 > 1.289 AND feature_0 > 1.832,"{'feature_0': (1.832, 4.577), 'feature_1': (1.568, 4.438)}",2,3.61,6,[Pretrained] CF,"[1946, 2936, 3494, 3694, 3732]",4.329,4.346,OptRes,[Pretrained] CF OptRes,0.011,0,0.011,3768,171,0.21465968586387435,5,0.7189999999999999,0.017000000000000348,all
3759,feature_0 > 0.058 AND feature_0 > 0.946 AND feature_1 > 0.743 AND feature_1 > 1.568 AND feature_0 > 1.289 AND feature_0 > 1.832 AND feature_1 <= 1.8 AND feature_0 > 2.096,"{'feature_0': (2.096, 4.577), 'feature_1': (1.568, 1.8)}",2,3.581,8,[Pretrained] CF,"[1946, 2936, 3494, 3694, 3732, 3756, 3757]",4.389,4.408,OptRes,[Pretrained] CF OptRes,0.011,0,0.011,3768,38,0.0549738219895288,5,0.8080000000000003,0.019000000000000128,all
3768,feature_0 > 0.058 AND feature_0 > 0.946 AND feature_1 > 0.743 AND feature_1 > 1.568 AND feature_0 > 1.289 AND feature_0 > 1.832 AND feature_1 > 1.8 AND feature_4 > 0.223 AND feature_0 > 1.977,"{'feature_0': (1.977, 4.577), 'feature_1': (1.8, 4.438), 'feature_4': (0.223, 4.717)}",3,3.656,9,[Pretrained] CF,"[1946, 2936, 3494, 3694, 3732, 3756, 3762, 3766]",4.679,4.752,ResOve,[Pretrained] CF ResOve,1.036,0,1.036,3768,26,0.0,5,1.0230000000000001,0.07299999999999951,all
3765,feature_0 > 0.058 AND feature_0 > 0.946 AND feature_1 > 0.743 AND feature_1 > 1.568 AND feature_0 > 1.289 AND feature_0 > 1.832 AND feature_1 > 1.8 AND feature_4 <= 0.223 AND feature_1 > 2.183,"{'feature_0': (1.832, 4.577), 'feature_1': (2.183, 4.438), 'feature_4': (-4.13, 0.223)}",3,3.805,9,[Pretrained] CF,"[1946, 2936, 3494, 3694, 3732, 3756, 3762, 3763]",4.709,4.69,ResOve,[Pretrained] CF ResOve,1.036,0,1.036,3768,26,0.0,5,0.9039999999999995,0.01899999999999924,all
3764,feature_0 > 0.058 AND feature_0 > 0.946 AND feature_1 > 0.743 AND feature_1 > 1.568 AND feature_0 > 1.289 AND feature_0 > 1.832 AND feature_1 > 1.8 AND feature_4 <= 0.223 AND feature_1 <= 2.183,"{'feature_0': (1.832, 4.577), 'feature_1': (1.8, 2.183), 'feature_4': (-4.13, 0.223)}",3,3.708,9,[Pretrained] CF,"[1946, 2936, 3494, 3694, 3732, 3756, 3762, 3763]",4.231,4.238,ResOve,[Pretrained] CF ResOve,1.036,0,1.036,3768,33,0.0,5,0.5229999999999997,0.007000000000000561,all
3759,feature_0 > 0.058 AND feature_0 > 0.946 AND feature_1 > 0.743 AND feature_1 > 1.568 AND feature_0 > 1.289 AND feature_0 > 1.832 AND feature_1 <= 1.8 AND feature_0 > 2.096,"{'feature_0': (2.096, 4.577), 'feature_1': (1.568, 1.8)}",2,3.581,8,[Pretrained] CF,"[1946, 2936, 3494, 3694, 3732, 3756, 3757]",4.389,4.408,ResOve,[Pretrained] CF ResOve,1.036,0,1.036,3768,38,0.0,5,0.8080000000000003,0.019000000000000128,all
3753,feature_0 > 0.058 AND feature_0 > 0.946 AND feature_1 > 0.743 AND feature_1 > 1.568 AND feature_0 > 1.289 AND feature_0 <= 1.832 AND feature_1 > 1.664 AND feature_0 > 1.63 AND feature_2 > -0.178,"{'feature_0': (1.63, 1.832), 'feature_1': (1.664, 4.438), 'feature_2': (-0.178, 4.286)}",3,3.535,9,[Pretrained] CF,"[1946, 2936, 3494, 3694, 3732, 3733, 3737, 3751]",3.93,3.911,ResOve,[Pretrained] CF ResOve,1.036,0,1.036,3768,49,0.0,5,0.395,0.019000000000000128,all
3765,feature_0 > 0.058 AND feature_0 > 0.946 AND feature_1 > 0.743 AND feature_1 > 1.568 AND feature_0 > 1.289 AND feature_0 > 1.832 AND feature_1 > 1.8 AND feature_4 <= 0.223 AND feature_1 > 2.183,"{'feature_0': (1.832, 4.577), 'feature_1': (2.183, 4.438), 'feature_4': (-4.13, 0.223)}",3,3.805,9,[Pretrained] CF,"[1946, 2936, 3494, 3694, 3732, 3756, 3762, 3763]",4.709,4.69,NoOve,[Pretrained] CF NoOve,0.016,0,0.016,3768,26,0.0,5,0.9039999999999995,0.01899999999999924,all
3764,feature_0 > 0.058 AND feature_0 > 0.946 AND feature_1 > 0.743 AND feature_1 > 1.568 AND feature_0 > 1.289 AND feature_0 > 1.832 AND feature_1 > 1.8 AND feature_4 <= 0.223 AND feature_1 <= 2.183,"{'feature_0': (1.832, 4.577), 'feature_1': (1.8, 2.183), 'feature_4': (-4.13, 0.223)}",3,3.708,9,[Pretrained] CF,"[1946, 2936, 3494, 3694, 3732, 3756, 3762, 3763]",4.231,4.238,NoOve,[Pretrained] CF NoOve,0.016,0,0.016,3768,33,0.0,5,0.5229999999999997,0.007000000000000561,all
3768,feature_0 > 0.058 AND feature_0 > 0.946 AND feature_1 > 0.743 AND feature_1 > 1.568 AND feature_0 > 1.289 AND feature_0 > 1.832 AND feature_1 > 1.8 AND feature_4 > 0.223 AND feature_0 > 1.977,"{'feature_0': (1.977, 4.577), 'feature_1': (1.8, 4.438), 'feature_4': (0.223, 4.717)}",3,3.656,9,[Pretrained] CF,"[1946, 2936, 3494, 3694, 3732, 3756, 3762, 3766]",4.679,4.752,NoOve,[Pretrained] CF NoOve,0.016,0,0.016,3768,26,0.0,5,1.0230000000000001,0.07299999999999951,all
3753,feature_0 > 0.058 AND feature_0 > 0.946 AND feature_1 > 0.743 AND feature_1 > 1.568 AND feature_0 > 1.289 AND feature_0 <= 1.832 AND feature_1 > 1.664 AND feature_0 > 1.63 AND feature_2 > -0.178,"{'feature_0': (1.63, 1.832), 'feature_1': (1.664, 4.438), 'feature_2': (-0.178, 4.286)}",3,3.535,9,[Pretrained] CF,"[1946, 2936, 3494, 3694, 3732, 3733, 3737, 3751]",3.93,3.911,NoOve,[Pretrained] CF NoOve,0.016,0,0.016,3768,49,0.0,5,0.395,0.019000000000000128,all
3748,feature_0 > 0.058 AND feature_0 > 0.946 AND feature_1 > 0.743 AND feature_1 > 1.568 AND feature_0 > 1.289 AND feature_0 <= 1.832 AND feature_1 > 1.664 AND feature_0 <= 1.63 AND feature_1 > 2.181,"{'feature_0': (1.289, 1.63), 'feature_1': (2.181, 4.438)}",2,3.437,9,[Pretrained] CF,"[1946, 2936, 3494, 3694, 3732, 3733, 3737, 3738]",4.018,4.018,NoOve,[Pretrained] CF NoOve,0.016,0,0.016,3768,66,0.0,5,0.581,0.0,all
2662,feature_0 > 0.058 AND feature_0 <= 0.946 AND feature_1 > 0.771 AND feature_1 <= 1.148 AND feature_0 > 0.542 AND feature_0 <= 0.787 AND feature_1 > 0.955 AND feature_2 > -0.47 AND feature_1 <= 1.029,"{'feature_0': (0.542, 0.787), 'feature_1': (0.955, 1.029), 'feature_2': (-0.47, 4.286)}",3,1.863,9,[Pretrained] CF,"[1946, 1947, 2521, 2522, 2624, 2625, 2651, 2661]",1.974,1.97,Random,[Pretrained] CF Random,0.011,0,0.011,3768,90,0.0,5,0.11099999999999999,0.0040000000000000036,all
1629,feature_0 <= 0.058 AND feature_0 > -0.982 AND feature_1 > 0.164 AND feature_1 <= 1.51 AND feature_0 > -0.397 AND feature_1 <= 0.802 AND feature_0 <= -0.122 AND feature_1 > 0.254 AND feature_3 > -0.935 AND feature_1 <= 0.749,"{'feature_0': (-0.397, -0.122), 'feature_1': (0.254, 0.749), 'feature_3': (-0.935, 4.384)}",3,0.705,10,[Pretrained] CF,"[1, 771, 1393, 1394, 1588, 1589, 1590, 1612, 1628]",0.715,0.713,Random,[Pretrained] CF Random,0.011,0,0.011,3768,1352,0.0,5,0.010000000000000009,0.0020000000000000018,all
74,feature_0 <= 0.058 AND feature_0 <= -0.982 AND feature_1 <= 0.16 AND feature_0 <= -1.716 AND feature_0 > -2.195 AND feature_1 <= -0.008 AND feature_0 <= -1.941 AND feature_1 <= -0.415 AND feature_3 <= 0.621 AND feature_0 > -2.126 AND feature_3 > -0.463 AND feature_5 > -1.21,"{'feature_0': (-2.126, -1.941), 'feature_1': (-4.202, -0.415), 'feature_3': (-0.463, 0.621), 'feature_5': (-1.21, 4.284)}",4,1.646,12,[Pretrained] CF,"[1, 2, 3, 4, 58, 59, 60, 61, 62, 68, 72]",1.724,1.727,Random,[Pretrained] CF Random,0.011,0,0.011,3768,100,0.0,5,0.07800000000000007,0.0030000000000001137,all
2303,feature_0 > 0.058 AND feature_0 <= 0.946 AND feature_1 <= 0.771 AND feature_0 > 0.647 AND feature_1 <= 0.108 AND feature_1 <= -0.977 AND feature_0 <= 0.775 AND feature_1 > -1.23,"{'feature_0': (0.647, 0.775), 'feature_1': (-1.23, -0.977)}",2,0.973,8,[Pretrained] CF,"[1946, 1947, 1948, 2284, 2285, 2286, 2287]",1.002,1.001,Random,[Pretrained] CF Random,0.011,0,0.011,3768,216,0.0,5,0.029000000000000026,0.001000000000000112,all
1890,feature_0 <= 0.058 AND feature_0 > -0.982 AND feature_1 > 0.164 AND feature_1 > 1.51 AND feature_0 > -0.428 AND feature_1 <= 1.75 AND feature_0 > -0.174 AND feature_1 > 1.571 AND feature_2 > -0.118 AND feature_0 > -0.111,"{'feature_0': (-0.111, 0.058), 'feature_1': (1.571, 1.75), 'feature_2': (-0.118, 4.286)}",3,1.806,10,[Pretrained] CF,"[1, 771, 1393, 1773, 1855, 1856, 1876, 1882, 1888]",1.805,1.806,Random,[Pretrained] CF Random,0.011,0,0.011,3768,58,0.0,5,0.001000000000000112,0.001000000000000112,all
3765,feature_0 > 0.058 AND feature_0 > 0.946 AND feature_1 > 0.743 AND feature_1 > 1.568 AND feature_0 > 1.289 AND feature_0 > 1.832 AND feature_1 > 1.8 AND feature_4 <= 0.223 AND feature_1 > 2.183,"{'feature_0': (1.832, 4.577), 'feature_1': (2.183, 4.438), 'feature_4': (-4.13, 0.223)}",3,3.805,9,[Pretrained] CF,"[1946, 2936, 3494, 3694, 3732, 3756, 3762, 3763]",4.709,4.709,OptRes,[Pretrained] CF OptRes,0.01,0,0.01,3768,27,0.14421128187806115,5,0.9039999999999995,0.0,hte_only
3763,feature_0 > 0.058 AND feature_0 > 0.946 AND feature_1 > 0.743 AND feature_1 > 1.568 AND feature_0 > 1.289 AND feature_0 > 1.832 AND feature_1 > 1.8 AND feature_4 <= 0.223,"{'feature_0': (1.832, 4.577), 'feature_1': (1.8, 4.438), 'feature_4': (-4.13, 0.223)}",3,3.75,8,[Pretrained] CF,"[1946, 2936, 3494, 3694, 3732, 3756, 3762]",4.439,4.439,OptRes,[Pretrained] CF OptRes,0.01,0,0.01,3768,62,0.19002280020266848,5,0.6890000000000001,0.0,hte_only
3768,feature_0 > 0.058 AND feature_0 > 0.946 AND feature_1 > 0.743 AND feature_1 > 1.568 AND feature_0 > 1.289 AND feature_0 > 1.832 AND feature_1 > 1.8 AND feature_4 > 0.223 AND feature_0 > 1.977,"{'feature_0': (1.977, 4.577), 'feature_1': (1.8, 4.438), 'feature_4': (0.223, 4.717)}",3,3.656,9,[Pretrained] CF,"[1946, 2936, 3494, 3694, 3732, 3756, 3762, 3766]",4.679,4.679,OptRes,[Pretrained] CF OptRes,0.01,0,0.01,3768,33,0.04319371727748691,5,1.0230000000000001,0.0,hte_only
3760,feature_0 > 0.058 AND feature_0 > 0.946 AND feature_1 > 0.743 AND feature_1 > 1.568 AND feature_0 > 1.289 AND feature_0 > 1.832 AND feature_1 <= 1.8 AND feature_0 > 2.096 AND feature_5 <= -0.017,"{'feature_0': (2.096, 4.577), 'feature_1': (1.568, 1.8), 'feature_5': (-4.895, -0.017)}",3,3.653,9,[Pretrained] CF,"[1946, 2936, 3494, 3694, 3732, 3756, 3757, 3759]",4.31,4.31,OptRes,[Pretrained] CF OptRes,0.01,0,0.01,3768,21,0.0274869109947644,5,0.6569999999999996,0.0,hte_only
3756,feature_0 > 0.058 AND feature_0 > 0.946 AND feature_1 > 0.743 AND feature_1 > 1.568 AND feature_0 > 1.289 AND feature_0 > 1.832,"{'feature_0': (1.832, 4.577), 'feature_1': (1.568, 4.438)}",2,3.61,6,[Pretrained] CF,"[1946, 2936, 3494, 3694, 3732]",4.329,4.329,OptRes,[Pretrained] CF OptRes,0.01,0,0.01,3768,191,0.18717277486910994,5,0.7189999999999999,0.0,hte_only
3768,feature_0 > 0.058 AND feature_0 > 0.946 AND feature_1 > 0.743 AND feature_1 > 1.568 AND feature_0 > 1.289 AND feature_0 > 1.832 AND feature_1 > 1.8 AND feature_4 > 0.223 AND feature_0 > 1.977,"{'feature_0': (1.977, 4.577), 'feature_1': (1.8, 4.438), 'feature_4': (0.223, 4.717)}",3,3.656,9,[Pretrained] CF,"[1946, 2936, 3494, 3694, 3732, 3756, 3762, 3766]",4.679,4.679,ResOve,[Pretrained] CF ResOve,0.57,0,0.57,3768,33,0.0,5,1.0230000000000001,0.0,hte_only
3765,feature_0 > 0.058 AND feature_0 > 0.946 AND feature_1 > 0.743 AND feature_1 > 1.568 AND feature_0 > 1.289 AND feature_0 > 1.832 AND feature_1 > 1.8 AND feature_4 <= 0.223 AND feature_1 > 2.183,"{'feature_0': (1.832, 4.577), 'feature_1': (2.183, 4.438), 'feature_4': (-4.13, 0.223)}",3,3.805,9,[Pretrained] CF,"[1946, 2936, 3494, 3694, 3732, 3756, 3762, 3763]",4.709,4.709,ResOve,[Pretrained] CF ResOve,0.57,0,0.57,3768,27,0.0,5,0.9039999999999995,0.0,hte_only
3764,feature_0 > 0.058 AND feature_0 > 0.946 AND feature_1 > 0.743 AND feature_1 > 1.568 AND feature_0 > 1.289 AND feature_0 > 1.832 AND feature_1 > 1.8 AND feature_4 <= 0.223 AND feature_1 <= 2.183,"{'feature_0': (1.832, 4.577), 'feature_1': (1.8, 2.183), 'feature_4': (-4.13, 0.223)}",3,3.708,9,[Pretrained] CF,"[1946, 2936, 3494, 3694, 3732, 3756, 3762, 3763]",4.231,4.231,ResOve,[Pretrained] CF ResOve,0.57,0,0.57,3768,35,0.0,5,0.5229999999999997,0.0,hte_only
3753,feature_0 > 0.058 AND feature_0 > 0.946 AND feature_1 > 0.743 AND feature_1 > 1.568 AND feature_0 > 1.289 AND feature_0 <= 1.832 AND feature_1 > 1.664 AND feature_0 > 1.63 AND feature_2 > -0.178,"{'feature_0': (1.63, 1.832), 'feature_1': (1.664, 4.438), 'feature_2': (-0.178, 4.286)}",3,3.535,9,[Pretrained] CF,"[1946, 2936, 3494, 3694, 3732, 3733, 3737, 3751]",3.93,3.93,ResOve,[Pretrained] CF ResOve,0.57,0,0.57,3768,56,0.0,5,0.395,0.0,hte_only
3761,feature_0 > 0.058 AND feature_0 > 0.946 AND feature_1 > 0.743 AND feature_1 > 1.568 AND feature_0 > 1.289 AND feature_0 > 1.832 AND feature_1 <= 1.8 AND feature_0 > 2.096 AND feature_5 > -0.017,"{'feature_0': (2.096, 4.577), 'feature_1': (1.568, 1.8), 'feature_5': (-0.017, 4.284)}",3,3.508,9,[Pretrained] CF,"[1946, 2936, 3494, 3694, 3732, 3756, 3757, 3759]",4.467,4.467,ResOve,[Pretrained] CF ResOve,0.57,0,0.57,3768,21,0.0,5,0.9589999999999996,0.0,hte_only
3765,feature_0 > 0.058 AND feature_0 > 0.946 AND feature_1 > 0.743 AND feature_1 > 1.568 AND feature_0 > 1.289 AND feature_0 > 1.832 AND feature_1 > 1.8 AND feature_4 <= 0.223 AND feature_1 > 2.183,"{'feature_0': (1.832, 4.577), 'feature_1': (2.183, 4.438), 'feature_4': (-4.13, 0.223)}",3,3.805,9,[Pretrained] CF,"[1946, 2936, 3494, 3694, 3732, 3756, 3762, 3763]",4.709,4.709,NoOve,[Pretrained] CF NoOve,0.014,0,0.014,3768,27,0.0,5,0.9039999999999995,0.0,hte_only
3764,feature_0 > 0.058 AND feature_0 > 0.946 AND feature_1 > 0.743 AND feature_1 > 1.568 AND feature_0 > 1.289 AND feature_0 > 1.832 AND feature_1 > 1.8 AND feature_4 <= 0.223 AND feature_1 <= 2.183,"{'feature_0': (1.832, 4.577), 'feature_1': (1.8, 2.183), 'feature_4': (-4.13, 0.223)}",3,3.708,9,[Pretrained] CF,"[1946, 2936, 3494, 3694, 3732, 3756, 3762, 3763]",4.231,4.231,NoOve,[Pretrained] CF NoOve,0.014,0,0.014,3768,35,0.0,5,0.5229999999999997,0.0,hte_only
3768,feature_0 > 0.058 AND feature_0 > 0.946 AND feature_1 > 0.743 AND feature_1 > 1.568 AND feature_0 > 1.289 AND feature_0 > 1.832 AND feature_1 > 1.8 AND feature_4 > 0.223 AND feature_0 > 1.977,"{'feature_0': (1.977, 4.577), 'feature_1': (1.8, 4.438), 'feature_4': (0.223, 4.717)}",3,3.656,9,[Pretrained] CF,"[1946, 2936, 3494, 3694, 3732, 3756, 3762, 3766]",4.679,4.679,NoOve,[Pretrained] CF NoOve,0.014,0,0.014,3768,33,0.0,5,1.0230000000000001,0.0,hte_only
3760,feature_0 > 0.058 AND feature_0 > 0.946 AND feature_1 > 0.743 AND feature_1 > 1.568 AND feature_0 > 1.289 AND feature_0 > 1.832 AND feature_1 <= 1.8 AND feature_0 > 2.096 AND feature_5 <= -0.017,"{'feature_0': (2.096, 4.577), 'feature_1': (1.568, 1.8), 'feature_5': (-4.895, -0.017)}",3,3.653,9,[Pretrained] CF,"[1946, 2936, 3494, 3694, 3732, 3756, 3757, 3759]",4.31,4.31,NoOve,[Pretrained] CF NoOve,0.014,0,0.014,3768,21,0.0,5,0.6569999999999996,0.0,hte_only
3753,feature_0 > 0.058 AND feature_0 > 0.946 AND feature_1 > 0.743 AND feature_1 > 1.568 AND feature_0 > 1.289 AND feature_0 <= 1.832 AND feature_1 > 1.664 AND feature_0 > 1.63 AND feature_2 > -0.178,"{'feature_0': (1.63, 1.832), 'feature_1': (1.664, 4.438), 'feature_2': (-0.178, 4.286)}",3,3.535,9,[Pretrained] CF,"[1946, 2936, 3494, 3694, 3732, 3733, 3737, 3751]",3.93,3.93,NoOve,[Pretrained] CF NoOve,0.014,0,0.014,3768,56,0.0,5,0.395,0.0,hte_only
3758,feature_0 > 0.058 AND feature_0 > 0.946 AND feature_1 > 0.743 AND feature_1 > 1.568 AND feature_0 > 1.289 AND feature_0 > 1.832 AND feature_1 <= 1.8 AND feature_0 <= 2.096,"{'feature_0': (1.832, 2.096), 'feature_1': (1.568, 1.8)}",2,3.399,8,[Pretrained] CF,"[1946, 2936, 3494, 3694, 3732, 3756, 3757]",3.793,3.793,Random,[Pretrained] CF Random,0.003,0,0.003,3768,34,0.0,5,0.39400000000000013,0.0,hte_only
1163,feature_0 <= 0.058 AND feature_0 > -0.982 AND feature_1 <= 0.164 AND feature_0 > -0.216 AND feature_1 <= -0.913 AND feature_0 <= -0.109 AND feature_1 > -1.398 AND feature_2 <= 1.299 AND feature_0 > -0.143,"{'feature_0': (-0.143, -0.109), 'feature_1': (-1.398, -0.913), 'feature_2': (-4.532, 1.299)}",3,0.092,9,[Pretrained] CF,"[1, 771, 772, 1126, 1127, 1128, 1150, 1151]",0.156,0.156,Random,[Pretrained] CF Random,0.003,0,0.003,3768,133,0.0,5,0.064,0.0,hte_only
1635,feature_0 <= 0.058 AND feature_0 > -0.982 AND feature_1 > 0.164 AND feature_1 <= 1.51 AND feature_0 > -0.397 AND feature_1 <= 0.802 AND feature_0 <= -0.122 AND feature_1 > 0.254 AND feature_3 > -0.935 AND feature_1 <= 0.749 AND feature_0 > -0.298 AND feature_2 > -1.318,"{'feature_0': (-0.298, -0.122), 'feature_1': (0.254, 0.749), 'feature_3': (-0.935, 4.384), 'feature_2': (-1.318, 4.286)}",4,0.716,12,[Pretrained] CF,"[1, 771, 1393, 1394, 1588, 1589, 1590, 1612, 1628, 1629, 1633]",0.76,0.76,Random,[Pretrained] CF Random,0.003,0,0.003,3768,879,0.0,5,0.04400000000000004,0.0,hte_only
2570,feature_0 > 0.058 AND feature_0 <= 0.946 AND feature_1 > 0.771 AND feature_1 <= 1.148 AND feature_0 <= 0.542 AND feature_1 <= 0.941 AND feature_0 > 0.132 AND feature_1 > 0.807 AND feature_0 > 0.379 AND feature_2 > -0.301 AND feature_7 > -0.683 AND feature_4 > 0.265,"{'feature_0': (0.379, 0.542), 'feature_1': (0.807, 0.941), 'feature_2': (-0.301, 4.286), 'feature_7': (-0.683, 4.28), 'feature_4': (0.265, 4.717)}",5,1.669,12,[Pretrained] CF,"[1946, 1947, 2521, 2522, 2523, 2524, 2536, 2548, 2560, 2566, 2568]",1.69,1.69,Random,[Pretrained] CF Random,0.003,0,0.003,3768,46,0.0,5,0.020999999999999908,0.0,hte_only
3564,feature_0 > 0.058 AND feature_0 > 0.946 AND feature_1 > 0.743 AND feature_1 <= 1.568 AND feature_0 <= 1.347 AND feature_1 > 1.012 AND feature_0 > 1.076 AND feature_1 <= 1.178 AND feature_3 > -0.612 AND feature_1 <= 1.098,"{'feature_0': (1.076, 1.347), 'feature_1': (1.012, 1.098), 'feature_3': (-0.612, 4.384)}",3,2.603,10,[Pretrained] CF,"[1946, 2936, 3494, 3495, 3496, 3536, 3558, 3559, 3563]",2.554,2.554,Random,[Pretrained] CF Random,0.003,0,0.003,3768,67,0.0,5,0.04900000000000038,0.0,hte_only
3763,feature_0 > 0.058 AND feature_0 > 0.946 AND feature_1 > 0.743 AND feature_1 > 1.568 AND feature_0 > 1.289 AND feature_0 > 1.832 AND feature_1 > 1.8 AND feature_4 <= 0.223,"{'feature_0': (1.832, 4.577), 'feature_1': (1.8, 4.438), 'feature_4': (-4.13, 0.223)}",3,3.75,8,[Pretrained] CF,"[1946, 2936, 3494, 3694, 3732, 3756, 3762]",4.439,4.422,OptRes,[Pretrained] CF OptRes,0.008,0,0.008,3768,34,0.08115183246073299,5,0.6890000000000001,0.017000000000000348,rest
3768,feature_0 > 0.058 AND feature_0 > 0.946 AND feature_1 > 0.743 AND feature_1 > 1.568 AND feature_0 > 1.289 AND feature_0 > 1.832 AND feature_1 > 1.8 AND feature_4 > 0.223 AND feature_0 > 1.977,"{'feature_0': (1.977, 4.577), 'feature_1': (1.8, 4.438), 'feature_4': (0.223, 4.717)}",3,3.656,9,[Pretrained] CF,"[1946, 2936, 3494, 3694, 3732, 3756, 3762, 3766]",4.679,4.679,OptRes,[Pretrained] CF OptRes,0.008,0,0.008,3768,33,0.04319371727748691,5,1.0230000000000001,0.0,rest
3756,feature_0 > 0.058 AND feature_0 > 0.946 AND feature_1 > 0.743 AND feature_1 > 1.568 AND feature_0 > 1.289 AND feature_0 > 1.832,"{'feature_0': (1.832, 4.577), 'feature_1': (1.568, 4.438)}",2,3.61,6,[Pretrained] CF,"[1946, 2936, 3494, 3694, 3732]",4.329,4.329,OptRes,[Pretrained] CF OptRes,0.008,0,0.008,3768,149,0.1793193717277487,5,0.7189999999999999,0.0,rest
3759,feature_0 > 0.058 AND feature_0 > 0.946 AND feature_1 > 0.743 AND feature_1 > 1.568 AND feature_0 > 1.289 AND feature_0 > 1.832 AND feature_1 <= 1.8 AND feature_0 > 2.096,"{'feature_0': (2.096, 4.577), 'feature_1': (1.568, 1.8)}",2,3.581,8,[Pretrained] CF,"[1946, 2936, 3494, 3694, 3732, 3756, 3757]",4.389,4.383,OptRes,[Pretrained] CF OptRes,0.008,0,0.008,3768,35,0.0549738219895288,5,0.8080000000000003,0.006000000000000227,rest
3753,feature_0 > 0.058 AND feature_0 > 0.946 AND feature_1 > 0.743 AND feature_1 > 1.568 AND feature_0 > 1.289 AND feature_0 <= 1.832 AND feature_1 > 1.664 AND feature_0 > 1.63 AND feature_2 > -0.178,"{'feature_0': (1.63, 1.832), 'feature_1': (1.664, 4.438), 'feature_2': (-0.178, 4.286)}",3,3.535,9,[Pretrained] CF,"[1946, 2936, 3494, 3694, 3732, 3733, 3737, 3751]",3.93,3.911,OptRes,[Pretrained] CF OptRes,0.008,0,0.008,3768,42,0.0,5,0.395,0.019000000000000128,rest
3768,feature_0 > 0.058 AND feature_0 > 0.946 AND feature_1 > 0.743 AND feature_1 > 1.568 AND feature_0 > 1.289 AND feature_0 > 1.832 AND feature_1 > 1.8 AND feature_4 > 0.223 AND feature_0 > 1.977,"{'feature_0': (1.977, 4.577), 'feature_1': (1.8, 4.438), 'feature_4': (0.223, 4.717)}",3,3.656,9,[Pretrained] CF,"[1946, 2936, 3494, 3694, 3732, 3756, 3762, 3766]",4.679,4.679,ResOve,[Pretrained] CF ResOve,1.113,0,1.113,3768,33,0.15566037735849056,5,1.0230000000000001,0.0,rest
3758,feature_0 > 0.058 AND feature_0 > 0.946 AND feature_1 > 0.743 AND feature_1 > 1.568 AND feature_0 > 1.289 AND feature_0 > 1.832 AND feature_1 <= 1.8 AND feature_0 <= 2.096,"{'feature_0': (1.832, 2.096), 'feature_1': (1.568, 1.8)}",2,3.399,8,[Pretrained] CF,"[1946, 2936, 3494, 3694, 3732, 3756, 3757]",3.793,3.812,ResOve,[Pretrained] CF ResOve,1.113,0,1.113,3768,27,0.0,5,0.39400000000000013,0.018999999999999684,rest
3763,feature_0 > 0.058 AND feature_0 > 0.946 AND feature_1 > 0.743 AND feature_1 > 1.568 AND feature_0 > 1.289 AND feature_0 > 1.832 AND feature_1 > 1.8 AND feature_4 <= 0.223,"{'feature_0': (1.832, 4.577), 'feature_1': (1.8, 4.438), 'feature_4': (-4.13, 0.223)}",3,3.75,8,[Pretrained] CF,"[1946, 2936, 3494, 3694, 3732, 3756, 3762]",4.439,4.422,ResOve,[Pretrained] CF ResOve,1.113,0,1.113,3768,34,0.0,5,0.6890000000000001,0.017000000000000348,rest
3750,feature_0 > 0.058 AND feature_0 > 0.946 AND feature_1 > 0.743 AND feature_1 > 1.568 AND feature_0 > 1.289 AND feature_0 <= 1.832 AND feature_1 > 1.664 AND feature_0 <= 1.63 AND feature_1 > 2.181 AND feature_4 > -0.008,"{'feature_0': (1.289, 1.63), 'feature_1': (2.181, 4.438), 'feature_4': (-0.008, 4.717)}",3,3.381,10,[Pretrained] CF,"[1946, 2936, 3494, 3694, 3732, 3733, 3737, 3738, 3748]",4.054,4.054,ResOve,[Pretrained] CF ResOve,1.113,0,1.113,3768,39,0.0,5,0.6730000000000005,0.0,rest
3766,feature_0 > 0.058 AND feature_0 > 0.946 AND feature_1 > 0.743 AND feature_1 > 1.568 AND feature_0 > 1.289 AND feature_0 > 1.832 AND feature_1 > 1.8 AND feature_4 > 0.223,"{'feature_0': (1.832, 4.577), 'feature_1': (1.8, 4.438), 'feature_4': (0.223, 4.717)}",3,3.606,8,[Pretrained] CF,"[1946, 2936, 3494, 3694, 3732, 3756, 3762]",4.498,4.498,ResOve,[Pretrained] CF ResOve,1.113,0,1.113,3768,53,0.15566037735849056,5,0.8920000000000003,0.0,rest
3763,feature_0 > 0.058 AND feature_0 > 0.946 AND feature_1 > 0.743 AND feature_1 > 1.568 AND feature_0 > 1.289 AND feature_0 > 1.832 AND feature_1 > 1.8 AND feature_4 <= 0.223,"{'feature_0': (1.832, 4.577), 'feature_1': (1.8, 4.438), 'feature_4': (-4.13, 0.223)}",3,3.75,8,[Pretrained] CF,"[1946, 2936, 3494, 3694, 3732, 3756, 3762]",4.439,4.422,NoOve,[Pretrained] CF NoOve,0.019,0,0.019,3768,34,0.0,5,0.6890000000000001,0.017000000000000348,rest
3766,feature_0 > 0.058 AND feature_0 > 0.946 AND feature_1 > 0.743 AND feature_1 > 1.568 AND feature_0 > 1.289 AND feature_0 > 1.832 AND feature_1 > 1.8 AND feature_4 > 0.223,"{'feature_0': (1.832, 4.577), 'feature_1': (1.8, 4.438), 'feature_4': (0.223, 4.717)}",3,3.606,8,[Pretrained] CF,"[1946, 2936, 3494, 3694, 3732, 3756, 3762]",4.498,4.498,NoOve,[Pretrained] CF NoOve,0.019,0,0.019,3768,53,0.0,5,0.8920000000000003,0.0,rest
3759,feature_0 > 0.058 AND feature_0 > 0.946 AND feature_1 > 0.743 AND feature_1 > 1.568 AND feature_0 > 1.289 AND feature_0 > 1.832 AND feature_1 <= 1.8 AND feature_0 > 2.096,"{'feature_0': (2.096, 4.577), 'feature_1': (1.568, 1.8)}",2,3.581,8,[Pretrained] CF,"[1946, 2936, 3494, 3694, 3732, 3756, 3757]",4.389,4.383,NoOve,[Pretrained] CF NoOve,0.019,0,0.019,3768,35,0.0,5,0.8080000000000003,0.006000000000000227,rest
3751,feature_0 > 0.058 AND feature_0 > 0.946 AND feature_1 > 0.743 AND feature_1 > 1.568 AND feature_0 > 1.289 AND feature_0 <= 1.832 AND feature_1 > 1.664 AND feature_0 > 1.63,"{'feature_0': (1.63, 1.832), 'feature_1': (1.664, 4.438)}",2,3.484,8,[Pretrained] CF,"[1946, 2936, 3494, 3694, 3732, 3733, 3737]",3.913,3.892,NoOve,[Pretrained] CF NoOve,0.019,0,0.019,3768,60,0.0,5,0.4289999999999998,0.020999999999999908,rest
3758,feature_0 > 0.058 AND feature_0 > 0.946 AND feature_1 > 0.743 AND feature_1 > 1.568 AND feature_0 > 1.289 AND feature_0 > 1.832 AND feature_1 <= 1.8 AND feature_0 <= 2.096,"{'feature_0': (1.832, 2.096), 'feature_1': (1.568, 1.8)}",2,3.399,8,[Pretrained] CF,"[1946, 2936, 3494, 3694, 3732, 3756, 3757]",3.793,3.812,NoOve,[Pretrained] CF NoOve,0.019,0,0.019,3768,27,0.0,5,0.39400000000000013,0.018999999999999684,rest
826,feature_0 <= 0.058 AND feature_0 > -0.982 AND feature_1 <= 0.164 AND feature_0 <= -0.216 AND feature_1 <= -0.449 AND feature_1 <= -1.153 AND feature_0 > -0.594 AND feature_2 <= 1.057 AND feature_1 <= -1.395 AND feature_3 <= -0.136,"{'feature_0': (-0.594, -0.216), 'feature_1': (-4.202, -1.395), 'feature_2': (-4.532, 1.057), 'feature_3': (-4.344, -0.136)}",4,0.264,10,[Pretrained] CF,"[1, 771, 772, 773, 774, 775, 823, 824, 825]",0.25,0.252,Random,[Pretrained] CF Random,0.003,0,0.003,3768,310,0.0,5,0.014000000000000012,0.0020000000000000018,rest
3083,feature_0 > 0.058 AND feature_0 > 0.946 AND feature_1 <= 0.743 AND feature_0 <= 1.577 AND feature_1 <= 0.104 AND feature_0 > 1.253 AND feature_0 > 1.458 AND feature_1 <= -0.199 AND feature_8 <= -0.206 AND feature_1 <= -0.467 AND feature_6 <= 0.487,"{'feature_0': (1.458, 1.577), 'feature_1': (-4.202, -0.467), 'feature_8': (-4.447, -0.206), 'feature_6': (-4.852, 0.487)}",4,1.794,11,[Pretrained] CF,"[1946, 2936, 2937, 2938, 2939, 3023, 3079, 3080, 3081, 3082]",1.817,1.813,Random,[Pretrained] CF Random,0.003,0,0.003,3768,103,0.0,5,0.02299999999999991,0.0040000000000000036,rest
811,feature_0 <= 0.058 AND feature_0 > -0.982 AND feature_1 <= 0.164 AND feature_0 <= -0.216 AND feature_1 <= -0.449 AND feature_1 <= -1.153 AND feature_0 <= -0.594 AND feature_0 > -0.863 AND feature_1 <= -1.424 AND feature_3 > -0.283 AND feature_2 <= 1.281 AND feature_3 <= 1.399,"{'feature_0': (-0.863, -0.594), 'feature_1': (-4.202, -1.424), 'feature_3': (-0.283, 1.399), 'feature_2': (-4.532, 1.281)}",4,0.46,12,[Pretrained] CF,"[1, 771, 772, 773, 774, 775, 776, 800, 801, 809, 810]",0.565,0.566,Random,[Pretrained] CF Random,0.003,0,0.003,3768,210,0.0,5,0.10499999999999993,0.0010000000000000009,rest
1063,feature_0 <= 0.058 AND feature_0 > -0.982 AND feature_1 <= 0.164 AND feature_0 <= -0.216 AND feature_1 > -0.449 AND feature_0 > -0.769 AND feature_1 <= -0.063 AND feature_0 > -0.398 AND feature_2 <= 1.101 AND feature_4 > -0.979,"{'feature_0': (-0.398, -0.216), 'feature_1': (-0.449, -0.063), 'feature_2': (-4.532, 1.101), 'feature_4': (-0.979, 4.717)}",4,0.096,10,[Pretrained] CF,"[1, 771, 772, 773, 963, 1029, 1030, 1056, 1057]",0.272,0.272,Random,[Pretrained] CF Random,0.003,0,0.003,3768,639,0.0,5,0.17600000000000002,0.0,rest
1642,feature_0 <= 0.058 AND feature_0 > -0.982 AND feature_1 > 0.164 AND feature_1 <= 1.51 AND feature_0 > -0.397 AND feature_1 <= 0.802 AND feature_0 > -0.122 AND feature_1 <= 0.665,"{'feature_0': (-0.122, 0.058), 'feature_1': (0.164, 0.665)}",2,0.874,8,[Pretrained] CF,"[1, 771, 1393, 1394, 1588, 1589, 1641]",0.883,0.885,Random,[Pretrained] CF Random,0.003,0,0.003,3768,1001,0.0,5,0.009000000000000008,0.0020000000000000018,rest
3762,feature_0 > 0.058 AND feature_0 > 0.946 AND feature_1 > 0.743 AND feature_1 > 1.568 AND feature_0 > 1.289 AND feature_0 > 1.832 AND feature_1 > 1.8,"{'feature_0': (1.832, 4.577), 'feature_1': (1.8, 4.438)}",2,3.684,7,[Pretrained] CF,"[1946, 2936, 3494, 3694, 3732, 3756]",4.466,4.448,OptRes,[Pretrained] CF OptRes,0.01,0,0.01,3768,47,0.11521739130434783,5,0.782,0.017999999999999794,all
3766,feature_0 > 0.058 AND feature_0 > 0.946 AND feature_1 > 0.743 AND feature_1 > 1.568 AND feature_0 > 1.289 AND feature_0 > 1.832 AND feature_1 > 1.8 AND feature_4 > 0.223,"{'feature_0': (1.832, 4.577), 'feature_1': (1.8, 4.438), 'feature_4': (0.223, 4.717)}",3,3.606,8,[Pretrained] CF,"[1946, 2936, 3494, 3694, 3732, 3756, 3762]",4.498,4.533,OptRes,[Pretrained] CF OptRes,0.01,0,0.01,3768,29,0.11521739130434783,5,0.8920000000000003,0.03500000000000014,all
3757,feature_0 > 0.058 AND feature_0 > 0.946 AND feature_1 > 0.743 AND feature_1 > 1.568 AND feature_0 > 1.289 AND feature_0 > 1.832 AND feature_1 <= 1.8,"{'feature_0': (1.832, 4.577), 'feature_1': (1.568, 1.8)}",2,3.499,7,[Pretrained] CF,"[1946, 2936, 3494, 3694, 3732, 3756]",4.122,4.244,OptRes,[Pretrained] CF OptRes,0.01,0,0.01,3768,28,0.0,5,0.6229999999999998,0.12199999999999989,all
3751,feature_0 > 0.058 AND feature_0 > 0.946 AND feature_1 > 0.743 AND feature_1 > 1.568 AND feature_0 > 1.289 AND feature_0 <= 1.832 AND feature_1 > 1.664 AND feature_0 > 1.63,"{'feature_0': (1.63, 1.832), 'feature_1': (1.664, 4.438)}",2,3.484,8,[Pretrained] CF,"[1946, 2936, 3494, 3694, 3732, 3733, 3737]",3.913,3.876,OptRes,[Pretrained] CF OptRes,0.01,0,0.01,3768,26,0.0,5,0.4289999999999998,0.03699999999999992,all
3748,feature_0 > 0.058 AND feature_0 > 0.946 AND feature_1 > 0.743 AND feature_1 > 1.568 AND feature_0 > 1.289 AND feature_0 <= 1.832 AND feature_1 > 1.664 AND feature_0 <= 1.63 AND feature_1 > 2.181,"{'feature_0': (1.289, 1.63), 'feature_1': (2.181, 4.438)}",2,3.437,9,[Pretrained] CF,"[1946, 2936, 3494, 3694, 3732, 3733, 3737, 3738]",4.018,4.043,OptRes,[Pretrained] CF OptRes,0.01,0,0.01,3768,27,0.0,5,0.581,0.025000000000000355,all
3757,feature_0 > 0.058 AND feature_0 > 0.946 AND feature_1 > 0.743 AND feature_1 > 1.568 AND feature_0 > 1.289 AND feature_0 > 1.832 AND feature_1 <= 1.8,"{'feature_0': (1.832, 4.577), 'feature_1': (1.568, 1.8)}",2,3.499,7,[Pretrained] CF,"[1946, 2936, 3494, 3694, 3732, 3756]",4.122,4.244,ResOve,[Pretrained] CF ResOve,1.092,0,1.092,3768,28,0.0,5,0.6229999999999998,0.12199999999999989,all
3751,feature_0 > 0.058 AND feature_0 > 0.946 AND feature_1 > 0.743 AND feature_1 > 1.568 AND feature_0 > 1.289 AND feature_0 <= 1.832 AND feature_1 > 1.664 AND feature_0 > 1.63,"{'feature_0': (1.63, 1.832), 'feature_1': (1.664, 4.438)}",2,3.484,8,[Pretrained] CF,"[1946, 2936, 3494, 3694, 3732, 3733, 3737]",3.913,3.876,ResOve,[Pretrained] CF ResOve,1.092,0,1.092,3768,26,0.0,5,0.4289999999999998,0.03699999999999992,all
3748,feature_0 > 0.058 AND feature_0 > 0.946 AND feature_1 > 0.743 AND feature_1 > 1.568 AND feature_0 > 1.289 AND feature_0 <= 1.832 AND feature_1 > 1.664 AND feature_0 <= 1.63 AND feature_1 > 2.181,"{'feature_0': (1.289, 1.63), 'feature_1': (2.181, 4.438)}",2,3.437,9,[Pretrained] CF,"[1946, 2936, 3494, 3694, 3732, 3733, 3737, 3738]",4.018,4.043,ResOve,[Pretrained] CF ResOve,1.092,0,1.092,3768,27,0.0,5,0.581,0.025000000000000355,all
3766,feature_0 > 0.058 AND feature_0 > 0.946 AND feature_1 > 0.743 AND feature_1 > 1.568 AND feature_0 > 1.289 AND feature_0 > 1.832 AND feature_1 > 1.8 AND feature_4 > 0.223,"{'feature_0': (1.832, 4.577), 'feature_1': (1.8, 4.438), 'feature_4': (0.223, 4.717)}",3,3.606,8,[Pretrained] CF,"[1946, 2936, 3494, 3694, 3732, 3756, 3762]",4.498,4.533,ResOve,[Pretrained] CF ResOve,1.092,0,1.092,3768,29,0.11521739130434783,5,0.8920000000000003,0.03500000000000014,all
3762,feature_0 > 0.058 AND feature_0 > 0.946 AND feature_1 > 0.743 AND feature_1 > 1.568 AND feature_0 > 1.289 AND feature_0 > 1.832 AND feature_1 > 1.8,"{'feature_0': (1.832, 4.577), 'feature_1': (1.8, 4.438)}",2,3.684,7,[Pretrained] CF,"[1946, 2936, 3494, 3694, 3732, 3756]",4.466,4.448,ResOve,[Pretrained] CF ResOve,1.092,0,1.092,3768,47,0.11521739130434783,5,0.782,0.017999999999999794,all
3766,feature_0 > 0.058 AND feature_0 > 0.946 AND feature_1 > 0.743 AND feature_1 > 1.568 AND feature_0 > 1.289 AND feature_0 > 1.832 AND feature_1 > 1.8 AND feature_4 > 0.223,"{'feature_0': (1.832, 4.577), 'feature_1': (1.8, 4.438), 'feature_4': (0.223, 4.717)}",3,3.606,8,[Pretrained] CF,"[1946, 2936, 3494, 3694, 3732, 3756, 3762]",4.498,4.533,NoOve,[Pretrained] CF NoOve,0.034,0,0.034,3768,29,0.0,5,0.8920000000000003,0.03500000000000014,all
3751,feature_0 > 0.058 AND feature_0 > 0.946 AND feature_1 > 0.743 AND feature_1 > 1.568 AND feature_0 > 1.289 AND feature_0 <= 1.832 AND feature_1 > 1.664 AND feature_0 > 1.63,"{'feature_0': (1.63, 1.832), 'feature_1': (1.664, 4.438)}",2,3.484,8,[Pretrained] CF,"[1946, 2936, 3494, 3694, 3732, 3733, 3737]",3.913,3.876,NoOve,[Pretrained] CF NoOve,0.034,0,0.034,3768,26,0.0,5,0.4289999999999998,0.03699999999999992,all
3738,feature_0 > 0.058 AND feature_0 > 0.946 AND feature_1 > 0.743 AND feature_1 > 1.568 AND feature_0 > 1.289 AND feature_0 <= 1.832 AND feature_1 > 1.664 AND feature_0 <= 1.63,"{'feature_0': (1.289, 1.63), 'feature_1': (1.664, 4.438)}",2,3.331,8,[Pretrained] CF,"[1946, 2936, 3494, 3694, 3732, 3733, 3737]",3.654,3.619,NoOve,[Pretrained] CF NoOve,0.034,0,0.034,3768,99,0.0,5,0.32299999999999995,0.0349999999999997,all
3689,feature_0 > 0.058 AND feature_0 > 0.946 AND feature_1 > 0.743 AND feature_1 <= 1.568 AND feature_0 > 1.347 AND feature_1 > 1.049 AND feature_0 > 1.914 AND feature_1 > 1.407,"{'feature_0': (1.914, 4.577), 'feature_1': (1.407, 1.568)}",2,3.209,8,[Pretrained] CF,"[1946, 2936, 3494, 3495, 3589, 3641, 3677]",3.96,4.031,NoOve,[Pretrained] CF NoOve,0.034,0,0.034,3768,36,0.0,5,0.7509999999999999,0.07099999999999973,all
3723,feature_0 > 0.058 AND feature_0 > 0.946 AND feature_1 > 0.743 AND feature_1 > 1.568 AND feature_0 <= 1.289 AND feature_1 > 1.852 AND feature_0 > 0.995 AND feature_1 > 2.007,"{'feature_0': (0.995, 1.289), 'feature_1': (2.007, 4.438)}",2,3.143,8,[Pretrained] CF,"[1946, 2936, 3494, 3694, 3695, 3713, 3717]",3.591,3.588,NoOve,[Pretrained] CF NoOve,0.034,0,0.034,3768,63,0.0,5,0.4480000000000004,0.0030000000000001137,all
1600,feature_0 <= 0.058 AND feature_0 > -0.982 AND feature_1 > 0.164 AND feature_1 <= 1.51 AND feature_0 > -0.397 AND feature_1 <= 0.802 AND feature_0 <= -0.122 AND feature_1 <= 0.254 AND feature_1 > 0.188 AND feature_0 <= -0.293,"{'feature_0': (-0.397, -0.293), 'feature_1': (0.188, 0.254)}",2,0.596,10,[Pretrained] CF,"[1, 771, 1393, 1394, 1588, 1589, 1590, 1591, 1599]",0.461,0.461,Random,[Pretrained] CF Random,0.006,0,0.006,3768,38,0.0,5,0.13499999999999995,0.0,all
3647,feature_0 > 0.058 AND feature_0 > 0.946 AND feature_1 > 0.743 AND feature_1 <= 1.568 AND feature_0 > 1.347 AND feature_1 > 1.049 AND feature_0 <= 1.914 AND feature_2 <= 0.032 AND feature_8 <= 0.566 AND feature_1 <= 1.257 AND feature_9 > -0.333,"{'feature_0': (1.347, 1.914), 'feature_1': (1.049, 1.257), 'feature_2': (-4.532, 0.032), 'feature_8': (-4.447, 0.566), 'feature_9': (-0.333, 4.08)}",5,2.77,11,[Pretrained] CF,"[1946, 2936, 3494, 3495, 3589, 3641, 3642, 3643, 3644, 3645]",3.011,3.011,Random,[Pretrained] CF Random,0.006,0,0.006,3768,46,0.0,5,0.2410000000000001,0.0,all
505,feature_0 <= 0.058 AND feature_0 <= -0.982 AND feature_1 > 0.16 AND feature_0 <= -1.389 AND feature_1 > 1.038 AND feature_1 <= 1.441 AND feature_0 > -2.09 AND feature_2 <= 0.936,"{'feature_0': (-2.09, -1.389), 'feature_1': (1.038, 1.441), 'feature_2': (-4.532, 0.936)}",3,0.03,8,[Pretrained] CF,"[1, 2, 380, 381, 493, 494, 504]",0.203,0.206,Random,[Pretrained] CF Random,0.006,0,0.006,3768,213,0.0,5,0.17300000000000001,0.002999999999999975,all
2188,feature_0 > 0.058 AND feature_0 <= 0.946 AND feature_1 <= 0.771 AND feature_0 <= 0.647 AND feature_1 > -0.652 AND feature_1 <= 0.258 AND feature_0 > 0.388 AND feature_1 > 0.032 AND feature_2 <= 1.482 AND feature_0 <= 0.482 AND feature_7 > 0.223,"{'feature_0': (0.388, 0.482), 'feature_1': (0.032, 0.258), 'feature_2': (-4.532, 1.482), 'feature_7': (0.223, 4.28)}",4,1.119,11,[Pretrained] CF,"[1946, 1947, 1948, 1949, 2101, 2102, 2156, 2182, 2183, 2184]",1.2,1.197,Random,[Pretrained] CF Random,0.006,0,0.006,3768,49,0.0,5,0.08099999999999996,0.0029999999999998916,all
3051,feature_0 > 0.058 AND feature_0 > 0.946 AND feature_1 <= 0.743 AND feature_0 <= 1.577 AND feature_1 <= 0.104 AND feature_0 > 1.253 AND feature_0 <= 1.458 AND feature_1 > -0.473 AND feature_0 <= 1.33,"{'feature_0': (1.253, 1.33), 'feature_1': (-0.473, 0.104)}",2,1.752,9,[Pretrained] CF,"[1946, 2936, 2937, 2938, 2939, 3023, 3024, 3050]",1.906,1.905,Random,[Pretrained] CF Random,0.006,0,0.006,3768,124,0.0,5,0.15399999999999991,0.0009999999999998899,all
10,feature_0 <= 0.058 AND feature_0 <= -0.982 AND feature_1 <= 0.16 AND feature_0 <= -1.716 AND feature_0 <= -2.195 AND feature_1 <= -0.267 AND feature_3 <= -0.36 AND feature_1 <= -0.552 AND feature_2 <= -0.296 AND feature_0 <= -2.59,"{'feature_0': (-4.695, -2.59), 'feature_1': (-4.202, -0.552), 'feature_3': (-4.344, -0.36), 'feature_2': (-4.532, -0.296)}",4,2.477,10,[Pretrained] CF,"[1, 2, 3, 4, 5, 6, 7, 8, 9]",2.72,2.72,OptRes,[Pretrained] CF OptRes,0.009,0,0.009,3768,25,0.14229910714285715,5,0.24300000000000033,0.0,hte_only
9,feature_0 <= 0.058 AND feature_0 <= -0.982 AND feature_1 <= 0.16 AND feature_0 <= -1.716 AND feature_0 <= -2.195 AND feature_1 <= -0.267 AND feature_3 <= -0.36 AND feature_1 <= -0.552 AND feature_2 <= -0.296,"{'feature_0': (-4.695, -2.195), 'feature_1': (-4.202, -0.552), 'feature_3': (-4.344, -0.36), 'feature_2': (-4.532, -0.296)}",4,2.353,9,[Pretrained] CF,"[1, 2, 3, 4, 5, 6, 7, 8]",2.329,2.329,OptRes,[Pretrained] CF OptRes,0.009,0,0.009,3768,64,0.21194196428571427,5,0.02400000000000002,0.0,hte_only
14,feature_0 <= 0.058 AND feature_0 <= -0.982 AND feature_1 <= 0.16 AND feature_0 <= -1.716 AND feature_0 <= -2.195 AND feature_1 <= -0.267 AND feature_3 <= -0.36 AND feature_1 <= -0.552 AND feature_2 > -0.296 AND feature_3 <= -0.65 AND feature_8 <= -0.021,"{'feature_0': (-4.695, -2.195), 'feature_1': (-4.202, -0.552), 'feature_3': (-4.344, -0.65), 'feature_2': (-0.296, 4.286), 'feature_8': (-4.447, -0.021)}",5,2.277,11,[Pretrained] CF,"[1, 2, 3, 4, 5, 6, 7, 8, 12, 13]",2.275,2.275,OptRes,[Pretrained] CF OptRes,0.009,0,0.009,3768,28,0.175,5,0.002000000000000224,0.0,hte_only
8,feature_0 <= 0.058 AND feature_0 <= -0.982 AND feature_1 <= 0.16 AND feature_0 <= -1.716 AND feature_0 <= -2.195 AND feature_1 <= -0.267 AND feature_3 <= -0.36 AND feature_1 <= -0.552,"{'feature_0': (-4.695, -2.195), 'feature_1': (-4.202, -0.552), 'feature_3': (-4.344, -0.36)}",3,2.268,8,[Pretrained] CF,"[1, 2, 3, 4, 5, 6, 7]",2.28,2.28,OptRes,[Pretrained] CF OptRes,0.009,0,0.009,3768,140,0.30892857142857144,5,0.01200000000000001,0.0,hte_only
13,feature_0 <= 0.058 AND feature_0 <= -0.982 AND feature_1 <= 0.16 AND feature_0 <= -1.716 AND feature_0 <= -2.195 AND feature_1 <= -0.267 AND feature_3 <= -0.36 AND feature_1 <= -0.552 AND feature_2 > -0.296 AND feature_3 <= -0.65,"{'feature_0': (-4.695, -2.195), 'feature_1': (-4.202, -0.552), 'feature_3': (-4.344, -0.65), 'feature_2': (-0.296, 4.286)}",4,2.231,10,[Pretrained] CF,"[1, 2, 3, 4, 5, 6, 7, 8, 12]",2.266,2.266,OptRes,[Pretrained] CF OptRes,0.009,0,0.009,3768,56,0.225,5,0.03500000000000014,0.0,hte_only
29,feature_0 <= 0.058 AND feature_0 <= -0.982 AND feature_1 <= 0.16 AND feature_0 <= -1.716 AND feature_0 <= -2.195 AND feature_1 <= -0.267 AND feature_3 > -0.36 AND feature_0 <= -2.288 AND feature_1 <= -0.47 AND feature_4 > -0.77 AND feature_9 > -0.767 AND feature_2 <= -0.699,"{'feature_0': (-4.695, -2.288), 'feature_1': (-4.202, -0.47), 'feature_3': (-0.36, 4.384), 'feature_4': (-0.77, 4.717), 'feature_9': (-0.767, 4.08), 'feature_2': (-4.532, -0.699)}",6,2.195,12,[Pretrained] CF,"[1, 2, 3, 4, 5, 6, 20, 21, 22, 26, 28]",2.269,2.269,ResOve,[Pretrained] CF ResOve,0.397,0,0.397,3768,34,0.0,5,0.07400000000000029,0.0,hte_only
14,feature_0 <= 0.058 AND feature_0 <= -0.982 AND feature_1 <= 0.16 AND feature_0 <= -1.716 AND feature_0 <= -2.195 AND feature_1 <= -0.267 AND feature_3 <= -0.36 AND feature_1 <= -0.552 AND feature_2 > -0.296 AND feature_3 <= -0.65 AND feature_8 <= -0.021,"{'feature_0': (-4.695, -2.195), 'feature_1': (-4.202, -0.552), 'feature_3': (-4.344, -0.65), 'feature_2': (-0.296, 4.286), 'feature_8': (-4.447, -0.021)}",5,2.277,11,[Pretrained] CF,"[1, 2, 3, 4, 5, 6, 7, 8, 12, 13]",2.275,2.275,ResOve,[Pretrained] CF ResOve,0.397,0,0.397,3768,28,0.0,5,0.002000000000000224,0.0,hte_only
10,feature_0 <= 0.058 AND feature_0 <= -0.982 AND feature_1 <= 0.16 AND feature_0 <= -1.716 AND feature_0 <= -2.195 AND feature_1 <= -0.267 AND feature_3 <= -0.36 AND feature_1 <= -0.552 AND feature_2 <= -0.296 AND feature_0 <= -2.59,"{'feature_0': (-4.695, -2.59), 'feature_1': (-4.202, -0.552), 'feature_3': (-4.344, -0.36), 'feature_2': (-4.532, -0.296)}",4,2.477,10,[Pretrained] CF,"[1, 2, 3, 4, 5, 6, 7, 8, 9]",2.72,2.72,ResOve,[Pretrained] CF ResOve,0.397,0,0.397,3768,25,0.09765625,5,0.24300000000000033,0.0,hte_only
9,feature_0 <= 0.058 AND feature_0 <= -0.982 AND feature_1 <= 0.16 AND feature_0 <= -1.716 AND feature_0 <= -2.195 AND feature_1 <= -0.267 AND feature_3 <= -0.36 AND feature_1 <= -0.552 AND feature_2 <= -0.296,"{'feature_0': (-4.695, -2.195), 'feature_1': (-4.202, -0.552), 'feature_3': (-4.344, -0.36), 'feature_2': (-4.532, -0.296)}",4,2.353,9,[Pretrained] CF,"[1, 2, 3, 4, 5, 6, 7, 8]",2.329,2.329,ResOve,[Pretrained] CF ResOve,0.397,0,0.397,3768,64,0.25,5,0.02400000000000002,0.0,hte_only
11,feature_0 <= 0.058 AND feature_0 <= -0.982 AND feature_1 <= 0.16 AND feature_0 <= -1.716 AND feature_0 <= -2.195 AND feature_1 <= -0.267 AND feature_3 <= -0.36 AND feature_1 <= -0.552 AND feature_2 <= -0.296 AND feature_0 > -2.59,"{'feature_0': (-2.59, -2.195), 'feature_1': (-4.202, -0.552), 'feature_3': (-4.344, -0.36), 'feature_2': (-4.532, -0.296)}",4,2.273,10,[Pretrained] CF,"[1, 2, 3, 4, 5, 6, 7, 8, 9]",2.077,2.077,ResOve,[Pretrained] CF ResOve,0.397,0,0.397,3768,39,0.15234375,5,0.19600000000000017,0.0,hte_only
10,feature_0 <= 0.058 AND feature_0 <= -0.982 AND feature_1 <= 0.16 AND feature_0 <= -1.716 AND feature_0 <= -2.195 AND feature_1 <= -0.267 AND feature_3 <= -0.36 AND feature_1 <= -0.552 AND feature_2 <= -0.296 AND feature_0 <= -2.59,"{'feature_0': (-4.695, -2.59), 'feature_1': (-4.202, -0.552), 'feature_3': (-4.344, -0.36), 'feature_2': (-4.532, -0.296)}",4,2.477,10,[Pretrained] CF,"[1, 2, 3, 4, 5, 6, 7, 8, 9]",2.72,2.72,NoOve,[Pretrained] CF NoOve,0.012,0,0.012,3768,25,0.0,5,0.24300000000000033,0.0,hte_only
11,feature_0 <= 0.058 AND feature_0 <= -0.982 AND feature_1 <= 0.16 AND feature_0 <= -1.716 AND feature_0 <= -2.195 AND feature_1 <= -0.267 AND feature_3 <= -0.36 AND feature_1 <= -0.552 AND feature_2 <= -0.296 AND feature_0 > -2.59,"{'feature_0': (-2.59, -2.195), 'feature_1': (-4.202, -0.552), 'feature_3': (-4.344, -0.36), 'feature_2': (-4.532, -0.296)}",4,2.273,10,[Pretrained] CF,"[1, 2, 3, 4, 5, 6, 7, 8, 9]",2.077,2.077,NoOve,[Pretrained] CF NoOve,0.012,0,0.012,3768,39,0.0,5,0.19600000000000017,0.0,hte_only
13,feature_0 <= 0.058 AND feature_0 <= -0.982 AND feature_1 <= 0.16 AND feature_0 <= -1.716 AND feature_0 <= -2.195 AND feature_1 <= -0.267 AND feature_3 <= -0.36 AND feature_1 <= -0.552 AND feature_2 > -0.296 AND feature_3 <= -0.65,"{'feature_0': (-4.695, -2.195), 'feature_1': (-4.202, -0.552), 'feature_3': (-4.344, -0.65), 'feature_2': (-0.296, 4.286)}",4,2.231,10,[Pretrained] CF,"[1, 2, 3, 4, 5, 6, 7, 8, 12]",2.266,2.266,NoOve,[Pretrained] CF NoOve,0.012,0,0.012,3768,56,0.0,5,0.03500000000000014,0.0,hte_only
26,feature_0 <= 0.058 AND feature_0 <= -0.982 AND feature_1 <= 0.16 AND feature_0 <= -1.716 AND feature_0 <= -2.195 AND feature_1 <= -0.267 AND feature_3 > -0.36 AND feature_0 <= -2.288 AND feature_1 <= -0.47 AND feature_4 > -0.77,"{'feature_0': (-4.695, -2.288), 'feature_1': (-4.202, -0.47), 'feature_3': (-0.36, 4.384), 'feature_4': (-0.77, 4.717)}",4,2.082,10,[Pretrained] CF,"[1, 2, 3, 4, 5, 6, 20, 21, 22]",2.279,2.279,NoOve,[Pretrained] CF NoOve,0.012,0,0.012,3768,170,0.0,5,0.19700000000000006,0.0,hte_only
33,feature_0 <= 0.058 AND feature_0 <= -0.982 AND feature_1 <= 0.16 AND feature_0 <= -1.716 AND feature_0 <= -2.195 AND feature_1 <= -0.267 AND feature_3 > -0.36 AND feature_0 <= -2.288 AND feature_1 > -0.47 AND feature_9 > -0.556,"{'feature_0': (-4.695, -2.288), 'feature_1': (-0.47, -0.267), 'feature_3': (-0.36, 4.384), 'feature_9': (-0.556, 4.08)}",4,1.936,10,[Pretrained] CF,"[1, 2, 3, 4, 5, 6, 20, 21, 31]",2.109,2.109,NoOve,[Pretrained] CF NoOve,0.012,0,0.012,3768,24,0.0,5,0.17300000000000004,0.0,hte_only
112,feature_0 <= 0.058 AND feature_0 <= -0.982 AND feature_1 <= 0.16 AND feature_0 <= -1.716 AND feature_0 > -2.195 AND feature_1 <= -0.008 AND feature_0 > -1.941 AND feature_1 <= -0.341 AND feature_3 > 0.64 AND feature_4 > -0.19,"{'feature_0': (-1.941, -1.716), 'feature_1': (-4.202, -0.341), 'feature_3': (0.64, 4.384), 'feature_4': (-0.19, 4.717)}",4,1.273,10,[Pretrained] CF,"[1, 2, 3, 4, 58, 59, 95, 96, 108]",1.483,1.483,Random,[Pretrained] CF Random,0.003,0,0.003,3768,87,0.0,5,0.2100000000000002,0.0,hte_only
1449,feature_0 <= 0.058 AND feature_0 > -0.982 AND feature_1 > 0.164 AND feature_1 <= 1.51 AND feature_0 <= -0.397 AND feature_0 <= -0.744 AND feature_1 > 0.742 AND feature_1 <= 0.926 AND feature_2 > -0.902 AND feature_9 <= 0.729 AND feature_5 <= 0.529,"{'feature_0': (-0.982, -0.744), 'feature_1': (0.742, 0.926), 'feature_2': (-0.902, 4.286), 'feature_9': (-5.002, 0.729), 'feature_5': (-4.895, 0.529)}",5,0.486,11,[Pretrained] CF,"[1, 771, 1393, 1394, 1395, 1396, 1440, 1441, 1447, 1448]",0.337,0.337,Random,[Pretrained] CF Random,0.003,0,0.003,3768,134,0.0,5,0.14899999999999997,0.0,hte_only
1096,feature_0 <= 0.058 AND feature_0 > -0.982 AND feature_1 <= 0.164 AND feature_0 <= -0.216 AND feature_1 > -0.449 AND feature_0 > -0.769 AND feature_1 > -0.063 AND feature_0 <= -0.432 AND feature_1 > 0.078 AND feature_4 <= -0.424 AND feature_2 <= 0.84,"{'feature_0': (-0.769, -0.432), 'feature_1': (0.078, 0.164), 'feature_4': (-4.13, -0.424), 'feature_2': (-4.532, 0.84)}",4,0.295,11,[Pretrained] CF,"[1, 771, 772, 773, 963, 1029, 1079, 1080, 1094, 1095]",0.173,0.173,Random,[Pretrained] CF Random,0.003,0,0.003,3768,90,0.0,5,0.122,0.0,hte_only
1811,feature_0 <= 0.058 AND feature_0 > -0.982 AND feature_1 > 0.164 AND feature_1 > 1.51 AND feature_0 <= -0.428 AND feature_1 <= 1.88 AND feature_0 > -0.765 AND feature_0 > -0.529,"{'feature_0': (-0.529, -0.428), 'feature_1': (1.51, 1.88)}",2,1.152,8,[Pretrained] CF,"[1, 771, 1393, 1773, 1774, 1775, 1793]",1.374,1.374,Random,[Pretrained] CF Random,0.003,0,0.003,3768,131,0.0,5,0.2220000000000002,0.0,hte_only
586,feature_0 <= 0.058 AND feature_0 <= -0.982 AND feature_1 > 0.16 AND feature_0 > -1.389 AND feature_1 <= 0.835 AND feature_0 <= -1.209 AND feature_0 <= -1.305 AND feature_1 <= 0.58 AND feature_1 > 0.23 AND feature_2 > 1.115,"{'feature_0': (-1.389, -1.305), 'feature_1': (0.23, 0.58), 'feature_2': (1.115, 4.286)}",3,0.321,10,[Pretrained] CF,"[1, 2, 380, 570, 571, 572, 573, 574, 578]",0.43,0.43,Random,[Pretrained] CF Random,0.003,0,0.003,3768,32,0.0,5,0.10899999999999999,0.0,hte_only
3765,feature_0 > 0.058 AND feature_0 > 0.946 AND feature_1 > 0.743 AND feature_1 > 1.568 AND feature_0 > 1.289 AND feature_0 > 1.832 AND feature_1 > 1.8 AND feature_4 <= 0.223 AND feature_1 > 2.183,"{'feature_0': (1.832, 4.577), 'feature_1': (2.183, 4.438), 'feature_4': (-4.13, 0.223)}",3,3.805,9,[Pretrained] CF,"[1946, 2936, 3494, 3694, 3732, 3756, 3762, 3763]",4.709,4.641,OptRes,[Pretrained] CF OptRes,0.011,0,0.011,3768,22,0.14421128187806115,5,0.9039999999999995,0.06799999999999962,rest
3763,feature_0 > 0.058 AND feature_0 > 0.946 AND feature_1 > 0.743 AND feature_1 > 1.568 AND feature_0 > 1.289 AND feature_0 > 1.832 AND feature_1 > 1.8 AND feature_4 <= 0.223,"{'feature_0': (1.832, 4.577), 'feature_1': (1.8, 4.438), 'feature_4': (-4.13, 0.223)}",3,3.75,8,[Pretrained] CF,"[1946, 2936, 3494, 3694, 3732, 3756, 3762]",4.439,4.409,OptRes,[Pretrained] CF OptRes,0.011,0,0.011,3768,50,0.19002280020266848,5,0.6890000000000001,0.03000000000000025,rest
3768,feature_0 > 0.058 AND feature_0 > 0.946 AND feature_1 > 0.743 AND feature_1 > 1.568 AND feature_0 > 1.289 AND feature_0 > 1.832 AND feature_1 > 1.8 AND feature_4 > 0.223 AND feature_0 > 1.977,"{'feature_0': (1.977, 4.577), 'feature_1': (1.8, 4.438), 'feature_4': (0.223, 4.717)}",3,3.656,9,[Pretrained] CF,"[1946, 2936, 3494, 3694, 3732, 3756, 3762, 3766]",4.679,4.761,OptRes,[Pretrained] CF OptRes,0.011,0,0.011,3768,23,0.04319371727748691,5,1.0230000000000001,0.08199999999999985,rest
3756,feature_0 > 0.058 AND feature_0 > 0.946 AND feature_1 > 0.743 AND feature_1 > 1.568 AND feature_0 > 1.289 AND feature_0 > 1.832,"{'feature_0': (1.832, 4.577), 'feature_1': (1.568, 4.438)}",2,3.61,6,[Pretrained] CF,"[1946, 2936, 3494, 3694, 3732]",4.329,4.312,OptRes,[Pretrained] CF OptRes,0.011,0,0.011,3768,144,0.21465968586387435,5,0.7189999999999999,0.01699999999999946,rest
3759,feature_0 > 0.058 AND feature_0 > 0.946 AND feature_1 > 0.743 AND feature_1 > 1.568 AND feature_0 > 1.289 AND feature_0 > 1.832 AND feature_1 <= 1.8 AND feature_0 > 2.096,"{'feature_0': (2.096, 4.577), 'feature_1': (1.568, 1.8)}",2,3.581,8,[Pretrained] CF,"[1946, 2936, 3494, 3694, 3732, 3756, 3757]",4.389,4.357,OptRes,[Pretrained] CF OptRes,0.011,0,0.011,3768,30,0.0549738219895288,5,0.8080000000000003,0.03200000000000003,rest
3768,feature_0 > 0.058 AND feature_0 > 0.946 AND feature_1 > 0.743 AND feature_1 > 1.568 AND feature_0 > 1.289 AND feature_0 > 1.832 AND feature_1 > 1.8 AND feature_4 > 0.223 AND feature_0 > 1.977,"{'feature_0': (1.977, 4.577), 'feature_1': (1.8, 4.438), 'feature_4': (0.223, 4.717)}",3,3.656,9,[Pretrained] CF,"[1946, 2936, 3494, 3694, 3732, 3756, 3762, 3766]",4.679,4.761,ResOve,[Pretrained] CF ResOve,0.983,0,0.983,3768,23,0.0,5,1.0230000000000001,0.08199999999999985,rest
3765,feature_0 > 0.058 AND feature_0 > 0.946 AND feature_1 > 0.743 AND feature_1 > 1.568 AND feature_0 > 1.289 AND feature_0 > 1.832 AND feature_1 > 1.8 AND feature_4 <= 0.223 AND feature_1 > 2.183,"{'feature_0': (1.832, 4.577), 'feature_1': (2.183, 4.438), 'feature_4': (-4.13, 0.223)}",3,3.805,9,[Pretrained] CF,"[1946, 2936, 3494, 3694, 3732, 3756, 3762, 3763]",4.709,4.641,ResOve,[Pretrained] CF ResOve,0.983,0,0.983,3768,22,0.0,5,0.9039999999999995,0.06799999999999962,rest
3764,feature_0 > 0.058 AND feature_0 > 0.946 AND feature_1 > 0.743 AND feature_1 > 1.568 AND feature_0 > 1.289 AND feature_0 > 1.832 AND feature_1 > 1.8 AND feature_4 <= 0.223 AND feature_1 <= 2.183,"{'feature_0': (1.832, 4.577), 'feature_1': (1.8, 2.183), 'feature_4': (-4.13, 0.223)}",3,3.708,9,[Pretrained] CF,"[1946, 2936, 3494, 3694, 3732, 3756, 3762, 3763]",4.231,4.227,ResOve,[Pretrained] CF ResOve,0.983,0,0.983,3768,28,0.0,5,0.5229999999999997,0.0039999999999995595,rest
3759,feature_0 > 0.058 AND feature_0 > 0.946 AND feature_1 > 0.743 AND feature_1 > 1.568 AND feature_0 > 1.289 AND feature_0 > 1.832 AND feature_1 <= 1.8 AND feature_0 > 2.096,"{'feature_0': (2.096, 4.577), 'feature_1': (1.568, 1.8)}",2,3.581,8,[Pretrained] CF,"[1946, 2936, 3494, 3694, 3732, 3756, 3757]",4.389,4.357,ResOve,[Pretrained] CF ResOve,0.983,0,0.983,3768,30,0.0,5,0.8080000000000003,0.03200000000000003,rest
3753,feature_0 > 0.058 AND feature_0 > 0.946 AND feature_1 > 0.743 AND feature_1 > 1.568 AND feature_0 > 1.289 AND feature_0 <= 1.832 AND feature_1 > 1.664 AND feature_0 > 1.63 AND feature_2 > -0.178,"{'feature_0': (1.63, 1.832), 'feature_1': (1.664, 4.438), 'feature_2': (-0.178, 4.286)}",3,3.535,9,[Pretrained] CF,"[1946, 2936, 3494, 3694, 3732, 3733, 3737, 3751]",3.93,3.948,ResOve,[Pretrained] CF ResOve,0.983,0,0.983,3768,44,0.0,5,0.395,0.017999999999999794,rest
3765,feature_0 > 0.058 AND feature_0 > 0.946 AND feature_1 > 0.743 AND feature_1 > 1.568 AND feature_0 > 1.289 AND feature_0 > 1.832 AND feature_1 > 1.8 AND feature_4 <= 0.223 AND feature_1 > 2.183,"{'feature_0': (1.832, 4.577), 'feature_1': (2.183, 4.438), 'feature_4': (-4.13, 0.223)}",3,3.805,9,[Pretrained] CF,"[1946, 2936, 3494, 3694, 3732, 3756, 3762, 3763]",4.709,4.641,NoOve,[Pretrained] CF NoOve,0.017,0,0.017,3768,22,0.0,5,0.9039999999999995,0.06799999999999962,rest
3764,feature_0 > 0.058 AND feature_0 > 0.946 AND feature_1 > 0.743 AND feature_1 > 1.568 AND feature_0 > 1.289 AND feature_0 > 1.832 AND feature_1 > 1.8 AND feature_4 <= 0.223 AND feature_1 <= 2.183,"{'feature_0': (1.832, 4.577), 'feature_1': (1.8, 2.183), 'feature_4': (-4.13, 0.223)}",3,3.708,9,[Pretrained] CF,"[1946, 2936, 3494, 3694, 3732, 3756, 3762, 3763]",4.231,4.227,NoOve,[Pretrained] CF NoOve,0.017,0,0.017,3768,28,0.0,5,0.5229999999999997,0.0039999999999995595,rest
3768,feature_0 > 0.058 AND feature_0 > 0.946 AND feature_1 > 0.743 AND feature_1 > 1.568 AND feature_0 > 1.289 AND feature_0 > 1.832 AND feature_1 > 1.8 AND feature_4 > 0.223 AND feature_0 > 1.977,"{'feature_0': (1.977, 4.577), 'feature_1': (1.8, 4.438), 'feature_4': (0.223, 4.717)}",3,3.656,9,[Pretrained] CF,"[1946, 2936, 3494, 3694, 3732, 3756, 3762, 3766]",4.679,4.761,NoOve,[Pretrained] CF NoOve,0.017,0,0.017,3768,23,0.0,5,1.0230000000000001,0.08199999999999985,rest
3753,feature_0 > 0.058 AND feature_0 > 0.946 AND feature_1 > 0.743 AND feature_1 > 1.568 AND feature_0 > 1.289 AND feature_0 <= 1.832 AND feature_1 > 1.664 AND feature_0 > 1.63 AND feature_2 > -0.178,"{'feature_0': (1.63, 1.832), 'feature_1': (1.664, 4.438), 'feature_2': (-0.178, 4.286)}",3,3.535,9,[Pretrained] CF,"[1946, 2936, 3494, 3694, 3732, 3733, 3737, 3751]",3.93,3.948,NoOve,[Pretrained] CF NoOve,0.017,0,0.017,3768,44,0.0,5,0.395,0.017999999999999794,rest
3748,feature_0 > 0.058 AND feature_0 > 0.946 AND feature_1 > 0.743 AND feature_1 > 1.568 AND feature_0 > 1.289 AND feature_0 <= 1.832 AND feature_1 > 1.664 AND feature_0 <= 1.63 AND feature_1 > 2.181,"{'feature_0': (1.289, 1.63), 'feature_1': (2.181, 4.438)}",2,3.437,9,[Pretrained] CF,"[1946, 2936, 3494, 3694, 3732, 3733, 3737, 3738]",4.018,4.019,NoOve,[Pretrained] CF NoOve,0.017,0,0.017,3768,67,0.0,5,0.581,0.001000000000000334,rest
3129,feature_0 > 0.058 AND feature_0 > 0.946 AND feature_1 <= 0.743 AND feature_0 <= 1.577 AND feature_1 > 0.104 AND feature_1 <= 0.309 AND feature_0 <= 1.409 AND feature_0 <= 1.212 AND feature_1 <= 0.222 AND feature_4 <= -0.605,"{'feature_0': (0.946, 1.212), 'feature_1': (0.104, 0.222), 'feature_4': (-4.13, -0.605)}",3,1.636,10,[Pretrained] CF,"[1946, 2936, 2937, 2938, 3124, 3125, 3126, 3127, 3128]",1.843,1.837,Random,[Pretrained] CF Random,0.009,0,0.009,3768,57,0.0,5,0.20700000000000007,0.006000000000000005,rest
1937,feature_0 <= 0.058 AND feature_0 > -0.982 AND feature_1 > 0.164 AND feature_1 > 1.51 AND feature_0 > -0.428 AND feature_1 > 1.75 AND feature_0 > -0.211 AND feature_2 > -0.283 AND feature_1 <= 2.08 AND feature_1 > 1.829 AND feature_8 > -0.892 AND feature_7 <= 0.022,"{'feature_0': (-0.211, 0.058), 'feature_1': (1.829, 2.08), 'feature_2': (-0.283, 4.286), 'feature_8': (-0.892, 4.699), 'feature_7': (-4.375, 0.022)}",5,1.997,12,[Pretrained] CF,"[1, 771, 1393, 1773, 1855, 1893, 1917, 1929, 1930, 1934, 1936]",2.015,2.016,Random,[Pretrained] CF Random,0.009,0,0.009,3768,31,0.0,5,0.018000000000000016,0.0009999999999998899,rest
314,feature_0 <= 0.058 AND feature_0 <= -0.982 AND feature_1 <= 0.16 AND feature_0 > -1.716 AND feature_0 > -1.47 AND feature_1 <= -0.027 AND feature_0 > -1.072 AND feature_0 > -1.032,"{'feature_0': (-1.032, -0.982), 'feature_1': (-4.202, -0.027)}",2,0.564,8,[Pretrained] CF,"[1, 2, 3, 143, 231, 232, 294]",0.605,0.602,Random,[Pretrained] CF Random,0.009,0,0.009,3768,485,0.0,5,0.041000000000000036,0.0030000000000000027,rest
3742,feature_0 > 0.058 AND feature_0 > 0.946 AND feature_1 > 0.743 AND feature_1 > 1.568 AND feature_0 > 1.289 AND feature_0 <= 1.832 AND feature_1 > 1.664 AND feature_0 <= 1.63 AND feature_1 <= 2.181 AND feature_2 <= 0.102 AND feature_1 > 1.775,"{'feature_0': (1.289, 1.63), 'feature_1': (1.775, 2.181), 'feature_2': (-4.532, 0.102)}",3,3.28,11,[Pretrained] CF,"[1946, 2936, 3494, 3694, 3732, 3733, 3737, 3738, 3739, 3740]",3.517,3.52,Random,[Pretrained] CF Random,0.009,0,0.009,3768,40,0.0,5,0.2370000000000001,0.0030000000000001137,rest
154,feature_0 <= 0.058 AND feature_0 <= -0.982 AND feature_1 <= 0.16 AND feature_0 > -1.716 AND feature_0 <= -1.47 AND feature_1 <= -0.004 AND feature_0 <= -1.643 AND feature_2 <= 0.416 AND feature_3 <= 0.616 AND feature_9 > -1.171 AND feature_5 > 0.645,"{'feature_0': (-1.716, -1.643), 'feature_1': (-4.202, -0.004), 'feature_2': (-4.532, 0.416), 'feature_3': (-4.344, 0.616), 'feature_9': (-1.171, 4.08), 'feature_5': (0.645, 4.284)}",6,1.317,11,[Pretrained] CF,"[1, 2, 3, 143, 144, 145, 146, 147, 148, 150]",1.282,1.281,Random,[Pretrained] CF Random,0.009,0,0.009,3768,55,0.0,5,0.03499999999999992,0.001000000000000112,rest
3765,feature_0 > 0.058 AND feature_0 > 0.946 AND feature_1 > 0.743 AND feature_1 > 1.568 AND feature_0 > 1.289 AND feature_0 > 1.832 AND feature_1 > 1.8 AND feature_4 <= 0.223 AND feature_1 > 2.183,"{'feature_0': (1.832, 4.577), 'feature_1': (2.183, 4.438), 'feature_4': (-4.13, 0.223)}",3,3.805,9,[Pretrained] CF,"[1946, 2936, 3494, 3694, 3732, 3756, 3762, 3763]",4.709,4.709,OptRes,[Pretrained] CF OptRes,0.009,0,0.009,3768,27,0.14421128187806115,5,0.9039999999999995,0.0,all
3763,feature_0 > 0.058 AND feature_0 > 0.946 AND feature_1 > 0.743 AND feature_1 > 1.568 AND feature_0 > 1.289 AND feature_0 > 1.832 AND feature_1 > 1.8 AND feature_4 <= 0.223,"{'feature_0': (1.832, 4.577), 'feature_1': (1.8, 4.438), 'feature_4': (-4.13, 0.223)}",3,3.75,8,[Pretrained] CF,"[1946, 2936, 3494, 3694, 3732, 3756, 3762]",4.439,4.439,OptRes,[Pretrained] CF OptRes,0.009,0,0.009,3768,62,0.19002280020266848,5,0.6890000000000001,0.0,all
3768,feature_0 > 0.058 AND feature_0 > 0.946 AND feature_1 > 0.743 AND feature_1 > 1.568 AND feature_0 > 1.289 AND feature_0 > 1.832 AND feature_1 > 1.8 AND feature_4 > 0.223 AND feature_0 > 1.977,"{'feature_0': (1.977, 4.577), 'feature_1': (1.8, 4.438), 'feature_4': (0.223, 4.717)}",3,3.656,9,[Pretrained] CF,"[1946, 2936, 3494, 3694, 3732, 3756, 3762, 3766]",4.679,4.679,OptRes,[Pretrained] CF OptRes,0.009,0,0.009,3768,33,0.04319371727748691,5,1.0230000000000001,0.0,all
3760,feature_0 > 0.058 AND feature_0 > 0.946 AND feature_1 > 0.743 AND feature_1 > 1.568 AND feature_0 > 1.289 AND feature_0 > 1.832 AND feature_1 <= 1.8 AND feature_0 > 2.096 AND feature_5 <= -0.017,"{'feature_0': (2.096, 4.577), 'feature_1': (1.568, 1.8), 'feature_5': (-4.895, -0.017)}",3,3.653,9,[Pretrained] CF,"[1946, 2936, 3494, 3694, 3732, 3756, 3757, 3759]",4.31,4.31,OptRes,[Pretrained] CF OptRes,0.009,0,0.009,3768,21,0.0274869109947644,5,0.6569999999999996,0.0,all
3756,feature_0 > 0.058 AND feature_0 > 0.946 AND feature_1 > 0.743 AND feature_1 > 1.568 AND feature_0 > 1.289 AND feature_0 > 1.832,"{'feature_0': (1.832, 4.577), 'feature_1': (1.568, 4.438)}",2,3.61,6,[Pretrained] CF,"[1946, 2936, 3494, 3694, 3732]",4.329,4.329,OptRes,[Pretrained] CF OptRes,0.009,0,0.009,3768,191,0.18717277486910994,5,0.7189999999999999,0.0,all
3768,feature_0 > 0.058 AND feature_0 > 0.946 AND feature_1 > 0.743 AND feature_1 > 1.568 AND feature_0 > 1.289 AND feature_0 > 1.832 AND feature_1 > 1.8 AND feature_4 > 0.223 AND feature_0 > 1.977,"{'feature_0': (1.977, 4.577), 'feature_1': (1.8, 4.438), 'feature_4': (0.223, 4.717)}",3,3.656,9,[Pretrained] CF,"[1946, 2936, 3494, 3694, 3732, 3756, 3762, 3766]",4.679,4.679,ResOve,[Pretrained] CF ResOve,0.626,0,0.626,3768,33,0.0,5,1.0230000000000001,0.0,all
3765,feature_0 > 0.058 AND feature_0 > 0.946 AND feature_1 > 0.743 AND feature_1 > 1.568 AND feature_0 > 1.289 AND feature_0 > 1.832 AND feature_1 > 1.8 AND feature_4 <= 0.223 AND feature_1 > 2.183,"{'feature_0': (1.832, 4.577), 'feature_1': (2.183, 4.438), 'feature_4': (-4.13, 0.223)}",3,3.805,9,[Pretrained] CF,"[1946, 2936, 3494, 3694, 3732, 3756, 3762, 3763]",4.709,4.709,ResOve,[Pretrained] CF ResOve,0.626,0,0.626,3768,27,0.0,5,0.9039999999999995,0.0,all
3764,feature_0 > 0.058 AND feature_0 > 0.946 AND feature_1 > 0.743 AND feature_1 > 1.568 AND feature_0 > 1.289 AND feature_0 > 1.832 AND feature_1 > 1.8 AND feature_4 <= 0.223 AND feature_1 <= 2.183,"{'feature_0': (1.832, 4.577), 'feature_1': (1.8, 2.183), 'feature_4': (-4.13, 0.223)}",3,3.708,9,[Pretrained] CF,"[1946, 2936, 3494, 3694, 3732, 3756, 3762, 3763]",4.231,4.231,ResOve,[Pretrained] CF ResOve,0.626,0,0.626,3768,35,0.0,5,0.5229999999999997,0.0,all
3753,feature_0 > 0.058 AND feature_0 > 0.946 AND feature_1 > 0.743 AND feature_1 > 1.568 AND feature_0 > 1.289 AND feature_0 <= 1.832 AND feature_1 > 1.664 AND feature_0 > 1.63 AND feature_2 > -0.178,"{'feature_0': (1.63, 1.832), 'feature_1': (1.664, 4.438), 'feature_2': (-0.178, 4.286)}",3,3.535,9,[Pretrained] CF,"[1946, 2936, 3494, 3694, 3732, 3733, 3737, 3751]",3.93,3.93,ResOve,[Pretrained] CF ResOve,0.626,0,0.626,3768,56,0.0,5,0.395,0.0,all
3761,feature_0 > 0.058 AND feature_0 > 0.946 AND feature_1 > 0.743 AND feature_1 > 1.568 AND feature_0 > 1.289 AND feature_0 > 1.832 AND feature_1 <= 1.8 AND feature_0 > 2.096 AND feature_5 > -0.017,"{'feature_0': (2.096, 4.577), 'feature_1': (1.568, 1.8), 'feature_5': (-0.017, 4.284)}",3,3.508,9,[Pretrained] CF,"[1946, 2936, 3494, 3694, 3732, 3756, 3757, 3759]",4.467,4.467,ResOve,[Pretrained] CF ResOve,0.626,0,0.626,3768,21,0.0,5,0.9589999999999996,0.0,all
3765,feature_0 > 0.058 AND feature_0 > 0.946 AND feature_1 > 0.743 AND feature_1 > 1.568 AND feature_0 > 1.289 AND feature_0 > 1.832 AND feature_1 > 1.8 AND feature_4 <= 0.223 AND feature_1 > 2.183,"{'feature_0': (1.832, 4.577), 'feature_1': (2.183, 4.438), 'feature_4': (-4.13, 0.223)}",3,3.805,9,[Pretrained] CF,"[1946, 2936, 3494, 3694, 3732, 3756, 3762, 3763]",4.709,4.709,NoOve,[Pretrained] CF NoOve,0.013,0,0.013,3768,27,0.0,5,0.9039999999999995,0.0,all
3764,feature_0 > 0.058 AND feature_0 > 0.946 AND feature_1 > 0.743 AND feature_1 > 1.568 AND feature_0 > 1.289 AND feature_0 > 1.832 AND feature_1 > 1.8 AND feature_4 <= 0.223 AND feature_1 <= 2.183,"{'feature_0': (1.832, 4.577), 'feature_1': (1.8, 2.183), 'feature_4': (-4.13, 0.223)}",3,3.708,9,[Pretrained] CF,"[1946, 2936, 3494, 3694, 3732, 3756, 3762, 3763]",4.231,4.231,NoOve,[Pretrained] CF NoOve,0.013,0,0.013,3768,35,0.0,5,0.5229999999999997,0.0,all
3768,feature_0 > 0.058 AND feature_0 > 0.946 AND feature_1 > 0.743 AND feature_1 > 1.568 AND feature_0 > 1.289 AND feature_0 > 1.832 AND feature_1 > 1.8 AND feature_4 > 0.223 AND feature_0 > 1.977,"{'feature_0': (1.977, 4.577), 'feature_1': (1.8, 4.438), 'feature_4': (0.223, 4.717)}",3,3.656,9,[Pretrained] CF,"[1946, 2936, 3494, 3694, 3732, 3756, 3762, 3766]",4.679,4.679,NoOve,[Pretrained] CF NoOve,0.013,0,0.013,3768,33,0.0,5,1.0230000000000001,0.0,all
3760,feature_0 > 0.058 AND feature_0 > 0.946 AND feature_1 > 0.743 AND feature_1 > 1.568 AND feature_0 > 1.289 AND feature_0 > 1.832 AND feature_1 <= 1.8 AND feature_0 > 2.096 AND feature_5 <= -0.017,"{'feature_0': (2.096, 4.577), 'feature_1': (1.568, 1.8), 'feature_5': (-4.895, -0.017)}",3,3.653,9,[Pretrained] CF,"[1946, 2936, 3494, 3694, 3732, 3756, 3757, 3759]",4.31,4.31,NoOve,[Pretrained] CF NoOve,0.013,0,0.013,3768,21,0.0,5,0.6569999999999996,0.0,all
3753,feature_0 > 0.058 AND feature_0 > 0.946 AND feature_1 > 0.743 AND feature_1 > 1.568 AND feature_0 > 1.289 AND feature_0 <= 1.832 AND feature_1 > 1.664 AND feature_0 > 1.63 AND feature_2 > -0.178,"{'feature_0': (1.63, 1.832), 'feature_1': (1.664, 4.438), 'feature_2': (-0.178, 4.286)}",3,3.535,9,[Pretrained] CF,"[1946, 2936, 3494, 3694, 3732, 3733, 3737, 3751]",3.93,3.93,NoOve,[Pretrained] CF NoOve,0.013,0,0.013,3768,56,0.0,5,0.395,0.0,all
3185,feature_0 > 0.058 AND feature_0 > 0.946 AND feature_1 <= 0.743 AND feature_0 <= 1.577 AND feature_1 > 0.104 AND feature_1 > 0.309 AND feature_0 <= 1.392 AND feature_3 <= 0.811 AND feature_1 <= 0.583,"{'feature_0': (0.946, 1.392), 'feature_1': (0.309, 0.583), 'feature_3': (-4.344, 0.811)}",3,1.987,9,[Pretrained] CF,"[1946, 2936, 2937, 2938, 3124, 3182, 3183, 3184]",2.095,2.095,Random,[Pretrained] CF Random,0.003,0,0.003,3768,752,0.0,5,0.1080000000000001,0.0,all
3177,feature_0 > 0.058 AND feature_0 > 0.946 AND feature_1 <= 0.743 AND feature_0 <= 1.577 AND feature_1 > 0.104 AND feature_1 <= 0.309 AND feature_0 > 1.409 AND feature_0 > 1.453 AND feature_2 > -0.133,"{'feature_0': (1.453, 1.577), 'feature_1': (0.104, 0.309), 'feature_2': (-0.133, 4.286)}",3,2.206,9,[Pretrained] CF,"[1946, 2936, 2937, 2938, 3124, 3125, 3169, 3173]",2.317,2.317,Random,[Pretrained] CF Random,0.003,0,0.003,3768,75,0.0,5,0.11100000000000021,0.0,all
2434,feature_0 > 0.058 AND feature_0 <= 0.946 AND feature_1 <= 0.771 AND feature_0 > 0.647 AND feature_1 > 0.108 AND feature_0 <= 0.785 AND feature_1 <= 0.674 AND feature_2 <= 1.06 AND feature_0 <= 0.713 AND feature_1 <= 0.436 AND feature_9 <= 0.746 AND feature_2 > 0.618,"{'feature_0': (0.647, 0.713), 'feature_1': (0.108, 0.436), 'feature_2': (0.618, 1.06), 'feature_9': (-5.002, 0.746)}",4,1.207,12,[Pretrained] CF,"[1946, 1947, 1948, 2284, 2426, 2427, 2428, 2429, 2430, 2431, 2432]",1.52,1.52,Random,[Pretrained] CF Random,0.003,0,0.003,3768,27,0.0,5,0.31299999999999994,0.0,all
1744,feature_0 <= 0.058 AND feature_0 > -0.982 AND feature_1 > 0.164 AND feature_1 <= 1.51 AND feature_0 > -0.397 AND feature_1 > 0.802 AND feature_0 > -0.135 AND feature_1 <= 1.147 AND feature_2 > -0.72 AND feature_5 <= -0.296 AND feature_0 > -0.072,"{'feature_0': (-0.072, 0.058), 'feature_1': (0.802, 1.147), 'feature_2': (-0.72, 4.286), 'feature_5': (-4.895, -0.296)}",4,1.176,11,[Pretrained] CF,"[1, 771, 1393, 1394, 1588, 1680, 1728, 1729, 1739, 1740]",1.278,1.278,Random,[Pretrained] CF Random,0.003,0,0.003,3768,128,0.0,5,0.10200000000000009,0.0,all
3159,feature_0 > 0.058 AND feature_0 > 0.946 AND feature_1 <= 0.743 AND feature_0 <= 1.577 AND feature_1 > 0.104 AND feature_1 <= 0.309 AND feature_0 <= 1.409 AND feature_0 > 1.212 AND feature_3 <= 0.565 AND feature_8 > 0.337 AND feature_1 <= 0.194 AND feature_0 <= 1.302,"{'feature_0': (1.212, 1.302), 'feature_1': (0.104, 0.194), 'feature_3': (-4.344, 0.565), 'feature_8': (0.337, 4.699)}",4,1.813,12,[Pretrained] CF,"[1946, 2936, 2937, 2938, 3124, 3125, 3126, 3148, 3149, 3157, 3158]",2.027,2.027,Random,[Pretrained] CF Random,0.003,0,0.003,3768,23,0.0,5,0.2140000000000002,0.0,all
3480,feature_0 > 0.058 AND feature_0 > 0.946 AND feature_1 <= 0.743 AND feature_0 > 1.577 AND feature_0 > 2.049 AND feature_1 > 0.008 AND feature_4 > -0.358 AND feature_0 > 2.149 AND feature_1 <= 0.316 AND feature_2 > -0.688 AND feature_1 > 0.102 AND feature_5 > -0.07,"{'feature_0': (2.149, 4.577), 'feature_1': (0.102, 0.316), 'feature_4': (-0.358, 4.717), 'feature_2': (-0.688, 4.286), 'feature_5': (-0.07, 4.284)}",5,2.909,12,[Pretrained] CF,"[1946, 2936, 2937, 3253, 3393, 3451, 3467, 3473, 3474, 3476, 3478]",3.307,3.307,OptRes,[Pretrained] CF OptRes,0.009,0,0.009,3768,43,0.11197916666666667,5,0.39800000000000013,0.0,hte_only
3476,feature_0 > 0.058 AND feature_0 > 0.946 AND feature_1 <= 0.743 AND feature_0 > 1.577 AND feature_0 > 2.049 AND feature_1 > 0.008 AND feature_4 > -0.358 AND feature_0 > 2.149 AND feature_1 <= 0.316 AND feature_2 > -0.688,"{'feature_0': (2.149, 4.577), 'feature_1': (0.008, 0.316), 'feature_4': (-0.358, 4.717), 'feature_2': (-0.688, 4.286)}",4,2.846,10,[Pretrained] CF,"[1946, 2936, 2937, 3253, 3393, 3451, 3467, 3473, 3474]",3.253,3.253,OptRes,[Pretrained] CF OptRes,0.009,0,0.009,3768,96,0.25,5,0.40700000000000003,0.0,hte_only
3479,feature_0 > 0.058 AND feature_0 > 0.946 AND feature_1 <= 0.743 AND feature_0 > 1.577 AND feature_0 > 2.049 AND feature_1 > 0.008 AND feature_4 > -0.358 AND feature_0 > 2.149 AND feature_1 <= 0.316 AND feature_2 > -0.688 AND feature_1 > 0.102 AND feature_5 <= -0.07,"{'feature_0': (2.149, 4.577), 'feature_1': (0.102, 0.316), 'feature_4': (-0.358, 4.717), 'feature_2': (-0.688, 4.286), 'feature_5': (-4.895, -0.07)}",5,2.82,12,[Pretrained] CF,"[1946, 2936, 2937, 3253, 3393, 3451, 3467, 3473, 3474, 3476, 3478]",3.228,3.228,OptRes,[Pretrained] CF OptRes,0.009,0,0.009,3768,26,0.06770833333333333,5,0.40800000000000036,0.0,hte_only
3477,feature_0 > 0.058 AND feature_0 > 0.946 AND feature_1 <= 0.743 AND feature_0 > 1.577 AND feature_0 > 2.049 AND feature_1 > 0.008 AND feature_4 > -0.358 AND feature_0 > 2.149 AND feature_1 <= 0.316 AND feature_2 > -0.688 AND feature_1 <= 0.102,"{'feature_0': (2.149, 4.577), 'feature_1': (0.008, 0.102), 'feature_4': (-0.358, 4.717), 'feature_2': (-0.688, 4.286)}",4,2.773,11,[Pretrained] CF,"[1946, 2936, 2937, 3253, 3393, 3451, 3467, 3473, 3474, 3476]",3.189,3.189,OptRes,[Pretrained] CF OptRes,0.009,0,0.009,3768,27,0.0703125,5,0.4159999999999999,0.0,hte_only
3449,feature_0 > 0.058 AND feature_0 > 0.946 AND feature_1 <= 0.743 AND feature_0 > 1.577 AND feature_0 > 2.049 AND feature_1 <= 0.008 AND feature_0 > 2.265 AND feature_6 > -0.096 AND feature_5 > 0.243 AND feature_3 > -0.885 AND feature_0 > 2.515 AND feature_8 <= -0.107,"{'feature_0': (2.515, 4.577), 'feature_1': (-4.202, 0.008), 'feature_6': (-0.096, 4.078), 'feature_5': (0.243, 4.284), 'feature_3': (-0.885, 4.384), 'feature_8': (-4.447, -0.107)}",6,2.728,12,[Pretrained] CF,"[1946, 2936, 2937, 3253, 3393, 3394, 3420, 3434, 3442, 3444, 3448]",3.161,3.161,OptRes,[Pretrained] CF OptRes,0.009,0,0.009,3768,21,0.0,5,0.43299999999999983,0.0,hte_only
3480,feature_0 > 0.058 AND feature_0 > 0.946 AND feature_1 <= 0.743 AND feature_0 > 1.577 AND feature_0 > 2.049 AND feature_1 > 0.008 AND feature_4 > -0.358 AND feature_0 > 2.149 AND feature_1 <= 0.316 AND feature_2 > -0.688 AND feature_1 > 0.102 AND feature_5 > -0.07,"{'feature_0': (2.149, 4.577), 'feature_1': (0.102, 0.316), 'feature_4': (-0.358, 4.717), 'feature_2': (-0.688, 4.286), 'feature_5': (-0.07, 4.284)}",5,2.909,12,[Pretrained] CF,"[1946, 2936, 2937, 3253, 3393, 3451, 3467, 3473, 3474, 3476, 3478]",3.307,3.307,ResOve,[Pretrained] CF ResOve,0.472,0,0.472,3768,43,0.0,5,0.39800000000000013,0.0,hte_only
3479,feature_0 > 0.058 AND feature_0 > 0.946 AND feature_1 <= 0.743 AND feature_0 > 1.577 AND feature_0 > 2.049 AND feature_1 > 0.008 AND feature_4 > -0.358 AND feature_0 > 2.149 AND feature_1 <= 0.316 AND feature_2 > -0.688 AND feature_1 > 0.102 AND feature_5 <= -0.07,"{'feature_0': (2.149, 4.577), 'feature_1': (0.102, 0.316), 'feature_4': (-0.358, 4.717), 'feature_2': (-0.688, 4.286), 'feature_5': (-4.895, -0.07)}",5,2.82,12,[Pretrained] CF,"[1946, 2936, 2937, 3253, 3393, 3451, 3467, 3473, 3474, 3476, 3478]",3.228,3.228,ResOve,[Pretrained] CF ResOve,0.472,0,0.472,3768,26,0.0,5,0.40800000000000036,0.0,hte_only
3449,feature_0 > 0.058 AND feature_0 > 0.946 AND feature_1 <= 0.743 AND feature_0 > 1.577 AND feature_0 > 2.049 AND feature_1 <= 0.008 AND feature_0 > 2.265 AND feature_6 > -0.096 AND feature_5 > 0.243 AND feature_3 > -0.885 AND feature_0 > 2.515 AND feature_8 <= -0.107,"{'feature_0': (2.515, 4.577), 'feature_1': (-4.202, 0.008), 'feature_6': (-0.096, 4.078), 'feature_5': (0.243, 4.284), 'feature_3': (-0.885, 4.384), 'feature_8': (-4.447, -0.107)}",6,2.728,12,[Pretrained] CF,"[1946, 2936, 2937, 3253, 3393, 3394, 3420, 3434, 3442, 3444, 3448]",3.161,3.161,ResOve,[Pretrained] CF ResOve,0.472,0,0.472,3768,21,0.0,5,0.43299999999999983,0.0,hte_only
3475,feature_0 > 0.058 AND feature_0 > 0.946 AND feature_1 <= 0.743 AND feature_0 > 1.577 AND feature_0 > 2.049 AND feature_1 > 0.008 AND feature_4 > -0.358 AND feature_0 > 2.149 AND feature_1 <= 0.316 AND feature_2 <= -0.688,"{'feature_0': (2.149, 4.577), 'feature_1': (0.008, 0.316), 'feature_4': (-0.358, 4.717), 'feature_2': (-4.532, -0.688)}",4,2.686,10,[Pretrained] CF,"[1946, 2936, 2937, 3253, 3393, 3451, 3467, 3473, 3474]",3.282,3.282,ResOve,[Pretrained] CF ResOve,0.472,0,0.472,3768,33,0.0,5,0.5960000000000001,0.0,hte_only
3450,feature_0 > 0.058 AND feature_0 > 0.946 AND feature_1 <= 0.743 AND feature_0 > 1.577 AND feature_0 > 2.049 AND feature_1 <= 0.008 AND feature_0 > 2.265 AND feature_6 > -0.096 AND feature_5 > 0.243 AND feature_3 > -0.885 AND feature_0 > 2.515 AND feature_8 > -0.107,"{'feature_0': (2.515, 4.577), 'feature_1': (-4.202, 0.008), 'feature_6': (-0.096, 4.078), 'feature_5': (0.243, 4.284), 'feature_3': (-0.885, 4.384), 'feature_8': (-0.107, 4.699)}",6,2.697,12,[Pretrained] CF,"[1946, 2936, 2937, 3253, 3393, 3394, 3420, 3434, 3442, 3444, 3448]",3.245,3.245,ResOve,[Pretrained] CF ResOve,0.472,0,0.472,3768,21,0.0,5,0.548,0.0,hte_only
3480,feature_0 > 0.058 AND feature_0 > 0.946 AND feature_1 <= 0.743 AND feature_0 > 1.577 AND feature_0 > 2.049 AND feature_1 > 0.008 AND feature_4 > -0.358 AND feature_0 > 2.149 AND feature_1 <= 0.316 AND feature_2 > -0.688 AND feature_1 > 0.102 AND feature_5 > -0.07,"{'feature_0': (2.149, 4.577), 'feature_1': (0.102, 0.316), 'feature_4': (-0.358, 4.717), 'feature_2': (-0.688, 4.286), 'feature_5': (-0.07, 4.284)}",5,2.909,12,[Pretrained] CF,"[1946, 2936, 2937, 3253, 3393, 3451, 3467, 3473, 3474, 3476, 3478]",3.307,3.307,NoOve,[Pretrained] CF NoOve,0.013,0,0.013,3768,43,0.0,5,0.39800000000000013,0.0,hte_only
3479,feature_0 > 0.058 AND feature_0 > 0.946 AND feature_1 <= 0.743 AND feature_0 > 1.577 AND feature_0 > 2.049 AND feature_1 > 0.008 AND feature_4 > -0.358 AND feature_0 > 2.149 AND feature_1 <= 0.316 AND feature_2 > -0.688 AND feature_1 > 0.102 AND feature_5 <= -0.07,"{'feature_0': (2.149, 4.577), 'feature_1': (0.102, 0.316), 'feature_4': (-0.358, 4.717), 'feature_2': (-0.688, 4.286), 'feature_5': (-4.895, -0.07)}",5,2.82,12,[Pretrained] CF,"[1946, 2936, 2937, 3253, 3393, 3451, 3467, 3473, 3474, 3476, 3478]",3.228,3.228,NoOve,[Pretrained] CF NoOve,0.013,0,0.013,3768,26,0.0,5,0.40800000000000036,0.0,hte_only
3449,feature_0 > 0.058 AND feature_0 > 0.946 AND feature_1 <= 0.743 AND feature_0 > 1.577 AND feature_0 > 2.049 AND feature_1 <= 0.008 AND feature_0 > 2.265 AND feature_6 > -0.096 AND feature_5 > 0.243 AND feature_3 > -0.885 AND feature_0 > 2.515 AND feature_8 <= -0.107,"{'feature_0': (2.515, 4.577), 'feature_1': (-4.202, 0.008), 'feature_6': (-0.096, 4.078), 'feature_5': (0.243, 4.284), 'feature_3': (-0.885, 4.384), 'feature_8': (-4.447, -0.107)}",6,2.728,12,[Pretrained] CF,"[1946, 2936, 2937, 3253, 3393, 3394, 3420, 3434, 3442, 3444, 3448]",3.161,3.161,NoOve,[Pretrained] CF NoOve,0.013,0,0.013,3768,21,0.0,5,0.43299999999999983,0.0,hte_only
3450,feature_0 > 0.058 AND feature_0 > 0.946 AND feature_1 <= 0.743 AND feature_0 > 1.577 AND feature_0 > 2.049 AND feature_1 <= 0.008 AND feature_0 > 2.265 AND feature_6 > -0.096 AND feature_5 > 0.243 AND feature_3 > -0.885 AND feature_0 > 2.515 AND feature_8 > -0.107,"{'feature_0': (2.515, 4.577), 'feature_1': (-4.202, 0.008), 'feature_6': (-0.096, 4.078), 'feature_5': (0.243, 4.284), 'feature_3': (-0.885, 4.384), 'feature_8': (-0.107, 4.699)}",6,2.697,12,[Pretrained] CF,"[1946, 2936, 2937, 3253, 3393, 3394, 3420, 3434, 3442, 3444, 3448]",3.245,3.245,NoOve,[Pretrained] CF NoOve,0.013,0,0.013,3768,21,0.0,5,0.548,0.0,hte_only
3447,feature_0 > 0.058 AND feature_0 > 0.946 AND feature_1 <= 0.743 AND feature_0 > 1.577 AND feature_0 > 2.049 AND feature_1 <= 0.008 AND feature_0 > 2.265 AND feature_6 > -0.096 AND feature_5 > 0.243 AND feature_3 > -0.885 AND feature_0 <= 2.515 AND feature_7 > -0.329,"{'feature_0': (2.265, 2.515), 'feature_1': (-4.202, 0.008), 'feature_6': (-0.096, 4.078), 'feature_5': (0.243, 4.284), 'feature_3': (-0.885, 4.384), 'feature_7': (-0.329, 4.28)}",6,2.606,12,[Pretrained] CF,"[1946, 2936, 2937, 3253, 3393, 3394, 3420, 3434, 3442, 3444, 3445]",2.729,2.729,NoOve,[Pretrained] CF NoOve,0.013,0,0.013,3768,29,0.0,5,0.12300000000000022,0.0,hte_only
807,feature_0 <= 0.058 AND feature_0 > -0.982 AND feature_1 <= 0.164 AND feature_0 <= -0.216 AND feature_1 <= -0.449 AND feature_1 <= -1.153 AND feature_0 <= -0.594 AND feature_0 > -0.863 AND feature_1 <= -1.424 AND feature_3 <= -0.283 AND feature_2 > 0.38 AND feature_0 <= -0.645,"{'feature_0': (-0.863, -0.645), 'feature_1': (-4.202, -1.424), 'feature_3': (-4.344, -0.283), 'feature_2': (0.38, 4.286)}",4,0.269,12,[Pretrained] CF,"[1, 771, 772, 773, 774, 775, 776, 800, 801, 802, 806]",0.588,0.588,Random,[Pretrained] CF Random,0.038,0,0.038,3768,83,0.0,5,0.31899999999999995,0.0,hte_only
929,feature_0 <= 0.058 AND feature_0 > -0.982 AND feature_1 <= 0.164 AND feature_0 <= -0.216 AND feature_1 <= -0.449 AND feature_1 > -1.153 AND feature_0 > -0.866 AND feature_0 <= -0.404 AND feature_4 > -0.867 AND feature_2 > 1.385,"{'feature_0': (-0.866, -0.404), 'feature_1': (-1.153, -0.449), 'feature_4': (-0.867, 4.717), 'feature_2': (1.385, 4.286)}",4,0.045,10,[Pretrained] CF,"[1, 771, 772, 773, 774, 870, 904, 905, 921]",0.235,0.235,Random,[Pretrained] CF Random,0.038,0,0.038,3768,203,0.0,5,0.19,0.0,hte_only
2981,feature_0 > 0.058 AND feature_0 > 0.946 AND feature_1 <= 0.743 AND feature_0 <= 1.577 AND feature_1 <= 0.104 AND feature_0 <= 1.253 AND feature_1 <= -0.454 AND feature_0 > 1.088 AND feature_9 > -0.779 AND feature_0 > 1.225,"{'feature_0': (1.225, 1.253), 'feature_1': (-4.202, -0.454), 'feature_9': (-0.779, 4.08)}",3,1.578,10,[Pretrained] CF,"[1946, 2936, 2937, 2938, 2939, 2940, 2941, 2963, 2973]",1.563,1.563,Random,[Pretrained] CF Random,0.038,0,0.038,3768,118,0.0,5,0.015000000000000124,0.0,hte_only
277,feature_0 <= 0.058 AND feature_0 <= -0.982 AND feature_1 <= 0.16 AND feature_0 > -1.716 AND feature_0 > -1.47 AND feature_1 <= -0.027 AND feature_0 <= -1.072 AND feature_2 > 0.635 AND feature_1 <= -0.752 AND feature_6 > -0.256 AND feature_5 > -0.329 AND feature_2 <= 1.711,"{'feature_0': (-1.47, -1.072), 'feature_1': (-4.202, -0.752), 'feature_2': (0.635, 1.711), 'feature_6': (-0.256, 4.078), 'feature_5': (-0.329, 4.284)}",5,0.898,12,[Pretrained] CF,"[1, 2, 3, 143, 231, 232, 233, 263, 264, 272, 276]",1.014,1.014,Random,[Pretrained] CF Random,0.038,0,0.038,3768,160,0.0,5,0.11599999999999999,0.0,hte_only
1014,feature_0 <= 0.058 AND feature_0 > -0.982 AND feature_1 <= 0.164 AND feature_0 <= -0.216 AND feature_1 > -0.449 AND feature_0 <= -0.769 AND feature_0 > -0.892 AND feature_1 <= -0.003 AND feature_4 > -0.716 AND feature_2 > 0.899 AND feature_1 <= -0.196,"{'feature_0': (-0.892, -0.769), 'feature_1': (-0.449, -0.196), 'feature_4': (-0.716, 4.717), 'feature_2': (0.899, 4.286)}",4,0.079,11,[Pretrained] CF,"[1, 771, 772, 773, 963, 964, 994, 995, 1005, 1013]",0.284,0.284,Random,[Pretrained] CF Random,0.038,0,0.038,3768,47,0.0,5,0.20499999999999996,0.0,hte_only
3763,feature_0 > 0.058 AND feature_0 > 0.946 AND feature_1 > 0.743 AND feature_1 > 1.568 AND feature_0 > 1.289 AND feature_0 > 1.832 AND feature_1 > 1.8 AND feature_4 <= 0.223,"{'feature_0': (1.832, 4.577), 'feature_1': (1.8, 4.438), 'feature_4': (-4.13, 0.223)}",3,3.75,8,[Pretrained] CF,"[1946, 2936, 3494, 3694, 3732, 3756, 3762]",4.439,4.426,OptRes,[Pretrained] CF OptRes,0.009,0,0.009,3768,48,0.08115183246073299,5,0.6890000000000001,0.0129999999999999,rest
3768,feature_0 > 0.058 AND feature_0 > 0.946 AND feature_1 > 0.743 AND feature_1 > 1.568 AND feature_0 > 1.289 AND feature_0 > 1.832 AND feature_1 > 1.8 AND feature_4 > 0.223 AND feature_0 > 1.977,"{'feature_0': (1.977, 4.577), 'feature_1': (1.8, 4.438), 'feature_4': (0.223, 4.717)}",3,3.656,9,[Pretrained] CF,"[1946, 2936, 3494, 3694, 3732, 3756, 3762, 3766]",4.679,4.687,OptRes,[Pretrained] CF OptRes,0.009,0,0.009,3768,28,0.04319371727748691,5,1.0230000000000001,0.008000000000000007,rest
3756,feature_0 > 0.058 AND feature_0 > 0.946 AND feature_1 > 0.743 AND feature_1 > 1.568 AND feature_0 > 1.289 AND feature_0 > 1.832,"{'feature_0': (1.832, 4.577), 'feature_1': (1.568, 4.438)}",2,3.61,6,[Pretrained] CF,"[1946, 2936, 3494, 3694, 3732]",4.329,4.34,OptRes,[Pretrained] CF OptRes,0.009,0,0.009,3768,153,0.1793193717277487,5,0.7189999999999999,0.01100000000000012,rest
3759,feature_0 > 0.058 AND feature_0 > 0.946 AND feature_1 > 0.743 AND feature_1 > 1.568 AND feature_0 > 1.289 AND feature_0 > 1.832 AND feature_1 <= 1.8 AND feature_0 > 2.096,"{'feature_0': (2.096, 4.577), 'feature_1': (1.568, 1.8)}",2,3.581,8,[Pretrained] CF,"[1946, 2936, 3494, 3694, 3732, 3756, 3757]",4.389,4.42,OptRes,[Pretrained] CF OptRes,0.009,0,0.009,3768,35,0.0549738219895288,5,0.8080000000000003,0.030999999999999694,rest
3753,feature_0 > 0.058 AND feature_0 > 0.946 AND feature_1 > 0.743 AND feature_1 > 1.568 AND feature_0 > 1.289 AND feature_0 <= 1.832 AND feature_1 > 1.664 AND feature_0 > 1.63 AND feature_2 > -0.178,"{'feature_0': (1.63, 1.832), 'feature_1': (1.664, 4.438), 'feature_2': (-0.178, 4.286)}",3,3.535,9,[Pretrained] CF,"[1946, 2936, 3494, 3694, 3732, 3733, 3737, 3751]",3.93,3.923,OptRes,[Pretrained] CF OptRes,0.009,0,0.009,3768,42,0.0,5,0.395,0.007000000000000117,rest
3768,feature_0 > 0.058 AND feature_0 > 0.946 AND feature_1 > 0.743 AND feature_1 > 1.568 AND feature_0 > 1.289 AND feature_0 > 1.832 AND feature_1 > 1.8 AND feature_4 > 0.223 AND feature_0 > 1.977,"{'feature_0': (1.977, 4.577), 'feature_1': (1.8, 4.438), 'feature_4': (0.223, 4.717)}",3,3.656,9,[Pretrained] CF,"[1946, 2936, 3494, 3694, 3732, 3756, 3762, 3766]",4.679,4.687,ResOve,[Pretrained] CF ResOve,0.963,0,0.963,3768,28,0.0,5,1.0230000000000001,0.008000000000000007,rest
3753,feature_0 > 0.058 AND feature_0 > 0.946 AND feature_1 > 0.743 AND feature_1 > 1.568 AND feature_0 > 1.289 AND feature_0 <= 1.832 AND feature_1 > 1.664 AND feature_0 > 1.63 AND feature_2 > -0.178,"{'feature_0': (1.63, 1.832), 'feature_1': (1.664, 4.438), 'feature_2': (-0.178, 4.286)}",3,3.535,9,[Pretrained] CF,"[1946, 2936, 3494, 3694, 3732, 3733, 3737, 3751]",3.93,3.923,ResOve,[Pretrained] CF ResOve,0.963,0,0.963,3768,42,0.0,5,0.395,0.007000000000000117,rest
3749,feature_0 > 0.058 AND feature_0 > 0.946 AND feature_1 > 0.743 AND feature_1 > 1.568 AND feature_0 > 1.289 AND feature_0 <= 1.832 AND feature_1 > 1.664 AND feature_0 <= 1.63 AND feature_1 > 2.181 AND feature_4 <= -0.008,"{'feature_0': (1.289, 1.63), 'feature_1': (2.181, 4.438), 'feature_4': (-4.13, -0.008)}",3,3.5,10,[Pretrained] CF,"[1946, 2936, 3494, 3694, 3732, 3733, 3737, 3738, 3748]",3.976,3.921,ResOve,[Pretrained] CF ResOve,0.963,0,0.963,3768,23,0.0,5,0.476,0.05500000000000016,rest
3764,feature_0 > 0.058 AND feature_0 > 0.946 AND feature_1 > 0.743 AND feature_1 > 1.568 AND feature_0 > 1.289 AND feature_0 > 1.832 AND feature_1 > 1.8 AND feature_4 <= 0.223 AND feature_1 <= 2.183,"{'feature_0': (1.832, 4.577), 'feature_1': (1.8, 2.183), 'feature_4': (-4.13, 0.223)}",3,3.708,9,[Pretrained] CF,"[1946, 2936, 3494, 3694, 3732, 3756, 3762, 3763]",4.231,4.231,ResOve,[Pretrained] CF ResOve,0.963,0,0.963,3768,28,0.14112903225806453,5,0.5229999999999997,0.0,rest
3763,feature_0 > 0.058 AND feature_0 > 0.946 AND feature_1 > 0.743 AND feature_1 > 1.568 AND feature_0 > 1.289 AND feature_0 > 1.832 AND feature_1 > 1.8 AND feature_4 <= 0.223,"{'feature_0': (1.832, 4.577), 'feature_1': (1.8, 4.438), 'feature_4': (-4.13, 0.223)}",3,3.75,8,[Pretrained] CF,"[1946, 2936, 3494, 3694, 3732, 3756, 3762]",4.439,4.426,ResOve,[Pretrained] CF ResOve,0.963,0,0.963,3768,48,0.14112903225806453,5,0.6890000000000001,0.0129999999999999,rest
3763,feature_0 > 0.058 AND feature_0 > 0.946 AND feature_1 > 0.743 AND feature_1 > 1.568 AND feature_0 > 1.289 AND feature_0 > 1.832 AND feature_1 > 1.8 AND feature_4 <= 0.223,"{'feature_0': (1.832, 4.577), 'feature_1': (1.8, 4.438), 'feature_4': (-4.13, 0.223)}",3,3.75,8,[Pretrained] CF,"[1946, 2936, 3494, 3694, 3732, 3756, 3762]",4.439,4.426,NoOve,[Pretrained] CF NoOve,0.017,0,0.017,3768,48,0.0,5,0.6890000000000001,0.0129999999999999,rest
3766,feature_0 > 0.058 AND feature_0 > 0.946 AND feature_1 > 0.743 AND feature_1 > 1.568 AND feature_0 > 1.289 AND feature_0 > 1.832 AND feature_1 > 1.8 AND feature_4 > 0.223,"{'feature_0': (1.832, 4.577), 'feature_1': (1.8, 4.438), 'feature_4': (0.223, 4.717)}",3,3.606,8,[Pretrained] CF,"[1946, 2936, 3494, 3694, 3732, 3756, 3762]",4.498,4.503,NoOve,[Pretrained] CF NoOve,0.017,0,0.017,3768,44,0.0,5,0.8920000000000003,0.004999999999999893,rest
3759,feature_0 > 0.058 AND feature_0 > 0.946 AND feature_1 > 0.743 AND feature_1 > 1.568 AND feature_0 > 1.289 AND feature_0 > 1.832 AND feature_1 <= 1.8 AND feature_0 > 2.096,"{'feature_0': (2.096, 4.577), 'feature_1': (1.568, 1.8)}",2,3.581,8,[Pretrained] CF,"[1946, 2936, 3494, 3694, 3732, 3756, 3757]",4.389,4.42,NoOve,[Pretrained] CF NoOve,0.017,0,0.017,3768,35,0.0,5,0.8080000000000003,0.030999999999999694,rest
3751,feature_0 > 0.058 AND feature_0 > 0.946 AND feature_1 > 0.743 AND feature_1 > 1.568 AND feature_0 > 1.289 AND feature_0 <= 1.832 AND feature_1 > 1.664 AND feature_0 > 1.63,"{'feature_0': (1.63, 1.832), 'feature_1': (1.664, 4.438)}",2,3.484,8,[Pretrained] CF,"[1946, 2936, 3494, 3694, 3732, 3733, 3737]",3.913,3.934,NoOve,[Pretrained] CF NoOve,0.017,0,0.017,3768,59,0.0,5,0.4289999999999998,0.02100000000000035,rest
3758,feature_0 > 0.058 AND feature_0 > 0.946 AND feature_1 > 0.743 AND feature_1 > 1.568 AND feature_0 > 1.289 AND feature_0 > 1.832 AND feature_1 <= 1.8 AND feature_0 <= 2.096,"{'feature_0': (1.832, 2.096), 'feature_1': (1.568, 1.8)}",2,3.399,8,[Pretrained] CF,"[1946, 2936, 3494, 3694, 3732, 3756, 3757]",3.793,3.795,NoOve,[Pretrained] CF NoOve,0.017,0,0.017,3768,26,0.0,5,0.39400000000000013,0.0019999999999997797,rest
3470,feature_0 > 0.058 AND feature_0 > 0.946 AND feature_1 <= 0.743 AND feature_0 > 1.577 AND feature_0 > 2.049 AND feature_1 > 0.008 AND feature_4 > -0.358 AND feature_0 <= 2.149 AND feature_1 > 0.322,"{'feature_0': (2.049, 2.149), 'feature_1': (0.322, 0.743), 'feature_4': (-0.358, 4.717)}",3,2.778,9,[Pretrained] CF,"[1946, 2936, 2937, 3253, 3393, 3451, 3467, 3468]",3.092,3.092,Random,[Pretrained] CF Random,0.003,0,0.003,3768,43,0.0,5,0.31400000000000006,0.0,rest
1791,feature_0 <= 0.058 AND feature_0 > -0.982 AND feature_1 > 0.164 AND feature_1 > 1.51 AND feature_0 <= -0.428 AND feature_1 <= 1.88 AND feature_0 <= -0.765 AND feature_1 > 1.686 AND feature_3 <= 0.793 AND feature_0 > -0.844,"{'feature_0': (-0.844, -0.765), 'feature_1': (1.686, 1.88), 'feature_3': (-4.344, 0.793)}",3,0.825,10,[Pretrained] CF,"[1, 771, 1393, 1773, 1774, 1775, 1776, 1786, 1787]",1.112,1.111,Random,[Pretrained] CF Random,0.003,0,0.003,3768,34,0.0,5,0.28700000000000014,0.001000000000000112,rest
2900,feature_0 > 0.058 AND feature_0 <= 0.946 AND feature_1 > 0.771 AND feature_1 > 1.148 AND feature_0 > 0.438 AND feature_1 > 1.535 AND feature_0 <= 0.75 AND feature_1 > 1.937 AND feature_0 <= 0.658 AND feature_4 <= 0.942 AND feature_2 <= -0.032 AND feature_0 <= 0.587,"{'feature_0': (0.438, 0.587), 'feature_1': (1.937, 4.438), 'feature_4': (-4.13, 0.942), 'feature_2': (-4.532, -0.032)}",4,2.261,12,[Pretrained] CF,"[1946, 1947, 2521, 2701, 2809, 2875, 2876, 2896, 2897, 2898, 2899]",2.992,3.0,Random,[Pretrained] CF Random,0.003,0,0.003,3768,35,0.0,5,0.7309999999999999,0.008000000000000007,rest
3602,feature_0 > 0.058 AND feature_0 > 0.946 AND feature_1 > 0.743 AND feature_1 <= 1.568 AND feature_0 > 1.347 AND feature_1 <= 1.049 AND feature_0 <= 1.865 AND feature_1 <= 0.955 AND feature_8 <= 0.122 AND feature_9 > 0.162 AND feature_1 > 0.81 AND feature_8 <= -0.556,"{'feature_0': (1.347, 1.865), 'feature_1': (0.81, 0.955), 'feature_8': (-4.447, -0.556), 'feature_9': (0.162, 4.08)}",4,2.581,12,[Pretrained] CF,"[1946, 2936, 3494, 3495, 3589, 3590, 3591, 3592, 3593, 3599, 3601]",2.784,2.797,Random,[Pretrained] CF Random,0.003,0,0.003,3768,29,0.0,5,0.20299999999999985,0.013000000000000345,rest
223,feature_0 <= 0.058 AND feature_0 <= -0.982 AND feature_1 <= 0.16 AND feature_0 > -1.716 AND feature_0 <= -1.47 AND feature_1 > -0.004 AND feature_1 > 0.071 AND feature_0 <= -1.618,"{'feature_0': (-1.716, -1.618), 'feature_1': (0.071, 0.16)}",2,0.803,8,[Pretrained] CF,"[1, 2, 3, 143, 144, 214, 222]",0.908,0.906,Random,[Pretrained] CF Random,0.003,0,0.003,3768,30,0.0,5,0.10499999999999998,0.0020000000000000018,rest
3765,feature_0 > 0.058 AND feature_0 > 0.946 AND feature_1 > 0.743 AND feature_1 > 1.568 AND feature_0 > 1.289 AND feature_0 > 1.832 AND feature_1 > 1.8 AND feature_4 <= 0.223 AND feature_1 > 2.183,"{'feature_0': (1.832, 4.577), 'feature_1': (2.183, 4.438), 'feature_4': (-4.13, 0.223)}",3,3.805,9,[Pretrained] CF,"[1946, 2936, 3494, 3694, 3732, 3756, 3762, 3763]",4.709,4.694,OptRes,[Pretrained] CF OptRes,0.013,0,0.013,3768,25,0.14421128187806115,5,0.9039999999999995,0.01499999999999968,all
3763,feature_0 > 0.058 AND feature_0 > 0.946 AND feature_1 > 0.743 AND feature_1 > 1.568 AND feature_0 > 1.289 AND feature_0 > 1.832 AND feature_1 > 1.8 AND feature_4 <= 0.223,"{'feature_0': (1.832, 4.577), 'feature_1': (1.8, 4.438), 'feature_4': (-4.13, 0.223)}",3,3.75,8,[Pretrained] CF,"[1946, 2936, 3494, 3694, 3732, 3756, 3762]",4.439,4.431,OptRes,[Pretrained] CF OptRes,0.013,0,0.013,3768,56,0.19002280020266848,5,0.6890000000000001,0.008000000000000007,all
3768,feature_0 > 0.058 AND feature_0 > 0.946 AND feature_1 > 0.743 AND feature_1 > 1.568 AND feature_0 > 1.289 AND feature_0 > 1.832 AND feature_1 > 1.8 AND feature_4 > 0.223 AND feature_0 > 1.977,"{'feature_0': (1.977, 4.577), 'feature_1': (1.8, 4.438), 'feature_4': (0.223, 4.717)}",3,3.656,9,[Pretrained] CF,"[1946, 2936, 3494, 3694, 3732, 3756, 3762, 3766]",4.679,4.681,OptRes,[Pretrained] CF OptRes,0.013,0,0.013,3768,31,0.04319371727748691,5,1.0230000000000001,0.0019999999999997797,all
3756,feature_0 > 0.058 AND feature_0 > 0.946 AND feature_1 > 0.743 AND feature_1 > 1.568 AND feature_0 > 1.289 AND feature_0 > 1.832,"{'feature_0': (1.832, 4.577), 'feature_1': (1.568, 4.438)}",2,3.61,6,[Pretrained] CF,"[1946, 2936, 3494, 3694, 3732]",4.329,4.332,OptRes,[Pretrained] CF OptRes,0.013,0,0.013,3768,177,0.21465968586387435,5,0.7189999999999999,0.0030000000000001137,all
3759,feature_0 > 0.058 AND feature_0 > 0.946 AND feature_1 > 0.743 AND feature_1 > 1.568 AND feature_0 > 1.289 AND feature_0 > 1.832 AND feature_1 <= 1.8 AND feature_0 > 2.096,"{'feature_0': (2.096, 4.577), 'feature_1': (1.568, 1.8)}",2,3.581,8,[Pretrained] CF,"[1946, 2936, 3494, 3694, 3732, 3756, 3757]",4.389,4.396,OptRes,[Pretrained] CF OptRes,0.013,0,0.013,3768,41,0.0549738219895288,5,0.8080000000000003,0.006999999999999673,all
3768,feature_0 > 0.058 AND feature_0 > 0.946 AND feature_1 > 0.743 AND feature_1 > 1.568 AND feature_0 > 1.289 AND feature_0 > 1.832 AND feature_1 > 1.8 AND feature_4 > 0.223 AND feature_0 > 1.977,"{'feature_0': (1.977, 4.577), 'feature_1': (1.8, 4.438), 'feature_4': (0.223, 4.717)}",3,3.656,9,[Pretrained] CF,"[1946, 2936, 3494, 3694, 3732, 3756, 3762, 3766]",4.679,4.681,ResOve,[Pretrained] CF ResOve,0.951,0,0.951,3768,31,0.0,5,1.0230000000000001,0.0019999999999997797,all
3764,feature_0 > 0.058 AND feature_0 > 0.946 AND feature_1 > 0.743 AND feature_1 > 1.568 AND feature_0 > 1.289 AND feature_0 > 1.832 AND feature_1 > 1.8 AND feature_4 <= 0.223 AND feature_1 <= 2.183,"{'feature_0': (1.832, 4.577), 'feature_1': (1.8, 2.183), 'feature_4': (-4.13, 0.223)}",3,3.708,9,[Pretrained] CF,"[1946, 2936, 3494, 3694, 3732, 3756, 3762, 3763]",4.231,4.219,ResOve,[Pretrained] CF ResOve,0.951,0,0.951,3768,31,0.0,5,0.5229999999999997,0.011999999999999567,all
3761,feature_0 > 0.058 AND feature_0 > 0.946 AND feature_1 > 0.743 AND feature_1 > 1.568 AND feature_0 > 1.289 AND feature_0 > 1.832 AND feature_1 <= 1.8 AND feature_0 > 2.096 AND feature_5 > -0.017,"{'feature_0': (2.096, 4.577), 'feature_1': (1.568, 1.8), 'feature_5': (-0.017, 4.284)}",3,3.508,9,[Pretrained] CF,"[1946, 2936, 3494, 3694, 3732, 3756, 3757, 3759]",4.467,4.467,ResOve,[Pretrained] CF ResOve,0.951,0,0.951,3768,21,0.0,5,0.9589999999999996,0.0,all
3749,feature_0 > 0.058 AND feature_0 > 0.946 AND feature_1 > 0.743 AND feature_1 > 1.568 AND feature_0 > 1.289 AND feature_0 <= 1.832 AND feature_1 > 1.664 AND feature_0 <= 1.63 AND feature_1 > 2.181 AND feature_4 <= -0.008,"{'feature_0': (1.289, 1.63), 'feature_1': (2.181, 4.438), 'feature_4': (-4.13, -0.008)}",3,3.5,10,[Pretrained] CF,"[1946, 2936, 3494, 3694, 3732, 3733, 3737, 3738, 3748]",3.976,3.96,ResOve,[Pretrained] CF ResOve,0.951,0,0.951,3768,33,0.0,5,0.476,0.016000000000000014,all
3754,feature_0 > 0.058 AND feature_0 > 0.946 AND feature_1 > 0.743 AND feature_1 > 1.568 AND feature_0 > 1.289 AND feature_0 <= 1.832 AND feature_1 > 1.664 AND feature_0 > 1.63 AND feature_2 > -0.178 AND feature_1 <= 2.136,"{'feature_0': (1.63, 1.832), 'feature_1': (1.664, 2.136), 'feature_2': (-0.178, 4.286)}",3,3.482,10,[Pretrained] CF,"[1946, 2936, 3494, 3694, 3732, 3733, 3737, 3751, 3753]",3.724,3.724,ResOve,[Pretrained] CF ResOve,0.951,0,0.951,3768,33,0.0,5,0.242,0.0,all
3765,feature_0 > 0.058 AND feature_0 > 0.946 AND feature_1 > 0.743 AND feature_1 > 1.568 AND feature_0 > 1.289 AND feature_0 > 1.832 AND feature_1 > 1.8 AND feature_4 <= 0.223 AND feature_1 > 2.183,"{'feature_0': (1.832, 4.577), 'feature_1': (2.183, 4.438), 'feature_4': (-4.13, 0.223)}",3,3.805,9,[Pretrained] CF,"[1946, 2936, 3494, 3694, 3732, 3756, 3762, 3763]",4.709,4.694,NoOve,[Pretrained] CF NoOve,0.014,0,0.014,3768,25,0.0,5,0.9039999999999995,0.01499999999999968,all
3764,feature_0 > 0.058 AND feature_0 > 0.946 AND feature_1 > 0.743 AND feature_1 > 1.568 AND feature_0 > 1.289 AND feature_0 > 1.832 AND feature_1 > 1.8 AND feature_4 <= 0.223 AND feature_1 <= 2.183,"{'feature_0': (1.832, 4.577), 'feature_1': (1.8, 2.183), 'feature_4': (-4.13, 0.223)}",3,3.708,9,[Pretrained] CF,"[1946, 2936, 3494, 3694, 3732, 3756, 3762, 3763]",4.231,4.219,NoOve,[Pretrained] CF NoOve,0.014,0,0.014,3768,31,0.0,5,0.5229999999999997,0.011999999999999567,all
3768,feature_0 > 0.058 AND feature_0 > 0.946 AND feature_1 > 0.743 AND feature_1 > 1.568 AND feature_0 > 1.289 AND feature_0 > 1.832 AND feature_1 > 1.8 AND feature_4 > 0.223 AND feature_0 > 1.977,"{'feature_0': (1.977, 4.577), 'feature_1': (1.8, 4.438), 'feature_4': (0.223, 4.717)}",3,3.656,9,[Pretrained] CF,"[1946, 2936, 3494, 3694, 3732, 3756, 3762, 3766]",4.679,4.681,NoOve,[Pretrained] CF NoOve,0.014,0,0.014,3768,31,0.0,5,1.0230000000000001,0.0019999999999997797,all
3753,feature_0 > 0.058 AND feature_0 > 0.946 AND feature_1 > 0.743 AND feature_1 > 1.568 AND feature_0 > 1.289 AND feature_0 <= 1.832 AND feature_1 > 1.664 AND feature_0 > 1.63 AND feature_2 > -0.178,"{'feature_0': (1.63, 1.832), 'feature_1': (1.664, 4.438), 'feature_2': (-0.178, 4.286)}",3,3.535,9,[Pretrained] CF,"[1946, 2936, 3494, 3694, 3732, 3733, 3737, 3751]",3.93,3.915,NoOve,[Pretrained] CF NoOve,0.014,0,0.014,3768,51,0.0,5,0.395,0.015000000000000124,all
3761,feature_0 > 0.058 AND feature_0 > 0.946 AND feature_1 > 0.743 AND feature_1 > 1.568 AND feature_0 > 1.289 AND feature_0 > 1.832 AND feature_1 <= 1.8 AND feature_0 > 2.096 AND feature_5 > -0.017,"{'feature_0': (2.096, 4.577), 'feature_1': (1.568, 1.8), 'feature_5': (-0.017, 4.284)}",3,3.508,9,[Pretrained] CF,"[1946, 2936, 3494, 3694, 3732, 3756, 3757, 3759]",4.467,4.467,NoOve,[Pretrained] CF NoOve,0.014,0,0.014,3768,21,0.0,5,0.9589999999999996,0.0,all
3372,feature_0 > 0.058 AND feature_0 > 0.946 AND feature_1 <= 0.743 AND feature_0 > 1.577 AND feature_0 <= 2.049 AND feature_1 > 0.012 AND feature_2 > -0.247 AND feature_0 <= 1.8 AND feature_4 > -0.46 AND feature_1 > 0.179 AND feature_3 <= 1.088,"{'feature_0': (1.577, 1.8), 'feature_1': (0.179, 0.743), 'feature_2': (-0.247, 4.286), 'feature_4': (-0.46, 4.717), 'feature_3': (-4.344, 1.088)}",5,2.501,11,[Pretrained] CF,"[1946, 2936, 2937, 3253, 3254, 3328, 3358, 3359, 3367, 3371]",2.644,2.645,Random,[Pretrained] CF Random,0.004,0,0.004,3768,124,0.0,5,0.14300000000000024,0.0009999999999998899,all
3494,feature_0 > 0.058 AND feature_0 > 0.946 AND feature_1 > 0.743,"{'feature_0': (0.946, 4.577), 'feature_1': (0.743, 4.438)}",2,2.815,3,[Pretrained] CF,"[1946, 2936]",3.058,3.06,Random,[Pretrained] CF Random,0.004,0,0.004,3768,3661,0.0,5,0.24299999999999988,0.002000000000000224,all
1262,feature_0 <= 0.058 AND feature_0 > -0.982 AND feature_1 <= 0.164 AND feature_0 > -0.216 AND feature_1 > -0.913 AND feature_0 <= -0.125 AND feature_1 <= -0.18 AND feature_2 > 0.436,"{'feature_0': (-0.216, -0.125), 'feature_1': (-0.913, -0.18), 'feature_2': (0.436, 4.286)}",3,0.263,8,[Pretrained] CF,"[1, 771, 772, 1126, 1234, 1235, 1236]",0.298,0.3,Random,[Pretrained] CF Random,0.004,0,0.004,3768,236,0.0,5,0.034999999999999976,0.0020000000000000018,all
2248,feature_0 > 0.058 AND feature_0 <= 0.946 AND feature_1 <= 0.771 AND feature_0 <= 0.647 AND feature_1 > -0.652 AND feature_1 > 0.258 AND feature_1 > 0.658 AND feature_0 <= 0.297 AND feature_0 > 0.078,"{'feature_0': (0.078, 0.297), 'feature_1': (0.658, 0.771)}",2,1.276,9,[Pretrained] CF,"[1946, 1947, 1948, 1949, 2101, 2199, 2245, 2246]",1.296,1.296,Random,[Pretrained] CF Random,0.004,0,0.004,3768,271,0.0,5,0.020000000000000018,0.0,all
152,feature_0 <= 0.058 AND feature_0 <= -0.982 AND feature_1 <= 0.16 AND feature_0 > -1.716 AND feature_0 <= -1.47 AND feature_1 <= -0.004 AND feature_0 <= -1.643 AND feature_2 <= 0.416 AND feature_3 <= 0.616 AND feature_9 > -1.171 AND feature_5 <= 0.645 AND feature_3 <= -0.011,"{'feature_0': (-1.716, -1.643), 'feature_1': (-4.202, -0.004), 'feature_2': (-4.532, 0.416), 'feature_3': (-4.344, -0.011), 'feature_9': (-1.171, 4.08), 'feature_5': (-4.895, 0.645)}",6,1.273,12,[Pretrained] CF,"[1, 2, 3, 143, 144, 145, 146, 147, 148, 150, 151]",1.266,1.266,Random,[Pretrained] CF Random,0.004,0,0.004,3768,74,0.0,5,0.006999999999999895,0.0,all
3429,feature_0 > 0.058 AND feature_0 > 0.946 AND feature_1 <= 0.743 AND feature_0 > 1.577 AND feature_0 > 2.049 AND feature_1 <= 0.008 AND feature_0 > 2.265 AND feature_6 <= -0.096 AND feature_1 <= -0.251 AND feature_3 <= 1.219 AND feature_5 > 0.041 AND feature_0 > 2.422,"{'feature_0': (2.422, 4.577), 'feature_1': (-4.202, -0.251), 'feature_6': (-4.852, -0.096), 'feature_3': (-4.344, 1.219), 'feature_5': (0.041, 4.284)}",5,2.55,12,[Pretrained] CF,"[1946, 2936, 2937, 3253, 3393, 3394, 3420, 3421, 3422, 3423, 3427]",3.127,3.127,OptRes,[Pretrained] CF OptRes,0.008,0,0.008,3768,60,0.08108108108108109,5,0.577,0.0,hte_only
3423,feature_0 > 0.058 AND feature_0 > 0.946 AND feature_1 <= 0.743 AND feature_0 > 1.577 AND feature_0 > 2.049 AND feature_1 <= 0.008 AND feature_0 > 2.265 AND feature_6 <= -0.096 AND feature_1 <= -0.251 AND feature_3 <= 1.219,"{'feature_0': (2.265, 4.577), 'feature_1': (-4.202, -0.251), 'feature_6': (-4.852, -0.096), 'feature_3': (-4.344, 1.219)}",4,2.478,10,[Pretrained] CF,"[1946, 2936, 2937, 3253, 3393, 3394, 3420, 3421, 3422]",3.021,3.021,OptRes,[Pretrained] CF OptRes,0.008,0,0.008,3768,185,0.20675675675675675,5,0.5429999999999997,0.0,hte_only
10,feature_0 <= 0.058 AND feature_0 <= -0.982 AND feature_1 <= 0.16 AND feature_0 <= -1.716 AND feature_0 <= -2.195 AND feature_1 <= -0.267 AND feature_3 <= -0.36 AND feature_1 <= -0.552 AND feature_2 <= -0.296 AND feature_0 <= -2.59,"{'feature_0': (-4.695, -2.59), 'feature_1': (-4.202, -0.552), 'feature_3': (-4.344, -0.36), 'feature_2': (-4.532, -0.296)}",4,2.477,10,[Pretrained] CF,"[1, 2, 3, 4, 5, 6, 7, 8, 9]",2.72,2.72,OptRes,[Pretrained] CF OptRes,0.008,0,0.008,3768,25,0.0,5,0.24300000000000033,0.0,hte_only
3425,feature_0 > 0.058 AND feature_0 > 0.946 AND feature_1 <= 0.743 AND feature_0 > 1.577 AND feature_0 > 2.049 AND feature_1 <= 0.008 AND feature_0 > 2.265 AND feature_6 <= -0.096 AND feature_1 <= -0.251 AND feature_3 <= 1.219 AND feature_5 <= 0.041 AND feature_2 <= 0.288,"{'feature_0': (2.265, 4.577), 'feature_1': (-4.202, -0.251), 'feature_6': (-4.852, -0.096), 'feature_3': (-4.344, 1.219), 'feature_5': (-4.895, 0.041), 'feature_2': (-4.532, 0.288)}",6,2.475,12,[Pretrained] CF,"[1946, 2936, 2937, 3253, 3393, 3394, 3420, 3421, 3422, 3423, 3424]",3.035,3.035,OptRes,[Pretrained] CF OptRes,0.008,0,0.008,3768,66,0.0891891891891892,5,0.56,0.0,hte_only
3428,feature_0 > 0.058 AND feature_0 > 0.946 AND feature_1 <= 0.743 AND feature_0 > 1.577 AND feature_0 > 2.049 AND feature_1 <= 0.008 AND feature_0 > 2.265 AND feature_6 <= -0.096 AND feature_1 <= -0.251 AND feature_3 <= 1.219 AND feature_5 > 0.041 AND feature_0 <= 2.422,"{'feature_0': (2.265, 2.422), 'feature_1': (-4.202, -0.251), 'feature_6': (-4.852, -0.096), 'feature_3': (-4.344, 1.219), 'feature_5': (0.041, 4.284)}",5,2.463,12,[Pretrained] CF,"[1946, 2936, 2937, 3253, 3393, 3394, 3420, 3421, 3422, 3423, 3427]",2.665,2.665,OptRes,[Pretrained] CF OptRes,0.008,0,0.008,3768,27,0.03648648648648649,5,0.20199999999999996,0.0,hte_only
3425,feature_0 > 0.058 AND feature_0 > 0.946 AND feature_1 <= 0.743 AND feature_0 > 1.577 AND feature_0 > 2.049 AND feature_1 <= 0.008 AND feature_0 > 2.265 AND feature_6 <= -0.096 AND feature_1 <= -0.251 AND feature_3 <= 1.219 AND feature_5 <= 0.041 AND feature_2 <= 0.288,"{'feature_0': (2.265, 4.577), 'feature_1': (-4.202, -0.251), 'feature_6': (-4.852, -0.096), 'feature_3': (-4.344, 1.219), 'feature_5': (-4.895, 0.041), 'feature_2': (-4.532, 0.288)}",6,2.475,12,[Pretrained] CF,"[1946, 2936, 2937, 3253, 3393, 3394, 3420, 3421, 3422, 3423, 3424]",3.035,3.035,ResOve,[Pretrained] CF ResOve,0.246,0,0.246,3768,66,0.0,5,0.56,0.0,hte_only
3428,feature_0 > 0.058 AND feature_0 > 0.946 AND feature_1 <= 0.743 AND feature_0 > 1.577 AND feature_0 > 2.049 AND feature_1 <= 0.008 AND feature_0 > 2.265 AND feature_6 <= -0.096 AND feature_1 <= -0.251 AND feature_3 <= 1.219 AND feature_5 > 0.041 AND feature_0 <= 2.422,"{'feature_0': (2.265, 2.422), 'feature_1': (-4.202, -0.251), 'feature_6': (-4.852, -0.096), 'feature_3': (-4.344, 1.219), 'feature_5': (0.041, 4.284)}",5,2.463,12,[Pretrained] CF,"[1946, 2936, 2937, 3253, 3393, 3394, 3420, 3421, 3422, 3423, 3427]",2.665,2.665,ResOve,[Pretrained] CF ResOve,0.246,0,0.246,3768,27,0.0,5,0.20199999999999996,0.0,hte_only
3410,feature_0 > 0.058 AND feature_0 > 0.946 AND feature_1 <= 0.743 AND feature_0 > 1.577 AND feature_0 > 2.049 AND feature_1 <= 0.008 AND feature_0 <= 2.265 AND feature_3 <= 0.959 AND feature_0 > 2.155 AND feature_2 <= -0.181 AND feature_1 <= -0.473 AND feature_8 > -0.113,"{'feature_0': (2.155, 2.265), 'feature_1': (-4.202, -0.473), 'feature_3': (-4.344, 0.959), 'feature_2': (-4.532, -0.181), 'feature_8': (-0.113, 4.699)}",5,2.408,12,[Pretrained] CF,"[1946, 2936, 2937, 3253, 3393, 3394, 3395, 3396, 3406, 3407, 3408]",2.53,2.53,ResOve,[Pretrained] CF ResOve,0.246,0,0.246,3768,26,0.0,5,0.12199999999999989,0.0,hte_only
3430,feature_0 > 0.058 AND feature_0 > 0.946 AND feature_1 <= 0.743 AND feature_0 > 1.577 AND feature_0 > 2.049 AND feature_1 <= 0.008 AND feature_0 > 2.265 AND feature_6 <= -0.096 AND feature_1 <= -0.251 AND feature_3 > 1.219,"{'feature_0': (2.265, 4.577), 'feature_1': (-4.202, -0.251), 'feature_6': (-4.852, -0.096), 'feature_3': (1.219, 4.384)}",4,2.352,10,[Pretrained] CF,"[1946, 2936, 2937, 3253, 3393, 3394, 3420, 3421, 3422]",2.931,2.931,ResOve,[Pretrained] CF ResOve,0.246,0,0.246,3768,29,0.0,5,0.5790000000000002,0.0,hte_only
10,feature_0 <= 0.058 AND feature_0 <= -0.982 AND feature_1 <= 0.16 AND feature_0 <= -1.716 AND feature_0 <= -2.195 AND feature_1 <= -0.267 AND feature_3 <= -0.36 AND feature_1 <= -0.552 AND feature_2 <= -0.296 AND feature_0 <= -2.59,"{'feature_0': (-4.695, -2.59), 'feature_1': (-4.202, -0.552), 'feature_3': (-4.344, -0.36), 'feature_2': (-4.532, -0.296)}",4,2.477,10,[Pretrained] CF,"[1, 2, 3, 4, 5, 6, 7, 8, 9]",2.72,2.72,ResOve,[Pretrained] CF ResOve,0.246,0,0.246,3768,25,0.0,5,0.24300000000000033,0.0,hte_only
3429,feature_0 > 0.058 AND feature_0 > 0.946 AND feature_1 <= 0.743 AND feature_0 > 1.577 AND feature_0 > 2.049 AND feature_1 <= 0.008 AND feature_0 > 2.265 AND feature_6 <= -0.096 AND feature_1 <= -0.251 AND feature_3 <= 1.219 AND feature_5 > 0.041 AND feature_0 > 2.422,"{'feature_0': (2.422, 4.577), 'feature_1': (-4.202, -0.251), 'feature_6': (-4.852, -0.096), 'feature_3': (-4.344, 1.219), 'feature_5': (0.041, 4.284)}",5,2.55,12,[Pretrained] CF,"[1946, 2936, 2937, 3253, 3393, 3394, 3420, 3421, 3422, 3423, 3427]",3.127,3.127,NoOve,[Pretrained] CF NoOve,0.02,0,0.02,3768,60,0.0,5,0.577,0.0,hte_only
3425,feature_0 > 0.058 AND feature_0 > 0.946 AND feature_1 <= 0.743 AND feature_0 > 1.577 AND feature_0 > 2.049 AND feature_1 <= 0.008 AND feature_0 > 2.265 AND feature_6 <= -0.096 AND feature_1 <= -0.251 AND feature_3 <= 1.219 AND feature_5 <= 0.041 AND feature_2 <= 0.288,"{'feature_0': (2.265, 4.577), 'feature_1': (-4.202, -0.251), 'feature_6': (-4.852, -0.096), 'feature_3': (-4.344, 1.219), 'feature_5': (-4.895, 0.041), 'feature_2': (-4.532, 0.288)}",6,2.475,12,[Pretrained] CF,"[1946, 2936, 2937, 3253, 3393, 3394, 3420, 3421, 3422, 3423, 3424]",3.035,3.035,NoOve,[Pretrained] CF NoOve,0.02,0,0.02,3768,66,0.0,5,0.56,0.0,hte_only
3428,feature_0 > 0.058 AND feature_0 > 0.946 AND feature_1 <= 0.743 AND feature_0 > 1.577 AND feature_0 > 2.049 AND feature_1 <= 0.008 AND feature_0 > 2.265 AND feature_6 <= -0.096 AND feature_1 <= -0.251 AND feature_3 <= 1.219 AND feature_5 > 0.041 AND feature_0 <= 2.422,"{'feature_0': (2.265, 2.422), 'feature_1': (-4.202, -0.251), 'feature_6': (-4.852, -0.096), 'feature_3': (-4.344, 1.219), 'feature_5': (0.041, 4.284)}",5,2.463,12,[Pretrained] CF,"[1946, 2936, 2937, 3253, 3393, 3394, 3420, 3421, 3422, 3423, 3427]",2.665,2.665,NoOve,[Pretrained] CF NoOve,0.02,0,0.02,3768,27,0.0,5,0.20199999999999996,0.0,hte_only
3410,feature_0 > 0.058 AND feature_0 > 0.946 AND feature_1 <= 0.743 AND feature_0 > 1.577 AND feature_0 > 2.049 AND feature_1 <= 0.008 AND feature_0 <= 2.265 AND feature_3 <= 0.959 AND feature_0 > 2.155 AND feature_2 <= -0.181 AND feature_1 <= -0.473 AND feature_8 > -0.113,"{'feature_0': (2.155, 2.265), 'feature_1': (-4.202, -0.473), 'feature_3': (-4.344, 0.959), 'feature_2': (-4.532, -0.181), 'feature_8': (-0.113, 4.699)}",5,2.408,12,[Pretrained] CF,"[1946, 2936, 2937, 3253, 3393, 3394, 3395, 3396, 3406, 3407, 3408]",2.53,2.53,NoOve,[Pretrained] CF NoOve,0.02,0,0.02,3768,26,0.0,5,0.12199999999999989,0.0,hte_only
3426,feature_0 > 0.058 AND feature_0 > 0.946 AND feature_1 <= 0.743 AND feature_0 > 1.577 AND feature_0 > 2.049 AND feature_1 <= 0.008 AND feature_0 > 2.265 AND feature_6 <= -0.096 AND feature_1 <= -0.251 AND feature_3 <= 1.219 AND feature_5 <= 0.041 AND feature_2 > 0.288,"{'feature_0': (2.265, 4.577), 'feature_1': (-4.202, -0.251), 'feature_6': (-4.852, -0.096), 'feature_3': (-4.344, 1.219), 'feature_5': (-4.895, 0.041), 'feature_2': (0.288, 4.286)}",6,2.363,12,[Pretrained] CF,"[1946, 2936, 2937, 3253, 3393, 3394, 3420, 3421, 3422, 3423, 3424]",3.091,3.091,NoOve,[Pretrained] CF NoOve,0.02,0,0.02,3768,32,0.0,5,0.7280000000000002,0.0,hte_only
2093,feature_0 > 0.058 AND feature_0 <= 0.946 AND feature_1 <= 0.771 AND feature_0 <= 0.647 AND feature_1 <= -0.652 AND feature_1 > -1.007 AND feature_0 > 0.404 AND feature_2 <= 1.528 AND feature_4 <= 1.552 AND feature_1 > -0.898 AND feature_0 > 0.47 AND feature_2 <= -0.82,"{'feature_0': (0.47, 0.647), 'feature_1': (-0.898, -0.652), 'feature_2': (-4.532, -0.82), 'feature_4': (-4.13, 1.552)}",4,1.071,12,[Pretrained] CF,"[1946, 1947, 1948, 1949, 1950, 2042, 2078, 2079, 2080, 2088, 2092]",0.946,0.946,Random,[Pretrained] CF Random,0.003,0,0.003,3768,77,0.0,5,0.125,0.0,hte_only
777,feature_0 <= 0.058 AND feature_0 > -0.982 AND feature_1 <= 0.164 AND feature_0 <= -0.216 AND feature_1 <= -0.449 AND feature_1 <= -1.153 AND feature_0 <= -0.594 AND feature_0 <= -0.863,"{'feature_0': (-0.982, -0.863), 'feature_1': (-4.202, -1.153)}",2,0.504,8,[Pretrained] CF,"[1, 771, 772, 773, 774, 775, 776]",0.731,0.731,Random,[Pretrained] CF Random,0.003,0,0.003,3768,383,0.0,5,0.22699999999999998,0.0,hte_only
1279,feature_0 <= 0.058 AND feature_0 > -0.982 AND feature_1 <= 0.164 AND feature_0 > -0.216 AND feature_1 > -0.913 AND feature_0 <= -0.125 AND feature_1 <= -0.18 AND feature_2 > 0.436 AND feature_1 > -0.556 AND feature_2 <= 1.282 AND feature_6 > -0.294 AND feature_0 > -0.149,"{'feature_0': (-0.149, -0.125), 'feature_1': (-0.556, -0.18), 'feature_2': (0.436, 1.282), 'feature_6': (-0.294, 4.078)}",4,0.297,12,[Pretrained] CF,"[1, 771, 772, 1126, 1234, 1235, 1236, 1262, 1272, 1273, 1277]",0.39,0.39,Random,[Pretrained] CF Random,0.003,0,0.003,3768,21,0.0,5,0.09300000000000003,0.0,hte_only
2059,feature_0 > 0.058 AND feature_0 <= 0.946 AND feature_1 <= 0.771 AND feature_0 <= 0.647 AND feature_1 <= -0.652 AND feature_1 > -1.007 AND feature_0 <= 0.404 AND feature_0 > 0.098 AND feature_4 <= 1.482 AND feature_2 <= 1.134 AND feature_1 <= -0.809 AND feature_4 <= -0.772,"{'feature_0': (0.098, 0.404), 'feature_1': (-1.007, -0.809), 'feature_4': (-4.13, -0.772), 'feature_2': (-4.532, 1.134)}",4,0.733,12,[Pretrained] CF,"[1946, 1947, 1948, 1949, 1950, 2042, 2043, 2055, 2056, 2057, 2058]",0.575,0.575,Random,[Pretrained] CF Random,0.003,0,0.003,3768,106,0.0,5,0.15800000000000003,0.0,hte_only
2012,feature_0 > 0.058 AND feature_0 <= 0.946 AND feature_1 <= 0.771 AND feature_0 <= 0.647 AND feature_1 <= -0.652 AND feature_1 <= -1.007 AND feature_0 > 0.368 AND feature_0 <= 0.471 AND feature_1 <= -1.266 AND feature_3 > -0.971 AND feature_5 > -0.296 AND feature_8 <= 0.41,"{'feature_0': (0.368, 0.471), 'feature_1': (-4.202, -1.266), 'feature_3': (-0.971, 4.384), 'feature_5': (-0.296, 4.284), 'feature_8': (-4.447, 0.41)}",5,0.686,12,[Pretrained] CF,"[1946, 1947, 1948, 1949, 1950, 1951, 2001, 2002, 2003, 2007, 2011]",0.592,0.592,Random,[Pretrained] CF Random,0.003,0,0.003,3768,127,0.0,5,0.09400000000000008,0.0,hte_only
3763,feature_0 > 0.058 AND feature_0 > 0.946 AND feature_1 > 0.743 AND feature_1 > 1.568 AND feature_0 > 1.289 AND feature_0 > 1.832 AND feature_1 > 1.8 AND feature_4 <= 0.223,"{'feature_0': (1.832, 4.577), 'feature_1': (1.8, 4.438), 'feature_4': (-4.13, 0.223)}",3,3.75,8,[Pretrained] CF,"[1946, 2936, 3494, 3694, 3732, 3756, 3762]",4.439,4.377,OptRes,[Pretrained] CF OptRes,0.009,0,0.009,3768,47,0.08115183246073299,5,0.6890000000000001,0.06200000000000028,rest
3768,feature_0 > 0.058 AND feature_0 > 0.946 AND feature_1 > 0.743 AND feature_1 > 1.568 AND feature_0 > 1.289 AND feature_0 > 1.832 AND feature_1 > 1.8 AND feature_4 > 0.223 AND feature_0 > 1.977,"{'feature_0': (1.977, 4.577), 'feature_1': (1.8, 4.438), 'feature_4': (0.223, 4.717)}",3,3.656,9,[Pretrained] CF,"[1946, 2936, 3494, 3694, 3732, 3756, 3762, 3766]",4.679,4.699,OptRes,[Pretrained] CF OptRes,0.009,0,0.009,3768,27,0.04319371727748691,5,1.0230000000000001,0.019999999999999574,rest
3756,feature_0 > 0.058 AND feature_0 > 0.946 AND feature_1 > 0.743 AND feature_1 > 1.568 AND feature_0 > 1.289 AND feature_0 > 1.832,"{'feature_0': (1.832, 4.577), 'feature_1': (1.568, 4.438)}",2,3.61,6,[Pretrained] CF,"[1946, 2936, 3494, 3694, 3732]",4.329,4.31,OptRes,[Pretrained] CF OptRes,0.009,0,0.009,3768,152,0.1793193717277487,5,0.7189999999999999,0.019000000000000128,rest
3759,feature_0 > 0.058 AND feature_0 > 0.946 AND feature_1 > 0.743 AND feature_1 > 1.568 AND feature_0 > 1.289 AND feature_0 > 1.832 AND feature_1 <= 1.8 AND feature_0 > 2.096,"{'feature_0': (2.096, 4.577), 'feature_1': (1.568, 1.8)}",2,3.581,8,[Pretrained] CF,"[1946, 2936, 3494, 3694, 3732, 3756, 3757]",4.389,4.378,OptRes,[Pretrained] CF OptRes,0.009,0,0.009,3768,34,0.0549738219895288,5,0.8080000000000003,0.01100000000000012,rest
3753,feature_0 > 0.058 AND feature_0 > 0.946 AND feature_1 > 0.743 AND feature_1 > 1.568 AND feature_0 > 1.289 AND feature_0 <= 1.832 AND feature_1 > 1.664 AND feature_0 > 1.63 AND feature_2 > -0.178,"{'feature_0': (1.63, 1.832), 'feature_1': (1.664, 4.438), 'feature_2': (-0.178, 4.286)}",3,3.535,9,[Pretrained] CF,"[1946, 2936, 3494, 3694, 3732, 3733, 3737, 3751]",3.93,3.928,OptRes,[Pretrained] CF OptRes,0.009,0,0.009,3768,51,0.0,5,0.395,0.002000000000000224,rest
3768,feature_0 > 0.058 AND feature_0 > 0.946 AND feature_1 > 0.743 AND feature_1 > 1.568 AND feature_0 > 1.289 AND feature_0 > 1.832 AND feature_1 > 1.8 AND feature_4 > 0.223 AND feature_0 > 1.977,"{'feature_0': (1.977, 4.577), 'feature_1': (1.8, 4.438), 'feature_4': (0.223, 4.717)}",3,3.656,9,[Pretrained] CF,"[1946, 2936, 3494, 3694, 3732, 3756, 3762, 3766]",4.679,4.699,ResOve,[Pretrained] CF ResOve,0.939,0,0.939,3768,27,0.0,5,1.0230000000000001,0.019999999999999574,rest
3753,feature_0 > 0.058 AND feature_0 > 0.946 AND feature_1 > 0.743 AND feature_1 > 1.568 AND feature_0 > 1.289 AND feature_0 <= 1.832 AND feature_1 > 1.664 AND feature_0 > 1.63 AND feature_2 > -0.178,"{'feature_0': (1.63, 1.832), 'feature_1': (1.664, 4.438), 'feature_2': (-0.178, 4.286)}",3,3.535,9,[Pretrained] CF,"[1946, 2936, 3494, 3694, 3732, 3733, 3737, 3751]",3.93,3.928,ResOve,[Pretrained] CF ResOve,0.939,0,0.939,3768,51,0.0,5,0.395,0.002000000000000224,rest
3763,feature_0 > 0.058 AND feature_0 > 0.946 AND feature_1 > 0.743 AND feature_1 > 1.568 AND feature_0 > 1.289 AND feature_0 > 1.832 AND feature_1 > 1.8 AND feature_4 <= 0.223,"{'feature_0': (1.832, 4.577), 'feature_1': (1.8, 4.438), 'feature_4': (-4.13, 0.223)}",3,3.75,8,[Pretrained] CF,"[1946, 2936, 3494, 3694, 3732, 3756, 3762]",4.439,4.377,ResOve,[Pretrained] CF ResOve,0.939,0,0.939,3768,47,0.14112903225806453,5,0.6890000000000001,0.06200000000000028,rest
3749,feature_0 > 0.058 AND feature_0 > 0.946 AND feature_1 > 0.743 AND feature_1 > 1.568 AND feature_0 > 1.289 AND feature_0 <= 1.832 AND feature_1 > 1.664 AND feature_0 <= 1.63 AND feature_1 > 2.181 AND feature_4 <= -0.008,"{'feature_0': (1.289, 1.63), 'feature_1': (2.181, 4.438), 'feature_4': (-4.13, -0.008)}",3,3.5,10,[Pretrained] CF,"[1946, 2936, 3494, 3694, 3732, 3733, 3737, 3738, 3748]",3.976,3.979,ResOve,[Pretrained] CF ResOve,0.939,0,0.939,3768,30,0.0,5,0.476,0.0030000000000001137,rest
3764,feature_0 > 0.058 AND feature_0 > 0.946 AND feature_1 > 0.743 AND feature_1 > 1.568 AND feature_0 > 1.289 AND feature_0 > 1.832 AND feature_1 > 1.8 AND feature_4 <= 0.223 AND feature_1 <= 2.183,"{'feature_0': (1.832, 4.577), 'feature_1': (1.8, 2.183), 'feature_4': (-4.13, 0.223)}",3,3.708,9,[Pretrained] CF,"[1946, 2936, 3494, 3694, 3732, 3756, 3762, 3763]",4.231,4.24,ResOve,[Pretrained] CF ResOve,0.939,0,0.939,3768,30,0.14112903225806453,5,0.5229999999999997,0.009000000000000341,rest
3763,feature_0 > 0.058 AND feature_0 > 0.946 AND feature_1 > 0.743 AND feature_1 > 1.568 AND feature_0 > 1.289 AND feature_0 > 1.832 AND feature_1 > 1.8 AND feature_4 <= 0.223,"{'feature_0': (1.832, 4.577), 'feature_1': (1.8, 4.438), 'feature_4': (-4.13, 0.223)}",3,3.75,8,[Pretrained] CF,"[1946, 2936, 3494, 3694, 3732, 3756, 3762]",4.439,4.377,NoOve,[Pretrained] CF NoOve,0.015,0,0.015,3768,47,0.0,5,0.6890000000000001,0.06200000000000028,rest
3766,feature_0 > 0.058 AND feature_0 > 0.946 AND feature_1 > 0.743 AND feature_1 > 1.568 AND feature_0 > 1.289 AND feature_0 > 1.832 AND feature_1 > 1.8 AND feature_4 > 0.223,"{'feature_0': (1.832, 4.577), 'feature_1': (1.8, 4.438), 'feature_4': (0.223, 4.717)}",3,3.606,8,[Pretrained] CF,"[1946, 2936, 3494, 3694, 3732, 3756, 3762]",4.498,4.503,NoOve,[Pretrained] CF NoOve,0.015,0,0.015,3768,44,0.0,5,0.8920000000000003,0.004999999999999893,rest
3759,feature_0 > 0.058 AND feature_0 > 0.946 AND feature_1 > 0.743 AND feature_1 > 1.568 AND feature_0 > 1.289 AND feature_0 > 1.832 AND feature_1 <= 1.8 AND feature_0 > 2.096,"{'feature_0': (2.096, 4.577), 'feature_1': (1.568, 1.8)}",2,3.581,8,[Pretrained] CF,"[1946, 2936, 3494, 3694, 3732, 3756, 3757]",4.389,4.378,NoOve,[Pretrained] CF NoOve,0.015,0,0.015,3768,34,0.0,5,0.8080000000000003,0.01100000000000012,rest
3751,feature_0 > 0.058 AND feature_0 > 0.946 AND feature_1 > 0.743 AND feature_1 > 1.568 AND feature_0 > 1.289 AND feature_0 <= 1.832 AND feature_1 > 1.664 AND feature_0 > 1.63,"{'feature_0': (1.63, 1.832), 'feature_1': (1.664, 4.438)}",2,3.484,8,[Pretrained] CF,"[1946, 2936, 3494, 3694, 3732, 3733, 3737]",3.913,3.934,NoOve,[Pretrained] CF NoOve,0.015,0,0.015,3768,68,0.0,5,0.4289999999999998,0.02100000000000035,rest
3758,feature_0 > 0.058 AND feature_0 > 0.946 AND feature_1 > 0.743 AND feature_1 > 1.568 AND feature_0 > 1.289 AND feature_0 > 1.832 AND feature_1 <= 1.8 AND feature_0 <= 2.096,"{'feature_0': (1.832, 2.096), 'feature_1': (1.568, 1.8)}",2,3.399,8,[Pretrained] CF,"[1946, 2936, 3494, 3694, 3732, 3756, 3757]",3.793,3.795,NoOve,[Pretrained] CF NoOve,0.015,0,0.015,3768,27,0.0,5,0.39400000000000013,0.0019999999999997797,rest
1994,feature_0 > 0.058 AND feature_0 <= 0.946 AND feature_1 <= 0.771 AND feature_0 <= 0.647 AND feature_1 <= -0.652 AND feature_1 <= -1.007 AND feature_0 <= 0.368 AND feature_0 > 0.103 AND feature_1 > -1.444 AND feature_0 > 0.162,"{'feature_0': (0.162, 0.368), 'feature_1': (-1.444, -1.007)}",2,0.69,10,[Pretrained] CF,"[1946, 1947, 1948, 1949, 1950, 1951, 1952, 1972, 1986]",0.527,0.529,Random,[Pretrained] CF Random,0.003,0,0.003,3768,561,0.0,5,0.16299999999999992,0.0020000000000000018,rest
2597,feature_0 > 0.058 AND feature_0 <= 0.946 AND feature_1 > 0.771 AND feature_1 <= 1.148 AND feature_0 <= 0.542 AND feature_1 > 0.941 AND feature_0 > 0.159 AND feature_0 <= 0.387 AND feature_1 <= 1.038 AND feature_3 > 0.721,"{'feature_0': (0.159, 0.387), 'feature_1': (0.941, 1.038), 'feature_3': (0.721, 4.384)}",3,1.597,10,[Pretrained] CF,"[1946, 1947, 2521, 2522, 2523, 2571, 2587, 2588, 2589]",1.58,1.583,Random,[Pretrained] CF Random,0.003,0,0.003,3768,51,0.0,5,0.016999999999999904,0.0029999999999998916,rest
2846,feature_0 > 0.058 AND feature_0 <= 0.946 AND feature_1 > 0.771 AND feature_1 > 1.148 AND feature_0 > 0.438 AND feature_1 <= 1.535 AND feature_0 <= 0.772 AND feature_2 > 0.265 AND feature_1 > 1.422 AND feature_0 <= 0.565,"{'feature_0': (0.438, 0.565), 'feature_1': (1.422, 1.535), 'feature_2': (0.265, 4.286)}",3,2.115,10,[Pretrained] CF,"[1946, 1947, 2521, 2701, 2809, 2810, 2811, 2833, 2845]",2.193,2.19,Random,[Pretrained] CF Random,0.003,0,0.003,3768,23,0.0,5,0.07799999999999985,0.0030000000000001137,rest
1969,feature_0 > 0.058 AND feature_0 <= 0.946 AND feature_1 <= 0.771 AND feature_0 <= 0.647 AND feature_1 <= -0.652 AND feature_1 <= -1.007 AND feature_0 <= 0.368 AND feature_0 <= 0.103 AND feature_0 > 0.077 AND feature_1 > -1.529 AND feature_1 <= -1.174 AND feature_7 <= 0.081,"{'feature_0': (0.077, 0.103), 'feature_1': (-1.529, -1.174), 'feature_7': (-4.375, 0.081)}",3,0.497,12,[Pretrained] CF,"[1946, 1947, 1948, 1949, 1950, 1951, 1952, 1953, 1963, 1967, 1968]",0.32,0.32,Random,[Pretrained] CF Random,0.003,0,0.003,3768,21,0.0,5,0.177,0.0,rest
1540,feature_0 <= 0.058 AND feature_0 > -0.982 AND feature_1 > 0.164 AND feature_1 <= 1.51 AND feature_0 <= -0.397 AND feature_0 > -0.744 AND feature_1 > 0.765 AND feature_0 <= -0.568 AND feature_2 <= -0.949 AND feature_8 <= 0.283 AND feature_9 <= 0.152 AND feature_4 <= -0.229,"{'feature_0': (-0.744, -0.568), 'feature_1': (0.765, 1.51), 'feature_2': (-4.532, -0.949), 'feature_8': (-4.447, 0.283), 'feature_9': (-5.002, 0.152), 'feature_4': (-4.13, -0.229)}",6,0.543,12,[Pretrained] CF,"[1, 771, 1393, 1394, 1395, 1483, 1535, 1536, 1537, 1538, 1539]",0.68,0.67,Random,[Pretrained] CF Random,0.003,0,0.003,3768,23,0.0,5,0.137,0.010000000000000009,rest
3687,feature_0 > 0.058 AND feature_0 > 0.946 AND feature_1 > 0.743 AND feature_1 <= 1.568 AND feature_0 > 1.347 AND feature_1 > 1.049 AND feature_0 > 1.914 AND feature_1 <= 1.407 AND feature_2 > -0.223 AND feature_7 > -0.562 AND feature_8 > -0.517 AND feature_1 <= 1.251,"{'feature_0': (1.914, 4.577), 'feature_1': (1.049, 1.251), 'feature_2': (-0.223, 4.286), 'feature_7': (-0.562, 4.28), 'feature_8': (-0.517, 4.699)}",5,3.078,12,[Pretrained] CF,"[1946, 2936, 3494, 3495, 3589, 3641, 3677, 3678, 3682, 3684, 3686]",3.782,3.782,OptRes,[Pretrained] CF OptRes,0.005,0,0.005,3768,28,0.0,5,0.7040000000000002,0.0,all
3674,feature_0 > 0.058 AND feature_0 > 0.946 AND feature_1 > 0.743 AND feature_1 <= 1.568 AND feature_0 > 1.347 AND feature_1 > 1.049 AND feature_0 <= 1.914 AND feature_2 > 0.032 AND feature_2 > 0.836 AND feature_0 > 1.505 AND feature_3 <= 0.335 AND feature_1 <= 1.339,"{'feature_0': (1.505, 1.914), 'feature_1': (1.049, 1.339), 'feature_2': (0.836, 4.286), 'feature_3': (-4.344, 0.335)}",4,3.049,12,[Pretrained] CF,"[1946, 2936, 3494, 3495, 3589, 3641, 3642, 3660, 3668, 3672, 3673]",3.104,3.104,OptRes,[Pretrained] CF OptRes,0.005,0,0.005,3768,21,0.0,5,0.05500000000000016,0.0,all
3639,feature_0 > 0.058 AND feature_0 > 0.946 AND feature_1 > 0.743 AND feature_1 <= 1.568 AND feature_0 > 1.347 AND feature_1 <= 1.049 AND feature_0 > 1.865 AND feature_4 > 0.312 AND feature_0 > 2.181 AND feature_2 <= 0.058,"{'feature_0': (2.181, 4.577), 'feature_1': (0.743, 1.049), 'feature_4': (0.312, 4.717), 'feature_2': (-4.532, 0.058)}",4,3.037,10,[Pretrained] CF,"[1946, 2936, 3494, 3495, 3589, 3590, 3624, 3634, 3638]",3.723,3.723,OptRes,[Pretrained] CF OptRes,0.005,0,0.005,3768,30,0.0,5,0.6859999999999999,0.0,all
3486,feature_0 > 0.058 AND feature_0 > 0.946 AND feature_1 <= 0.743 AND feature_0 > 1.577 AND feature_0 > 2.049 AND feature_1 > 0.008 AND feature_4 > -0.358 AND feature_0 > 2.149 AND feature_1 > 0.316 AND feature_3 <= 0.091 AND feature_5 > 0.506,"{'feature_0': (2.149, 4.577), 'feature_1': (0.316, 0.743), 'feature_4': (-0.358, 4.717), 'feature_3': (-4.344, 0.091), 'feature_5': (0.506, 4.284)}",5,3.019,11,[Pretrained] CF,"[1946, 2936, 2937, 3253, 3393, 3451, 3467, 3473, 3481, 3482]",3.464,3.464,OptRes,[Pretrained] CF OptRes,0.005,0,0.005,3768,26,0.08783783783783784,5,0.44499999999999984,0.0,all
3482,feature_0 > 0.058 AND feature_0 > 0.946 AND feature_1 <= 0.743 AND feature_0 > 1.577 AND feature_0 > 2.049 AND feature_1 > 0.008 AND feature_4 > -0.358 AND feature_0 > 2.149 AND feature_1 > 0.316 AND feature_3 <= 0.091,"{'feature_0': (2.149, 4.577), 'feature_1': (0.316, 0.743), 'feature_4': (-0.358, 4.717), 'feature_3': (-4.344, 0.091)}",4,2.949,10,[Pretrained] CF,"[1946, 2936, 2937, 3253, 3393, 3451, 3467, 3473, 3481]",3.484,3.484,OptRes,[Pretrained] CF OptRes,0.005,0,0.005,3768,74,0.08783783783783784,5,0.5350000000000001,0.0,all
3687,feature_0 > 0.058 AND feature_0 > 0.946 AND feature_1 > 0.743 AND feature_1 <= 1.568 AND feature_0 > 1.347 AND feature_1 > 1.049 AND feature_0 > 1.914 AND feature_1 <= 1.407 AND feature_2 > -0.223 AND feature_7 > -0.562 AND feature_8 > -0.517 AND feature_1 <= 1.251,"{'feature_0': (1.914, 4.577), 'feature_1': (1.049, 1.251), 'feature_2': (-0.223, 4.286), 'feature_7': (-0.562, 4.28), 'feature_8': (-0.517, 4.699)}",5,3.078,12,[Pretrained] CF,"[1946, 2936, 3494, 3495, 3589, 3641, 3677, 3678, 3682, 3684, 3686]",3.782,3.782,ResOve,[Pretrained] CF ResOve,0.761,0,0.761,3768,28,0.0,5,0.7040000000000002,0.0,all
3674,feature_0 > 0.058 AND feature_0 > 0.946 AND feature_1 > 0.743 AND feature_1 <= 1.568 AND feature_0 > 1.347 AND feature_1 > 1.049 AND feature_0 <= 1.914 AND feature_2 > 0.032 AND feature_2 > 0.836 AND feature_0 > 1.505 AND feature_3 <= 0.335 AND feature_1 <= 1.339,"{'feature_0': (1.505, 1.914), 'feature_1': (1.049, 1.339), 'feature_2': (0.836, 4.286), 'feature_3': (-4.344, 0.335)}",4,3.049,12,[Pretrained] CF,"[1946, 2936, 3494, 3495, 3589, 3641, 3642, 3660, 3668, 3672, 3673]",3.104,3.104,ResOve,[Pretrained] CF ResOve,0.761,0,0.761,3768,21,0.0,5,0.05500000000000016,0.0,all
3485,feature_0 > 0.058 AND feature_0 > 0.946 AND feature_1 <= 0.743 AND feature_0 > 1.577 AND feature_0 > 2.049 AND feature_1 > 0.008 AND feature_4 > -0.358 AND feature_0 > 2.149 AND feature_1 > 0.316 AND feature_3 <= 0.091 AND feature_5 <= 0.506 AND feature_7 > 0.009,"{'feature_0': (2.149, 4.577), 'feature_1': (0.316, 0.743), 'feature_4': (-0.358, 4.717), 'feature_3': (-4.344, 0.091), 'feature_5': (-4.895, 0.506), 'feature_7': (0.009, 4.28)}",6,2.948,12,[Pretrained] CF,"[1946, 2936, 2937, 3253, 3393, 3451, 3467, 3473, 3481, 3482, 3483]",3.568,3.568,ResOve,[Pretrained] CF ResOve,0.761,0,0.761,3768,26,0.0,5,0.6200000000000001,0.0,all
3480,feature_0 > 0.058 AND feature_0 > 0.946 AND feature_1 <= 0.743 AND feature_0 > 1.577 AND feature_0 > 2.049 AND feature_1 > 0.008 AND feature_4 > -0.358 AND feature_0 > 2.149 AND feature_1 <= 0.316 AND feature_2 > -0.688 AND feature_1 > 0.102 AND feature_5 > -0.07,"{'feature_0': (2.149, 4.577), 'feature_1': (0.102, 0.316), 'feature_4': (-0.358, 4.717), 'feature_2': (-0.688, 4.286), 'feature_5': (-0.07, 4.284)}",5,2.909,12,[Pretrained] CF,"[1946, 2936, 2937, 3253, 3393, 3451, 3467, 3473, 3474, 3476, 3478]",3.307,3.307,ResOve,[Pretrained] CF ResOve,0.761,0,0.761,3768,43,0.0,5,0.39800000000000013,0.0,all
3488,feature_0 > 0.058 AND feature_0 > 0.946 AND feature_1 <= 0.743 AND feature_0 > 1.577 AND feature_0 > 2.049 AND feature_1 > 0.008 AND feature_4 > -0.358 AND feature_0 > 2.149 AND feature_1 > 0.316 AND feature_3 > 0.091 AND feature_8 <= -0.081,"{'feature_0': (2.149, 4.577), 'feature_1': (0.316, 0.743), 'feature_4': (-0.358, 4.717), 'feature_3': (0.091, 4.384), 'feature_8': (-4.447, -0.081)}",5,2.897,11,[Pretrained] CF,"[1946, 2936, 2937, 3253, 3393, 3451, 3467, 3473, 3481, 3487]",3.492,3.492,ResOve,[Pretrained] CF ResOve,0.761,0,0.761,3768,43,0.0,5,0.5950000000000002,0.0,all
3687,feature_0 > 0.058 AND feature_0 > 0.946 AND feature_1 > 0.743 AND feature_1 <= 1.568 AND feature_0 > 1.347 AND feature_1 > 1.049 AND feature_0 > 1.914 AND feature_1 <= 1.407 AND feature_2 > -0.223 AND feature_7 > -0.562 AND feature_8 > -0.517 AND feature_1 <= 1.251,"{'feature_0': (1.914, 4.577), 'feature_1': (1.049, 1.251), 'feature_2': (-0.223, 4.286), 'feature_7': (-0.562, 4.28), 'feature_8': (-0.517, 4.699)}",5,3.078,12,[Pretrained] CF,"[1946, 2936, 3494, 3495, 3589, 3641, 3677, 3678, 3682, 3684, 3686]",3.782,3.782,NoOve,[Pretrained] CF NoOve,0.012,0,0.012,3768,28,0.0,5,0.7040000000000002,0.0,all
3674,feature_0 > 0.058 AND feature_0 > 0.946 AND feature_1 > 0.743 AND feature_1 <= 1.568 AND feature_0 > 1.347 AND feature_1 > 1.049 AND feature_0 <= 1.914 AND feature_2 > 0.032 AND feature_2 > 0.836 AND feature_0 > 1.505 AND feature_3 <= 0.335 AND feature_1 <= 1.339,"{'feature_0': (1.505, 1.914), 'feature_1': (1.049, 1.339), 'feature_2': (0.836, 4.286), 'feature_3': (-4.344, 0.335)}",4,3.049,12,[Pretrained] CF,"[1946, 2936, 3494, 3495, 3589, 3641, 3642, 3660, 3668, 3672, 3673]",3.104,3.104,NoOve,[Pretrained] CF NoOve,0.012,0,0.012,3768,21,0.0,5,0.05500000000000016,0.0,all
3485,feature_0 > 0.058 AND feature_0 > 0.946 AND feature_1 <= 0.743 AND feature_0 > 1.577 AND feature_0 > 2.049 AND feature_1 > 0.008 AND feature_4 > -0.358 AND feature_0 > 2.149 AND feature_1 > 0.316 AND feature_3 <= 0.091 AND feature_5 <= 0.506 AND feature_7 > 0.009,"{'feature_0': (2.149, 4.577), 'feature_1': (0.316, 0.743), 'feature_4': (-0.358, 4.717), 'feature_3': (-4.344, 0.091), 'feature_5': (-4.895, 0.506), 'feature_7': (0.009, 4.28)}",6,2.948,12,[Pretrained] CF,"[1946, 2936, 2937, 3253, 3393, 3451, 3467, 3473, 3481, 3482, 3483]",3.568,3.568,NoOve,[Pretrained] CF NoOve,0.012,0,0.012,3768,26,0.0,5,0.6200000000000001,0.0,all
3480,feature_0 > 0.058 AND feature_0 > 0.946 AND feature_1 <= 0.743 AND feature_0 > 1.577 AND feature_0 > 2.049 AND feature_1 > 0.008 AND feature_4 > -0.358 AND feature_0 > 2.149 AND feature_1 <= 0.316 AND feature_2 > -0.688 AND feature_1 > 0.102 AND feature_5 > -0.07,"{'feature_0': (2.149, 4.577), 'feature_1': (0.102, 0.316), 'feature_4': (-0.358, 4.717), 'feature_2': (-0.688, 4.286), 'feature_5': (-0.07, 4.284)}",5,2.909,12,[Pretrained] CF,"[1946, 2936, 2937, 3253, 3393, 3451, 3467, 3473, 3474, 3476, 3478]",3.307,3.307,NoOve,[Pretrained] CF NoOve,0.012,0,0.012,3768,43,0.0,5,0.39800000000000013,0.0,all
3489,feature_0 > 0.058 AND feature_0 > 0.946 AND feature_1 <= 0.743 AND feature_0 > 1.577 AND feature_0 > 2.049 AND feature_1 > 0.008 AND feature_4 > -0.358 AND feature_0 > 2.149 AND feature_1 > 0.316 AND feature_3 > 0.091 AND feature_8 <= -0.081 AND feature_2 <= -0.054,"{'feature_0': (2.149, 4.577), 'feature_1': (0.316, 0.743), 'feature_4': (-0.358, 4.717), 'feature_3': (0.091, 4.384), 'feature_8': (-4.447, -0.081), 'feature_2': (-4.532, -0.054)}",6,2.867,12,[Pretrained] CF,"[1946, 2936, 2937, 3253, 3393, 3451, 3467, 3473, 3481, 3487, 3488]",3.531,3.531,NoOve,[Pretrained] CF NoOve,0.012,0,0.012,3768,23,0.0,5,0.6640000000000001,0.0,all
3144,feature_0 > 0.058 AND feature_0 > 0.946 AND feature_1 <= 0.743 AND feature_0 <= 1.577 AND feature_1 > 0.104 AND feature_1 <= 0.309 AND feature_0 <= 1.409 AND feature_0 <= 1.212 AND feature_1 > 0.222 AND feature_4 > -0.815 AND feature_0 <= 0.976,"{'feature_0': (0.946, 0.976), 'feature_1': (0.222, 0.309), 'feature_4': (-0.815, 4.717)}",3,1.746,11,[Pretrained] CF,"[1946, 2936, 2937, 2938, 3124, 3125, 3126, 3127, 3141, 3143]",1.797,1.797,Random,[Pretrained] CF Random,0.003,0,0.003,3768,22,0.0,5,0.050999999999999934,0.0,all
3324,feature_0 > 0.058 AND feature_0 > 0.946 AND feature_1 <= 0.743 AND feature_0 > 1.577 AND feature_0 <= 2.049 AND feature_1 <= 0.012 AND feature_0 > 1.687 AND feature_3 > 1.254 AND feature_2 > -0.488 AND feature_1 <= -0.44,"{'feature_0': (1.687, 2.049), 'feature_1': (-4.202, -0.44), 'feature_3': (1.254, 4.384), 'feature_2': (-0.488, 4.286)}",4,2.113,10,[Pretrained] CF,"[1946, 2936, 2937, 3253, 3254, 3255, 3291, 3321, 3323]",2.182,2.182,Random,[Pretrained] CF Random,0.003,0,0.003,3768,58,0.0,5,0.06899999999999995,0.0,all
2033,feature_0 > 0.058 AND feature_0 <= 0.946 AND feature_1 <= 0.771 AND feature_0 <= 0.647 AND feature_1 <= -0.652 AND feature_1 <= -1.007 AND feature_0 > 0.368 AND feature_0 > 0.471 AND feature_1 > -1.501,"{'feature_0': (0.471, 0.647), 'feature_1': (-1.501, -1.007)}",2,0.833,9,[Pretrained] CF,"[1946, 1947, 1948, 1949, 1950, 1951, 2001, 2021]",0.816,0.816,Random,[Pretrained] CF Random,0.003,0,0.003,3768,540,0.0,5,0.017000000000000015,0.0,all
1085,feature_0 <= 0.058 AND feature_0 > -0.982 AND feature_1 <= 0.164 AND feature_0 <= -0.216 AND feature_1 > -0.449 AND feature_0 > -0.769 AND feature_1 > -0.063 AND feature_0 <= -0.432 AND feature_1 <= 0.078 AND feature_2 <= 1.111 AND feature_4 <= 0.012 AND feature_0 > -0.713,"{'feature_0': (-0.713, -0.432), 'feature_1': (-0.063, 0.078), 'feature_2': (-4.532, 1.111), 'feature_4': (-4.13, 0.012)}",4,0.184,12,[Pretrained] CF,"[1, 771, 772, 773, 963, 1029, 1079, 1080, 1081, 1082, 1083]",0.126,0.126,Random,[Pretrained] CF Random,0.003,0,0.003,3768,202,0.0,5,0.057999999999999996,0.0,all
2404,feature_0 > 0.058 AND feature_0 <= 0.946 AND feature_1 <= 0.771 AND feature_0 > 0.647 AND feature_1 <= 0.108 AND feature_1 > -0.977 AND feature_0 > 0.77 AND feature_2 <= 1.356 AND feature_1 > -0.235,"{'feature_0': (0.77, 0.946), 'feature_1': (-0.235, 0.108), 'feature_2': (-4.532, 1.356)}",3,1.348,9,[Pretrained] CF,"[1946, 1947, 1948, 2284, 2285, 2359, 2389, 2390]",1.515,1.515,Random,[Pretrained] CF Random,0.003,0,0.003,3768,563,0.0,5,0.16699999999999982,0.0,all
3764,feature_0 > 0.058 AND feature_0 > 0.946 AND feature_1 > 0.743 AND feature_1 > 1.568 AND feature_0 > 1.289 AND feature_0 > 1.832 AND feature_1 > 1.8 AND feature_4 <= 0.223 AND feature_1 <= 2.183,"{'feature_0': (1.832, 4.577), 'feature_1': (1.8, 2.183), 'feature_4': (-4.13, 0.223)}",3,3.708,9,[Pretrained] CF,"[1946, 2936, 3494, 3694, 3732, 3756, 3762, 3763]",4.231,4.231,OptRes,[Pretrained] CF OptRes,0.006,0,0.006,3768,35,0.0,5,0.5229999999999997,0.0,hte_only
3760,feature_0 > 0.058 AND feature_0 > 0.946 AND feature_1 > 0.743 AND feature_1 > 1.568 AND feature_0 > 1.289 AND feature_0 > 1.832 AND feature_1 <= 1.8 AND feature_0 > 2.096 AND feature_5 <= -0.017,"{'feature_0': (2.096, 4.577), 'feature_1': (1.568, 1.8), 'feature_5': (-4.895, -0.017)}",3,3.653,9,[Pretrained] CF,"[1946, 2936, 3494, 3694, 3732, 3756, 3757, 3759]",4.31,4.31,OptRes,[Pretrained] CF OptRes,0.006,0,0.006,3768,21,0.125,5,0.6569999999999996,0.0,hte_only
3759,feature_0 > 0.058 AND feature_0 > 0.946 AND feature_1 > 0.743 AND feature_1 > 1.568 AND feature_0 > 1.289 AND feature_0 > 1.832 AND feature_1 <= 1.8 AND feature_0 > 2.096,"{'feature_0': (2.096, 4.577), 'feature_1': (1.568, 1.8)}",2,3.581,8,[Pretrained] CF,"[1946, 2936, 3494, 3694, 3732, 3756, 3757]",4.389,4.389,OptRes,[Pretrained] CF OptRes,0.006,0,0.006,3768,42,0.25,5,0.8080000000000003,0.0,hte_only
3761,feature_0 > 0.058 AND feature_0 > 0.946 AND feature_1 > 0.743 AND feature_1 > 1.568 AND feature_0 > 1.289 AND feature_0 > 1.832 AND feature_1 <= 1.8 AND feature_0 > 2.096 AND feature_5 > -0.017,"{'feature_0': (2.096, 4.577), 'feature_1': (1.568, 1.8), 'feature_5': (-0.017, 4.284)}",3,3.508,9,[Pretrained] CF,"[1946, 2936, 3494, 3694, 3732, 3756, 3757, 3759]",4.467,4.467,OptRes,[Pretrained] CF OptRes,0.006,0,0.006,3768,21,0.125,5,0.9589999999999996,0.0,hte_only
3754,feature_0 > 0.058 AND feature_0 > 0.946 AND feature_1 > 0.743 AND feature_1 > 1.568 AND feature_0 > 1.289 AND feature_0 <= 1.832 AND feature_1 > 1.664 AND feature_0 > 1.63 AND feature_2 > -0.178 AND feature_1 <= 2.136,"{'feature_0': (1.63, 1.832), 'feature_1': (1.664, 2.136), 'feature_2': (-0.178, 4.286)}",3,3.482,10,[Pretrained] CF,"[1946, 2936, 3494, 3694, 3732, 3733, 3737, 3751, 3753]",3.724,3.724,OptRes,[Pretrained] CF OptRes,0.006,0,0.006,3768,36,0.0,5,0.242,0.0,hte_only
3764,feature_0 > 0.058 AND feature_0 > 0.946 AND feature_1 > 0.743 AND feature_1 > 1.568 AND feature_0 > 1.289 AND feature_0 > 1.832 AND feature_1 > 1.8 AND feature_4 <= 0.223 AND feature_1 <= 2.183,"{'feature_0': (1.832, 4.577), 'feature_1': (1.8, 2.183), 'feature_4': (-4.13, 0.223)}",3,3.708,9,[Pretrained] CF,"[1946, 2936, 3494, 3694, 3732, 3756, 3762, 3763]",4.231,4.231,ResOve,[Pretrained] CF ResOve,0.544,0,0.544,3768,35,0.0,5,0.5229999999999997,0.0,hte_only
3761,feature_0 > 0.058 AND feature_0 > 0.946 AND feature_1 > 0.743 AND feature_1 > 1.568 AND feature_0 > 1.289 AND feature_0 > 1.832 AND feature_1 <= 1.8 AND feature_0 > 2.096 AND feature_5 > -0.017,"{'feature_0': (2.096, 4.577), 'feature_1': (1.568, 1.8), 'feature_5': (-0.017, 4.284)}",3,3.508,9,[Pretrained] CF,"[1946, 2936, 3494, 3694, 3732, 3756, 3757, 3759]",4.467,4.467,ResOve,[Pretrained] CF ResOve,0.544,0,0.544,3768,21,0.0,5,0.9589999999999996,0.0,hte_only
3760,feature_0 > 0.058 AND feature_0 > 0.946 AND feature_1 > 0.743 AND feature_1 > 1.568 AND feature_0 > 1.289 AND feature_0 > 1.832 AND feature_1 <= 1.8 AND feature_0 > 2.096 AND feature_5 <= -0.017,"{'feature_0': (2.096, 4.577), 'feature_1': (1.568, 1.8), 'feature_5': (-4.895, -0.017)}",3,3.653,9,[Pretrained] CF,"[1946, 2936, 3494, 3694, 3732, 3756, 3757, 3759]",4.31,4.31,ResOve,[Pretrained] CF ResOve,0.544,0,0.544,3768,21,0.0,5,0.6569999999999996,0.0,hte_only
3754,feature_0 > 0.058 AND feature_0 > 0.946 AND feature_1 > 0.743 AND feature_1 > 1.568 AND feature_0 > 1.289 AND feature_0 <= 1.832 AND feature_1 > 1.664 AND feature_0 > 1.63 AND feature_2 > -0.178 AND feature_1 <= 2.136,"{'feature_0': (1.63, 1.832), 'feature_1': (1.664, 2.136), 'feature_2': (-0.178, 4.286)}",3,3.482,10,[Pretrained] CF,"[1946, 2936, 3494, 3694, 3732, 3733, 3737, 3751, 3753]",3.724,3.724,ResOve,[Pretrained] CF ResOve,0.544,0,0.544,3768,36,0.0,5,0.242,0.0,hte_only
3747,feature_0 > 0.058 AND feature_0 > 0.946 AND feature_1 > 0.743 AND feature_1 > 1.568 AND feature_0 > 1.289 AND feature_0 <= 1.832 AND feature_1 > 1.664 AND feature_0 <= 1.63 AND feature_1 <= 2.181 AND feature_2 > 0.102 AND feature_0 > 1.444,"{'feature_0': (1.444, 1.63), 'feature_1': (1.664, 2.181), 'feature_2': (0.102, 4.286)}",3,3.4,11,[Pretrained] CF,"[1946, 2936, 3494, 3694, 3732, 3733, 3737, 3738, 3739, 3745]",3.568,3.568,ResOve,[Pretrained] CF ResOve,0.544,0,0.544,3768,28,0.0,5,0.16800000000000015,0.0,hte_only
3764,feature_0 > 0.058 AND feature_0 > 0.946 AND feature_1 > 0.743 AND feature_1 > 1.568 AND feature_0 > 1.289 AND feature_0 > 1.832 AND feature_1 > 1.8 AND feature_4 <= 0.223 AND feature_1 <= 2.183,"{'feature_0': (1.832, 4.577), 'feature_1': (1.8, 2.183), 'feature_4': (-4.13, 0.223)}",3,3.708,9,[Pretrained] CF,"[1946, 2936, 3494, 3694, 3732, 3756, 3762, 3763]",4.231,4.231,NoOve,[Pretrained] CF NoOve,0.013,0,0.013,3768,35,0.0,5,0.5229999999999997,0.0,hte_only
3760,feature_0 > 0.058 AND feature_0 > 0.946 AND feature_1 > 0.743 AND feature_1 > 1.568 AND feature_0 > 1.289 AND feature_0 > 1.832 AND feature_1 <= 1.8 AND feature_0 > 2.096 AND feature_5 <= -0.017,"{'feature_0': (2.096, 4.577), 'feature_1': (1.568, 1.8), 'feature_5': (-4.895, -0.017)}",3,3.653,9,[Pretrained] CF,"[1946, 2936, 3494, 3694, 3732, 3756, 3757, 3759]",4.31,4.31,NoOve,[Pretrained] CF NoOve,0.013,0,0.013,3768,21,0.0,5,0.6569999999999996,0.0,hte_only
3761,feature_0 > 0.058 AND feature_0 > 0.946 AND feature_1 > 0.743 AND feature_1 > 1.568 AND feature_0 > 1.289 AND feature_0 > 1.832 AND feature_1 <= 1.8 AND feature_0 > 2.096 AND feature_5 > -0.017,"{'feature_0': (2.096, 4.577), 'feature_1': (1.568, 1.8), 'feature_5': (-0.017, 4.284)}",3,3.508,9,[Pretrained] CF,"[1946, 2936, 3494, 3694, 3732, 3756, 3757, 3759]",4.467,4.467,NoOve,[Pretrained] CF NoOve,0.013,0,0.013,3768,21,0.0,5,0.9589999999999996,0.0,hte_only
3693,feature_0 > 0.058 AND feature_0 > 0.946 AND feature_1 > 0.743 AND feature_1 <= 1.568 AND feature_0 > 1.347 AND feature_1 > 1.049 AND feature_0 > 1.914 AND feature_1 > 1.407 AND feature_6 > 0.358,"{'feature_0': (1.914, 4.577), 'feature_1': (1.407, 1.568), 'feature_6': (0.358, 4.078)}",3,3.295,9,[Pretrained] CF,"[1946, 2936, 3494, 3495, 3589, 3641, 3677, 3689]",4.052,4.052,NoOve,[Pretrained] CF NoOve,0.013,0,0.013,3768,26,0.0,5,0.7569999999999997,0.0,hte_only
3739,feature_0 > 0.058 AND feature_0 > 0.946 AND feature_1 > 0.743 AND feature_1 > 1.568 AND feature_0 > 1.289 AND feature_0 <= 1.832 AND feature_1 > 1.664 AND feature_0 <= 1.63 AND feature_1 <= 2.181,"{'feature_0': (1.289, 1.63), 'feature_1': (1.664, 2.181)}",2,3.275,9,[Pretrained] CF,"[1946, 2936, 3494, 3694, 3732, 3733, 3737, 3738]",3.462,3.462,NoOve,[Pretrained] CF NoOve,0.013,0,0.013,3768,138,0.0,5,0.18700000000000028,0.0,hte_only
428,feature_0 <= 0.058 AND feature_0 <= -0.982 AND feature_1 > 0.16 AND feature_0 <= -1.389 AND feature_1 <= 1.038 AND feature_0 > -2.119 AND feature_1 <= 0.748 AND feature_0 <= -1.632 AND feature_1 <= 0.58 AND feature_3 > 0.795 AND feature_2 > -0.595 AND feature_4 <= 0.008,"{'feature_0': (-2.119, -1.632), 'feature_1': (0.16, 0.58), 'feature_3': (0.795, 4.384), 'feature_2': (-0.595, 4.286), 'feature_4': (-4.13, 0.008)}",5,0.481,12,[Pretrained] CF,"[1, 2, 380, 381, 382, 414, 415, 416, 417, 425, 427]",0.941,0.941,Random,[Pretrained] CF Random,0.003,0,0.003,3768,36,0.0,5,0.45999999999999996,0.0,hte_only
2658,feature_0 > 0.058 AND feature_0 <= 0.946 AND feature_1 > 0.771 AND feature_1 <= 1.148 AND feature_0 > 0.542 AND feature_0 <= 0.787 AND feature_1 > 0.955 AND feature_2 <= -0.47 AND feature_8 > 0.205,"{'feature_0': (0.542, 0.787), 'feature_1': (0.955, 1.148), 'feature_2': (-4.532, -0.47), 'feature_8': (0.205, 4.699)}",4,2.232,9,[Pretrained] CF,"[1946, 1947, 2521, 2522, 2624, 2625, 2651, 2652]",2.015,2.015,Random,[Pretrained] CF Random,0.003,0,0.003,3768,46,0.0,5,0.21700000000000008,0.0,hte_only
2490,feature_0 > 0.058 AND feature_0 <= 0.946 AND feature_1 <= 0.771 AND feature_0 > 0.647 AND feature_1 > 0.108 AND feature_0 > 0.785 AND feature_1 <= 0.302 AND feature_0 > 0.905 AND feature_0 <= 0.936 AND feature_1 > 0.224,"{'feature_0': (0.905, 0.936), 'feature_1': (0.224, 0.302)}",2,1.615,10,[Pretrained] CF,"[1946, 1947, 1948, 2284, 2426, 2470, 2471, 2487, 2488]",1.751,1.751,Random,[Pretrained] CF Random,0.003,0,0.003,3768,23,0.0,5,0.1359999999999999,0.0,hte_only
1766,feature_0 <= 0.058 AND feature_0 > -0.982 AND feature_1 > 0.164 AND feature_1 <= 1.51 AND feature_0 > -0.397 AND feature_1 > 0.802 AND feature_0 > -0.135 AND feature_1 > 1.147 AND feature_1 <= 1.444 AND feature_0 > 0.025 AND feature_5 > -0.305 AND feature_4 <= -0.197,"{'feature_0': (0.025, 0.058), 'feature_1': (1.147, 1.444), 'feature_5': (-0.305, 4.284), 'feature_4': (-4.13, -0.197)}",4,1.346,12,[Pretrained] CF,"[1, 771, 1393, 1394, 1588, 1680, 1728, 1754, 1755, 1763, 1765]",1.601,1.601,Random,[Pretrained] CF Random,0.003,0,0.003,3768,23,0.0,5,0.2549999999999999,0.0,hte_only
3374,feature_0 > 0.058 AND feature_0 > 0.946 AND feature_1 <= 0.743 AND feature_0 > 1.577 AND feature_0 <= 2.049 AND feature_1 > 0.012 AND feature_2 > -0.247 AND feature_0 <= 1.8 AND feature_4 > -0.46 AND feature_1 > 0.179 AND feature_3 <= 1.088 AND feature_4 > 0.741,"{'feature_0': (1.577, 1.8), 'feature_1': (0.179, 0.743), 'feature_2': (-0.247, 4.286), 'feature_4': (0.741, 4.717), 'feature_3': (-4.344, 1.088)}",5,2.454,12,[Pretrained] CF,"[1946, 2936, 2937, 3253, 3254, 3328, 3358, 3359, 3367, 3371, 3372]",2.651,2.651,Random,[Pretrained] CF Random,0.003,0,0.003,3768,47,0.0,5,0.19699999999999962,0.0,hte_only
3765,feature_0 > 0.058 AND feature_0 > 0.946 AND feature_1 > 0.743 AND feature_1 > 1.568 AND feature_0 > 1.289 AND feature_0 > 1.832 AND feature_1 > 1.8 AND feature_4 <= 0.223 AND feature_1 > 2.183,"{'feature_0': (1.832, 4.577), 'feature_1': (2.183, 4.438), 'feature_4': (-4.13, 0.223)}",3,3.805,9,[Pretrained] CF,"[1946, 2936, 3494, 3694, 3732, 3756, 3762, 3763]",4.709,4.699,OptRes,[Pretrained] CF OptRes,0.01,0,0.01,3768,24,0.14421128187806115,5,0.9039999999999995,0.009999999999999787,rest
3763,feature_0 > 0.058 AND feature_0 > 0.946 AND feature_1 > 0.743 AND feature_1 > 1.568 AND feature_0 > 1.289 AND feature_0 > 1.832 AND feature_1 > 1.8 AND feature_4 <= 0.223,"{'feature_0': (1.832, 4.577), 'feature_1': (1.8, 4.438), 'feature_4': (-4.13, 0.223)}",3,3.75,8,[Pretrained] CF,"[1946, 2936, 3494, 3694, 3732, 3756, 3762]",4.439,4.442,OptRes,[Pretrained] CF OptRes,0.01,0,0.01,3768,56,0.19002280020266848,5,0.6890000000000001,0.0030000000000001137,rest
3768,feature_0 > 0.058 AND feature_0 > 0.946 AND feature_1 > 0.743 AND feature_1 > 1.568 AND feature_0 > 1.289 AND feature_0 > 1.832 AND feature_1 > 1.8 AND feature_4 > 0.223 AND feature_0 > 1.977,"{'feature_0': (1.977, 4.577), 'feature_1': (1.8, 4.438), 'feature_4': (0.223, 4.717)}",3,3.656,9,[Pretrained] CF,"[1946, 2936, 3494, 3694, 3732, 3756, 3762, 3766]",4.679,4.773,OptRes,[Pretrained] CF OptRes,0.01,0,0.01,3768,26,0.04319371727748691,5,1.0230000000000001,0.09399999999999942,rest
3756,feature_0 > 0.058 AND feature_0 > 0.946 AND feature_1 > 0.743 AND feature_1 > 1.568 AND feature_0 > 1.289 AND feature_0 > 1.832,"{'feature_0': (1.832, 4.577), 'feature_1': (1.568, 4.438)}",2,3.61,6,[Pretrained] CF,"[1946, 2936, 3494, 3694, 3732]",4.329,4.337,OptRes,[Pretrained] CF OptRes,0.01,0,0.01,3768,174,0.21465968586387435,5,0.7189999999999999,0.008000000000000007,rest
3759,feature_0 > 0.058 AND feature_0 > 0.946 AND feature_1 > 0.743 AND feature_1 > 1.568 AND feature_0 > 1.289 AND feature_0 > 1.832 AND feature_1 <= 1.8 AND feature_0 > 2.096,"{'feature_0': (2.096, 4.577), 'feature_1': (1.568, 1.8)}",2,3.581,8,[Pretrained] CF,"[1946, 2936, 3494, 3694, 3732, 3756, 3757]",4.389,4.408,OptRes,[Pretrained] CF OptRes,0.01,0,0.01,3768,40,0.0549738219895288,5,0.8080000000000003,0.019000000000000128,rest
3768,feature_0 > 0.058 AND feature_0 > 0.946 AND feature_1 > 0.743 AND feature_1 > 1.568 AND feature_0 > 1.289 AND feature_0 > 1.832 AND feature_1 > 1.8 AND feature_4 > 0.223 AND feature_0 > 1.977,"{'feature_0': (1.977, 4.577), 'feature_1': (1.8, 4.438), 'feature_4': (0.223, 4.717)}",3,3.656,9,[Pretrained] CF,"[1946, 2936, 3494, 3694, 3732, 3756, 3762, 3766]",4.679,4.773,ResOve,[Pretrained] CF ResOve,0.898,0,0.898,3768,26,0.0,5,1.0230000000000001,0.09399999999999942,rest
3765,feature_0 > 0.058 AND feature_0 > 0.946 AND feature_1 > 0.743 AND feature_1 > 1.568 AND feature_0 > 1.289 AND feature_0 > 1.832 AND feature_1 > 1.8 AND feature_4 <= 0.223 AND feature_1 > 2.183,"{'feature_0': (1.832, 4.577), 'feature_1': (2.183, 4.438), 'feature_4': (-4.13, 0.223)}",3,3.805,9,[Pretrained] CF,"[1946, 2936, 3494, 3694, 3732, 3756, 3762, 3763]",4.709,4.699,ResOve,[Pretrained] CF ResOve,0.898,0,0.898,3768,24,0.0,5,0.9039999999999995,0.009999999999999787,rest
3764,feature_0 > 0.058 AND feature_0 > 0.946 AND feature_1 > 0.743 AND feature_1 > 1.568 AND feature_0 > 1.289 AND feature_0 > 1.832 AND feature_1 > 1.8 AND feature_4 <= 0.223 AND feature_1 <= 2.183,"{'feature_0': (1.832, 4.577), 'feature_1': (1.8, 2.183), 'feature_4': (-4.13, 0.223)}",3,3.708,9,[Pretrained] CF,"[1946, 2936, 3494, 3694, 3732, 3756, 3762, 3763]",4.231,4.249,ResOve,[Pretrained] CF ResOve,0.898,0,0.898,3768,32,0.0,5,0.5229999999999997,0.017999999999999794,rest
3759,feature_0 > 0.058 AND feature_0 > 0.946 AND feature_1 > 0.743 AND feature_1 > 1.568 AND feature_0 > 1.289 AND feature_0 > 1.832 AND feature_1 <= 1.8 AND feature_0 > 2.096,"{'feature_0': (2.096, 4.577), 'feature_1': (1.568, 1.8)}",2,3.581,8,[Pretrained] CF,"[1946, 2936, 3494, 3694, 3732, 3756, 3757]",4.389,4.408,ResOve,[Pretrained] CF ResOve,0.898,0,0.898,3768,40,0.0,5,0.8080000000000003,0.019000000000000128,rest
3753,feature_0 > 0.058 AND feature_0 > 0.946 AND feature_1 > 0.743 AND feature_1 > 1.568 AND feature_0 > 1.289 AND feature_0 <= 1.832 AND feature_1 > 1.664 AND feature_0 > 1.63 AND feature_2 > -0.178,"{'feature_0': (1.63, 1.832), 'feature_1': (1.664, 4.438), 'feature_2': (-0.178, 4.286)}",3,3.535,9,[Pretrained] CF,"[1946, 2936, 3494, 3694, 3732, 3733, 3737, 3751]",3.93,3.924,ResOve,[Pretrained] CF ResOve,0.898,0,0.898,3768,47,0.0,5,0.395,0.006000000000000227,rest
3765,feature_0 > 0.058 AND feature_0 > 0.946 AND feature_1 > 0.743 AND feature_1 > 1.568 AND feature_0 > 1.289 AND feature_0 > 1.832 AND feature_1 > 1.8 AND feature_4 <= 0.223 AND feature_1 > 2.183,"{'feature_0': (1.832, 4.577), 'feature_1': (2.183, 4.438), 'feature_4': (-4.13, 0.223)}",3,3.805,9,[Pretrained] CF,"[1946, 2936, 3494, 3694, 3732, 3756, 3762, 3763]",4.709,4.699,NoOve,[Pretrained] CF NoOve,0.014,0,0.014,3768,24,0.0,5,0.9039999999999995,0.009999999999999787,rest
3764,feature_0 > 0.058 AND feature_0 > 0.946 AND feature_1 > 0.743 AND feature_1 > 1.568 AND feature_0 > 1.289 AND feature_0 > 1.832 AND feature_1 > 1.8 AND feature_4 <= 0.223 AND feature_1 <= 2.183,"{'feature_0': (1.832, 4.577), 'feature_1': (1.8, 2.183), 'feature_4': (-4.13, 0.223)}",3,3.708,9,[Pretrained] CF,"[1946, 2936, 3494, 3694, 3732, 3756, 3762, 3763]",4.231,4.249,NoOve,[Pretrained] CF NoOve,0.014,0,0.014,3768,32,0.0,5,0.5229999999999997,0.017999999999999794,rest
3768,feature_0 > 0.058 AND feature_0 > 0.946 AND feature_1 > 0.743 AND feature_1 > 1.568 AND feature_0 > 1.289 AND feature_0 > 1.832 AND feature_1 > 1.8 AND feature_4 > 0.223 AND feature_0 > 1.977,"{'feature_0': (1.977, 4.577), 'feature_1': (1.8, 4.438), 'feature_4': (0.223, 4.717)}",3,3.656,9,[Pretrained] CF,"[1946, 2936, 3494, 3694, 3732, 3756, 3762, 3766]",4.679,4.773,NoOve,[Pretrained] CF NoOve,0.014,0,0.014,3768,26,0.0,5,1.0230000000000001,0.09399999999999942,rest
3753,feature_0 > 0.058 AND feature_0 > 0.946 AND feature_1 > 0.743 AND feature_1 > 1.568 AND feature_0 > 1.289 AND feature_0 <= 1.832 AND feature_1 > 1.664 AND feature_0 > 1.63 AND feature_2 > -0.178,"{'feature_0': (1.63, 1.832), 'feature_1': (1.664, 4.438), 'feature_2': (-0.178, 4.286)}",3,3.535,9,[Pretrained] CF,"[1946, 2936, 3494, 3694, 3732, 3733, 3737, 3751]",3.93,3.924,NoOve,[Pretrained] CF NoOve,0.014,0,0.014,3768,47,0.0,5,0.395,0.006000000000000227,rest
3748,feature_0 > 0.058 AND feature_0 > 0.946 AND feature_1 > 0.743 AND feature_1 > 1.568 AND feature_0 > 1.289 AND feature_0 <= 1.832 AND feature_1 > 1.664 AND feature_0 <= 1.63 AND feature_1 > 2.181,"{'feature_0': (1.289, 1.63), 'feature_1': (2.181, 4.438)}",2,3.437,9,[Pretrained] CF,"[1946, 2936, 3494, 3694, 3732, 3733, 3737, 3738]",4.018,4.02,NoOve,[Pretrained] CF NoOve,0.014,0,0.014,3768,66,0.0,5,0.581,0.0019999999999997797,rest
2708,feature_0 > 0.058 AND feature_0 <= 0.946 AND feature_1 > 0.771 AND feature_1 > 1.148 AND feature_0 <= 0.438 AND feature_1 <= 1.645 AND feature_0 <= 0.158 AND feature_1 <= 1.454 AND feature_0 > 0.077 AND feature_2 <= -1.064,"{'feature_0': (0.077, 0.158), 'feature_1': (1.148, 1.454), 'feature_2': (-4.532, -1.064)}",3,1.82,10,[Pretrained] CF,"[1946, 1947, 2521, 2701, 2702, 2703, 2704, 2705, 2707]",1.659,1.66,Random,[Pretrained] CF Random,0.003,0,0.003,3768,22,0.0,5,0.16100000000000003,0.0009999999999998899,rest
2571,feature_0 > 0.058 AND feature_0 <= 0.946 AND feature_1 > 0.771 AND feature_1 <= 1.148 AND feature_0 <= 0.542 AND feature_1 > 0.941,"{'feature_0': (0.058, 0.542), 'feature_1': (0.941, 1.148)}",2,1.724,6,[Pretrained] CF,"[1946, 1947, 2521, 2522, 2523]",1.635,1.634,Random,[Pretrained] CF Random,0.003,0,0.003,3768,800,0.0,5,0.08899999999999997,0.001000000000000112,rest
487,feature_0 <= 0.058 AND feature_0 <= -0.982 AND feature_1 > 0.16 AND feature_0 <= -1.389 AND feature_1 <= 1.038 AND feature_0 > -2.119 AND feature_1 > 0.748 AND feature_2 > 0.133 AND feature_0 > -1.638 AND feature_0 <= -1.478 AND feature_6 > -0.503,"{'feature_0': (-1.638, -1.478), 'feature_1': (0.748, 1.038), 'feature_2': (0.133, 4.286), 'feature_6': (-0.503, 4.078)}",4,0.353,11,[Pretrained] CF,"[1, 2, 380, 381, 382, 414, 462, 476, 484, 485]",0.316,0.316,Random,[Pretrained] CF Random,0.003,0,0.003,3768,36,0.0,5,0.03699999999999998,0.0,rest
2438,feature_0 > 0.058 AND feature_0 <= 0.946 AND feature_1 <= 0.771 AND feature_0 > 0.647 AND feature_1 > 0.108 AND feature_0 <= 0.785 AND feature_1 <= 0.674 AND feature_2 <= 1.06 AND feature_0 <= 0.713 AND feature_1 > 0.436,"{'feature_0': (0.647, 0.713), 'feature_1': (0.436, 0.674), 'feature_2': (-4.532, 1.06)}",3,1.319,10,[Pretrained] CF,"[1946, 1947, 1948, 2284, 2426, 2427, 2428, 2429, 2430]",1.685,1.685,Random,[Pretrained] CF Random,0.003,0,0.003,3768,118,0.0,5,0.3660000000000001,0.0,rest
1230,feature_0 <= 0.058 AND feature_0 > -0.982 AND feature_1 <= 0.164 AND feature_0 > -0.216 AND feature_1 <= -0.913 AND feature_0 > -0.109 AND feature_1 > -1.438 AND feature_0 > 0.022 AND feature_7 <= 0.609 AND feature_9 <= 0.481 AND feature_4 > -0.552 AND feature_2 <= 0.237,"{'feature_0': (0.022, 0.058), 'feature_1': (-1.438, -0.913), 'feature_7': (-4.375, 0.609), 'feature_9': (-5.002, 0.481), 'feature_4': (-0.552, 4.717), 'feature_2': (-4.532, 0.237)}",6,0.346,12,[Pretrained] CF,"[1, 771, 772, 1126, 1127, 1175, 1201, 1225, 1226, 1227, 1229]",0.317,0.319,Random,[Pretrained] CF Random,0.003,0,0.003,3768,26,0.0,5,0.02899999999999997,0.0020000000000000018,rest
3763,feature_0 > 0.058 AND feature_0 > 0.946 AND feature_1 > 0.743 AND feature_1 > 1.568 AND feature_0 > 1.289 AND feature_0 > 1.832 AND feature_1 > 1.8 AND feature_4 <= 0.223,"{'feature_0': (1.832, 4.577), 'feature_1': (1.8, 4.438), 'feature_4': (-4.13, 0.223)}",3,3.75,8,[Pretrained] CF,"[1946, 2936, 3494, 3694, 3732, 3756, 3762]",4.439,4.416,OptRes,[Pretrained] CF OptRes,0.009,0,0.009,3768,44,0.08115183246073299,5,0.6890000000000001,0.022999999999999687,all
3768,feature_0 > 0.058 AND feature_0 > 0.946 AND feature_1 > 0.743 AND feature_1 > 1.568 AND feature_0 > 1.289 AND feature_0 > 1.832 AND feature_1 > 1.8 AND feature_4 > 0.223 AND feature_0 > 1.977,"{'feature_0': (1.977, 4.577), 'feature_1': (1.8, 4.438), 'feature_4': (0.223, 4.717)}",3,3.656,9,[Pretrained] CF,"[1946, 2936, 3494, 3694, 3732, 3756, 3762, 3766]",4.679,4.679,OptRes,[Pretrained] CF OptRes,0.009,0,0.009,3768,33,0.04319371727748691,5,1.0230000000000001,0.0,all
3756,feature_0 > 0.058 AND feature_0 > 0.946 AND feature_1 > 0.743 AND feature_1 > 1.568 AND feature_0 > 1.289 AND feature_0 > 1.832,"{'feature_0': (1.832, 4.577), 'feature_1': (1.568, 4.438)}",2,3.61,6,[Pretrained] CF,"[1946, 2936, 3494, 3694, 3732]",4.329,4.32,OptRes,[Pretrained] CF OptRes,0.009,0,0.009,3768,165,0.1793193717277487,5,0.7189999999999999,0.008999999999999453,all
3759,feature_0 > 0.058 AND feature_0 > 0.946 AND feature_1 > 0.743 AND feature_1 > 1.568 AND feature_0 > 1.289 AND feature_0 > 1.832 AND feature_1 <= 1.8 AND feature_0 > 2.096,"{'feature_0': (2.096, 4.577), 'feature_1': (1.568, 1.8)}",2,3.581,8,[Pretrained] CF,"[1946, 2936, 3494, 3694, 3732, 3756, 3757]",4.389,4.392,OptRes,[Pretrained] CF OptRes,0.009,0,0.009,3768,37,0.0549738219895288,5,0.8080000000000003,0.0030000000000001137,all
3753,feature_0 > 0.058 AND feature_0 > 0.946 AND feature_1 > 0.743 AND feature_1 > 1.568 AND feature_0 > 1.289 AND feature_0 <= 1.832 AND feature_1 > 1.664 AND feature_0 > 1.63 AND feature_2 > -0.178,"{'feature_0': (1.63, 1.832), 'feature_1': (1.664, 4.438), 'feature_2': (-0.178, 4.286)}",3,3.535,9,[Pretrained] CF,"[1946, 2936, 3494, 3694, 3732, 3733, 3737, 3751]",3.93,3.941,OptRes,[Pretrained] CF OptRes,0.009,0,0.009,3768,49,0.0,5,0.395,0.010999999999999677,all
3768,feature_0 > 0.058 AND feature_0 > 0.946 AND feature_1 > 0.743 AND feature_1 > 1.568 AND feature_0 > 1.289 AND feature_0 > 1.832 AND feature_1 > 1.8 AND feature_4 > 0.223 AND feature_0 > 1.977,"{'feature_0': (1.977, 4.577), 'feature_1': (1.8, 4.438), 'feature_4': (0.223, 4.717)}",3,3.656,9,[Pretrained] CF,"[1946, 2936, 3494, 3694, 3732, 3756, 3762, 3766]",4.679,4.679,ResOve,[Pretrained] CF ResOve,1.069,0,1.069,3768,33,0.0,5,1.0230000000000001,0.0,all
3764,feature_0 > 0.058 AND feature_0 > 0.946 AND feature_1 > 0.743 AND feature_1 > 1.568 AND feature_0 > 1.289 AND feature_0 > 1.832 AND feature_1 > 1.8 AND feature_4 <= 0.223 AND feature_1 <= 2.183,"{'feature_0': (1.832, 4.577), 'feature_1': (1.8, 2.183), 'feature_4': (-4.13, 0.223)}",3,3.708,9,[Pretrained] CF,"[1946, 2936, 3494, 3694, 3732, 3756, 3762, 3763]",4.231,4.254,ResOve,[Pretrained] CF ResOve,1.069,0,1.069,3768,27,0.14112903225806453,5,0.5229999999999997,0.022999999999999687,all
3763,feature_0 > 0.058 AND feature_0 > 0.946 AND feature_1 > 0.743 AND feature_1 > 1.568 AND feature_0 > 1.289 AND feature_0 > 1.832 AND feature_1 > 1.8 AND feature_4 <= 0.223,"{'feature_0': (1.832, 4.577), 'feature_1': (1.8, 4.438), 'feature_4': (-4.13, 0.223)}",3,3.75,8,[Pretrained] CF,"[1946, 2936, 3494, 3694, 3732, 3756, 3762]",4.439,4.416,ResOve,[Pretrained] CF ResOve,1.069,0,1.069,3768,44,0.14112903225806453,5,0.6890000000000001,0.022999999999999687,all
3759,feature_0 > 0.058 AND feature_0 > 0.946 AND feature_1 > 0.743 AND feature_1 > 1.568 AND feature_0 > 1.289 AND feature_0 > 1.832 AND feature_1 <= 1.8 AND feature_0 > 2.096,"{'feature_0': (2.096, 4.577), 'feature_1': (1.568, 1.8)}",2,3.581,8,[Pretrained] CF,"[1946, 2936, 3494, 3694, 3732, 3756, 3757]",4.389,4.392,ResOve,[Pretrained] CF ResOve,1.069,0,1.069,3768,37,0.0,5,0.8080000000000003,0.0030000000000001137,all
3749,feature_0 > 0.058 AND feature_0 > 0.946 AND feature_1 > 0.743 AND feature_1 > 1.568 AND feature_0 > 1.289 AND feature_0 <= 1.832 AND feature_1 > 1.664 AND feature_0 <= 1.63 AND feature_1 > 2.181 AND feature_4 <= -0.008,"{'feature_0': (1.289, 1.63), 'feature_1': (2.181, 4.438), 'feature_4': (-4.13, -0.008)}",3,3.5,10,[Pretrained] CF,"[1946, 2936, 3494, 3694, 3732, 3733, 3737, 3738, 3748]",3.976,3.984,ResOve,[Pretrained] CF ResOve,1.069,0,1.069,3768,23,0.0,5,0.476,0.008000000000000007,all
3763,feature_0 > 0.058 AND feature_0 > 0.946 AND feature_1 > 0.743 AND feature_1 > 1.568 AND feature_0 > 1.289 AND feature_0 > 1.832 AND feature_1 > 1.8 AND feature_4 <= 0.223,"{'feature_0': (1.832, 4.577), 'feature_1': (1.8, 4.438), 'feature_4': (-4.13, 0.223)}",3,3.75,8,[Pretrained] CF,"[1946, 2936, 3494, 3694, 3732, 3756, 3762]",4.439,4.416,NoOve,[Pretrained] CF NoOve,0.016,0,0.016,3768,44,0.0,5,0.6890000000000001,0.022999999999999687,all
3766,feature_0 > 0.058 AND feature_0 > 0.946 AND feature_1 > 0.743 AND feature_1 > 1.568 AND feature_0 > 1.289 AND feature_0 > 1.832 AND feature_1 > 1.8 AND feature_4 > 0.223,"{'feature_0': (1.832, 4.577), 'feature_1': (1.8, 4.438), 'feature_4': (0.223, 4.717)}",3,3.606,8,[Pretrained] CF,"[1946, 2936, 3494, 3694, 3732, 3756, 3762]",4.498,4.498,NoOve,[Pretrained] CF NoOve,0.016,0,0.016,3768,53,0.0,5,0.8920000000000003,0.0,all
3759,feature_0 > 0.058 AND feature_0 > 0.946 AND feature_1 > 0.743 AND feature_1 > 1.568 AND feature_0 > 1.289 AND feature_0 > 1.832 AND feature_1 <= 1.8 AND feature_0 > 2.096,"{'feature_0': (2.096, 4.577), 'feature_1': (1.568, 1.8)}",2,3.581,8,[Pretrained] CF,"[1946, 2936, 3494, 3694, 3732, 3756, 3757]",4.389,4.392,NoOve,[Pretrained] CF NoOve,0.016,0,0.016,3768,37,0.0,5,0.8080000000000003,0.0030000000000001137,all
3751,feature_0 > 0.058 AND feature_0 > 0.946 AND feature_1 > 0.743 AND feature_1 > 1.568 AND feature_0 > 1.289 AND feature_0 <= 1.832 AND feature_1 > 1.664 AND feature_0 > 1.63,"{'feature_0': (1.63, 1.832), 'feature_1': (1.664, 4.438)}",2,3.484,8,[Pretrained] CF,"[1946, 2936, 3494, 3694, 3732, 3733, 3737]",3.913,3.918,NoOve,[Pretrained] CF NoOve,0.016,0,0.016,3768,70,0.0,5,0.4289999999999998,0.0050000000000003375,all
3758,feature_0 > 0.058 AND feature_0 > 0.946 AND feature_1 > 0.743 AND feature_1 > 1.568 AND feature_0 > 1.289 AND feature_0 > 1.832 AND feature_1 <= 1.8 AND feature_0 <= 2.096,"{'feature_0': (1.832, 2.096), 'feature_1': (1.568, 1.8)}",2,3.399,8,[Pretrained] CF,"[1946, 2936, 3494, 3694, 3732, 3756, 3757]",3.793,3.795,NoOve,[Pretrained] CF NoOve,0.016,0,0.016,3768,31,0.0,5,0.39400000000000013,0.0019999999999997797,all
3690,feature_0 > 0.058 AND feature_0 > 0.946 AND feature_1 > 0.743 AND feature_1 <= 1.568 AND feature_0 > 1.347 AND feature_1 > 1.049 AND feature_0 > 1.914 AND feature_1 > 1.407 AND feature_6 <= 0.358,"{'feature_0': (1.914, 4.577), 'feature_1': (1.407, 1.568), 'feature_6': (-4.852, 0.358)}",3,3.17,9,[Pretrained] CF,"[1946, 2936, 3494, 3495, 3589, 3641, 3677, 3689]",3.919,3.902,Random,[Pretrained] CF Random,0.003,0,0.003,3768,49,0.0,5,0.7490000000000001,0.016999999999999904,all
1183,feature_0 <= 0.058 AND feature_0 > -0.982 AND feature_1 <= 0.164 AND feature_0 > -0.216 AND feature_1 <= -0.913 AND feature_0 > -0.109 AND feature_1 <= -1.438 AND feature_2 <= 1.037 AND feature_0 <= 0.018 AND feature_4 > -0.979 AND feature_3 <= 0.719,"{'feature_0': (-0.109, 0.018), 'feature_1': (-4.202, -1.438), 'feature_2': (-4.532, 1.037), 'feature_4': (-0.979, 4.717), 'feature_3': (-4.344, 0.719)}",5,0.022,11,[Pretrained] CF,"[1, 771, 772, 1126, 1127, 1175, 1176, 1177, 1178, 1182]",0.102,0.102,Random,[Pretrained] CF Random,0.003,0,0.003,3768,199,0.0,5,0.07999999999999999,0.0,all
3518,feature_0 > 0.058 AND feature_0 > 0.946 AND feature_1 > 0.743 AND feature_1 <= 1.568 AND feature_0 <= 1.347 AND feature_1 <= 1.012 AND feature_1 <= 0.885 AND feature_0 > 1.062 AND feature_8 > 0.26 AND feature_3 > -0.114,"{'feature_0': (1.062, 1.347), 'feature_1': (0.743, 0.885), 'feature_8': (0.26, 4.699), 'feature_3': (-0.114, 4.384)}",4,2.451,10,[Pretrained] CF,"[1946, 2936, 3494, 3495, 3496, 3497, 3498, 3506, 3514]",2.361,2.367,Random,[Pretrained] CF Random,0.003,0,0.003,3768,34,0.0,5,0.08999999999999986,0.005999999999999783,all
2357,feature_0 > 0.058 AND feature_0 <= 0.946 AND feature_1 <= 0.771 AND feature_0 > 0.647 AND feature_1 <= 0.108 AND feature_1 <= -0.977 AND feature_0 > 0.775 AND feature_2 > 0.849 AND feature_0 > 0.875 AND feature_1 <= -1.273,"{'feature_0': (0.875, 0.946), 'feature_1': (-4.202, -1.273), 'feature_2': (0.849, 4.286)}",3,1.026,10,[Pretrained] CF,"[1946, 1947, 1948, 2284, 2285, 2286, 2318, 2348, 2356]",1.09,1.093,Random,[Pretrained] CF Random,0.003,0,0.003,3768,23,0.0,5,0.06400000000000006,0.0029999999999998916,all
3290,feature_0 > 0.058 AND feature_0 > 0.946 AND feature_1 <= 0.743 AND feature_0 > 1.577 AND feature_0 <= 2.049 AND feature_1 <= 0.012 AND feature_0 <= 1.687 AND feature_7 > 0.107 AND feature_0 > 1.654 AND feature_4 > -0.371 AND feature_6 > -0.018,"{'feature_0': (1.654, 1.687), 'feature_1': (-4.202, 0.012), 'feature_7': (0.107, 4.28), 'feature_4': (-0.371, 4.717), 'feature_6': (-0.018, 4.078)}",5,2.249,11,[Pretrained] CF,"[1946, 2936, 2937, 3253, 3254, 3255, 3256, 3276, 3286, 3288]",2.113,2.113,Random,[Pretrained] CF Random,0.003,0,0.003,3768,26,0.0,5,0.13600000000000012,0.0,all
10,feature_0 <= 0.058 AND feature_0 <= -0.982 AND feature_1 <= 0.16 AND feature_0 <= -1.716 AND feature_0 <= -2.195 AND feature_1 <= -0.267 AND feature_3 <= -0.36 AND feature_1 <= -0.552 AND feature_2 <= -0.296 AND feature_0 <= -2.59,"{'feature_0': (-4.695, -2.59), 'feature_1': (-4.202, -0.552), 'feature_3': (-4.344, -0.36), 'feature_2': (-4.532, -0.296)}",4,2.477,10,[Pretrained] CF,"[1, 2, 3, 4, 5, 6, 7, 8, 9]",2.72,2.72,OptRes,[Pretrained] CF OptRes,0.016,0,0.016,3768,25,0.14229910714285715,5,0.24300000000000033,0.0,hte_only
9,feature_0 <= 0.058 AND feature_0 <= -0.982 AND feature_1 <= 0.16 AND feature_0 <= -1.716 AND feature_0 <= -2.195 AND feature_1 <= -0.267 AND feature_3 <= -0.36 AND feature_1 <= -0.552 AND feature_2 <= -0.296,"{'feature_0': (-4.695, -2.195), 'feature_1': (-4.202, -0.552), 'feature_3': (-4.344, -0.36), 'feature_2': (-4.532, -0.296)}",4,2.353,9,[Pretrained] CF,"[1, 2, 3, 4, 5, 6, 7, 8]",2.329,2.329,OptRes,[Pretrained] CF OptRes,0.016,0,0.016,3768,64,0.21194196428571427,5,0.02400000000000002,0.0,hte_only
14,feature_0 <= 0.058 AND feature_0 <= -0.982 AND feature_1 <= 0.16 AND feature_0 <= -1.716 AND feature_0 <= -2.195 AND feature_1 <= -0.267 AND feature_3 <= -0.36 AND feature_1 <= -0.552 AND feature_2 > -0.296 AND feature_3 <= -0.65 AND feature_8 <= -0.021,"{'feature_0': (-4.695, -2.195), 'feature_1': (-4.202, -0.552), 'feature_3': (-4.344, -0.65), 'feature_2': (-0.296, 4.286), 'feature_8': (-4.447, -0.021)}",5,2.277,11,[Pretrained] CF,"[1, 2, 3, 4, 5, 6, 7, 8, 12, 13]",2.275,2.275,OptRes,[Pretrained] CF OptRes,0.016,0,0.016,3768,28,0.175,5,0.002000000000000224,0.0,hte_only
8,feature_0 <= 0.058 AND feature_0 <= -0.982 AND feature_1 <= 0.16 AND feature_0 <= -1.716 AND feature_0 <= -2.195 AND feature_1 <= -0.267 AND feature_3 <= -0.36 AND feature_1 <= -0.552,"{'feature_0': (-4.695, -2.195), 'feature_1': (-4.202, -0.552), 'feature_3': (-4.344, -0.36)}",3,2.268,8,[Pretrained] CF,"[1, 2, 3, 4, 5, 6, 7]",2.28,2.28,OptRes,[Pretrained] CF OptRes,0.016,0,0.016,3768,140,0.30892857142857144,5,0.01200000000000001,0.0,hte_only
13,feature_0 <= 0.058 AND feature_0 <= -0.982 AND feature_1 <= 0.16 AND feature_0 <= -1.716 AND feature_0 <= -2.195 AND feature_1 <= -0.267 AND feature_3 <= -0.36 AND feature_1 <= -0.552 AND feature_2 > -0.296 AND feature_3 <= -0.65,"{'feature_0': (-4.695, -2.195), 'feature_1': (-4.202, -0.552), 'feature_3': (-4.344, -0.65), 'feature_2': (-0.296, 4.286)}",4,2.231,10,[Pretrained] CF,"[1, 2, 3, 4, 5, 6, 7, 8, 12]",2.266,2.266,OptRes,[Pretrained] CF OptRes,0.016,0,0.016,3768,56,0.225,5,0.03500000000000014,0.0,hte_only
29,feature_0 <= 0.058 AND feature_0 <= -0.982 AND feature_1 <= 0.16 AND feature_0 <= -1.716 AND feature_0 <= -2.195 AND feature_1 <= -0.267 AND feature_3 > -0.36 AND feature_0 <= -2.288 AND feature_1 <= -0.47 AND feature_4 > -0.77 AND feature_9 > -0.767 AND feature_2 <= -0.699,"{'feature_0': (-4.695, -2.288), 'feature_1': (-4.202, -0.47), 'feature_3': (-0.36, 4.384), 'feature_4': (-0.77, 4.717), 'feature_9': (-0.767, 4.08), 'feature_2': (-4.532, -0.699)}",6,2.195,12,[Pretrained] CF,"[1, 2, 3, 4, 5, 6, 20, 21, 22, 26, 28]",2.269,2.269,ResOve,[Pretrained] CF ResOve,0.434,0,0.434,3768,34,0.0,5,0.07400000000000029,0.0,hte_only
15,feature_0 <= 0.058 AND feature_0 <= -0.982 AND feature_1 <= 0.16 AND feature_0 <= -1.716 AND feature_0 <= -2.195 AND feature_1 <= -0.267 AND feature_3 <= -0.36 AND feature_1 <= -0.552 AND feature_2 > -0.296 AND feature_3 <= -0.65 AND feature_8 > -0.021,"{'feature_0': (-4.695, -2.195), 'feature_1': (-4.202, -0.552), 'feature_3': (-4.344, -0.65), 'feature_2': (-0.296, 4.286), 'feature_8': (-0.021, 4.699)}",5,2.184,11,[Pretrained] CF,"[1, 2, 3, 4, 5, 6, 7, 8, 12, 13]",2.258,2.258,ResOve,[Pretrained] CF ResOve,0.434,0,0.434,3768,28,0.0,5,0.07399999999999984,0.0,hte_only
14,feature_0 <= 0.058 AND feature_0 <= -0.982 AND feature_1 <= 0.16 AND feature_0 <= -1.716 AND feature_0 <= -2.195 AND feature_1 <= -0.267 AND feature_3 <= -0.36 AND feature_1 <= -0.552 AND feature_2 > -0.296 AND feature_3 <= -0.65 AND feature_8 <= -0.021,"{'feature_0': (-4.695, -2.195), 'feature_1': (-4.202, -0.552), 'feature_3': (-4.344, -0.65), 'feature_2': (-0.296, 4.286), 'feature_8': (-4.447, -0.021)}",5,2.277,11,[Pretrained] CF,"[1, 2, 3, 4, 5, 6, 7, 8, 12, 13]",2.275,2.275,ResOve,[Pretrained] CF ResOve,0.434,0,0.434,3768,28,0.0,5,0.002000000000000224,0.0,hte_only
11,feature_0 <= 0.058 AND feature_0 <= -0.982 AND feature_1 <= 0.16 AND feature_0 <= -1.716 AND feature_0 <= -2.195 AND feature_1 <= -0.267 AND feature_3 <= -0.36 AND feature_1 <= -0.552 AND feature_2 <= -0.296 AND feature_0 > -2.59,"{'feature_0': (-2.59, -2.195), 'feature_1': (-4.202, -0.552), 'feature_3': (-4.344, -0.36), 'feature_2': (-4.532, -0.296)}",4,2.273,10,[Pretrained] CF,"[1, 2, 3, 4, 5, 6, 7, 8, 9]",2.077,2.077,ResOve,[Pretrained] CF ResOve,0.434,0,0.434,3768,39,0.0,5,0.19600000000000017,0.0,hte_only
10,feature_0 <= 0.058 AND feature_0 <= -0.982 AND feature_1 <= 0.16 AND feature_0 <= -1.716 AND feature_0 <= -2.195 AND feature_1 <= -0.267 AND feature_3 <= -0.36 AND feature_1 <= -0.552 AND feature_2 <= -0.296 AND feature_0 <= -2.59,"{'feature_0': (-4.695, -2.59), 'feature_1': (-4.202, -0.552), 'feature_3': (-4.344, -0.36), 'feature_2': (-4.532, -0.296)}",4,2.477,10,[Pretrained] CF,"[1, 2, 3, 4, 5, 6, 7, 8, 9]",2.72,2.72,ResOve,[Pretrained] CF ResOve,0.434,0,0.434,3768,25,0.0,5,0.24300000000000033,0.0,hte_only
10,feature_0 <= 0.058 AND feature_0 <= -0.982 AND feature_1 <= 0.16 AND feature_0 <= -1.716 AND feature_0 <= -2.195 AND feature_1 <= -0.267 AND feature_3 <= -0.36 AND feature_1 <= -0.552 AND feature_2 <= -0.296 AND feature_0 <= -2.59,"{'feature_0': (-4.695, -2.59), 'feature_1': (-4.202, -0.552), 'feature_3': (-4.344, -0.36), 'feature_2': (-4.532, -0.296)}",4,2.477,10,[Pretrained] CF,"[1, 2, 3, 4, 5, 6, 7, 8, 9]",2.72,2.72,NoOve,[Pretrained] CF NoOve,0.013,0,0.013,3768,25,0.0,5,0.24300000000000033,0.0,hte_only
11,feature_0 <= 0.058 AND feature_0 <= -0.982 AND feature_1 <= 0.16 AND feature_0 <= -1.716 AND feature_0 <= -2.195 AND feature_1 <= -0.267 AND feature_3 <= -0.36 AND feature_1 <= -0.552 AND feature_2 <= -0.296 AND feature_0 > -2.59,"{'feature_0': (-2.59, -2.195), 'feature_1': (-4.202, -0.552), 'feature_3': (-4.344, -0.36), 'feature_2': (-4.532, -0.296)}",4,2.273,10,[Pretrained] CF,"[1, 2, 3, 4, 5, 6, 7, 8, 9]",2.077,2.077,NoOve,[Pretrained] CF NoOve,0.013,0,0.013,3768,39,0.0,5,0.19600000000000017,0.0,hte_only
13,feature_0 <= 0.058 AND feature_0 <= -0.982 AND feature_1 <= 0.16 AND feature_0 <= -1.716 AND feature_0 <= -2.195 AND feature_1 <= -0.267 AND feature_3 <= -0.36 AND feature_1 <= -0.552 AND feature_2 > -0.296 AND feature_3 <= -0.65,"{'feature_0': (-4.695, -2.195), 'feature_1': (-4.202, -0.552), 'feature_3': (-4.344, -0.65), 'feature_2': (-0.296, 4.286)}",4,2.231,10,[Pretrained] CF,"[1, 2, 3, 4, 5, 6, 7, 8, 12]",2.266,2.266,NoOve,[Pretrained] CF NoOve,0.013,0,0.013,3768,56,0.0,5,0.03500000000000014,0.0,hte_only
26,feature_0 <= 0.058 AND feature_0 <= -0.982 AND feature_1 <= 0.16 AND feature_0 <= -1.716 AND feature_0 <= -2.195 AND feature_1 <= -0.267 AND feature_3 > -0.36 AND feature_0 <= -2.288 AND feature_1 <= -0.47 AND feature_4 > -0.77,"{'feature_0': (-4.695, -2.288), 'feature_1': (-4.202, -0.47), 'feature_3': (-0.36, 4.384), 'feature_4': (-0.77, 4.717)}",4,2.082,10,[Pretrained] CF,"[1, 2, 3, 4, 5, 6, 20, 21, 22]",2.279,2.279,NoOve,[Pretrained] CF NoOve,0.013,0,0.013,3768,170,0.0,5,0.19700000000000006,0.0,hte_only
33,feature_0 <= 0.058 AND feature_0 <= -0.982 AND feature_1 <= 0.16 AND feature_0 <= -1.716 AND feature_0 <= -2.195 AND feature_1 <= -0.267 AND feature_3 > -0.36 AND feature_0 <= -2.288 AND feature_1 > -0.47 AND feature_9 > -0.556,"{'feature_0': (-4.695, -2.288), 'feature_1': (-0.47, -0.267), 'feature_3': (-0.36, 4.384), 'feature_9': (-0.556, 4.08)}",4,1.936,10,[Pretrained] CF,"[1, 2, 3, 4, 5, 6, 20, 21, 31]",2.109,2.109,NoOve,[Pretrained] CF NoOve,0.013,0,0.013,3768,24,0.0,5,0.17300000000000004,0.0,hte_only
435,feature_0 <= 0.058 AND feature_0 <= -0.982 AND feature_1 > 0.16 AND feature_0 <= -1.389 AND feature_1 <= 1.038 AND feature_0 > -2.119 AND feature_1 <= 0.748 AND feature_0 <= -1.632 AND feature_1 > 0.58 AND feature_2 > -0.636 AND feature_5 <= 0.882,"{'feature_0': (-2.119, -1.632), 'feature_1': (0.58, 0.748), 'feature_2': (-0.636, 4.286), 'feature_5': (-4.895, 0.882)}",4,0.543,11,[Pretrained] CF,"[1, 2, 380, 381, 382, 414, 415, 416, 430, 434]",0.737,0.737,Random,[Pretrained] CF Random,0.003,0,0.003,3768,106,0.0,5,0.19399999999999995,0.0,hte_only
356,feature_0 <= 0.058 AND feature_0 <= -0.982 AND feature_1 <= 0.16 AND feature_0 > -1.716 AND feature_0 > -1.47 AND feature_1 > -0.027 AND feature_0 <= -1.07 AND feature_1 > 0.074 AND feature_0 > -1.396 AND feature_1 <= 0.133 AND feature_9 <= -0.069,"{'feature_0': (-1.396, -1.07), 'feature_1': (0.074, 0.133), 'feature_9': (-5.002, -0.069)}",3,0.421,11,[Pretrained] CF,"[1, 2, 3, 143, 231, 337, 338, 352, 354, 355]",0.474,0.474,Random,[Pretrained] CF Random,0.003,0,0.003,3768,60,0.0,5,0.05299999999999999,0.0,hte_only
77,feature_0 <= 0.058 AND feature_0 <= -0.982 AND feature_1 <= 0.16 AND feature_0 <= -1.716 AND feature_0 > -2.195 AND feature_1 <= -0.008 AND feature_0 <= -1.941 AND feature_1 <= -0.415 AND feature_3 > 0.621 AND feature_2 <= 1.031 AND feature_1 <= -1.427,"{'feature_0': (-2.195, -1.941), 'feature_1': (-4.202, -1.427), 'feature_3': (0.621, 4.384), 'feature_2': (-4.532, 1.031)}",4,1.602,11,[Pretrained] CF,"[1, 2, 3, 4, 58, 59, 60, 61, 75, 76]",1.935,1.935,Random,[Pretrained] CF Random,0.003,0,0.003,3768,22,0.0,5,0.33299999999999996,0.0,hte_only
1095,feature_0 <= 0.058 AND feature_0 > -0.982 AND feature_1 <= 0.164 AND feature_0 <= -0.216 AND feature_1 > -0.449 AND feature_0 > -0.769 AND feature_1 > -0.063 AND feature_0 <= -0.432 AND feature_1 > 0.078 AND feature_4 <= -0.424,"{'feature_0': (-0.769, -0.432), 'feature_1': (0.078, 0.164), 'feature_4': (-4.13, -0.424)}",3,0.326,10,[Pretrained] CF,"[1, 771, 772, 773, 963, 1029, 1079, 1080, 1094]",0.18,0.18,Random,[Pretrained] CF Random,0.003,0,0.003,3768,127,0.0,5,0.14600000000000002,0.0,hte_only
627,feature_0 <= 0.058 AND feature_0 <= -0.982 AND feature_1 > 0.16 AND feature_0 > -1.389 AND feature_1 <= 0.835 AND feature_0 > -1.209 AND feature_1 <= 0.47 AND feature_1 > 0.189 AND feature_0 <= -1.084,"{'feature_0': (-1.209, -1.084), 'feature_1': (0.189, 0.47)}",2,0.006,9,[Pretrained] CF,"[1, 2, 380, 570, 571, 621, 622, 626]",0.271,0.271,Random,[Pretrained] CF Random,0.003,0,0.003,3768,272,0.0,5,0.265,0.0,hte_only
3763,feature_0 > 0.058 AND feature_0 > 0.946 AND feature_1 > 0.743 AND feature_1 > 1.568 AND feature_0 > 1.289 AND feature_0 > 1.832 AND feature_1 > 1.8 AND feature_4 <= 0.223,"{'feature_0': (1.832, 4.577), 'feature_1': (1.8, 4.438), 'feature_4': (-4.13, 0.223)}",3,3.75,8,[Pretrained] CF,"[1946, 2936, 3494, 3694, 3732, 3756, 3762]",4.439,4.516,OptRes,[Pretrained] CF OptRes,0.009,0,0.009,3768,21,0.08115183246073299,5,0.6890000000000001,0.07699999999999996,rest
3756,feature_0 > 0.058 AND feature_0 > 0.946 AND feature_1 > 0.743 AND feature_1 > 1.568 AND feature_0 > 1.289 AND feature_0 > 1.832,"{'feature_0': (1.832, 4.577), 'feature_1': (1.568, 4.438)}",2,3.61,6,[Pretrained] CF,"[1946, 2936, 3494, 3694, 3732]",4.329,4.366,OptRes,[Pretrained] CF OptRes,0.009,0,0.009,3768,73,0.25,5,0.7189999999999999,0.03699999999999992,rest
3766,feature_0 > 0.058 AND feature_0 > 0.946 AND feature_1 > 0.743 AND feature_1 > 1.568 AND feature_0 > 1.289 AND feature_0 > 1.832 AND feature_1 > 1.8 AND feature_4 > 0.223,"{'feature_0': (1.832, 4.577), 'feature_1': (1.8, 4.438), 'feature_4': (0.223, 4.717)}",3,3.606,8,[Pretrained] CF,"[1946, 2936, 3494, 3694, 3732, 3756, 3762]",4.498,4.556,OptRes,[Pretrained] CF OptRes,0.009,0,0.009,3768,21,0.0693717277486911,5,0.8920000000000003,0.05799999999999983,rest
3753,feature_0 > 0.058 AND feature_0 > 0.946 AND feature_1 > 0.743 AND feature_1 > 1.568 AND feature_0 > 1.289 AND feature_0 <= 1.832 AND feature_1 > 1.664 AND feature_0 > 1.63 AND feature_2 > -0.178,"{'feature_0': (1.63, 1.832), 'feature_1': (1.664, 4.438), 'feature_2': (-0.178, 4.286)}",3,3.535,9,[Pretrained] CF,"[1946, 2936, 3494, 3694, 3732, 3733, 3737, 3751]",3.93,3.92,OptRes,[Pretrained] CF OptRes,0.009,0,0.009,3768,21,0.0,5,0.395,0.010000000000000231,rest
3757,feature_0 > 0.058 AND feature_0 > 0.946 AND feature_1 > 0.743 AND feature_1 > 1.568 AND feature_0 > 1.289 AND feature_0 > 1.832 AND feature_1 <= 1.8,"{'feature_0': (1.832, 4.577), 'feature_1': (1.568, 1.8)}",2,3.499,7,[Pretrained] CF,"[1946, 2936, 3494, 3694, 3732, 3756]",4.122,4.135,OptRes,[Pretrained] CF OptRes,0.009,0,0.009,3768,31,0.09947643979057591,5,0.6229999999999998,0.0129999999999999,rest
3766,feature_0 > 0.058 AND feature_0 > 0.946 AND feature_1 > 0.743 AND feature_1 > 1.568 AND feature_0 > 1.289 AND feature_0 > 1.832 AND feature_1 > 1.8 AND feature_4 > 0.223,"{'feature_0': (1.832, 4.577), 'feature_1': (1.8, 4.438), 'feature_4': (0.223, 4.717)}",3,3.606,8,[Pretrained] CF,"[1946, 2936, 3494, 3694, 3732, 3756, 3762]",4.498,4.556,ResOve,[Pretrained] CF ResOve,1.103,0,1.103,3768,21,0.11521739130434783,5,0.8920000000000003,0.05799999999999983,rest
3763,feature_0 > 0.058 AND feature_0 > 0.946 AND feature_1 > 0.743 AND feature_1 > 1.568 AND feature_0 > 1.289 AND feature_0 > 1.832 AND feature_1 > 1.8 AND feature_4 <= 0.223,"{'feature_0': (1.832, 4.577), 'feature_1': (1.8, 4.438), 'feature_4': (-4.13, 0.223)}",3,3.75,8,[Pretrained] CF,"[1946, 2936, 3494, 3694, 3732, 3756, 3762]",4.439,4.516,ResOve,[Pretrained] CF ResOve,1.103,0,1.103,3768,21,0.13478260869565217,5,0.6890000000000001,0.07699999999999996,rest
3753,feature_0 > 0.058 AND feature_0 > 0.946 AND feature_1 > 0.743 AND feature_1 > 1.568 AND feature_0 > 1.289 AND feature_0 <= 1.832 AND feature_1 > 1.664 AND feature_0 > 1.63 AND feature_2 > -0.178,"{'feature_0': (1.63, 1.832), 'feature_1': (1.664, 4.438), 'feature_2': (-0.178, 4.286)}",3,3.535,9,[Pretrained] CF,"[1946, 2936, 3494, 3694, 3732, 3733, 3737, 3751]",3.93,3.92,ResOve,[Pretrained] CF ResOve,1.103,0,1.103,3768,21,0.0,5,0.395,0.010000000000000231,rest
3762,feature_0 > 0.058 AND feature_0 > 0.946 AND feature_1 > 0.743 AND feature_1 > 1.568 AND feature_0 > 1.289 AND feature_0 > 1.832 AND feature_1 > 1.8,"{'feature_0': (1.832, 4.577), 'feature_1': (1.8, 4.438)}",2,3.684,7,[Pretrained] CF,"[1946, 2936, 3494, 3694, 3732, 3756]",4.466,4.536,ResOve,[Pretrained] CF ResOve,1.103,0,1.103,3768,42,0.25,5,0.782,0.0699999999999994,rest
3738,feature_0 > 0.058 AND feature_0 > 0.946 AND feature_1 > 0.743 AND feature_1 > 1.568 AND feature_0 > 1.289 AND feature_0 <= 1.832 AND feature_1 > 1.664 AND feature_0 <= 1.63,"{'feature_0': (1.289, 1.63), 'feature_1': (1.664, 4.438)}",2,3.331,8,[Pretrained] CF,"[1946, 2936, 3494, 3694, 3732, 3733, 3737]",3.654,3.692,ResOve,[Pretrained] CF ResOve,1.103,0,1.103,3768,87,0.0,5,0.32299999999999995,0.038000000000000256,rest
3763,feature_0 > 0.058 AND feature_0 > 0.946 AND feature_1 > 0.743 AND feature_1 > 1.568 AND feature_0 > 1.289 AND feature_0 > 1.832 AND feature_1 > 1.8 AND feature_4 <= 0.223,"{'feature_0': (1.832, 4.577), 'feature_1': (1.8, 4.438), 'feature_4': (-4.13, 0.223)}",3,3.75,8,[Pretrained] CF,"[1946, 2936, 3494, 3694, 3732, 3756, 3762]",4.439,4.516,NoOve,[Pretrained] CF NoOve,0.042,0,0.042,3768,21,0.0,5,0.6890000000000001,0.07699999999999996,rest
3766,feature_0 > 0.058 AND feature_0 > 0.946 AND feature_1 > 0.743 AND feature_1 > 1.568 AND feature_0 > 1.289 AND feature_0 > 1.832 AND feature_1 > 1.8 AND feature_4 > 0.223,"{'feature_0': (1.832, 4.577), 'feature_1': (1.8, 4.438), 'feature_4': (0.223, 4.717)}",3,3.606,8,[Pretrained] CF,"[1946, 2936, 3494, 3694, 3732, 3756, 3762]",4.498,4.556,NoOve,[Pretrained] CF NoOve,0.042,0,0.042,3768,21,0.0,5,0.8920000000000003,0.05799999999999983,rest
3751,feature_0 > 0.058 AND feature_0 > 0.946 AND feature_1 > 0.743 AND feature_1 > 1.568 AND feature_0 > 1.289 AND feature_0 <= 1.832 AND feature_1 > 1.664 AND feature_0 > 1.63,"{'feature_0': (1.63, 1.832), 'feature_1': (1.664, 4.438)}",2,3.484,8,[Pretrained] CF,"[1946, 2936, 3494, 3694, 3732, 3733, 3737]",3.913,3.898,NoOve,[Pretrained] CF NoOve,0.042,0,0.042,3768,29,0.0,5,0.4289999999999998,0.01499999999999968,rest
3738,feature_0 > 0.058 AND feature_0 > 0.946 AND feature_1 > 0.743 AND feature_1 > 1.568 AND feature_0 > 1.289 AND feature_0 <= 1.832 AND feature_1 > 1.664 AND feature_0 <= 1.63,"{'feature_0': (1.289, 1.63), 'feature_1': (1.664, 4.438)}",2,3.331,8,[Pretrained] CF,"[1946, 2936, 3494, 3694, 3732, 3733, 3737]",3.654,3.692,NoOve,[Pretrained] CF NoOve,0.042,0,0.042,3768,87,0.0,5,0.32299999999999995,0.038000000000000256,rest
3689,feature_0 > 0.058 AND feature_0 > 0.946 AND feature_1 > 0.743 AND feature_1 <= 1.568 AND feature_0 > 1.347 AND feature_1 > 1.049 AND feature_0 > 1.914 AND feature_1 > 1.407,"{'feature_0': (1.914, 4.577), 'feature_1': (1.407, 1.568)}",2,3.209,8,[Pretrained] CF,"[1946, 2936, 3494, 3495, 3589, 3641, 3677]",3.96,3.921,NoOve,[Pretrained] CF NoOve,0.042,0,0.042,3768,31,0.0,5,0.7509999999999999,0.039000000000000146,rest
668,feature_0 <= 0.058 AND feature_0 <= -0.982 AND feature_1 > 0.16 AND feature_0 > -1.389 AND feature_1 <= 0.835 AND feature_0 > -1.209 AND feature_1 > 0.47 AND feature_0 > -1.126 AND feature_1 <= 0.749 AND feature_0 <= -1.001 AND feature_0 > -1.105 AND feature_1 <= 0.651,"{'feature_0': (-1.105, -1.001), 'feature_1': (0.47, 0.651)}",2,0.164,12,[Pretrained] CF,"[1, 2, 380, 570, 571, 621, 647, 661, 662, 663, 667]",0.034,0.033,Random,[Pretrained] CF Random,0.003,0,0.003,3768,59,0.0,5,0.13,0.0010000000000000009,rest
215,feature_0 <= 0.058 AND feature_0 <= -0.982 AND feature_1 <= 0.16 AND feature_0 > -1.716 AND feature_0 <= -1.47 AND feature_1 > -0.004 AND feature_1 <= 0.071,"{'feature_0': (-1.716, -1.47), 'feature_1': (-0.004, 0.071)}",2,0.86,7,[Pretrained] CF,"[1, 2, 3, 143, 144, 214]",0.875,0.87,Random,[Pretrained] CF Random,0.003,0,0.003,3768,39,0.0,5,0.015000000000000013,0.0050000000000000044,rest
3564,feature_0 > 0.058 AND feature_0 > 0.946 AND feature_1 > 0.743 AND feature_1 <= 1.568 AND feature_0 <= 1.347 AND feature_1 > 1.012 AND feature_0 > 1.076 AND feature_1 <= 1.178 AND feature_3 > -0.612 AND feature_1 <= 1.098,"{'feature_0': (1.076, 1.347), 'feature_1': (1.012, 1.098), 'feature_3': (-0.612, 4.384)}",3,2.603,10,[Pretrained] CF,"[1946, 2936, 3494, 3495, 3496, 3536, 3558, 3559, 3563]",2.554,2.558,Random,[Pretrained] CF Random,0.003,0,0.003,3768,34,0.0,5,0.04900000000000038,0.0040000000000000036,rest
3248,feature_0 > 0.058 AND feature_0 > 0.946 AND feature_1 <= 0.743 AND feature_0 <= 1.577 AND feature_1 > 0.104 AND feature_1 > 0.309 AND feature_0 > 1.392 AND feature_3 > 0.775,"{'feature_0': (1.392, 1.577), 'feature_1': (0.309, 0.743), 'feature_3': (0.775, 4.384)}",3,2.425,8,[Pretrained] CF,"[1946, 2936, 2937, 2938, 3124, 3182, 3228]",2.467,2.485,Random,[Pretrained] CF Random,0.003,0,0.003,3768,31,0.0,5,0.04200000000000026,0.017999999999999794,rest
656,feature_0 <= 0.058 AND feature_0 <= -0.982 AND feature_1 > 0.16 AND feature_0 > -1.389 AND feature_1 <= 0.835 AND feature_0 > -1.209 AND feature_1 > 0.47 AND feature_0 <= -1.126 AND feature_4 > -0.138 AND feature_1 <= 0.609 AND feature_8 <= -0.028,"{'feature_0': (-1.209, -1.126), 'feature_1': (0.47, 0.609), 'feature_4': (-0.138, 4.717), 'feature_8': (-4.447, -0.028)}",4,0.009,11,[Pretrained] CF,"[1, 2, 380, 570, 571, 621, 647, 648, 654, 655]",0.172,0.172,Random,[Pretrained] CF Random,0.003,0,0.003,3768,28,0.0,5,0.16299999999999998,0.0,rest
3765,feature_0 > 0.058 AND feature_0 > 0.946 AND feature_1 > 0.743 AND feature_1 > 1.568 AND feature_0 > 1.289 AND feature_0 > 1.832 AND feature_1 > 1.8 AND feature_4 <= 0.223 AND feature_1 > 2.183,"{'feature_0': (1.832, 4.577), 'feature_1': (2.183, 4.438), 'feature_4': (-4.13, 0.223)}",3,3.805,9,[Pretrained] CF,"[1946, 2936, 3494, 3694, 3732, 3756, 3762, 3763]",4.709,4.699,OptRes,[Pretrained] CF OptRes,0.011,0,0.011,3768,24,0.14421128187806115,5,0.9039999999999995,0.009999999999999787,all
3763,feature_0 > 0.058 AND feature_0 > 0.946 AND feature_1 > 0.743 AND feature_1 > 1.568 AND feature_0 > 1.289 AND feature_0 > 1.832 AND feature_1 > 1.8 AND feature_4 <= 0.223,"{'feature_0': (1.832, 4.577), 'feature_1': (1.8, 4.438), 'feature_4': (-4.13, 0.223)}",3,3.75,8,[Pretrained] CF,"[1946, 2936, 3494, 3694, 3732, 3756, 3762]",4.439,4.433,OptRes,[Pretrained] CF OptRes,0.011,0,0.011,3768,57,0.19002280020266848,5,0.6890000000000001,0.006000000000000227,all
3768,feature_0 > 0.058 AND feature_0 > 0.946 AND feature_1 > 0.743 AND feature_1 > 1.568 AND feature_0 > 1.289 AND feature_0 > 1.832 AND feature_1 > 1.8 AND feature_4 > 0.223 AND feature_0 > 1.977,"{'feature_0': (1.977, 4.577), 'feature_1': (1.8, 4.438), 'feature_4': (0.223, 4.717)}",3,3.656,9,[Pretrained] CF,"[1946, 2936, 3494, 3694, 3732, 3756, 3762, 3766]",4.679,4.773,OptRes,[Pretrained] CF OptRes,0.011,0,0.011,3768,26,0.04319371727748691,5,1.0230000000000001,0.09399999999999942,all
3756,feature_0 > 0.058 AND feature_0 > 0.946 AND feature_1 > 0.743 AND feature_1 > 1.568 AND feature_0 > 1.289 AND feature_0 > 1.832,"{'feature_0': (1.832, 4.577), 'feature_1': (1.568, 4.438)}",2,3.61,6,[Pretrained] CF,"[1946, 2936, 3494, 3694, 3732]",4.329,4.335,OptRes,[Pretrained] CF OptRes,0.011,0,0.011,3768,175,0.21465968586387435,5,0.7189999999999999,0.006000000000000227,all
3759,feature_0 > 0.058 AND feature_0 > 0.946 AND feature_1 > 0.743 AND feature_1 > 1.568 AND feature_0 > 1.289 AND feature_0 > 1.832 AND feature_1 <= 1.8 AND feature_0 > 2.096,"{'feature_0': (2.096, 4.577), 'feature_1': (1.568, 1.8)}",2,3.581,8,[Pretrained] CF,"[1946, 2936, 3494, 3694, 3732, 3756, 3757]",4.389,4.408,OptRes,[Pretrained] CF OptRes,0.011,0,0.011,3768,40,0.0549738219895288,5,0.8080000000000003,0.019000000000000128,all
3768,feature_0 > 0.058 AND feature_0 > 0.946 AND feature_1 > 0.743 AND feature_1 > 1.568 AND feature_0 > 1.289 AND feature_0 > 1.832 AND feature_1 > 1.8 AND feature_4 > 0.223 AND feature_0 > 1.977,"{'feature_0': (1.977, 4.577), 'feature_1': (1.8, 4.438), 'feature_4': (0.223, 4.717)}",3,3.656,9,[Pretrained] CF,"[1946, 2936, 3494, 3694, 3732, 3756, 3762, 3766]",4.679,4.773,ResOve,[Pretrained] CF ResOve,0.93,0,0.93,3768,26,0.0,5,1.0230000000000001,0.09399999999999942,all
3765,feature_0 > 0.058 AND feature_0 > 0.946 AND feature_1 > 0.743 AND feature_1 > 1.568 AND feature_0 > 1.289 AND feature_0 > 1.832 AND feature_1 > 1.8 AND feature_4 <= 0.223 AND feature_1 > 2.183,"{'feature_0': (1.832, 4.577), 'feature_1': (2.183, 4.438), 'feature_4': (-4.13, 0.223)}",3,3.805,9,[Pretrained] CF,"[1946, 2936, 3494, 3694, 3732, 3756, 3762, 3763]",4.709,4.699,ResOve,[Pretrained] CF ResOve,0.93,0,0.93,3768,24,0.0,5,0.9039999999999995,0.009999999999999787,all
3764,feature_0 > 0.058 AND feature_0 > 0.946 AND feature_1 > 0.743 AND feature_1 > 1.568 AND feature_0 > 1.289 AND feature_0 > 1.832 AND feature_1 > 1.8 AND feature_4 <= 0.223 AND feature_1 <= 2.183,"{'feature_0': (1.832, 4.577), 'feature_1': (1.8, 2.183), 'feature_4': (-4.13, 0.223)}",3,3.708,9,[Pretrained] CF,"[1946, 2936, 3494, 3694, 3732, 3756, 3762, 3763]",4.231,4.24,ResOve,[Pretrained] CF ResOve,0.93,0,0.93,3768,33,0.0,5,0.5229999999999997,0.009000000000000341,all
3759,feature_0 > 0.058 AND feature_0 > 0.946 AND feature_1 > 0.743 AND feature_1 > 1.568 AND feature_0 > 1.289 AND feature_0 > 1.832 AND feature_1 <= 1.8 AND feature_0 > 2.096,"{'feature_0': (2.096, 4.577), 'feature_1': (1.568, 1.8)}",2,3.581,8,[Pretrained] CF,"[1946, 2936, 3494, 3694, 3732, 3756, 3757]",4.389,4.408,ResOve,[Pretrained] CF ResOve,0.93,0,0.93,3768,40,0.0,5,0.8080000000000003,0.019000000000000128,all
3753,feature_0 > 0.058 AND feature_0 > 0.946 AND feature_1 > 0.743 AND feature_1 > 1.568 AND feature_0 > 1.289 AND feature_0 <= 1.832 AND feature_1 > 1.664 AND feature_0 > 1.63 AND feature_2 > -0.178,"{'feature_0': (1.63, 1.832), 'feature_1': (1.664, 4.438), 'feature_2': (-0.178, 4.286)}",3,3.535,9,[Pretrained] CF,"[1946, 2936, 3494, 3694, 3732, 3733, 3737, 3751]",3.93,3.928,ResOve,[Pretrained] CF ResOve,0.93,0,0.93,3768,48,0.0,5,0.395,0.002000000000000224,all
3765,feature_0 > 0.058 AND feature_0 > 0.946 AND feature_1 > 0.743 AND feature_1 > 1.568 AND feature_0 > 1.289 AND feature_0 > 1.832 AND feature_1 > 1.8 AND feature_4 <= 0.223 AND feature_1 > 2.183,"{'feature_0': (1.832, 4.577), 'feature_1': (2.183, 4.438), 'feature_4': (-4.13, 0.223)}",3,3.805,9,[Pretrained] CF,"[1946, 2936, 3494, 3694, 3732, 3756, 3762, 3763]",4.709,4.699,NoOve,[Pretrained] CF NoOve,0.015,0,0.015,3768,24,0.0,5,0.9039999999999995,0.009999999999999787,all
3764,feature_0 > 0.058 AND feature_0 > 0.946 AND feature_1 > 0.743 AND feature_1 > 1.568 AND feature_0 > 1.289 AND feature_0 > 1.832 AND feature_1 > 1.8 AND feature_4 <= 0.223 AND feature_1 <= 2.183,"{'feature_0': (1.832, 4.577), 'feature_1': (1.8, 2.183), 'feature_4': (-4.13, 0.223)}",3,3.708,9,[Pretrained] CF,"[1946, 2936, 3494, 3694, 3732, 3756, 3762, 3763]",4.231,4.24,NoOve,[Pretrained] CF NoOve,0.015,0,0.015,3768,33,0.0,5,0.5229999999999997,0.009000000000000341,all
3768,feature_0 > 0.058 AND feature_0 > 0.946 AND feature_1 > 0.743 AND feature_1 > 1.568 AND feature_0 > 1.289 AND feature_0 > 1.832 AND feature_1 > 1.8 AND feature_4 > 0.223 AND feature_0 > 1.977,"{'feature_0': (1.977, 4.577), 'feature_1': (1.8, 4.438), 'feature_4': (0.223, 4.717)}",3,3.656,9,[Pretrained] CF,"[1946, 2936, 3494, 3694, 3732, 3756, 3762, 3766]",4.679,4.773,NoOve,[Pretrained] CF NoOve,0.015,0,0.015,3768,26,0.0,5,1.0230000000000001,0.09399999999999942,all
3753,feature_0 > 0.058 AND feature_0 > 0.946 AND feature_1 > 0.743 AND feature_1 > 1.568 AND feature_0 > 1.289 AND feature_0 <= 1.832 AND feature_1 > 1.664 AND feature_0 > 1.63 AND feature_2 > -0.178,"{'feature_0': (1.63, 1.832), 'feature_1': (1.664, 4.438), 'feature_2': (-0.178, 4.286)}",3,3.535,9,[Pretrained] CF,"[1946, 2936, 3494, 3694, 3732, 3733, 3737, 3751]",3.93,3.928,NoOve,[Pretrained] CF NoOve,0.015,0,0.015,3768,48,0.0,5,0.395,0.002000000000000224,all
3748,feature_0 > 0.058 AND feature_0 > 0.946 AND feature_1 > 0.743 AND feature_1 > 1.568 AND feature_0 > 1.289 AND feature_0 <= 1.832 AND feature_1 > 1.664 AND feature_0 <= 1.63 AND feature_1 > 2.181,"{'feature_0': (1.289, 1.63), 'feature_1': (2.181, 4.438)}",2,3.437,9,[Pretrained] CF,"[1946, 2936, 3494, 3694, 3732, 3733, 3737, 3738]",4.018,4.02,NoOve,[Pretrained] CF NoOve,0.015,0,0.015,3768,66,0.0,5,0.581,0.0019999999999997797,all
707,feature_0 <= 0.058 AND feature_0 <= -0.982 AND feature_1 > 0.16 AND feature_0 > -1.389 AND feature_1 > 0.835 AND feature_1 <= 1.694 AND feature_0 <= -1.251 AND feature_1 > 1.381 AND feature_2 <= 0.415 AND feature_1 > 1.491,"{'feature_0': (-1.389, -1.251), 'feature_1': (1.491, 1.694), 'feature_2': (-4.532, 0.415)}",3,0.511,10,[Pretrained] CF,"[1, 2, 380, 570, 680, 681, 682, 704, 705]",0.45,0.45,Random,[Pretrained] CF Random,0.004,0,0.004,3768,35,0.0,5,0.061,0.0,all
1488,feature_0 <= 0.058 AND feature_0 > -0.982 AND feature_1 > 0.164 AND feature_1 <= 1.51 AND feature_0 <= -0.397 AND feature_0 > -0.744 AND feature_1 <= 0.765 AND feature_0 <= -0.58 AND feature_1 <= 0.31 AND feature_1 > 0.179,"{'feature_0': (-0.744, -0.58), 'feature_1': (0.179, 0.31)}",2,0.433,10,[Pretrained] CF,"[1, 771, 1393, 1394, 1395, 1483, 1484, 1485, 1486]",0.165,0.165,Random,[Pretrained] CF Random,0.004,0,0.004,3768,276,0.0,5,0.268,0.0,all
2426,feature_0 > 0.058 AND feature_0 <= 0.946 AND feature_1 <= 0.771 AND feature_0 > 0.647 AND feature_1 > 0.108,"{'feature_0': (0.647, 0.946), 'feature_1': (0.108, 0.771)}",2,1.458,5,[Pretrained] CF,"[1946, 1947, 1948, 2284]",1.717,1.715,Random,[Pretrained] CF Random,0.004,0,0.004,3768,1865,0.0,5,0.2590000000000001,0.0020000000000000018,all
2027,feature_0 > 0.058 AND feature_0 <= 0.946 AND feature_1 <= 0.771 AND feature_0 <= 0.647 AND feature_1 <= -0.652 AND feature_1 <= -1.007 AND feature_0 > 0.368 AND feature_0 > 0.471 AND feature_1 <= -1.501 AND feature_3 > -1.232 AND feature_4 <= -1.012,"{'feature_0': (0.471, 0.647), 'feature_1': (-4.202, -1.501), 'feature_3': (-1.232, 4.384), 'feature_4': (-4.13, -1.012)}",4,0.677,11,[Pretrained] CF,"[1946, 1947, 1948, 1949, 1950, 1951, 2001, 2021, 2022, 2026]",0.686,0.681,Random,[Pretrained] CF Random,0.004,0,0.004,3768,46,0.0,5,0.009000000000000008,0.0050000000000000044,all
3591,feature_0 > 0.058 AND feature_0 > 0.946 AND feature_1 > 0.743 AND feature_1 <= 1.568 AND feature_0 > 1.347 AND feature_1 <= 1.049 AND feature_0 <= 1.865,"{'feature_0': (1.347, 1.865), 'feature_1': (0.743, 1.049)}",2,2.579,7,[Pretrained] CF,"[1946, 2936, 3494, 3495, 3589, 3590]",2.802,2.8,Random,[Pretrained] CF Random,0.004,0,0.004,3768,423,0.0,5,0.22299999999999986,0.002000000000000224,all
3639,feature_0 > 0.058 AND feature_0 > 0.946 AND feature_1 > 0.743 AND feature_1 <= 1.568 AND feature_0 > 1.347 AND feature_1 <= 1.049 AND feature_0 > 1.865 AND feature_4 > 0.312 AND feature_0 > 2.181 AND feature_2 <= 0.058,"{'feature_0': (2.181, 4.577), 'feature_1': (0.743, 1.049), 'feature_4': (0.312, 4.717), 'feature_2': (-4.532, 0.058)}",4,3.037,10,[Pretrained] CF,"[1946, 2936, 3494, 3495, 3589, 3590, 3624, 3634, 3638]",3.723,3.723,OptRes,[Pretrained] CF OptRes,0.007,0,0.007,3768,30,0.0,5,0.6859999999999999,0.0,hte_only
3486,feature_0 > 0.058 AND feature_0 > 0.946 AND feature_1 <= 0.743 AND feature_0 > 1.577 AND feature_0 > 2.049 AND feature_1 > 0.008 AND feature_4 > -0.358 AND feature_0 > 2.149 AND feature_1 > 0.316 AND feature_3 <= 0.091 AND feature_5 > 0.506,"{'feature_0': (2.149, 4.577), 'feature_1': (0.316, 0.743), 'feature_4': (-0.358, 4.717), 'feature_3': (-4.344, 0.091), 'feature_5': (0.506, 4.284)}",5,3.019,11,[Pretrained] CF,"[1946, 2936, 2937, 3253, 3393, 3451, 3467, 3473, 3481, 3482]",3.464,3.464,OptRes,[Pretrained] CF OptRes,0.007,0,0.007,3768,26,0.08783783783783784,5,0.44499999999999984,0.0,hte_only
3482,feature_0 > 0.058 AND feature_0 > 0.946 AND feature_1 <= 0.743 AND feature_0 > 1.577 AND feature_0 > 2.049 AND feature_1 > 0.008 AND feature_4 > -0.358 AND feature_0 > 2.149 AND feature_1 > 0.316 AND feature_3 <= 0.091,"{'feature_0': (2.149, 4.577), 'feature_1': (0.316, 0.743), 'feature_4': (-0.358, 4.717), 'feature_3': (-4.344, 0.091)}",4,2.949,10,[Pretrained] CF,"[1946, 2936, 2937, 3253, 3393, 3451, 3467, 3473, 3481]",3.484,3.484,OptRes,[Pretrained] CF OptRes,0.007,0,0.007,3768,74,0.17567567567567569,5,0.5350000000000001,0.0,hte_only
3485,feature_0 > 0.058 AND feature_0 > 0.946 AND feature_1 <= 0.743 AND feature_0 > 1.577 AND feature_0 > 2.049 AND feature_1 > 0.008 AND feature_4 > -0.358 AND feature_0 > 2.149 AND feature_1 > 0.316 AND feature_3 <= 0.091 AND feature_5 <= 0.506 AND feature_7 > 0.009,"{'feature_0': (2.149, 4.577), 'feature_1': (0.316, 0.743), 'feature_4': (-0.358, 4.717), 'feature_3': (-4.344, 0.091), 'feature_5': (-4.895, 0.506), 'feature_7': (0.009, 4.28)}",6,2.948,12,[Pretrained] CF,"[1946, 2936, 2937, 3253, 3393, 3451, 3467, 3473, 3481, 3482, 3483]",3.568,3.568,OptRes,[Pretrained] CF OptRes,0.007,0,0.007,3768,26,0.08783783783783784,5,0.6200000000000001,0.0,hte_only
3480,feature_0 > 0.058 AND feature_0 > 0.946 AND feature_1 <= 0.743 AND feature_0 > 1.577 AND feature_0 > 2.049 AND feature_1 > 0.008 AND feature_4 > -0.358 AND feature_0 > 2.149 AND feature_1 <= 0.316 AND feature_2 > -0.688 AND feature_1 > 0.102 AND feature_5 > -0.07,"{'feature_0': (2.149, 4.577), 'feature_1': (0.102, 0.316), 'feature_4': (-0.358, 4.717), 'feature_2': (-0.688, 4.286), 'feature_5': (-0.07, 4.284)}",5,2.909,12,[Pretrained] CF,"[1946, 2936, 2937, 3253, 3393, 3451, 3467, 3473, 3474, 3476, 3478]",3.307,3.307,OptRes,[Pretrained] CF OptRes,0.007,0,0.007,3768,43,0.0,5,0.39800000000000013,0.0,hte_only
3662,feature_0 > 0.058 AND feature_0 > 0.946 AND feature_1 > 0.743 AND feature_1 <= 1.568 AND feature_0 > 1.347 AND feature_1 > 1.049 AND feature_0 <= 1.914 AND feature_2 > 0.032 AND feature_2 <= 0.836 AND feature_1 <= 1.131,"{'feature_0': (1.347, 1.914), 'feature_1': (1.049, 1.131), 'feature_2': (0.032, 0.836)}",3,2.873,10,[Pretrained] CF,"[1946, 2936, 3494, 3495, 3589, 3641, 3642, 3660, 3661]",2.957,2.957,ResOve,[Pretrained] CF ResOve,0.699,0,0.699,3768,37,0.0,5,0.08399999999999963,0.0,hte_only
3639,feature_0 > 0.058 AND feature_0 > 0.946 AND feature_1 > 0.743 AND feature_1 <= 1.568 AND feature_0 > 1.347 AND feature_1 <= 1.049 AND feature_0 > 1.865 AND feature_4 > 0.312 AND feature_0 > 2.181 AND feature_2 <= 0.058,"{'feature_0': (2.181, 4.577), 'feature_1': (0.743, 1.049), 'feature_4': (0.312, 4.717), 'feature_2': (-4.532, 0.058)}",4,3.037,10,[Pretrained] CF,"[1946, 2936, 3494, 3495, 3589, 3590, 3624, 3634, 3638]",3.723,3.723,ResOve,[Pretrained] CF ResOve,0.699,0,0.699,3768,30,0.0,5,0.6859999999999999,0.0,hte_only
3485,feature_0 > 0.058 AND feature_0 > 0.946 AND feature_1 <= 0.743 AND feature_0 > 1.577 AND feature_0 > 2.049 AND feature_1 > 0.008 AND feature_4 > -0.358 AND feature_0 > 2.149 AND feature_1 > 0.316 AND feature_3 <= 0.091 AND feature_5 <= 0.506 AND feature_7 > 0.009,"{'feature_0': (2.149, 4.577), 'feature_1': (0.316, 0.743), 'feature_4': (-0.358, 4.717), 'feature_3': (-4.344, 0.091), 'feature_5': (-4.895, 0.506), 'feature_7': (0.009, 4.28)}",6,2.948,12,[Pretrained] CF,"[1946, 2936, 2937, 3253, 3393, 3451, 3467, 3473, 3481, 3482, 3483]",3.568,3.568,ResOve,[Pretrained] CF ResOve,0.699,0,0.699,3768,26,0.0,5,0.6200000000000001,0.0,hte_only
3478,feature_0 > 0.058 AND feature_0 > 0.946 AND feature_1 <= 0.743 AND feature_0 > 1.577 AND feature_0 > 2.049 AND feature_1 > 0.008 AND feature_4 > -0.358 AND feature_0 > 2.149 AND feature_1 <= 0.316 AND feature_2 > -0.688 AND feature_1 > 0.102,"{'feature_0': (2.149, 4.577), 'feature_1': (0.102, 0.316), 'feature_4': (-0.358, 4.717), 'feature_2': (-0.688, 4.286)}",4,2.875,11,[Pretrained] CF,"[1946, 2936, 2937, 3253, 3393, 3451, 3467, 3473, 3474, 3476]",3.277,3.277,ResOve,[Pretrained] CF ResOve,0.699,0,0.699,3768,69,0.0,5,0.40200000000000014,0.0,hte_only
3637,feature_0 > 0.058 AND feature_0 > 0.946 AND feature_1 > 0.743 AND feature_1 <= 1.568 AND feature_0 > 1.347 AND feature_1 <= 1.049 AND feature_0 > 1.865 AND feature_4 > 0.312 AND feature_0 <= 2.181 AND feature_5 > 0.27,"{'feature_0': (1.865, 2.181), 'feature_1': (0.743, 1.049), 'feature_4': (0.312, 4.717), 'feature_5': (0.27, 4.284)}",4,2.872,10,[Pretrained] CF,"[1946, 2936, 3494, 3495, 3589, 3590, 3624, 3634, 3635]",3.261,3.261,ResOve,[Pretrained] CF ResOve,0.699,0,0.699,3768,21,0.0,5,0.38900000000000023,0.0,hte_only
3639,feature_0 > 0.058 AND feature_0 > 0.946 AND feature_1 > 0.743 AND feature_1 <= 1.568 AND feature_0 > 1.347 AND feature_1 <= 1.049 AND feature_0 > 1.865 AND feature_4 > 0.312 AND feature_0 > 2.181 AND feature_2 <= 0.058,"{'feature_0': (2.181, 4.577), 'feature_1': (0.743, 1.049), 'feature_4': (0.312, 4.717), 'feature_2': (-4.532, 0.058)}",4,3.037,10,[Pretrained] CF,"[1946, 2936, 3494, 3495, 3589, 3590, 3624, 3634, 3638]",3.723,3.723,NoOve,[Pretrained] CF NoOve,0.013,0,0.013,3768,30,0.0,5,0.6859999999999999,0.0,hte_only
3482,feature_0 > 0.058 AND feature_0 > 0.946 AND feature_1 <= 0.743 AND feature_0 > 1.577 AND feature_0 > 2.049 AND feature_1 > 0.008 AND feature_4 > -0.358 AND feature_0 > 2.149 AND feature_1 > 0.316 AND feature_3 <= 0.091,"{'feature_0': (2.149, 4.577), 'feature_1': (0.316, 0.743), 'feature_4': (-0.358, 4.717), 'feature_3': (-4.344, 0.091)}",4,2.949,10,[Pretrained] CF,"[1946, 2936, 2937, 3253, 3393, 3451, 3467, 3473, 3481]",3.484,3.484,NoOve,[Pretrained] CF NoOve,0.013,0,0.013,3768,74,0.0,5,0.5350000000000001,0.0,hte_only
3662,feature_0 > 0.058 AND feature_0 > 0.946 AND feature_1 > 0.743 AND feature_1 <= 1.568 AND feature_0 > 1.347 AND feature_1 > 1.049 AND feature_0 <= 1.914 AND feature_2 > 0.032 AND feature_2 <= 0.836 AND feature_1 <= 1.131,"{'feature_0': (1.347, 1.914), 'feature_1': (1.049, 1.131), 'feature_2': (0.032, 0.836)}",3,2.873,10,[Pretrained] CF,"[1946, 2936, 3494, 3495, 3589, 3641, 3642, 3660, 3661]",2.957,2.957,NoOve,[Pretrained] CF NoOve,0.013,0,0.013,3768,37,0.0,5,0.08399999999999963,0.0,hte_only
3637,feature_0 > 0.058 AND feature_0 > 0.946 AND feature_1 > 0.743 AND feature_1 <= 1.568 AND feature_0 > 1.347 AND feature_1 <= 1.049 AND feature_0 > 1.865 AND feature_4 > 0.312 AND feature_0 <= 2.181 AND feature_5 > 0.27,"{'feature_0': (1.865, 2.181), 'feature_1': (0.743, 1.049), 'feature_4': (0.312, 4.717), 'feature_5': (0.27, 4.284)}",4,2.872,10,[Pretrained] CF,"[1946, 2936, 3494, 3495, 3589, 3590, 3624, 3634, 3635]",3.261,3.261,NoOve,[Pretrained] CF NoOve,0.013,0,0.013,3768,21,0.0,5,0.38900000000000023,0.0,hte_only
3622,feature_0 > 0.058 AND feature_0 > 0.946 AND feature_1 > 0.743 AND feature_1 <= 1.568 AND feature_0 > 1.347 AND feature_1 <= 1.049 AND feature_0 <= 1.865 AND feature_1 > 0.955 AND feature_2 > 0.316 AND feature_7 <= 0.519,"{'feature_0': (1.347, 1.865), 'feature_1': (0.955, 1.049), 'feature_2': (0.316, 4.286), 'feature_7': (-4.375, 0.519)}",4,2.861,10,[Pretrained] CF,"[1946, 2936, 3494, 3495, 3589, 3590, 3591, 3613, 3621]",2.9,2.9,NoOve,[Pretrained] CF NoOve,0.013,0,0.013,3768,37,0.0,5,0.0389999999999997,0.0,hte_only
1189,feature_0 <= 0.058 AND feature_0 > -0.982 AND feature_1 <= 0.164 AND feature_0 > -0.216 AND feature_1 <= -0.913 AND feature_0 > -0.109 AND feature_1 <= -1.438 AND feature_2 <= 1.037 AND feature_0 > 0.018,"{'feature_0': (0.018, 0.058), 'feature_1': (-4.202, -1.438), 'feature_2': (-4.532, 1.037)}",3,0.17,9,[Pretrained] CF,"[1, 771, 772, 1126, 1127, 1175, 1176, 1177]",0.188,0.188,Random,[Pretrained] CF Random,0.004,0,0.004,3768,128,0.0,5,0.017999999999999988,0.0,hte_only
2186,feature_0 > 0.058 AND feature_0 <= 0.946 AND feature_1 <= 0.771 AND feature_0 <= 0.647 AND feature_1 > -0.652 AND feature_1 <= 0.258 AND feature_0 > 0.388 AND feature_1 > 0.032 AND feature_2 <= 1.482 AND feature_0 <= 0.482 AND feature_7 <= 0.223 AND feature_2 <= -0.004,"{'feature_0': (0.388, 0.482), 'feature_1': (0.032, 0.258), 'feature_2': (-4.532, -0.004), 'feature_7': (-4.375, 0.223)}",4,1.017,12,[Pretrained] CF,"[1946, 1947, 1948, 1949, 2101, 2102, 2156, 2182, 2183, 2184, 2185]",1.205,1.205,Random,[Pretrained] CF Random,0.004,0,0.004,3768,104,0.0,5,0.18800000000000017,0.0,hte_only
447,feature_0 <= 0.058 AND feature_0 <= -0.982 AND feature_1 > 0.16 AND feature_0 <= -1.389 AND feature_1 <= 1.038 AND feature_0 > -2.119 AND feature_1 <= 0.748 AND feature_0 > -1.632 AND feature_0 <= -1.476 AND feature_1 <= 0.564 AND feature_7 > -0.485 AND feature_1 > 0.202,"{'feature_0': (-1.632, -1.476), 'feature_1': (0.202, 0.564), 'feature_7': (-0.485, 4.28)}",3,0.497,12,[Pretrained] CF,"[1, 2, 380, 381, 382, 414, 415, 439, 440, 441, 445]",0.643,0.643,Random,[Pretrained] CF Random,0.004,0,0.004,3768,160,0.0,5,0.14600000000000002,0.0,hte_only
805,feature_0 <= 0.058 AND feature_0 > -0.982 AND feature_1 <= 0.164 AND feature_0 <= -0.216 AND feature_1 <= -0.449 AND feature_1 <= -1.153 AND feature_0 <= -0.594 AND feature_0 > -0.863 AND feature_1 <= -1.424 AND feature_3 <= -0.283 AND feature_2 <= 0.38 AND feature_7 > -0.021,"{'feature_0': (-0.863, -0.594), 'feature_1': (-4.202, -1.424), 'feature_3': (-4.344, -0.283), 'feature_2': (-4.532, 0.38), 'feature_7': (-0.021, 4.28)}",5,0.319,12,[Pretrained] CF,"[1, 771, 772, 773, 774, 775, 776, 800, 801, 802, 803]",0.563,0.563,Random,[Pretrained] CF Random,0.004,0,0.004,3768,80,0.0,5,0.24399999999999994,0.0,hte_only
3633,feature_0 > 0.058 AND feature_0 > 0.946 AND feature_1 > 0.743 AND feature_1 <= 1.568 AND feature_0 > 1.347 AND feature_1 <= 1.049 AND feature_0 > 1.865 AND feature_4 <= 0.312 AND feature_4 > -1.108 AND feature_0 > 2.103 AND feature_6 > -0.224,"{'feature_0': (2.103, 4.577), 'feature_1': (0.743, 1.049), 'feature_4': (-1.108, 0.312), 'feature_6': (-0.224, 4.078)}",4,2.859,11,[Pretrained] CF,"[1946, 2936, 3494, 3495, 3589, 3590, 3624, 3625, 3627, 3631]",3.705,3.705,Random,[Pretrained] CF Random,0.004,0,0.004,3768,39,0.0,5,0.8460000000000001,0.0,hte_only
3762,feature_0 > 0.058 AND feature_0 > 0.946 AND feature_1 > 0.743 AND feature_1 > 1.568 AND feature_0 > 1.289 AND feature_0 > 1.832 AND feature_1 > 1.8,"{'feature_0': (1.832, 4.577), 'feature_1': (1.8, 4.438)}",2,3.684,7,[Pretrained] CF,"[1946, 2936, 3494, 3694, 3732, 3756]",4.466,4.495,OptRes,[Pretrained] CF OptRes,0.02,0,0.02,3768,65,0.07173913043478261,5,0.782,0.028999999999999915,rest
3768,feature_0 > 0.058 AND feature_0 > 0.946 AND feature_1 > 0.743 AND feature_1 > 1.568 AND feature_0 > 1.289 AND feature_0 > 1.832 AND feature_1 > 1.8 AND feature_4 > 0.223 AND feature_0 > 1.977,"{'feature_0': (1.977, 4.577), 'feature_1': (1.8, 4.438), 'feature_4': (0.223, 4.717)}",3,3.656,9,[Pretrained] CF,"[1946, 2936, 3494, 3694, 3732, 3756, 3762, 3766]",4.679,4.679,OptRes,[Pretrained] CF OptRes,0.02,0,0.02,3768,33,0.07173913043478261,5,1.0230000000000001,0.0,rest
3753,feature_0 > 0.058 AND feature_0 > 0.946 AND feature_1 > 0.743 AND feature_1 > 1.568 AND feature_0 > 1.289 AND feature_0 <= 1.832 AND feature_1 > 1.664 AND feature_0 > 1.63 AND feature_2 > -0.178,"{'feature_0': (1.63, 1.832), 'feature_1': (1.664, 4.438), 'feature_2': (-0.178, 4.286)}",3,3.535,9,[Pretrained] CF,"[1946, 2936, 3494, 3694, 3732, 3733, 3737, 3751]",3.93,3.902,OptRes,[Pretrained] CF OptRes,0.02,0,0.02,3768,31,0.0,5,0.395,0.028000000000000025,rest
3757,feature_0 > 0.058 AND feature_0 > 0.946 AND feature_1 > 0.743 AND feature_1 > 1.568 AND feature_0 > 1.289 AND feature_0 > 1.832 AND feature_1 <= 1.8,"{'feature_0': (1.832, 4.577), 'feature_1': (1.568, 1.8)}",2,3.499,7,[Pretrained] CF,"[1946, 2936, 3494, 3694, 3732, 3756]",4.122,4.096,OptRes,[Pretrained] CF OptRes,0.02,0,0.02,3768,34,0.0,5,0.6229999999999998,0.0259999999999998,rest
3748,feature_0 > 0.058 AND feature_0 > 0.946 AND feature_1 > 0.743 AND feature_1 > 1.568 AND feature_0 > 1.289 AND feature_0 <= 1.832 AND feature_1 > 1.664 AND feature_0 <= 1.63 AND feature_1 > 2.181,"{'feature_0': (1.289, 1.63), 'feature_1': (2.181, 4.438)}",2,3.437,9,[Pretrained] CF,"[1946, 2936, 3494, 3694, 3732, 3733, 3737, 3738]",4.018,4.054,OptRes,[Pretrained] CF OptRes,0.02,0,0.02,3768,39,0.0,5,0.581,0.036000000000000476,rest
3768,feature_0 > 0.058 AND feature_0 > 0.946 AND feature_1 > 0.743 AND feature_1 > 1.568 AND feature_0 > 1.289 AND feature_0 > 1.832 AND feature_1 > 1.8 AND feature_4 > 0.223 AND feature_0 > 1.977,"{'feature_0': (1.977, 4.577), 'feature_1': (1.8, 4.438), 'feature_4': (0.223, 4.717)}",3,3.656,9,[Pretrained] CF,"[1946, 2936, 3494, 3694, 3732, 3756, 3762, 3766]",4.679,4.679,ResOve,[Pretrained] CF ResOve,1.036,0,1.036,3768,33,0.07173913043478261,5,1.0230000000000001,0.0,rest
3762,feature_0 > 0.058 AND feature_0 > 0.946 AND feature_1 > 0.743 AND feature_1 > 1.568 AND feature_0 > 1.289 AND feature_0 > 1.832 AND feature_1 > 1.8,"{'feature_0': (1.832, 4.577), 'feature_1': (1.8, 4.438)}",2,3.684,7,[Pretrained] CF,"[1946, 2936, 3494, 3694, 3732, 3756]",4.466,4.495,ResOve,[Pretrained] CF ResOve,1.036,0,1.036,3768,65,0.07173913043478261,5,0.782,0.028999999999999915,rest
3757,feature_0 > 0.058 AND feature_0 > 0.946 AND feature_1 > 0.743 AND feature_1 > 1.568 AND feature_0 > 1.289 AND feature_0 > 1.832 AND feature_1 <= 1.8,"{'feature_0': (1.832, 4.577), 'feature_1': (1.568, 1.8)}",2,3.499,7,[Pretrained] CF,"[1946, 2936, 3494, 3694, 3732, 3756]",4.122,4.096,ResOve,[Pretrained] CF ResOve,1.036,0,1.036,3768,34,0.0,5,0.6229999999999998,0.0259999999999998,rest
3754,feature_0 > 0.058 AND feature_0 > 0.946 AND feature_1 > 0.743 AND feature_1 > 1.568 AND feature_0 > 1.289 AND feature_0 <= 1.832 AND feature_1 > 1.664 AND feature_0 > 1.63 AND feature_2 > -0.178 AND feature_1 <= 2.136,"{'feature_0': (1.63, 1.832), 'feature_1': (1.664, 2.136), 'feature_2': (-0.178, 4.286)}",3,3.482,10,[Pretrained] CF,"[1946, 2936, 3494, 3694, 3732, 3733, 3737, 3751, 3753]",3.724,3.744,ResOve,[Pretrained] CF ResOve,1.036,0,1.036,3768,22,0.0,5,0.242,0.020000000000000018,rest
3748,feature_0 > 0.058 AND feature_0 > 0.946 AND feature_1 > 0.743 AND feature_1 > 1.568 AND feature_0 > 1.289 AND feature_0 <= 1.832 AND feature_1 > 1.664 AND feature_0 <= 1.63 AND feature_1 > 2.181,"{'feature_0': (1.289, 1.63), 'feature_1': (2.181, 4.438)}",2,3.437,9,[Pretrained] CF,"[1946, 2936, 3494, 3694, 3732, 3733, 3737, 3738]",4.018,4.054,ResOve,[Pretrained] CF ResOve,1.036,0,1.036,3768,39,0.0,5,0.581,0.036000000000000476,rest
3768,feature_0 > 0.058 AND feature_0 > 0.946 AND feature_1 > 0.743 AND feature_1 > 1.568 AND feature_0 > 1.289 AND feature_0 > 1.832 AND feature_1 > 1.8 AND feature_4 > 0.223 AND feature_0 > 1.977,"{'feature_0': (1.977, 4.577), 'feature_1': (1.8, 4.438), 'feature_4': (0.223, 4.717)}",3,3.656,9,[Pretrained] CF,"[1946, 2936, 3494, 3694, 3732, 3756, 3762, 3766]",4.679,4.679,NoOve,[Pretrained] CF NoOve,0.026,0,0.026,3768,33,0.0,5,1.0230000000000001,0.0,rest
3753,feature_0 > 0.058 AND feature_0 > 0.946 AND feature_1 > 0.743 AND feature_1 > 1.568 AND feature_0 > 1.289 AND feature_0 <= 1.832 AND feature_1 > 1.664 AND feature_0 > 1.63 AND feature_2 > -0.178,"{'feature_0': (1.63, 1.832), 'feature_1': (1.664, 4.438), 'feature_2': (-0.178, 4.286)}",3,3.535,9,[Pretrained] CF,"[1946, 2936, 3494, 3694, 3732, 3733, 3737, 3751]",3.93,3.902,NoOve,[Pretrained] CF NoOve,0.026,0,0.026,3768,31,0.0,5,0.395,0.028000000000000025,rest
3748,feature_0 > 0.058 AND feature_0 > 0.946 AND feature_1 > 0.743 AND feature_1 > 1.568 AND feature_0 > 1.289 AND feature_0 <= 1.832 AND feature_1 > 1.664 AND feature_0 <= 1.63 AND feature_1 > 2.181,"{'feature_0': (1.289, 1.63), 'feature_1': (2.181, 4.438)}",2,3.437,9,[Pretrained] CF,"[1946, 2936, 3494, 3694, 3732, 3733, 3737, 3738]",4.018,4.054,NoOve,[Pretrained] CF NoOve,0.026,0,0.026,3768,39,0.0,5,0.581,0.036000000000000476,rest
3739,feature_0 > 0.058 AND feature_0 > 0.946 AND feature_1 > 0.743 AND feature_1 > 1.568 AND feature_0 > 1.289 AND feature_0 <= 1.832 AND feature_1 > 1.664 AND feature_0 <= 1.63 AND feature_1 <= 2.181,"{'feature_0': (1.289, 1.63), 'feature_1': (1.664, 2.181)}",2,3.275,9,[Pretrained] CF,"[1946, 2936, 3494, 3694, 3732, 3733, 3737, 3738]",3.462,3.489,NoOve,[Pretrained] CF NoOve,0.026,0,0.026,3768,59,0.0,5,0.18700000000000028,0.02699999999999969,rest
3690,feature_0 > 0.058 AND feature_0 > 0.946 AND feature_1 > 0.743 AND feature_1 <= 1.568 AND feature_0 > 1.347 AND feature_1 > 1.049 AND feature_0 > 1.914 AND feature_1 > 1.407 AND feature_6 <= 0.358,"{'feature_0': (1.914, 4.577), 'feature_1': (1.407, 1.568), 'feature_6': (-4.852, 0.358)}",3,3.17,9,[Pretrained] CF,"[1946, 2936, 3494, 3495, 3589, 3641, 3677, 3689]",3.919,3.927,NoOve,[Pretrained] CF NoOve,0.026,0,0.026,3768,25,0.0,5,0.7490000000000001,0.008000000000000007,rest
2201,feature_0 > 0.058 AND feature_0 <= 0.946 AND feature_1 <= 0.771 AND feature_0 <= 0.647 AND feature_1 > -0.652 AND feature_1 > 0.258 AND feature_1 <= 0.658 AND feature_2 <= 1.28,"{'feature_0': (0.058, 0.647), 'feature_1': (0.258, 0.658), 'feature_2': (-4.532, 1.28)}",3,1.16,8,[Pretrained] CF,"[1946, 1947, 1948, 1949, 2101, 2199, 2200]",1.287,1.282,Random,[Pretrained] CF Random,0.011,0,0.011,3768,1372,0.0,5,0.127,0.004999999999999893,rest
1924,feature_0 <= 0.058 AND feature_0 > -0.982 AND feature_1 > 0.164 AND feature_1 > 1.51 AND feature_0 > -0.428 AND feature_1 > 1.75 AND feature_0 > -0.211 AND feature_2 <= -0.283 AND feature_1 > 1.979 AND feature_9 <= 0.425 AND feature_3 <= 0.717,"{'feature_0': (-0.211, 0.058), 'feature_1': (1.979, 4.438), 'feature_2': (-4.532, -0.283), 'feature_9': (-5.002, 0.425), 'feature_3': (-4.344, 0.717)}",5,1.881,11,[Pretrained] CF,"[1, 771, 1393, 1773, 1855, 1893, 1917, 1918, 1922, 1923]",2.356,2.405,Random,[Pretrained] CF Random,0.011,0,0.011,3768,24,0.0,5,0.47499999999999987,0.04899999999999993,rest
2577,feature_0 > 0.058 AND feature_0 <= 0.946 AND feature_1 > 0.771 AND feature_1 <= 1.148 AND feature_0 <= 0.542 AND feature_1 > 0.941 AND feature_0 <= 0.159 AND feature_0 > 0.081 AND feature_9 <= -0.248,"{'feature_0': (0.081, 0.159), 'feature_1': (0.941, 1.148), 'feature_9': (-5.002, -0.248)}",3,1.545,9,[Pretrained] CF,"[1946, 1947, 2521, 2522, 2523, 2571, 2572, 2576]",1.472,1.478,Random,[Pretrained] CF Random,0.011,0,0.011,3768,30,0.0,5,0.07299999999999995,0.006000000000000005,rest
1141,feature_0 <= 0.058 AND feature_0 > -0.982 AND feature_1 <= 0.164 AND feature_0 > -0.216 AND feature_1 <= -0.913 AND feature_0 <= -0.109 AND feature_1 <= -1.398 AND feature_2 <= 1.051 AND feature_3 > 0.445 AND feature_0 <= -0.14,"{'feature_0': (-0.216, -0.14), 'feature_1': (-4.202, -1.398), 'feature_2': (-4.532, 1.051), 'feature_3': (0.445, 4.384)}",4,0.3,10,[Pretrained] CF,"[1, 771, 772, 1126, 1127, 1128, 1129, 1130, 1140]",0.018,0.026,Random,[Pretrained] CF Random,0.011,0,0.011,3768,34,0.0,5,0.282,0.008,rest
627,feature_0 <= 0.058 AND feature_0 <= -0.982 AND feature_1 > 0.16 AND feature_0 > -1.389 AND feature_1 <= 0.835 AND feature_0 > -1.209 AND feature_1 <= 0.47 AND feature_1 > 0.189 AND feature_0 <= -1.084,"{'feature_0': (-1.209, -1.084), 'feature_1': (0.189, 0.47)}",2,0.006,9,[Pretrained] CF,"[1, 2, 380, 570, 571, 621, 622, 626]",0.271,0.267,Random,[Pretrained] CF Random,0.011,0,0.011,3768,136,0.0,5,0.265,0.0040000000000000036,rest
3763,feature_0 > 0.058 AND feature_0 > 0.946 AND feature_1 > 0.743 AND feature_1 > 1.568 AND feature_0 > 1.289 AND feature_0 > 1.832 AND feature_1 > 1.8 AND feature_4 <= 0.223,"{'feature_0': (1.832, 4.577), 'feature_1': (1.8, 4.438), 'feature_4': (-4.13, 0.223)}",3,3.75,8,[Pretrained] CF,"[1946, 2936, 3494, 3694, 3732, 3756, 3762]",4.439,4.429,OptRes,[Pretrained] CF OptRes,0.01,0,0.01,3768,46,0.08115183246073299,5,0.6890000000000001,0.009999999999999787,all
3768,feature_0 > 0.058 AND feature_0 > 0.946 AND feature_1 > 0.743 AND feature_1 > 1.568 AND feature_0 > 1.289 AND feature_0 > 1.832 AND feature_1 > 1.8 AND feature_4 > 0.223 AND feature_0 > 1.977,"{'feature_0': (1.977, 4.577), 'feature_1': (1.8, 4.438), 'feature_4': (0.223, 4.717)}",3,3.656,9,[Pretrained] CF,"[1946, 2936, 3494, 3694, 3732, 3756, 3762, 3766]",4.679,4.688,OptRes,[Pretrained] CF OptRes,0.01,0,0.01,3768,28,0.04319371727748691,5,1.0230000000000001,0.008999999999999453,all
3760,feature_0 > 0.058 AND feature_0 > 0.946 AND feature_1 > 0.743 AND feature_1 > 1.568 AND feature_0 > 1.289 AND feature_0 > 1.832 AND feature_1 <= 1.8 AND feature_0 > 2.096 AND feature_5 <= -0.017,"{'feature_0': (2.096, 4.577), 'feature_1': (1.568, 1.8), 'feature_5': (-4.895, -0.017)}",3,3.653,9,[Pretrained] CF,"[1946, 2936, 3494, 3694, 3732, 3756, 3757, 3759]",4.31,4.31,OptRes,[Pretrained] CF OptRes,0.01,0,0.01,3768,21,0.1524869109947644,5,0.6569999999999996,0.0,all
3756,feature_0 > 0.058 AND feature_0 > 0.946 AND feature_1 > 0.743 AND feature_1 > 1.568 AND feature_0 > 1.289 AND feature_0 > 1.832,"{'feature_0': (1.832, 4.577), 'feature_1': (1.568, 4.438)}",2,3.61,6,[Pretrained] CF,"[1946, 2936, 3494, 3694, 3732]",4.329,4.344,OptRes,[Pretrained] CF OptRes,0.01,0,0.01,3768,149,0.20680628272251309,5,0.7189999999999999,0.015000000000000568,all
3759,feature_0 > 0.058 AND feature_0 > 0.946 AND feature_1 > 0.743 AND feature_1 > 1.568 AND feature_0 > 1.289 AND feature_0 > 1.832 AND feature_1 <= 1.8 AND feature_0 > 2.096,"{'feature_0': (2.096, 4.577), 'feature_1': (1.568, 1.8)}",2,3.581,8,[Pretrained] CF,"[1946, 2936, 3494, 3694, 3732, 3756, 3757]",4.389,4.396,OptRes,[Pretrained] CF OptRes,0.01,0,0.01,3768,33,0.1799738219895288,5,0.8080000000000003,0.006999999999999673,all
3768,feature_0 > 0.058 AND feature_0 > 0.946 AND feature_1 > 0.743 AND feature_1 > 1.568 AND feature_0 > 1.289 AND feature_0 > 1.832 AND feature_1 > 1.8 AND feature_4 > 0.223 AND feature_0 > 1.977,"{'feature_0': (1.977, 4.577), 'feature_1': (1.8, 4.438), 'feature_4': (0.223, 4.717)}",3,3.656,9,[Pretrained] CF,"[1946, 2936, 3494, 3694, 3732, 3756, 3762, 3766]",4.679,4.688,ResOve,[Pretrained] CF ResOve,0.969,0,0.969,3768,28,0.0,5,1.0230000000000001,0.008999999999999453,all
3753,feature_0 > 0.058 AND feature_0 > 0.946 AND feature_1 > 0.743 AND feature_1 > 1.568 AND feature_0 > 1.289 AND feature_0 <= 1.832 AND feature_1 > 1.664 AND feature_0 > 1.63 AND feature_2 > -0.178,"{'feature_0': (1.63, 1.832), 'feature_1': (1.664, 4.438), 'feature_2': (-0.178, 4.286)}",3,3.535,9,[Pretrained] CF,"[1946, 2936, 3494, 3694, 3732, 3733, 3737, 3751]",3.93,3.936,ResOve,[Pretrained] CF ResOve,0.969,0,0.969,3768,44,0.0,5,0.395,0.005999999999999783,all
3749,feature_0 > 0.058 AND feature_0 > 0.946 AND feature_1 > 0.743 AND feature_1 > 1.568 AND feature_0 > 1.289 AND feature_0 <= 1.832 AND feature_1 > 1.664 AND feature_0 <= 1.63 AND feature_1 > 2.181 AND feature_4 <= -0.008,"{'feature_0': (1.289, 1.63), 'feature_1': (2.181, 4.438), 'feature_4': (-4.13, -0.008)}",3,3.5,10,[Pretrained] CF,"[1946, 2936, 3494, 3694, 3732, 3733, 3737, 3738, 3748]",3.976,3.98,ResOve,[Pretrained] CF ResOve,0.969,0,0.969,3768,29,0.0,5,0.476,0.0040000000000000036,all
3764,feature_0 > 0.058 AND feature_0 > 0.946 AND feature_1 > 0.743 AND feature_1 > 1.568 AND feature_0 > 1.289 AND feature_0 > 1.832 AND feature_1 > 1.8 AND feature_4 <= 0.223 AND feature_1 <= 2.183,"{'feature_0': (1.832, 4.577), 'feature_1': (1.8, 2.183), 'feature_4': (-4.13, 0.223)}",3,3.708,9,[Pretrained] CF,"[1946, 2936, 3494, 3694, 3732, 3756, 3762, 3763]",4.231,4.263,ResOve,[Pretrained] CF ResOve,0.969,0,0.969,3768,27,0.14112903225806453,5,0.5229999999999997,0.03200000000000003,all
3763,feature_0 > 0.058 AND feature_0 > 0.946 AND feature_1 > 0.743 AND feature_1 > 1.568 AND feature_0 > 1.289 AND feature_0 > 1.832 AND feature_1 > 1.8 AND feature_4 <= 0.223,"{'feature_0': (1.832, 4.577), 'feature_1': (1.8, 4.438), 'feature_4': (-4.13, 0.223)}",3,3.75,8,[Pretrained] CF,"[1946, 2936, 3494, 3694, 3732, 3756, 3762]",4.439,4.429,ResOve,[Pretrained] CF ResOve,0.969,0,0.969,3768,46,0.14112903225806453,5,0.6890000000000001,0.009999999999999787,all
3764,feature_0 > 0.058 AND feature_0 > 0.946 AND feature_1 > 0.743 AND feature_1 > 1.568 AND feature_0 > 1.289 AND feature_0 > 1.832 AND feature_1 > 1.8 AND feature_4 <= 0.223 AND feature_1 <= 2.183,"{'feature_0': (1.832, 4.577), 'feature_1': (1.8, 2.183), 'feature_4': (-4.13, 0.223)}",3,3.708,9,[Pretrained] CF,"[1946, 2936, 3494, 3694, 3732, 3756, 3762, 3763]",4.231,4.263,NoOve,[Pretrained] CF NoOve,0.016,0,0.016,3768,27,0.0,5,0.5229999999999997,0.03200000000000003,all
3768,feature_0 > 0.058 AND feature_0 > 0.946 AND feature_1 > 0.743 AND feature_1 > 1.568 AND feature_0 > 1.289 AND feature_0 > 1.832 AND feature_1 > 1.8 AND feature_4 > 0.223 AND feature_0 > 1.977,"{'feature_0': (1.977, 4.577), 'feature_1': (1.8, 4.438), 'feature_4': (0.223, 4.717)}",3,3.656,9,[Pretrained] CF,"[1946, 2936, 3494, 3694, 3732, 3756, 3762, 3766]",4.679,4.688,NoOve,[Pretrained] CF NoOve,0.016,0,0.016,3768,28,0.0,5,1.0230000000000001,0.008999999999999453,all
3760,feature_0 > 0.058 AND feature_0 > 0.946 AND feature_1 > 0.743 AND feature_1 > 1.568 AND feature_0 > 1.289 AND feature_0 > 1.832 AND feature_1 <= 1.8 AND feature_0 > 2.096 AND feature_5 <= -0.017,"{'feature_0': (2.096, 4.577), 'feature_1': (1.568, 1.8), 'feature_5': (-4.895, -0.017)}",3,3.653,9,[Pretrained] CF,"[1946, 2936, 3494, 3694, 3732, 3756, 3757, 3759]",4.31,4.31,NoOve,[Pretrained] CF NoOve,0.016,0,0.016,3768,21,0.0,5,0.6569999999999996,0.0,all
3753,feature_0 > 0.058 AND feature_0 > 0.946 AND feature_1 > 0.743 AND feature_1 > 1.568 AND feature_0 > 1.289 AND feature_0 <= 1.832 AND feature_1 > 1.664 AND feature_0 > 1.63 AND feature_2 > -0.178,"{'feature_0': (1.63, 1.832), 'feature_1': (1.664, 4.438), 'feature_2': (-0.178, 4.286)}",3,3.535,9,[Pretrained] CF,"[1946, 2936, 3494, 3694, 3732, 3733, 3737, 3751]",3.93,3.936,NoOve,[Pretrained] CF NoOve,0.016,0,0.016,3768,44,0.0,5,0.395,0.005999999999999783,all
3748,feature_0 > 0.058 AND feature_0 > 0.946 AND feature_1 > 0.743 AND feature_1 > 1.568 AND feature_0 > 1.289 AND feature_0 <= 1.832 AND feature_1 > 1.664 AND feature_0 <= 1.63 AND feature_1 > 2.181,"{'feature_0': (1.289, 1.63), 'feature_1': (2.181, 4.438)}",2,3.437,9,[Pretrained] CF,"[1946, 2936, 3494, 3694, 3732, 3733, 3737, 3738]",4.018,4.037,NoOve,[Pretrained] CF NoOve,0.016,0,0.016,3768,64,0.0,5,0.581,0.019000000000000128,all
2522,feature_0 > 0.058 AND feature_0 <= 0.946 AND feature_1 > 0.771 AND feature_1 <= 1.148,"{'feature_0': (0.058, 0.946), 'feature_1': (0.771, 1.148)}",2,1.758,4,[Pretrained] CF,"[1946, 1947, 2521]",1.737,1.737,Random,[Pretrained] CF Random,0.003,0,0.003,3768,2361,0.0,5,0.020999999999999908,0.0,all
2731,feature_0 > 0.058 AND feature_0 <= 0.946 AND feature_1 > 0.771 AND feature_1 > 1.148 AND feature_0 <= 0.438 AND feature_1 <= 1.645 AND feature_0 > 0.158 AND feature_1 <= 1.492 AND feature_0 <= 0.359 AND feature_4 > 1.161,"{'feature_0': (0.158, 0.359), 'feature_1': (1.148, 1.492), 'feature_4': (1.161, 4.717)}",3,1.982,10,[Pretrained] CF,"[1946, 1947, 2521, 2701, 2702, 2703, 2721, 2722, 2723]",1.806,1.803,Random,[Pretrained] CF Random,0.003,0,0.003,3768,53,0.0,5,0.17599999999999993,0.0030000000000001137,all
3491,feature_0 > 0.058 AND feature_0 > 0.946 AND feature_1 <= 0.743 AND feature_0 > 1.577 AND feature_0 > 2.049 AND feature_1 > 0.008 AND feature_4 > -0.358 AND feature_0 > 2.149 AND feature_1 > 0.316 AND feature_3 > 0.091 AND feature_8 > -0.081,"{'feature_0': (2.149, 4.577), 'feature_1': (0.316, 0.743), 'feature_4': (-0.358, 4.717), 'feature_3': (0.091, 4.384), 'feature_8': (-0.081, 4.699)}",5,2.808,11,[Pretrained] CF,"[1946, 2936, 2937, 3253, 3393, 3451, 3467, 3473, 3481, 3487]",3.542,3.535,Random,[Pretrained] CF Random,0.003,0,0.003,3768,29,0.0,5,0.734,0.006999999999999673,all
333,feature_0 <= 0.058 AND feature_0 <= -0.982 AND feature_1 <= 0.16 AND feature_0 > -1.716 AND feature_0 > -1.47 AND feature_1 <= -0.027 AND feature_0 > -1.072 AND feature_0 > -1.032 AND feature_1 > -0.277 AND feature_4 > -0.772 AND feature_2 <= 0.665,"{'feature_0': (-1.032, -0.982), 'feature_1': (-0.277, -0.027), 'feature_4': (-0.772, 4.717), 'feature_2': (-4.532, 0.665)}",4,0.515,11,[Pretrained] CF,"[1, 2, 3, 143, 231, 232, 294, 314, 330, 332]",0.388,0.386,Random,[Pretrained] CF Random,0.003,0,0.003,3768,50,0.0,5,0.127,0.0020000000000000018,all
1539,feature_0 <= 0.058 AND feature_0 > -0.982 AND feature_1 > 0.164 AND feature_1 <= 1.51 AND feature_0 <= -0.397 AND feature_0 > -0.744 AND feature_1 > 0.765 AND feature_0 <= -0.568 AND feature_2 <= -0.949 AND feature_8 <= 0.283 AND feature_9 <= 0.152,"{'feature_0': (-0.744, -0.568), 'feature_1': (0.765, 1.51), 'feature_2': (-4.532, -0.949), 'feature_8': (-4.447, 0.283), 'feature_9': (-5.002, 0.152)}",5,0.494,11,[Pretrained] CF,"[1, 771, 1393, 1394, 1395, 1483, 1535, 1536, 1537, 1538]",0.695,0.703,Random,[Pretrained] CF Random,0.003,0,0.003,3768,55,0.0,5,0.20099999999999996,0.008000000000000007,all
10,feature_0 <= 0.058 AND feature_0 <= -0.982 AND feature_1 <= 0.16 AND feature_0 <= -1.716 AND feature_0 <= -2.195 AND feature_1 <= -0.267 AND feature_3 <= -0.36 AND feature_1 <= -0.552 AND feature_2 <= -0.296 AND feature_0 <= -2.59,"{'feature_0': (-4.695, -2.59), 'feature_1': (-4.202, -0.552), 'feature_3': (-4.344, -0.36), 'feature_2': (-4.532, -0.296)}",4,2.477,10,[Pretrained] CF,"[1, 2, 3, 4, 5, 6, 7, 8, 9]",2.72,2.72,OptRes,[Pretrained] CF OptRes,0.009,0,0.009,3768,25,0.14229910714285715,5,0.24300000000000033,0.0,hte_only
9,feature_0 <= 0.058 AND feature_0 <= -0.982 AND feature_1 <= 0.16 AND feature_0 <= -1.716 AND feature_0 <= -2.195 AND feature_1 <= -0.267 AND feature_3 <= -0.36 AND feature_1 <= -0.552 AND feature_2 <= -0.296,"{'feature_0': (-4.695, -2.195), 'feature_1': (-4.202, -0.552), 'feature_3': (-4.344, -0.36), 'feature_2': (-4.532, -0.296)}",4,2.353,9,[Pretrained] CF,"[1, 2, 3, 4, 5, 6, 7, 8]",2.329,2.329,OptRes,[Pretrained] CF OptRes,0.009,0,0.009,3768,64,0.21194196428571427,5,0.02400000000000002,0.0,hte_only
14,feature_0 <= 0.058 AND feature_0 <= -0.982 AND feature_1 <= 0.16 AND feature_0 <= -1.716 AND feature_0 <= -2.195 AND feature_1 <= -0.267 AND feature_3 <= -0.36 AND feature_1 <= -0.552 AND feature_2 > -0.296 AND feature_3 <= -0.65 AND feature_8 <= -0.021,"{'feature_0': (-4.695, -2.195), 'feature_1': (-4.202, -0.552), 'feature_3': (-4.344, -0.65), 'feature_2': (-0.296, 4.286), 'feature_8': (-4.447, -0.021)}",5,2.277,11,[Pretrained] CF,"[1, 2, 3, 4, 5, 6, 7, 8, 12, 13]",2.275,2.275,OptRes,[Pretrained] CF OptRes,0.009,0,0.009,3768,28,0.175,5,0.002000000000000224,0.0,hte_only
8,feature_0 <= 0.058 AND feature_0 <= -0.982 AND feature_1 <= 0.16 AND feature_0 <= -1.716 AND feature_0 <= -2.195 AND feature_1 <= -0.267 AND feature_3 <= -0.36 AND feature_1 <= -0.552,"{'feature_0': (-4.695, -2.195), 'feature_1': (-4.202, -0.552), 'feature_3': (-4.344, -0.36)}",3,2.268,8,[Pretrained] CF,"[1, 2, 3, 4, 5, 6, 7]",2.28,2.28,OptRes,[Pretrained] CF OptRes,0.009,0,0.009,3768,140,0.30892857142857144,5,0.01200000000000001,0.0,hte_only
13,feature_0 <= 0.058 AND feature_0 <= -0.982 AND feature_1 <= 0.16 AND feature_0 <= -1.716 AND feature_0 <= -2.195 AND feature_1 <= -0.267 AND feature_3 <= -0.36 AND feature_1 <= -0.552 AND feature_2 > -0.296 AND feature_3 <= -0.65,"{'feature_0': (-4.695, -2.195), 'feature_1': (-4.202, -0.552), 'feature_3': (-4.344, -0.65), 'feature_2': (-0.296, 4.286)}",4,2.231,10,[Pretrained] CF,"[1, 2, 3, 4, 5, 6, 7, 8, 12]",2.266,2.266,OptRes,[Pretrained] CF OptRes,0.009,0,0.009,3768,56,0.225,5,0.03500000000000014,0.0,hte_only
11,feature_0 <= 0.058 AND feature_0 <= -0.982 AND feature_1 <= 0.16 AND feature_0 <= -1.716 AND feature_0 <= -2.195 AND feature_1 <= -0.267 AND feature_3 <= -0.36 AND feature_1 <= -0.552 AND feature_2 <= -0.296 AND feature_0 > -2.59,"{'feature_0': (-2.59, -2.195), 'feature_1': (-4.202, -0.552), 'feature_3': (-4.344, -0.36), 'feature_2': (-4.532, -0.296)}",4,2.273,10,[Pretrained] CF,"[1, 2, 3, 4, 5, 6, 7, 8, 9]",2.077,2.077,ResOve,[Pretrained] CF ResOve,0.503,0,0.503,3768,39,0.0,5,0.19600000000000017,0.0,hte_only
10,feature_0 <= 0.058 AND feature_0 <= -0.982 AND feature_1 <= 0.16 AND feature_0 <= -1.716 AND feature_0 <= -2.195 AND feature_1 <= -0.267 AND feature_3 <= -0.36 AND feature_1 <= -0.552 AND feature_2 <= -0.296 AND feature_0 <= -2.59,"{'feature_0': (-4.695, -2.59), 'feature_1': (-4.202, -0.552), 'feature_3': (-4.344, -0.36), 'feature_2': (-4.532, -0.296)}",4,2.477,10,[Pretrained] CF,"[1, 2, 3, 4, 5, 6, 7, 8, 9]",2.72,2.72,ResOve,[Pretrained] CF ResOve,0.503,0,0.503,3768,25,0.0,5,0.24300000000000033,0.0,hte_only
15,feature_0 <= 0.058 AND feature_0 <= -0.982 AND feature_1 <= 0.16 AND feature_0 <= -1.716 AND feature_0 <= -2.195 AND feature_1 <= -0.267 AND feature_3 <= -0.36 AND feature_1 <= -0.552 AND feature_2 > -0.296 AND feature_3 <= -0.65 AND feature_8 > -0.021,"{'feature_0': (-4.695, -2.195), 'feature_1': (-4.202, -0.552), 'feature_3': (-4.344, -0.65), 'feature_2': (-0.296, 4.286), 'feature_8': (-0.021, 4.699)}",5,2.184,11,[Pretrained] CF,"[1, 2, 3, 4, 5, 6, 7, 8, 12, 13]",2.258,2.258,ResOve,[Pretrained] CF ResOve,0.503,0,0.503,3768,28,0.0,5,0.07399999999999984,0.0,hte_only
14,feature_0 <= 0.058 AND feature_0 <= -0.982 AND feature_1 <= 0.16 AND feature_0 <= -1.716 AND feature_0 <= -2.195 AND feature_1 <= -0.267 AND feature_3 <= -0.36 AND feature_1 <= -0.552 AND feature_2 > -0.296 AND feature_3 <= -0.65 AND feature_8 <= -0.021,"{'feature_0': (-4.695, -2.195), 'feature_1': (-4.202, -0.552), 'feature_3': (-4.344, -0.65), 'feature_2': (-0.296, 4.286), 'feature_8': (-4.447, -0.021)}",5,2.277,11,[Pretrained] CF,"[1, 2, 3, 4, 5, 6, 7, 8, 12, 13]",2.275,2.275,ResOve,[Pretrained] CF ResOve,0.503,0,0.503,3768,28,0.0,5,0.002000000000000224,0.0,hte_only
29,feature_0 <= 0.058 AND feature_0 <= -0.982 AND feature_1 <= 0.16 AND feature_0 <= -1.716 AND feature_0 <= -2.195 AND feature_1 <= -0.267 AND feature_3 > -0.36 AND feature_0 <= -2.288 AND feature_1 <= -0.47 AND feature_4 > -0.77 AND feature_9 > -0.767 AND feature_2 <= -0.699,"{'feature_0': (-4.695, -2.288), 'feature_1': (-4.202, -0.47), 'feature_3': (-0.36, 4.384), 'feature_4': (-0.77, 4.717), 'feature_9': (-0.767, 4.08), 'feature_2': (-4.532, -0.699)}",6,2.195,12,[Pretrained] CF,"[1, 2, 3, 4, 5, 6, 20, 21, 22, 26, 28]",2.269,2.269,ResOve,[Pretrained] CF ResOve,0.503,0,0.503,3768,34,0.0,5,0.07400000000000029,0.0,hte_only
10,feature_0 <= 0.058 AND feature_0 <= -0.982 AND feature_1 <= 0.16 AND feature_0 <= -1.716 AND feature_0 <= -2.195 AND feature_1 <= -0.267 AND feature_3 <= -0.36 AND feature_1 <= -0.552 AND feature_2 <= -0.296 AND feature_0 <= -2.59,"{'feature_0': (-4.695, -2.59), 'feature_1': (-4.202, -0.552), 'feature_3': (-4.344, -0.36), 'feature_2': (-4.532, -0.296)}",4,2.477,10,[Pretrained] CF,"[1, 2, 3, 4, 5, 6, 7, 8, 9]",2.72,2.72,NoOve,[Pretrained] CF NoOve,0.013,0,0.013,3768,25,0.0,5,0.24300000000000033,0.0,hte_only
11,feature_0 <= 0.058 AND feature_0 <= -0.982 AND feature_1 <= 0.16 AND feature_0 <= -1.716 AND feature_0 <= -2.195 AND feature_1 <= -0.267 AND feature_3 <= -0.36 AND feature_1 <= -0.552 AND feature_2 <= -0.296 AND feature_0 > -2.59,"{'feature_0': (-2.59, -2.195), 'feature_1': (-4.202, -0.552), 'feature_3': (-4.344, -0.36), 'feature_2': (-4.532, -0.296)}",4,2.273,10,[Pretrained] CF,"[1, 2, 3, 4, 5, 6, 7, 8, 9]",2.077,2.077,NoOve,[Pretrained] CF NoOve,0.013,0,0.013,3768,39,0.0,5,0.19600000000000017,0.0,hte_only
13,feature_0 <= 0.058 AND feature_0 <= -0.982 AND feature_1 <= 0.16 AND feature_0 <= -1.716 AND feature_0 <= -2.195 AND feature_1 <= -0.267 AND feature_3 <= -0.36 AND feature_1 <= -0.552 AND feature_2 > -0.296 AND feature_3 <= -0.65,"{'feature_0': (-4.695, -2.195), 'feature_1': (-4.202, -0.552), 'feature_3': (-4.344, -0.65), 'feature_2': (-0.296, 4.286)}",4,2.231,10,[Pretrained] CF,"[1, 2, 3, 4, 5, 6, 7, 8, 12]",2.266,2.266,NoOve,[Pretrained] CF NoOve,0.013,0,0.013,3768,56,0.0,5,0.03500000000000014,0.0,hte_only
26,feature_0 <= 0.058 AND feature_0 <= -0.982 AND feature_1 <= 0.16 AND feature_0 <= -1.716 AND feature_0 <= -2.195 AND feature_1 <= -0.267 AND feature_3 > -0.36 AND feature_0 <= -2.288 AND feature_1 <= -0.47 AND feature_4 > -0.77,"{'feature_0': (-4.695, -2.288), 'feature_1': (-4.202, -0.47), 'feature_3': (-0.36, 4.384), 'feature_4': (-0.77, 4.717)}",4,2.082,10,[Pretrained] CF,"[1, 2, 3, 4, 5, 6, 20, 21, 22]",2.279,2.279,NoOve,[Pretrained] CF NoOve,0.013,0,0.013,3768,170,0.0,5,0.19700000000000006,0.0,hte_only
1916,feature_0 <= 0.058 AND feature_0 > -0.982 AND feature_1 > 0.164 AND feature_1 > 1.51 AND feature_0 > -0.428 AND feature_1 > 1.75 AND feature_0 <= -0.211 AND feature_1 > 2.061 AND feature_0 > -0.325 AND feature_3 > 0.853,"{'feature_0': (-0.325, -0.211), 'feature_1': (2.061, 4.438), 'feature_3': (0.853, 4.384)}",3,2.06,10,[Pretrained] CF,"[1, 771, 1393, 1773, 1855, 1893, 1894, 1906, 1910]",2.357,2.357,NoOve,[Pretrained] CF NoOve,0.013,0,0.013,3768,22,0.0,5,0.29700000000000015,0.0,hte_only
879,feature_0 <= 0.058 AND feature_0 > -0.982 AND feature_1 <= 0.164 AND feature_0 <= -0.216 AND feature_1 <= -0.449 AND feature_1 > -1.153 AND feature_0 <= -0.866 AND feature_0 <= -0.949 AND feature_5 > -0.636 AND feature_1 <= -0.564 AND feature_4 > -0.472,"{'feature_0': (-0.982, -0.949), 'feature_1': (-1.153, -0.564), 'feature_5': (-0.636, 4.284), 'feature_4': (-0.472, 4.717)}",4,0.553,11,[Pretrained] CF,"[1, 771, 772, 773, 774, 870, 871, 872, 874, 875]",0.607,0.607,Random,[Pretrained] CF Random,0.003,0,0.003,3768,63,0.0,5,0.05399999999999994,0.0,hte_only
1283,feature_0 <= 0.058 AND feature_0 > -0.982 AND feature_1 <= 0.164 AND feature_0 > -0.216 AND feature_1 > -0.913 AND feature_0 <= -0.125 AND feature_1 > -0.18,"{'feature_0': (-0.216, -0.125), 'feature_1': (-0.18, 0.164)}",2,0.428,7,[Pretrained] CF,"[1, 771, 772, 1126, 1234, 1235]",0.516,0.516,Random,[Pretrained] CF Random,0.003,0,0.003,3768,478,0.0,5,0.08800000000000002,0.0,hte_only
613,feature_0 <= 0.058 AND feature_0 <= -0.982 AND feature_1 > 0.16 AND feature_0 > -1.389 AND feature_1 <= 0.835 AND feature_0 <= -1.209 AND feature_0 > -1.305 AND feature_1 > 0.372 AND feature_1 <= 0.765 AND feature_0 > -1.255,"{'feature_0': (-1.255, -1.209), 'feature_1': (0.372, 0.765)}",2,0.012,10,[Pretrained] CF,"[1, 2, 380, 570, 571, 572, 594, 606, 607]",0.228,0.228,Random,[Pretrained] CF Random,0.003,0,0.003,3768,108,0.0,5,0.216,0.0,hte_only
587,feature_0 <= 0.058 AND feature_0 <= -0.982 AND feature_1 > 0.16 AND feature_0 > -1.389 AND feature_1 <= 0.835 AND feature_0 <= -1.209 AND feature_0 <= -1.305 AND feature_1 > 0.58,"{'feature_0': (-1.389, -1.305), 'feature_1': (0.58, 0.835)}",2,0.132,8,[Pretrained] CF,"[1, 2, 380, 570, 571, 572, 573]",0.235,0.235,Random,[Pretrained] CF Random,0.003,0,0.003,3768,100,0.0,5,0.10299999999999998,0.0,hte_only
931,feature_0 <= 0.058 AND feature_0 > -0.982 AND feature_1 <= 0.164 AND feature_0 <= -0.216 AND feature_1 <= -0.449 AND feature_1 > -1.153 AND feature_0 > -0.866 AND feature_0 <= -0.404 AND feature_4 > -0.867 AND feature_2 > 1.385 AND feature_6 <= -0.078 AND feature_7 <= 0.917,"{'feature_0': (-0.866, -0.404), 'feature_1': (-1.153, -0.449), 'feature_4': (-0.867, 4.717), 'feature_2': (1.385, 4.286), 'feature_6': (-4.852, -0.078), 'feature_7': (-4.375, 0.917)}",6,0.033,12,[Pretrained] CF,"[1, 771, 772, 773, 774, 870, 904, 905, 921, 929, 930]",0.226,0.226,Random,[Pretrained] CF Random,0.003,0,0.003,3768,89,0.0,5,0.193,0.0,hte_only
3765,feature_0 > 0.058 AND feature_0 > 0.946 AND feature_1 > 0.743 AND feature_1 > 1.568 AND feature_0 > 1.289 AND feature_0 > 1.832 AND feature_1 > 1.8 AND feature_4 <= 0.223 AND feature_1 > 2.183,"{'feature_0': (1.832, 4.577), 'feature_1': (2.183, 4.438), 'feature_4': (-4.13, 0.223)}",3,3.805,9,[Pretrained] CF,"[1946, 2936, 3494, 3694, 3732, 3756, 3762, 3763]",4.709,4.655,OptRes,[Pretrained] CF OptRes,0.011,0,0.011,3768,24,0.14421128187806115,5,0.9039999999999995,0.05399999999999938,rest
3763,feature_0 > 0.058 AND feature_0 > 0.946 AND feature_1 > 0.743 AND feature_1 > 1.568 AND feature_0 > 1.289 AND feature_0 > 1.832 AND feature_1 > 1.8 AND feature_4 <= 0.223,"{'feature_0': (1.832, 4.577), 'feature_1': (1.8, 4.438), 'feature_4': (-4.13, 0.223)}",3,3.75,8,[Pretrained] CF,"[1946, 2936, 3494, 3694, 3732, 3756, 3762]",4.439,4.413,OptRes,[Pretrained] CF OptRes,0.011,0,0.011,3768,56,0.19002280020266848,5,0.6890000000000001,0.0259999999999998,rest
3768,feature_0 > 0.058 AND feature_0 > 0.946 AND feature_1 > 0.743 AND feature_1 > 1.568 AND feature_0 > 1.289 AND feature_0 > 1.832 AND feature_1 > 1.8 AND feature_4 > 0.223 AND feature_0 > 1.977,"{'feature_0': (1.977, 4.577), 'feature_1': (1.8, 4.438), 'feature_4': (0.223, 4.717)}",3,3.656,9,[Pretrained] CF,"[1946, 2936, 3494, 3694, 3732, 3756, 3762, 3766]",4.679,4.729,OptRes,[Pretrained] CF OptRes,0.011,0,0.011,3768,30,0.04319371727748691,5,1.0230000000000001,0.04999999999999982,rest
3756,feature_0 > 0.058 AND feature_0 > 0.946 AND feature_1 > 0.743 AND feature_1 > 1.568 AND feature_0 > 1.289 AND feature_0 > 1.832,"{'feature_0': (1.832, 4.577), 'feature_1': (1.568, 4.438)}",2,3.61,6,[Pretrained] CF,"[1946, 2936, 3494, 3694, 3732]",4.329,4.329,OptRes,[Pretrained] CF OptRes,0.011,0,0.011,3768,171,0.21465968586387435,5,0.7189999999999999,0.0,rest
3759,feature_0 > 0.058 AND feature_0 > 0.946 AND feature_1 > 0.743 AND feature_1 > 1.568 AND feature_0 > 1.289 AND feature_0 > 1.832 AND feature_1 <= 1.8 AND feature_0 > 2.096,"{'feature_0': (2.096, 4.577), 'feature_1': (1.568, 1.8)}",2,3.581,8,[Pretrained] CF,"[1946, 2936, 3494, 3694, 3732, 3756, 3757]",4.389,4.419,OptRes,[Pretrained] CF OptRes,0.011,0,0.011,3768,37,0.0549738219895288,5,0.8080000000000003,0.02999999999999936,rest
3768,feature_0 > 0.058 AND feature_0 > 0.946 AND feature_1 > 0.743 AND feature_1 > 1.568 AND feature_0 > 1.289 AND feature_0 > 1.832 AND feature_1 > 1.8 AND feature_4 > 0.223 AND feature_0 > 1.977,"{'feature_0': (1.977, 4.577), 'feature_1': (1.8, 4.438), 'feature_4': (0.223, 4.717)}",3,3.656,9,[Pretrained] CF,"[1946, 2936, 3494, 3694, 3732, 3756, 3762, 3766]",4.679,4.729,ResOve,[Pretrained] CF ResOve,0.99,0,0.99,3768,30,0.0,5,1.0230000000000001,0.04999999999999982,rest
3765,feature_0 > 0.058 AND feature_0 > 0.946 AND feature_1 > 0.743 AND feature_1 > 1.568 AND feature_0 > 1.289 AND feature_0 > 1.832 AND feature_1 > 1.8 AND feature_4 <= 0.223 AND feature_1 > 2.183,"{'feature_0': (1.832, 4.577), 'feature_1': (2.183, 4.438), 'feature_4': (-4.13, 0.223)}",3,3.805,9,[Pretrained] CF,"[1946, 2936, 3494, 3694, 3732, 3756, 3762, 3763]",4.709,4.655,ResOve,[Pretrained] CF ResOve,0.99,0,0.99,3768,24,0.0,5,0.9039999999999995,0.05399999999999938,rest
3764,feature_0 > 0.058 AND feature_0 > 0.946 AND feature_1 > 0.743 AND feature_1 > 1.568 AND feature_0 > 1.289 AND feature_0 > 1.832 AND feature_1 > 1.8 AND feature_4 <= 0.223 AND feature_1 <= 2.183,"{'feature_0': (1.832, 4.577), 'feature_1': (1.8, 2.183), 'feature_4': (-4.13, 0.223)}",3,3.708,9,[Pretrained] CF,"[1946, 2936, 3494, 3694, 3732, 3756, 3762, 3763]",4.231,4.231,ResOve,[Pretrained] CF ResOve,0.99,0,0.99,3768,32,0.0,5,0.5229999999999997,0.0,rest
3759,feature_0 > 0.058 AND feature_0 > 0.946 AND feature_1 > 0.743 AND feature_1 > 1.568 AND feature_0 > 1.289 AND feature_0 > 1.832 AND feature_1 <= 1.8 AND feature_0 > 2.096,"{'feature_0': (2.096, 4.577), 'feature_1': (1.568, 1.8)}",2,3.581,8,[Pretrained] CF,"[1946, 2936, 3494, 3694, 3732, 3756, 3757]",4.389,4.419,ResOve,[Pretrained] CF ResOve,0.99,0,0.99,3768,37,0.0,5,0.8080000000000003,0.02999999999999936,rest
3753,feature_0 > 0.058 AND feature_0 > 0.946 AND feature_1 > 0.743 AND feature_1 > 1.568 AND feature_0 > 1.289 AND feature_0 <= 1.832 AND feature_1 > 1.664 AND feature_0 > 1.63 AND feature_2 > -0.178,"{'feature_0': (1.63, 1.832), 'feature_1': (1.664, 4.438), 'feature_2': (-0.178, 4.286)}",3,3.535,9,[Pretrained] CF,"[1946, 2936, 3494, 3694, 3732, 3733, 3737, 3751]",3.93,3.94,ResOve,[Pretrained] CF ResOve,0.99,0,0.99,3768,50,0.0,5,0.395,0.009999999999999787,rest
3765,feature_0 > 0.058 AND feature_0 > 0.946 AND feature_1 > 0.743 AND feature_1 > 1.568 AND feature_0 > 1.289 AND feature_0 > 1.832 AND feature_1 > 1.8 AND feature_4 <= 0.223 AND feature_1 > 2.183,"{'feature_0': (1.832, 4.577), 'feature_1': (2.183, 4.438), 'feature_4': (-4.13, 0.223)}",3,3.805,9,[Pretrained] CF,"[1946, 2936, 3494, 3694, 3732, 3756, 3762, 3763]",4.709,4.655,NoOve,[Pretrained] CF NoOve,0.015,0,0.015,3768,24,0.0,5,0.9039999999999995,0.05399999999999938,rest
3764,feature_0 > 0.058 AND feature_0 > 0.946 AND feature_1 > 0.743 AND feature_1 > 1.568 AND feature_0 > 1.289 AND feature_0 > 1.832 AND feature_1 > 1.8 AND feature_4 <= 0.223 AND feature_1 <= 2.183,"{'feature_0': (1.832, 4.577), 'feature_1': (1.8, 2.183), 'feature_4': (-4.13, 0.223)}",3,3.708,9,[Pretrained] CF,"[1946, 2936, 3494, 3694, 3732, 3756, 3762, 3763]",4.231,4.231,NoOve,[Pretrained] CF NoOve,0.015,0,0.015,3768,32,0.0,5,0.5229999999999997,0.0,rest
3768,feature_0 > 0.058 AND feature_0 > 0.946 AND feature_1 > 0.743 AND feature_1 > 1.568 AND feature_0 > 1.289 AND feature_0 > 1.832 AND feature_1 > 1.8 AND feature_4 > 0.223 AND feature_0 > 1.977,"{'feature_0': (1.977, 4.577), 'feature_1': (1.8, 4.438), 'feature_4': (0.223, 4.717)}",3,3.656,9,[Pretrained] CF,"[1946, 2936, 3494, 3694, 3732, 3756, 3762, 3766]",4.679,4.729,NoOve,[Pretrained] CF NoOve,0.015,0,0.015,3768,30,0.0,5,1.0230000000000001,0.04999999999999982,rest
3753,feature_0 > 0.058 AND feature_0 > 0.946 AND feature_1 > 0.743 AND feature_1 > 1.568 AND feature_0 > 1.289 AND feature_0 <= 1.832 AND feature_1 > 1.664 AND feature_0 > 1.63 AND feature_2 > -0.178,"{'feature_0': (1.63, 1.832), 'feature_1': (1.664, 4.438), 'feature_2': (-0.178, 4.286)}",3,3.535,9,[Pretrained] CF,"[1946, 2936, 3494, 3694, 3732, 3733, 3737, 3751]",3.93,3.94,NoOve,[Pretrained] CF NoOve,0.015,0,0.015,3768,50,0.0,5,0.395,0.009999999999999787,rest
3748,feature_0 > 0.058 AND feature_0 > 0.946 AND feature_1 > 0.743 AND feature_1 > 1.568 AND feature_0 > 1.289 AND feature_0 <= 1.832 AND feature_1 > 1.664 AND feature_0 <= 1.63 AND feature_1 > 2.181,"{'feature_0': (1.289, 1.63), 'feature_1': (2.181, 4.438)}",2,3.437,9,[Pretrained] CF,"[1946, 2936, 3494, 3694, 3732, 3733, 3737, 3738]",4.018,4.023,NoOve,[Pretrained] CF NoOve,0.015,0,0.015,3768,69,0.0,5,0.581,0.004999999999999893,rest
1021,feature_0 <= 0.058 AND feature_0 > -0.982 AND feature_1 <= 0.164 AND feature_0 <= -0.216 AND feature_1 > -0.449 AND feature_0 <= -0.769 AND feature_0 > -0.892 AND feature_1 > -0.003 AND feature_2 <= 0.99 AND feature_4 > -1.124,"{'feature_0': (-0.892, -0.769), 'feature_1': (-0.003, 0.164), 'feature_2': (-4.532, 0.99), 'feature_4': (-1.124, 4.717)}",4,0.004,10,[Pretrained] CF,"[1, 771, 772, 773, 963, 964, 994, 1018, 1019]",0.095,0.095,Random,[Pretrained] CF Random,0.003,0,0.003,3768,140,0.0,5,0.091,0.0,rest
2101,feature_0 > 0.058 AND feature_0 <= 0.946 AND feature_1 <= 0.771 AND feature_0 <= 0.647 AND feature_1 > -0.652,"{'feature_0': (0.058, 0.647), 'feature_1': (-0.652, 0.771)}",2,1.042,5,[Pretrained] CF,"[1946, 1947, 1948, 1949]",1.08,1.078,Random,[Pretrained] CF Random,0.003,0,0.003,3768,10290,0.0,5,0.038000000000000034,0.0020000000000000018,rest
1487,feature_0 <= 0.058 AND feature_0 > -0.982 AND feature_1 > 0.164 AND feature_1 <= 1.51 AND feature_0 <= -0.397 AND feature_0 > -0.744 AND feature_1 <= 0.765 AND feature_0 <= -0.58 AND feature_1 <= 0.31 AND feature_1 <= 0.179,"{'feature_0': (-0.744, -0.58), 'feature_1': (0.164, 0.179)}",2,0.297,10,[Pretrained] CF,"[1, 771, 1393, 1394, 1395, 1483, 1484, 1485, 1486]",0.129,0.126,Random,[Pretrained] CF Random,0.003,0,0.003,3768,25,0.0,5,0.16799999999999998,0.0030000000000000027,rest
2301,feature_0 > 0.058 AND feature_0 <= 0.946 AND feature_1 <= 0.771 AND feature_0 > 0.647 AND feature_1 <= 0.108 AND feature_1 <= -0.977 AND feature_0 <= 0.775 AND feature_1 <= -1.23 AND feature_2 > -1.348 AND feature_3 > -0.591 AND feature_1 > -1.687 AND feature_0 <= 0.728,"{'feature_0': (0.647, 0.728), 'feature_1': (-1.687, -1.23), 'feature_2': (-1.348, 4.286), 'feature_3': (-0.591, 4.384)}",4,0.814,12,[Pretrained] CF,"[1946, 1947, 1948, 2284, 2285, 2286, 2287, 2288, 2290, 2296, 2300]",0.909,0.908,Random,[Pretrained] CF Random,0.003,0,0.003,3768,85,0.0,5,0.09500000000000008,0.0010000000000000009,rest
2338,feature_0 > 0.058 AND feature_0 <= 0.946 AND feature_1 <= 0.771 AND feature_0 > 0.647 AND feature_1 <= 0.108 AND feature_1 <= -0.977 AND feature_0 > 0.775 AND feature_2 <= 0.849 AND feature_0 > 0.838 AND feature_1 <= -1.278 AND feature_0 > 0.899,"{'feature_0': (0.899, 0.946), 'feature_1': (-4.202, -1.278), 'feature_2': (-4.532, 0.849)}",3,1.173,11,[Pretrained] CF,"[1946, 1947, 1948, 2284, 2285, 2286, 2318, 2319, 2333, 2334]",1.092,1.094,Random,[Pretrained] CF Random,0.003,0,0.003,3768,96,0.0,5,0.08099999999999996,0.0020000000000000018,rest
3480,feature_0 > 0.058 AND feature_0 > 0.946 AND feature_1 <= 0.743 AND feature_0 > 1.577 AND feature_0 > 2.049 AND feature_1 > 0.008 AND feature_4 > -0.358 AND feature_0 > 2.149 AND feature_1 <= 0.316 AND feature_2 > -0.688 AND feature_1 > 0.102 AND feature_5 > -0.07,"{'feature_0': (2.149, 4.577), 'feature_1': (0.102, 0.316), 'feature_4': (-0.358, 4.717), 'feature_2': (-0.688, 4.286), 'feature_5': (-0.07, 4.284)}",5,2.909,12,[Pretrained] CF,"[1946, 2936, 2937, 3253, 3393, 3451, 3467, 3473, 3474, 3476, 3478]",3.307,3.307,OptRes,[Pretrained] CF OptRes,0.009,0,0.009,3768,43,0.11197916666666667,5,0.39800000000000013,0.0,all
3476,feature_0 > 0.058 AND feature_0 > 0.946 AND feature_1 <= 0.743 AND feature_0 > 1.577 AND feature_0 > 2.049 AND feature_1 > 0.008 AND feature_4 > -0.358 AND feature_0 > 2.149 AND feature_1 <= 0.316 AND feature_2 > -0.688,"{'feature_0': (2.149, 4.577), 'feature_1': (0.008, 0.316), 'feature_4': (-0.358, 4.717), 'feature_2': (-0.688, 4.286)}",4,2.846,10,[Pretrained] CF,"[1946, 2936, 2937, 3253, 3393, 3451, 3467, 3473, 3474]",3.253,3.253,OptRes,[Pretrained] CF OptRes,0.009,0,0.009,3768,96,0.25,5,0.40700000000000003,0.0,all
3479,feature_0 > 0.058 AND feature_0 > 0.946 AND feature_1 <= 0.743 AND feature_0 > 1.577 AND feature_0 > 2.049 AND feature_1 > 0.008 AND feature_4 > -0.358 AND feature_0 > 2.149 AND feature_1 <= 0.316 AND feature_2 > -0.688 AND feature_1 > 0.102 AND feature_5 <= -0.07,"{'feature_0': (2.149, 4.577), 'feature_1': (0.102, 0.316), 'feature_4': (-0.358, 4.717), 'feature_2': (-0.688, 4.286), 'feature_5': (-4.895, -0.07)}",5,2.82,12,[Pretrained] CF,"[1946, 2936, 2937, 3253, 3393, 3451, 3467, 3473, 3474, 3476, 3478]",3.228,3.228,OptRes,[Pretrained] CF OptRes,0.009,0,0.009,3768,26,0.06770833333333333,5,0.40800000000000036,0.0,all
3477,feature_0 > 0.058 AND feature_0 > 0.946 AND feature_1 <= 0.743 AND feature_0 > 1.577 AND feature_0 > 2.049 AND feature_1 > 0.008 AND feature_4 > -0.358 AND feature_0 > 2.149 AND feature_1 <= 0.316 AND feature_2 > -0.688 AND feature_1 <= 0.102,"{'feature_0': (2.149, 4.577), 'feature_1': (0.008, 0.102), 'feature_4': (-0.358, 4.717), 'feature_2': (-0.688, 4.286)}",4,2.773,11,[Pretrained] CF,"[1946, 2936, 2937, 3253, 3393, 3451, 3467, 3473, 3474, 3476]",3.189,3.189,OptRes,[Pretrained] CF OptRes,0.009,0,0.009,3768,27,0.0703125,5,0.4159999999999999,0.0,all
3449,feature_0 > 0.058 AND feature_0 > 0.946 AND feature_1 <= 0.743 AND feature_0 > 1.577 AND feature_0 > 2.049 AND feature_1 <= 0.008 AND feature_0 > 2.265 AND feature_6 > -0.096 AND feature_5 > 0.243 AND feature_3 > -0.885 AND feature_0 > 2.515 AND feature_8 <= -0.107,"{'feature_0': (2.515, 4.577), 'feature_1': (-4.202, 0.008), 'feature_6': (-0.096, 4.078), 'feature_5': (0.243, 4.284), 'feature_3': (-0.885, 4.384), 'feature_8': (-4.447, -0.107)}",6,2.728,12,[Pretrained] CF,"[1946, 2936, 2937, 3253, 3393, 3394, 3420, 3434, 3442, 3444, 3448]",3.161,3.161,OptRes,[Pretrained] CF OptRes,0.009,0,0.009,3768,21,0.0,5,0.43299999999999983,0.0,all
3480,feature_0 > 0.058 AND feature_0 > 0.946 AND feature_1 <= 0.743 AND feature_0 > 1.577 AND feature_0 > 2.049 AND feature_1 > 0.008 AND feature_4 > -0.358 AND feature_0 > 2.149 AND feature_1 <= 0.316 AND feature_2 > -0.688 AND feature_1 > 0.102 AND feature_5 > -0.07,"{'feature_0': (2.149, 4.577), 'feature_1': (0.102, 0.316), 'feature_4': (-0.358, 4.717), 'feature_2': (-0.688, 4.286), 'feature_5': (-0.07, 4.284)}",5,2.909,12,[Pretrained] CF,"[1946, 2936, 2937, 3253, 3393, 3451, 3467, 3473, 3474, 3476, 3478]",3.307,3.307,ResOve,[Pretrained] CF ResOve,0.565,0,0.565,3768,43,0.0,5,0.39800000000000013,0.0,all
3479,feature_0 > 0.058 AND feature_0 > 0.946 AND feature_1 <= 0.743 AND feature_0 > 1.577 AND feature_0 > 2.049 AND feature_1 > 0.008 AND feature_4 > -0.358 AND feature_0 > 2.149 AND feature_1 <= 0.316 AND feature_2 > -0.688 AND feature_1 > 0.102 AND feature_5 <= -0.07,"{'feature_0': (2.149, 4.577), 'feature_1': (0.102, 0.316), 'feature_4': (-0.358, 4.717), 'feature_2': (-0.688, 4.286), 'feature_5': (-4.895, -0.07)}",5,2.82,12,[Pretrained] CF,"[1946, 2936, 2937, 3253, 3393, 3451, 3467, 3473, 3474, 3476, 3478]",3.228,3.228,ResOve,[Pretrained] CF ResOve,0.565,0,0.565,3768,26,0.0,5,0.40800000000000036,0.0,all
3449,feature_0 > 0.058 AND feature_0 > 0.946 AND feature_1 <= 0.743 AND feature_0 > 1.577 AND feature_0 > 2.049 AND feature_1 <= 0.008 AND feature_0 > 2.265 AND feature_6 > -0.096 AND feature_5 > 0.243 AND feature_3 > -0.885 AND feature_0 > 2.515 AND feature_8 <= -0.107,"{'feature_0': (2.515, 4.577), 'feature_1': (-4.202, 0.008), 'feature_6': (-0.096, 4.078), 'feature_5': (0.243, 4.284), 'feature_3': (-0.885, 4.384), 'feature_8': (-4.447, -0.107)}",6,2.728,12,[Pretrained] CF,"[1946, 2936, 2937, 3253, 3393, 3394, 3420, 3434, 3442, 3444, 3448]",3.161,3.161,ResOve,[Pretrained] CF ResOve,0.565,0,0.565,3768,21,0.0,5,0.43299999999999983,0.0,all
3475,feature_0 > 0.058 AND feature_0 > 0.946 AND feature_1 <= 0.743 AND feature_0 > 1.577 AND feature_0 > 2.049 AND feature_1 > 0.008 AND feature_4 > -0.358 AND feature_0 > 2.149 AND feature_1 <= 0.316 AND feature_2 <= -0.688,"{'feature_0': (2.149, 4.577), 'feature_1': (0.008, 0.316), 'feature_4': (-0.358, 4.717), 'feature_2': (-4.532, -0.688)}",4,2.686,10,[Pretrained] CF,"[1946, 2936, 2937, 3253, 3393, 3451, 3467, 3473, 3474]",3.282,3.282,ResOve,[Pretrained] CF ResOve,0.565,0,0.565,3768,33,0.0,5,0.5960000000000001,0.0,all
3450,feature_0 > 0.058 AND feature_0 > 0.946 AND feature_1 <= 0.743 AND feature_0 > 1.577 AND feature_0 > 2.049 AND feature_1 <= 0.008 AND feature_0 > 2.265 AND feature_6 > -0.096 AND feature_5 > 0.243 AND feature_3 > -0.885 AND feature_0 > 2.515 AND feature_8 > -0.107,"{'feature_0': (2.515, 4.577), 'feature_1': (-4.202, 0.008), 'feature_6': (-0.096, 4.078), 'feature_5': (0.243, 4.284), 'feature_3': (-0.885, 4.384), 'feature_8': (-0.107, 4.699)}",6,2.697,12,[Pretrained] CF,"[1946, 2936, 2937, 3253, 3393, 3394, 3420, 3434, 3442, 3444, 3448]",3.245,3.245,ResOve,[Pretrained] CF ResOve,0.565,0,0.565,3768,21,0.0,5,0.548,0.0,all
3480,feature_0 > 0.058 AND feature_0 > 0.946 AND feature_1 <= 0.743 AND feature_0 > 1.577 AND feature_0 > 2.049 AND feature_1 > 0.008 AND feature_4 > -0.358 AND feature_0 > 2.149 AND feature_1 <= 0.316 AND feature_2 > -0.688 AND feature_1 > 0.102 AND feature_5 > -0.07,"{'feature_0': (2.149, 4.577), 'feature_1': (0.102, 0.316), 'feature_4': (-0.358, 4.717), 'feature_2': (-0.688, 4.286), 'feature_5': (-0.07, 4.284)}",5,2.909,12,[Pretrained] CF,"[1946, 2936, 2937, 3253, 3393, 3451, 3467, 3473, 3474, 3476, 3478]",3.307,3.307,NoOve,[Pretrained] CF NoOve,0.012,0,0.012,3768,43,0.0,5,0.39800000000000013,0.0,all
3479,feature_0 > 0.058 AND feature_0 > 0.946 AND feature_1 <= 0.743 AND feature_0 > 1.577 AND feature_0 > 2.049 AND feature_1 > 0.008 AND feature_4 > -0.358 AND feature_0 > 2.149 AND feature_1 <= 0.316 AND feature_2 > -0.688 AND feature_1 > 0.102 AND feature_5 <= -0.07,"{'feature_0': (2.149, 4.577), 'feature_1': (0.102, 0.316), 'feature_4': (-0.358, 4.717), 'feature_2': (-0.688, 4.286), 'feature_5': (-4.895, -0.07)}",5,2.82,12,[Pretrained] CF,"[1946, 2936, 2937, 3253, 3393, 3451, 3467, 3473, 3474, 3476, 3478]",3.228,3.228,NoOve,[Pretrained] CF NoOve,0.012,0,0.012,3768,26,0.0,5,0.40800000000000036,0.0,all
3449,feature_0 > 0.058 AND feature_0 > 0.946 AND feature_1 <= 0.743 AND feature_0 > 1.577 AND feature_0 > 2.049 AND feature_1 <= 0.008 AND feature_0 > 2.265 AND feature_6 > -0.096 AND feature_5 > 0.243 AND feature_3 > -0.885 AND feature_0 > 2.515 AND feature_8 <= -0.107,"{'feature_0': (2.515, 4.577), 'feature_1': (-4.202, 0.008), 'feature_6': (-0.096, 4.078), 'feature_5': (0.243, 4.284), 'feature_3': (-0.885, 4.384), 'feature_8': (-4.447, -0.107)}",6,2.728,12,[Pretrained] CF,"[1946, 2936, 2937, 3253, 3393, 3394, 3420, 3434, 3442, 3444, 3448]",3.161,3.161,NoOve,[Pretrained] CF NoOve,0.012,0,0.012,3768,21,0.0,5,0.43299999999999983,0.0,all
3450,feature_0 > 0.058 AND feature_0 > 0.946 AND feature_1 <= 0.743 AND feature_0 > 1.577 AND feature_0 > 2.049 AND feature_1 <= 0.008 AND feature_0 > 2.265 AND feature_6 > -0.096 AND feature_5 > 0.243 AND feature_3 > -0.885 AND feature_0 > 2.515 AND feature_8 > -0.107,"{'feature_0': (2.515, 4.577), 'feature_1': (-4.202, 0.008), 'feature_6': (-0.096, 4.078), 'feature_5': (0.243, 4.284), 'feature_3': (-0.885, 4.384), 'feature_8': (-0.107, 4.699)}",6,2.697,12,[Pretrained] CF,"[1946, 2936, 2937, 3253, 3393, 3394, 3420, 3434, 3442, 3444, 3448]",3.245,3.245,NoOve,[Pretrained] CF NoOve,0.012,0,0.012,3768,21,0.0,5,0.548,0.0,all
3447,feature_0 > 0.058 AND feature_0 > 0.946 AND feature_1 <= 0.743 AND feature_0 > 1.577 AND feature_0 > 2.049 AND feature_1 <= 0.008 AND feature_0 > 2.265 AND feature_6 > -0.096 AND feature_5 > 0.243 AND feature_3 > -0.885 AND feature_0 <= 2.515 AND feature_7 > -0.329,"{'feature_0': (2.265, 2.515), 'feature_1': (-4.202, 0.008), 'feature_6': (-0.096, 4.078), 'feature_5': (0.243, 4.284), 'feature_3': (-0.885, 4.384), 'feature_7': (-0.329, 4.28)}",6,2.606,12,[Pretrained] CF,"[1946, 2936, 2937, 3253, 3393, 3394, 3420, 3434, 3442, 3444, 3445]",2.729,2.729,NoOve,[Pretrained] CF NoOve,0.012,0,0.012,3768,29,0.0,5,0.12300000000000022,0.0,all
2062,feature_0 > 0.058 AND feature_0 <= 0.946 AND feature_1 <= 0.771 AND feature_0 <= 0.647 AND feature_1 <= -0.652 AND feature_1 > -1.007 AND feature_0 <= 0.404 AND feature_0 > 0.098 AND feature_4 <= 1.482 AND feature_2 <= 1.134 AND feature_1 > -0.809 AND feature_3 <= 1.414,"{'feature_0': (0.098, 0.404), 'feature_1': (-0.809, -0.652), 'feature_4': (-4.13, 1.482), 'feature_2': (-4.532, 1.134), 'feature_3': (-4.344, 1.414)}",5,0.845,12,[Pretrained] CF,"[1946, 1947, 1948, 1949, 1950, 2042, 2043, 2055, 2056, 2057, 2061]",0.639,0.639,Random,[Pretrained] CF Random,0.003,0,0.003,3768,438,0.0,5,0.20599999999999996,0.0,all
3094,feature_0 > 0.058 AND feature_0 > 0.946 AND feature_1 <= 0.743 AND feature_0 <= 1.577 AND feature_1 <= 0.104 AND feature_0 > 1.253 AND feature_0 > 1.458 AND feature_1 <= -0.199 AND feature_8 > -0.206,"{'feature_0': (1.458, 1.577), 'feature_1': (-4.202, -0.199), 'feature_8': (-0.206, 4.699)}",3,1.868,9,[Pretrained] CF,"[1946, 2936, 2937, 2938, 2939, 3023, 3079, 3080]",1.882,1.881,Random,[Pretrained] CF Random,0.003,0,0.003,3768,330,0.0,5,0.01399999999999979,0.0009999999999998899,all
2274,feature_0 > 0.058 AND feature_0 <= 0.946 AND feature_1 <= 0.771 AND feature_0 <= 0.647 AND feature_1 > -0.652 AND feature_1 > 0.258 AND feature_1 > 0.658 AND feature_0 > 0.297 AND feature_2 > -0.409 AND feature_1 <= 0.687 AND feature_2 <= 0.699 AND feature_0 <= 0.515,"{'feature_0': (0.297, 0.515), 'feature_1': (0.658, 0.687), 'feature_2': (-0.409, 0.699)}",3,1.283,12,[Pretrained] CF,"[1946, 1947, 1948, 1949, 2101, 2199, 2245, 2261, 2271, 2272, 2273]",1.477,1.477,Random,[Pretrained] CF Random,0.003,0,0.003,3768,31,0.0,5,0.19400000000000017,0.0,all
1005,feature_0 <= 0.058 AND feature_0 > -0.982 AND feature_1 <= 0.164 AND feature_0 <= -0.216 AND feature_1 > -0.449 AND feature_0 <= -0.769 AND feature_0 > -0.892 AND feature_1 <= -0.003 AND feature_4 > -0.716,"{'feature_0': (-0.892, -0.769), 'feature_1': (-0.449, -0.003), 'feature_4': (-0.716, 4.717)}",3,0.138,9,[Pretrained] CF,"[1, 771, 772, 773, 963, 964, 994, 995]",0.238,0.238,Random,[Pretrained] CF Random,0.003,0,0.003,3768,464,0.0,5,0.09999999999999998,0.0,all
318,feature_0 <= 0.058 AND feature_0 <= -0.982 AND feature_1 <= 0.16 AND feature_0 > -1.716 AND feature_0 > -1.47 AND feature_1 <= -0.027 AND feature_0 > -1.072 AND feature_0 > -1.032 AND feature_1 <= -0.277 AND feature_5 <= -0.551 AND feature_1 <= -0.901 AND feature_6 <= 0.15,"{'feature_0': (-1.032, -0.982), 'feature_1': (-4.202, -0.901), 'feature_5': (-4.895, -0.551), 'feature_6': (-4.852, 0.15)}",4,0.613,12,[Pretrained] CF,"[1, 2, 3, 143, 231, 232, 294, 314, 315, 316, 317]",0.799,0.799,Random,[Pretrained] CF Random,0.003,0,0.003,3768,35,0.0,5,0.18600000000000005,0.0,all
