id,condition,combined,features,t_est,depth,algorithm,parents,t,t_r,topK_algorithm,variant,topK_execution_time,ct_execution_time,total_execution_time,total_subgroups,rows,overlap,K,t_error,t_r_error,min_s
741,feature_0 > 0.26 AND feature_1 > 1.06 AND feature_1 > 1.463 AND feature_0 > 0.557 AND feature_2 <= 0.652,"{'feature_0': (0.557, 3.845), 'feature_1': (1.463, 3.852), 'feature_2': (-3.74, 0.652)}",3,2.846,5,[Pretrained] CF,"[468, 710, 734, 740]",3.064,3.012,OptRes,[Pretrained] CF OptRes,0.013,0,0.013,752,42,0.18833717284947515,5,0.21799999999999997,0.052000000000000046,0.1
747,feature_0 > 0.26 AND feature_1 > 1.06 AND feature_1 > 1.463 AND feature_0 > 0.557 AND feature_2 <= 0.652 AND feature_7 > -0.835 AND feature_0 > 0.767,"{'feature_0': (0.767, 3.845), 'feature_1': (1.463, 3.852), 'feature_2': (-3.74, 0.652), 'feature_7': (-0.835, 3.492)}",4,2.842,7,[Pretrained] CF,"[468, 710, 734, 740, 741, 745]",3.229,3.054,OptRes,[Pretrained] CF OptRes,0.013,0,0.013,752,21,0.15538462451907092,5,0.387,0.17500000000000027,0.1
722,feature_0 > 0.26 AND feature_1 > 1.06 AND feature_1 <= 1.463 AND feature_0 > 0.763 AND feature_2 <= 0.453,"{'feature_0': (0.763, 3.845), 'feature_1': (1.06, 1.463), 'feature_2': (-3.74, 0.453)}",3,2.584,5,[Pretrained] CF,"[468, 710, 711, 721]",2.782,2.719,OptRes,[Pretrained] CF OptRes,0.013,0,0.013,752,22,0.04745166959578207,5,0.19799999999999995,0.06300000000000017,0.1
710,feature_0 > 0.26 AND feature_1 > 1.06,"{'feature_0': (0.26, 3.845), 'feature_1': (1.06, 3.852)}",2,2.521,2,[Pretrained] CF,[468],2.66,2.661,OptRes,[Pretrained] CF OptRes,0.013,0,0.013,752,143,0.1445518453427065,5,0.13900000000000023,0.0009999999999998899,0.1
703,feature_0 > 0.26 AND feature_1 <= 1.06 AND feature_0 > 0.8 AND feature_1 > 0.12 AND feature_0 > 1.421 AND feature_4 > 0.123,"{'feature_0': (1.421, 3.845), 'feature_1': (0.12, 1.06), 'feature_4': (0.123, 3.804)}",3,2.337,6,[Pretrained] CF,"[468, 469, 583, 659, 693]",2.834,2.825,OptRes,[Pretrained] CF OptRes,0.013,0,0.013,752,30,0.0,5,0.4969999999999999,0.008999999999999897,0.1
747,feature_0 > 0.26 AND feature_1 > 1.06 AND feature_1 > 1.463 AND feature_0 > 0.557 AND feature_2 <= 0.652 AND feature_7 > -0.835 AND feature_0 > 0.767,"{'feature_0': (0.767, 3.845), 'feature_1': (1.463, 3.852), 'feature_2': (-3.74, 0.652), 'feature_7': (-0.835, 3.492)}",4,2.842,7,[Pretrained] CF,"[468, 710, 734, 740, 741, 745]",3.229,3.054,ResOve,[Pretrained] CF ResOve,0.143,0,0.143,752,21,0.19016062766062766,5,0.387,0.17500000000000027,0.1
741,feature_0 > 0.26 AND feature_1 > 1.06 AND feature_1 > 1.463 AND feature_0 > 0.557 AND feature_2 <= 0.652,"{'feature_0': (0.557, 3.845), 'feature_1': (1.463, 3.852), 'feature_2': (-3.74, 0.652)}",3,2.846,5,[Pretrained] CF,"[468, 710, 734, 740]",3.064,3.012,ResOve,[Pretrained] CF ResOve,0.143,0,0.143,752,42,0.25884194634194635,5,0.21799999999999997,0.052000000000000046,0.1
734,feature_0 > 0.26 AND feature_1 > 1.06 AND feature_1 > 1.463,"{'feature_0': (0.26, 3.845), 'feature_1': (1.463, 3.852)}",2,2.726,3,[Pretrained] CF,"[468, 710]",2.916,2.855,ResOve,[Pretrained] CF ResOve,0.143,0,0.143,752,73,0.20238095238095238,5,0.18999999999999995,0.06099999999999994,0.1
722,feature_0 > 0.26 AND feature_1 > 1.06 AND feature_1 <= 1.463 AND feature_0 > 0.763 AND feature_2 <= 0.453,"{'feature_0': (0.763, 3.845), 'feature_1': (1.06, 1.463), 'feature_2': (-3.74, 0.453)}",3,2.584,5,[Pretrained] CF,"[468, 710, 711, 721]",2.782,2.719,ResOve,[Pretrained] CF ResOve,0.143,0,0.143,752,22,0.0,5,0.19799999999999995,0.06300000000000017,0.1
703,feature_0 > 0.26 AND feature_1 <= 1.06 AND feature_0 > 0.8 AND feature_1 > 0.12 AND feature_0 > 1.421 AND feature_4 > 0.123,"{'feature_0': (1.421, 3.845), 'feature_1': (0.12, 1.06), 'feature_4': (0.123, 3.804)}",3,2.337,6,[Pretrained] CF,"[468, 469, 583, 659, 693]",2.834,2.825,ResOve,[Pretrained] CF ResOve,0.143,0,0.143,752,30,0.0,5,0.4969999999999999,0.008999999999999897,0.1
741,feature_0 > 0.26 AND feature_1 > 1.06 AND feature_1 > 1.463 AND feature_0 > 0.557 AND feature_2 <= 0.652,"{'feature_0': (0.557, 3.845), 'feature_1': (1.463, 3.852), 'feature_2': (-3.74, 0.652)}",3,2.846,5,[Pretrained] CF,"[468, 710, 734, 740]",3.064,3.012,NoOve,[Pretrained] CF NoOve,0.053,0,0.053,752,42,0.0,5,0.21799999999999997,0.052000000000000046,0.1
722,feature_0 > 0.26 AND feature_1 > 1.06 AND feature_1 <= 1.463 AND feature_0 > 0.763 AND feature_2 <= 0.453,"{'feature_0': (0.763, 3.845), 'feature_1': (1.06, 1.463), 'feature_2': (-3.74, 0.453)}",3,2.584,5,[Pretrained] CF,"[468, 710, 711, 721]",2.782,2.719,NoOve,[Pretrained] CF NoOve,0.053,0,0.053,752,22,0.0,5,0.19799999999999995,0.06300000000000017,0.1
693,feature_0 > 0.26 AND feature_1 <= 1.06 AND feature_0 > 0.8 AND feature_1 > 0.12 AND feature_0 > 1.421,"{'feature_0': (1.421, 3.845), 'feature_1': (0.12, 1.06)}",2,2.215,5,[Pretrained] CF,"[468, 469, 583, 659]",2.881,2.863,NoOve,[Pretrained] CF NoOve,0.053,0,0.053,752,54,0.0,5,0.6659999999999999,0.017999999999999794,0.1
660,feature_0 > 0.26 AND feature_1 <= 1.06 AND feature_0 > 0.8 AND feature_1 > 0.12 AND feature_0 <= 1.421,"{'feature_0': (0.8, 1.421), 'feature_1': (0.12, 1.06)}",2,1.97,5,[Pretrained] CF,"[468, 469, 583, 659]",2.084,2.091,NoOve,[Pretrained] CF NoOve,0.053,0,0.053,752,119,0.0,5,0.1140000000000001,0.007000000000000117,0.1
632,feature_0 > 0.26 AND feature_1 <= 1.06 AND feature_0 > 0.8 AND feature_1 <= 0.12 AND feature_0 > 1.512,"{'feature_0': (1.512, 3.845), 'feature_1': (-3.98, 0.12)}",2,1.929,5,[Pretrained] CF,"[468, 469, 583, 584]",2.384,2.349,NoOve,[Pretrained] CF NoOve,0.053,0,0.053,752,87,0.0,5,0.45499999999999985,0.0349999999999997,0.1
742,feature_0 > 0.26 AND feature_1 > 1.06 AND feature_1 > 1.463 AND feature_0 > 0.557 AND feature_2 <= 0.652 AND feature_7 <= -0.835,"{'feature_0': (0.557, 3.845), 'feature_1': (1.463, 3.852), 'feature_2': (-3.74, 0.652), 'feature_7': (-3.746, -0.835)}",4,2.959,6,[Pretrained] CF,"[468, 710, 734, 740, 741]",3.114,3.135,OptRes,[Pretrained] CF OptRes,0.008,0,0.008,752,37,0.06756756756756757,5,0.1549999999999998,0.020999999999999908,0.2
748,feature_0 > 0.26 AND feature_1 > 1.06 AND feature_1 > 1.463 AND feature_0 > 0.557 AND feature_2 <= 0.652 AND feature_7 > -0.835 AND feature_0 > 0.767 AND feature_9 <= 0.059,"{'feature_0': (0.767, 3.845), 'feature_1': (1.463, 3.852), 'feature_2': (-3.74, 0.652), 'feature_7': (-0.835, 3.492), 'feature_9': (-3.581, 0.059)}",5,2.879,8,[Pretrained] CF,"[468, 710, 734, 740, 741, 745, 747]",3.155,3.155,OptRes,[Pretrained] CF OptRes,0.008,0,0.008,752,38,0.06418918918918919,5,0.2759999999999998,0.0,0.2
741,feature_0 > 0.26 AND feature_1 > 1.06 AND feature_1 > 1.463 AND feature_0 > 0.557 AND feature_2 <= 0.652,"{'feature_0': (0.557, 3.845), 'feature_1': (1.463, 3.852), 'feature_2': (-3.74, 0.652)}",3,2.846,5,[Pretrained] CF,"[468, 710, 734, 740]",3.064,3.062,OptRes,[Pretrained] CF OptRes,0.008,0,0.008,752,131,0.25,5,0.21799999999999997,0.002000000000000224,0.2
749,feature_0 > 0.26 AND feature_1 > 1.06 AND feature_1 > 1.463 AND feature_0 > 0.557 AND feature_2 <= 0.652 AND feature_7 > -0.835 AND feature_0 > 0.767 AND feature_9 > 0.059,"{'feature_0': (0.767, 3.845), 'feature_1': (1.463, 3.852), 'feature_2': (-3.74, 0.652), 'feature_7': (-0.835, 3.492), 'feature_9': (0.059, 3.767)}",5,2.803,8,[Pretrained] CF,"[468, 710, 734, 740, 741, 745, 747]",3.309,3.298,OptRes,[Pretrained] CF OptRes,0.008,0,0.008,752,25,0.05912162162162162,5,0.5060000000000002,0.01100000000000012,0.2
746,feature_0 > 0.26 AND feature_1 > 1.06 AND feature_1 > 1.463 AND feature_0 > 0.557 AND feature_2 <= 0.652 AND feature_7 > -0.835 AND feature_0 <= 0.767,"{'feature_0': (0.557, 0.767), 'feature_1': (1.463, 3.852), 'feature_2': (-3.74, 0.652), 'feature_7': (-0.835, 3.492)}",4,2.722,7,[Pretrained] CF,"[468, 710, 734, 740, 741, 745]",2.664,2.671,OptRes,[Pretrained] CF OptRes,0.008,0,0.008,752,31,0.05912162162162162,5,0.05799999999999983,0.006999999999999673,0.2
752,feature_0 > 0.26 AND feature_1 > 1.06 AND feature_1 > 1.463 AND feature_0 > 0.557 AND feature_2 > 0.652 AND feature_1 > 1.686,"{'feature_0': (0.557, 3.845), 'feature_1': (1.686, 3.852), 'feature_2': (0.652, 4.02)}",3,2.72,6,[Pretrained] CF,"[468, 710, 734, 740, 750]",3.443,3.506,ResOve,[Pretrained] CF ResOve,0.111,0,0.111,752,27,0.0,5,0.7229999999999999,0.06299999999999972,0.2
749,feature_0 > 0.26 AND feature_1 > 1.06 AND feature_1 > 1.463 AND feature_0 > 0.557 AND feature_2 <= 0.652 AND feature_7 > -0.835 AND feature_0 > 0.767 AND feature_9 > 0.059,"{'feature_0': (0.767, 3.845), 'feature_1': (1.463, 3.852), 'feature_2': (-3.74, 0.652), 'feature_7': (-0.835, 3.492), 'feature_9': (0.059, 3.767)}",5,2.803,8,[Pretrained] CF,"[468, 710, 734, 740, 741, 745, 747]",3.309,3.298,ResOve,[Pretrained] CF ResOve,0.111,0,0.111,752,25,0.0,5,0.5060000000000002,0.01100000000000012,0.2
748,feature_0 > 0.26 AND feature_1 > 1.06 AND feature_1 > 1.463 AND feature_0 > 0.557 AND feature_2 <= 0.652 AND feature_7 > -0.835 AND feature_0 > 0.767 AND feature_9 <= 0.059,"{'feature_0': (0.767, 3.845), 'feature_1': (1.463, 3.852), 'feature_2': (-3.74, 0.652), 'feature_7': (-0.835, 3.492), 'feature_9': (-3.581, 0.059)}",5,2.879,8,[Pretrained] CF,"[468, 710, 734, 740, 741, 745, 747]",3.155,3.155,ResOve,[Pretrained] CF ResOve,0.111,0,0.111,752,38,0.0,5,0.2759999999999998,0.0,0.2
742,feature_0 > 0.26 AND feature_1 > 1.06 AND feature_1 > 1.463 AND feature_0 > 0.557 AND feature_2 <= 0.652 AND feature_7 <= -0.835,"{'feature_0': (0.557, 3.845), 'feature_1': (1.463, 3.852), 'feature_2': (-3.74, 0.652), 'feature_7': (-3.746, -0.835)}",4,2.959,6,[Pretrained] CF,"[468, 710, 734, 740, 741]",3.114,3.135,ResOve,[Pretrained] CF ResOve,0.111,0,0.111,752,37,0.0,5,0.1549999999999998,0.020999999999999908,0.2
723,feature_0 > 0.26 AND feature_1 > 1.06 AND feature_1 <= 1.463 AND feature_0 > 0.763 AND feature_2 <= 0.453 AND feature_7 <= -0.169,"{'feature_0': (0.763, 3.845), 'feature_1': (1.06, 1.463), 'feature_2': (-3.74, 0.453), 'feature_7': (-3.746, -0.169)}",4,2.674,6,[Pretrained] CF,"[468, 710, 711, 721, 722]",2.878,2.874,ResOve,[Pretrained] CF ResOve,0.111,0,0.111,752,55,0.0,5,0.20400000000000018,0.0040000000000000036,0.2
742,feature_0 > 0.26 AND feature_1 > 1.06 AND feature_1 > 1.463 AND feature_0 > 0.557 AND feature_2 <= 0.652 AND feature_7 <= -0.835,"{'feature_0': (0.557, 3.845), 'feature_1': (1.463, 3.852), 'feature_2': (-3.74, 0.652), 'feature_7': (-3.746, -0.835)}",4,2.959,6,[Pretrained] CF,"[468, 710, 734, 740, 741]",3.114,3.135,NoOve,[Pretrained] CF NoOve,0.011,0,0.011,752,37,0.0,5,0.1549999999999998,0.020999999999999908,0.2
745,feature_0 > 0.26 AND feature_1 > 1.06 AND feature_1 > 1.463 AND feature_0 > 0.557 AND feature_2 <= 0.652 AND feature_7 > -0.835,"{'feature_0': (0.557, 3.845), 'feature_1': (1.463, 3.852), 'feature_2': (-3.74, 0.652), 'feature_7': (-0.835, 3.492)}",4,2.804,6,[Pretrained] CF,"[468, 710, 734, 740, 741]",3.046,3.034,NoOve,[Pretrained] CF NoOve,0.011,0,0.011,752,94,0.0,5,0.242,0.01200000000000001,0.2
752,feature_0 > 0.26 AND feature_1 > 1.06 AND feature_1 > 1.463 AND feature_0 > 0.557 AND feature_2 > 0.652 AND feature_1 > 1.686,"{'feature_0': (0.557, 3.845), 'feature_1': (1.686, 3.852), 'feature_2': (0.652, 4.02)}",3,2.72,6,[Pretrained] CF,"[468, 710, 734, 740, 750]",3.443,3.506,NoOve,[Pretrained] CF NoOve,0.011,0,0.011,752,27,0.0,5,0.7229999999999999,0.06299999999999972,0.2
723,feature_0 > 0.26 AND feature_1 > 1.06 AND feature_1 <= 1.463 AND feature_0 > 0.763 AND feature_2 <= 0.453 AND feature_7 <= -0.169,"{'feature_0': (0.763, 3.845), 'feature_1': (1.06, 1.463), 'feature_2': (-3.74, 0.453), 'feature_7': (-3.746, -0.169)}",4,2.674,6,[Pretrained] CF,"[468, 710, 711, 721, 722]",2.878,2.874,NoOve,[Pretrained] CF NoOve,0.011,0,0.011,752,55,0.0,5,0.20400000000000018,0.0040000000000000036,0.2
739,feature_0 > 0.26 AND feature_1 > 1.06 AND feature_1 > 1.463 AND feature_0 <= 0.557 AND feature_0 > 0.352 AND feature_1 > 1.661,"{'feature_0': (0.352, 0.557), 'feature_1': (1.661, 3.852)}",2,2.668,6,[Pretrained] CF,"[468, 710, 734, 735, 737]",2.549,2.564,NoOve,[Pretrained] CF NoOve,0.011,0,0.011,752,27,0.0,5,0.11900000000000022,0.015000000000000124,0.2
748,feature_0 > 0.26 AND feature_1 > 1.06 AND feature_1 > 1.463 AND feature_0 > 0.557 AND feature_2 <= 0.652 AND feature_7 > -0.835 AND feature_0 > 0.767 AND feature_9 <= 0.059,"{'feature_0': (0.767, 3.845), 'feature_1': (1.463, 3.852), 'feature_2': (-3.74, 0.652), 'feature_7': (-0.835, 3.492), 'feature_9': (-3.581, 0.059)}",5,2.879,8,[Pretrained] CF,"[468, 710, 734, 740, 741, 745, 747]",3.155,3.155,OptRes,[Pretrained] CF OptRes,0.008,0,0.008,752,38,0.06418918918918919,5,0.2759999999999998,0.0,0.3
741,feature_0 > 0.26 AND feature_1 > 1.06 AND feature_1 > 1.463 AND feature_0 > 0.557 AND feature_2 <= 0.652,"{'feature_0': (0.557, 3.845), 'feature_1': (1.463, 3.852), 'feature_2': (-3.74, 0.652)}",3,2.846,5,[Pretrained] CF,"[468, 710, 734, 740]",3.064,3.032,OptRes,[Pretrained] CF OptRes,0.008,0,0.008,752,126,0.18243243243243243,5,0.21799999999999997,0.03200000000000003,0.3
749,feature_0 > 0.26 AND feature_1 > 1.06 AND feature_1 > 1.463 AND feature_0 > 0.557 AND feature_2 <= 0.652 AND feature_7 > -0.835 AND feature_0 > 0.767 AND feature_9 > 0.059,"{'feature_0': (0.767, 3.845), 'feature_1': (1.463, 3.852), 'feature_2': (-3.74, 0.652), 'feature_7': (-0.835, 3.492), 'feature_9': (0.059, 3.767)}",5,2.803,8,[Pretrained] CF,"[468, 710, 734, 740, 741, 745, 747]",3.309,3.309,OptRes,[Pretrained] CF OptRes,0.008,0,0.008,752,35,0.05912162162162162,5,0.5060000000000002,0.0,0.3
746,feature_0 > 0.26 AND feature_1 > 1.06 AND feature_1 > 1.463 AND feature_0 > 0.557 AND feature_2 <= 0.652 AND feature_7 > -0.835 AND feature_0 <= 0.767,"{'feature_0': (0.557, 0.767), 'feature_1': (1.463, 3.852), 'feature_2': (-3.74, 0.652), 'feature_7': (-0.835, 3.492)}",4,2.722,7,[Pretrained] CF,"[468, 710, 734, 740, 741, 745]",2.664,2.664,OptRes,[Pretrained] CF OptRes,0.008,0,0.008,752,35,0.05912162162162162,5,0.05799999999999983,0.0,0.3
752,feature_0 > 0.26 AND feature_1 > 1.06 AND feature_1 > 1.463 AND feature_0 > 0.557 AND feature_2 > 0.652 AND feature_1 > 1.686,"{'feature_0': (0.557, 3.845), 'feature_1': (1.686, 3.852), 'feature_2': (0.652, 4.02)}",3,2.72,6,[Pretrained] CF,"[468, 710, 734, 740, 750]",3.443,3.376,OptRes,[Pretrained] CF OptRes,0.008,0,0.008,752,26,0.0,5,0.7229999999999999,0.06700000000000017,0.3
752,feature_0 > 0.26 AND feature_1 > 1.06 AND feature_1 > 1.463 AND feature_0 > 0.557 AND feature_2 > 0.652 AND feature_1 > 1.686,"{'feature_0': (0.557, 3.845), 'feature_1': (1.686, 3.852), 'feature_2': (0.652, 4.02)}",3,2.72,6,[Pretrained] CF,"[468, 710, 734, 740, 750]",3.443,3.376,ResOve,[Pretrained] CF ResOve,0.112,0,0.112,752,26,0.0,5,0.7229999999999999,0.06700000000000017,0.3
749,feature_0 > 0.26 AND feature_1 > 1.06 AND feature_1 > 1.463 AND feature_0 > 0.557 AND feature_2 <= 0.652 AND feature_7 > -0.835 AND feature_0 > 0.767 AND feature_9 > 0.059,"{'feature_0': (0.767, 3.845), 'feature_1': (1.463, 3.852), 'feature_2': (-3.74, 0.652), 'feature_7': (-0.835, 3.492), 'feature_9': (0.059, 3.767)}",5,2.803,8,[Pretrained] CF,"[468, 710, 734, 740, 741, 745, 747]",3.309,3.309,ResOve,[Pretrained] CF ResOve,0.112,0,0.112,752,35,0.0,5,0.5060000000000002,0.0,0.3
748,feature_0 > 0.26 AND feature_1 > 1.06 AND feature_1 > 1.463 AND feature_0 > 0.557 AND feature_2 <= 0.652 AND feature_7 > -0.835 AND feature_0 > 0.767 AND feature_9 <= 0.059,"{'feature_0': (0.767, 3.845), 'feature_1': (1.463, 3.852), 'feature_2': (-3.74, 0.652), 'feature_7': (-0.835, 3.492), 'feature_9': (-3.581, 0.059)}",5,2.879,8,[Pretrained] CF,"[468, 710, 734, 740, 741, 745, 747]",3.155,3.155,ResOve,[Pretrained] CF ResOve,0.112,0,0.112,752,38,0.0,5,0.2759999999999998,0.0,0.3
746,feature_0 > 0.26 AND feature_1 > 1.06 AND feature_1 > 1.463 AND feature_0 > 0.557 AND feature_2 <= 0.652 AND feature_7 > -0.835 AND feature_0 <= 0.767,"{'feature_0': (0.557, 0.767), 'feature_1': (1.463, 3.852), 'feature_2': (-3.74, 0.652), 'feature_7': (-0.835, 3.492)}",4,2.722,7,[Pretrained] CF,"[468, 710, 734, 740, 741, 745]",2.664,2.664,ResOve,[Pretrained] CF ResOve,0.112,0,0.112,752,35,0.0,5,0.05799999999999983,0.0,0.3
723,feature_0 > 0.26 AND feature_1 > 1.06 AND feature_1 <= 1.463 AND feature_0 > 0.763 AND feature_2 <= 0.453 AND feature_7 <= -0.169,"{'feature_0': (0.763, 3.845), 'feature_1': (1.06, 1.463), 'feature_2': (-3.74, 0.453), 'feature_7': (-3.746, -0.169)}",4,2.674,6,[Pretrained] CF,"[468, 710, 711, 721, 722]",2.878,2.793,ResOve,[Pretrained] CF ResOve,0.112,0,0.112,752,46,0.0,5,0.20400000000000018,0.08499999999999996,0.3
745,feature_0 > 0.26 AND feature_1 > 1.06 AND feature_1 > 1.463 AND feature_0 > 0.557 AND feature_2 <= 0.652 AND feature_7 > -0.835,"{'feature_0': (0.557, 3.845), 'feature_1': (1.463, 3.852), 'feature_2': (-3.74, 0.652), 'feature_7': (-0.835, 3.492)}",4,2.804,6,[Pretrained] CF,"[468, 710, 734, 740, 741]",3.046,3.046,NoOve,[Pretrained] CF NoOve,0.011,0,0.011,752,108,0.0,5,0.242,0.0,0.3
752,feature_0 > 0.26 AND feature_1 > 1.06 AND feature_1 > 1.463 AND feature_0 > 0.557 AND feature_2 > 0.652 AND feature_1 > 1.686,"{'feature_0': (0.557, 3.845), 'feature_1': (1.686, 3.852), 'feature_2': (0.652, 4.02)}",3,2.72,6,[Pretrained] CF,"[468, 710, 734, 740, 750]",3.443,3.376,NoOve,[Pretrained] CF NoOve,0.011,0,0.011,752,26,0.0,5,0.7229999999999999,0.06700000000000017,0.3
723,feature_0 > 0.26 AND feature_1 > 1.06 AND feature_1 <= 1.463 AND feature_0 > 0.763 AND feature_2 <= 0.453 AND feature_7 <= -0.169,"{'feature_0': (0.763, 3.845), 'feature_1': (1.06, 1.463), 'feature_2': (-3.74, 0.453), 'feature_7': (-3.746, -0.169)}",4,2.674,6,[Pretrained] CF,"[468, 710, 711, 721, 722]",2.878,2.793,NoOve,[Pretrained] CF NoOve,0.011,0,0.011,752,46,0.0,5,0.20400000000000018,0.08499999999999996,0.3
739,feature_0 > 0.26 AND feature_1 > 1.06 AND feature_1 > 1.463 AND feature_0 <= 0.557 AND feature_0 > 0.352 AND feature_1 > 1.661,"{'feature_0': (0.352, 0.557), 'feature_1': (1.661, 3.852)}",2,2.668,6,[Pretrained] CF,"[468, 710, 734, 735, 737]",2.549,2.557,NoOve,[Pretrained] CF NoOve,0.011,0,0.011,752,29,0.0,5,0.11900000000000022,0.008000000000000007,0.3
726,feature_0 > 0.26 AND feature_1 > 1.06 AND feature_1 <= 1.463 AND feature_0 > 0.763 AND feature_2 <= 0.453 AND feature_7 > -0.169,"{'feature_0': (0.763, 3.845), 'feature_1': (1.06, 1.463), 'feature_2': (-3.74, 0.453), 'feature_7': (-0.169, 3.492)}",4,2.484,6,[Pretrained] CF,"[468, 710, 711, 721, 722]",2.676,2.676,NoOve,[Pretrained] CF NoOve,0.011,0,0.011,752,51,0.0,5,0.19200000000000017,0.0,0.3
742,feature_0 > 0.26 AND feature_1 > 1.06 AND feature_1 > 1.463 AND feature_0 > 0.557 AND feature_2 <= 0.652 AND feature_7 <= -0.835,"{'feature_0': (0.557, 3.845), 'feature_1': (1.463, 3.852), 'feature_2': (-3.74, 0.652), 'feature_7': (-3.746, -0.835)}",4,2.959,6,[Pretrained] CF,"[468, 710, 734, 740, 741]",3.114,3.114,OptRes,[Pretrained] CF OptRes,0.009,0,0.009,752,40,0.06756756756756757,5,0.1549999999999998,0.0,0.4
748,feature_0 > 0.26 AND feature_1 > 1.06 AND feature_1 > 1.463 AND feature_0 > 0.557 AND feature_2 <= 0.652 AND feature_7 > -0.835 AND feature_0 > 0.767 AND feature_9 <= 0.059,"{'feature_0': (0.767, 3.845), 'feature_1': (1.463, 3.852), 'feature_2': (-3.74, 0.652), 'feature_7': (-0.835, 3.492), 'feature_9': (-3.581, 0.059)}",5,2.879,8,[Pretrained] CF,"[468, 710, 734, 740, 741, 745, 747]",3.155,3.155,OptRes,[Pretrained] CF OptRes,0.009,0,0.009,752,38,0.06418918918918919,5,0.2759999999999998,0.0,0.4
741,feature_0 > 0.26 AND feature_1 > 1.06 AND feature_1 > 1.463 AND feature_0 > 0.557 AND feature_2 <= 0.652,"{'feature_0': (0.557, 3.845), 'feature_1': (1.463, 3.852), 'feature_2': (-3.74, 0.652)}",3,2.846,5,[Pretrained] CF,"[468, 710, 734, 740]",3.064,3.064,OptRes,[Pretrained] CF OptRes,0.009,0,0.009,752,148,0.25,5,0.21799999999999997,0.0,0.4
749,feature_0 > 0.26 AND feature_1 > 1.06 AND feature_1 > 1.463 AND feature_0 > 0.557 AND feature_2 <= 0.652 AND feature_7 > -0.835 AND feature_0 > 0.767 AND feature_9 > 0.059,"{'feature_0': (0.767, 3.845), 'feature_1': (1.463, 3.852), 'feature_2': (-3.74, 0.652), 'feature_7': (-0.835, 3.492), 'feature_9': (0.059, 3.767)}",5,2.803,8,[Pretrained] CF,"[468, 710, 734, 740, 741, 745, 747]",3.309,3.309,OptRes,[Pretrained] CF OptRes,0.009,0,0.009,752,35,0.05912162162162162,5,0.5060000000000002,0.0,0.4
746,feature_0 > 0.26 AND feature_1 > 1.06 AND feature_1 > 1.463 AND feature_0 > 0.557 AND feature_2 <= 0.652 AND feature_7 > -0.835 AND feature_0 <= 0.767,"{'feature_0': (0.557, 0.767), 'feature_1': (1.463, 3.852), 'feature_2': (-3.74, 0.652), 'feature_7': (-0.835, 3.492)}",4,2.722,7,[Pretrained] CF,"[468, 710, 734, 740, 741, 745]",2.664,2.664,OptRes,[Pretrained] CF OptRes,0.009,0,0.009,752,35,0.05912162162162162,5,0.05799999999999983,0.0,0.4
752,feature_0 > 0.26 AND feature_1 > 1.06 AND feature_1 > 1.463 AND feature_0 > 0.557 AND feature_2 > 0.652 AND feature_1 > 1.686,"{'feature_0': (0.557, 3.845), 'feature_1': (1.686, 3.852), 'feature_2': (0.652, 4.02)}",3,2.72,6,[Pretrained] CF,"[468, 710, 734, 740, 750]",3.443,3.443,ResOve,[Pretrained] CF ResOve,0.055,0,0.055,752,32,0.0,5,0.7229999999999999,0.0,0.4
748,feature_0 > 0.26 AND feature_1 > 1.06 AND feature_1 > 1.463 AND feature_0 > 0.557 AND feature_2 <= 0.652 AND feature_7 > -0.835 AND feature_0 > 0.767 AND feature_9 <= 0.059,"{'feature_0': (0.767, 3.845), 'feature_1': (1.463, 3.852), 'feature_2': (-3.74, 0.652), 'feature_7': (-0.835, 3.492), 'feature_9': (-3.581, 0.059)}",5,2.879,8,[Pretrained] CF,"[468, 710, 734, 740, 741, 745, 747]",3.155,3.155,ResOve,[Pretrained] CF ResOve,0.055,0,0.055,752,38,0.0,5,0.2759999999999998,0.0,0.4
746,feature_0 > 0.26 AND feature_1 > 1.06 AND feature_1 > 1.463 AND feature_0 > 0.557 AND feature_2 <= 0.652 AND feature_7 > -0.835 AND feature_0 <= 0.767,"{'feature_0': (0.557, 0.767), 'feature_1': (1.463, 3.852), 'feature_2': (-3.74, 0.652), 'feature_7': (-0.835, 3.492)}",4,2.722,7,[Pretrained] CF,"[468, 710, 734, 740, 741, 745]",2.664,2.664,ResOve,[Pretrained] CF ResOve,0.055,0,0.055,752,35,0.0,5,0.05799999999999983,0.0,0.4
742,feature_0 > 0.26 AND feature_1 > 1.06 AND feature_1 > 1.463 AND feature_0 > 0.557 AND feature_2 <= 0.652 AND feature_7 <= -0.835,"{'feature_0': (0.557, 3.845), 'feature_1': (1.463, 3.852), 'feature_2': (-3.74, 0.652), 'feature_7': (-3.746, -0.835)}",4,2.959,6,[Pretrained] CF,"[468, 710, 734, 740, 741]",3.114,3.114,ResOve,[Pretrained] CF ResOve,0.055,0,0.055,752,40,0.0,5,0.1549999999999998,0.0,0.4
723,feature_0 > 0.26 AND feature_1 > 1.06 AND feature_1 <= 1.463 AND feature_0 > 0.763 AND feature_2 <= 0.453 AND feature_7 <= -0.169,"{'feature_0': (0.763, 3.845), 'feature_1': (1.06, 1.463), 'feature_2': (-3.74, 0.453), 'feature_7': (-3.746, -0.169)}",4,2.674,6,[Pretrained] CF,"[468, 710, 711, 721, 722]",2.878,2.878,ResOve,[Pretrained] CF ResOve,0.055,0,0.055,752,57,0.0,5,0.20400000000000018,0.0,0.4
742,feature_0 > 0.26 AND feature_1 > 1.06 AND feature_1 > 1.463 AND feature_0 > 0.557 AND feature_2 <= 0.652 AND feature_7 <= -0.835,"{'feature_0': (0.557, 3.845), 'feature_1': (1.463, 3.852), 'feature_2': (-3.74, 0.652), 'feature_7': (-3.746, -0.835)}",4,2.959,6,[Pretrained] CF,"[468, 710, 734, 740, 741]",3.114,3.114,NoOve,[Pretrained] CF NoOve,0.008,0,0.008,752,40,0.0,5,0.1549999999999998,0.0,0.4
745,feature_0 > 0.26 AND feature_1 > 1.06 AND feature_1 > 1.463 AND feature_0 > 0.557 AND feature_2 <= 0.652 AND feature_7 > -0.835,"{'feature_0': (0.557, 3.845), 'feature_1': (1.463, 3.852), 'feature_2': (-3.74, 0.652), 'feature_7': (-0.835, 3.492)}",4,2.804,6,[Pretrained] CF,"[468, 710, 734, 740, 741]",3.046,3.046,NoOve,[Pretrained] CF NoOve,0.008,0,0.008,752,108,0.0,5,0.242,0.0,0.4
752,feature_0 > 0.26 AND feature_1 > 1.06 AND feature_1 > 1.463 AND feature_0 > 0.557 AND feature_2 > 0.652 AND feature_1 > 1.686,"{'feature_0': (0.557, 3.845), 'feature_1': (1.686, 3.852), 'feature_2': (0.652, 4.02)}",3,2.72,6,[Pretrained] CF,"[468, 710, 734, 740, 750]",3.443,3.443,NoOve,[Pretrained] CF NoOve,0.008,0,0.008,752,32,0.0,5,0.7229999999999999,0.0,0.4
723,feature_0 > 0.26 AND feature_1 > 1.06 AND feature_1 <= 1.463 AND feature_0 > 0.763 AND feature_2 <= 0.453 AND feature_7 <= -0.169,"{'feature_0': (0.763, 3.845), 'feature_1': (1.06, 1.463), 'feature_2': (-3.74, 0.453), 'feature_7': (-3.746, -0.169)}",4,2.674,6,[Pretrained] CF,"[468, 710, 711, 721, 722]",2.878,2.878,NoOve,[Pretrained] CF NoOve,0.008,0,0.008,752,57,0.0,5,0.20400000000000018,0.0,0.4
739,feature_0 > 0.26 AND feature_1 > 1.06 AND feature_1 > 1.463 AND feature_0 <= 0.557 AND feature_0 > 0.352 AND feature_1 > 1.661,"{'feature_0': (0.352, 0.557), 'feature_1': (1.661, 3.852)}",2,2.668,6,[Pretrained] CF,"[468, 710, 734, 735, 737]",2.549,2.549,NoOve,[Pretrained] CF NoOve,0.008,0,0.008,752,30,0.0,5,0.11900000000000022,0.0,0.4
742,feature_0 > 0.26 AND feature_1 > 1.06 AND feature_1 > 1.463 AND feature_0 > 0.557 AND feature_2 <= 0.652 AND feature_7 <= -0.835,"{'feature_0': (0.557, 3.845), 'feature_1': (1.463, 3.852), 'feature_2': (-3.74, 0.652), 'feature_7': (-3.746, -0.835)}",4,2.959,6,[Pretrained] CF,"[468, 710, 734, 740, 741]",3.114,3.114,OptRes,[Pretrained] CF OptRes,0.008,0,0.008,752,40,0.06756756756756757,5,0.1549999999999998,0.0,0.5
748,feature_0 > 0.26 AND feature_1 > 1.06 AND feature_1 > 1.463 AND feature_0 > 0.557 AND feature_2 <= 0.652 AND feature_7 > -0.835 AND feature_0 > 0.767 AND feature_9 <= 0.059,"{'feature_0': (0.767, 3.845), 'feature_1': (1.463, 3.852), 'feature_2': (-3.74, 0.652), 'feature_7': (-0.835, 3.492), 'feature_9': (-3.581, 0.059)}",5,2.879,8,[Pretrained] CF,"[468, 710, 734, 740, 741, 745, 747]",3.155,3.107,OptRes,[Pretrained] CF OptRes,0.008,0,0.008,752,32,0.06418918918918919,5,0.2759999999999998,0.0479999999999996,0.5
741,feature_0 > 0.26 AND feature_1 > 1.06 AND feature_1 > 1.463 AND feature_0 > 0.557 AND feature_2 <= 0.652,"{'feature_0': (0.557, 3.845), 'feature_1': (1.463, 3.852), 'feature_2': (-3.74, 0.652)}",3,2.846,5,[Pretrained] CF,"[468, 710, 734, 740]",3.064,3.051,OptRes,[Pretrained] CF OptRes,0.008,0,0.008,752,127,0.25,5,0.21799999999999997,0.0129999999999999,0.5
749,feature_0 > 0.26 AND feature_1 > 1.06 AND feature_1 > 1.463 AND feature_0 > 0.557 AND feature_2 <= 0.652 AND feature_7 > -0.835 AND feature_0 > 0.767 AND feature_9 > 0.059,"{'feature_0': (0.767, 3.845), 'feature_1': (1.463, 3.852), 'feature_2': (-3.74, 0.652), 'feature_7': (-0.835, 3.492), 'feature_9': (0.059, 3.767)}",5,2.803,8,[Pretrained] CF,"[468, 710, 734, 740, 741, 745, 747]",3.309,3.306,OptRes,[Pretrained] CF OptRes,0.008,0,0.008,752,28,0.05912162162162162,5,0.5060000000000002,0.0030000000000001137,0.5
746,feature_0 > 0.26 AND feature_1 > 1.06 AND feature_1 > 1.463 AND feature_0 > 0.557 AND feature_2 <= 0.652 AND feature_7 > -0.835 AND feature_0 <= 0.767,"{'feature_0': (0.557, 0.767), 'feature_1': (1.463, 3.852), 'feature_2': (-3.74, 0.652), 'feature_7': (-0.835, 3.492)}",4,2.722,7,[Pretrained] CF,"[468, 710, 734, 740, 741, 745]",2.664,2.628,OptRes,[Pretrained] CF OptRes,0.008,0,0.008,752,27,0.05912162162162162,5,0.05799999999999983,0.03600000000000003,0.5
752,feature_0 > 0.26 AND feature_1 > 1.06 AND feature_1 > 1.463 AND feature_0 > 0.557 AND feature_2 > 0.652 AND feature_1 > 1.686,"{'feature_0': (0.557, 3.845), 'feature_1': (1.686, 3.852), 'feature_2': (0.652, 4.02)}",3,2.72,6,[Pretrained] CF,"[468, 710, 734, 740, 750]",3.443,3.5,ResOve,[Pretrained] CF ResOve,0.111,0,0.111,752,27,0.0,5,0.7229999999999999,0.05699999999999994,0.5
749,feature_0 > 0.26 AND feature_1 > 1.06 AND feature_1 > 1.463 AND feature_0 > 0.557 AND feature_2 <= 0.652 AND feature_7 > -0.835 AND feature_0 > 0.767 AND feature_9 > 0.059,"{'feature_0': (0.767, 3.845), 'feature_1': (1.463, 3.852), 'feature_2': (-3.74, 0.652), 'feature_7': (-0.835, 3.492), 'feature_9': (0.059, 3.767)}",5,2.803,8,[Pretrained] CF,"[468, 710, 734, 740, 741, 745, 747]",3.309,3.306,ResOve,[Pretrained] CF ResOve,0.111,0,0.111,752,28,0.0,5,0.5060000000000002,0.0030000000000001137,0.5
748,feature_0 > 0.26 AND feature_1 > 1.06 AND feature_1 > 1.463 AND feature_0 > 0.557 AND feature_2 <= 0.652 AND feature_7 > -0.835 AND feature_0 > 0.767 AND feature_9 <= 0.059,"{'feature_0': (0.767, 3.845), 'feature_1': (1.463, 3.852), 'feature_2': (-3.74, 0.652), 'feature_7': (-0.835, 3.492), 'feature_9': (-3.581, 0.059)}",5,2.879,8,[Pretrained] CF,"[468, 710, 734, 740, 741, 745, 747]",3.155,3.107,ResOve,[Pretrained] CF ResOve,0.111,0,0.111,752,32,0.0,5,0.2759999999999998,0.0479999999999996,0.5
742,feature_0 > 0.26 AND feature_1 > 1.06 AND feature_1 > 1.463 AND feature_0 > 0.557 AND feature_2 <= 0.652 AND feature_7 <= -0.835,"{'feature_0': (0.557, 3.845), 'feature_1': (1.463, 3.852), 'feature_2': (-3.74, 0.652), 'feature_7': (-3.746, -0.835)}",4,2.959,6,[Pretrained] CF,"[468, 710, 734, 740, 741]",3.114,3.114,ResOve,[Pretrained] CF ResOve,0.111,0,0.111,752,40,0.0,5,0.1549999999999998,0.0,0.5
723,feature_0 > 0.26 AND feature_1 > 1.06 AND feature_1 <= 1.463 AND feature_0 > 0.763 AND feature_2 <= 0.453 AND feature_7 <= -0.169,"{'feature_0': (0.763, 3.845), 'feature_1': (1.06, 1.463), 'feature_2': (-3.74, 0.453), 'feature_7': (-3.746, -0.169)}",4,2.674,6,[Pretrained] CF,"[468, 710, 711, 721, 722]",2.878,2.878,ResOve,[Pretrained] CF ResOve,0.111,0,0.111,752,57,0.0,5,0.20400000000000018,0.0,0.5
742,feature_0 > 0.26 AND feature_1 > 1.06 AND feature_1 > 1.463 AND feature_0 > 0.557 AND feature_2 <= 0.652 AND feature_7 <= -0.835,"{'feature_0': (0.557, 3.845), 'feature_1': (1.463, 3.852), 'feature_2': (-3.74, 0.652), 'feature_7': (-3.746, -0.835)}",4,2.959,6,[Pretrained] CF,"[468, 710, 734, 740, 741]",3.114,3.114,NoOve,[Pretrained] CF NoOve,0.012,0,0.012,752,40,0.0,5,0.1549999999999998,0.0,0.5
745,feature_0 > 0.26 AND feature_1 > 1.06 AND feature_1 > 1.463 AND feature_0 > 0.557 AND feature_2 <= 0.652 AND feature_7 > -0.835,"{'feature_0': (0.557, 3.845), 'feature_1': (1.463, 3.852), 'feature_2': (-3.74, 0.652), 'feature_7': (-0.835, 3.492)}",4,2.804,6,[Pretrained] CF,"[468, 710, 734, 740, 741]",3.046,3.023,NoOve,[Pretrained] CF NoOve,0.012,0,0.012,752,87,0.0,5,0.242,0.022999999999999687,0.5
752,feature_0 > 0.26 AND feature_1 > 1.06 AND feature_1 > 1.463 AND feature_0 > 0.557 AND feature_2 > 0.652 AND feature_1 > 1.686,"{'feature_0': (0.557, 3.845), 'feature_1': (1.686, 3.852), 'feature_2': (0.652, 4.02)}",3,2.72,6,[Pretrained] CF,"[468, 710, 734, 740, 750]",3.443,3.5,NoOve,[Pretrained] CF NoOve,0.012,0,0.012,752,27,0.0,5,0.7229999999999999,0.05699999999999994,0.5
723,feature_0 > 0.26 AND feature_1 > 1.06 AND feature_1 <= 1.463 AND feature_0 > 0.763 AND feature_2 <= 0.453 AND feature_7 <= -0.169,"{'feature_0': (0.763, 3.845), 'feature_1': (1.06, 1.463), 'feature_2': (-3.74, 0.453), 'feature_7': (-3.746, -0.169)}",4,2.674,6,[Pretrained] CF,"[468, 710, 711, 721, 722]",2.878,2.878,NoOve,[Pretrained] CF NoOve,0.012,0,0.012,752,57,0.0,5,0.20400000000000018,0.0,0.5
739,feature_0 > 0.26 AND feature_1 > 1.06 AND feature_1 > 1.463 AND feature_0 <= 0.557 AND feature_0 > 0.352 AND feature_1 > 1.661,"{'feature_0': (0.352, 0.557), 'feature_1': (1.661, 3.852)}",2,2.668,6,[Pretrained] CF,"[468, 710, 734, 735, 737]",2.549,2.551,NoOve,[Pretrained] CF NoOve,0.012,0,0.012,752,27,0.0,5,0.11900000000000022,0.002000000000000224,0.5
742,feature_0 > 0.26 AND feature_1 > 1.06 AND feature_1 > 1.463 AND feature_0 > 0.557 AND feature_2 <= 0.652 AND feature_7 <= -0.835,"{'feature_0': (0.557, 3.845), 'feature_1': (1.463, 3.852), 'feature_2': (-3.74, 0.652), 'feature_7': (-3.746, -0.835)}",4,2.959,6,[Pretrained] CF,"[468, 710, 734, 740, 741]",3.114,3.077,OptRes,[Pretrained] CF OptRes,0.011,0,0.011,752,33,0.06756756756756757,5,0.1549999999999998,0.03699999999999992,0.1
748,feature_0 > 0.26 AND feature_1 > 1.06 AND feature_1 > 1.463 AND feature_0 > 0.557 AND feature_2 <= 0.652 AND feature_7 > -0.835 AND feature_0 > 0.767 AND feature_9 <= 0.059,"{'feature_0': (0.767, 3.845), 'feature_1': (1.463, 3.852), 'feature_2': (-3.74, 0.652), 'feature_7': (-0.835, 3.492), 'feature_9': (-3.581, 0.059)}",5,2.879,8,[Pretrained] CF,"[468, 710, 734, 740, 741, 745, 747]",3.155,3.139,OptRes,[Pretrained] CF OptRes,0.011,0,0.011,752,31,0.06418918918918919,5,0.2759999999999998,0.016000000000000014,0.1
741,feature_0 > 0.26 AND feature_1 > 1.06 AND feature_1 > 1.463 AND feature_0 > 0.557 AND feature_2 <= 0.652,"{'feature_0': (0.557, 3.845), 'feature_1': (1.463, 3.852), 'feature_2': (-3.74, 0.652)}",3,2.846,5,[Pretrained] CF,"[468, 710, 734, 740]",3.064,3.052,OptRes,[Pretrained] CF OptRes,0.011,0,0.011,752,123,0.25,5,0.21799999999999997,0.01200000000000001,0.1
749,feature_0 > 0.26 AND feature_1 > 1.06 AND feature_1 > 1.463 AND feature_0 > 0.557 AND feature_2 <= 0.652 AND feature_7 > -0.835 AND feature_0 > 0.767 AND feature_9 > 0.059,"{'feature_0': (0.767, 3.845), 'feature_1': (1.463, 3.852), 'feature_2': (-3.74, 0.652), 'feature_7': (-0.835, 3.492), 'feature_9': (0.059, 3.767)}",5,2.803,8,[Pretrained] CF,"[468, 710, 734, 740, 741, 745, 747]",3.309,3.303,OptRes,[Pretrained] CF OptRes,0.011,0,0.011,752,30,0.05912162162162162,5,0.5060000000000002,0.006000000000000227,0.1
746,feature_0 > 0.26 AND feature_1 > 1.06 AND feature_1 > 1.463 AND feature_0 > 0.557 AND feature_2 <= 0.652 AND feature_7 > -0.835 AND feature_0 <= 0.767,"{'feature_0': (0.557, 0.767), 'feature_1': (1.463, 3.852), 'feature_2': (-3.74, 0.652), 'feature_7': (-0.835, 3.492)}",4,2.722,7,[Pretrained] CF,"[468, 710, 734, 740, 741, 745]",2.664,2.67,OptRes,[Pretrained] CF OptRes,0.011,0,0.011,752,29,0.05912162162162162,5,0.05799999999999983,0.005999999999999783,0.1
752,feature_0 > 0.26 AND feature_1 > 1.06 AND feature_1 > 1.463 AND feature_0 > 0.557 AND feature_2 > 0.652 AND feature_1 > 1.686,"{'feature_0': (0.557, 3.845), 'feature_1': (1.686, 3.852), 'feature_2': (0.652, 4.02)}",3,2.72,6,[Pretrained] CF,"[468, 710, 734, 740, 750]",3.443,3.474,ResOve,[Pretrained] CF ResOve,0.11,0,0.11,752,28,0.0,5,0.7229999999999999,0.03100000000000014,0.1
749,feature_0 > 0.26 AND feature_1 > 1.06 AND feature_1 > 1.463 AND feature_0 > 0.557 AND feature_2 <= 0.652 AND feature_7 > -0.835 AND feature_0 > 0.767 AND feature_9 > 0.059,"{'feature_0': (0.767, 3.845), 'feature_1': (1.463, 3.852), 'feature_2': (-3.74, 0.652), 'feature_7': (-0.835, 3.492), 'feature_9': (0.059, 3.767)}",5,2.803,8,[Pretrained] CF,"[468, 710, 734, 740, 741, 745, 747]",3.309,3.303,ResOve,[Pretrained] CF ResOve,0.11,0,0.11,752,30,0.0,5,0.5060000000000002,0.006000000000000227,0.1
748,feature_0 > 0.26 AND feature_1 > 1.06 AND feature_1 > 1.463 AND feature_0 > 0.557 AND feature_2 <= 0.652 AND feature_7 > -0.835 AND feature_0 > 0.767 AND feature_9 <= 0.059,"{'feature_0': (0.767, 3.845), 'feature_1': (1.463, 3.852), 'feature_2': (-3.74, 0.652), 'feature_7': (-0.835, 3.492), 'feature_9': (-3.581, 0.059)}",5,2.879,8,[Pretrained] CF,"[468, 710, 734, 740, 741, 745, 747]",3.155,3.139,ResOve,[Pretrained] CF ResOve,0.11,0,0.11,752,31,0.0,5,0.2759999999999998,0.016000000000000014,0.1
742,feature_0 > 0.26 AND feature_1 > 1.06 AND feature_1 > 1.463 AND feature_0 > 0.557 AND feature_2 <= 0.652 AND feature_7 <= -0.835,"{'feature_0': (0.557, 3.845), 'feature_1': (1.463, 3.852), 'feature_2': (-3.74, 0.652), 'feature_7': (-3.746, -0.835)}",4,2.959,6,[Pretrained] CF,"[468, 710, 734, 740, 741]",3.114,3.077,ResOve,[Pretrained] CF ResOve,0.11,0,0.11,752,33,0.0,5,0.1549999999999998,0.03699999999999992,0.1
723,feature_0 > 0.26 AND feature_1 > 1.06 AND feature_1 <= 1.463 AND feature_0 > 0.763 AND feature_2 <= 0.453 AND feature_7 <= -0.169,"{'feature_0': (0.763, 3.845), 'feature_1': (1.06, 1.463), 'feature_2': (-3.74, 0.453), 'feature_7': (-3.746, -0.169)}",4,2.674,6,[Pretrained] CF,"[468, 710, 711, 721, 722]",2.878,2.897,ResOve,[Pretrained] CF ResOve,0.11,0,0.11,752,46,0.0,5,0.20400000000000018,0.018999999999999684,0.1
742,feature_0 > 0.26 AND feature_1 > 1.06 AND feature_1 > 1.463 AND feature_0 > 0.557 AND feature_2 <= 0.652 AND feature_7 <= -0.835,"{'feature_0': (0.557, 3.845), 'feature_1': (1.463, 3.852), 'feature_2': (-3.74, 0.652), 'feature_7': (-3.746, -0.835)}",4,2.959,6,[Pretrained] CF,"[468, 710, 734, 740, 741]",3.114,3.077,NoOve,[Pretrained] CF NoOve,0.012,0,0.012,752,33,0.0,5,0.1549999999999998,0.03699999999999992,0.1
745,feature_0 > 0.26 AND feature_1 > 1.06 AND feature_1 > 1.463 AND feature_0 > 0.557 AND feature_2 <= 0.652 AND feature_7 > -0.835,"{'feature_0': (0.557, 3.845), 'feature_1': (1.463, 3.852), 'feature_2': (-3.74, 0.652), 'feature_7': (-0.835, 3.492)}",4,2.804,6,[Pretrained] CF,"[468, 710, 734, 740, 741]",3.046,3.043,NoOve,[Pretrained] CF NoOve,0.012,0,0.012,752,90,0.0,5,0.242,0.0029999999999996696,0.1
752,feature_0 > 0.26 AND feature_1 > 1.06 AND feature_1 > 1.463 AND feature_0 > 0.557 AND feature_2 > 0.652 AND feature_1 > 1.686,"{'feature_0': (0.557, 3.845), 'feature_1': (1.686, 3.852), 'feature_2': (0.652, 4.02)}",3,2.72,6,[Pretrained] CF,"[468, 710, 734, 740, 750]",3.443,3.474,NoOve,[Pretrained] CF NoOve,0.012,0,0.012,752,28,0.0,5,0.7229999999999999,0.03100000000000014,0.1
723,feature_0 > 0.26 AND feature_1 > 1.06 AND feature_1 <= 1.463 AND feature_0 > 0.763 AND feature_2 <= 0.453 AND feature_7 <= -0.169,"{'feature_0': (0.763, 3.845), 'feature_1': (1.06, 1.463), 'feature_2': (-3.74, 0.453), 'feature_7': (-3.746, -0.169)}",4,2.674,6,[Pretrained] CF,"[468, 710, 711, 721, 722]",2.878,2.897,NoOve,[Pretrained] CF NoOve,0.012,0,0.012,752,46,0.0,5,0.20400000000000018,0.018999999999999684,0.1
739,feature_0 > 0.26 AND feature_1 > 1.06 AND feature_1 > 1.463 AND feature_0 <= 0.557 AND feature_0 > 0.352 AND feature_1 > 1.661,"{'feature_0': (0.352, 0.557), 'feature_1': (1.661, 3.852)}",2,2.668,6,[Pretrained] CF,"[468, 710, 734, 735, 737]",2.549,2.549,NoOve,[Pretrained] CF NoOve,0.012,0,0.012,752,24,0.0,5,0.11900000000000022,0.0,0.1
741,feature_0 > 0.26 AND feature_1 > 1.06 AND feature_1 > 1.463 AND feature_0 > 0.557 AND feature_2 <= 0.652,"{'feature_0': (0.557, 3.845), 'feature_1': (1.463, 3.852), 'feature_2': (-3.74, 0.652)}",3,2.846,5,[Pretrained] CF,"[468, 710, 734, 740]",3.064,3.005,OptRes,[Pretrained] CF OptRes,0.006,0,0.006,752,71,0.12331081081081081,5,0.21799999999999997,0.05900000000000016,0.2
747,feature_0 > 0.26 AND feature_1 > 1.06 AND feature_1 > 1.463 AND feature_0 > 0.557 AND feature_2 <= 0.652 AND feature_7 > -0.835 AND feature_0 > 0.767,"{'feature_0': (0.767, 3.845), 'feature_1': (1.463, 3.852), 'feature_2': (-3.74, 0.652), 'feature_7': (-0.835, 3.492)}",4,2.842,7,[Pretrained] CF,"[468, 710, 734, 740, 741, 745]",3.229,3.229,OptRes,[Pretrained] CF OptRes,0.006,0,0.006,752,32,0.12331081081081081,5,0.387,0.0,0.2
750,feature_0 > 0.26 AND feature_1 > 1.06 AND feature_1 > 1.463 AND feature_0 > 0.557 AND feature_2 > 0.652,"{'feature_0': (0.557, 3.845), 'feature_1': (1.463, 3.852), 'feature_2': (0.652, 4.02)}",3,2.69,5,[Pretrained] CF,"[468, 710, 734, 740]",3.26,3.192,OptRes,[Pretrained] CF OptRes,0.006,0,0.006,752,22,0.0,5,0.5699999999999998,0.06799999999999962,0.2
723,feature_0 > 0.26 AND feature_1 > 1.06 AND feature_1 <= 1.463 AND feature_0 > 0.763 AND feature_2 <= 0.453 AND feature_7 <= -0.169,"{'feature_0': (0.763, 3.845), 'feature_1': (1.06, 1.463), 'feature_2': (-3.74, 0.453), 'feature_7': (-3.746, -0.169)}",4,2.674,6,[Pretrained] CF,"[468, 710, 711, 721, 722]",2.878,2.884,OptRes,[Pretrained] CF OptRes,0.006,0,0.006,752,27,0.0,5,0.20400000000000018,0.005999999999999783,0.2
737,feature_0 > 0.26 AND feature_1 > 1.06 AND feature_1 > 1.463 AND feature_0 <= 0.557 AND feature_0 > 0.352,"{'feature_0': (0.352, 0.557), 'feature_1': (1.463, 3.852)}",2,2.602,5,[Pretrained] CF,"[468, 710, 734, 735]",2.4,2.439,OptRes,[Pretrained] CF OptRes,0.006,0,0.006,752,21,0.0,5,0.20199999999999996,0.039000000000000146,0.2
750,feature_0 > 0.26 AND feature_1 > 1.06 AND feature_1 > 1.463 AND feature_0 > 0.557 AND feature_2 > 0.652,"{'feature_0': (0.557, 3.845), 'feature_1': (1.463, 3.852), 'feature_2': (0.652, 4.02)}",3,2.69,5,[Pretrained] CF,"[468, 710, 734, 740]",3.26,3.192,ResOve,[Pretrained] CF ResOve,0.127,0,0.127,752,22,0.0,5,0.5699999999999998,0.06799999999999962,0.2
747,feature_0 > 0.26 AND feature_1 > 1.06 AND feature_1 > 1.463 AND feature_0 > 0.557 AND feature_2 <= 0.652 AND feature_7 > -0.835 AND feature_0 > 0.767,"{'feature_0': (0.767, 3.845), 'feature_1': (1.463, 3.852), 'feature_2': (-3.74, 0.652), 'feature_7': (-0.835, 3.492)}",4,2.842,7,[Pretrained] CF,"[468, 710, 734, 740, 741, 745]",3.229,3.229,ResOve,[Pretrained] CF ResOve,0.127,0,0.127,752,32,0.12331081081081081,5,0.387,0.0,0.2
741,feature_0 > 0.26 AND feature_1 > 1.06 AND feature_1 > 1.463 AND feature_0 > 0.557 AND feature_2 <= 0.652,"{'feature_0': (0.557, 3.845), 'feature_1': (1.463, 3.852), 'feature_2': (-3.74, 0.652)}",3,2.846,5,[Pretrained] CF,"[468, 710, 734, 740]",3.064,3.005,ResOve,[Pretrained] CF ResOve,0.127,0,0.127,752,71,0.12331081081081081,5,0.21799999999999997,0.05900000000000016,0.2
737,feature_0 > 0.26 AND feature_1 > 1.06 AND feature_1 > 1.463 AND feature_0 <= 0.557 AND feature_0 > 0.352,"{'feature_0': (0.352, 0.557), 'feature_1': (1.463, 3.852)}",2,2.602,5,[Pretrained] CF,"[468, 710, 734, 735]",2.4,2.439,ResOve,[Pretrained] CF ResOve,0.127,0,0.127,752,21,0.0,5,0.20199999999999996,0.039000000000000146,0.2
723,feature_0 > 0.26 AND feature_1 > 1.06 AND feature_1 <= 1.463 AND feature_0 > 0.763 AND feature_2 <= 0.453 AND feature_7 <= -0.169,"{'feature_0': (0.763, 3.845), 'feature_1': (1.06, 1.463), 'feature_2': (-3.74, 0.453), 'feature_7': (-3.746, -0.169)}",4,2.674,6,[Pretrained] CF,"[468, 710, 711, 721, 722]",2.878,2.884,ResOve,[Pretrained] CF ResOve,0.127,0,0.127,752,27,0.0,5,0.20400000000000018,0.005999999999999783,0.2
741,feature_0 > 0.26 AND feature_1 > 1.06 AND feature_1 > 1.463 AND feature_0 > 0.557 AND feature_2 <= 0.652,"{'feature_0': (0.557, 3.845), 'feature_1': (1.463, 3.852), 'feature_2': (-3.74, 0.652)}",3,2.846,5,[Pretrained] CF,"[468, 710, 734, 740]",3.064,3.005,NoOve,[Pretrained] CF NoOve,0.025,0,0.025,752,71,0.0,5,0.21799999999999997,0.05900000000000016,0.2
750,feature_0 > 0.26 AND feature_1 > 1.06 AND feature_1 > 1.463 AND feature_0 > 0.557 AND feature_2 > 0.652,"{'feature_0': (0.557, 3.845), 'feature_1': (1.463, 3.852), 'feature_2': (0.652, 4.02)}",3,2.69,5,[Pretrained] CF,"[468, 710, 734, 740]",3.26,3.192,NoOve,[Pretrained] CF NoOve,0.025,0,0.025,752,22,0.0,5,0.5699999999999998,0.06799999999999962,0.2
737,feature_0 > 0.26 AND feature_1 > 1.06 AND feature_1 > 1.463 AND feature_0 <= 0.557 AND feature_0 > 0.352,"{'feature_0': (0.352, 0.557), 'feature_1': (1.463, 3.852)}",2,2.602,5,[Pretrained] CF,"[468, 710, 734, 735]",2.4,2.439,NoOve,[Pretrained] CF NoOve,0.025,0,0.025,752,21,0.0,5,0.20199999999999996,0.039000000000000146,0.2
722,feature_0 > 0.26 AND feature_1 > 1.06 AND feature_1 <= 1.463 AND feature_0 > 0.763 AND feature_2 <= 0.453,"{'feature_0': (0.763, 3.845), 'feature_1': (1.06, 1.463), 'feature_2': (-3.74, 0.453)}",3,2.584,5,[Pretrained] CF,"[468, 710, 711, 721]",2.782,2.808,NoOve,[Pretrained] CF NoOve,0.025,0,0.025,752,53,0.0,5,0.19799999999999995,0.0259999999999998,0.2
729,feature_0 > 0.26 AND feature_1 > 1.06 AND feature_1 <= 1.463 AND feature_0 > 0.763 AND feature_2 > 0.453,"{'feature_0': (0.763, 3.845), 'feature_1': (1.06, 1.463), 'feature_2': (0.453, 4.02)}",3,2.374,5,[Pretrained] CF,"[468, 710, 711, 721]",2.685,2.624,NoOve,[Pretrained] CF NoOve,0.025,0,0.025,752,34,0.0,5,0.31099999999999994,0.06099999999999994,0.2
741,feature_0 > 0.26 AND feature_1 > 1.06 AND feature_1 > 1.463 AND feature_0 > 0.557 AND feature_2 <= 0.652,"{'feature_0': (0.557, 3.845), 'feature_1': (1.463, 3.852), 'feature_2': (-3.74, 0.652)}",3,2.846,5,[Pretrained] CF,"[468, 710, 734, 740]",3.064,3.005,OptRes,[Pretrained] CF OptRes,0.01,0,0.01,752,42,0.06502636203866433,5,0.21799999999999997,0.05900000000000016,0.3
722,feature_0 > 0.26 AND feature_1 > 1.06 AND feature_1 <= 1.463 AND feature_0 > 0.763 AND feature_2 <= 0.453,"{'feature_0': (0.763, 3.845), 'feature_1': (1.06, 1.463), 'feature_2': (-3.74, 0.453)}",3,2.584,5,[Pretrained] CF,"[468, 710, 711, 721]",2.782,2.887,OptRes,[Pretrained] CF OptRes,0.01,0,0.01,752,25,0.04745166959578207,5,0.19799999999999995,0.10499999999999998,0.3
710,feature_0 > 0.26 AND feature_1 > 1.06,"{'feature_0': (0.26, 3.845), 'feature_1': (1.06, 3.852)}",2,2.521,2,[Pretrained] CF,[468],2.66,2.624,OptRes,[Pretrained] CF OptRes,0.01,0,0.01,752,161,0.17135325131810192,5,0.13900000000000023,0.03600000000000003,0.3
735,feature_0 > 0.26 AND feature_1 > 1.06 AND feature_1 > 1.463 AND feature_0 <= 0.557,"{'feature_0': (0.26, 0.557), 'feature_1': (1.463, 3.852)}",2,2.508,4,[Pretrained] CF,"[468, 710, 734]",2.357,2.272,OptRes,[Pretrained] CF OptRes,0.01,0,0.01,752,22,0.03163444639718805,5,0.1509999999999998,0.08500000000000041,0.3
729,feature_0 > 0.26 AND feature_1 > 1.06 AND feature_1 <= 1.463 AND feature_0 > 0.763 AND feature_2 > 0.453,"{'feature_0': (0.763, 3.845), 'feature_1': (1.06, 1.463), 'feature_2': (0.453, 4.02)}",3,2.374,5,[Pretrained] CF,"[468, 710, 711, 721]",2.685,2.66,OptRes,[Pretrained] CF OptRes,0.01,0,0.01,752,24,0.027240773286467488,5,0.31099999999999994,0.02499999999999991,0.3
745,feature_0 > 0.26 AND feature_1 > 1.06 AND feature_1 > 1.463 AND feature_0 > 0.557 AND feature_2 <= 0.652 AND feature_7 > -0.835,"{'feature_0': (0.557, 3.845), 'feature_1': (1.463, 3.852), 'feature_2': (-3.74, 0.652), 'feature_7': (-0.835, 3.492)}",4,2.804,6,[Pretrained] CF,"[468, 710, 734, 740, 741]",3.046,2.983,ResOve,[Pretrained] CF ResOve,0.135,0,0.135,752,29,0.3167607906413876,5,0.242,0.06299999999999972,0.3
735,feature_0 > 0.26 AND feature_1 > 1.06 AND feature_1 > 1.463 AND feature_0 <= 0.557,"{'feature_0': (0.26, 0.557), 'feature_1': (1.463, 3.852)}",2,2.508,4,[Pretrained] CF,"[468, 710, 734]",2.357,2.272,ResOve,[Pretrained] CF ResOve,0.135,0,0.135,752,22,0.0,5,0.1509999999999998,0.08500000000000041,0.3
722,feature_0 > 0.26 AND feature_1 > 1.06 AND feature_1 <= 1.463 AND feature_0 > 0.763 AND feature_2 <= 0.453,"{'feature_0': (0.763, 3.845), 'feature_1': (1.06, 1.463), 'feature_2': (-3.74, 0.453)}",3,2.584,5,[Pretrained] CF,"[468, 710, 711, 721]",2.782,2.887,ResOve,[Pretrained] CF ResOve,0.135,0,0.135,752,25,0.0,5,0.19799999999999995,0.10499999999999998,0.3
741,feature_0 > 0.26 AND feature_1 > 1.06 AND feature_1 > 1.463 AND feature_0 > 0.557 AND feature_2 <= 0.652,"{'feature_0': (0.557, 3.845), 'feature_1': (1.463, 3.852), 'feature_2': (-3.74, 0.652)}",3,2.846,5,[Pretrained] CF,"[468, 710, 734, 740]",3.064,3.005,ResOve,[Pretrained] CF ResOve,0.135,0,0.135,752,42,0.36651203442248215,5,0.21799999999999997,0.05900000000000016,0.3
740,feature_0 > 0.26 AND feature_1 > 1.06 AND feature_1 > 1.463 AND feature_0 > 0.557,"{'feature_0': (0.557, 3.845), 'feature_1': (1.463, 3.852)}",2,2.805,4,[Pretrained] CF,"[468, 710, 734]",3.116,3.079,ResOve,[Pretrained] CF ResOve,0.135,0,0.135,752,51,0.31840796019900497,5,0.31099999999999994,0.03699999999999992,0.3
741,feature_0 > 0.26 AND feature_1 > 1.06 AND feature_1 > 1.463 AND feature_0 > 0.557 AND feature_2 <= 0.652,"{'feature_0': (0.557, 3.845), 'feature_1': (1.463, 3.852), 'feature_2': (-3.74, 0.652)}",3,2.846,5,[Pretrained] CF,"[468, 710, 734, 740]",3.064,3.005,NoOve,[Pretrained] CF NoOve,0.048,0,0.048,752,42,0.0,5,0.21799999999999997,0.05900000000000016,0.3
722,feature_0 > 0.26 AND feature_1 > 1.06 AND feature_1 <= 1.463 AND feature_0 > 0.763 AND feature_2 <= 0.453,"{'feature_0': (0.763, 3.845), 'feature_1': (1.06, 1.463), 'feature_2': (-3.74, 0.453)}",3,2.584,5,[Pretrained] CF,"[468, 710, 711, 721]",2.782,2.887,NoOve,[Pretrained] CF NoOve,0.048,0,0.048,752,25,0.0,5,0.19799999999999995,0.10499999999999998,0.3
729,feature_0 > 0.26 AND feature_1 > 1.06 AND feature_1 <= 1.463 AND feature_0 > 0.763 AND feature_2 > 0.453,"{'feature_0': (0.763, 3.845), 'feature_1': (1.06, 1.463), 'feature_2': (0.453, 4.02)}",3,2.374,5,[Pretrained] CF,"[468, 710, 711, 721]",2.685,2.66,NoOve,[Pretrained] CF NoOve,0.048,0,0.048,752,24,0.0,5,0.31099999999999994,0.02499999999999991,0.3
693,feature_0 > 0.26 AND feature_1 <= 1.06 AND feature_0 > 0.8 AND feature_1 > 0.12 AND feature_0 > 1.421,"{'feature_0': (1.421, 3.845), 'feature_1': (0.12, 1.06)}",2,2.215,5,[Pretrained] CF,"[468, 469, 583, 659]",2.881,2.92,NoOve,[Pretrained] CF NoOve,0.048,0,0.048,752,76,0.0,5,0.6659999999999999,0.039000000000000146,0.3
714,feature_0 > 0.26 AND feature_1 > 1.06 AND feature_1 <= 1.463 AND feature_0 <= 0.763 AND feature_0 > 0.334,"{'feature_0': (0.334, 0.763), 'feature_1': (1.06, 1.463)}",2,2.186,5,[Pretrained] CF,"[468, 710, 711, 712]",2.039,2.075,NoOve,[Pretrained] CF NoOve,0.048,0,0.048,752,34,0.0,5,0.1469999999999998,0.03600000000000003,0.3
741,feature_0 > 0.26 AND feature_1 > 1.06 AND feature_1 > 1.463 AND feature_0 > 0.557 AND feature_2 <= 0.652,"{'feature_0': (0.557, 3.845), 'feature_1': (1.463, 3.852), 'feature_2': (-3.74, 0.652)}",3,2.846,5,[Pretrained] CF,"[468, 710, 734, 740]",3.064,3.058,OptRes,[Pretrained] CF OptRes,0.006,0,0.006,752,58,0.18243243243243243,5,0.21799999999999997,0.006000000000000227,0.4
747,feature_0 > 0.26 AND feature_1 > 1.06 AND feature_1 > 1.463 AND feature_0 > 0.557 AND feature_2 <= 0.652 AND feature_7 > -0.835 AND feature_0 > 0.767,"{'feature_0': (0.767, 3.845), 'feature_1': (1.463, 3.852), 'feature_2': (-3.74, 0.652), 'feature_7': (-0.835, 3.492)}",4,2.842,7,[Pretrained] CF,"[468, 710, 734, 740, 741, 745]",3.229,3.282,OptRes,[Pretrained] CF OptRes,0.006,0,0.006,752,36,0.12331081081081081,5,0.387,0.052999999999999936,0.4
746,feature_0 > 0.26 AND feature_1 > 1.06 AND feature_1 > 1.463 AND feature_0 > 0.557 AND feature_2 <= 0.652 AND feature_7 > -0.835 AND feature_0 <= 0.767,"{'feature_0': (0.557, 0.767), 'feature_1': (1.463, 3.852), 'feature_2': (-3.74, 0.652), 'feature_7': (-0.835, 3.492)}",4,2.722,7,[Pretrained] CF,"[468, 710, 734, 740, 741, 745]",2.664,2.691,OptRes,[Pretrained] CF OptRes,0.006,0,0.006,752,22,0.05912162162162162,5,0.05799999999999983,0.02699999999999969,0.4
750,feature_0 > 0.26 AND feature_1 > 1.06 AND feature_1 > 1.463 AND feature_0 > 0.557 AND feature_2 > 0.652,"{'feature_0': (0.557, 3.845), 'feature_1': (1.463, 3.852), 'feature_2': (0.652, 4.02)}",3,2.69,5,[Pretrained] CF,"[468, 710, 734, 740]",3.26,3.196,OptRes,[Pretrained] CF OptRes,0.006,0,0.006,752,26,0.0,5,0.5699999999999998,0.06399999999999961,0.4
737,feature_0 > 0.26 AND feature_1 > 1.06 AND feature_1 > 1.463 AND feature_0 <= 0.557 AND feature_0 > 0.352,"{'feature_0': (0.352, 0.557), 'feature_1': (1.463, 3.852)}",2,2.602,5,[Pretrained] CF,"[468, 710, 734, 735]",2.4,2.36,OptRes,[Pretrained] CF OptRes,0.006,0,0.006,752,29,0.0,5,0.20199999999999996,0.040000000000000036,0.4
750,feature_0 > 0.26 AND feature_1 > 1.06 AND feature_1 > 1.463 AND feature_0 > 0.557 AND feature_2 > 0.652,"{'feature_0': (0.557, 3.845), 'feature_1': (1.463, 3.852), 'feature_2': (0.652, 4.02)}",3,2.69,5,[Pretrained] CF,"[468, 710, 734, 740]",3.26,3.196,ResOve,[Pretrained] CF ResOve,0.126,0,0.126,752,26,0.0,5,0.5699999999999998,0.06399999999999961,0.4
747,feature_0 > 0.26 AND feature_1 > 1.06 AND feature_1 > 1.463 AND feature_0 > 0.557 AND feature_2 <= 0.652 AND feature_7 > -0.835 AND feature_0 > 0.767,"{'feature_0': (0.767, 3.845), 'feature_1': (1.463, 3.852), 'feature_2': (-3.74, 0.652), 'feature_7': (-0.835, 3.492)}",4,2.842,7,[Pretrained] CF,"[468, 710, 734, 740, 741, 745]",3.229,3.282,ResOve,[Pretrained] CF ResOve,0.126,0,0.126,752,36,0.12331081081081081,5,0.387,0.052999999999999936,0.4
746,feature_0 > 0.26 AND feature_1 > 1.06 AND feature_1 > 1.463 AND feature_0 > 0.557 AND feature_2 <= 0.652 AND feature_7 > -0.835 AND feature_0 <= 0.767,"{'feature_0': (0.557, 0.767), 'feature_1': (1.463, 3.852), 'feature_2': (-3.74, 0.652), 'feature_7': (-0.835, 3.492)}",4,2.722,7,[Pretrained] CF,"[468, 710, 734, 740, 741, 745]",2.664,2.691,ResOve,[Pretrained] CF ResOve,0.126,0,0.126,752,22,0.05912162162162162,5,0.05799999999999983,0.02699999999999969,0.4
741,feature_0 > 0.26 AND feature_1 > 1.06 AND feature_1 > 1.463 AND feature_0 > 0.557 AND feature_2 <= 0.652,"{'feature_0': (0.557, 3.845), 'feature_1': (1.463, 3.852), 'feature_2': (-3.74, 0.652)}",3,2.846,5,[Pretrained] CF,"[468, 710, 734, 740]",3.064,3.058,ResOve,[Pretrained] CF ResOve,0.126,0,0.126,752,58,0.18243243243243243,5,0.21799999999999997,0.006000000000000227,0.4
737,feature_0 > 0.26 AND feature_1 > 1.06 AND feature_1 > 1.463 AND feature_0 <= 0.557 AND feature_0 > 0.352,"{'feature_0': (0.352, 0.557), 'feature_1': (1.463, 3.852)}",2,2.602,5,[Pretrained] CF,"[468, 710, 734, 735]",2.4,2.36,ResOve,[Pretrained] CF ResOve,0.126,0,0.126,752,29,0.0,5,0.20199999999999996,0.040000000000000036,0.4
741,feature_0 > 0.26 AND feature_1 > 1.06 AND feature_1 > 1.463 AND feature_0 > 0.557 AND feature_2 <= 0.652,"{'feature_0': (0.557, 3.845), 'feature_1': (1.463, 3.852), 'feature_2': (-3.74, 0.652)}",3,2.846,5,[Pretrained] CF,"[468, 710, 734, 740]",3.064,3.058,NoOve,[Pretrained] CF NoOve,0.028,0,0.028,752,58,0.0,5,0.21799999999999997,0.006000000000000227,0.4
750,feature_0 > 0.26 AND feature_1 > 1.06 AND feature_1 > 1.463 AND feature_0 > 0.557 AND feature_2 > 0.652,"{'feature_0': (0.557, 3.845), 'feature_1': (1.463, 3.852), 'feature_2': (0.652, 4.02)}",3,2.69,5,[Pretrained] CF,"[468, 710, 734, 740]",3.26,3.196,NoOve,[Pretrained] CF NoOve,0.028,0,0.028,752,26,0.0,5,0.5699999999999998,0.06399999999999961,0.4
737,feature_0 > 0.26 AND feature_1 > 1.06 AND feature_1 > 1.463 AND feature_0 <= 0.557 AND feature_0 > 0.352,"{'feature_0': (0.352, 0.557), 'feature_1': (1.463, 3.852)}",2,2.602,5,[Pretrained] CF,"[468, 710, 734, 735]",2.4,2.36,NoOve,[Pretrained] CF NoOve,0.028,0,0.028,752,29,0.0,5,0.20199999999999996,0.040000000000000036,0.4
722,feature_0 > 0.26 AND feature_1 > 1.06 AND feature_1 <= 1.463 AND feature_0 > 0.763 AND feature_2 <= 0.453,"{'feature_0': (0.763, 3.845), 'feature_1': (1.06, 1.463), 'feature_2': (-3.74, 0.453)}",3,2.584,5,[Pretrained] CF,"[468, 710, 711, 721]",2.782,2.678,NoOve,[Pretrained] CF NoOve,0.028,0,0.028,752,41,0.0,5,0.19799999999999995,0.10400000000000009,0.4
729,feature_0 > 0.26 AND feature_1 > 1.06 AND feature_1 <= 1.463 AND feature_0 > 0.763 AND feature_2 > 0.453,"{'feature_0': (0.763, 3.845), 'feature_1': (1.06, 1.463), 'feature_2': (0.453, 4.02)}",3,2.374,5,[Pretrained] CF,"[468, 710, 711, 721]",2.685,2.737,NoOve,[Pretrained] CF NoOve,0.028,0,0.028,752,31,0.0,5,0.31099999999999994,0.052000000000000046,0.4
748,feature_0 > 0.26 AND feature_1 > 1.06 AND feature_1 > 1.463 AND feature_0 > 0.557 AND feature_2 <= 0.652 AND feature_7 > -0.835 AND feature_0 > 0.767 AND feature_9 <= 0.059,"{'feature_0': (0.767, 3.845), 'feature_1': (1.463, 3.852), 'feature_2': (-3.74, 0.652), 'feature_7': (-0.835, 3.492), 'feature_9': (-3.581, 0.059)}",5,2.879,8,[Pretrained] CF,"[468, 710, 734, 740, 741, 745, 747]",3.155,3.155,OptRes,[Pretrained] CF OptRes,0.007,0,0.007,752,38,0.06418918918918919,5,0.2759999999999998,0.0,0.5
741,feature_0 > 0.26 AND feature_1 > 1.06 AND feature_1 > 1.463 AND feature_0 > 0.557 AND feature_2 <= 0.652,"{'feature_0': (0.557, 3.845), 'feature_1': (1.463, 3.852), 'feature_2': (-3.74, 0.652)}",3,2.846,5,[Pretrained] CF,"[468, 710, 734, 740]",3.064,3.042,OptRes,[Pretrained] CF OptRes,0.007,0,0.007,752,107,0.18243243243243243,5,0.21799999999999997,0.02200000000000024,0.5
749,feature_0 > 0.26 AND feature_1 > 1.06 AND feature_1 > 1.463 AND feature_0 > 0.557 AND feature_2 <= 0.652 AND feature_7 > -0.835 AND feature_0 > 0.767 AND feature_9 > 0.059,"{'feature_0': (0.767, 3.845), 'feature_1': (1.463, 3.852), 'feature_2': (-3.74, 0.652), 'feature_7': (-0.835, 3.492), 'feature_9': (0.059, 3.767)}",5,2.803,8,[Pretrained] CF,"[468, 710, 734, 740, 741, 745, 747]",3.309,3.304,OptRes,[Pretrained] CF OptRes,0.007,0,0.007,752,34,0.05912162162162162,5,0.5060000000000002,0.0050000000000003375,0.5
746,feature_0 > 0.26 AND feature_1 > 1.06 AND feature_1 > 1.463 AND feature_0 > 0.557 AND feature_2 <= 0.652 AND feature_7 > -0.835 AND feature_0 <= 0.767,"{'feature_0': (0.557, 0.767), 'feature_1': (1.463, 3.852), 'feature_2': (-3.74, 0.652), 'feature_7': (-0.835, 3.492)}",4,2.722,7,[Pretrained] CF,"[468, 710, 734, 740, 741, 745]",2.664,2.664,OptRes,[Pretrained] CF OptRes,0.007,0,0.007,752,35,0.05912162162162162,5,0.05799999999999983,0.0,0.5
752,feature_0 > 0.26 AND feature_1 > 1.06 AND feature_1 > 1.463 AND feature_0 > 0.557 AND feature_2 > 0.652 AND feature_1 > 1.686,"{'feature_0': (0.557, 3.845), 'feature_1': (1.686, 3.852), 'feature_2': (0.652, 4.02)}",3,2.72,6,[Pretrained] CF,"[468, 710, 734, 740, 750]",3.443,3.373,OptRes,[Pretrained] CF OptRes,0.007,0,0.007,752,25,0.0,5,0.7229999999999999,0.06999999999999984,0.5
752,feature_0 > 0.26 AND feature_1 > 1.06 AND feature_1 > 1.463 AND feature_0 > 0.557 AND feature_2 > 0.652 AND feature_1 > 1.686,"{'feature_0': (0.557, 3.845), 'feature_1': (1.686, 3.852), 'feature_2': (0.652, 4.02)}",3,2.72,6,[Pretrained] CF,"[468, 710, 734, 740, 750]",3.443,3.373,ResOve,[Pretrained] CF ResOve,0.112,0,0.112,752,25,0.0,5,0.7229999999999999,0.06999999999999984,0.5
749,feature_0 > 0.26 AND feature_1 > 1.06 AND feature_1 > 1.463 AND feature_0 > 0.557 AND feature_2 <= 0.652 AND feature_7 > -0.835 AND feature_0 > 0.767 AND feature_9 > 0.059,"{'feature_0': (0.767, 3.845), 'feature_1': (1.463, 3.852), 'feature_2': (-3.74, 0.652), 'feature_7': (-0.835, 3.492), 'feature_9': (0.059, 3.767)}",5,2.803,8,[Pretrained] CF,"[468, 710, 734, 740, 741, 745, 747]",3.309,3.304,ResOve,[Pretrained] CF ResOve,0.112,0,0.112,752,34,0.0,5,0.5060000000000002,0.0050000000000003375,0.5
748,feature_0 > 0.26 AND feature_1 > 1.06 AND feature_1 > 1.463 AND feature_0 > 0.557 AND feature_2 <= 0.652 AND feature_7 > -0.835 AND feature_0 > 0.767 AND feature_9 <= 0.059,"{'feature_0': (0.767, 3.845), 'feature_1': (1.463, 3.852), 'feature_2': (-3.74, 0.652), 'feature_7': (-0.835, 3.492), 'feature_9': (-3.581, 0.059)}",5,2.879,8,[Pretrained] CF,"[468, 710, 734, 740, 741, 745, 747]",3.155,3.155,ResOve,[Pretrained] CF ResOve,0.112,0,0.112,752,38,0.0,5,0.2759999999999998,0.0,0.5
746,feature_0 > 0.26 AND feature_1 > 1.06 AND feature_1 > 1.463 AND feature_0 > 0.557 AND feature_2 <= 0.652 AND feature_7 > -0.835 AND feature_0 <= 0.767,"{'feature_0': (0.557, 0.767), 'feature_1': (1.463, 3.852), 'feature_2': (-3.74, 0.652), 'feature_7': (-0.835, 3.492)}",4,2.722,7,[Pretrained] CF,"[468, 710, 734, 740, 741, 745]",2.664,2.664,ResOve,[Pretrained] CF ResOve,0.112,0,0.112,752,35,0.0,5,0.05799999999999983,0.0,0.5
723,feature_0 > 0.26 AND feature_1 > 1.06 AND feature_1 <= 1.463 AND feature_0 > 0.763 AND feature_2 <= 0.453 AND feature_7 <= -0.169,"{'feature_0': (0.763, 3.845), 'feature_1': (1.06, 1.463), 'feature_2': (-3.74, 0.453), 'feature_7': (-3.746, -0.169)}",4,2.674,6,[Pretrained] CF,"[468, 710, 711, 721, 722]",2.878,2.846,ResOve,[Pretrained] CF ResOve,0.112,0,0.112,752,33,0.0,5,0.20400000000000018,0.03200000000000003,0.5
745,feature_0 > 0.26 AND feature_1 > 1.06 AND feature_1 > 1.463 AND feature_0 > 0.557 AND feature_2 <= 0.652 AND feature_7 > -0.835,"{'feature_0': (0.557, 3.845), 'feature_1': (1.463, 3.852), 'feature_2': (-3.74, 0.652), 'feature_7': (-0.835, 3.492)}",4,2.804,6,[Pretrained] CF,"[468, 710, 734, 740, 741]",3.046,3.042,NoOve,[Pretrained] CF NoOve,0.014,0,0.014,752,107,0.0,5,0.242,0.0040000000000000036,0.5
752,feature_0 > 0.26 AND feature_1 > 1.06 AND feature_1 > 1.463 AND feature_0 > 0.557 AND feature_2 > 0.652 AND feature_1 > 1.686,"{'feature_0': (0.557, 3.845), 'feature_1': (1.686, 3.852), 'feature_2': (0.652, 4.02)}",3,2.72,6,[Pretrained] CF,"[468, 710, 734, 740, 750]",3.443,3.373,NoOve,[Pretrained] CF NoOve,0.014,0,0.014,752,25,0.0,5,0.7229999999999999,0.06999999999999984,0.5
723,feature_0 > 0.26 AND feature_1 > 1.06 AND feature_1 <= 1.463 AND feature_0 > 0.763 AND feature_2 <= 0.453 AND feature_7 <= -0.169,"{'feature_0': (0.763, 3.845), 'feature_1': (1.06, 1.463), 'feature_2': (-3.74, 0.453), 'feature_7': (-3.746, -0.169)}",4,2.674,6,[Pretrained] CF,"[468, 710, 711, 721, 722]",2.878,2.846,NoOve,[Pretrained] CF NoOve,0.014,0,0.014,752,33,0.0,5,0.20400000000000018,0.03200000000000003,0.5
739,feature_0 > 0.26 AND feature_1 > 1.06 AND feature_1 > 1.463 AND feature_0 <= 0.557 AND feature_0 > 0.352 AND feature_1 > 1.661,"{'feature_0': (0.352, 0.557), 'feature_1': (1.661, 3.852)}",2,2.668,6,[Pretrained] CF,"[468, 710, 734, 735, 737]",2.549,2.573,NoOve,[Pretrained] CF NoOve,0.014,0,0.014,752,26,0.0,5,0.11900000000000022,0.02400000000000002,0.5
726,feature_0 > 0.26 AND feature_1 > 1.06 AND feature_1 <= 1.463 AND feature_0 > 0.763 AND feature_2 <= 0.453 AND feature_7 > -0.169,"{'feature_0': (0.763, 3.845), 'feature_1': (1.06, 1.463), 'feature_2': (-3.74, 0.453), 'feature_7': (-0.169, 3.492)}",4,2.484,6,[Pretrained] CF,"[468, 710, 711, 721, 722]",2.676,2.676,NoOve,[Pretrained] CF NoOve,0.014,0,0.014,752,51,0.0,5,0.19200000000000017,0.0,0.5
742,feature_0 > 0.26 AND feature_1 > 1.06 AND feature_1 > 1.463 AND feature_0 > 0.557 AND feature_2 <= 0.652 AND feature_7 <= -0.835,"{'feature_0': (0.557, 3.845), 'feature_1': (1.463, 3.852), 'feature_2': (-3.74, 0.652), 'feature_7': (-3.746, -0.835)}",4,2.959,6,[Pretrained] CF,"[468, 710, 734, 740, 741]",3.114,3.238,OptRes,[Pretrained] CF OptRes,0.008,0,0.008,752,25,0.06756756756756757,5,0.1549999999999998,0.12400000000000011,0.1
748,feature_0 > 0.26 AND feature_1 > 1.06 AND feature_1 > 1.463 AND feature_0 > 0.557 AND feature_2 <= 0.652 AND feature_7 > -0.835 AND feature_0 > 0.767 AND feature_9 <= 0.059,"{'feature_0': (0.767, 3.845), 'feature_1': (1.463, 3.852), 'feature_2': (-3.74, 0.652), 'feature_7': (-0.835, 3.492), 'feature_9': (-3.581, 0.059)}",5,2.879,8,[Pretrained] CF,"[468, 710, 734, 740, 741, 745, 747]",3.155,3.155,OptRes,[Pretrained] CF OptRes,0.008,0,0.008,752,38,0.06418918918918919,5,0.2759999999999998,0.0,0.1
741,feature_0 > 0.26 AND feature_1 > 1.06 AND feature_1 > 1.463 AND feature_0 > 0.557 AND feature_2 <= 0.652,"{'feature_0': (0.557, 3.845), 'feature_1': (1.463, 3.852), 'feature_2': (-3.74, 0.652)}",3,2.846,5,[Pretrained] CF,"[468, 710, 734, 740]",3.064,3.082,OptRes,[Pretrained] CF OptRes,0.008,0,0.008,752,133,0.25,5,0.21799999999999997,0.017999999999999794,0.1
749,feature_0 > 0.26 AND feature_1 > 1.06 AND feature_1 > 1.463 AND feature_0 > 0.557 AND feature_2 <= 0.652 AND feature_7 > -0.835 AND feature_0 > 0.767 AND feature_9 > 0.059,"{'feature_0': (0.767, 3.845), 'feature_1': (1.463, 3.852), 'feature_2': (-3.74, 0.652), 'feature_7': (-0.835, 3.492), 'feature_9': (0.059, 3.767)}",5,2.803,8,[Pretrained] CF,"[468, 710, 734, 740, 741, 745, 747]",3.309,3.309,OptRes,[Pretrained] CF OptRes,0.008,0,0.008,752,35,0.05912162162162162,5,0.5060000000000002,0.0,0.1
746,feature_0 > 0.26 AND feature_1 > 1.06 AND feature_1 > 1.463 AND feature_0 > 0.557 AND feature_2 <= 0.652 AND feature_7 > -0.835 AND feature_0 <= 0.767,"{'feature_0': (0.557, 0.767), 'feature_1': (1.463, 3.852), 'feature_2': (-3.74, 0.652), 'feature_7': (-0.835, 3.492)}",4,2.722,7,[Pretrained] CF,"[468, 710, 734, 740, 741, 745]",2.664,2.664,OptRes,[Pretrained] CF OptRes,0.008,0,0.008,752,35,0.05912162162162162,5,0.05799999999999983,0.0,0.1
752,feature_0 > 0.26 AND feature_1 > 1.06 AND feature_1 > 1.463 AND feature_0 > 0.557 AND feature_2 > 0.652 AND feature_1 > 1.686,"{'feature_0': (0.557, 3.845), 'feature_1': (1.686, 3.852), 'feature_2': (0.652, 4.02)}",3,2.72,6,[Pretrained] CF,"[468, 710, 734, 740, 750]",3.443,3.45,ResOve,[Pretrained] CF ResOve,0.109,0,0.109,752,30,0.0,5,0.7229999999999999,0.007000000000000117,0.1
749,feature_0 > 0.26 AND feature_1 > 1.06 AND feature_1 > 1.463 AND feature_0 > 0.557 AND feature_2 <= 0.652 AND feature_7 > -0.835 AND feature_0 > 0.767 AND feature_9 > 0.059,"{'feature_0': (0.767, 3.845), 'feature_1': (1.463, 3.852), 'feature_2': (-3.74, 0.652), 'feature_7': (-0.835, 3.492), 'feature_9': (0.059, 3.767)}",5,2.803,8,[Pretrained] CF,"[468, 710, 734, 740, 741, 745, 747]",3.309,3.309,ResOve,[Pretrained] CF ResOve,0.109,0,0.109,752,35,0.0,5,0.5060000000000002,0.0,0.1
748,feature_0 > 0.26 AND feature_1 > 1.06 AND feature_1 > 1.463 AND feature_0 > 0.557 AND feature_2 <= 0.652 AND feature_7 > -0.835 AND feature_0 > 0.767 AND feature_9 <= 0.059,"{'feature_0': (0.767, 3.845), 'feature_1': (1.463, 3.852), 'feature_2': (-3.74, 0.652), 'feature_7': (-0.835, 3.492), 'feature_9': (-3.581, 0.059)}",5,2.879,8,[Pretrained] CF,"[468, 710, 734, 740, 741, 745, 747]",3.155,3.155,ResOve,[Pretrained] CF ResOve,0.109,0,0.109,752,38,0.0,5,0.2759999999999998,0.0,0.1
742,feature_0 > 0.26 AND feature_1 > 1.06 AND feature_1 > 1.463 AND feature_0 > 0.557 AND feature_2 <= 0.652 AND feature_7 <= -0.835,"{'feature_0': (0.557, 3.845), 'feature_1': (1.463, 3.852), 'feature_2': (-3.74, 0.652), 'feature_7': (-3.746, -0.835)}",4,2.959,6,[Pretrained] CF,"[468, 710, 734, 740, 741]",3.114,3.238,ResOve,[Pretrained] CF ResOve,0.109,0,0.109,752,25,0.0,5,0.1549999999999998,0.12400000000000011,0.1
723,feature_0 > 0.26 AND feature_1 > 1.06 AND feature_1 <= 1.463 AND feature_0 > 0.763 AND feature_2 <= 0.453 AND feature_7 <= -0.169,"{'feature_0': (0.763, 3.845), 'feature_1': (1.06, 1.463), 'feature_2': (-3.74, 0.453), 'feature_7': (-3.746, -0.169)}",4,2.674,6,[Pretrained] CF,"[468, 710, 711, 721, 722]",2.878,2.864,ResOve,[Pretrained] CF ResOve,0.109,0,0.109,752,53,0.0,5,0.20400000000000018,0.014000000000000234,0.1
742,feature_0 > 0.26 AND feature_1 > 1.06 AND feature_1 > 1.463 AND feature_0 > 0.557 AND feature_2 <= 0.652 AND feature_7 <= -0.835,"{'feature_0': (0.557, 3.845), 'feature_1': (1.463, 3.852), 'feature_2': (-3.74, 0.652), 'feature_7': (-3.746, -0.835)}",4,2.959,6,[Pretrained] CF,"[468, 710, 734, 740, 741]",3.114,3.238,NoOve,[Pretrained] CF NoOve,0.011,0,0.011,752,25,0.0,5,0.1549999999999998,0.12400000000000011,0.1
745,feature_0 > 0.26 AND feature_1 > 1.06 AND feature_1 > 1.463 AND feature_0 > 0.557 AND feature_2 <= 0.652 AND feature_7 > -0.835,"{'feature_0': (0.557, 3.845), 'feature_1': (1.463, 3.852), 'feature_2': (-3.74, 0.652), 'feature_7': (-0.835, 3.492)}",4,2.804,6,[Pretrained] CF,"[468, 710, 734, 740, 741]",3.046,3.046,NoOve,[Pretrained] CF NoOve,0.011,0,0.011,752,108,0.0,5,0.242,0.0,0.1
752,feature_0 > 0.26 AND feature_1 > 1.06 AND feature_1 > 1.463 AND feature_0 > 0.557 AND feature_2 > 0.652 AND feature_1 > 1.686,"{'feature_0': (0.557, 3.845), 'feature_1': (1.686, 3.852), 'feature_2': (0.652, 4.02)}",3,2.72,6,[Pretrained] CF,"[468, 710, 734, 740, 750]",3.443,3.45,NoOve,[Pretrained] CF NoOve,0.011,0,0.011,752,30,0.0,5,0.7229999999999999,0.007000000000000117,0.1
723,feature_0 > 0.26 AND feature_1 > 1.06 AND feature_1 <= 1.463 AND feature_0 > 0.763 AND feature_2 <= 0.453 AND feature_7 <= -0.169,"{'feature_0': (0.763, 3.845), 'feature_1': (1.06, 1.463), 'feature_2': (-3.74, 0.453), 'feature_7': (-3.746, -0.169)}",4,2.674,6,[Pretrained] CF,"[468, 710, 711, 721, 722]",2.878,2.864,NoOve,[Pretrained] CF NoOve,0.011,0,0.011,752,53,0.0,5,0.20400000000000018,0.014000000000000234,0.1
739,feature_0 > 0.26 AND feature_1 > 1.06 AND feature_1 > 1.463 AND feature_0 <= 0.557 AND feature_0 > 0.352 AND feature_1 > 1.661,"{'feature_0': (0.352, 0.557), 'feature_1': (1.661, 3.852)}",2,2.668,6,[Pretrained] CF,"[468, 710, 734, 735, 737]",2.549,2.549,NoOve,[Pretrained] CF NoOve,0.011,0,0.011,752,30,0.0,5,0.11900000000000022,0.0,0.1
742,feature_0 > 0.26 AND feature_1 > 1.06 AND feature_1 > 1.463 AND feature_0 > 0.557 AND feature_2 <= 0.652 AND feature_7 <= -0.835,"{'feature_0': (0.557, 3.845), 'feature_1': (1.463, 3.852), 'feature_2': (-3.74, 0.652), 'feature_7': (-3.746, -0.835)}",4,2.959,6,[Pretrained] CF,"[468, 710, 734, 740, 741]",3.114,3.111,OptRes,[Pretrained] CF OptRes,0.008,0,0.008,752,39,0.06756756756756757,5,0.1549999999999998,0.0029999999999996696,0.2
748,feature_0 > 0.26 AND feature_1 > 1.06 AND feature_1 > 1.463 AND feature_0 > 0.557 AND feature_2 <= 0.652 AND feature_7 > -0.835 AND feature_0 > 0.767 AND feature_9 <= 0.059,"{'feature_0': (0.767, 3.845), 'feature_1': (1.463, 3.852), 'feature_2': (-3.74, 0.652), 'feature_7': (-0.835, 3.492), 'feature_9': (-3.581, 0.059)}",5,2.879,8,[Pretrained] CF,"[468, 710, 734, 740, 741, 745, 747]",3.155,3.108,OptRes,[Pretrained] CF OptRes,0.008,0,0.008,752,32,0.06418918918918919,5,0.2759999999999998,0.04699999999999971,0.2
741,feature_0 > 0.26 AND feature_1 > 1.06 AND feature_1 > 1.463 AND feature_0 > 0.557 AND feature_2 <= 0.652,"{'feature_0': (0.557, 3.845), 'feature_1': (1.463, 3.852), 'feature_2': (-3.74, 0.652)}",3,2.846,5,[Pretrained] CF,"[468, 710, 734, 740]",3.064,3.048,OptRes,[Pretrained] CF OptRes,0.008,0,0.008,752,133,0.25,5,0.21799999999999997,0.016000000000000014,0.2
749,feature_0 > 0.26 AND feature_1 > 1.06 AND feature_1 > 1.463 AND feature_0 > 0.557 AND feature_2 <= 0.652 AND feature_7 > -0.835 AND feature_0 > 0.767 AND feature_9 > 0.059,"{'feature_0': (0.767, 3.845), 'feature_1': (1.463, 3.852), 'feature_2': (-3.74, 0.652), 'feature_7': (-0.835, 3.492), 'feature_9': (0.059, 3.767)}",5,2.803,8,[Pretrained] CF,"[468, 710, 734, 740, 741, 745, 747]",3.309,3.366,OptRes,[Pretrained] CF OptRes,0.008,0,0.008,752,29,0.05912162162162162,5,0.5060000000000002,0.05699999999999994,0.2
746,feature_0 > 0.26 AND feature_1 > 1.06 AND feature_1 > 1.463 AND feature_0 > 0.557 AND feature_2 <= 0.652 AND feature_7 > -0.835 AND feature_0 <= 0.767,"{'feature_0': (0.557, 0.767), 'feature_1': (1.463, 3.852), 'feature_2': (-3.74, 0.652), 'feature_7': (-0.835, 3.492)}",4,2.722,7,[Pretrained] CF,"[468, 710, 734, 740, 741, 745]",2.664,2.637,OptRes,[Pretrained] CF OptRes,0.008,0,0.008,752,33,0.05912162162162162,5,0.05799999999999983,0.027000000000000135,0.2
752,feature_0 > 0.26 AND feature_1 > 1.06 AND feature_1 > 1.463 AND feature_0 > 0.557 AND feature_2 > 0.652 AND feature_1 > 1.686,"{'feature_0': (0.557, 3.845), 'feature_1': (1.686, 3.852), 'feature_2': (0.652, 4.02)}",3,2.72,6,[Pretrained] CF,"[468, 710, 734, 740, 750]",3.443,3.477,ResOve,[Pretrained] CF ResOve,0.144,0,0.144,752,29,0.0,5,0.7229999999999999,0.03399999999999981,0.2
749,feature_0 > 0.26 AND feature_1 > 1.06 AND feature_1 > 1.463 AND feature_0 > 0.557 AND feature_2 <= 0.652 AND feature_7 > -0.835 AND feature_0 > 0.767 AND feature_9 > 0.059,"{'feature_0': (0.767, 3.845), 'feature_1': (1.463, 3.852), 'feature_2': (-3.74, 0.652), 'feature_7': (-0.835, 3.492), 'feature_9': (0.059, 3.767)}",5,2.803,8,[Pretrained] CF,"[468, 710, 734, 740, 741, 745, 747]",3.309,3.366,ResOve,[Pretrained] CF ResOve,0.144,0,0.144,752,29,0.0,5,0.5060000000000002,0.05699999999999994,0.2
748,feature_0 > 0.26 AND feature_1 > 1.06 AND feature_1 > 1.463 AND feature_0 > 0.557 AND feature_2 <= 0.652 AND feature_7 > -0.835 AND feature_0 > 0.767 AND feature_9 <= 0.059,"{'feature_0': (0.767, 3.845), 'feature_1': (1.463, 3.852), 'feature_2': (-3.74, 0.652), 'feature_7': (-0.835, 3.492), 'feature_9': (-3.581, 0.059)}",5,2.879,8,[Pretrained] CF,"[468, 710, 734, 740, 741, 745, 747]",3.155,3.108,ResOve,[Pretrained] CF ResOve,0.144,0,0.144,752,32,0.0,5,0.2759999999999998,0.04699999999999971,0.2
742,feature_0 > 0.26 AND feature_1 > 1.06 AND feature_1 > 1.463 AND feature_0 > 0.557 AND feature_2 <= 0.652 AND feature_7 <= -0.835,"{'feature_0': (0.557, 3.845), 'feature_1': (1.463, 3.852), 'feature_2': (-3.74, 0.652), 'feature_7': (-3.746, -0.835)}",4,2.959,6,[Pretrained] CF,"[468, 710, 734, 740, 741]",3.114,3.111,ResOve,[Pretrained] CF ResOve,0.144,0,0.144,752,39,0.0,5,0.1549999999999998,0.0029999999999996696,0.2
723,feature_0 > 0.26 AND feature_1 > 1.06 AND feature_1 <= 1.463 AND feature_0 > 0.763 AND feature_2 <= 0.453 AND feature_7 <= -0.169,"{'feature_0': (0.763, 3.845), 'feature_1': (1.06, 1.463), 'feature_2': (-3.74, 0.453), 'feature_7': (-3.746, -0.169)}",4,2.674,6,[Pretrained] CF,"[468, 710, 711, 721, 722]",2.878,2.891,ResOve,[Pretrained] CF ResOve,0.144,0,0.144,752,52,0.0,5,0.20400000000000018,0.0129999999999999,0.2
742,feature_0 > 0.26 AND feature_1 > 1.06 AND feature_1 > 1.463 AND feature_0 > 0.557 AND feature_2 <= 0.652 AND feature_7 <= -0.835,"{'feature_0': (0.557, 3.845), 'feature_1': (1.463, 3.852), 'feature_2': (-3.74, 0.652), 'feature_7': (-3.746, -0.835)}",4,2.959,6,[Pretrained] CF,"[468, 710, 734, 740, 741]",3.114,3.111,NoOve,[Pretrained] CF NoOve,0.01,0,0.01,752,39,0.0,5,0.1549999999999998,0.0029999999999996696,0.2
745,feature_0 > 0.26 AND feature_1 > 1.06 AND feature_1 > 1.463 AND feature_0 > 0.557 AND feature_2 <= 0.652 AND feature_7 > -0.835,"{'feature_0': (0.557, 3.845), 'feature_1': (1.463, 3.852), 'feature_2': (-3.74, 0.652), 'feature_7': (-0.835, 3.492)}",4,2.804,6,[Pretrained] CF,"[468, 710, 734, 740, 741]",3.046,3.022,NoOve,[Pretrained] CF NoOve,0.01,0,0.01,752,94,0.0,5,0.242,0.02400000000000002,0.2
752,feature_0 > 0.26 AND feature_1 > 1.06 AND feature_1 > 1.463 AND feature_0 > 0.557 AND feature_2 > 0.652 AND feature_1 > 1.686,"{'feature_0': (0.557, 3.845), 'feature_1': (1.686, 3.852), 'feature_2': (0.652, 4.02)}",3,2.72,6,[Pretrained] CF,"[468, 710, 734, 740, 750]",3.443,3.477,NoOve,[Pretrained] CF NoOve,0.01,0,0.01,752,29,0.0,5,0.7229999999999999,0.03399999999999981,0.2
723,feature_0 > 0.26 AND feature_1 > 1.06 AND feature_1 <= 1.463 AND feature_0 > 0.763 AND feature_2 <= 0.453 AND feature_7 <= -0.169,"{'feature_0': (0.763, 3.845), 'feature_1': (1.06, 1.463), 'feature_2': (-3.74, 0.453), 'feature_7': (-3.746, -0.169)}",4,2.674,6,[Pretrained] CF,"[468, 710, 711, 721, 722]",2.878,2.891,NoOve,[Pretrained] CF NoOve,0.01,0,0.01,752,52,0.0,5,0.20400000000000018,0.0129999999999999,0.2
739,feature_0 > 0.26 AND feature_1 > 1.06 AND feature_1 > 1.463 AND feature_0 <= 0.557 AND feature_0 > 0.352 AND feature_1 > 1.661,"{'feature_0': (0.352, 0.557), 'feature_1': (1.661, 3.852)}",2,2.668,6,[Pretrained] CF,"[468, 710, 734, 735, 737]",2.549,2.513,NoOve,[Pretrained] CF NoOve,0.01,0,0.01,752,27,0.0,5,0.11900000000000022,0.03600000000000003,0.2
742,feature_0 > 0.26 AND feature_1 > 1.06 AND feature_1 > 1.463 AND feature_0 > 0.557 AND feature_2 <= 0.652 AND feature_7 <= -0.835,"{'feature_0': (0.557, 3.845), 'feature_1': (1.463, 3.852), 'feature_2': (-3.74, 0.652), 'feature_7': (-3.746, -0.835)}",4,2.959,6,[Pretrained] CF,"[468, 710, 734, 740, 741]",3.114,3.114,OptRes,[Pretrained] CF OptRes,0.008,0,0.008,752,40,0.06756756756756757,5,0.1549999999999998,0.0,0.3
748,feature_0 > 0.26 AND feature_1 > 1.06 AND feature_1 > 1.463 AND feature_0 > 0.557 AND feature_2 <= 0.652 AND feature_7 > -0.835 AND feature_0 > 0.767 AND feature_9 <= 0.059,"{'feature_0': (0.767, 3.845), 'feature_1': (1.463, 3.852), 'feature_2': (-3.74, 0.652), 'feature_7': (-0.835, 3.492), 'feature_9': (-3.581, 0.059)}",5,2.879,8,[Pretrained] CF,"[468, 710, 734, 740, 741, 745, 747]",3.155,3.139,OptRes,[Pretrained] CF OptRes,0.008,0,0.008,752,29,0.06418918918918919,5,0.2759999999999998,0.016000000000000014,0.3
741,feature_0 > 0.26 AND feature_1 > 1.06 AND feature_1 > 1.463 AND feature_0 > 0.557 AND feature_2 <= 0.652,"{'feature_0': (0.557, 3.845), 'feature_1': (1.463, 3.852), 'feature_2': (-3.74, 0.652)}",3,2.846,5,[Pretrained] CF,"[468, 710, 734, 740]",3.064,3.068,OptRes,[Pretrained] CF OptRes,0.008,0,0.008,752,108,0.19087837837837837,5,0.21799999999999997,0.0040000000000000036,0.3
749,feature_0 > 0.26 AND feature_1 > 1.06 AND feature_1 > 1.463 AND feature_0 > 0.557 AND feature_2 <= 0.652 AND feature_7 > -0.835 AND feature_0 > 0.767 AND feature_9 > 0.059,"{'feature_0': (0.767, 3.845), 'feature_1': (1.463, 3.852), 'feature_2': (-3.74, 0.652), 'feature_7': (-0.835, 3.492), 'feature_9': (0.059, 3.767)}",5,2.803,8,[Pretrained] CF,"[468, 710, 734, 740, 741, 745, 747]",3.309,3.256,OptRes,[Pretrained] CF OptRes,0.008,0,0.008,752,22,0.05912162162162162,5,0.5060000000000002,0.05300000000000038,0.3
750,feature_0 > 0.26 AND feature_1 > 1.06 AND feature_1 > 1.463 AND feature_0 > 0.557 AND feature_2 > 0.652,"{'feature_0': (0.557, 3.845), 'feature_1': (1.463, 3.852), 'feature_2': (0.652, 4.02)}",3,2.69,5,[Pretrained] CF,"[468, 710, 734, 740]",3.26,3.328,OptRes,[Pretrained] CF OptRes,0.008,0,0.008,752,34,0.0,5,0.5699999999999998,0.06800000000000006,0.3
750,feature_0 > 0.26 AND feature_1 > 1.06 AND feature_1 > 1.463 AND feature_0 > 0.557 AND feature_2 > 0.652,"{'feature_0': (0.557, 3.845), 'feature_1': (1.463, 3.852), 'feature_2': (0.652, 4.02)}",3,2.69,5,[Pretrained] CF,"[468, 710, 734, 740]",3.26,3.328,ResOve,[Pretrained] CF ResOve,0.117,0,0.117,752,34,0.0,5,0.5699999999999998,0.06800000000000006,0.3
749,feature_0 > 0.26 AND feature_1 > 1.06 AND feature_1 > 1.463 AND feature_0 > 0.557 AND feature_2 <= 0.652 AND feature_7 > -0.835 AND feature_0 > 0.767 AND feature_9 > 0.059,"{'feature_0': (0.767, 3.845), 'feature_1': (1.463, 3.852), 'feature_2': (-3.74, 0.652), 'feature_7': (-0.835, 3.492), 'feature_9': (0.059, 3.767)}",5,2.803,8,[Pretrained] CF,"[468, 710, 734, 740, 741, 745, 747]",3.309,3.256,ResOve,[Pretrained] CF ResOve,0.117,0,0.117,752,22,0.0,5,0.5060000000000002,0.05300000000000038,0.3
748,feature_0 > 0.26 AND feature_1 > 1.06 AND feature_1 > 1.463 AND feature_0 > 0.557 AND feature_2 <= 0.652 AND feature_7 > -0.835 AND feature_0 > 0.767 AND feature_9 <= 0.059,"{'feature_0': (0.767, 3.845), 'feature_1': (1.463, 3.852), 'feature_2': (-3.74, 0.652), 'feature_7': (-0.835, 3.492), 'feature_9': (-3.581, 0.059)}",5,2.879,8,[Pretrained] CF,"[468, 710, 734, 740, 741, 745, 747]",3.155,3.139,ResOve,[Pretrained] CF ResOve,0.117,0,0.117,752,29,0.0,5,0.2759999999999998,0.016000000000000014,0.3
742,feature_0 > 0.26 AND feature_1 > 1.06 AND feature_1 > 1.463 AND feature_0 > 0.557 AND feature_2 <= 0.652 AND feature_7 <= -0.835,"{'feature_0': (0.557, 3.845), 'feature_1': (1.463, 3.852), 'feature_2': (-3.74, 0.652), 'feature_7': (-3.746, -0.835)}",4,2.959,6,[Pretrained] CF,"[468, 710, 734, 740, 741]",3.114,3.114,ResOve,[Pretrained] CF ResOve,0.117,0,0.117,752,40,0.0,5,0.1549999999999998,0.0,0.3
723,feature_0 > 0.26 AND feature_1 > 1.06 AND feature_1 <= 1.463 AND feature_0 > 0.763 AND feature_2 <= 0.453 AND feature_7 <= -0.169,"{'feature_0': (0.763, 3.845), 'feature_1': (1.06, 1.463), 'feature_2': (-3.74, 0.453), 'feature_7': (-3.746, -0.169)}",4,2.674,6,[Pretrained] CF,"[468, 710, 711, 721, 722]",2.878,2.887,ResOve,[Pretrained] CF ResOve,0.117,0,0.117,752,56,0.0,5,0.20400000000000018,0.008999999999999897,0.3
742,feature_0 > 0.26 AND feature_1 > 1.06 AND feature_1 > 1.463 AND feature_0 > 0.557 AND feature_2 <= 0.652 AND feature_7 <= -0.835,"{'feature_0': (0.557, 3.845), 'feature_1': (1.463, 3.852), 'feature_2': (-3.74, 0.652), 'feature_7': (-3.746, -0.835)}",4,2.959,6,[Pretrained] CF,"[468, 710, 734, 740, 741]",3.114,3.114,NoOve,[Pretrained] CF NoOve,0.016,0,0.016,752,40,0.0,5,0.1549999999999998,0.0,0.3
745,feature_0 > 0.26 AND feature_1 > 1.06 AND feature_1 > 1.463 AND feature_0 > 0.557 AND feature_2 <= 0.652 AND feature_7 > -0.835,"{'feature_0': (0.557, 3.845), 'feature_1': (1.463, 3.852), 'feature_2': (-3.74, 0.652), 'feature_7': (-0.835, 3.492)}",4,2.804,6,[Pretrained] CF,"[468, 710, 734, 740, 741]",3.046,3.042,NoOve,[Pretrained] CF NoOve,0.016,0,0.016,752,68,0.0,5,0.242,0.0040000000000000036,0.3
723,feature_0 > 0.26 AND feature_1 > 1.06 AND feature_1 <= 1.463 AND feature_0 > 0.763 AND feature_2 <= 0.453 AND feature_7 <= -0.169,"{'feature_0': (0.763, 3.845), 'feature_1': (1.06, 1.463), 'feature_2': (-3.74, 0.453), 'feature_7': (-3.746, -0.169)}",4,2.674,6,[Pretrained] CF,"[468, 710, 711, 721, 722]",2.878,2.887,NoOve,[Pretrained] CF NoOve,0.016,0,0.016,752,56,0.0,5,0.20400000000000018,0.008999999999999897,0.3
739,feature_0 > 0.26 AND feature_1 > 1.06 AND feature_1 > 1.463 AND feature_0 <= 0.557 AND feature_0 > 0.352 AND feature_1 > 1.661,"{'feature_0': (0.352, 0.557), 'feature_1': (1.661, 3.852)}",2,2.668,6,[Pretrained] CF,"[468, 710, 734, 735, 737]",2.549,2.561,NoOve,[Pretrained] CF NoOve,0.016,0,0.016,752,24,0.0,5,0.11900000000000022,0.01200000000000001,0.3
726,feature_0 > 0.26 AND feature_1 > 1.06 AND feature_1 <= 1.463 AND feature_0 > 0.763 AND feature_2 <= 0.453 AND feature_7 > -0.169,"{'feature_0': (0.763, 3.845), 'feature_1': (1.06, 1.463), 'feature_2': (-3.74, 0.453), 'feature_7': (-0.169, 3.492)}",4,2.484,6,[Pretrained] CF,"[468, 710, 711, 721, 722]",2.676,2.71,NoOve,[Pretrained] CF NoOve,0.016,0,0.016,752,28,0.0,5,0.19200000000000017,0.03399999999999981,0.3
748,feature_0 > 0.26 AND feature_1 > 1.06 AND feature_1 > 1.463 AND feature_0 > 0.557 AND feature_2 <= 0.652 AND feature_7 > -0.835 AND feature_0 > 0.767 AND feature_9 <= 0.059,"{'feature_0': (0.767, 3.845), 'feature_1': (1.463, 3.852), 'feature_2': (-3.74, 0.652), 'feature_7': (-0.835, 3.492), 'feature_9': (-3.581, 0.059)}",5,2.879,8,[Pretrained] CF,"[468, 710, 734, 740, 741, 745, 747]",3.155,3.149,OptRes,[Pretrained] CF OptRes,0.009,0,0.009,752,22,0.06418918918918919,5,0.2759999999999998,0.005999999999999783,0.4
741,feature_0 > 0.26 AND feature_1 > 1.06 AND feature_1 > 1.463 AND feature_0 > 0.557 AND feature_2 <= 0.652,"{'feature_0': (0.557, 3.845), 'feature_1': (1.463, 3.852), 'feature_2': (-3.74, 0.652)}",3,2.846,5,[Pretrained] CF,"[468, 710, 734, 740]",3.064,3.074,OptRes,[Pretrained] CF OptRes,0.009,0,0.009,752,69,0.06418918918918919,5,0.21799999999999997,0.009999999999999787,0.4
752,feature_0 > 0.26 AND feature_1 > 1.06 AND feature_1 > 1.463 AND feature_0 > 0.557 AND feature_2 > 0.652 AND feature_1 > 1.686,"{'feature_0': (0.557, 3.845), 'feature_1': (1.686, 3.852), 'feature_2': (0.652, 4.02)}",3,2.72,6,[Pretrained] CF,"[468, 710, 734, 740, 750]",3.443,3.443,OptRes,[Pretrained] CF OptRes,0.009,0,0.009,752,32,0.0,5,0.7229999999999999,0.0,0.4
723,feature_0 > 0.26 AND feature_1 > 1.06 AND feature_1 <= 1.463 AND feature_0 > 0.763 AND feature_2 <= 0.453 AND feature_7 <= -0.169,"{'feature_0': (0.763, 3.845), 'feature_1': (1.06, 1.463), 'feature_2': (-3.74, 0.453), 'feature_7': (-3.746, -0.169)}",4,2.674,6,[Pretrained] CF,"[468, 710, 711, 721, 722]",2.878,2.826,OptRes,[Pretrained] CF OptRes,0.009,0,0.009,752,32,0.0,5,0.20400000000000018,0.052000000000000046,0.4
737,feature_0 > 0.26 AND feature_1 > 1.06 AND feature_1 > 1.463 AND feature_0 <= 0.557 AND feature_0 > 0.352,"{'feature_0': (0.352, 0.557), 'feature_1': (1.463, 3.852)}",2,2.602,5,[Pretrained] CF,"[468, 710, 734, 735]",2.4,2.438,OptRes,[Pretrained] CF OptRes,0.009,0,0.009,752,31,0.0,5,0.20199999999999996,0.038000000000000256,0.4
752,feature_0 > 0.26 AND feature_1 > 1.06 AND feature_1 > 1.463 AND feature_0 > 0.557 AND feature_2 > 0.652 AND feature_1 > 1.686,"{'feature_0': (0.557, 3.845), 'feature_1': (1.686, 3.852), 'feature_2': (0.652, 4.02)}",3,2.72,6,[Pretrained] CF,"[468, 710, 734, 740, 750]",3.443,3.443,ResOve,[Pretrained] CF ResOve,0.119,0,0.119,752,32,0.1509433962264151,5,0.7229999999999999,0.0,0.4
737,feature_0 > 0.26 AND feature_1 > 1.06 AND feature_1 > 1.463 AND feature_0 <= 0.557 AND feature_0 > 0.352,"{'feature_0': (0.352, 0.557), 'feature_1': (1.463, 3.852)}",2,2.602,5,[Pretrained] CF,"[468, 710, 734, 735]",2.4,2.438,ResOve,[Pretrained] CF ResOve,0.119,0,0.119,752,31,0.0,5,0.20199999999999996,0.038000000000000256,0.4
748,feature_0 > 0.26 AND feature_1 > 1.06 AND feature_1 > 1.463 AND feature_0 > 0.557 AND feature_2 <= 0.652 AND feature_7 > -0.835 AND feature_0 > 0.767 AND feature_9 <= 0.059,"{'feature_0': (0.767, 3.845), 'feature_1': (1.463, 3.852), 'feature_2': (-3.74, 0.652), 'feature_7': (-0.835, 3.492), 'feature_9': (-3.581, 0.059)}",5,2.879,8,[Pretrained] CF,"[468, 710, 734, 740, 741, 745, 747]",3.155,3.149,ResOve,[Pretrained] CF ResOve,0.119,0,0.119,752,22,0.0,5,0.2759999999999998,0.005999999999999783,0.4
724,feature_0 > 0.26 AND feature_1 > 1.06 AND feature_1 <= 1.463 AND feature_0 > 0.763 AND feature_2 <= 0.453 AND feature_7 <= -0.169 AND feature_1 <= 1.301,"{'feature_0': (0.763, 3.845), 'feature_1': (1.06, 1.301), 'feature_2': (-3.74, 0.453), 'feature_7': (-3.746, -0.169)}",4,2.607,7,[Pretrained] CF,"[468, 710, 711, 721, 722, 723]",2.833,2.87,ResOve,[Pretrained] CF ResOve,0.119,0,0.119,752,25,0.0,5,0.22599999999999998,0.03699999999999992,0.4
750,feature_0 > 0.26 AND feature_1 > 1.06 AND feature_1 > 1.463 AND feature_0 > 0.557 AND feature_2 > 0.652,"{'feature_0': (0.557, 3.845), 'feature_1': (1.463, 3.852), 'feature_2': (0.652, 4.02)}",3,2.69,5,[Pretrained] CF,"[468, 710, 734, 740]",3.26,3.261,ResOve,[Pretrained] CF ResOve,0.119,0,0.119,752,52,0.1509433962264151,5,0.5699999999999998,0.001000000000000334,0.4
745,feature_0 > 0.26 AND feature_1 > 1.06 AND feature_1 > 1.463 AND feature_0 > 0.557 AND feature_2 <= 0.652 AND feature_7 > -0.835,"{'feature_0': (0.557, 3.845), 'feature_1': (1.463, 3.852), 'feature_2': (-3.74, 0.652), 'feature_7': (-0.835, 3.492)}",4,2.804,6,[Pretrained] CF,"[468, 710, 734, 740, 741]",3.046,3.026,NoOve,[Pretrained] CF NoOve,0.016,0,0.016,752,57,0.0,5,0.242,0.020000000000000018,0.4
752,feature_0 > 0.26 AND feature_1 > 1.06 AND feature_1 > 1.463 AND feature_0 > 0.557 AND feature_2 > 0.652 AND feature_1 > 1.686,"{'feature_0': (0.557, 3.845), 'feature_1': (1.686, 3.852), 'feature_2': (0.652, 4.02)}",3,2.72,6,[Pretrained] CF,"[468, 710, 734, 740, 750]",3.443,3.443,NoOve,[Pretrained] CF NoOve,0.016,0,0.016,752,32,0.0,5,0.7229999999999999,0.0,0.4
723,feature_0 > 0.26 AND feature_1 > 1.06 AND feature_1 <= 1.463 AND feature_0 > 0.763 AND feature_2 <= 0.453 AND feature_7 <= -0.169,"{'feature_0': (0.763, 3.845), 'feature_1': (1.06, 1.463), 'feature_2': (-3.74, 0.453), 'feature_7': (-3.746, -0.169)}",4,2.674,6,[Pretrained] CF,"[468, 710, 711, 721, 722]",2.878,2.826,NoOve,[Pretrained] CF NoOve,0.016,0,0.016,752,32,0.0,5,0.20400000000000018,0.052000000000000046,0.4
726,feature_0 > 0.26 AND feature_1 > 1.06 AND feature_1 <= 1.463 AND feature_0 > 0.763 AND feature_2 <= 0.453 AND feature_7 > -0.169,"{'feature_0': (0.763, 3.845), 'feature_1': (1.06, 1.463), 'feature_2': (-3.74, 0.453), 'feature_7': (-0.169, 3.492)}",4,2.484,6,[Pretrained] CF,"[468, 710, 711, 721, 722]",2.676,2.676,NoOve,[Pretrained] CF NoOve,0.016,0,0.016,752,23,0.0,5,0.19200000000000017,0.0,0.4
731,feature_0 > 0.26 AND feature_1 > 1.06 AND feature_1 <= 1.463 AND feature_0 > 0.763 AND feature_2 > 0.453 AND feature_1 > 1.167,"{'feature_0': (0.763, 3.845), 'feature_1': (1.167, 1.463), 'feature_2': (0.453, 4.02)}",3,2.423,6,[Pretrained] CF,"[468, 710, 711, 721, 729]",2.739,2.739,NoOve,[Pretrained] CF NoOve,0.016,0,0.016,752,42,0.0,5,0.31599999999999984,0.0,0.4
647,feature_0 > 0.26 AND feature_1 <= 1.06 AND feature_0 > 0.8 AND feature_1 <= 0.12 AND feature_0 > 1.512 AND feature_4 > -0.038 AND feature_3 <= -0.585 AND feature_0 > 1.867,"{'feature_0': (1.867, 3.845), 'feature_1': (-3.98, 0.12), 'feature_4': (-0.038, 3.804), 'feature_3': (-3.667, -0.585)}",4,2.21,8,[Pretrained] CF,"[468, 469, 583, 584, 632, 644, 645]",2.683,2.683,OptRes,[Pretrained] CF OptRes,0.002,0,0.002,752,24,0.1111111111111111,5,0.47299999999999986,0.0,0.5
650,feature_0 > 0.26 AND feature_1 <= 1.06 AND feature_0 > 0.8 AND feature_1 <= 0.12 AND feature_0 > 1.512 AND feature_4 > -0.038 AND feature_3 > -0.585 AND feature_5 <= -0.604 AND feature_3 <= 0.575,"{'feature_0': (1.512, 3.845), 'feature_1': (-3.98, 0.12), 'feature_4': (-0.038, 3.804), 'feature_3': (-0.585, 0.575), 'feature_5': (-3.694, -0.604)}",5,2.179,9,[Pretrained] CF,"[468, 469, 583, 584, 632, 644, 648, 649]",2.522,2.522,OptRes,[Pretrained] CF OptRes,0.002,0,0.002,752,21,0.11170212765957446,5,0.34299999999999997,0.0,0.5
645,feature_0 > 0.26 AND feature_1 <= 1.06 AND feature_0 > 0.8 AND feature_1 <= 0.12 AND feature_0 > 1.512 AND feature_4 > -0.038 AND feature_3 <= -0.585,"{'feature_0': (1.512, 3.845), 'feature_1': (-3.98, 0.12), 'feature_4': (-0.038, 3.804), 'feature_3': (-3.667, -0.585)}",4,2.142,7,[Pretrained] CF,"[468, 469, 583, 584, 632, 644]",2.388,2.388,OptRes,[Pretrained] CF OptRes,0.002,0,0.002,752,54,0.1111111111111111,5,0.246,0.0,0.5
676,feature_0 > 0.26 AND feature_1 <= 1.06 AND feature_0 > 0.8 AND feature_1 > 0.12 AND feature_0 <= 1.421 AND feature_1 > 0.367 AND feature_2 <= -0.417 AND feature_0 > 0.916 AND feature_1 <= 0.663,"{'feature_0': (0.916, 1.421), 'feature_1': (0.367, 0.663), 'feature_2': (-3.74, -0.417)}",3,2.126,9,[Pretrained] CF,"[468, 469, 583, 659, 660, 672, 673, 675]",2.093,2.093,OptRes,[Pretrained] CF OptRes,0.002,0,0.002,752,34,0.0,5,0.03299999999999992,0.0,0.5
649,feature_0 > 0.26 AND feature_1 <= 1.06 AND feature_0 > 0.8 AND feature_1 <= 0.12 AND feature_0 > 1.512 AND feature_4 > -0.038 AND feature_3 > -0.585 AND feature_5 <= -0.604,"{'feature_0': (1.512, 3.845), 'feature_1': (-3.98, 0.12), 'feature_4': (-0.038, 3.804), 'feature_3': (-0.585, 4.242), 'feature_5': (-3.694, -0.604)}",5,2.09,8,[Pretrained] CF,"[468, 469, 583, 584, 632, 644, 648]",2.438,2.438,OptRes,[Pretrained] CF OptRes,0.002,0,0.002,752,47,0.11170212765957446,5,0.3480000000000003,0.0,0.5
647,feature_0 > 0.26 AND feature_1 <= 1.06 AND feature_0 > 0.8 AND feature_1 <= 0.12 AND feature_0 > 1.512 AND feature_4 > -0.038 AND feature_3 <= -0.585 AND feature_0 > 1.867,"{'feature_0': (1.867, 3.845), 'feature_1': (-3.98, 0.12), 'feature_4': (-0.038, 3.804), 'feature_3': (-3.667, -0.585)}",4,2.21,8,[Pretrained] CF,"[468, 469, 583, 584, 632, 644, 645]",2.683,2.683,ResOve,[Pretrained] CF ResOve,0.075,0,0.075,752,24,0.0,5,0.47299999999999986,0.0,0.5
646,feature_0 > 0.26 AND feature_1 <= 1.06 AND feature_0 > 0.8 AND feature_1 <= 0.12 AND feature_0 > 1.512 AND feature_4 > -0.038 AND feature_3 <= -0.585 AND feature_0 <= 1.867,"{'feature_0': (1.512, 1.867), 'feature_1': (-3.98, 0.12), 'feature_4': (-0.038, 3.804), 'feature_3': (-3.667, -0.585)}",4,2.087,8,[Pretrained] CF,"[468, 469, 583, 584, 632, 644, 645]",2.153,2.153,ResOve,[Pretrained] CF ResOve,0.075,0,0.075,752,30,0.0,5,0.06599999999999984,0.0,0.5
593,feature_0 > 0.26 AND feature_1 <= 1.06 AND feature_0 > 0.8 AND feature_1 <= 0.12 AND feature_0 <= 1.512 AND feature_3 <= -0.812 AND feature_0 > 1.006 AND feature_4 > -0.576 AND feature_5 <= -0.78,"{'feature_0': (1.006, 1.512), 'feature_1': (-3.98, 0.12), 'feature_3': (-3.667, -0.812), 'feature_4': (-0.576, 3.804), 'feature_5': (-3.694, -0.78)}",5,2.066,9,[Pretrained] CF,"[468, 469, 583, 584, 585, 586, 590, 592]",1.675,1.675,ResOve,[Pretrained] CF ResOve,0.075,0,0.075,752,23,0.0,5,0.3909999999999998,0.0,0.5
651,feature_0 > 0.26 AND feature_1 <= 1.06 AND feature_0 > 0.8 AND feature_1 <= 0.12 AND feature_0 > 1.512 AND feature_4 > -0.038 AND feature_3 > -0.585 AND feature_5 <= -0.604 AND feature_3 > 0.575,"{'feature_0': (1.512, 3.845), 'feature_1': (-3.98, 0.12), 'feature_4': (-0.038, 3.804), 'feature_3': (0.575, 4.242), 'feature_5': (-3.694, -0.604)}",5,2.018,9,[Pretrained] CF,"[468, 469, 583, 584, 632, 644, 648, 649]",2.369,2.369,ResOve,[Pretrained] CF ResOve,0.075,0,0.075,752,26,0.0,5,0.3510000000000004,0.0,0.5
650,feature_0 > 0.26 AND feature_1 <= 1.06 AND feature_0 > 0.8 AND feature_1 <= 0.12 AND feature_0 > 1.512 AND feature_4 > -0.038 AND feature_3 > -0.585 AND feature_5 <= -0.604 AND feature_3 <= 0.575,"{'feature_0': (1.512, 3.845), 'feature_1': (-3.98, 0.12), 'feature_4': (-0.038, 3.804), 'feature_3': (-0.585, 0.575), 'feature_5': (-3.694, -0.604)}",5,2.179,9,[Pretrained] CF,"[468, 469, 583, 584, 632, 644, 648, 649]",2.522,2.522,ResOve,[Pretrained] CF ResOve,0.075,0,0.075,752,21,0.0,5,0.34299999999999997,0.0,0.5
650,feature_0 > 0.26 AND feature_1 <= 1.06 AND feature_0 > 0.8 AND feature_1 <= 0.12 AND feature_0 > 1.512 AND feature_4 > -0.038 AND feature_3 > -0.585 AND feature_5 <= -0.604 AND feature_3 <= 0.575,"{'feature_0': (1.512, 3.845), 'feature_1': (-3.98, 0.12), 'feature_4': (-0.038, 3.804), 'feature_3': (-0.585, 0.575), 'feature_5': (-3.694, -0.604)}",5,2.179,9,[Pretrained] CF,"[468, 469, 583, 584, 632, 644, 648, 649]",2.522,2.522,NoOve,[Pretrained] CF NoOve,0.007,0,0.007,752,21,0.0,5,0.34299999999999997,0.0,0.5
676,feature_0 > 0.26 AND feature_1 <= 1.06 AND feature_0 > 0.8 AND feature_1 > 0.12 AND feature_0 <= 1.421 AND feature_1 > 0.367 AND feature_2 <= -0.417 AND feature_0 > 0.916 AND feature_1 <= 0.663,"{'feature_0': (0.916, 1.421), 'feature_1': (0.367, 0.663), 'feature_2': (-3.74, -0.417)}",3,2.126,9,[Pretrained] CF,"[468, 469, 583, 659, 660, 672, 673, 675]",2.093,2.093,NoOve,[Pretrained] CF NoOve,0.007,0,0.007,752,34,0.0,5,0.03299999999999992,0.0,0.5
593,feature_0 > 0.26 AND feature_1 <= 1.06 AND feature_0 > 0.8 AND feature_1 <= 0.12 AND feature_0 <= 1.512 AND feature_3 <= -0.812 AND feature_0 > 1.006 AND feature_4 > -0.576 AND feature_5 <= -0.78,"{'feature_0': (1.006, 1.512), 'feature_1': (-3.98, 0.12), 'feature_3': (-3.667, -0.812), 'feature_4': (-0.576, 3.804), 'feature_5': (-3.694, -0.78)}",5,2.066,9,[Pretrained] CF,"[468, 469, 583, 584, 585, 586, 590, 592]",1.675,1.675,NoOve,[Pretrained] CF NoOve,0.007,0,0.007,752,23,0.0,5,0.3909999999999998,0.0,0.5
651,feature_0 > 0.26 AND feature_1 <= 1.06 AND feature_0 > 0.8 AND feature_1 <= 0.12 AND feature_0 > 1.512 AND feature_4 > -0.038 AND feature_3 > -0.585 AND feature_5 <= -0.604 AND feature_3 > 0.575,"{'feature_0': (1.512, 3.845), 'feature_1': (-3.98, 0.12), 'feature_4': (-0.038, 3.804), 'feature_3': (0.575, 4.242), 'feature_5': (-3.694, -0.604)}",5,2.018,9,[Pretrained] CF,"[468, 469, 583, 584, 632, 644, 648, 649]",2.369,2.369,NoOve,[Pretrained] CF NoOve,0.007,0,0.007,752,26,0.0,5,0.3510000000000004,0.0,0.5
656,feature_0 > 0.26 AND feature_1 <= 1.06 AND feature_0 > 0.8 AND feature_1 <= 0.12 AND feature_0 > 1.512 AND feature_4 > -0.038 AND feature_3 > -0.585 AND feature_5 > -0.604 AND feature_1 > -0.641,"{'feature_0': (1.512, 3.845), 'feature_1': (-0.641, 0.12), 'feature_4': (-0.038, 3.804), 'feature_3': (-0.585, 4.242), 'feature_5': (-0.604, 3.687)}",5,1.989,9,[Pretrained] CF,"[468, 469, 583, 584, 632, 644, 648, 652]",2.52,2.52,NoOve,[Pretrained] CF NoOve,0.007,0,0.007,752,44,0.0,5,0.5309999999999999,0.0,0.5
741,feature_0 > 0.26 AND feature_1 > 1.06 AND feature_1 > 1.463 AND feature_0 > 0.557 AND feature_2 <= 0.652,"{'feature_0': (0.557, 3.845), 'feature_1': (1.463, 3.852), 'feature_2': (-3.74, 0.652)}",3,2.846,5,[Pretrained] CF,"[468, 710, 734, 740]",3.064,2.985,OptRes,[Pretrained] CF OptRes,0.008,0,0.008,752,47,0.18833717284947515,5,0.21799999999999997,0.07900000000000018,0.1
747,feature_0 > 0.26 AND feature_1 > 1.06 AND feature_1 > 1.463 AND feature_0 > 0.557 AND feature_2 <= 0.652 AND feature_7 > -0.835 AND feature_0 > 0.767,"{'feature_0': (0.767, 3.845), 'feature_1': (1.463, 3.852), 'feature_2': (-3.74, 0.652), 'feature_7': (-0.835, 3.492)}",4,2.842,7,[Pretrained] CF,"[468, 710, 734, 740, 741, 745]",3.229,3.182,OptRes,[Pretrained] CF OptRes,0.008,0,0.008,752,26,0.15538462451907092,5,0.387,0.04700000000000015,0.1
723,feature_0 > 0.26 AND feature_1 > 1.06 AND feature_1 <= 1.463 AND feature_0 > 0.763 AND feature_2 <= 0.453 AND feature_7 <= -0.169,"{'feature_0': (0.763, 3.845), 'feature_1': (1.06, 1.463), 'feature_2': (-3.74, 0.453), 'feature_7': (-3.746, -0.169)}",4,2.674,6,[Pretrained] CF,"[468, 710, 711, 721, 722]",2.878,2.883,OptRes,[Pretrained] CF OptRes,0.008,0,0.008,752,25,0.025043936731107205,5,0.20400000000000018,0.004999999999999893,0.1
737,feature_0 > 0.26 AND feature_1 > 1.06 AND feature_1 > 1.463 AND feature_0 <= 0.557 AND feature_0 > 0.352,"{'feature_0': (0.352, 0.557), 'feature_1': (1.463, 3.852)}",2,2.602,5,[Pretrained] CF,"[468, 710, 734, 735]",2.4,2.288,OptRes,[Pretrained] CF OptRes,0.008,0,0.008,752,21,0.022847100175746926,5,0.20199999999999996,0.1120000000000001,0.1
710,feature_0 > 0.26 AND feature_1 > 1.06,"{'feature_0': (0.26, 3.845), 'feature_1': (1.06, 3.852)}",2,2.521,2,[Pretrained] CF,[468],2.66,2.574,OptRes,[Pretrained] CF OptRes,0.008,0,0.008,752,208,0.14499121265377857,5,0.13900000000000023,0.0860000000000003,0.1
747,feature_0 > 0.26 AND feature_1 > 1.06 AND feature_1 > 1.463 AND feature_0 > 0.557 AND feature_2 <= 0.652 AND feature_7 > -0.835 AND feature_0 > 0.767,"{'feature_0': (0.767, 3.845), 'feature_1': (1.463, 3.852), 'feature_2': (-3.74, 0.652), 'feature_7': (-0.835, 3.492)}",4,2.842,7,[Pretrained] CF,"[468, 710, 734, 740, 741, 745]",3.229,3.182,ResOve,[Pretrained] CF ResOve,0.132,0,0.132,752,26,0.12331081081081081,5,0.387,0.04700000000000015,0.1
741,feature_0 > 0.26 AND feature_1 > 1.06 AND feature_1 > 1.463 AND feature_0 > 0.557 AND feature_2 <= 0.652,"{'feature_0': (0.557, 3.845), 'feature_1': (1.463, 3.852), 'feature_2': (-3.74, 0.652)}",3,2.846,5,[Pretrained] CF,"[468, 710, 734, 740]",3.064,2.985,ResOve,[Pretrained] CF ResOve,0.132,0,0.132,752,47,0.12331081081081081,5,0.21799999999999997,0.07900000000000018,0.1
737,feature_0 > 0.26 AND feature_1 > 1.06 AND feature_1 > 1.463 AND feature_0 <= 0.557 AND feature_0 > 0.352,"{'feature_0': (0.352, 0.557), 'feature_1': (1.463, 3.852)}",2,2.602,5,[Pretrained] CF,"[468, 710, 734, 735]",2.4,2.288,ResOve,[Pretrained] CF ResOve,0.132,0,0.132,752,21,0.0,5,0.20199999999999996,0.1120000000000001,0.1
723,feature_0 > 0.26 AND feature_1 > 1.06 AND feature_1 <= 1.463 AND feature_0 > 0.763 AND feature_2 <= 0.453 AND feature_7 <= -0.169,"{'feature_0': (0.763, 3.845), 'feature_1': (1.06, 1.463), 'feature_2': (-3.74, 0.453), 'feature_7': (-3.746, -0.169)}",4,2.674,6,[Pretrained] CF,"[468, 710, 711, 721, 722]",2.878,2.883,ResOve,[Pretrained] CF ResOve,0.132,0,0.132,752,25,0.0,5,0.20400000000000018,0.004999999999999893,0.1
726,feature_0 > 0.26 AND feature_1 > 1.06 AND feature_1 <= 1.463 AND feature_0 > 0.763 AND feature_2 <= 0.453 AND feature_7 > -0.169,"{'feature_0': (0.763, 3.845), 'feature_1': (1.06, 1.463), 'feature_2': (-3.74, 0.453), 'feature_7': (-0.169, 3.492)}",4,2.484,6,[Pretrained] CF,"[468, 710, 711, 721, 722]",2.676,2.606,ResOve,[Pretrained] CF ResOve,0.132,0,0.132,752,21,0.0,5,0.19200000000000017,0.07000000000000028,0.1
741,feature_0 > 0.26 AND feature_1 > 1.06 AND feature_1 > 1.463 AND feature_0 > 0.557 AND feature_2 <= 0.652,"{'feature_0': (0.557, 3.845), 'feature_1': (1.463, 3.852), 'feature_2': (-3.74, 0.652)}",3,2.846,5,[Pretrained] CF,"[468, 710, 734, 740]",3.064,2.985,NoOve,[Pretrained] CF NoOve,0.026,0,0.026,752,47,0.0,5,0.21799999999999997,0.07900000000000018,0.1
737,feature_0 > 0.26 AND feature_1 > 1.06 AND feature_1 > 1.463 AND feature_0 <= 0.557 AND feature_0 > 0.352,"{'feature_0': (0.352, 0.557), 'feature_1': (1.463, 3.852)}",2,2.602,5,[Pretrained] CF,"[468, 710, 734, 735]",2.4,2.288,NoOve,[Pretrained] CF NoOve,0.026,0,0.026,752,21,0.0,5,0.20199999999999996,0.1120000000000001,0.1
722,feature_0 > 0.26 AND feature_1 > 1.06 AND feature_1 <= 1.463 AND feature_0 > 0.763 AND feature_2 <= 0.453,"{'feature_0': (0.763, 3.845), 'feature_1': (1.06, 1.463), 'feature_2': (-3.74, 0.453)}",3,2.584,5,[Pretrained] CF,"[468, 710, 711, 721]",2.782,2.757,NoOve,[Pretrained] CF NoOve,0.026,0,0.026,752,46,0.0,5,0.19799999999999995,0.02499999999999991,0.1
693,feature_0 > 0.26 AND feature_1 <= 1.06 AND feature_0 > 0.8 AND feature_1 > 0.12 AND feature_0 > 1.421,"{'feature_0': (1.421, 3.845), 'feature_1': (0.12, 1.06)}",2,2.215,5,[Pretrained] CF,"[468, 469, 583, 659]",2.881,2.885,NoOve,[Pretrained] CF NoOve,0.026,0,0.026,752,98,0.0,5,0.6659999999999999,0.0040000000000000036,0.1
714,feature_0 > 0.26 AND feature_1 > 1.06 AND feature_1 <= 1.463 AND feature_0 <= 0.763 AND feature_0 > 0.334,"{'feature_0': (0.334, 0.763), 'feature_1': (1.06, 1.463)}",2,2.186,5,[Pretrained] CF,"[468, 710, 711, 712]",2.039,2.022,NoOve,[Pretrained] CF NoOve,0.026,0,0.026,752,40,0.0,5,0.1469999999999998,0.017000000000000348,0.1
748,feature_0 > 0.26 AND feature_1 > 1.06 AND feature_1 > 1.463 AND feature_0 > 0.557 AND feature_2 <= 0.652 AND feature_7 > -0.835 AND feature_0 > 0.767 AND feature_9 <= 0.059,"{'feature_0': (0.767, 3.845), 'feature_1': (1.463, 3.852), 'feature_2': (-3.74, 0.652), 'feature_7': (-0.835, 3.492), 'feature_9': (-3.581, 0.059)}",5,2.879,8,[Pretrained] CF,"[468, 710, 734, 740, 741, 745, 747]",3.155,3.188,OptRes,[Pretrained] CF OptRes,0.006,0,0.006,752,33,0.06418918918918919,5,0.2759999999999998,0.03300000000000036,0.2
741,feature_0 > 0.26 AND feature_1 > 1.06 AND feature_1 > 1.463 AND feature_0 > 0.557 AND feature_2 <= 0.652,"{'feature_0': (0.557, 3.845), 'feature_1': (1.463, 3.852), 'feature_2': (-3.74, 0.652)}",3,2.846,5,[Pretrained] CF,"[468, 710, 734, 740]",3.064,3.053,OptRes,[Pretrained] CF OptRes,0.006,0,0.006,752,88,0.18243243243243243,5,0.21799999999999997,0.01100000000000012,0.2
749,feature_0 > 0.26 AND feature_1 > 1.06 AND feature_1 > 1.463 AND feature_0 > 0.557 AND feature_2 <= 0.652 AND feature_7 > -0.835 AND feature_0 > 0.767 AND feature_9 > 0.059,"{'feature_0': (0.767, 3.845), 'feature_1': (1.463, 3.852), 'feature_2': (-3.74, 0.652), 'feature_7': (-0.835, 3.492), 'feature_9': (0.059, 3.767)}",5,2.803,8,[Pretrained] CF,"[468, 710, 734, 740, 741, 745, 747]",3.309,3.314,OptRes,[Pretrained] CF OptRes,0.006,0,0.006,752,25,0.05912162162162162,5,0.5060000000000002,0.004999999999999893,0.2
746,feature_0 > 0.26 AND feature_1 > 1.06 AND feature_1 > 1.463 AND feature_0 > 0.557 AND feature_2 <= 0.652 AND feature_7 > -0.835 AND feature_0 <= 0.767,"{'feature_0': (0.557, 0.767), 'feature_1': (1.463, 3.852), 'feature_2': (-3.74, 0.652), 'feature_7': (-0.835, 3.492)}",4,2.722,7,[Pretrained] CF,"[468, 710, 734, 740, 741, 745]",2.664,2.686,OptRes,[Pretrained] CF OptRes,0.006,0,0.006,752,30,0.05912162162162162,5,0.05799999999999983,0.021999999999999797,0.2
752,feature_0 > 0.26 AND feature_1 > 1.06 AND feature_1 > 1.463 AND feature_0 > 0.557 AND feature_2 > 0.652 AND feature_1 > 1.686,"{'feature_0': (0.557, 3.845), 'feature_1': (1.686, 3.852), 'feature_2': (0.652, 4.02)}",3,2.72,6,[Pretrained] CF,"[468, 710, 734, 740, 750]",3.443,3.334,OptRes,[Pretrained] CF OptRes,0.006,0,0.006,752,22,0.0,5,0.7229999999999999,0.10899999999999999,0.2
752,feature_0 > 0.26 AND feature_1 > 1.06 AND feature_1 > 1.463 AND feature_0 > 0.557 AND feature_2 > 0.652 AND feature_1 > 1.686,"{'feature_0': (0.557, 3.845), 'feature_1': (1.686, 3.852), 'feature_2': (0.652, 4.02)}",3,2.72,6,[Pretrained] CF,"[468, 710, 734, 740, 750]",3.443,3.334,ResOve,[Pretrained] CF ResOve,0.113,0,0.113,752,22,0.03980099502487562,5,0.7229999999999999,0.10899999999999999,0.2
749,feature_0 > 0.26 AND feature_1 > 1.06 AND feature_1 > 1.463 AND feature_0 > 0.557 AND feature_2 <= 0.652 AND feature_7 > -0.835 AND feature_0 > 0.767 AND feature_9 > 0.059,"{'feature_0': (0.767, 3.845), 'feature_1': (1.463, 3.852), 'feature_2': (-3.74, 0.652), 'feature_7': (-0.835, 3.492), 'feature_9': (0.059, 3.767)}",5,2.803,8,[Pretrained] CF,"[468, 710, 734, 740, 741, 745, 747]",3.309,3.314,ResOve,[Pretrained] CF ResOve,0.113,0,0.113,752,25,0.043532338308457715,5,0.5060000000000002,0.004999999999999893,0.2
748,feature_0 > 0.26 AND feature_1 > 1.06 AND feature_1 > 1.463 AND feature_0 > 0.557 AND feature_2 <= 0.652 AND feature_7 > -0.835 AND feature_0 > 0.767 AND feature_9 <= 0.059,"{'feature_0': (0.767, 3.845), 'feature_1': (1.463, 3.852), 'feature_2': (-3.74, 0.652), 'feature_7': (-0.835, 3.492), 'feature_9': (-3.581, 0.059)}",5,2.879,8,[Pretrained] CF,"[468, 710, 734, 740, 741, 745, 747]",3.155,3.188,ResOve,[Pretrained] CF ResOve,0.113,0,0.113,752,33,0.0472636815920398,5,0.2759999999999998,0.03300000000000036,0.2
746,feature_0 > 0.26 AND feature_1 > 1.06 AND feature_1 > 1.463 AND feature_0 > 0.557 AND feature_2 <= 0.652 AND feature_7 > -0.835 AND feature_0 <= 0.767,"{'feature_0': (0.557, 0.767), 'feature_1': (1.463, 3.852), 'feature_2': (-3.74, 0.652), 'feature_7': (-0.835, 3.492)}",4,2.722,7,[Pretrained] CF,"[468, 710, 734, 740, 741, 745]",2.664,2.686,ResOve,[Pretrained] CF ResOve,0.113,0,0.113,752,30,0.043532338308457715,5,0.05799999999999983,0.021999999999999797,0.2
740,feature_0 > 0.26 AND feature_1 > 1.06 AND feature_1 > 1.463 AND feature_0 > 0.557,"{'feature_0': (0.557, 3.845), 'feature_1': (1.463, 3.852)}",2,2.805,4,[Pretrained] CF,"[468, 710, 734]",3.116,3.086,ResOve,[Pretrained] CF ResOve,0.113,0,0.113,752,122,0.17412935323383086,5,0.31099999999999994,0.03000000000000025,0.2
741,feature_0 > 0.26 AND feature_1 > 1.06 AND feature_1 > 1.463 AND feature_0 > 0.557 AND feature_2 <= 0.652,"{'feature_0': (0.557, 3.845), 'feature_1': (1.463, 3.852), 'feature_2': (-3.74, 0.652)}",3,2.846,5,[Pretrained] CF,"[468, 710, 734, 740]",3.064,3.053,NoOve,[Pretrained] CF NoOve,0.016,0,0.016,752,88,0.0,5,0.21799999999999997,0.01100000000000012,0.2
750,feature_0 > 0.26 AND feature_1 > 1.06 AND feature_1 > 1.463 AND feature_0 > 0.557 AND feature_2 > 0.652,"{'feature_0': (0.557, 3.845), 'feature_1': (1.463, 3.852), 'feature_2': (0.652, 4.02)}",3,2.69,5,[Pretrained] CF,"[468, 710, 734, 740]",3.26,3.173,NoOve,[Pretrained] CF NoOve,0.016,0,0.016,752,34,0.0,5,0.5699999999999998,0.08699999999999974,0.2
737,feature_0 > 0.26 AND feature_1 > 1.06 AND feature_1 > 1.463 AND feature_0 <= 0.557 AND feature_0 > 0.352,"{'feature_0': (0.352, 0.557), 'feature_1': (1.463, 3.852)}",2,2.602,5,[Pretrained] CF,"[468, 710, 734, 735]",2.4,2.396,NoOve,[Pretrained] CF NoOve,0.016,0,0.016,752,35,0.0,5,0.20199999999999996,0.0040000000000000036,0.2
722,feature_0 > 0.26 AND feature_1 > 1.06 AND feature_1 <= 1.463 AND feature_0 > 0.763 AND feature_2 <= 0.453,"{'feature_0': (0.763, 3.845), 'feature_1': (1.06, 1.463), 'feature_2': (-3.74, 0.453)}",3,2.584,5,[Pretrained] CF,"[468, 710, 711, 721]",2.782,2.703,NoOve,[Pretrained] CF NoOve,0.016,0,0.016,752,61,0.0,5,0.19799999999999995,0.07900000000000018,0.2
729,feature_0 > 0.26 AND feature_1 > 1.06 AND feature_1 <= 1.463 AND feature_0 > 0.763 AND feature_2 > 0.453,"{'feature_0': (0.763, 3.845), 'feature_1': (1.06, 1.463), 'feature_2': (0.453, 4.02)}",3,2.374,5,[Pretrained] CF,"[468, 710, 711, 721]",2.685,2.717,NoOve,[Pretrained] CF NoOve,0.016,0,0.016,752,46,0.0,5,0.31099999999999994,0.03200000000000003,0.2
742,feature_0 > 0.26 AND feature_1 > 1.06 AND feature_1 > 1.463 AND feature_0 > 0.557 AND feature_2 <= 0.652 AND feature_7 <= -0.835,"{'feature_0': (0.557, 3.845), 'feature_1': (1.463, 3.852), 'feature_2': (-3.74, 0.652), 'feature_7': (-3.746, -0.835)}",4,2.959,6,[Pretrained] CF,"[468, 710, 734, 740, 741]",3.114,3.114,OptRes,[Pretrained] CF OptRes,0.008,0,0.008,752,40,0.06756756756756757,5,0.1549999999999998,0.0,0.3
748,feature_0 > 0.26 AND feature_1 > 1.06 AND feature_1 > 1.463 AND feature_0 > 0.557 AND feature_2 <= 0.652 AND feature_7 > -0.835 AND feature_0 > 0.767 AND feature_9 <= 0.059,"{'feature_0': (0.767, 3.845), 'feature_1': (1.463, 3.852), 'feature_2': (-3.74, 0.652), 'feature_7': (-0.835, 3.492), 'feature_9': (-3.581, 0.059)}",5,2.879,8,[Pretrained] CF,"[468, 710, 734, 740, 741, 745, 747]",3.155,3.155,OptRes,[Pretrained] CF OptRes,0.008,0,0.008,752,38,0.06418918918918919,5,0.2759999999999998,0.0,0.3
741,feature_0 > 0.26 AND feature_1 > 1.06 AND feature_1 > 1.463 AND feature_0 > 0.557 AND feature_2 <= 0.652,"{'feature_0': (0.557, 3.845), 'feature_1': (1.463, 3.852), 'feature_2': (-3.74, 0.652)}",3,2.846,5,[Pretrained] CF,"[468, 710, 734, 740]",3.064,3.064,OptRes,[Pretrained] CF OptRes,0.008,0,0.008,752,148,0.25,5,0.21799999999999997,0.0,0.3
749,feature_0 > 0.26 AND feature_1 > 1.06 AND feature_1 > 1.463 AND feature_0 > 0.557 AND feature_2 <= 0.652 AND feature_7 > -0.835 AND feature_0 > 0.767 AND feature_9 > 0.059,"{'feature_0': (0.767, 3.845), 'feature_1': (1.463, 3.852), 'feature_2': (-3.74, 0.652), 'feature_7': (-0.835, 3.492), 'feature_9': (0.059, 3.767)}",5,2.803,8,[Pretrained] CF,"[468, 710, 734, 740, 741, 745, 747]",3.309,3.309,OptRes,[Pretrained] CF OptRes,0.008,0,0.008,752,35,0.05912162162162162,5,0.5060000000000002,0.0,0.3
746,feature_0 > 0.26 AND feature_1 > 1.06 AND feature_1 > 1.463 AND feature_0 > 0.557 AND feature_2 <= 0.652 AND feature_7 > -0.835 AND feature_0 <= 0.767,"{'feature_0': (0.557, 0.767), 'feature_1': (1.463, 3.852), 'feature_2': (-3.74, 0.652), 'feature_7': (-0.835, 3.492)}",4,2.722,7,[Pretrained] CF,"[468, 710, 734, 740, 741, 745]",2.664,2.664,OptRes,[Pretrained] CF OptRes,0.008,0,0.008,752,35,0.05912162162162162,5,0.05799999999999983,0.0,0.3
752,feature_0 > 0.26 AND feature_1 > 1.06 AND feature_1 > 1.463 AND feature_0 > 0.557 AND feature_2 > 0.652 AND feature_1 > 1.686,"{'feature_0': (0.557, 3.845), 'feature_1': (1.686, 3.852), 'feature_2': (0.652, 4.02)}",3,2.72,6,[Pretrained] CF,"[468, 710, 734, 740, 750]",3.443,3.443,ResOve,[Pretrained] CF ResOve,0.049,0,0.049,752,32,0.0,5,0.7229999999999999,0.0,0.3
748,feature_0 > 0.26 AND feature_1 > 1.06 AND feature_1 > 1.463 AND feature_0 > 0.557 AND feature_2 <= 0.652 AND feature_7 > -0.835 AND feature_0 > 0.767 AND feature_9 <= 0.059,"{'feature_0': (0.767, 3.845), 'feature_1': (1.463, 3.852), 'feature_2': (-3.74, 0.652), 'feature_7': (-0.835, 3.492), 'feature_9': (-3.581, 0.059)}",5,2.879,8,[Pretrained] CF,"[468, 710, 734, 740, 741, 745, 747]",3.155,3.155,ResOve,[Pretrained] CF ResOve,0.049,0,0.049,752,38,0.0,5,0.2759999999999998,0.0,0.3
746,feature_0 > 0.26 AND feature_1 > 1.06 AND feature_1 > 1.463 AND feature_0 > 0.557 AND feature_2 <= 0.652 AND feature_7 > -0.835 AND feature_0 <= 0.767,"{'feature_0': (0.557, 0.767), 'feature_1': (1.463, 3.852), 'feature_2': (-3.74, 0.652), 'feature_7': (-0.835, 3.492)}",4,2.722,7,[Pretrained] CF,"[468, 710, 734, 740, 741, 745]",2.664,2.664,ResOve,[Pretrained] CF ResOve,0.049,0,0.049,752,35,0.0,5,0.05799999999999983,0.0,0.3
742,feature_0 > 0.26 AND feature_1 > 1.06 AND feature_1 > 1.463 AND feature_0 > 0.557 AND feature_2 <= 0.652 AND feature_7 <= -0.835,"{'feature_0': (0.557, 3.845), 'feature_1': (1.463, 3.852), 'feature_2': (-3.74, 0.652), 'feature_7': (-3.746, -0.835)}",4,2.959,6,[Pretrained] CF,"[468, 710, 734, 740, 741]",3.114,3.114,ResOve,[Pretrained] CF ResOve,0.049,0,0.049,752,40,0.0,5,0.1549999999999998,0.0,0.3
723,feature_0 > 0.26 AND feature_1 > 1.06 AND feature_1 <= 1.463 AND feature_0 > 0.763 AND feature_2 <= 0.453 AND feature_7 <= -0.169,"{'feature_0': (0.763, 3.845), 'feature_1': (1.06, 1.463), 'feature_2': (-3.74, 0.453), 'feature_7': (-3.746, -0.169)}",4,2.674,6,[Pretrained] CF,"[468, 710, 711, 721, 722]",2.878,2.878,ResOve,[Pretrained] CF ResOve,0.049,0,0.049,752,57,0.0,5,0.20400000000000018,0.0,0.3
742,feature_0 > 0.26 AND feature_1 > 1.06 AND feature_1 > 1.463 AND feature_0 > 0.557 AND feature_2 <= 0.652 AND feature_7 <= -0.835,"{'feature_0': (0.557, 3.845), 'feature_1': (1.463, 3.852), 'feature_2': (-3.74, 0.652), 'feature_7': (-3.746, -0.835)}",4,2.959,6,[Pretrained] CF,"[468, 710, 734, 740, 741]",3.114,3.114,NoOve,[Pretrained] CF NoOve,0.009,0,0.009,752,40,0.0,5,0.1549999999999998,0.0,0.3
745,feature_0 > 0.26 AND feature_1 > 1.06 AND feature_1 > 1.463 AND feature_0 > 0.557 AND feature_2 <= 0.652 AND feature_7 > -0.835,"{'feature_0': (0.557, 3.845), 'feature_1': (1.463, 3.852), 'feature_2': (-3.74, 0.652), 'feature_7': (-0.835, 3.492)}",4,2.804,6,[Pretrained] CF,"[468, 710, 734, 740, 741]",3.046,3.046,NoOve,[Pretrained] CF NoOve,0.009,0,0.009,752,108,0.0,5,0.242,0.0,0.3
752,feature_0 > 0.26 AND feature_1 > 1.06 AND feature_1 > 1.463 AND feature_0 > 0.557 AND feature_2 > 0.652 AND feature_1 > 1.686,"{'feature_0': (0.557, 3.845), 'feature_1': (1.686, 3.852), 'feature_2': (0.652, 4.02)}",3,2.72,6,[Pretrained] CF,"[468, 710, 734, 740, 750]",3.443,3.443,NoOve,[Pretrained] CF NoOve,0.009,0,0.009,752,32,0.0,5,0.7229999999999999,0.0,0.3
723,feature_0 > 0.26 AND feature_1 > 1.06 AND feature_1 <= 1.463 AND feature_0 > 0.763 AND feature_2 <= 0.453 AND feature_7 <= -0.169,"{'feature_0': (0.763, 3.845), 'feature_1': (1.06, 1.463), 'feature_2': (-3.74, 0.453), 'feature_7': (-3.746, -0.169)}",4,2.674,6,[Pretrained] CF,"[468, 710, 711, 721, 722]",2.878,2.878,NoOve,[Pretrained] CF NoOve,0.009,0,0.009,752,57,0.0,5,0.20400000000000018,0.0,0.3
739,feature_0 > 0.26 AND feature_1 > 1.06 AND feature_1 > 1.463 AND feature_0 <= 0.557 AND feature_0 > 0.352 AND feature_1 > 1.661,"{'feature_0': (0.352, 0.557), 'feature_1': (1.661, 3.852)}",2,2.668,6,[Pretrained] CF,"[468, 710, 734, 735, 737]",2.549,2.549,NoOve,[Pretrained] CF NoOve,0.009,0,0.009,752,30,0.0,5,0.11900000000000022,0.0,0.3
742,feature_0 > 0.26 AND feature_1 > 1.06 AND feature_1 > 1.463 AND feature_0 > 0.557 AND feature_2 <= 0.652 AND feature_7 <= -0.835,"{'feature_0': (0.557, 3.845), 'feature_1': (1.463, 3.852), 'feature_2': (-3.74, 0.652), 'feature_7': (-3.746, -0.835)}",4,2.959,6,[Pretrained] CF,"[468, 710, 734, 740, 741]",3.114,3.135,OptRes,[Pretrained] CF OptRes,0.008,0,0.008,752,37,0.06756756756756757,5,0.1549999999999998,0.020999999999999908,0.4
748,feature_0 > 0.26 AND feature_1 > 1.06 AND feature_1 > 1.463 AND feature_0 > 0.557 AND feature_2 <= 0.652 AND feature_7 > -0.835 AND feature_0 > 0.767 AND feature_9 <= 0.059,"{'feature_0': (0.767, 3.845), 'feature_1': (1.463, 3.852), 'feature_2': (-3.74, 0.652), 'feature_7': (-0.835, 3.492), 'feature_9': (-3.581, 0.059)}",5,2.879,8,[Pretrained] CF,"[468, 710, 734, 740, 741, 745, 747]",3.155,3.155,OptRes,[Pretrained] CF OptRes,0.008,0,0.008,752,38,0.06418918918918919,5,0.2759999999999998,0.0,0.4
741,feature_0 > 0.26 AND feature_1 > 1.06 AND feature_1 > 1.463 AND feature_0 > 0.557 AND feature_2 <= 0.652,"{'feature_0': (0.557, 3.845), 'feature_1': (1.463, 3.852), 'feature_2': (-3.74, 0.652)}",3,2.846,5,[Pretrained] CF,"[468, 710, 734, 740]",3.064,3.059,OptRes,[Pretrained] CF OptRes,0.008,0,0.008,752,129,0.25,5,0.21799999999999997,0.004999999999999893,0.4
749,feature_0 > 0.26 AND feature_1 > 1.06 AND feature_1 > 1.463 AND feature_0 > 0.557 AND feature_2 <= 0.652 AND feature_7 > -0.835 AND feature_0 > 0.767 AND feature_9 > 0.059,"{'feature_0': (0.767, 3.845), 'feature_1': (1.463, 3.852), 'feature_2': (-3.74, 0.652), 'feature_7': (-0.835, 3.492), 'feature_9': (0.059, 3.767)}",5,2.803,8,[Pretrained] CF,"[468, 710, 734, 740, 741, 745, 747]",3.309,3.299,OptRes,[Pretrained] CF OptRes,0.008,0,0.008,752,23,0.05912162162162162,5,0.5060000000000002,0.010000000000000231,0.4
746,feature_0 > 0.26 AND feature_1 > 1.06 AND feature_1 > 1.463 AND feature_0 > 0.557 AND feature_2 <= 0.652 AND feature_7 > -0.835 AND feature_0 <= 0.767,"{'feature_0': (0.557, 0.767), 'feature_1': (1.463, 3.852), 'feature_2': (-3.74, 0.652), 'feature_7': (-0.835, 3.492)}",4,2.722,7,[Pretrained] CF,"[468, 710, 734, 740, 741, 745]",2.664,2.671,OptRes,[Pretrained] CF OptRes,0.008,0,0.008,752,31,0.05912162162162162,5,0.05799999999999983,0.006999999999999673,0.4
752,feature_0 > 0.26 AND feature_1 > 1.06 AND feature_1 > 1.463 AND feature_0 > 0.557 AND feature_2 > 0.652 AND feature_1 > 1.686,"{'feature_0': (0.557, 3.845), 'feature_1': (1.686, 3.852), 'feature_2': (0.652, 4.02)}",3,2.72,6,[Pretrained] CF,"[468, 710, 734, 740, 750]",3.443,3.519,ResOve,[Pretrained] CF ResOve,0.108,0,0.108,752,24,0.0,5,0.7229999999999999,0.07600000000000007,0.4
749,feature_0 > 0.26 AND feature_1 > 1.06 AND feature_1 > 1.463 AND feature_0 > 0.557 AND feature_2 <= 0.652 AND feature_7 > -0.835 AND feature_0 > 0.767 AND feature_9 > 0.059,"{'feature_0': (0.767, 3.845), 'feature_1': (1.463, 3.852), 'feature_2': (-3.74, 0.652), 'feature_7': (-0.835, 3.492), 'feature_9': (0.059, 3.767)}",5,2.803,8,[Pretrained] CF,"[468, 710, 734, 740, 741, 745, 747]",3.309,3.299,ResOve,[Pretrained] CF ResOve,0.108,0,0.108,752,23,0.0,5,0.5060000000000002,0.010000000000000231,0.4
748,feature_0 > 0.26 AND feature_1 > 1.06 AND feature_1 > 1.463 AND feature_0 > 0.557 AND feature_2 <= 0.652 AND feature_7 > -0.835 AND feature_0 > 0.767 AND feature_9 <= 0.059,"{'feature_0': (0.767, 3.845), 'feature_1': (1.463, 3.852), 'feature_2': (-3.74, 0.652), 'feature_7': (-0.835, 3.492), 'feature_9': (-3.581, 0.059)}",5,2.879,8,[Pretrained] CF,"[468, 710, 734, 740, 741, 745, 747]",3.155,3.155,ResOve,[Pretrained] CF ResOve,0.108,0,0.108,752,38,0.0,5,0.2759999999999998,0.0,0.4
742,feature_0 > 0.26 AND feature_1 > 1.06 AND feature_1 > 1.463 AND feature_0 > 0.557 AND feature_2 <= 0.652 AND feature_7 <= -0.835,"{'feature_0': (0.557, 3.845), 'feature_1': (1.463, 3.852), 'feature_2': (-3.74, 0.652), 'feature_7': (-3.746, -0.835)}",4,2.959,6,[Pretrained] CF,"[468, 710, 734, 740, 741]",3.114,3.135,ResOve,[Pretrained] CF ResOve,0.108,0,0.108,752,37,0.0,5,0.1549999999999998,0.020999999999999908,0.4
723,feature_0 > 0.26 AND feature_1 > 1.06 AND feature_1 <= 1.463 AND feature_0 > 0.763 AND feature_2 <= 0.453 AND feature_7 <= -0.169,"{'feature_0': (0.763, 3.845), 'feature_1': (1.06, 1.463), 'feature_2': (-3.74, 0.453), 'feature_7': (-3.746, -0.169)}",4,2.674,6,[Pretrained] CF,"[468, 710, 711, 721, 722]",2.878,2.893,ResOve,[Pretrained] CF ResOve,0.108,0,0.108,752,50,0.0,5,0.20400000000000018,0.01499999999999968,0.4
742,feature_0 > 0.26 AND feature_1 > 1.06 AND feature_1 > 1.463 AND feature_0 > 0.557 AND feature_2 <= 0.652 AND feature_7 <= -0.835,"{'feature_0': (0.557, 3.845), 'feature_1': (1.463, 3.852), 'feature_2': (-3.74, 0.652), 'feature_7': (-3.746, -0.835)}",4,2.959,6,[Pretrained] CF,"[468, 710, 734, 740, 741]",3.114,3.135,NoOve,[Pretrained] CF NoOve,0.011,0,0.011,752,37,0.0,5,0.1549999999999998,0.020999999999999908,0.4
745,feature_0 > 0.26 AND feature_1 > 1.06 AND feature_1 > 1.463 AND feature_0 > 0.557 AND feature_2 <= 0.652 AND feature_7 > -0.835,"{'feature_0': (0.557, 3.845), 'feature_1': (1.463, 3.852), 'feature_2': (-3.74, 0.652), 'feature_7': (-0.835, 3.492)}",4,2.804,6,[Pretrained] CF,"[468, 710, 734, 740, 741]",3.046,3.028,NoOve,[Pretrained] CF NoOve,0.011,0,0.011,752,92,0.0,5,0.242,0.017999999999999794,0.4
752,feature_0 > 0.26 AND feature_1 > 1.06 AND feature_1 > 1.463 AND feature_0 > 0.557 AND feature_2 > 0.652 AND feature_1 > 1.686,"{'feature_0': (0.557, 3.845), 'feature_1': (1.686, 3.852), 'feature_2': (0.652, 4.02)}",3,2.72,6,[Pretrained] CF,"[468, 710, 734, 740, 750]",3.443,3.519,NoOve,[Pretrained] CF NoOve,0.011,0,0.011,752,24,0.0,5,0.7229999999999999,0.07600000000000007,0.4
723,feature_0 > 0.26 AND feature_1 > 1.06 AND feature_1 <= 1.463 AND feature_0 > 0.763 AND feature_2 <= 0.453 AND feature_7 <= -0.169,"{'feature_0': (0.763, 3.845), 'feature_1': (1.06, 1.463), 'feature_2': (-3.74, 0.453), 'feature_7': (-3.746, -0.169)}",4,2.674,6,[Pretrained] CF,"[468, 710, 711, 721, 722]",2.878,2.893,NoOve,[Pretrained] CF NoOve,0.011,0,0.011,752,50,0.0,5,0.20400000000000018,0.01499999999999968,0.4
739,feature_0 > 0.26 AND feature_1 > 1.06 AND feature_1 > 1.463 AND feature_0 <= 0.557 AND feature_0 > 0.352 AND feature_1 > 1.661,"{'feature_0': (0.352, 0.557), 'feature_1': (1.661, 3.852)}",2,2.668,6,[Pretrained] CF,"[468, 710, 734, 735, 737]",2.549,2.564,NoOve,[Pretrained] CF NoOve,0.011,0,0.011,752,27,0.0,5,0.11900000000000022,0.015000000000000124,0.4
742,feature_0 > 0.26 AND feature_1 > 1.06 AND feature_1 > 1.463 AND feature_0 > 0.557 AND feature_2 <= 0.652 AND feature_7 <= -0.835,"{'feature_0': (0.557, 3.845), 'feature_1': (1.463, 3.852), 'feature_2': (-3.74, 0.652), 'feature_7': (-3.746, -0.835)}",4,2.959,6,[Pretrained] CF,"[468, 710, 734, 740, 741]",3.114,3.173,OptRes,[Pretrained] CF OptRes,0.008,0,0.008,752,25,0.06756756756756757,5,0.1549999999999998,0.05900000000000016,0.5
748,feature_0 > 0.26 AND feature_1 > 1.06 AND feature_1 > 1.463 AND feature_0 > 0.557 AND feature_2 <= 0.652 AND feature_7 > -0.835 AND feature_0 > 0.767 AND feature_9 <= 0.059,"{'feature_0': (0.767, 3.845), 'feature_1': (1.463, 3.852), 'feature_2': (-3.74, 0.652), 'feature_7': (-0.835, 3.492), 'feature_9': (-3.581, 0.059)}",5,2.879,8,[Pretrained] CF,"[468, 710, 734, 740, 741, 745, 747]",3.155,3.156,OptRes,[Pretrained] CF OptRes,0.008,0,0.008,752,23,0.06418918918918919,5,0.2759999999999998,0.001000000000000334,0.5
741,feature_0 > 0.26 AND feature_1 > 1.06 AND feature_1 > 1.463 AND feature_0 > 0.557 AND feature_2 <= 0.652,"{'feature_0': (0.557, 3.845), 'feature_1': (1.463, 3.852), 'feature_2': (-3.74, 0.652)}",3,2.846,5,[Pretrained] CF,"[468, 710, 734, 740]",3.064,3.107,OptRes,[Pretrained] CF OptRes,0.008,0,0.008,752,89,0.19087837837837837,5,0.21799999999999997,0.04300000000000015,0.5
749,feature_0 > 0.26 AND feature_1 > 1.06 AND feature_1 > 1.463 AND feature_0 > 0.557 AND feature_2 <= 0.652 AND feature_7 > -0.835 AND feature_0 > 0.767 AND feature_9 > 0.059,"{'feature_0': (0.767, 3.845), 'feature_1': (1.463, 3.852), 'feature_2': (-3.74, 0.652), 'feature_7': (-0.835, 3.492), 'feature_9': (0.059, 3.767)}",5,2.803,8,[Pretrained] CF,"[468, 710, 734, 740, 741, 745, 747]",3.309,3.306,OptRes,[Pretrained] CF OptRes,0.008,0,0.008,752,22,0.05912162162162162,5,0.5060000000000002,0.0030000000000001137,0.5
752,feature_0 > 0.26 AND feature_1 > 1.06 AND feature_1 > 1.463 AND feature_0 > 0.557 AND feature_2 > 0.652 AND feature_1 > 1.686,"{'feature_0': (0.557, 3.845), 'feature_1': (1.686, 3.852), 'feature_2': (0.652, 4.02)}",3,2.72,6,[Pretrained] CF,"[468, 710, 734, 740, 750]",3.443,3.446,OptRes,[Pretrained] CF OptRes,0.008,0,0.008,752,23,0.0,5,0.7229999999999999,0.0030000000000001137,0.5
752,feature_0 > 0.26 AND feature_1 > 1.06 AND feature_1 > 1.463 AND feature_0 > 0.557 AND feature_2 > 0.652 AND feature_1 > 1.686,"{'feature_0': (0.557, 3.845), 'feature_1': (1.686, 3.852), 'feature_2': (0.652, 4.02)}",3,2.72,6,[Pretrained] CF,"[468, 710, 734, 740, 750]",3.443,3.446,ResOve,[Pretrained] CF ResOve,0.122,0,0.122,752,23,0.0,5,0.7229999999999999,0.0030000000000001137,0.5
748,feature_0 > 0.26 AND feature_1 > 1.06 AND feature_1 > 1.463 AND feature_0 > 0.557 AND feature_2 <= 0.652 AND feature_7 > -0.835 AND feature_0 > 0.767 AND feature_9 <= 0.059,"{'feature_0': (0.767, 3.845), 'feature_1': (1.463, 3.852), 'feature_2': (-3.74, 0.652), 'feature_7': (-0.835, 3.492), 'feature_9': (-3.581, 0.059)}",5,2.879,8,[Pretrained] CF,"[468, 710, 734, 740, 741, 745, 747]",3.155,3.156,ResOve,[Pretrained] CF ResOve,0.122,0,0.122,752,23,0.19432617549055903,5,0.2759999999999998,0.001000000000000334,0.5
741,feature_0 > 0.26 AND feature_1 > 1.06 AND feature_1 > 1.463 AND feature_0 > 0.557 AND feature_2 <= 0.652,"{'feature_0': (0.557, 3.845), 'feature_1': (1.463, 3.852), 'feature_2': (-3.74, 0.652)}",3,2.846,5,[Pretrained] CF,"[468, 710, 734, 740]",3.064,3.107,ResOve,[Pretrained] CF ResOve,0.122,0,0.122,752,89,0.1875,5,0.21799999999999997,0.04300000000000015,0.5
747,feature_0 > 0.26 AND feature_1 > 1.06 AND feature_1 > 1.463 AND feature_0 > 0.557 AND feature_2 <= 0.652 AND feature_7 > -0.835 AND feature_0 > 0.767,"{'feature_0': (0.767, 3.845), 'feature_1': (1.463, 3.852), 'feature_2': (-3.74, 0.652), 'feature_7': (-0.835, 3.492)}",4,2.842,7,[Pretrained] CF,"[468, 710, 734, 740, 741, 745]",3.229,3.23,ResOve,[Pretrained] CF ResOve,0.122,0,0.122,752,45,0.2534477971121807,5,0.387,0.0009999999999998899,0.5
722,feature_0 > 0.26 AND feature_1 > 1.06 AND feature_1 <= 1.463 AND feature_0 > 0.763 AND feature_2 <= 0.453,"{'feature_0': (0.763, 3.845), 'feature_1': (1.06, 1.463), 'feature_2': (-3.74, 0.453)}",3,2.584,5,[Pretrained] CF,"[468, 710, 711, 721]",2.782,2.729,ResOve,[Pretrained] CF ResOve,0.122,0,0.122,752,69,0.0,5,0.19799999999999995,0.052999999999999936,0.5
742,feature_0 > 0.26 AND feature_1 > 1.06 AND feature_1 > 1.463 AND feature_0 > 0.557 AND feature_2 <= 0.652 AND feature_7 <= -0.835,"{'feature_0': (0.557, 3.845), 'feature_1': (1.463, 3.852), 'feature_2': (-3.74, 0.652), 'feature_7': (-3.746, -0.835)}",4,2.959,6,[Pretrained] CF,"[468, 710, 734, 740, 741]",3.114,3.173,NoOve,[Pretrained] CF NoOve,0.017,0,0.017,752,25,0.0,5,0.1549999999999998,0.05900000000000016,0.5
745,feature_0 > 0.26 AND feature_1 > 1.06 AND feature_1 > 1.463 AND feature_0 > 0.557 AND feature_2 <= 0.652 AND feature_7 > -0.835,"{'feature_0': (0.557, 3.845), 'feature_1': (1.463, 3.852), 'feature_2': (-3.74, 0.652), 'feature_7': (-0.835, 3.492)}",4,2.804,6,[Pretrained] CF,"[468, 710, 734, 740, 741]",3.046,3.082,NoOve,[Pretrained] CF NoOve,0.017,0,0.017,752,64,0.0,5,0.242,0.03600000000000003,0.5
752,feature_0 > 0.26 AND feature_1 > 1.06 AND feature_1 > 1.463 AND feature_0 > 0.557 AND feature_2 > 0.652 AND feature_1 > 1.686,"{'feature_0': (0.557, 3.845), 'feature_1': (1.686, 3.852), 'feature_2': (0.652, 4.02)}",3,2.72,6,[Pretrained] CF,"[468, 710, 734, 740, 750]",3.443,3.446,NoOve,[Pretrained] CF NoOve,0.017,0,0.017,752,23,0.0,5,0.7229999999999999,0.0030000000000001137,0.5
723,feature_0 > 0.26 AND feature_1 > 1.06 AND feature_1 <= 1.463 AND feature_0 > 0.763 AND feature_2 <= 0.453 AND feature_7 <= -0.169,"{'feature_0': (0.763, 3.845), 'feature_1': (1.06, 1.463), 'feature_2': (-3.74, 0.453), 'feature_7': (-3.746, -0.169)}",4,2.674,6,[Pretrained] CF,"[468, 710, 711, 721, 722]",2.878,2.861,NoOve,[Pretrained] CF NoOve,0.017,0,0.017,752,36,0.0,5,0.20400000000000018,0.016999999999999904,0.5
739,feature_0 > 0.26 AND feature_1 > 1.06 AND feature_1 > 1.463 AND feature_0 <= 0.557 AND feature_0 > 0.352 AND feature_1 > 1.661,"{'feature_0': (0.352, 0.557), 'feature_1': (1.661, 3.852)}",2,2.668,6,[Pretrained] CF,"[468, 710, 734, 735, 737]",2.549,2.564,NoOve,[Pretrained] CF NoOve,0.017,0,0.017,752,21,0.0,5,0.11900000000000022,0.015000000000000124,0.5
742,feature_0 > 0.26 AND feature_1 > 1.06 AND feature_1 > 1.463 AND feature_0 > 0.557 AND feature_2 <= 0.652 AND feature_7 <= -0.835,"{'feature_0': (0.557, 3.845), 'feature_1': (1.463, 3.852), 'feature_2': (-3.74, 0.652), 'feature_7': (-3.746, -0.835)}",4,2.959,6,[Pretrained] CF,"[468, 710, 734, 740, 741]",3.114,3.143,OptRes,[Pretrained] CF OptRes,0.007,0,0.007,752,35,0.06756756756756757,5,0.1549999999999998,0.028999999999999915,0.1
748,feature_0 > 0.26 AND feature_1 > 1.06 AND feature_1 > 1.463 AND feature_0 > 0.557 AND feature_2 <= 0.652 AND feature_7 > -0.835 AND feature_0 > 0.767 AND feature_9 <= 0.059,"{'feature_0': (0.767, 3.845), 'feature_1': (1.463, 3.852), 'feature_2': (-3.74, 0.652), 'feature_7': (-0.835, 3.492), 'feature_9': (-3.581, 0.059)}",5,2.879,8,[Pretrained] CF,"[468, 710, 734, 740, 741, 745, 747]",3.155,3.154,OptRes,[Pretrained] CF OptRes,0.007,0,0.007,752,35,0.06418918918918919,5,0.2759999999999998,0.0009999999999998899,0.1
741,feature_0 > 0.26 AND feature_1 > 1.06 AND feature_1 > 1.463 AND feature_0 > 0.557 AND feature_2 <= 0.652,"{'feature_0': (0.557, 3.845), 'feature_1': (1.463, 3.852), 'feature_2': (-3.74, 0.652)}",3,2.846,5,[Pretrained] CF,"[468, 710, 734, 740]",3.064,3.053,OptRes,[Pretrained] CF OptRes,0.007,0,0.007,752,134,0.25,5,0.21799999999999997,0.01100000000000012,0.1
749,feature_0 > 0.26 AND feature_1 > 1.06 AND feature_1 > 1.463 AND feature_0 > 0.557 AND feature_2 <= 0.652 AND feature_7 > -0.835 AND feature_0 > 0.767 AND feature_9 > 0.059,"{'feature_0': (0.767, 3.845), 'feature_1': (1.463, 3.852), 'feature_2': (-3.74, 0.652), 'feature_7': (-0.835, 3.492), 'feature_9': (0.059, 3.767)}",5,2.803,8,[Pretrained] CF,"[468, 710, 734, 740, 741, 745, 747]",3.309,3.226,OptRes,[Pretrained] CF OptRes,0.007,0,0.007,752,32,0.05912162162162162,5,0.5060000000000002,0.08300000000000018,0.1
746,feature_0 > 0.26 AND feature_1 > 1.06 AND feature_1 > 1.463 AND feature_0 > 0.557 AND feature_2 <= 0.652 AND feature_7 > -0.835 AND feature_0 <= 0.767,"{'feature_0': (0.557, 0.767), 'feature_1': (1.463, 3.852), 'feature_2': (-3.74, 0.652), 'feature_7': (-0.835, 3.492)}",4,2.722,7,[Pretrained] CF,"[468, 710, 734, 740, 741, 745]",2.664,2.672,OptRes,[Pretrained] CF OptRes,0.007,0,0.007,752,32,0.05912162162162162,5,0.05799999999999983,0.008000000000000007,0.1
752,feature_0 > 0.26 AND feature_1 > 1.06 AND feature_1 > 1.463 AND feature_0 > 0.557 AND feature_2 > 0.652 AND feature_1 > 1.686,"{'feature_0': (0.557, 3.845), 'feature_1': (1.686, 3.852), 'feature_2': (0.652, 4.02)}",3,2.72,6,[Pretrained] CF,"[468, 710, 734, 740, 750]",3.443,3.384,ResOve,[Pretrained] CF ResOve,0.108,0,0.108,752,27,0.0,5,0.7229999999999999,0.05900000000000016,0.1
748,feature_0 > 0.26 AND feature_1 > 1.06 AND feature_1 > 1.463 AND feature_0 > 0.557 AND feature_2 <= 0.652 AND feature_7 > -0.835 AND feature_0 > 0.767 AND feature_9 <= 0.059,"{'feature_0': (0.767, 3.845), 'feature_1': (1.463, 3.852), 'feature_2': (-3.74, 0.652), 'feature_7': (-0.835, 3.492), 'feature_9': (-3.581, 0.059)}",5,2.879,8,[Pretrained] CF,"[468, 710, 734, 740, 741, 745, 747]",3.155,3.154,ResOve,[Pretrained] CF ResOve,0.108,0,0.108,752,35,0.0,5,0.2759999999999998,0.0009999999999998899,0.1
746,feature_0 > 0.26 AND feature_1 > 1.06 AND feature_1 > 1.463 AND feature_0 > 0.557 AND feature_2 <= 0.652 AND feature_7 > -0.835 AND feature_0 <= 0.767,"{'feature_0': (0.557, 0.767), 'feature_1': (1.463, 3.852), 'feature_2': (-3.74, 0.652), 'feature_7': (-0.835, 3.492)}",4,2.722,7,[Pretrained] CF,"[468, 710, 734, 740, 741, 745]",2.664,2.672,ResOve,[Pretrained] CF ResOve,0.108,0,0.108,752,32,0.0,5,0.05799999999999983,0.008000000000000007,0.1
742,feature_0 > 0.26 AND feature_1 > 1.06 AND feature_1 > 1.463 AND feature_0 > 0.557 AND feature_2 <= 0.652 AND feature_7 <= -0.835,"{'feature_0': (0.557, 3.845), 'feature_1': (1.463, 3.852), 'feature_2': (-3.74, 0.652), 'feature_7': (-3.746, -0.835)}",4,2.959,6,[Pretrained] CF,"[468, 710, 734, 740, 741]",3.114,3.143,ResOve,[Pretrained] CF ResOve,0.108,0,0.108,752,35,0.0,5,0.1549999999999998,0.028999999999999915,0.1
723,feature_0 > 0.26 AND feature_1 > 1.06 AND feature_1 <= 1.463 AND feature_0 > 0.763 AND feature_2 <= 0.453 AND feature_7 <= -0.169,"{'feature_0': (0.763, 3.845), 'feature_1': (1.06, 1.463), 'feature_2': (-3.74, 0.453), 'feature_7': (-3.746, -0.169)}",4,2.674,6,[Pretrained] CF,"[468, 710, 711, 721, 722]",2.878,2.874,ResOve,[Pretrained] CF ResOve,0.108,0,0.108,752,55,0.0,5,0.20400000000000018,0.0040000000000000036,0.1
742,feature_0 > 0.26 AND feature_1 > 1.06 AND feature_1 > 1.463 AND feature_0 > 0.557 AND feature_2 <= 0.652 AND feature_7 <= -0.835,"{'feature_0': (0.557, 3.845), 'feature_1': (1.463, 3.852), 'feature_2': (-3.74, 0.652), 'feature_7': (-3.746, -0.835)}",4,2.959,6,[Pretrained] CF,"[468, 710, 734, 740, 741]",3.114,3.143,NoOve,[Pretrained] CF NoOve,0.01,0,0.01,752,35,0.0,5,0.1549999999999998,0.028999999999999915,0.1
745,feature_0 > 0.26 AND feature_1 > 1.06 AND feature_1 > 1.463 AND feature_0 > 0.557 AND feature_2 <= 0.652 AND feature_7 > -0.835,"{'feature_0': (0.557, 3.845), 'feature_1': (1.463, 3.852), 'feature_2': (-3.74, 0.652), 'feature_7': (-0.835, 3.492)}",4,2.804,6,[Pretrained] CF,"[468, 710, 734, 740, 741]",3.046,3.021,NoOve,[Pretrained] CF NoOve,0.01,0,0.01,752,99,0.0,5,0.242,0.02499999999999991,0.1
752,feature_0 > 0.26 AND feature_1 > 1.06 AND feature_1 > 1.463 AND feature_0 > 0.557 AND feature_2 > 0.652 AND feature_1 > 1.686,"{'feature_0': (0.557, 3.845), 'feature_1': (1.686, 3.852), 'feature_2': (0.652, 4.02)}",3,2.72,6,[Pretrained] CF,"[468, 710, 734, 740, 750]",3.443,3.384,NoOve,[Pretrained] CF NoOve,0.01,0,0.01,752,27,0.0,5,0.7229999999999999,0.05900000000000016,0.1
723,feature_0 > 0.26 AND feature_1 > 1.06 AND feature_1 <= 1.463 AND feature_0 > 0.763 AND feature_2 <= 0.453 AND feature_7 <= -0.169,"{'feature_0': (0.763, 3.845), 'feature_1': (1.06, 1.463), 'feature_2': (-3.74, 0.453), 'feature_7': (-3.746, -0.169)}",4,2.674,6,[Pretrained] CF,"[468, 710, 711, 721, 722]",2.878,2.874,NoOve,[Pretrained] CF NoOve,0.01,0,0.01,752,55,0.0,5,0.20400000000000018,0.0040000000000000036,0.1
739,feature_0 > 0.26 AND feature_1 > 1.06 AND feature_1 > 1.463 AND feature_0 <= 0.557 AND feature_0 > 0.352 AND feature_1 > 1.661,"{'feature_0': (0.352, 0.557), 'feature_1': (1.661, 3.852)}",2,2.668,6,[Pretrained] CF,"[468, 710, 734, 735, 737]",2.549,2.552,NoOve,[Pretrained] CF NoOve,0.01,0,0.01,752,27,0.0,5,0.11900000000000022,0.0030000000000001137,0.1
742,feature_0 > 0.26 AND feature_1 > 1.06 AND feature_1 > 1.463 AND feature_0 > 0.557 AND feature_2 <= 0.652 AND feature_7 <= -0.835,"{'feature_0': (0.557, 3.845), 'feature_1': (1.463, 3.852), 'feature_2': (-3.74, 0.652), 'feature_7': (-3.746, -0.835)}",4,2.959,6,[Pretrained] CF,"[468, 710, 734, 740, 741]",3.114,3.117,OptRes,[Pretrained] CF OptRes,0.006,0,0.006,752,22,0.06756756756756757,5,0.1549999999999998,0.0030000000000001137,0.2
741,feature_0 > 0.26 AND feature_1 > 1.06 AND feature_1 > 1.463 AND feature_0 > 0.557 AND feature_2 <= 0.652,"{'feature_0': (0.557, 3.845), 'feature_1': (1.463, 3.852), 'feature_2': (-3.74, 0.652)}",3,2.846,5,[Pretrained] CF,"[468, 710, 734, 740]",3.064,3.065,OptRes,[Pretrained] CF OptRes,0.006,0,0.006,752,83,0.25,5,0.21799999999999997,0.0009999999999998899,0.2
747,feature_0 > 0.26 AND feature_1 > 1.06 AND feature_1 > 1.463 AND feature_0 > 0.557 AND feature_2 <= 0.652 AND feature_7 > -0.835 AND feature_0 > 0.767,"{'feature_0': (0.767, 3.845), 'feature_1': (1.463, 3.852), 'feature_2': (-3.74, 0.652), 'feature_7': (-0.835, 3.492)}",4,2.842,7,[Pretrained] CF,"[468, 710, 734, 740, 741, 745]",3.229,3.247,OptRes,[Pretrained] CF OptRes,0.006,0,0.006,752,41,0.24317382450944094,5,0.387,0.017999999999999794,0.2
749,feature_0 > 0.26 AND feature_1 > 1.06 AND feature_1 > 1.463 AND feature_0 > 0.557 AND feature_2 <= 0.652 AND feature_7 > -0.835 AND feature_0 > 0.767 AND feature_9 > 0.059,"{'feature_0': (0.767, 3.845), 'feature_1': (1.463, 3.852), 'feature_2': (-3.74, 0.652), 'feature_7': (-0.835, 3.492), 'feature_9': (0.059, 3.767)}",5,2.803,8,[Pretrained] CF,"[468, 710, 734, 740, 741, 745, 747]",3.309,3.335,OptRes,[Pretrained] CF OptRes,0.006,0,0.006,752,23,0.17898463532025174,5,0.5060000000000002,0.0259999999999998,0.2
750,feature_0 > 0.26 AND feature_1 > 1.06 AND feature_1 > 1.463 AND feature_0 > 0.557 AND feature_2 > 0.652,"{'feature_0': (0.557, 3.845), 'feature_1': (1.463, 3.852), 'feature_2': (0.652, 4.02)}",3,2.69,5,[Pretrained] CF,"[468, 710, 734, 740]",3.26,3.191,OptRes,[Pretrained] CF OptRes,0.006,0,0.006,752,32,0.0,5,0.5699999999999998,0.06899999999999995,0.2
750,feature_0 > 0.26 AND feature_1 > 1.06 AND feature_1 > 1.463 AND feature_0 > 0.557 AND feature_2 > 0.652,"{'feature_0': (0.557, 3.845), 'feature_1': (1.463, 3.852), 'feature_2': (0.652, 4.02)}",3,2.69,5,[Pretrained] CF,"[468, 710, 734, 740]",3.26,3.191,ResOve,[Pretrained] CF ResOve,0.122,0,0.122,752,32,0.0,5,0.5699999999999998,0.06899999999999995,0.2
747,feature_0 > 0.26 AND feature_1 > 1.06 AND feature_1 > 1.463 AND feature_0 > 0.557 AND feature_2 <= 0.652 AND feature_7 > -0.835 AND feature_0 > 0.767,"{'feature_0': (0.767, 3.845), 'feature_1': (1.463, 3.852), 'feature_2': (-3.74, 0.652), 'feature_7': (-0.835, 3.492)}",4,2.842,7,[Pretrained] CF,"[468, 710, 734, 740, 741, 745]",3.229,3.247,ResOve,[Pretrained] CF ResOve,0.122,0,0.122,752,41,0.11986301369863013,5,0.387,0.017999999999999794,0.2
723,feature_0 > 0.26 AND feature_1 > 1.06 AND feature_1 <= 1.463 AND feature_0 > 0.763 AND feature_2 <= 0.453 AND feature_7 <= -0.169,"{'feature_0': (0.763, 3.845), 'feature_1': (1.06, 1.463), 'feature_2': (-3.74, 0.453), 'feature_7': (-3.746, -0.169)}",4,2.674,6,[Pretrained] CF,"[468, 710, 711, 721, 722]",2.878,2.853,ResOve,[Pretrained] CF ResOve,0.122,0,0.122,752,35,0.0,5,0.20400000000000018,0.02499999999999991,0.2
749,feature_0 > 0.26 AND feature_1 > 1.06 AND feature_1 > 1.463 AND feature_0 > 0.557 AND feature_2 <= 0.652 AND feature_7 > -0.835 AND feature_0 > 0.767 AND feature_9 > 0.059,"{'feature_0': (0.767, 3.845), 'feature_1': (1.463, 3.852), 'feature_2': (-3.74, 0.652), 'feature_7': (-0.835, 3.492), 'feature_9': (0.059, 3.767)}",5,2.803,8,[Pretrained] CF,"[468, 710, 734, 740, 741, 745, 747]",3.309,3.335,ResOve,[Pretrained] CF ResOve,0.122,0,0.122,752,23,0.11986301369863013,5,0.5060000000000002,0.0259999999999998,0.2
742,feature_0 > 0.26 AND feature_1 > 1.06 AND feature_1 > 1.463 AND feature_0 > 0.557 AND feature_2 <= 0.652 AND feature_7 <= -0.835,"{'feature_0': (0.557, 3.845), 'feature_1': (1.463, 3.852), 'feature_2': (-3.74, 0.652), 'feature_7': (-3.746, -0.835)}",4,2.959,6,[Pretrained] CF,"[468, 710, 734, 740, 741]",3.114,3.117,ResOve,[Pretrained] CF ResOve,0.122,0,0.122,752,22,0.0,5,0.1549999999999998,0.0030000000000001137,0.2
742,feature_0 > 0.26 AND feature_1 > 1.06 AND feature_1 > 1.463 AND feature_0 > 0.557 AND feature_2 <= 0.652 AND feature_7 <= -0.835,"{'feature_0': (0.557, 3.845), 'feature_1': (1.463, 3.852), 'feature_2': (-3.74, 0.652), 'feature_7': (-3.746, -0.835)}",4,2.959,6,[Pretrained] CF,"[468, 710, 734, 740, 741]",3.114,3.117,NoOve,[Pretrained] CF NoOve,0.019,0,0.019,752,22,0.0,5,0.1549999999999998,0.0030000000000001137,0.2
745,feature_0 > 0.26 AND feature_1 > 1.06 AND feature_1 > 1.463 AND feature_0 > 0.557 AND feature_2 <= 0.652 AND feature_7 > -0.835,"{'feature_0': (0.557, 3.845), 'feature_1': (1.463, 3.852), 'feature_2': (-3.74, 0.652), 'feature_7': (-0.835, 3.492)}",4,2.804,6,[Pretrained] CF,"[468, 710, 734, 740, 741]",3.046,3.047,NoOve,[Pretrained] CF NoOve,0.019,0,0.019,752,61,0.0,5,0.242,0.001000000000000334,0.2
723,feature_0 > 0.26 AND feature_1 > 1.06 AND feature_1 <= 1.463 AND feature_0 > 0.763 AND feature_2 <= 0.453 AND feature_7 <= -0.169,"{'feature_0': (0.763, 3.845), 'feature_1': (1.06, 1.463), 'feature_2': (-3.74, 0.453), 'feature_7': (-3.746, -0.169)}",4,2.674,6,[Pretrained] CF,"[468, 710, 711, 721, 722]",2.878,2.853,NoOve,[Pretrained] CF NoOve,0.019,0,0.019,752,35,0.0,5,0.20400000000000018,0.02499999999999991,0.2
726,feature_0 > 0.26 AND feature_1 > 1.06 AND feature_1 <= 1.463 AND feature_0 > 0.763 AND feature_2 <= 0.453 AND feature_7 > -0.169,"{'feature_0': (0.763, 3.845), 'feature_1': (1.06, 1.463), 'feature_2': (-3.74, 0.453), 'feature_7': (-0.169, 3.492)}",4,2.484,6,[Pretrained] CF,"[468, 710, 711, 721, 722]",2.676,2.735,NoOve,[Pretrained] CF NoOve,0.019,0,0.019,752,30,0.0,5,0.19200000000000017,0.05899999999999972,0.2
703,feature_0 > 0.26 AND feature_1 <= 1.06 AND feature_0 > 0.8 AND feature_1 > 0.12 AND feature_0 > 1.421 AND feature_4 > 0.123,"{'feature_0': (1.421, 3.845), 'feature_1': (0.12, 1.06), 'feature_4': (0.123, 3.804)}",3,2.337,6,[Pretrained] CF,"[468, 469, 583, 659, 693]",2.834,2.825,NoOve,[Pretrained] CF NoOve,0.019,0,0.019,752,68,0.0,5,0.4969999999999999,0.008999999999999897,0.2
742,feature_0 > 0.26 AND feature_1 > 1.06 AND feature_1 > 1.463 AND feature_0 > 0.557 AND feature_2 <= 0.652 AND feature_7 <= -0.835,"{'feature_0': (0.557, 3.845), 'feature_1': (1.463, 3.852), 'feature_2': (-3.74, 0.652), 'feature_7': (-3.746, -0.835)}",4,2.959,6,[Pretrained] CF,"[468, 710, 734, 740, 741]",3.114,3.135,OptRes,[Pretrained] CF OptRes,0.008,0,0.008,752,37,0.06756756756756757,5,0.1549999999999998,0.020999999999999908,0.3
748,feature_0 > 0.26 AND feature_1 > 1.06 AND feature_1 > 1.463 AND feature_0 > 0.557 AND feature_2 <= 0.652 AND feature_7 > -0.835 AND feature_0 > 0.767 AND feature_9 <= 0.059,"{'feature_0': (0.767, 3.845), 'feature_1': (1.463, 3.852), 'feature_2': (-3.74, 0.652), 'feature_7': (-0.835, 3.492), 'feature_9': (-3.581, 0.059)}",5,2.879,8,[Pretrained] CF,"[468, 710, 734, 740, 741, 745, 747]",3.155,3.155,OptRes,[Pretrained] CF OptRes,0.008,0,0.008,752,38,0.06418918918918919,5,0.2759999999999998,0.0,0.3
741,feature_0 > 0.26 AND feature_1 > 1.06 AND feature_1 > 1.463 AND feature_0 > 0.557 AND feature_2 <= 0.652,"{'feature_0': (0.557, 3.845), 'feature_1': (1.463, 3.852), 'feature_2': (-3.74, 0.652)}",3,2.846,5,[Pretrained] CF,"[468, 710, 734, 740]",3.064,3.062,OptRes,[Pretrained] CF OptRes,0.008,0,0.008,752,131,0.25,5,0.21799999999999997,0.002000000000000224,0.3
749,feature_0 > 0.26 AND feature_1 > 1.06 AND feature_1 > 1.463 AND feature_0 > 0.557 AND feature_2 <= 0.652 AND feature_7 > -0.835 AND feature_0 > 0.767 AND feature_9 > 0.059,"{'feature_0': (0.767, 3.845), 'feature_1': (1.463, 3.852), 'feature_2': (-3.74, 0.652), 'feature_7': (-0.835, 3.492), 'feature_9': (0.059, 3.767)}",5,2.803,8,[Pretrained] CF,"[468, 710, 734, 740, 741, 745, 747]",3.309,3.298,OptRes,[Pretrained] CF OptRes,0.008,0,0.008,752,25,0.05912162162162162,5,0.5060000000000002,0.01100000000000012,0.3
746,feature_0 > 0.26 AND feature_1 > 1.06 AND feature_1 > 1.463 AND feature_0 > 0.557 AND feature_2 <= 0.652 AND feature_7 > -0.835 AND feature_0 <= 0.767,"{'feature_0': (0.557, 0.767), 'feature_1': (1.463, 3.852), 'feature_2': (-3.74, 0.652), 'feature_7': (-0.835, 3.492)}",4,2.722,7,[Pretrained] CF,"[468, 710, 734, 740, 741, 745]",2.664,2.671,OptRes,[Pretrained] CF OptRes,0.008,0,0.008,752,31,0.05912162162162162,5,0.05799999999999983,0.006999999999999673,0.3
752,feature_0 > 0.26 AND feature_1 > 1.06 AND feature_1 > 1.463 AND feature_0 > 0.557 AND feature_2 > 0.652 AND feature_1 > 1.686,"{'feature_0': (0.557, 3.845), 'feature_1': (1.686, 3.852), 'feature_2': (0.652, 4.02)}",3,2.72,6,[Pretrained] CF,"[468, 710, 734, 740, 750]",3.443,3.546,ResOve,[Pretrained] CF ResOve,0.107,0,0.107,752,26,0.0,5,0.7229999999999999,0.10299999999999976,0.3
749,feature_0 > 0.26 AND feature_1 > 1.06 AND feature_1 > 1.463 AND feature_0 > 0.557 AND feature_2 <= 0.652 AND feature_7 > -0.835 AND feature_0 > 0.767 AND feature_9 > 0.059,"{'feature_0': (0.767, 3.845), 'feature_1': (1.463, 3.852), 'feature_2': (-3.74, 0.652), 'feature_7': (-0.835, 3.492), 'feature_9': (0.059, 3.767)}",5,2.803,8,[Pretrained] CF,"[468, 710, 734, 740, 741, 745, 747]",3.309,3.298,ResOve,[Pretrained] CF ResOve,0.107,0,0.107,752,25,0.0,5,0.5060000000000002,0.01100000000000012,0.3
748,feature_0 > 0.26 AND feature_1 > 1.06 AND feature_1 > 1.463 AND feature_0 > 0.557 AND feature_2 <= 0.652 AND feature_7 > -0.835 AND feature_0 > 0.767 AND feature_9 <= 0.059,"{'feature_0': (0.767, 3.845), 'feature_1': (1.463, 3.852), 'feature_2': (-3.74, 0.652), 'feature_7': (-0.835, 3.492), 'feature_9': (-3.581, 0.059)}",5,2.879,8,[Pretrained] CF,"[468, 710, 734, 740, 741, 745, 747]",3.155,3.155,ResOve,[Pretrained] CF ResOve,0.107,0,0.107,752,38,0.0,5,0.2759999999999998,0.0,0.3
742,feature_0 > 0.26 AND feature_1 > 1.06 AND feature_1 > 1.463 AND feature_0 > 0.557 AND feature_2 <= 0.652 AND feature_7 <= -0.835,"{'feature_0': (0.557, 3.845), 'feature_1': (1.463, 3.852), 'feature_2': (-3.74, 0.652), 'feature_7': (-3.746, -0.835)}",4,2.959,6,[Pretrained] CF,"[468, 710, 734, 740, 741]",3.114,3.135,ResOve,[Pretrained] CF ResOve,0.107,0,0.107,752,37,0.0,5,0.1549999999999998,0.020999999999999908,0.3
723,feature_0 > 0.26 AND feature_1 > 1.06 AND feature_1 <= 1.463 AND feature_0 > 0.763 AND feature_2 <= 0.453 AND feature_7 <= -0.169,"{'feature_0': (0.763, 3.845), 'feature_1': (1.06, 1.463), 'feature_2': (-3.74, 0.453), 'feature_7': (-3.746, -0.169)}",4,2.674,6,[Pretrained] CF,"[468, 710, 711, 721, 722]",2.878,2.874,ResOve,[Pretrained] CF ResOve,0.107,0,0.107,752,55,0.0,5,0.20400000000000018,0.0040000000000000036,0.3
742,feature_0 > 0.26 AND feature_1 > 1.06 AND feature_1 > 1.463 AND feature_0 > 0.557 AND feature_2 <= 0.652 AND feature_7 <= -0.835,"{'feature_0': (0.557, 3.845), 'feature_1': (1.463, 3.852), 'feature_2': (-3.74, 0.652), 'feature_7': (-3.746, -0.835)}",4,2.959,6,[Pretrained] CF,"[468, 710, 734, 740, 741]",3.114,3.135,NoOve,[Pretrained] CF NoOve,0.011,0,0.011,752,37,0.0,5,0.1549999999999998,0.020999999999999908,0.3
745,feature_0 > 0.26 AND feature_1 > 1.06 AND feature_1 > 1.463 AND feature_0 > 0.557 AND feature_2 <= 0.652 AND feature_7 > -0.835,"{'feature_0': (0.557, 3.845), 'feature_1': (1.463, 3.852), 'feature_2': (-3.74, 0.652), 'feature_7': (-0.835, 3.492)}",4,2.804,6,[Pretrained] CF,"[468, 710, 734, 740, 741]",3.046,3.034,NoOve,[Pretrained] CF NoOve,0.011,0,0.011,752,94,0.0,5,0.242,0.01200000000000001,0.3
752,feature_0 > 0.26 AND feature_1 > 1.06 AND feature_1 > 1.463 AND feature_0 > 0.557 AND feature_2 > 0.652 AND feature_1 > 1.686,"{'feature_0': (0.557, 3.845), 'feature_1': (1.686, 3.852), 'feature_2': (0.652, 4.02)}",3,2.72,6,[Pretrained] CF,"[468, 710, 734, 740, 750]",3.443,3.546,NoOve,[Pretrained] CF NoOve,0.011,0,0.011,752,26,0.0,5,0.7229999999999999,0.10299999999999976,0.3
723,feature_0 > 0.26 AND feature_1 > 1.06 AND feature_1 <= 1.463 AND feature_0 > 0.763 AND feature_2 <= 0.453 AND feature_7 <= -0.169,"{'feature_0': (0.763, 3.845), 'feature_1': (1.06, 1.463), 'feature_2': (-3.74, 0.453), 'feature_7': (-3.746, -0.169)}",4,2.674,6,[Pretrained] CF,"[468, 710, 711, 721, 722]",2.878,2.874,NoOve,[Pretrained] CF NoOve,0.011,0,0.011,752,55,0.0,5,0.20400000000000018,0.0040000000000000036,0.3
739,feature_0 > 0.26 AND feature_1 > 1.06 AND feature_1 > 1.463 AND feature_0 <= 0.557 AND feature_0 > 0.352 AND feature_1 > 1.661,"{'feature_0': (0.352, 0.557), 'feature_1': (1.661, 3.852)}",2,2.668,6,[Pretrained] CF,"[468, 710, 734, 735, 737]",2.549,2.564,NoOve,[Pretrained] CF NoOve,0.011,0,0.011,752,27,0.0,5,0.11900000000000022,0.015000000000000124,0.3
742,feature_0 > 0.26 AND feature_1 > 1.06 AND feature_1 > 1.463 AND feature_0 > 0.557 AND feature_2 <= 0.652 AND feature_7 <= -0.835,"{'feature_0': (0.557, 3.845), 'feature_1': (1.463, 3.852), 'feature_2': (-3.74, 0.652), 'feature_7': (-3.746, -0.835)}",4,2.959,6,[Pretrained] CF,"[468, 710, 734, 740, 741]",3.114,3.111,OptRes,[Pretrained] CF OptRes,0.008,0,0.008,752,39,0.06756756756756757,5,0.1549999999999998,0.0029999999999996696,0.4
748,feature_0 > 0.26 AND feature_1 > 1.06 AND feature_1 > 1.463 AND feature_0 > 0.557 AND feature_2 <= 0.652 AND feature_7 > -0.835 AND feature_0 > 0.767 AND feature_9 <= 0.059,"{'feature_0': (0.767, 3.845), 'feature_1': (1.463, 3.852), 'feature_2': (-3.74, 0.652), 'feature_7': (-0.835, 3.492), 'feature_9': (-3.581, 0.059)}",5,2.879,8,[Pretrained] CF,"[468, 710, 734, 740, 741, 745, 747]",3.155,3.108,OptRes,[Pretrained] CF OptRes,0.008,0,0.008,752,32,0.06418918918918919,5,0.2759999999999998,0.04699999999999971,0.4
741,feature_0 > 0.26 AND feature_1 > 1.06 AND feature_1 > 1.463 AND feature_0 > 0.557 AND feature_2 <= 0.652,"{'feature_0': (0.557, 3.845), 'feature_1': (1.463, 3.852), 'feature_2': (-3.74, 0.652)}",3,2.846,5,[Pretrained] CF,"[468, 710, 734, 740]",3.064,3.053,OptRes,[Pretrained] CF OptRes,0.008,0,0.008,752,135,0.25,5,0.21799999999999997,0.01100000000000012,0.4
749,feature_0 > 0.26 AND feature_1 > 1.06 AND feature_1 > 1.463 AND feature_0 > 0.557 AND feature_2 <= 0.652 AND feature_7 > -0.835 AND feature_0 > 0.767 AND feature_9 > 0.059,"{'feature_0': (0.767, 3.845), 'feature_1': (1.463, 3.852), 'feature_2': (-3.74, 0.652), 'feature_7': (-0.835, 3.492), 'feature_9': (0.059, 3.767)}",5,2.803,8,[Pretrained] CF,"[468, 710, 734, 740, 741, 745, 747]",3.309,3.366,OptRes,[Pretrained] CF OptRes,0.008,0,0.008,752,31,0.05912162162162162,5,0.5060000000000002,0.05699999999999994,0.4
746,feature_0 > 0.26 AND feature_1 > 1.06 AND feature_1 > 1.463 AND feature_0 > 0.557 AND feature_2 <= 0.652 AND feature_7 > -0.835 AND feature_0 <= 0.767,"{'feature_0': (0.557, 0.767), 'feature_1': (1.463, 3.852), 'feature_2': (-3.74, 0.652), 'feature_7': (-0.835, 3.492)}",4,2.722,7,[Pretrained] CF,"[468, 710, 734, 740, 741, 745]",2.664,2.637,OptRes,[Pretrained] CF OptRes,0.008,0,0.008,752,33,0.05912162162162162,5,0.05799999999999983,0.027000000000000135,0.4
752,feature_0 > 0.26 AND feature_1 > 1.06 AND feature_1 > 1.463 AND feature_0 > 0.557 AND feature_2 > 0.652 AND feature_1 > 1.686,"{'feature_0': (0.557, 3.845), 'feature_1': (1.686, 3.852), 'feature_2': (0.652, 4.02)}",3,2.72,6,[Pretrained] CF,"[468, 710, 734, 740, 750]",3.443,3.477,ResOve,[Pretrained] CF ResOve,0.106,0,0.106,752,29,0.0,5,0.7229999999999999,0.03399999999999981,0.4
749,feature_0 > 0.26 AND feature_1 > 1.06 AND feature_1 > 1.463 AND feature_0 > 0.557 AND feature_2 <= 0.652 AND feature_7 > -0.835 AND feature_0 > 0.767 AND feature_9 > 0.059,"{'feature_0': (0.767, 3.845), 'feature_1': (1.463, 3.852), 'feature_2': (-3.74, 0.652), 'feature_7': (-0.835, 3.492), 'feature_9': (0.059, 3.767)}",5,2.803,8,[Pretrained] CF,"[468, 710, 734, 740, 741, 745, 747]",3.309,3.366,ResOve,[Pretrained] CF ResOve,0.106,0,0.106,752,31,0.0,5,0.5060000000000002,0.05699999999999994,0.4
748,feature_0 > 0.26 AND feature_1 > 1.06 AND feature_1 > 1.463 AND feature_0 > 0.557 AND feature_2 <= 0.652 AND feature_7 > -0.835 AND feature_0 > 0.767 AND feature_9 <= 0.059,"{'feature_0': (0.767, 3.845), 'feature_1': (1.463, 3.852), 'feature_2': (-3.74, 0.652), 'feature_7': (-0.835, 3.492), 'feature_9': (-3.581, 0.059)}",5,2.879,8,[Pretrained] CF,"[468, 710, 734, 740, 741, 745, 747]",3.155,3.108,ResOve,[Pretrained] CF ResOve,0.106,0,0.106,752,32,0.0,5,0.2759999999999998,0.04699999999999971,0.4
742,feature_0 > 0.26 AND feature_1 > 1.06 AND feature_1 > 1.463 AND feature_0 > 0.557 AND feature_2 <= 0.652 AND feature_7 <= -0.835,"{'feature_0': (0.557, 3.845), 'feature_1': (1.463, 3.852), 'feature_2': (-3.74, 0.652), 'feature_7': (-3.746, -0.835)}",4,2.959,6,[Pretrained] CF,"[468, 710, 734, 740, 741]",3.114,3.111,ResOve,[Pretrained] CF ResOve,0.106,0,0.106,752,39,0.0,5,0.1549999999999998,0.0029999999999996696,0.4
723,feature_0 > 0.26 AND feature_1 > 1.06 AND feature_1 <= 1.463 AND feature_0 > 0.763 AND feature_2 <= 0.453 AND feature_7 <= -0.169,"{'feature_0': (0.763, 3.845), 'feature_1': (1.06, 1.463), 'feature_2': (-3.74, 0.453), 'feature_7': (-3.746, -0.169)}",4,2.674,6,[Pretrained] CF,"[468, 710, 711, 721, 722]",2.878,2.888,ResOve,[Pretrained] CF ResOve,0.106,0,0.106,752,53,0.0,5,0.20400000000000018,0.009999999999999787,0.4
742,feature_0 > 0.26 AND feature_1 > 1.06 AND feature_1 > 1.463 AND feature_0 > 0.557 AND feature_2 <= 0.652 AND feature_7 <= -0.835,"{'feature_0': (0.557, 3.845), 'feature_1': (1.463, 3.852), 'feature_2': (-3.74, 0.652), 'feature_7': (-3.746, -0.835)}",4,2.959,6,[Pretrained] CF,"[468, 710, 734, 740, 741]",3.114,3.111,NoOve,[Pretrained] CF NoOve,0.01,0,0.01,752,39,0.0,5,0.1549999999999998,0.0029999999999996696,0.4
745,feature_0 > 0.26 AND feature_1 > 1.06 AND feature_1 > 1.463 AND feature_0 > 0.557 AND feature_2 <= 0.652 AND feature_7 > -0.835,"{'feature_0': (0.557, 3.845), 'feature_1': (1.463, 3.852), 'feature_2': (-3.74, 0.652), 'feature_7': (-0.835, 3.492)}",4,2.804,6,[Pretrained] CF,"[468, 710, 734, 740, 741]",3.046,3.029,NoOve,[Pretrained] CF NoOve,0.01,0,0.01,752,96,0.0,5,0.242,0.016999999999999904,0.4
752,feature_0 > 0.26 AND feature_1 > 1.06 AND feature_1 > 1.463 AND feature_0 > 0.557 AND feature_2 > 0.652 AND feature_1 > 1.686,"{'feature_0': (0.557, 3.845), 'feature_1': (1.686, 3.852), 'feature_2': (0.652, 4.02)}",3,2.72,6,[Pretrained] CF,"[468, 710, 734, 740, 750]",3.443,3.477,NoOve,[Pretrained] CF NoOve,0.01,0,0.01,752,29,0.0,5,0.7229999999999999,0.03399999999999981,0.4
723,feature_0 > 0.26 AND feature_1 > 1.06 AND feature_1 <= 1.463 AND feature_0 > 0.763 AND feature_2 <= 0.453 AND feature_7 <= -0.169,"{'feature_0': (0.763, 3.845), 'feature_1': (1.06, 1.463), 'feature_2': (-3.74, 0.453), 'feature_7': (-3.746, -0.169)}",4,2.674,6,[Pretrained] CF,"[468, 710, 711, 721, 722]",2.878,2.888,NoOve,[Pretrained] CF NoOve,0.01,0,0.01,752,53,0.0,5,0.20400000000000018,0.009999999999999787,0.4
739,feature_0 > 0.26 AND feature_1 > 1.06 AND feature_1 > 1.463 AND feature_0 <= 0.557 AND feature_0 > 0.352 AND feature_1 > 1.661,"{'feature_0': (0.352, 0.557), 'feature_1': (1.661, 3.852)}",2,2.668,6,[Pretrained] CF,"[468, 710, 734, 735, 737]",2.549,2.532,NoOve,[Pretrained] CF NoOve,0.01,0,0.01,752,28,0.0,5,0.11900000000000022,0.016999999999999904,0.4
742,feature_0 > 0.26 AND feature_1 > 1.06 AND feature_1 > 1.463 AND feature_0 > 0.557 AND feature_2 <= 0.652 AND feature_7 <= -0.835,"{'feature_0': (0.557, 3.845), 'feature_1': (1.463, 3.852), 'feature_2': (-3.74, 0.652), 'feature_7': (-3.746, -0.835)}",4,2.959,6,[Pretrained] CF,"[468, 710, 734, 740, 741]",3.114,3.114,OptRes,[Pretrained] CF OptRes,0.008,0,0.008,752,40,0.06756756756756757,5,0.1549999999999998,0.0,0.5
748,feature_0 > 0.26 AND feature_1 > 1.06 AND feature_1 > 1.463 AND feature_0 > 0.557 AND feature_2 <= 0.652 AND feature_7 > -0.835 AND feature_0 > 0.767 AND feature_9 <= 0.059,"{'feature_0': (0.767, 3.845), 'feature_1': (1.463, 3.852), 'feature_2': (-3.74, 0.652), 'feature_7': (-0.835, 3.492), 'feature_9': (-3.581, 0.059)}",5,2.879,8,[Pretrained] CF,"[468, 710, 734, 740, 741, 745, 747]",3.155,3.155,OptRes,[Pretrained] CF OptRes,0.008,0,0.008,752,38,0.06418918918918919,5,0.2759999999999998,0.0,0.5
741,feature_0 > 0.26 AND feature_1 > 1.06 AND feature_1 > 1.463 AND feature_0 > 0.557 AND feature_2 <= 0.652,"{'feature_0': (0.557, 3.845), 'feature_1': (1.463, 3.852), 'feature_2': (-3.74, 0.652)}",3,2.846,5,[Pretrained] CF,"[468, 710, 734, 740]",3.064,3.064,OptRes,[Pretrained] CF OptRes,0.008,0,0.008,752,148,0.25,5,0.21799999999999997,0.0,0.5
749,feature_0 > 0.26 AND feature_1 > 1.06 AND feature_1 > 1.463 AND feature_0 > 0.557 AND feature_2 <= 0.652 AND feature_7 > -0.835 AND feature_0 > 0.767 AND feature_9 > 0.059,"{'feature_0': (0.767, 3.845), 'feature_1': (1.463, 3.852), 'feature_2': (-3.74, 0.652), 'feature_7': (-0.835, 3.492), 'feature_9': (0.059, 3.767)}",5,2.803,8,[Pretrained] CF,"[468, 710, 734, 740, 741, 745, 747]",3.309,3.309,OptRes,[Pretrained] CF OptRes,0.008,0,0.008,752,35,0.05912162162162162,5,0.5060000000000002,0.0,0.5
746,feature_0 > 0.26 AND feature_1 > 1.06 AND feature_1 > 1.463 AND feature_0 > 0.557 AND feature_2 <= 0.652 AND feature_7 > -0.835 AND feature_0 <= 0.767,"{'feature_0': (0.557, 0.767), 'feature_1': (1.463, 3.852), 'feature_2': (-3.74, 0.652), 'feature_7': (-0.835, 3.492)}",4,2.722,7,[Pretrained] CF,"[468, 710, 734, 740, 741, 745]",2.664,2.664,OptRes,[Pretrained] CF OptRes,0.008,0,0.008,752,35,0.05912162162162162,5,0.05799999999999983,0.0,0.5
752,feature_0 > 0.26 AND feature_1 > 1.06 AND feature_1 > 1.463 AND feature_0 > 0.557 AND feature_2 > 0.652 AND feature_1 > 1.686,"{'feature_0': (0.557, 3.845), 'feature_1': (1.686, 3.852), 'feature_2': (0.652, 4.02)}",3,2.72,6,[Pretrained] CF,"[468, 710, 734, 740, 750]",3.443,3.443,ResOve,[Pretrained] CF ResOve,0.056,0,0.056,752,32,0.0,5,0.7229999999999999,0.0,0.5
748,feature_0 > 0.26 AND feature_1 > 1.06 AND feature_1 > 1.463 AND feature_0 > 0.557 AND feature_2 <= 0.652 AND feature_7 > -0.835 AND feature_0 > 0.767 AND feature_9 <= 0.059,"{'feature_0': (0.767, 3.845), 'feature_1': (1.463, 3.852), 'feature_2': (-3.74, 0.652), 'feature_7': (-0.835, 3.492), 'feature_9': (-3.581, 0.059)}",5,2.879,8,[Pretrained] CF,"[468, 710, 734, 740, 741, 745, 747]",3.155,3.155,ResOve,[Pretrained] CF ResOve,0.056,0,0.056,752,38,0.0,5,0.2759999999999998,0.0,0.5
746,feature_0 > 0.26 AND feature_1 > 1.06 AND feature_1 > 1.463 AND feature_0 > 0.557 AND feature_2 <= 0.652 AND feature_7 > -0.835 AND feature_0 <= 0.767,"{'feature_0': (0.557, 0.767), 'feature_1': (1.463, 3.852), 'feature_2': (-3.74, 0.652), 'feature_7': (-0.835, 3.492)}",4,2.722,7,[Pretrained] CF,"[468, 710, 734, 740, 741, 745]",2.664,2.664,ResOve,[Pretrained] CF ResOve,0.056,0,0.056,752,35,0.0,5,0.05799999999999983,0.0,0.5
742,feature_0 > 0.26 AND feature_1 > 1.06 AND feature_1 > 1.463 AND feature_0 > 0.557 AND feature_2 <= 0.652 AND feature_7 <= -0.835,"{'feature_0': (0.557, 3.845), 'feature_1': (1.463, 3.852), 'feature_2': (-3.74, 0.652), 'feature_7': (-3.746, -0.835)}",4,2.959,6,[Pretrained] CF,"[468, 710, 734, 740, 741]",3.114,3.114,ResOve,[Pretrained] CF ResOve,0.056,0,0.056,752,40,0.0,5,0.1549999999999998,0.0,0.5
723,feature_0 > 0.26 AND feature_1 > 1.06 AND feature_1 <= 1.463 AND feature_0 > 0.763 AND feature_2 <= 0.453 AND feature_7 <= -0.169,"{'feature_0': (0.763, 3.845), 'feature_1': (1.06, 1.463), 'feature_2': (-3.74, 0.453), 'feature_7': (-3.746, -0.169)}",4,2.674,6,[Pretrained] CF,"[468, 710, 711, 721, 722]",2.878,2.878,ResOve,[Pretrained] CF ResOve,0.056,0,0.056,752,57,0.0,5,0.20400000000000018,0.0,0.5
742,feature_0 > 0.26 AND feature_1 > 1.06 AND feature_1 > 1.463 AND feature_0 > 0.557 AND feature_2 <= 0.652 AND feature_7 <= -0.835,"{'feature_0': (0.557, 3.845), 'feature_1': (1.463, 3.852), 'feature_2': (-3.74, 0.652), 'feature_7': (-3.746, -0.835)}",4,2.959,6,[Pretrained] CF,"[468, 710, 734, 740, 741]",3.114,3.114,NoOve,[Pretrained] CF NoOve,0.009,0,0.009,752,40,0.0,5,0.1549999999999998,0.0,0.5
745,feature_0 > 0.26 AND feature_1 > 1.06 AND feature_1 > 1.463 AND feature_0 > 0.557 AND feature_2 <= 0.652 AND feature_7 > -0.835,"{'feature_0': (0.557, 3.845), 'feature_1': (1.463, 3.852), 'feature_2': (-3.74, 0.652), 'feature_7': (-0.835, 3.492)}",4,2.804,6,[Pretrained] CF,"[468, 710, 734, 740, 741]",3.046,3.046,NoOve,[Pretrained] CF NoOve,0.009,0,0.009,752,108,0.0,5,0.242,0.0,0.5
752,feature_0 > 0.26 AND feature_1 > 1.06 AND feature_1 > 1.463 AND feature_0 > 0.557 AND feature_2 > 0.652 AND feature_1 > 1.686,"{'feature_0': (0.557, 3.845), 'feature_1': (1.686, 3.852), 'feature_2': (0.652, 4.02)}",3,2.72,6,[Pretrained] CF,"[468, 710, 734, 740, 750]",3.443,3.443,NoOve,[Pretrained] CF NoOve,0.009,0,0.009,752,32,0.0,5,0.7229999999999999,0.0,0.5
723,feature_0 > 0.26 AND feature_1 > 1.06 AND feature_1 <= 1.463 AND feature_0 > 0.763 AND feature_2 <= 0.453 AND feature_7 <= -0.169,"{'feature_0': (0.763, 3.845), 'feature_1': (1.06, 1.463), 'feature_2': (-3.74, 0.453), 'feature_7': (-3.746, -0.169)}",4,2.674,6,[Pretrained] CF,"[468, 710, 711, 721, 722]",2.878,2.878,NoOve,[Pretrained] CF NoOve,0.009,0,0.009,752,57,0.0,5,0.20400000000000018,0.0,0.5
739,feature_0 > 0.26 AND feature_1 > 1.06 AND feature_1 > 1.463 AND feature_0 <= 0.557 AND feature_0 > 0.352 AND feature_1 > 1.661,"{'feature_0': (0.352, 0.557), 'feature_1': (1.661, 3.852)}",2,2.668,6,[Pretrained] CF,"[468, 710, 734, 735, 737]",2.549,2.549,NoOve,[Pretrained] CF NoOve,0.009,0,0.009,752,30,0.0,5,0.11900000000000022,0.0,0.5
20,feature_0 <= 0.26 AND feature_0 <= -0.366 AND feature_1 <= 0.681 AND feature_0 <= -1.35 AND feature_1 <= -0.479 AND feature_0 <= -1.529 AND feature_3 > 0.261 AND feature_0 <= -1.713 AND feature_2 > -0.438 AND feature_1 <= -0.941,"{'feature_0': (-4.66, -1.713), 'feature_1': (-3.98, -0.941), 'feature_3': (0.261, 4.242), 'feature_2': (-0.438, 4.02)}",4,0.894,10,[Pretrained] CF,"[1, 2, 3, 4, 5, 6, 16, 17, 19]",2.002,2.002,OptRes,[Pretrained] CF OptRes,0.006,0,0.006,752,21,0.11130595838587642,5,1.1079999999999997,0.0,0.1
17,feature_0 <= 0.26 AND feature_0 <= -0.366 AND feature_1 <= 0.681 AND feature_0 <= -1.35 AND feature_1 <= -0.479 AND feature_0 <= -1.529 AND feature_3 > 0.261 AND feature_0 <= -1.713,"{'feature_0': (-4.66, -1.713), 'feature_1': (-3.98, -0.479), 'feature_3': (0.261, 4.242)}",3,0.823,8,[Pretrained] CF,"[1, 2, 3, 4, 5, 6, 16]",1.804,1.804,OptRes,[Pretrained] CF OptRes,0.006,0,0.006,752,61,0.1593828814627995,5,0.9810000000000001,0.0,0.1
10,feature_0 <= 0.26 AND feature_0 <= -0.366 AND feature_1 <= 0.681 AND feature_0 <= -1.35 AND feature_1 <= -0.479 AND feature_0 <= -1.529 AND feature_3 <= 0.261 AND feature_0 <= -1.985 AND feature_8 > 0.07,"{'feature_0': (-4.66, -1.985), 'feature_1': (-3.98, -0.479), 'feature_3': (-3.667, 0.261), 'feature_8': (0.07, 3.832)}",4,0.759,9,[Pretrained] CF,"[1, 2, 3, 4, 5, 6, 7, 8]",2.086,2.086,OptRes,[Pretrained] CF OptRes,0.006,0,0.006,752,26,0.03125,5,1.327,0.0,0.1
6,feature_0 <= 0.26 AND feature_0 <= -0.366 AND feature_1 <= 0.681 AND feature_0 <= -1.35 AND feature_1 <= -0.479 AND feature_0 <= -1.529,"{'feature_0': (-4.66, -1.529), 'feature_1': (-3.98, -0.479)}",2,0.705,6,[Pretrained] CF,"[1, 2, 3, 4, 5]",1.67,1.67,OptRes,[Pretrained] CF OptRes,0.006,0,0.006,752,208,0.15865384615384617,5,0.965,0.0,0.1
22,feature_0 <= 0.26 AND feature_0 <= -0.366 AND feature_1 <= 0.681 AND feature_0 <= -1.35 AND feature_1 <= -0.479 AND feature_0 <= -1.529 AND feature_3 > 0.261 AND feature_0 > -1.713,"{'feature_0': (-1.713, -1.529), 'feature_1': (-3.98, -0.479), 'feature_3': (0.261, 4.242)}",3,0.695,8,[Pretrained] CF,"[1, 2, 3, 4, 5, 6, 16]",1.327,1.327,OptRes,[Pretrained] CF OptRes,0.006,0,0.006,752,24,0.028846153846153848,5,0.632,0.0,0.1
19,feature_0 <= 0.26 AND feature_0 <= -0.366 AND feature_1 <= 0.681 AND feature_0 <= -1.35 AND feature_1 <= -0.479 AND feature_0 <= -1.529 AND feature_3 > 0.261 AND feature_0 <= -1.713 AND feature_2 > -0.438,"{'feature_0': (-4.66, -1.713), 'feature_1': (-3.98, -0.479), 'feature_3': (0.261, 4.242), 'feature_2': (-0.438, 4.02)}",4,0.855,9,[Pretrained] CF,"[1, 2, 3, 4, 5, 6, 16, 17]",1.84,1.84,ResOve,[Pretrained] CF ResOve,0.042,0,0.042,752,41,0.1680327868852459,5,0.9850000000000001,0.0,0.1
17,feature_0 <= 0.26 AND feature_0 <= -0.366 AND feature_1 <= 0.681 AND feature_0 <= -1.35 AND feature_1 <= -0.479 AND feature_0 <= -1.529 AND feature_3 > 0.261 AND feature_0 <= -1.713,"{'feature_0': (-4.66, -1.713), 'feature_1': (-3.98, -0.479), 'feature_3': (0.261, 4.242)}",3,0.823,8,[Pretrained] CF,"[1, 2, 3, 4, 5, 6, 16]",1.804,1.804,ResOve,[Pretrained] CF ResOve,0.042,0,0.042,752,61,0.1680327868852459,5,0.9810000000000001,0.0,0.1
10,feature_0 <= 0.26 AND feature_0 <= -0.366 AND feature_1 <= 0.681 AND feature_0 <= -1.35 AND feature_1 <= -0.479 AND feature_0 <= -1.529 AND feature_3 <= 0.261 AND feature_0 <= -1.985 AND feature_8 > 0.07,"{'feature_0': (-4.66, -1.985), 'feature_1': (-3.98, -0.479), 'feature_3': (-3.667, 0.261), 'feature_8': (0.07, 3.832)}",4,0.759,9,[Pretrained] CF,"[1, 2, 3, 4, 5, 6, 7, 8]",2.086,2.086,ResOve,[Pretrained] CF ResOve,0.042,0,0.042,752,26,0.13541666666666666,5,1.327,0.0,0.1
22,feature_0 <= 0.26 AND feature_0 <= -0.366 AND feature_1 <= 0.681 AND feature_0 <= -1.35 AND feature_1 <= -0.479 AND feature_0 <= -1.529 AND feature_3 > 0.261 AND feature_0 > -1.713,"{'feature_0': (-1.713, -1.529), 'feature_1': (-3.98, -0.479), 'feature_3': (0.261, 4.242)}",3,0.695,8,[Pretrained] CF,"[1, 2, 3, 4, 5, 6, 16]",1.327,1.327,ResOve,[Pretrained] CF ResOve,0.042,0,0.042,752,24,0.0,5,0.632,0.0,0.1
8,feature_0 <= 0.26 AND feature_0 <= -0.366 AND feature_1 <= 0.681 AND feature_0 <= -1.35 AND feature_1 <= -0.479 AND feature_0 <= -1.529 AND feature_3 <= 0.261 AND feature_0 <= -1.985,"{'feature_0': (-4.66, -1.985), 'feature_1': (-3.98, -0.479), 'feature_3': (-3.667, 0.261)}",3,0.724,8,[Pretrained] CF,"[1, 2, 3, 4, 5, 6, 7]",2.066,2.066,ResOve,[Pretrained] CF ResOve,0.042,0,0.042,752,48,0.13541666666666666,5,1.3419999999999999,0.0,0.1
19,feature_0 <= 0.26 AND feature_0 <= -0.366 AND feature_1 <= 0.681 AND feature_0 <= -1.35 AND feature_1 <= -0.479 AND feature_0 <= -1.529 AND feature_3 > 0.261 AND feature_0 <= -1.713 AND feature_2 > -0.438,"{'feature_0': (-4.66, -1.713), 'feature_1': (-3.98, -0.479), 'feature_3': (0.261, 4.242), 'feature_2': (-0.438, 4.02)}",4,0.855,9,[Pretrained] CF,"[1, 2, 3, 4, 5, 6, 16, 17]",1.84,1.84,NoOve,[Pretrained] CF NoOve,0.005,0,0.005,752,41,0.0,5,0.9850000000000001,0.0,0.1
10,feature_0 <= 0.26 AND feature_0 <= -0.366 AND feature_1 <= 0.681 AND feature_0 <= -1.35 AND feature_1 <= -0.479 AND feature_0 <= -1.529 AND feature_3 <= 0.261 AND feature_0 <= -1.985 AND feature_8 > 0.07,"{'feature_0': (-4.66, -1.985), 'feature_1': (-3.98, -0.479), 'feature_3': (-3.667, 0.261), 'feature_8': (0.07, 3.832)}",4,0.759,9,[Pretrained] CF,"[1, 2, 3, 4, 5, 6, 7, 8]",2.086,2.086,NoOve,[Pretrained] CF NoOve,0.005,0,0.005,752,26,0.0,5,1.327,0.0,0.1
9,feature_0 <= 0.26 AND feature_0 <= -0.366 AND feature_1 <= 0.681 AND feature_0 <= -1.35 AND feature_1 <= -0.479 AND feature_0 <= -1.529 AND feature_3 <= 0.261 AND feature_0 <= -1.985 AND feature_8 <= 0.07,"{'feature_0': (-4.66, -1.985), 'feature_1': (-3.98, -0.479), 'feature_3': (-3.667, 0.261), 'feature_8': (-4.447, 0.07)}",4,0.682,9,[Pretrained] CF,"[1, 2, 3, 4, 5, 6, 7, 8]",2.042,2.042,NoOve,[Pretrained] CF NoOve,0.005,0,0.005,752,22,0.0,5,1.3599999999999999,0.0,0.1
15,feature_0 <= 0.26 AND feature_0 <= -0.366 AND feature_1 <= 0.681 AND feature_0 <= -1.35 AND feature_1 <= -0.479 AND feature_0 <= -1.529 AND feature_3 <= 0.261 AND feature_0 > -1.985 AND feature_8 > 0.062,"{'feature_0': (-1.985, -1.529), 'feature_1': (-3.98, -0.479), 'feature_3': (-3.667, 0.261), 'feature_8': (0.062, 3.832)}",4,0.647,9,[Pretrained] CF,"[1, 2, 3, 4, 5, 6, 7, 11]",1.432,1.432,NoOve,[Pretrained] CF NoOve,0.005,0,0.005,752,34,0.0,5,0.7849999999999999,0.0,0.1
39,feature_0 <= 0.26 AND feature_0 <= -0.366 AND feature_1 <= 0.681 AND feature_0 <= -1.35 AND feature_1 > -0.479 AND feature_0 <= -1.596 AND feature_1 <= 0.365 AND feature_3 > 0.258 AND feature_7 <= 0.179,"{'feature_0': (-4.66, -1.596), 'feature_1': (-0.479, 0.365), 'feature_3': (0.258, 4.242), 'feature_7': (-3.746, 0.179)}",4,0.612,9,[Pretrained] CF,"[1, 2, 3, 4, 28, 29, 30, 38]",1.528,1.528,NoOve,[Pretrained] CF NoOve,0.005,0,0.005,752,42,0.0,5,0.916,0.0,0.1
741,feature_0 > 0.26 AND feature_1 > 1.06 AND feature_1 > 1.463 AND feature_0 > 0.557 AND feature_2 <= 0.652,"{'feature_0': (0.557, 3.845), 'feature_1': (1.463, 3.852), 'feature_2': (-3.74, 0.652)}",3,2.846,5,[Pretrained] CF,"[468, 710, 734, 740]",3.064,3.124,OptRes,[Pretrained] CF OptRes,0.008,0,0.008,752,49,0.18833717284947515,5,0.21799999999999997,0.06000000000000005,0.2
747,feature_0 > 0.26 AND feature_1 > 1.06 AND feature_1 > 1.463 AND feature_0 > 0.557 AND feature_2 <= 0.652 AND feature_7 > -0.835 AND feature_0 > 0.767,"{'feature_0': (0.767, 3.845), 'feature_1': (1.463, 3.852), 'feature_2': (-3.74, 0.652), 'feature_7': (-0.835, 3.492)}",4,2.842,7,[Pretrained] CF,"[468, 710, 734, 740, 741, 745]",3.229,3.271,OptRes,[Pretrained] CF OptRes,0.008,0,0.008,752,27,0.15538462451907092,5,0.387,0.041999999999999815,0.2
722,feature_0 > 0.26 AND feature_1 > 1.06 AND feature_1 <= 1.463 AND feature_0 > 0.763 AND feature_2 <= 0.453,"{'feature_0': (0.763, 3.845), 'feature_1': (1.06, 1.463), 'feature_2': (-3.74, 0.453)}",3,2.584,5,[Pretrained] CF,"[468, 710, 711, 721]",2.782,2.767,OptRes,[Pretrained] CF OptRes,0.008,0,0.008,752,25,0.04745166959578207,5,0.19799999999999995,0.015000000000000124,0.2
710,feature_0 > 0.26 AND feature_1 > 1.06,"{'feature_0': (0.26, 3.845), 'feature_1': (1.06, 3.852)}",2,2.521,2,[Pretrained] CF,[468],2.66,2.655,OptRes,[Pretrained] CF OptRes,0.008,0,0.008,752,160,0.17618629173989453,5,0.13900000000000023,0.0050000000000003375,0.2
735,feature_0 > 0.26 AND feature_1 > 1.06 AND feature_1 > 1.463 AND feature_0 <= 0.557,"{'feature_0': (0.26, 0.557), 'feature_1': (1.463, 3.852)}",2,2.508,4,[Pretrained] CF,"[468, 710, 734]",2.357,2.386,OptRes,[Pretrained] CF OptRes,0.008,0,0.008,752,24,0.03163444639718805,5,0.1509999999999998,0.028999999999999915,0.2
747,feature_0 > 0.26 AND feature_1 > 1.06 AND feature_1 > 1.463 AND feature_0 > 0.557 AND feature_2 <= 0.652 AND feature_7 > -0.835 AND feature_0 > 0.767,"{'feature_0': (0.767, 3.845), 'feature_1': (1.463, 3.852), 'feature_2': (-3.74, 0.652), 'feature_7': (-0.835, 3.492)}",4,2.842,7,[Pretrained] CF,"[468, 710, 734, 740, 741, 745]",3.229,3.271,ResOve,[Pretrained] CF ResOve,0.168,0,0.168,752,27,0.25977750138197897,5,0.387,0.041999999999999815,0.2
740,feature_0 > 0.26 AND feature_1 > 1.06 AND feature_1 > 1.463 AND feature_0 > 0.557,"{'feature_0': (0.557, 3.845), 'feature_1': (1.463, 3.852)}",2,2.805,4,[Pretrained] CF,"[468, 710, 734]",3.116,3.13,ResOve,[Pretrained] CF ResOve,0.168,0,0.168,752,60,0.22512437810945274,5,0.31099999999999994,0.01399999999999979,0.2
735,feature_0 > 0.26 AND feature_1 > 1.06 AND feature_1 > 1.463 AND feature_0 <= 0.557,"{'feature_0': (0.26, 0.557), 'feature_1': (1.463, 3.852)}",2,2.508,4,[Pretrained] CF,"[468, 710, 734]",2.357,2.386,ResOve,[Pretrained] CF ResOve,0.168,0,0.168,752,24,0.0,5,0.1509999999999998,0.028999999999999915,0.2
722,feature_0 > 0.26 AND feature_1 > 1.06 AND feature_1 <= 1.463 AND feature_0 > 0.763 AND feature_2 <= 0.453,"{'feature_0': (0.763, 3.845), 'feature_1': (1.06, 1.463), 'feature_2': (-3.74, 0.453)}",3,2.584,5,[Pretrained] CF,"[468, 710, 711, 721]",2.782,2.767,ResOve,[Pretrained] CF ResOve,0.168,0,0.168,752,25,0.0,5,0.19799999999999995,0.015000000000000124,0.2
745,feature_0 > 0.26 AND feature_1 > 1.06 AND feature_1 > 1.463 AND feature_0 > 0.557 AND feature_2 <= 0.652 AND feature_7 > -0.835,"{'feature_0': (0.557, 3.845), 'feature_1': (1.463, 3.852), 'feature_2': (-3.74, 0.652), 'feature_7': (-0.835, 3.492)}",4,2.804,6,[Pretrained] CF,"[468, 710, 734, 740, 741]",3.046,3.113,ResOve,[Pretrained] CF ResOve,0.168,0,0.168,752,38,0.3033098396904367,5,0.242,0.06700000000000017,0.2
740,feature_0 > 0.26 AND feature_1 > 1.06 AND feature_1 > 1.463 AND feature_0 > 0.557,"{'feature_0': (0.557, 3.845), 'feature_1': (1.463, 3.852)}",2,2.805,4,[Pretrained] CF,"[468, 710, 734]",3.116,3.13,NoOve,[Pretrained] CF NoOve,0.053,0,0.053,752,60,0.0,5,0.31099999999999994,0.01399999999999979,0.2
721,feature_0 > 0.26 AND feature_1 > 1.06 AND feature_1 <= 1.463 AND feature_0 > 0.763,"{'feature_0': (0.763, 3.845), 'feature_1': (1.06, 1.463)}",2,2.508,4,[Pretrained] CF,"[468, 710, 711]",2.747,2.72,NoOve,[Pretrained] CF NoOve,0.053,0,0.053,752,40,0.0,5,0.23899999999999988,0.02699999999999969,0.2
735,feature_0 > 0.26 AND feature_1 > 1.06 AND feature_1 > 1.463 AND feature_0 <= 0.557,"{'feature_0': (0.26, 0.557), 'feature_1': (1.463, 3.852)}",2,2.508,4,[Pretrained] CF,"[468, 710, 734]",2.357,2.386,NoOve,[Pretrained] CF NoOve,0.053,0,0.053,752,24,0.0,5,0.1509999999999998,0.028999999999999915,0.2
712,feature_0 > 0.26 AND feature_1 > 1.06 AND feature_1 <= 1.463 AND feature_0 <= 0.763,"{'feature_0': (0.26, 0.763), 'feature_1': (1.06, 1.463)}",2,2.095,4,[Pretrained] CF,"[468, 710, 711]",1.987,1.972,NoOve,[Pretrained] CF NoOve,0.053,0,0.053,752,36,0.0,5,0.1080000000000001,0.015000000000000124,0.2
659,feature_0 > 0.26 AND feature_1 <= 1.06 AND feature_0 > 0.8 AND feature_1 > 0.12,"{'feature_0': (0.8, 3.845), 'feature_1': (0.12, 1.06)}",2,2.063,4,[Pretrained] CF,"[468, 469, 583]",2.386,2.377,NoOve,[Pretrained] CF NoOve,0.053,0,0.053,752,193,0.0,5,0.32299999999999995,0.009000000000000341,0.2
462,feature_0 <= 0.26 AND feature_0 > -0.366 AND feature_1 > 0.892 AND feature_1 > 1.283 AND feature_0 > -0.07 AND feature_0 > 0.088 AND feature_6 <= -0.813,"{'feature_0': (0.088, 0.26), 'feature_1': (1.283, 3.852), 'feature_6': (-4.852, -0.813)}",3,1.959,7,[Pretrained] CF,"[1, 275, 431, 447, 455, 461]",2.132,2.132,OptRes,[Pretrained] CF OptRes,0.005,0,0.005,752,22,0.06547619047619048,5,0.17300000000000004,0.0,0.3
461,feature_0 <= 0.26 AND feature_0 > -0.366 AND feature_1 > 0.892 AND feature_1 > 1.283 AND feature_0 > -0.07 AND feature_0 > 0.088,"{'feature_0': (0.088, 0.26), 'feature_1': (1.283, 3.852)}",2,1.831,6,[Pretrained] CF,"[1, 275, 431, 447, 455]",2.123,2.123,OptRes,[Pretrained] CF OptRes,0.005,0,0.005,752,84,0.19047619047619047,5,0.29200000000000026,0.0,0.3
465,feature_0 <= 0.26 AND feature_0 > -0.366 AND feature_1 > 0.892 AND feature_1 > 1.283 AND feature_0 > -0.07 AND feature_0 > 0.088 AND feature_6 > -0.813 AND feature_1 > 1.514,"{'feature_0': (0.088, 0.26), 'feature_1': (1.514, 3.852), 'feature_6': (-0.813, 3.484)}",3,1.815,8,[Pretrained] CF,"[1, 275, 431, 447, 455, 461, 463]",2.278,2.278,OptRes,[Pretrained] CF OptRes,0.005,0,0.005,752,42,0.125,5,0.4630000000000001,0.0,0.3
713,feature_0 > 0.26 AND feature_1 > 1.06 AND feature_1 <= 1.463 AND feature_0 <= 0.763 AND feature_0 <= 0.334,"{'feature_0': (0.26, 0.334), 'feature_1': (1.06, 1.463)}",2,1.76,5,[Pretrained] CF,"[468, 710, 711, 712]",1.796,1.796,OptRes,[Pretrained] CF OptRes,0.005,0,0.005,752,27,0.0,5,0.03600000000000003,0.0,0.3
458,feature_0 <= 0.26 AND feature_0 > -0.366 AND feature_1 > 0.892 AND feature_1 > 1.283 AND feature_0 > -0.07 AND feature_0 <= 0.088 AND feature_1 > 1.488,"{'feature_0': (-0.07, 0.088), 'feature_1': (1.488, 3.852)}",2,1.703,7,[Pretrained] CF,"[1, 275, 431, 447, 455, 456]",1.994,1.994,OptRes,[Pretrained] CF OptRes,0.005,0,0.005,752,40,0.0,5,0.2909999999999999,0.0,0.3
713,feature_0 > 0.26 AND feature_1 > 1.06 AND feature_1 <= 1.463 AND feature_0 <= 0.763 AND feature_0 <= 0.334,"{'feature_0': (0.26, 0.334), 'feature_1': (1.06, 1.463)}",2,1.76,5,[Pretrained] CF,"[468, 710, 711, 712]",1.796,1.796,ResOve,[Pretrained] CF ResOve,0.077,0,0.077,752,27,0.0,5,0.03600000000000003,0.0,0.3
465,feature_0 <= 0.26 AND feature_0 > -0.366 AND feature_1 > 0.892 AND feature_1 > 1.283 AND feature_0 > -0.07 AND feature_0 > 0.088 AND feature_6 > -0.813 AND feature_1 > 1.514,"{'feature_0': (0.088, 0.26), 'feature_1': (1.514, 3.852), 'feature_6': (-0.813, 3.484)}",3,1.815,8,[Pretrained] CF,"[1, 275, 431, 447, 455, 461, 463]",2.278,2.278,ResOve,[Pretrained] CF ResOve,0.077,0,0.077,752,42,0.13095238095238096,5,0.4630000000000001,0.0,0.3
458,feature_0 <= 0.26 AND feature_0 > -0.366 AND feature_1 > 0.892 AND feature_1 > 1.283 AND feature_0 > -0.07 AND feature_0 <= 0.088 AND feature_1 > 1.488,"{'feature_0': (-0.07, 0.088), 'feature_1': (1.488, 3.852)}",2,1.703,7,[Pretrained] CF,"[1, 275, 431, 447, 455, 456]",1.994,1.994,ResOve,[Pretrained] CF ResOve,0.077,0,0.077,752,40,0.0,5,0.2909999999999999,0.0,0.3
467,feature_0 <= 0.26 AND feature_0 > -0.366 AND feature_1 > 0.892 AND feature_1 > 1.283 AND feature_0 > -0.07 AND feature_0 > 0.088 AND feature_6 > -0.813 AND feature_1 > 1.514 AND feature_4 > 0.199,"{'feature_0': (0.088, 0.26), 'feature_1': (1.514, 3.852), 'feature_6': (-0.813, 3.484), 'feature_4': (0.199, 3.804)}",4,1.783,9,[Pretrained] CF,"[1, 275, 431, 447, 455, 461, 463, 465]",2.318,2.318,ResOve,[Pretrained] CF ResOve,0.077,0,0.077,752,22,0.13095238095238096,5,0.5350000000000001,0.0,0.3
462,feature_0 <= 0.26 AND feature_0 > -0.366 AND feature_1 > 0.892 AND feature_1 > 1.283 AND feature_0 > -0.07 AND feature_0 > 0.088 AND feature_6 <= -0.813,"{'feature_0': (0.088, 0.26), 'feature_1': (1.283, 3.852), 'feature_6': (-4.852, -0.813)}",3,1.959,7,[Pretrained] CF,"[1, 275, 431, 447, 455, 461]",2.132,2.132,ResOve,[Pretrained] CF ResOve,0.077,0,0.077,752,22,0.0,5,0.17300000000000004,0.0,0.3
462,feature_0 <= 0.26 AND feature_0 > -0.366 AND feature_1 > 0.892 AND feature_1 > 1.283 AND feature_0 > -0.07 AND feature_0 > 0.088 AND feature_6 <= -0.813,"{'feature_0': (0.088, 0.26), 'feature_1': (1.283, 3.852), 'feature_6': (-4.852, -0.813)}",3,1.959,7,[Pretrained] CF,"[1, 275, 431, 447, 455, 461]",2.132,2.132,NoOve,[Pretrained] CF NoOve,0.01,0,0.01,752,22,0.0,5,0.17300000000000004,0.0,0.3
463,feature_0 <= 0.26 AND feature_0 > -0.366 AND feature_1 > 0.892 AND feature_1 > 1.283 AND feature_0 > -0.07 AND feature_0 > 0.088 AND feature_6 > -0.813,"{'feature_0': (0.088, 0.26), 'feature_1': (1.283, 3.852), 'feature_6': (-0.813, 3.484)}",3,1.786,7,[Pretrained] CF,"[1, 275, 431, 447, 455, 461]",2.12,2.12,NoOve,[Pretrained] CF NoOve,0.01,0,0.01,752,62,0.0,5,0.3340000000000001,0.0,0.3
458,feature_0 <= 0.26 AND feature_0 > -0.366 AND feature_1 > 0.892 AND feature_1 > 1.283 AND feature_0 > -0.07 AND feature_0 <= 0.088 AND feature_1 > 1.488,"{'feature_0': (-0.07, 0.088), 'feature_1': (1.488, 3.852)}",2,1.703,7,[Pretrained] CF,"[1, 275, 431, 447, 455, 456]",1.994,1.994,NoOve,[Pretrained] CF NoOve,0.01,0,0.01,752,40,0.0,5,0.2909999999999999,0.0,0.3
457,feature_0 <= 0.26 AND feature_0 > -0.366 AND feature_1 > 0.892 AND feature_1 > 1.283 AND feature_0 > -0.07 AND feature_0 <= 0.088 AND feature_1 <= 1.488,"{'feature_0': (-0.07, 0.088), 'feature_1': (1.283, 1.488)}",2,1.576,7,[Pretrained] CF,"[1, 275, 431, 447, 455, 456]",1.622,1.622,NoOve,[Pretrained] CF NoOve,0.01,0,0.01,752,21,0.0,5,0.04600000000000004,0.0,0.3
568,feature_0 > 0.26 AND feature_1 <= 1.06 AND feature_0 <= 0.8 AND feature_1 > 0.2 AND feature_0 <= 0.617 AND feature_1 > 0.854 AND feature_0 <= 0.362,"{'feature_0': (0.26, 0.362), 'feature_1': (0.854, 1.06)}",2,1.534,7,[Pretrained] CF,"[468, 469, 470, 546, 547, 567]",1.609,1.609,NoOve,[Pretrained] CF NoOve,0.01,0,0.01,752,25,0.0,5,0.07499999999999996,0.0,0.3
741,feature_0 > 0.26 AND feature_1 > 1.06 AND feature_1 > 1.463 AND feature_0 > 0.557 AND feature_2 <= 0.652,"{'feature_0': (0.557, 3.845), 'feature_1': (1.463, 3.852), 'feature_2': (-3.74, 0.652)}",3,2.846,5,[Pretrained] CF,"[468, 710, 734, 740]",3.064,3.111,OptRes,[Pretrained] CF OptRes,0.005,0,0.005,752,75,0.12331081081081081,5,0.21799999999999997,0.04700000000000015,0.4
747,feature_0 > 0.26 AND feature_1 > 1.06 AND feature_1 > 1.463 AND feature_0 > 0.557 AND feature_2 <= 0.652 AND feature_7 > -0.835 AND feature_0 > 0.767,"{'feature_0': (0.767, 3.845), 'feature_1': (1.463, 3.852), 'feature_2': (-3.74, 0.652), 'feature_7': (-0.835, 3.492)}",4,2.842,7,[Pretrained] CF,"[468, 710, 734, 740, 741, 745]",3.229,3.274,OptRes,[Pretrained] CF OptRes,0.005,0,0.005,752,40,0.12331081081081081,5,0.387,0.04499999999999993,0.4
750,feature_0 > 0.26 AND feature_1 > 1.06 AND feature_1 > 1.463 AND feature_0 > 0.557 AND feature_2 > 0.652,"{'feature_0': (0.557, 3.845), 'feature_1': (1.463, 3.852), 'feature_2': (0.652, 4.02)}",3,2.69,5,[Pretrained] CF,"[468, 710, 734, 740]",3.26,3.213,OptRes,[Pretrained] CF OptRes,0.005,0,0.005,752,32,0.0,5,0.5699999999999998,0.04699999999999971,0.4
723,feature_0 > 0.26 AND feature_1 > 1.06 AND feature_1 <= 1.463 AND feature_0 > 0.763 AND feature_2 <= 0.453 AND feature_7 <= -0.169,"{'feature_0': (0.763, 3.845), 'feature_1': (1.06, 1.463), 'feature_2': (-3.74, 0.453), 'feature_7': (-3.746, -0.169)}",4,2.674,6,[Pretrained] CF,"[468, 710, 711, 721, 722]",2.878,2.903,OptRes,[Pretrained] CF OptRes,0.005,0,0.005,752,37,0.0,5,0.20400000000000018,0.02499999999999991,0.4
739,feature_0 > 0.26 AND feature_1 > 1.06 AND feature_1 > 1.463 AND feature_0 <= 0.557 AND feature_0 > 0.352 AND feature_1 > 1.661,"{'feature_0': (0.352, 0.557), 'feature_1': (1.661, 3.852)}",2,2.668,6,[Pretrained] CF,"[468, 710, 734, 735, 737]",2.549,2.532,OptRes,[Pretrained] CF OptRes,0.005,0,0.005,752,21,0.0,5,0.11900000000000022,0.016999999999999904,0.4
750,feature_0 > 0.26 AND feature_1 > 1.06 AND feature_1 > 1.463 AND feature_0 > 0.557 AND feature_2 > 0.652,"{'feature_0': (0.557, 3.845), 'feature_1': (1.463, 3.852), 'feature_2': (0.652, 4.02)}",3,2.69,5,[Pretrained] CF,"[468, 710, 734, 740]",3.26,3.213,ResOve,[Pretrained] CF ResOve,0.115,0,0.115,752,32,0.0,5,0.5699999999999998,0.04699999999999971,0.4
747,feature_0 > 0.26 AND feature_1 > 1.06 AND feature_1 > 1.463 AND feature_0 > 0.557 AND feature_2 <= 0.652 AND feature_7 > -0.835 AND feature_0 > 0.767,"{'feature_0': (0.767, 3.845), 'feature_1': (1.463, 3.852), 'feature_2': (-3.74, 0.652), 'feature_7': (-0.835, 3.492)}",4,2.842,7,[Pretrained] CF,"[468, 710, 734, 740, 741, 745]",3.229,3.274,ResOve,[Pretrained] CF ResOve,0.115,0,0.115,752,40,0.12331081081081081,5,0.387,0.04499999999999993,0.4
741,feature_0 > 0.26 AND feature_1 > 1.06 AND feature_1 > 1.463 AND feature_0 > 0.557 AND feature_2 <= 0.652,"{'feature_0': (0.557, 3.845), 'feature_1': (1.463, 3.852), 'feature_2': (-3.74, 0.652)}",3,2.846,5,[Pretrained] CF,"[468, 710, 734, 740]",3.064,3.111,ResOve,[Pretrained] CF ResOve,0.115,0,0.115,752,75,0.12331081081081081,5,0.21799999999999997,0.04700000000000015,0.4
739,feature_0 > 0.26 AND feature_1 > 1.06 AND feature_1 > 1.463 AND feature_0 <= 0.557 AND feature_0 > 0.352 AND feature_1 > 1.661,"{'feature_0': (0.352, 0.557), 'feature_1': (1.661, 3.852)}",2,2.668,6,[Pretrained] CF,"[468, 710, 734, 735, 737]",2.549,2.532,ResOve,[Pretrained] CF ResOve,0.115,0,0.115,752,21,0.0,5,0.11900000000000022,0.016999999999999904,0.4
723,feature_0 > 0.26 AND feature_1 > 1.06 AND feature_1 <= 1.463 AND feature_0 > 0.763 AND feature_2 <= 0.453 AND feature_7 <= -0.169,"{'feature_0': (0.763, 3.845), 'feature_1': (1.06, 1.463), 'feature_2': (-3.74, 0.453), 'feature_7': (-3.746, -0.169)}",4,2.674,6,[Pretrained] CF,"[468, 710, 711, 721, 722]",2.878,2.903,ResOve,[Pretrained] CF ResOve,0.115,0,0.115,752,37,0.0,5,0.20400000000000018,0.02499999999999991,0.4
741,feature_0 > 0.26 AND feature_1 > 1.06 AND feature_1 > 1.463 AND feature_0 > 0.557 AND feature_2 <= 0.652,"{'feature_0': (0.557, 3.845), 'feature_1': (1.463, 3.852), 'feature_2': (-3.74, 0.652)}",3,2.846,5,[Pretrained] CF,"[468, 710, 734, 740]",3.064,3.111,NoOve,[Pretrained] CF NoOve,0.02,0,0.02,752,75,0.0,5,0.21799999999999997,0.04700000000000015,0.4
750,feature_0 > 0.26 AND feature_1 > 1.06 AND feature_1 > 1.463 AND feature_0 > 0.557 AND feature_2 > 0.652,"{'feature_0': (0.557, 3.845), 'feature_1': (1.463, 3.852), 'feature_2': (0.652, 4.02)}",3,2.69,5,[Pretrained] CF,"[468, 710, 734, 740]",3.26,3.213,NoOve,[Pretrained] CF NoOve,0.02,0,0.02,752,32,0.0,5,0.5699999999999998,0.04699999999999971,0.4
737,feature_0 > 0.26 AND feature_1 > 1.06 AND feature_1 > 1.463 AND feature_0 <= 0.557 AND feature_0 > 0.352,"{'feature_0': (0.352, 0.557), 'feature_1': (1.463, 3.852)}",2,2.602,5,[Pretrained] CF,"[468, 710, 734, 735]",2.4,2.399,NoOve,[Pretrained] CF NoOve,0.02,0,0.02,752,34,0.0,5,0.20199999999999996,0.0009999999999998899,0.4
722,feature_0 > 0.26 AND feature_1 > 1.06 AND feature_1 <= 1.463 AND feature_0 > 0.763 AND feature_2 <= 0.453,"{'feature_0': (0.763, 3.845), 'feature_1': (1.06, 1.463), 'feature_2': (-3.74, 0.453)}",3,2.584,5,[Pretrained] CF,"[468, 710, 711, 721]",2.782,2.811,NoOve,[Pretrained] CF NoOve,0.02,0,0.02,752,66,0.0,5,0.19799999999999995,0.028999999999999915,0.4
729,feature_0 > 0.26 AND feature_1 > 1.06 AND feature_1 <= 1.463 AND feature_0 > 0.763 AND feature_2 > 0.453,"{'feature_0': (0.763, 3.845), 'feature_1': (1.06, 1.463), 'feature_2': (0.453, 4.02)}",3,2.374,5,[Pretrained] CF,"[468, 710, 711, 721]",2.685,2.682,NoOve,[Pretrained] CF NoOve,0.02,0,0.02,752,37,0.0,5,0.31099999999999994,0.0030000000000001137,0.4
742,feature_0 > 0.26 AND feature_1 > 1.06 AND feature_1 > 1.463 AND feature_0 > 0.557 AND feature_2 <= 0.652 AND feature_7 <= -0.835,"{'feature_0': (0.557, 3.845), 'feature_1': (1.463, 3.852), 'feature_2': (-3.74, 0.652), 'feature_7': (-3.746, -0.835)}",4,2.959,6,[Pretrained] CF,"[468, 710, 734, 740, 741]",3.114,3.094,OptRes,[Pretrained] CF OptRes,0.008,0,0.008,752,36,0.06756756756756757,5,0.1549999999999998,0.020000000000000018,0.5
748,feature_0 > 0.26 AND feature_1 > 1.06 AND feature_1 > 1.463 AND feature_0 > 0.557 AND feature_2 <= 0.652 AND feature_7 > -0.835 AND feature_0 > 0.767 AND feature_9 <= 0.059,"{'feature_0': (0.767, 3.845), 'feature_1': (1.463, 3.852), 'feature_2': (-3.74, 0.652), 'feature_7': (-0.835, 3.492), 'feature_9': (-3.581, 0.059)}",5,2.879,8,[Pretrained] CF,"[468, 710, 734, 740, 741, 745, 747]",3.155,3.146,OptRes,[Pretrained] CF OptRes,0.008,0,0.008,752,36,0.06418918918918919,5,0.2759999999999998,0.008999999999999897,0.5
741,feature_0 > 0.26 AND feature_1 > 1.06 AND feature_1 > 1.463 AND feature_0 > 0.557 AND feature_2 <= 0.652,"{'feature_0': (0.557, 3.845), 'feature_1': (1.463, 3.852), 'feature_2': (-3.74, 0.652)}",3,2.846,5,[Pretrained] CF,"[468, 710, 734, 740]",3.064,3.066,OptRes,[Pretrained] CF OptRes,0.008,0,0.008,752,136,0.25,5,0.21799999999999997,0.0019999999999997797,0.5
749,feature_0 > 0.26 AND feature_1 > 1.06 AND feature_1 > 1.463 AND feature_0 > 0.557 AND feature_2 <= 0.652 AND feature_7 > -0.835 AND feature_0 > 0.767 AND feature_9 > 0.059,"{'feature_0': (0.767, 3.845), 'feature_1': (1.463, 3.852), 'feature_2': (-3.74, 0.652), 'feature_7': (-0.835, 3.492), 'feature_9': (0.059, 3.767)}",5,2.803,8,[Pretrained] CF,"[468, 710, 734, 740, 741, 745, 747]",3.309,3.314,OptRes,[Pretrained] CF OptRes,0.008,0,0.008,752,34,0.05912162162162162,5,0.5060000000000002,0.004999999999999893,0.5
746,feature_0 > 0.26 AND feature_1 > 1.06 AND feature_1 > 1.463 AND feature_0 > 0.557 AND feature_2 <= 0.652 AND feature_7 > -0.835 AND feature_0 <= 0.767,"{'feature_0': (0.557, 0.767), 'feature_1': (1.463, 3.852), 'feature_2': (-3.74, 0.652), 'feature_7': (-0.835, 3.492)}",4,2.722,7,[Pretrained] CF,"[468, 710, 734, 740, 741, 745]",2.664,2.655,OptRes,[Pretrained] CF OptRes,0.008,0,0.008,752,30,0.05912162162162162,5,0.05799999999999983,0.009000000000000341,0.5
752,feature_0 > 0.26 AND feature_1 > 1.06 AND feature_1 > 1.463 AND feature_0 > 0.557 AND feature_2 > 0.652 AND feature_1 > 1.686,"{'feature_0': (0.557, 3.845), 'feature_1': (1.686, 3.852), 'feature_2': (0.652, 4.02)}",3,2.72,6,[Pretrained] CF,"[468, 710, 734, 740, 750]",3.443,3.397,ResOve,[Pretrained] CF ResOve,0.111,0,0.111,752,29,0.0,5,0.7229999999999999,0.04600000000000026,0.5
749,feature_0 > 0.26 AND feature_1 > 1.06 AND feature_1 > 1.463 AND feature_0 > 0.557 AND feature_2 <= 0.652 AND feature_7 > -0.835 AND feature_0 > 0.767 AND feature_9 > 0.059,"{'feature_0': (0.767, 3.845), 'feature_1': (1.463, 3.852), 'feature_2': (-3.74, 0.652), 'feature_7': (-0.835, 3.492), 'feature_9': (0.059, 3.767)}",5,2.803,8,[Pretrained] CF,"[468, 710, 734, 740, 741, 745, 747]",3.309,3.314,ResOve,[Pretrained] CF ResOve,0.111,0,0.111,752,34,0.0,5,0.5060000000000002,0.004999999999999893,0.5
748,feature_0 > 0.26 AND feature_1 > 1.06 AND feature_1 > 1.463 AND feature_0 > 0.557 AND feature_2 <= 0.652 AND feature_7 > -0.835 AND feature_0 > 0.767 AND feature_9 <= 0.059,"{'feature_0': (0.767, 3.845), 'feature_1': (1.463, 3.852), 'feature_2': (-3.74, 0.652), 'feature_7': (-0.835, 3.492), 'feature_9': (-3.581, 0.059)}",5,2.879,8,[Pretrained] CF,"[468, 710, 734, 740, 741, 745, 747]",3.155,3.146,ResOve,[Pretrained] CF ResOve,0.111,0,0.111,752,36,0.0,5,0.2759999999999998,0.008999999999999897,0.5
742,feature_0 > 0.26 AND feature_1 > 1.06 AND feature_1 > 1.463 AND feature_0 > 0.557 AND feature_2 <= 0.652 AND feature_7 <= -0.835,"{'feature_0': (0.557, 3.845), 'feature_1': (1.463, 3.852), 'feature_2': (-3.74, 0.652), 'feature_7': (-3.746, -0.835)}",4,2.959,6,[Pretrained] CF,"[468, 710, 734, 740, 741]",3.114,3.094,ResOve,[Pretrained] CF ResOve,0.111,0,0.111,752,36,0.0,5,0.1549999999999998,0.020000000000000018,0.5
723,feature_0 > 0.26 AND feature_1 > 1.06 AND feature_1 <= 1.463 AND feature_0 > 0.763 AND feature_2 <= 0.453 AND feature_7 <= -0.169,"{'feature_0': (0.763, 3.845), 'feature_1': (1.06, 1.463), 'feature_2': (-3.74, 0.453), 'feature_7': (-3.746, -0.169)}",4,2.674,6,[Pretrained] CF,"[468, 710, 711, 721, 722]",2.878,2.885,ResOve,[Pretrained] CF ResOve,0.111,0,0.111,752,52,0.0,5,0.20400000000000018,0.006999999999999673,0.5
742,feature_0 > 0.26 AND feature_1 > 1.06 AND feature_1 > 1.463 AND feature_0 > 0.557 AND feature_2 <= 0.652 AND feature_7 <= -0.835,"{'feature_0': (0.557, 3.845), 'feature_1': (1.463, 3.852), 'feature_2': (-3.74, 0.652), 'feature_7': (-3.746, -0.835)}",4,2.959,6,[Pretrained] CF,"[468, 710, 734, 740, 741]",3.114,3.094,NoOve,[Pretrained] CF NoOve,0.009,0,0.009,752,36,0.0,5,0.1549999999999998,0.020000000000000018,0.5
745,feature_0 > 0.26 AND feature_1 > 1.06 AND feature_1 > 1.463 AND feature_0 > 0.557 AND feature_2 <= 0.652 AND feature_7 > -0.835,"{'feature_0': (0.557, 3.845), 'feature_1': (1.463, 3.852), 'feature_2': (-3.74, 0.652), 'feature_7': (-0.835, 3.492)}",4,2.804,6,[Pretrained] CF,"[468, 710, 734, 740, 741]",3.046,3.056,NoOve,[Pretrained] CF NoOve,0.009,0,0.009,752,100,0.0,5,0.242,0.010000000000000231,0.5
752,feature_0 > 0.26 AND feature_1 > 1.06 AND feature_1 > 1.463 AND feature_0 > 0.557 AND feature_2 > 0.652 AND feature_1 > 1.686,"{'feature_0': (0.557, 3.845), 'feature_1': (1.686, 3.852), 'feature_2': (0.652, 4.02)}",3,2.72,6,[Pretrained] CF,"[468, 710, 734, 740, 750]",3.443,3.397,NoOve,[Pretrained] CF NoOve,0.009,0,0.009,752,29,0.0,5,0.7229999999999999,0.04600000000000026,0.5
723,feature_0 > 0.26 AND feature_1 > 1.06 AND feature_1 <= 1.463 AND feature_0 > 0.763 AND feature_2 <= 0.453 AND feature_7 <= -0.169,"{'feature_0': (0.763, 3.845), 'feature_1': (1.06, 1.463), 'feature_2': (-3.74, 0.453), 'feature_7': (-3.746, -0.169)}",4,2.674,6,[Pretrained] CF,"[468, 710, 711, 721, 722]",2.878,2.885,NoOve,[Pretrained] CF NoOve,0.009,0,0.009,752,52,0.0,5,0.20400000000000018,0.006999999999999673,0.5
739,feature_0 > 0.26 AND feature_1 > 1.06 AND feature_1 > 1.463 AND feature_0 <= 0.557 AND feature_0 > 0.352 AND feature_1 > 1.661,"{'feature_0': (0.352, 0.557), 'feature_1': (1.661, 3.852)}",2,2.668,6,[Pretrained] CF,"[468, 710, 734, 735, 737]",2.549,2.529,NoOve,[Pretrained] CF NoOve,0.009,0,0.009,752,28,0.0,5,0.11900000000000022,0.020000000000000018,0.5
740,feature_0 > 0.26 AND feature_1 > 1.06 AND feature_1 > 1.463 AND feature_0 > 0.557,"{'feature_0': (0.557, 3.845), 'feature_1': (1.463, 3.852)}",2,2.805,4,[Pretrained] CF,"[468, 710, 734]",3.116,3.196,OptRes,[Pretrained] CF OptRes,0.022,0,0.022,752,26,0.0883128295254833,5,0.31099999999999994,0.08000000000000007,0.1
710,feature_0 > 0.26 AND feature_1 > 1.06,"{'feature_0': (0.26, 3.845), 'feature_1': (1.06, 3.852)}",2,2.521,2,[Pretrained] CF,[468],2.66,2.733,OptRes,[Pretrained] CF OptRes,0.022,0,0.022,752,64,0.0883128295254833,5,0.13900000000000023,0.07299999999999995,0.1
659,feature_0 > 0.26 AND feature_1 <= 1.06 AND feature_0 > 0.8 AND feature_1 > 0.12,"{'feature_0': (0.8, 3.845), 'feature_1': (0.12, 1.06)}",2,2.063,4,[Pretrained] CF,"[468, 469, 583]",2.386,2.278,OptRes,[Pretrained] CF OptRes,0.022,0,0.022,752,70,0.10373134328358209,5,0.32299999999999995,0.1080000000000001,0.1
672,feature_0 > 0.26 AND feature_1 <= 1.06 AND feature_0 > 0.8 AND feature_1 > 0.12 AND feature_0 <= 1.421 AND feature_1 > 0.367,"{'feature_0': (0.8, 1.421), 'feature_1': (0.367, 1.06)}",2,2.016,6,[Pretrained] CF,"[468, 469, 583, 659, 660]",2.167,2.183,OptRes,[Pretrained] CF OptRes,0.022,0,0.022,752,39,0.10373134328358209,5,0.1509999999999998,0.016000000000000014,0.1
632,feature_0 > 0.26 AND feature_1 <= 1.06 AND feature_0 > 0.8 AND feature_1 <= 0.12 AND feature_0 > 1.512,"{'feature_0': (1.512, 3.845), 'feature_1': (-3.98, 0.12)}",2,1.929,5,[Pretrained] CF,"[468, 469, 583, 584]",2.384,2.436,OptRes,[Pretrained] CF OptRes,0.022,0,0.022,752,32,0.0,5,0.45499999999999985,0.052000000000000046,0.1
740,feature_0 > 0.26 AND feature_1 > 1.06 AND feature_1 > 1.463 AND feature_0 > 0.557,"{'feature_0': (0.557, 3.845), 'feature_1': (1.463, 3.852)}",2,2.805,4,[Pretrained] CF,"[468, 710, 734]",3.116,3.196,ResOve,[Pretrained] CF ResOve,0.147,0,0.147,752,26,0.2723787635914174,5,0.31099999999999994,0.08000000000000007,0.1
734,feature_0 > 0.26 AND feature_1 > 1.06 AND feature_1 > 1.463,"{'feature_0': (0.26, 3.845), 'feature_1': (1.463, 3.852)}",2,2.726,3,[Pretrained] CF,"[468, 710]",2.916,2.926,ResOve,[Pretrained] CF ResOve,0.147,0,0.147,752,38,0.3040132099886054,5,0.18999999999999995,0.010000000000000231,0.1
711,feature_0 > 0.26 AND feature_1 > 1.06 AND feature_1 <= 1.463,"{'feature_0': (0.26, 3.845), 'feature_1': (1.06, 1.463)}",2,2.332,3,[Pretrained] CF,"[468, 710]",2.423,2.451,ResOve,[Pretrained] CF ResOve,0.147,0,0.147,752,26,0.13005272407732865,5,0.09100000000000019,0.028000000000000025,0.1
710,feature_0 > 0.26 AND feature_1 > 1.06,"{'feature_0': (0.26, 3.845), 'feature_1': (1.06, 3.852)}",2,2.521,2,[Pretrained] CF,[468],2.66,2.733,ResOve,[Pretrained] CF ResOve,0.147,0,0.147,752,64,0.3383128295254833,5,0.13900000000000023,0.07299999999999995,0.1
659,feature_0 > 0.26 AND feature_1 <= 1.06 AND feature_0 > 0.8 AND feature_1 > 0.12,"{'feature_0': (0.8, 3.845), 'feature_1': (0.12, 1.06)}",2,2.063,4,[Pretrained] CF,"[468, 469, 583]",2.386,2.278,ResOve,[Pretrained] CF ResOve,0.147,0,0.147,752,70,0.0,5,0.32299999999999995,0.1080000000000001,0.1
740,feature_0 > 0.26 AND feature_1 > 1.06 AND feature_1 > 1.463 AND feature_0 > 0.557,"{'feature_0': (0.557, 3.845), 'feature_1': (1.463, 3.852)}",2,2.805,4,[Pretrained] CF,"[468, 710, 734]",3.116,3.196,NoOve,[Pretrained] CF NoOve,0.117,0,0.117,752,26,0.0,5,0.31099999999999994,0.08000000000000007,0.1
659,feature_0 > 0.26 AND feature_1 <= 1.06 AND feature_0 > 0.8 AND feature_1 > 0.12,"{'feature_0': (0.8, 3.845), 'feature_1': (0.12, 1.06)}",2,2.063,4,[Pretrained] CF,"[468, 469, 583]",2.386,2.278,NoOve,[Pretrained] CF NoOve,0.117,0,0.117,752,70,0.0,5,0.32299999999999995,0.1080000000000001,0.1
584,feature_0 > 0.26 AND feature_1 <= 1.06 AND feature_0 > 0.8 AND feature_1 <= 0.12,"{'feature_0': (0.8, 3.845), 'feature_1': (-3.98, 0.12)}",2,1.739,4,[Pretrained] CF,"[468, 469, 583]",1.806,1.766,NoOve,[Pretrained] CF NoOve,0.117,0,0.117,752,116,0.0,5,0.06699999999999995,0.040000000000000036,0.1
447,feature_0 <= 0.26 AND feature_0 > -0.366 AND feature_1 > 0.892 AND feature_1 > 1.283,"{'feature_0': (-0.366, 0.26), 'feature_1': (1.283, 3.852)}",2,1.544,4,[Pretrained] CF,"[1, 275, 431]",1.888,1.975,NoOve,[Pretrained] CF NoOve,0.117,0,0.117,752,40,0.0,5,0.34399999999999986,0.08700000000000019,0.1
546,feature_0 > 0.26 AND feature_1 <= 1.06 AND feature_0 <= 0.8 AND feature_1 > 0.2,"{'feature_0': (0.26, 0.8), 'feature_1': (0.2, 1.06)}",2,1.47,4,[Pretrained] CF,"[468, 469, 470]",1.552,1.551,NoOve,[Pretrained] CF NoOve,0.117,0,0.117,752,55,0.0,5,0.08200000000000007,0.001000000000000112,0.1
742,feature_0 > 0.26 AND feature_1 > 1.06 AND feature_1 > 1.463 AND feature_0 > 0.557 AND feature_2 <= 0.652 AND feature_7 <= -0.835,"{'feature_0': (0.557, 3.845), 'feature_1': (1.463, 3.852), 'feature_2': (-3.74, 0.652), 'feature_7': (-3.746, -0.835)}",4,2.959,6,[Pretrained] CF,"[468, 710, 734, 740, 741]",3.114,3.115,OptRes,[Pretrained] CF OptRes,0.008,0,0.008,752,39,0.06756756756756757,5,0.1549999999999998,0.001000000000000334,0.2
748,feature_0 > 0.26 AND feature_1 > 1.06 AND feature_1 > 1.463 AND feature_0 > 0.557 AND feature_2 <= 0.652 AND feature_7 > -0.835 AND feature_0 > 0.767 AND feature_9 <= 0.059,"{'feature_0': (0.767, 3.845), 'feature_1': (1.463, 3.852), 'feature_2': (-3.74, 0.652), 'feature_7': (-0.835, 3.492), 'feature_9': (-3.581, 0.059)}",5,2.879,8,[Pretrained] CF,"[468, 710, 734, 740, 741, 745, 747]",3.155,3.122,OptRes,[Pretrained] CF OptRes,0.008,0,0.008,752,34,0.06418918918918919,5,0.2759999999999998,0.03299999999999992,0.2
741,feature_0 > 0.26 AND feature_1 > 1.06 AND feature_1 > 1.463 AND feature_0 > 0.557 AND feature_2 <= 0.652,"{'feature_0': (0.557, 3.845), 'feature_1': (1.463, 3.852), 'feature_2': (-3.74, 0.652)}",3,2.846,5,[Pretrained] CF,"[468, 710, 734, 740]",3.064,3.061,OptRes,[Pretrained] CF OptRes,0.008,0,0.008,752,136,0.25,5,0.21799999999999997,0.0030000000000001137,0.2
749,feature_0 > 0.26 AND feature_1 > 1.06 AND feature_1 > 1.463 AND feature_0 > 0.557 AND feature_2 <= 0.652 AND feature_7 > -0.835 AND feature_0 > 0.767 AND feature_9 > 0.059,"{'feature_0': (0.767, 3.845), 'feature_1': (1.463, 3.852), 'feature_2': (-3.74, 0.652), 'feature_7': (-0.835, 3.492), 'feature_9': (0.059, 3.767)}",5,2.803,8,[Pretrained] CF,"[468, 710, 734, 740, 741, 745, 747]",3.309,3.287,OptRes,[Pretrained] CF OptRes,0.008,0,0.008,752,33,0.05912162162162162,5,0.5060000000000002,0.02200000000000024,0.2
746,feature_0 > 0.26 AND feature_1 > 1.06 AND feature_1 > 1.463 AND feature_0 > 0.557 AND feature_2 <= 0.652 AND feature_7 > -0.835 AND feature_0 <= 0.767,"{'feature_0': (0.557, 0.767), 'feature_1': (1.463, 3.852), 'feature_2': (-3.74, 0.652), 'feature_7': (-0.835, 3.492)}",4,2.722,7,[Pretrained] CF,"[468, 710, 734, 740, 741, 745]",2.664,2.672,OptRes,[Pretrained] CF OptRes,0.008,0,0.008,752,30,0.05912162162162162,5,0.05799999999999983,0.008000000000000007,0.2
749,feature_0 > 0.26 AND feature_1 > 1.06 AND feature_1 > 1.463 AND feature_0 > 0.557 AND feature_2 <= 0.652 AND feature_7 > -0.835 AND feature_0 > 0.767 AND feature_9 > 0.059,"{'feature_0': (0.767, 3.845), 'feature_1': (1.463, 3.852), 'feature_2': (-3.74, 0.652), 'feature_7': (-0.835, 3.492), 'feature_9': (0.059, 3.767)}",5,2.803,8,[Pretrained] CF,"[468, 710, 734, 740, 741, 745, 747]",3.309,3.287,ResOve,[Pretrained] CF ResOve,0.112,0,0.112,752,33,0.0,5,0.5060000000000002,0.02200000000000024,0.2
748,feature_0 > 0.26 AND feature_1 > 1.06 AND feature_1 > 1.463 AND feature_0 > 0.557 AND feature_2 <= 0.652 AND feature_7 > -0.835 AND feature_0 > 0.767 AND feature_9 <= 0.059,"{'feature_0': (0.767, 3.845), 'feature_1': (1.463, 3.852), 'feature_2': (-3.74, 0.652), 'feature_7': (-0.835, 3.492), 'feature_9': (-3.581, 0.059)}",5,2.879,8,[Pretrained] CF,"[468, 710, 734, 740, 741, 745, 747]",3.155,3.122,ResOve,[Pretrained] CF ResOve,0.112,0,0.112,752,34,0.0,5,0.2759999999999998,0.03299999999999992,0.2
746,feature_0 > 0.26 AND feature_1 > 1.06 AND feature_1 > 1.463 AND feature_0 > 0.557 AND feature_2 <= 0.652 AND feature_7 > -0.835 AND feature_0 <= 0.767,"{'feature_0': (0.557, 0.767), 'feature_1': (1.463, 3.852), 'feature_2': (-3.74, 0.652), 'feature_7': (-0.835, 3.492)}",4,2.722,7,[Pretrained] CF,"[468, 710, 734, 740, 741, 745]",2.664,2.672,ResOve,[Pretrained] CF ResOve,0.112,0,0.112,752,30,0.0,5,0.05799999999999983,0.008000000000000007,0.2
742,feature_0 > 0.26 AND feature_1 > 1.06 AND feature_1 > 1.463 AND feature_0 > 0.557 AND feature_2 <= 0.652 AND feature_7 <= -0.835,"{'feature_0': (0.557, 3.845), 'feature_1': (1.463, 3.852), 'feature_2': (-3.74, 0.652), 'feature_7': (-3.746, -0.835)}",4,2.959,6,[Pretrained] CF,"[468, 710, 734, 740, 741]",3.114,3.115,ResOve,[Pretrained] CF ResOve,0.112,0,0.112,752,39,0.0,5,0.1549999999999998,0.001000000000000334,0.2
723,feature_0 > 0.26 AND feature_1 > 1.06 AND feature_1 <= 1.463 AND feature_0 > 0.763 AND feature_2 <= 0.453 AND feature_7 <= -0.169,"{'feature_0': (0.763, 3.845), 'feature_1': (1.06, 1.463), 'feature_2': (-3.74, 0.453), 'feature_7': (-3.746, -0.169)}",4,2.674,6,[Pretrained] CF,"[468, 710, 711, 721, 722]",2.878,2.868,ResOve,[Pretrained] CF ResOve,0.112,0,0.112,752,54,0.0,5,0.20400000000000018,0.010000000000000231,0.2
742,feature_0 > 0.26 AND feature_1 > 1.06 AND feature_1 > 1.463 AND feature_0 > 0.557 AND feature_2 <= 0.652 AND feature_7 <= -0.835,"{'feature_0': (0.557, 3.845), 'feature_1': (1.463, 3.852), 'feature_2': (-3.74, 0.652), 'feature_7': (-3.746, -0.835)}",4,2.959,6,[Pretrained] CF,"[468, 710, 734, 740, 741]",3.114,3.115,NoOve,[Pretrained] CF NoOve,0.019,0,0.019,752,39,0.0,5,0.1549999999999998,0.001000000000000334,0.2
745,feature_0 > 0.26 AND feature_1 > 1.06 AND feature_1 > 1.463 AND feature_0 > 0.557 AND feature_2 <= 0.652 AND feature_7 > -0.835,"{'feature_0': (0.557, 3.845), 'feature_1': (1.463, 3.852), 'feature_2': (-3.74, 0.652), 'feature_7': (-0.835, 3.492)}",4,2.804,6,[Pretrained] CF,"[468, 710, 734, 740, 741]",3.046,3.039,NoOve,[Pretrained] CF NoOve,0.019,0,0.019,752,97,0.0,5,0.242,0.006999999999999673,0.2
723,feature_0 > 0.26 AND feature_1 > 1.06 AND feature_1 <= 1.463 AND feature_0 > 0.763 AND feature_2 <= 0.453 AND feature_7 <= -0.169,"{'feature_0': (0.763, 3.845), 'feature_1': (1.06, 1.463), 'feature_2': (-3.74, 0.453), 'feature_7': (-3.746, -0.169)}",4,2.674,6,[Pretrained] CF,"[468, 710, 711, 721, 722]",2.878,2.868,NoOve,[Pretrained] CF NoOve,0.019,0,0.019,752,54,0.0,5,0.20400000000000018,0.010000000000000231,0.2
726,feature_0 > 0.26 AND feature_1 > 1.06 AND feature_1 <= 1.463 AND feature_0 > 0.763 AND feature_2 <= 0.453 AND feature_7 > -0.169,"{'feature_0': (0.763, 3.845), 'feature_1': (1.06, 1.463), 'feature_2': (-3.74, 0.453), 'feature_7': (-0.169, 3.492)}",4,2.484,6,[Pretrained] CF,"[468, 710, 711, 721, 722]",2.676,2.666,NoOve,[Pretrained] CF NoOve,0.019,0,0.019,752,49,0.0,5,0.19200000000000017,0.010000000000000231,0.2
703,feature_0 > 0.26 AND feature_1 <= 1.06 AND feature_0 > 0.8 AND feature_1 > 0.12 AND feature_0 > 1.421 AND feature_4 > 0.123,"{'feature_0': (1.421, 3.845), 'feature_1': (0.12, 1.06), 'feature_4': (0.123, 3.804)}",3,2.337,6,[Pretrained] CF,"[468, 469, 583, 659, 693]",2.834,2.822,NoOve,[Pretrained] CF NoOve,0.019,0,0.019,752,77,0.0,5,0.4969999999999999,0.01200000000000001,0.2
653,feature_0 > 0.26 AND feature_1 <= 1.06 AND feature_0 > 0.8 AND feature_1 <= 0.12 AND feature_0 > 1.512 AND feature_4 > -0.038 AND feature_3 > -0.585 AND feature_5 > -0.604 AND feature_1 <= -0.641,"{'feature_0': (1.512, 3.845), 'feature_1': (-3.98, -0.641), 'feature_4': (-0.038, 3.804), 'feature_3': (-0.585, 4.242), 'feature_5': (-0.604, 3.687)}",5,1.879,9,[Pretrained] CF,"[468, 469, 583, 584, 632, 644, 648, 652]",2.218,2.218,OptRes,[Pretrained] CF OptRes,0.004,0,0.004,752,44,0.0,5,0.33899999999999997,0.0,0.3
629,feature_0 > 0.26 AND feature_1 <= 1.06 AND feature_0 > 0.8 AND feature_1 <= 0.12 AND feature_0 <= 1.512 AND feature_3 > -0.812 AND feature_4 > 0.62 AND feature_0 > 1.073 AND feature_1 <= -0.45 AND feature_9 <= 0.338,"{'feature_0': (1.073, 1.512), 'feature_1': (-3.98, -0.45), 'feature_3': (-0.812, 4.242), 'feature_4': (0.62, 3.804), 'feature_9': (-3.581, 0.338)}",5,1.79,10,[Pretrained] CF,"[468, 469, 583, 584, 585, 597, 623, 627, 628]",1.56,1.56,OptRes,[Pretrained] CF OptRes,0.004,0,0.004,752,32,0.0,5,0.22999999999999998,0.0,0.3
630,feature_0 > 0.26 AND feature_1 <= 1.06 AND feature_0 > 0.8 AND feature_1 <= 0.12 AND feature_0 <= 1.512 AND feature_3 > -0.812 AND feature_4 > 0.62 AND feature_0 > 1.073 AND feature_1 <= -0.45 AND feature_9 > 0.338,"{'feature_0': (1.073, 1.512), 'feature_1': (-3.98, -0.45), 'feature_3': (-0.812, 4.242), 'feature_4': (0.62, 3.804), 'feature_9': (0.338, 3.767)}",5,1.681,10,[Pretrained] CF,"[468, 469, 583, 584, 585, 597, 623, 627, 628]",1.563,1.563,OptRes,[Pretrained] CF OptRes,0.004,0,0.004,752,22,0.0,5,0.1180000000000001,0.0,0.3
608,feature_0 > 0.26 AND feature_1 <= 1.06 AND feature_0 > 0.8 AND feature_1 <= 0.12 AND feature_0 <= 1.512 AND feature_3 > -0.812 AND feature_4 <= 0.62 AND feature_1 <= -0.293 AND feature_9 > -0.294 AND feature_1 <= -1.529,"{'feature_0': (0.8, 1.512), 'feature_1': (-3.98, -1.529), 'feature_3': (-0.812, 4.242), 'feature_4': (-3.533, 0.62), 'feature_9': (-0.294, 3.767)}",5,1.356,10,[Pretrained] CF,"[468, 469, 583, 584, 585, 597, 598, 599, 607]",1.261,1.261,OptRes,[Pretrained] CF OptRes,0.004,0,0.004,752,35,0.0,5,0.0950000000000002,0.0,0.3
531,feature_0 > 0.26 AND feature_1 <= 1.06 AND feature_0 <= 0.8 AND feature_1 <= 0.2 AND feature_0 > 0.463 AND feature_0 > 0.629 AND feature_4 <= 0.055 AND feature_2 <= 0.811 AND feature_3 > -0.531 AND feature_1 <= -0.476 AND feature_9 <= 0.817,"{'feature_0': (0.629, 0.8), 'feature_1': (-3.98, -0.476), 'feature_4': (-3.533, 0.055), 'feature_2': (-3.74, 0.811), 'feature_3': (-0.531, 4.242), 'feature_9': (-3.581, 0.817)}",6,1.201,11,[Pretrained] CF,"[468, 469, 470, 471, 503, 525, 526, 527, 529, 530]",1.04,1.04,OptRes,[Pretrained] CF OptRes,0.004,0,0.004,752,32,0.0,5,0.16100000000000003,0.0,0.3
655,feature_0 > 0.26 AND feature_1 <= 1.06 AND feature_0 > 0.8 AND feature_1 <= 0.12 AND feature_0 > 1.512 AND feature_4 > -0.038 AND feature_3 > -0.585 AND feature_5 > -0.604 AND feature_1 <= -0.641 AND feature_9 > -0.185,"{'feature_0': (1.512, 3.845), 'feature_1': (-3.98, -0.641), 'feature_4': (-0.038, 3.804), 'feature_3': (-0.585, 4.242), 'feature_5': (-0.604, 3.687), 'feature_9': (-0.185, 3.767)}",6,1.808,10,[Pretrained] CF,"[468, 469, 583, 584, 632, 644, 648, 652, 653]",2.173,2.173,ResOve,[Pretrained] CF ResOve,0.014,0,0.014,752,24,0.13636363636363635,5,0.365,0.0,0.3
653,feature_0 > 0.26 AND feature_1 <= 1.06 AND feature_0 > 0.8 AND feature_1 <= 0.12 AND feature_0 > 1.512 AND feature_4 > -0.038 AND feature_3 > -0.585 AND feature_5 > -0.604 AND feature_1 <= -0.641,"{'feature_0': (1.512, 3.845), 'feature_1': (-3.98, -0.641), 'feature_4': (-0.038, 3.804), 'feature_3': (-0.585, 4.242), 'feature_5': (-0.604, 3.687)}",5,1.879,9,[Pretrained] CF,"[468, 469, 583, 584, 632, 644, 648, 652]",2.218,2.218,ResOve,[Pretrained] CF ResOve,0.014,0,0.014,752,44,0.13636363636363635,5,0.33899999999999997,0.0,0.3
630,feature_0 > 0.26 AND feature_1 <= 1.06 AND feature_0 > 0.8 AND feature_1 <= 0.12 AND feature_0 <= 1.512 AND feature_3 > -0.812 AND feature_4 > 0.62 AND feature_0 > 1.073 AND feature_1 <= -0.45 AND feature_9 > 0.338,"{'feature_0': (1.073, 1.512), 'feature_1': (-3.98, -0.45), 'feature_3': (-0.812, 4.242), 'feature_4': (0.62, 3.804), 'feature_9': (0.338, 3.767)}",5,1.681,10,[Pretrained] CF,"[468, 469, 583, 584, 585, 597, 623, 627, 628]",1.563,1.563,ResOve,[Pretrained] CF ResOve,0.014,0,0.014,752,22,0.10185185185185185,5,0.1180000000000001,0.0,0.3
629,feature_0 > 0.26 AND feature_1 <= 1.06 AND feature_0 > 0.8 AND feature_1 <= 0.12 AND feature_0 <= 1.512 AND feature_3 > -0.812 AND feature_4 > 0.62 AND feature_0 > 1.073 AND feature_1 <= -0.45 AND feature_9 <= 0.338,"{'feature_0': (1.073, 1.512), 'feature_1': (-3.98, -0.45), 'feature_3': (-0.812, 4.242), 'feature_4': (0.62, 3.804), 'feature_9': (-3.581, 0.338)}",5,1.79,10,[Pretrained] CF,"[468, 469, 583, 584, 585, 597, 623, 627, 628]",1.56,1.56,ResOve,[Pretrained] CF ResOve,0.014,0,0.014,752,32,0.14814814814814814,5,0.22999999999999998,0.0,0.3
628,feature_0 > 0.26 AND feature_1 <= 1.06 AND feature_0 > 0.8 AND feature_1 <= 0.12 AND feature_0 <= 1.512 AND feature_3 > -0.812 AND feature_4 > 0.62 AND feature_0 > 1.073 AND feature_1 <= -0.45,"{'feature_0': (1.073, 1.512), 'feature_1': (-3.98, -0.45), 'feature_3': (-0.812, 4.242), 'feature_4': (0.62, 3.804)}",4,1.746,9,[Pretrained] CF,"[468, 469, 583, 584, 585, 597, 623, 627]",1.561,1.561,ResOve,[Pretrained] CF ResOve,0.014,0,0.014,752,54,0.25,5,0.18500000000000005,0.0,0.3
655,feature_0 > 0.26 AND feature_1 <= 1.06 AND feature_0 > 0.8 AND feature_1 <= 0.12 AND feature_0 > 1.512 AND feature_4 > -0.038 AND feature_3 > -0.585 AND feature_5 > -0.604 AND feature_1 <= -0.641 AND feature_9 > -0.185,"{'feature_0': (1.512, 3.845), 'feature_1': (-3.98, -0.641), 'feature_4': (-0.038, 3.804), 'feature_3': (-0.585, 4.242), 'feature_5': (-0.604, 3.687), 'feature_9': (-0.185, 3.767)}",6,1.808,10,[Pretrained] CF,"[468, 469, 583, 584, 632, 644, 648, 652, 653]",2.173,2.173,NoOve,[Pretrained] CF NoOve,0.007,0,0.007,752,24,0.0,5,0.365,0.0,0.3
629,feature_0 > 0.26 AND feature_1 <= 1.06 AND feature_0 > 0.8 AND feature_1 <= 0.12 AND feature_0 <= 1.512 AND feature_3 > -0.812 AND feature_4 > 0.62 AND feature_0 > 1.073 AND feature_1 <= -0.45 AND feature_9 <= 0.338,"{'feature_0': (1.073, 1.512), 'feature_1': (-3.98, -0.45), 'feature_3': (-0.812, 4.242), 'feature_4': (0.62, 3.804), 'feature_9': (-3.581, 0.338)}",5,1.79,10,[Pretrained] CF,"[468, 469, 583, 584, 585, 597, 623, 627, 628]",1.56,1.56,NoOve,[Pretrained] CF NoOve,0.007,0,0.007,752,32,0.0,5,0.22999999999999998,0.0,0.3
630,feature_0 > 0.26 AND feature_1 <= 1.06 AND feature_0 > 0.8 AND feature_1 <= 0.12 AND feature_0 <= 1.512 AND feature_3 > -0.812 AND feature_4 > 0.62 AND feature_0 > 1.073 AND feature_1 <= -0.45 AND feature_9 > 0.338,"{'feature_0': (1.073, 1.512), 'feature_1': (-3.98, -0.45), 'feature_3': (-0.812, 4.242), 'feature_4': (0.62, 3.804), 'feature_9': (0.338, 3.767)}",5,1.681,10,[Pretrained] CF,"[468, 469, 583, 584, 585, 597, 623, 627, 628]",1.563,1.563,NoOve,[Pretrained] CF NoOve,0.007,0,0.007,752,22,0.0,5,0.1180000000000001,0.0,0.3
608,feature_0 > 0.26 AND feature_1 <= 1.06 AND feature_0 > 0.8 AND feature_1 <= 0.12 AND feature_0 <= 1.512 AND feature_3 > -0.812 AND feature_4 <= 0.62 AND feature_1 <= -0.293 AND feature_9 > -0.294 AND feature_1 <= -1.529,"{'feature_0': (0.8, 1.512), 'feature_1': (-3.98, -1.529), 'feature_3': (-0.812, 4.242), 'feature_4': (-3.533, 0.62), 'feature_9': (-0.294, 3.767)}",5,1.356,10,[Pretrained] CF,"[468, 469, 583, 584, 585, 597, 598, 599, 607]",1.261,1.261,NoOve,[Pretrained] CF NoOve,0.007,0,0.007,752,35,0.0,5,0.0950000000000002,0.0,0.3
530,feature_0 > 0.26 AND feature_1 <= 1.06 AND feature_0 <= 0.8 AND feature_1 <= 0.2 AND feature_0 > 0.463 AND feature_0 > 0.629 AND feature_4 <= 0.055 AND feature_2 <= 0.811 AND feature_3 > -0.531 AND feature_1 <= -0.476,"{'feature_0': (0.629, 0.8), 'feature_1': (-3.98, -0.476), 'feature_4': (-3.533, 0.055), 'feature_2': (-3.74, 0.811), 'feature_3': (-0.531, 4.242)}",5,1.173,10,[Pretrained] CF,"[468, 469, 470, 471, 503, 525, 526, 527, 529]",1.031,1.031,NoOve,[Pretrained] CF NoOve,0.007,0,0.007,752,52,0.0,5,0.14200000000000013,0.0,0.3
742,feature_0 > 0.26 AND feature_1 > 1.06 AND feature_1 > 1.463 AND feature_0 > 0.557 AND feature_2 <= 0.652 AND feature_7 <= -0.835,"{'feature_0': (0.557, 3.845), 'feature_1': (1.463, 3.852), 'feature_2': (-3.74, 0.652), 'feature_7': (-3.746, -0.835)}",4,2.959,6,[Pretrained] CF,"[468, 710, 734, 740, 741]",3.114,3.063,OptRes,[Pretrained] CF OptRes,0.007,0,0.007,752,28,0.06756756756756757,5,0.1549999999999998,0.05099999999999971,0.4
748,feature_0 > 0.26 AND feature_1 > 1.06 AND feature_1 > 1.463 AND feature_0 > 0.557 AND feature_2 <= 0.652 AND feature_7 > -0.835 AND feature_0 > 0.767 AND feature_9 <= 0.059,"{'feature_0': (0.767, 3.845), 'feature_1': (1.463, 3.852), 'feature_2': (-3.74, 0.652), 'feature_7': (-0.835, 3.492), 'feature_9': (-3.581, 0.059)}",5,2.879,8,[Pretrained] CF,"[468, 710, 734, 740, 741, 745, 747]",3.155,3.016,OptRes,[Pretrained] CF OptRes,0.007,0,0.007,752,25,0.06418918918918919,5,0.2759999999999998,0.1389999999999998,0.4
741,feature_0 > 0.26 AND feature_1 > 1.06 AND feature_1 > 1.463 AND feature_0 > 0.557 AND feature_2 <= 0.652,"{'feature_0': (0.557, 3.845), 'feature_1': (1.463, 3.852), 'feature_2': (-3.74, 0.652)}",3,2.846,5,[Pretrained] CF,"[468, 710, 734, 740]",3.064,3.04,OptRes,[Pretrained] CF OptRes,0.007,0,0.007,752,115,0.25,5,0.21799999999999997,0.02400000000000002,0.4
749,feature_0 > 0.26 AND feature_1 > 1.06 AND feature_1 > 1.463 AND feature_0 > 0.557 AND feature_2 <= 0.652 AND feature_7 > -0.835 AND feature_0 > 0.767 AND feature_9 > 0.059,"{'feature_0': (0.767, 3.845), 'feature_1': (1.463, 3.852), 'feature_2': (-3.74, 0.652), 'feature_7': (-0.835, 3.492), 'feature_9': (0.059, 3.767)}",5,2.803,8,[Pretrained] CF,"[468, 710, 734, 740, 741, 745, 747]",3.309,3.309,OptRes,[Pretrained] CF OptRes,0.007,0,0.007,752,35,0.05912162162162162,5,0.5060000000000002,0.0,0.4
746,feature_0 > 0.26 AND feature_1 > 1.06 AND feature_1 > 1.463 AND feature_0 > 0.557 AND feature_2 <= 0.652 AND feature_7 > -0.835 AND feature_0 <= 0.767,"{'feature_0': (0.557, 0.767), 'feature_1': (1.463, 3.852), 'feature_2': (-3.74, 0.652), 'feature_7': (-0.835, 3.492)}",4,2.722,7,[Pretrained] CF,"[468, 710, 734, 740, 741, 745]",2.664,2.689,OptRes,[Pretrained] CF OptRes,0.007,0,0.007,752,27,0.05912162162162162,5,0.05799999999999983,0.02499999999999991,0.4
752,feature_0 > 0.26 AND feature_1 > 1.06 AND feature_1 > 1.463 AND feature_0 > 0.557 AND feature_2 > 0.652 AND feature_1 > 1.686,"{'feature_0': (0.557, 3.845), 'feature_1': (1.686, 3.852), 'feature_2': (0.652, 4.02)}",3,2.72,6,[Pretrained] CF,"[468, 710, 734, 740, 750]",3.443,3.459,ResOve,[Pretrained] CF ResOve,0.109,0,0.109,752,28,0.0,5,0.7229999999999999,0.016000000000000014,0.4
749,feature_0 > 0.26 AND feature_1 > 1.06 AND feature_1 > 1.463 AND feature_0 > 0.557 AND feature_2 <= 0.652 AND feature_7 > -0.835 AND feature_0 > 0.767 AND feature_9 > 0.059,"{'feature_0': (0.767, 3.845), 'feature_1': (1.463, 3.852), 'feature_2': (-3.74, 0.652), 'feature_7': (-0.835, 3.492), 'feature_9': (0.059, 3.767)}",5,2.803,8,[Pretrained] CF,"[468, 710, 734, 740, 741, 745, 747]",3.309,3.309,ResOve,[Pretrained] CF ResOve,0.109,0,0.109,752,35,0.0,5,0.5060000000000002,0.0,0.4
748,feature_0 > 0.26 AND feature_1 > 1.06 AND feature_1 > 1.463 AND feature_0 > 0.557 AND feature_2 <= 0.652 AND feature_7 > -0.835 AND feature_0 > 0.767 AND feature_9 <= 0.059,"{'feature_0': (0.767, 3.845), 'feature_1': (1.463, 3.852), 'feature_2': (-3.74, 0.652), 'feature_7': (-0.835, 3.492), 'feature_9': (-3.581, 0.059)}",5,2.879,8,[Pretrained] CF,"[468, 710, 734, 740, 741, 745, 747]",3.155,3.016,ResOve,[Pretrained] CF ResOve,0.109,0,0.109,752,25,0.0,5,0.2759999999999998,0.1389999999999998,0.4
742,feature_0 > 0.26 AND feature_1 > 1.06 AND feature_1 > 1.463 AND feature_0 > 0.557 AND feature_2 <= 0.652 AND feature_7 <= -0.835,"{'feature_0': (0.557, 3.845), 'feature_1': (1.463, 3.852), 'feature_2': (-3.74, 0.652), 'feature_7': (-3.746, -0.835)}",4,2.959,6,[Pretrained] CF,"[468, 710, 734, 740, 741]",3.114,3.063,ResOve,[Pretrained] CF ResOve,0.109,0,0.109,752,28,0.0,5,0.1549999999999998,0.05099999999999971,0.4
723,feature_0 > 0.26 AND feature_1 > 1.06 AND feature_1 <= 1.463 AND feature_0 > 0.763 AND feature_2 <= 0.453 AND feature_7 <= -0.169,"{'feature_0': (0.763, 3.845), 'feature_1': (1.06, 1.463), 'feature_2': (-3.74, 0.453), 'feature_7': (-3.746, -0.169)}",4,2.674,6,[Pretrained] CF,"[468, 710, 711, 721, 722]",2.878,2.913,ResOve,[Pretrained] CF ResOve,0.109,0,0.109,752,43,0.0,5,0.20400000000000018,0.0349999999999997,0.4
742,feature_0 > 0.26 AND feature_1 > 1.06 AND feature_1 > 1.463 AND feature_0 > 0.557 AND feature_2 <= 0.652 AND feature_7 <= -0.835,"{'feature_0': (0.557, 3.845), 'feature_1': (1.463, 3.852), 'feature_2': (-3.74, 0.652), 'feature_7': (-3.746, -0.835)}",4,2.959,6,[Pretrained] CF,"[468, 710, 734, 740, 741]",3.114,3.063,NoOve,[Pretrained] CF NoOve,0.011,0,0.011,752,28,0.0,5,0.1549999999999998,0.05099999999999971,0.4
745,feature_0 > 0.26 AND feature_1 > 1.06 AND feature_1 > 1.463 AND feature_0 > 0.557 AND feature_2 <= 0.652 AND feature_7 > -0.835,"{'feature_0': (0.557, 3.845), 'feature_1': (1.463, 3.852), 'feature_2': (-3.74, 0.652), 'feature_7': (-0.835, 3.492)}",4,2.804,6,[Pretrained] CF,"[468, 710, 734, 740, 741]",3.046,3.032,NoOve,[Pretrained] CF NoOve,0.011,0,0.011,752,87,0.0,5,0.242,0.01399999999999979,0.4
752,feature_0 > 0.26 AND feature_1 > 1.06 AND feature_1 > 1.463 AND feature_0 > 0.557 AND feature_2 > 0.652 AND feature_1 > 1.686,"{'feature_0': (0.557, 3.845), 'feature_1': (1.686, 3.852), 'feature_2': (0.652, 4.02)}",3,2.72,6,[Pretrained] CF,"[468, 710, 734, 740, 750]",3.443,3.459,NoOve,[Pretrained] CF NoOve,0.011,0,0.011,752,28,0.0,5,0.7229999999999999,0.016000000000000014,0.4
723,feature_0 > 0.26 AND feature_1 > 1.06 AND feature_1 <= 1.463 AND feature_0 > 0.763 AND feature_2 <= 0.453 AND feature_7 <= -0.169,"{'feature_0': (0.763, 3.845), 'feature_1': (1.06, 1.463), 'feature_2': (-3.74, 0.453), 'feature_7': (-3.746, -0.169)}",4,2.674,6,[Pretrained] CF,"[468, 710, 711, 721, 722]",2.878,2.913,NoOve,[Pretrained] CF NoOve,0.011,0,0.011,752,43,0.0,5,0.20400000000000018,0.0349999999999997,0.4
739,feature_0 > 0.26 AND feature_1 > 1.06 AND feature_1 > 1.463 AND feature_0 <= 0.557 AND feature_0 > 0.352 AND feature_1 > 1.661,"{'feature_0': (0.352, 0.557), 'feature_1': (1.661, 3.852)}",2,2.668,6,[Pretrained] CF,"[468, 710, 734, 735, 737]",2.549,2.545,NoOve,[Pretrained] CF NoOve,0.011,0,0.011,752,24,0.0,5,0.11900000000000022,0.0040000000000000036,0.4
742,feature_0 > 0.26 AND feature_1 > 1.06 AND feature_1 > 1.463 AND feature_0 > 0.557 AND feature_2 <= 0.652 AND feature_7 <= -0.835,"{'feature_0': (0.557, 3.845), 'feature_1': (1.463, 3.852), 'feature_2': (-3.74, 0.652), 'feature_7': (-3.746, -0.835)}",4,2.959,6,[Pretrained] CF,"[468, 710, 734, 740, 741]",3.114,3.125,OptRes,[Pretrained] CF OptRes,0.008,0,0.008,752,35,0.06756756756756757,5,0.1549999999999998,0.01100000000000012,0.5
748,feature_0 > 0.26 AND feature_1 > 1.06 AND feature_1 > 1.463 AND feature_0 > 0.557 AND feature_2 <= 0.652 AND feature_7 > -0.835 AND feature_0 > 0.767 AND feature_9 <= 0.059,"{'feature_0': (0.767, 3.845), 'feature_1': (1.463, 3.852), 'feature_2': (-3.74, 0.652), 'feature_7': (-0.835, 3.492), 'feature_9': (-3.581, 0.059)}",5,2.879,8,[Pretrained] CF,"[468, 710, 734, 740, 741, 745, 747]",3.155,3.066,OptRes,[Pretrained] CF OptRes,0.008,0,0.008,752,31,0.06418918918918919,5,0.2759999999999998,0.08899999999999997,0.5
741,feature_0 > 0.26 AND feature_1 > 1.06 AND feature_1 > 1.463 AND feature_0 > 0.557 AND feature_2 <= 0.652,"{'feature_0': (0.557, 3.845), 'feature_1': (1.463, 3.852), 'feature_2': (-3.74, 0.652)}",3,2.846,5,[Pretrained] CF,"[468, 710, 734, 740]",3.064,3.05,OptRes,[Pretrained] CF OptRes,0.008,0,0.008,752,133,0.25,5,0.21799999999999997,0.014000000000000234,0.5
749,feature_0 > 0.26 AND feature_1 > 1.06 AND feature_1 > 1.463 AND feature_0 > 0.557 AND feature_2 <= 0.652 AND feature_7 > -0.835 AND feature_0 > 0.767 AND feature_9 > 0.059,"{'feature_0': (0.767, 3.845), 'feature_1': (1.463, 3.852), 'feature_2': (-3.74, 0.652), 'feature_7': (-0.835, 3.492), 'feature_9': (0.059, 3.767)}",5,2.803,8,[Pretrained] CF,"[468, 710, 734, 740, 741, 745, 747]",3.309,3.309,OptRes,[Pretrained] CF OptRes,0.008,0,0.008,752,35,0.05912162162162162,5,0.5060000000000002,0.0,0.5
746,feature_0 > 0.26 AND feature_1 > 1.06 AND feature_1 > 1.463 AND feature_0 > 0.557 AND feature_2 <= 0.652 AND feature_7 > -0.835 AND feature_0 <= 0.767,"{'feature_0': (0.557, 0.767), 'feature_1': (1.463, 3.852), 'feature_2': (-3.74, 0.652), 'feature_7': (-0.835, 3.492)}",4,2.722,7,[Pretrained] CF,"[468, 710, 734, 740, 741, 745]",2.664,2.671,OptRes,[Pretrained] CF OptRes,0.008,0,0.008,752,32,0.05912162162162162,5,0.05799999999999983,0.006999999999999673,0.5
752,feature_0 > 0.26 AND feature_1 > 1.06 AND feature_1 > 1.463 AND feature_0 > 0.557 AND feature_2 > 0.652 AND feature_1 > 1.686,"{'feature_0': (0.557, 3.845), 'feature_1': (1.686, 3.852), 'feature_2': (0.652, 4.02)}",3,2.72,6,[Pretrained] CF,"[468, 710, 734, 740, 750]",3.443,3.456,ResOve,[Pretrained] CF ResOve,0.108,0,0.108,752,30,0.0,5,0.7229999999999999,0.0129999999999999,0.5
748,feature_0 > 0.26 AND feature_1 > 1.06 AND feature_1 > 1.463 AND feature_0 > 0.557 AND feature_2 <= 0.652 AND feature_7 > -0.835 AND feature_0 > 0.767 AND feature_9 <= 0.059,"{'feature_0': (0.767, 3.845), 'feature_1': (1.463, 3.852), 'feature_2': (-3.74, 0.652), 'feature_7': (-0.835, 3.492), 'feature_9': (-3.581, 0.059)}",5,2.879,8,[Pretrained] CF,"[468, 710, 734, 740, 741, 745, 747]",3.155,3.066,ResOve,[Pretrained] CF ResOve,0.108,0,0.108,752,31,0.0,5,0.2759999999999998,0.08899999999999997,0.5
746,feature_0 > 0.26 AND feature_1 > 1.06 AND feature_1 > 1.463 AND feature_0 > 0.557 AND feature_2 <= 0.652 AND feature_7 > -0.835 AND feature_0 <= 0.767,"{'feature_0': (0.557, 0.767), 'feature_1': (1.463, 3.852), 'feature_2': (-3.74, 0.652), 'feature_7': (-0.835, 3.492)}",4,2.722,7,[Pretrained] CF,"[468, 710, 734, 740, 741, 745]",2.664,2.671,ResOve,[Pretrained] CF ResOve,0.108,0,0.108,752,32,0.0,5,0.05799999999999983,0.006999999999999673,0.5
742,feature_0 > 0.26 AND feature_1 > 1.06 AND feature_1 > 1.463 AND feature_0 > 0.557 AND feature_2 <= 0.652 AND feature_7 <= -0.835,"{'feature_0': (0.557, 3.845), 'feature_1': (1.463, 3.852), 'feature_2': (-3.74, 0.652), 'feature_7': (-3.746, -0.835)}",4,2.959,6,[Pretrained] CF,"[468, 710, 734, 740, 741]",3.114,3.125,ResOve,[Pretrained] CF ResOve,0.108,0,0.108,752,35,0.0,5,0.1549999999999998,0.01100000000000012,0.5
723,feature_0 > 0.26 AND feature_1 > 1.06 AND feature_1 <= 1.463 AND feature_0 > 0.763 AND feature_2 <= 0.453 AND feature_7 <= -0.169,"{'feature_0': (0.763, 3.845), 'feature_1': (1.06, 1.463), 'feature_2': (-3.74, 0.453), 'feature_7': (-3.746, -0.169)}",4,2.674,6,[Pretrained] CF,"[468, 710, 711, 721, 722]",2.878,2.922,ResOve,[Pretrained] CF ResOve,0.108,0,0.108,752,48,0.0,5,0.20400000000000018,0.04400000000000004,0.5
742,feature_0 > 0.26 AND feature_1 > 1.06 AND feature_1 > 1.463 AND feature_0 > 0.557 AND feature_2 <= 0.652 AND feature_7 <= -0.835,"{'feature_0': (0.557, 3.845), 'feature_1': (1.463, 3.852), 'feature_2': (-3.74, 0.652), 'feature_7': (-3.746, -0.835)}",4,2.959,6,[Pretrained] CF,"[468, 710, 734, 740, 741]",3.114,3.125,NoOve,[Pretrained] CF NoOve,0.011,0,0.011,752,35,0.0,5,0.1549999999999998,0.01100000000000012,0.5
745,feature_0 > 0.26 AND feature_1 > 1.06 AND feature_1 > 1.463 AND feature_0 > 0.557 AND feature_2 <= 0.652 AND feature_7 > -0.835,"{'feature_0': (0.557, 3.845), 'feature_1': (1.463, 3.852), 'feature_2': (-3.74, 0.652), 'feature_7': (-0.835, 3.492)}",4,2.804,6,[Pretrained] CF,"[468, 710, 734, 740, 741]",3.046,3.024,NoOve,[Pretrained] CF NoOve,0.011,0,0.011,752,98,0.0,5,0.242,0.021999999999999797,0.5
752,feature_0 > 0.26 AND feature_1 > 1.06 AND feature_1 > 1.463 AND feature_0 > 0.557 AND feature_2 > 0.652 AND feature_1 > 1.686,"{'feature_0': (0.557, 3.845), 'feature_1': (1.686, 3.852), 'feature_2': (0.652, 4.02)}",3,2.72,6,[Pretrained] CF,"[468, 710, 734, 740, 750]",3.443,3.456,NoOve,[Pretrained] CF NoOve,0.011,0,0.011,752,30,0.0,5,0.7229999999999999,0.0129999999999999,0.5
723,feature_0 > 0.26 AND feature_1 > 1.06 AND feature_1 <= 1.463 AND feature_0 > 0.763 AND feature_2 <= 0.453 AND feature_7 <= -0.169,"{'feature_0': (0.763, 3.845), 'feature_1': (1.06, 1.463), 'feature_2': (-3.74, 0.453), 'feature_7': (-3.746, -0.169)}",4,2.674,6,[Pretrained] CF,"[468, 710, 711, 721, 722]",2.878,2.922,NoOve,[Pretrained] CF NoOve,0.011,0,0.011,752,48,0.0,5,0.20400000000000018,0.04400000000000004,0.5
739,feature_0 > 0.26 AND feature_1 > 1.06 AND feature_1 > 1.463 AND feature_0 <= 0.557 AND feature_0 > 0.352 AND feature_1 > 1.661,"{'feature_0': (0.352, 0.557), 'feature_1': (1.661, 3.852)}",2,2.668,6,[Pretrained] CF,"[468, 710, 734, 735, 737]",2.549,2.551,NoOve,[Pretrained] CF NoOve,0.011,0,0.011,752,27,0.0,5,0.11900000000000022,0.002000000000000224,0.5
742,feature_0 > 0.26 AND feature_1 > 1.06 AND feature_1 > 1.463 AND feature_0 > 0.557 AND feature_2 <= 0.652 AND feature_7 <= -0.835,"{'feature_0': (0.557, 3.845), 'feature_1': (1.463, 3.852), 'feature_2': (-3.74, 0.652), 'feature_7': (-3.746, -0.835)}",4,2.959,6,[Pretrained] CF,"[468, 710, 734, 740, 741]",3.114,3.114,OptRes,[Pretrained] CF OptRes,0.008,0,0.008,752,40,0.06756756756756757,5,0.1549999999999998,0.0,0.1
748,feature_0 > 0.26 AND feature_1 > 1.06 AND feature_1 > 1.463 AND feature_0 > 0.557 AND feature_2 <= 0.652 AND feature_7 > -0.835 AND feature_0 > 0.767 AND feature_9 <= 0.059,"{'feature_0': (0.767, 3.845), 'feature_1': (1.463, 3.852), 'feature_2': (-3.74, 0.652), 'feature_7': (-0.835, 3.492), 'feature_9': (-3.581, 0.059)}",5,2.879,8,[Pretrained] CF,"[468, 710, 734, 740, 741, 745, 747]",3.155,3.155,OptRes,[Pretrained] CF OptRes,0.008,0,0.008,752,38,0.06418918918918919,5,0.2759999999999998,0.0,0.1
741,feature_0 > 0.26 AND feature_1 > 1.06 AND feature_1 > 1.463 AND feature_0 > 0.557 AND feature_2 <= 0.652,"{'feature_0': (0.557, 3.845), 'feature_1': (1.463, 3.852), 'feature_2': (-3.74, 0.652)}",3,2.846,5,[Pretrained] CF,"[468, 710, 734, 740]",3.064,3.064,OptRes,[Pretrained] CF OptRes,0.008,0,0.008,752,148,0.25,5,0.21799999999999997,0.0,0.1
749,feature_0 > 0.26 AND feature_1 > 1.06 AND feature_1 > 1.463 AND feature_0 > 0.557 AND feature_2 <= 0.652 AND feature_7 > -0.835 AND feature_0 > 0.767 AND feature_9 > 0.059,"{'feature_0': (0.767, 3.845), 'feature_1': (1.463, 3.852), 'feature_2': (-3.74, 0.652), 'feature_7': (-0.835, 3.492), 'feature_9': (0.059, 3.767)}",5,2.803,8,[Pretrained] CF,"[468, 710, 734, 740, 741, 745, 747]",3.309,3.309,OptRes,[Pretrained] CF OptRes,0.008,0,0.008,752,35,0.05912162162162162,5,0.5060000000000002,0.0,0.1
746,feature_0 > 0.26 AND feature_1 > 1.06 AND feature_1 > 1.463 AND feature_0 > 0.557 AND feature_2 <= 0.652 AND feature_7 > -0.835 AND feature_0 <= 0.767,"{'feature_0': (0.557, 0.767), 'feature_1': (1.463, 3.852), 'feature_2': (-3.74, 0.652), 'feature_7': (-0.835, 3.492)}",4,2.722,7,[Pretrained] CF,"[468, 710, 734, 740, 741, 745]",2.664,2.664,OptRes,[Pretrained] CF OptRes,0.008,0,0.008,752,35,0.05912162162162162,5,0.05799999999999983,0.0,0.1
752,feature_0 > 0.26 AND feature_1 > 1.06 AND feature_1 > 1.463 AND feature_0 > 0.557 AND feature_2 > 0.652 AND feature_1 > 1.686,"{'feature_0': (0.557, 3.845), 'feature_1': (1.686, 3.852), 'feature_2': (0.652, 4.02)}",3,2.72,6,[Pretrained] CF,"[468, 710, 734, 740, 750]",3.443,3.443,ResOve,[Pretrained] CF ResOve,0.069,0,0.069,752,32,0.0,5,0.7229999999999999,0.0,0.1
748,feature_0 > 0.26 AND feature_1 > 1.06 AND feature_1 > 1.463 AND feature_0 > 0.557 AND feature_2 <= 0.652 AND feature_7 > -0.835 AND feature_0 > 0.767 AND feature_9 <= 0.059,"{'feature_0': (0.767, 3.845), 'feature_1': (1.463, 3.852), 'feature_2': (-3.74, 0.652), 'feature_7': (-0.835, 3.492), 'feature_9': (-3.581, 0.059)}",5,2.879,8,[Pretrained] CF,"[468, 710, 734, 740, 741, 745, 747]",3.155,3.155,ResOve,[Pretrained] CF ResOve,0.069,0,0.069,752,38,0.0,5,0.2759999999999998,0.0,0.1
746,feature_0 > 0.26 AND feature_1 > 1.06 AND feature_1 > 1.463 AND feature_0 > 0.557 AND feature_2 <= 0.652 AND feature_7 > -0.835 AND feature_0 <= 0.767,"{'feature_0': (0.557, 0.767), 'feature_1': (1.463, 3.852), 'feature_2': (-3.74, 0.652), 'feature_7': (-0.835, 3.492)}",4,2.722,7,[Pretrained] CF,"[468, 710, 734, 740, 741, 745]",2.664,2.664,ResOve,[Pretrained] CF ResOve,0.069,0,0.069,752,35,0.0,5,0.05799999999999983,0.0,0.1
742,feature_0 > 0.26 AND feature_1 > 1.06 AND feature_1 > 1.463 AND feature_0 > 0.557 AND feature_2 <= 0.652 AND feature_7 <= -0.835,"{'feature_0': (0.557, 3.845), 'feature_1': (1.463, 3.852), 'feature_2': (-3.74, 0.652), 'feature_7': (-3.746, -0.835)}",4,2.959,6,[Pretrained] CF,"[468, 710, 734, 740, 741]",3.114,3.114,ResOve,[Pretrained] CF ResOve,0.069,0,0.069,752,40,0.0,5,0.1549999999999998,0.0,0.1
723,feature_0 > 0.26 AND feature_1 > 1.06 AND feature_1 <= 1.463 AND feature_0 > 0.763 AND feature_2 <= 0.453 AND feature_7 <= -0.169,"{'feature_0': (0.763, 3.845), 'feature_1': (1.06, 1.463), 'feature_2': (-3.74, 0.453), 'feature_7': (-3.746, -0.169)}",4,2.674,6,[Pretrained] CF,"[468, 710, 711, 721, 722]",2.878,2.878,ResOve,[Pretrained] CF ResOve,0.069,0,0.069,752,57,0.0,5,0.20400000000000018,0.0,0.1
742,feature_0 > 0.26 AND feature_1 > 1.06 AND feature_1 > 1.463 AND feature_0 > 0.557 AND feature_2 <= 0.652 AND feature_7 <= -0.835,"{'feature_0': (0.557, 3.845), 'feature_1': (1.463, 3.852), 'feature_2': (-3.74, 0.652), 'feature_7': (-3.746, -0.835)}",4,2.959,6,[Pretrained] CF,"[468, 710, 734, 740, 741]",3.114,3.114,NoOve,[Pretrained] CF NoOve,0.009,0,0.009,752,40,0.0,5,0.1549999999999998,0.0,0.1
745,feature_0 > 0.26 AND feature_1 > 1.06 AND feature_1 > 1.463 AND feature_0 > 0.557 AND feature_2 <= 0.652 AND feature_7 > -0.835,"{'feature_0': (0.557, 3.845), 'feature_1': (1.463, 3.852), 'feature_2': (-3.74, 0.652), 'feature_7': (-0.835, 3.492)}",4,2.804,6,[Pretrained] CF,"[468, 710, 734, 740, 741]",3.046,3.046,NoOve,[Pretrained] CF NoOve,0.009,0,0.009,752,108,0.0,5,0.242,0.0,0.1
752,feature_0 > 0.26 AND feature_1 > 1.06 AND feature_1 > 1.463 AND feature_0 > 0.557 AND feature_2 > 0.652 AND feature_1 > 1.686,"{'feature_0': (0.557, 3.845), 'feature_1': (1.686, 3.852), 'feature_2': (0.652, 4.02)}",3,2.72,6,[Pretrained] CF,"[468, 710, 734, 740, 750]",3.443,3.443,NoOve,[Pretrained] CF NoOve,0.009,0,0.009,752,32,0.0,5,0.7229999999999999,0.0,0.1
723,feature_0 > 0.26 AND feature_1 > 1.06 AND feature_1 <= 1.463 AND feature_0 > 0.763 AND feature_2 <= 0.453 AND feature_7 <= -0.169,"{'feature_0': (0.763, 3.845), 'feature_1': (1.06, 1.463), 'feature_2': (-3.74, 0.453), 'feature_7': (-3.746, -0.169)}",4,2.674,6,[Pretrained] CF,"[468, 710, 711, 721, 722]",2.878,2.878,NoOve,[Pretrained] CF NoOve,0.009,0,0.009,752,57,0.0,5,0.20400000000000018,0.0,0.1
739,feature_0 > 0.26 AND feature_1 > 1.06 AND feature_1 > 1.463 AND feature_0 <= 0.557 AND feature_0 > 0.352 AND feature_1 > 1.661,"{'feature_0': (0.352, 0.557), 'feature_1': (1.661, 3.852)}",2,2.668,6,[Pretrained] CF,"[468, 710, 734, 735, 737]",2.549,2.549,NoOve,[Pretrained] CF NoOve,0.009,0,0.009,752,30,0.0,5,0.11900000000000022,0.0,0.1
742,feature_0 > 0.26 AND feature_1 > 1.06 AND feature_1 > 1.463 AND feature_0 > 0.557 AND feature_2 <= 0.652 AND feature_7 <= -0.835,"{'feature_0': (0.557, 3.845), 'feature_1': (1.463, 3.852), 'feature_2': (-3.74, 0.652), 'feature_7': (-3.746, -0.835)}",4,2.959,6,[Pretrained] CF,"[468, 710, 734, 740, 741]",3.114,3.124,OptRes,[Pretrained] CF OptRes,0.008,0,0.008,752,30,0.06756756756756757,5,0.1549999999999998,0.010000000000000231,0.2
748,feature_0 > 0.26 AND feature_1 > 1.06 AND feature_1 > 1.463 AND feature_0 > 0.557 AND feature_2 <= 0.652 AND feature_7 > -0.835 AND feature_0 > 0.767 AND feature_9 <= 0.059,"{'feature_0': (0.767, 3.845), 'feature_1': (1.463, 3.852), 'feature_2': (-3.74, 0.652), 'feature_7': (-0.835, 3.492), 'feature_9': (-3.581, 0.059)}",5,2.879,8,[Pretrained] CF,"[468, 710, 734, 740, 741, 745, 747]",3.155,3.12,OptRes,[Pretrained] CF OptRes,0.008,0,0.008,752,24,0.06418918918918919,5,0.2759999999999998,0.0349999999999997,0.2
741,feature_0 > 0.26 AND feature_1 > 1.06 AND feature_1 > 1.463 AND feature_0 > 0.557 AND feature_2 <= 0.652,"{'feature_0': (0.557, 3.845), 'feature_1': (1.463, 3.852), 'feature_2': (-3.74, 0.652)}",3,2.846,5,[Pretrained] CF,"[468, 710, 734, 740]",3.064,3.057,OptRes,[Pretrained] CF OptRes,0.008,0,0.008,752,102,0.25,5,0.21799999999999997,0.007000000000000117,0.2
749,feature_0 > 0.26 AND feature_1 > 1.06 AND feature_1 > 1.463 AND feature_0 > 0.557 AND feature_2 <= 0.652 AND feature_7 > -0.835 AND feature_0 > 0.767 AND feature_9 > 0.059,"{'feature_0': (0.767, 3.845), 'feature_1': (1.463, 3.852), 'feature_2': (-3.74, 0.652), 'feature_7': (-0.835, 3.492), 'feature_9': (0.059, 3.767)}",5,2.803,8,[Pretrained] CF,"[468, 710, 734, 740, 741, 745, 747]",3.309,3.303,OptRes,[Pretrained] CF OptRes,0.008,0,0.008,752,23,0.05912162162162162,5,0.5060000000000002,0.006000000000000227,0.2
746,feature_0 > 0.26 AND feature_1 > 1.06 AND feature_1 > 1.463 AND feature_0 > 0.557 AND feature_2 <= 0.652 AND feature_7 > -0.835 AND feature_0 <= 0.767,"{'feature_0': (0.557, 0.767), 'feature_1': (1.463, 3.852), 'feature_2': (-3.74, 0.652), 'feature_7': (-0.835, 3.492)}",4,2.722,7,[Pretrained] CF,"[468, 710, 734, 740, 741, 745]",2.664,2.689,OptRes,[Pretrained] CF OptRes,0.008,0,0.008,752,25,0.05912162162162162,5,0.05799999999999983,0.02499999999999991,0.2
752,feature_0 > 0.26 AND feature_1 > 1.06 AND feature_1 > 1.463 AND feature_0 > 0.557 AND feature_2 > 0.652 AND feature_1 > 1.686,"{'feature_0': (0.557, 3.845), 'feature_1': (1.686, 3.852), 'feature_2': (0.652, 4.02)}",3,2.72,6,[Pretrained] CF,"[468, 710, 734, 740, 750]",3.443,3.363,ResOve,[Pretrained] CF ResOve,0.119,0,0.119,752,23,0.0,5,0.7229999999999999,0.08000000000000007,0.2
749,feature_0 > 0.26 AND feature_1 > 1.06 AND feature_1 > 1.463 AND feature_0 > 0.557 AND feature_2 <= 0.652 AND feature_7 > -0.835 AND feature_0 > 0.767 AND feature_9 > 0.059,"{'feature_0': (0.767, 3.845), 'feature_1': (1.463, 3.852), 'feature_2': (-3.74, 0.652), 'feature_7': (-0.835, 3.492), 'feature_9': (0.059, 3.767)}",5,2.803,8,[Pretrained] CF,"[468, 710, 734, 740, 741, 745, 747]",3.309,3.303,ResOve,[Pretrained] CF ResOve,0.119,0,0.119,752,23,0.0,5,0.5060000000000002,0.006000000000000227,0.2
748,feature_0 > 0.26 AND feature_1 > 1.06 AND feature_1 > 1.463 AND feature_0 > 0.557 AND feature_2 <= 0.652 AND feature_7 > -0.835 AND feature_0 > 0.767 AND feature_9 <= 0.059,"{'feature_0': (0.767, 3.845), 'feature_1': (1.463, 3.852), 'feature_2': (-3.74, 0.652), 'feature_7': (-0.835, 3.492), 'feature_9': (-3.581, 0.059)}",5,2.879,8,[Pretrained] CF,"[468, 710, 734, 740, 741, 745, 747]",3.155,3.12,ResOve,[Pretrained] CF ResOve,0.119,0,0.119,752,24,0.0,5,0.2759999999999998,0.0349999999999997,0.2
742,feature_0 > 0.26 AND feature_1 > 1.06 AND feature_1 > 1.463 AND feature_0 > 0.557 AND feature_2 <= 0.652 AND feature_7 <= -0.835,"{'feature_0': (0.557, 3.845), 'feature_1': (1.463, 3.852), 'feature_2': (-3.74, 0.652), 'feature_7': (-3.746, -0.835)}",4,2.959,6,[Pretrained] CF,"[468, 710, 734, 740, 741]",3.114,3.124,ResOve,[Pretrained] CF ResOve,0.119,0,0.119,752,30,0.0,5,0.1549999999999998,0.010000000000000231,0.2
723,feature_0 > 0.26 AND feature_1 > 1.06 AND feature_1 <= 1.463 AND feature_0 > 0.763 AND feature_2 <= 0.453 AND feature_7 <= -0.169,"{'feature_0': (0.763, 3.845), 'feature_1': (1.06, 1.463), 'feature_2': (-3.74, 0.453), 'feature_7': (-3.746, -0.169)}",4,2.674,6,[Pretrained] CF,"[468, 710, 711, 721, 722]",2.878,2.874,ResOve,[Pretrained] CF ResOve,0.119,0,0.119,752,35,0.0,5,0.20400000000000018,0.0040000000000000036,0.2
742,feature_0 > 0.26 AND feature_1 > 1.06 AND feature_1 > 1.463 AND feature_0 > 0.557 AND feature_2 <= 0.652 AND feature_7 <= -0.835,"{'feature_0': (0.557, 3.845), 'feature_1': (1.463, 3.852), 'feature_2': (-3.74, 0.652), 'feature_7': (-3.746, -0.835)}",4,2.959,6,[Pretrained] CF,"[468, 710, 734, 740, 741]",3.114,3.124,NoOve,[Pretrained] CF NoOve,0.016,0,0.016,752,30,0.0,5,0.1549999999999998,0.010000000000000231,0.2
745,feature_0 > 0.26 AND feature_1 > 1.06 AND feature_1 > 1.463 AND feature_0 > 0.557 AND feature_2 <= 0.652 AND feature_7 > -0.835,"{'feature_0': (0.557, 3.845), 'feature_1': (1.463, 3.852), 'feature_2': (-3.74, 0.652), 'feature_7': (-0.835, 3.492)}",4,2.804,6,[Pretrained] CF,"[468, 710, 734, 740, 741]",3.046,3.029,NoOve,[Pretrained] CF NoOve,0.016,0,0.016,752,72,0.0,5,0.242,0.016999999999999904,0.2
752,feature_0 > 0.26 AND feature_1 > 1.06 AND feature_1 > 1.463 AND feature_0 > 0.557 AND feature_2 > 0.652 AND feature_1 > 1.686,"{'feature_0': (0.557, 3.845), 'feature_1': (1.686, 3.852), 'feature_2': (0.652, 4.02)}",3,2.72,6,[Pretrained] CF,"[468, 710, 734, 740, 750]",3.443,3.363,NoOve,[Pretrained] CF NoOve,0.016,0,0.016,752,23,0.0,5,0.7229999999999999,0.08000000000000007,0.2
723,feature_0 > 0.26 AND feature_1 > 1.06 AND feature_1 <= 1.463 AND feature_0 > 0.763 AND feature_2 <= 0.453 AND feature_7 <= -0.169,"{'feature_0': (0.763, 3.845), 'feature_1': (1.06, 1.463), 'feature_2': (-3.74, 0.453), 'feature_7': (-3.746, -0.169)}",4,2.674,6,[Pretrained] CF,"[468, 710, 711, 721, 722]",2.878,2.874,NoOve,[Pretrained] CF NoOve,0.016,0,0.016,752,35,0.0,5,0.20400000000000018,0.0040000000000000036,0.2
739,feature_0 > 0.26 AND feature_1 > 1.06 AND feature_1 > 1.463 AND feature_0 <= 0.557 AND feature_0 > 0.352 AND feature_1 > 1.661,"{'feature_0': (0.352, 0.557), 'feature_1': (1.661, 3.852)}",2,2.668,6,[Pretrained] CF,"[468, 710, 734, 735, 737]",2.549,2.589,NoOve,[Pretrained] CF NoOve,0.016,0,0.016,752,23,0.0,5,0.11900000000000022,0.040000000000000036,0.2
742,feature_0 > 0.26 AND feature_1 > 1.06 AND feature_1 > 1.463 AND feature_0 > 0.557 AND feature_2 <= 0.652 AND feature_7 <= -0.835,"{'feature_0': (0.557, 3.845), 'feature_1': (1.463, 3.852), 'feature_2': (-3.74, 0.652), 'feature_7': (-3.746, -0.835)}",4,2.959,6,[Pretrained] CF,"[468, 710, 734, 740, 741]",3.114,3.153,OptRes,[Pretrained] CF OptRes,0.006,0,0.006,752,35,0.06756756756756757,5,0.1549999999999998,0.039000000000000146,0.3
741,feature_0 > 0.26 AND feature_1 > 1.06 AND feature_1 > 1.463 AND feature_0 > 0.557 AND feature_2 <= 0.652,"{'feature_0': (0.557, 3.845), 'feature_1': (1.463, 3.852), 'feature_2': (-3.74, 0.652)}",3,2.846,5,[Pretrained] CF,"[468, 710, 734, 740]",3.064,3.076,OptRes,[Pretrained] CF OptRes,0.006,0,0.006,752,85,0.1908783783783784,5,0.21799999999999997,0.01200000000000001,0.3
747,feature_0 > 0.26 AND feature_1 > 1.06 AND feature_1 > 1.463 AND feature_0 > 0.557 AND feature_2 <= 0.652 AND feature_7 > -0.835 AND feature_0 > 0.767,"{'feature_0': (0.767, 3.845), 'feature_1': (1.463, 3.852), 'feature_2': (-3.74, 0.652), 'feature_7': (-0.835, 3.492)}",4,2.842,7,[Pretrained] CF,"[468, 710, 734, 740, 741, 745]",3.229,3.172,OptRes,[Pretrained] CF OptRes,0.006,0,0.006,752,37,0.12331081081081081,5,0.387,0.05699999999999994,0.3
750,feature_0 > 0.26 AND feature_1 > 1.06 AND feature_1 > 1.463 AND feature_0 > 0.557 AND feature_2 > 0.652,"{'feature_0': (0.557, 3.845), 'feature_1': (1.463, 3.852), 'feature_2': (0.652, 4.02)}",3,2.69,5,[Pretrained] CF,"[468, 710, 734, 740]",3.26,3.282,OptRes,[Pretrained] CF OptRes,0.006,0,0.006,752,28,0.0,5,0.5699999999999998,0.02200000000000024,0.3
723,feature_0 > 0.26 AND feature_1 > 1.06 AND feature_1 <= 1.463 AND feature_0 > 0.763 AND feature_2 <= 0.453 AND feature_7 <= -0.169,"{'feature_0': (0.763, 3.845), 'feature_1': (1.06, 1.463), 'feature_2': (-3.74, 0.453), 'feature_7': (-3.746, -0.169)}",4,2.674,6,[Pretrained] CF,"[468, 710, 711, 721, 722]",2.878,2.851,OptRes,[Pretrained] CF OptRes,0.006,0,0.006,752,52,0.0,5,0.20400000000000018,0.027000000000000135,0.3
750,feature_0 > 0.26 AND feature_1 > 1.06 AND feature_1 > 1.463 AND feature_0 > 0.557 AND feature_2 > 0.652,"{'feature_0': (0.557, 3.845), 'feature_1': (1.463, 3.852), 'feature_2': (0.652, 4.02)}",3,2.69,5,[Pretrained] CF,"[468, 710, 734, 740]",3.26,3.282,ResOve,[Pretrained] CF ResOve,0.126,0,0.126,752,28,0.0,5,0.5699999999999998,0.02200000000000024,0.3
747,feature_0 > 0.26 AND feature_1 > 1.06 AND feature_1 > 1.463 AND feature_0 > 0.557 AND feature_2 <= 0.652 AND feature_7 > -0.835 AND feature_0 > 0.767,"{'feature_0': (0.767, 3.845), 'feature_1': (1.463, 3.852), 'feature_2': (-3.74, 0.652), 'feature_7': (-0.835, 3.492)}",4,2.842,7,[Pretrained] CF,"[468, 710, 734, 740, 741, 745]",3.229,3.172,ResOve,[Pretrained] CF ResOve,0.126,0,0.126,752,37,0.12331081081081081,5,0.387,0.05699999999999994,0.3
741,feature_0 > 0.26 AND feature_1 > 1.06 AND feature_1 > 1.463 AND feature_0 > 0.557 AND feature_2 <= 0.652,"{'feature_0': (0.557, 3.845), 'feature_1': (1.463, 3.852), 'feature_2': (-3.74, 0.652)}",3,2.846,5,[Pretrained] CF,"[468, 710, 734, 740]",3.064,3.076,ResOve,[Pretrained] CF ResOve,0.126,0,0.126,752,85,0.12331081081081081,5,0.21799999999999997,0.01200000000000001,0.3
723,feature_0 > 0.26 AND feature_1 > 1.06 AND feature_1 <= 1.463 AND feature_0 > 0.763 AND feature_2 <= 0.453 AND feature_7 <= -0.169,"{'feature_0': (0.763, 3.845), 'feature_1': (1.06, 1.463), 'feature_2': (-3.74, 0.453), 'feature_7': (-3.746, -0.169)}",4,2.674,6,[Pretrained] CF,"[468, 710, 711, 721, 722]",2.878,2.851,ResOve,[Pretrained] CF ResOve,0.126,0,0.126,752,52,0.0,5,0.20400000000000018,0.027000000000000135,0.3
707,feature_0 > 0.26 AND feature_1 <= 1.06 AND feature_0 > 0.8 AND feature_1 > 0.12 AND feature_0 > 1.421 AND feature_4 > 0.123 AND feature_0 > 1.859,"{'feature_0': (1.859, 3.845), 'feature_1': (0.12, 1.06), 'feature_4': (0.123, 3.804)}",3,2.439,7,[Pretrained] CF,"[468, 469, 583, 659, 693, 703]",3.138,3.035,ResOve,[Pretrained] CF ResOve,0.126,0,0.126,752,27,0.0,5,0.6989999999999998,0.10299999999999976,0.3
741,feature_0 > 0.26 AND feature_1 > 1.06 AND feature_1 > 1.463 AND feature_0 > 0.557 AND feature_2 <= 0.652,"{'feature_0': (0.557, 3.845), 'feature_1': (1.463, 3.852), 'feature_2': (-3.74, 0.652)}",3,2.846,5,[Pretrained] CF,"[468, 710, 734, 740]",3.064,3.076,NoOve,[Pretrained] CF NoOve,0.022,0,0.022,752,85,0.0,5,0.21799999999999997,0.01200000000000001,0.3
750,feature_0 > 0.26 AND feature_1 > 1.06 AND feature_1 > 1.463 AND feature_0 > 0.557 AND feature_2 > 0.652,"{'feature_0': (0.557, 3.845), 'feature_1': (1.463, 3.852), 'feature_2': (0.652, 4.02)}",3,2.69,5,[Pretrained] CF,"[468, 710, 734, 740]",3.26,3.282,NoOve,[Pretrained] CF NoOve,0.022,0,0.022,752,28,0.0,5,0.5699999999999998,0.02200000000000024,0.3
737,feature_0 > 0.26 AND feature_1 > 1.06 AND feature_1 > 1.463 AND feature_0 <= 0.557 AND feature_0 > 0.352,"{'feature_0': (0.352, 0.557), 'feature_1': (1.463, 3.852)}",2,2.602,5,[Pretrained] CF,"[468, 710, 734, 735]",2.4,2.439,NoOve,[Pretrained] CF NoOve,0.022,0,0.022,752,26,0.0,5,0.20199999999999996,0.039000000000000146,0.3
722,feature_0 > 0.26 AND feature_1 > 1.06 AND feature_1 <= 1.463 AND feature_0 > 0.763 AND feature_2 <= 0.453,"{'feature_0': (0.763, 3.845), 'feature_1': (1.06, 1.463), 'feature_2': (-3.74, 0.453)}",3,2.584,5,[Pretrained] CF,"[468, 710, 711, 721]",2.782,2.833,NoOve,[Pretrained] CF NoOve,0.022,0,0.022,752,64,0.0,5,0.19799999999999995,0.051000000000000156,0.3
729,feature_0 > 0.26 AND feature_1 > 1.06 AND feature_1 <= 1.463 AND feature_0 > 0.763 AND feature_2 > 0.453,"{'feature_0': (0.763, 3.845), 'feature_1': (1.06, 1.463), 'feature_2': (0.453, 4.02)}",3,2.374,5,[Pretrained] CF,"[468, 710, 711, 721]",2.685,2.636,NoOve,[Pretrained] CF NoOve,0.022,0,0.022,752,29,0.0,5,0.31099999999999994,0.04899999999999993,0.3
742,feature_0 > 0.26 AND feature_1 > 1.06 AND feature_1 > 1.463 AND feature_0 > 0.557 AND feature_2 <= 0.652 AND feature_7 <= -0.835,"{'feature_0': (0.557, 3.845), 'feature_1': (1.463, 3.852), 'feature_2': (-3.74, 0.652), 'feature_7': (-3.746, -0.835)}",4,2.959,6,[Pretrained] CF,"[468, 710, 734, 740, 741]",3.114,3.128,OptRes,[Pretrained] CF OptRes,0.007,0,0.007,752,28,0.06756756756756757,5,0.1549999999999998,0.014000000000000234,0.4
748,feature_0 > 0.26 AND feature_1 > 1.06 AND feature_1 > 1.463 AND feature_0 > 0.557 AND feature_2 <= 0.652 AND feature_7 > -0.835 AND feature_0 > 0.767 AND feature_9 <= 0.059,"{'feature_0': (0.767, 3.845), 'feature_1': (1.463, 3.852), 'feature_2': (-3.74, 0.652), 'feature_7': (-0.835, 3.492), 'feature_9': (-3.581, 0.059)}",5,2.879,8,[Pretrained] CF,"[468, 710, 734, 740, 741, 745, 747]",3.155,3.046,OptRes,[Pretrained] CF OptRes,0.007,0,0.007,752,21,0.06418918918918919,5,0.2759999999999998,0.10899999999999999,0.4
741,feature_0 > 0.26 AND feature_1 > 1.06 AND feature_1 > 1.463 AND feature_0 > 0.557 AND feature_2 <= 0.652,"{'feature_0': (0.557, 3.845), 'feature_1': (1.463, 3.852), 'feature_2': (-3.74, 0.652)}",3,2.846,5,[Pretrained] CF,"[468, 710, 734, 740]",3.064,3.056,OptRes,[Pretrained] CF OptRes,0.007,0,0.007,752,91,0.19087837837837837,5,0.21799999999999997,0.008000000000000007,0.4
746,feature_0 > 0.26 AND feature_1 > 1.06 AND feature_1 > 1.463 AND feature_0 > 0.557 AND feature_2 <= 0.652 AND feature_7 > -0.835 AND feature_0 <= 0.767,"{'feature_0': (0.557, 0.767), 'feature_1': (1.463, 3.852), 'feature_2': (-3.74, 0.652), 'feature_7': (-0.835, 3.492)}",4,2.722,7,[Pretrained] CF,"[468, 710, 734, 740, 741, 745]",2.664,2.694,OptRes,[Pretrained] CF OptRes,0.007,0,0.007,752,22,0.05912162162162162,5,0.05799999999999983,0.029999999999999805,0.4
750,feature_0 > 0.26 AND feature_1 > 1.06 AND feature_1 > 1.463 AND feature_0 > 0.557 AND feature_2 > 0.652,"{'feature_0': (0.557, 3.845), 'feature_1': (1.463, 3.852), 'feature_2': (0.652, 4.02)}",3,2.69,5,[Pretrained] CF,"[468, 710, 734, 740]",3.26,3.254,OptRes,[Pretrained] CF OptRes,0.007,0,0.007,752,27,0.0,5,0.5699999999999998,0.005999999999999783,0.4
747,feature_0 > 0.26 AND feature_1 > 1.06 AND feature_1 > 1.463 AND feature_0 > 0.557 AND feature_2 <= 0.652 AND feature_7 > -0.835 AND feature_0 > 0.767,"{'feature_0': (0.767, 3.845), 'feature_1': (1.463, 3.852), 'feature_2': (-3.74, 0.652), 'feature_7': (-0.835, 3.492)}",4,2.842,7,[Pretrained] CF,"[468, 710, 734, 740, 741, 745]",3.229,3.201,ResOve,[Pretrained] CF ResOve,0.124,0,0.124,752,41,0.13013698630136986,5,0.387,0.028000000000000025,0.4
746,feature_0 > 0.26 AND feature_1 > 1.06 AND feature_1 > 1.463 AND feature_0 > 0.557 AND feature_2 <= 0.652 AND feature_7 > -0.835 AND feature_0 <= 0.767,"{'feature_0': (0.557, 0.767), 'feature_1': (1.463, 3.852), 'feature_2': (-3.74, 0.652), 'feature_7': (-0.835, 3.492)}",4,2.722,7,[Pretrained] CF,"[468, 710, 734, 740, 741, 745]",2.664,2.694,ResOve,[Pretrained] CF ResOve,0.124,0,0.124,752,22,0.0,5,0.05799999999999983,0.029999999999999805,0.4
742,feature_0 > 0.26 AND feature_1 > 1.06 AND feature_1 > 1.463 AND feature_0 > 0.557 AND feature_2 <= 0.652 AND feature_7 <= -0.835,"{'feature_0': (0.557, 3.845), 'feature_1': (1.463, 3.852), 'feature_2': (-3.74, 0.652), 'feature_7': (-3.746, -0.835)}",4,2.959,6,[Pretrained] CF,"[468, 710, 734, 740, 741]",3.114,3.128,ResOve,[Pretrained] CF ResOve,0.124,0,0.124,752,28,0.0,5,0.1549999999999998,0.014000000000000234,0.4
750,feature_0 > 0.26 AND feature_1 > 1.06 AND feature_1 > 1.463 AND feature_0 > 0.557 AND feature_2 > 0.652,"{'feature_0': (0.557, 3.845), 'feature_1': (1.463, 3.852), 'feature_2': (0.652, 4.02)}",3,2.69,5,[Pretrained] CF,"[468, 710, 734, 740]",3.26,3.254,ResOve,[Pretrained] CF ResOve,0.124,0,0.124,752,27,0.0,5,0.5699999999999998,0.005999999999999783,0.4
748,feature_0 > 0.26 AND feature_1 > 1.06 AND feature_1 > 1.463 AND feature_0 > 0.557 AND feature_2 <= 0.652 AND feature_7 > -0.835 AND feature_0 > 0.767 AND feature_9 <= 0.059,"{'feature_0': (0.767, 3.845), 'feature_1': (1.463, 3.852), 'feature_2': (-3.74, 0.652), 'feature_7': (-0.835, 3.492), 'feature_9': (-3.581, 0.059)}",5,2.879,8,[Pretrained] CF,"[468, 710, 734, 740, 741, 745, 747]",3.155,3.046,ResOve,[Pretrained] CF ResOve,0.124,0,0.124,752,21,0.13013698630136986,5,0.2759999999999998,0.10899999999999999,0.4
742,feature_0 > 0.26 AND feature_1 > 1.06 AND feature_1 > 1.463 AND feature_0 > 0.557 AND feature_2 <= 0.652 AND feature_7 <= -0.835,"{'feature_0': (0.557, 3.845), 'feature_1': (1.463, 3.852), 'feature_2': (-3.74, 0.652), 'feature_7': (-3.746, -0.835)}",4,2.959,6,[Pretrained] CF,"[468, 710, 734, 740, 741]",3.114,3.128,NoOve,[Pretrained] CF NoOve,0.021,0,0.021,752,28,0.0,5,0.1549999999999998,0.014000000000000234,0.4
745,feature_0 > 0.26 AND feature_1 > 1.06 AND feature_1 > 1.463 AND feature_0 > 0.557 AND feature_2 <= 0.652 AND feature_7 > -0.835,"{'feature_0': (0.557, 3.845), 'feature_1': (1.463, 3.852), 'feature_2': (-3.74, 0.652), 'feature_7': (-0.835, 3.492)}",4,2.804,6,[Pretrained] CF,"[468, 710, 734, 740, 741]",3.046,3.024,NoOve,[Pretrained] CF NoOve,0.021,0,0.021,752,63,0.0,5,0.242,0.021999999999999797,0.4
723,feature_0 > 0.26 AND feature_1 > 1.06 AND feature_1 <= 1.463 AND feature_0 > 0.763 AND feature_2 <= 0.453 AND feature_7 <= -0.169,"{'feature_0': (0.763, 3.845), 'feature_1': (1.06, 1.463), 'feature_2': (-3.74, 0.453), 'feature_7': (-3.746, -0.169)}",4,2.674,6,[Pretrained] CF,"[468, 710, 711, 721, 722]",2.878,2.8,NoOve,[Pretrained] CF NoOve,0.021,0,0.021,752,29,0.0,5,0.20400000000000018,0.07800000000000029,0.4
726,feature_0 > 0.26 AND feature_1 > 1.06 AND feature_1 <= 1.463 AND feature_0 > 0.763 AND feature_2 <= 0.453 AND feature_7 > -0.169,"{'feature_0': (0.763, 3.845), 'feature_1': (1.06, 1.463), 'feature_2': (-3.74, 0.453), 'feature_7': (-0.169, 3.492)}",4,2.484,6,[Pretrained] CF,"[468, 710, 711, 721, 722]",2.676,2.622,NoOve,[Pretrained] CF NoOve,0.021,0,0.021,752,27,0.0,5,0.19200000000000017,0.05400000000000027,0.4
703,feature_0 > 0.26 AND feature_1 <= 1.06 AND feature_0 > 0.8 AND feature_1 > 0.12 AND feature_0 > 1.421 AND feature_4 > 0.123,"{'feature_0': (1.421, 3.845), 'feature_1': (0.12, 1.06), 'feature_4': (0.123, 3.804)}",3,2.337,6,[Pretrained] CF,"[468, 469, 583, 659, 693]",2.834,2.834,NoOve,[Pretrained] CF NoOve,0.021,0,0.021,752,115,0.0,5,0.4969999999999999,0.0,0.4
742,feature_0 > 0.26 AND feature_1 > 1.06 AND feature_1 > 1.463 AND feature_0 > 0.557 AND feature_2 <= 0.652 AND feature_7 <= -0.835,"{'feature_0': (0.557, 3.845), 'feature_1': (1.463, 3.852), 'feature_2': (-3.74, 0.652), 'feature_7': (-3.746, -0.835)}",4,2.959,6,[Pretrained] CF,"[468, 710, 734, 740, 741]",3.114,3.198,OptRes,[Pretrained] CF OptRes,0.006,0,0.006,752,24,0.06756756756756757,5,0.1549999999999998,0.08400000000000007,0.5
741,feature_0 > 0.26 AND feature_1 > 1.06 AND feature_1 > 1.463 AND feature_0 > 0.557 AND feature_2 <= 0.652,"{'feature_0': (0.557, 3.845), 'feature_1': (1.463, 3.852), 'feature_2': (-3.74, 0.652)}",3,2.846,5,[Pretrained] CF,"[468, 710, 734, 740]",3.064,3.09,OptRes,[Pretrained] CF OptRes,0.006,0,0.006,752,82,0.1908783783783784,5,0.21799999999999997,0.0259999999999998,0.5
747,feature_0 > 0.26 AND feature_1 > 1.06 AND feature_1 > 1.463 AND feature_0 > 0.557 AND feature_2 <= 0.652 AND feature_7 > -0.835 AND feature_0 > 0.767,"{'feature_0': (0.767, 3.845), 'feature_1': (1.463, 3.852), 'feature_2': (-3.74, 0.652), 'feature_7': (-0.835, 3.492)}",4,2.842,7,[Pretrained] CF,"[468, 710, 734, 740, 741, 745]",3.229,3.24,OptRes,[Pretrained] CF OptRes,0.006,0,0.006,752,39,0.12331081081081081,5,0.387,0.01100000000000012,0.5
750,feature_0 > 0.26 AND feature_1 > 1.06 AND feature_1 > 1.463 AND feature_0 > 0.557 AND feature_2 > 0.652,"{'feature_0': (0.557, 3.845), 'feature_1': (1.463, 3.852), 'feature_2': (0.652, 4.02)}",3,2.69,5,[Pretrained] CF,"[468, 710, 734, 740]",3.26,3.24,OptRes,[Pretrained] CF OptRes,0.006,0,0.006,752,24,0.0,5,0.5699999999999998,0.019999999999999574,0.5
723,feature_0 > 0.26 AND feature_1 > 1.06 AND feature_1 <= 1.463 AND feature_0 > 0.763 AND feature_2 <= 0.453 AND feature_7 <= -0.169,"{'feature_0': (0.763, 3.845), 'feature_1': (1.06, 1.463), 'feature_2': (-3.74, 0.453), 'feature_7': (-3.746, -0.169)}",4,2.674,6,[Pretrained] CF,"[468, 710, 711, 721, 722]",2.878,2.824,OptRes,[Pretrained] CF OptRes,0.006,0,0.006,752,24,0.0,5,0.20400000000000018,0.05400000000000027,0.5
750,feature_0 > 0.26 AND feature_1 > 1.06 AND feature_1 > 1.463 AND feature_0 > 0.557 AND feature_2 > 0.652,"{'feature_0': (0.557, 3.845), 'feature_1': (1.463, 3.852), 'feature_2': (0.652, 4.02)}",3,2.69,5,[Pretrained] CF,"[468, 710, 734, 740]",3.26,3.24,ResOve,[Pretrained] CF ResOve,0.124,0,0.124,752,24,0.0,5,0.5699999999999998,0.019999999999999574,0.5
747,feature_0 > 0.26 AND feature_1 > 1.06 AND feature_1 > 1.463 AND feature_0 > 0.557 AND feature_2 <= 0.652 AND feature_7 > -0.835 AND feature_0 > 0.767,"{'feature_0': (0.767, 3.845), 'feature_1': (1.463, 3.852), 'feature_2': (-3.74, 0.652), 'feature_7': (-0.835, 3.492)}",4,2.842,7,[Pretrained] CF,"[468, 710, 734, 740, 741, 745]",3.229,3.24,ResOve,[Pretrained] CF ResOve,0.124,0,0.124,752,39,0.12331081081081081,5,0.387,0.01100000000000012,0.5
741,feature_0 > 0.26 AND feature_1 > 1.06 AND feature_1 > 1.463 AND feature_0 > 0.557 AND feature_2 <= 0.652,"{'feature_0': (0.557, 3.845), 'feature_1': (1.463, 3.852), 'feature_2': (-3.74, 0.652)}",3,2.846,5,[Pretrained] CF,"[468, 710, 734, 740]",3.064,3.09,ResOve,[Pretrained] CF ResOve,0.124,0,0.124,752,82,0.12331081081081081,5,0.21799999999999997,0.0259999999999998,0.5
726,feature_0 > 0.26 AND feature_1 > 1.06 AND feature_1 <= 1.463 AND feature_0 > 0.763 AND feature_2 <= 0.453 AND feature_7 > -0.169,"{'feature_0': (0.763, 3.845), 'feature_1': (1.06, 1.463), 'feature_2': (-3.74, 0.453), 'feature_7': (-0.169, 3.492)}",4,2.484,6,[Pretrained] CF,"[468, 710, 711, 721, 722]",2.676,2.655,ResOve,[Pretrained] CF ResOve,0.124,0,0.124,752,22,0.0,5,0.19200000000000017,0.02100000000000035,0.5
723,feature_0 > 0.26 AND feature_1 > 1.06 AND feature_1 <= 1.463 AND feature_0 > 0.763 AND feature_2 <= 0.453 AND feature_7 <= -0.169,"{'feature_0': (0.763, 3.845), 'feature_1': (1.06, 1.463), 'feature_2': (-3.74, 0.453), 'feature_7': (-3.746, -0.169)}",4,2.674,6,[Pretrained] CF,"[468, 710, 711, 721, 722]",2.878,2.824,ResOve,[Pretrained] CF ResOve,0.124,0,0.124,752,24,0.0,5,0.20400000000000018,0.05400000000000027,0.5
742,feature_0 > 0.26 AND feature_1 > 1.06 AND feature_1 > 1.463 AND feature_0 > 0.557 AND feature_2 <= 0.652 AND feature_7 <= -0.835,"{'feature_0': (0.557, 3.845), 'feature_1': (1.463, 3.852), 'feature_2': (-3.74, 0.652), 'feature_7': (-3.746, -0.835)}",4,2.959,6,[Pretrained] CF,"[468, 710, 734, 740, 741]",3.114,3.198,NoOve,[Pretrained] CF NoOve,0.026,0,0.026,752,24,0.0,5,0.1549999999999998,0.08400000000000007,0.5
745,feature_0 > 0.26 AND feature_1 > 1.06 AND feature_1 > 1.463 AND feature_0 > 0.557 AND feature_2 <= 0.652 AND feature_7 > -0.835,"{'feature_0': (0.557, 3.845), 'feature_1': (1.463, 3.852), 'feature_2': (-3.74, 0.652), 'feature_7': (-0.835, 3.492)}",4,2.804,6,[Pretrained] CF,"[468, 710, 734, 740, 741]",3.046,3.046,NoOve,[Pretrained] CF NoOve,0.026,0,0.026,752,58,0.0,5,0.242,0.0,0.5
723,feature_0 > 0.26 AND feature_1 > 1.06 AND feature_1 <= 1.463 AND feature_0 > 0.763 AND feature_2 <= 0.453 AND feature_7 <= -0.169,"{'feature_0': (0.763, 3.845), 'feature_1': (1.06, 1.463), 'feature_2': (-3.74, 0.453), 'feature_7': (-3.746, -0.169)}",4,2.674,6,[Pretrained] CF,"[468, 710, 711, 721, 722]",2.878,2.824,NoOve,[Pretrained] CF NoOve,0.026,0,0.026,752,24,0.0,5,0.20400000000000018,0.05400000000000027,0.5
726,feature_0 > 0.26 AND feature_1 > 1.06 AND feature_1 <= 1.463 AND feature_0 > 0.763 AND feature_2 <= 0.453 AND feature_7 > -0.169,"{'feature_0': (0.763, 3.845), 'feature_1': (1.06, 1.463), 'feature_2': (-3.74, 0.453), 'feature_7': (-0.169, 3.492)}",4,2.484,6,[Pretrained] CF,"[468, 710, 711, 721, 722]",2.676,2.655,NoOve,[Pretrained] CF NoOve,0.026,0,0.026,752,22,0.0,5,0.19200000000000017,0.02100000000000035,0.5
703,feature_0 > 0.26 AND feature_1 <= 1.06 AND feature_0 > 0.8 AND feature_1 > 0.12 AND feature_0 > 1.421 AND feature_4 > 0.123,"{'feature_0': (1.421, 3.845), 'feature_1': (0.12, 1.06), 'feature_4': (0.123, 3.804)}",3,2.337,6,[Pretrained] CF,"[468, 469, 583, 659, 693]",2.834,2.866,NoOve,[Pretrained] CF NoOve,0.026,0,0.026,752,55,0.0,5,0.4969999999999999,0.03200000000000003,0.5
608,feature_0 > 0.26 AND feature_1 <= 1.06 AND feature_0 > 0.8 AND feature_1 <= 0.12 AND feature_0 <= 1.512 AND feature_3 > -0.812 AND feature_4 <= 0.62 AND feature_1 <= -0.293 AND feature_9 > -0.294 AND feature_1 <= -1.529,"{'feature_0': (0.8, 1.512), 'feature_1': (-3.98, -1.529), 'feature_3': (-0.812, 4.242), 'feature_4': (-3.533, 0.62), 'feature_9': (-0.294, 3.767)}",5,1.356,10,[Pretrained] CF,"[468, 469, 583, 584, 585, 597, 598, 599, 607]",1.261,1.261,OptRes,[Pretrained] CF OptRes,0.008,0,0.008,752,28,0.0,5,0.0950000000000002,0.0,0.1
487,feature_0 > 0.26 AND feature_1 <= 1.06 AND feature_0 <= 0.8 AND feature_1 <= 0.2 AND feature_0 <= 0.463 AND feature_0 > 0.33 AND feature_1 <= -1.165 AND feature_0 > 0.387,"{'feature_0': (0.387, 0.463), 'feature_1': (-3.98, -1.165)}",2,1.057,8,[Pretrained] CF,"[468, 469, 470, 471, 472, 484, 485]",0.587,0.594,OptRes,[Pretrained] CF OptRes,0.008,0,0.008,752,24,0.1206896551724138,5,0.47,0.007000000000000006,0.1
485,feature_0 > 0.26 AND feature_1 <= 1.06 AND feature_0 <= 0.8 AND feature_1 <= 0.2 AND feature_0 <= 0.463 AND feature_0 > 0.33 AND feature_1 <= -1.165,"{'feature_0': (0.33, 0.463), 'feature_1': (-3.98, -1.165)}",2,0.988,7,[Pretrained] CF,"[468, 469, 470, 471, 472, 484]",0.564,0.57,OptRes,[Pretrained] CF OptRes,0.008,0,0.008,752,48,0.1206896551724138,5,0.42400000000000004,0.006000000000000005,0.1
358,feature_0 <= 0.26 AND feature_0 > -0.366 AND feature_1 <= 0.892 AND feature_0 > -0.096 AND feature_1 <= -0.342 AND feature_0 > -0.013 AND feature_1 <= -1.179 AND feature_3 <= 0.073 AND feature_4 <= 0.582,"{'feature_0': (-0.013, 0.26), 'feature_1': (-3.98, -1.179), 'feature_3': (-3.667, 0.073), 'feature_4': (-3.533, 0.582)}",4,0.687,9,[Pretrained] CF,"[1, 275, 276, 342, 343, 355, 356, 357]",0.323,0.306,OptRes,[Pretrained] CF OptRes,0.008,0,0.008,752,28,0.07478632478632478,5,0.36400000000000005,0.017000000000000015,0.1
356,feature_0 <= 0.26 AND feature_0 > -0.366 AND feature_1 <= 0.892 AND feature_0 > -0.096 AND feature_1 <= -0.342 AND feature_0 > -0.013 AND feature_1 <= -1.179,"{'feature_0': (-0.013, 0.26), 'feature_1': (-3.98, -1.179)}",2,0.584,7,[Pretrained] CF,"[1, 275, 276, 342, 343, 355]",0.319,0.315,OptRes,[Pretrained] CF OptRes,0.008,0,0.008,752,92,0.07478632478632478,5,0.26499999999999996,0.0040000000000000036,0.1
608,feature_0 > 0.26 AND feature_1 <= 1.06 AND feature_0 > 0.8 AND feature_1 <= 0.12 AND feature_0 <= 1.512 AND feature_3 > -0.812 AND feature_4 <= 0.62 AND feature_1 <= -0.293 AND feature_9 > -0.294 AND feature_1 <= -1.529,"{'feature_0': (0.8, 1.512), 'feature_1': (-3.98, -1.529), 'feature_3': (-0.812, 4.242), 'feature_4': (-3.533, 0.62), 'feature_9': (-0.294, 3.767)}",5,1.356,10,[Pretrained] CF,"[468, 469, 583, 584, 585, 597, 598, 599, 607]",1.261,1.261,ResOve,[Pretrained] CF ResOve,0.007,0,0.007,752,28,0.0,5,0.0950000000000002,0.0,0.1
487,feature_0 > 0.26 AND feature_1 <= 1.06 AND feature_0 <= 0.8 AND feature_1 <= 0.2 AND feature_0 <= 0.463 AND feature_0 > 0.33 AND feature_1 <= -1.165 AND feature_0 > 0.387,"{'feature_0': (0.387, 0.463), 'feature_1': (-3.98, -1.165)}",2,1.057,8,[Pretrained] CF,"[468, 469, 470, 471, 472, 484, 485]",0.587,0.594,ResOve,[Pretrained] CF ResOve,0.007,0,0.007,752,24,0.1206896551724138,5,0.47,0.007000000000000006,0.1
486,feature_0 > 0.26 AND feature_1 <= 1.06 AND feature_0 <= 0.8 AND feature_1 <= 0.2 AND feature_0 <= 0.463 AND feature_0 > 0.33 AND feature_1 <= -1.165 AND feature_0 <= 0.387,"{'feature_0': (0.33, 0.387), 'feature_1': (-3.98, -1.165)}",2,0.919,8,[Pretrained] CF,"[468, 469, 470, 471, 472, 484, 485]",0.544,0.546,ResOve,[Pretrained] CF ResOve,0.007,0,0.007,752,24,0.12931034482758622,5,0.375,0.0020000000000000018,0.1
485,feature_0 > 0.26 AND feature_1 <= 1.06 AND feature_0 <= 0.8 AND feature_1 <= 0.2 AND feature_0 <= 0.463 AND feature_0 > 0.33 AND feature_1 <= -1.165,"{'feature_0': (0.33, 0.463), 'feature_1': (-3.98, -1.165)}",2,0.988,7,[Pretrained] CF,"[468, 469, 470, 471, 472, 484]",0.564,0.57,ResOve,[Pretrained] CF ResOve,0.007,0,0.007,752,48,0.25,5,0.42400000000000004,0.006000000000000005,0.1
358,feature_0 <= 0.26 AND feature_0 > -0.366 AND feature_1 <= 0.892 AND feature_0 > -0.096 AND feature_1 <= -0.342 AND feature_0 > -0.013 AND feature_1 <= -1.179 AND feature_3 <= 0.073 AND feature_4 <= 0.582,"{'feature_0': (-0.013, 0.26), 'feature_1': (-3.98, -1.179), 'feature_3': (-3.667, 0.073), 'feature_4': (-3.533, 0.582)}",4,0.687,9,[Pretrained] CF,"[1, 275, 276, 342, 343, 355, 356, 357]",0.323,0.306,ResOve,[Pretrained] CF ResOve,0.007,0,0.007,752,28,0.0,5,0.36400000000000005,0.017000000000000015,0.1
487,feature_0 > 0.26 AND feature_1 <= 1.06 AND feature_0 <= 0.8 AND feature_1 <= 0.2 AND feature_0 <= 0.463 AND feature_0 > 0.33 AND feature_1 <= -1.165 AND feature_0 > 0.387,"{'feature_0': (0.387, 0.463), 'feature_1': (-3.98, -1.165)}",2,1.057,8,[Pretrained] CF,"[468, 469, 470, 471, 472, 484, 485]",0.587,0.594,NoOve,[Pretrained] CF NoOve,0.006,0,0.006,752,24,0.0,5,0.47,0.007000000000000006,0.1
486,feature_0 > 0.26 AND feature_1 <= 1.06 AND feature_0 <= 0.8 AND feature_1 <= 0.2 AND feature_0 <= 0.463 AND feature_0 > 0.33 AND feature_1 <= -1.165 AND feature_0 <= 0.387,"{'feature_0': (0.33, 0.387), 'feature_1': (-3.98, -1.165)}",2,0.919,8,[Pretrained] CF,"[468, 469, 470, 471, 472, 484, 485]",0.544,0.546,NoOve,[Pretrained] CF NoOve,0.006,0,0.006,752,24,0.0,5,0.375,0.0020000000000000018,0.1
357,feature_0 <= 0.26 AND feature_0 > -0.366 AND feature_1 <= 0.892 AND feature_0 > -0.096 AND feature_1 <= -0.342 AND feature_0 > -0.013 AND feature_1 <= -1.179 AND feature_3 <= 0.073,"{'feature_0': (-0.013, 0.26), 'feature_1': (-3.98, -1.179), 'feature_3': (-3.667, 0.073)}",3,0.64,8,[Pretrained] CF,"[1, 275, 276, 342, 343, 355, 356]",0.315,0.305,NoOve,[Pretrained] CF NoOve,0.006,0,0.006,752,45,0.0,5,0.325,0.010000000000000009,0.1
360,feature_0 <= 0.26 AND feature_0 > -0.366 AND feature_1 <= 0.892 AND feature_0 > -0.096 AND feature_1 <= -0.342 AND feature_0 > -0.013 AND feature_1 <= -1.179 AND feature_3 > 0.073,"{'feature_0': (-0.013, 0.26), 'feature_1': (-3.98, -1.179), 'feature_3': (0.073, 4.242)}",3,0.534,8,[Pretrained] CF,"[1, 275, 276, 342, 343, 355, 356]",0.322,0.324,NoOve,[Pretrained] CF NoOve,0.006,0,0.006,752,47,0.0,5,0.21200000000000002,0.0020000000000000018,0.1
281,feature_0 <= 0.26 AND feature_0 > -0.366 AND feature_1 <= 0.892 AND feature_0 <= -0.096 AND feature_1 <= 0.014 AND feature_0 <= -0.155 AND feature_1 <= -0.46 AND feature_1 <= -1.223,"{'feature_0': (-0.366, -0.155), 'feature_1': (-3.98, -1.223)}",2,0.289,8,[Pretrained] CF,"[1, 275, 276, 277, 278, 279, 280]",0.085,0.081,NoOve,[Pretrained] CF NoOve,0.006,0,0.006,752,74,0.0,5,0.20399999999999996,0.0040000000000000036,0.1
742,feature_0 > 0.26 AND feature_1 > 1.06 AND feature_1 > 1.463 AND feature_0 > 0.557 AND feature_2 <= 0.652 AND feature_7 <= -0.835,"{'feature_0': (0.557, 3.845), 'feature_1': (1.463, 3.852), 'feature_2': (-3.74, 0.652), 'feature_7': (-3.746, -0.835)}",4,2.959,6,[Pretrained] CF,"[468, 710, 734, 740, 741]",3.114,3.114,OptRes,[Pretrained] CF OptRes,0.006,0,0.006,752,40,0.06756756756756757,5,0.1549999999999998,0.0,0.2
741,feature_0 > 0.26 AND feature_1 > 1.06 AND feature_1 > 1.463 AND feature_0 > 0.557 AND feature_2 <= 0.652,"{'feature_0': (0.557, 3.845), 'feature_1': (1.463, 3.852), 'feature_2': (-3.74, 0.652)}",3,2.846,5,[Pretrained] CF,"[468, 710, 734, 740]",3.064,3.04,OptRes,[Pretrained] CF OptRes,0.006,0,0.006,752,75,0.1908783783783784,5,0.21799999999999997,0.02400000000000002,0.2
747,feature_0 > 0.26 AND feature_1 > 1.06 AND feature_1 > 1.463 AND feature_0 > 0.557 AND feature_2 <= 0.652 AND feature_7 > -0.835 AND feature_0 > 0.767,"{'feature_0': (0.767, 3.845), 'feature_1': (1.463, 3.852), 'feature_2': (-3.74, 0.652), 'feature_7': (-0.835, 3.492)}",4,2.842,7,[Pretrained] CF,"[468, 710, 734, 740, 741, 745]",3.229,3.085,OptRes,[Pretrained] CF OptRes,0.006,0,0.006,752,26,0.12331081081081081,5,0.387,0.14400000000000013,0.2
750,feature_0 > 0.26 AND feature_1 > 1.06 AND feature_1 > 1.463 AND feature_0 > 0.557 AND feature_2 > 0.652,"{'feature_0': (0.557, 3.845), 'feature_1': (1.463, 3.852), 'feature_2': (0.652, 4.02)}",3,2.69,5,[Pretrained] CF,"[468, 710, 734, 740]",3.26,3.326,OptRes,[Pretrained] CF OptRes,0.006,0,0.006,752,25,0.0,5,0.5699999999999998,0.06600000000000028,0.2
723,feature_0 > 0.26 AND feature_1 > 1.06 AND feature_1 <= 1.463 AND feature_0 > 0.763 AND feature_2 <= 0.453 AND feature_7 <= -0.169,"{'feature_0': (0.763, 3.845), 'feature_1': (1.06, 1.463), 'feature_2': (-3.74, 0.453), 'feature_7': (-3.746, -0.169)}",4,2.674,6,[Pretrained] CF,"[468, 710, 711, 721, 722]",2.878,2.878,OptRes,[Pretrained] CF OptRes,0.006,0,0.006,752,57,0.0,5,0.20400000000000018,0.0,0.2
750,feature_0 > 0.26 AND feature_1 > 1.06 AND feature_1 > 1.463 AND feature_0 > 0.557 AND feature_2 > 0.652,"{'feature_0': (0.557, 3.845), 'feature_1': (1.463, 3.852), 'feature_2': (0.652, 4.02)}",3,2.69,5,[Pretrained] CF,"[468, 710, 734, 740]",3.26,3.326,ResOve,[Pretrained] CF ResOve,0.123,0,0.123,752,25,0.0,5,0.5699999999999998,0.06600000000000028,0.2
747,feature_0 > 0.26 AND feature_1 > 1.06 AND feature_1 > 1.463 AND feature_0 > 0.557 AND feature_2 <= 0.652 AND feature_7 > -0.835 AND feature_0 > 0.767,"{'feature_0': (0.767, 3.845), 'feature_1': (1.463, 3.852), 'feature_2': (-3.74, 0.652), 'feature_7': (-0.835, 3.492)}",4,2.842,7,[Pretrained] CF,"[468, 710, 734, 740, 741, 745]",3.229,3.085,ResOve,[Pretrained] CF ResOve,0.123,0,0.123,752,26,0.12331081081081081,5,0.387,0.14400000000000013,0.2
741,feature_0 > 0.26 AND feature_1 > 1.06 AND feature_1 > 1.463 AND feature_0 > 0.557 AND feature_2 <= 0.652,"{'feature_0': (0.557, 3.845), 'feature_1': (1.463, 3.852), 'feature_2': (-3.74, 0.652)}",3,2.846,5,[Pretrained] CF,"[468, 710, 734, 740]",3.064,3.04,ResOve,[Pretrained] CF ResOve,0.123,0,0.123,752,75,0.12331081081081081,5,0.21799999999999997,0.02400000000000002,0.2
723,feature_0 > 0.26 AND feature_1 > 1.06 AND feature_1 <= 1.463 AND feature_0 > 0.763 AND feature_2 <= 0.453 AND feature_7 <= -0.169,"{'feature_0': (0.763, 3.845), 'feature_1': (1.06, 1.463), 'feature_2': (-3.74, 0.453), 'feature_7': (-3.746, -0.169)}",4,2.674,6,[Pretrained] CF,"[468, 710, 711, 721, 722]",2.878,2.878,ResOve,[Pretrained] CF ResOve,0.123,0,0.123,752,57,0.0,5,0.20400000000000018,0.0,0.2
707,feature_0 > 0.26 AND feature_1 <= 1.06 AND feature_0 > 0.8 AND feature_1 > 0.12 AND feature_0 > 1.421 AND feature_4 > 0.123 AND feature_0 > 1.859,"{'feature_0': (1.859, 3.845), 'feature_1': (0.12, 1.06), 'feature_4': (0.123, 3.804)}",3,2.439,7,[Pretrained] CF,"[468, 469, 583, 659, 693, 703]",3.138,3.076,ResOve,[Pretrained] CF ResOve,0.123,0,0.123,752,27,0.0,5,0.6989999999999998,0.06199999999999983,0.2
741,feature_0 > 0.26 AND feature_1 > 1.06 AND feature_1 > 1.463 AND feature_0 > 0.557 AND feature_2 <= 0.652,"{'feature_0': (0.557, 3.845), 'feature_1': (1.463, 3.852), 'feature_2': (-3.74, 0.652)}",3,2.846,5,[Pretrained] CF,"[468, 710, 734, 740]",3.064,3.04,NoOve,[Pretrained] CF NoOve,0.025,0,0.025,752,75,0.0,5,0.21799999999999997,0.02400000000000002,0.2
750,feature_0 > 0.26 AND feature_1 > 1.06 AND feature_1 > 1.463 AND feature_0 > 0.557 AND feature_2 > 0.652,"{'feature_0': (0.557, 3.845), 'feature_1': (1.463, 3.852), 'feature_2': (0.652, 4.02)}",3,2.69,5,[Pretrained] CF,"[468, 710, 734, 740]",3.26,3.326,NoOve,[Pretrained] CF NoOve,0.025,0,0.025,752,25,0.0,5,0.5699999999999998,0.06600000000000028,0.2
737,feature_0 > 0.26 AND feature_1 > 1.06 AND feature_1 > 1.463 AND feature_0 <= 0.557 AND feature_0 > 0.352,"{'feature_0': (0.352, 0.557), 'feature_1': (1.463, 3.852)}",2,2.602,5,[Pretrained] CF,"[468, 710, 734, 735]",2.4,2.46,NoOve,[Pretrained] CF NoOve,0.025,0,0.025,752,22,0.0,5,0.20199999999999996,0.06000000000000005,0.2
722,feature_0 > 0.26 AND feature_1 > 1.06 AND feature_1 <= 1.463 AND feature_0 > 0.763 AND feature_2 <= 0.453,"{'feature_0': (0.763, 3.845), 'feature_1': (1.06, 1.463), 'feature_2': (-3.74, 0.453)}",3,2.584,5,[Pretrained] CF,"[468, 710, 711, 721]",2.782,2.878,NoOve,[Pretrained] CF NoOve,0.025,0,0.025,752,57,0.0,5,0.19799999999999995,0.09600000000000009,0.2
729,feature_0 > 0.26 AND feature_1 > 1.06 AND feature_1 <= 1.463 AND feature_0 > 0.763 AND feature_2 > 0.453,"{'feature_0': (0.763, 3.845), 'feature_1': (1.06, 1.463), 'feature_2': (0.453, 4.02)}",3,2.374,5,[Pretrained] CF,"[468, 710, 711, 721]",2.685,2.617,NoOve,[Pretrained] CF NoOve,0.025,0,0.025,752,24,0.0,5,0.31099999999999994,0.06800000000000006,0.2
723,feature_0 > 0.26 AND feature_1 > 1.06 AND feature_1 <= 1.463 AND feature_0 > 0.763 AND feature_2 <= 0.453 AND feature_7 <= -0.169,"{'feature_0': (0.763, 3.845), 'feature_1': (1.06, 1.463), 'feature_2': (-3.74, 0.453), 'feature_7': (-3.746, -0.169)}",4,2.674,6,[Pretrained] CF,"[468, 710, 711, 721, 722]",2.878,2.752,OptRes,[Pretrained] CF OptRes,0.005,0,0.005,752,25,0.0838235294117647,5,0.20400000000000018,0.12600000000000033,0.3
721,feature_0 > 0.26 AND feature_1 > 1.06 AND feature_1 <= 1.463 AND feature_0 > 0.763,"{'feature_0': (0.763, 3.845), 'feature_1': (1.06, 1.463)}",2,2.508,4,[Pretrained] CF,"[468, 710, 711]",2.747,2.728,OptRes,[Pretrained] CF OptRes,0.005,0,0.005,752,88,0.22058823529411764,5,0.23899999999999988,0.018999999999999684,0.3
726,feature_0 > 0.26 AND feature_1 > 1.06 AND feature_1 <= 1.463 AND feature_0 > 0.763 AND feature_2 <= 0.453 AND feature_7 > -0.169,"{'feature_0': (0.763, 3.845), 'feature_1': (1.06, 1.463), 'feature_2': (-3.74, 0.453), 'feature_7': (-0.169, 3.492)}",4,2.484,6,[Pretrained] CF,"[468, 710, 711, 721, 722]",2.676,2.71,OptRes,[Pretrained] CF OptRes,0.005,0,0.005,752,26,0.075,5,0.19200000000000017,0.03399999999999981,0.3
707,feature_0 > 0.26 AND feature_1 <= 1.06 AND feature_0 > 0.8 AND feature_1 > 0.12 AND feature_0 > 1.421 AND feature_4 > 0.123 AND feature_0 > 1.859,"{'feature_0': (1.859, 3.845), 'feature_1': (0.12, 1.06), 'feature_4': (0.123, 3.804)}",3,2.439,7,[Pretrained] CF,"[468, 469, 583, 659, 693, 703]",3.138,3.135,OptRes,[Pretrained] CF OptRes,0.005,0,0.005,752,34,0.0,5,0.6989999999999998,0.0030000000000001137,0.3
731,feature_0 > 0.26 AND feature_1 > 1.06 AND feature_1 <= 1.463 AND feature_0 > 0.763 AND feature_2 > 0.453 AND feature_1 > 1.167,"{'feature_0': (0.763, 3.845), 'feature_1': (1.167, 1.463), 'feature_2': (0.453, 4.02)}",3,2.423,6,[Pretrained] CF,"[468, 710, 711, 721, 729]",2.739,2.759,OptRes,[Pretrained] CF OptRes,0.005,0,0.005,752,25,0.061764705882352944,5,0.31599999999999984,0.020000000000000018,0.3
731,feature_0 > 0.26 AND feature_1 > 1.06 AND feature_1 <= 1.463 AND feature_0 > 0.763 AND feature_2 > 0.453 AND feature_1 > 1.167,"{'feature_0': (0.763, 3.845), 'feature_1': (1.167, 1.463), 'feature_2': (0.453, 4.02)}",3,2.423,6,[Pretrained] CF,"[468, 710, 711, 721, 729]",2.739,2.759,ResOve,[Pretrained] CF ResOve,0.113,0,0.113,752,25,0.0,5,0.31599999999999984,0.020000000000000018,0.3
723,feature_0 > 0.26 AND feature_1 > 1.06 AND feature_1 <= 1.463 AND feature_0 > 0.763 AND feature_2 <= 0.453 AND feature_7 <= -0.169,"{'feature_0': (0.763, 3.845), 'feature_1': (1.06, 1.463), 'feature_2': (-3.74, 0.453), 'feature_7': (-3.746, -0.169)}",4,2.674,6,[Pretrained] CF,"[468, 710, 711, 721, 722]",2.878,2.752,ResOve,[Pretrained] CF ResOve,0.113,0,0.113,752,25,0.13194444444444445,5,0.20400000000000018,0.12600000000000033,0.3
722,feature_0 > 0.26 AND feature_1 > 1.06 AND feature_1 <= 1.463 AND feature_0 > 0.763 AND feature_2 <= 0.453,"{'feature_0': (0.763, 3.845), 'feature_1': (1.06, 1.463), 'feature_2': (-3.74, 0.453)}",3,2.584,5,[Pretrained] CF,"[468, 710, 711, 721]",2.782,2.731,ResOve,[Pretrained] CF ResOve,0.113,0,0.113,752,51,0.13194444444444445,5,0.19799999999999995,0.051000000000000156,0.3
707,feature_0 > 0.26 AND feature_1 <= 1.06 AND feature_0 > 0.8 AND feature_1 > 0.12 AND feature_0 > 1.421 AND feature_4 > 0.123 AND feature_0 > 1.859,"{'feature_0': (1.859, 3.845), 'feature_1': (0.12, 1.06), 'feature_4': (0.123, 3.804)}",3,2.439,7,[Pretrained] CF,"[468, 469, 583, 659, 693, 703]",3.138,3.135,ResOve,[Pretrained] CF ResOve,0.113,0,0.113,752,34,0.0,5,0.6989999999999998,0.0030000000000001137,0.3
705,feature_0 > 0.26 AND feature_1 <= 1.06 AND feature_0 > 0.8 AND feature_1 > 0.12 AND feature_0 > 1.421 AND feature_4 > 0.123 AND feature_0 <= 1.859 AND feature_3 <= 0.179,"{'feature_0': (1.421, 1.859), 'feature_1': (0.12, 1.06), 'feature_4': (0.123, 3.804), 'feature_3': (-3.667, 0.179)}",4,2.309,8,[Pretrained] CF,"[468, 469, 583, 659, 693, 703, 704]",2.567,2.577,ResOve,[Pretrained] CF ResOve,0.113,0,0.113,752,29,0.0,5,0.258,0.009999999999999787,0.3
723,feature_0 > 0.26 AND feature_1 > 1.06 AND feature_1 <= 1.463 AND feature_0 > 0.763 AND feature_2 <= 0.453 AND feature_7 <= -0.169,"{'feature_0': (0.763, 3.845), 'feature_1': (1.06, 1.463), 'feature_2': (-3.74, 0.453), 'feature_7': (-3.746, -0.169)}",4,2.674,6,[Pretrained] CF,"[468, 710, 711, 721, 722]",2.878,2.752,NoOve,[Pretrained] CF NoOve,0.023,0,0.023,752,25,0.0,5,0.20400000000000018,0.12600000000000033,0.3
726,feature_0 > 0.26 AND feature_1 > 1.06 AND feature_1 <= 1.463 AND feature_0 > 0.763 AND feature_2 <= 0.453 AND feature_7 > -0.169,"{'feature_0': (0.763, 3.845), 'feature_1': (1.06, 1.463), 'feature_2': (-3.74, 0.453), 'feature_7': (-0.169, 3.492)}",4,2.484,6,[Pretrained] CF,"[468, 710, 711, 721, 722]",2.676,2.71,NoOve,[Pretrained] CF NoOve,0.023,0,0.023,752,26,0.0,5,0.19200000000000017,0.03399999999999981,0.3
731,feature_0 > 0.26 AND feature_1 > 1.06 AND feature_1 <= 1.463 AND feature_0 > 0.763 AND feature_2 > 0.453 AND feature_1 > 1.167,"{'feature_0': (0.763, 3.845), 'feature_1': (1.167, 1.463), 'feature_2': (0.453, 4.02)}",3,2.423,6,[Pretrained] CF,"[468, 710, 711, 721, 729]",2.739,2.759,NoOve,[Pretrained] CF NoOve,0.023,0,0.023,752,25,0.0,5,0.31599999999999984,0.020000000000000018,0.3
703,feature_0 > 0.26 AND feature_1 <= 1.06 AND feature_0 > 0.8 AND feature_1 > 0.12 AND feature_0 > 1.421 AND feature_4 > 0.123,"{'feature_0': (1.421, 3.845), 'feature_1': (0.12, 1.06), 'feature_4': (0.123, 3.804)}",3,2.337,6,[Pretrained] CF,"[468, 469, 583, 659, 693]",2.834,2.878,NoOve,[Pretrained] CF NoOve,0.023,0,0.023,752,63,0.0,5,0.4969999999999999,0.04400000000000004,0.3
718,feature_0 > 0.26 AND feature_1 > 1.06 AND feature_1 <= 1.463 AND feature_0 <= 0.763 AND feature_0 > 0.334 AND feature_1 > 1.268,"{'feature_0': (0.334, 0.763), 'feature_1': (1.268, 1.463)}",2,2.318,6,[Pretrained] CF,"[468, 710, 711, 712, 714]",2.097,2.112,NoOve,[Pretrained] CF NoOve,0.023,0,0.023,752,26,0.0,5,0.22100000000000009,0.015000000000000124,0.3
742,feature_0 > 0.26 AND feature_1 > 1.06 AND feature_1 > 1.463 AND feature_0 > 0.557 AND feature_2 <= 0.652 AND feature_7 <= -0.835,"{'feature_0': (0.557, 3.845), 'feature_1': (1.463, 3.852), 'feature_2': (-3.74, 0.652), 'feature_7': (-3.746, -0.835)}",4,2.959,6,[Pretrained] CF,"[468, 710, 734, 740, 741]",3.114,3.045,OptRes,[Pretrained] CF OptRes,0.007,0,0.007,752,28,0.06756756756756757,5,0.1549999999999998,0.06899999999999995,0.4
748,feature_0 > 0.26 AND feature_1 > 1.06 AND feature_1 > 1.463 AND feature_0 > 0.557 AND feature_2 <= 0.652 AND feature_7 > -0.835 AND feature_0 > 0.767 AND feature_9 <= 0.059,"{'feature_0': (0.767, 3.845), 'feature_1': (1.463, 3.852), 'feature_2': (-3.74, 0.652), 'feature_7': (-0.835, 3.492), 'feature_9': (-3.581, 0.059)}",5,2.879,8,[Pretrained] CF,"[468, 710, 734, 740, 741, 745, 747]",3.155,3.186,OptRes,[Pretrained] CF OptRes,0.007,0,0.007,752,25,0.06418918918918919,5,0.2759999999999998,0.03100000000000014,0.4
741,feature_0 > 0.26 AND feature_1 > 1.06 AND feature_1 > 1.463 AND feature_0 > 0.557 AND feature_2 <= 0.652,"{'feature_0': (0.557, 3.845), 'feature_1': (1.463, 3.852), 'feature_2': (-3.74, 0.652)}",3,2.846,5,[Pretrained] CF,"[468, 710, 734, 740]",3.064,3.045,OptRes,[Pretrained] CF OptRes,0.007,0,0.007,752,103,0.25,5,0.21799999999999997,0.019000000000000128,0.4
749,feature_0 > 0.26 AND feature_1 > 1.06 AND feature_1 > 1.463 AND feature_0 > 0.557 AND feature_2 <= 0.652 AND feature_7 > -0.835 AND feature_0 > 0.767 AND feature_9 > 0.059,"{'feature_0': (0.767, 3.845), 'feature_1': (1.463, 3.852), 'feature_2': (-3.74, 0.652), 'feature_7': (-0.835, 3.492), 'feature_9': (0.059, 3.767)}",5,2.803,8,[Pretrained] CF,"[468, 710, 734, 740, 741, 745, 747]",3.309,3.255,OptRes,[Pretrained] CF OptRes,0.007,0,0.007,752,24,0.05912162162162162,5,0.5060000000000002,0.05400000000000027,0.4
746,feature_0 > 0.26 AND feature_1 > 1.06 AND feature_1 > 1.463 AND feature_0 > 0.557 AND feature_2 <= 0.652 AND feature_7 > -0.835 AND feature_0 <= 0.767,"{'feature_0': (0.557, 0.767), 'feature_1': (1.463, 3.852), 'feature_2': (-3.74, 0.652), 'feature_7': (-0.835, 3.492)}",4,2.722,7,[Pretrained] CF,"[468, 710, 734, 740, 741, 745]",2.664,2.718,OptRes,[Pretrained] CF OptRes,0.007,0,0.007,752,26,0.05912162162162162,5,0.05799999999999983,0.053999999999999826,0.4
750,feature_0 > 0.26 AND feature_1 > 1.06 AND feature_1 > 1.463 AND feature_0 > 0.557 AND feature_2 > 0.652,"{'feature_0': (0.557, 3.845), 'feature_1': (1.463, 3.852), 'feature_2': (0.652, 4.02)}",3,2.69,5,[Pretrained] CF,"[468, 710, 734, 740]",3.26,3.222,ResOve,[Pretrained] CF ResOve,0.112,0,0.112,752,35,0.0,5,0.5699999999999998,0.03799999999999981,0.4
749,feature_0 > 0.26 AND feature_1 > 1.06 AND feature_1 > 1.463 AND feature_0 > 0.557 AND feature_2 <= 0.652 AND feature_7 > -0.835 AND feature_0 > 0.767 AND feature_9 > 0.059,"{'feature_0': (0.767, 3.845), 'feature_1': (1.463, 3.852), 'feature_2': (-3.74, 0.652), 'feature_7': (-0.835, 3.492), 'feature_9': (0.059, 3.767)}",5,2.803,8,[Pretrained] CF,"[468, 710, 734, 740, 741, 745, 747]",3.309,3.255,ResOve,[Pretrained] CF ResOve,0.112,0,0.112,752,24,0.0,5,0.5060000000000002,0.05400000000000027,0.4
748,feature_0 > 0.26 AND feature_1 > 1.06 AND feature_1 > 1.463 AND feature_0 > 0.557 AND feature_2 <= 0.652 AND feature_7 > -0.835 AND feature_0 > 0.767 AND feature_9 <= 0.059,"{'feature_0': (0.767, 3.845), 'feature_1': (1.463, 3.852), 'feature_2': (-3.74, 0.652), 'feature_7': (-0.835, 3.492), 'feature_9': (-3.581, 0.059)}",5,2.879,8,[Pretrained] CF,"[468, 710, 734, 740, 741, 745, 747]",3.155,3.186,ResOve,[Pretrained] CF ResOve,0.112,0,0.112,752,25,0.0,5,0.2759999999999998,0.03100000000000014,0.4
742,feature_0 > 0.26 AND feature_1 > 1.06 AND feature_1 > 1.463 AND feature_0 > 0.557 AND feature_2 <= 0.652 AND feature_7 <= -0.835,"{'feature_0': (0.557, 3.845), 'feature_1': (1.463, 3.852), 'feature_2': (-3.74, 0.652), 'feature_7': (-3.746, -0.835)}",4,2.959,6,[Pretrained] CF,"[468, 710, 734, 740, 741]",3.114,3.045,ResOve,[Pretrained] CF ResOve,0.112,0,0.112,752,28,0.0,5,0.1549999999999998,0.06899999999999995,0.4
723,feature_0 > 0.26 AND feature_1 > 1.06 AND feature_1 <= 1.463 AND feature_0 > 0.763 AND feature_2 <= 0.453 AND feature_7 <= -0.169,"{'feature_0': (0.763, 3.845), 'feature_1': (1.06, 1.463), 'feature_2': (-3.74, 0.453), 'feature_7': (-3.746, -0.169)}",4,2.674,6,[Pretrained] CF,"[468, 710, 711, 721, 722]",2.878,2.905,ResOve,[Pretrained] CF ResOve,0.112,0,0.112,752,41,0.0,5,0.20400000000000018,0.02699999999999969,0.4
742,feature_0 > 0.26 AND feature_1 > 1.06 AND feature_1 > 1.463 AND feature_0 > 0.557 AND feature_2 <= 0.652 AND feature_7 <= -0.835,"{'feature_0': (0.557, 3.845), 'feature_1': (1.463, 3.852), 'feature_2': (-3.74, 0.652), 'feature_7': (-3.746, -0.835)}",4,2.959,6,[Pretrained] CF,"[468, 710, 734, 740, 741]",3.114,3.045,NoOve,[Pretrained] CF NoOve,0.016,0,0.016,752,28,0.0,5,0.1549999999999998,0.06899999999999995,0.4
745,feature_0 > 0.26 AND feature_1 > 1.06 AND feature_1 > 1.463 AND feature_0 > 0.557 AND feature_2 <= 0.652 AND feature_7 > -0.835,"{'feature_0': (0.557, 3.845), 'feature_1': (1.463, 3.852), 'feature_2': (-3.74, 0.652), 'feature_7': (-0.835, 3.492)}",4,2.804,6,[Pretrained] CF,"[468, 710, 734, 740, 741]",3.046,3.046,NoOve,[Pretrained] CF NoOve,0.016,0,0.016,752,75,0.0,5,0.242,0.0,0.4
723,feature_0 > 0.26 AND feature_1 > 1.06 AND feature_1 <= 1.463 AND feature_0 > 0.763 AND feature_2 <= 0.453 AND feature_7 <= -0.169,"{'feature_0': (0.763, 3.845), 'feature_1': (1.06, 1.463), 'feature_2': (-3.74, 0.453), 'feature_7': (-3.746, -0.169)}",4,2.674,6,[Pretrained] CF,"[468, 710, 711, 721, 722]",2.878,2.905,NoOve,[Pretrained] CF NoOve,0.016,0,0.016,752,41,0.0,5,0.20400000000000018,0.02699999999999969,0.4
739,feature_0 > 0.26 AND feature_1 > 1.06 AND feature_1 > 1.463 AND feature_0 <= 0.557 AND feature_0 > 0.352 AND feature_1 > 1.661,"{'feature_0': (0.352, 0.557), 'feature_1': (1.661, 3.852)}",2,2.668,6,[Pretrained] CF,"[468, 710, 734, 735, 737]",2.549,2.548,NoOve,[Pretrained] CF NoOve,0.016,0,0.016,752,22,0.0,5,0.11900000000000022,0.0009999999999998899,0.4
726,feature_0 > 0.26 AND feature_1 > 1.06 AND feature_1 <= 1.463 AND feature_0 > 0.763 AND feature_2 <= 0.453 AND feature_7 > -0.169,"{'feature_0': (0.763, 3.845), 'feature_1': (1.06, 1.463), 'feature_2': (-3.74, 0.453), 'feature_7': (-0.169, 3.492)}",4,2.484,6,[Pretrained] CF,"[468, 710, 711, 721, 722]",2.676,2.684,NoOve,[Pretrained] CF NoOve,0.016,0,0.016,752,34,0.0,5,0.19200000000000017,0.008000000000000007,0.4
742,feature_0 > 0.26 AND feature_1 > 1.06 AND feature_1 > 1.463 AND feature_0 > 0.557 AND feature_2 <= 0.652 AND feature_7 <= -0.835,"{'feature_0': (0.557, 3.845), 'feature_1': (1.463, 3.852), 'feature_2': (-3.74, 0.652), 'feature_7': (-3.746, -0.835)}",4,2.959,6,[Pretrained] CF,"[468, 710, 734, 740, 741]",3.114,3.143,OptRes,[Pretrained] CF OptRes,0.007,0,0.007,752,35,0.06756756756756757,5,0.1549999999999998,0.028999999999999915,0.5
748,feature_0 > 0.26 AND feature_1 > 1.06 AND feature_1 > 1.463 AND feature_0 > 0.557 AND feature_2 <= 0.652 AND feature_7 > -0.835 AND feature_0 > 0.767 AND feature_9 <= 0.059,"{'feature_0': (0.767, 3.845), 'feature_1': (1.463, 3.852), 'feature_2': (-3.74, 0.652), 'feature_7': (-0.835, 3.492), 'feature_9': (-3.581, 0.059)}",5,2.879,8,[Pretrained] CF,"[468, 710, 734, 740, 741, 745, 747]",3.155,3.168,OptRes,[Pretrained] CF OptRes,0.007,0,0.007,752,33,0.06418918918918919,5,0.2759999999999998,0.013000000000000345,0.5
741,feature_0 > 0.26 AND feature_1 > 1.06 AND feature_1 > 1.463 AND feature_0 > 0.557 AND feature_2 <= 0.652,"{'feature_0': (0.557, 3.845), 'feature_1': (1.463, 3.852), 'feature_2': (-3.74, 0.652)}",3,2.846,5,[Pretrained] CF,"[468, 710, 734, 740]",3.064,3.055,OptRes,[Pretrained] CF OptRes,0.007,0,0.007,752,132,0.25,5,0.21799999999999997,0.008999999999999897,0.5
749,feature_0 > 0.26 AND feature_1 > 1.06 AND feature_1 > 1.463 AND feature_0 > 0.557 AND feature_2 <= 0.652 AND feature_7 > -0.835 AND feature_0 > 0.767 AND feature_9 > 0.059,"{'feature_0': (0.767, 3.845), 'feature_1': (1.463, 3.852), 'feature_2': (-3.74, 0.652), 'feature_7': (-0.835, 3.492), 'feature_9': (0.059, 3.767)}",5,2.803,8,[Pretrained] CF,"[468, 710, 734, 740, 741, 745, 747]",3.309,3.226,OptRes,[Pretrained] CF OptRes,0.007,0,0.007,752,32,0.05912162162162162,5,0.5060000000000002,0.08300000000000018,0.5
746,feature_0 > 0.26 AND feature_1 > 1.06 AND feature_1 > 1.463 AND feature_0 > 0.557 AND feature_2 <= 0.652 AND feature_7 > -0.835 AND feature_0 <= 0.767,"{'feature_0': (0.557, 0.767), 'feature_1': (1.463, 3.852), 'feature_2': (-3.74, 0.652), 'feature_7': (-0.835, 3.492)}",4,2.722,7,[Pretrained] CF,"[468, 710, 734, 740, 741, 745]",2.664,2.672,OptRes,[Pretrained] CF OptRes,0.007,0,0.007,752,32,0.05912162162162162,5,0.05799999999999983,0.008000000000000007,0.5
752,feature_0 > 0.26 AND feature_1 > 1.06 AND feature_1 > 1.463 AND feature_0 > 0.557 AND feature_2 > 0.652 AND feature_1 > 1.686,"{'feature_0': (0.557, 3.845), 'feature_1': (1.686, 3.852), 'feature_2': (0.652, 4.02)}",3,2.72,6,[Pretrained] CF,"[468, 710, 734, 740, 750]",3.443,3.395,ResOve,[Pretrained] CF ResOve,0.11,0,0.11,752,26,0.0,5,0.7229999999999999,0.04800000000000004,0.5
748,feature_0 > 0.26 AND feature_1 > 1.06 AND feature_1 > 1.463 AND feature_0 > 0.557 AND feature_2 <= 0.652 AND feature_7 > -0.835 AND feature_0 > 0.767 AND feature_9 <= 0.059,"{'feature_0': (0.767, 3.845), 'feature_1': (1.463, 3.852), 'feature_2': (-3.74, 0.652), 'feature_7': (-0.835, 3.492), 'feature_9': (-3.581, 0.059)}",5,2.879,8,[Pretrained] CF,"[468, 710, 734, 740, 741, 745, 747]",3.155,3.168,ResOve,[Pretrained] CF ResOve,0.11,0,0.11,752,33,0.0,5,0.2759999999999998,0.013000000000000345,0.5
746,feature_0 > 0.26 AND feature_1 > 1.06 AND feature_1 > 1.463 AND feature_0 > 0.557 AND feature_2 <= 0.652 AND feature_7 > -0.835 AND feature_0 <= 0.767,"{'feature_0': (0.557, 0.767), 'feature_1': (1.463, 3.852), 'feature_2': (-3.74, 0.652), 'feature_7': (-0.835, 3.492)}",4,2.722,7,[Pretrained] CF,"[468, 710, 734, 740, 741, 745]",2.664,2.672,ResOve,[Pretrained] CF ResOve,0.11,0,0.11,752,32,0.0,5,0.05799999999999983,0.008000000000000007,0.5
742,feature_0 > 0.26 AND feature_1 > 1.06 AND feature_1 > 1.463 AND feature_0 > 0.557 AND feature_2 <= 0.652 AND feature_7 <= -0.835,"{'feature_0': (0.557, 3.845), 'feature_1': (1.463, 3.852), 'feature_2': (-3.74, 0.652), 'feature_7': (-3.746, -0.835)}",4,2.959,6,[Pretrained] CF,"[468, 710, 734, 740, 741]",3.114,3.143,ResOve,[Pretrained] CF ResOve,0.11,0,0.11,752,35,0.0,5,0.1549999999999998,0.028999999999999915,0.5
723,feature_0 > 0.26 AND feature_1 > 1.06 AND feature_1 <= 1.463 AND feature_0 > 0.763 AND feature_2 <= 0.453 AND feature_7 <= -0.169,"{'feature_0': (0.763, 3.845), 'feature_1': (1.06, 1.463), 'feature_2': (-3.74, 0.453), 'feature_7': (-3.746, -0.169)}",4,2.674,6,[Pretrained] CF,"[468, 710, 711, 721, 722]",2.878,2.874,ResOve,[Pretrained] CF ResOve,0.11,0,0.11,752,55,0.0,5,0.20400000000000018,0.0040000000000000036,0.5
742,feature_0 > 0.26 AND feature_1 > 1.06 AND feature_1 > 1.463 AND feature_0 > 0.557 AND feature_2 <= 0.652 AND feature_7 <= -0.835,"{'feature_0': (0.557, 3.845), 'feature_1': (1.463, 3.852), 'feature_2': (-3.74, 0.652), 'feature_7': (-3.746, -0.835)}",4,2.959,6,[Pretrained] CF,"[468, 710, 734, 740, 741]",3.114,3.143,NoOve,[Pretrained] CF NoOve,0.011,0,0.011,752,35,0.0,5,0.1549999999999998,0.028999999999999915,0.5
745,feature_0 > 0.26 AND feature_1 > 1.06 AND feature_1 > 1.463 AND feature_0 > 0.557 AND feature_2 <= 0.652 AND feature_7 > -0.835,"{'feature_0': (0.557, 3.845), 'feature_1': (1.463, 3.852), 'feature_2': (-3.74, 0.652), 'feature_7': (-0.835, 3.492)}",4,2.804,6,[Pretrained] CF,"[468, 710, 734, 740, 741]",3.046,3.023,NoOve,[Pretrained] CF NoOve,0.011,0,0.011,752,97,0.0,5,0.242,0.022999999999999687,0.5
752,feature_0 > 0.26 AND feature_1 > 1.06 AND feature_1 > 1.463 AND feature_0 > 0.557 AND feature_2 > 0.652 AND feature_1 > 1.686,"{'feature_0': (0.557, 3.845), 'feature_1': (1.686, 3.852), 'feature_2': (0.652, 4.02)}",3,2.72,6,[Pretrained] CF,"[468, 710, 734, 740, 750]",3.443,3.395,NoOve,[Pretrained] CF NoOve,0.011,0,0.011,752,26,0.0,5,0.7229999999999999,0.04800000000000004,0.5
723,feature_0 > 0.26 AND feature_1 > 1.06 AND feature_1 <= 1.463 AND feature_0 > 0.763 AND feature_2 <= 0.453 AND feature_7 <= -0.169,"{'feature_0': (0.763, 3.845), 'feature_1': (1.06, 1.463), 'feature_2': (-3.74, 0.453), 'feature_7': (-3.746, -0.169)}",4,2.674,6,[Pretrained] CF,"[468, 710, 711, 721, 722]",2.878,2.874,NoOve,[Pretrained] CF NoOve,0.011,0,0.011,752,55,0.0,5,0.20400000000000018,0.0040000000000000036,0.5
739,feature_0 > 0.26 AND feature_1 > 1.06 AND feature_1 > 1.463 AND feature_0 <= 0.557 AND feature_0 > 0.352 AND feature_1 > 1.661,"{'feature_0': (0.352, 0.557), 'feature_1': (1.661, 3.852)}",2,2.668,6,[Pretrained] CF,"[468, 710, 734, 735, 737]",2.549,2.552,NoOve,[Pretrained] CF NoOve,0.011,0,0.011,752,27,0.0,5,0.11900000000000022,0.0030000000000001137,0.5
742,feature_0 > 0.26 AND feature_1 > 1.06 AND feature_1 > 1.463 AND feature_0 > 0.557 AND feature_2 <= 0.652 AND feature_7 <= -0.835,"{'feature_0': (0.557, 3.845), 'feature_1': (1.463, 3.852), 'feature_2': (-3.74, 0.652), 'feature_7': (-3.746, -0.835)}",4,2.959,6,[Pretrained] CF,"[468, 710, 734, 740, 741]",3.114,3.104,OptRes,[Pretrained] CF OptRes,0.008,0,0.008,752,31,0.06756756756756757,5,0.1549999999999998,0.009999999999999787,0.1
748,feature_0 > 0.26 AND feature_1 > 1.06 AND feature_1 > 1.463 AND feature_0 > 0.557 AND feature_2 <= 0.652 AND feature_7 > -0.835 AND feature_0 > 0.767 AND feature_9 <= 0.059,"{'feature_0': (0.767, 3.845), 'feature_1': (1.463, 3.852), 'feature_2': (-3.74, 0.652), 'feature_7': (-0.835, 3.492), 'feature_9': (-3.581, 0.059)}",5,2.879,8,[Pretrained] CF,"[468, 710, 734, 740, 741, 745, 747]",3.155,3.148,OptRes,[Pretrained] CF OptRes,0.008,0,0.008,752,30,0.06418918918918919,5,0.2759999999999998,0.006999999999999673,0.1
741,feature_0 > 0.26 AND feature_1 > 1.06 AND feature_1 > 1.463 AND feature_0 > 0.557 AND feature_2 <= 0.652,"{'feature_0': (0.557, 3.845), 'feature_1': (1.463, 3.852), 'feature_2': (-3.74, 0.652)}",3,2.846,5,[Pretrained] CF,"[468, 710, 734, 740]",3.064,3.071,OptRes,[Pretrained] CF OptRes,0.008,0,0.008,752,117,0.25,5,0.21799999999999997,0.007000000000000117,0.1
749,feature_0 > 0.26 AND feature_1 > 1.06 AND feature_1 > 1.463 AND feature_0 > 0.557 AND feature_2 <= 0.652 AND feature_7 > -0.835 AND feature_0 > 0.767 AND feature_9 > 0.059,"{'feature_0': (0.767, 3.845), 'feature_1': (1.463, 3.852), 'feature_2': (-3.74, 0.652), 'feature_7': (-0.835, 3.492), 'feature_9': (0.059, 3.767)}",5,2.803,8,[Pretrained] CF,"[468, 710, 734, 740, 741, 745, 747]",3.309,3.342,OptRes,[Pretrained] CF OptRes,0.008,0,0.008,752,28,0.05912162162162162,5,0.5060000000000002,0.03299999999999992,0.1
746,feature_0 > 0.26 AND feature_1 > 1.06 AND feature_1 > 1.463 AND feature_0 > 0.557 AND feature_2 <= 0.652 AND feature_7 > -0.835 AND feature_0 <= 0.767,"{'feature_0': (0.557, 0.767), 'feature_1': (1.463, 3.852), 'feature_2': (-3.74, 0.652), 'feature_7': (-0.835, 3.492)}",4,2.722,7,[Pretrained] CF,"[468, 710, 734, 740, 741, 745]",2.664,2.68,OptRes,[Pretrained] CF OptRes,0.008,0,0.008,752,28,0.05912162162162162,5,0.05799999999999983,0.016000000000000014,0.1
752,feature_0 > 0.26 AND feature_1 > 1.06 AND feature_1 > 1.463 AND feature_0 > 0.557 AND feature_2 > 0.652 AND feature_1 > 1.686,"{'feature_0': (0.557, 3.845), 'feature_1': (1.686, 3.852), 'feature_2': (0.652, 4.02)}",3,2.72,6,[Pretrained] CF,"[468, 710, 734, 740, 750]",3.443,3.456,ResOve,[Pretrained] CF ResOve,0.108,0,0.108,752,26,0.0,5,0.7229999999999999,0.0129999999999999,0.1
749,feature_0 > 0.26 AND feature_1 > 1.06 AND feature_1 > 1.463 AND feature_0 > 0.557 AND feature_2 <= 0.652 AND feature_7 > -0.835 AND feature_0 > 0.767 AND feature_9 > 0.059,"{'feature_0': (0.767, 3.845), 'feature_1': (1.463, 3.852), 'feature_2': (-3.74, 0.652), 'feature_7': (-0.835, 3.492), 'feature_9': (0.059, 3.767)}",5,2.803,8,[Pretrained] CF,"[468, 710, 734, 740, 741, 745, 747]",3.309,3.342,ResOve,[Pretrained] CF ResOve,0.108,0,0.108,752,28,0.0,5,0.5060000000000002,0.03299999999999992,0.1
748,feature_0 > 0.26 AND feature_1 > 1.06 AND feature_1 > 1.463 AND feature_0 > 0.557 AND feature_2 <= 0.652 AND feature_7 > -0.835 AND feature_0 > 0.767 AND feature_9 <= 0.059,"{'feature_0': (0.767, 3.845), 'feature_1': (1.463, 3.852), 'feature_2': (-3.74, 0.652), 'feature_7': (-0.835, 3.492), 'feature_9': (-3.581, 0.059)}",5,2.879,8,[Pretrained] CF,"[468, 710, 734, 740, 741, 745, 747]",3.155,3.148,ResOve,[Pretrained] CF ResOve,0.108,0,0.108,752,30,0.0,5,0.2759999999999998,0.006999999999999673,0.1
742,feature_0 > 0.26 AND feature_1 > 1.06 AND feature_1 > 1.463 AND feature_0 > 0.557 AND feature_2 <= 0.652 AND feature_7 <= -0.835,"{'feature_0': (0.557, 3.845), 'feature_1': (1.463, 3.852), 'feature_2': (-3.74, 0.652), 'feature_7': (-3.746, -0.835)}",4,2.959,6,[Pretrained] CF,"[468, 710, 734, 740, 741]",3.114,3.104,ResOve,[Pretrained] CF ResOve,0.108,0,0.108,752,31,0.0,5,0.1549999999999998,0.009999999999999787,0.1
723,feature_0 > 0.26 AND feature_1 > 1.06 AND feature_1 <= 1.463 AND feature_0 > 0.763 AND feature_2 <= 0.453 AND feature_7 <= -0.169,"{'feature_0': (0.763, 3.845), 'feature_1': (1.06, 1.463), 'feature_2': (-3.74, 0.453), 'feature_7': (-3.746, -0.169)}",4,2.674,6,[Pretrained] CF,"[468, 710, 711, 721, 722]",2.878,2.896,ResOve,[Pretrained] CF ResOve,0.108,0,0.108,752,45,0.0,5,0.20400000000000018,0.017999999999999794,0.1
742,feature_0 > 0.26 AND feature_1 > 1.06 AND feature_1 > 1.463 AND feature_0 > 0.557 AND feature_2 <= 0.652 AND feature_7 <= -0.835,"{'feature_0': (0.557, 3.845), 'feature_1': (1.463, 3.852), 'feature_2': (-3.74, 0.652), 'feature_7': (-3.746, -0.835)}",4,2.959,6,[Pretrained] CF,"[468, 710, 734, 740, 741]",3.114,3.104,NoOve,[Pretrained] CF NoOve,0.012,0,0.012,752,31,0.0,5,0.1549999999999998,0.009999999999999787,0.1
745,feature_0 > 0.26 AND feature_1 > 1.06 AND feature_1 > 1.463 AND feature_0 > 0.557 AND feature_2 <= 0.652 AND feature_7 > -0.835,"{'feature_0': (0.557, 3.845), 'feature_1': (1.463, 3.852), 'feature_2': (-3.74, 0.652), 'feature_7': (-0.835, 3.492)}",4,2.804,6,[Pretrained] CF,"[468, 710, 734, 740, 741]",3.046,3.059,NoOve,[Pretrained] CF NoOve,0.012,0,0.012,752,86,0.0,5,0.242,0.013000000000000345,0.1
752,feature_0 > 0.26 AND feature_1 > 1.06 AND feature_1 > 1.463 AND feature_0 > 0.557 AND feature_2 > 0.652 AND feature_1 > 1.686,"{'feature_0': (0.557, 3.845), 'feature_1': (1.686, 3.852), 'feature_2': (0.652, 4.02)}",3,2.72,6,[Pretrained] CF,"[468, 710, 734, 740, 750]",3.443,3.456,NoOve,[Pretrained] CF NoOve,0.012,0,0.012,752,26,0.0,5,0.7229999999999999,0.0129999999999999,0.1
723,feature_0 > 0.26 AND feature_1 > 1.06 AND feature_1 <= 1.463 AND feature_0 > 0.763 AND feature_2 <= 0.453 AND feature_7 <= -0.169,"{'feature_0': (0.763, 3.845), 'feature_1': (1.06, 1.463), 'feature_2': (-3.74, 0.453), 'feature_7': (-3.746, -0.169)}",4,2.674,6,[Pretrained] CF,"[468, 710, 711, 721, 722]",2.878,2.896,NoOve,[Pretrained] CF NoOve,0.012,0,0.012,752,45,0.0,5,0.20400000000000018,0.017999999999999794,0.1
739,feature_0 > 0.26 AND feature_1 > 1.06 AND feature_1 > 1.463 AND feature_0 <= 0.557 AND feature_0 > 0.352 AND feature_1 > 1.661,"{'feature_0': (0.352, 0.557), 'feature_1': (1.661, 3.852)}",2,2.668,6,[Pretrained] CF,"[468, 710, 734, 735, 737]",2.549,2.552,NoOve,[Pretrained] CF NoOve,0.012,0,0.012,752,23,0.0,5,0.11900000000000022,0.0030000000000001137,0.1
742,feature_0 > 0.26 AND feature_1 > 1.06 AND feature_1 > 1.463 AND feature_0 > 0.557 AND feature_2 <= 0.652 AND feature_7 <= -0.835,"{'feature_0': (0.557, 3.845), 'feature_1': (1.463, 3.852), 'feature_2': (-3.74, 0.652), 'feature_7': (-3.746, -0.835)}",4,2.959,6,[Pretrained] CF,"[468, 710, 734, 740, 741]",3.114,3.102,OptRes,[Pretrained] CF OptRes,0.007,0,0.007,752,27,0.06756756756756757,5,0.1549999999999998,0.01200000000000001,0.2
748,feature_0 > 0.26 AND feature_1 > 1.06 AND feature_1 > 1.463 AND feature_0 > 0.557 AND feature_2 <= 0.652 AND feature_7 > -0.835 AND feature_0 > 0.767 AND feature_9 <= 0.059,"{'feature_0': (0.767, 3.845), 'feature_1': (1.463, 3.852), 'feature_2': (-3.74, 0.652), 'feature_7': (-0.835, 3.492), 'feature_9': (-3.581, 0.059)}",5,2.879,8,[Pretrained] CF,"[468, 710, 734, 740, 741, 745, 747]",3.155,3.046,OptRes,[Pretrained] CF OptRes,0.007,0,0.007,752,21,0.06418918918918919,5,0.2759999999999998,0.10899999999999999,0.2
741,feature_0 > 0.26 AND feature_1 > 1.06 AND feature_1 > 1.463 AND feature_0 > 0.557 AND feature_2 <= 0.652,"{'feature_0': (0.557, 3.845), 'feature_1': (1.463, 3.852), 'feature_2': (-3.74, 0.652)}",3,2.846,5,[Pretrained] CF,"[468, 710, 734, 740]",3.064,3.052,OptRes,[Pretrained] CF OptRes,0.007,0,0.007,752,89,0.19087837837837837,5,0.21799999999999997,0.01200000000000001,0.2
746,feature_0 > 0.26 AND feature_1 > 1.06 AND feature_1 > 1.463 AND feature_0 > 0.557 AND feature_2 <= 0.652 AND feature_7 > -0.835 AND feature_0 <= 0.767,"{'feature_0': (0.557, 0.767), 'feature_1': (1.463, 3.852), 'feature_2': (-3.74, 0.652), 'feature_7': (-0.835, 3.492)}",4,2.722,7,[Pretrained] CF,"[468, 710, 734, 740, 741, 745]",2.664,2.697,OptRes,[Pretrained] CF OptRes,0.007,0,0.007,752,21,0.05912162162162162,5,0.05799999999999983,0.03299999999999992,0.2
750,feature_0 > 0.26 AND feature_1 > 1.06 AND feature_1 > 1.463 AND feature_0 > 0.557 AND feature_2 > 0.652,"{'feature_0': (0.557, 3.845), 'feature_1': (1.463, 3.852), 'feature_2': (0.652, 4.02)}",3,2.69,5,[Pretrained] CF,"[468, 710, 734, 740]",3.26,3.279,OptRes,[Pretrained] CF OptRes,0.007,0,0.007,752,26,0.0,5,0.5699999999999998,0.019000000000000128,0.2
746,feature_0 > 0.26 AND feature_1 > 1.06 AND feature_1 > 1.463 AND feature_0 > 0.557 AND feature_2 <= 0.652 AND feature_7 > -0.835 AND feature_0 <= 0.767,"{'feature_0': (0.557, 0.767), 'feature_1': (1.463, 3.852), 'feature_2': (-3.74, 0.652), 'feature_7': (-0.835, 3.492)}",4,2.722,7,[Pretrained] CF,"[468, 710, 734, 740, 741, 745]",2.664,2.697,ResOve,[Pretrained] CF ResOve,0.119,0,0.119,752,21,0.0,5,0.05799999999999983,0.03299999999999992,0.2
742,feature_0 > 0.26 AND feature_1 > 1.06 AND feature_1 > 1.463 AND feature_0 > 0.557 AND feature_2 <= 0.652 AND feature_7 <= -0.835,"{'feature_0': (0.557, 3.845), 'feature_1': (1.463, 3.852), 'feature_2': (-3.74, 0.652), 'feature_7': (-3.746, -0.835)}",4,2.959,6,[Pretrained] CF,"[468, 710, 734, 740, 741]",3.114,3.102,ResOve,[Pretrained] CF ResOve,0.119,0,0.119,752,27,0.0,5,0.1549999999999998,0.01200000000000001,0.2
750,feature_0 > 0.26 AND feature_1 > 1.06 AND feature_1 > 1.463 AND feature_0 > 0.557 AND feature_2 > 0.652,"{'feature_0': (0.557, 3.845), 'feature_1': (1.463, 3.852), 'feature_2': (0.652, 4.02)}",3,2.69,5,[Pretrained] CF,"[468, 710, 734, 740]",3.26,3.279,ResOve,[Pretrained] CF ResOve,0.119,0,0.119,752,26,0.0,5,0.5699999999999998,0.019000000000000128,0.2
748,feature_0 > 0.26 AND feature_1 > 1.06 AND feature_1 > 1.463 AND feature_0 > 0.557 AND feature_2 <= 0.652 AND feature_7 > -0.835 AND feature_0 > 0.767 AND feature_9 <= 0.059,"{'feature_0': (0.767, 3.845), 'feature_1': (1.463, 3.852), 'feature_2': (-3.74, 0.652), 'feature_7': (-0.835, 3.492), 'feature_9': (-3.581, 0.059)}",5,2.879,8,[Pretrained] CF,"[468, 710, 734, 740, 741, 745, 747]",3.155,3.046,ResOve,[Pretrained] CF ResOve,0.119,0,0.119,752,21,0.13013698630136986,5,0.2759999999999998,0.10899999999999999,0.2
747,feature_0 > 0.26 AND feature_1 > 1.06 AND feature_1 > 1.463 AND feature_0 > 0.557 AND feature_2 <= 0.652 AND feature_7 > -0.835 AND feature_0 > 0.767,"{'feature_0': (0.767, 3.845), 'feature_1': (1.463, 3.852), 'feature_2': (-3.74, 0.652), 'feature_7': (-0.835, 3.492)}",4,2.842,7,[Pretrained] CF,"[468, 710, 734, 740, 741, 745]",3.229,3.201,ResOve,[Pretrained] CF ResOve,0.119,0,0.119,752,41,0.13013698630136986,5,0.387,0.028000000000000025,0.2
742,feature_0 > 0.26 AND feature_1 > 1.06 AND feature_1 > 1.463 AND feature_0 > 0.557 AND feature_2 <= 0.652 AND feature_7 <= -0.835,"{'feature_0': (0.557, 3.845), 'feature_1': (1.463, 3.852), 'feature_2': (-3.74, 0.652), 'feature_7': (-3.746, -0.835)}",4,2.959,6,[Pretrained] CF,"[468, 710, 734, 740, 741]",3.114,3.102,NoOve,[Pretrained] CF NoOve,0.021,0,0.021,752,27,0.0,5,0.1549999999999998,0.01200000000000001,0.2
745,feature_0 > 0.26 AND feature_1 > 1.06 AND feature_1 > 1.463 AND feature_0 > 0.557 AND feature_2 <= 0.652 AND feature_7 > -0.835,"{'feature_0': (0.557, 3.845), 'feature_1': (1.463, 3.852), 'feature_2': (-3.74, 0.652), 'feature_7': (-0.835, 3.492)}",4,2.804,6,[Pretrained] CF,"[468, 710, 734, 740, 741]",3.046,3.03,NoOve,[Pretrained] CF NoOve,0.021,0,0.021,752,62,0.0,5,0.242,0.016000000000000014,0.2
723,feature_0 > 0.26 AND feature_1 > 1.06 AND feature_1 <= 1.463 AND feature_0 > 0.763 AND feature_2 <= 0.453 AND feature_7 <= -0.169,"{'feature_0': (0.763, 3.845), 'feature_1': (1.06, 1.463), 'feature_2': (-3.74, 0.453), 'feature_7': (-3.746, -0.169)}",4,2.674,6,[Pretrained] CF,"[468, 710, 711, 721, 722]",2.878,2.818,NoOve,[Pretrained] CF NoOve,0.021,0,0.021,752,27,0.0,5,0.20400000000000018,0.06000000000000005,0.2
726,feature_0 > 0.26 AND feature_1 > 1.06 AND feature_1 <= 1.463 AND feature_0 > 0.763 AND feature_2 <= 0.453 AND feature_7 > -0.169,"{'feature_0': (0.763, 3.845), 'feature_1': (1.06, 1.463), 'feature_2': (-3.74, 0.453), 'feature_7': (-0.169, 3.492)}",4,2.484,6,[Pretrained] CF,"[468, 710, 711, 721, 722]",2.676,2.622,NoOve,[Pretrained] CF NoOve,0.021,0,0.021,752,27,0.0,5,0.19200000000000017,0.05400000000000027,0.2
703,feature_0 > 0.26 AND feature_1 <= 1.06 AND feature_0 > 0.8 AND feature_1 > 0.12 AND feature_0 > 1.421 AND feature_4 > 0.123,"{'feature_0': (1.421, 3.845), 'feature_1': (0.12, 1.06), 'feature_4': (0.123, 3.804)}",3,2.337,6,[Pretrained] CF,"[468, 469, 583, 659, 693]",2.834,2.834,NoOve,[Pretrained] CF NoOve,0.021,0,0.021,752,115,0.0,5,0.4969999999999999,0.0,0.2
742,feature_0 > 0.26 AND feature_1 > 1.06 AND feature_1 > 1.463 AND feature_0 > 0.557 AND feature_2 <= 0.652 AND feature_7 <= -0.835,"{'feature_0': (0.557, 3.845), 'feature_1': (1.463, 3.852), 'feature_2': (-3.74, 0.652), 'feature_7': (-3.746, -0.835)}",4,2.959,6,[Pretrained] CF,"[468, 710, 734, 740, 741]",3.114,3.128,OptRes,[Pretrained] CF OptRes,0.008,0,0.008,752,28,0.06756756756756757,5,0.1549999999999998,0.014000000000000234,0.3
748,feature_0 > 0.26 AND feature_1 > 1.06 AND feature_1 > 1.463 AND feature_0 > 0.557 AND feature_2 <= 0.652 AND feature_7 > -0.835 AND feature_0 > 0.767 AND feature_9 <= 0.059,"{'feature_0': (0.767, 3.845), 'feature_1': (1.463, 3.852), 'feature_2': (-3.74, 0.652), 'feature_7': (-0.835, 3.492), 'feature_9': (-3.581, 0.059)}",5,2.879,8,[Pretrained] CF,"[468, 710, 734, 740, 741, 745, 747]",3.155,3.079,OptRes,[Pretrained] CF OptRes,0.008,0,0.008,752,25,0.06418918918918919,5,0.2759999999999998,0.07599999999999962,0.3
741,feature_0 > 0.26 AND feature_1 > 1.06 AND feature_1 > 1.463 AND feature_0 > 0.557 AND feature_2 <= 0.652,"{'feature_0': (0.557, 3.845), 'feature_1': (1.463, 3.852), 'feature_2': (-3.74, 0.652)}",3,2.846,5,[Pretrained] CF,"[468, 710, 734, 740]",3.064,3.064,OptRes,[Pretrained] CF OptRes,0.008,0,0.008,752,95,0.19087837837837837,5,0.21799999999999997,0.0,0.3
746,feature_0 > 0.26 AND feature_1 > 1.06 AND feature_1 > 1.463 AND feature_0 > 0.557 AND feature_2 <= 0.652 AND feature_7 > -0.835 AND feature_0 <= 0.767,"{'feature_0': (0.557, 0.767), 'feature_1': (1.463, 3.852), 'feature_2': (-3.74, 0.652), 'feature_7': (-0.835, 3.492)}",4,2.722,7,[Pretrained] CF,"[468, 710, 734, 740, 741, 745]",2.664,2.694,OptRes,[Pretrained] CF OptRes,0.008,0,0.008,752,22,0.05912162162162162,5,0.05799999999999983,0.029999999999999805,0.3
723,feature_0 > 0.26 AND feature_1 > 1.06 AND feature_1 <= 1.463 AND feature_0 > 0.763 AND feature_2 <= 0.453 AND feature_7 <= -0.169,"{'feature_0': (0.763, 3.845), 'feature_1': (1.06, 1.463), 'feature_2': (-3.74, 0.453), 'feature_7': (-3.746, -0.169)}",4,2.674,6,[Pretrained] CF,"[468, 710, 711, 721, 722]",2.878,2.794,OptRes,[Pretrained] CF OptRes,0.008,0,0.008,752,30,0.0,5,0.20400000000000018,0.08400000000000007,0.3
748,feature_0 > 0.26 AND feature_1 > 1.06 AND feature_1 > 1.463 AND feature_0 > 0.557 AND feature_2 <= 0.652 AND feature_7 > -0.835 AND feature_0 > 0.767 AND feature_9 <= 0.059,"{'feature_0': (0.767, 3.845), 'feature_1': (1.463, 3.852), 'feature_2': (-3.74, 0.652), 'feature_7': (-0.835, 3.492), 'feature_9': (-3.581, 0.059)}",5,2.879,8,[Pretrained] CF,"[468, 710, 734, 740, 741, 745, 747]",3.155,3.079,ResOve,[Pretrained] CF ResOve,0.129,0,0.129,752,25,0.13013698630136986,5,0.2759999999999998,0.07599999999999962,0.3
747,feature_0 > 0.26 AND feature_1 > 1.06 AND feature_1 > 1.463 AND feature_0 > 0.557 AND feature_2 <= 0.652 AND feature_7 > -0.835 AND feature_0 > 0.767,"{'feature_0': (0.767, 3.845), 'feature_1': (1.463, 3.852), 'feature_2': (-3.74, 0.652), 'feature_7': (-0.835, 3.492)}",4,2.842,7,[Pretrained] CF,"[468, 710, 734, 740, 741, 745]",3.229,3.206,ResOve,[Pretrained] CF ResOve,0.129,0,0.129,752,45,0.13013698630136986,5,0.387,0.02300000000000013,0.3
746,feature_0 > 0.26 AND feature_1 > 1.06 AND feature_1 > 1.463 AND feature_0 > 0.557 AND feature_2 <= 0.652 AND feature_7 > -0.835 AND feature_0 <= 0.767,"{'feature_0': (0.557, 0.767), 'feature_1': (1.463, 3.852), 'feature_2': (-3.74, 0.652), 'feature_7': (-0.835, 3.492)}",4,2.722,7,[Pretrained] CF,"[468, 710, 734, 740, 741, 745]",2.664,2.694,ResOve,[Pretrained] CF ResOve,0.129,0,0.129,752,22,0.0,5,0.05799999999999983,0.029999999999999805,0.3
742,feature_0 > 0.26 AND feature_1 > 1.06 AND feature_1 > 1.463 AND feature_0 > 0.557 AND feature_2 <= 0.652 AND feature_7 <= -0.835,"{'feature_0': (0.557, 3.845), 'feature_1': (1.463, 3.852), 'feature_2': (-3.74, 0.652), 'feature_7': (-3.746, -0.835)}",4,2.959,6,[Pretrained] CF,"[468, 710, 734, 740, 741]",3.114,3.128,ResOve,[Pretrained] CF ResOve,0.129,0,0.129,752,28,0.0,5,0.1549999999999998,0.014000000000000234,0.3
723,feature_0 > 0.26 AND feature_1 > 1.06 AND feature_1 <= 1.463 AND feature_0 > 0.763 AND feature_2 <= 0.453 AND feature_7 <= -0.169,"{'feature_0': (0.763, 3.845), 'feature_1': (1.06, 1.463), 'feature_2': (-3.74, 0.453), 'feature_7': (-3.746, -0.169)}",4,2.674,6,[Pretrained] CF,"[468, 710, 711, 721, 722]",2.878,2.794,ResOve,[Pretrained] CF ResOve,0.129,0,0.129,752,30,0.0,5,0.20400000000000018,0.08400000000000007,0.3
742,feature_0 > 0.26 AND feature_1 > 1.06 AND feature_1 > 1.463 AND feature_0 > 0.557 AND feature_2 <= 0.652 AND feature_7 <= -0.835,"{'feature_0': (0.557, 3.845), 'feature_1': (1.463, 3.852), 'feature_2': (-3.74, 0.652), 'feature_7': (-3.746, -0.835)}",4,2.959,6,[Pretrained] CF,"[468, 710, 734, 740, 741]",3.114,3.128,NoOve,[Pretrained] CF NoOve,0.027,0,0.027,752,28,0.0,5,0.1549999999999998,0.014000000000000234,0.3
745,feature_0 > 0.26 AND feature_1 > 1.06 AND feature_1 > 1.463 AND feature_0 > 0.557 AND feature_2 <= 0.652 AND feature_7 > -0.835,"{'feature_0': (0.557, 3.845), 'feature_1': (1.463, 3.852), 'feature_2': (-3.74, 0.652), 'feature_7': (-0.835, 3.492)}",4,2.804,6,[Pretrained] CF,"[468, 710, 734, 740, 741]",3.046,3.038,NoOve,[Pretrained] CF NoOve,0.027,0,0.027,752,67,0.0,5,0.242,0.008000000000000007,0.3
723,feature_0 > 0.26 AND feature_1 > 1.06 AND feature_1 <= 1.463 AND feature_0 > 0.763 AND feature_2 <= 0.453 AND feature_7 <= -0.169,"{'feature_0': (0.763, 3.845), 'feature_1': (1.06, 1.463), 'feature_2': (-3.74, 0.453), 'feature_7': (-3.746, -0.169)}",4,2.674,6,[Pretrained] CF,"[468, 710, 711, 721, 722]",2.878,2.794,NoOve,[Pretrained] CF NoOve,0.027,0,0.027,752,30,0.0,5,0.20400000000000018,0.08400000000000007,0.3
726,feature_0 > 0.26 AND feature_1 > 1.06 AND feature_1 <= 1.463 AND feature_0 > 0.763 AND feature_2 <= 0.453 AND feature_7 > -0.169,"{'feature_0': (0.763, 3.845), 'feature_1': (1.06, 1.463), 'feature_2': (-3.74, 0.453), 'feature_7': (-0.169, 3.492)}",4,2.484,6,[Pretrained] CF,"[468, 710, 711, 721, 722]",2.676,2.622,NoOve,[Pretrained] CF NoOve,0.027,0,0.027,752,27,0.0,5,0.19200000000000017,0.05400000000000027,0.3
703,feature_0 > 0.26 AND feature_1 <= 1.06 AND feature_0 > 0.8 AND feature_1 > 0.12 AND feature_0 > 1.421 AND feature_4 > 0.123,"{'feature_0': (1.421, 3.845), 'feature_1': (0.12, 1.06), 'feature_4': (0.123, 3.804)}",3,2.337,6,[Pretrained] CF,"[468, 469, 583, 659, 693]",2.834,2.825,NoOve,[Pretrained] CF NoOve,0.027,0,0.027,752,87,0.0,5,0.4969999999999999,0.008999999999999897,0.3
742,feature_0 > 0.26 AND feature_1 > 1.06 AND feature_1 > 1.463 AND feature_0 > 0.557 AND feature_2 <= 0.652 AND feature_7 <= -0.835,"{'feature_0': (0.557, 3.845), 'feature_1': (1.463, 3.852), 'feature_2': (-3.74, 0.652), 'feature_7': (-3.746, -0.835)}",4,2.959,6,[Pretrained] CF,"[468, 710, 734, 740, 741]",3.114,3.041,OptRes,[Pretrained] CF OptRes,0.008,0,0.008,752,32,0.06756756756756757,5,0.1549999999999998,0.07299999999999995,0.4
748,feature_0 > 0.26 AND feature_1 > 1.06 AND feature_1 > 1.463 AND feature_0 > 0.557 AND feature_2 <= 0.652 AND feature_7 > -0.835 AND feature_0 > 0.767 AND feature_9 <= 0.059,"{'feature_0': (0.767, 3.845), 'feature_1': (1.463, 3.852), 'feature_2': (-3.74, 0.652), 'feature_7': (-0.835, 3.492), 'feature_9': (-3.581, 0.059)}",5,2.879,8,[Pretrained] CF,"[468, 710, 734, 740, 741, 745, 747]",3.155,3.114,OptRes,[Pretrained] CF OptRes,0.008,0,0.008,752,28,0.06418918918918919,5,0.2759999999999998,0.040999999999999925,0.4
741,feature_0 > 0.26 AND feature_1 > 1.06 AND feature_1 > 1.463 AND feature_0 > 0.557 AND feature_2 <= 0.652,"{'feature_0': (0.557, 3.845), 'feature_1': (1.463, 3.852), 'feature_2': (-3.74, 0.652)}",3,2.846,5,[Pretrained] CF,"[468, 710, 734, 740]",3.064,3.035,OptRes,[Pretrained] CF OptRes,0.008,0,0.008,752,112,0.25,5,0.21799999999999997,0.028999999999999915,0.4
749,feature_0 > 0.26 AND feature_1 > 1.06 AND feature_1 > 1.463 AND feature_0 > 0.557 AND feature_2 <= 0.652 AND feature_7 > -0.835 AND feature_0 > 0.767 AND feature_9 > 0.059,"{'feature_0': (0.767, 3.845), 'feature_1': (1.463, 3.852), 'feature_2': (-3.74, 0.652), 'feature_7': (-0.835, 3.492), 'feature_9': (0.059, 3.767)}",5,2.803,8,[Pretrained] CF,"[468, 710, 734, 740, 741, 745, 747]",3.309,3.381,OptRes,[Pretrained] CF OptRes,0.008,0,0.008,752,25,0.05912162162162162,5,0.5060000000000002,0.07199999999999962,0.4
746,feature_0 > 0.26 AND feature_1 > 1.06 AND feature_1 > 1.463 AND feature_0 > 0.557 AND feature_2 <= 0.652 AND feature_7 > -0.835 AND feature_0 <= 0.767,"{'feature_0': (0.557, 0.767), 'feature_1': (1.463, 3.852), 'feature_2': (-3.74, 0.652), 'feature_7': (-0.835, 3.492)}",4,2.722,7,[Pretrained] CF,"[468, 710, 734, 740, 741, 745]",2.664,2.627,OptRes,[Pretrained] CF OptRes,0.008,0,0.008,752,27,0.05912162162162162,5,0.05799999999999983,0.037000000000000366,0.4
752,feature_0 > 0.26 AND feature_1 > 1.06 AND feature_1 > 1.463 AND feature_0 > 0.557 AND feature_2 > 0.652 AND feature_1 > 1.686,"{'feature_0': (0.557, 3.845), 'feature_1': (1.686, 3.852), 'feature_2': (0.652, 4.02)}",3,2.72,6,[Pretrained] CF,"[468, 710, 734, 740, 750]",3.443,3.494,ResOve,[Pretrained] CF ResOve,0.111,0,0.111,752,27,0.0,5,0.7229999999999999,0.051000000000000156,0.4
749,feature_0 > 0.26 AND feature_1 > 1.06 AND feature_1 > 1.463 AND feature_0 > 0.557 AND feature_2 <= 0.652 AND feature_7 > -0.835 AND feature_0 > 0.767 AND feature_9 > 0.059,"{'feature_0': (0.767, 3.845), 'feature_1': (1.463, 3.852), 'feature_2': (-3.74, 0.652), 'feature_7': (-0.835, 3.492), 'feature_9': (0.059, 3.767)}",5,2.803,8,[Pretrained] CF,"[468, 710, 734, 740, 741, 745, 747]",3.309,3.381,ResOve,[Pretrained] CF ResOve,0.111,0,0.111,752,25,0.0,5,0.5060000000000002,0.07199999999999962,0.4
748,feature_0 > 0.26 AND feature_1 > 1.06 AND feature_1 > 1.463 AND feature_0 > 0.557 AND feature_2 <= 0.652 AND feature_7 > -0.835 AND feature_0 > 0.767 AND feature_9 <= 0.059,"{'feature_0': (0.767, 3.845), 'feature_1': (1.463, 3.852), 'feature_2': (-3.74, 0.652), 'feature_7': (-0.835, 3.492), 'feature_9': (-3.581, 0.059)}",5,2.879,8,[Pretrained] CF,"[468, 710, 734, 740, 741, 745, 747]",3.155,3.114,ResOve,[Pretrained] CF ResOve,0.111,0,0.111,752,28,0.0,5,0.2759999999999998,0.040999999999999925,0.4
742,feature_0 > 0.26 AND feature_1 > 1.06 AND feature_1 > 1.463 AND feature_0 > 0.557 AND feature_2 <= 0.652 AND feature_7 <= -0.835,"{'feature_0': (0.557, 3.845), 'feature_1': (1.463, 3.852), 'feature_2': (-3.74, 0.652), 'feature_7': (-3.746, -0.835)}",4,2.959,6,[Pretrained] CF,"[468, 710, 734, 740, 741]",3.114,3.041,ResOve,[Pretrained] CF ResOve,0.111,0,0.111,752,32,0.0,5,0.1549999999999998,0.07299999999999995,0.4
723,feature_0 > 0.26 AND feature_1 > 1.06 AND feature_1 <= 1.463 AND feature_0 > 0.763 AND feature_2 <= 0.453 AND feature_7 <= -0.169,"{'feature_0': (0.763, 3.845), 'feature_1': (1.06, 1.463), 'feature_2': (-3.74, 0.453), 'feature_7': (-3.746, -0.169)}",4,2.674,6,[Pretrained] CF,"[468, 710, 711, 721, 722]",2.878,2.89,ResOve,[Pretrained] CF ResOve,0.111,0,0.111,752,47,0.0,5,0.20400000000000018,0.01200000000000001,0.4
742,feature_0 > 0.26 AND feature_1 > 1.06 AND feature_1 > 1.463 AND feature_0 > 0.557 AND feature_2 <= 0.652 AND feature_7 <= -0.835,"{'feature_0': (0.557, 3.845), 'feature_1': (1.463, 3.852), 'feature_2': (-3.74, 0.652), 'feature_7': (-3.746, -0.835)}",4,2.959,6,[Pretrained] CF,"[468, 710, 734, 740, 741]",3.114,3.041,NoOve,[Pretrained] CF NoOve,0.011,0,0.011,752,32,0.0,5,0.1549999999999998,0.07299999999999995,0.4
745,feature_0 > 0.26 AND feature_1 > 1.06 AND feature_1 > 1.463 AND feature_0 > 0.557 AND feature_2 <= 0.652 AND feature_7 > -0.835,"{'feature_0': (0.557, 3.845), 'feature_1': (1.463, 3.852), 'feature_2': (-3.74, 0.652), 'feature_7': (-0.835, 3.492)}",4,2.804,6,[Pretrained] CF,"[468, 710, 734, 740, 741]",3.046,3.033,NoOve,[Pretrained] CF NoOve,0.011,0,0.011,752,80,0.0,5,0.242,0.0129999999999999,0.4
752,feature_0 > 0.26 AND feature_1 > 1.06 AND feature_1 > 1.463 AND feature_0 > 0.557 AND feature_2 > 0.652 AND feature_1 > 1.686,"{'feature_0': (0.557, 3.845), 'feature_1': (1.686, 3.852), 'feature_2': (0.652, 4.02)}",3,2.72,6,[Pretrained] CF,"[468, 710, 734, 740, 750]",3.443,3.494,NoOve,[Pretrained] CF NoOve,0.011,0,0.011,752,27,0.0,5,0.7229999999999999,0.051000000000000156,0.4
723,feature_0 > 0.26 AND feature_1 > 1.06 AND feature_1 <= 1.463 AND feature_0 > 0.763 AND feature_2 <= 0.453 AND feature_7 <= -0.169,"{'feature_0': (0.763, 3.845), 'feature_1': (1.06, 1.463), 'feature_2': (-3.74, 0.453), 'feature_7': (-3.746, -0.169)}",4,2.674,6,[Pretrained] CF,"[468, 710, 711, 721, 722]",2.878,2.89,NoOve,[Pretrained] CF NoOve,0.011,0,0.011,752,47,0.0,5,0.20400000000000018,0.01200000000000001,0.4
739,feature_0 > 0.26 AND feature_1 > 1.06 AND feature_1 > 1.463 AND feature_0 <= 0.557 AND feature_0 > 0.352 AND feature_1 > 1.661,"{'feature_0': (0.352, 0.557), 'feature_1': (1.661, 3.852)}",2,2.668,6,[Pretrained] CF,"[468, 710, 734, 735, 737]",2.549,2.525,NoOve,[Pretrained] CF NoOve,0.011,0,0.011,752,25,0.0,5,0.11900000000000022,0.02400000000000002,0.4
742,feature_0 > 0.26 AND feature_1 > 1.06 AND feature_1 > 1.463 AND feature_0 > 0.557 AND feature_2 <= 0.652 AND feature_7 <= -0.835,"{'feature_0': (0.557, 3.845), 'feature_1': (1.463, 3.852), 'feature_2': (-3.74, 0.652), 'feature_7': (-3.746, -0.835)}",4,2.959,6,[Pretrained] CF,"[468, 710, 734, 740, 741]",3.114,3.095,OptRes,[Pretrained] CF OptRes,0.008,0,0.008,752,38,0.06756756756756757,5,0.1549999999999998,0.018999999999999684,0.5
748,feature_0 > 0.26 AND feature_1 > 1.06 AND feature_1 > 1.463 AND feature_0 > 0.557 AND feature_2 <= 0.652 AND feature_7 > -0.835 AND feature_0 > 0.767 AND feature_9 <= 0.059,"{'feature_0': (0.767, 3.845), 'feature_1': (1.463, 3.852), 'feature_2': (-3.74, 0.652), 'feature_7': (-0.835, 3.492), 'feature_9': (-3.581, 0.059)}",5,2.879,8,[Pretrained] CF,"[468, 710, 734, 740, 741, 745, 747]",3.155,3.133,OptRes,[Pretrained] CF OptRes,0.008,0,0.008,752,33,0.06418918918918919,5,0.2759999999999998,0.021999999999999797,0.5
741,feature_0 > 0.26 AND feature_1 > 1.06 AND feature_1 > 1.463 AND feature_0 > 0.557 AND feature_2 <= 0.652,"{'feature_0': (0.557, 3.845), 'feature_1': (1.463, 3.852), 'feature_2': (-3.74, 0.652)}",3,2.846,5,[Pretrained] CF,"[468, 710, 734, 740]",3.064,3.046,OptRes,[Pretrained] CF OptRes,0.008,0,0.008,752,136,0.25,5,0.21799999999999997,0.018000000000000238,0.5
749,feature_0 > 0.26 AND feature_1 > 1.06 AND feature_1 > 1.463 AND feature_0 > 0.557 AND feature_2 <= 0.652 AND feature_7 > -0.835 AND feature_0 > 0.767 AND feature_9 > 0.059,"{'feature_0': (0.767, 3.845), 'feature_1': (1.463, 3.852), 'feature_2': (-3.74, 0.652), 'feature_7': (-0.835, 3.492), 'feature_9': (0.059, 3.767)}",5,2.803,8,[Pretrained] CF,"[468, 710, 734, 740, 741, 745, 747]",3.309,3.294,OptRes,[Pretrained] CF OptRes,0.008,0,0.008,752,32,0.05912162162162162,5,0.5060000000000002,0.015000000000000124,0.5
746,feature_0 > 0.26 AND feature_1 > 1.06 AND feature_1 > 1.463 AND feature_0 > 0.557 AND feature_2 <= 0.652 AND feature_7 > -0.835 AND feature_0 <= 0.767,"{'feature_0': (0.557, 0.767), 'feature_1': (1.463, 3.852), 'feature_2': (-3.74, 0.652), 'feature_7': (-0.835, 3.492)}",4,2.722,7,[Pretrained] CF,"[468, 710, 734, 740, 741, 745]",2.664,2.662,OptRes,[Pretrained] CF OptRes,0.008,0,0.008,752,33,0.05912162162162162,5,0.05799999999999983,0.002000000000000224,0.5
752,feature_0 > 0.26 AND feature_1 > 1.06 AND feature_1 > 1.463 AND feature_0 > 0.557 AND feature_2 > 0.652 AND feature_1 > 1.686,"{'feature_0': (0.557, 3.845), 'feature_1': (1.686, 3.852), 'feature_2': (0.652, 4.02)}",3,2.72,6,[Pretrained] CF,"[468, 710, 734, 740, 750]",3.443,3.46,ResOve,[Pretrained] CF ResOve,0.105,0,0.105,752,31,0.0,5,0.7229999999999999,0.016999999999999904,0.5
749,feature_0 > 0.26 AND feature_1 > 1.06 AND feature_1 > 1.463 AND feature_0 > 0.557 AND feature_2 <= 0.652 AND feature_7 > -0.835 AND feature_0 > 0.767 AND feature_9 > 0.059,"{'feature_0': (0.767, 3.845), 'feature_1': (1.463, 3.852), 'feature_2': (-3.74, 0.652), 'feature_7': (-0.835, 3.492), 'feature_9': (0.059, 3.767)}",5,2.803,8,[Pretrained] CF,"[468, 710, 734, 740, 741, 745, 747]",3.309,3.294,ResOve,[Pretrained] CF ResOve,0.105,0,0.105,752,32,0.0,5,0.5060000000000002,0.015000000000000124,0.5
748,feature_0 > 0.26 AND feature_1 > 1.06 AND feature_1 > 1.463 AND feature_0 > 0.557 AND feature_2 <= 0.652 AND feature_7 > -0.835 AND feature_0 > 0.767 AND feature_9 <= 0.059,"{'feature_0': (0.767, 3.845), 'feature_1': (1.463, 3.852), 'feature_2': (-3.74, 0.652), 'feature_7': (-0.835, 3.492), 'feature_9': (-3.581, 0.059)}",5,2.879,8,[Pretrained] CF,"[468, 710, 734, 740, 741, 745, 747]",3.155,3.133,ResOve,[Pretrained] CF ResOve,0.105,0,0.105,752,33,0.0,5,0.2759999999999998,0.021999999999999797,0.5
742,feature_0 > 0.26 AND feature_1 > 1.06 AND feature_1 > 1.463 AND feature_0 > 0.557 AND feature_2 <= 0.652 AND feature_7 <= -0.835,"{'feature_0': (0.557, 3.845), 'feature_1': (1.463, 3.852), 'feature_2': (-3.74, 0.652), 'feature_7': (-3.746, -0.835)}",4,2.959,6,[Pretrained] CF,"[468, 710, 734, 740, 741]",3.114,3.095,ResOve,[Pretrained] CF ResOve,0.105,0,0.105,752,38,0.0,5,0.1549999999999998,0.018999999999999684,0.5
723,feature_0 > 0.26 AND feature_1 > 1.06 AND feature_1 <= 1.463 AND feature_0 > 0.763 AND feature_2 <= 0.453 AND feature_7 <= -0.169,"{'feature_0': (0.763, 3.845), 'feature_1': (1.06, 1.463), 'feature_2': (-3.74, 0.453), 'feature_7': (-3.746, -0.169)}",4,2.674,6,[Pretrained] CF,"[468, 710, 711, 721, 722]",2.878,2.88,ResOve,[Pretrained] CF ResOve,0.105,0,0.105,752,54,0.0,5,0.20400000000000018,0.0019999999999997797,0.5
742,feature_0 > 0.26 AND feature_1 > 1.06 AND feature_1 > 1.463 AND feature_0 > 0.557 AND feature_2 <= 0.652 AND feature_7 <= -0.835,"{'feature_0': (0.557, 3.845), 'feature_1': (1.463, 3.852), 'feature_2': (-3.74, 0.652), 'feature_7': (-3.746, -0.835)}",4,2.959,6,[Pretrained] CF,"[468, 710, 734, 740, 741]",3.114,3.095,NoOve,[Pretrained] CF NoOve,0.009,0,0.009,752,38,0.0,5,0.1549999999999998,0.018999999999999684,0.5
745,feature_0 > 0.26 AND feature_1 > 1.06 AND feature_1 > 1.463 AND feature_0 > 0.557 AND feature_2 <= 0.652 AND feature_7 > -0.835,"{'feature_0': (0.557, 3.845), 'feature_1': (1.463, 3.852), 'feature_2': (-3.74, 0.652), 'feature_7': (-0.835, 3.492)}",4,2.804,6,[Pretrained] CF,"[468, 710, 734, 740, 741]",3.046,3.027,NoOve,[Pretrained] CF NoOve,0.009,0,0.009,752,98,0.0,5,0.242,0.018999999999999684,0.5
752,feature_0 > 0.26 AND feature_1 > 1.06 AND feature_1 > 1.463 AND feature_0 > 0.557 AND feature_2 > 0.652 AND feature_1 > 1.686,"{'feature_0': (0.557, 3.845), 'feature_1': (1.686, 3.852), 'feature_2': (0.652, 4.02)}",3,2.72,6,[Pretrained] CF,"[468, 710, 734, 740, 750]",3.443,3.46,NoOve,[Pretrained] CF NoOve,0.009,0,0.009,752,31,0.0,5,0.7229999999999999,0.016999999999999904,0.5
723,feature_0 > 0.26 AND feature_1 > 1.06 AND feature_1 <= 1.463 AND feature_0 > 0.763 AND feature_2 <= 0.453 AND feature_7 <= -0.169,"{'feature_0': (0.763, 3.845), 'feature_1': (1.06, 1.463), 'feature_2': (-3.74, 0.453), 'feature_7': (-3.746, -0.169)}",4,2.674,6,[Pretrained] CF,"[468, 710, 711, 721, 722]",2.878,2.88,NoOve,[Pretrained] CF NoOve,0.009,0,0.009,752,54,0.0,5,0.20400000000000018,0.0019999999999997797,0.5
739,feature_0 > 0.26 AND feature_1 > 1.06 AND feature_1 > 1.463 AND feature_0 <= 0.557 AND feature_0 > 0.352 AND feature_1 > 1.661,"{'feature_0': (0.352, 0.557), 'feature_1': (1.661, 3.852)}",2,2.668,6,[Pretrained] CF,"[468, 710, 734, 735, 737]",2.549,2.554,NoOve,[Pretrained] CF NoOve,0.009,0,0.009,752,29,0.0,5,0.11900000000000022,0.004999999999999893,0.5
742,feature_0 > 0.26 AND feature_1 > 1.06 AND feature_1 > 1.463 AND feature_0 > 0.557 AND feature_2 <= 0.652 AND feature_7 <= -0.835,"{'feature_0': (0.557, 3.845), 'feature_1': (1.463, 3.852), 'feature_2': (-3.74, 0.652), 'feature_7': (-3.746, -0.835)}",4,2.959,6,[Pretrained] CF,"[468, 710, 734, 740, 741]",3.114,3.114,OptRes,[Pretrained] CF OptRes,0.008,0,0.008,752,40,0.06756756756756757,5,0.1549999999999998,0.0,0.1
748,feature_0 > 0.26 AND feature_1 > 1.06 AND feature_1 > 1.463 AND feature_0 > 0.557 AND feature_2 <= 0.652 AND feature_7 > -0.835 AND feature_0 > 0.767 AND feature_9 <= 0.059,"{'feature_0': (0.767, 3.845), 'feature_1': (1.463, 3.852), 'feature_2': (-3.74, 0.652), 'feature_7': (-0.835, 3.492), 'feature_9': (-3.581, 0.059)}",5,2.879,8,[Pretrained] CF,"[468, 710, 734, 740, 741, 745, 747]",3.155,3.107,OptRes,[Pretrained] CF OptRes,0.008,0,0.008,752,32,0.06418918918918919,5,0.2759999999999998,0.0479999999999996,0.1
741,feature_0 > 0.26 AND feature_1 > 1.06 AND feature_1 > 1.463 AND feature_0 > 0.557 AND feature_2 <= 0.652,"{'feature_0': (0.557, 3.845), 'feature_1': (1.463, 3.852), 'feature_2': (-3.74, 0.652)}",3,2.846,5,[Pretrained] CF,"[468, 710, 734, 740]",3.064,3.055,OptRes,[Pretrained] CF OptRes,0.008,0,0.008,752,129,0.25,5,0.21799999999999997,0.008999999999999897,0.1
749,feature_0 > 0.26 AND feature_1 > 1.06 AND feature_1 > 1.463 AND feature_0 > 0.557 AND feature_2 <= 0.652 AND feature_7 > -0.835 AND feature_0 > 0.767 AND feature_9 > 0.059,"{'feature_0': (0.767, 3.845), 'feature_1': (1.463, 3.852), 'feature_2': (-3.74, 0.652), 'feature_7': (-0.835, 3.492), 'feature_9': (0.059, 3.767)}",5,2.803,8,[Pretrained] CF,"[468, 710, 734, 740, 741, 745, 747]",3.309,3.303,OptRes,[Pretrained] CF OptRes,0.008,0,0.008,752,30,0.05912162162162162,5,0.5060000000000002,0.006000000000000227,0.1
746,feature_0 > 0.26 AND feature_1 > 1.06 AND feature_1 > 1.463 AND feature_0 > 0.557 AND feature_2 <= 0.652 AND feature_7 > -0.835 AND feature_0 <= 0.767,"{'feature_0': (0.557, 0.767), 'feature_1': (1.463, 3.852), 'feature_2': (-3.74, 0.652), 'feature_7': (-0.835, 3.492)}",4,2.722,7,[Pretrained] CF,"[468, 710, 734, 740, 741, 745]",2.664,2.628,OptRes,[Pretrained] CF OptRes,0.008,0,0.008,752,27,0.05912162162162162,5,0.05799999999999983,0.03600000000000003,0.1
752,feature_0 > 0.26 AND feature_1 > 1.06 AND feature_1 > 1.463 AND feature_0 > 0.557 AND feature_2 > 0.652 AND feature_1 > 1.686,"{'feature_0': (0.557, 3.845), 'feature_1': (1.686, 3.852), 'feature_2': (0.652, 4.02)}",3,2.72,6,[Pretrained] CF,"[468, 710, 734, 740, 750]",3.443,3.5,ResOve,[Pretrained] CF ResOve,0.018,0,0.018,752,27,0.0,5,0.7229999999999999,0.05699999999999994,0.1
749,feature_0 > 0.26 AND feature_1 > 1.06 AND feature_1 > 1.463 AND feature_0 > 0.557 AND feature_2 <= 0.652 AND feature_7 > -0.835 AND feature_0 > 0.767 AND feature_9 > 0.059,"{'feature_0': (0.767, 3.845), 'feature_1': (1.463, 3.852), 'feature_2': (-3.74, 0.652), 'feature_7': (-0.835, 3.492), 'feature_9': (0.059, 3.767)}",5,2.803,8,[Pretrained] CF,"[468, 710, 734, 740, 741, 745, 747]",3.309,3.303,ResOve,[Pretrained] CF ResOve,0.018,0,0.018,752,30,0.0,5,0.5060000000000002,0.006000000000000227,0.1
748,feature_0 > 0.26 AND feature_1 > 1.06 AND feature_1 > 1.463 AND feature_0 > 0.557 AND feature_2 <= 0.652 AND feature_7 > -0.835 AND feature_0 > 0.767 AND feature_9 <= 0.059,"{'feature_0': (0.767, 3.845), 'feature_1': (1.463, 3.852), 'feature_2': (-3.74, 0.652), 'feature_7': (-0.835, 3.492), 'feature_9': (-3.581, 0.059)}",5,2.879,8,[Pretrained] CF,"[468, 710, 734, 740, 741, 745, 747]",3.155,3.107,ResOve,[Pretrained] CF ResOve,0.018,0,0.018,752,32,0.0,5,0.2759999999999998,0.0479999999999996,0.1
742,feature_0 > 0.26 AND feature_1 > 1.06 AND feature_1 > 1.463 AND feature_0 > 0.557 AND feature_2 <= 0.652 AND feature_7 <= -0.835,"{'feature_0': (0.557, 3.845), 'feature_1': (1.463, 3.852), 'feature_2': (-3.74, 0.652), 'feature_7': (-3.746, -0.835)}",4,2.959,6,[Pretrained] CF,"[468, 710, 734, 740, 741]",3.114,3.114,ResOve,[Pretrained] CF ResOve,0.018,0,0.018,752,40,0.0,5,0.1549999999999998,0.0,0.1
739,feature_0 > 0.26 AND feature_1 > 1.06 AND feature_1 > 1.463 AND feature_0 <= 0.557 AND feature_0 > 0.352 AND feature_1 > 1.661,"{'feature_0': (0.352, 0.557), 'feature_1': (1.661, 3.852)}",2,2.668,6,[Pretrained] CF,"[468, 710, 734, 735, 737]",2.549,2.551,ResOve,[Pretrained] CF ResOve,0.018,0,0.018,752,27,0.0,5,0.11900000000000022,0.002000000000000224,0.1
742,feature_0 > 0.26 AND feature_1 > 1.06 AND feature_1 > 1.463 AND feature_0 > 0.557 AND feature_2 <= 0.652 AND feature_7 <= -0.835,"{'feature_0': (0.557, 3.845), 'feature_1': (1.463, 3.852), 'feature_2': (-3.74, 0.652), 'feature_7': (-3.746, -0.835)}",4,2.959,6,[Pretrained] CF,"[468, 710, 734, 740, 741]",3.114,3.114,NoOve,[Pretrained] CF NoOve,0.008,0,0.008,752,40,0.0,5,0.1549999999999998,0.0,0.1
745,feature_0 > 0.26 AND feature_1 > 1.06 AND feature_1 > 1.463 AND feature_0 > 0.557 AND feature_2 <= 0.652 AND feature_7 > -0.835,"{'feature_0': (0.557, 3.845), 'feature_1': (1.463, 3.852), 'feature_2': (-3.74, 0.652), 'feature_7': (-0.835, 3.492)}",4,2.804,6,[Pretrained] CF,"[468, 710, 734, 740, 741]",3.046,3.028,NoOve,[Pretrained] CF NoOve,0.008,0,0.008,752,89,0.0,5,0.242,0.017999999999999794,0.1
752,feature_0 > 0.26 AND feature_1 > 1.06 AND feature_1 > 1.463 AND feature_0 > 0.557 AND feature_2 > 0.652 AND feature_1 > 1.686,"{'feature_0': (0.557, 3.845), 'feature_1': (1.686, 3.852), 'feature_2': (0.652, 4.02)}",3,2.72,6,[Pretrained] CF,"[468, 710, 734, 740, 750]",3.443,3.5,NoOve,[Pretrained] CF NoOve,0.008,0,0.008,752,27,0.0,5,0.7229999999999999,0.05699999999999994,0.1
739,feature_0 > 0.26 AND feature_1 > 1.06 AND feature_1 > 1.463 AND feature_0 <= 0.557 AND feature_0 > 0.352 AND feature_1 > 1.661,"{'feature_0': (0.352, 0.557), 'feature_1': (1.661, 3.852)}",2,2.668,6,[Pretrained] CF,"[468, 710, 734, 735, 737]",2.549,2.551,NoOve,[Pretrained] CF NoOve,0.008,0,0.008,752,27,0.0,5,0.11900000000000022,0.002000000000000224,0.1
731,feature_0 > 0.26 AND feature_1 > 1.06 AND feature_1 <= 1.463 AND feature_0 > 0.763 AND feature_2 > 0.453 AND feature_1 > 1.167,"{'feature_0': (0.763, 3.845), 'feature_1': (1.167, 1.463), 'feature_2': (0.453, 4.02)}",3,2.423,6,[Pretrained] CF,"[468, 710, 711, 721, 729]",2.739,2.704,NoOve,[Pretrained] CF NoOve,0.008,0,0.008,752,32,0.0,5,0.31599999999999984,0.0349999999999997,0.1
742,feature_0 > 0.26 AND feature_1 > 1.06 AND feature_1 > 1.463 AND feature_0 > 0.557 AND feature_2 <= 0.652 AND feature_7 <= -0.835,"{'feature_0': (0.557, 3.845), 'feature_1': (1.463, 3.852), 'feature_2': (-3.74, 0.652), 'feature_7': (-3.746, -0.835)}",4,2.959,6,[Pretrained] CF,"[468, 710, 734, 740, 741]",3.114,3.093,OptRes,[Pretrained] CF OptRes,0.008,0,0.008,752,34,0.06756756756756757,5,0.1549999999999998,0.020999999999999908,0.2
748,feature_0 > 0.26 AND feature_1 > 1.06 AND feature_1 > 1.463 AND feature_0 > 0.557 AND feature_2 <= 0.652 AND feature_7 > -0.835 AND feature_0 > 0.767 AND feature_9 <= 0.059,"{'feature_0': (0.767, 3.845), 'feature_1': (1.463, 3.852), 'feature_2': (-3.74, 0.652), 'feature_7': (-0.835, 3.492), 'feature_9': (-3.581, 0.059)}",5,2.879,8,[Pretrained] CF,"[468, 710, 734, 740, 741, 745, 747]",3.155,3.109,OptRes,[Pretrained] CF OptRes,0.008,0,0.008,752,30,0.06418918918918919,5,0.2759999999999998,0.04599999999999982,0.2
741,feature_0 > 0.26 AND feature_1 > 1.06 AND feature_1 > 1.463 AND feature_0 > 0.557 AND feature_2 <= 0.652,"{'feature_0': (0.557, 3.845), 'feature_1': (1.463, 3.852), 'feature_2': (-3.74, 0.652)}",3,2.846,5,[Pretrained] CF,"[468, 710, 734, 740]",3.064,3.061,OptRes,[Pretrained] CF OptRes,0.008,0,0.008,752,115,0.25,5,0.21799999999999997,0.0030000000000001137,0.2
749,feature_0 > 0.26 AND feature_1 > 1.06 AND feature_1 > 1.463 AND feature_0 > 0.557 AND feature_2 <= 0.652 AND feature_7 > -0.835 AND feature_0 > 0.767 AND feature_9 > 0.059,"{'feature_0': (0.767, 3.845), 'feature_1': (1.463, 3.852), 'feature_2': (-3.74, 0.652), 'feature_7': (-0.835, 3.492), 'feature_9': (0.059, 3.767)}",5,2.803,8,[Pretrained] CF,"[468, 710, 734, 740, 741, 745, 747]",3.309,3.356,OptRes,[Pretrained] CF OptRes,0.008,0,0.008,752,25,0.05912162162162162,5,0.5060000000000002,0.04699999999999971,0.2
746,feature_0 > 0.26 AND feature_1 > 1.06 AND feature_1 > 1.463 AND feature_0 > 0.557 AND feature_2 <= 0.652 AND feature_7 > -0.835 AND feature_0 <= 0.767,"{'feature_0': (0.557, 0.767), 'feature_1': (1.463, 3.852), 'feature_2': (-3.74, 0.652), 'feature_7': (-0.835, 3.492)}",4,2.722,7,[Pretrained] CF,"[468, 710, 734, 740, 741, 745]",2.664,2.678,OptRes,[Pretrained] CF OptRes,0.008,0,0.008,752,26,0.05912162162162162,5,0.05799999999999983,0.01399999999999979,0.2
752,feature_0 > 0.26 AND feature_1 > 1.06 AND feature_1 > 1.463 AND feature_0 > 0.557 AND feature_2 > 0.652 AND feature_1 > 1.686,"{'feature_0': (0.557, 3.845), 'feature_1': (1.686, 3.852), 'feature_2': (0.652, 4.02)}",3,2.72,6,[Pretrained] CF,"[468, 710, 734, 740, 750]",3.443,3.375,ResOve,[Pretrained] CF ResOve,0.11,0,0.11,752,24,0.0,5,0.7229999999999999,0.06800000000000006,0.2
749,feature_0 > 0.26 AND feature_1 > 1.06 AND feature_1 > 1.463 AND feature_0 > 0.557 AND feature_2 <= 0.652 AND feature_7 > -0.835 AND feature_0 > 0.767 AND feature_9 > 0.059,"{'feature_0': (0.767, 3.845), 'feature_1': (1.463, 3.852), 'feature_2': (-3.74, 0.652), 'feature_7': (-0.835, 3.492), 'feature_9': (0.059, 3.767)}",5,2.803,8,[Pretrained] CF,"[468, 710, 734, 740, 741, 745, 747]",3.309,3.356,ResOve,[Pretrained] CF ResOve,0.11,0,0.11,752,25,0.0,5,0.5060000000000002,0.04699999999999971,0.2
748,feature_0 > 0.26 AND feature_1 > 1.06 AND feature_1 > 1.463 AND feature_0 > 0.557 AND feature_2 <= 0.652 AND feature_7 > -0.835 AND feature_0 > 0.767 AND feature_9 <= 0.059,"{'feature_0': (0.767, 3.845), 'feature_1': (1.463, 3.852), 'feature_2': (-3.74, 0.652), 'feature_7': (-0.835, 3.492), 'feature_9': (-3.581, 0.059)}",5,2.879,8,[Pretrained] CF,"[468, 710, 734, 740, 741, 745, 747]",3.155,3.109,ResOve,[Pretrained] CF ResOve,0.11,0,0.11,752,30,0.0,5,0.2759999999999998,0.04599999999999982,0.2
742,feature_0 > 0.26 AND feature_1 > 1.06 AND feature_1 > 1.463 AND feature_0 > 0.557 AND feature_2 <= 0.652 AND feature_7 <= -0.835,"{'feature_0': (0.557, 3.845), 'feature_1': (1.463, 3.852), 'feature_2': (-3.74, 0.652), 'feature_7': (-3.746, -0.835)}",4,2.959,6,[Pretrained] CF,"[468, 710, 734, 740, 741]",3.114,3.093,ResOve,[Pretrained] CF ResOve,0.11,0,0.11,752,34,0.0,5,0.1549999999999998,0.020999999999999908,0.2
723,feature_0 > 0.26 AND feature_1 > 1.06 AND feature_1 <= 1.463 AND feature_0 > 0.763 AND feature_2 <= 0.453 AND feature_7 <= -0.169,"{'feature_0': (0.763, 3.845), 'feature_1': (1.06, 1.463), 'feature_2': (-3.74, 0.453), 'feature_7': (-3.746, -0.169)}",4,2.674,6,[Pretrained] CF,"[468, 710, 711, 721, 722]",2.878,2.896,ResOve,[Pretrained] CF ResOve,0.11,0,0.11,752,43,0.0,5,0.20400000000000018,0.017999999999999794,0.2
742,feature_0 > 0.26 AND feature_1 > 1.06 AND feature_1 > 1.463 AND feature_0 > 0.557 AND feature_2 <= 0.652 AND feature_7 <= -0.835,"{'feature_0': (0.557, 3.845), 'feature_1': (1.463, 3.852), 'feature_2': (-3.74, 0.652), 'feature_7': (-3.746, -0.835)}",4,2.959,6,[Pretrained] CF,"[468, 710, 734, 740, 741]",3.114,3.093,NoOve,[Pretrained] CF NoOve,0.013,0,0.013,752,34,0.0,5,0.1549999999999998,0.020999999999999908,0.2
745,feature_0 > 0.26 AND feature_1 > 1.06 AND feature_1 > 1.463 AND feature_0 > 0.557 AND feature_2 <= 0.652 AND feature_7 > -0.835,"{'feature_0': (0.557, 3.845), 'feature_1': (1.463, 3.852), 'feature_2': (-3.74, 0.652), 'feature_7': (-0.835, 3.492)}",4,2.804,6,[Pretrained] CF,"[468, 710, 734, 740, 741]",3.046,3.047,NoOve,[Pretrained] CF NoOve,0.013,0,0.013,752,81,0.0,5,0.242,0.001000000000000334,0.2
752,feature_0 > 0.26 AND feature_1 > 1.06 AND feature_1 > 1.463 AND feature_0 > 0.557 AND feature_2 > 0.652 AND feature_1 > 1.686,"{'feature_0': (0.557, 3.845), 'feature_1': (1.686, 3.852), 'feature_2': (0.652, 4.02)}",3,2.72,6,[Pretrained] CF,"[468, 710, 734, 740, 750]",3.443,3.375,NoOve,[Pretrained] CF NoOve,0.013,0,0.013,752,24,0.0,5,0.7229999999999999,0.06800000000000006,0.2
723,feature_0 > 0.26 AND feature_1 > 1.06 AND feature_1 <= 1.463 AND feature_0 > 0.763 AND feature_2 <= 0.453 AND feature_7 <= -0.169,"{'feature_0': (0.763, 3.845), 'feature_1': (1.06, 1.463), 'feature_2': (-3.74, 0.453), 'feature_7': (-3.746, -0.169)}",4,2.674,6,[Pretrained] CF,"[468, 710, 711, 721, 722]",2.878,2.896,NoOve,[Pretrained] CF NoOve,0.013,0,0.013,752,43,0.0,5,0.20400000000000018,0.017999999999999794,0.2
739,feature_0 > 0.26 AND feature_1 > 1.06 AND feature_1 > 1.463 AND feature_0 <= 0.557 AND feature_0 > 0.352 AND feature_1 > 1.661,"{'feature_0': (0.352, 0.557), 'feature_1': (1.661, 3.852)}",2,2.668,6,[Pretrained] CF,"[468, 710, 734, 735, 737]",2.549,2.545,NoOve,[Pretrained] CF NoOve,0.013,0,0.013,752,25,0.0,5,0.11900000000000022,0.0040000000000000036,0.2
742,feature_0 > 0.26 AND feature_1 > 1.06 AND feature_1 > 1.463 AND feature_0 > 0.557 AND feature_2 <= 0.652 AND feature_7 <= -0.835,"{'feature_0': (0.557, 3.845), 'feature_1': (1.463, 3.852), 'feature_2': (-3.74, 0.652), 'feature_7': (-3.746, -0.835)}",4,2.959,6,[Pretrained] CF,"[468, 710, 734, 740, 741]",3.114,3.114,OptRes,[Pretrained] CF OptRes,0.012,0,0.012,752,40,0.06756756756756757,5,0.1549999999999998,0.0,0.3
748,feature_0 > 0.26 AND feature_1 > 1.06 AND feature_1 > 1.463 AND feature_0 > 0.557 AND feature_2 <= 0.652 AND feature_7 > -0.835 AND feature_0 > 0.767 AND feature_9 <= 0.059,"{'feature_0': (0.767, 3.845), 'feature_1': (1.463, 3.852), 'feature_2': (-3.74, 0.652), 'feature_7': (-0.835, 3.492), 'feature_9': (-3.581, 0.059)}",5,2.879,8,[Pretrained] CF,"[468, 710, 734, 740, 741, 745, 747]",3.155,3.155,OptRes,[Pretrained] CF OptRes,0.012,0,0.012,752,38,0.06418918918918919,5,0.2759999999999998,0.0,0.3
741,feature_0 > 0.26 AND feature_1 > 1.06 AND feature_1 > 1.463 AND feature_0 > 0.557 AND feature_2 <= 0.652,"{'feature_0': (0.557, 3.845), 'feature_1': (1.463, 3.852), 'feature_2': (-3.74, 0.652)}",3,2.846,5,[Pretrained] CF,"[468, 710, 734, 740]",3.064,3.064,OptRes,[Pretrained] CF OptRes,0.012,0,0.012,752,148,0.25,5,0.21799999999999997,0.0,0.3
749,feature_0 > 0.26 AND feature_1 > 1.06 AND feature_1 > 1.463 AND feature_0 > 0.557 AND feature_2 <= 0.652 AND feature_7 > -0.835 AND feature_0 > 0.767 AND feature_9 > 0.059,"{'feature_0': (0.767, 3.845), 'feature_1': (1.463, 3.852), 'feature_2': (-3.74, 0.652), 'feature_7': (-0.835, 3.492), 'feature_9': (0.059, 3.767)}",5,2.803,8,[Pretrained] CF,"[468, 710, 734, 740, 741, 745, 747]",3.309,3.309,OptRes,[Pretrained] CF OptRes,0.012,0,0.012,752,35,0.05912162162162162,5,0.5060000000000002,0.0,0.3
746,feature_0 > 0.26 AND feature_1 > 1.06 AND feature_1 > 1.463 AND feature_0 > 0.557 AND feature_2 <= 0.652 AND feature_7 > -0.835 AND feature_0 <= 0.767,"{'feature_0': (0.557, 0.767), 'feature_1': (1.463, 3.852), 'feature_2': (-3.74, 0.652), 'feature_7': (-0.835, 3.492)}",4,2.722,7,[Pretrained] CF,"[468, 710, 734, 740, 741, 745]",2.664,2.664,OptRes,[Pretrained] CF OptRes,0.012,0,0.012,752,35,0.05912162162162162,5,0.05799999999999983,0.0,0.3
752,feature_0 > 0.26 AND feature_1 > 1.06 AND feature_1 > 1.463 AND feature_0 > 0.557 AND feature_2 > 0.652 AND feature_1 > 1.686,"{'feature_0': (0.557, 3.845), 'feature_1': (1.686, 3.852), 'feature_2': (0.652, 4.02)}",3,2.72,6,[Pretrained] CF,"[468, 710, 734, 740, 750]",3.443,3.443,ResOve,[Pretrained] CF ResOve,0.062,0,0.062,752,32,0.0,5,0.7229999999999999,0.0,0.3
748,feature_0 > 0.26 AND feature_1 > 1.06 AND feature_1 > 1.463 AND feature_0 > 0.557 AND feature_2 <= 0.652 AND feature_7 > -0.835 AND feature_0 > 0.767 AND feature_9 <= 0.059,"{'feature_0': (0.767, 3.845), 'feature_1': (1.463, 3.852), 'feature_2': (-3.74, 0.652), 'feature_7': (-0.835, 3.492), 'feature_9': (-3.581, 0.059)}",5,2.879,8,[Pretrained] CF,"[468, 710, 734, 740, 741, 745, 747]",3.155,3.155,ResOve,[Pretrained] CF ResOve,0.062,0,0.062,752,38,0.0,5,0.2759999999999998,0.0,0.3
746,feature_0 > 0.26 AND feature_1 > 1.06 AND feature_1 > 1.463 AND feature_0 > 0.557 AND feature_2 <= 0.652 AND feature_7 > -0.835 AND feature_0 <= 0.767,"{'feature_0': (0.557, 0.767), 'feature_1': (1.463, 3.852), 'feature_2': (-3.74, 0.652), 'feature_7': (-0.835, 3.492)}",4,2.722,7,[Pretrained] CF,"[468, 710, 734, 740, 741, 745]",2.664,2.664,ResOve,[Pretrained] CF ResOve,0.062,0,0.062,752,35,0.0,5,0.05799999999999983,0.0,0.3
742,feature_0 > 0.26 AND feature_1 > 1.06 AND feature_1 > 1.463 AND feature_0 > 0.557 AND feature_2 <= 0.652 AND feature_7 <= -0.835,"{'feature_0': (0.557, 3.845), 'feature_1': (1.463, 3.852), 'feature_2': (-3.74, 0.652), 'feature_7': (-3.746, -0.835)}",4,2.959,6,[Pretrained] CF,"[468, 710, 734, 740, 741]",3.114,3.114,ResOve,[Pretrained] CF ResOve,0.062,0,0.062,752,40,0.0,5,0.1549999999999998,0.0,0.3
723,feature_0 > 0.26 AND feature_1 > 1.06 AND feature_1 <= 1.463 AND feature_0 > 0.763 AND feature_2 <= 0.453 AND feature_7 <= -0.169,"{'feature_0': (0.763, 3.845), 'feature_1': (1.06, 1.463), 'feature_2': (-3.74, 0.453), 'feature_7': (-3.746, -0.169)}",4,2.674,6,[Pretrained] CF,"[468, 710, 711, 721, 722]",2.878,2.878,ResOve,[Pretrained] CF ResOve,0.062,0,0.062,752,57,0.0,5,0.20400000000000018,0.0,0.3
742,feature_0 > 0.26 AND feature_1 > 1.06 AND feature_1 > 1.463 AND feature_0 > 0.557 AND feature_2 <= 0.652 AND feature_7 <= -0.835,"{'feature_0': (0.557, 3.845), 'feature_1': (1.463, 3.852), 'feature_2': (-3.74, 0.652), 'feature_7': (-3.746, -0.835)}",4,2.959,6,[Pretrained] CF,"[468, 710, 734, 740, 741]",3.114,3.114,NoOve,[Pretrained] CF NoOve,0.009,0,0.009,752,40,0.0,5,0.1549999999999998,0.0,0.3
745,feature_0 > 0.26 AND feature_1 > 1.06 AND feature_1 > 1.463 AND feature_0 > 0.557 AND feature_2 <= 0.652 AND feature_7 > -0.835,"{'feature_0': (0.557, 3.845), 'feature_1': (1.463, 3.852), 'feature_2': (-3.74, 0.652), 'feature_7': (-0.835, 3.492)}",4,2.804,6,[Pretrained] CF,"[468, 710, 734, 740, 741]",3.046,3.046,NoOve,[Pretrained] CF NoOve,0.009,0,0.009,752,108,0.0,5,0.242,0.0,0.3
752,feature_0 > 0.26 AND feature_1 > 1.06 AND feature_1 > 1.463 AND feature_0 > 0.557 AND feature_2 > 0.652 AND feature_1 > 1.686,"{'feature_0': (0.557, 3.845), 'feature_1': (1.686, 3.852), 'feature_2': (0.652, 4.02)}",3,2.72,6,[Pretrained] CF,"[468, 710, 734, 740, 750]",3.443,3.443,NoOve,[Pretrained] CF NoOve,0.009,0,0.009,752,32,0.0,5,0.7229999999999999,0.0,0.3
723,feature_0 > 0.26 AND feature_1 > 1.06 AND feature_1 <= 1.463 AND feature_0 > 0.763 AND feature_2 <= 0.453 AND feature_7 <= -0.169,"{'feature_0': (0.763, 3.845), 'feature_1': (1.06, 1.463), 'feature_2': (-3.74, 0.453), 'feature_7': (-3.746, -0.169)}",4,2.674,6,[Pretrained] CF,"[468, 710, 711, 721, 722]",2.878,2.878,NoOve,[Pretrained] CF NoOve,0.009,0,0.009,752,57,0.0,5,0.20400000000000018,0.0,0.3
739,feature_0 > 0.26 AND feature_1 > 1.06 AND feature_1 > 1.463 AND feature_0 <= 0.557 AND feature_0 > 0.352 AND feature_1 > 1.661,"{'feature_0': (0.352, 0.557), 'feature_1': (1.661, 3.852)}",2,2.668,6,[Pretrained] CF,"[468, 710, 734, 735, 737]",2.549,2.549,NoOve,[Pretrained] CF NoOve,0.009,0,0.009,752,30,0.0,5,0.11900000000000022,0.0,0.3
742,feature_0 > 0.26 AND feature_1 > 1.06 AND feature_1 > 1.463 AND feature_0 > 0.557 AND feature_2 <= 0.652 AND feature_7 <= -0.835,"{'feature_0': (0.557, 3.845), 'feature_1': (1.463, 3.852), 'feature_2': (-3.74, 0.652), 'feature_7': (-3.746, -0.835)}",4,2.959,6,[Pretrained] CF,"[468, 710, 734, 740, 741]",3.114,3.114,OptRes,[Pretrained] CF OptRes,0.008,0,0.008,752,40,0.06756756756756757,5,0.1549999999999998,0.0,0.4
748,feature_0 > 0.26 AND feature_1 > 1.06 AND feature_1 > 1.463 AND feature_0 > 0.557 AND feature_2 <= 0.652 AND feature_7 > -0.835 AND feature_0 > 0.767 AND feature_9 <= 0.059,"{'feature_0': (0.767, 3.845), 'feature_1': (1.463, 3.852), 'feature_2': (-3.74, 0.652), 'feature_7': (-0.835, 3.492), 'feature_9': (-3.581, 0.059)}",5,2.879,8,[Pretrained] CF,"[468, 710, 734, 740, 741, 745, 747]",3.155,3.155,OptRes,[Pretrained] CF OptRes,0.008,0,0.008,752,38,0.06418918918918919,5,0.2759999999999998,0.0,0.4
741,feature_0 > 0.26 AND feature_1 > 1.06 AND feature_1 > 1.463 AND feature_0 > 0.557 AND feature_2 <= 0.652,"{'feature_0': (0.557, 3.845), 'feature_1': (1.463, 3.852), 'feature_2': (-3.74, 0.652)}",3,2.846,5,[Pretrained] CF,"[468, 710, 734, 740]",3.064,3.064,OptRes,[Pretrained] CF OptRes,0.008,0,0.008,752,148,0.25,5,0.21799999999999997,0.0,0.4
749,feature_0 > 0.26 AND feature_1 > 1.06 AND feature_1 > 1.463 AND feature_0 > 0.557 AND feature_2 <= 0.652 AND feature_7 > -0.835 AND feature_0 > 0.767 AND feature_9 > 0.059,"{'feature_0': (0.767, 3.845), 'feature_1': (1.463, 3.852), 'feature_2': (-3.74, 0.652), 'feature_7': (-0.835, 3.492), 'feature_9': (0.059, 3.767)}",5,2.803,8,[Pretrained] CF,"[468, 710, 734, 740, 741, 745, 747]",3.309,3.309,OptRes,[Pretrained] CF OptRes,0.008,0,0.008,752,35,0.05912162162162162,5,0.5060000000000002,0.0,0.4
746,feature_0 > 0.26 AND feature_1 > 1.06 AND feature_1 > 1.463 AND feature_0 > 0.557 AND feature_2 <= 0.652 AND feature_7 > -0.835 AND feature_0 <= 0.767,"{'feature_0': (0.557, 0.767), 'feature_1': (1.463, 3.852), 'feature_2': (-3.74, 0.652), 'feature_7': (-0.835, 3.492)}",4,2.722,7,[Pretrained] CF,"[468, 710, 734, 740, 741, 745]",2.664,2.664,OptRes,[Pretrained] CF OptRes,0.008,0,0.008,752,35,0.05912162162162162,5,0.05799999999999983,0.0,0.4
752,feature_0 > 0.26 AND feature_1 > 1.06 AND feature_1 > 1.463 AND feature_0 > 0.557 AND feature_2 > 0.652 AND feature_1 > 1.686,"{'feature_0': (0.557, 3.845), 'feature_1': (1.686, 3.852), 'feature_2': (0.652, 4.02)}",3,2.72,6,[Pretrained] CF,"[468, 710, 734, 740, 750]",3.443,3.443,ResOve,[Pretrained] CF ResOve,0.063,0,0.063,752,32,0.0,5,0.7229999999999999,0.0,0.4
748,feature_0 > 0.26 AND feature_1 > 1.06 AND feature_1 > 1.463 AND feature_0 > 0.557 AND feature_2 <= 0.652 AND feature_7 > -0.835 AND feature_0 > 0.767 AND feature_9 <= 0.059,"{'feature_0': (0.767, 3.845), 'feature_1': (1.463, 3.852), 'feature_2': (-3.74, 0.652), 'feature_7': (-0.835, 3.492), 'feature_9': (-3.581, 0.059)}",5,2.879,8,[Pretrained] CF,"[468, 710, 734, 740, 741, 745, 747]",3.155,3.155,ResOve,[Pretrained] CF ResOve,0.063,0,0.063,752,38,0.0,5,0.2759999999999998,0.0,0.4
746,feature_0 > 0.26 AND feature_1 > 1.06 AND feature_1 > 1.463 AND feature_0 > 0.557 AND feature_2 <= 0.652 AND feature_7 > -0.835 AND feature_0 <= 0.767,"{'feature_0': (0.557, 0.767), 'feature_1': (1.463, 3.852), 'feature_2': (-3.74, 0.652), 'feature_7': (-0.835, 3.492)}",4,2.722,7,[Pretrained] CF,"[468, 710, 734, 740, 741, 745]",2.664,2.664,ResOve,[Pretrained] CF ResOve,0.063,0,0.063,752,35,0.0,5,0.05799999999999983,0.0,0.4
742,feature_0 > 0.26 AND feature_1 > 1.06 AND feature_1 > 1.463 AND feature_0 > 0.557 AND feature_2 <= 0.652 AND feature_7 <= -0.835,"{'feature_0': (0.557, 3.845), 'feature_1': (1.463, 3.852), 'feature_2': (-3.74, 0.652), 'feature_7': (-3.746, -0.835)}",4,2.959,6,[Pretrained] CF,"[468, 710, 734, 740, 741]",3.114,3.114,ResOve,[Pretrained] CF ResOve,0.063,0,0.063,752,40,0.0,5,0.1549999999999998,0.0,0.4
723,feature_0 > 0.26 AND feature_1 > 1.06 AND feature_1 <= 1.463 AND feature_0 > 0.763 AND feature_2 <= 0.453 AND feature_7 <= -0.169,"{'feature_0': (0.763, 3.845), 'feature_1': (1.06, 1.463), 'feature_2': (-3.74, 0.453), 'feature_7': (-3.746, -0.169)}",4,2.674,6,[Pretrained] CF,"[468, 710, 711, 721, 722]",2.878,2.878,ResOve,[Pretrained] CF ResOve,0.063,0,0.063,752,57,0.0,5,0.20400000000000018,0.0,0.4
742,feature_0 > 0.26 AND feature_1 > 1.06 AND feature_1 > 1.463 AND feature_0 > 0.557 AND feature_2 <= 0.652 AND feature_7 <= -0.835,"{'feature_0': (0.557, 3.845), 'feature_1': (1.463, 3.852), 'feature_2': (-3.74, 0.652), 'feature_7': (-3.746, -0.835)}",4,2.959,6,[Pretrained] CF,"[468, 710, 734, 740, 741]",3.114,3.114,NoOve,[Pretrained] CF NoOve,0.008,0,0.008,752,40,0.0,5,0.1549999999999998,0.0,0.4
745,feature_0 > 0.26 AND feature_1 > 1.06 AND feature_1 > 1.463 AND feature_0 > 0.557 AND feature_2 <= 0.652 AND feature_7 > -0.835,"{'feature_0': (0.557, 3.845), 'feature_1': (1.463, 3.852), 'feature_2': (-3.74, 0.652), 'feature_7': (-0.835, 3.492)}",4,2.804,6,[Pretrained] CF,"[468, 710, 734, 740, 741]",3.046,3.046,NoOve,[Pretrained] CF NoOve,0.008,0,0.008,752,108,0.0,5,0.242,0.0,0.4
752,feature_0 > 0.26 AND feature_1 > 1.06 AND feature_1 > 1.463 AND feature_0 > 0.557 AND feature_2 > 0.652 AND feature_1 > 1.686,"{'feature_0': (0.557, 3.845), 'feature_1': (1.686, 3.852), 'feature_2': (0.652, 4.02)}",3,2.72,6,[Pretrained] CF,"[468, 710, 734, 740, 750]",3.443,3.443,NoOve,[Pretrained] CF NoOve,0.008,0,0.008,752,32,0.0,5,0.7229999999999999,0.0,0.4
723,feature_0 > 0.26 AND feature_1 > 1.06 AND feature_1 <= 1.463 AND feature_0 > 0.763 AND feature_2 <= 0.453 AND feature_7 <= -0.169,"{'feature_0': (0.763, 3.845), 'feature_1': (1.06, 1.463), 'feature_2': (-3.74, 0.453), 'feature_7': (-3.746, -0.169)}",4,2.674,6,[Pretrained] CF,"[468, 710, 711, 721, 722]",2.878,2.878,NoOve,[Pretrained] CF NoOve,0.008,0,0.008,752,57,0.0,5,0.20400000000000018,0.0,0.4
739,feature_0 > 0.26 AND feature_1 > 1.06 AND feature_1 > 1.463 AND feature_0 <= 0.557 AND feature_0 > 0.352 AND feature_1 > 1.661,"{'feature_0': (0.352, 0.557), 'feature_1': (1.661, 3.852)}",2,2.668,6,[Pretrained] CF,"[468, 710, 734, 735, 737]",2.549,2.549,NoOve,[Pretrained] CF NoOve,0.008,0,0.008,752,30,0.0,5,0.11900000000000022,0.0,0.4
742,feature_0 > 0.26 AND feature_1 > 1.06 AND feature_1 > 1.463 AND feature_0 > 0.557 AND feature_2 <= 0.652 AND feature_7 <= -0.835,"{'feature_0': (0.557, 3.845), 'feature_1': (1.463, 3.852), 'feature_2': (-3.74, 0.652), 'feature_7': (-3.746, -0.835)}",4,2.959,6,[Pretrained] CF,"[468, 710, 734, 740, 741]",3.114,3.17,OptRes,[Pretrained] CF OptRes,0.007,0,0.007,752,33,0.06756756756756757,5,0.1549999999999998,0.05600000000000005,0.5
748,feature_0 > 0.26 AND feature_1 > 1.06 AND feature_1 > 1.463 AND feature_0 > 0.557 AND feature_2 <= 0.652 AND feature_7 > -0.835 AND feature_0 > 0.767 AND feature_9 <= 0.059,"{'feature_0': (0.767, 3.845), 'feature_1': (1.463, 3.852), 'feature_2': (-3.74, 0.652), 'feature_7': (-0.835, 3.492), 'feature_9': (-3.581, 0.059)}",5,2.879,8,[Pretrained] CF,"[468, 710, 734, 740, 741, 745, 747]",3.155,3.155,OptRes,[Pretrained] CF OptRes,0.007,0,0.007,752,38,0.06418918918918919,5,0.2759999999999998,0.0,0.5
741,feature_0 > 0.26 AND feature_1 > 1.06 AND feature_1 > 1.463 AND feature_0 > 0.557 AND feature_2 <= 0.652,"{'feature_0': (0.557, 3.845), 'feature_1': (1.463, 3.852), 'feature_2': (-3.74, 0.652)}",3,2.846,5,[Pretrained] CF,"[468, 710, 734, 740]",3.064,3.053,OptRes,[Pretrained] CF OptRes,0.007,0,0.007,752,101,0.19087837837837837,5,0.21799999999999997,0.01100000000000012,0.5
746,feature_0 > 0.26 AND feature_1 > 1.06 AND feature_1 > 1.463 AND feature_0 > 0.557 AND feature_2 <= 0.652 AND feature_7 > -0.835 AND feature_0 <= 0.767,"{'feature_0': (0.557, 0.767), 'feature_1': (1.463, 3.852), 'feature_2': (-3.74, 0.652), 'feature_7': (-0.835, 3.492)}",4,2.722,7,[Pretrained] CF,"[468, 710, 734, 740, 741, 745]",2.664,2.708,OptRes,[Pretrained] CF OptRes,0.007,0,0.007,752,24,0.05912162162162162,5,0.05799999999999983,0.04400000000000004,0.5
750,feature_0 > 0.26 AND feature_1 > 1.06 AND feature_1 > 1.463 AND feature_0 > 0.557 AND feature_2 > 0.652,"{'feature_0': (0.557, 3.845), 'feature_1': (1.463, 3.852), 'feature_2': (0.652, 4.02)}",3,2.69,5,[Pretrained] CF,"[468, 710, 734, 740]",3.26,3.111,OptRes,[Pretrained] CF OptRes,0.007,0,0.007,752,30,0.0,5,0.5699999999999998,0.14899999999999958,0.5
750,feature_0 > 0.26 AND feature_1 > 1.06 AND feature_1 > 1.463 AND feature_0 > 0.557 AND feature_2 > 0.652,"{'feature_0': (0.557, 3.845), 'feature_1': (1.463, 3.852), 'feature_2': (0.652, 4.02)}",3,2.69,5,[Pretrained] CF,"[468, 710, 734, 740]",3.26,3.111,ResOve,[Pretrained] CF ResOve,0.114,0,0.114,752,30,0.0,5,0.5699999999999998,0.14899999999999958,0.5
748,feature_0 > 0.26 AND feature_1 > 1.06 AND feature_1 > 1.463 AND feature_0 > 0.557 AND feature_2 <= 0.652 AND feature_7 > -0.835 AND feature_0 > 0.767 AND feature_9 <= 0.059,"{'feature_0': (0.767, 3.845), 'feature_1': (1.463, 3.852), 'feature_2': (-3.74, 0.652), 'feature_7': (-0.835, 3.492), 'feature_9': (-3.581, 0.059)}",5,2.879,8,[Pretrained] CF,"[468, 710, 734, 740, 741, 745, 747]",3.155,3.155,ResOve,[Pretrained] CF ResOve,0.114,0,0.114,752,38,0.13013698630136986,5,0.2759999999999998,0.0,0.5
747,feature_0 > 0.26 AND feature_1 > 1.06 AND feature_1 > 1.463 AND feature_0 > 0.557 AND feature_2 <= 0.652 AND feature_7 > -0.835 AND feature_0 > 0.767,"{'feature_0': (0.767, 3.845), 'feature_1': (1.463, 3.852), 'feature_2': (-3.74, 0.652), 'feature_7': (-0.835, 3.492)}",4,2.842,7,[Pretrained] CF,"[468, 710, 734, 740, 741, 745]",3.229,3.155,ResOve,[Pretrained] CF ResOve,0.114,0,0.114,752,44,0.13013698630136986,5,0.387,0.07400000000000029,0.5
746,feature_0 > 0.26 AND feature_1 > 1.06 AND feature_1 > 1.463 AND feature_0 > 0.557 AND feature_2 <= 0.652 AND feature_7 > -0.835 AND feature_0 <= 0.767,"{'feature_0': (0.557, 0.767), 'feature_1': (1.463, 3.852), 'feature_2': (-3.74, 0.652), 'feature_7': (-0.835, 3.492)}",4,2.722,7,[Pretrained] CF,"[468, 710, 734, 740, 741, 745]",2.664,2.708,ResOve,[Pretrained] CF ResOve,0.114,0,0.114,752,24,0.0,5,0.05799999999999983,0.04400000000000004,0.5
742,feature_0 > 0.26 AND feature_1 > 1.06 AND feature_1 > 1.463 AND feature_0 > 0.557 AND feature_2 <= 0.652 AND feature_7 <= -0.835,"{'feature_0': (0.557, 3.845), 'feature_1': (1.463, 3.852), 'feature_2': (-3.74, 0.652), 'feature_7': (-3.746, -0.835)}",4,2.959,6,[Pretrained] CF,"[468, 710, 734, 740, 741]",3.114,3.17,ResOve,[Pretrained] CF ResOve,0.114,0,0.114,752,33,0.0,5,0.1549999999999998,0.05600000000000005,0.5
742,feature_0 > 0.26 AND feature_1 > 1.06 AND feature_1 > 1.463 AND feature_0 > 0.557 AND feature_2 <= 0.652 AND feature_7 <= -0.835,"{'feature_0': (0.557, 3.845), 'feature_1': (1.463, 3.852), 'feature_2': (-3.74, 0.652), 'feature_7': (-3.746, -0.835)}",4,2.959,6,[Pretrained] CF,"[468, 710, 734, 740, 741]",3.114,3.17,NoOve,[Pretrained] CF NoOve,0.016,0,0.016,752,33,0.0,5,0.1549999999999998,0.05600000000000005,0.5
745,feature_0 > 0.26 AND feature_1 > 1.06 AND feature_1 > 1.463 AND feature_0 > 0.557 AND feature_2 <= 0.652 AND feature_7 > -0.835,"{'feature_0': (0.557, 3.845), 'feature_1': (1.463, 3.852), 'feature_2': (-3.74, 0.652), 'feature_7': (-0.835, 3.492)}",4,2.804,6,[Pretrained] CF,"[468, 710, 734, 740, 741]",3.046,2.997,NoOve,[Pretrained] CF NoOve,0.016,0,0.016,752,68,0.0,5,0.242,0.04899999999999993,0.5
723,feature_0 > 0.26 AND feature_1 > 1.06 AND feature_1 <= 1.463 AND feature_0 > 0.763 AND feature_2 <= 0.453 AND feature_7 <= -0.169,"{'feature_0': (0.763, 3.845), 'feature_1': (1.06, 1.463), 'feature_2': (-3.74, 0.453), 'feature_7': (-3.746, -0.169)}",4,2.674,6,[Pretrained] CF,"[468, 710, 711, 721, 722]",2.878,2.904,NoOve,[Pretrained] CF NoOve,0.016,0,0.016,752,38,0.0,5,0.20400000000000018,0.0259999999999998,0.5
739,feature_0 > 0.26 AND feature_1 > 1.06 AND feature_1 > 1.463 AND feature_0 <= 0.557 AND feature_0 > 0.352 AND feature_1 > 1.661,"{'feature_0': (0.352, 0.557), 'feature_1': (1.661, 3.852)}",2,2.668,6,[Pretrained] CF,"[468, 710, 734, 735, 737]",2.549,2.566,NoOve,[Pretrained] CF NoOve,0.016,0,0.016,752,24,0.0,5,0.11900000000000022,0.016999999999999904,0.5
726,feature_0 > 0.26 AND feature_1 > 1.06 AND feature_1 <= 1.463 AND feature_0 > 0.763 AND feature_2 <= 0.453 AND feature_7 > -0.169,"{'feature_0': (0.763, 3.845), 'feature_1': (1.06, 1.463), 'feature_2': (-3.74, 0.453), 'feature_7': (-0.169, 3.492)}",4,2.484,6,[Pretrained] CF,"[468, 710, 711, 721, 722]",2.676,2.709,NoOve,[Pretrained] CF NoOve,0.016,0,0.016,752,32,0.0,5,0.19200000000000017,0.03299999999999992,0.5
734,feature_0 > 0.26 AND feature_1 > 1.06 AND feature_1 > 1.463,"{'feature_0': (0.26, 3.845), 'feature_1': (1.463, 3.852)}",2,2.726,3,[Pretrained] CF,"[468, 710]",2.916,3.091,OptRes,[Pretrained] CF OptRes,0.015,0,0.015,752,21,0.11994727592267135,5,0.18999999999999995,0.17500000000000027,0.1
710,feature_0 > 0.26 AND feature_1 > 1.06,"{'feature_0': (0.26, 3.845), 'feature_1': (1.06, 3.852)}",2,2.521,2,[Pretrained] CF,[468],2.66,2.595,OptRes,[Pretrained] CF OptRes,0.015,0,0.015,752,61,0.19463971880492092,5,0.13900000000000023,0.06499999999999995,0.1
721,feature_0 > 0.26 AND feature_1 > 1.06 AND feature_1 <= 1.463 AND feature_0 > 0.763,"{'feature_0': (0.763, 3.845), 'feature_1': (1.06, 1.463)}",2,2.508,4,[Pretrained] CF,"[468, 710, 711]",2.747,2.649,OptRes,[Pretrained] CF OptRes,0.015,0,0.015,752,21,0.07469244288224956,5,0.23899999999999988,0.09799999999999986,0.1
659,feature_0 > 0.26 AND feature_1 <= 1.06 AND feature_0 > 0.8 AND feature_1 > 0.12,"{'feature_0': (0.8, 3.845), 'feature_1': (0.12, 1.06)}",2,2.063,4,[Pretrained] CF,"[468, 469, 583]",2.386,2.24,OptRes,[Pretrained] CF OptRes,0.015,0,0.015,752,68,0.10373134328358209,5,0.32299999999999995,0.1459999999999999,0.1
672,feature_0 > 0.26 AND feature_1 <= 1.06 AND feature_0 > 0.8 AND feature_1 > 0.12 AND feature_0 <= 1.421 AND feature_1 > 0.367,"{'feature_0': (0.8, 1.421), 'feature_1': (0.367, 1.06)}",2,2.016,6,[Pretrained] CF,"[468, 469, 583, 659, 660]",2.167,2.115,OptRes,[Pretrained] CF OptRes,0.015,0,0.015,752,31,0.10373134328358209,5,0.1509999999999998,0.0519999999999996,0.1
734,feature_0 > 0.26 AND feature_1 > 1.06 AND feature_1 > 1.463,"{'feature_0': (0.26, 3.845), 'feature_1': (1.463, 3.852)}",2,2.726,3,[Pretrained] CF,"[468, 710]",2.916,3.091,ResOve,[Pretrained] CF ResOve,0.143,0,0.143,752,21,0.11994727592267135,5,0.18999999999999995,0.17500000000000027,0.1
721,feature_0 > 0.26 AND feature_1 > 1.06 AND feature_1 <= 1.463 AND feature_0 > 0.763,"{'feature_0': (0.763, 3.845), 'feature_1': (1.06, 1.463)}",2,2.508,4,[Pretrained] CF,"[468, 710, 711]",2.747,2.649,ResOve,[Pretrained] CF ResOve,0.143,0,0.143,752,21,0.21827352396333066,5,0.23899999999999988,0.09799999999999986,0.1
711,feature_0 > 0.26 AND feature_1 > 1.06 AND feature_1 <= 1.463,"{'feature_0': (0.26, 3.845), 'feature_1': (1.06, 1.463)}",2,2.332,3,[Pretrained] CF,"[468, 710]",2.423,2.335,ResOve,[Pretrained] CF ResOve,0.143,0,0.143,752,40,0.27363380515840974,5,0.09100000000000019,0.08800000000000008,0.1
710,feature_0 > 0.26 AND feature_1 > 1.06,"{'feature_0': (0.26, 3.845), 'feature_1': (1.06, 3.852)}",2,2.521,2,[Pretrained] CF,[468],2.66,2.595,ResOve,[Pretrained] CF ResOve,0.143,0,0.143,752,61,0.3246924428822496,5,0.13900000000000023,0.06499999999999995,0.1
672,feature_0 > 0.26 AND feature_1 <= 1.06 AND feature_0 > 0.8 AND feature_1 > 0.12 AND feature_0 <= 1.421 AND feature_1 > 0.367,"{'feature_0': (0.8, 1.421), 'feature_1': (0.367, 1.06)}",2,2.016,6,[Pretrained] CF,"[468, 469, 583, 659, 660]",2.167,2.115,ResOve,[Pretrained] CF ResOve,0.143,0,0.143,752,31,0.0,5,0.1509999999999998,0.0519999999999996,0.1
734,feature_0 > 0.26 AND feature_1 > 1.06 AND feature_1 > 1.463,"{'feature_0': (0.26, 3.845), 'feature_1': (1.463, 3.852)}",2,2.726,3,[Pretrained] CF,"[468, 710]",2.916,3.091,NoOve,[Pretrained] CF NoOve,0.122,0,0.122,752,21,0.0,5,0.18999999999999995,0.17500000000000027,0.1
711,feature_0 > 0.26 AND feature_1 > 1.06 AND feature_1 <= 1.463,"{'feature_0': (0.26, 3.845), 'feature_1': (1.06, 1.463)}",2,2.332,3,[Pretrained] CF,"[468, 710]",2.423,2.335,NoOve,[Pretrained] CF NoOve,0.122,0,0.122,752,40,0.0,5,0.09100000000000019,0.08800000000000008,0.1
583,feature_0 > 0.26 AND feature_1 <= 1.06 AND feature_0 > 0.8,"{'feature_0': (0.8, 3.845), 'feature_1': (-3.98, 1.06)}",2,1.86,3,[Pretrained] CF,"[468, 469]",2.023,1.901,NoOve,[Pretrained] CF NoOve,0.122,0,0.122,752,202,0.0,5,0.16300000000000003,0.12200000000000011,0.1
431,feature_0 <= 0.26 AND feature_0 > -0.366 AND feature_1 > 0.892,"{'feature_0': (-0.366, 0.26), 'feature_1': (0.892, 3.852)}",2,1.337,3,[Pretrained] CF,"[1, 275]",1.626,1.576,NoOve,[Pretrained] CF NoOve,0.122,0,0.122,752,44,0.0,5,0.2889999999999999,0.04999999999999982,0.1
470,feature_0 > 0.26 AND feature_1 <= 1.06 AND feature_0 <= 0.8,"{'feature_0': (0.26, 0.8), 'feature_1': (-3.98, 1.06)}",2,1.265,3,[Pretrained] CF,"[468, 469]",1.153,1.151,NoOve,[Pretrained] CF NoOve,0.122,0,0.122,752,168,0.0,5,0.11199999999999988,0.0020000000000000018,0.1
653,feature_0 > 0.26 AND feature_1 <= 1.06 AND feature_0 > 0.8 AND feature_1 <= 0.12 AND feature_0 > 1.512 AND feature_4 > -0.038 AND feature_3 > -0.585 AND feature_5 > -0.604 AND feature_1 <= -0.641,"{'feature_0': (1.512, 3.845), 'feature_1': (-3.98, -0.641), 'feature_4': (-0.038, 3.804), 'feature_3': (-0.585, 4.242), 'feature_5': (-0.604, 3.687)}",5,1.879,9,[Pretrained] CF,"[468, 469, 583, 584, 632, 644, 648, 652]",2.218,2.218,OptRes,[Pretrained] CF OptRes,0.004,0,0.004,752,44,0.0,5,0.33899999999999997,0.0,0.2
629,feature_0 > 0.26 AND feature_1 <= 1.06 AND feature_0 > 0.8 AND feature_1 <= 0.12 AND feature_0 <= 1.512 AND feature_3 > -0.812 AND feature_4 > 0.62 AND feature_0 > 1.073 AND feature_1 <= -0.45 AND feature_9 <= 0.338,"{'feature_0': (1.073, 1.512), 'feature_1': (-3.98, -0.45), 'feature_3': (-0.812, 4.242), 'feature_4': (0.62, 3.804), 'feature_9': (-3.581, 0.338)}",5,1.79,10,[Pretrained] CF,"[468, 469, 583, 584, 585, 597, 623, 627, 628]",1.56,1.56,OptRes,[Pretrained] CF OptRes,0.004,0,0.004,752,32,0.0,5,0.22999999999999998,0.0,0.2
604,feature_0 > 0.26 AND feature_1 <= 1.06 AND feature_0 > 0.8 AND feature_1 <= 0.12 AND feature_0 <= 1.512 AND feature_3 > -0.812 AND feature_4 <= 0.62 AND feature_1 <= -0.293 AND feature_9 <= -0.294 AND feature_0 > 0.915 AND feature_6 <= 0.291 AND feature_7 <= -0.021,"{'feature_0': (0.915, 1.512), 'feature_1': (-3.98, -0.293), 'feature_3': (-0.812, 4.242), 'feature_4': (-3.533, 0.62), 'feature_9': (-3.581, -0.294), 'feature_6': (-4.852, 0.291), 'feature_7': (-3.746, -0.021)}",7,1.741,12,[Pretrained] CF,"[468, 469, 583, 584, 585, 597, 598, 599, 600, 602, 603]",1.511,1.511,OptRes,[Pretrained] CF OptRes,0.004,0,0.004,752,26,0.07386363636363637,5,0.2300000000000002,0.0,0.2
630,feature_0 > 0.26 AND feature_1 <= 1.06 AND feature_0 > 0.8 AND feature_1 <= 0.12 AND feature_0 <= 1.512 AND feature_3 > -0.812 AND feature_4 > 0.62 AND feature_0 > 1.073 AND feature_1 <= -0.45 AND feature_9 > 0.338,"{'feature_0': (1.073, 1.512), 'feature_1': (-3.98, -0.45), 'feature_3': (-0.812, 4.242), 'feature_4': (0.62, 3.804), 'feature_9': (0.338, 3.767)}",5,1.681,10,[Pretrained] CF,"[468, 469, 583, 584, 585, 597, 623, 627, 628]",1.563,1.563,OptRes,[Pretrained] CF OptRes,0.004,0,0.004,752,22,0.0,5,0.1180000000000001,0.0,0.2
602,feature_0 > 0.26 AND feature_1 <= 1.06 AND feature_0 > 0.8 AND feature_1 <= 0.12 AND feature_0 <= 1.512 AND feature_3 > -0.812 AND feature_4 <= 0.62 AND feature_1 <= -0.293 AND feature_9 <= -0.294 AND feature_0 > 0.915,"{'feature_0': (0.915, 1.512), 'feature_1': (-3.98, -0.293), 'feature_3': (-0.812, 4.242), 'feature_4': (-3.533, 0.62), 'feature_9': (-3.581, -0.294)}",5,1.641,10,[Pretrained] CF,"[468, 469, 583, 584, 585, 597, 598, 599, 600]",1.544,1.544,OptRes,[Pretrained] CF OptRes,0.004,0,0.004,752,88,0.07386363636363637,5,0.09699999999999998,0.0,0.2
655,feature_0 > 0.26 AND feature_1 <= 1.06 AND feature_0 > 0.8 AND feature_1 <= 0.12 AND feature_0 > 1.512 AND feature_4 > -0.038 AND feature_3 > -0.585 AND feature_5 > -0.604 AND feature_1 <= -0.641 AND feature_9 > -0.185,"{'feature_0': (1.512, 3.845), 'feature_1': (-3.98, -0.641), 'feature_4': (-0.038, 3.804), 'feature_3': (-0.585, 4.242), 'feature_5': (-0.604, 3.687), 'feature_9': (-0.185, 3.767)}",6,1.808,10,[Pretrained] CF,"[468, 469, 583, 584, 632, 644, 648, 652, 653]",2.173,2.173,ResOve,[Pretrained] CF ResOve,0.023,0,0.023,752,24,0.13636363636363635,5,0.365,0.0,0.2
653,feature_0 > 0.26 AND feature_1 <= 1.06 AND feature_0 > 0.8 AND feature_1 <= 0.12 AND feature_0 > 1.512 AND feature_4 > -0.038 AND feature_3 > -0.585 AND feature_5 > -0.604 AND feature_1 <= -0.641,"{'feature_0': (1.512, 3.845), 'feature_1': (-3.98, -0.641), 'feature_4': (-0.038, 3.804), 'feature_3': (-0.585, 4.242), 'feature_5': (-0.604, 3.687)}",5,1.879,9,[Pretrained] CF,"[468, 469, 583, 584, 632, 644, 648, 652]",2.218,2.218,ResOve,[Pretrained] CF ResOve,0.023,0,0.023,752,44,0.13636363636363635,5,0.33899999999999997,0.0,0.2
629,feature_0 > 0.26 AND feature_1 <= 1.06 AND feature_0 > 0.8 AND feature_1 <= 0.12 AND feature_0 <= 1.512 AND feature_3 > -0.812 AND feature_4 > 0.62 AND feature_0 > 1.073 AND feature_1 <= -0.45 AND feature_9 <= 0.338,"{'feature_0': (1.073, 1.512), 'feature_1': (-3.98, -0.45), 'feature_3': (-0.812, 4.242), 'feature_4': (0.62, 3.804), 'feature_9': (-3.581, 0.338)}",5,1.79,10,[Pretrained] CF,"[468, 469, 583, 584, 585, 597, 623, 627, 628]",1.56,1.56,ResOve,[Pretrained] CF ResOve,0.023,0,0.023,752,32,0.0,5,0.22999999999999998,0.0,0.2
604,feature_0 > 0.26 AND feature_1 <= 1.06 AND feature_0 > 0.8 AND feature_1 <= 0.12 AND feature_0 <= 1.512 AND feature_3 > -0.812 AND feature_4 <= 0.62 AND feature_1 <= -0.293 AND feature_9 <= -0.294 AND feature_0 > 0.915 AND feature_6 <= 0.291 AND feature_7 <= -0.021,"{'feature_0': (0.915, 1.512), 'feature_1': (-3.98, -0.293), 'feature_3': (-0.812, 4.242), 'feature_4': (-3.533, 0.62), 'feature_9': (-3.581, -0.294), 'feature_6': (-4.852, 0.291), 'feature_7': (-3.746, -0.021)}",7,1.741,12,[Pretrained] CF,"[468, 469, 583, 584, 585, 597, 598, 599, 600, 602, 603]",1.511,1.511,ResOve,[Pretrained] CF ResOve,0.023,0,0.023,752,26,0.0,5,0.2300000000000002,0.0,0.2
630,feature_0 > 0.26 AND feature_1 <= 1.06 AND feature_0 > 0.8 AND feature_1 <= 0.12 AND feature_0 <= 1.512 AND feature_3 > -0.812 AND feature_4 > 0.62 AND feature_0 > 1.073 AND feature_1 <= -0.45 AND feature_9 > 0.338,"{'feature_0': (1.073, 1.512), 'feature_1': (-3.98, -0.45), 'feature_3': (-0.812, 4.242), 'feature_4': (0.62, 3.804), 'feature_9': (0.338, 3.767)}",5,1.681,10,[Pretrained] CF,"[468, 469, 583, 584, 585, 597, 623, 627, 628]",1.563,1.563,ResOve,[Pretrained] CF ResOve,0.023,0,0.023,752,22,0.0,5,0.1180000000000001,0.0,0.2
655,feature_0 > 0.26 AND feature_1 <= 1.06 AND feature_0 > 0.8 AND feature_1 <= 0.12 AND feature_0 > 1.512 AND feature_4 > -0.038 AND feature_3 > -0.585 AND feature_5 > -0.604 AND feature_1 <= -0.641 AND feature_9 > -0.185,"{'feature_0': (1.512, 3.845), 'feature_1': (-3.98, -0.641), 'feature_4': (-0.038, 3.804), 'feature_3': (-0.585, 4.242), 'feature_5': (-0.604, 3.687), 'feature_9': (-0.185, 3.767)}",6,1.808,10,[Pretrained] CF,"[468, 469, 583, 584, 632, 644, 648, 652, 653]",2.173,2.173,NoOve,[Pretrained] CF NoOve,0.005,0,0.005,752,24,0.0,5,0.365,0.0,0.2
629,feature_0 > 0.26 AND feature_1 <= 1.06 AND feature_0 > 0.8 AND feature_1 <= 0.12 AND feature_0 <= 1.512 AND feature_3 > -0.812 AND feature_4 > 0.62 AND feature_0 > 1.073 AND feature_1 <= -0.45 AND feature_9 <= 0.338,"{'feature_0': (1.073, 1.512), 'feature_1': (-3.98, -0.45), 'feature_3': (-0.812, 4.242), 'feature_4': (0.62, 3.804), 'feature_9': (-3.581, 0.338)}",5,1.79,10,[Pretrained] CF,"[468, 469, 583, 584, 585, 597, 623, 627, 628]",1.56,1.56,NoOve,[Pretrained] CF NoOve,0.005,0,0.005,752,32,0.0,5,0.22999999999999998,0.0,0.2
630,feature_0 > 0.26 AND feature_1 <= 1.06 AND feature_0 > 0.8 AND feature_1 <= 0.12 AND feature_0 <= 1.512 AND feature_3 > -0.812 AND feature_4 > 0.62 AND feature_0 > 1.073 AND feature_1 <= -0.45 AND feature_9 > 0.338,"{'feature_0': (1.073, 1.512), 'feature_1': (-3.98, -0.45), 'feature_3': (-0.812, 4.242), 'feature_4': (0.62, 3.804), 'feature_9': (0.338, 3.767)}",5,1.681,10,[Pretrained] CF,"[468, 469, 583, 584, 585, 597, 623, 627, 628]",1.563,1.563,NoOve,[Pretrained] CF NoOve,0.005,0,0.005,752,22,0.0,5,0.1180000000000001,0.0,0.2
602,feature_0 > 0.26 AND feature_1 <= 1.06 AND feature_0 > 0.8 AND feature_1 <= 0.12 AND feature_0 <= 1.512 AND feature_3 > -0.812 AND feature_4 <= 0.62 AND feature_1 <= -0.293 AND feature_9 <= -0.294 AND feature_0 > 0.915,"{'feature_0': (0.915, 1.512), 'feature_1': (-3.98, -0.293), 'feature_3': (-0.812, 4.242), 'feature_4': (-3.533, 0.62), 'feature_9': (-3.581, -0.294)}",5,1.641,10,[Pretrained] CF,"[468, 469, 583, 584, 585, 597, 598, 599, 600]",1.544,1.544,NoOve,[Pretrained] CF NoOve,0.005,0,0.005,752,88,0.0,5,0.09699999999999998,0.0,0.2
609,feature_0 > 0.26 AND feature_1 <= 1.06 AND feature_0 > 0.8 AND feature_1 <= 0.12 AND feature_0 <= 1.512 AND feature_3 > -0.812 AND feature_4 <= 0.62 AND feature_1 <= -0.293 AND feature_9 > -0.294 AND feature_1 > -1.529,"{'feature_0': (0.8, 1.512), 'feature_1': (-1.529, -0.293), 'feature_3': (-0.812, 4.242), 'feature_4': (-3.533, 0.62), 'feature_9': (-0.294, 3.767)}",5,1.494,10,[Pretrained] CF,"[468, 469, 583, 584, 585, 597, 598, 599, 607]",1.481,1.481,NoOve,[Pretrained] CF NoOve,0.005,0,0.005,752,168,0.0,5,0.0129999999999999,0.0,0.2
742,feature_0 > 0.26 AND feature_1 > 1.06 AND feature_1 > 1.463 AND feature_0 > 0.557 AND feature_2 <= 0.652 AND feature_7 <= -0.835,"{'feature_0': (0.557, 3.845), 'feature_1': (1.463, 3.852), 'feature_2': (-3.74, 0.652), 'feature_7': (-3.746, -0.835)}",4,2.959,6,[Pretrained] CF,"[468, 710, 734, 740, 741]",3.114,3.114,OptRes,[Pretrained] CF OptRes,0.006,0,0.006,752,40,0.06756756756756757,5,0.1549999999999998,0.0,0.3
741,feature_0 > 0.26 AND feature_1 > 1.06 AND feature_1 > 1.463 AND feature_0 > 0.557 AND feature_2 <= 0.652,"{'feature_0': (0.557, 3.845), 'feature_1': (1.463, 3.852), 'feature_2': (-3.74, 0.652)}",3,2.846,5,[Pretrained] CF,"[468, 710, 734, 740]",3.064,3.045,OptRes,[Pretrained] CF OptRes,0.006,0,0.006,752,80,0.1908783783783784,5,0.21799999999999997,0.019000000000000128,0.3
747,feature_0 > 0.26 AND feature_1 > 1.06 AND feature_1 > 1.463 AND feature_0 > 0.557 AND feature_2 <= 0.652 AND feature_7 > -0.835 AND feature_0 > 0.767,"{'feature_0': (0.767, 3.845), 'feature_1': (1.463, 3.852), 'feature_2': (-3.74, 0.652), 'feature_7': (-0.835, 3.492)}",4,2.842,7,[Pretrained] CF,"[468, 710, 734, 740, 741, 745]",3.229,3.103,OptRes,[Pretrained] CF OptRes,0.006,0,0.006,752,30,0.12331081081081081,5,0.387,0.1259999999999999,0.3
750,feature_0 > 0.26 AND feature_1 > 1.06 AND feature_1 > 1.463 AND feature_0 > 0.557 AND feature_2 > 0.652,"{'feature_0': (0.557, 3.845), 'feature_1': (1.463, 3.852), 'feature_2': (0.652, 4.02)}",3,2.69,5,[Pretrained] CF,"[468, 710, 734, 740]",3.26,3.326,OptRes,[Pretrained] CF OptRes,0.006,0,0.006,752,25,0.0,5,0.5699999999999998,0.06600000000000028,0.3
723,feature_0 > 0.26 AND feature_1 > 1.06 AND feature_1 <= 1.463 AND feature_0 > 0.763 AND feature_2 <= 0.453 AND feature_7 <= -0.169,"{'feature_0': (0.763, 3.845), 'feature_1': (1.06, 1.463), 'feature_2': (-3.74, 0.453), 'feature_7': (-3.746, -0.169)}",4,2.674,6,[Pretrained] CF,"[468, 710, 711, 721, 722]",2.878,2.878,OptRes,[Pretrained] CF OptRes,0.006,0,0.006,752,57,0.0,5,0.20400000000000018,0.0,0.3
750,feature_0 > 0.26 AND feature_1 > 1.06 AND feature_1 > 1.463 AND feature_0 > 0.557 AND feature_2 > 0.652,"{'feature_0': (0.557, 3.845), 'feature_1': (1.463, 3.852), 'feature_2': (0.652, 4.02)}",3,2.69,5,[Pretrained] CF,"[468, 710, 734, 740]",3.26,3.326,ResOve,[Pretrained] CF ResOve,0.123,0,0.123,752,25,0.0,5,0.5699999999999998,0.06600000000000028,0.3
747,feature_0 > 0.26 AND feature_1 > 1.06 AND feature_1 > 1.463 AND feature_0 > 0.557 AND feature_2 <= 0.652 AND feature_7 > -0.835 AND feature_0 > 0.767,"{'feature_0': (0.767, 3.845), 'feature_1': (1.463, 3.852), 'feature_2': (-3.74, 0.652), 'feature_7': (-0.835, 3.492)}",4,2.842,7,[Pretrained] CF,"[468, 710, 734, 740, 741, 745]",3.229,3.103,ResOve,[Pretrained] CF ResOve,0.123,0,0.123,752,30,0.12331081081081081,5,0.387,0.1259999999999999,0.3
741,feature_0 > 0.26 AND feature_1 > 1.06 AND feature_1 > 1.463 AND feature_0 > 0.557 AND feature_2 <= 0.652,"{'feature_0': (0.557, 3.845), 'feature_1': (1.463, 3.852), 'feature_2': (-3.74, 0.652)}",3,2.846,5,[Pretrained] CF,"[468, 710, 734, 740]",3.064,3.045,ResOve,[Pretrained] CF ResOve,0.123,0,0.123,752,80,0.12331081081081081,5,0.21799999999999997,0.019000000000000128,0.3
723,feature_0 > 0.26 AND feature_1 > 1.06 AND feature_1 <= 1.463 AND feature_0 > 0.763 AND feature_2 <= 0.453 AND feature_7 <= -0.169,"{'feature_0': (0.763, 3.845), 'feature_1': (1.06, 1.463), 'feature_2': (-3.74, 0.453), 'feature_7': (-3.746, -0.169)}",4,2.674,6,[Pretrained] CF,"[468, 710, 711, 721, 722]",2.878,2.878,ResOve,[Pretrained] CF ResOve,0.123,0,0.123,752,57,0.0,5,0.20400000000000018,0.0,0.3
707,feature_0 > 0.26 AND feature_1 <= 1.06 AND feature_0 > 0.8 AND feature_1 > 0.12 AND feature_0 > 1.421 AND feature_4 > 0.123 AND feature_0 > 1.859,"{'feature_0': (1.859, 3.845), 'feature_1': (0.12, 1.06), 'feature_4': (0.123, 3.804)}",3,2.439,7,[Pretrained] CF,"[468, 469, 583, 659, 693, 703]",3.138,3.071,ResOve,[Pretrained] CF ResOve,0.123,0,0.123,752,28,0.0,5,0.6989999999999998,0.06699999999999973,0.3
741,feature_0 > 0.26 AND feature_1 > 1.06 AND feature_1 > 1.463 AND feature_0 > 0.557 AND feature_2 <= 0.652,"{'feature_0': (0.557, 3.845), 'feature_1': (1.463, 3.852), 'feature_2': (-3.74, 0.652)}",3,2.846,5,[Pretrained] CF,"[468, 710, 734, 740]",3.064,3.045,NoOve,[Pretrained] CF NoOve,0.025,0,0.025,752,80,0.0,5,0.21799999999999997,0.019000000000000128,0.3
750,feature_0 > 0.26 AND feature_1 > 1.06 AND feature_1 > 1.463 AND feature_0 > 0.557 AND feature_2 > 0.652,"{'feature_0': (0.557, 3.845), 'feature_1': (1.463, 3.852), 'feature_2': (0.652, 4.02)}",3,2.69,5,[Pretrained] CF,"[468, 710, 734, 740]",3.26,3.326,NoOve,[Pretrained] CF NoOve,0.025,0,0.025,752,25,0.0,5,0.5699999999999998,0.06600000000000028,0.3
737,feature_0 > 0.26 AND feature_1 > 1.06 AND feature_1 > 1.463 AND feature_0 <= 0.557 AND feature_0 > 0.352,"{'feature_0': (0.352, 0.557), 'feature_1': (1.463, 3.852)}",2,2.602,5,[Pretrained] CF,"[468, 710, 734, 735]",2.4,2.46,NoOve,[Pretrained] CF NoOve,0.025,0,0.025,752,22,0.0,5,0.20199999999999996,0.06000000000000005,0.3
722,feature_0 > 0.26 AND feature_1 > 1.06 AND feature_1 <= 1.463 AND feature_0 > 0.763 AND feature_2 <= 0.453,"{'feature_0': (0.763, 3.845), 'feature_1': (1.06, 1.463), 'feature_2': (-3.74, 0.453)}",3,2.584,5,[Pretrained] CF,"[468, 710, 711, 721]",2.782,2.868,NoOve,[Pretrained] CF NoOve,0.025,0,0.025,752,60,0.0,5,0.19799999999999995,0.08599999999999985,0.3
729,feature_0 > 0.26 AND feature_1 > 1.06 AND feature_1 <= 1.463 AND feature_0 > 0.763 AND feature_2 > 0.453,"{'feature_0': (0.763, 3.845), 'feature_1': (1.06, 1.463), 'feature_2': (0.453, 4.02)}",3,2.374,5,[Pretrained] CF,"[468, 710, 711, 721]",2.685,2.632,NoOve,[Pretrained] CF NoOve,0.025,0,0.025,752,26,0.0,5,0.31099999999999994,0.052999999999999936,0.3
748,feature_0 > 0.26 AND feature_1 > 1.06 AND feature_1 > 1.463 AND feature_0 > 0.557 AND feature_2 <= 0.652 AND feature_7 > -0.835 AND feature_0 > 0.767 AND feature_9 <= 0.059,"{'feature_0': (0.767, 3.845), 'feature_1': (1.463, 3.852), 'feature_2': (-3.74, 0.652), 'feature_7': (-0.835, 3.492), 'feature_9': (-3.581, 0.059)}",5,2.879,8,[Pretrained] CF,"[468, 710, 734, 740, 741, 745, 747]",3.155,3.133,OptRes,[Pretrained] CF OptRes,0.009,0,0.009,752,22,0.08088514700992733,5,0.2759999999999998,0.021999999999999797,0.4
741,feature_0 > 0.26 AND feature_1 > 1.06 AND feature_1 > 1.463 AND feature_0 > 0.557 AND feature_2 <= 0.652,"{'feature_0': (0.557, 3.845), 'feature_1': (1.463, 3.852), 'feature_2': (-3.74, 0.652)}",3,2.846,5,[Pretrained] CF,"[468, 710, 734, 740]",3.064,3.03,OptRes,[Pretrained] CF OptRes,0.009,0,0.009,752,68,0.1292155512278535,5,0.21799999999999997,0.03400000000000025,0.4
723,feature_0 > 0.26 AND feature_1 > 1.06 AND feature_1 <= 1.463 AND feature_0 > 0.763 AND feature_2 <= 0.453 AND feature_7 <= -0.169,"{'feature_0': (0.763, 3.845), 'feature_1': (1.06, 1.463), 'feature_2': (-3.74, 0.453), 'feature_7': (-3.746, -0.169)}",4,2.674,6,[Pretrained] CF,"[468, 710, 711, 721, 722]",2.878,2.974,OptRes,[Pretrained] CF OptRes,0.009,0,0.009,752,33,0.025043936731107205,5,0.20400000000000018,0.09600000000000009,0.4
737,feature_0 > 0.26 AND feature_1 > 1.06 AND feature_1 > 1.463 AND feature_0 <= 0.557 AND feature_0 > 0.352,"{'feature_0': (0.352, 0.557), 'feature_1': (1.463, 3.852)}",2,2.602,5,[Pretrained] CF,"[468, 710, 734, 735]",2.4,2.322,OptRes,[Pretrained] CF OptRes,0.009,0,0.009,752,28,0.022847100175746926,5,0.20199999999999996,0.07799999999999985,0.4
710,feature_0 > 0.26 AND feature_1 > 1.06,"{'feature_0': (0.26, 3.845), 'feature_1': (1.06, 3.852)}",2,2.521,2,[Pretrained] CF,[468],2.66,2.61,OptRes,[Pretrained] CF OptRes,0.009,0,0.009,752,273,0.1296133567662566,5,0.13900000000000023,0.050000000000000266,0.4
748,feature_0 > 0.26 AND feature_1 > 1.06 AND feature_1 > 1.463 AND feature_0 > 0.557 AND feature_2 <= 0.652 AND feature_7 > -0.835 AND feature_0 > 0.767 AND feature_9 <= 0.059,"{'feature_0': (0.767, 3.845), 'feature_1': (1.463, 3.852), 'feature_2': (-3.74, 0.652), 'feature_7': (-0.835, 3.492), 'feature_9': (-3.581, 0.059)}",5,2.879,8,[Pretrained] CF,"[468, 710, 734, 740, 741, 745, 747]",3.155,3.133,ResOve,[Pretrained] CF ResOve,0.125,0,0.125,752,22,0.17740066789340966,5,0.2759999999999998,0.021999999999999797,0.4
740,feature_0 > 0.26 AND feature_1 > 1.06 AND feature_1 > 1.463 AND feature_0 > 0.557,"{'feature_0': (0.557, 3.845), 'feature_1': (1.463, 3.852)}",2,2.805,4,[Pretrained] CF,"[468, 710, 734]",3.116,3.085,ResOve,[Pretrained] CF ResOve,0.125,0,0.125,752,85,0.13805970149253732,5,0.31099999999999994,0.03100000000000014,0.4
737,feature_0 > 0.26 AND feature_1 > 1.06 AND feature_1 > 1.463 AND feature_0 <= 0.557 AND feature_0 > 0.352,"{'feature_0': (0.352, 0.557), 'feature_1': (1.463, 3.852)}",2,2.602,5,[Pretrained] CF,"[468, 710, 734, 735]",2.4,2.322,ResOve,[Pretrained] CF ResOve,0.125,0,0.125,752,28,0.0,5,0.20199999999999996,0.07799999999999985,0.4
724,feature_0 > 0.26 AND feature_1 > 1.06 AND feature_1 <= 1.463 AND feature_0 > 0.763 AND feature_2 <= 0.453 AND feature_7 <= -0.169 AND feature_1 <= 1.301,"{'feature_0': (0.763, 3.845), 'feature_1': (1.06, 1.301), 'feature_2': (-3.74, 0.453), 'feature_7': (-3.746, -0.169)}",4,2.607,7,[Pretrained] CF,"[468, 710, 711, 721, 722, 723]",2.833,2.972,ResOve,[Pretrained] CF ResOve,0.125,0,0.125,752,21,0.0,5,0.22599999999999998,0.1389999999999998,0.4
747,feature_0 > 0.26 AND feature_1 > 1.06 AND feature_1 > 1.463 AND feature_0 > 0.557 AND feature_2 <= 0.652 AND feature_7 > -0.835 AND feature_0 > 0.767,"{'feature_0': (0.767, 3.845), 'feature_1': (1.463, 3.852), 'feature_2': (-3.74, 0.652), 'feature_7': (-0.835, 3.492)}",4,2.842,7,[Pretrained] CF,"[468, 710, 734, 740, 741, 745]",3.229,3.209,ResOve,[Pretrained] CF ResOve,0.125,0,0.125,752,36,0.22093300620186737,5,0.387,0.020000000000000018,0.4
741,feature_0 > 0.26 AND feature_1 > 1.06 AND feature_1 > 1.463 AND feature_0 > 0.557 AND feature_2 <= 0.652,"{'feature_0': (0.557, 3.845), 'feature_1': (1.463, 3.852), 'feature_2': (-3.74, 0.652)}",3,2.846,5,[Pretrained] CF,"[468, 710, 734, 740]",3.064,3.03,NoOve,[Pretrained] CF NoOve,0.023,0,0.023,752,68,0.0,5,0.21799999999999997,0.03400000000000025,0.4
737,feature_0 > 0.26 AND feature_1 > 1.06 AND feature_1 > 1.463 AND feature_0 <= 0.557 AND feature_0 > 0.352,"{'feature_0': (0.352, 0.557), 'feature_1': (1.463, 3.852)}",2,2.602,5,[Pretrained] CF,"[468, 710, 734, 735]",2.4,2.322,NoOve,[Pretrained] CF NoOve,0.023,0,0.023,752,28,0.0,5,0.20199999999999996,0.07799999999999985,0.4
722,feature_0 > 0.26 AND feature_1 > 1.06 AND feature_1 <= 1.463 AND feature_0 > 0.763 AND feature_2 <= 0.453,"{'feature_0': (0.763, 3.845), 'feature_1': (1.06, 1.463), 'feature_2': (-3.74, 0.453)}",3,2.584,5,[Pretrained] CF,"[468, 710, 711, 721]",2.782,2.83,NoOve,[Pretrained] CF NoOve,0.023,0,0.023,752,58,0.0,5,0.19799999999999995,0.04800000000000004,0.4
729,feature_0 > 0.26 AND feature_1 > 1.06 AND feature_1 <= 1.463 AND feature_0 > 0.763 AND feature_2 > 0.453,"{'feature_0': (0.763, 3.845), 'feature_1': (1.06, 1.463), 'feature_2': (0.453, 4.02)}",3,2.374,5,[Pretrained] CF,"[468, 710, 711, 721]",2.685,2.628,NoOve,[Pretrained] CF NoOve,0.023,0,0.023,752,25,0.0,5,0.31099999999999994,0.05699999999999994,0.4
693,feature_0 > 0.26 AND feature_1 <= 1.06 AND feature_0 > 0.8 AND feature_1 > 0.12 AND feature_0 > 1.421,"{'feature_0': (1.421, 3.845), 'feature_1': (0.12, 1.06)}",2,2.215,5,[Pretrained] CF,"[468, 469, 583, 659]",2.881,2.87,NoOve,[Pretrained] CF NoOve,0.023,0,0.023,752,123,0.0,5,0.6659999999999999,0.010999999999999677,0.4
647,feature_0 > 0.26 AND feature_1 <= 1.06 AND feature_0 > 0.8 AND feature_1 <= 0.12 AND feature_0 > 1.512 AND feature_4 > -0.038 AND feature_3 <= -0.585 AND feature_0 > 1.867,"{'feature_0': (1.867, 3.845), 'feature_1': (-3.98, 0.12), 'feature_4': (-0.038, 3.804), 'feature_3': (-3.667, -0.585)}",4,2.21,8,[Pretrained] CF,"[468, 469, 583, 584, 632, 644, 645]",2.683,2.683,OptRes,[Pretrained] CF OptRes,0.003,0,0.003,752,24,0.1111111111111111,5,0.47299999999999986,0.0,0.5
650,feature_0 > 0.26 AND feature_1 <= 1.06 AND feature_0 > 0.8 AND feature_1 <= 0.12 AND feature_0 > 1.512 AND feature_4 > -0.038 AND feature_3 > -0.585 AND feature_5 <= -0.604 AND feature_3 <= 0.575,"{'feature_0': (1.512, 3.845), 'feature_1': (-3.98, 0.12), 'feature_4': (-0.038, 3.804), 'feature_3': (-0.585, 0.575), 'feature_5': (-3.694, -0.604)}",5,2.179,9,[Pretrained] CF,"[468, 469, 583, 584, 632, 644, 648, 649]",2.522,2.522,OptRes,[Pretrained] CF OptRes,0.003,0,0.003,752,21,0.11170212765957446,5,0.34299999999999997,0.0,0.5
645,feature_0 > 0.26 AND feature_1 <= 1.06 AND feature_0 > 0.8 AND feature_1 <= 0.12 AND feature_0 > 1.512 AND feature_4 > -0.038 AND feature_3 <= -0.585,"{'feature_0': (1.512, 3.845), 'feature_1': (-3.98, 0.12), 'feature_4': (-0.038, 3.804), 'feature_3': (-3.667, -0.585)}",4,2.142,7,[Pretrained] CF,"[468, 469, 583, 584, 632, 644]",2.388,2.388,OptRes,[Pretrained] CF OptRes,0.003,0,0.003,752,54,0.1111111111111111,5,0.246,0.0,0.5
649,feature_0 > 0.26 AND feature_1 <= 1.06 AND feature_0 > 0.8 AND feature_1 <= 0.12 AND feature_0 > 1.512 AND feature_4 > -0.038 AND feature_3 > -0.585 AND feature_5 <= -0.604,"{'feature_0': (1.512, 3.845), 'feature_1': (-3.98, 0.12), 'feature_4': (-0.038, 3.804), 'feature_3': (-0.585, 4.242), 'feature_5': (-3.694, -0.604)}",5,2.09,8,[Pretrained] CF,"[468, 469, 583, 584, 632, 644, 648]",2.438,2.438,OptRes,[Pretrained] CF OptRes,0.003,0,0.003,752,47,0.11170212765957446,5,0.3480000000000003,0.0,0.5
593,feature_0 > 0.26 AND feature_1 <= 1.06 AND feature_0 > 0.8 AND feature_1 <= 0.12 AND feature_0 <= 1.512 AND feature_3 <= -0.812 AND feature_0 > 1.006 AND feature_4 > -0.576 AND feature_5 <= -0.78,"{'feature_0': (1.006, 1.512), 'feature_1': (-3.98, 0.12), 'feature_3': (-3.667, -0.812), 'feature_4': (-0.576, 3.804), 'feature_5': (-3.694, -0.78)}",5,2.066,9,[Pretrained] CF,"[468, 469, 583, 584, 585, 586, 590, 592]",1.675,1.675,OptRes,[Pretrained] CF OptRes,0.003,0,0.003,752,23,0.0,5,0.3909999999999998,0.0,0.5
698,feature_0 > 0.26 AND feature_1 <= 1.06 AND feature_0 > 0.8 AND feature_1 > 0.12 AND feature_0 > 1.421 AND feature_4 <= 0.123 AND feature_1 <= 0.811 AND feature_4 <= -0.065 AND feature_1 <= 0.532 AND feature_8 <= 0.058,"{'feature_0': (1.421, 3.845), 'feature_1': (0.12, 0.532), 'feature_4': (-3.533, -0.065), 'feature_8': (-4.447, 0.058)}",4,2.016,10,[Pretrained] CF,"[468, 469, 583, 659, 693, 694, 695, 696, 697]",2.889,2.889,ResOve,[Pretrained] CF ResOve,0.072,0,0.072,752,36,0.0,5,0.8729999999999998,0.0,0.5
650,feature_0 > 0.26 AND feature_1 <= 1.06 AND feature_0 > 0.8 AND feature_1 <= 0.12 AND feature_0 > 1.512 AND feature_4 > -0.038 AND feature_3 > -0.585 AND feature_5 <= -0.604 AND feature_3 <= 0.575,"{'feature_0': (1.512, 3.845), 'feature_1': (-3.98, 0.12), 'feature_4': (-0.038, 3.804), 'feature_3': (-0.585, 0.575), 'feature_5': (-3.694, -0.604)}",5,2.179,9,[Pretrained] CF,"[468, 469, 583, 584, 632, 644, 648, 649]",2.522,2.522,ResOve,[Pretrained] CF ResOve,0.072,0,0.072,752,21,0.0,5,0.34299999999999997,0.0,0.5
664,feature_0 > 0.26 AND feature_1 <= 1.06 AND feature_0 > 0.8 AND feature_1 > 0.12 AND feature_0 <= 1.421 AND feature_1 <= 0.367 AND feature_3 <= -0.715 AND feature_5 > -0.27,"{'feature_0': (0.8, 1.421), 'feature_1': (0.12, 0.367), 'feature_3': (-3.667, -0.715), 'feature_5': (-0.27, 3.687)}",4,1.977,8,[Pretrained] CF,"[468, 469, 583, 659, 660, 661, 662]",1.951,1.951,ResOve,[Pretrained] CF ResOve,0.072,0,0.072,752,21,0.0,5,0.026000000000000023,0.0,0.5
647,feature_0 > 0.26 AND feature_1 <= 1.06 AND feature_0 > 0.8 AND feature_1 <= 0.12 AND feature_0 > 1.512 AND feature_4 > -0.038 AND feature_3 <= -0.585 AND feature_0 > 1.867,"{'feature_0': (1.867, 3.845), 'feature_1': (-3.98, 0.12), 'feature_4': (-0.038, 3.804), 'feature_3': (-3.667, -0.585)}",4,2.21,8,[Pretrained] CF,"[468, 469, 583, 584, 632, 644, 645]",2.683,2.683,ResOve,[Pretrained] CF ResOve,0.072,0,0.072,752,24,0.0,5,0.47299999999999986,0.0,0.5
593,feature_0 > 0.26 AND feature_1 <= 1.06 AND feature_0 > 0.8 AND feature_1 <= 0.12 AND feature_0 <= 1.512 AND feature_3 <= -0.812 AND feature_0 > 1.006 AND feature_4 > -0.576 AND feature_5 <= -0.78,"{'feature_0': (1.006, 1.512), 'feature_1': (-3.98, 0.12), 'feature_3': (-3.667, -0.812), 'feature_4': (-0.576, 3.804), 'feature_5': (-3.694, -0.78)}",5,2.066,9,[Pretrained] CF,"[468, 469, 583, 584, 585, 586, 590, 592]",1.675,1.675,ResOve,[Pretrained] CF ResOve,0.072,0,0.072,752,23,0.0,5,0.3909999999999998,0.0,0.5
647,feature_0 > 0.26 AND feature_1 <= 1.06 AND feature_0 > 0.8 AND feature_1 <= 0.12 AND feature_0 > 1.512 AND feature_4 > -0.038 AND feature_3 <= -0.585 AND feature_0 > 1.867,"{'feature_0': (1.867, 3.845), 'feature_1': (-3.98, 0.12), 'feature_4': (-0.038, 3.804), 'feature_3': (-3.667, -0.585)}",4,2.21,8,[Pretrained] CF,"[468, 469, 583, 584, 632, 644, 645]",2.683,2.683,NoOve,[Pretrained] CF NoOve,0.007,0,0.007,752,24,0.0,5,0.47299999999999986,0.0,0.5
649,feature_0 > 0.26 AND feature_1 <= 1.06 AND feature_0 > 0.8 AND feature_1 <= 0.12 AND feature_0 > 1.512 AND feature_4 > -0.038 AND feature_3 > -0.585 AND feature_5 <= -0.604,"{'feature_0': (1.512, 3.845), 'feature_1': (-3.98, 0.12), 'feature_4': (-0.038, 3.804), 'feature_3': (-0.585, 4.242), 'feature_5': (-3.694, -0.604)}",5,2.09,8,[Pretrained] CF,"[468, 469, 583, 584, 632, 644, 648]",2.438,2.438,NoOve,[Pretrained] CF NoOve,0.007,0,0.007,752,47,0.0,5,0.3480000000000003,0.0,0.5
646,feature_0 > 0.26 AND feature_1 <= 1.06 AND feature_0 > 0.8 AND feature_1 <= 0.12 AND feature_0 > 1.512 AND feature_4 > -0.038 AND feature_3 <= -0.585 AND feature_0 <= 1.867,"{'feature_0': (1.512, 1.867), 'feature_1': (-3.98, 0.12), 'feature_4': (-0.038, 3.804), 'feature_3': (-3.667, -0.585)}",4,2.087,8,[Pretrained] CF,"[468, 469, 583, 584, 632, 644, 645]",2.153,2.153,NoOve,[Pretrained] CF NoOve,0.007,0,0.007,752,30,0.0,5,0.06599999999999984,0.0,0.5
664,feature_0 > 0.26 AND feature_1 <= 1.06 AND feature_0 > 0.8 AND feature_1 > 0.12 AND feature_0 <= 1.421 AND feature_1 <= 0.367 AND feature_3 <= -0.715 AND feature_5 > -0.27,"{'feature_0': (0.8, 1.421), 'feature_1': (0.12, 0.367), 'feature_3': (-3.667, -0.715), 'feature_5': (-0.27, 3.687)}",4,1.977,8,[Pretrained] CF,"[468, 469, 583, 659, 660, 661, 662]",1.951,1.951,NoOve,[Pretrained] CF NoOve,0.007,0,0.007,752,21,0.0,5,0.026000000000000023,0.0,0.5
635,feature_0 > 0.26 AND feature_1 <= 1.06 AND feature_0 > 0.8 AND feature_1 <= 0.12 AND feature_0 > 1.512 AND feature_4 <= -0.038 AND feature_3 <= 0.125 AND feature_9 <= 0.155,"{'feature_0': (1.512, 3.845), 'feature_1': (-3.98, 0.12), 'feature_4': (-3.533, -0.038), 'feature_3': (-3.667, 0.125), 'feature_9': (-3.581, 0.155)}",5,1.949,8,[Pretrained] CF,"[468, 469, 583, 584, 632, 633, 634]",2.478,2.478,NoOve,[Pretrained] CF NoOve,0.007,0,0.007,752,50,0.0,5,0.5290000000000001,0.0,0.5
742,feature_0 > 0.26 AND feature_1 > 1.06 AND feature_1 > 1.463 AND feature_0 > 0.557 AND feature_2 <= 0.652 AND feature_7 <= -0.835,"{'feature_0': (0.557, 3.845), 'feature_1': (1.463, 3.852), 'feature_2': (-3.74, 0.652), 'feature_7': (-3.746, -0.835)}",4,2.959,6,[Pretrained] CF,"[468, 710, 734, 740, 741]",3.114,3.114,OptRes,[Pretrained] CF OptRes,0.008,0,0.008,752,40,0.06756756756756757,5,0.1549999999999998,0.0,0.1
748,feature_0 > 0.26 AND feature_1 > 1.06 AND feature_1 > 1.463 AND feature_0 > 0.557 AND feature_2 <= 0.652 AND feature_7 > -0.835 AND feature_0 > 0.767 AND feature_9 <= 0.059,"{'feature_0': (0.767, 3.845), 'feature_1': (1.463, 3.852), 'feature_2': (-3.74, 0.652), 'feature_7': (-0.835, 3.492), 'feature_9': (-3.581, 0.059)}",5,2.879,8,[Pretrained] CF,"[468, 710, 734, 740, 741, 745, 747]",3.155,3.109,OptRes,[Pretrained] CF OptRes,0.008,0,0.008,752,34,0.06418918918918919,5,0.2759999999999998,0.04599999999999982,0.1
741,feature_0 > 0.26 AND feature_1 > 1.06 AND feature_1 > 1.463 AND feature_0 > 0.557 AND feature_2 <= 0.652,"{'feature_0': (0.557, 3.845), 'feature_1': (1.463, 3.852), 'feature_2': (-3.74, 0.652)}",3,2.846,5,[Pretrained] CF,"[468, 710, 734, 740]",3.064,3.059,OptRes,[Pretrained] CF OptRes,0.008,0,0.008,752,138,0.25,5,0.21799999999999997,0.004999999999999893,0.1
749,feature_0 > 0.26 AND feature_1 > 1.06 AND feature_1 > 1.463 AND feature_0 > 0.557 AND feature_2 <= 0.652 AND feature_7 > -0.835 AND feature_0 > 0.767 AND feature_9 > 0.059,"{'feature_0': (0.767, 3.845), 'feature_1': (1.463, 3.852), 'feature_2': (-3.74, 0.652), 'feature_7': (-0.835, 3.492), 'feature_9': (0.059, 3.767)}",5,2.803,8,[Pretrained] CF,"[468, 710, 734, 740, 741, 745, 747]",3.309,3.324,OptRes,[Pretrained] CF OptRes,0.008,0,0.008,752,32,0.05912162162162162,5,0.5060000000000002,0.01499999999999968,0.1
746,feature_0 > 0.26 AND feature_1 > 1.06 AND feature_1 > 1.463 AND feature_0 > 0.557 AND feature_2 <= 0.652 AND feature_7 > -0.835 AND feature_0 <= 0.767,"{'feature_0': (0.557, 0.767), 'feature_1': (1.463, 3.852), 'feature_2': (-3.74, 0.652), 'feature_7': (-0.835, 3.492)}",4,2.722,7,[Pretrained] CF,"[468, 710, 734, 740, 741, 745]",2.664,2.673,OptRes,[Pretrained] CF OptRes,0.008,0,0.008,752,32,0.05912162162162162,5,0.05799999999999983,0.008999999999999897,0.1
752,feature_0 > 0.26 AND feature_1 > 1.06 AND feature_1 > 1.463 AND feature_0 > 0.557 AND feature_2 > 0.652 AND feature_1 > 1.686,"{'feature_0': (0.557, 3.845), 'feature_1': (1.686, 3.852), 'feature_2': (0.652, 4.02)}",3,2.72,6,[Pretrained] CF,"[468, 710, 734, 740, 750]",3.443,3.462,ResOve,[Pretrained] CF ResOve,0.104,0,0.104,752,30,0.0,5,0.7229999999999999,0.019000000000000128,0.1
749,feature_0 > 0.26 AND feature_1 > 1.06 AND feature_1 > 1.463 AND feature_0 > 0.557 AND feature_2 <= 0.652 AND feature_7 > -0.835 AND feature_0 > 0.767 AND feature_9 > 0.059,"{'feature_0': (0.767, 3.845), 'feature_1': (1.463, 3.852), 'feature_2': (-3.74, 0.652), 'feature_7': (-0.835, 3.492), 'feature_9': (0.059, 3.767)}",5,2.803,8,[Pretrained] CF,"[468, 710, 734, 740, 741, 745, 747]",3.309,3.324,ResOve,[Pretrained] CF ResOve,0.104,0,0.104,752,32,0.0,5,0.5060000000000002,0.01499999999999968,0.1
748,feature_0 > 0.26 AND feature_1 > 1.06 AND feature_1 > 1.463 AND feature_0 > 0.557 AND feature_2 <= 0.652 AND feature_7 > -0.835 AND feature_0 > 0.767 AND feature_9 <= 0.059,"{'feature_0': (0.767, 3.845), 'feature_1': (1.463, 3.852), 'feature_2': (-3.74, 0.652), 'feature_7': (-0.835, 3.492), 'feature_9': (-3.581, 0.059)}",5,2.879,8,[Pretrained] CF,"[468, 710, 734, 740, 741, 745, 747]",3.155,3.109,ResOve,[Pretrained] CF ResOve,0.104,0,0.104,752,34,0.0,5,0.2759999999999998,0.04599999999999982,0.1
742,feature_0 > 0.26 AND feature_1 > 1.06 AND feature_1 > 1.463 AND feature_0 > 0.557 AND feature_2 <= 0.652 AND feature_7 <= -0.835,"{'feature_0': (0.557, 3.845), 'feature_1': (1.463, 3.852), 'feature_2': (-3.74, 0.652), 'feature_7': (-3.746, -0.835)}",4,2.959,6,[Pretrained] CF,"[468, 710, 734, 740, 741]",3.114,3.114,ResOve,[Pretrained] CF ResOve,0.104,0,0.104,752,40,0.0,5,0.1549999999999998,0.0,0.1
723,feature_0 > 0.26 AND feature_1 > 1.06 AND feature_1 <= 1.463 AND feature_0 > 0.763 AND feature_2 <= 0.453 AND feature_7 <= -0.169,"{'feature_0': (0.763, 3.845), 'feature_1': (1.06, 1.463), 'feature_2': (-3.74, 0.453), 'feature_7': (-3.746, -0.169)}",4,2.674,6,[Pretrained] CF,"[468, 710, 711, 721, 722]",2.878,2.878,ResOve,[Pretrained] CF ResOve,0.104,0,0.104,752,57,0.0,5,0.20400000000000018,0.0,0.1
742,feature_0 > 0.26 AND feature_1 > 1.06 AND feature_1 > 1.463 AND feature_0 > 0.557 AND feature_2 <= 0.652 AND feature_7 <= -0.835,"{'feature_0': (0.557, 3.845), 'feature_1': (1.463, 3.852), 'feature_2': (-3.74, 0.652), 'feature_7': (-3.746, -0.835)}",4,2.959,6,[Pretrained] CF,"[468, 710, 734, 740, 741]",3.114,3.114,NoOve,[Pretrained] CF NoOve,0.01,0,0.01,752,40,0.0,5,0.1549999999999998,0.0,0.1
745,feature_0 > 0.26 AND feature_1 > 1.06 AND feature_1 > 1.463 AND feature_0 > 0.557 AND feature_2 <= 0.652 AND feature_7 > -0.835,"{'feature_0': (0.557, 3.845), 'feature_1': (1.463, 3.852), 'feature_2': (-3.74, 0.652), 'feature_7': (-0.835, 3.492)}",4,2.804,6,[Pretrained] CF,"[468, 710, 734, 740, 741]",3.046,3.037,NoOve,[Pretrained] CF NoOve,0.01,0,0.01,752,98,0.0,5,0.242,0.008999999999999897,0.1
752,feature_0 > 0.26 AND feature_1 > 1.06 AND feature_1 > 1.463 AND feature_0 > 0.557 AND feature_2 > 0.652 AND feature_1 > 1.686,"{'feature_0': (0.557, 3.845), 'feature_1': (1.686, 3.852), 'feature_2': (0.652, 4.02)}",3,2.72,6,[Pretrained] CF,"[468, 710, 734, 740, 750]",3.443,3.462,NoOve,[Pretrained] CF NoOve,0.01,0,0.01,752,30,0.0,5,0.7229999999999999,0.019000000000000128,0.1
723,feature_0 > 0.26 AND feature_1 > 1.06 AND feature_1 <= 1.463 AND feature_0 > 0.763 AND feature_2 <= 0.453 AND feature_7 <= -0.169,"{'feature_0': (0.763, 3.845), 'feature_1': (1.06, 1.463), 'feature_2': (-3.74, 0.453), 'feature_7': (-3.746, -0.169)}",4,2.674,6,[Pretrained] CF,"[468, 710, 711, 721, 722]",2.878,2.878,NoOve,[Pretrained] CF NoOve,0.01,0,0.01,752,57,0.0,5,0.20400000000000018,0.0,0.1
739,feature_0 > 0.26 AND feature_1 > 1.06 AND feature_1 > 1.463 AND feature_0 <= 0.557 AND feature_0 > 0.352 AND feature_1 > 1.661,"{'feature_0': (0.352, 0.557), 'feature_1': (1.661, 3.852)}",2,2.668,6,[Pretrained] CF,"[468, 710, 734, 735, 737]",2.549,2.544,NoOve,[Pretrained] CF NoOve,0.01,0,0.01,752,29,0.0,5,0.11900000000000022,0.004999999999999893,0.1
748,feature_0 > 0.26 AND feature_1 > 1.06 AND feature_1 > 1.463 AND feature_0 > 0.557 AND feature_2 <= 0.652 AND feature_7 > -0.835 AND feature_0 > 0.767 AND feature_9 <= 0.059,"{'feature_0': (0.767, 3.845), 'feature_1': (1.463, 3.852), 'feature_2': (-3.74, 0.652), 'feature_7': (-0.835, 3.492), 'feature_9': (-3.581, 0.059)}",5,2.879,8,[Pretrained] CF,"[468, 710, 734, 740, 741, 745, 747]",3.155,3.155,OptRes,[Pretrained] CF OptRes,0.007,0,0.007,752,38,0.06418918918918919,5,0.2759999999999998,0.0,0.2
741,feature_0 > 0.26 AND feature_1 > 1.06 AND feature_1 > 1.463 AND feature_0 > 0.557 AND feature_2 <= 0.652,"{'feature_0': (0.557, 3.845), 'feature_1': (1.463, 3.852), 'feature_2': (-3.74, 0.652)}",3,2.846,5,[Pretrained] CF,"[468, 710, 734, 740]",3.064,3.055,OptRes,[Pretrained] CF OptRes,0.007,0,0.007,752,104,0.18243243243243243,5,0.21799999999999997,0.008999999999999897,0.2
749,feature_0 > 0.26 AND feature_1 > 1.06 AND feature_1 > 1.463 AND feature_0 > 0.557 AND feature_2 <= 0.652 AND feature_7 > -0.835 AND feature_0 > 0.767 AND feature_9 > 0.059,"{'feature_0': (0.767, 3.845), 'feature_1': (1.463, 3.852), 'feature_2': (-3.74, 0.652), 'feature_7': (-0.835, 3.492), 'feature_9': (0.059, 3.767)}",5,2.803,8,[Pretrained] CF,"[468, 710, 734, 740, 741, 745, 747]",3.309,3.325,OptRes,[Pretrained] CF OptRes,0.007,0,0.007,752,33,0.05912162162162162,5,0.5060000000000002,0.016000000000000014,0.2
746,feature_0 > 0.26 AND feature_1 > 1.06 AND feature_1 > 1.463 AND feature_0 > 0.557 AND feature_2 <= 0.652 AND feature_7 > -0.835 AND feature_0 <= 0.767,"{'feature_0': (0.557, 0.767), 'feature_1': (1.463, 3.852), 'feature_2': (-3.74, 0.652), 'feature_7': (-0.835, 3.492)}",4,2.722,7,[Pretrained] CF,"[468, 710, 734, 740, 741, 745]",2.664,2.668,OptRes,[Pretrained] CF OptRes,0.007,0,0.007,752,33,0.05912162162162162,5,0.05799999999999983,0.0040000000000000036,0.2
752,feature_0 > 0.26 AND feature_1 > 1.06 AND feature_1 > 1.463 AND feature_0 > 0.557 AND feature_2 > 0.652 AND feature_1 > 1.686,"{'feature_0': (0.557, 3.845), 'feature_1': (1.686, 3.852), 'feature_2': (0.652, 4.02)}",3,2.72,6,[Pretrained] CF,"[468, 710, 734, 740, 750]",3.443,3.41,OptRes,[Pretrained] CF OptRes,0.007,0,0.007,752,24,0.0,5,0.7229999999999999,0.03299999999999992,0.2
752,feature_0 > 0.26 AND feature_1 > 1.06 AND feature_1 > 1.463 AND feature_0 > 0.557 AND feature_2 > 0.652 AND feature_1 > 1.686,"{'feature_0': (0.557, 3.845), 'feature_1': (1.686, 3.852), 'feature_2': (0.652, 4.02)}",3,2.72,6,[Pretrained] CF,"[468, 710, 734, 740, 750]",3.443,3.41,ResOve,[Pretrained] CF ResOve,0.113,0,0.113,752,24,0.0,5,0.7229999999999999,0.03299999999999992,0.2
749,feature_0 > 0.26 AND feature_1 > 1.06 AND feature_1 > 1.463 AND feature_0 > 0.557 AND feature_2 <= 0.652 AND feature_7 > -0.835 AND feature_0 > 0.767 AND feature_9 > 0.059,"{'feature_0': (0.767, 3.845), 'feature_1': (1.463, 3.852), 'feature_2': (-3.74, 0.652), 'feature_7': (-0.835, 3.492), 'feature_9': (0.059, 3.767)}",5,2.803,8,[Pretrained] CF,"[468, 710, 734, 740, 741, 745, 747]",3.309,3.325,ResOve,[Pretrained] CF ResOve,0.113,0,0.113,752,33,0.0,5,0.5060000000000002,0.016000000000000014,0.2
748,feature_0 > 0.26 AND feature_1 > 1.06 AND feature_1 > 1.463 AND feature_0 > 0.557 AND feature_2 <= 0.652 AND feature_7 > -0.835 AND feature_0 > 0.767 AND feature_9 <= 0.059,"{'feature_0': (0.767, 3.845), 'feature_1': (1.463, 3.852), 'feature_2': (-3.74, 0.652), 'feature_7': (-0.835, 3.492), 'feature_9': (-3.581, 0.059)}",5,2.879,8,[Pretrained] CF,"[468, 710, 734, 740, 741, 745, 747]",3.155,3.155,ResOve,[Pretrained] CF ResOve,0.113,0,0.113,752,38,0.0,5,0.2759999999999998,0.0,0.2
746,feature_0 > 0.26 AND feature_1 > 1.06 AND feature_1 > 1.463 AND feature_0 > 0.557 AND feature_2 <= 0.652 AND feature_7 > -0.835 AND feature_0 <= 0.767,"{'feature_0': (0.557, 0.767), 'feature_1': (1.463, 3.852), 'feature_2': (-3.74, 0.652), 'feature_7': (-0.835, 3.492)}",4,2.722,7,[Pretrained] CF,"[468, 710, 734, 740, 741, 745]",2.664,2.668,ResOve,[Pretrained] CF ResOve,0.113,0,0.113,752,33,0.0,5,0.05799999999999983,0.0040000000000000036,0.2
723,feature_0 > 0.26 AND feature_1 > 1.06 AND feature_1 <= 1.463 AND feature_0 > 0.763 AND feature_2 <= 0.453 AND feature_7 <= -0.169,"{'feature_0': (0.763, 3.845), 'feature_1': (1.06, 1.463), 'feature_2': (-3.74, 0.453), 'feature_7': (-3.746, -0.169)}",4,2.674,6,[Pretrained] CF,"[468, 710, 711, 721, 722]",2.878,2.82,ResOve,[Pretrained] CF ResOve,0.113,0,0.113,752,35,0.0,5,0.20400000000000018,0.058000000000000274,0.2
745,feature_0 > 0.26 AND feature_1 > 1.06 AND feature_1 > 1.463 AND feature_0 > 0.557 AND feature_2 <= 0.652 AND feature_7 > -0.835,"{'feature_0': (0.557, 3.845), 'feature_1': (1.463, 3.852), 'feature_2': (-3.74, 0.652), 'feature_7': (-0.835, 3.492)}",4,2.804,6,[Pretrained] CF,"[468, 710, 734, 740, 741]",3.046,3.055,NoOve,[Pretrained] CF NoOve,0.015,0,0.015,752,104,0.0,5,0.242,0.009000000000000341,0.2
752,feature_0 > 0.26 AND feature_1 > 1.06 AND feature_1 > 1.463 AND feature_0 > 0.557 AND feature_2 > 0.652 AND feature_1 > 1.686,"{'feature_0': (0.557, 3.845), 'feature_1': (1.686, 3.852), 'feature_2': (0.652, 4.02)}",3,2.72,6,[Pretrained] CF,"[468, 710, 734, 740, 750]",3.443,3.41,NoOve,[Pretrained] CF NoOve,0.015,0,0.015,752,24,0.0,5,0.7229999999999999,0.03299999999999992,0.2
723,feature_0 > 0.26 AND feature_1 > 1.06 AND feature_1 <= 1.463 AND feature_0 > 0.763 AND feature_2 <= 0.453 AND feature_7 <= -0.169,"{'feature_0': (0.763, 3.845), 'feature_1': (1.06, 1.463), 'feature_2': (-3.74, 0.453), 'feature_7': (-3.746, -0.169)}",4,2.674,6,[Pretrained] CF,"[468, 710, 711, 721, 722]",2.878,2.82,NoOve,[Pretrained] CF NoOve,0.015,0,0.015,752,35,0.0,5,0.20400000000000018,0.058000000000000274,0.2
739,feature_0 > 0.26 AND feature_1 > 1.06 AND feature_1 > 1.463 AND feature_0 <= 0.557 AND feature_0 > 0.352 AND feature_1 > 1.661,"{'feature_0': (0.352, 0.557), 'feature_1': (1.661, 3.852)}",2,2.668,6,[Pretrained] CF,"[468, 710, 734, 735, 737]",2.549,2.573,NoOve,[Pretrained] CF NoOve,0.015,0,0.015,752,26,0.0,5,0.11900000000000022,0.02400000000000002,0.2
726,feature_0 > 0.26 AND feature_1 > 1.06 AND feature_1 <= 1.463 AND feature_0 > 0.763 AND feature_2 <= 0.453 AND feature_7 > -0.169,"{'feature_0': (0.763, 3.845), 'feature_1': (1.06, 1.463), 'feature_2': (-3.74, 0.453), 'feature_7': (-0.169, 3.492)}",4,2.484,6,[Pretrained] CF,"[468, 710, 711, 721, 722]",2.676,2.679,NoOve,[Pretrained] CF NoOve,0.015,0,0.015,752,48,0.0,5,0.19200000000000017,0.0029999999999996696,0.2
741,feature_0 > 0.26 AND feature_1 > 1.06 AND feature_1 > 1.463 AND feature_0 > 0.557 AND feature_2 <= 0.652,"{'feature_0': (0.557, 3.845), 'feature_1': (1.463, 3.852), 'feature_2': (-3.74, 0.652)}",3,2.846,5,[Pretrained] CF,"[468, 710, 734, 740]",3.064,3.005,OptRes,[Pretrained] CF OptRes,0.005,0,0.005,752,71,0.12331081081081081,5,0.21799999999999997,0.05900000000000016,0.3
747,feature_0 > 0.26 AND feature_1 > 1.06 AND feature_1 > 1.463 AND feature_0 > 0.557 AND feature_2 <= 0.652 AND feature_7 > -0.835 AND feature_0 > 0.767,"{'feature_0': (0.767, 3.845), 'feature_1': (1.463, 3.852), 'feature_2': (-3.74, 0.652), 'feature_7': (-0.835, 3.492)}",4,2.842,7,[Pretrained] CF,"[468, 710, 734, 740, 741, 745]",3.229,3.229,OptRes,[Pretrained] CF OptRes,0.005,0,0.005,752,32,0.12331081081081081,5,0.387,0.0,0.3
750,feature_0 > 0.26 AND feature_1 > 1.06 AND feature_1 > 1.463 AND feature_0 > 0.557 AND feature_2 > 0.652,"{'feature_0': (0.557, 3.845), 'feature_1': (1.463, 3.852), 'feature_2': (0.652, 4.02)}",3,2.69,5,[Pretrained] CF,"[468, 710, 734, 740]",3.26,3.192,OptRes,[Pretrained] CF OptRes,0.005,0,0.005,752,22,0.0,5,0.5699999999999998,0.06799999999999962,0.3
723,feature_0 > 0.26 AND feature_1 > 1.06 AND feature_1 <= 1.463 AND feature_0 > 0.763 AND feature_2 <= 0.453 AND feature_7 <= -0.169,"{'feature_0': (0.763, 3.845), 'feature_1': (1.06, 1.463), 'feature_2': (-3.74, 0.453), 'feature_7': (-3.746, -0.169)}",4,2.674,6,[Pretrained] CF,"[468, 710, 711, 721, 722]",2.878,2.884,OptRes,[Pretrained] CF OptRes,0.005,0,0.005,752,27,0.0,5,0.20400000000000018,0.005999999999999783,0.3
737,feature_0 > 0.26 AND feature_1 > 1.06 AND feature_1 > 1.463 AND feature_0 <= 0.557 AND feature_0 > 0.352,"{'feature_0': (0.352, 0.557), 'feature_1': (1.463, 3.852)}",2,2.602,5,[Pretrained] CF,"[468, 710, 734, 735]",2.4,2.442,OptRes,[Pretrained] CF OptRes,0.005,0,0.005,752,22,0.0,5,0.20199999999999996,0.04200000000000026,0.3
750,feature_0 > 0.26 AND feature_1 > 1.06 AND feature_1 > 1.463 AND feature_0 > 0.557 AND feature_2 > 0.652,"{'feature_0': (0.557, 3.845), 'feature_1': (1.463, 3.852), 'feature_2': (0.652, 4.02)}",3,2.69,5,[Pretrained] CF,"[468, 710, 734, 740]",3.26,3.192,ResOve,[Pretrained] CF ResOve,0.119,0,0.119,752,22,0.0,5,0.5699999999999998,0.06799999999999962,0.3
747,feature_0 > 0.26 AND feature_1 > 1.06 AND feature_1 > 1.463 AND feature_0 > 0.557 AND feature_2 <= 0.652 AND feature_7 > -0.835 AND feature_0 > 0.767,"{'feature_0': (0.767, 3.845), 'feature_1': (1.463, 3.852), 'feature_2': (-3.74, 0.652), 'feature_7': (-0.835, 3.492)}",4,2.842,7,[Pretrained] CF,"[468, 710, 734, 740, 741, 745]",3.229,3.229,ResOve,[Pretrained] CF ResOve,0.119,0,0.119,752,32,0.12331081081081081,5,0.387,0.0,0.3
741,feature_0 > 0.26 AND feature_1 > 1.06 AND feature_1 > 1.463 AND feature_0 > 0.557 AND feature_2 <= 0.652,"{'feature_0': (0.557, 3.845), 'feature_1': (1.463, 3.852), 'feature_2': (-3.74, 0.652)}",3,2.846,5,[Pretrained] CF,"[468, 710, 734, 740]",3.064,3.005,ResOve,[Pretrained] CF ResOve,0.119,0,0.119,752,71,0.12331081081081081,5,0.21799999999999997,0.05900000000000016,0.3
723,feature_0 > 0.26 AND feature_1 > 1.06 AND feature_1 <= 1.463 AND feature_0 > 0.763 AND feature_2 <= 0.453 AND feature_7 <= -0.169,"{'feature_0': (0.763, 3.845), 'feature_1': (1.06, 1.463), 'feature_2': (-3.74, 0.453), 'feature_7': (-3.746, -0.169)}",4,2.674,6,[Pretrained] CF,"[468, 710, 711, 721, 722]",2.878,2.884,ResOve,[Pretrained] CF ResOve,0.119,0,0.119,752,27,0.0,5,0.20400000000000018,0.005999999999999783,0.3
737,feature_0 > 0.26 AND feature_1 > 1.06 AND feature_1 > 1.463 AND feature_0 <= 0.557 AND feature_0 > 0.352,"{'feature_0': (0.352, 0.557), 'feature_1': (1.463, 3.852)}",2,2.602,5,[Pretrained] CF,"[468, 710, 734, 735]",2.4,2.442,ResOve,[Pretrained] CF ResOve,0.119,0,0.119,752,22,0.0,5,0.20199999999999996,0.04200000000000026,0.3
741,feature_0 > 0.26 AND feature_1 > 1.06 AND feature_1 > 1.463 AND feature_0 > 0.557 AND feature_2 <= 0.652,"{'feature_0': (0.557, 3.845), 'feature_1': (1.463, 3.852), 'feature_2': (-3.74, 0.652)}",3,2.846,5,[Pretrained] CF,"[468, 710, 734, 740]",3.064,3.005,NoOve,[Pretrained] CF NoOve,0.021,0,0.021,752,71,0.0,5,0.21799999999999997,0.05900000000000016,0.3
750,feature_0 > 0.26 AND feature_1 > 1.06 AND feature_1 > 1.463 AND feature_0 > 0.557 AND feature_2 > 0.652,"{'feature_0': (0.557, 3.845), 'feature_1': (1.463, 3.852), 'feature_2': (0.652, 4.02)}",3,2.69,5,[Pretrained] CF,"[468, 710, 734, 740]",3.26,3.192,NoOve,[Pretrained] CF NoOve,0.021,0,0.021,752,22,0.0,5,0.5699999999999998,0.06799999999999962,0.3
737,feature_0 > 0.26 AND feature_1 > 1.06 AND feature_1 > 1.463 AND feature_0 <= 0.557 AND feature_0 > 0.352,"{'feature_0': (0.352, 0.557), 'feature_1': (1.463, 3.852)}",2,2.602,5,[Pretrained] CF,"[468, 710, 734, 735]",2.4,2.442,NoOve,[Pretrained] CF NoOve,0.021,0,0.021,752,22,0.0,5,0.20199999999999996,0.04200000000000026,0.3
722,feature_0 > 0.26 AND feature_1 > 1.06 AND feature_1 <= 1.463 AND feature_0 > 0.763 AND feature_2 <= 0.453,"{'feature_0': (0.763, 3.845), 'feature_1': (1.06, 1.463), 'feature_2': (-3.74, 0.453)}",3,2.584,5,[Pretrained] CF,"[468, 710, 711, 721]",2.782,2.808,NoOve,[Pretrained] CF NoOve,0.021,0,0.021,752,53,0.0,5,0.19799999999999995,0.0259999999999998,0.3
729,feature_0 > 0.26 AND feature_1 > 1.06 AND feature_1 <= 1.463 AND feature_0 > 0.763 AND feature_2 > 0.453,"{'feature_0': (0.763, 3.845), 'feature_1': (1.06, 1.463), 'feature_2': (0.453, 4.02)}",3,2.374,5,[Pretrained] CF,"[468, 710, 711, 721]",2.685,2.634,NoOve,[Pretrained] CF NoOve,0.021,0,0.021,752,35,0.0,5,0.31099999999999994,0.051000000000000156,0.3
452,feature_0 <= 0.26 AND feature_0 > -0.366 AND feature_1 > 0.892 AND feature_1 > 1.283 AND feature_0 <= -0.07 AND feature_0 <= -0.148 AND feature_6 <= 0.564 AND feature_1 > 1.608,"{'feature_0': (-0.366, -0.148), 'feature_1': (1.608, 3.852), 'feature_6': (-4.852, 0.564)}",3,1.363,8,[Pretrained] CF,"[1, 275, 431, 447, 448, 449, 450]",1.969,1.969,OptRes,[Pretrained] CF OptRes,0.008,0,0.008,752,29,0.1228813559322034,5,0.6060000000000001,0.0,0.4
450,feature_0 <= 0.26 AND feature_0 > -0.366 AND feature_1 > 0.892 AND feature_1 > 1.283 AND feature_0 <= -0.07 AND feature_0 <= -0.148 AND feature_6 <= 0.564,"{'feature_0': (-0.366, -0.148), 'feature_1': (1.283, 3.852), 'feature_6': (-4.852, 0.564)}",3,1.267,7,[Pretrained] CF,"[1, 275, 431, 447, 448, 449]",1.683,1.683,OptRes,[Pretrained] CF OptRes,0.008,0,0.008,752,59,0.1228813559322034,5,0.41600000000000015,0.0,0.4
268,feature_0 <= 0.26 AND feature_0 <= -0.366 AND feature_1 > 0.681 AND feature_0 > -1.508 AND feature_1 > 1.097 AND feature_0 > -0.983 AND feature_1 > 1.352 AND feature_6 <= 0.228 AND feature_4 <= 0.981 AND feature_0 > -0.628,"{'feature_0': (-0.628, -0.366), 'feature_1': (1.352, 3.852), 'feature_6': (-4.852, 0.228), 'feature_4': (-3.533, 0.981)}",4,1.242,10,[Pretrained] CF,"[1, 2, 202, 216, 244, 256, 262, 263, 264]",1.53,1.53,OptRes,[Pretrained] CF OptRes,0.008,0,0.008,752,38,0.17608058608058608,5,0.28800000000000003,0.0,0.4
264,feature_0 <= 0.26 AND feature_0 <= -0.366 AND feature_1 > 0.681 AND feature_0 > -1.508 AND feature_1 > 1.097 AND feature_0 > -0.983 AND feature_1 > 1.352 AND feature_6 <= 0.228 AND feature_4 <= 0.981,"{'feature_0': (-0.983, -0.366), 'feature_1': (1.352, 3.852), 'feature_6': (-4.852, 0.228), 'feature_4': (-3.533, 0.981)}",4,1.185,9,[Pretrained] CF,"[1, 2, 202, 216, 244, 256, 262, 263]",1.415,1.415,OptRes,[Pretrained] CF OptRes,0.008,0,0.008,752,78,0.23322344322344324,5,0.22999999999999998,0.0,0.4
262,feature_0 <= 0.26 AND feature_0 <= -0.366 AND feature_1 > 0.681 AND feature_0 > -1.508 AND feature_1 > 1.097 AND feature_0 > -0.983 AND feature_1 > 1.352,"{'feature_0': (-0.983, -0.366), 'feature_1': (1.352, 3.852)}",2,1.095,7,[Pretrained] CF,"[1, 2, 202, 216, 244, 256]",1.34,1.34,OptRes,[Pretrained] CF OptRes,0.008,0,0.008,752,175,0.1657142857142857,5,0.2450000000000001,0.0,0.4
450,feature_0 <= 0.26 AND feature_0 > -0.366 AND feature_1 > 0.892 AND feature_1 > 1.283 AND feature_0 <= -0.07 AND feature_0 <= -0.148 AND feature_6 <= 0.564,"{'feature_0': (-0.366, -0.148), 'feature_1': (1.283, 3.852), 'feature_6': (-4.852, 0.564)}",3,1.267,7,[Pretrained] CF,"[1, 275, 431, 447, 448, 449]",1.683,1.683,ResOve,[Pretrained] CF ResOve,0.058,0,0.058,752,59,0.1228813559322034,5,0.41600000000000015,0.0,0.4
452,feature_0 <= 0.26 AND feature_0 > -0.366 AND feature_1 > 0.892 AND feature_1 > 1.283 AND feature_0 <= -0.07 AND feature_0 <= -0.148 AND feature_6 <= 0.564 AND feature_1 > 1.608,"{'feature_0': (-0.366, -0.148), 'feature_1': (1.608, 3.852), 'feature_6': (-4.852, 0.564)}",3,1.363,8,[Pretrained] CF,"[1, 275, 431, 447, 448, 449, 450]",1.969,1.969,ResOve,[Pretrained] CF ResOve,0.058,0,0.058,752,29,0.1228813559322034,5,0.6060000000000001,0.0,0.4
268,feature_0 <= 0.26 AND feature_0 <= -0.366 AND feature_1 > 0.681 AND feature_0 > -1.508 AND feature_1 > 1.097 AND feature_0 > -0.983 AND feature_1 > 1.352 AND feature_6 <= 0.228 AND feature_4 <= 0.981 AND feature_0 > -0.628,"{'feature_0': (-0.628, -0.366), 'feature_1': (1.352, 3.852), 'feature_6': (-4.852, 0.228), 'feature_4': (-3.533, 0.981)}",4,1.242,10,[Pretrained] CF,"[1, 2, 202, 216, 244, 256, 262, 263, 264]",1.53,1.53,ResOve,[Pretrained] CF ResOve,0.058,0,0.058,752,38,0.0,5,0.28800000000000003,0.0,0.4
265,feature_0 <= 0.26 AND feature_0 <= -0.366 AND feature_1 > 0.681 AND feature_0 > -1.508 AND feature_1 > 1.097 AND feature_0 > -0.983 AND feature_1 > 1.352 AND feature_6 <= 0.228 AND feature_4 <= 0.981 AND feature_0 <= -0.628,"{'feature_0': (-0.983, -0.628), 'feature_1': (1.352, 3.852), 'feature_6': (-4.852, 0.228), 'feature_4': (-3.533, 0.981)}",4,1.131,10,[Pretrained] CF,"[1, 2, 202, 216, 244, 256, 262, 263, 264]",1.306,1.306,ResOve,[Pretrained] CF ResOve,0.058,0,0.058,752,40,0.0,5,0.17500000000000004,0.0,0.4
271,feature_0 <= 0.26 AND feature_0 <= -0.366 AND feature_1 > 0.681 AND feature_0 > -1.508 AND feature_1 > 1.097 AND feature_0 > -0.983 AND feature_1 > 1.352 AND feature_6 > 0.228 AND feature_3 <= 0.106,"{'feature_0': (-0.983, -0.366), 'feature_1': (1.352, 3.852), 'feature_6': (0.228, 3.484), 'feature_3': (-3.667, 0.106)}",4,1.076,9,[Pretrained] CF,"[1, 2, 202, 216, 244, 256, 262, 270]",1.278,1.278,ResOve,[Pretrained] CF ResOve,0.058,0,0.058,752,40,0.0,5,0.20199999999999996,0.0,0.4
452,feature_0 <= 0.26 AND feature_0 > -0.366 AND feature_1 > 0.892 AND feature_1 > 1.283 AND feature_0 <= -0.07 AND feature_0 <= -0.148 AND feature_6 <= 0.564 AND feature_1 > 1.608,"{'feature_0': (-0.366, -0.148), 'feature_1': (1.608, 3.852), 'feature_6': (-4.852, 0.564)}",3,1.363,8,[Pretrained] CF,"[1, 275, 431, 447, 448, 449, 450]",1.969,1.969,NoOve,[Pretrained] CF NoOve,0.008,0,0.008,752,29,0.0,5,0.6060000000000001,0.0,0.4
451,feature_0 <= 0.26 AND feature_0 > -0.366 AND feature_1 > 0.892 AND feature_1 > 1.283 AND feature_0 <= -0.07 AND feature_0 <= -0.148 AND feature_6 <= 0.564 AND feature_1 <= 1.608,"{'feature_0': (-0.366, -0.148), 'feature_1': (1.283, 1.608), 'feature_6': (-4.852, 0.564)}",3,1.174,8,[Pretrained] CF,"[1, 275, 431, 447, 448, 449, 450]",1.406,1.406,NoOve,[Pretrained] CF NoOve,0.008,0,0.008,752,30,0.0,5,0.23199999999999998,0.0,0.4
263,feature_0 <= 0.26 AND feature_0 <= -0.366 AND feature_1 > 0.681 AND feature_0 > -1.508 AND feature_1 > 1.097 AND feature_0 > -0.983 AND feature_1 > 1.352 AND feature_6 <= 0.228,"{'feature_0': (-0.983, -0.366), 'feature_1': (1.352, 3.852), 'feature_6': (-4.852, 0.228)}",3,1.148,8,[Pretrained] CF,"[1, 2, 202, 216, 244, 256, 262]",1.375,1.375,NoOve,[Pretrained] CF NoOve,0.008,0,0.008,752,104,0.0,5,0.2270000000000001,0.0,0.4
270,feature_0 <= 0.26 AND feature_0 <= -0.366 AND feature_1 > 0.681 AND feature_0 > -1.508 AND feature_1 > 1.097 AND feature_0 > -0.983 AND feature_1 > 1.352 AND feature_6 > 0.228,"{'feature_0': (-0.983, -0.366), 'feature_1': (1.352, 3.852), 'feature_6': (0.228, 3.484)}",3,1.017,8,[Pretrained] CF,"[1, 2, 202, 216, 244, 256, 262]",1.288,1.288,NoOve,[Pretrained] CF NoOve,0.008,0,0.008,752,71,0.0,5,0.27100000000000013,0.0,0.4
258,feature_0 <= 0.26 AND feature_0 <= -0.366 AND feature_1 > 0.681 AND feature_0 > -1.508 AND feature_1 > 1.097 AND feature_0 > -0.983 AND feature_1 <= 1.352 AND feature_3 <= -0.19,"{'feature_0': (-0.983, -0.366), 'feature_1': (1.097, 1.352), 'feature_3': (-3.667, -0.19)}",3,0.937,8,[Pretrained] CF,"[1, 2, 202, 216, 244, 256, 257]",0.841,0.841,NoOve,[Pretrained] CF NoOve,0.008,0,0.008,752,29,0.0,5,0.09600000000000009,0.0,0.4
746,feature_0 > 0.26 AND feature_1 > 1.06 AND feature_1 > 1.463 AND feature_0 > 0.557 AND feature_2 <= 0.652 AND feature_7 > -0.835 AND feature_0 <= 0.767,"{'feature_0': (0.557, 0.767), 'feature_1': (1.463, 3.852), 'feature_2': (-3.74, 0.652), 'feature_7': (-0.835, 3.492)}",4,2.722,7,[Pretrained] CF,"[468, 710, 734, 740, 741, 745]",2.664,2.664,OptRes,[Pretrained] CF OptRes,0.003,0,0.003,752,35,0.0,5,0.05799999999999983,0.0,0.5
739,feature_0 > 0.26 AND feature_1 > 1.06 AND feature_1 > 1.463 AND feature_0 <= 0.557 AND feature_0 > 0.352 AND feature_1 > 1.661,"{'feature_0': (0.352, 0.557), 'feature_1': (1.661, 3.852)}",2,2.668,6,[Pretrained] CF,"[468, 710, 734, 735, 737]",2.549,2.549,OptRes,[Pretrained] CF OptRes,0.003,0,0.003,752,30,0.10416666666666667,5,0.11900000000000022,0.0,0.5
738,feature_0 > 0.26 AND feature_1 > 1.06 AND feature_1 > 1.463 AND feature_0 <= 0.557 AND feature_0 > 0.352 AND feature_1 <= 1.661,"{'feature_0': (0.352, 0.557), 'feature_1': (1.463, 1.661)}",2,2.515,6,[Pretrained] CF,"[468, 710, 734, 735, 737]",2.197,2.197,OptRes,[Pretrained] CF OptRes,0.003,0,0.003,752,22,0.0763888888888889,5,0.31800000000000006,0.0,0.5
735,feature_0 > 0.26 AND feature_1 > 1.06 AND feature_1 > 1.463 AND feature_0 <= 0.557,"{'feature_0': (0.26, 0.557), 'feature_1': (1.463, 3.852)}",2,2.508,4,[Pretrained] CF,"[468, 710, 734]",2.357,2.357,OptRes,[Pretrained] CF OptRes,0.003,0,0.003,752,72,0.18055555555555558,5,0.1509999999999998,0.0,0.5
720,feature_0 > 0.26 AND feature_1 > 1.06 AND feature_1 <= 1.463 AND feature_0 <= 0.763 AND feature_0 > 0.334 AND feature_1 > 1.268 AND feature_0 > 0.498,"{'feature_0': (0.498, 0.763), 'feature_1': (1.268, 1.463)}",2,2.396,7,[Pretrained] CF,"[468, 710, 711, 712, 714, 718]",2.209,2.209,OptRes,[Pretrained] CF OptRes,0.003,0,0.003,752,23,0.0,5,0.18699999999999983,0.0,0.5
746,feature_0 > 0.26 AND feature_1 > 1.06 AND feature_1 > 1.463 AND feature_0 > 0.557 AND feature_2 <= 0.652 AND feature_7 > -0.835 AND feature_0 <= 0.767,"{'feature_0': (0.557, 0.767), 'feature_1': (1.463, 3.852), 'feature_2': (-3.74, 0.652), 'feature_7': (-0.835, 3.492)}",4,2.722,7,[Pretrained] CF,"[468, 710, 734, 740, 741, 745]",2.664,2.664,ResOve,[Pretrained] CF ResOve,0.061,0,0.061,752,35,0.0,5,0.05799999999999983,0.0,0.5
739,feature_0 > 0.26 AND feature_1 > 1.06 AND feature_1 > 1.463 AND feature_0 <= 0.557 AND feature_0 > 0.352 AND feature_1 > 1.661,"{'feature_0': (0.352, 0.557), 'feature_1': (1.661, 3.852)}",2,2.668,6,[Pretrained] CF,"[468, 710, 734, 735, 737]",2.549,2.549,ResOve,[Pretrained] CF ResOve,0.061,0,0.061,752,30,0.14423076923076922,5,0.11900000000000022,0.0,0.5
738,feature_0 > 0.26 AND feature_1 > 1.06 AND feature_1 > 1.463 AND feature_0 <= 0.557 AND feature_0 > 0.352 AND feature_1 <= 1.661,"{'feature_0': (0.352, 0.557), 'feature_1': (1.463, 1.661)}",2,2.515,6,[Pretrained] CF,"[468, 710, 734, 735, 737]",2.197,2.197,ResOve,[Pretrained] CF ResOve,0.061,0,0.061,752,22,0.10576923076923077,5,0.31800000000000006,0.0,0.5
737,feature_0 > 0.26 AND feature_1 > 1.06 AND feature_1 > 1.463 AND feature_0 <= 0.557 AND feature_0 > 0.352,"{'feature_0': (0.352, 0.557), 'feature_1': (1.463, 3.852)}",2,2.602,5,[Pretrained] CF,"[468, 710, 734, 735]",2.4,2.4,ResOve,[Pretrained] CF ResOve,0.061,0,0.061,752,52,0.25,5,0.20199999999999996,0.0,0.5
718,feature_0 > 0.26 AND feature_1 > 1.06 AND feature_1 <= 1.463 AND feature_0 <= 0.763 AND feature_0 > 0.334 AND feature_1 > 1.268,"{'feature_0': (0.334, 0.763), 'feature_1': (1.268, 1.463)}",2,2.318,6,[Pretrained] CF,"[468, 710, 711, 712, 714]",2.097,2.097,ResOve,[Pretrained] CF ResOve,0.061,0,0.061,752,49,0.0,5,0.22100000000000009,0.0,0.5
746,feature_0 > 0.26 AND feature_1 > 1.06 AND feature_1 > 1.463 AND feature_0 > 0.557 AND feature_2 <= 0.652 AND feature_7 > -0.835 AND feature_0 <= 0.767,"{'feature_0': (0.557, 0.767), 'feature_1': (1.463, 3.852), 'feature_2': (-3.74, 0.652), 'feature_7': (-0.835, 3.492)}",4,2.722,7,[Pretrained] CF,"[468, 710, 734, 740, 741, 745]",2.664,2.664,NoOve,[Pretrained] CF NoOve,0.008,0,0.008,752,35,0.0,5,0.05799999999999983,0.0,0.5
720,feature_0 > 0.26 AND feature_1 > 1.06 AND feature_1 <= 1.463 AND feature_0 <= 0.763 AND feature_0 > 0.334 AND feature_1 > 1.268 AND feature_0 > 0.498,"{'feature_0': (0.498, 0.763), 'feature_1': (1.268, 1.463)}",2,2.396,7,[Pretrained] CF,"[468, 710, 711, 712, 714, 718]",2.209,2.209,NoOve,[Pretrained] CF NoOve,0.008,0,0.008,752,23,0.0,5,0.18699999999999983,0.0,0.5
704,feature_0 > 0.26 AND feature_1 <= 1.06 AND feature_0 > 0.8 AND feature_1 > 0.12 AND feature_0 > 1.421 AND feature_4 > 0.123 AND feature_0 <= 1.859,"{'feature_0': (1.421, 1.859), 'feature_1': (0.12, 1.06), 'feature_4': (0.123, 3.804)}",3,2.252,7,[Pretrained] CF,"[468, 469, 583, 659, 693, 703]",2.584,2.584,NoOve,[Pretrained] CF NoOve,0.008,0,0.008,752,63,0.0,5,0.3320000000000003,0.0,0.5
719,feature_0 > 0.26 AND feature_1 > 1.06 AND feature_1 <= 1.463 AND feature_0 <= 0.763 AND feature_0 > 0.334 AND feature_1 > 1.268 AND feature_0 <= 0.498,"{'feature_0': (0.334, 0.498), 'feature_1': (1.268, 1.463)}",2,2.246,7,[Pretrained] CF,"[468, 710, 711, 712, 714, 718]",1.998,1.998,NoOve,[Pretrained] CF NoOve,0.008,0,0.008,752,26,0.0,5,0.248,0.0,0.5
673,feature_0 > 0.26 AND feature_1 <= 1.06 AND feature_0 > 0.8 AND feature_1 > 0.12 AND feature_0 <= 1.421 AND feature_1 > 0.367 AND feature_2 <= -0.417,"{'feature_0': (0.8, 1.421), 'feature_1': (0.367, 1.06), 'feature_2': (-3.74, -0.417)}",3,2.139,7,[Pretrained] CF,"[468, 469, 583, 659, 660, 672]",2.125,2.125,NoOve,[Pretrained] CF NoOve,0.008,0,0.008,752,79,0.0,5,0.01399999999999979,0.0,0.5
741,feature_0 > 0.26 AND feature_1 > 1.06 AND feature_1 > 1.463 AND feature_0 > 0.557 AND feature_2 <= 0.652,"{'feature_0': (0.557, 3.845), 'feature_1': (1.463, 3.852), 'feature_2': (-3.74, 0.652)}",3,2.846,5,[Pretrained] CF,"[468, 710, 734, 740]",3.064,3.088,OptRes,[Pretrained] CF OptRes,0.015,0,0.015,752,67,0.18833717284947515,5,0.21799999999999997,0.02400000000000002,0.1
747,feature_0 > 0.26 AND feature_1 > 1.06 AND feature_1 > 1.463 AND feature_0 > 0.557 AND feature_2 <= 0.652 AND feature_7 > -0.835 AND feature_0 > 0.767,"{'feature_0': (0.767, 3.845), 'feature_1': (1.463, 3.852), 'feature_2': (-3.74, 0.652), 'feature_7': (-0.835, 3.492)}",4,2.842,7,[Pretrained] CF,"[468, 710, 734, 740, 741, 745]",3.229,3.227,OptRes,[Pretrained] CF OptRes,0.015,0,0.015,752,31,0.15538462451907092,5,0.387,0.002000000000000224,0.1
750,feature_0 > 0.26 AND feature_1 > 1.06 AND feature_1 > 1.463 AND feature_0 > 0.557 AND feature_2 > 0.652,"{'feature_0': (0.557, 3.845), 'feature_1': (1.463, 3.852), 'feature_2': (0.652, 4.02)}",3,2.69,5,[Pretrained] CF,"[468, 710, 734, 740]",3.26,3.27,OptRes,[Pretrained] CF OptRes,0.015,0,0.015,752,25,0.02328646748681898,5,0.5699999999999998,0.010000000000000231,0.1
722,feature_0 > 0.26 AND feature_1 > 1.06 AND feature_1 <= 1.463 AND feature_0 > 0.763 AND feature_2 <= 0.453,"{'feature_0': (0.763, 3.845), 'feature_1': (1.06, 1.463), 'feature_2': (-3.74, 0.453)}",3,2.584,5,[Pretrained] CF,"[468, 710, 711, 721]",2.782,2.675,OptRes,[Pretrained] CF OptRes,0.015,0,0.015,752,35,0.04745166959578207,5,0.19799999999999995,0.1070000000000002,0.1
710,feature_0 > 0.26 AND feature_1 > 1.06,"{'feature_0': (0.26, 3.845), 'feature_1': (1.06, 3.852)}",2,2.521,2,[Pretrained] CF,[468],2.66,2.714,OptRes,[Pretrained] CF OptRes,0.015,0,0.015,752,223,0.16783831282952547,5,0.13900000000000023,0.053999999999999826,0.1
750,feature_0 > 0.26 AND feature_1 > 1.06 AND feature_1 > 1.463 AND feature_0 > 0.557 AND feature_2 > 0.652,"{'feature_0': (0.557, 3.845), 'feature_1': (1.463, 3.852), 'feature_2': (0.652, 4.02)}",3,2.69,5,[Pretrained] CF,"[468, 710, 734, 740]",3.26,3.27,ResOve,[Pretrained] CF ResOve,0.13,0,0.13,752,25,0.0,5,0.5699999999999998,0.010000000000000231,0.1
747,feature_0 > 0.26 AND feature_1 > 1.06 AND feature_1 > 1.463 AND feature_0 > 0.557 AND feature_2 <= 0.652 AND feature_7 > -0.835 AND feature_0 > 0.767,"{'feature_0': (0.767, 3.845), 'feature_1': (1.463, 3.852), 'feature_2': (-3.74, 0.652), 'feature_7': (-0.835, 3.492)}",4,2.842,7,[Pretrained] CF,"[468, 710, 734, 740, 741, 745]",3.229,3.227,ResOve,[Pretrained] CF ResOve,0.13,0,0.13,752,31,0.12331081081081081,5,0.387,0.002000000000000224,0.1
741,feature_0 > 0.26 AND feature_1 > 1.06 AND feature_1 > 1.463 AND feature_0 > 0.557 AND feature_2 <= 0.652,"{'feature_0': (0.557, 3.845), 'feature_1': (1.463, 3.852), 'feature_2': (-3.74, 0.652)}",3,2.846,5,[Pretrained] CF,"[468, 710, 734, 740]",3.064,3.088,ResOve,[Pretrained] CF ResOve,0.13,0,0.13,752,67,0.12331081081081081,5,0.21799999999999997,0.02400000000000002,0.1
735,feature_0 > 0.26 AND feature_1 > 1.06 AND feature_1 > 1.463 AND feature_0 <= 0.557,"{'feature_0': (0.26, 0.557), 'feature_1': (1.463, 3.852)}",2,2.508,4,[Pretrained] CF,"[468, 710, 734]",2.357,2.398,ResOve,[Pretrained] CF ResOve,0.13,0,0.13,752,27,0.0,5,0.1509999999999998,0.040999999999999925,0.1
722,feature_0 > 0.26 AND feature_1 > 1.06 AND feature_1 <= 1.463 AND feature_0 > 0.763 AND feature_2 <= 0.453,"{'feature_0': (0.763, 3.845), 'feature_1': (1.06, 1.463), 'feature_2': (-3.74, 0.453)}",3,2.584,5,[Pretrained] CF,"[468, 710, 711, 721]",2.782,2.675,ResOve,[Pretrained] CF ResOve,0.13,0,0.13,752,35,0.0,5,0.19799999999999995,0.1070000000000002,0.1
741,feature_0 > 0.26 AND feature_1 > 1.06 AND feature_1 > 1.463 AND feature_0 > 0.557 AND feature_2 <= 0.652,"{'feature_0': (0.557, 3.845), 'feature_1': (1.463, 3.852), 'feature_2': (-3.74, 0.652)}",3,2.846,5,[Pretrained] CF,"[468, 710, 734, 740]",3.064,3.088,NoOve,[Pretrained] CF NoOve,0.041,0,0.041,752,67,0.0,5,0.21799999999999997,0.02400000000000002,0.1
750,feature_0 > 0.26 AND feature_1 > 1.06 AND feature_1 > 1.463 AND feature_0 > 0.557 AND feature_2 > 0.652,"{'feature_0': (0.557, 3.845), 'feature_1': (1.463, 3.852), 'feature_2': (0.652, 4.02)}",3,2.69,5,[Pretrained] CF,"[468, 710, 734, 740]",3.26,3.27,NoOve,[Pretrained] CF NoOve,0.041,0,0.041,752,25,0.0,5,0.5699999999999998,0.010000000000000231,0.1
722,feature_0 > 0.26 AND feature_1 > 1.06 AND feature_1 <= 1.463 AND feature_0 > 0.763 AND feature_2 <= 0.453,"{'feature_0': (0.763, 3.845), 'feature_1': (1.06, 1.463), 'feature_2': (-3.74, 0.453)}",3,2.584,5,[Pretrained] CF,"[468, 710, 711, 721]",2.782,2.675,NoOve,[Pretrained] CF NoOve,0.041,0,0.041,752,35,0.0,5,0.19799999999999995,0.1070000000000002,0.1
729,feature_0 > 0.26 AND feature_1 > 1.06 AND feature_1 <= 1.463 AND feature_0 > 0.763 AND feature_2 > 0.453,"{'feature_0': (0.763, 3.845), 'feature_1': (1.06, 1.463), 'feature_2': (0.453, 4.02)}",3,2.374,5,[Pretrained] CF,"[468, 710, 711, 721]",2.685,2.726,NoOve,[Pretrained] CF NoOve,0.041,0,0.041,752,27,0.0,5,0.31099999999999994,0.040999999999999925,0.1
693,feature_0 > 0.26 AND feature_1 <= 1.06 AND feature_0 > 0.8 AND feature_1 > 0.12 AND feature_0 > 1.421,"{'feature_0': (1.421, 3.845), 'feature_1': (0.12, 1.06)}",2,2.215,5,[Pretrained] CF,"[468, 469, 583, 659]",2.881,2.859,NoOve,[Pretrained] CF NoOve,0.041,0,0.041,752,94,0.0,5,0.6659999999999999,0.021999999999999797,0.1
748,feature_0 > 0.26 AND feature_1 > 1.06 AND feature_1 > 1.463 AND feature_0 > 0.557 AND feature_2 <= 0.652 AND feature_7 > -0.835 AND feature_0 > 0.767 AND feature_9 <= 0.059,"{'feature_0': (0.767, 3.845), 'feature_1': (1.463, 3.852), 'feature_2': (-3.74, 0.652), 'feature_7': (-0.835, 3.492), 'feature_9': (-3.581, 0.059)}",5,2.879,8,[Pretrained] CF,"[468, 710, 734, 740, 741, 745, 747]",3.155,3.155,OptRes,[Pretrained] CF OptRes,0.007,0,0.007,752,22,0.06418918918918919,5,0.2759999999999998,0.0,0.2
741,feature_0 > 0.26 AND feature_1 > 1.06 AND feature_1 > 1.463 AND feature_0 > 0.557 AND feature_2 <= 0.652,"{'feature_0': (0.557, 3.845), 'feature_1': (1.463, 3.852), 'feature_2': (-3.74, 0.652)}",3,2.846,5,[Pretrained] CF,"[468, 710, 734, 740]",3.064,3.104,OptRes,[Pretrained] CF OptRes,0.007,0,0.007,752,75,0.06418918918918919,5,0.21799999999999997,0.040000000000000036,0.2
750,feature_0 > 0.26 AND feature_1 > 1.06 AND feature_1 > 1.463 AND feature_0 > 0.557 AND feature_2 > 0.652,"{'feature_0': (0.557, 3.845), 'feature_1': (1.463, 3.852), 'feature_2': (0.652, 4.02)}",3,2.69,5,[Pretrained] CF,"[468, 710, 734, 740]",3.26,3.262,OptRes,[Pretrained] CF OptRes,0.007,0,0.007,752,27,0.0,5,0.5699999999999998,0.002000000000000224,0.2
723,feature_0 > 0.26 AND feature_1 > 1.06 AND feature_1 <= 1.463 AND feature_0 > 0.763 AND feature_2 <= 0.453 AND feature_7 <= -0.169,"{'feature_0': (0.763, 3.845), 'feature_1': (1.06, 1.463), 'feature_2': (-3.74, 0.453), 'feature_7': (-3.746, -0.169)}",4,2.674,6,[Pretrained] CF,"[468, 710, 711, 721, 722]",2.878,2.831,OptRes,[Pretrained] CF OptRes,0.007,0,0.007,752,29,0.0,5,0.20400000000000018,0.04700000000000015,0.2
737,feature_0 > 0.26 AND feature_1 > 1.06 AND feature_1 > 1.463 AND feature_0 <= 0.557 AND feature_0 > 0.352,"{'feature_0': (0.352, 0.557), 'feature_1': (1.463, 3.852)}",2,2.602,5,[Pretrained] CF,"[468, 710, 734, 735]",2.4,2.382,OptRes,[Pretrained] CF OptRes,0.007,0,0.007,752,27,0.0,5,0.20199999999999996,0.017999999999999794,0.2
750,feature_0 > 0.26 AND feature_1 > 1.06 AND feature_1 > 1.463 AND feature_0 > 0.557 AND feature_2 > 0.652,"{'feature_0': (0.557, 3.845), 'feature_1': (1.463, 3.852), 'feature_2': (0.652, 4.02)}",3,2.69,5,[Pretrained] CF,"[468, 710, 734, 740]",3.26,3.262,ResOve,[Pretrained] CF ResOve,0.127,0,0.127,752,27,0.0,5,0.5699999999999998,0.002000000000000224,0.2
748,feature_0 > 0.26 AND feature_1 > 1.06 AND feature_1 > 1.463 AND feature_0 > 0.557 AND feature_2 <= 0.652 AND feature_7 > -0.835 AND feature_0 > 0.767 AND feature_9 <= 0.059,"{'feature_0': (0.767, 3.845), 'feature_1': (1.463, 3.852), 'feature_2': (-3.74, 0.652), 'feature_7': (-0.835, 3.492), 'feature_9': (-3.581, 0.059)}",5,2.879,8,[Pretrained] CF,"[468, 710, 734, 740, 741, 745, 747]",3.155,3.155,ResOve,[Pretrained] CF ResOve,0.127,0,0.127,752,22,0.13013698630136986,5,0.2759999999999998,0.0,0.2
747,feature_0 > 0.26 AND feature_1 > 1.06 AND feature_1 > 1.463 AND feature_0 > 0.557 AND feature_2 <= 0.652 AND feature_7 > -0.835 AND feature_0 > 0.767,"{'feature_0': (0.767, 3.845), 'feature_1': (1.463, 3.852), 'feature_2': (-3.74, 0.652), 'feature_7': (-0.835, 3.492)}",4,2.842,7,[Pretrained] CF,"[468, 710, 734, 740, 741, 745]",3.229,3.238,ResOve,[Pretrained] CF ResOve,0.127,0,0.127,752,41,0.13013698630136986,5,0.387,0.008999999999999897,0.2
724,feature_0 > 0.26 AND feature_1 > 1.06 AND feature_1 <= 1.463 AND feature_0 > 0.763 AND feature_2 <= 0.453 AND feature_7 <= -0.169 AND feature_1 <= 1.301,"{'feature_0': (0.763, 3.845), 'feature_1': (1.06, 1.301), 'feature_2': (-3.74, 0.453), 'feature_7': (-3.746, -0.169)}",4,2.607,7,[Pretrained] CF,"[468, 710, 711, 721, 722, 723]",2.833,2.792,ResOve,[Pretrained] CF ResOve,0.127,0,0.127,752,22,0.0,5,0.22599999999999998,0.04100000000000037,0.2
737,feature_0 > 0.26 AND feature_1 > 1.06 AND feature_1 > 1.463 AND feature_0 <= 0.557 AND feature_0 > 0.352,"{'feature_0': (0.352, 0.557), 'feature_1': (1.463, 3.852)}",2,2.602,5,[Pretrained] CF,"[468, 710, 734, 735]",2.4,2.382,ResOve,[Pretrained] CF ResOve,0.127,0,0.127,752,27,0.0,5,0.20199999999999996,0.017999999999999794,0.2
741,feature_0 > 0.26 AND feature_1 > 1.06 AND feature_1 > 1.463 AND feature_0 > 0.557 AND feature_2 <= 0.652,"{'feature_0': (0.557, 3.845), 'feature_1': (1.463, 3.852), 'feature_2': (-3.74, 0.652)}",3,2.846,5,[Pretrained] CF,"[468, 710, 734, 740]",3.064,3.104,NoOve,[Pretrained] CF NoOve,0.022,0,0.022,752,75,0.0,5,0.21799999999999997,0.040000000000000036,0.2
750,feature_0 > 0.26 AND feature_1 > 1.06 AND feature_1 > 1.463 AND feature_0 > 0.557 AND feature_2 > 0.652,"{'feature_0': (0.557, 3.845), 'feature_1': (1.463, 3.852), 'feature_2': (0.652, 4.02)}",3,2.69,5,[Pretrained] CF,"[468, 710, 734, 740]",3.26,3.262,NoOve,[Pretrained] CF NoOve,0.022,0,0.022,752,27,0.0,5,0.5699999999999998,0.002000000000000224,0.2
737,feature_0 > 0.26 AND feature_1 > 1.06 AND feature_1 > 1.463 AND feature_0 <= 0.557 AND feature_0 > 0.352,"{'feature_0': (0.352, 0.557), 'feature_1': (1.463, 3.852)}",2,2.602,5,[Pretrained] CF,"[468, 710, 734, 735]",2.4,2.382,NoOve,[Pretrained] CF NoOve,0.022,0,0.022,752,27,0.0,5,0.20199999999999996,0.017999999999999794,0.2
722,feature_0 > 0.26 AND feature_1 > 1.06 AND feature_1 <= 1.463 AND feature_0 > 0.763 AND feature_2 <= 0.453,"{'feature_0': (0.763, 3.845), 'feature_1': (1.06, 1.463), 'feature_2': (-3.74, 0.453)}",3,2.584,5,[Pretrained] CF,"[468, 710, 711, 721]",2.782,2.706,NoOve,[Pretrained] CF NoOve,0.022,0,0.022,752,54,0.0,5,0.19799999999999995,0.07600000000000007,0.2
729,feature_0 > 0.26 AND feature_1 > 1.06 AND feature_1 <= 1.463 AND feature_0 > 0.763 AND feature_2 > 0.453,"{'feature_0': (0.763, 3.845), 'feature_1': (1.06, 1.463), 'feature_2': (0.453, 4.02)}",3,2.374,5,[Pretrained] CF,"[468, 710, 711, 721]",2.685,2.715,NoOve,[Pretrained] CF NoOve,0.022,0,0.022,752,28,0.0,5,0.31099999999999994,0.029999999999999805,0.2
741,feature_0 > 0.26 AND feature_1 > 1.06 AND feature_1 > 1.463 AND feature_0 > 0.557 AND feature_2 <= 0.652,"{'feature_0': (0.557, 3.845), 'feature_1': (1.463, 3.852), 'feature_2': (-3.74, 0.652)}",3,2.846,5,[Pretrained] CF,"[468, 710, 734, 740]",3.064,3.111,OptRes,[Pretrained] CF OptRes,0.006,0,0.006,752,59,0.18243243243243243,5,0.21799999999999997,0.04700000000000015,0.3
747,feature_0 > 0.26 AND feature_1 > 1.06 AND feature_1 > 1.463 AND feature_0 > 0.557 AND feature_2 <= 0.652 AND feature_7 > -0.835 AND feature_0 > 0.767,"{'feature_0': (0.767, 3.845), 'feature_1': (1.463, 3.852), 'feature_2': (-3.74, 0.652), 'feature_7': (-0.835, 3.492)}",4,2.842,7,[Pretrained] CF,"[468, 710, 734, 740, 741, 745]",3.229,3.296,OptRes,[Pretrained] CF OptRes,0.006,0,0.006,752,34,0.24317382450944094,5,0.387,0.06699999999999973,0.3
749,feature_0 > 0.26 AND feature_1 > 1.06 AND feature_1 > 1.463 AND feature_0 > 0.557 AND feature_2 <= 0.652 AND feature_7 > -0.835 AND feature_0 > 0.767 AND feature_9 > 0.059,"{'feature_0': (0.767, 3.845), 'feature_1': (1.463, 3.852), 'feature_2': (-3.74, 0.652), 'feature_7': (-0.835, 3.492), 'feature_9': (0.059, 3.767)}",5,2.803,8,[Pretrained] CF,"[468, 710, 734, 740, 741, 745, 747]",3.309,3.296,OptRes,[Pretrained] CF OptRes,0.006,0,0.006,752,34,0.17898463532025174,5,0.5060000000000002,0.013000000000000345,0.3
752,feature_0 > 0.26 AND feature_1 > 1.06 AND feature_1 > 1.463 AND feature_0 > 0.557 AND feature_2 > 0.652 AND feature_1 > 1.686,"{'feature_0': (0.557, 3.845), 'feature_1': (1.686, 3.852), 'feature_2': (0.652, 4.02)}",3,2.72,6,[Pretrained] CF,"[468, 710, 734, 740, 750]",3.443,3.487,OptRes,[Pretrained] CF OptRes,0.006,0,0.006,752,21,0.0,5,0.7229999999999999,0.04400000000000004,0.3
723,feature_0 > 0.26 AND feature_1 > 1.06 AND feature_1 <= 1.463 AND feature_0 > 0.763 AND feature_2 <= 0.453 AND feature_7 <= -0.169,"{'feature_0': (0.763, 3.845), 'feature_1': (1.06, 1.463), 'feature_2': (-3.74, 0.453), 'feature_7': (-3.746, -0.169)}",4,2.674,6,[Pretrained] CF,"[468, 710, 711, 721, 722]",2.878,2.838,OptRes,[Pretrained] CF OptRes,0.006,0,0.006,752,24,0.0,5,0.20400000000000018,0.040000000000000036,0.3
752,feature_0 > 0.26 AND feature_1 > 1.06 AND feature_1 > 1.463 AND feature_0 > 0.557 AND feature_2 > 0.652 AND feature_1 > 1.686,"{'feature_0': (0.557, 3.845), 'feature_1': (1.686, 3.852), 'feature_2': (0.652, 4.02)}",3,2.72,6,[Pretrained] CF,"[468, 710, 734, 740, 750]",3.443,3.487,ResOve,[Pretrained] CF ResOve,0.123,0,0.123,752,21,0.1509433962264151,5,0.7229999999999999,0.04400000000000004,0.3
723,feature_0 > 0.26 AND feature_1 > 1.06 AND feature_1 <= 1.463 AND feature_0 > 0.763 AND feature_2 <= 0.453 AND feature_7 <= -0.169,"{'feature_0': (0.763, 3.845), 'feature_1': (1.06, 1.463), 'feature_2': (-3.74, 0.453), 'feature_7': (-3.746, -0.169)}",4,2.674,6,[Pretrained] CF,"[468, 710, 711, 721, 722]",2.878,2.838,ResOve,[Pretrained] CF ResOve,0.123,0,0.123,752,24,0.0,5,0.20400000000000018,0.040000000000000036,0.3
750,feature_0 > 0.26 AND feature_1 > 1.06 AND feature_1 > 1.463 AND feature_0 > 0.557 AND feature_2 > 0.652,"{'feature_0': (0.557, 3.845), 'feature_1': (1.463, 3.852), 'feature_2': (0.652, 4.02)}",3,2.69,5,[Pretrained] CF,"[468, 710, 734, 740]",3.26,3.336,ResOve,[Pretrained] CF ResOve,0.123,0,0.123,752,29,0.1509433962264151,5,0.5699999999999998,0.07600000000000007,0.3
749,feature_0 > 0.26 AND feature_1 > 1.06 AND feature_1 > 1.463 AND feature_0 > 0.557 AND feature_2 <= 0.652 AND feature_7 > -0.835 AND feature_0 > 0.767 AND feature_9 > 0.059,"{'feature_0': (0.767, 3.845), 'feature_1': (1.463, 3.852), 'feature_2': (-3.74, 0.652), 'feature_7': (-0.835, 3.492), 'feature_9': (0.059, 3.767)}",5,2.803,8,[Pretrained] CF,"[468, 710, 734, 740, 741, 745, 747]",3.309,3.296,ResOve,[Pretrained] CF ResOve,0.123,0,0.123,752,34,0.08101851851851852,5,0.5060000000000002,0.013000000000000345,0.3
745,feature_0 > 0.26 AND feature_1 > 1.06 AND feature_1 > 1.463 AND feature_0 > 0.557 AND feature_2 <= 0.652 AND feature_7 > -0.835,"{'feature_0': (0.557, 3.845), 'feature_1': (1.463, 3.852), 'feature_2': (-3.74, 0.652), 'feature_7': (-0.835, 3.492)}",4,2.804,6,[Pretrained] CF,"[468, 710, 734, 740, 741]",3.046,3.114,ResOve,[Pretrained] CF ResOve,0.123,0,0.123,752,48,0.08101851851851852,5,0.242,0.06800000000000006,0.3
745,feature_0 > 0.26 AND feature_1 > 1.06 AND feature_1 > 1.463 AND feature_0 > 0.557 AND feature_2 <= 0.652 AND feature_7 > -0.835,"{'feature_0': (0.557, 3.845), 'feature_1': (1.463, 3.852), 'feature_2': (-3.74, 0.652), 'feature_7': (-0.835, 3.492)}",4,2.804,6,[Pretrained] CF,"[468, 710, 734, 740, 741]",3.046,3.114,NoOve,[Pretrained] CF NoOve,0.029,0,0.029,752,48,0.0,5,0.242,0.06800000000000006,0.3
752,feature_0 > 0.26 AND feature_1 > 1.06 AND feature_1 > 1.463 AND feature_0 > 0.557 AND feature_2 > 0.652 AND feature_1 > 1.686,"{'feature_0': (0.557, 3.845), 'feature_1': (1.686, 3.852), 'feature_2': (0.652, 4.02)}",3,2.72,6,[Pretrained] CF,"[468, 710, 734, 740, 750]",3.443,3.487,NoOve,[Pretrained] CF NoOve,0.029,0,0.029,752,21,0.0,5,0.7229999999999999,0.04400000000000004,0.3
723,feature_0 > 0.26 AND feature_1 > 1.06 AND feature_1 <= 1.463 AND feature_0 > 0.763 AND feature_2 <= 0.453 AND feature_7 <= -0.169,"{'feature_0': (0.763, 3.845), 'feature_1': (1.06, 1.463), 'feature_2': (-3.74, 0.453), 'feature_7': (-3.746, -0.169)}",4,2.674,6,[Pretrained] CF,"[468, 710, 711, 721, 722]",2.878,2.838,NoOve,[Pretrained] CF NoOve,0.029,0,0.029,752,24,0.0,5,0.20400000000000018,0.040000000000000036,0.3
726,feature_0 > 0.26 AND feature_1 > 1.06 AND feature_1 <= 1.463 AND feature_0 > 0.763 AND feature_2 <= 0.453 AND feature_7 > -0.169,"{'feature_0': (0.763, 3.845), 'feature_1': (1.06, 1.463), 'feature_2': (-3.74, 0.453), 'feature_7': (-0.169, 3.492)}",4,2.484,6,[Pretrained] CF,"[468, 710, 711, 721, 722]",2.676,2.686,NoOve,[Pretrained] CF NoOve,0.029,0,0.029,752,25,0.0,5,0.19200000000000017,0.009999999999999787,0.3
731,feature_0 > 0.26 AND feature_1 > 1.06 AND feature_1 <= 1.463 AND feature_0 > 0.763 AND feature_2 > 0.453 AND feature_1 > 1.167,"{'feature_0': (0.763, 3.845), 'feature_1': (1.167, 1.463), 'feature_2': (0.453, 4.02)}",3,2.423,6,[Pretrained] CF,"[468, 710, 711, 721, 729]",2.739,2.74,NoOve,[Pretrained] CF NoOve,0.029,0,0.029,752,22,0.0,5,0.31599999999999984,0.001000000000000334,0.3
742,feature_0 > 0.26 AND feature_1 > 1.06 AND feature_1 > 1.463 AND feature_0 > 0.557 AND feature_2 <= 0.652 AND feature_7 <= -0.835,"{'feature_0': (0.557, 3.845), 'feature_1': (1.463, 3.852), 'feature_2': (-3.74, 0.652), 'feature_7': (-3.746, -0.835)}",4,2.959,6,[Pretrained] CF,"[468, 710, 734, 740, 741]",3.114,3.119,OptRes,[Pretrained] CF OptRes,0.008,0,0.008,752,33,0.06756756756756757,5,0.1549999999999998,0.0050000000000003375,0.4
748,feature_0 > 0.26 AND feature_1 > 1.06 AND feature_1 > 1.463 AND feature_0 > 0.557 AND feature_2 <= 0.652 AND feature_7 > -0.835 AND feature_0 > 0.767 AND feature_9 <= 0.059,"{'feature_0': (0.767, 3.845), 'feature_1': (1.463, 3.852), 'feature_2': (-3.74, 0.652), 'feature_7': (-0.835, 3.492), 'feature_9': (-3.581, 0.059)}",5,2.879,8,[Pretrained] CF,"[468, 710, 734, 740, 741, 745, 747]",3.155,3.151,OptRes,[Pretrained] CF OptRes,0.008,0,0.008,752,29,0.06418918918918919,5,0.2759999999999998,0.0040000000000000036,0.4
741,feature_0 > 0.26 AND feature_1 > 1.06 AND feature_1 > 1.463 AND feature_0 > 0.557 AND feature_2 <= 0.652,"{'feature_0': (0.557, 3.845), 'feature_1': (1.463, 3.852), 'feature_2': (-3.74, 0.652)}",3,2.846,5,[Pretrained] CF,"[468, 710, 734, 740]",3.064,3.071,OptRes,[Pretrained] CF OptRes,0.008,0,0.008,752,116,0.25,5,0.21799999999999997,0.007000000000000117,0.4
749,feature_0 > 0.26 AND feature_1 > 1.06 AND feature_1 > 1.463 AND feature_0 > 0.557 AND feature_2 <= 0.652 AND feature_7 > -0.835 AND feature_0 > 0.767 AND feature_9 > 0.059,"{'feature_0': (0.767, 3.845), 'feature_1': (1.463, 3.852), 'feature_2': (-3.74, 0.652), 'feature_7': (-0.835, 3.492), 'feature_9': (0.059, 3.767)}",5,2.803,8,[Pretrained] CF,"[468, 710, 734, 740, 741, 745, 747]",3.309,3.289,OptRes,[Pretrained] CF OptRes,0.008,0,0.008,752,28,0.05912162162162162,5,0.5060000000000002,0.020000000000000018,0.4
746,feature_0 > 0.26 AND feature_1 > 1.06 AND feature_1 > 1.463 AND feature_0 > 0.557 AND feature_2 <= 0.652 AND feature_7 > -0.835 AND feature_0 <= 0.767,"{'feature_0': (0.557, 0.767), 'feature_1': (1.463, 3.852), 'feature_2': (-3.74, 0.652), 'feature_7': (-0.835, 3.492)}",4,2.722,7,[Pretrained] CF,"[468, 710, 734, 740, 741, 745]",2.664,2.685,OptRes,[Pretrained] CF OptRes,0.008,0,0.008,752,26,0.05912162162162162,5,0.05799999999999983,0.020999999999999908,0.4
752,feature_0 > 0.26 AND feature_1 > 1.06 AND feature_1 > 1.463 AND feature_0 > 0.557 AND feature_2 > 0.652 AND feature_1 > 1.686,"{'feature_0': (0.557, 3.845), 'feature_1': (1.686, 3.852), 'feature_2': (0.652, 4.02)}",3,2.72,6,[Pretrained] CF,"[468, 710, 734, 740, 750]",3.443,3.331,ResOve,[Pretrained] CF ResOve,0.114,0,0.114,752,26,0.0,5,0.7229999999999999,0.1120000000000001,0.4
749,feature_0 > 0.26 AND feature_1 > 1.06 AND feature_1 > 1.463 AND feature_0 > 0.557 AND feature_2 <= 0.652 AND feature_7 > -0.835 AND feature_0 > 0.767 AND feature_9 > 0.059,"{'feature_0': (0.767, 3.845), 'feature_1': (1.463, 3.852), 'feature_2': (-3.74, 0.652), 'feature_7': (-0.835, 3.492), 'feature_9': (0.059, 3.767)}",5,2.803,8,[Pretrained] CF,"[468, 710, 734, 740, 741, 745, 747]",3.309,3.289,ResOve,[Pretrained] CF ResOve,0.114,0,0.114,752,28,0.0,5,0.5060000000000002,0.020000000000000018,0.4
748,feature_0 > 0.26 AND feature_1 > 1.06 AND feature_1 > 1.463 AND feature_0 > 0.557 AND feature_2 <= 0.652 AND feature_7 > -0.835 AND feature_0 > 0.767 AND feature_9 <= 0.059,"{'feature_0': (0.767, 3.845), 'feature_1': (1.463, 3.852), 'feature_2': (-3.74, 0.652), 'feature_7': (-0.835, 3.492), 'feature_9': (-3.581, 0.059)}",5,2.879,8,[Pretrained] CF,"[468, 710, 734, 740, 741, 745, 747]",3.155,3.151,ResOve,[Pretrained] CF ResOve,0.114,0,0.114,752,29,0.0,5,0.2759999999999998,0.0040000000000000036,0.4
742,feature_0 > 0.26 AND feature_1 > 1.06 AND feature_1 > 1.463 AND feature_0 > 0.557 AND feature_2 <= 0.652 AND feature_7 <= -0.835,"{'feature_0': (0.557, 3.845), 'feature_1': (1.463, 3.852), 'feature_2': (-3.74, 0.652), 'feature_7': (-3.746, -0.835)}",4,2.959,6,[Pretrained] CF,"[468, 710, 734, 740, 741]",3.114,3.119,ResOve,[Pretrained] CF ResOve,0.114,0,0.114,752,33,0.0,5,0.1549999999999998,0.0050000000000003375,0.4
723,feature_0 > 0.26 AND feature_1 > 1.06 AND feature_1 <= 1.463 AND feature_0 > 0.763 AND feature_2 <= 0.453 AND feature_7 <= -0.169,"{'feature_0': (0.763, 3.845), 'feature_1': (1.06, 1.463), 'feature_2': (-3.74, 0.453), 'feature_7': (-3.746, -0.169)}",4,2.674,6,[Pretrained] CF,"[468, 710, 711, 721, 722]",2.878,2.889,ResOve,[Pretrained] CF ResOve,0.114,0,0.114,752,45,0.0,5,0.20400000000000018,0.010999999999999677,0.4
742,feature_0 > 0.26 AND feature_1 > 1.06 AND feature_1 > 1.463 AND feature_0 > 0.557 AND feature_2 <= 0.652 AND feature_7 <= -0.835,"{'feature_0': (0.557, 3.845), 'feature_1': (1.463, 3.852), 'feature_2': (-3.74, 0.652), 'feature_7': (-3.746, -0.835)}",4,2.959,6,[Pretrained] CF,"[468, 710, 734, 740, 741]",3.114,3.119,NoOve,[Pretrained] CF NoOve,0.013,0,0.013,752,33,0.0,5,0.1549999999999998,0.0050000000000003375,0.4
745,feature_0 > 0.26 AND feature_1 > 1.06 AND feature_1 > 1.463 AND feature_0 > 0.557 AND feature_2 <= 0.652 AND feature_7 > -0.835,"{'feature_0': (0.557, 3.845), 'feature_1': (1.463, 3.852), 'feature_2': (-3.74, 0.652), 'feature_7': (-0.835, 3.492)}",4,2.804,6,[Pretrained] CF,"[468, 710, 734, 740, 741]",3.046,3.052,NoOve,[Pretrained] CF NoOve,0.013,0,0.013,752,83,0.0,5,0.242,0.006000000000000227,0.4
752,feature_0 > 0.26 AND feature_1 > 1.06 AND feature_1 > 1.463 AND feature_0 > 0.557 AND feature_2 > 0.652 AND feature_1 > 1.686,"{'feature_0': (0.557, 3.845), 'feature_1': (1.686, 3.852), 'feature_2': (0.652, 4.02)}",3,2.72,6,[Pretrained] CF,"[468, 710, 734, 740, 750]",3.443,3.331,NoOve,[Pretrained] CF NoOve,0.013,0,0.013,752,26,0.0,5,0.7229999999999999,0.1120000000000001,0.4
723,feature_0 > 0.26 AND feature_1 > 1.06 AND feature_1 <= 1.463 AND feature_0 > 0.763 AND feature_2 <= 0.453 AND feature_7 <= -0.169,"{'feature_0': (0.763, 3.845), 'feature_1': (1.06, 1.463), 'feature_2': (-3.74, 0.453), 'feature_7': (-3.746, -0.169)}",4,2.674,6,[Pretrained] CF,"[468, 710, 711, 721, 722]",2.878,2.889,NoOve,[Pretrained] CF NoOve,0.013,0,0.013,752,45,0.0,5,0.20400000000000018,0.010999999999999677,0.4
739,feature_0 > 0.26 AND feature_1 > 1.06 AND feature_1 > 1.463 AND feature_0 <= 0.557 AND feature_0 > 0.352 AND feature_1 > 1.661,"{'feature_0': (0.352, 0.557), 'feature_1': (1.661, 3.852)}",2,2.668,6,[Pretrained] CF,"[468, 710, 734, 735, 737]",2.549,2.567,NoOve,[Pretrained] CF NoOve,0.013,0,0.013,752,26,0.0,5,0.11900000000000022,0.018000000000000238,0.4
742,feature_0 > 0.26 AND feature_1 > 1.06 AND feature_1 > 1.463 AND feature_0 > 0.557 AND feature_2 <= 0.652 AND feature_7 <= -0.835,"{'feature_0': (0.557, 3.845), 'feature_1': (1.463, 3.852), 'feature_2': (-3.74, 0.652), 'feature_7': (-3.746, -0.835)}",4,2.959,6,[Pretrained] CF,"[468, 710, 734, 740, 741]",3.114,3.195,OptRes,[Pretrained] CF OptRes,0.008,0,0.008,752,31,0.06756756756756757,5,0.1549999999999998,0.08099999999999996,0.5
748,feature_0 > 0.26 AND feature_1 > 1.06 AND feature_1 > 1.463 AND feature_0 > 0.557 AND feature_2 <= 0.652 AND feature_7 > -0.835 AND feature_0 > 0.767 AND feature_9 <= 0.059,"{'feature_0': (0.767, 3.845), 'feature_1': (1.463, 3.852), 'feature_2': (-3.74, 0.652), 'feature_7': (-0.835, 3.492), 'feature_9': (-3.581, 0.059)}",5,2.879,8,[Pretrained] CF,"[468, 710, 734, 740, 741, 745, 747]",3.155,3.149,OptRes,[Pretrained] CF OptRes,0.008,0,0.008,752,30,0.06418918918918919,5,0.2759999999999998,0.005999999999999783,0.5
741,feature_0 > 0.26 AND feature_1 > 1.06 AND feature_1 > 1.463 AND feature_0 > 0.557 AND feature_2 <= 0.652,"{'feature_0': (0.557, 3.845), 'feature_1': (1.463, 3.852), 'feature_2': (-3.74, 0.652)}",3,2.846,5,[Pretrained] CF,"[468, 710, 734, 740]",3.064,3.069,OptRes,[Pretrained] CF OptRes,0.008,0,0.008,752,113,0.25,5,0.21799999999999997,0.004999999999999893,0.5
749,feature_0 > 0.26 AND feature_1 > 1.06 AND feature_1 > 1.463 AND feature_0 > 0.557 AND feature_2 <= 0.652 AND feature_7 > -0.835 AND feature_0 > 0.767 AND feature_9 > 0.059,"{'feature_0': (0.767, 3.845), 'feature_1': (1.463, 3.852), 'feature_2': (-3.74, 0.652), 'feature_7': (-0.835, 3.492), 'feature_9': (0.059, 3.767)}",5,2.803,8,[Pretrained] CF,"[468, 710, 734, 740, 741, 745, 747]",3.309,3.275,OptRes,[Pretrained] CF OptRes,0.008,0,0.008,752,28,0.05912162162162162,5,0.5060000000000002,0.03400000000000025,0.5
746,feature_0 > 0.26 AND feature_1 > 1.06 AND feature_1 > 1.463 AND feature_0 > 0.557 AND feature_2 <= 0.652 AND feature_7 > -0.835 AND feature_0 <= 0.767,"{'feature_0': (0.557, 0.767), 'feature_1': (1.463, 3.852), 'feature_2': (-3.74, 0.652), 'feature_7': (-0.835, 3.492)}",4,2.722,7,[Pretrained] CF,"[468, 710, 734, 740, 741, 745]",2.664,2.565,OptRes,[Pretrained] CF OptRes,0.008,0,0.008,752,24,0.05912162162162162,5,0.05799999999999983,0.0990000000000002,0.5
750,feature_0 > 0.26 AND feature_1 > 1.06 AND feature_1 > 1.463 AND feature_0 > 0.557 AND feature_2 > 0.652,"{'feature_0': (0.557, 3.845), 'feature_1': (1.463, 3.852), 'feature_2': (0.652, 4.02)}",3,2.69,5,[Pretrained] CF,"[468, 710, 734, 740]",3.26,3.267,ResOve,[Pretrained] CF ResOve,0.109,0,0.109,752,38,0.0,5,0.5699999999999998,0.007000000000000117,0.5
749,feature_0 > 0.26 AND feature_1 > 1.06 AND feature_1 > 1.463 AND feature_0 > 0.557 AND feature_2 <= 0.652 AND feature_7 > -0.835 AND feature_0 > 0.767 AND feature_9 > 0.059,"{'feature_0': (0.767, 3.845), 'feature_1': (1.463, 3.852), 'feature_2': (-3.74, 0.652), 'feature_7': (-0.835, 3.492), 'feature_9': (0.059, 3.767)}",5,2.803,8,[Pretrained] CF,"[468, 710, 734, 740, 741, 745, 747]",3.309,3.275,ResOve,[Pretrained] CF ResOve,0.109,0,0.109,752,28,0.0,5,0.5060000000000002,0.03400000000000025,0.5
748,feature_0 > 0.26 AND feature_1 > 1.06 AND feature_1 > 1.463 AND feature_0 > 0.557 AND feature_2 <= 0.652 AND feature_7 > -0.835 AND feature_0 > 0.767 AND feature_9 <= 0.059,"{'feature_0': (0.767, 3.845), 'feature_1': (1.463, 3.852), 'feature_2': (-3.74, 0.652), 'feature_7': (-0.835, 3.492), 'feature_9': (-3.581, 0.059)}",5,2.879,8,[Pretrained] CF,"[468, 710, 734, 740, 741, 745, 747]",3.155,3.149,ResOve,[Pretrained] CF ResOve,0.109,0,0.109,752,30,0.0,5,0.2759999999999998,0.005999999999999783,0.5
742,feature_0 > 0.26 AND feature_1 > 1.06 AND feature_1 > 1.463 AND feature_0 > 0.557 AND feature_2 <= 0.652 AND feature_7 <= -0.835,"{'feature_0': (0.557, 3.845), 'feature_1': (1.463, 3.852), 'feature_2': (-3.74, 0.652), 'feature_7': (-3.746, -0.835)}",4,2.959,6,[Pretrained] CF,"[468, 710, 734, 740, 741]",3.114,3.195,ResOve,[Pretrained] CF ResOve,0.109,0,0.109,752,31,0.0,5,0.1549999999999998,0.08099999999999996,0.5
723,feature_0 > 0.26 AND feature_1 > 1.06 AND feature_1 <= 1.463 AND feature_0 > 0.763 AND feature_2 <= 0.453 AND feature_7 <= -0.169,"{'feature_0': (0.763, 3.845), 'feature_1': (1.06, 1.463), 'feature_2': (-3.74, 0.453), 'feature_7': (-3.746, -0.169)}",4,2.674,6,[Pretrained] CF,"[468, 710, 711, 721, 722]",2.878,2.892,ResOve,[Pretrained] CF ResOve,0.109,0,0.109,752,43,0.0,5,0.20400000000000018,0.01399999999999979,0.5
742,feature_0 > 0.26 AND feature_1 > 1.06 AND feature_1 > 1.463 AND feature_0 > 0.557 AND feature_2 <= 0.652 AND feature_7 <= -0.835,"{'feature_0': (0.557, 3.845), 'feature_1': (1.463, 3.852), 'feature_2': (-3.74, 0.652), 'feature_7': (-3.746, -0.835)}",4,2.959,6,[Pretrained] CF,"[468, 710, 734, 740, 741]",3.114,3.195,NoOve,[Pretrained] CF NoOve,0.012,0,0.012,752,31,0.0,5,0.1549999999999998,0.08099999999999996,0.5
745,feature_0 > 0.26 AND feature_1 > 1.06 AND feature_1 > 1.463 AND feature_0 > 0.557 AND feature_2 <= 0.652 AND feature_7 > -0.835,"{'feature_0': (0.557, 3.845), 'feature_1': (1.463, 3.852), 'feature_2': (-3.74, 0.652), 'feature_7': (-0.835, 3.492)}",4,2.804,6,[Pretrained] CF,"[468, 710, 734, 740, 741]",3.046,3.021,NoOve,[Pretrained] CF NoOve,0.012,0,0.012,752,82,0.0,5,0.242,0.02499999999999991,0.5
723,feature_0 > 0.26 AND feature_1 > 1.06 AND feature_1 <= 1.463 AND feature_0 > 0.763 AND feature_2 <= 0.453 AND feature_7 <= -0.169,"{'feature_0': (0.763, 3.845), 'feature_1': (1.06, 1.463), 'feature_2': (-3.74, 0.453), 'feature_7': (-3.746, -0.169)}",4,2.674,6,[Pretrained] CF,"[468, 710, 711, 721, 722]",2.878,2.892,NoOve,[Pretrained] CF NoOve,0.012,0,0.012,752,43,0.0,5,0.20400000000000018,0.01399999999999979,0.5
726,feature_0 > 0.26 AND feature_1 > 1.06 AND feature_1 <= 1.463 AND feature_0 > 0.763 AND feature_2 <= 0.453 AND feature_7 > -0.169,"{'feature_0': (0.763, 3.845), 'feature_1': (1.06, 1.463), 'feature_2': (-3.74, 0.453), 'feature_7': (-0.169, 3.492)}",4,2.484,6,[Pretrained] CF,"[468, 710, 711, 721, 722]",2.676,2.68,NoOve,[Pretrained] CF NoOve,0.012,0,0.012,752,37,0.0,5,0.19200000000000017,0.0040000000000000036,0.5
731,feature_0 > 0.26 AND feature_1 > 1.06 AND feature_1 <= 1.463 AND feature_0 > 0.763 AND feature_2 > 0.453 AND feature_1 > 1.167,"{'feature_0': (0.763, 3.845), 'feature_1': (1.167, 1.463), 'feature_2': (0.453, 4.02)}",3,2.423,6,[Pretrained] CF,"[468, 710, 711, 721, 729]",2.739,2.717,NoOve,[Pretrained] CF NoOve,0.012,0,0.012,752,33,0.0,5,0.31599999999999984,0.021999999999999797,0.5
740,feature_0 > 0.26 AND feature_1 > 1.06 AND feature_1 > 1.463 AND feature_0 > 0.557,"{'feature_0': (0.557, 3.845), 'feature_1': (1.463, 3.852)}",2,2.805,4,[Pretrained] CF,"[468, 710, 734]",3.116,3.113,OptRes,[Pretrained] CF OptRes,0.015,0,0.015,752,21,0.0883128295254833,5,0.31099999999999994,0.0030000000000001137,0.1
710,feature_0 > 0.26 AND feature_1 > 1.06,"{'feature_0': (0.26, 3.845), 'feature_1': (1.06, 3.852)}",2,2.521,2,[Pretrained] CF,[468],2.66,2.725,OptRes,[Pretrained] CF OptRes,0.015,0,0.015,752,59,0.0883128295254833,5,0.13900000000000023,0.06499999999999995,0.1
693,feature_0 > 0.26 AND feature_1 <= 1.06 AND feature_0 > 0.8 AND feature_1 > 0.12 AND feature_0 > 1.421,"{'feature_0': (1.421, 3.845), 'feature_1': (0.12, 1.06)}",2,2.215,5,[Pretrained] CF,"[468, 469, 583, 659]",2.881,2.84,OptRes,[Pretrained] CF OptRes,0.015,0,0.015,752,28,0.09477611940298507,5,0.6659999999999999,0.040999999999999925,0.1
659,feature_0 > 0.26 AND feature_1 <= 1.06 AND feature_0 > 0.8 AND feature_1 > 0.12,"{'feature_0': (0.8, 3.845), 'feature_1': (0.12, 1.06)}",2,2.063,4,[Pretrained] CF,"[468, 469, 583]",2.386,2.394,OptRes,[Pretrained] CF OptRes,0.015,0,0.015,752,68,0.09477611940298507,5,0.32299999999999995,0.008000000000000007,0.1
644,feature_0 > 0.26 AND feature_1 <= 1.06 AND feature_0 > 0.8 AND feature_1 <= 0.12 AND feature_0 > 1.512 AND feature_4 > -0.038,"{'feature_0': (1.512, 3.845), 'feature_1': (-3.98, 0.12), 'feature_4': (-0.038, 3.804)}",3,2.032,6,[Pretrained] CF,"[468, 469, 583, 584, 632]",2.391,2.377,OptRes,[Pretrained] CF OptRes,0.015,0,0.015,752,25,0.0,5,0.359,0.014000000000000234,0.1
740,feature_0 > 0.26 AND feature_1 > 1.06 AND feature_1 > 1.463 AND feature_0 > 0.557,"{'feature_0': (0.557, 3.845), 'feature_1': (1.463, 3.852)}",2,2.805,4,[Pretrained] CF,"[468, 710, 734]",3.116,3.113,ResOve,[Pretrained] CF ResOve,0.149,0,0.149,752,21,0.2723787635914174,5,0.31099999999999994,0.0030000000000001137,0.1
734,feature_0 > 0.26 AND feature_1 > 1.06 AND feature_1 > 1.463,"{'feature_0': (0.26, 3.845), 'feature_1': (1.463, 3.852)}",2,2.726,3,[Pretrained] CF,"[468, 710]",2.916,2.864,ResOve,[Pretrained] CF ResOve,0.149,0,0.149,752,30,0.3040132099886054,5,0.18999999999999995,0.052000000000000046,0.1
711,feature_0 > 0.26 AND feature_1 > 1.06 AND feature_1 <= 1.463,"{'feature_0': (0.26, 3.845), 'feature_1': (1.06, 1.463)}",2,2.332,3,[Pretrained] CF,"[468, 710]",2.423,2.581,ResOve,[Pretrained] CF ResOve,0.149,0,0.149,752,29,0.13005272407732865,5,0.09100000000000019,0.15799999999999992,0.1
710,feature_0 > 0.26 AND feature_1 > 1.06,"{'feature_0': (0.26, 3.845), 'feature_1': (1.06, 3.852)}",2,2.521,2,[Pretrained] CF,[468],2.66,2.725,ResOve,[Pretrained] CF ResOve,0.149,0,0.149,752,59,0.3383128295254833,5,0.13900000000000023,0.06499999999999995,0.1
693,feature_0 > 0.26 AND feature_1 <= 1.06 AND feature_0 > 0.8 AND feature_1 > 0.12 AND feature_0 > 1.421,"{'feature_0': (1.421, 3.845), 'feature_1': (0.12, 1.06)}",2,2.215,5,[Pretrained] CF,"[468, 469, 583, 659]",2.881,2.84,ResOve,[Pretrained] CF ResOve,0.149,0,0.149,752,28,0.0,5,0.6659999999999999,0.040999999999999925,0.1
740,feature_0 > 0.26 AND feature_1 > 1.06 AND feature_1 > 1.463 AND feature_0 > 0.557,"{'feature_0': (0.557, 3.845), 'feature_1': (1.463, 3.852)}",2,2.805,4,[Pretrained] CF,"[468, 710, 734]",3.116,3.113,NoOve,[Pretrained] CF NoOve,0.132,0,0.132,752,21,0.0,5,0.31099999999999994,0.0030000000000001137,0.1
659,feature_0 > 0.26 AND feature_1 <= 1.06 AND feature_0 > 0.8 AND feature_1 > 0.12,"{'feature_0': (0.8, 3.845), 'feature_1': (0.12, 1.06)}",2,2.063,4,[Pretrained] CF,"[468, 469, 583]",2.386,2.394,NoOve,[Pretrained] CF NoOve,0.132,0,0.132,752,68,0.0,5,0.32299999999999995,0.008000000000000007,0.1
584,feature_0 > 0.26 AND feature_1 <= 1.06 AND feature_0 > 0.8 AND feature_1 <= 0.12,"{'feature_0': (0.8, 3.845), 'feature_1': (-3.98, 0.12)}",2,1.739,4,[Pretrained] CF,"[468, 469, 583]",1.806,1.855,NoOve,[Pretrained] CF NoOve,0.132,0,0.132,752,125,0.0,5,0.06699999999999995,0.04899999999999993,0.1
447,feature_0 <= 0.26 AND feature_0 > -0.366 AND feature_1 > 0.892 AND feature_1 > 1.283,"{'feature_0': (-0.366, 0.26), 'feature_1': (1.283, 3.852)}",2,1.544,4,[Pretrained] CF,"[1, 275, 431]",1.888,1.975,NoOve,[Pretrained] CF NoOve,0.132,0,0.132,752,35,0.0,5,0.34399999999999986,0.08700000000000019,0.1
546,feature_0 > 0.26 AND feature_1 <= 1.06 AND feature_0 <= 0.8 AND feature_1 > 0.2,"{'feature_0': (0.26, 0.8), 'feature_1': (0.2, 1.06)}",2,1.47,4,[Pretrained] CF,"[468, 469, 470]",1.552,1.615,NoOve,[Pretrained] CF NoOve,0.132,0,0.132,752,53,0.0,5,0.08200000000000007,0.06299999999999994,0.1
653,feature_0 > 0.26 AND feature_1 <= 1.06 AND feature_0 > 0.8 AND feature_1 <= 0.12 AND feature_0 > 1.512 AND feature_4 > -0.038 AND feature_3 > -0.585 AND feature_5 > -0.604 AND feature_1 <= -0.641,"{'feature_0': (1.512, 3.845), 'feature_1': (-3.98, -0.641), 'feature_4': (-0.038, 3.804), 'feature_3': (-0.585, 4.242), 'feature_5': (-0.604, 3.687)}",5,1.879,9,[Pretrained] CF,"[468, 469, 583, 584, 632, 644, 648, 652]",2.218,2.218,OptRes,[Pretrained] CF OptRes,0.003,0,0.003,752,44,0.0,5,0.33899999999999997,0.0,0.2
629,feature_0 > 0.26 AND feature_1 <= 1.06 AND feature_0 > 0.8 AND feature_1 <= 0.12 AND feature_0 <= 1.512 AND feature_3 > -0.812 AND feature_4 > 0.62 AND feature_0 > 1.073 AND feature_1 <= -0.45 AND feature_9 <= 0.338,"{'feature_0': (1.073, 1.512), 'feature_1': (-3.98, -0.45), 'feature_3': (-0.812, 4.242), 'feature_4': (0.62, 3.804), 'feature_9': (-3.581, 0.338)}",5,1.79,10,[Pretrained] CF,"[468, 469, 583, 584, 585, 597, 623, 627, 628]",1.56,1.56,OptRes,[Pretrained] CF OptRes,0.003,0,0.003,752,32,0.0,5,0.22999999999999998,0.0,0.2
630,feature_0 > 0.26 AND feature_1 <= 1.06 AND feature_0 > 0.8 AND feature_1 <= 0.12 AND feature_0 <= 1.512 AND feature_3 > -0.812 AND feature_4 > 0.62 AND feature_0 > 1.073 AND feature_1 <= -0.45 AND feature_9 > 0.338,"{'feature_0': (1.073, 1.512), 'feature_1': (-3.98, -0.45), 'feature_3': (-0.812, 4.242), 'feature_4': (0.62, 3.804), 'feature_9': (0.338, 3.767)}",5,1.681,10,[Pretrained] CF,"[468, 469, 583, 584, 585, 597, 623, 627, 628]",1.563,1.563,OptRes,[Pretrained] CF OptRes,0.003,0,0.003,752,22,0.0,5,0.1180000000000001,0.0,0.2
608,feature_0 > 0.26 AND feature_1 <= 1.06 AND feature_0 > 0.8 AND feature_1 <= 0.12 AND feature_0 <= 1.512 AND feature_3 > -0.812 AND feature_4 <= 0.62 AND feature_1 <= -0.293 AND feature_9 > -0.294 AND feature_1 <= -1.529,"{'feature_0': (0.8, 1.512), 'feature_1': (-3.98, -1.529), 'feature_3': (-0.812, 4.242), 'feature_4': (-3.533, 0.62), 'feature_9': (-0.294, 3.767)}",5,1.356,10,[Pretrained] CF,"[468, 469, 583, 584, 585, 597, 598, 599, 607]",1.261,1.261,OptRes,[Pretrained] CF OptRes,0.003,0,0.003,752,35,0.0,5,0.0950000000000002,0.0,0.2
531,feature_0 > 0.26 AND feature_1 <= 1.06 AND feature_0 <= 0.8 AND feature_1 <= 0.2 AND feature_0 > 0.463 AND feature_0 > 0.629 AND feature_4 <= 0.055 AND feature_2 <= 0.811 AND feature_3 > -0.531 AND feature_1 <= -0.476 AND feature_9 <= 0.817,"{'feature_0': (0.629, 0.8), 'feature_1': (-3.98, -0.476), 'feature_4': (-3.533, 0.055), 'feature_2': (-3.74, 0.811), 'feature_3': (-0.531, 4.242), 'feature_9': (-3.581, 0.817)}",6,1.201,11,[Pretrained] CF,"[468, 469, 470, 471, 503, 525, 526, 527, 529, 530]",1.04,1.04,OptRes,[Pretrained] CF OptRes,0.003,0,0.003,752,32,0.0,5,0.16100000000000003,0.0,0.2
655,feature_0 > 0.26 AND feature_1 <= 1.06 AND feature_0 > 0.8 AND feature_1 <= 0.12 AND feature_0 > 1.512 AND feature_4 > -0.038 AND feature_3 > -0.585 AND feature_5 > -0.604 AND feature_1 <= -0.641 AND feature_9 > -0.185,"{'feature_0': (1.512, 3.845), 'feature_1': (-3.98, -0.641), 'feature_4': (-0.038, 3.804), 'feature_3': (-0.585, 4.242), 'feature_5': (-0.604, 3.687), 'feature_9': (-0.185, 3.767)}",6,1.808,10,[Pretrained] CF,"[468, 469, 583, 584, 632, 644, 648, 652, 653]",2.173,2.173,ResOve,[Pretrained] CF ResOve,0.018,0,0.018,752,24,0.13636363636363635,5,0.365,0.0,0.2
653,feature_0 > 0.26 AND feature_1 <= 1.06 AND feature_0 > 0.8 AND feature_1 <= 0.12 AND feature_0 > 1.512 AND feature_4 > -0.038 AND feature_3 > -0.585 AND feature_5 > -0.604 AND feature_1 <= -0.641,"{'feature_0': (1.512, 3.845), 'feature_1': (-3.98, -0.641), 'feature_4': (-0.038, 3.804), 'feature_3': (-0.585, 4.242), 'feature_5': (-0.604, 3.687)}",5,1.879,9,[Pretrained] CF,"[468, 469, 583, 584, 632, 644, 648, 652]",2.218,2.218,ResOve,[Pretrained] CF ResOve,0.018,0,0.018,752,44,0.13636363636363635,5,0.33899999999999997,0.0,0.2
630,feature_0 > 0.26 AND feature_1 <= 1.06 AND feature_0 > 0.8 AND feature_1 <= 0.12 AND feature_0 <= 1.512 AND feature_3 > -0.812 AND feature_4 > 0.62 AND feature_0 > 1.073 AND feature_1 <= -0.45 AND feature_9 > 0.338,"{'feature_0': (1.073, 1.512), 'feature_1': (-3.98, -0.45), 'feature_3': (-0.812, 4.242), 'feature_4': (0.62, 3.804), 'feature_9': (0.338, 3.767)}",5,1.681,10,[Pretrained] CF,"[468, 469, 583, 584, 585, 597, 623, 627, 628]",1.563,1.563,ResOve,[Pretrained] CF ResOve,0.018,0,0.018,752,22,0.10185185185185185,5,0.1180000000000001,0.0,0.2
629,feature_0 > 0.26 AND feature_1 <= 1.06 AND feature_0 > 0.8 AND feature_1 <= 0.12 AND feature_0 <= 1.512 AND feature_3 > -0.812 AND feature_4 > 0.62 AND feature_0 > 1.073 AND feature_1 <= -0.45 AND feature_9 <= 0.338,"{'feature_0': (1.073, 1.512), 'feature_1': (-3.98, -0.45), 'feature_3': (-0.812, 4.242), 'feature_4': (0.62, 3.804), 'feature_9': (-3.581, 0.338)}",5,1.79,10,[Pretrained] CF,"[468, 469, 583, 584, 585, 597, 623, 627, 628]",1.56,1.56,ResOve,[Pretrained] CF ResOve,0.018,0,0.018,752,32,0.14814814814814814,5,0.22999999999999998,0.0,0.2
628,feature_0 > 0.26 AND feature_1 <= 1.06 AND feature_0 > 0.8 AND feature_1 <= 0.12 AND feature_0 <= 1.512 AND feature_3 > -0.812 AND feature_4 > 0.62 AND feature_0 > 1.073 AND feature_1 <= -0.45,"{'feature_0': (1.073, 1.512), 'feature_1': (-3.98, -0.45), 'feature_3': (-0.812, 4.242), 'feature_4': (0.62, 3.804)}",4,1.746,9,[Pretrained] CF,"[468, 469, 583, 584, 585, 597, 623, 627]",1.561,1.561,ResOve,[Pretrained] CF ResOve,0.018,0,0.018,752,54,0.25,5,0.18500000000000005,0.0,0.2
655,feature_0 > 0.26 AND feature_1 <= 1.06 AND feature_0 > 0.8 AND feature_1 <= 0.12 AND feature_0 > 1.512 AND feature_4 > -0.038 AND feature_3 > -0.585 AND feature_5 > -0.604 AND feature_1 <= -0.641 AND feature_9 > -0.185,"{'feature_0': (1.512, 3.845), 'feature_1': (-3.98, -0.641), 'feature_4': (-0.038, 3.804), 'feature_3': (-0.585, 4.242), 'feature_5': (-0.604, 3.687), 'feature_9': (-0.185, 3.767)}",6,1.808,10,[Pretrained] CF,"[468, 469, 583, 584, 632, 644, 648, 652, 653]",2.173,2.173,NoOve,[Pretrained] CF NoOve,0.006,0,0.006,752,24,0.0,5,0.365,0.0,0.2
629,feature_0 > 0.26 AND feature_1 <= 1.06 AND feature_0 > 0.8 AND feature_1 <= 0.12 AND feature_0 <= 1.512 AND feature_3 > -0.812 AND feature_4 > 0.62 AND feature_0 > 1.073 AND feature_1 <= -0.45 AND feature_9 <= 0.338,"{'feature_0': (1.073, 1.512), 'feature_1': (-3.98, -0.45), 'feature_3': (-0.812, 4.242), 'feature_4': (0.62, 3.804), 'feature_9': (-3.581, 0.338)}",5,1.79,10,[Pretrained] CF,"[468, 469, 583, 584, 585, 597, 623, 627, 628]",1.56,1.56,NoOve,[Pretrained] CF NoOve,0.006,0,0.006,752,32,0.0,5,0.22999999999999998,0.0,0.2
630,feature_0 > 0.26 AND feature_1 <= 1.06 AND feature_0 > 0.8 AND feature_1 <= 0.12 AND feature_0 <= 1.512 AND feature_3 > -0.812 AND feature_4 > 0.62 AND feature_0 > 1.073 AND feature_1 <= -0.45 AND feature_9 > 0.338,"{'feature_0': (1.073, 1.512), 'feature_1': (-3.98, -0.45), 'feature_3': (-0.812, 4.242), 'feature_4': (0.62, 3.804), 'feature_9': (0.338, 3.767)}",5,1.681,10,[Pretrained] CF,"[468, 469, 583, 584, 585, 597, 623, 627, 628]",1.563,1.563,NoOve,[Pretrained] CF NoOve,0.006,0,0.006,752,22,0.0,5,0.1180000000000001,0.0,0.2
608,feature_0 > 0.26 AND feature_1 <= 1.06 AND feature_0 > 0.8 AND feature_1 <= 0.12 AND feature_0 <= 1.512 AND feature_3 > -0.812 AND feature_4 <= 0.62 AND feature_1 <= -0.293 AND feature_9 > -0.294 AND feature_1 <= -1.529,"{'feature_0': (0.8, 1.512), 'feature_1': (-3.98, -1.529), 'feature_3': (-0.812, 4.242), 'feature_4': (-3.533, 0.62), 'feature_9': (-0.294, 3.767)}",5,1.356,10,[Pretrained] CF,"[468, 469, 583, 584, 585, 597, 598, 599, 607]",1.261,1.261,NoOve,[Pretrained] CF NoOve,0.006,0,0.006,752,35,0.0,5,0.0950000000000002,0.0,0.2
530,feature_0 > 0.26 AND feature_1 <= 1.06 AND feature_0 <= 0.8 AND feature_1 <= 0.2 AND feature_0 > 0.463 AND feature_0 > 0.629 AND feature_4 <= 0.055 AND feature_2 <= 0.811 AND feature_3 > -0.531 AND feature_1 <= -0.476,"{'feature_0': (0.629, 0.8), 'feature_1': (-3.98, -0.476), 'feature_4': (-3.533, 0.055), 'feature_2': (-3.74, 0.811), 'feature_3': (-0.531, 4.242)}",5,1.173,10,[Pretrained] CF,"[468, 469, 470, 471, 503, 525, 526, 527, 529]",1.031,1.031,NoOve,[Pretrained] CF NoOve,0.006,0,0.006,752,52,0.0,5,0.14200000000000013,0.0,0.2
742,feature_0 > 0.26 AND feature_1 > 1.06 AND feature_1 > 1.463 AND feature_0 > 0.557 AND feature_2 <= 0.652 AND feature_7 <= -0.835,"{'feature_0': (0.557, 3.845), 'feature_1': (1.463, 3.852), 'feature_2': (-3.74, 0.652), 'feature_7': (-3.746, -0.835)}",4,2.959,6,[Pretrained] CF,"[468, 710, 734, 740, 741]",3.114,3.173,OptRes,[Pretrained] CF OptRes,0.007,0,0.007,752,25,0.06756756756756757,5,0.1549999999999998,0.05900000000000016,0.3
748,feature_0 > 0.26 AND feature_1 > 1.06 AND feature_1 > 1.463 AND feature_0 > 0.557 AND feature_2 <= 0.652 AND feature_7 > -0.835 AND feature_0 > 0.767 AND feature_9 <= 0.059,"{'feature_0': (0.767, 3.845), 'feature_1': (1.463, 3.852), 'feature_2': (-3.74, 0.652), 'feature_7': (-0.835, 3.492), 'feature_9': (-3.581, 0.059)}",5,2.879,8,[Pretrained] CF,"[468, 710, 734, 740, 741, 745, 747]",3.155,3.13,OptRes,[Pretrained] CF OptRes,0.007,0,0.007,752,22,0.06418918918918919,5,0.2759999999999998,0.02499999999999991,0.3
741,feature_0 > 0.26 AND feature_1 > 1.06 AND feature_1 > 1.463 AND feature_0 > 0.557 AND feature_2 <= 0.652,"{'feature_0': (0.557, 3.845), 'feature_1': (1.463, 3.852), 'feature_2': (-3.74, 0.652)}",3,2.846,5,[Pretrained] CF,"[468, 710, 734, 740]",3.064,3.1,OptRes,[Pretrained] CF OptRes,0.007,0,0.007,752,88,0.19087837837837837,5,0.21799999999999997,0.03600000000000003,0.3
749,feature_0 > 0.26 AND feature_1 > 1.06 AND feature_1 > 1.463 AND feature_0 > 0.557 AND feature_2 <= 0.652 AND feature_7 > -0.835 AND feature_0 > 0.767 AND feature_9 > 0.059,"{'feature_0': (0.767, 3.845), 'feature_1': (1.463, 3.852), 'feature_2': (-3.74, 0.652), 'feature_7': (-0.835, 3.492), 'feature_9': (0.059, 3.767)}",5,2.803,8,[Pretrained] CF,"[468, 710, 734, 740, 741, 745, 747]",3.309,3.306,OptRes,[Pretrained] CF OptRes,0.007,0,0.007,752,22,0.05912162162162162,5,0.5060000000000002,0.0030000000000001137,0.3
752,feature_0 > 0.26 AND feature_1 > 1.06 AND feature_1 > 1.463 AND feature_0 > 0.557 AND feature_2 > 0.652 AND feature_1 > 1.686,"{'feature_0': (0.557, 3.845), 'feature_1': (1.686, 3.852), 'feature_2': (0.652, 4.02)}",3,2.72,6,[Pretrained] CF,"[468, 710, 734, 740, 750]",3.443,3.446,OptRes,[Pretrained] CF OptRes,0.007,0,0.007,752,23,0.0,5,0.7229999999999999,0.0030000000000001137,0.3
752,feature_0 > 0.26 AND feature_1 > 1.06 AND feature_1 > 1.463 AND feature_0 > 0.557 AND feature_2 > 0.652 AND feature_1 > 1.686,"{'feature_0': (0.557, 3.845), 'feature_1': (1.686, 3.852), 'feature_2': (0.652, 4.02)}",3,2.72,6,[Pretrained] CF,"[468, 710, 734, 740, 750]",3.443,3.446,ResOve,[Pretrained] CF ResOve,0.124,0,0.124,752,23,0.0,5,0.7229999999999999,0.0030000000000001137,0.3
748,feature_0 > 0.26 AND feature_1 > 1.06 AND feature_1 > 1.463 AND feature_0 > 0.557 AND feature_2 <= 0.652 AND feature_7 > -0.835 AND feature_0 > 0.767 AND feature_9 <= 0.059,"{'feature_0': (0.767, 3.845), 'feature_1': (1.463, 3.852), 'feature_2': (-3.74, 0.652), 'feature_7': (-0.835, 3.492), 'feature_9': (-3.581, 0.059)}",5,2.879,8,[Pretrained] CF,"[468, 710, 734, 740, 741, 745, 747]",3.155,3.13,ResOve,[Pretrained] CF ResOve,0.124,0,0.124,752,22,0.06418918918918919,5,0.2759999999999998,0.02499999999999991,0.3
741,feature_0 > 0.26 AND feature_1 > 1.06 AND feature_1 > 1.463 AND feature_0 > 0.557 AND feature_2 <= 0.652,"{'feature_0': (0.557, 3.845), 'feature_1': (1.463, 3.852), 'feature_2': (-3.74, 0.652)}",3,2.846,5,[Pretrained] CF,"[468, 710, 734, 740]",3.064,3.1,ResOve,[Pretrained] CF ResOve,0.124,0,0.124,752,88,0.06418918918918919,5,0.21799999999999997,0.03600000000000003,0.3
739,feature_0 > 0.26 AND feature_1 > 1.06 AND feature_1 > 1.463 AND feature_0 <= 0.557 AND feature_0 > 0.352 AND feature_1 > 1.661,"{'feature_0': (0.352, 0.557), 'feature_1': (1.661, 3.852)}",2,2.668,6,[Pretrained] CF,"[468, 710, 734, 735, 737]",2.549,2.564,ResOve,[Pretrained] CF ResOve,0.124,0,0.124,752,21,0.0,5,0.11900000000000022,0.015000000000000124,0.3
723,feature_0 > 0.26 AND feature_1 > 1.06 AND feature_1 <= 1.463 AND feature_0 > 0.763 AND feature_2 <= 0.453 AND feature_7 <= -0.169,"{'feature_0': (0.763, 3.845), 'feature_1': (1.06, 1.463), 'feature_2': (-3.74, 0.453), 'feature_7': (-3.746, -0.169)}",4,2.674,6,[Pretrained] CF,"[468, 710, 711, 721, 722]",2.878,2.861,ResOve,[Pretrained] CF ResOve,0.124,0,0.124,752,36,0.0,5,0.20400000000000018,0.016999999999999904,0.3
742,feature_0 > 0.26 AND feature_1 > 1.06 AND feature_1 > 1.463 AND feature_0 > 0.557 AND feature_2 <= 0.652 AND feature_7 <= -0.835,"{'feature_0': (0.557, 3.845), 'feature_1': (1.463, 3.852), 'feature_2': (-3.74, 0.652), 'feature_7': (-3.746, -0.835)}",4,2.959,6,[Pretrained] CF,"[468, 710, 734, 740, 741]",3.114,3.173,NoOve,[Pretrained] CF NoOve,0.019,0,0.019,752,25,0.0,5,0.1549999999999998,0.05900000000000016,0.3
745,feature_0 > 0.26 AND feature_1 > 1.06 AND feature_1 > 1.463 AND feature_0 > 0.557 AND feature_2 <= 0.652 AND feature_7 > -0.835,"{'feature_0': (0.557, 3.845), 'feature_1': (1.463, 3.852), 'feature_2': (-3.74, 0.652), 'feature_7': (-0.835, 3.492)}",4,2.804,6,[Pretrained] CF,"[468, 710, 734, 740, 741]",3.046,3.071,NoOve,[Pretrained] CF NoOve,0.019,0,0.019,752,63,0.0,5,0.242,0.025000000000000355,0.3
752,feature_0 > 0.26 AND feature_1 > 1.06 AND feature_1 > 1.463 AND feature_0 > 0.557 AND feature_2 > 0.652 AND feature_1 > 1.686,"{'feature_0': (0.557, 3.845), 'feature_1': (1.686, 3.852), 'feature_2': (0.652, 4.02)}",3,2.72,6,[Pretrained] CF,"[468, 710, 734, 740, 750]",3.443,3.446,NoOve,[Pretrained] CF NoOve,0.019,0,0.019,752,23,0.0,5,0.7229999999999999,0.0030000000000001137,0.3
723,feature_0 > 0.26 AND feature_1 > 1.06 AND feature_1 <= 1.463 AND feature_0 > 0.763 AND feature_2 <= 0.453 AND feature_7 <= -0.169,"{'feature_0': (0.763, 3.845), 'feature_1': (1.06, 1.463), 'feature_2': (-3.74, 0.453), 'feature_7': (-3.746, -0.169)}",4,2.674,6,[Pretrained] CF,"[468, 710, 711, 721, 722]",2.878,2.861,NoOve,[Pretrained] CF NoOve,0.019,0,0.019,752,36,0.0,5,0.20400000000000018,0.016999999999999904,0.3
739,feature_0 > 0.26 AND feature_1 > 1.06 AND feature_1 > 1.463 AND feature_0 <= 0.557 AND feature_0 > 0.352 AND feature_1 > 1.661,"{'feature_0': (0.352, 0.557), 'feature_1': (1.661, 3.852)}",2,2.668,6,[Pretrained] CF,"[468, 710, 734, 735, 737]",2.549,2.564,NoOve,[Pretrained] CF NoOve,0.019,0,0.019,752,21,0.0,5,0.11900000000000022,0.015000000000000124,0.3
742,feature_0 > 0.26 AND feature_1 > 1.06 AND feature_1 > 1.463 AND feature_0 > 0.557 AND feature_2 <= 0.652 AND feature_7 <= -0.835,"{'feature_0': (0.557, 3.845), 'feature_1': (1.463, 3.852), 'feature_2': (-3.74, 0.652), 'feature_7': (-3.746, -0.835)}",4,2.959,6,[Pretrained] CF,"[468, 710, 734, 740, 741]",3.114,3.119,OptRes,[Pretrained] CF OptRes,0.008,0,0.008,752,26,0.06756756756756757,5,0.1549999999999998,0.0050000000000003375,0.4
748,feature_0 > 0.26 AND feature_1 > 1.06 AND feature_1 > 1.463 AND feature_0 > 0.557 AND feature_2 <= 0.652 AND feature_7 > -0.835 AND feature_0 > 0.767 AND feature_9 <= 0.059,"{'feature_0': (0.767, 3.845), 'feature_1': (1.463, 3.852), 'feature_2': (-3.74, 0.652), 'feature_7': (-0.835, 3.492), 'feature_9': (-3.581, 0.059)}",5,2.879,8,[Pretrained] CF,"[468, 710, 734, 740, 741, 745, 747]",3.155,3.23,OptRes,[Pretrained] CF OptRes,0.008,0,0.008,752,25,0.06418918918918919,5,0.2759999999999998,0.07500000000000018,0.4
741,feature_0 > 0.26 AND feature_1 > 1.06 AND feature_1 > 1.463 AND feature_0 > 0.557 AND feature_2 <= 0.652,"{'feature_0': (0.557, 3.845), 'feature_1': (1.463, 3.852), 'feature_2': (-3.74, 0.652)}",3,2.846,5,[Pretrained] CF,"[468, 710, 734, 740]",3.064,3.082,OptRes,[Pretrained] CF OptRes,0.008,0,0.008,752,91,0.19087837837837837,5,0.21799999999999997,0.017999999999999794,0.4
749,feature_0 > 0.26 AND feature_1 > 1.06 AND feature_1 > 1.463 AND feature_0 > 0.557 AND feature_2 <= 0.652 AND feature_7 > -0.835 AND feature_0 > 0.767 AND feature_9 > 0.059,"{'feature_0': (0.767, 3.845), 'feature_1': (1.463, 3.852), 'feature_2': (-3.74, 0.652), 'feature_7': (-0.835, 3.492), 'feature_9': (0.059, 3.767)}",5,2.803,8,[Pretrained] CF,"[468, 710, 734, 740, 741, 745, 747]",3.309,3.292,OptRes,[Pretrained] CF OptRes,0.008,0,0.008,752,21,0.05912162162162162,5,0.5060000000000002,0.017000000000000348,0.4
752,feature_0 > 0.26 AND feature_1 > 1.06 AND feature_1 > 1.463 AND feature_0 > 0.557 AND feature_2 > 0.652 AND feature_1 > 1.686,"{'feature_0': (0.557, 3.845), 'feature_1': (1.686, 3.852), 'feature_2': (0.652, 4.02)}",3,2.72,6,[Pretrained] CF,"[468, 710, 734, 740, 750]",3.443,3.337,OptRes,[Pretrained] CF OptRes,0.008,0,0.008,752,21,0.0,5,0.7229999999999999,0.10599999999999987,0.4
752,feature_0 > 0.26 AND feature_1 > 1.06 AND feature_1 > 1.463 AND feature_0 > 0.557 AND feature_2 > 0.652 AND feature_1 > 1.686,"{'feature_0': (0.557, 3.845), 'feature_1': (1.686, 3.852), 'feature_2': (0.652, 4.02)}",3,2.72,6,[Pretrained] CF,"[468, 710, 734, 740, 750]",3.443,3.337,ResOve,[Pretrained] CF ResOve,0.113,0,0.113,752,21,0.0,5,0.7229999999999999,0.10599999999999987,0.4
748,feature_0 > 0.26 AND feature_1 > 1.06 AND feature_1 > 1.463 AND feature_0 > 0.557 AND feature_2 <= 0.652 AND feature_7 > -0.835 AND feature_0 > 0.767 AND feature_9 <= 0.059,"{'feature_0': (0.767, 3.845), 'feature_1': (1.463, 3.852), 'feature_2': (-3.74, 0.652), 'feature_7': (-0.835, 3.492), 'feature_9': (-3.581, 0.059)}",5,2.879,8,[Pretrained] CF,"[468, 710, 734, 740, 741, 745, 747]",3.155,3.23,ResOve,[Pretrained] CF ResOve,0.113,0,0.113,752,25,0.19432617549055903,5,0.2759999999999998,0.07500000000000018,0.4
741,feature_0 > 0.26 AND feature_1 > 1.06 AND feature_1 > 1.463 AND feature_0 > 0.557 AND feature_2 <= 0.652,"{'feature_0': (0.557, 3.845), 'feature_1': (1.463, 3.852), 'feature_2': (-3.74, 0.652)}",3,2.846,5,[Pretrained] CF,"[468, 710, 734, 740]",3.064,3.082,ResOve,[Pretrained] CF ResOve,0.113,0,0.113,752,91,0.1875,5,0.21799999999999997,0.017999999999999794,0.4
722,feature_0 > 0.26 AND feature_1 > 1.06 AND feature_1 <= 1.463 AND feature_0 > 0.763 AND feature_2 <= 0.453,"{'feature_0': (0.763, 3.845), 'feature_1': (1.06, 1.463), 'feature_2': (-3.74, 0.453)}",3,2.584,5,[Pretrained] CF,"[468, 710, 711, 721]",2.782,2.81,ResOve,[Pretrained] CF ResOve,0.113,0,0.113,752,74,0.0,5,0.19799999999999995,0.028000000000000025,0.4
747,feature_0 > 0.26 AND feature_1 > 1.06 AND feature_1 > 1.463 AND feature_0 > 0.557 AND feature_2 <= 0.652 AND feature_7 > -0.835 AND feature_0 > 0.767,"{'feature_0': (0.767, 3.845), 'feature_1': (1.463, 3.852), 'feature_2': (-3.74, 0.652), 'feature_7': (-0.835, 3.492)}",4,2.842,7,[Pretrained] CF,"[468, 710, 734, 740, 741, 745]",3.229,3.258,ResOve,[Pretrained] CF ResOve,0.113,0,0.113,752,46,0.2534477971121807,5,0.387,0.028999999999999915,0.4
742,feature_0 > 0.26 AND feature_1 > 1.06 AND feature_1 > 1.463 AND feature_0 > 0.557 AND feature_2 <= 0.652 AND feature_7 <= -0.835,"{'feature_0': (0.557, 3.845), 'feature_1': (1.463, 3.852), 'feature_2': (-3.74, 0.652), 'feature_7': (-3.746, -0.835)}",4,2.959,6,[Pretrained] CF,"[468, 710, 734, 740, 741]",3.114,3.119,NoOve,[Pretrained] CF NoOve,0.014,0,0.014,752,26,0.0,5,0.1549999999999998,0.0050000000000003375,0.4
745,feature_0 > 0.26 AND feature_1 > 1.06 AND feature_1 > 1.463 AND feature_0 > 0.557 AND feature_2 <= 0.652 AND feature_7 > -0.835,"{'feature_0': (0.557, 3.845), 'feature_1': (1.463, 3.852), 'feature_2': (-3.74, 0.652), 'feature_7': (-0.835, 3.492)}",4,2.804,6,[Pretrained] CF,"[468, 710, 734, 740, 741]",3.046,3.068,NoOve,[Pretrained] CF NoOve,0.014,0,0.014,752,65,0.0,5,0.242,0.02200000000000024,0.4
752,feature_0 > 0.26 AND feature_1 > 1.06 AND feature_1 > 1.463 AND feature_0 > 0.557 AND feature_2 > 0.652 AND feature_1 > 1.686,"{'feature_0': (0.557, 3.845), 'feature_1': (1.686, 3.852), 'feature_2': (0.652, 4.02)}",3,2.72,6,[Pretrained] CF,"[468, 710, 734, 740, 750]",3.443,3.337,NoOve,[Pretrained] CF NoOve,0.014,0,0.014,752,21,0.0,5,0.7229999999999999,0.10599999999999987,0.4
723,feature_0 > 0.26 AND feature_1 > 1.06 AND feature_1 <= 1.463 AND feature_0 > 0.763 AND feature_2 <= 0.453 AND feature_7 <= -0.169,"{'feature_0': (0.763, 3.845), 'feature_1': (1.06, 1.463), 'feature_2': (-3.74, 0.453), 'feature_7': (-3.746, -0.169)}",4,2.674,6,[Pretrained] CF,"[468, 710, 711, 721, 722]",2.878,2.919,NoOve,[Pretrained] CF NoOve,0.014,0,0.014,752,40,0.0,5,0.20400000000000018,0.040999999999999925,0.4
739,feature_0 > 0.26 AND feature_1 > 1.06 AND feature_1 > 1.463 AND feature_0 <= 0.557 AND feature_0 > 0.352 AND feature_1 > 1.661,"{'feature_0': (0.352, 0.557), 'feature_1': (1.661, 3.852)}",2,2.668,6,[Pretrained] CF,"[468, 710, 734, 735, 737]",2.549,2.532,NoOve,[Pretrained] CF NoOve,0.014,0,0.014,752,21,0.0,5,0.11900000000000022,0.016999999999999904,0.4
742,feature_0 > 0.26 AND feature_1 > 1.06 AND feature_1 > 1.463 AND feature_0 > 0.557 AND feature_2 <= 0.652 AND feature_7 <= -0.835,"{'feature_0': (0.557, 3.845), 'feature_1': (1.463, 3.852), 'feature_2': (-3.74, 0.652), 'feature_7': (-3.746, -0.835)}",4,2.959,6,[Pretrained] CF,"[468, 710, 734, 740, 741]",3.114,3.096,OptRes,[Pretrained] CF OptRes,0.008,0,0.008,752,29,0.06756756756756757,5,0.1549999999999998,0.017999999999999794,0.5
748,feature_0 > 0.26 AND feature_1 > 1.06 AND feature_1 > 1.463 AND feature_0 > 0.557 AND feature_2 <= 0.652 AND feature_7 > -0.835 AND feature_0 > 0.767 AND feature_9 <= 0.059,"{'feature_0': (0.767, 3.845), 'feature_1': (1.463, 3.852), 'feature_2': (-3.74, 0.652), 'feature_7': (-0.835, 3.492), 'feature_9': (-3.581, 0.059)}",5,2.879,8,[Pretrained] CF,"[468, 710, 734, 740, 741, 745, 747]",3.155,3.073,OptRes,[Pretrained] CF OptRes,0.008,0,0.008,752,26,0.06418918918918919,5,0.2759999999999998,0.08199999999999985,0.5
741,feature_0 > 0.26 AND feature_1 > 1.06 AND feature_1 > 1.463 AND feature_0 > 0.557 AND feature_2 <= 0.652,"{'feature_0': (0.557, 3.845), 'feature_1': (1.463, 3.852), 'feature_2': (-3.74, 0.652)}",3,2.846,5,[Pretrained] CF,"[468, 710, 734, 740]",3.064,3.02,OptRes,[Pretrained] CF OptRes,0.008,0,0.008,752,102,0.25,5,0.21799999999999997,0.04400000000000004,0.5
749,feature_0 > 0.26 AND feature_1 > 1.06 AND feature_1 > 1.463 AND feature_0 > 0.557 AND feature_2 <= 0.652 AND feature_7 > -0.835 AND feature_0 > 0.767 AND feature_9 > 0.059,"{'feature_0': (0.767, 3.845), 'feature_1': (1.463, 3.852), 'feature_2': (-3.74, 0.652), 'feature_7': (-0.835, 3.492), 'feature_9': (0.059, 3.767)}",5,2.803,8,[Pretrained] CF,"[468, 710, 734, 740, 741, 745, 747]",3.309,3.34,OptRes,[Pretrained] CF OptRes,0.008,0,0.008,752,21,0.05912162162162162,5,0.5060000000000002,0.030999999999999694,0.5
746,feature_0 > 0.26 AND feature_1 > 1.06 AND feature_1 > 1.463 AND feature_0 > 0.557 AND feature_2 <= 0.652 AND feature_7 > -0.835 AND feature_0 <= 0.767,"{'feature_0': (0.557, 0.767), 'feature_1': (1.463, 3.852), 'feature_2': (-3.74, 0.652), 'feature_7': (-0.835, 3.492)}",4,2.722,7,[Pretrained] CF,"[468, 710, 734, 740, 741, 745]",2.664,2.624,OptRes,[Pretrained] CF OptRes,0.008,0,0.008,752,26,0.05912162162162162,5,0.05799999999999983,0.040000000000000036,0.5
752,feature_0 > 0.26 AND feature_1 > 1.06 AND feature_1 > 1.463 AND feature_0 > 0.557 AND feature_2 > 0.652 AND feature_1 > 1.686,"{'feature_0': (0.557, 3.845), 'feature_1': (1.686, 3.852), 'feature_2': (0.652, 4.02)}",3,2.72,6,[Pretrained] CF,"[468, 710, 734, 740, 750]",3.443,3.519,ResOve,[Pretrained] CF ResOve,0.112,0,0.112,752,24,0.0,5,0.7229999999999999,0.07600000000000007,0.5
749,feature_0 > 0.26 AND feature_1 > 1.06 AND feature_1 > 1.463 AND feature_0 > 0.557 AND feature_2 <= 0.652 AND feature_7 > -0.835 AND feature_0 > 0.767 AND feature_9 > 0.059,"{'feature_0': (0.767, 3.845), 'feature_1': (1.463, 3.852), 'feature_2': (-3.74, 0.652), 'feature_7': (-0.835, 3.492), 'feature_9': (0.059, 3.767)}",5,2.803,8,[Pretrained] CF,"[468, 710, 734, 740, 741, 745, 747]",3.309,3.34,ResOve,[Pretrained] CF ResOve,0.112,0,0.112,752,21,0.0,5,0.5060000000000002,0.030999999999999694,0.5
748,feature_0 > 0.26 AND feature_1 > 1.06 AND feature_1 > 1.463 AND feature_0 > 0.557 AND feature_2 <= 0.652 AND feature_7 > -0.835 AND feature_0 > 0.767 AND feature_9 <= 0.059,"{'feature_0': (0.767, 3.845), 'feature_1': (1.463, 3.852), 'feature_2': (-3.74, 0.652), 'feature_7': (-0.835, 3.492), 'feature_9': (-3.581, 0.059)}",5,2.879,8,[Pretrained] CF,"[468, 710, 734, 740, 741, 745, 747]",3.155,3.073,ResOve,[Pretrained] CF ResOve,0.112,0,0.112,752,26,0.0,5,0.2759999999999998,0.08199999999999985,0.5
742,feature_0 > 0.26 AND feature_1 > 1.06 AND feature_1 > 1.463 AND feature_0 > 0.557 AND feature_2 <= 0.652 AND feature_7 <= -0.835,"{'feature_0': (0.557, 3.845), 'feature_1': (1.463, 3.852), 'feature_2': (-3.74, 0.652), 'feature_7': (-3.746, -0.835)}",4,2.959,6,[Pretrained] CF,"[468, 710, 734, 740, 741]",3.114,3.096,ResOve,[Pretrained] CF ResOve,0.112,0,0.112,752,29,0.0,5,0.1549999999999998,0.017999999999999794,0.5
723,feature_0 > 0.26 AND feature_1 > 1.06 AND feature_1 <= 1.463 AND feature_0 > 0.763 AND feature_2 <= 0.453 AND feature_7 <= -0.169,"{'feature_0': (0.763, 3.845), 'feature_1': (1.06, 1.463), 'feature_2': (-3.74, 0.453), 'feature_7': (-3.746, -0.169)}",4,2.674,6,[Pretrained] CF,"[468, 710, 711, 721, 722]",2.878,2.881,ResOve,[Pretrained] CF ResOve,0.112,0,0.112,752,44,0.0,5,0.20400000000000018,0.0029999999999996696,0.5
742,feature_0 > 0.26 AND feature_1 > 1.06 AND feature_1 > 1.463 AND feature_0 > 0.557 AND feature_2 <= 0.652 AND feature_7 <= -0.835,"{'feature_0': (0.557, 3.845), 'feature_1': (1.463, 3.852), 'feature_2': (-3.74, 0.652), 'feature_7': (-3.746, -0.835)}",4,2.959,6,[Pretrained] CF,"[468, 710, 734, 740, 741]",3.114,3.096,NoOve,[Pretrained] CF NoOve,0.014,0,0.014,752,29,0.0,5,0.1549999999999998,0.017999999999999794,0.5
745,feature_0 > 0.26 AND feature_1 > 1.06 AND feature_1 > 1.463 AND feature_0 > 0.557 AND feature_2 <= 0.652 AND feature_7 > -0.835,"{'feature_0': (0.557, 3.845), 'feature_1': (1.463, 3.852), 'feature_2': (-3.74, 0.652), 'feature_7': (-0.835, 3.492)}",4,2.804,6,[Pretrained] CF,"[468, 710, 734, 740, 741]",3.046,2.99,NoOve,[Pretrained] CF NoOve,0.014,0,0.014,752,73,0.0,5,0.242,0.055999999999999606,0.5
752,feature_0 > 0.26 AND feature_1 > 1.06 AND feature_1 > 1.463 AND feature_0 > 0.557 AND feature_2 > 0.652 AND feature_1 > 1.686,"{'feature_0': (0.557, 3.845), 'feature_1': (1.686, 3.852), 'feature_2': (0.652, 4.02)}",3,2.72,6,[Pretrained] CF,"[468, 710, 734, 740, 750]",3.443,3.519,NoOve,[Pretrained] CF NoOve,0.014,0,0.014,752,24,0.0,5,0.7229999999999999,0.07600000000000007,0.5
723,feature_0 > 0.26 AND feature_1 > 1.06 AND feature_1 <= 1.463 AND feature_0 > 0.763 AND feature_2 <= 0.453 AND feature_7 <= -0.169,"{'feature_0': (0.763, 3.845), 'feature_1': (1.06, 1.463), 'feature_2': (-3.74, 0.453), 'feature_7': (-3.746, -0.169)}",4,2.674,6,[Pretrained] CF,"[468, 710, 711, 721, 722]",2.878,2.881,NoOve,[Pretrained] CF NoOve,0.014,0,0.014,752,44,0.0,5,0.20400000000000018,0.0029999999999996696,0.5
726,feature_0 > 0.26 AND feature_1 > 1.06 AND feature_1 <= 1.463 AND feature_0 > 0.763 AND feature_2 <= 0.453 AND feature_7 > -0.169,"{'feature_0': (0.763, 3.845), 'feature_1': (1.06, 1.463), 'feature_2': (-3.74, 0.453), 'feature_7': (-0.169, 3.492)}",4,2.484,6,[Pretrained] CF,"[468, 710, 711, 721, 722]",2.676,2.681,NoOve,[Pretrained] CF NoOve,0.014,0,0.014,752,39,0.0,5,0.19200000000000017,0.004999999999999893,0.5
742,feature_0 > 0.26 AND feature_1 > 1.06 AND feature_1 > 1.463 AND feature_0 > 0.557 AND feature_2 <= 0.652 AND feature_7 <= -0.835,"{'feature_0': (0.557, 3.845), 'feature_1': (1.463, 3.852), 'feature_2': (-3.74, 0.652), 'feature_7': (-3.746, -0.835)}",4,2.959,6,[Pretrained] CF,"[468, 710, 734, 740, 741]",3.114,3.13,OptRes,[Pretrained] CF OptRes,0.008,0,0.008,752,38,0.06756756756756757,5,0.1549999999999998,0.016000000000000014,0.1
748,feature_0 > 0.26 AND feature_1 > 1.06 AND feature_1 > 1.463 AND feature_0 > 0.557 AND feature_2 <= 0.652 AND feature_7 > -0.835 AND feature_0 > 0.767 AND feature_9 <= 0.059,"{'feature_0': (0.767, 3.845), 'feature_1': (1.463, 3.852), 'feature_2': (-3.74, 0.652), 'feature_7': (-0.835, 3.492), 'feature_9': (-3.581, 0.059)}",5,2.879,8,[Pretrained] CF,"[468, 710, 734, 740, 741, 745, 747]",3.155,3.157,OptRes,[Pretrained] CF OptRes,0.008,0,0.008,752,34,0.06418918918918919,5,0.2759999999999998,0.002000000000000224,0.1
741,feature_0 > 0.26 AND feature_1 > 1.06 AND feature_1 > 1.463 AND feature_0 > 0.557 AND feature_2 <= 0.652,"{'feature_0': (0.557, 3.845), 'feature_1': (1.463, 3.852), 'feature_2': (-3.74, 0.652)}",3,2.846,5,[Pretrained] CF,"[468, 710, 734, 740]",3.064,3.085,OptRes,[Pretrained] CF OptRes,0.008,0,0.008,752,126,0.25,5,0.21799999999999997,0.020999999999999908,0.1
749,feature_0 > 0.26 AND feature_1 > 1.06 AND feature_1 > 1.463 AND feature_0 > 0.557 AND feature_2 <= 0.652 AND feature_7 > -0.835 AND feature_0 > 0.767 AND feature_9 > 0.059,"{'feature_0': (0.767, 3.845), 'feature_1': (1.463, 3.852), 'feature_2': (-3.74, 0.652), 'feature_7': (-0.835, 3.492), 'feature_9': (0.059, 3.767)}",5,2.803,8,[Pretrained] CF,"[468, 710, 734, 740, 741, 745, 747]",3.309,3.317,OptRes,[Pretrained] CF OptRes,0.008,0,0.008,752,29,0.05912162162162162,5,0.5060000000000002,0.008000000000000007,0.1
746,feature_0 > 0.26 AND feature_1 > 1.06 AND feature_1 > 1.463 AND feature_0 > 0.557 AND feature_2 <= 0.652 AND feature_7 > -0.835 AND feature_0 <= 0.767,"{'feature_0': (0.557, 0.767), 'feature_1': (1.463, 3.852), 'feature_2': (-3.74, 0.652), 'feature_7': (-0.835, 3.492)}",4,2.722,7,[Pretrained] CF,"[468, 710, 734, 740, 741, 745]",2.664,2.651,OptRes,[Pretrained] CF OptRes,0.008,0,0.008,752,25,0.05912162162162162,5,0.05799999999999983,0.013000000000000345,0.1
752,feature_0 > 0.26 AND feature_1 > 1.06 AND feature_1 > 1.463 AND feature_0 > 0.557 AND feature_2 > 0.652 AND feature_1 > 1.686,"{'feature_0': (0.557, 3.845), 'feature_1': (1.686, 3.852), 'feature_2': (0.652, 4.02)}",3,2.72,6,[Pretrained] CF,"[468, 710, 734, 740, 750]",3.443,3.406,ResOve,[Pretrained] CF ResOve,0.106,0,0.106,752,29,0.0,5,0.7229999999999999,0.03699999999999992,0.1
748,feature_0 > 0.26 AND feature_1 > 1.06 AND feature_1 > 1.463 AND feature_0 > 0.557 AND feature_2 <= 0.652 AND feature_7 > -0.835 AND feature_0 > 0.767 AND feature_9 <= 0.059,"{'feature_0': (0.767, 3.845), 'feature_1': (1.463, 3.852), 'feature_2': (-3.74, 0.652), 'feature_7': (-0.835, 3.492), 'feature_9': (-3.581, 0.059)}",5,2.879,8,[Pretrained] CF,"[468, 710, 734, 740, 741, 745, 747]",3.155,3.157,ResOve,[Pretrained] CF ResOve,0.106,0,0.106,752,34,0.0,5,0.2759999999999998,0.002000000000000224,0.1
746,feature_0 > 0.26 AND feature_1 > 1.06 AND feature_1 > 1.463 AND feature_0 > 0.557 AND feature_2 <= 0.652 AND feature_7 > -0.835 AND feature_0 <= 0.767,"{'feature_0': (0.557, 0.767), 'feature_1': (1.463, 3.852), 'feature_2': (-3.74, 0.652), 'feature_7': (-0.835, 3.492)}",4,2.722,7,[Pretrained] CF,"[468, 710, 734, 740, 741, 745]",2.664,2.651,ResOve,[Pretrained] CF ResOve,0.106,0,0.106,752,25,0.0,5,0.05799999999999983,0.013000000000000345,0.1
742,feature_0 > 0.26 AND feature_1 > 1.06 AND feature_1 > 1.463 AND feature_0 > 0.557 AND feature_2 <= 0.652 AND feature_7 <= -0.835,"{'feature_0': (0.557, 3.845), 'feature_1': (1.463, 3.852), 'feature_2': (-3.74, 0.652), 'feature_7': (-3.746, -0.835)}",4,2.959,6,[Pretrained] CF,"[468, 710, 734, 740, 741]",3.114,3.13,ResOve,[Pretrained] CF ResOve,0.106,0,0.106,752,38,0.0,5,0.1549999999999998,0.016000000000000014,0.1
723,feature_0 > 0.26 AND feature_1 > 1.06 AND feature_1 <= 1.463 AND feature_0 > 0.763 AND feature_2 <= 0.453 AND feature_7 <= -0.169,"{'feature_0': (0.763, 3.845), 'feature_1': (1.06, 1.463), 'feature_2': (-3.74, 0.453), 'feature_7': (-3.746, -0.169)}",4,2.674,6,[Pretrained] CF,"[468, 710, 711, 721, 722]",2.878,2.897,ResOve,[Pretrained] CF ResOve,0.106,0,0.106,752,54,0.0,5,0.20400000000000018,0.018999999999999684,0.1
742,feature_0 > 0.26 AND feature_1 > 1.06 AND feature_1 > 1.463 AND feature_0 > 0.557 AND feature_2 <= 0.652 AND feature_7 <= -0.835,"{'feature_0': (0.557, 3.845), 'feature_1': (1.463, 3.852), 'feature_2': (-3.74, 0.652), 'feature_7': (-3.746, -0.835)}",4,2.959,6,[Pretrained] CF,"[468, 710, 734, 740, 741]",3.114,3.13,NoOve,[Pretrained] CF NoOve,0.01,0,0.01,752,38,0.0,5,0.1549999999999998,0.016000000000000014,0.1
745,feature_0 > 0.26 AND feature_1 > 1.06 AND feature_1 > 1.463 AND feature_0 > 0.557 AND feature_2 <= 0.652 AND feature_7 > -0.835,"{'feature_0': (0.557, 3.845), 'feature_1': (1.463, 3.852), 'feature_2': (-3.74, 0.652), 'feature_7': (-0.835, 3.492)}",4,2.804,6,[Pretrained] CF,"[468, 710, 734, 740, 741]",3.046,3.066,NoOve,[Pretrained] CF NoOve,0.01,0,0.01,752,88,0.0,5,0.242,0.020000000000000018,0.1
752,feature_0 > 0.26 AND feature_1 > 1.06 AND feature_1 > 1.463 AND feature_0 > 0.557 AND feature_2 > 0.652 AND feature_1 > 1.686,"{'feature_0': (0.557, 3.845), 'feature_1': (1.686, 3.852), 'feature_2': (0.652, 4.02)}",3,2.72,6,[Pretrained] CF,"[468, 710, 734, 740, 750]",3.443,3.406,NoOve,[Pretrained] CF NoOve,0.01,0,0.01,752,29,0.0,5,0.7229999999999999,0.03699999999999992,0.1
723,feature_0 > 0.26 AND feature_1 > 1.06 AND feature_1 <= 1.463 AND feature_0 > 0.763 AND feature_2 <= 0.453 AND feature_7 <= -0.169,"{'feature_0': (0.763, 3.845), 'feature_1': (1.06, 1.463), 'feature_2': (-3.74, 0.453), 'feature_7': (-3.746, -0.169)}",4,2.674,6,[Pretrained] CF,"[468, 710, 711, 721, 722]",2.878,2.897,NoOve,[Pretrained] CF NoOve,0.01,0,0.01,752,54,0.0,5,0.20400000000000018,0.018999999999999684,0.1
739,feature_0 > 0.26 AND feature_1 > 1.06 AND feature_1 > 1.463 AND feature_0 <= 0.557 AND feature_0 > 0.352 AND feature_1 > 1.661,"{'feature_0': (0.352, 0.557), 'feature_1': (1.661, 3.852)}",2,2.668,6,[Pretrained] CF,"[468, 710, 734, 735, 737]",2.549,2.55,NoOve,[Pretrained] CF NoOve,0.01,0,0.01,752,27,0.0,5,0.11900000000000022,0.0009999999999998899,0.1
741,feature_0 > 0.26 AND feature_1 > 1.06 AND feature_1 > 1.463 AND feature_0 > 0.557 AND feature_2 <= 0.652,"{'feature_0': (0.557, 3.845), 'feature_1': (1.463, 3.852), 'feature_2': (-3.74, 0.652)}",3,2.846,5,[Pretrained] CF,"[468, 710, 734, 740]",3.064,3.005,OptRes,[Pretrained] CF OptRes,0.005,0,0.005,752,71,0.12331081081081081,5,0.21799999999999997,0.05900000000000016,0.2
747,feature_0 > 0.26 AND feature_1 > 1.06 AND feature_1 > 1.463 AND feature_0 > 0.557 AND feature_2 <= 0.652 AND feature_7 > -0.835 AND feature_0 > 0.767,"{'feature_0': (0.767, 3.845), 'feature_1': (1.463, 3.852), 'feature_2': (-3.74, 0.652), 'feature_7': (-0.835, 3.492)}",4,2.842,7,[Pretrained] CF,"[468, 710, 734, 740, 741, 745]",3.229,3.229,OptRes,[Pretrained] CF OptRes,0.005,0,0.005,752,32,0.12331081081081081,5,0.387,0.0,0.2
750,feature_0 > 0.26 AND feature_1 > 1.06 AND feature_1 > 1.463 AND feature_0 > 0.557 AND feature_2 > 0.652,"{'feature_0': (0.557, 3.845), 'feature_1': (1.463, 3.852), 'feature_2': (0.652, 4.02)}",3,2.69,5,[Pretrained] CF,"[468, 710, 734, 740]",3.26,3.249,OptRes,[Pretrained] CF OptRes,0.005,0,0.005,752,23,0.0,5,0.5699999999999998,0.010999999999999677,0.2
723,feature_0 > 0.26 AND feature_1 > 1.06 AND feature_1 <= 1.463 AND feature_0 > 0.763 AND feature_2 <= 0.453 AND feature_7 <= -0.169,"{'feature_0': (0.763, 3.845), 'feature_1': (1.06, 1.463), 'feature_2': (-3.74, 0.453), 'feature_7': (-3.746, -0.169)}",4,2.674,6,[Pretrained] CF,"[468, 710, 711, 721, 722]",2.878,2.884,OptRes,[Pretrained] CF OptRes,0.005,0,0.005,752,27,0.0,5,0.20400000000000018,0.005999999999999783,0.2
737,feature_0 > 0.26 AND feature_1 > 1.06 AND feature_1 > 1.463 AND feature_0 <= 0.557 AND feature_0 > 0.352,"{'feature_0': (0.352, 0.557), 'feature_1': (1.463, 3.852)}",2,2.602,5,[Pretrained] CF,"[468, 710, 734, 735]",2.4,2.442,OptRes,[Pretrained] CF OptRes,0.005,0,0.005,752,22,0.0,5,0.20199999999999996,0.04200000000000026,0.2
750,feature_0 > 0.26 AND feature_1 > 1.06 AND feature_1 > 1.463 AND feature_0 > 0.557 AND feature_2 > 0.652,"{'feature_0': (0.557, 3.845), 'feature_1': (1.463, 3.852), 'feature_2': (0.652, 4.02)}",3,2.69,5,[Pretrained] CF,"[468, 710, 734, 740]",3.26,3.249,ResOve,[Pretrained] CF ResOve,0.118,0,0.118,752,23,0.0,5,0.5699999999999998,0.010999999999999677,0.2
747,feature_0 > 0.26 AND feature_1 > 1.06 AND feature_1 > 1.463 AND feature_0 > 0.557 AND feature_2 <= 0.652 AND feature_7 > -0.835 AND feature_0 > 0.767,"{'feature_0': (0.767, 3.845), 'feature_1': (1.463, 3.852), 'feature_2': (-3.74, 0.652), 'feature_7': (-0.835, 3.492)}",4,2.842,7,[Pretrained] CF,"[468, 710, 734, 740, 741, 745]",3.229,3.229,ResOve,[Pretrained] CF ResOve,0.118,0,0.118,752,32,0.12331081081081081,5,0.387,0.0,0.2
741,feature_0 > 0.26 AND feature_1 > 1.06 AND feature_1 > 1.463 AND feature_0 > 0.557 AND feature_2 <= 0.652,"{'feature_0': (0.557, 3.845), 'feature_1': (1.463, 3.852), 'feature_2': (-3.74, 0.652)}",3,2.846,5,[Pretrained] CF,"[468, 710, 734, 740]",3.064,3.005,ResOve,[Pretrained] CF ResOve,0.118,0,0.118,752,71,0.12331081081081081,5,0.21799999999999997,0.05900000000000016,0.2
723,feature_0 > 0.26 AND feature_1 > 1.06 AND feature_1 <= 1.463 AND feature_0 > 0.763 AND feature_2 <= 0.453 AND feature_7 <= -0.169,"{'feature_0': (0.763, 3.845), 'feature_1': (1.06, 1.463), 'feature_2': (-3.74, 0.453), 'feature_7': (-3.746, -0.169)}",4,2.674,6,[Pretrained] CF,"[468, 710, 711, 721, 722]",2.878,2.884,ResOve,[Pretrained] CF ResOve,0.118,0,0.118,752,27,0.0,5,0.20400000000000018,0.005999999999999783,0.2
737,feature_0 > 0.26 AND feature_1 > 1.06 AND feature_1 > 1.463 AND feature_0 <= 0.557 AND feature_0 > 0.352,"{'feature_0': (0.352, 0.557), 'feature_1': (1.463, 3.852)}",2,2.602,5,[Pretrained] CF,"[468, 710, 734, 735]",2.4,2.442,ResOve,[Pretrained] CF ResOve,0.118,0,0.118,752,22,0.0,5,0.20199999999999996,0.04200000000000026,0.2
741,feature_0 > 0.26 AND feature_1 > 1.06 AND feature_1 > 1.463 AND feature_0 > 0.557 AND feature_2 <= 0.652,"{'feature_0': (0.557, 3.845), 'feature_1': (1.463, 3.852), 'feature_2': (-3.74, 0.652)}",3,2.846,5,[Pretrained] CF,"[468, 710, 734, 740]",3.064,3.005,NoOve,[Pretrained] CF NoOve,0.02,0,0.02,752,71,0.0,5,0.21799999999999997,0.05900000000000016,0.2
750,feature_0 > 0.26 AND feature_1 > 1.06 AND feature_1 > 1.463 AND feature_0 > 0.557 AND feature_2 > 0.652,"{'feature_0': (0.557, 3.845), 'feature_1': (1.463, 3.852), 'feature_2': (0.652, 4.02)}",3,2.69,5,[Pretrained] CF,"[468, 710, 734, 740]",3.26,3.249,NoOve,[Pretrained] CF NoOve,0.02,0,0.02,752,23,0.0,5,0.5699999999999998,0.010999999999999677,0.2
737,feature_0 > 0.26 AND feature_1 > 1.06 AND feature_1 > 1.463 AND feature_0 <= 0.557 AND feature_0 > 0.352,"{'feature_0': (0.352, 0.557), 'feature_1': (1.463, 3.852)}",2,2.602,5,[Pretrained] CF,"[468, 710, 734, 735]",2.4,2.442,NoOve,[Pretrained] CF NoOve,0.02,0,0.02,752,22,0.0,5,0.20199999999999996,0.04200000000000026,0.2
722,feature_0 > 0.26 AND feature_1 > 1.06 AND feature_1 <= 1.463 AND feature_0 > 0.763 AND feature_2 <= 0.453,"{'feature_0': (0.763, 3.845), 'feature_1': (1.06, 1.463), 'feature_2': (-3.74, 0.453)}",3,2.584,5,[Pretrained] CF,"[468, 710, 711, 721]",2.782,2.808,NoOve,[Pretrained] CF NoOve,0.02,0,0.02,752,53,0.0,5,0.19799999999999995,0.0259999999999998,0.2
729,feature_0 > 0.26 AND feature_1 > 1.06 AND feature_1 <= 1.463 AND feature_0 > 0.763 AND feature_2 > 0.453,"{'feature_0': (0.763, 3.845), 'feature_1': (1.06, 1.463), 'feature_2': (0.453, 4.02)}",3,2.374,5,[Pretrained] CF,"[468, 710, 711, 721]",2.685,2.636,NoOve,[Pretrained] CF NoOve,0.02,0,0.02,752,36,0.0,5,0.31099999999999994,0.04899999999999993,0.2
742,feature_0 > 0.26 AND feature_1 > 1.06 AND feature_1 > 1.463 AND feature_0 > 0.557 AND feature_2 <= 0.652 AND feature_7 <= -0.835,"{'feature_0': (0.557, 3.845), 'feature_1': (1.463, 3.852), 'feature_2': (-3.74, 0.652), 'feature_7': (-3.746, -0.835)}",4,2.959,6,[Pretrained] CF,"[468, 710, 734, 740, 741]",3.114,3.087,OptRes,[Pretrained] CF OptRes,0.008,0,0.008,752,29,0.06756756756756757,5,0.1549999999999998,0.02699999999999969,0.3
748,feature_0 > 0.26 AND feature_1 > 1.06 AND feature_1 > 1.463 AND feature_0 > 0.557 AND feature_2 <= 0.652 AND feature_7 > -0.835 AND feature_0 > 0.767 AND feature_9 <= 0.059,"{'feature_0': (0.767, 3.845), 'feature_1': (1.463, 3.852), 'feature_2': (-3.74, 0.652), 'feature_7': (-0.835, 3.492), 'feature_9': (-3.581, 0.059)}",5,2.879,8,[Pretrained] CF,"[468, 710, 734, 740, 741, 745, 747]",3.155,3.19,OptRes,[Pretrained] CF OptRes,0.008,0,0.008,752,28,0.06418918918918919,5,0.2759999999999998,0.03500000000000014,0.3
741,feature_0 > 0.26 AND feature_1 > 1.06 AND feature_1 > 1.463 AND feature_0 > 0.557 AND feature_2 <= 0.652,"{'feature_0': (0.557, 3.845), 'feature_1': (1.463, 3.852), 'feature_2': (-3.74, 0.652)}",3,2.846,5,[Pretrained] CF,"[468, 710, 734, 740]",3.064,3.085,OptRes,[Pretrained] CF OptRes,0.008,0,0.008,752,106,0.25,5,0.21799999999999997,0.020999999999999908,0.3
749,feature_0 > 0.26 AND feature_1 > 1.06 AND feature_1 > 1.463 AND feature_0 > 0.557 AND feature_2 <= 0.652 AND feature_7 > -0.835 AND feature_0 > 0.767 AND feature_9 > 0.059,"{'feature_0': (0.767, 3.845), 'feature_1': (1.463, 3.852), 'feature_2': (-3.74, 0.652), 'feature_7': (-0.835, 3.492), 'feature_9': (0.059, 3.767)}",5,2.803,8,[Pretrained] CF,"[468, 710, 734, 740, 741, 745, 747]",3.309,3.428,OptRes,[Pretrained] CF OptRes,0.008,0,0.008,752,24,0.05912162162162162,5,0.5060000000000002,0.11899999999999977,0.3
746,feature_0 > 0.26 AND feature_1 > 1.06 AND feature_1 > 1.463 AND feature_0 > 0.557 AND feature_2 <= 0.652 AND feature_7 > -0.835 AND feature_0 <= 0.767,"{'feature_0': (0.557, 0.767), 'feature_1': (1.463, 3.852), 'feature_2': (-3.74, 0.652), 'feature_7': (-0.835, 3.492)}",4,2.722,7,[Pretrained] CF,"[468, 710, 734, 740, 741, 745]",2.664,2.637,OptRes,[Pretrained] CF OptRes,0.008,0,0.008,752,25,0.05912162162162162,5,0.05799999999999983,0.027000000000000135,0.3
752,feature_0 > 0.26 AND feature_1 > 1.06 AND feature_1 > 1.463 AND feature_0 > 0.557 AND feature_2 > 0.652 AND feature_1 > 1.686,"{'feature_0': (0.557, 3.845), 'feature_1': (1.686, 3.852), 'feature_2': (0.652, 4.02)}",3,2.72,6,[Pretrained] CF,"[468, 710, 734, 740, 750]",3.443,3.628,ResOve,[Pretrained] CF ResOve,0.109,0,0.109,752,24,0.0,5,0.7229999999999999,0.18500000000000005,0.3
749,feature_0 > 0.26 AND feature_1 > 1.06 AND feature_1 > 1.463 AND feature_0 > 0.557 AND feature_2 <= 0.652 AND feature_7 > -0.835 AND feature_0 > 0.767 AND feature_9 > 0.059,"{'feature_0': (0.767, 3.845), 'feature_1': (1.463, 3.852), 'feature_2': (-3.74, 0.652), 'feature_7': (-0.835, 3.492), 'feature_9': (0.059, 3.767)}",5,2.803,8,[Pretrained] CF,"[468, 710, 734, 740, 741, 745, 747]",3.309,3.428,ResOve,[Pretrained] CF ResOve,0.109,0,0.109,752,24,0.0,5,0.5060000000000002,0.11899999999999977,0.3
748,feature_0 > 0.26 AND feature_1 > 1.06 AND feature_1 > 1.463 AND feature_0 > 0.557 AND feature_2 <= 0.652 AND feature_7 > -0.835 AND feature_0 > 0.767 AND feature_9 <= 0.059,"{'feature_0': (0.767, 3.845), 'feature_1': (1.463, 3.852), 'feature_2': (-3.74, 0.652), 'feature_7': (-0.835, 3.492), 'feature_9': (-3.581, 0.059)}",5,2.879,8,[Pretrained] CF,"[468, 710, 734, 740, 741, 745, 747]",3.155,3.19,ResOve,[Pretrained] CF ResOve,0.109,0,0.109,752,28,0.0,5,0.2759999999999998,0.03500000000000014,0.3
742,feature_0 > 0.26 AND feature_1 > 1.06 AND feature_1 > 1.463 AND feature_0 > 0.557 AND feature_2 <= 0.652 AND feature_7 <= -0.835,"{'feature_0': (0.557, 3.845), 'feature_1': (1.463, 3.852), 'feature_2': (-3.74, 0.652), 'feature_7': (-3.746, -0.835)}",4,2.959,6,[Pretrained] CF,"[468, 710, 734, 740, 741]",3.114,3.087,ResOve,[Pretrained] CF ResOve,0.109,0,0.109,752,29,0.0,5,0.1549999999999998,0.02699999999999969,0.3
723,feature_0 > 0.26 AND feature_1 > 1.06 AND feature_1 <= 1.463 AND feature_0 > 0.763 AND feature_2 <= 0.453 AND feature_7 <= -0.169,"{'feature_0': (0.763, 3.845), 'feature_1': (1.06, 1.463), 'feature_2': (-3.74, 0.453), 'feature_7': (-3.746, -0.169)}",4,2.674,6,[Pretrained] CF,"[468, 710, 711, 721, 722]",2.878,2.89,ResOve,[Pretrained] CF ResOve,0.109,0,0.109,752,48,0.0,5,0.20400000000000018,0.01200000000000001,0.3
742,feature_0 > 0.26 AND feature_1 > 1.06 AND feature_1 > 1.463 AND feature_0 > 0.557 AND feature_2 <= 0.652 AND feature_7 <= -0.835,"{'feature_0': (0.557, 3.845), 'feature_1': (1.463, 3.852), 'feature_2': (-3.74, 0.652), 'feature_7': (-3.746, -0.835)}",4,2.959,6,[Pretrained] CF,"[468, 710, 734, 740, 741]",3.114,3.087,NoOve,[Pretrained] CF NoOve,0.011,0,0.011,752,29,0.0,5,0.1549999999999998,0.02699999999999969,0.3
745,feature_0 > 0.26 AND feature_1 > 1.06 AND feature_1 > 1.463 AND feature_0 > 0.557 AND feature_2 <= 0.652 AND feature_7 > -0.835,"{'feature_0': (0.557, 3.845), 'feature_1': (1.463, 3.852), 'feature_2': (-3.74, 0.652), 'feature_7': (-0.835, 3.492)}",4,2.804,6,[Pretrained] CF,"[468, 710, 734, 740, 741]",3.046,3.084,NoOve,[Pretrained] CF NoOve,0.011,0,0.011,752,77,0.0,5,0.242,0.038000000000000256,0.3
752,feature_0 > 0.26 AND feature_1 > 1.06 AND feature_1 > 1.463 AND feature_0 > 0.557 AND feature_2 > 0.652 AND feature_1 > 1.686,"{'feature_0': (0.557, 3.845), 'feature_1': (1.686, 3.852), 'feature_2': (0.652, 4.02)}",3,2.72,6,[Pretrained] CF,"[468, 710, 734, 740, 750]",3.443,3.628,NoOve,[Pretrained] CF NoOve,0.011,0,0.011,752,24,0.0,5,0.7229999999999999,0.18500000000000005,0.3
723,feature_0 > 0.26 AND feature_1 > 1.06 AND feature_1 <= 1.463 AND feature_0 > 0.763 AND feature_2 <= 0.453 AND feature_7 <= -0.169,"{'feature_0': (0.763, 3.845), 'feature_1': (1.06, 1.463), 'feature_2': (-3.74, 0.453), 'feature_7': (-3.746, -0.169)}",4,2.674,6,[Pretrained] CF,"[468, 710, 711, 721, 722]",2.878,2.89,NoOve,[Pretrained] CF NoOve,0.011,0,0.011,752,48,0.0,5,0.20400000000000018,0.01200000000000001,0.3
739,feature_0 > 0.26 AND feature_1 > 1.06 AND feature_1 > 1.463 AND feature_0 <= 0.557 AND feature_0 > 0.352 AND feature_1 > 1.661,"{'feature_0': (0.352, 0.557), 'feature_1': (1.661, 3.852)}",2,2.668,6,[Pretrained] CF,"[468, 710, 734, 735, 737]",2.549,2.547,NoOve,[Pretrained] CF NoOve,0.011,0,0.011,752,22,0.0,5,0.11900000000000022,0.0019999999999997797,0.3
741,feature_0 > 0.26 AND feature_1 > 1.06 AND feature_1 > 1.463 AND feature_0 > 0.557 AND feature_2 <= 0.652,"{'feature_0': (0.557, 3.845), 'feature_1': (1.463, 3.852), 'feature_2': (-3.74, 0.652)}",3,2.846,5,[Pretrained] CF,"[468, 710, 734, 740]",3.064,3.113,OptRes,[Pretrained] CF OptRes,0.006,0,0.006,752,78,0.18243243243243243,5,0.21799999999999997,0.04899999999999993,0.4
747,feature_0 > 0.26 AND feature_1 > 1.06 AND feature_1 > 1.463 AND feature_0 > 0.557 AND feature_2 <= 0.652 AND feature_7 > -0.835 AND feature_0 > 0.767,"{'feature_0': (0.767, 3.845), 'feature_1': (1.463, 3.852), 'feature_2': (-3.74, 0.652), 'feature_7': (-0.835, 3.492)}",4,2.842,7,[Pretrained] CF,"[468, 710, 734, 740, 741, 745]",3.229,3.262,OptRes,[Pretrained] CF OptRes,0.006,0,0.006,752,44,0.24317382450944094,5,0.387,0.03299999999999992,0.4
749,feature_0 > 0.26 AND feature_1 > 1.06 AND feature_1 > 1.463 AND feature_0 > 0.557 AND feature_2 <= 0.652 AND feature_7 > -0.835 AND feature_0 > 0.767 AND feature_9 > 0.059,"{'feature_0': (0.767, 3.845), 'feature_1': (1.463, 3.852), 'feature_2': (-3.74, 0.652), 'feature_7': (-0.835, 3.492), 'feature_9': (0.059, 3.767)}",5,2.803,8,[Pretrained] CF,"[468, 710, 734, 740, 741, 745, 747]",3.309,3.309,OptRes,[Pretrained] CF OptRes,0.006,0,0.006,752,35,0.17898463532025174,5,0.5060000000000002,0.0,0.4
752,feature_0 > 0.26 AND feature_1 > 1.06 AND feature_1 > 1.463 AND feature_0 > 0.557 AND feature_2 > 0.652 AND feature_1 > 1.686,"{'feature_0': (0.557, 3.845), 'feature_1': (1.686, 3.852), 'feature_2': (0.652, 4.02)}",3,2.72,6,[Pretrained] CF,"[468, 710, 734, 740, 750]",3.443,3.53,OptRes,[Pretrained] CF OptRes,0.006,0,0.006,752,23,0.0,5,0.7229999999999999,0.08699999999999974,0.4
723,feature_0 > 0.26 AND feature_1 > 1.06 AND feature_1 <= 1.463 AND feature_0 > 0.763 AND feature_2 <= 0.453 AND feature_7 <= -0.169,"{'feature_0': (0.763, 3.845), 'feature_1': (1.06, 1.463), 'feature_2': (-3.74, 0.453), 'feature_7': (-3.746, -0.169)}",4,2.674,6,[Pretrained] CF,"[468, 710, 711, 721, 722]",2.878,2.876,OptRes,[Pretrained] CF OptRes,0.006,0,0.006,752,30,0.0,5,0.20400000000000018,0.002000000000000224,0.4
752,feature_0 > 0.26 AND feature_1 > 1.06 AND feature_1 > 1.463 AND feature_0 > 0.557 AND feature_2 > 0.652 AND feature_1 > 1.686,"{'feature_0': (0.557, 3.845), 'feature_1': (1.686, 3.852), 'feature_2': (0.652, 4.02)}",3,2.72,6,[Pretrained] CF,"[468, 710, 734, 740, 750]",3.443,3.53,ResOve,[Pretrained] CF ResOve,0.116,0,0.116,752,23,0.1509433962264151,5,0.7229999999999999,0.08699999999999974,0.4
745,feature_0 > 0.26 AND feature_1 > 1.06 AND feature_1 > 1.463 AND feature_0 > 0.557 AND feature_2 <= 0.652 AND feature_7 > -0.835,"{'feature_0': (0.557, 3.845), 'feature_1': (1.463, 3.852), 'feature_2': (-3.74, 0.652), 'feature_7': (-0.835, 3.492)}",4,2.804,6,[Pretrained] CF,"[468, 710, 734, 740, 741]",3.046,3.091,ResOve,[Pretrained] CF ResOve,0.116,0,0.116,752,62,0.0,5,0.242,0.04500000000000037,0.4
737,feature_0 > 0.26 AND feature_1 > 1.06 AND feature_1 > 1.463 AND feature_0 <= 0.557 AND feature_0 > 0.352,"{'feature_0': (0.352, 0.557), 'feature_1': (1.463, 3.852)}",2,2.602,5,[Pretrained] CF,"[468, 710, 734, 735]",2.4,2.418,ResOve,[Pretrained] CF ResOve,0.116,0,0.116,752,23,0.0,5,0.20199999999999996,0.018000000000000238,0.4
723,feature_0 > 0.26 AND feature_1 > 1.06 AND feature_1 <= 1.463 AND feature_0 > 0.763 AND feature_2 <= 0.453 AND feature_7 <= -0.169,"{'feature_0': (0.763, 3.845), 'feature_1': (1.06, 1.463), 'feature_2': (-3.74, 0.453), 'feature_7': (-3.746, -0.169)}",4,2.674,6,[Pretrained] CF,"[468, 710, 711, 721, 722]",2.878,2.876,ResOve,[Pretrained] CF ResOve,0.116,0,0.116,752,30,0.0,5,0.20400000000000018,0.002000000000000224,0.4
750,feature_0 > 0.26 AND feature_1 > 1.06 AND feature_1 > 1.463 AND feature_0 > 0.557 AND feature_2 > 0.652,"{'feature_0': (0.557, 3.845), 'feature_1': (1.463, 3.852), 'feature_2': (0.652, 4.02)}",3,2.69,5,[Pretrained] CF,"[468, 710, 734, 740]",3.26,3.328,ResOve,[Pretrained] CF ResOve,0.116,0,0.116,752,36,0.1509433962264151,5,0.5699999999999998,0.06800000000000006,0.4
745,feature_0 > 0.26 AND feature_1 > 1.06 AND feature_1 > 1.463 AND feature_0 > 0.557 AND feature_2 <= 0.652 AND feature_7 > -0.835,"{'feature_0': (0.557, 3.845), 'feature_1': (1.463, 3.852), 'feature_2': (-3.74, 0.652), 'feature_7': (-0.835, 3.492)}",4,2.804,6,[Pretrained] CF,"[468, 710, 734, 740, 741]",3.046,3.091,NoOve,[Pretrained] CF NoOve,0.019,0,0.019,752,62,0.0,5,0.242,0.04500000000000037,0.4
752,feature_0 > 0.26 AND feature_1 > 1.06 AND feature_1 > 1.463 AND feature_0 > 0.557 AND feature_2 > 0.652 AND feature_1 > 1.686,"{'feature_0': (0.557, 3.845), 'feature_1': (1.686, 3.852), 'feature_2': (0.652, 4.02)}",3,2.72,6,[Pretrained] CF,"[468, 710, 734, 740, 750]",3.443,3.53,NoOve,[Pretrained] CF NoOve,0.019,0,0.019,752,23,0.0,5,0.7229999999999999,0.08699999999999974,0.4
723,feature_0 > 0.26 AND feature_1 > 1.06 AND feature_1 <= 1.463 AND feature_0 > 0.763 AND feature_2 <= 0.453 AND feature_7 <= -0.169,"{'feature_0': (0.763, 3.845), 'feature_1': (1.06, 1.463), 'feature_2': (-3.74, 0.453), 'feature_7': (-3.746, -0.169)}",4,2.674,6,[Pretrained] CF,"[468, 710, 711, 721, 722]",2.878,2.876,NoOve,[Pretrained] CF NoOve,0.019,0,0.019,752,30,0.0,5,0.20400000000000018,0.002000000000000224,0.4
726,feature_0 > 0.26 AND feature_1 > 1.06 AND feature_1 <= 1.463 AND feature_0 > 0.763 AND feature_2 <= 0.453 AND feature_7 > -0.169,"{'feature_0': (0.763, 3.845), 'feature_1': (1.06, 1.463), 'feature_2': (-3.74, 0.453), 'feature_7': (-0.169, 3.492)}",4,2.484,6,[Pretrained] CF,"[468, 710, 711, 721, 722]",2.676,2.707,NoOve,[Pretrained] CF NoOve,0.019,0,0.019,752,30,0.0,5,0.19200000000000017,0.030999999999999694,0.4
731,feature_0 > 0.26 AND feature_1 > 1.06 AND feature_1 <= 1.463 AND feature_0 > 0.763 AND feature_2 > 0.453 AND feature_1 > 1.167,"{'feature_0': (0.763, 3.845), 'feature_1': (1.167, 1.463), 'feature_2': (0.453, 4.02)}",3,2.423,6,[Pretrained] CF,"[468, 710, 711, 721, 729]",2.739,2.765,NoOve,[Pretrained] CF NoOve,0.019,0,0.019,752,24,0.0,5,0.31599999999999984,0.026000000000000245,0.4
742,feature_0 > 0.26 AND feature_1 > 1.06 AND feature_1 > 1.463 AND feature_0 > 0.557 AND feature_2 <= 0.652 AND feature_7 <= -0.835,"{'feature_0': (0.557, 3.845), 'feature_1': (1.463, 3.852), 'feature_2': (-3.74, 0.652), 'feature_7': (-3.746, -0.835)}",4,2.959,6,[Pretrained] CF,"[468, 710, 734, 740, 741]",3.114,3.114,OptRes,[Pretrained] CF OptRes,0.019,0,0.019,752,40,0.06756756756756757,5,0.1549999999999998,0.0,0.5
748,feature_0 > 0.26 AND feature_1 > 1.06 AND feature_1 > 1.463 AND feature_0 > 0.557 AND feature_2 <= 0.652 AND feature_7 > -0.835 AND feature_0 > 0.767 AND feature_9 <= 0.059,"{'feature_0': (0.767, 3.845), 'feature_1': (1.463, 3.852), 'feature_2': (-3.74, 0.652), 'feature_7': (-0.835, 3.492), 'feature_9': (-3.581, 0.059)}",5,2.879,8,[Pretrained] CF,"[468, 710, 734, 740, 741, 745, 747]",3.155,3.155,OptRes,[Pretrained] CF OptRes,0.019,0,0.019,752,38,0.06418918918918919,5,0.2759999999999998,0.0,0.5
741,feature_0 > 0.26 AND feature_1 > 1.06 AND feature_1 > 1.463 AND feature_0 > 0.557 AND feature_2 <= 0.652,"{'feature_0': (0.557, 3.845), 'feature_1': (1.463, 3.852), 'feature_2': (-3.74, 0.652)}",3,2.846,5,[Pretrained] CF,"[468, 710, 734, 740]",3.064,3.064,OptRes,[Pretrained] CF OptRes,0.019,0,0.019,752,148,0.25,5,0.21799999999999997,0.0,0.5
749,feature_0 > 0.26 AND feature_1 > 1.06 AND feature_1 > 1.463 AND feature_0 > 0.557 AND feature_2 <= 0.652 AND feature_7 > -0.835 AND feature_0 > 0.767 AND feature_9 > 0.059,"{'feature_0': (0.767, 3.845), 'feature_1': (1.463, 3.852), 'feature_2': (-3.74, 0.652), 'feature_7': (-0.835, 3.492), 'feature_9': (0.059, 3.767)}",5,2.803,8,[Pretrained] CF,"[468, 710, 734, 740, 741, 745, 747]",3.309,3.309,OptRes,[Pretrained] CF OptRes,0.019,0,0.019,752,35,0.05912162162162162,5,0.5060000000000002,0.0,0.5
746,feature_0 > 0.26 AND feature_1 > 1.06 AND feature_1 > 1.463 AND feature_0 > 0.557 AND feature_2 <= 0.652 AND feature_7 > -0.835 AND feature_0 <= 0.767,"{'feature_0': (0.557, 0.767), 'feature_1': (1.463, 3.852), 'feature_2': (-3.74, 0.652), 'feature_7': (-0.835, 3.492)}",4,2.722,7,[Pretrained] CF,"[468, 710, 734, 740, 741, 745]",2.664,2.664,OptRes,[Pretrained] CF OptRes,0.019,0,0.019,752,35,0.05912162162162162,5,0.05799999999999983,0.0,0.5
752,feature_0 > 0.26 AND feature_1 > 1.06 AND feature_1 > 1.463 AND feature_0 > 0.557 AND feature_2 > 0.652 AND feature_1 > 1.686,"{'feature_0': (0.557, 3.845), 'feature_1': (1.686, 3.852), 'feature_2': (0.652, 4.02)}",3,2.72,6,[Pretrained] CF,"[468, 710, 734, 740, 750]",3.443,3.443,ResOve,[Pretrained] CF ResOve,0.071,0,0.071,752,32,0.0,5,0.7229999999999999,0.0,0.5
748,feature_0 > 0.26 AND feature_1 > 1.06 AND feature_1 > 1.463 AND feature_0 > 0.557 AND feature_2 <= 0.652 AND feature_7 > -0.835 AND feature_0 > 0.767 AND feature_9 <= 0.059,"{'feature_0': (0.767, 3.845), 'feature_1': (1.463, 3.852), 'feature_2': (-3.74, 0.652), 'feature_7': (-0.835, 3.492), 'feature_9': (-3.581, 0.059)}",5,2.879,8,[Pretrained] CF,"[468, 710, 734, 740, 741, 745, 747]",3.155,3.155,ResOve,[Pretrained] CF ResOve,0.071,0,0.071,752,38,0.0,5,0.2759999999999998,0.0,0.5
746,feature_0 > 0.26 AND feature_1 > 1.06 AND feature_1 > 1.463 AND feature_0 > 0.557 AND feature_2 <= 0.652 AND feature_7 > -0.835 AND feature_0 <= 0.767,"{'feature_0': (0.557, 0.767), 'feature_1': (1.463, 3.852), 'feature_2': (-3.74, 0.652), 'feature_7': (-0.835, 3.492)}",4,2.722,7,[Pretrained] CF,"[468, 710, 734, 740, 741, 745]",2.664,2.664,ResOve,[Pretrained] CF ResOve,0.071,0,0.071,752,35,0.0,5,0.05799999999999983,0.0,0.5
742,feature_0 > 0.26 AND feature_1 > 1.06 AND feature_1 > 1.463 AND feature_0 > 0.557 AND feature_2 <= 0.652 AND feature_7 <= -0.835,"{'feature_0': (0.557, 3.845), 'feature_1': (1.463, 3.852), 'feature_2': (-3.74, 0.652), 'feature_7': (-3.746, -0.835)}",4,2.959,6,[Pretrained] CF,"[468, 710, 734, 740, 741]",3.114,3.114,ResOve,[Pretrained] CF ResOve,0.071,0,0.071,752,40,0.0,5,0.1549999999999998,0.0,0.5
723,feature_0 > 0.26 AND feature_1 > 1.06 AND feature_1 <= 1.463 AND feature_0 > 0.763 AND feature_2 <= 0.453 AND feature_7 <= -0.169,"{'feature_0': (0.763, 3.845), 'feature_1': (1.06, 1.463), 'feature_2': (-3.74, 0.453), 'feature_7': (-3.746, -0.169)}",4,2.674,6,[Pretrained] CF,"[468, 710, 711, 721, 722]",2.878,2.878,ResOve,[Pretrained] CF ResOve,0.071,0,0.071,752,57,0.0,5,0.20400000000000018,0.0,0.5
742,feature_0 > 0.26 AND feature_1 > 1.06 AND feature_1 > 1.463 AND feature_0 > 0.557 AND feature_2 <= 0.652 AND feature_7 <= -0.835,"{'feature_0': (0.557, 3.845), 'feature_1': (1.463, 3.852), 'feature_2': (-3.74, 0.652), 'feature_7': (-3.746, -0.835)}",4,2.959,6,[Pretrained] CF,"[468, 710, 734, 740, 741]",3.114,3.114,NoOve,[Pretrained] CF NoOve,0.008,0,0.008,752,40,0.0,5,0.1549999999999998,0.0,0.5
745,feature_0 > 0.26 AND feature_1 > 1.06 AND feature_1 > 1.463 AND feature_0 > 0.557 AND feature_2 <= 0.652 AND feature_7 > -0.835,"{'feature_0': (0.557, 3.845), 'feature_1': (1.463, 3.852), 'feature_2': (-3.74, 0.652), 'feature_7': (-0.835, 3.492)}",4,2.804,6,[Pretrained] CF,"[468, 710, 734, 740, 741]",3.046,3.046,NoOve,[Pretrained] CF NoOve,0.008,0,0.008,752,108,0.0,5,0.242,0.0,0.5
752,feature_0 > 0.26 AND feature_1 > 1.06 AND feature_1 > 1.463 AND feature_0 > 0.557 AND feature_2 > 0.652 AND feature_1 > 1.686,"{'feature_0': (0.557, 3.845), 'feature_1': (1.686, 3.852), 'feature_2': (0.652, 4.02)}",3,2.72,6,[Pretrained] CF,"[468, 710, 734, 740, 750]",3.443,3.443,NoOve,[Pretrained] CF NoOve,0.008,0,0.008,752,32,0.0,5,0.7229999999999999,0.0,0.5
723,feature_0 > 0.26 AND feature_1 > 1.06 AND feature_1 <= 1.463 AND feature_0 > 0.763 AND feature_2 <= 0.453 AND feature_7 <= -0.169,"{'feature_0': (0.763, 3.845), 'feature_1': (1.06, 1.463), 'feature_2': (-3.74, 0.453), 'feature_7': (-3.746, -0.169)}",4,2.674,6,[Pretrained] CF,"[468, 710, 711, 721, 722]",2.878,2.878,NoOve,[Pretrained] CF NoOve,0.008,0,0.008,752,57,0.0,5,0.20400000000000018,0.0,0.5
739,feature_0 > 0.26 AND feature_1 > 1.06 AND feature_1 > 1.463 AND feature_0 <= 0.557 AND feature_0 > 0.352 AND feature_1 > 1.661,"{'feature_0': (0.352, 0.557), 'feature_1': (1.661, 3.852)}",2,2.668,6,[Pretrained] CF,"[468, 710, 734, 735, 737]",2.549,2.549,NoOve,[Pretrained] CF NoOve,0.008,0,0.008,752,30,0.0,5,0.11900000000000022,0.0,0.5
742,feature_0 > 0.26 AND feature_1 > 1.06 AND feature_1 > 1.463 AND feature_0 > 0.557 AND feature_2 <= 0.652 AND feature_7 <= -0.835,"{'feature_0': (0.557, 3.845), 'feature_1': (1.463, 3.852), 'feature_2': (-3.74, 0.652), 'feature_7': (-3.746, -0.835)}",4,2.959,6,[Pretrained] CF,"[468, 710, 734, 740, 741]",3.114,3.114,OptRes,[Pretrained] CF OptRes,0.006,0,0.006,752,40,0.06756756756756757,5,0.1549999999999998,0.0,0.1
741,feature_0 > 0.26 AND feature_1 > 1.06 AND feature_1 > 1.463 AND feature_0 > 0.557 AND feature_2 <= 0.652,"{'feature_0': (0.557, 3.845), 'feature_1': (1.463, 3.852), 'feature_2': (-3.74, 0.652)}",3,2.846,5,[Pretrained] CF,"[468, 710, 734, 740]",3.064,3.039,OptRes,[Pretrained] CF OptRes,0.006,0,0.006,752,73,0.1908783783783784,5,0.21799999999999997,0.02499999999999991,0.1
747,feature_0 > 0.26 AND feature_1 > 1.06 AND feature_1 > 1.463 AND feature_0 > 0.557 AND feature_2 <= 0.652 AND feature_7 > -0.835 AND feature_0 > 0.767,"{'feature_0': (0.767, 3.845), 'feature_1': (1.463, 3.852), 'feature_2': (-3.74, 0.652), 'feature_7': (-0.835, 3.492)}",4,2.842,7,[Pretrained] CF,"[468, 710, 734, 740, 741, 745]",3.229,3.096,OptRes,[Pretrained] CF OptRes,0.006,0,0.006,752,25,0.12331081081081081,5,0.387,0.133,0.1
750,feature_0 > 0.26 AND feature_1 > 1.06 AND feature_1 > 1.463 AND feature_0 > 0.557 AND feature_2 > 0.652,"{'feature_0': (0.557, 3.845), 'feature_1': (1.463, 3.852), 'feature_2': (0.652, 4.02)}",3,2.69,5,[Pretrained] CF,"[468, 710, 734, 740]",3.26,3.356,OptRes,[Pretrained] CF OptRes,0.006,0,0.006,752,24,0.0,5,0.5699999999999998,0.09600000000000009,0.1
723,feature_0 > 0.26 AND feature_1 > 1.06 AND feature_1 <= 1.463 AND feature_0 > 0.763 AND feature_2 <= 0.453 AND feature_7 <= -0.169,"{'feature_0': (0.763, 3.845), 'feature_1': (1.06, 1.463), 'feature_2': (-3.74, 0.453), 'feature_7': (-3.746, -0.169)}",4,2.674,6,[Pretrained] CF,"[468, 710, 711, 721, 722]",2.878,2.882,OptRes,[Pretrained] CF OptRes,0.006,0,0.006,752,56,0.0,5,0.20400000000000018,0.0040000000000000036,0.1
750,feature_0 > 0.26 AND feature_1 > 1.06 AND feature_1 > 1.463 AND feature_0 > 0.557 AND feature_2 > 0.652,"{'feature_0': (0.557, 3.845), 'feature_1': (1.463, 3.852), 'feature_2': (0.652, 4.02)}",3,2.69,5,[Pretrained] CF,"[468, 710, 734, 740]",3.26,3.356,ResOve,[Pretrained] CF ResOve,0.125,0,0.125,752,24,0.0,5,0.5699999999999998,0.09600000000000009,0.1
747,feature_0 > 0.26 AND feature_1 > 1.06 AND feature_1 > 1.463 AND feature_0 > 0.557 AND feature_2 <= 0.652 AND feature_7 > -0.835 AND feature_0 > 0.767,"{'feature_0': (0.767, 3.845), 'feature_1': (1.463, 3.852), 'feature_2': (-3.74, 0.652), 'feature_7': (-0.835, 3.492)}",4,2.842,7,[Pretrained] CF,"[468, 710, 734, 740, 741, 745]",3.229,3.096,ResOve,[Pretrained] CF ResOve,0.125,0,0.125,752,25,0.12331081081081081,5,0.387,0.133,0.1
741,feature_0 > 0.26 AND feature_1 > 1.06 AND feature_1 > 1.463 AND feature_0 > 0.557 AND feature_2 <= 0.652,"{'feature_0': (0.557, 3.845), 'feature_1': (1.463, 3.852), 'feature_2': (-3.74, 0.652)}",3,2.846,5,[Pretrained] CF,"[468, 710, 734, 740]",3.064,3.039,ResOve,[Pretrained] CF ResOve,0.125,0,0.125,752,73,0.12331081081081081,5,0.21799999999999997,0.02499999999999991,0.1
723,feature_0 > 0.26 AND feature_1 > 1.06 AND feature_1 <= 1.463 AND feature_0 > 0.763 AND feature_2 <= 0.453 AND feature_7 <= -0.169,"{'feature_0': (0.763, 3.845), 'feature_1': (1.06, 1.463), 'feature_2': (-3.74, 0.453), 'feature_7': (-3.746, -0.169)}",4,2.674,6,[Pretrained] CF,"[468, 710, 711, 721, 722]",2.878,2.882,ResOve,[Pretrained] CF ResOve,0.125,0,0.125,752,56,0.0,5,0.20400000000000018,0.0040000000000000036,0.1
707,feature_0 > 0.26 AND feature_1 <= 1.06 AND feature_0 > 0.8 AND feature_1 > 0.12 AND feature_0 > 1.421 AND feature_4 > 0.123 AND feature_0 > 1.859,"{'feature_0': (1.859, 3.845), 'feature_1': (0.12, 1.06), 'feature_4': (0.123, 3.804)}",3,2.439,7,[Pretrained] CF,"[468, 469, 583, 659, 693, 703]",3.138,3.068,ResOve,[Pretrained] CF ResOve,0.125,0,0.125,752,26,0.0,5,0.6989999999999998,0.06999999999999984,0.1
741,feature_0 > 0.26 AND feature_1 > 1.06 AND feature_1 > 1.463 AND feature_0 > 0.557 AND feature_2 <= 0.652,"{'feature_0': (0.557, 3.845), 'feature_1': (1.463, 3.852), 'feature_2': (-3.74, 0.652)}",3,2.846,5,[Pretrained] CF,"[468, 710, 734, 740]",3.064,3.039,NoOve,[Pretrained] CF NoOve,0.029,0,0.029,752,73,0.0,5,0.21799999999999997,0.02499999999999991,0.1
750,feature_0 > 0.26 AND feature_1 > 1.06 AND feature_1 > 1.463 AND feature_0 > 0.557 AND feature_2 > 0.652,"{'feature_0': (0.557, 3.845), 'feature_1': (1.463, 3.852), 'feature_2': (0.652, 4.02)}",3,2.69,5,[Pretrained] CF,"[468, 710, 734, 740]",3.26,3.356,NoOve,[Pretrained] CF NoOve,0.029,0,0.029,752,24,0.0,5,0.5699999999999998,0.09600000000000009,0.1
737,feature_0 > 0.26 AND feature_1 > 1.06 AND feature_1 > 1.463 AND feature_0 <= 0.557 AND feature_0 > 0.352,"{'feature_0': (0.352, 0.557), 'feature_1': (1.463, 3.852)}",2,2.602,5,[Pretrained] CF,"[468, 710, 734, 735]",2.4,2.459,NoOve,[Pretrained] CF NoOve,0.029,0,0.029,752,21,0.0,5,0.20199999999999996,0.05900000000000016,0.1
722,feature_0 > 0.26 AND feature_1 > 1.06 AND feature_1 <= 1.463 AND feature_0 > 0.763 AND feature_2 <= 0.453,"{'feature_0': (0.763, 3.845), 'feature_1': (1.06, 1.463), 'feature_2': (-3.74, 0.453)}",3,2.584,5,[Pretrained] CF,"[468, 710, 711, 721]",2.782,2.882,NoOve,[Pretrained] CF NoOve,0.029,0,0.029,752,56,0.0,5,0.19799999999999995,0.10000000000000009,0.1
729,feature_0 > 0.26 AND feature_1 > 1.06 AND feature_1 <= 1.463 AND feature_0 > 0.763 AND feature_2 > 0.453,"{'feature_0': (0.763, 3.845), 'feature_1': (1.06, 1.463), 'feature_2': (0.453, 4.02)}",3,2.374,5,[Pretrained] CF,"[468, 710, 711, 721]",2.685,2.617,NoOve,[Pretrained] CF NoOve,0.029,0,0.029,752,24,0.0,5,0.31099999999999994,0.06800000000000006,0.1
740,feature_0 > 0.26 AND feature_1 > 1.06 AND feature_1 > 1.463 AND feature_0 > 0.557,"{'feature_0': (0.557, 3.845), 'feature_1': (1.463, 3.852)}",2,2.805,4,[Pretrained] CF,"[468, 710, 734]",3.116,3.231,OptRes,[Pretrained] CF OptRes,0.009,0,0.009,752,47,0.1281138245503589,5,0.31099999999999994,0.11499999999999977,0.2
752,feature_0 > 0.26 AND feature_1 > 1.06 AND feature_1 > 1.463 AND feature_0 > 0.557 AND feature_2 > 0.652 AND feature_1 > 1.686,"{'feature_0': (0.557, 3.845), 'feature_1': (1.686, 3.852), 'feature_2': (0.652, 4.02)}",3,2.72,6,[Pretrained] CF,"[468, 710, 734, 740, 750]",3.443,3.414,OptRes,[Pretrained] CF OptRes,0.009,0,0.009,752,27,0.053860748979181416,5,0.7229999999999999,0.028999999999999915,0.2
710,feature_0 > 0.26 AND feature_1 > 1.06,"{'feature_0': (0.26, 3.845), 'feature_1': (1.06, 3.852)}",2,2.521,2,[Pretrained] CF,[468],2.66,2.695,OptRes,[Pretrained] CF OptRes,0.009,0,0.009,752,134,0.19551845342706503,5,0.13900000000000023,0.0349999999999997,0.2
721,feature_0 > 0.26 AND feature_1 > 1.06 AND feature_1 <= 1.463 AND feature_0 > 0.763,"{'feature_0': (0.763, 3.845), 'feature_1': (1.06, 1.463)}",2,2.508,4,[Pretrained] CF,"[468, 710, 711]",2.747,2.644,OptRes,[Pretrained] CF OptRes,0.009,0,0.009,752,46,0.13645714876460252,5,0.23899999999999988,0.10299999999999976,0.2
731,feature_0 > 0.26 AND feature_1 > 1.06 AND feature_1 <= 1.463 AND feature_0 > 0.763 AND feature_2 > 0.453 AND feature_1 > 1.167,"{'feature_0': (0.763, 3.845), 'feature_1': (1.167, 1.463), 'feature_2': (0.453, 4.02)}",3,2.423,6,[Pretrained] CF,"[468, 710, 711, 721, 729]",2.739,2.702,OptRes,[Pretrained] CF OptRes,0.009,0,0.009,752,31,0.08021813294737931,5,0.31599999999999984,0.03699999999999992,0.2
752,feature_0 > 0.26 AND feature_1 > 1.06 AND feature_1 > 1.463 AND feature_0 > 0.557 AND feature_2 > 0.652 AND feature_1 > 1.686,"{'feature_0': (0.557, 3.845), 'feature_1': (1.686, 3.852), 'feature_2': (0.652, 4.02)}",3,2.72,6,[Pretrained] CF,"[468, 710, 734, 740, 750]",3.443,3.414,ResOve,[Pretrained] CF ResOve,0.134,0,0.134,752,27,0.22004842055532003,5,0.7229999999999999,0.028999999999999915,0.2
750,feature_0 > 0.26 AND feature_1 > 1.06 AND feature_1 > 1.463 AND feature_0 > 0.557 AND feature_2 > 0.652,"{'feature_0': (0.557, 3.845), 'feature_1': (1.463, 3.852), 'feature_2': (0.652, 4.02)}",3,2.69,5,[Pretrained] CF,"[468, 710, 734, 740]",3.26,3.231,ResOve,[Pretrained] CF ResOve,0.134,0,0.134,752,47,0.2653985927711639,5,0.5699999999999998,0.028999999999999915,0.2
740,feature_0 > 0.26 AND feature_1 > 1.06 AND feature_1 > 1.463 AND feature_0 > 0.557,"{'feature_0': (0.557, 3.845), 'feature_1': (1.463, 3.852)}",2,2.805,4,[Pretrained] CF,"[468, 710, 734]",3.116,3.231,ResOve,[Pretrained] CF ResOve,0.134,0,0.134,752,47,0.28978732710075994,5,0.31099999999999994,0.11499999999999977,0.2
734,feature_0 > 0.26 AND feature_1 > 1.06 AND feature_1 > 1.463,"{'feature_0': (0.26, 3.845), 'feature_1': (1.463, 3.852)}",2,2.726,3,[Pretrained] CF,"[468, 710]",2.916,3.018,ResOve,[Pretrained] CF ResOve,0.134,0,0.134,752,61,0.2619047619047619,5,0.18999999999999995,0.10199999999999987,0.2
731,feature_0 > 0.26 AND feature_1 > 1.06 AND feature_1 <= 1.463 AND feature_0 > 0.763 AND feature_2 > 0.453 AND feature_1 > 1.167,"{'feature_0': (0.763, 3.845), 'feature_1': (1.167, 1.463), 'feature_2': (0.453, 4.02)}",3,2.423,6,[Pretrained] CF,"[468, 710, 711, 721, 729]",2.739,2.702,ResOve,[Pretrained] CF ResOve,0.134,0,0.134,752,31,0.0,5,0.31599999999999984,0.03699999999999992,0.2
752,feature_0 > 0.26 AND feature_1 > 1.06 AND feature_1 > 1.463 AND feature_0 > 0.557 AND feature_2 > 0.652 AND feature_1 > 1.686,"{'feature_0': (0.557, 3.845), 'feature_1': (1.686, 3.852), 'feature_2': (0.652, 4.02)}",3,2.72,6,[Pretrained] CF,"[468, 710, 734, 740, 750]",3.443,3.414,NoOve,[Pretrained] CF NoOve,0.065,0,0.065,752,27,0.0,5,0.7229999999999999,0.028999999999999915,0.2
731,feature_0 > 0.26 AND feature_1 > 1.06 AND feature_1 <= 1.463 AND feature_0 > 0.763 AND feature_2 > 0.453 AND feature_1 > 1.167,"{'feature_0': (0.763, 3.845), 'feature_1': (1.167, 1.463), 'feature_2': (0.453, 4.02)}",3,2.423,6,[Pretrained] CF,"[468, 710, 711, 721, 729]",2.739,2.702,NoOve,[Pretrained] CF NoOve,0.065,0,0.065,752,31,0.0,5,0.31599999999999984,0.03699999999999992,0.2
703,feature_0 > 0.26 AND feature_1 <= 1.06 AND feature_0 > 0.8 AND feature_1 > 0.12 AND feature_0 > 1.421 AND feature_4 > 0.123,"{'feature_0': (1.421, 3.845), 'feature_1': (0.12, 1.06), 'feature_4': (0.123, 3.804)}",3,2.337,6,[Pretrained] CF,"[468, 469, 583, 659, 693]",2.834,2.865,NoOve,[Pretrained] CF NoOve,0.065,0,0.065,752,30,0.0,5,0.4969999999999999,0.03100000000000014,0.2
694,feature_0 > 0.26 AND feature_1 <= 1.06 AND feature_0 > 0.8 AND feature_1 > 0.12 AND feature_0 > 1.421 AND feature_4 <= 0.123,"{'feature_0': (1.421, 3.845), 'feature_1': (0.12, 1.06), 'feature_4': (-3.533, 0.123)}",3,2.115,6,[Pretrained] CF,"[468, 469, 583, 659, 693]",2.919,2.795,NoOve,[Pretrained] CF NoOve,0.065,0,0.065,752,30,0.0,5,0.8039999999999998,0.12400000000000011,0.2
644,feature_0 > 0.26 AND feature_1 <= 1.06 AND feature_0 > 0.8 AND feature_1 <= 0.12 AND feature_0 > 1.512 AND feature_4 > -0.038,"{'feature_0': (1.512, 3.845), 'feature_1': (-3.98, 0.12), 'feature_4': (-0.038, 3.804)}",3,2.032,6,[Pretrained] CF,"[468, 469, 583, 584, 632]",2.391,2.443,NoOve,[Pretrained] CF NoOve,0.065,0,0.065,752,50,0.0,5,0.359,0.052000000000000046,0.2
742,feature_0 > 0.26 AND feature_1 > 1.06 AND feature_1 > 1.463 AND feature_0 > 0.557 AND feature_2 <= 0.652 AND feature_7 <= -0.835,"{'feature_0': (0.557, 3.845), 'feature_1': (1.463, 3.852), 'feature_2': (-3.74, 0.652), 'feature_7': (-3.746, -0.835)}",4,2.959,6,[Pretrained] CF,"[468, 710, 734, 740, 741]",3.114,3.114,OptRes,[Pretrained] CF OptRes,0.008,0,0.008,752,40,0.06756756756756757,5,0.1549999999999998,0.0,0.3
748,feature_0 > 0.26 AND feature_1 > 1.06 AND feature_1 > 1.463 AND feature_0 > 0.557 AND feature_2 <= 0.652 AND feature_7 > -0.835 AND feature_0 > 0.767 AND feature_9 <= 0.059,"{'feature_0': (0.767, 3.845), 'feature_1': (1.463, 3.852), 'feature_2': (-3.74, 0.652), 'feature_7': (-0.835, 3.492), 'feature_9': (-3.581, 0.059)}",5,2.879,8,[Pretrained] CF,"[468, 710, 734, 740, 741, 745, 747]",3.155,3.109,OptRes,[Pretrained] CF OptRes,0.008,0,0.008,752,34,0.06418918918918919,5,0.2759999999999998,0.04599999999999982,0.3
741,feature_0 > 0.26 AND feature_1 > 1.06 AND feature_1 > 1.463 AND feature_0 > 0.557 AND feature_2 <= 0.652,"{'feature_0': (0.557, 3.845), 'feature_1': (1.463, 3.852), 'feature_2': (-3.74, 0.652)}",3,2.846,5,[Pretrained] CF,"[468, 710, 734, 740]",3.064,3.059,OptRes,[Pretrained] CF OptRes,0.008,0,0.008,752,138,0.25,5,0.21799999999999997,0.004999999999999893,0.3
749,feature_0 > 0.26 AND feature_1 > 1.06 AND feature_1 > 1.463 AND feature_0 > 0.557 AND feature_2 <= 0.652 AND feature_7 > -0.835 AND feature_0 > 0.767 AND feature_9 > 0.059,"{'feature_0': (0.767, 3.845), 'feature_1': (1.463, 3.852), 'feature_2': (-3.74, 0.652), 'feature_7': (-0.835, 3.492), 'feature_9': (0.059, 3.767)}",5,2.803,8,[Pretrained] CF,"[468, 710, 734, 740, 741, 745, 747]",3.309,3.324,OptRes,[Pretrained] CF OptRes,0.008,0,0.008,752,32,0.05912162162162162,5,0.5060000000000002,0.01499999999999968,0.3
746,feature_0 > 0.26 AND feature_1 > 1.06 AND feature_1 > 1.463 AND feature_0 > 0.557 AND feature_2 <= 0.652 AND feature_7 > -0.835 AND feature_0 <= 0.767,"{'feature_0': (0.557, 0.767), 'feature_1': (1.463, 3.852), 'feature_2': (-3.74, 0.652), 'feature_7': (-0.835, 3.492)}",4,2.722,7,[Pretrained] CF,"[468, 710, 734, 740, 741, 745]",2.664,2.673,OptRes,[Pretrained] CF OptRes,0.008,0,0.008,752,32,0.05912162162162162,5,0.05799999999999983,0.008999999999999897,0.3
752,feature_0 > 0.26 AND feature_1 > 1.06 AND feature_1 > 1.463 AND feature_0 > 0.557 AND feature_2 > 0.652 AND feature_1 > 1.686,"{'feature_0': (0.557, 3.845), 'feature_1': (1.686, 3.852), 'feature_2': (0.652, 4.02)}",3,2.72,6,[Pretrained] CF,"[468, 710, 734, 740, 750]",3.443,3.462,ResOve,[Pretrained] CF ResOve,0.105,0,0.105,752,30,0.0,5,0.7229999999999999,0.019000000000000128,0.3
749,feature_0 > 0.26 AND feature_1 > 1.06 AND feature_1 > 1.463 AND feature_0 > 0.557 AND feature_2 <= 0.652 AND feature_7 > -0.835 AND feature_0 > 0.767 AND feature_9 > 0.059,"{'feature_0': (0.767, 3.845), 'feature_1': (1.463, 3.852), 'feature_2': (-3.74, 0.652), 'feature_7': (-0.835, 3.492), 'feature_9': (0.059, 3.767)}",5,2.803,8,[Pretrained] CF,"[468, 710, 734, 740, 741, 745, 747]",3.309,3.324,ResOve,[Pretrained] CF ResOve,0.105,0,0.105,752,32,0.0,5,0.5060000000000002,0.01499999999999968,0.3
748,feature_0 > 0.26 AND feature_1 > 1.06 AND feature_1 > 1.463 AND feature_0 > 0.557 AND feature_2 <= 0.652 AND feature_7 > -0.835 AND feature_0 > 0.767 AND feature_9 <= 0.059,"{'feature_0': (0.767, 3.845), 'feature_1': (1.463, 3.852), 'feature_2': (-3.74, 0.652), 'feature_7': (-0.835, 3.492), 'feature_9': (-3.581, 0.059)}",5,2.879,8,[Pretrained] CF,"[468, 710, 734, 740, 741, 745, 747]",3.155,3.109,ResOve,[Pretrained] CF ResOve,0.105,0,0.105,752,34,0.0,5,0.2759999999999998,0.04599999999999982,0.3
742,feature_0 > 0.26 AND feature_1 > 1.06 AND feature_1 > 1.463 AND feature_0 > 0.557 AND feature_2 <= 0.652 AND feature_7 <= -0.835,"{'feature_0': (0.557, 3.845), 'feature_1': (1.463, 3.852), 'feature_2': (-3.74, 0.652), 'feature_7': (-3.746, -0.835)}",4,2.959,6,[Pretrained] CF,"[468, 710, 734, 740, 741]",3.114,3.114,ResOve,[Pretrained] CF ResOve,0.105,0,0.105,752,40,0.0,5,0.1549999999999998,0.0,0.3
723,feature_0 > 0.26 AND feature_1 > 1.06 AND feature_1 <= 1.463 AND feature_0 > 0.763 AND feature_2 <= 0.453 AND feature_7 <= -0.169,"{'feature_0': (0.763, 3.845), 'feature_1': (1.06, 1.463), 'feature_2': (-3.74, 0.453), 'feature_7': (-3.746, -0.169)}",4,2.674,6,[Pretrained] CF,"[468, 710, 711, 721, 722]",2.878,2.878,ResOve,[Pretrained] CF ResOve,0.105,0,0.105,752,57,0.0,5,0.20400000000000018,0.0,0.3
742,feature_0 > 0.26 AND feature_1 > 1.06 AND feature_1 > 1.463 AND feature_0 > 0.557 AND feature_2 <= 0.652 AND feature_7 <= -0.835,"{'feature_0': (0.557, 3.845), 'feature_1': (1.463, 3.852), 'feature_2': (-3.74, 0.652), 'feature_7': (-3.746, -0.835)}",4,2.959,6,[Pretrained] CF,"[468, 710, 734, 740, 741]",3.114,3.114,NoOve,[Pretrained] CF NoOve,0.01,0,0.01,752,40,0.0,5,0.1549999999999998,0.0,0.3
745,feature_0 > 0.26 AND feature_1 > 1.06 AND feature_1 > 1.463 AND feature_0 > 0.557 AND feature_2 <= 0.652 AND feature_7 > -0.835,"{'feature_0': (0.557, 3.845), 'feature_1': (1.463, 3.852), 'feature_2': (-3.74, 0.652), 'feature_7': (-0.835, 3.492)}",4,2.804,6,[Pretrained] CF,"[468, 710, 734, 740, 741]",3.046,3.037,NoOve,[Pretrained] CF NoOve,0.01,0,0.01,752,98,0.0,5,0.242,0.008999999999999897,0.3
752,feature_0 > 0.26 AND feature_1 > 1.06 AND feature_1 > 1.463 AND feature_0 > 0.557 AND feature_2 > 0.652 AND feature_1 > 1.686,"{'feature_0': (0.557, 3.845), 'feature_1': (1.686, 3.852), 'feature_2': (0.652, 4.02)}",3,2.72,6,[Pretrained] CF,"[468, 710, 734, 740, 750]",3.443,3.462,NoOve,[Pretrained] CF NoOve,0.01,0,0.01,752,30,0.0,5,0.7229999999999999,0.019000000000000128,0.3
723,feature_0 > 0.26 AND feature_1 > 1.06 AND feature_1 <= 1.463 AND feature_0 > 0.763 AND feature_2 <= 0.453 AND feature_7 <= -0.169,"{'feature_0': (0.763, 3.845), 'feature_1': (1.06, 1.463), 'feature_2': (-3.74, 0.453), 'feature_7': (-3.746, -0.169)}",4,2.674,6,[Pretrained] CF,"[468, 710, 711, 721, 722]",2.878,2.878,NoOve,[Pretrained] CF NoOve,0.01,0,0.01,752,57,0.0,5,0.20400000000000018,0.0,0.3
739,feature_0 > 0.26 AND feature_1 > 1.06 AND feature_1 > 1.463 AND feature_0 <= 0.557 AND feature_0 > 0.352 AND feature_1 > 1.661,"{'feature_0': (0.352, 0.557), 'feature_1': (1.661, 3.852)}",2,2.668,6,[Pretrained] CF,"[468, 710, 734, 735, 737]",2.549,2.544,NoOve,[Pretrained] CF NoOve,0.01,0,0.01,752,29,0.0,5,0.11900000000000022,0.004999999999999893,0.3
742,feature_0 > 0.26 AND feature_1 > 1.06 AND feature_1 > 1.463 AND feature_0 > 0.557 AND feature_2 <= 0.652 AND feature_7 <= -0.835,"{'feature_0': (0.557, 3.845), 'feature_1': (1.463, 3.852), 'feature_2': (-3.74, 0.652), 'feature_7': (-3.746, -0.835)}",4,2.959,6,[Pretrained] CF,"[468, 710, 734, 740, 741]",3.114,3.133,OptRes,[Pretrained] CF OptRes,0.006,0,0.006,752,21,0.06756756756756757,5,0.1549999999999998,0.019000000000000128,0.4
741,feature_0 > 0.26 AND feature_1 > 1.06 AND feature_1 > 1.463 AND feature_0 > 0.557 AND feature_2 <= 0.652,"{'feature_0': (0.557, 3.845), 'feature_1': (1.463, 3.852), 'feature_2': (-3.74, 0.652)}",3,2.846,5,[Pretrained] CF,"[468, 710, 734, 740]",3.064,3.122,OptRes,[Pretrained] CF OptRes,0.006,0,0.006,752,77,0.25,5,0.21799999999999997,0.05799999999999983,0.4
747,feature_0 > 0.26 AND feature_1 > 1.06 AND feature_1 > 1.463 AND feature_0 > 0.557 AND feature_2 <= 0.652 AND feature_7 > -0.835 AND feature_0 > 0.767,"{'feature_0': (0.767, 3.845), 'feature_1': (1.463, 3.852), 'feature_2': (-3.74, 0.652), 'feature_7': (-0.835, 3.492)}",4,2.842,7,[Pretrained] CF,"[468, 710, 734, 740, 741, 745]",3.229,3.296,OptRes,[Pretrained] CF OptRes,0.006,0,0.006,752,41,0.24317382450944094,5,0.387,0.06699999999999973,0.4
749,feature_0 > 0.26 AND feature_1 > 1.06 AND feature_1 > 1.463 AND feature_0 > 0.557 AND feature_2 <= 0.652 AND feature_7 > -0.835 AND feature_0 > 0.767 AND feature_9 > 0.059,"{'feature_0': (0.767, 3.845), 'feature_1': (1.463, 3.852), 'feature_2': (-3.74, 0.652), 'feature_7': (-0.835, 3.492), 'feature_9': (0.059, 3.767)}",5,2.803,8,[Pretrained] CF,"[468, 710, 734, 740, 741, 745, 747]",3.309,3.292,OptRes,[Pretrained] CF OptRes,0.006,0,0.006,752,21,0.17898463532025174,5,0.5060000000000002,0.017000000000000348,0.4
750,feature_0 > 0.26 AND feature_1 > 1.06 AND feature_1 > 1.463 AND feature_0 > 0.557 AND feature_2 > 0.652,"{'feature_0': (0.557, 3.845), 'feature_1': (1.463, 3.852), 'feature_2': (0.652, 4.02)}",3,2.69,5,[Pretrained] CF,"[468, 710, 734, 740]",3.26,3.213,OptRes,[Pretrained] CF OptRes,0.006,0,0.006,752,32,0.0,5,0.5699999999999998,0.04699999999999971,0.4
750,feature_0 > 0.26 AND feature_1 > 1.06 AND feature_1 > 1.463 AND feature_0 > 0.557 AND feature_2 > 0.652,"{'feature_0': (0.557, 3.845), 'feature_1': (1.463, 3.852), 'feature_2': (0.652, 4.02)}",3,2.69,5,[Pretrained] CF,"[468, 710, 734, 740]",3.26,3.213,ResOve,[Pretrained] CF ResOve,0.118,0,0.118,752,32,0.0,5,0.5699999999999998,0.04699999999999971,0.4
742,feature_0 > 0.26 AND feature_1 > 1.06 AND feature_1 > 1.463 AND feature_0 > 0.557 AND feature_2 <= 0.652 AND feature_7 <= -0.835,"{'feature_0': (0.557, 3.845), 'feature_1': (1.463, 3.852), 'feature_2': (-3.74, 0.652), 'feature_7': (-3.746, -0.835)}",4,2.959,6,[Pretrained] CF,"[468, 710, 734, 740, 741]",3.114,3.133,ResOve,[Pretrained] CF ResOve,0.118,0,0.118,752,21,0.0,5,0.1549999999999998,0.019000000000000128,0.4
747,feature_0 > 0.26 AND feature_1 > 1.06 AND feature_1 > 1.463 AND feature_0 > 0.557 AND feature_2 <= 0.652 AND feature_7 > -0.835 AND feature_0 > 0.767,"{'feature_0': (0.767, 3.845), 'feature_1': (1.463, 3.852), 'feature_2': (-3.74, 0.652), 'feature_7': (-0.835, 3.492)}",4,2.842,7,[Pretrained] CF,"[468, 710, 734, 740, 741, 745]",3.229,3.296,ResOve,[Pretrained] CF ResOve,0.118,0,0.118,752,41,0.11986301369863013,5,0.387,0.06699999999999973,0.4
723,feature_0 > 0.26 AND feature_1 > 1.06 AND feature_1 <= 1.463 AND feature_0 > 0.763 AND feature_2 <= 0.453 AND feature_7 <= -0.169,"{'feature_0': (0.763, 3.845), 'feature_1': (1.06, 1.463), 'feature_2': (-3.74, 0.453), 'feature_7': (-3.746, -0.169)}",4,2.674,6,[Pretrained] CF,"[468, 710, 711, 721, 722]",2.878,2.903,ResOve,[Pretrained] CF ResOve,0.118,0,0.118,752,37,0.0,5,0.20400000000000018,0.02499999999999991,0.4
749,feature_0 > 0.26 AND feature_1 > 1.06 AND feature_1 > 1.463 AND feature_0 > 0.557 AND feature_2 <= 0.652 AND feature_7 > -0.835 AND feature_0 > 0.767 AND feature_9 > 0.059,"{'feature_0': (0.767, 3.845), 'feature_1': (1.463, 3.852), 'feature_2': (-3.74, 0.652), 'feature_7': (-0.835, 3.492), 'feature_9': (0.059, 3.767)}",5,2.803,8,[Pretrained] CF,"[468, 710, 734, 740, 741, 745, 747]",3.309,3.292,ResOve,[Pretrained] CF ResOve,0.118,0,0.118,752,21,0.11986301369863013,5,0.5060000000000002,0.017000000000000348,0.4
742,feature_0 > 0.26 AND feature_1 > 1.06 AND feature_1 > 1.463 AND feature_0 > 0.557 AND feature_2 <= 0.652 AND feature_7 <= -0.835,"{'feature_0': (0.557, 3.845), 'feature_1': (1.463, 3.852), 'feature_2': (-3.74, 0.652), 'feature_7': (-3.746, -0.835)}",4,2.959,6,[Pretrained] CF,"[468, 710, 734, 740, 741]",3.114,3.133,NoOve,[Pretrained] CF NoOve,0.02,0,0.02,752,21,0.0,5,0.1549999999999998,0.019000000000000128,0.4
745,feature_0 > 0.26 AND feature_1 > 1.06 AND feature_1 > 1.463 AND feature_0 > 0.557 AND feature_2 <= 0.652 AND feature_7 > -0.835,"{'feature_0': (0.557, 3.845), 'feature_1': (1.463, 3.852), 'feature_2': (-3.74, 0.652), 'feature_7': (-0.835, 3.492)}",4,2.804,6,[Pretrained] CF,"[468, 710, 734, 740, 741]",3.046,3.117,NoOve,[Pretrained] CF NoOve,0.02,0,0.02,752,56,0.0,5,0.242,0.07100000000000017,0.4
723,feature_0 > 0.26 AND feature_1 > 1.06 AND feature_1 <= 1.463 AND feature_0 > 0.763 AND feature_2 <= 0.453 AND feature_7 <= -0.169,"{'feature_0': (0.763, 3.845), 'feature_1': (1.06, 1.463), 'feature_2': (-3.74, 0.453), 'feature_7': (-3.746, -0.169)}",4,2.674,6,[Pretrained] CF,"[468, 710, 711, 721, 722]",2.878,2.903,NoOve,[Pretrained] CF NoOve,0.02,0,0.02,752,37,0.0,5,0.20400000000000018,0.02499999999999991,0.4
739,feature_0 > 0.26 AND feature_1 > 1.06 AND feature_1 > 1.463 AND feature_0 <= 0.557 AND feature_0 > 0.352 AND feature_1 > 1.661,"{'feature_0': (0.352, 0.557), 'feature_1': (1.661, 3.852)}",2,2.668,6,[Pretrained] CF,"[468, 710, 734, 735, 737]",2.549,2.532,NoOve,[Pretrained] CF NoOve,0.02,0,0.02,752,21,0.0,5,0.11900000000000022,0.016999999999999904,0.4
726,feature_0 > 0.26 AND feature_1 > 1.06 AND feature_1 <= 1.463 AND feature_0 > 0.763 AND feature_2 <= 0.453 AND feature_7 > -0.169,"{'feature_0': (0.763, 3.845), 'feature_1': (1.06, 1.463), 'feature_2': (-3.74, 0.453), 'feature_7': (-0.169, 3.492)}",4,2.484,6,[Pretrained] CF,"[468, 710, 711, 721, 722]",2.676,2.694,NoOve,[Pretrained] CF NoOve,0.02,0,0.02,752,29,0.0,5,0.19200000000000017,0.017999999999999794,0.4
742,feature_0 > 0.26 AND feature_1 > 1.06 AND feature_1 > 1.463 AND feature_0 > 0.557 AND feature_2 <= 0.652 AND feature_7 <= -0.835,"{'feature_0': (0.557, 3.845), 'feature_1': (1.463, 3.852), 'feature_2': (-3.74, 0.652), 'feature_7': (-3.746, -0.835)}",4,2.959,6,[Pretrained] CF,"[468, 710, 734, 740, 741]",3.114,3.161,OptRes,[Pretrained] CF OptRes,0.008,0,0.008,752,27,0.06756756756756757,5,0.1549999999999998,0.04700000000000015,0.5
748,feature_0 > 0.26 AND feature_1 > 1.06 AND feature_1 > 1.463 AND feature_0 > 0.557 AND feature_2 <= 0.652 AND feature_7 > -0.835 AND feature_0 > 0.767 AND feature_9 <= 0.059,"{'feature_0': (0.767, 3.845), 'feature_1': (1.463, 3.852), 'feature_2': (-3.74, 0.652), 'feature_7': (-0.835, 3.492), 'feature_9': (-3.581, 0.059)}",5,2.879,8,[Pretrained] CF,"[468, 710, 734, 740, 741, 745, 747]",3.155,3.186,OptRes,[Pretrained] CF OptRes,0.008,0,0.008,752,25,0.06418918918918919,5,0.2759999999999998,0.03100000000000014,0.5
741,feature_0 > 0.26 AND feature_1 > 1.06 AND feature_1 > 1.463 AND feature_0 > 0.557 AND feature_2 <= 0.652,"{'feature_0': (0.557, 3.845), 'feature_1': (1.463, 3.852), 'feature_2': (-3.74, 0.652)}",3,2.846,5,[Pretrained] CF,"[468, 710, 734, 740]",3.064,3.079,OptRes,[Pretrained] CF OptRes,0.008,0,0.008,752,101,0.25,5,0.21799999999999997,0.015000000000000124,0.5
749,feature_0 > 0.26 AND feature_1 > 1.06 AND feature_1 > 1.463 AND feature_0 > 0.557 AND feature_2 <= 0.652 AND feature_7 > -0.835 AND feature_0 > 0.767 AND feature_9 > 0.059,"{'feature_0': (0.767, 3.845), 'feature_1': (1.463, 3.852), 'feature_2': (-3.74, 0.652), 'feature_7': (-0.835, 3.492), 'feature_9': (0.059, 3.767)}",5,2.803,8,[Pretrained] CF,"[468, 710, 734, 740, 741, 745, 747]",3.309,3.285,OptRes,[Pretrained] CF OptRes,0.008,0,0.008,752,24,0.05912162162162162,5,0.5060000000000002,0.02400000000000002,0.5
746,feature_0 > 0.26 AND feature_1 > 1.06 AND feature_1 > 1.463 AND feature_0 > 0.557 AND feature_2 <= 0.652 AND feature_7 > -0.835 AND feature_0 <= 0.767,"{'feature_0': (0.557, 0.767), 'feature_1': (1.463, 3.852), 'feature_2': (-3.74, 0.652), 'feature_7': (-0.835, 3.492)}",4,2.722,7,[Pretrained] CF,"[468, 710, 734, 740, 741, 745]",2.664,2.687,OptRes,[Pretrained] CF OptRes,0.008,0,0.008,752,25,0.05912162162162162,5,0.05799999999999983,0.022999999999999687,0.5
752,feature_0 > 0.26 AND feature_1 > 1.06 AND feature_1 > 1.463 AND feature_0 > 0.557 AND feature_2 > 0.652 AND feature_1 > 1.686,"{'feature_0': (0.557, 3.845), 'feature_1': (1.686, 3.852), 'feature_2': (0.652, 4.02)}",3,2.72,6,[Pretrained] CF,"[468, 710, 734, 740, 750]",3.443,3.378,ResOve,[Pretrained] CF ResOve,0.112,0,0.112,752,23,0.0,5,0.7229999999999999,0.06499999999999995,0.5
749,feature_0 > 0.26 AND feature_1 > 1.06 AND feature_1 > 1.463 AND feature_0 > 0.557 AND feature_2 <= 0.652 AND feature_7 > -0.835 AND feature_0 > 0.767 AND feature_9 > 0.059,"{'feature_0': (0.767, 3.845), 'feature_1': (1.463, 3.852), 'feature_2': (-3.74, 0.652), 'feature_7': (-0.835, 3.492), 'feature_9': (0.059, 3.767)}",5,2.803,8,[Pretrained] CF,"[468, 710, 734, 740, 741, 745, 747]",3.309,3.285,ResOve,[Pretrained] CF ResOve,0.112,0,0.112,752,24,0.0,5,0.5060000000000002,0.02400000000000002,0.5
748,feature_0 > 0.26 AND feature_1 > 1.06 AND feature_1 > 1.463 AND feature_0 > 0.557 AND feature_2 <= 0.652 AND feature_7 > -0.835 AND feature_0 > 0.767 AND feature_9 <= 0.059,"{'feature_0': (0.767, 3.845), 'feature_1': (1.463, 3.852), 'feature_2': (-3.74, 0.652), 'feature_7': (-0.835, 3.492), 'feature_9': (-3.581, 0.059)}",5,2.879,8,[Pretrained] CF,"[468, 710, 734, 740, 741, 745, 747]",3.155,3.186,ResOve,[Pretrained] CF ResOve,0.112,0,0.112,752,25,0.0,5,0.2759999999999998,0.03100000000000014,0.5
742,feature_0 > 0.26 AND feature_1 > 1.06 AND feature_1 > 1.463 AND feature_0 > 0.557 AND feature_2 <= 0.652 AND feature_7 <= -0.835,"{'feature_0': (0.557, 3.845), 'feature_1': (1.463, 3.852), 'feature_2': (-3.74, 0.652), 'feature_7': (-3.746, -0.835)}",4,2.959,6,[Pretrained] CF,"[468, 710, 734, 740, 741]",3.114,3.161,ResOve,[Pretrained] CF ResOve,0.112,0,0.112,752,27,0.0,5,0.1549999999999998,0.04700000000000015,0.5
723,feature_0 > 0.26 AND feature_1 > 1.06 AND feature_1 <= 1.463 AND feature_0 > 0.763 AND feature_2 <= 0.453 AND feature_7 <= -0.169,"{'feature_0': (0.763, 3.845), 'feature_1': (1.06, 1.463), 'feature_2': (-3.74, 0.453), 'feature_7': (-3.746, -0.169)}",4,2.674,6,[Pretrained] CF,"[468, 710, 711, 721, 722]",2.878,2.784,ResOve,[Pretrained] CF ResOve,0.112,0,0.112,752,34,0.0,5,0.20400000000000018,0.0940000000000003,0.5
742,feature_0 > 0.26 AND feature_1 > 1.06 AND feature_1 > 1.463 AND feature_0 > 0.557 AND feature_2 <= 0.652 AND feature_7 <= -0.835,"{'feature_0': (0.557, 3.845), 'feature_1': (1.463, 3.852), 'feature_2': (-3.74, 0.652), 'feature_7': (-3.746, -0.835)}",4,2.959,6,[Pretrained] CF,"[468, 710, 734, 740, 741]",3.114,3.161,NoOve,[Pretrained] CF NoOve,0.015,0,0.015,752,27,0.0,5,0.1549999999999998,0.04700000000000015,0.5
745,feature_0 > 0.26 AND feature_1 > 1.06 AND feature_1 > 1.463 AND feature_0 > 0.557 AND feature_2 <= 0.652 AND feature_7 > -0.835,"{'feature_0': (0.557, 3.845), 'feature_1': (1.463, 3.852), 'feature_2': (-3.74, 0.652), 'feature_7': (-0.835, 3.492)}",4,2.804,6,[Pretrained] CF,"[468, 710, 734, 740, 741]",3.046,3.049,NoOve,[Pretrained] CF NoOve,0.015,0,0.015,752,74,0.0,5,0.242,0.0030000000000001137,0.5
752,feature_0 > 0.26 AND feature_1 > 1.06 AND feature_1 > 1.463 AND feature_0 > 0.557 AND feature_2 > 0.652 AND feature_1 > 1.686,"{'feature_0': (0.557, 3.845), 'feature_1': (1.686, 3.852), 'feature_2': (0.652, 4.02)}",3,2.72,6,[Pretrained] CF,"[468, 710, 734, 740, 750]",3.443,3.378,NoOve,[Pretrained] CF NoOve,0.015,0,0.015,752,23,0.0,5,0.7229999999999999,0.06499999999999995,0.5
723,feature_0 > 0.26 AND feature_1 > 1.06 AND feature_1 <= 1.463 AND feature_0 > 0.763 AND feature_2 <= 0.453 AND feature_7 <= -0.169,"{'feature_0': (0.763, 3.845), 'feature_1': (1.06, 1.463), 'feature_2': (-3.74, 0.453), 'feature_7': (-3.746, -0.169)}",4,2.674,6,[Pretrained] CF,"[468, 710, 711, 721, 722]",2.878,2.784,NoOve,[Pretrained] CF NoOve,0.015,0,0.015,752,34,0.0,5,0.20400000000000018,0.0940000000000003,0.5
739,feature_0 > 0.26 AND feature_1 > 1.06 AND feature_1 > 1.463 AND feature_0 <= 0.557 AND feature_0 > 0.352 AND feature_1 > 1.661,"{'feature_0': (0.352, 0.557), 'feature_1': (1.661, 3.852)}",2,2.668,6,[Pretrained] CF,"[468, 710, 734, 735, 737]",2.549,2.57,NoOve,[Pretrained] CF NoOve,0.015,0,0.015,752,21,0.0,5,0.11900000000000022,0.020999999999999908,0.5
741,feature_0 > 0.26 AND feature_1 > 1.06 AND feature_1 > 1.463 AND feature_0 > 0.557 AND feature_2 <= 0.652,"{'feature_0': (0.557, 3.845), 'feature_1': (1.463, 3.852), 'feature_2': (-3.74, 0.652)}",3,2.846,5,[Pretrained] CF,"[468, 710, 734, 740]",3.064,3.051,OptRes,[Pretrained] CF OptRes,0.011,0,0.011,752,30,0.06502636203866433,5,0.21799999999999997,0.0129999999999999,0.1
722,feature_0 > 0.26 AND feature_1 > 1.06 AND feature_1 <= 1.463 AND feature_0 > 0.763 AND feature_2 <= 0.453,"{'feature_0': (0.763, 3.845), 'feature_1': (1.06, 1.463), 'feature_2': (-3.74, 0.453)}",3,2.584,5,[Pretrained] CF,"[468, 710, 711, 721]",2.782,2.684,OptRes,[Pretrained] CF OptRes,0.011,0,0.011,752,27,0.04745166959578207,5,0.19799999999999995,0.09799999999999986,0.1
710,feature_0 > 0.26 AND feature_1 > 1.06,"{'feature_0': (0.26, 3.845), 'feature_1': (1.06, 3.852)}",2,2.521,2,[Pretrained] CF,[468],2.66,2.592,OptRes,[Pretrained] CF OptRes,0.011,0,0.011,752,138,0.11247803163444639,5,0.13900000000000023,0.06800000000000006,0.1
703,feature_0 > 0.26 AND feature_1 <= 1.06 AND feature_0 > 0.8 AND feature_1 > 0.12 AND feature_0 > 1.421 AND feature_4 > 0.123,"{'feature_0': (1.421, 3.845), 'feature_1': (0.12, 1.06), 'feature_4': (0.123, 3.804)}",3,2.337,6,[Pretrained] CF,"[468, 469, 583, 659, 693]",2.834,2.884,OptRes,[Pretrained] CF OptRes,0.011,0,0.011,752,26,0.11318897637795275,5,0.4969999999999999,0.04999999999999982,0.1
693,feature_0 > 0.26 AND feature_1 <= 1.06 AND feature_0 > 0.8 AND feature_1 > 0.12 AND feature_0 > 1.421,"{'feature_0': (1.421, 3.845), 'feature_1': (0.12, 1.06)}",2,2.215,5,[Pretrained] CF,"[468, 469, 583, 659]",2.881,2.91,OptRes,[Pretrained] CF OptRes,0.011,0,0.011,752,49,0.11318897637795275,5,0.6659999999999999,0.02900000000000036,0.1
745,feature_0 > 0.26 AND feature_1 > 1.06 AND feature_1 > 1.463 AND feature_0 > 0.557 AND feature_2 <= 0.652 AND feature_7 > -0.835,"{'feature_0': (0.557, 3.845), 'feature_1': (1.463, 3.852), 'feature_2': (-3.74, 0.652), 'feature_7': (-0.835, 3.492)}",4,2.804,6,[Pretrained] CF,"[468, 710, 734, 740, 741]",3.046,3.009,ResOve,[Pretrained] CF ResOve,0.136,0,0.136,752,21,0.28133353133353134,5,0.242,0.03699999999999992,0.1
741,feature_0 > 0.26 AND feature_1 > 1.06 AND feature_1 > 1.463 AND feature_0 > 0.557 AND feature_2 <= 0.652,"{'feature_0': (0.557, 3.845), 'feature_1': (1.463, 3.852), 'feature_2': (-3.74, 0.652)}",3,2.846,5,[Pretrained] CF,"[468, 710, 734, 740]",3.064,3.051,ResOve,[Pretrained] CF ResOve,0.136,0,0.136,752,30,0.31796356796356795,5,0.21799999999999997,0.0129999999999999,0.1
734,feature_0 > 0.26 AND feature_1 > 1.06 AND feature_1 > 1.463,"{'feature_0': (0.26, 3.845), 'feature_1': (1.463, 3.852)}",2,2.726,3,[Pretrained] CF,"[468, 710]",2.916,2.95,ResOve,[Pretrained] CF ResOve,0.136,0,0.136,752,56,0.23443223443223443,5,0.18999999999999995,0.03400000000000025,0.1
722,feature_0 > 0.26 AND feature_1 > 1.06 AND feature_1 <= 1.463 AND feature_0 > 0.763 AND feature_2 <= 0.453,"{'feature_0': (0.763, 3.845), 'feature_1': (1.06, 1.463), 'feature_2': (-3.74, 0.453)}",3,2.584,5,[Pretrained] CF,"[468, 710, 711, 721]",2.782,2.684,ResOve,[Pretrained] CF ResOve,0.136,0,0.136,752,27,0.0,5,0.19799999999999995,0.09799999999999986,0.1
703,feature_0 > 0.26 AND feature_1 <= 1.06 AND feature_0 > 0.8 AND feature_1 > 0.12 AND feature_0 > 1.421 AND feature_4 > 0.123,"{'feature_0': (1.421, 3.845), 'feature_1': (0.12, 1.06), 'feature_4': (0.123, 3.804)}",3,2.337,6,[Pretrained] CF,"[468, 469, 583, 659, 693]",2.834,2.884,ResOve,[Pretrained] CF ResOve,0.136,0,0.136,752,26,0.0,5,0.4969999999999999,0.04999999999999982,0.1
741,feature_0 > 0.26 AND feature_1 > 1.06 AND feature_1 > 1.463 AND feature_0 > 0.557 AND feature_2 <= 0.652,"{'feature_0': (0.557, 3.845), 'feature_1': (1.463, 3.852), 'feature_2': (-3.74, 0.652)}",3,2.846,5,[Pretrained] CF,"[468, 710, 734, 740]",3.064,3.051,NoOve,[Pretrained] CF NoOve,0.074,0,0.074,752,30,0.0,5,0.21799999999999997,0.0129999999999999,0.1
722,feature_0 > 0.26 AND feature_1 > 1.06 AND feature_1 <= 1.463 AND feature_0 > 0.763 AND feature_2 <= 0.453,"{'feature_0': (0.763, 3.845), 'feature_1': (1.06, 1.463), 'feature_2': (-3.74, 0.453)}",3,2.584,5,[Pretrained] CF,"[468, 710, 711, 721]",2.782,2.684,NoOve,[Pretrained] CF NoOve,0.074,0,0.074,752,27,0.0,5,0.19799999999999995,0.09799999999999986,0.1
693,feature_0 > 0.26 AND feature_1 <= 1.06 AND feature_0 > 0.8 AND feature_1 > 0.12 AND feature_0 > 1.421,"{'feature_0': (1.421, 3.845), 'feature_1': (0.12, 1.06)}",2,2.215,5,[Pretrained] CF,"[468, 469, 583, 659]",2.881,2.91,NoOve,[Pretrained] CF NoOve,0.074,0,0.074,752,49,0.0,5,0.6659999999999999,0.02900000000000036,0.1
714,feature_0 > 0.26 AND feature_1 > 1.06 AND feature_1 <= 1.463 AND feature_0 <= 0.763 AND feature_0 > 0.334,"{'feature_0': (0.334, 0.763), 'feature_1': (1.06, 1.463)}",2,2.186,5,[Pretrained] CF,"[468, 710, 711, 712]",2.039,2.049,NoOve,[Pretrained] CF NoOve,0.074,0,0.074,752,29,0.0,5,0.1469999999999998,0.009999999999999787,0.1
660,feature_0 > 0.26 AND feature_1 <= 1.06 AND feature_0 > 0.8 AND feature_1 > 0.12 AND feature_0 <= 1.421,"{'feature_0': (0.8, 1.421), 'feature_1': (0.12, 1.06)}",2,1.97,5,[Pretrained] CF,"[468, 469, 583, 659]",2.084,2.069,NoOve,[Pretrained] CF NoOve,0.074,0,0.074,752,98,0.0,5,0.1140000000000001,0.015000000000000124,0.1
742,feature_0 > 0.26 AND feature_1 > 1.06 AND feature_1 > 1.463 AND feature_0 > 0.557 AND feature_2 <= 0.652 AND feature_7 <= -0.835,"{'feature_0': (0.557, 3.845), 'feature_1': (1.463, 3.852), 'feature_2': (-3.74, 0.652), 'feature_7': (-3.746, -0.835)}",4,2.959,6,[Pretrained] CF,"[468, 710, 734, 740, 741]",3.114,3.039,OptRes,[Pretrained] CF OptRes,0.007,0,0.007,752,31,0.06756756756756757,5,0.1549999999999998,0.07499999999999973,0.2
748,feature_0 > 0.26 AND feature_1 > 1.06 AND feature_1 > 1.463 AND feature_0 > 0.557 AND feature_2 <= 0.652 AND feature_7 > -0.835 AND feature_0 > 0.767 AND feature_9 <= 0.059,"{'feature_0': (0.767, 3.845), 'feature_1': (1.463, 3.852), 'feature_2': (-3.74, 0.652), 'feature_7': (-0.835, 3.492), 'feature_9': (-3.581, 0.059)}",5,2.879,8,[Pretrained] CF,"[468, 710, 734, 740, 741, 745, 747]",3.155,3.197,OptRes,[Pretrained] CF OptRes,0.007,0,0.007,752,29,0.06418918918918919,5,0.2759999999999998,0.04200000000000026,0.2
741,feature_0 > 0.26 AND feature_1 > 1.06 AND feature_1 > 1.463 AND feature_0 > 0.557 AND feature_2 <= 0.652,"{'feature_0': (0.557, 3.845), 'feature_1': (1.463, 3.852), 'feature_2': (-3.74, 0.652)}",3,2.846,5,[Pretrained] CF,"[468, 710, 734, 740]",3.064,3.043,OptRes,[Pretrained] CF OptRes,0.007,0,0.007,752,105,0.25,5,0.21799999999999997,0.020999999999999908,0.2
749,feature_0 > 0.26 AND feature_1 > 1.06 AND feature_1 > 1.463 AND feature_0 > 0.557 AND feature_2 <= 0.652 AND feature_7 > -0.835 AND feature_0 > 0.767 AND feature_9 > 0.059,"{'feature_0': (0.767, 3.845), 'feature_1': (1.463, 3.852), 'feature_2': (-3.74, 0.652), 'feature_7': (-0.835, 3.492), 'feature_9': (0.059, 3.767)}",5,2.803,8,[Pretrained] CF,"[468, 710, 734, 740, 741, 745, 747]",3.309,3.275,OptRes,[Pretrained] CF OptRes,0.007,0,0.007,752,23,0.05912162162162162,5,0.5060000000000002,0.03400000000000025,0.2
746,feature_0 > 0.26 AND feature_1 > 1.06 AND feature_1 > 1.463 AND feature_0 > 0.557 AND feature_2 <= 0.652 AND feature_7 > -0.835 AND feature_0 <= 0.767,"{'feature_0': (0.557, 0.767), 'feature_1': (1.463, 3.852), 'feature_2': (-3.74, 0.652), 'feature_7': (-0.835, 3.492)}",4,2.722,7,[Pretrained] CF,"[468, 710, 734, 740, 741, 745]",2.664,2.6,OptRes,[Pretrained] CF OptRes,0.007,0,0.007,752,22,0.05912162162162162,5,0.05799999999999983,0.06400000000000006,0.2
752,feature_0 > 0.26 AND feature_1 > 1.06 AND feature_1 > 1.463 AND feature_0 > 0.557 AND feature_2 > 0.652 AND feature_1 > 1.686,"{'feature_0': (0.557, 3.845), 'feature_1': (1.686, 3.852), 'feature_2': (0.652, 4.02)}",3,2.72,6,[Pretrained] CF,"[468, 710, 734, 740, 750]",3.443,3.424,ResOve,[Pretrained] CF ResOve,0.111,0,0.111,752,28,0.0,5,0.7229999999999999,0.019000000000000128,0.2
749,feature_0 > 0.26 AND feature_1 > 1.06 AND feature_1 > 1.463 AND feature_0 > 0.557 AND feature_2 <= 0.652 AND feature_7 > -0.835 AND feature_0 > 0.767 AND feature_9 > 0.059,"{'feature_0': (0.767, 3.845), 'feature_1': (1.463, 3.852), 'feature_2': (-3.74, 0.652), 'feature_7': (-0.835, 3.492), 'feature_9': (0.059, 3.767)}",5,2.803,8,[Pretrained] CF,"[468, 710, 734, 740, 741, 745, 747]",3.309,3.275,ResOve,[Pretrained] CF ResOve,0.111,0,0.111,752,23,0.0,5,0.5060000000000002,0.03400000000000025,0.2
748,feature_0 > 0.26 AND feature_1 > 1.06 AND feature_1 > 1.463 AND feature_0 > 0.557 AND feature_2 <= 0.652 AND feature_7 > -0.835 AND feature_0 > 0.767 AND feature_9 <= 0.059,"{'feature_0': (0.767, 3.845), 'feature_1': (1.463, 3.852), 'feature_2': (-3.74, 0.652), 'feature_7': (-0.835, 3.492), 'feature_9': (-3.581, 0.059)}",5,2.879,8,[Pretrained] CF,"[468, 710, 734, 740, 741, 745, 747]",3.155,3.197,ResOve,[Pretrained] CF ResOve,0.111,0,0.111,752,29,0.0,5,0.2759999999999998,0.04200000000000026,0.2
742,feature_0 > 0.26 AND feature_1 > 1.06 AND feature_1 > 1.463 AND feature_0 > 0.557 AND feature_2 <= 0.652 AND feature_7 <= -0.835,"{'feature_0': (0.557, 3.845), 'feature_1': (1.463, 3.852), 'feature_2': (-3.74, 0.652), 'feature_7': (-3.746, -0.835)}",4,2.959,6,[Pretrained] CF,"[468, 710, 734, 740, 741]",3.114,3.039,ResOve,[Pretrained] CF ResOve,0.111,0,0.111,752,31,0.0,5,0.1549999999999998,0.07499999999999973,0.2
723,feature_0 > 0.26 AND feature_1 > 1.06 AND feature_1 <= 1.463 AND feature_0 > 0.763 AND feature_2 <= 0.453 AND feature_7 <= -0.169,"{'feature_0': (0.763, 3.845), 'feature_1': (1.06, 1.463), 'feature_2': (-3.74, 0.453), 'feature_7': (-3.746, -0.169)}",4,2.674,6,[Pretrained] CF,"[468, 710, 711, 721, 722]",2.878,2.89,ResOve,[Pretrained] CF ResOve,0.111,0,0.111,752,43,0.0,5,0.20400000000000018,0.01200000000000001,0.2
742,feature_0 > 0.26 AND feature_1 > 1.06 AND feature_1 > 1.463 AND feature_0 > 0.557 AND feature_2 <= 0.652 AND feature_7 <= -0.835,"{'feature_0': (0.557, 3.845), 'feature_1': (1.463, 3.852), 'feature_2': (-3.74, 0.652), 'feature_7': (-3.746, -0.835)}",4,2.959,6,[Pretrained] CF,"[468, 710, 734, 740, 741]",3.114,3.039,NoOve,[Pretrained] CF NoOve,0.011,0,0.011,752,31,0.0,5,0.1549999999999998,0.07499999999999973,0.2
745,feature_0 > 0.26 AND feature_1 > 1.06 AND feature_1 > 1.463 AND feature_0 > 0.557 AND feature_2 <= 0.652 AND feature_7 > -0.835,"{'feature_0': (0.557, 3.845), 'feature_1': (1.463, 3.852), 'feature_2': (-3.74, 0.652), 'feature_7': (-0.835, 3.492)}",4,2.804,6,[Pretrained] CF,"[468, 710, 734, 740, 741]",3.046,3.044,NoOve,[Pretrained] CF NoOve,0.011,0,0.011,752,74,0.0,5,0.242,0.0019999999999997797,0.2
752,feature_0 > 0.26 AND feature_1 > 1.06 AND feature_1 > 1.463 AND feature_0 > 0.557 AND feature_2 > 0.652 AND feature_1 > 1.686,"{'feature_0': (0.557, 3.845), 'feature_1': (1.686, 3.852), 'feature_2': (0.652, 4.02)}",3,2.72,6,[Pretrained] CF,"[468, 710, 734, 740, 750]",3.443,3.424,NoOve,[Pretrained] CF NoOve,0.011,0,0.011,752,28,0.0,5,0.7229999999999999,0.019000000000000128,0.2
723,feature_0 > 0.26 AND feature_1 > 1.06 AND feature_1 <= 1.463 AND feature_0 > 0.763 AND feature_2 <= 0.453 AND feature_7 <= -0.169,"{'feature_0': (0.763, 3.845), 'feature_1': (1.06, 1.463), 'feature_2': (-3.74, 0.453), 'feature_7': (-3.746, -0.169)}",4,2.674,6,[Pretrained] CF,"[468, 710, 711, 721, 722]",2.878,2.89,NoOve,[Pretrained] CF NoOve,0.011,0,0.011,752,43,0.0,5,0.20400000000000018,0.01200000000000001,0.2
739,feature_0 > 0.26 AND feature_1 > 1.06 AND feature_1 > 1.463 AND feature_0 <= 0.557 AND feature_0 > 0.352 AND feature_1 > 1.661,"{'feature_0': (0.352, 0.557), 'feature_1': (1.661, 3.852)}",2,2.668,6,[Pretrained] CF,"[468, 710, 734, 735, 737]",2.549,2.517,NoOve,[Pretrained] CF NoOve,0.011,0,0.011,752,23,0.0,5,0.11900000000000022,0.03200000000000003,0.2
742,feature_0 > 0.26 AND feature_1 > 1.06 AND feature_1 > 1.463 AND feature_0 > 0.557 AND feature_2 <= 0.652 AND feature_7 <= -0.835,"{'feature_0': (0.557, 3.845), 'feature_1': (1.463, 3.852), 'feature_2': (-3.74, 0.652), 'feature_7': (-3.746, -0.835)}",4,2.959,6,[Pretrained] CF,"[468, 710, 734, 740, 741]",3.114,3.114,OptRes,[Pretrained] CF OptRes,0.007,0,0.007,752,40,0.06756756756756757,5,0.1549999999999998,0.0,0.3
748,feature_0 > 0.26 AND feature_1 > 1.06 AND feature_1 > 1.463 AND feature_0 > 0.557 AND feature_2 <= 0.652 AND feature_7 > -0.835 AND feature_0 > 0.767 AND feature_9 <= 0.059,"{'feature_0': (0.767, 3.845), 'feature_1': (1.463, 3.852), 'feature_2': (-3.74, 0.652), 'feature_7': (-0.835, 3.492), 'feature_9': (-3.581, 0.059)}",5,2.879,8,[Pretrained] CF,"[468, 710, 734, 740, 741, 745, 747]",3.155,3.155,OptRes,[Pretrained] CF OptRes,0.007,0,0.007,752,38,0.06418918918918919,5,0.2759999999999998,0.0,0.3
741,feature_0 > 0.26 AND feature_1 > 1.06 AND feature_1 > 1.463 AND feature_0 > 0.557 AND feature_2 <= 0.652,"{'feature_0': (0.557, 3.845), 'feature_1': (1.463, 3.852), 'feature_2': (-3.74, 0.652)}",3,2.846,5,[Pretrained] CF,"[468, 710, 734, 740]",3.064,3.064,OptRes,[Pretrained] CF OptRes,0.007,0,0.007,752,148,0.25,5,0.21799999999999997,0.0,0.3
749,feature_0 > 0.26 AND feature_1 > 1.06 AND feature_1 > 1.463 AND feature_0 > 0.557 AND feature_2 <= 0.652 AND feature_7 > -0.835 AND feature_0 > 0.767 AND feature_9 > 0.059,"{'feature_0': (0.767, 3.845), 'feature_1': (1.463, 3.852), 'feature_2': (-3.74, 0.652), 'feature_7': (-0.835, 3.492), 'feature_9': (0.059, 3.767)}",5,2.803,8,[Pretrained] CF,"[468, 710, 734, 740, 741, 745, 747]",3.309,3.309,OptRes,[Pretrained] CF OptRes,0.007,0,0.007,752,35,0.05912162162162162,5,0.5060000000000002,0.0,0.3
746,feature_0 > 0.26 AND feature_1 > 1.06 AND feature_1 > 1.463 AND feature_0 > 0.557 AND feature_2 <= 0.652 AND feature_7 > -0.835 AND feature_0 <= 0.767,"{'feature_0': (0.557, 0.767), 'feature_1': (1.463, 3.852), 'feature_2': (-3.74, 0.652), 'feature_7': (-0.835, 3.492)}",4,2.722,7,[Pretrained] CF,"[468, 710, 734, 740, 741, 745]",2.664,2.664,OptRes,[Pretrained] CF OptRes,0.007,0,0.007,752,35,0.05912162162162162,5,0.05799999999999983,0.0,0.3
752,feature_0 > 0.26 AND feature_1 > 1.06 AND feature_1 > 1.463 AND feature_0 > 0.557 AND feature_2 > 0.652 AND feature_1 > 1.686,"{'feature_0': (0.557, 3.845), 'feature_1': (1.686, 3.852), 'feature_2': (0.652, 4.02)}",3,2.72,6,[Pretrained] CF,"[468, 710, 734, 740, 750]",3.443,3.443,ResOve,[Pretrained] CF ResOve,0.05,0,0.05,752,32,0.0,5,0.7229999999999999,0.0,0.3
748,feature_0 > 0.26 AND feature_1 > 1.06 AND feature_1 > 1.463 AND feature_0 > 0.557 AND feature_2 <= 0.652 AND feature_7 > -0.835 AND feature_0 > 0.767 AND feature_9 <= 0.059,"{'feature_0': (0.767, 3.845), 'feature_1': (1.463, 3.852), 'feature_2': (-3.74, 0.652), 'feature_7': (-0.835, 3.492), 'feature_9': (-3.581, 0.059)}",5,2.879,8,[Pretrained] CF,"[468, 710, 734, 740, 741, 745, 747]",3.155,3.155,ResOve,[Pretrained] CF ResOve,0.05,0,0.05,752,38,0.0,5,0.2759999999999998,0.0,0.3
746,feature_0 > 0.26 AND feature_1 > 1.06 AND feature_1 > 1.463 AND feature_0 > 0.557 AND feature_2 <= 0.652 AND feature_7 > -0.835 AND feature_0 <= 0.767,"{'feature_0': (0.557, 0.767), 'feature_1': (1.463, 3.852), 'feature_2': (-3.74, 0.652), 'feature_7': (-0.835, 3.492)}",4,2.722,7,[Pretrained] CF,"[468, 710, 734, 740, 741, 745]",2.664,2.664,ResOve,[Pretrained] CF ResOve,0.05,0,0.05,752,35,0.0,5,0.05799999999999983,0.0,0.3
742,feature_0 > 0.26 AND feature_1 > 1.06 AND feature_1 > 1.463 AND feature_0 > 0.557 AND feature_2 <= 0.652 AND feature_7 <= -0.835,"{'feature_0': (0.557, 3.845), 'feature_1': (1.463, 3.852), 'feature_2': (-3.74, 0.652), 'feature_7': (-3.746, -0.835)}",4,2.959,6,[Pretrained] CF,"[468, 710, 734, 740, 741]",3.114,3.114,ResOve,[Pretrained] CF ResOve,0.05,0,0.05,752,40,0.0,5,0.1549999999999998,0.0,0.3
723,feature_0 > 0.26 AND feature_1 > 1.06 AND feature_1 <= 1.463 AND feature_0 > 0.763 AND feature_2 <= 0.453 AND feature_7 <= -0.169,"{'feature_0': (0.763, 3.845), 'feature_1': (1.06, 1.463), 'feature_2': (-3.74, 0.453), 'feature_7': (-3.746, -0.169)}",4,2.674,6,[Pretrained] CF,"[468, 710, 711, 721, 722]",2.878,2.878,ResOve,[Pretrained] CF ResOve,0.05,0,0.05,752,57,0.0,5,0.20400000000000018,0.0,0.3
742,feature_0 > 0.26 AND feature_1 > 1.06 AND feature_1 > 1.463 AND feature_0 > 0.557 AND feature_2 <= 0.652 AND feature_7 <= -0.835,"{'feature_0': (0.557, 3.845), 'feature_1': (1.463, 3.852), 'feature_2': (-3.74, 0.652), 'feature_7': (-3.746, -0.835)}",4,2.959,6,[Pretrained] CF,"[468, 710, 734, 740, 741]",3.114,3.114,NoOve,[Pretrained] CF NoOve,0.009,0,0.009,752,40,0.0,5,0.1549999999999998,0.0,0.3
745,feature_0 > 0.26 AND feature_1 > 1.06 AND feature_1 > 1.463 AND feature_0 > 0.557 AND feature_2 <= 0.652 AND feature_7 > -0.835,"{'feature_0': (0.557, 3.845), 'feature_1': (1.463, 3.852), 'feature_2': (-3.74, 0.652), 'feature_7': (-0.835, 3.492)}",4,2.804,6,[Pretrained] CF,"[468, 710, 734, 740, 741]",3.046,3.046,NoOve,[Pretrained] CF NoOve,0.009,0,0.009,752,108,0.0,5,0.242,0.0,0.3
752,feature_0 > 0.26 AND feature_1 > 1.06 AND feature_1 > 1.463 AND feature_0 > 0.557 AND feature_2 > 0.652 AND feature_1 > 1.686,"{'feature_0': (0.557, 3.845), 'feature_1': (1.686, 3.852), 'feature_2': (0.652, 4.02)}",3,2.72,6,[Pretrained] CF,"[468, 710, 734, 740, 750]",3.443,3.443,NoOve,[Pretrained] CF NoOve,0.009,0,0.009,752,32,0.0,5,0.7229999999999999,0.0,0.3
723,feature_0 > 0.26 AND feature_1 > 1.06 AND feature_1 <= 1.463 AND feature_0 > 0.763 AND feature_2 <= 0.453 AND feature_7 <= -0.169,"{'feature_0': (0.763, 3.845), 'feature_1': (1.06, 1.463), 'feature_2': (-3.74, 0.453), 'feature_7': (-3.746, -0.169)}",4,2.674,6,[Pretrained] CF,"[468, 710, 711, 721, 722]",2.878,2.878,NoOve,[Pretrained] CF NoOve,0.009,0,0.009,752,57,0.0,5,0.20400000000000018,0.0,0.3
739,feature_0 > 0.26 AND feature_1 > 1.06 AND feature_1 > 1.463 AND feature_0 <= 0.557 AND feature_0 > 0.352 AND feature_1 > 1.661,"{'feature_0': (0.352, 0.557), 'feature_1': (1.661, 3.852)}",2,2.668,6,[Pretrained] CF,"[468, 710, 734, 735, 737]",2.549,2.549,NoOve,[Pretrained] CF NoOve,0.009,0,0.009,752,30,0.0,5,0.11900000000000022,0.0,0.3
742,feature_0 > 0.26 AND feature_1 > 1.06 AND feature_1 > 1.463 AND feature_0 > 0.557 AND feature_2 <= 0.652 AND feature_7 <= -0.835,"{'feature_0': (0.557, 3.845), 'feature_1': (1.463, 3.852), 'feature_2': (-3.74, 0.652), 'feature_7': (-3.746, -0.835)}",4,2.959,6,[Pretrained] CF,"[468, 710, 734, 740, 741]",3.114,3.114,OptRes,[Pretrained] CF OptRes,0.008,0,0.008,752,40,0.06756756756756757,5,0.1549999999999998,0.0,0.4
748,feature_0 > 0.26 AND feature_1 > 1.06 AND feature_1 > 1.463 AND feature_0 > 0.557 AND feature_2 <= 0.652 AND feature_7 > -0.835 AND feature_0 > 0.767 AND feature_9 <= 0.059,"{'feature_0': (0.767, 3.845), 'feature_1': (1.463, 3.852), 'feature_2': (-3.74, 0.652), 'feature_7': (-0.835, 3.492), 'feature_9': (-3.581, 0.059)}",5,2.879,8,[Pretrained] CF,"[468, 710, 734, 740, 741, 745, 747]",3.155,3.139,OptRes,[Pretrained] CF OptRes,0.008,0,0.008,752,29,0.06418918918918919,5,0.2759999999999998,0.016000000000000014,0.4
741,feature_0 > 0.26 AND feature_1 > 1.06 AND feature_1 > 1.463 AND feature_0 > 0.557 AND feature_2 <= 0.652,"{'feature_0': (0.557, 3.845), 'feature_1': (1.463, 3.852), 'feature_2': (-3.74, 0.652)}",3,2.846,5,[Pretrained] CF,"[468, 710, 734, 740]",3.064,3.056,OptRes,[Pretrained] CF OptRes,0.008,0,0.008,752,112,0.19087837837837837,5,0.21799999999999997,0.008000000000000007,0.4
749,feature_0 > 0.26 AND feature_1 > 1.06 AND feature_1 > 1.463 AND feature_0 > 0.557 AND feature_2 <= 0.652 AND feature_7 > -0.835 AND feature_0 > 0.767 AND feature_9 > 0.059,"{'feature_0': (0.767, 3.845), 'feature_1': (1.463, 3.852), 'feature_2': (-3.74, 0.652), 'feature_7': (-0.835, 3.492), 'feature_9': (0.059, 3.767)}",5,2.803,8,[Pretrained] CF,"[468, 710, 734, 740, 741, 745, 747]",3.309,3.27,OptRes,[Pretrained] CF OptRes,0.008,0,0.008,752,23,0.05912162162162162,5,0.5060000000000002,0.039000000000000146,0.4
752,feature_0 > 0.26 AND feature_1 > 1.06 AND feature_1 > 1.463 AND feature_0 > 0.557 AND feature_2 > 0.652 AND feature_1 > 1.686,"{'feature_0': (0.557, 3.845), 'feature_1': (1.686, 3.852), 'feature_2': (0.652, 4.02)}",3,2.72,6,[Pretrained] CF,"[468, 710, 734, 740, 750]",3.443,3.462,OptRes,[Pretrained] CF OptRes,0.008,0,0.008,752,21,0.0,5,0.7229999999999999,0.019000000000000128,0.4
752,feature_0 > 0.26 AND feature_1 > 1.06 AND feature_1 > 1.463 AND feature_0 > 0.557 AND feature_2 > 0.652 AND feature_1 > 1.686,"{'feature_0': (0.557, 3.845), 'feature_1': (1.686, 3.852), 'feature_2': (0.652, 4.02)}",3,2.72,6,[Pretrained] CF,"[468, 710, 734, 740, 750]",3.443,3.462,ResOve,[Pretrained] CF ResOve,0.109,0,0.109,752,21,0.0,5,0.7229999999999999,0.019000000000000128,0.4
748,feature_0 > 0.26 AND feature_1 > 1.06 AND feature_1 > 1.463 AND feature_0 > 0.557 AND feature_2 <= 0.652 AND feature_7 > -0.835 AND feature_0 > 0.767 AND feature_9 <= 0.059,"{'feature_0': (0.767, 3.845), 'feature_1': (1.463, 3.852), 'feature_2': (-3.74, 0.652), 'feature_7': (-0.835, 3.492), 'feature_9': (-3.581, 0.059)}",5,2.879,8,[Pretrained] CF,"[468, 710, 734, 740, 741, 745, 747]",3.155,3.139,ResOve,[Pretrained] CF ResOve,0.109,0,0.109,752,29,0.06418918918918919,5,0.2759999999999998,0.016000000000000014,0.4
741,feature_0 > 0.26 AND feature_1 > 1.06 AND feature_1 > 1.463 AND feature_0 > 0.557 AND feature_2 <= 0.652,"{'feature_0': (0.557, 3.845), 'feature_1': (1.463, 3.852), 'feature_2': (-3.74, 0.652)}",3,2.846,5,[Pretrained] CF,"[468, 710, 734, 740]",3.064,3.056,ResOve,[Pretrained] CF ResOve,0.109,0,0.109,752,112,0.06418918918918919,5,0.21799999999999997,0.008000000000000007,0.4
739,feature_0 > 0.26 AND feature_1 > 1.06 AND feature_1 > 1.463 AND feature_0 <= 0.557 AND feature_0 > 0.352 AND feature_1 > 1.661,"{'feature_0': (0.352, 0.557), 'feature_1': (1.661, 3.852)}",2,2.668,6,[Pretrained] CF,"[468, 710, 734, 735, 737]",2.549,2.558,ResOve,[Pretrained] CF ResOve,0.109,0,0.109,752,25,0.0,5,0.11900000000000022,0.008999999999999897,0.4
723,feature_0 > 0.26 AND feature_1 > 1.06 AND feature_1 <= 1.463 AND feature_0 > 0.763 AND feature_2 <= 0.453 AND feature_7 <= -0.169,"{'feature_0': (0.763, 3.845), 'feature_1': (1.06, 1.463), 'feature_2': (-3.74, 0.453), 'feature_7': (-3.746, -0.169)}",4,2.674,6,[Pretrained] CF,"[468, 710, 711, 721, 722]",2.878,2.878,ResOve,[Pretrained] CF ResOve,0.109,0,0.109,752,57,0.0,5,0.20400000000000018,0.0,0.4
742,feature_0 > 0.26 AND feature_1 > 1.06 AND feature_1 > 1.463 AND feature_0 > 0.557 AND feature_2 <= 0.652 AND feature_7 <= -0.835,"{'feature_0': (0.557, 3.845), 'feature_1': (1.463, 3.852), 'feature_2': (-3.74, 0.652), 'feature_7': (-3.746, -0.835)}",4,2.959,6,[Pretrained] CF,"[468, 710, 734, 740, 741]",3.114,3.114,NoOve,[Pretrained] CF NoOve,0.013,0,0.013,752,40,0.0,5,0.1549999999999998,0.0,0.4
745,feature_0 > 0.26 AND feature_1 > 1.06 AND feature_1 > 1.463 AND feature_0 > 0.557 AND feature_2 <= 0.652 AND feature_7 > -0.835,"{'feature_0': (0.557, 3.845), 'feature_1': (1.463, 3.852), 'feature_2': (-3.74, 0.652), 'feature_7': (-0.835, 3.492)}",4,2.804,6,[Pretrained] CF,"[468, 710, 734, 740, 741]",3.046,3.023,NoOve,[Pretrained] CF NoOve,0.013,0,0.013,752,72,0.0,5,0.242,0.022999999999999687,0.4
752,feature_0 > 0.26 AND feature_1 > 1.06 AND feature_1 > 1.463 AND feature_0 > 0.557 AND feature_2 > 0.652 AND feature_1 > 1.686,"{'feature_0': (0.557, 3.845), 'feature_1': (1.686, 3.852), 'feature_2': (0.652, 4.02)}",3,2.72,6,[Pretrained] CF,"[468, 710, 734, 740, 750]",3.443,3.462,NoOve,[Pretrained] CF NoOve,0.013,0,0.013,752,21,0.0,5,0.7229999999999999,0.019000000000000128,0.4
723,feature_0 > 0.26 AND feature_1 > 1.06 AND feature_1 <= 1.463 AND feature_0 > 0.763 AND feature_2 <= 0.453 AND feature_7 <= -0.169,"{'feature_0': (0.763, 3.845), 'feature_1': (1.06, 1.463), 'feature_2': (-3.74, 0.453), 'feature_7': (-3.746, -0.169)}",4,2.674,6,[Pretrained] CF,"[468, 710, 711, 721, 722]",2.878,2.878,NoOve,[Pretrained] CF NoOve,0.013,0,0.013,752,57,0.0,5,0.20400000000000018,0.0,0.4
739,feature_0 > 0.26 AND feature_1 > 1.06 AND feature_1 > 1.463 AND feature_0 <= 0.557 AND feature_0 > 0.352 AND feature_1 > 1.661,"{'feature_0': (0.352, 0.557), 'feature_1': (1.661, 3.852)}",2,2.668,6,[Pretrained] CF,"[468, 710, 734, 735, 737]",2.549,2.558,NoOve,[Pretrained] CF NoOve,0.013,0,0.013,752,25,0.0,5,0.11900000000000022,0.008999999999999897,0.4
742,feature_0 > 0.26 AND feature_1 > 1.06 AND feature_1 > 1.463 AND feature_0 > 0.557 AND feature_2 <= 0.652 AND feature_7 <= -0.835,"{'feature_0': (0.557, 3.845), 'feature_1': (1.463, 3.852), 'feature_2': (-3.74, 0.652), 'feature_7': (-3.746, -0.835)}",4,2.959,6,[Pretrained] CF,"[468, 710, 734, 740, 741]",3.114,3.136,OptRes,[Pretrained] CF OptRes,0.008,0,0.008,752,34,0.06756756756756757,5,0.1549999999999998,0.02200000000000024,0.5
748,feature_0 > 0.26 AND feature_1 > 1.06 AND feature_1 > 1.463 AND feature_0 > 0.557 AND feature_2 <= 0.652 AND feature_7 > -0.835 AND feature_0 > 0.767 AND feature_9 <= 0.059,"{'feature_0': (0.767, 3.845), 'feature_1': (1.463, 3.852), 'feature_2': (-3.74, 0.652), 'feature_7': (-0.835, 3.492), 'feature_9': (-3.581, 0.059)}",5,2.879,8,[Pretrained] CF,"[468, 710, 734, 740, 741, 745, 747]",3.155,3.08,OptRes,[Pretrained] CF OptRes,0.008,0,0.008,752,30,0.06418918918918919,5,0.2759999999999998,0.07499999999999973,0.5
741,feature_0 > 0.26 AND feature_1 > 1.06 AND feature_1 > 1.463 AND feature_0 > 0.557 AND feature_2 <= 0.652,"{'feature_0': (0.557, 3.845), 'feature_1': (1.463, 3.852), 'feature_2': (-3.74, 0.652)}",3,2.846,5,[Pretrained] CF,"[468, 710, 734, 740]",3.064,3.069,OptRes,[Pretrained] CF OptRes,0.008,0,0.008,752,123,0.25,5,0.21799999999999997,0.004999999999999893,0.5
749,feature_0 > 0.26 AND feature_1 > 1.06 AND feature_1 > 1.463 AND feature_0 > 0.557 AND feature_2 <= 0.652 AND feature_7 > -0.835 AND feature_0 > 0.767 AND feature_9 > 0.059,"{'feature_0': (0.767, 3.845), 'feature_1': (1.463, 3.852), 'feature_2': (-3.74, 0.652), 'feature_7': (-0.835, 3.492), 'feature_9': (0.059, 3.767)}",5,2.803,8,[Pretrained] CF,"[468, 710, 734, 740, 741, 745, 747]",3.309,3.3,OptRes,[Pretrained] CF OptRes,0.008,0,0.008,752,32,0.05912162162162162,5,0.5060000000000002,0.009000000000000341,0.5
746,feature_0 > 0.26 AND feature_1 > 1.06 AND feature_1 > 1.463 AND feature_0 > 0.557 AND feature_2 <= 0.652 AND feature_7 > -0.835 AND feature_0 <= 0.767,"{'feature_0': (0.557, 0.767), 'feature_1': (1.463, 3.852), 'feature_2': (-3.74, 0.652), 'feature_7': (-0.835, 3.492)}",4,2.722,7,[Pretrained] CF,"[468, 710, 734, 740, 741, 745]",2.664,2.698,OptRes,[Pretrained] CF OptRes,0.008,0,0.008,752,27,0.05912162162162162,5,0.05799999999999983,0.03399999999999981,0.5
752,feature_0 > 0.26 AND feature_1 > 1.06 AND feature_1 > 1.463 AND feature_0 > 0.557 AND feature_2 > 0.652 AND feature_1 > 1.686,"{'feature_0': (0.557, 3.845), 'feature_1': (1.686, 3.852), 'feature_2': (0.652, 4.02)}",3,2.72,6,[Pretrained] CF,"[468, 710, 734, 740, 750]",3.443,3.431,ResOve,[Pretrained] CF ResOve,0.11,0,0.11,752,26,0.0,5,0.7229999999999999,0.01200000000000001,0.5
749,feature_0 > 0.26 AND feature_1 > 1.06 AND feature_1 > 1.463 AND feature_0 > 0.557 AND feature_2 <= 0.652 AND feature_7 > -0.835 AND feature_0 > 0.767 AND feature_9 > 0.059,"{'feature_0': (0.767, 3.845), 'feature_1': (1.463, 3.852), 'feature_2': (-3.74, 0.652), 'feature_7': (-0.835, 3.492), 'feature_9': (0.059, 3.767)}",5,2.803,8,[Pretrained] CF,"[468, 710, 734, 740, 741, 745, 747]",3.309,3.3,ResOve,[Pretrained] CF ResOve,0.11,0,0.11,752,32,0.0,5,0.5060000000000002,0.009000000000000341,0.5
748,feature_0 > 0.26 AND feature_1 > 1.06 AND feature_1 > 1.463 AND feature_0 > 0.557 AND feature_2 <= 0.652 AND feature_7 > -0.835 AND feature_0 > 0.767 AND feature_9 <= 0.059,"{'feature_0': (0.767, 3.845), 'feature_1': (1.463, 3.852), 'feature_2': (-3.74, 0.652), 'feature_7': (-0.835, 3.492), 'feature_9': (-3.581, 0.059)}",5,2.879,8,[Pretrained] CF,"[468, 710, 734, 740, 741, 745, 747]",3.155,3.08,ResOve,[Pretrained] CF ResOve,0.11,0,0.11,752,30,0.0,5,0.2759999999999998,0.07499999999999973,0.5
742,feature_0 > 0.26 AND feature_1 > 1.06 AND feature_1 > 1.463 AND feature_0 > 0.557 AND feature_2 <= 0.652 AND feature_7 <= -0.835,"{'feature_0': (0.557, 3.845), 'feature_1': (1.463, 3.852), 'feature_2': (-3.74, 0.652), 'feature_7': (-3.746, -0.835)}",4,2.959,6,[Pretrained] CF,"[468, 710, 734, 740, 741]",3.114,3.136,ResOve,[Pretrained] CF ResOve,0.11,0,0.11,752,34,0.0,5,0.1549999999999998,0.02200000000000024,0.5
723,feature_0 > 0.26 AND feature_1 > 1.06 AND feature_1 <= 1.463 AND feature_0 > 0.763 AND feature_2 <= 0.453 AND feature_7 <= -0.169,"{'feature_0': (0.763, 3.845), 'feature_1': (1.06, 1.463), 'feature_2': (-3.74, 0.453), 'feature_7': (-3.746, -0.169)}",4,2.674,6,[Pretrained] CF,"[468, 710, 711, 721, 722]",2.878,2.92,ResOve,[Pretrained] CF ResOve,0.11,0,0.11,752,41,0.0,5,0.20400000000000018,0.041999999999999815,0.5
742,feature_0 > 0.26 AND feature_1 > 1.06 AND feature_1 > 1.463 AND feature_0 > 0.557 AND feature_2 <= 0.652 AND feature_7 <= -0.835,"{'feature_0': (0.557, 3.845), 'feature_1': (1.463, 3.852), 'feature_2': (-3.74, 0.652), 'feature_7': (-3.746, -0.835)}",4,2.959,6,[Pretrained] CF,"[468, 710, 734, 740, 741]",3.114,3.136,NoOve,[Pretrained] CF NoOve,0.012,0,0.012,752,34,0.0,5,0.1549999999999998,0.02200000000000024,0.5
745,feature_0 > 0.26 AND feature_1 > 1.06 AND feature_1 > 1.463 AND feature_0 > 0.557 AND feature_2 <= 0.652 AND feature_7 > -0.835,"{'feature_0': (0.557, 3.845), 'feature_1': (1.463, 3.852), 'feature_2': (-3.74, 0.652), 'feature_7': (-0.835, 3.492)}",4,2.804,6,[Pretrained] CF,"[468, 710, 734, 740, 741]",3.046,3.043,NoOve,[Pretrained] CF NoOve,0.012,0,0.012,752,89,0.0,5,0.242,0.0029999999999996696,0.5
752,feature_0 > 0.26 AND feature_1 > 1.06 AND feature_1 > 1.463 AND feature_0 > 0.557 AND feature_2 > 0.652 AND feature_1 > 1.686,"{'feature_0': (0.557, 3.845), 'feature_1': (1.686, 3.852), 'feature_2': (0.652, 4.02)}",3,2.72,6,[Pretrained] CF,"[468, 710, 734, 740, 750]",3.443,3.431,NoOve,[Pretrained] CF NoOve,0.012,0,0.012,752,26,0.0,5,0.7229999999999999,0.01200000000000001,0.5
723,feature_0 > 0.26 AND feature_1 > 1.06 AND feature_1 <= 1.463 AND feature_0 > 0.763 AND feature_2 <= 0.453 AND feature_7 <= -0.169,"{'feature_0': (0.763, 3.845), 'feature_1': (1.06, 1.463), 'feature_2': (-3.74, 0.453), 'feature_7': (-3.746, -0.169)}",4,2.674,6,[Pretrained] CF,"[468, 710, 711, 721, 722]",2.878,2.92,NoOve,[Pretrained] CF NoOve,0.012,0,0.012,752,41,0.0,5,0.20400000000000018,0.041999999999999815,0.5
739,feature_0 > 0.26 AND feature_1 > 1.06 AND feature_1 > 1.463 AND feature_0 <= 0.557 AND feature_0 > 0.352 AND feature_1 > 1.661,"{'feature_0': (0.352, 0.557), 'feature_1': (1.661, 3.852)}",2,2.668,6,[Pretrained] CF,"[468, 710, 734, 735, 737]",2.549,2.558,NoOve,[Pretrained] CF NoOve,0.012,0,0.012,752,24,0.0,5,0.11900000000000022,0.008999999999999897,0.5
741,feature_0 > 0.26 AND feature_1 > 1.06 AND feature_1 > 1.463 AND feature_0 > 0.557 AND feature_2 <= 0.652,"{'feature_0': (0.557, 3.845), 'feature_1': (1.463, 3.852), 'feature_2': (-3.74, 0.652)}",3,2.846,5,[Pretrained] CF,"[468, 710, 734, 740]",3.064,3.143,OptRes,[Pretrained] CF OptRes,0.012,0,0.012,752,37,0.06502636203866433,5,0.21799999999999997,0.07899999999999974,0.1
722,feature_0 > 0.26 AND feature_1 > 1.06 AND feature_1 <= 1.463 AND feature_0 > 0.763 AND feature_2 <= 0.453,"{'feature_0': (0.763, 3.845), 'feature_1': (1.06, 1.463), 'feature_2': (-3.74, 0.453)}",3,2.584,5,[Pretrained] CF,"[468, 710, 711, 721]",2.782,2.75,OptRes,[Pretrained] CF OptRes,0.012,0,0.012,752,21,0.04745166959578207,5,0.19799999999999995,0.03200000000000003,0.1
710,feature_0 > 0.26 AND feature_1 > 1.06,"{'feature_0': (0.26, 3.845), 'feature_1': (1.06, 3.852)}",2,2.521,2,[Pretrained] CF,[468],2.66,2.642,OptRes,[Pretrained] CF OptRes,0.012,0,0.012,752,126,0.11247803163444639,5,0.13900000000000023,0.018000000000000238,0.1
703,feature_0 > 0.26 AND feature_1 <= 1.06 AND feature_0 > 0.8 AND feature_1 > 0.12 AND feature_0 > 1.421 AND feature_4 > 0.123,"{'feature_0': (1.421, 3.845), 'feature_1': (0.12, 1.06), 'feature_4': (0.123, 3.804)}",3,2.337,6,[Pretrained] CF,"[468, 469, 583, 659, 693]",2.834,2.787,OptRes,[Pretrained] CF OptRes,0.012,0,0.012,752,22,0.11318897637795275,5,0.4969999999999999,0.04700000000000015,0.1
693,feature_0 > 0.26 AND feature_1 <= 1.06 AND feature_0 > 0.8 AND feature_1 > 0.12 AND feature_0 > 1.421,"{'feature_0': (1.421, 3.845), 'feature_1': (0.12, 1.06)}",2,2.215,5,[Pretrained] CF,"[468, 469, 583, 659]",2.881,2.804,OptRes,[Pretrained] CF OptRes,0.012,0,0.012,752,40,0.11318897637795275,5,0.6659999999999999,0.07699999999999996,0.1
745,feature_0 > 0.26 AND feature_1 > 1.06 AND feature_1 > 1.463 AND feature_0 > 0.557 AND feature_2 <= 0.652 AND feature_7 > -0.835,"{'feature_0': (0.557, 3.845), 'feature_1': (1.463, 3.852), 'feature_2': (-3.74, 0.652), 'feature_7': (-0.835, 3.492)}",4,2.804,6,[Pretrained] CF,"[468, 710, 734, 740, 741]",3.046,3.07,ResOve,[Pretrained] CF ResOve,0.131,0,0.131,752,29,0.28133353133353134,5,0.242,0.02400000000000002,0.1
741,feature_0 > 0.26 AND feature_1 > 1.06 AND feature_1 > 1.463 AND feature_0 > 0.557 AND feature_2 <= 0.652,"{'feature_0': (0.557, 3.845), 'feature_1': (1.463, 3.852), 'feature_2': (-3.74, 0.652)}",3,2.846,5,[Pretrained] CF,"[468, 710, 734, 740]",3.064,3.143,ResOve,[Pretrained] CF ResOve,0.131,0,0.131,752,37,0.31796356796356795,5,0.21799999999999997,0.07899999999999974,0.1
734,feature_0 > 0.26 AND feature_1 > 1.06 AND feature_1 > 1.463,"{'feature_0': (0.26, 3.845), 'feature_1': (1.463, 3.852)}",2,2.726,3,[Pretrained] CF,"[468, 710]",2.916,2.9,ResOve,[Pretrained] CF ResOve,0.131,0,0.131,752,65,0.23443223443223443,5,0.18999999999999995,0.016000000000000014,0.1
722,feature_0 > 0.26 AND feature_1 > 1.06 AND feature_1 <= 1.463 AND feature_0 > 0.763 AND feature_2 <= 0.453,"{'feature_0': (0.763, 3.845), 'feature_1': (1.06, 1.463), 'feature_2': (-3.74, 0.453)}",3,2.584,5,[Pretrained] CF,"[468, 710, 711, 721]",2.782,2.75,ResOve,[Pretrained] CF ResOve,0.131,0,0.131,752,21,0.0,5,0.19799999999999995,0.03200000000000003,0.1
703,feature_0 > 0.26 AND feature_1 <= 1.06 AND feature_0 > 0.8 AND feature_1 > 0.12 AND feature_0 > 1.421 AND feature_4 > 0.123,"{'feature_0': (1.421, 3.845), 'feature_1': (0.12, 1.06), 'feature_4': (0.123, 3.804)}",3,2.337,6,[Pretrained] CF,"[468, 469, 583, 659, 693]",2.834,2.787,ResOve,[Pretrained] CF ResOve,0.131,0,0.131,752,22,0.0,5,0.4969999999999999,0.04700000000000015,0.1
741,feature_0 > 0.26 AND feature_1 > 1.06 AND feature_1 > 1.463 AND feature_0 > 0.557 AND feature_2 <= 0.652,"{'feature_0': (0.557, 3.845), 'feature_1': (1.463, 3.852), 'feature_2': (-3.74, 0.652)}",3,2.846,5,[Pretrained] CF,"[468, 710, 734, 740]",3.064,3.143,NoOve,[Pretrained] CF NoOve,0.073,0,0.073,752,37,0.0,5,0.21799999999999997,0.07899999999999974,0.1
722,feature_0 > 0.26 AND feature_1 > 1.06 AND feature_1 <= 1.463 AND feature_0 > 0.763 AND feature_2 <= 0.453,"{'feature_0': (0.763, 3.845), 'feature_1': (1.06, 1.463), 'feature_2': (-3.74, 0.453)}",3,2.584,5,[Pretrained] CF,"[468, 710, 711, 721]",2.782,2.75,NoOve,[Pretrained] CF NoOve,0.073,0,0.073,752,21,0.0,5,0.19799999999999995,0.03200000000000003,0.1
693,feature_0 > 0.26 AND feature_1 <= 1.06 AND feature_0 > 0.8 AND feature_1 > 0.12 AND feature_0 > 1.421,"{'feature_0': (1.421, 3.845), 'feature_1': (0.12, 1.06)}",2,2.215,5,[Pretrained] CF,"[468, 469, 583, 659]",2.881,2.804,NoOve,[Pretrained] CF NoOve,0.073,0,0.073,752,40,0.0,5,0.6659999999999999,0.07699999999999996,0.1
714,feature_0 > 0.26 AND feature_1 > 1.06 AND feature_1 <= 1.463 AND feature_0 <= 0.763 AND feature_0 > 0.334,"{'feature_0': (0.334, 0.763), 'feature_1': (1.06, 1.463)}",2,2.186,5,[Pretrained] CF,"[468, 710, 711, 712]",2.039,2.027,NoOve,[Pretrained] CF NoOve,0.073,0,0.073,752,21,0.0,5,0.1469999999999998,0.01200000000000001,0.1
660,feature_0 > 0.26 AND feature_1 <= 1.06 AND feature_0 > 0.8 AND feature_1 > 0.12 AND feature_0 <= 1.421,"{'feature_0': (0.8, 1.421), 'feature_1': (0.12, 1.06)}",2,1.97,5,[Pretrained] CF,"[468, 469, 583, 659]",2.084,2.121,NoOve,[Pretrained] CF NoOve,0.073,0,0.073,752,89,0.0,5,0.1140000000000001,0.03699999999999992,0.1
742,feature_0 > 0.26 AND feature_1 > 1.06 AND feature_1 > 1.463 AND feature_0 > 0.557 AND feature_2 <= 0.652 AND feature_7 <= -0.835,"{'feature_0': (0.557, 3.845), 'feature_1': (1.463, 3.852), 'feature_2': (-3.74, 0.652), 'feature_7': (-3.746, -0.835)}",4,2.959,6,[Pretrained] CF,"[468, 710, 734, 740, 741]",3.114,3.132,OptRes,[Pretrained] CF OptRes,0.008,0,0.008,752,36,0.06756756756756757,5,0.1549999999999998,0.018000000000000238,0.2
748,feature_0 > 0.26 AND feature_1 > 1.06 AND feature_1 > 1.463 AND feature_0 > 0.557 AND feature_2 <= 0.652 AND feature_7 > -0.835 AND feature_0 > 0.767 AND feature_9 <= 0.059,"{'feature_0': (0.767, 3.845), 'feature_1': (1.463, 3.852), 'feature_2': (-3.74, 0.652), 'feature_7': (-0.835, 3.492), 'feature_9': (-3.581, 0.059)}",5,2.879,8,[Pretrained] CF,"[468, 710, 734, 740, 741, 745, 747]",3.155,3.21,OptRes,[Pretrained] CF OptRes,0.008,0,0.008,752,33,0.06418918918918919,5,0.2759999999999998,0.05500000000000016,0.2
741,feature_0 > 0.26 AND feature_1 > 1.06 AND feature_1 > 1.463 AND feature_0 > 0.557 AND feature_2 <= 0.652,"{'feature_0': (0.557, 3.845), 'feature_1': (1.463, 3.852), 'feature_2': (-3.74, 0.652)}",3,2.846,5,[Pretrained] CF,"[468, 710, 734, 740]",3.064,3.094,OptRes,[Pretrained] CF OptRes,0.008,0,0.008,752,130,0.25,5,0.21799999999999997,0.029999999999999805,0.2
749,feature_0 > 0.26 AND feature_1 > 1.06 AND feature_1 > 1.463 AND feature_0 > 0.557 AND feature_2 <= 0.652 AND feature_7 > -0.835 AND feature_0 > 0.767 AND feature_9 > 0.059,"{'feature_0': (0.767, 3.845), 'feature_1': (1.463, 3.852), 'feature_2': (-3.74, 0.652), 'feature_7': (-0.835, 3.492), 'feature_9': (0.059, 3.767)}",5,2.803,8,[Pretrained] CF,"[468, 710, 734, 740, 741, 745, 747]",3.309,3.3,OptRes,[Pretrained] CF OptRes,0.008,0,0.008,752,32,0.05912162162162162,5,0.5060000000000002,0.009000000000000341,0.2
746,feature_0 > 0.26 AND feature_1 > 1.06 AND feature_1 > 1.463 AND feature_0 > 0.557 AND feature_2 <= 0.652 AND feature_7 > -0.835 AND feature_0 <= 0.767,"{'feature_0': (0.557, 0.767), 'feature_1': (1.463, 3.852), 'feature_2': (-3.74, 0.652), 'feature_7': (-0.835, 3.492)}",4,2.722,7,[Pretrained] CF,"[468, 710, 734, 740, 741, 745]",2.664,2.689,OptRes,[Pretrained] CF OptRes,0.008,0,0.008,752,29,0.05912162162162162,5,0.05799999999999983,0.02499999999999991,0.2
752,feature_0 > 0.26 AND feature_1 > 1.06 AND feature_1 > 1.463 AND feature_0 > 0.557 AND feature_2 > 0.652 AND feature_1 > 1.686,"{'feature_0': (0.557, 3.845), 'feature_1': (1.686, 3.852), 'feature_2': (0.652, 4.02)}",3,2.72,6,[Pretrained] CF,"[468, 710, 734, 740, 750]",3.443,3.421,ResOve,[Pretrained] CF ResOve,0.106,0,0.106,752,27,0.0,5,0.7229999999999999,0.02200000000000024,0.2
749,feature_0 > 0.26 AND feature_1 > 1.06 AND feature_1 > 1.463 AND feature_0 > 0.557 AND feature_2 <= 0.652 AND feature_7 > -0.835 AND feature_0 > 0.767 AND feature_9 > 0.059,"{'feature_0': (0.767, 3.845), 'feature_1': (1.463, 3.852), 'feature_2': (-3.74, 0.652), 'feature_7': (-0.835, 3.492), 'feature_9': (0.059, 3.767)}",5,2.803,8,[Pretrained] CF,"[468, 710, 734, 740, 741, 745, 747]",3.309,3.3,ResOve,[Pretrained] CF ResOve,0.106,0,0.106,752,32,0.0,5,0.5060000000000002,0.009000000000000341,0.2
748,feature_0 > 0.26 AND feature_1 > 1.06 AND feature_1 > 1.463 AND feature_0 > 0.557 AND feature_2 <= 0.652 AND feature_7 > -0.835 AND feature_0 > 0.767 AND feature_9 <= 0.059,"{'feature_0': (0.767, 3.845), 'feature_1': (1.463, 3.852), 'feature_2': (-3.74, 0.652), 'feature_7': (-0.835, 3.492), 'feature_9': (-3.581, 0.059)}",5,2.879,8,[Pretrained] CF,"[468, 710, 734, 740, 741, 745, 747]",3.155,3.21,ResOve,[Pretrained] CF ResOve,0.106,0,0.106,752,33,0.0,5,0.2759999999999998,0.05500000000000016,0.2
742,feature_0 > 0.26 AND feature_1 > 1.06 AND feature_1 > 1.463 AND feature_0 > 0.557 AND feature_2 <= 0.652 AND feature_7 <= -0.835,"{'feature_0': (0.557, 3.845), 'feature_1': (1.463, 3.852), 'feature_2': (-3.74, 0.652), 'feature_7': (-3.746, -0.835)}",4,2.959,6,[Pretrained] CF,"[468, 710, 734, 740, 741]",3.114,3.132,ResOve,[Pretrained] CF ResOve,0.106,0,0.106,752,36,0.0,5,0.1549999999999998,0.018000000000000238,0.2
723,feature_0 > 0.26 AND feature_1 > 1.06 AND feature_1 <= 1.463 AND feature_0 > 0.763 AND feature_2 <= 0.453 AND feature_7 <= -0.169,"{'feature_0': (0.763, 3.845), 'feature_1': (1.06, 1.463), 'feature_2': (-3.74, 0.453), 'feature_7': (-3.746, -0.169)}",4,2.674,6,[Pretrained] CF,"[468, 710, 711, 721, 722]",2.878,2.855,ResOve,[Pretrained] CF ResOve,0.106,0,0.106,752,47,0.0,5,0.20400000000000018,0.02300000000000013,0.2
742,feature_0 > 0.26 AND feature_1 > 1.06 AND feature_1 > 1.463 AND feature_0 > 0.557 AND feature_2 <= 0.652 AND feature_7 <= -0.835,"{'feature_0': (0.557, 3.845), 'feature_1': (1.463, 3.852), 'feature_2': (-3.74, 0.652), 'feature_7': (-3.746, -0.835)}",4,2.959,6,[Pretrained] CF,"[468, 710, 734, 740, 741]",3.114,3.132,NoOve,[Pretrained] CF NoOve,0.009,0,0.009,752,36,0.0,5,0.1549999999999998,0.018000000000000238,0.2
745,feature_0 > 0.26 AND feature_1 > 1.06 AND feature_1 > 1.463 AND feature_0 > 0.557 AND feature_2 <= 0.652 AND feature_7 > -0.835,"{'feature_0': (0.557, 3.845), 'feature_1': (1.463, 3.852), 'feature_2': (-3.74, 0.652), 'feature_7': (-0.835, 3.492)}",4,2.804,6,[Pretrained] CF,"[468, 710, 734, 740, 741]",3.046,3.08,NoOve,[Pretrained] CF NoOve,0.009,0,0.009,752,94,0.0,5,0.242,0.03400000000000025,0.2
752,feature_0 > 0.26 AND feature_1 > 1.06 AND feature_1 > 1.463 AND feature_0 > 0.557 AND feature_2 > 0.652 AND feature_1 > 1.686,"{'feature_0': (0.557, 3.845), 'feature_1': (1.686, 3.852), 'feature_2': (0.652, 4.02)}",3,2.72,6,[Pretrained] CF,"[468, 710, 734, 740, 750]",3.443,3.421,NoOve,[Pretrained] CF NoOve,0.009,0,0.009,752,27,0.0,5,0.7229999999999999,0.02200000000000024,0.2
723,feature_0 > 0.26 AND feature_1 > 1.06 AND feature_1 <= 1.463 AND feature_0 > 0.763 AND feature_2 <= 0.453 AND feature_7 <= -0.169,"{'feature_0': (0.763, 3.845), 'feature_1': (1.06, 1.463), 'feature_2': (-3.74, 0.453), 'feature_7': (-3.746, -0.169)}",4,2.674,6,[Pretrained] CF,"[468, 710, 711, 721, 722]",2.878,2.855,NoOve,[Pretrained] CF NoOve,0.009,0,0.009,752,47,0.0,5,0.20400000000000018,0.02300000000000013,0.2
739,feature_0 > 0.26 AND feature_1 > 1.06 AND feature_1 > 1.463 AND feature_0 <= 0.557 AND feature_0 > 0.352 AND feature_1 > 1.661,"{'feature_0': (0.352, 0.557), 'feature_1': (1.661, 3.852)}",2,2.668,6,[Pretrained] CF,"[468, 710, 734, 735, 737]",2.549,2.565,NoOve,[Pretrained] CF NoOve,0.009,0,0.009,752,26,0.0,5,0.11900000000000022,0.016000000000000014,0.2
742,feature_0 > 0.26 AND feature_1 > 1.06 AND feature_1 > 1.463 AND feature_0 > 0.557 AND feature_2 <= 0.652 AND feature_7 <= -0.835,"{'feature_0': (0.557, 3.845), 'feature_1': (1.463, 3.852), 'feature_2': (-3.74, 0.652), 'feature_7': (-3.746, -0.835)}",4,2.959,6,[Pretrained] CF,"[468, 710, 734, 740, 741]",3.114,3.114,OptRes,[Pretrained] CF OptRes,0.008,0,0.008,752,40,0.06756756756756757,5,0.1549999999999998,0.0,0.3
748,feature_0 > 0.26 AND feature_1 > 1.06 AND feature_1 > 1.463 AND feature_0 > 0.557 AND feature_2 <= 0.652 AND feature_7 > -0.835 AND feature_0 > 0.767 AND feature_9 <= 0.059,"{'feature_0': (0.767, 3.845), 'feature_1': (1.463, 3.852), 'feature_2': (-3.74, 0.652), 'feature_7': (-0.835, 3.492), 'feature_9': (-3.581, 0.059)}",5,2.879,8,[Pretrained] CF,"[468, 710, 734, 740, 741, 745, 747]",3.155,3.118,OptRes,[Pretrained] CF OptRes,0.008,0,0.008,752,22,0.06418918918918919,5,0.2759999999999998,0.03699999999999992,0.3
741,feature_0 > 0.26 AND feature_1 > 1.06 AND feature_1 > 1.463 AND feature_0 > 0.557 AND feature_2 <= 0.652,"{'feature_0': (0.557, 3.845), 'feature_1': (1.463, 3.852), 'feature_2': (-3.74, 0.652)}",3,2.846,5,[Pretrained] CF,"[468, 710, 734, 740]",3.064,3.059,OptRes,[Pretrained] CF OptRes,0.008,0,0.008,752,99,0.13175675675675674,5,0.21799999999999997,0.004999999999999893,0.3
750,feature_0 > 0.26 AND feature_1 > 1.06 AND feature_1 > 1.463 AND feature_0 > 0.557 AND feature_2 > 0.652,"{'feature_0': (0.557, 3.845), 'feature_1': (1.463, 3.852), 'feature_2': (0.652, 4.02)}",3,2.69,5,[Pretrained] CF,"[468, 710, 734, 740]",3.26,3.304,OptRes,[Pretrained] CF OptRes,0.008,0,0.008,752,31,0.0,5,0.5699999999999998,0.04400000000000004,0.3
723,feature_0 > 0.26 AND feature_1 > 1.06 AND feature_1 <= 1.463 AND feature_0 > 0.763 AND feature_2 <= 0.453 AND feature_7 <= -0.169,"{'feature_0': (0.763, 3.845), 'feature_1': (1.06, 1.463), 'feature_2': (-3.74, 0.453), 'feature_7': (-3.746, -0.169)}",4,2.674,6,[Pretrained] CF,"[468, 710, 711, 721, 722]",2.878,2.878,OptRes,[Pretrained] CF OptRes,0.008,0,0.008,752,57,0.0,5,0.20400000000000018,0.0,0.3
750,feature_0 > 0.26 AND feature_1 > 1.06 AND feature_1 > 1.463 AND feature_0 > 0.557 AND feature_2 > 0.652,"{'feature_0': (0.557, 3.845), 'feature_1': (1.463, 3.852), 'feature_2': (0.652, 4.02)}",3,2.69,5,[Pretrained] CF,"[468, 710, 734, 740]",3.26,3.304,ResOve,[Pretrained] CF ResOve,0.118,0,0.118,752,31,0.0,5,0.5699999999999998,0.04400000000000004,0.3
748,feature_0 > 0.26 AND feature_1 > 1.06 AND feature_1 > 1.463 AND feature_0 > 0.557 AND feature_2 <= 0.652 AND feature_7 > -0.835 AND feature_0 > 0.767 AND feature_9 <= 0.059,"{'feature_0': (0.767, 3.845), 'feature_1': (1.463, 3.852), 'feature_2': (-3.74, 0.652), 'feature_7': (-0.835, 3.492), 'feature_9': (-3.581, 0.059)}",5,2.879,8,[Pretrained] CF,"[468, 710, 734, 740, 741, 745, 747]",3.155,3.118,ResOve,[Pretrained] CF ResOve,0.118,0,0.118,752,22,0.13013698630136986,5,0.2759999999999998,0.03699999999999992,0.3
742,feature_0 > 0.26 AND feature_1 > 1.06 AND feature_1 > 1.463 AND feature_0 > 0.557 AND feature_2 <= 0.652 AND feature_7 <= -0.835,"{'feature_0': (0.557, 3.845), 'feature_1': (1.463, 3.852), 'feature_2': (-3.74, 0.652), 'feature_7': (-3.746, -0.835)}",4,2.959,6,[Pretrained] CF,"[468, 710, 734, 740, 741]",3.114,3.114,ResOve,[Pretrained] CF ResOve,0.118,0,0.118,752,40,0.0,5,0.1549999999999998,0.0,0.3
747,feature_0 > 0.26 AND feature_1 > 1.06 AND feature_1 > 1.463 AND feature_0 > 0.557 AND feature_2 <= 0.652 AND feature_7 > -0.835 AND feature_0 > 0.767,"{'feature_0': (0.767, 3.845), 'feature_1': (1.463, 3.852), 'feature_2': (-3.74, 0.652), 'feature_7': (-0.835, 3.492)}",4,2.842,7,[Pretrained] CF,"[468, 710, 734, 740, 741, 745]",3.229,3.199,ResOve,[Pretrained] CF ResOve,0.118,0,0.118,752,42,0.13013698630136986,5,0.387,0.03000000000000025,0.3
723,feature_0 > 0.26 AND feature_1 > 1.06 AND feature_1 <= 1.463 AND feature_0 > 0.763 AND feature_2 <= 0.453 AND feature_7 <= -0.169,"{'feature_0': (0.763, 3.845), 'feature_1': (1.06, 1.463), 'feature_2': (-3.74, 0.453), 'feature_7': (-3.746, -0.169)}",4,2.674,6,[Pretrained] CF,"[468, 710, 711, 721, 722]",2.878,2.878,ResOve,[Pretrained] CF ResOve,0.118,0,0.118,752,57,0.0,5,0.20400000000000018,0.0,0.3
742,feature_0 > 0.26 AND feature_1 > 1.06 AND feature_1 > 1.463 AND feature_0 > 0.557 AND feature_2 <= 0.652 AND feature_7 <= -0.835,"{'feature_0': (0.557, 3.845), 'feature_1': (1.463, 3.852), 'feature_2': (-3.74, 0.652), 'feature_7': (-3.746, -0.835)}",4,2.959,6,[Pretrained] CF,"[468, 710, 734, 740, 741]",3.114,3.114,NoOve,[Pretrained] CF NoOve,0.019,0,0.019,752,40,0.0,5,0.1549999999999998,0.0,0.3
745,feature_0 > 0.26 AND feature_1 > 1.06 AND feature_1 > 1.463 AND feature_0 > 0.557 AND feature_2 <= 0.652 AND feature_7 > -0.835,"{'feature_0': (0.557, 3.845), 'feature_1': (1.463, 3.852), 'feature_2': (-3.74, 0.652), 'feature_7': (-0.835, 3.492)}",4,2.804,6,[Pretrained] CF,"[468, 710, 734, 740, 741]",3.046,3.021,NoOve,[Pretrained] CF NoOve,0.019,0,0.019,752,59,0.0,5,0.242,0.02499999999999991,0.3
723,feature_0 > 0.26 AND feature_1 > 1.06 AND feature_1 <= 1.463 AND feature_0 > 0.763 AND feature_2 <= 0.453 AND feature_7 <= -0.169,"{'feature_0': (0.763, 3.845), 'feature_1': (1.06, 1.463), 'feature_2': (-3.74, 0.453), 'feature_7': (-3.746, -0.169)}",4,2.674,6,[Pretrained] CF,"[468, 710, 711, 721, 722]",2.878,2.878,NoOve,[Pretrained] CF NoOve,0.019,0,0.019,752,57,0.0,5,0.20400000000000018,0.0,0.3
731,feature_0 > 0.26 AND feature_1 > 1.06 AND feature_1 <= 1.463 AND feature_0 > 0.763 AND feature_2 > 0.453 AND feature_1 > 1.167,"{'feature_0': (0.763, 3.845), 'feature_1': (1.167, 1.463), 'feature_2': (0.453, 4.02)}",3,2.423,6,[Pretrained] CF,"[468, 710, 711, 721, 729]",2.739,2.705,NoOve,[Pretrained] CF NoOve,0.019,0,0.019,752,22,0.0,5,0.31599999999999984,0.03399999999999981,0.3
703,feature_0 > 0.26 AND feature_1 <= 1.06 AND feature_0 > 0.8 AND feature_1 > 0.12 AND feature_0 > 1.421 AND feature_4 > 0.123,"{'feature_0': (1.421, 3.845), 'feature_1': (0.12, 1.06), 'feature_4': (0.123, 3.804)}",3,2.337,6,[Pretrained] CF,"[468, 469, 583, 659, 693]",2.834,2.809,NoOve,[Pretrained] CF NoOve,0.019,0,0.019,752,68,0.0,5,0.4969999999999999,0.02499999999999991,0.3
742,feature_0 > 0.26 AND feature_1 > 1.06 AND feature_1 > 1.463 AND feature_0 > 0.557 AND feature_2 <= 0.652 AND feature_7 <= -0.835,"{'feature_0': (0.557, 3.845), 'feature_1': (1.463, 3.852), 'feature_2': (-3.74, 0.652), 'feature_7': (-3.746, -0.835)}",4,2.959,6,[Pretrained] CF,"[468, 710, 734, 740, 741]",3.114,3.114,OptRes,[Pretrained] CF OptRes,0.008,0,0.008,752,40,0.06756756756756757,5,0.1549999999999998,0.0,0.4
748,feature_0 > 0.26 AND feature_1 > 1.06 AND feature_1 > 1.463 AND feature_0 > 0.557 AND feature_2 <= 0.652 AND feature_7 > -0.835 AND feature_0 > 0.767 AND feature_9 <= 0.059,"{'feature_0': (0.767, 3.845), 'feature_1': (1.463, 3.852), 'feature_2': (-3.74, 0.652), 'feature_7': (-0.835, 3.492), 'feature_9': (-3.581, 0.059)}",5,2.879,8,[Pretrained] CF,"[468, 710, 734, 740, 741, 745, 747]",3.155,3.139,OptRes,[Pretrained] CF OptRes,0.008,0,0.008,752,29,0.06418918918918919,5,0.2759999999999998,0.016000000000000014,0.4
741,feature_0 > 0.26 AND feature_1 > 1.06 AND feature_1 > 1.463 AND feature_0 > 0.557 AND feature_2 <= 0.652,"{'feature_0': (0.557, 3.845), 'feature_1': (1.463, 3.852), 'feature_2': (-3.74, 0.652)}",3,2.846,5,[Pretrained] CF,"[468, 710, 734, 740]",3.064,3.056,OptRes,[Pretrained] CF OptRes,0.008,0,0.008,752,109,0.19087837837837837,5,0.21799999999999997,0.008000000000000007,0.4
749,feature_0 > 0.26 AND feature_1 > 1.06 AND feature_1 > 1.463 AND feature_0 > 0.557 AND feature_2 <= 0.652 AND feature_7 > -0.835 AND feature_0 > 0.767 AND feature_9 > 0.059,"{'feature_0': (0.767, 3.845), 'feature_1': (1.463, 3.852), 'feature_2': (-3.74, 0.652), 'feature_7': (-0.835, 3.492), 'feature_9': (0.059, 3.767)}",5,2.803,8,[Pretrained] CF,"[468, 710, 734, 740, 741, 745, 747]",3.309,3.262,OptRes,[Pretrained] CF OptRes,0.008,0,0.008,752,21,0.05912162162162162,5,0.5060000000000002,0.04700000000000015,0.4
752,feature_0 > 0.26 AND feature_1 > 1.06 AND feature_1 > 1.463 AND feature_0 > 0.557 AND feature_2 > 0.652 AND feature_1 > 1.686,"{'feature_0': (0.557, 3.845), 'feature_1': (1.686, 3.852), 'feature_2': (0.652, 4.02)}",3,2.72,6,[Pretrained] CF,"[468, 710, 734, 740, 750]",3.443,3.462,OptRes,[Pretrained] CF OptRes,0.008,0,0.008,752,21,0.0,5,0.7229999999999999,0.019000000000000128,0.4
752,feature_0 > 0.26 AND feature_1 > 1.06 AND feature_1 > 1.463 AND feature_0 > 0.557 AND feature_2 > 0.652 AND feature_1 > 1.686,"{'feature_0': (0.557, 3.845), 'feature_1': (1.686, 3.852), 'feature_2': (0.652, 4.02)}",3,2.72,6,[Pretrained] CF,"[468, 710, 734, 740, 750]",3.443,3.462,ResOve,[Pretrained] CF ResOve,0.15,0,0.15,752,21,0.0,5,0.7229999999999999,0.019000000000000128,0.4
748,feature_0 > 0.26 AND feature_1 > 1.06 AND feature_1 > 1.463 AND feature_0 > 0.557 AND feature_2 <= 0.652 AND feature_7 > -0.835 AND feature_0 > 0.767 AND feature_9 <= 0.059,"{'feature_0': (0.767, 3.845), 'feature_1': (1.463, 3.852), 'feature_2': (-3.74, 0.652), 'feature_7': (-0.835, 3.492), 'feature_9': (-3.581, 0.059)}",5,2.879,8,[Pretrained] CF,"[468, 710, 734, 740, 741, 745, 747]",3.155,3.139,ResOve,[Pretrained] CF ResOve,0.15,0,0.15,752,29,0.06418918918918919,5,0.2759999999999998,0.016000000000000014,0.4
741,feature_0 > 0.26 AND feature_1 > 1.06 AND feature_1 > 1.463 AND feature_0 > 0.557 AND feature_2 <= 0.652,"{'feature_0': (0.557, 3.845), 'feature_1': (1.463, 3.852), 'feature_2': (-3.74, 0.652)}",3,2.846,5,[Pretrained] CF,"[468, 710, 734, 740]",3.064,3.056,ResOve,[Pretrained] CF ResOve,0.15,0,0.15,752,109,0.06418918918918919,5,0.21799999999999997,0.008000000000000007,0.4
739,feature_0 > 0.26 AND feature_1 > 1.06 AND feature_1 > 1.463 AND feature_0 <= 0.557 AND feature_0 > 0.352 AND feature_1 > 1.661,"{'feature_0': (0.352, 0.557), 'feature_1': (1.661, 3.852)}",2,2.668,6,[Pretrained] CF,"[468, 710, 734, 735, 737]",2.549,2.561,ResOve,[Pretrained] CF ResOve,0.15,0,0.15,752,24,0.0,5,0.11900000000000022,0.01200000000000001,0.4
723,feature_0 > 0.26 AND feature_1 > 1.06 AND feature_1 <= 1.463 AND feature_0 > 0.763 AND feature_2 <= 0.453 AND feature_7 <= -0.169,"{'feature_0': (0.763, 3.845), 'feature_1': (1.06, 1.463), 'feature_2': (-3.74, 0.453), 'feature_7': (-3.746, -0.169)}",4,2.674,6,[Pretrained] CF,"[468, 710, 711, 721, 722]",2.878,2.878,ResOve,[Pretrained] CF ResOve,0.15,0,0.15,752,57,0.0,5,0.20400000000000018,0.0,0.4
742,feature_0 > 0.26 AND feature_1 > 1.06 AND feature_1 > 1.463 AND feature_0 > 0.557 AND feature_2 <= 0.652 AND feature_7 <= -0.835,"{'feature_0': (0.557, 3.845), 'feature_1': (1.463, 3.852), 'feature_2': (-3.74, 0.652), 'feature_7': (-3.746, -0.835)}",4,2.959,6,[Pretrained] CF,"[468, 710, 734, 740, 741]",3.114,3.114,NoOve,[Pretrained] CF NoOve,0.013,0,0.013,752,40,0.0,5,0.1549999999999998,0.0,0.4
745,feature_0 > 0.26 AND feature_1 > 1.06 AND feature_1 > 1.463 AND feature_0 > 0.557 AND feature_2 <= 0.652 AND feature_7 > -0.835,"{'feature_0': (0.557, 3.845), 'feature_1': (1.463, 3.852), 'feature_2': (-3.74, 0.652), 'feature_7': (-0.835, 3.492)}",4,2.804,6,[Pretrained] CF,"[468, 710, 734, 740, 741]",3.046,3.022,NoOve,[Pretrained] CF NoOve,0.013,0,0.013,752,69,0.0,5,0.242,0.02400000000000002,0.4
752,feature_0 > 0.26 AND feature_1 > 1.06 AND feature_1 > 1.463 AND feature_0 > 0.557 AND feature_2 > 0.652 AND feature_1 > 1.686,"{'feature_0': (0.557, 3.845), 'feature_1': (1.686, 3.852), 'feature_2': (0.652, 4.02)}",3,2.72,6,[Pretrained] CF,"[468, 710, 734, 740, 750]",3.443,3.462,NoOve,[Pretrained] CF NoOve,0.013,0,0.013,752,21,0.0,5,0.7229999999999999,0.019000000000000128,0.4
723,feature_0 > 0.26 AND feature_1 > 1.06 AND feature_1 <= 1.463 AND feature_0 > 0.763 AND feature_2 <= 0.453 AND feature_7 <= -0.169,"{'feature_0': (0.763, 3.845), 'feature_1': (1.06, 1.463), 'feature_2': (-3.74, 0.453), 'feature_7': (-3.746, -0.169)}",4,2.674,6,[Pretrained] CF,"[468, 710, 711, 721, 722]",2.878,2.878,NoOve,[Pretrained] CF NoOve,0.013,0,0.013,752,57,0.0,5,0.20400000000000018,0.0,0.4
739,feature_0 > 0.26 AND feature_1 > 1.06 AND feature_1 > 1.463 AND feature_0 <= 0.557 AND feature_0 > 0.352 AND feature_1 > 1.661,"{'feature_0': (0.352, 0.557), 'feature_1': (1.661, 3.852)}",2,2.668,6,[Pretrained] CF,"[468, 710, 734, 735, 737]",2.549,2.561,NoOve,[Pretrained] CF NoOve,0.013,0,0.013,752,24,0.0,5,0.11900000000000022,0.01200000000000001,0.4
742,feature_0 > 0.26 AND feature_1 > 1.06 AND feature_1 > 1.463 AND feature_0 > 0.557 AND feature_2 <= 0.652 AND feature_7 <= -0.835,"{'feature_0': (0.557, 3.845), 'feature_1': (1.463, 3.852), 'feature_2': (-3.74, 0.652), 'feature_7': (-3.746, -0.835)}",4,2.959,6,[Pretrained] CF,"[468, 710, 734, 740, 741]",3.114,3.114,OptRes,[Pretrained] CF OptRes,0.008,0,0.008,752,40,0.06756756756756757,5,0.1549999999999998,0.0,0.5
748,feature_0 > 0.26 AND feature_1 > 1.06 AND feature_1 > 1.463 AND feature_0 > 0.557 AND feature_2 <= 0.652 AND feature_7 > -0.835 AND feature_0 > 0.767 AND feature_9 <= 0.059,"{'feature_0': (0.767, 3.845), 'feature_1': (1.463, 3.852), 'feature_2': (-3.74, 0.652), 'feature_7': (-0.835, 3.492), 'feature_9': (-3.581, 0.059)}",5,2.879,8,[Pretrained] CF,"[468, 710, 734, 740, 741, 745, 747]",3.155,3.109,OptRes,[Pretrained] CF OptRes,0.008,0,0.008,752,34,0.06418918918918919,5,0.2759999999999998,0.04599999999999982,0.5
741,feature_0 > 0.26 AND feature_1 > 1.06 AND feature_1 > 1.463 AND feature_0 > 0.557 AND feature_2 <= 0.652,"{'feature_0': (0.557, 3.845), 'feature_1': (1.463, 3.852), 'feature_2': (-3.74, 0.652)}",3,2.846,5,[Pretrained] CF,"[468, 710, 734, 740]",3.064,3.059,OptRes,[Pretrained] CF OptRes,0.008,0,0.008,752,138,0.25,5,0.21799999999999997,0.004999999999999893,0.5
749,feature_0 > 0.26 AND feature_1 > 1.06 AND feature_1 > 1.463 AND feature_0 > 0.557 AND feature_2 <= 0.652 AND feature_7 > -0.835 AND feature_0 > 0.767 AND feature_9 > 0.059,"{'feature_0': (0.767, 3.845), 'feature_1': (1.463, 3.852), 'feature_2': (-3.74, 0.652), 'feature_7': (-0.835, 3.492), 'feature_9': (0.059, 3.767)}",5,2.803,8,[Pretrained] CF,"[468, 710, 734, 740, 741, 745, 747]",3.309,3.324,OptRes,[Pretrained] CF OptRes,0.008,0,0.008,752,32,0.05912162162162162,5,0.5060000000000002,0.01499999999999968,0.5
746,feature_0 > 0.26 AND feature_1 > 1.06 AND feature_1 > 1.463 AND feature_0 > 0.557 AND feature_2 <= 0.652 AND feature_7 > -0.835 AND feature_0 <= 0.767,"{'feature_0': (0.557, 0.767), 'feature_1': (1.463, 3.852), 'feature_2': (-3.74, 0.652), 'feature_7': (-0.835, 3.492)}",4,2.722,7,[Pretrained] CF,"[468, 710, 734, 740, 741, 745]",2.664,2.673,OptRes,[Pretrained] CF OptRes,0.008,0,0.008,752,32,0.05912162162162162,5,0.05799999999999983,0.008999999999999897,0.5
752,feature_0 > 0.26 AND feature_1 > 1.06 AND feature_1 > 1.463 AND feature_0 > 0.557 AND feature_2 > 0.652 AND feature_1 > 1.686,"{'feature_0': (0.557, 3.845), 'feature_1': (1.686, 3.852), 'feature_2': (0.652, 4.02)}",3,2.72,6,[Pretrained] CF,"[468, 710, 734, 740, 750]",3.443,3.462,ResOve,[Pretrained] CF ResOve,0.107,0,0.107,752,30,0.0,5,0.7229999999999999,0.019000000000000128,0.5
749,feature_0 > 0.26 AND feature_1 > 1.06 AND feature_1 > 1.463 AND feature_0 > 0.557 AND feature_2 <= 0.652 AND feature_7 > -0.835 AND feature_0 > 0.767 AND feature_9 > 0.059,"{'feature_0': (0.767, 3.845), 'feature_1': (1.463, 3.852), 'feature_2': (-3.74, 0.652), 'feature_7': (-0.835, 3.492), 'feature_9': (0.059, 3.767)}",5,2.803,8,[Pretrained] CF,"[468, 710, 734, 740, 741, 745, 747]",3.309,3.324,ResOve,[Pretrained] CF ResOve,0.107,0,0.107,752,32,0.0,5,0.5060000000000002,0.01499999999999968,0.5
748,feature_0 > 0.26 AND feature_1 > 1.06 AND feature_1 > 1.463 AND feature_0 > 0.557 AND feature_2 <= 0.652 AND feature_7 > -0.835 AND feature_0 > 0.767 AND feature_9 <= 0.059,"{'feature_0': (0.767, 3.845), 'feature_1': (1.463, 3.852), 'feature_2': (-3.74, 0.652), 'feature_7': (-0.835, 3.492), 'feature_9': (-3.581, 0.059)}",5,2.879,8,[Pretrained] CF,"[468, 710, 734, 740, 741, 745, 747]",3.155,3.109,ResOve,[Pretrained] CF ResOve,0.107,0,0.107,752,34,0.0,5,0.2759999999999998,0.04599999999999982,0.5
742,feature_0 > 0.26 AND feature_1 > 1.06 AND feature_1 > 1.463 AND feature_0 > 0.557 AND feature_2 <= 0.652 AND feature_7 <= -0.835,"{'feature_0': (0.557, 3.845), 'feature_1': (1.463, 3.852), 'feature_2': (-3.74, 0.652), 'feature_7': (-3.746, -0.835)}",4,2.959,6,[Pretrained] CF,"[468, 710, 734, 740, 741]",3.114,3.114,ResOve,[Pretrained] CF ResOve,0.107,0,0.107,752,40,0.0,5,0.1549999999999998,0.0,0.5
723,feature_0 > 0.26 AND feature_1 > 1.06 AND feature_1 <= 1.463 AND feature_0 > 0.763 AND feature_2 <= 0.453 AND feature_7 <= -0.169,"{'feature_0': (0.763, 3.845), 'feature_1': (1.06, 1.463), 'feature_2': (-3.74, 0.453), 'feature_7': (-3.746, -0.169)}",4,2.674,6,[Pretrained] CF,"[468, 710, 711, 721, 722]",2.878,2.878,ResOve,[Pretrained] CF ResOve,0.107,0,0.107,752,57,0.0,5,0.20400000000000018,0.0,0.5
742,feature_0 > 0.26 AND feature_1 > 1.06 AND feature_1 > 1.463 AND feature_0 > 0.557 AND feature_2 <= 0.652 AND feature_7 <= -0.835,"{'feature_0': (0.557, 3.845), 'feature_1': (1.463, 3.852), 'feature_2': (-3.74, 0.652), 'feature_7': (-3.746, -0.835)}",4,2.959,6,[Pretrained] CF,"[468, 710, 734, 740, 741]",3.114,3.114,NoOve,[Pretrained] CF NoOve,0.011,0,0.011,752,40,0.0,5,0.1549999999999998,0.0,0.5
745,feature_0 > 0.26 AND feature_1 > 1.06 AND feature_1 > 1.463 AND feature_0 > 0.557 AND feature_2 <= 0.652 AND feature_7 > -0.835,"{'feature_0': (0.557, 3.845), 'feature_1': (1.463, 3.852), 'feature_2': (-3.74, 0.652), 'feature_7': (-0.835, 3.492)}",4,2.804,6,[Pretrained] CF,"[468, 710, 734, 740, 741]",3.046,3.037,NoOve,[Pretrained] CF NoOve,0.011,0,0.011,752,98,0.0,5,0.242,0.008999999999999897,0.5
752,feature_0 > 0.26 AND feature_1 > 1.06 AND feature_1 > 1.463 AND feature_0 > 0.557 AND feature_2 > 0.652 AND feature_1 > 1.686,"{'feature_0': (0.557, 3.845), 'feature_1': (1.686, 3.852), 'feature_2': (0.652, 4.02)}",3,2.72,6,[Pretrained] CF,"[468, 710, 734, 740, 750]",3.443,3.462,NoOve,[Pretrained] CF NoOve,0.011,0,0.011,752,30,0.0,5,0.7229999999999999,0.019000000000000128,0.5
723,feature_0 > 0.26 AND feature_1 > 1.06 AND feature_1 <= 1.463 AND feature_0 > 0.763 AND feature_2 <= 0.453 AND feature_7 <= -0.169,"{'feature_0': (0.763, 3.845), 'feature_1': (1.06, 1.463), 'feature_2': (-3.74, 0.453), 'feature_7': (-3.746, -0.169)}",4,2.674,6,[Pretrained] CF,"[468, 710, 711, 721, 722]",2.878,2.878,NoOve,[Pretrained] CF NoOve,0.011,0,0.011,752,57,0.0,5,0.20400000000000018,0.0,0.5
739,feature_0 > 0.26 AND feature_1 > 1.06 AND feature_1 > 1.463 AND feature_0 <= 0.557 AND feature_0 > 0.352 AND feature_1 > 1.661,"{'feature_0': (0.352, 0.557), 'feature_1': (1.661, 3.852)}",2,2.668,6,[Pretrained] CF,"[468, 710, 734, 735, 737]",2.549,2.544,NoOve,[Pretrained] CF NoOve,0.011,0,0.011,752,29,0.0,5,0.11900000000000022,0.004999999999999893,0.5
741,feature_0 > 0.26 AND feature_1 > 1.06 AND feature_1 > 1.463 AND feature_0 > 0.557 AND feature_2 <= 0.652,"{'feature_0': (0.557, 3.845), 'feature_1': (1.463, 3.852), 'feature_2': (-3.74, 0.652)}",3,2.846,5,[Pretrained] CF,"[468, 710, 734, 740]",3.064,3.142,OptRes,[Pretrained] CF OptRes,0.008,0,0.008,752,41,0.24745879447109675,5,0.21799999999999997,0.07799999999999985,0.1
747,feature_0 > 0.26 AND feature_1 > 1.06 AND feature_1 > 1.463 AND feature_0 > 0.557 AND feature_2 <= 0.652 AND feature_7 > -0.835 AND feature_0 > 0.767,"{'feature_0': (0.767, 3.845), 'feature_1': (1.463, 3.852), 'feature_2': (-3.74, 0.652), 'feature_7': (-0.835, 3.492)}",4,2.842,7,[Pretrained] CF,"[468, 710, 734, 740, 741, 745]",3.229,3.36,OptRes,[Pretrained] CF OptRes,0.008,0,0.008,752,22,0.27524763821770104,5,0.387,0.13099999999999978,0.1
749,feature_0 > 0.26 AND feature_1 > 1.06 AND feature_1 > 1.463 AND feature_0 > 0.557 AND feature_2 <= 0.652 AND feature_7 > -0.835 AND feature_0 > 0.767 AND feature_9 > 0.059,"{'feature_0': (0.767, 3.845), 'feature_1': (1.463, 3.852), 'feature_2': (-3.74, 0.652), 'feature_7': (-0.835, 3.492), 'feature_9': (0.059, 3.767)}",5,2.803,8,[Pretrained] CF,"[468, 710, 734, 740, 741, 745, 747]",3.309,3.382,OptRes,[Pretrained] CF OptRes,0.008,0,0.008,752,21,0.1943624912077737,5,0.5060000000000002,0.07299999999999995,0.1
722,feature_0 > 0.26 AND feature_1 > 1.06 AND feature_1 <= 1.463 AND feature_0 > 0.763 AND feature_2 <= 0.453,"{'feature_0': (0.763, 3.845), 'feature_1': (1.06, 1.463), 'feature_2': (-3.74, 0.453)}",3,2.584,5,[Pretrained] CF,"[468, 710, 711, 721]",2.782,2.83,OptRes,[Pretrained] CF OptRes,0.008,0,0.008,752,33,0.04745166959578207,5,0.19799999999999995,0.04800000000000004,0.1
710,feature_0 > 0.26 AND feature_1 > 1.06,"{'feature_0': (0.26, 3.845), 'feature_1': (1.06, 3.852)}",2,2.521,2,[Pretrained] CF,[468],2.66,2.652,OptRes,[Pretrained] CF OptRes,0.008,0,0.008,752,182,0.15992970123022845,5,0.13900000000000023,0.008000000000000007,0.1
749,feature_0 > 0.26 AND feature_1 > 1.06 AND feature_1 > 1.463 AND feature_0 > 0.557 AND feature_2 <= 0.652 AND feature_7 > -0.835 AND feature_0 > 0.767 AND feature_9 > 0.059,"{'feature_0': (0.767, 3.845), 'feature_1': (1.463, 3.852), 'feature_2': (-3.74, 0.652), 'feature_7': (-0.835, 3.492), 'feature_9': (0.059, 3.767)}",5,2.803,8,[Pretrained] CF,"[468, 710, 734, 740, 741, 745, 747]",3.309,3.382,ResOve,[Pretrained] CF ResOve,0.134,0,0.134,752,21,0.2110359173715338,5,0.5060000000000002,0.07299999999999995,0.1
747,feature_0 > 0.26 AND feature_1 > 1.06 AND feature_1 > 1.463 AND feature_0 > 0.557 AND feature_2 <= 0.652 AND feature_7 > -0.835 AND feature_0 > 0.767,"{'feature_0': (0.767, 3.845), 'feature_1': (1.463, 3.852), 'feature_2': (-3.74, 0.652), 'feature_7': (-0.835, 3.492)}",4,2.842,7,[Pretrained] CF,"[468, 710, 734, 740, 741, 745]",3.229,3.36,ResOve,[Pretrained] CF ResOve,0.134,0,0.134,752,22,0.3100236413592578,5,0.387,0.13099999999999978,0.1
741,feature_0 > 0.26 AND feature_1 > 1.06 AND feature_1 > 1.463 AND feature_0 > 0.557 AND feature_2 <= 0.652,"{'feature_0': (0.557, 3.845), 'feature_1': (1.463, 3.852), 'feature_2': (-3.74, 0.652)}",3,2.846,5,[Pretrained] CF,"[468, 710, 734, 740]",3.064,3.142,ResOve,[Pretrained] CF ResOve,0.134,0,0.134,752,41,0.31796356796356795,5,0.21799999999999997,0.07799999999999985,0.1
734,feature_0 > 0.26 AND feature_1 > 1.06 AND feature_1 > 1.463,"{'feature_0': (0.26, 3.845), 'feature_1': (1.463, 3.852)}",2,2.726,3,[Pretrained] CF,"[468, 710]",2.916,2.995,ResOve,[Pretrained] CF ResOve,0.134,0,0.134,752,80,0.23443223443223443,5,0.18999999999999995,0.07900000000000018,0.1
722,feature_0 > 0.26 AND feature_1 > 1.06 AND feature_1 <= 1.463 AND feature_0 > 0.763 AND feature_2 <= 0.453,"{'feature_0': (0.763, 3.845), 'feature_1': (1.06, 1.463), 'feature_2': (-3.74, 0.453)}",3,2.584,5,[Pretrained] CF,"[468, 710, 711, 721]",2.782,2.83,ResOve,[Pretrained] CF ResOve,0.134,0,0.134,752,33,0.0,5,0.19799999999999995,0.04800000000000004,0.1
741,feature_0 > 0.26 AND feature_1 > 1.06 AND feature_1 > 1.463 AND feature_0 > 0.557 AND feature_2 <= 0.652,"{'feature_0': (0.557, 3.845), 'feature_1': (1.463, 3.852), 'feature_2': (-3.74, 0.652)}",3,2.846,5,[Pretrained] CF,"[468, 710, 734, 740]",3.064,3.142,NoOve,[Pretrained] CF NoOve,0.032,0,0.032,752,41,0.0,5,0.21799999999999997,0.07799999999999985,0.1
722,feature_0 > 0.26 AND feature_1 > 1.06 AND feature_1 <= 1.463 AND feature_0 > 0.763 AND feature_2 <= 0.453,"{'feature_0': (0.763, 3.845), 'feature_1': (1.06, 1.463), 'feature_2': (-3.74, 0.453)}",3,2.584,5,[Pretrained] CF,"[468, 710, 711, 721]",2.782,2.83,NoOve,[Pretrained] CF NoOve,0.032,0,0.032,752,33,0.0,5,0.19799999999999995,0.04800000000000004,0.1
729,feature_0 > 0.26 AND feature_1 > 1.06 AND feature_1 <= 1.463 AND feature_0 > 0.763 AND feature_2 > 0.453,"{'feature_0': (0.763, 3.845), 'feature_1': (1.06, 1.463), 'feature_2': (0.453, 4.02)}",3,2.374,5,[Pretrained] CF,"[468, 710, 711, 721]",2.685,2.611,NoOve,[Pretrained] CF NoOve,0.032,0,0.032,752,21,0.0,5,0.31099999999999994,0.07399999999999984,0.1
693,feature_0 > 0.26 AND feature_1 <= 1.06 AND feature_0 > 0.8 AND feature_1 > 0.12 AND feature_0 > 1.421,"{'feature_0': (1.421, 3.845), 'feature_1': (0.12, 1.06)}",2,2.215,5,[Pretrained] CF,"[468, 469, 583, 659]",2.881,2.87,NoOve,[Pretrained] CF NoOve,0.032,0,0.032,752,85,0.0,5,0.6659999999999999,0.010999999999999677,0.1
714,feature_0 > 0.26 AND feature_1 > 1.06 AND feature_1 <= 1.463 AND feature_0 <= 0.763 AND feature_0 > 0.334,"{'feature_0': (0.334, 0.763), 'feature_1': (1.06, 1.463)}",2,2.186,5,[Pretrained] CF,"[468, 710, 711, 712]",2.039,2.018,NoOve,[Pretrained] CF NoOve,0.032,0,0.032,752,39,0.0,5,0.1469999999999998,0.02100000000000035,0.1
741,feature_0 > 0.26 AND feature_1 > 1.06 AND feature_1 > 1.463 AND feature_0 > 0.557 AND feature_2 <= 0.652,"{'feature_0': (0.557, 3.845), 'feature_1': (1.463, 3.852), 'feature_2': (-3.74, 0.652)}",3,2.846,5,[Pretrained] CF,"[468, 710, 734, 740]",3.064,3.147,OptRes,[Pretrained] CF OptRes,0.008,0,0.008,752,47,0.18833717284947515,5,0.21799999999999997,0.08299999999999974,0.2
747,feature_0 > 0.26 AND feature_1 > 1.06 AND feature_1 > 1.463 AND feature_0 > 0.557 AND feature_2 <= 0.652 AND feature_7 > -0.835 AND feature_0 > 0.767,"{'feature_0': (0.767, 3.845), 'feature_1': (1.463, 3.852), 'feature_2': (-3.74, 0.652), 'feature_7': (-0.835, 3.492)}",4,2.842,7,[Pretrained] CF,"[468, 710, 734, 740, 741, 745]",3.229,3.295,OptRes,[Pretrained] CF OptRes,0.008,0,0.008,752,26,0.15538462451907092,5,0.387,0.06599999999999984,0.2
722,feature_0 > 0.26 AND feature_1 > 1.06 AND feature_1 <= 1.463 AND feature_0 > 0.763 AND feature_2 <= 0.453,"{'feature_0': (0.763, 3.845), 'feature_1': (1.06, 1.463), 'feature_2': (-3.74, 0.453)}",3,2.584,5,[Pretrained] CF,"[468, 710, 711, 721]",2.782,2.767,OptRes,[Pretrained] CF OptRes,0.008,0,0.008,752,25,0.04745166959578207,5,0.19799999999999995,0.015000000000000124,0.2
710,feature_0 > 0.26 AND feature_1 > 1.06,"{'feature_0': (0.26, 3.845), 'feature_1': (1.06, 3.852)}",2,2.521,2,[Pretrained] CF,[468],2.66,2.661,OptRes,[Pretrained] CF OptRes,0.008,0,0.008,752,157,0.17618629173989453,5,0.13900000000000023,0.0009999999999998899,0.2
735,feature_0 > 0.26 AND feature_1 > 1.06 AND feature_1 > 1.463 AND feature_0 <= 0.557,"{'feature_0': (0.26, 0.557), 'feature_1': (1.463, 3.852)}",2,2.508,4,[Pretrained] CF,"[468, 710, 734]",2.357,2.386,OptRes,[Pretrained] CF OptRes,0.008,0,0.008,752,24,0.03163444639718805,5,0.1509999999999998,0.028999999999999915,0.2
747,feature_0 > 0.26 AND feature_1 > 1.06 AND feature_1 > 1.463 AND feature_0 > 0.557 AND feature_2 <= 0.652 AND feature_7 > -0.835 AND feature_0 > 0.767,"{'feature_0': (0.767, 3.845), 'feature_1': (1.463, 3.852), 'feature_2': (-3.74, 0.652), 'feature_7': (-0.835, 3.492)}",4,2.842,7,[Pretrained] CF,"[468, 710, 734, 740, 741, 745]",3.229,3.295,ResOve,[Pretrained] CF ResOve,0.134,0,0.134,752,26,0.25977750138197897,5,0.387,0.06599999999999984,0.2
740,feature_0 > 0.26 AND feature_1 > 1.06 AND feature_1 > 1.463 AND feature_0 > 0.557,"{'feature_0': (0.557, 3.845), 'feature_1': (1.463, 3.852)}",2,2.805,4,[Pretrained] CF,"[468, 710, 734]",3.116,3.149,ResOve,[Pretrained] CF ResOve,0.134,0,0.134,752,58,0.22512437810945274,5,0.31099999999999994,0.03299999999999992,0.2
735,feature_0 > 0.26 AND feature_1 > 1.06 AND feature_1 > 1.463 AND feature_0 <= 0.557,"{'feature_0': (0.26, 0.557), 'feature_1': (1.463, 3.852)}",2,2.508,4,[Pretrained] CF,"[468, 710, 734]",2.357,2.386,ResOve,[Pretrained] CF ResOve,0.134,0,0.134,752,24,0.0,5,0.1509999999999998,0.028999999999999915,0.2
722,feature_0 > 0.26 AND feature_1 > 1.06 AND feature_1 <= 1.463 AND feature_0 > 0.763 AND feature_2 <= 0.453,"{'feature_0': (0.763, 3.845), 'feature_1': (1.06, 1.463), 'feature_2': (-3.74, 0.453)}",3,2.584,5,[Pretrained] CF,"[468, 710, 711, 721]",2.782,2.767,ResOve,[Pretrained] CF ResOve,0.134,0,0.134,752,25,0.0,5,0.19799999999999995,0.015000000000000124,0.2
745,feature_0 > 0.26 AND feature_1 > 1.06 AND feature_1 > 1.463 AND feature_0 > 0.557 AND feature_2 <= 0.652 AND feature_7 > -0.835,"{'feature_0': (0.557, 3.845), 'feature_1': (1.463, 3.852), 'feature_2': (-3.74, 0.652), 'feature_7': (-0.835, 3.492)}",4,2.804,6,[Pretrained] CF,"[468, 710, 734, 740, 741]",3.046,3.142,ResOve,[Pretrained] CF ResOve,0.134,0,0.134,752,36,0.3033098396904367,5,0.242,0.09600000000000009,0.2
740,feature_0 > 0.26 AND feature_1 > 1.06 AND feature_1 > 1.463 AND feature_0 > 0.557,"{'feature_0': (0.557, 3.845), 'feature_1': (1.463, 3.852)}",2,2.805,4,[Pretrained] CF,"[468, 710, 734]",3.116,3.149,NoOve,[Pretrained] CF NoOve,0.058,0,0.058,752,58,0.0,5,0.31099999999999994,0.03299999999999992,0.2
721,feature_0 > 0.26 AND feature_1 > 1.06 AND feature_1 <= 1.463 AND feature_0 > 0.763,"{'feature_0': (0.763, 3.845), 'feature_1': (1.06, 1.463)}",2,2.508,4,[Pretrained] CF,"[468, 710, 711]",2.747,2.72,NoOve,[Pretrained] CF NoOve,0.058,0,0.058,752,40,0.0,5,0.23899999999999988,0.02699999999999969,0.2
735,feature_0 > 0.26 AND feature_1 > 1.06 AND feature_1 > 1.463 AND feature_0 <= 0.557,"{'feature_0': (0.26, 0.557), 'feature_1': (1.463, 3.852)}",2,2.508,4,[Pretrained] CF,"[468, 710, 734]",2.357,2.386,NoOve,[Pretrained] CF NoOve,0.058,0,0.058,752,24,0.0,5,0.1509999999999998,0.028999999999999915,0.2
712,feature_0 > 0.26 AND feature_1 > 1.06 AND feature_1 <= 1.463 AND feature_0 <= 0.763,"{'feature_0': (0.26, 0.763), 'feature_1': (1.06, 1.463)}",2,2.095,4,[Pretrained] CF,"[468, 710, 711]",1.987,1.975,NoOve,[Pretrained] CF NoOve,0.058,0,0.058,752,35,0.0,5,0.1080000000000001,0.01200000000000001,0.2
659,feature_0 > 0.26 AND feature_1 <= 1.06 AND feature_0 > 0.8 AND feature_1 > 0.12,"{'feature_0': (0.8, 3.845), 'feature_1': (0.12, 1.06)}",2,2.063,4,[Pretrained] CF,"[468, 469, 583]",2.386,2.361,NoOve,[Pretrained] CF NoOve,0.058,0,0.058,752,179,0.0,5,0.32299999999999995,0.02499999999999991,0.2
742,feature_0 > 0.26 AND feature_1 > 1.06 AND feature_1 > 1.463 AND feature_0 > 0.557 AND feature_2 <= 0.652 AND feature_7 <= -0.835,"{'feature_0': (0.557, 3.845), 'feature_1': (1.463, 3.852), 'feature_2': (-3.74, 0.652), 'feature_7': (-3.746, -0.835)}",4,2.959,6,[Pretrained] CF,"[468, 710, 734, 740, 741]",3.114,3.105,OptRes,[Pretrained] CF OptRes,0.008,0,0.008,752,23,0.06756756756756757,5,0.1549999999999998,0.008999999999999897,0.3
748,feature_0 > 0.26 AND feature_1 > 1.06 AND feature_1 > 1.463 AND feature_0 > 0.557 AND feature_2 <= 0.652 AND feature_7 > -0.835 AND feature_0 > 0.767 AND feature_9 <= 0.059,"{'feature_0': (0.767, 3.845), 'feature_1': (1.463, 3.852), 'feature_2': (-3.74, 0.652), 'feature_7': (-0.835, 3.492), 'feature_9': (-3.581, 0.059)}",5,2.879,8,[Pretrained] CF,"[468, 710, 734, 740, 741, 745, 747]",3.155,3.185,OptRes,[Pretrained] CF OptRes,0.008,0,0.008,752,22,0.06418918918918919,5,0.2759999999999998,0.03000000000000025,0.3
741,feature_0 > 0.26 AND feature_1 > 1.06 AND feature_1 > 1.463 AND feature_0 > 0.557 AND feature_2 <= 0.652,"{'feature_0': (0.557, 3.845), 'feature_1': (1.463, 3.852), 'feature_2': (-3.74, 0.652)}",3,2.846,5,[Pretrained] CF,"[468, 710, 734, 740]",3.064,3.052,OptRes,[Pretrained] CF OptRes,0.008,0,0.008,752,83,0.19087837837837837,5,0.21799999999999997,0.01200000000000001,0.3
746,feature_0 > 0.26 AND feature_1 > 1.06 AND feature_1 > 1.463 AND feature_0 > 0.557 AND feature_2 <= 0.652 AND feature_7 > -0.835 AND feature_0 <= 0.767,"{'feature_0': (0.557, 0.767), 'feature_1': (1.463, 3.852), 'feature_2': (-3.74, 0.652), 'feature_7': (-0.835, 3.492)}",4,2.722,7,[Pretrained] CF,"[468, 710, 734, 740, 741, 745]",2.664,2.707,OptRes,[Pretrained] CF OptRes,0.008,0,0.008,752,21,0.05912162162162162,5,0.05799999999999983,0.042999999999999705,0.3
750,feature_0 > 0.26 AND feature_1 > 1.06 AND feature_1 > 1.463 AND feature_0 > 0.557 AND feature_2 > 0.652,"{'feature_0': (0.557, 3.845), 'feature_1': (1.463, 3.852), 'feature_2': (0.652, 4.02)}",3,2.69,5,[Pretrained] CF,"[468, 710, 734, 740]",3.26,3.309,OptRes,[Pretrained] CF OptRes,0.008,0,0.008,752,29,0.0,5,0.5699999999999998,0.04900000000000038,0.3
748,feature_0 > 0.26 AND feature_1 > 1.06 AND feature_1 > 1.463 AND feature_0 > 0.557 AND feature_2 <= 0.652 AND feature_7 > -0.835 AND feature_0 > 0.767 AND feature_9 <= 0.059,"{'feature_0': (0.767, 3.845), 'feature_1': (1.463, 3.852), 'feature_2': (-3.74, 0.652), 'feature_7': (-0.835, 3.492), 'feature_9': (-3.581, 0.059)}",5,2.879,8,[Pretrained] CF,"[468, 710, 734, 740, 741, 745, 747]",3.155,3.185,ResOve,[Pretrained] CF ResOve,0.116,0,0.116,752,22,0.13013698630136986,5,0.2759999999999998,0.03000000000000025,0.3
747,feature_0 > 0.26 AND feature_1 > 1.06 AND feature_1 > 1.463 AND feature_0 > 0.557 AND feature_2 <= 0.652 AND feature_7 > -0.835 AND feature_0 > 0.767,"{'feature_0': (0.767, 3.845), 'feature_1': (1.463, 3.852), 'feature_2': (-3.74, 0.652), 'feature_7': (-0.835, 3.492)}",4,2.842,7,[Pretrained] CF,"[468, 710, 734, 740, 741, 745]",3.229,3.206,ResOve,[Pretrained] CF ResOve,0.116,0,0.116,752,39,0.13013698630136986,5,0.387,0.02300000000000013,0.3
746,feature_0 > 0.26 AND feature_1 > 1.06 AND feature_1 > 1.463 AND feature_0 > 0.557 AND feature_2 <= 0.652 AND feature_7 > -0.835 AND feature_0 <= 0.767,"{'feature_0': (0.557, 0.767), 'feature_1': (1.463, 3.852), 'feature_2': (-3.74, 0.652), 'feature_7': (-0.835, 3.492)}",4,2.722,7,[Pretrained] CF,"[468, 710, 734, 740, 741, 745]",2.664,2.707,ResOve,[Pretrained] CF ResOve,0.116,0,0.116,752,21,0.0,5,0.05799999999999983,0.042999999999999705,0.3
742,feature_0 > 0.26 AND feature_1 > 1.06 AND feature_1 > 1.463 AND feature_0 > 0.557 AND feature_2 <= 0.652 AND feature_7 <= -0.835,"{'feature_0': (0.557, 3.845), 'feature_1': (1.463, 3.852), 'feature_2': (-3.74, 0.652), 'feature_7': (-3.746, -0.835)}",4,2.959,6,[Pretrained] CF,"[468, 710, 734, 740, 741]",3.114,3.105,ResOve,[Pretrained] CF ResOve,0.116,0,0.116,752,23,0.0,5,0.1549999999999998,0.008999999999999897,0.3
750,feature_0 > 0.26 AND feature_1 > 1.06 AND feature_1 > 1.463 AND feature_0 > 0.557 AND feature_2 > 0.652,"{'feature_0': (0.557, 3.845), 'feature_1': (1.463, 3.852), 'feature_2': (0.652, 4.02)}",3,2.69,5,[Pretrained] CF,"[468, 710, 734, 740]",3.26,3.309,ResOve,[Pretrained] CF ResOve,0.116,0,0.116,752,29,0.0,5,0.5699999999999998,0.04900000000000038,0.3
742,feature_0 > 0.26 AND feature_1 > 1.06 AND feature_1 > 1.463 AND feature_0 > 0.557 AND feature_2 <= 0.652 AND feature_7 <= -0.835,"{'feature_0': (0.557, 3.845), 'feature_1': (1.463, 3.852), 'feature_2': (-3.74, 0.652), 'feature_7': (-3.746, -0.835)}",4,2.959,6,[Pretrained] CF,"[468, 710, 734, 740, 741]",3.114,3.105,NoOve,[Pretrained] CF NoOve,0.023,0,0.023,752,23,0.0,5,0.1549999999999998,0.008999999999999897,0.3
745,feature_0 > 0.26 AND feature_1 > 1.06 AND feature_1 > 1.463 AND feature_0 > 0.557 AND feature_2 <= 0.652 AND feature_7 > -0.835,"{'feature_0': (0.557, 3.845), 'feature_1': (1.463, 3.852), 'feature_2': (-3.74, 0.652), 'feature_7': (-0.835, 3.492)}",4,2.804,6,[Pretrained] CF,"[468, 710, 734, 740, 741]",3.046,3.031,NoOve,[Pretrained] CF NoOve,0.023,0,0.023,752,60,0.0,5,0.242,0.01499999999999968,0.3
723,feature_0 > 0.26 AND feature_1 > 1.06 AND feature_1 <= 1.463 AND feature_0 > 0.763 AND feature_2 <= 0.453 AND feature_7 <= -0.169,"{'feature_0': (0.763, 3.845), 'feature_1': (1.06, 1.463), 'feature_2': (-3.74, 0.453), 'feature_7': (-3.746, -0.169)}",4,2.674,6,[Pretrained] CF,"[468, 710, 711, 721, 722]",2.878,2.896,NoOve,[Pretrained] CF NoOve,0.023,0,0.023,752,31,0.0,5,0.20400000000000018,0.017999999999999794,0.3
726,feature_0 > 0.26 AND feature_1 > 1.06 AND feature_1 <= 1.463 AND feature_0 > 0.763 AND feature_2 <= 0.453 AND feature_7 > -0.169,"{'feature_0': (0.763, 3.845), 'feature_1': (1.06, 1.463), 'feature_2': (-3.74, 0.453), 'feature_7': (-0.169, 3.492)}",4,2.484,6,[Pretrained] CF,"[468, 710, 711, 721, 722]",2.676,2.666,NoOve,[Pretrained] CF NoOve,0.023,0,0.023,752,28,0.0,5,0.19200000000000017,0.010000000000000231,0.3
731,feature_0 > 0.26 AND feature_1 > 1.06 AND feature_1 <= 1.463 AND feature_0 > 0.763 AND feature_2 > 0.453 AND feature_1 > 1.167,"{'feature_0': (0.763, 3.845), 'feature_1': (1.167, 1.463), 'feature_2': (0.453, 4.02)}",3,2.423,6,[Pretrained] CF,"[468, 710, 711, 721, 729]",2.739,2.735,NoOve,[Pretrained] CF NoOve,0.023,0,0.023,752,30,0.0,5,0.31599999999999984,0.0040000000000000036,0.3
742,feature_0 > 0.26 AND feature_1 > 1.06 AND feature_1 > 1.463 AND feature_0 > 0.557 AND feature_2 <= 0.652 AND feature_7 <= -0.835,"{'feature_0': (0.557, 3.845), 'feature_1': (1.463, 3.852), 'feature_2': (-3.74, 0.652), 'feature_7': (-3.746, -0.835)}",4,2.959,6,[Pretrained] CF,"[468, 710, 734, 740, 741]",3.114,3.11,OptRes,[Pretrained] CF OptRes,0.006,0,0.006,752,23,0.06756756756756757,5,0.1549999999999998,0.0040000000000000036,0.4
741,feature_0 > 0.26 AND feature_1 > 1.06 AND feature_1 > 1.463 AND feature_0 > 0.557 AND feature_2 <= 0.652,"{'feature_0': (0.557, 3.845), 'feature_1': (1.463, 3.852), 'feature_2': (-3.74, 0.652)}",3,2.846,5,[Pretrained] CF,"[468, 710, 734, 740]",3.064,3.073,OptRes,[Pretrained] CF OptRes,0.006,0,0.006,752,99,0.3091216216216216,5,0.21799999999999997,0.008999999999999897,0.4
747,feature_0 > 0.26 AND feature_1 > 1.06 AND feature_1 > 1.463 AND feature_0 > 0.557 AND feature_2 <= 0.652 AND feature_7 > -0.835 AND feature_0 > 0.767,"{'feature_0': (0.767, 3.845), 'feature_1': (1.463, 3.852), 'feature_2': (-3.74, 0.652), 'feature_7': (-0.835, 3.492)}",4,2.842,7,[Pretrained] CF,"[468, 710, 734, 740, 741, 745]",3.229,3.222,OptRes,[Pretrained] CF OptRes,0.006,0,0.006,752,52,0.24317382450944094,5,0.387,0.007000000000000117,0.4
749,feature_0 > 0.26 AND feature_1 > 1.06 AND feature_1 > 1.463 AND feature_0 > 0.557 AND feature_2 <= 0.652 AND feature_7 > -0.835 AND feature_0 > 0.767 AND feature_9 > 0.059,"{'feature_0': (0.767, 3.845), 'feature_1': (1.463, 3.852), 'feature_2': (-3.74, 0.652), 'feature_7': (-0.835, 3.492), 'feature_9': (0.059, 3.767)}",5,2.803,8,[Pretrained] CF,"[468, 710, 734, 740, 741, 745, 747]",3.309,3.309,OptRes,[Pretrained] CF OptRes,0.006,0,0.006,752,35,0.17898463532025174,5,0.5060000000000002,0.0,0.4
746,feature_0 > 0.26 AND feature_1 > 1.06 AND feature_1 > 1.463 AND feature_0 > 0.557 AND feature_2 <= 0.652 AND feature_7 > -0.835 AND feature_0 <= 0.767,"{'feature_0': (0.557, 0.767), 'feature_1': (1.463, 3.852), 'feature_2': (-3.74, 0.652), 'feature_7': (-0.835, 3.492)}",4,2.722,7,[Pretrained] CF,"[468, 710, 734, 740, 741, 745]",2.664,2.717,OptRes,[Pretrained] CF OptRes,0.006,0,0.006,752,24,0.05912162162162162,5,0.05799999999999983,0.052999999999999936,0.4
752,feature_0 > 0.26 AND feature_1 > 1.06 AND feature_1 > 1.463 AND feature_0 > 0.557 AND feature_2 > 0.652 AND feature_1 > 1.686,"{'feature_0': (0.557, 3.845), 'feature_1': (1.686, 3.852), 'feature_2': (0.652, 4.02)}",3,2.72,6,[Pretrained] CF,"[468, 710, 734, 740, 750]",3.443,3.514,ResOve,[Pretrained] CF ResOve,0.11,0,0.11,752,25,0.0,5,0.7229999999999999,0.07099999999999973,0.4
747,feature_0 > 0.26 AND feature_1 > 1.06 AND feature_1 > 1.463 AND feature_0 > 0.557 AND feature_2 <= 0.652 AND feature_7 > -0.835 AND feature_0 > 0.767,"{'feature_0': (0.767, 3.845), 'feature_1': (1.463, 3.852), 'feature_2': (-3.74, 0.652), 'feature_7': (-0.835, 3.492)}",4,2.842,7,[Pretrained] CF,"[468, 710, 734, 740, 741, 745]",3.229,3.222,ResOve,[Pretrained] CF ResOve,0.11,0,0.11,752,52,0.0,5,0.387,0.007000000000000117,0.4
746,feature_0 > 0.26 AND feature_1 > 1.06 AND feature_1 > 1.463 AND feature_0 > 0.557 AND feature_2 <= 0.652 AND feature_7 > -0.835 AND feature_0 <= 0.767,"{'feature_0': (0.557, 0.767), 'feature_1': (1.463, 3.852), 'feature_2': (-3.74, 0.652), 'feature_7': (-0.835, 3.492)}",4,2.722,7,[Pretrained] CF,"[468, 710, 734, 740, 741, 745]",2.664,2.717,ResOve,[Pretrained] CF ResOve,0.11,0,0.11,752,24,0.0,5,0.05799999999999983,0.052999999999999936,0.4
742,feature_0 > 0.26 AND feature_1 > 1.06 AND feature_1 > 1.463 AND feature_0 > 0.557 AND feature_2 <= 0.652 AND feature_7 <= -0.835,"{'feature_0': (0.557, 3.845), 'feature_1': (1.463, 3.852), 'feature_2': (-3.74, 0.652), 'feature_7': (-3.746, -0.835)}",4,2.959,6,[Pretrained] CF,"[468, 710, 734, 740, 741]",3.114,3.11,ResOve,[Pretrained] CF ResOve,0.11,0,0.11,752,23,0.0,5,0.1549999999999998,0.0040000000000000036,0.4
723,feature_0 > 0.26 AND feature_1 > 1.06 AND feature_1 <= 1.463 AND feature_0 > 0.763 AND feature_2 <= 0.453 AND feature_7 <= -0.169,"{'feature_0': (0.763, 3.845), 'feature_1': (1.06, 1.463), 'feature_2': (-3.74, 0.453), 'feature_7': (-3.746, -0.169)}",4,2.674,6,[Pretrained] CF,"[468, 710, 711, 721, 722]",2.878,2.918,ResOve,[Pretrained] CF ResOve,0.11,0,0.11,752,37,0.0,5,0.20400000000000018,0.040000000000000036,0.4
742,feature_0 > 0.26 AND feature_1 > 1.06 AND feature_1 > 1.463 AND feature_0 > 0.557 AND feature_2 <= 0.652 AND feature_7 <= -0.835,"{'feature_0': (0.557, 3.845), 'feature_1': (1.463, 3.852), 'feature_2': (-3.74, 0.652), 'feature_7': (-3.746, -0.835)}",4,2.959,6,[Pretrained] CF,"[468, 710, 734, 740, 741]",3.114,3.11,NoOve,[Pretrained] CF NoOve,0.016,0,0.016,752,23,0.0,5,0.1549999999999998,0.0040000000000000036,0.4
745,feature_0 > 0.26 AND feature_1 > 1.06 AND feature_1 > 1.463 AND feature_0 > 0.557 AND feature_2 <= 0.652 AND feature_7 > -0.835,"{'feature_0': (0.557, 3.845), 'feature_1': (1.463, 3.852), 'feature_2': (-3.74, 0.652), 'feature_7': (-0.835, 3.492)}",4,2.804,6,[Pretrained] CF,"[468, 710, 734, 740, 741]",3.046,3.062,NoOve,[Pretrained] CF NoOve,0.016,0,0.016,752,76,0.0,5,0.242,0.016000000000000014,0.4
752,feature_0 > 0.26 AND feature_1 > 1.06 AND feature_1 > 1.463 AND feature_0 > 0.557 AND feature_2 > 0.652 AND feature_1 > 1.686,"{'feature_0': (0.557, 3.845), 'feature_1': (1.686, 3.852), 'feature_2': (0.652, 4.02)}",3,2.72,6,[Pretrained] CF,"[468, 710, 734, 740, 750]",3.443,3.514,NoOve,[Pretrained] CF NoOve,0.016,0,0.016,752,25,0.0,5,0.7229999999999999,0.07099999999999973,0.4
723,feature_0 > 0.26 AND feature_1 > 1.06 AND feature_1 <= 1.463 AND feature_0 > 0.763 AND feature_2 <= 0.453 AND feature_7 <= -0.169,"{'feature_0': (0.763, 3.845), 'feature_1': (1.06, 1.463), 'feature_2': (-3.74, 0.453), 'feature_7': (-3.746, -0.169)}",4,2.674,6,[Pretrained] CF,"[468, 710, 711, 721, 722]",2.878,2.918,NoOve,[Pretrained] CF NoOve,0.016,0,0.016,752,37,0.0,5,0.20400000000000018,0.040000000000000036,0.4
726,feature_0 > 0.26 AND feature_1 > 1.06 AND feature_1 <= 1.463 AND feature_0 > 0.763 AND feature_2 <= 0.453 AND feature_7 > -0.169,"{'feature_0': (0.763, 3.845), 'feature_1': (1.06, 1.463), 'feature_2': (-3.74, 0.453), 'feature_7': (-0.169, 3.492)}",4,2.484,6,[Pretrained] CF,"[468, 710, 711, 721, 722]",2.676,2.698,NoOve,[Pretrained] CF NoOve,0.016,0,0.016,752,35,0.0,5,0.19200000000000017,0.021999999999999797,0.4
742,feature_0 > 0.26 AND feature_1 > 1.06 AND feature_1 > 1.463 AND feature_0 > 0.557 AND feature_2 <= 0.652 AND feature_7 <= -0.835,"{'feature_0': (0.557, 3.845), 'feature_1': (1.463, 3.852), 'feature_2': (-3.74, 0.652), 'feature_7': (-3.746, -0.835)}",4,2.959,6,[Pretrained] CF,"[468, 710, 734, 740, 741]",3.114,3.13,OptRes,[Pretrained] CF OptRes,0.008,0,0.008,752,38,0.06756756756756757,5,0.1549999999999998,0.016000000000000014,0.5
748,feature_0 > 0.26 AND feature_1 > 1.06 AND feature_1 > 1.463 AND feature_0 > 0.557 AND feature_2 <= 0.652 AND feature_7 > -0.835 AND feature_0 > 0.767 AND feature_9 <= 0.059,"{'feature_0': (0.767, 3.845), 'feature_1': (1.463, 3.852), 'feature_2': (-3.74, 0.652), 'feature_7': (-0.835, 3.492), 'feature_9': (-3.581, 0.059)}",5,2.879,8,[Pretrained] CF,"[468, 710, 734, 740, 741, 745, 747]",3.155,3.182,OptRes,[Pretrained] CF OptRes,0.008,0,0.008,752,32,0.06418918918918919,5,0.2759999999999998,0.027000000000000135,0.5
741,feature_0 > 0.26 AND feature_1 > 1.06 AND feature_1 > 1.463 AND feature_0 > 0.557 AND feature_2 <= 0.652,"{'feature_0': (0.557, 3.845), 'feature_1': (1.463, 3.852), 'feature_2': (-3.74, 0.652)}",3,2.846,5,[Pretrained] CF,"[468, 710, 734, 740]",3.064,3.092,OptRes,[Pretrained] CF OptRes,0.008,0,0.008,752,123,0.25,5,0.21799999999999997,0.028000000000000025,0.5
749,feature_0 > 0.26 AND feature_1 > 1.06 AND feature_1 > 1.463 AND feature_0 > 0.557 AND feature_2 <= 0.652 AND feature_7 > -0.835 AND feature_0 > 0.767 AND feature_9 > 0.059,"{'feature_0': (0.767, 3.845), 'feature_1': (1.463, 3.852), 'feature_2': (-3.74, 0.652), 'feature_7': (-0.835, 3.492), 'feature_9': (0.059, 3.767)}",5,2.803,8,[Pretrained] CF,"[468, 710, 734, 740, 741, 745, 747]",3.309,3.317,OptRes,[Pretrained] CF OptRes,0.008,0,0.008,752,29,0.05912162162162162,5,0.5060000000000002,0.008000000000000007,0.5
746,feature_0 > 0.26 AND feature_1 > 1.06 AND feature_1 > 1.463 AND feature_0 > 0.557 AND feature_2 <= 0.652 AND feature_7 > -0.835 AND feature_0 <= 0.767,"{'feature_0': (0.557, 0.767), 'feature_1': (1.463, 3.852), 'feature_2': (-3.74, 0.652), 'feature_7': (-0.835, 3.492)}",4,2.722,7,[Pretrained] CF,"[468, 710, 734, 740, 741, 745]",2.664,2.64,OptRes,[Pretrained] CF OptRes,0.008,0,0.008,752,24,0.05912162162162162,5,0.05799999999999983,0.02400000000000002,0.5
752,feature_0 > 0.26 AND feature_1 > 1.06 AND feature_1 > 1.463 AND feature_0 > 0.557 AND feature_2 > 0.652 AND feature_1 > 1.686,"{'feature_0': (0.557, 3.845), 'feature_1': (1.686, 3.852), 'feature_2': (0.652, 4.02)}",3,2.72,6,[Pretrained] CF,"[468, 710, 734, 740, 750]",3.443,3.406,ResOve,[Pretrained] CF ResOve,0.107,0,0.107,752,29,0.0,5,0.7229999999999999,0.03699999999999992,0.5
748,feature_0 > 0.26 AND feature_1 > 1.06 AND feature_1 > 1.463 AND feature_0 > 0.557 AND feature_2 <= 0.652 AND feature_7 > -0.835 AND feature_0 > 0.767 AND feature_9 <= 0.059,"{'feature_0': (0.767, 3.845), 'feature_1': (1.463, 3.852), 'feature_2': (-3.74, 0.652), 'feature_7': (-0.835, 3.492), 'feature_9': (-3.581, 0.059)}",5,2.879,8,[Pretrained] CF,"[468, 710, 734, 740, 741, 745, 747]",3.155,3.182,ResOve,[Pretrained] CF ResOve,0.107,0,0.107,752,32,0.0,5,0.2759999999999998,0.027000000000000135,0.5
746,feature_0 > 0.26 AND feature_1 > 1.06 AND feature_1 > 1.463 AND feature_0 > 0.557 AND feature_2 <= 0.652 AND feature_7 > -0.835 AND feature_0 <= 0.767,"{'feature_0': (0.557, 0.767), 'feature_1': (1.463, 3.852), 'feature_2': (-3.74, 0.652), 'feature_7': (-0.835, 3.492)}",4,2.722,7,[Pretrained] CF,"[468, 710, 734, 740, 741, 745]",2.664,2.64,ResOve,[Pretrained] CF ResOve,0.107,0,0.107,752,24,0.0,5,0.05799999999999983,0.02400000000000002,0.5
742,feature_0 > 0.26 AND feature_1 > 1.06 AND feature_1 > 1.463 AND feature_0 > 0.557 AND feature_2 <= 0.652 AND feature_7 <= -0.835,"{'feature_0': (0.557, 3.845), 'feature_1': (1.463, 3.852), 'feature_2': (-3.74, 0.652), 'feature_7': (-3.746, -0.835)}",4,2.959,6,[Pretrained] CF,"[468, 710, 734, 740, 741]",3.114,3.13,ResOve,[Pretrained] CF ResOve,0.107,0,0.107,752,38,0.0,5,0.1549999999999998,0.016000000000000014,0.5
723,feature_0 > 0.26 AND feature_1 > 1.06 AND feature_1 <= 1.463 AND feature_0 > 0.763 AND feature_2 <= 0.453 AND feature_7 <= -0.169,"{'feature_0': (0.763, 3.845), 'feature_1': (1.06, 1.463), 'feature_2': (-3.74, 0.453), 'feature_7': (-3.746, -0.169)}",4,2.674,6,[Pretrained] CF,"[468, 710, 711, 721, 722]",2.878,2.896,ResOve,[Pretrained] CF ResOve,0.107,0,0.107,752,52,0.0,5,0.20400000000000018,0.017999999999999794,0.5
742,feature_0 > 0.26 AND feature_1 > 1.06 AND feature_1 > 1.463 AND feature_0 > 0.557 AND feature_2 <= 0.652 AND feature_7 <= -0.835,"{'feature_0': (0.557, 3.845), 'feature_1': (1.463, 3.852), 'feature_2': (-3.74, 0.652), 'feature_7': (-3.746, -0.835)}",4,2.959,6,[Pretrained] CF,"[468, 710, 734, 740, 741]",3.114,3.13,NoOve,[Pretrained] CF NoOve,0.01,0,0.01,752,38,0.0,5,0.1549999999999998,0.016000000000000014,0.5
745,feature_0 > 0.26 AND feature_1 > 1.06 AND feature_1 > 1.463 AND feature_0 > 0.557 AND feature_2 <= 0.652 AND feature_7 > -0.835,"{'feature_0': (0.557, 3.845), 'feature_1': (1.463, 3.852), 'feature_2': (-3.74, 0.652), 'feature_7': (-0.835, 3.492)}",4,2.804,6,[Pretrained] CF,"[468, 710, 734, 740, 741]",3.046,3.075,NoOve,[Pretrained] CF NoOve,0.01,0,0.01,752,85,0.0,5,0.242,0.02900000000000036,0.5
752,feature_0 > 0.26 AND feature_1 > 1.06 AND feature_1 > 1.463 AND feature_0 > 0.557 AND feature_2 > 0.652 AND feature_1 > 1.686,"{'feature_0': (0.557, 3.845), 'feature_1': (1.686, 3.852), 'feature_2': (0.652, 4.02)}",3,2.72,6,[Pretrained] CF,"[468, 710, 734, 740, 750]",3.443,3.406,NoOve,[Pretrained] CF NoOve,0.01,0,0.01,752,29,0.0,5,0.7229999999999999,0.03699999999999992,0.5
723,feature_0 > 0.26 AND feature_1 > 1.06 AND feature_1 <= 1.463 AND feature_0 > 0.763 AND feature_2 <= 0.453 AND feature_7 <= -0.169,"{'feature_0': (0.763, 3.845), 'feature_1': (1.06, 1.463), 'feature_2': (-3.74, 0.453), 'feature_7': (-3.746, -0.169)}",4,2.674,6,[Pretrained] CF,"[468, 710, 711, 721, 722]",2.878,2.896,NoOve,[Pretrained] CF NoOve,0.01,0,0.01,752,52,0.0,5,0.20400000000000018,0.017999999999999794,0.5
739,feature_0 > 0.26 AND feature_1 > 1.06 AND feature_1 > 1.463 AND feature_0 <= 0.557 AND feature_0 > 0.352 AND feature_1 > 1.661,"{'feature_0': (0.352, 0.557), 'feature_1': (1.661, 3.852)}",2,2.668,6,[Pretrained] CF,"[468, 710, 734, 735, 737]",2.549,2.537,NoOve,[Pretrained] CF NoOve,0.01,0,0.01,752,26,0.0,5,0.11900000000000022,0.01200000000000001,0.5
