id,condition,combined,features,t_est,depth,algorithm,parents,t,t_r,topK_algorithm,variant,topK_execution_time,ct_execution_time,total_execution_time,total_subgroups,rows,overlap,K,t_error,t_r_error,p
704,feature_0 > -0.095 AND feature_0 > 1.082 AND feature_0 <= 1.784 AND feature_1 > 0.317 AND feature_3 > -0.32 AND feature_1 > 0.828 AND feature_2 > -0.466 AND feature_3 <= 0.915 AND feature_3 > -0.069 AND feature_0 > 1.285,"{'feature_0': (1.285, 1.784), 'feature_1': (0.828, 3.703), 'feature_3': (-0.069, 0.915), 'feature_2': (-0.466, 3.598)}",4,2.724,10,[Pretrained] CF,"[332, 628, 629, 679, 689, 697, 699, 700, 702]",3.109,3.109,OptRes,[Pretrained] CF OptRes,0.006,0,0.006,730,27,0.09246575342465753,5,0.3849999999999998,0.0,5
700,feature_0 > -0.095 AND feature_0 > 1.082 AND feature_0 <= 1.784 AND feature_1 > 0.317 AND feature_3 > -0.32 AND feature_1 > 0.828 AND feature_2 > -0.466 AND feature_3 <= 0.915,"{'feature_0': (1.082, 1.784), 'feature_1': (0.828, 3.703), 'feature_3': (-0.32, 0.915), 'feature_2': (-0.466, 3.598)}",4,2.638,8,[Pretrained] CF,"[332, 628, 629, 679, 689, 697, 699]",2.974,2.974,OptRes,[Pretrained] CF OptRes,0.006,0,0.006,730,73,0.1815068493150685,5,0.3360000000000003,0.0,5
703,feature_0 > -0.095 AND feature_0 > 1.082 AND feature_0 <= 1.784 AND feature_1 > 0.317 AND feature_3 > -0.32 AND feature_1 > 0.828 AND feature_2 > -0.466 AND feature_3 <= 0.915 AND feature_3 > -0.069 AND feature_0 <= 1.285,"{'feature_0': (1.082, 1.285), 'feature_1': (0.828, 3.703), 'feature_3': (-0.069, 0.915), 'feature_2': (-0.466, 3.598)}",4,2.622,10,[Pretrained] CF,"[332, 628, 629, 679, 689, 697, 699, 700, 702]",2.764,2.764,OptRes,[Pretrained] CF OptRes,0.006,0,0.006,730,26,0.08904109589041095,5,0.1419999999999999,0.0,5
626,feature_0 > -0.095 AND feature_0 <= 1.082 AND feature_1 > 0.521 AND feature_1 > 0.841 AND feature_1 > 1.416 AND feature_2 > -0.397 AND feature_0 > 0.109 AND feature_3 <= 0.936 AND feature_3 > -0.517 AND feature_2 > 0.011 AND feature_4 > -0.585 AND feature_3 > 0.136,"{'feature_0': (0.109, 1.082), 'feature_1': (1.416, 3.703), 'feature_2': (0.011, 3.598), 'feature_3': (0.136, 0.936), 'feature_4': (-0.585, 3.804)}",5,2.527,12,[Pretrained] CF,"[332, 333, 529, 561, 603, 611, 615, 616, 620, 622, 624]",2.54,2.54,OptRes,[Pretrained] CF OptRes,0.006,0,0.006,730,24,0.0,5,0.0129999999999999,0.0,5
705,feature_0 > -0.095 AND feature_0 > 1.082 AND feature_0 <= 1.784 AND feature_1 > 0.317 AND feature_3 > -0.32 AND feature_1 > 0.828 AND feature_2 > -0.466 AND feature_3 > 0.915,"{'feature_0': (1.082, 1.784), 'feature_1': (0.828, 3.703), 'feature_3': (0.915, 3.832), 'feature_2': (-0.466, 3.598)}",4,2.502,8,[Pretrained] CF,"[332, 628, 629, 679, 689, 697, 699]",3.009,3.009,OptRes,[Pretrained] CF OptRes,0.006,0,0.006,730,23,0.0,5,0.5070000000000001,0.0,5
705,feature_0 > -0.095 AND feature_0 > 1.082 AND feature_0 <= 1.784 AND feature_1 > 0.317 AND feature_3 > -0.32 AND feature_1 > 0.828 AND feature_2 > -0.466 AND feature_3 > 0.915,"{'feature_0': (1.082, 1.784), 'feature_1': (0.828, 3.703), 'feature_3': (0.915, 3.832), 'feature_2': (-0.466, 3.598)}",4,2.502,8,[Pretrained] CF,"[332, 628, 629, 679, 689, 697, 699]",3.009,3.009,ResOve,[Pretrained] CF ResOve,0.036,0,0.036,730,23,0.0,5,0.5070000000000001,0.0,5
704,feature_0 > -0.095 AND feature_0 > 1.082 AND feature_0 <= 1.784 AND feature_1 > 0.317 AND feature_3 > -0.32 AND feature_1 > 0.828 AND feature_2 > -0.466 AND feature_3 <= 0.915 AND feature_3 > -0.069 AND feature_0 > 1.285,"{'feature_0': (1.285, 1.784), 'feature_1': (0.828, 3.703), 'feature_3': (-0.069, 0.915), 'feature_2': (-0.466, 3.598)}",4,2.724,10,[Pretrained] CF,"[332, 628, 629, 679, 689, 697, 699, 700, 702]",3.109,3.109,ResOve,[Pretrained] CF ResOve,0.036,0,0.036,730,27,0.12735849056603774,5,0.3849999999999998,0.0,5
703,feature_0 > -0.095 AND feature_0 > 1.082 AND feature_0 <= 1.784 AND feature_1 > 0.317 AND feature_3 > -0.32 AND feature_1 > 0.828 AND feature_2 > -0.466 AND feature_3 <= 0.915 AND feature_3 > -0.069 AND feature_0 <= 1.285,"{'feature_0': (1.082, 1.285), 'feature_1': (0.828, 3.703), 'feature_3': (-0.069, 0.915), 'feature_2': (-0.466, 3.598)}",4,2.622,10,[Pretrained] CF,"[332, 628, 629, 679, 689, 697, 699, 700, 702]",2.764,2.764,ResOve,[Pretrained] CF ResOve,0.036,0,0.036,730,26,0.12264150943396226,5,0.1419999999999999,0.0,5
702,feature_0 > -0.095 AND feature_0 > 1.082 AND feature_0 <= 1.784 AND feature_1 > 0.317 AND feature_3 > -0.32 AND feature_1 > 0.828 AND feature_2 > -0.466 AND feature_3 <= 0.915 AND feature_3 > -0.069,"{'feature_0': (1.082, 1.784), 'feature_1': (0.828, 3.703), 'feature_3': (-0.069, 0.915), 'feature_2': (-0.466, 3.598)}",4,2.674,9,[Pretrained] CF,"[332, 628, 629, 679, 689, 697, 699, 700]",2.939,2.939,ResOve,[Pretrained] CF ResOve,0.036,0,0.036,730,53,0.25,5,0.2650000000000001,0.0,5
622,feature_0 > -0.095 AND feature_0 <= 1.082 AND feature_1 > 0.521 AND feature_1 > 0.841 AND feature_1 > 1.416 AND feature_2 > -0.397 AND feature_0 > 0.109 AND feature_3 <= 0.936 AND feature_3 > -0.517 AND feature_2 > 0.011,"{'feature_0': (0.109, 1.082), 'feature_1': (1.416, 3.703), 'feature_2': (0.011, 3.598), 'feature_3': (-0.517, 0.936)}",4,2.418,10,[Pretrained] CF,"[332, 333, 529, 561, 603, 611, 615, 616, 620]",2.526,2.526,ResOve,[Pretrained] CF ResOve,0.036,0,0.036,730,68,0.0,5,0.10799999999999965,0.0,5
704,feature_0 > -0.095 AND feature_0 > 1.082 AND feature_0 <= 1.784 AND feature_1 > 0.317 AND feature_3 > -0.32 AND feature_1 > 0.828 AND feature_2 > -0.466 AND feature_3 <= 0.915 AND feature_3 > -0.069 AND feature_0 > 1.285,"{'feature_0': (1.285, 1.784), 'feature_1': (0.828, 3.703), 'feature_3': (-0.069, 0.915), 'feature_2': (-0.466, 3.598)}",4,2.724,10,[Pretrained] CF,"[332, 628, 629, 679, 689, 697, 699, 700, 702]",3.109,3.109,NoOve,[Pretrained] CF NoOve,0.006,0,0.006,730,27,0.0,5,0.3849999999999998,0.0,5
703,feature_0 > -0.095 AND feature_0 > 1.082 AND feature_0 <= 1.784 AND feature_1 > 0.317 AND feature_3 > -0.32 AND feature_1 > 0.828 AND feature_2 > -0.466 AND feature_3 <= 0.915 AND feature_3 > -0.069 AND feature_0 <= 1.285,"{'feature_0': (1.082, 1.285), 'feature_1': (0.828, 3.703), 'feature_3': (-0.069, 0.915), 'feature_2': (-0.466, 3.598)}",4,2.622,10,[Pretrained] CF,"[332, 628, 629, 679, 689, 697, 699, 700, 702]",2.764,2.764,NoOve,[Pretrained] CF NoOve,0.006,0,0.006,730,26,0.0,5,0.1419999999999999,0.0,5
622,feature_0 > -0.095 AND feature_0 <= 1.082 AND feature_1 > 0.521 AND feature_1 > 0.841 AND feature_1 > 1.416 AND feature_2 > -0.397 AND feature_0 > 0.109 AND feature_3 <= 0.936 AND feature_3 > -0.517 AND feature_2 > 0.011,"{'feature_0': (0.109, 1.082), 'feature_1': (1.416, 3.703), 'feature_2': (0.011, 3.598), 'feature_3': (-0.517, 0.936)}",4,2.418,10,[Pretrained] CF,"[332, 333, 529, 561, 603, 611, 615, 616, 620]",2.526,2.526,NoOve,[Pretrained] CF NoOve,0.006,0,0.006,730,68,0.0,5,0.10799999999999965,0.0,5
619,feature_0 > -0.095 AND feature_0 <= 1.082 AND feature_1 > 0.521 AND feature_1 > 0.841 AND feature_1 > 1.416 AND feature_2 > -0.397 AND feature_0 > 0.109 AND feature_3 <= 0.936 AND feature_3 <= -0.517 AND feature_4 > 0.377,"{'feature_0': (0.109, 1.082), 'feature_1': (1.416, 3.703), 'feature_2': (-0.397, 3.598), 'feature_3': (-4.447, -0.517), 'feature_4': (0.377, 3.804)}",5,2.351,10,[Pretrained] CF,"[332, 333, 529, 561, 603, 611, 615, 616, 617]",2.411,2.411,NoOve,[Pretrained] CF NoOve,0.006,0,0.006,730,22,0.0,5,0.06000000000000005,0.0,5
601,feature_0 > -0.095 AND feature_0 <= 1.082 AND feature_1 > 0.521 AND feature_1 > 0.841 AND feature_1 <= 1.416 AND feature_0 > 0.305 AND feature_2 > -0.298 AND feature_4 > 0.53 AND feature_1 > 1.01 AND feature_0 <= 0.62,"{'feature_0': (0.305, 0.62), 'feature_1': (1.01, 1.416), 'feature_2': (-0.298, 3.598), 'feature_4': (0.53, 3.804)}",4,2.341,10,[Pretrained] CF,"[332, 333, 529, 561, 562, 576, 586, 598, 600]",1.885,1.885,NoOve,[Pretrained] CF NoOve,0.006,0,0.006,730,21,0.0,5,0.4560000000000002,0.0,5
728,feature_0 > -0.095 AND feature_0 > 1.082 AND feature_0 > 1.784 AND feature_0 > 2.064 AND feature_0 > 2.367 AND feature_4 > 0.096,"{'feature_0': (2.367, 3.636), 'feature_4': (0.096, 3.804)}",2,3.191,6,[Pretrained] CF,"[332, 628, 706, 718, 724]",3.275,3.276,OptRes,[Pretrained] CF OptRes,0.005,0,0.005,730,32,0.2391156462585034,5,0.08400000000000007,0.0009999999999998899,5
724,feature_0 > -0.095 AND feature_0 > 1.082 AND feature_0 > 1.784 AND feature_0 > 2.064 AND feature_0 > 2.367,"{'feature_0': (2.367, 3.636)}",1,3.111,5,[Pretrained] CF,"[332, 628, 706, 718]",3.33,3.339,OptRes,[Pretrained] CF OptRes,0.005,0,0.005,730,67,0.1738095238095238,5,0.21899999999999986,0.008999999999999897,5
729,feature_0 > -0.095 AND feature_0 > 1.082 AND feature_0 > 1.784 AND feature_0 > 2.064 AND feature_0 > 2.367 AND feature_4 > 0.096 AND feature_3 <= 0.038,"{'feature_0': (2.367, 3.636), 'feature_4': (0.096, 3.804), 'feature_3': (-4.447, 0.038)}",3,3.105,7,[Pretrained] CF,"[332, 628, 706, 718, 724, 728]",3.245,3.245,OptRes,[Pretrained] CF OptRes,0.005,0,0.005,730,24,0.17959183673469387,5,0.14000000000000012,0.0,5
723,feature_0 > -0.095 AND feature_0 > 1.082 AND feature_0 > 1.784 AND feature_0 > 2.064 AND feature_0 <= 2.367 AND feature_4 > 0.079,"{'feature_0': (2.064, 2.367), 'feature_4': (0.079, 3.804)}",2,2.982,6,[Pretrained] CF,"[332, 628, 706, 718, 719]",2.979,3.023,OptRes,[Pretrained] CF OptRes,0.005,0,0.005,730,26,0.08947368421052632,5,0.0030000000000001137,0.04400000000000004,5
719,feature_0 > -0.095 AND feature_0 > 1.082 AND feature_0 > 1.784 AND feature_0 > 2.064 AND feature_0 <= 2.367,"{'feature_0': (2.064, 2.367)}",1,2.837,5,[Pretrained] CF,"[332, 628, 706, 718]",2.937,2.958,OptRes,[Pretrained] CF OptRes,0.005,0,0.005,730,72,0.08947368421052632,5,0.09999999999999964,0.02100000000000035,5
729,feature_0 > -0.095 AND feature_0 > 1.082 AND feature_0 > 1.784 AND feature_0 > 2.064 AND feature_0 > 2.367 AND feature_4 > 0.096 AND feature_3 <= 0.038,"{'feature_0': (2.367, 3.636), 'feature_4': (0.096, 3.804), 'feature_3': (-4.447, 0.038)}",3,3.105,7,[Pretrained] CF,"[332, 628, 706, 718, 724, 728]",3.245,3.245,ResOve,[Pretrained] CF ResOve,0.101,0,0.101,730,24,0.12244897959183673,5,0.14000000000000012,0.0,5
728,feature_0 > -0.095 AND feature_0 > 1.082 AND feature_0 > 1.784 AND feature_0 > 2.064 AND feature_0 > 2.367 AND feature_4 > 0.096,"{'feature_0': (2.367, 3.636), 'feature_4': (0.096, 3.804)}",2,3.191,6,[Pretrained] CF,"[332, 628, 706, 718, 724]",3.275,3.276,ResOve,[Pretrained] CF ResOve,0.101,0,0.101,730,32,0.12244897959183673,5,0.08400000000000007,0.0009999999999998899,5
725,feature_0 > -0.095 AND feature_0 > 1.082 AND feature_0 > 1.784 AND feature_0 > 2.064 AND feature_0 > 2.367 AND feature_4 <= 0.096,"{'feature_0': (2.367, 3.636), 'feature_4': (-3.581, 0.096)}",2,3.041,6,[Pretrained] CF,"[332, 628, 706, 718, 724]",3.378,3.396,ResOve,[Pretrained] CF ResOve,0.101,0,0.101,730,35,0.0,5,0.3370000000000002,0.017999999999999794,5
723,feature_0 > -0.095 AND feature_0 > 1.082 AND feature_0 > 1.784 AND feature_0 > 2.064 AND feature_0 <= 2.367 AND feature_4 > 0.079,"{'feature_0': (2.064, 2.367), 'feature_4': (0.079, 3.804)}",2,2.982,6,[Pretrained] CF,"[332, 628, 706, 718, 719]",2.979,3.023,ResOve,[Pretrained] CF ResOve,0.101,0,0.101,730,26,0.0,5,0.0030000000000001137,0.04400000000000004,5
722,feature_0 > -0.095 AND feature_0 > 1.082 AND feature_0 > 1.784 AND feature_0 > 2.064 AND feature_0 <= 2.367 AND feature_4 <= 0.079 AND feature_1 > -0.344,"{'feature_0': (2.064, 2.367), 'feature_4': (-3.581, 0.079), 'feature_1': (-0.344, 3.703)}",3,2.806,7,[Pretrained] CF,"[332, 628, 706, 718, 719, 720]",3.182,3.225,ResOve,[Pretrained] CF ResOve,0.101,0,0.101,730,27,0.0,5,0.3759999999999999,0.04300000000000015,5
728,feature_0 > -0.095 AND feature_0 > 1.082 AND feature_0 > 1.784 AND feature_0 > 2.064 AND feature_0 > 2.367 AND feature_4 > 0.096,"{'feature_0': (2.367, 3.636), 'feature_4': (0.096, 3.804)}",2,3.191,6,[Pretrained] CF,"[332, 628, 706, 718, 724]",3.275,3.276,NoOve,[Pretrained] CF NoOve,0.012,0,0.012,730,32,0.0,5,0.08400000000000007,0.0009999999999998899,5
725,feature_0 > -0.095 AND feature_0 > 1.082 AND feature_0 > 1.784 AND feature_0 > 2.064 AND feature_0 > 2.367 AND feature_4 <= 0.096,"{'feature_0': (2.367, 3.636), 'feature_4': (-3.581, 0.096)}",2,3.041,6,[Pretrained] CF,"[332, 628, 706, 718, 724]",3.378,3.396,NoOve,[Pretrained] CF NoOve,0.012,0,0.012,730,35,0.0,5,0.3370000000000002,0.017999999999999794,5
723,feature_0 > -0.095 AND feature_0 > 1.082 AND feature_0 > 1.784 AND feature_0 > 2.064 AND feature_0 <= 2.367 AND feature_4 > 0.079,"{'feature_0': (2.064, 2.367), 'feature_4': (0.079, 3.804)}",2,2.982,6,[Pretrained] CF,"[332, 628, 706, 718, 719]",2.979,3.023,NoOve,[Pretrained] CF NoOve,0.012,0,0.012,730,26,0.0,5,0.0030000000000001137,0.04400000000000004,5
715,feature_0 > -0.095 AND feature_0 > 1.082 AND feature_0 > 1.784 AND feature_0 <= 2.064 AND feature_1 > -0.329 AND feature_0 > 1.941,"{'feature_0': (1.941, 2.064), 'feature_1': (-0.329, 3.703)}",2,2.761,6,[Pretrained] CF,"[332, 628, 706, 707, 711]",3.1,3.107,NoOve,[Pretrained] CF NoOve,0.012,0,0.012,730,30,0.0,5,0.33899999999999997,0.007000000000000117,5
720,feature_0 > -0.095 AND feature_0 > 1.082 AND feature_0 > 1.784 AND feature_0 > 2.064 AND feature_0 <= 2.367 AND feature_4 <= 0.079,"{'feature_0': (2.064, 2.367), 'feature_4': (-3.581, 0.079)}",2,2.757,6,[Pretrained] CF,"[332, 628, 706, 718, 719]",2.914,2.921,NoOve,[Pretrained] CF NoOve,0.012,0,0.012,730,46,0.0,5,0.15700000000000003,0.006999999999999673,5
694,feature_0 > -0.095 AND feature_0 > 1.082 AND feature_0 <= 1.784 AND feature_1 > 0.317 AND feature_3 > -0.32 AND feature_1 <= 0.828 AND feature_0 > 1.182 AND feature_1 > 0.477,"{'feature_0': (1.182, 1.784), 'feature_1': (0.477, 0.828), 'feature_3': (-0.32, 3.832)}",3,2.394,8,[Pretrained] CF,"[332, 628, 629, 679, 689, 690, 692]",2.513,2.481,OptRes,[Pretrained] CF OptRes,0.006,0,0.006,730,21,0.11021505376344086,5,0.11899999999999977,0.03200000000000003,5
708,feature_0 > -0.095 AND feature_0 > 1.082 AND feature_0 > 1.784 AND feature_0 <= 2.064 AND feature_1 <= -0.329,"{'feature_0': (1.784, 2.064), 'feature_1': (-3.643, -0.329)}",2,2.379,5,[Pretrained] CF,"[332, 628, 706, 707]",2.267,2.245,OptRes,[Pretrained] CF OptRes,0.006,0,0.006,730,27,0.0,5,0.1120000000000001,0.021999999999999797,5
690,feature_0 > -0.095 AND feature_0 > 1.082 AND feature_0 <= 1.784 AND feature_1 > 0.317 AND feature_3 > -0.32 AND feature_1 <= 0.828,"{'feature_0': (1.082, 1.784), 'feature_1': (0.317, 0.828), 'feature_3': (-0.32, 3.832)}",3,2.265,6,[Pretrained] CF,"[332, 628, 629, 679, 689]",2.402,2.401,OptRes,[Pretrained] CF OptRes,0.006,0,0.006,730,41,0.11021505376344086,5,0.137,0.001000000000000334,5
597,feature_0 > -0.095 AND feature_0 <= 1.082 AND feature_1 > 0.521 AND feature_1 > 0.841 AND feature_1 <= 1.416 AND feature_0 > 0.305 AND feature_2 > -0.298 AND feature_4 <= 0.53 AND feature_0 > 0.628 AND feature_3 > -0.08,"{'feature_0': (0.628, 1.082), 'feature_1': (0.841, 1.416), 'feature_2': (-0.298, 3.598), 'feature_4': (-3.581, 0.53), 'feature_3': (-0.08, 3.832)}",5,2.198,10,[Pretrained] CF,"[332, 333, 529, 561, 562, 576, 586, 587, 593]",2.161,2.142,OptRes,[Pretrained] CF OptRes,0.006,0,0.006,730,21,0.11746987951807229,5,0.03699999999999992,0.019000000000000128,5
593,feature_0 > -0.095 AND feature_0 <= 1.082 AND feature_1 > 0.521 AND feature_1 > 0.841 AND feature_1 <= 1.416 AND feature_0 > 0.305 AND feature_2 > -0.298 AND feature_4 <= 0.53 AND feature_0 > 0.628,"{'feature_0': (0.628, 1.082), 'feature_1': (0.841, 1.416), 'feature_2': (-0.298, 3.598), 'feature_4': (-3.581, 0.53)}",4,2.129,9,[Pretrained] CF,"[332, 333, 529, 561, 562, 576, 586, 587]",2.197,2.2,OptRes,[Pretrained] CF OptRes,0.006,0,0.006,730,38,0.11746987951807229,5,0.06800000000000006,0.0030000000000001137,5
708,feature_0 > -0.095 AND feature_0 > 1.082 AND feature_0 > 1.784 AND feature_0 <= 2.064 AND feature_1 <= -0.329,"{'feature_0': (1.784, 2.064), 'feature_1': (-3.643, -0.329)}",2,2.379,5,[Pretrained] CF,"[332, 628, 706, 707]",2.267,2.245,ResOve,[Pretrained] CF ResOve,0.097,0,0.097,730,27,0.0,5,0.1120000000000001,0.021999999999999797,5
694,feature_0 > -0.095 AND feature_0 > 1.082 AND feature_0 <= 1.784 AND feature_1 > 0.317 AND feature_3 > -0.32 AND feature_1 <= 0.828 AND feature_0 > 1.182 AND feature_1 > 0.477,"{'feature_0': (1.182, 1.784), 'feature_1': (0.477, 0.828), 'feature_3': (-0.32, 3.832)}",3,2.394,8,[Pretrained] CF,"[332, 628, 629, 679, 689, 690, 692]",2.513,2.481,ResOve,[Pretrained] CF ResOve,0.097,0,0.097,730,21,0.13851351351351351,5,0.11899999999999977,0.03200000000000003,5
692,feature_0 > -0.095 AND feature_0 > 1.082 AND feature_0 <= 1.784 AND feature_1 > 0.317 AND feature_3 > -0.32 AND feature_1 <= 0.828 AND feature_0 > 1.182,"{'feature_0': (1.182, 1.784), 'feature_1': (0.317, 0.828), 'feature_3': (-0.32, 3.832)}",3,2.32,7,[Pretrained] CF,"[332, 628, 629, 679, 689, 690]",2.464,2.452,ResOve,[Pretrained] CF ResOve,0.097,0,0.097,730,34,0.13851351351351351,5,0.14400000000000013,0.01200000000000001,5
597,feature_0 > -0.095 AND feature_0 <= 1.082 AND feature_1 > 0.521 AND feature_1 > 0.841 AND feature_1 <= 1.416 AND feature_0 > 0.305 AND feature_2 > -0.298 AND feature_4 <= 0.53 AND feature_0 > 0.628 AND feature_3 > -0.08,"{'feature_0': (0.628, 1.082), 'feature_1': (0.841, 1.416), 'feature_2': (-0.298, 3.598), 'feature_4': (-3.581, 0.53), 'feature_3': (-0.08, 3.832)}",5,2.198,10,[Pretrained] CF,"[332, 333, 529, 561, 562, 576, 586, 587, 593]",2.161,2.142,ResOve,[Pretrained] CF ResOve,0.097,0,0.097,730,21,0.04665071770334928,5,0.03699999999999992,0.019000000000000128,5
586,feature_0 > -0.095 AND feature_0 <= 1.082 AND feature_1 > 0.521 AND feature_1 > 0.841 AND feature_1 <= 1.416 AND feature_0 > 0.305 AND feature_2 > -0.298,"{'feature_0': (0.305, 1.082), 'feature_1': (0.841, 1.416), 'feature_2': (-0.298, 3.598)}",3,2.121,7,[Pretrained] CF,"[332, 333, 529, 561, 562, 576]",2.045,2.027,ResOve,[Pretrained] CF ResOve,0.097,0,0.097,730,80,0.04665071770334928,5,0.07600000000000007,0.017999999999999794,5
692,feature_0 > -0.095 AND feature_0 > 1.082 AND feature_0 <= 1.784 AND feature_1 > 0.317 AND feature_3 > -0.32 AND feature_1 <= 0.828 AND feature_0 > 1.182,"{'feature_0': (1.182, 1.784), 'feature_1': (0.317, 0.828), 'feature_3': (-0.32, 3.832)}",3,2.32,7,[Pretrained] CF,"[332, 628, 629, 679, 689, 690]",2.464,2.452,NoOve,[Pretrained] CF NoOve,0.026,0,0.026,730,34,0.0,5,0.14400000000000013,0.01200000000000001,5
586,feature_0 > -0.095 AND feature_0 <= 1.082 AND feature_1 > 0.521 AND feature_1 > 0.841 AND feature_1 <= 1.416 AND feature_0 > 0.305 AND feature_2 > -0.298,"{'feature_0': (0.305, 1.082), 'feature_1': (0.841, 1.416), 'feature_2': (-0.298, 3.598)}",3,2.121,7,[Pretrained] CF,"[332, 333, 529, 561, 562, 576]",2.045,2.027,NoOve,[Pretrained] CF NoOve,0.026,0,0.026,730,80,0.0,5,0.07600000000000007,0.017999999999999794,5
673,feature_0 > -0.095 AND feature_0 > 1.082 AND feature_0 <= 1.784 AND feature_1 <= 0.317 AND feature_0 > 1.486 AND feature_3 <= 0.862 AND feature_0 > 1.671,"{'feature_0': (1.671, 1.784), 'feature_1': (-3.643, 0.317), 'feature_3': (-4.447, 0.862)}",3,2.082,7,[Pretrained] CF,"[332, 628, 629, 630, 664, 665]",2.163,2.075,NoOve,[Pretrained] CF NoOve,0.026,0,0.026,730,21,0.0,5,0.08099999999999996,0.08799999999999963,5
577,feature_0 > -0.095 AND feature_0 <= 1.082 AND feature_1 > 0.521 AND feature_1 > 0.841 AND feature_1 <= 1.416 AND feature_0 > 0.305 AND feature_2 <= -0.298,"{'feature_0': (0.305, 1.082), 'feature_1': (0.841, 1.416), 'feature_2': (-3.74, -0.298)}",3,1.957,7,[Pretrained] CF,"[332, 333, 529, 561, 562, 576]",2.044,2.015,NoOve,[Pretrained] CF NoOve,0.026,0,0.026,730,43,0.0,5,0.08699999999999997,0.028999999999999915,5
558,feature_0 > -0.095 AND feature_0 <= 1.082 AND feature_1 > 0.521 AND feature_1 <= 0.841 AND feature_0 > 0.594 AND feature_1 > 0.594 AND feature_2 > -0.164,"{'feature_0': (0.594, 1.082), 'feature_1': (0.594, 0.841), 'feature_2': (-0.164, 3.598)}",3,1.948,7,[Pretrained] CF,"[332, 333, 529, 530, 550, 554]",1.944,1.971,NoOve,[Pretrained] CF NoOve,0.026,0,0.026,730,30,0.0,5,0.0040000000000000036,0.027000000000000135,5
722,feature_0 > -0.095 AND feature_0 > 1.082 AND feature_0 > 1.784 AND feature_0 > 2.064 AND feature_0 <= 2.367 AND feature_4 <= 0.079 AND feature_1 > -0.344,"{'feature_0': (2.064, 2.367), 'feature_4': (-3.581, 0.079), 'feature_1': (-0.344, 3.703)}",3,2.806,7,[Pretrained] CF,"[332, 628, 706, 718, 719, 720]",3.182,3.182,OptRes,[Pretrained] CF OptRes,0.003,0,0.003,730,36,0.0,5,0.3759999999999999,0.0,5
715,feature_0 > -0.095 AND feature_0 > 1.082 AND feature_0 > 1.784 AND feature_0 <= 2.064 AND feature_1 > -0.329 AND feature_0 > 1.941,"{'feature_0': (1.941, 2.064), 'feature_1': (-0.329, 3.703)}",2,2.761,6,[Pretrained] CF,"[332, 628, 706, 707, 711]",3.1,3.1,OptRes,[Pretrained] CF OptRes,0.003,0,0.003,730,41,0.0,5,0.33899999999999997,0.0,5
704,feature_0 > -0.095 AND feature_0 > 1.082 AND feature_0 <= 1.784 AND feature_1 > 0.317 AND feature_3 > -0.32 AND feature_1 > 0.828 AND feature_2 > -0.466 AND feature_3 <= 0.915 AND feature_3 > -0.069 AND feature_0 > 1.285,"{'feature_0': (1.285, 1.784), 'feature_1': (0.828, 3.703), 'feature_3': (-0.069, 0.915), 'feature_2': (-0.466, 3.598)}",4,2.724,10,[Pretrained] CF,"[332, 628, 629, 679, 689, 697, 699, 700, 702]",3.109,3.109,OptRes,[Pretrained] CF OptRes,0.003,0,0.003,730,27,0.09246575342465753,5,0.3849999999999998,0.0,5
714,feature_0 > -0.095 AND feature_0 > 1.082 AND feature_0 > 1.784 AND feature_0 <= 2.064 AND feature_1 > -0.329 AND feature_0 <= 1.941 AND feature_3 > -0.137,"{'feature_0': (1.784, 1.941), 'feature_1': (-0.329, 3.703), 'feature_3': (-0.137, 3.832)}",3,2.643,7,[Pretrained] CF,"[332, 628, 706, 707, 711, 712]",3.102,3.102,OptRes,[Pretrained] CF OptRes,0.003,0,0.003,730,36,0.0,5,0.4590000000000001,0.0,5
700,feature_0 > -0.095 AND feature_0 > 1.082 AND feature_0 <= 1.784 AND feature_1 > 0.317 AND feature_3 > -0.32 AND feature_1 > 0.828 AND feature_2 > -0.466 AND feature_3 <= 0.915,"{'feature_0': (1.082, 1.784), 'feature_1': (0.828, 3.703), 'feature_3': (-0.32, 0.915), 'feature_2': (-0.466, 3.598)}",4,2.638,8,[Pretrained] CF,"[332, 628, 629, 679, 689, 697, 699]",2.974,2.974,OptRes,[Pretrained] CF OptRes,0.003,0,0.003,730,73,0.09246575342465753,5,0.3360000000000003,0.0,5
722,feature_0 > -0.095 AND feature_0 > 1.082 AND feature_0 > 1.784 AND feature_0 > 2.064 AND feature_0 <= 2.367 AND feature_4 <= 0.079 AND feature_1 > -0.344,"{'feature_0': (2.064, 2.367), 'feature_4': (-3.581, 0.079), 'feature_1': (-0.344, 3.703)}",3,2.806,7,[Pretrained] CF,"[332, 628, 706, 718, 719, 720]",3.182,3.182,ResOve,[Pretrained] CF ResOve,0.034,0,0.034,730,36,0.0,5,0.3759999999999999,0.0,5
715,feature_0 > -0.095 AND feature_0 > 1.082 AND feature_0 > 1.784 AND feature_0 <= 2.064 AND feature_1 > -0.329 AND feature_0 > 1.941,"{'feature_0': (1.941, 2.064), 'feature_1': (-0.329, 3.703)}",2,2.761,6,[Pretrained] CF,"[332, 628, 706, 707, 711]",3.1,3.1,ResOve,[Pretrained] CF ResOve,0.034,0,0.034,730,41,0.0,5,0.33899999999999997,0.0,5
714,feature_0 > -0.095 AND feature_0 > 1.082 AND feature_0 > 1.784 AND feature_0 <= 2.064 AND feature_1 > -0.329 AND feature_0 <= 1.941 AND feature_3 > -0.137,"{'feature_0': (1.784, 1.941), 'feature_1': (-0.329, 3.703), 'feature_3': (-0.137, 3.832)}",3,2.643,7,[Pretrained] CF,"[332, 628, 706, 707, 711, 712]",3.102,3.102,ResOve,[Pretrained] CF ResOve,0.034,0,0.034,730,36,0.0,5,0.4590000000000001,0.0,5
704,feature_0 > -0.095 AND feature_0 > 1.082 AND feature_0 <= 1.784 AND feature_1 > 0.317 AND feature_3 > -0.32 AND feature_1 > 0.828 AND feature_2 > -0.466 AND feature_3 <= 0.915 AND feature_3 > -0.069 AND feature_0 > 1.285,"{'feature_0': (1.285, 1.784), 'feature_1': (0.828, 3.703), 'feature_3': (-0.069, 0.915), 'feature_2': (-0.466, 3.598)}",4,2.724,10,[Pretrained] CF,"[332, 628, 629, 679, 689, 697, 699, 700, 702]",3.109,3.109,ResOve,[Pretrained] CF ResOve,0.034,0,0.034,730,27,0.0,5,0.3849999999999998,0.0,5
703,feature_0 > -0.095 AND feature_0 > 1.082 AND feature_0 <= 1.784 AND feature_1 > 0.317 AND feature_3 > -0.32 AND feature_1 > 0.828 AND feature_2 > -0.466 AND feature_3 <= 0.915 AND feature_3 > -0.069 AND feature_0 <= 1.285,"{'feature_0': (1.082, 1.285), 'feature_1': (0.828, 3.703), 'feature_3': (-0.069, 0.915), 'feature_2': (-0.466, 3.598)}",4,2.622,10,[Pretrained] CF,"[332, 628, 629, 679, 689, 697, 699, 700, 702]",2.764,2.764,ResOve,[Pretrained] CF ResOve,0.034,0,0.034,730,26,0.0,5,0.1419999999999999,0.0,5
722,feature_0 > -0.095 AND feature_0 > 1.082 AND feature_0 > 1.784 AND feature_0 > 2.064 AND feature_0 <= 2.367 AND feature_4 <= 0.079 AND feature_1 > -0.344,"{'feature_0': (2.064, 2.367), 'feature_4': (-3.581, 0.079), 'feature_1': (-0.344, 3.703)}",3,2.806,7,[Pretrained] CF,"[332, 628, 706, 718, 719, 720]",3.182,3.182,NoOve,[Pretrained] CF NoOve,0.006,0,0.006,730,36,0.0,5,0.3759999999999999,0.0,5
716,feature_0 > -0.095 AND feature_0 > 1.082 AND feature_0 > 1.784 AND feature_0 <= 2.064 AND feature_1 > -0.329 AND feature_0 > 1.941 AND feature_3 <= -0.051,"{'feature_0': (1.941, 2.064), 'feature_1': (-0.329, 3.703), 'feature_3': (-4.447, -0.051)}",3,2.688,7,[Pretrained] CF,"[332, 628, 706, 707, 711, 715]",3.145,3.145,NoOve,[Pretrained] CF NoOve,0.006,0,0.006,730,21,0.0,5,0.45699999999999985,0.0,5
714,feature_0 > -0.095 AND feature_0 > 1.082 AND feature_0 > 1.784 AND feature_0 <= 2.064 AND feature_1 > -0.329 AND feature_0 <= 1.941 AND feature_3 > -0.137,"{'feature_0': (1.784, 1.941), 'feature_1': (-0.329, 3.703), 'feature_3': (-0.137, 3.832)}",3,2.643,7,[Pretrained] CF,"[332, 628, 706, 707, 711, 712]",3.102,3.102,NoOve,[Pretrained] CF NoOve,0.006,0,0.006,730,36,0.0,5,0.4590000000000001,0.0,5
699,feature_0 > -0.095 AND feature_0 > 1.082 AND feature_0 <= 1.784 AND feature_1 > 0.317 AND feature_3 > -0.32 AND feature_1 > 0.828 AND feature_2 > -0.466,"{'feature_0': (1.082, 1.784), 'feature_1': (0.828, 3.703), 'feature_3': (-0.32, 3.832), 'feature_2': (-0.466, 3.598)}",4,2.605,7,[Pretrained] CF,"[332, 628, 629, 679, 689, 697]",2.982,2.982,NoOve,[Pretrained] CF NoOve,0.006,0,0.006,730,96,0.0,5,0.3770000000000002,0.0,5
698,feature_0 > -0.095 AND feature_0 > 1.082 AND feature_0 <= 1.784 AND feature_1 > 0.317 AND feature_3 > -0.32 AND feature_1 > 0.828 AND feature_2 <= -0.466,"{'feature_0': (1.082, 1.784), 'feature_1': (0.828, 3.703), 'feature_3': (-0.32, 3.832), 'feature_2': (-3.74, -0.466)}",4,2.477,7,[Pretrained] CF,"[332, 628, 629, 679, 689, 697]",2.885,2.885,NoOve,[Pretrained] CF NoOve,0.006,0,0.006,730,31,0.0,5,0.4079999999999999,0.0,5
730,feature_0 > -0.095 AND feature_0 > 1.082 AND feature_0 > 1.784 AND feature_0 > 2.064 AND feature_0 > 2.367 AND feature_4 > 0.096 AND feature_3 > 0.038,"{'feature_0': (2.367, 3.636), 'feature_4': (0.096, 3.804), 'feature_3': (0.038, 3.832)}",3,3.274,7,[Pretrained] CF,"[332, 628, 706, 718, 724, 728]",3.304,3.304,OptRes,[Pretrained] CF OptRes,0.006,0,0.006,730,25,0.07678900289397526,5,0.029999999999999805,0.0,5
724,feature_0 > -0.095 AND feature_0 > 1.082 AND feature_0 > 1.784 AND feature_0 > 2.064 AND feature_0 > 2.367,"{'feature_0': (2.367, 3.636)}",1,3.111,5,[Pretrained] CF,"[332, 628, 706, 718]",3.33,3.377,OptRes,[Pretrained] CF OptRes,0.006,0,0.006,730,59,0.13203762167850563,5,0.21899999999999986,0.04699999999999971,5
719,feature_0 > -0.095 AND feature_0 > 1.082 AND feature_0 > 1.784 AND feature_0 > 2.064 AND feature_0 <= 2.367,"{'feature_0': (2.064, 2.367)}",1,2.837,5,[Pretrained] CF,"[332, 628, 706, 718]",2.937,2.831,OptRes,[Pretrained] CF OptRes,0.006,0,0.006,730,44,0.06560773480662983,5,0.09999999999999964,0.10599999999999987,5
706,feature_0 > -0.095 AND feature_0 > 1.082 AND feature_0 > 1.784,"{'feature_0': (1.784, 3.636)}",1,2.784,3,[Pretrained] CF,"[332, 628]",2.981,2.969,OptRes,[Pretrained] CF OptRes,0.006,0,0.006,730,189,0.1837016574585635,5,0.19700000000000006,0.01200000000000001,5
715,feature_0 > -0.095 AND feature_0 > 1.082 AND feature_0 > 1.784 AND feature_0 <= 2.064 AND feature_1 > -0.329 AND feature_0 > 1.941,"{'feature_0': (1.941, 2.064), 'feature_1': (-0.329, 3.703)}",2,2.761,6,[Pretrained] CF,"[332, 628, 706, 707, 711]",3.1,3.031,OptRes,[Pretrained] CF OptRes,0.006,0,0.006,730,21,0.028314917127071824,5,0.33899999999999997,0.06899999999999995,5
730,feature_0 > -0.095 AND feature_0 > 1.082 AND feature_0 > 1.784 AND feature_0 > 2.064 AND feature_0 > 2.367 AND feature_4 > 0.096 AND feature_3 > 0.038,"{'feature_0': (2.367, 3.636), 'feature_4': (0.096, 3.804), 'feature_3': (0.038, 3.832)}",3,3.274,7,[Pretrained] CF,"[332, 628, 706, 718, 724, 728]",3.304,3.304,ResOve,[Pretrained] CF ResOve,0.101,0,0.101,730,25,0.12755102040816327,5,0.029999999999999805,0.0,5
728,feature_0 > -0.095 AND feature_0 > 1.082 AND feature_0 > 1.784 AND feature_0 > 2.064 AND feature_0 > 2.367 AND feature_4 > 0.096,"{'feature_0': (2.367, 3.636), 'feature_4': (0.096, 3.804)}",2,3.191,6,[Pretrained] CF,"[332, 628, 706, 718, 724]",3.275,3.369,ResOve,[Pretrained] CF ResOve,0.101,0,0.101,730,27,0.12755102040816327,5,0.08400000000000007,0.0940000000000003,5
725,feature_0 > -0.095 AND feature_0 > 1.082 AND feature_0 > 1.784 AND feature_0 > 2.064 AND feature_0 > 2.367 AND feature_4 <= 0.096,"{'feature_0': (2.367, 3.636), 'feature_4': (-3.581, 0.096)}",2,3.041,6,[Pretrained] CF,"[332, 628, 706, 718, 724]",3.378,3.384,ResOve,[Pretrained] CF ResOve,0.101,0,0.101,730,32,0.0,5,0.3370000000000002,0.005999999999999783,5
720,feature_0 > -0.095 AND feature_0 > 1.082 AND feature_0 > 1.784 AND feature_0 > 2.064 AND feature_0 <= 2.367 AND feature_4 <= 0.079,"{'feature_0': (2.064, 2.367), 'feature_4': (-3.581, 0.079)}",2,2.757,6,[Pretrained] CF,"[332, 628, 706, 718, 719]",2.914,2.845,ResOve,[Pretrained] CF ResOve,0.101,0,0.101,730,26,0.0,5,0.15700000000000003,0.06899999999999995,5
715,feature_0 > -0.095 AND feature_0 > 1.082 AND feature_0 > 1.784 AND feature_0 <= 2.064 AND feature_1 > -0.329 AND feature_0 > 1.941,"{'feature_0': (1.941, 2.064), 'feature_1': (-0.329, 3.703)}",2,2.761,6,[Pretrained] CF,"[332, 628, 706, 707, 711]",3.1,3.031,ResOve,[Pretrained] CF ResOve,0.101,0,0.101,730,21,0.0,5,0.33899999999999997,0.06899999999999995,5
728,feature_0 > -0.095 AND feature_0 > 1.082 AND feature_0 > 1.784 AND feature_0 > 2.064 AND feature_0 > 2.367 AND feature_4 > 0.096,"{'feature_0': (2.367, 3.636), 'feature_4': (0.096, 3.804)}",2,3.191,6,[Pretrained] CF,"[332, 628, 706, 718, 724]",3.275,3.369,NoOve,[Pretrained] CF NoOve,0.014,0,0.014,730,27,0.0,5,0.08400000000000007,0.0940000000000003,5
725,feature_0 > -0.095 AND feature_0 > 1.082 AND feature_0 > 1.784 AND feature_0 > 2.064 AND feature_0 > 2.367 AND feature_4 <= 0.096,"{'feature_0': (2.367, 3.636), 'feature_4': (-3.581, 0.096)}",2,3.041,6,[Pretrained] CF,"[332, 628, 706, 718, 724]",3.378,3.384,NoOve,[Pretrained] CF NoOve,0.014,0,0.014,730,32,0.0,5,0.3370000000000002,0.005999999999999783,5
715,feature_0 > -0.095 AND feature_0 > 1.082 AND feature_0 > 1.784 AND feature_0 <= 2.064 AND feature_1 > -0.329 AND feature_0 > 1.941,"{'feature_0': (1.941, 2.064), 'feature_1': (-0.329, 3.703)}",2,2.761,6,[Pretrained] CF,"[332, 628, 706, 707, 711]",3.1,3.031,NoOve,[Pretrained] CF NoOve,0.014,0,0.014,730,21,0.0,5,0.33899999999999997,0.06899999999999995,5
720,feature_0 > -0.095 AND feature_0 > 1.082 AND feature_0 > 1.784 AND feature_0 > 2.064 AND feature_0 <= 2.367 AND feature_4 <= 0.079,"{'feature_0': (2.064, 2.367), 'feature_4': (-3.581, 0.079)}",2,2.757,6,[Pretrained] CF,"[332, 628, 706, 718, 719]",2.914,2.845,NoOve,[Pretrained] CF NoOve,0.014,0,0.014,730,26,0.0,5,0.15700000000000003,0.06899999999999995,5
697,feature_0 > -0.095 AND feature_0 > 1.082 AND feature_0 <= 1.784 AND feature_1 > 0.317 AND feature_3 > -0.32 AND feature_1 > 0.828,"{'feature_0': (1.082, 1.784), 'feature_1': (0.828, 3.703), 'feature_3': (-0.32, 3.832)}",3,2.574,6,[Pretrained] CF,"[332, 628, 629, 679, 689]",2.958,2.914,NoOve,[Pretrained] CF NoOve,0.014,0,0.014,730,102,0.0,5,0.38400000000000034,0.04400000000000004,5
728,feature_0 > -0.095 AND feature_0 > 1.082 AND feature_0 > 1.784 AND feature_0 > 2.064 AND feature_0 > 2.367 AND feature_4 > 0.096,"{'feature_0': (2.367, 3.636), 'feature_4': (0.096, 3.804)}",2,3.191,6,[Pretrained] CF,"[332, 628, 706, 718, 724]",3.275,3.207,OptRes,[Pretrained] CF OptRes,0.004,0,0.004,730,31,0.11666666666666667,5,0.08400000000000007,0.06800000000000006,5
727,feature_0 > -0.095 AND feature_0 > 1.082 AND feature_0 > 1.784 AND feature_0 > 2.064 AND feature_0 > 2.367 AND feature_4 <= 0.096 AND feature_2 > 0.029,"{'feature_0': (2.367, 3.636), 'feature_4': (-3.581, 0.096), 'feature_2': (0.029, 3.598)}",3,3.112,7,[Pretrained] CF,"[332, 628, 706, 718, 724, 725]",3.412,3.412,OptRes,[Pretrained] CF OptRes,0.004,0,0.004,730,25,0.05952380952380952,5,0.2999999999999998,0.0,5
724,feature_0 > -0.095 AND feature_0 > 1.082 AND feature_0 > 1.784 AND feature_0 > 2.064 AND feature_0 > 2.367,"{'feature_0': (2.367, 3.636)}",1,3.111,5,[Pretrained] CF,"[332, 628, 706, 718]",3.33,3.317,OptRes,[Pretrained] CF OptRes,0.004,0,0.004,730,87,0.25,5,0.21899999999999986,0.0129999999999999,5
726,feature_0 > -0.095 AND feature_0 > 1.082 AND feature_0 > 1.784 AND feature_0 > 2.064 AND feature_0 > 2.367 AND feature_4 <= 0.096 AND feature_2 <= 0.029,"{'feature_0': (2.367, 3.636), 'feature_4': (-3.581, 0.096), 'feature_2': (-3.74, 0.029)}",3,2.983,7,[Pretrained] CF,"[332, 628, 706, 718, 724, 725]",3.351,3.351,OptRes,[Pretrained] CF OptRes,0.004,0,0.004,730,31,0.07380952380952381,5,0.3679999999999999,0.0,5
723,feature_0 > -0.095 AND feature_0 > 1.082 AND feature_0 > 1.784 AND feature_0 > 2.064 AND feature_0 <= 2.367 AND feature_4 > 0.079,"{'feature_0': (2.064, 2.367), 'feature_4': (0.079, 3.804)}",2,2.982,6,[Pretrained] CF,"[332, 628, 706, 718, 719]",2.979,2.996,OptRes,[Pretrained] CF OptRes,0.004,0,0.004,730,28,0.0,5,0.0030000000000001137,0.016999999999999904,5
728,feature_0 > -0.095 AND feature_0 > 1.082 AND feature_0 > 1.784 AND feature_0 > 2.064 AND feature_0 > 2.367 AND feature_4 > 0.096,"{'feature_0': (2.367, 3.636), 'feature_4': (0.096, 3.804)}",2,3.191,6,[Pretrained] CF,"[332, 628, 706, 718, 724]",3.275,3.207,ResOve,[Pretrained] CF ResOve,0.097,0,0.097,730,31,0.0,5,0.08400000000000007,0.06800000000000006,5
727,feature_0 > -0.095 AND feature_0 > 1.082 AND feature_0 > 1.784 AND feature_0 > 2.064 AND feature_0 > 2.367 AND feature_4 <= 0.096 AND feature_2 > 0.029,"{'feature_0': (2.367, 3.636), 'feature_4': (-3.581, 0.096), 'feature_2': (0.029, 3.598)}",3,3.112,7,[Pretrained] CF,"[332, 628, 706, 718, 724, 725]",3.412,3.412,ResOve,[Pretrained] CF ResOve,0.097,0,0.097,730,25,0.0,5,0.2999999999999998,0.0,5
726,feature_0 > -0.095 AND feature_0 > 1.082 AND feature_0 > 1.784 AND feature_0 > 2.064 AND feature_0 > 2.367 AND feature_4 <= 0.096 AND feature_2 <= 0.029,"{'feature_0': (2.367, 3.636), 'feature_4': (-3.581, 0.096), 'feature_2': (-3.74, 0.029)}",3,2.983,7,[Pretrained] CF,"[332, 628, 706, 718, 724, 725]",3.351,3.351,ResOve,[Pretrained] CF ResOve,0.097,0,0.097,730,31,0.0,5,0.3679999999999999,0.0,5
723,feature_0 > -0.095 AND feature_0 > 1.082 AND feature_0 > 1.784 AND feature_0 > 2.064 AND feature_0 <= 2.367 AND feature_4 > 0.079,"{'feature_0': (2.064, 2.367), 'feature_4': (0.079, 3.804)}",2,2.982,6,[Pretrained] CF,"[332, 628, 706, 718, 719]",2.979,2.996,ResOve,[Pretrained] CF ResOve,0.097,0,0.097,730,28,0.0,5,0.0030000000000001137,0.016999999999999904,5
722,feature_0 > -0.095 AND feature_0 > 1.082 AND feature_0 > 1.784 AND feature_0 > 2.064 AND feature_0 <= 2.367 AND feature_4 <= 0.079 AND feature_1 > -0.344,"{'feature_0': (2.064, 2.367), 'feature_4': (-3.581, 0.079), 'feature_1': (-0.344, 3.703)}",3,2.806,7,[Pretrained] CF,"[332, 628, 706, 718, 719, 720]",3.182,3.182,ResOve,[Pretrained] CF ResOve,0.097,0,0.097,730,36,0.0,5,0.3759999999999999,0.0,5
728,feature_0 > -0.095 AND feature_0 > 1.082 AND feature_0 > 1.784 AND feature_0 > 2.064 AND feature_0 > 2.367 AND feature_4 > 0.096,"{'feature_0': (2.367, 3.636), 'feature_4': (0.096, 3.804)}",2,3.191,6,[Pretrained] CF,"[332, 628, 706, 718, 724]",3.275,3.207,NoOve,[Pretrained] CF NoOve,0.01,0,0.01,730,31,0.0,5,0.08400000000000007,0.06800000000000006,5
725,feature_0 > -0.095 AND feature_0 > 1.082 AND feature_0 > 1.784 AND feature_0 > 2.064 AND feature_0 > 2.367 AND feature_4 <= 0.096,"{'feature_0': (2.367, 3.636), 'feature_4': (-3.581, 0.096)}",2,3.041,6,[Pretrained] CF,"[332, 628, 706, 718, 724]",3.378,3.378,NoOve,[Pretrained] CF NoOve,0.01,0,0.01,730,56,0.0,5,0.3370000000000002,0.0,5
723,feature_0 > -0.095 AND feature_0 > 1.082 AND feature_0 > 1.784 AND feature_0 > 2.064 AND feature_0 <= 2.367 AND feature_4 > 0.079,"{'feature_0': (2.064, 2.367), 'feature_4': (0.079, 3.804)}",2,2.982,6,[Pretrained] CF,"[332, 628, 706, 718, 719]",2.979,2.996,NoOve,[Pretrained] CF NoOve,0.01,0,0.01,730,28,0.0,5,0.0030000000000001137,0.016999999999999904,5
715,feature_0 > -0.095 AND feature_0 > 1.082 AND feature_0 > 1.784 AND feature_0 <= 2.064 AND feature_1 > -0.329 AND feature_0 > 1.941,"{'feature_0': (1.941, 2.064), 'feature_1': (-0.329, 3.703)}",2,2.761,6,[Pretrained] CF,"[332, 628, 706, 707, 711]",3.1,3.097,NoOve,[Pretrained] CF NoOve,0.01,0,0.01,730,35,0.0,5,0.33899999999999997,0.0030000000000001137,5
720,feature_0 > -0.095 AND feature_0 > 1.082 AND feature_0 > 1.784 AND feature_0 > 2.064 AND feature_0 <= 2.367 AND feature_4 <= 0.079,"{'feature_0': (2.064, 2.367), 'feature_4': (-3.581, 0.079)}",2,2.757,6,[Pretrained] CF,"[332, 628, 706, 718, 719]",2.914,2.914,NoOve,[Pretrained] CF NoOve,0.01,0,0.01,730,61,0.0,5,0.15700000000000003,0.0,5
730,feature_0 > -0.095 AND feature_0 > 1.082 AND feature_0 > 1.784 AND feature_0 > 2.064 AND feature_0 > 2.367 AND feature_4 > 0.096 AND feature_3 > 0.038,"{'feature_0': (2.367, 3.636), 'feature_4': (0.096, 3.804), 'feature_3': (0.038, 3.832)}",3,3.274,7,[Pretrained] CF,"[332, 628, 706, 718, 724, 728]",3.304,3.304,OptRes,[Pretrained] CF OptRes,0.004,0,0.004,730,25,0.05952380952380952,5,0.029999999999999805,0.0,5
724,feature_0 > -0.095 AND feature_0 > 1.082 AND feature_0 > 1.784 AND feature_0 > 2.064 AND feature_0 > 2.367,"{'feature_0': (2.367, 3.636)}",1,3.111,5,[Pretrained] CF,"[332, 628, 706, 718]",3.33,3.262,OptRes,[Pretrained] CF OptRes,0.004,0,0.004,730,53,0.11666666666666667,5,0.21899999999999986,0.06800000000000006,5
729,feature_0 > -0.095 AND feature_0 > 1.082 AND feature_0 > 1.784 AND feature_0 > 2.064 AND feature_0 > 2.367 AND feature_4 > 0.096 AND feature_3 <= 0.038,"{'feature_0': (2.367, 3.636), 'feature_4': (0.096, 3.804), 'feature_3': (-4.447, 0.038)}",3,3.105,7,[Pretrained] CF,"[332, 628, 706, 718, 724, 728]",3.245,3.245,OptRes,[Pretrained] CF OptRes,0.004,0,0.004,730,24,0.05714285714285714,5,0.14000000000000012,0.0,5
723,feature_0 > -0.095 AND feature_0 > 1.082 AND feature_0 > 1.784 AND feature_0 > 2.064 AND feature_0 <= 2.367 AND feature_4 > 0.079,"{'feature_0': (2.064, 2.367), 'feature_4': (0.079, 3.804)}",2,2.982,6,[Pretrained] CF,"[332, 628, 706, 718, 719]",2.979,2.979,OptRes,[Pretrained] CF OptRes,0.004,0,0.004,730,34,0.08947368421052632,5,0.0030000000000001137,0.0,5
719,feature_0 > -0.095 AND feature_0 > 1.082 AND feature_0 > 1.784 AND feature_0 > 2.064 AND feature_0 <= 2.367,"{'feature_0': (2.064, 2.367)}",1,2.837,5,[Pretrained] CF,"[332, 628, 706, 718]",2.937,2.985,OptRes,[Pretrained] CF OptRes,0.004,0,0.004,730,38,0.08947368421052632,5,0.09999999999999964,0.04800000000000004,5
730,feature_0 > -0.095 AND feature_0 > 1.082 AND feature_0 > 1.784 AND feature_0 > 2.064 AND feature_0 > 2.367 AND feature_4 > 0.096 AND feature_3 > 0.038,"{'feature_0': (2.367, 3.636), 'feature_4': (0.096, 3.804), 'feature_3': (0.038, 3.832)}",3,3.274,7,[Pretrained] CF,"[332, 628, 706, 718, 724, 728]",3.304,3.304,ResOve,[Pretrained] CF ResOve,0.113,0,0.113,730,25,0.05952380952380952,5,0.029999999999999805,0.0,5
729,feature_0 > -0.095 AND feature_0 > 1.082 AND feature_0 > 1.784 AND feature_0 > 2.064 AND feature_0 > 2.367 AND feature_4 > 0.096 AND feature_3 <= 0.038,"{'feature_0': (2.367, 3.636), 'feature_4': (0.096, 3.804), 'feature_3': (-4.447, 0.038)}",3,3.105,7,[Pretrained] CF,"[332, 628, 706, 718, 724, 728]",3.245,3.245,ResOve,[Pretrained] CF ResOve,0.113,0,0.113,730,24,0.05714285714285714,5,0.14000000000000012,0.0,5
724,feature_0 > -0.095 AND feature_0 > 1.082 AND feature_0 > 1.784 AND feature_0 > 2.064 AND feature_0 > 2.367,"{'feature_0': (2.367, 3.636)}",1,3.111,5,[Pretrained] CF,"[332, 628, 706, 718]",3.33,3.262,ResOve,[Pretrained] CF ResOve,0.113,0,0.113,730,53,0.11666666666666667,5,0.21899999999999986,0.06800000000000006,5
723,feature_0 > -0.095 AND feature_0 > 1.082 AND feature_0 > 1.784 AND feature_0 > 2.064 AND feature_0 <= 2.367 AND feature_4 > 0.079,"{'feature_0': (2.064, 2.367), 'feature_4': (0.079, 3.804)}",2,2.982,6,[Pretrained] CF,"[332, 628, 706, 718, 719]",2.979,2.979,ResOve,[Pretrained] CF ResOve,0.113,0,0.113,730,34,0.0,5,0.0030000000000001137,0.0,5
715,feature_0 > -0.095 AND feature_0 > 1.082 AND feature_0 > 1.784 AND feature_0 <= 2.064 AND feature_1 > -0.329 AND feature_0 > 1.941,"{'feature_0': (1.941, 2.064), 'feature_1': (-0.329, 3.703)}",2,2.761,6,[Pretrained] CF,"[332, 628, 706, 707, 711]",3.1,3.065,ResOve,[Pretrained] CF ResOve,0.113,0,0.113,730,22,0.0,5,0.33899999999999997,0.03500000000000014,5
728,feature_0 > -0.095 AND feature_0 > 1.082 AND feature_0 > 1.784 AND feature_0 > 2.064 AND feature_0 > 2.367 AND feature_4 > 0.096,"{'feature_0': (2.367, 3.636), 'feature_4': (0.096, 3.804)}",2,3.191,6,[Pretrained] CF,"[332, 628, 706, 718, 724]",3.275,3.275,NoOve,[Pretrained] CF NoOve,0.071,0,0.071,730,49,0.0,5,0.08400000000000007,0.0,5
723,feature_0 > -0.095 AND feature_0 > 1.082 AND feature_0 > 1.784 AND feature_0 > 2.064 AND feature_0 <= 2.367 AND feature_4 > 0.079,"{'feature_0': (2.064, 2.367), 'feature_4': (0.079, 3.804)}",2,2.982,6,[Pretrained] CF,"[332, 628, 706, 718, 719]",2.979,2.979,NoOve,[Pretrained] CF NoOve,0.071,0,0.071,730,34,0.0,5,0.0030000000000001137,0.0,5
715,feature_0 > -0.095 AND feature_0 > 1.082 AND feature_0 > 1.784 AND feature_0 <= 2.064 AND feature_1 > -0.329 AND feature_0 > 1.941,"{'feature_0': (1.941, 2.064), 'feature_1': (-0.329, 3.703)}",2,2.761,6,[Pretrained] CF,"[332, 628, 706, 707, 711]",3.1,3.065,NoOve,[Pretrained] CF NoOve,0.071,0,0.071,730,22,0.0,5,0.33899999999999997,0.03500000000000014,5
697,feature_0 > -0.095 AND feature_0 > 1.082 AND feature_0 <= 1.784 AND feature_1 > 0.317 AND feature_3 > -0.32 AND feature_1 > 0.828,"{'feature_0': (1.082, 1.784), 'feature_1': (0.828, 3.703), 'feature_3': (-0.32, 3.832)}",3,2.574,6,[Pretrained] CF,"[332, 628, 629, 679, 689]",2.958,2.931,NoOve,[Pretrained] CF NoOve,0.071,0,0.071,730,56,0.0,5,0.38400000000000034,0.027000000000000135,5
712,feature_0 > -0.095 AND feature_0 > 1.082 AND feature_0 > 1.784 AND feature_0 <= 2.064 AND feature_1 > -0.329 AND feature_0 <= 1.941,"{'feature_0': (1.784, 1.941), 'feature_1': (-0.329, 3.703)}",2,2.553,6,[Pretrained] CF,"[332, 628, 706, 707, 711]",3.069,2.989,NoOve,[Pretrained] CF NoOve,0.071,0,0.071,730,27,0.0,5,0.516,0.08000000000000007,5
722,feature_0 > -0.095 AND feature_0 > 1.082 AND feature_0 > 1.784 AND feature_0 > 2.064 AND feature_0 <= 2.367 AND feature_4 <= 0.079 AND feature_1 > -0.344,"{'feature_0': (2.064, 2.367), 'feature_4': (-3.581, 0.079), 'feature_1': (-0.344, 3.703)}",3,2.806,7,[Pretrained] CF,"[332, 628, 706, 718, 719, 720]",3.182,3.182,OptRes,[Pretrained] CF OptRes,0.004,0,0.004,730,36,0.0,5,0.3759999999999999,0.0,5
715,feature_0 > -0.095 AND feature_0 > 1.082 AND feature_0 > 1.784 AND feature_0 <= 2.064 AND feature_1 > -0.329 AND feature_0 > 1.941,"{'feature_0': (1.941, 2.064), 'feature_1': (-0.329, 3.703)}",2,2.761,6,[Pretrained] CF,"[332, 628, 706, 707, 711]",3.1,3.1,OptRes,[Pretrained] CF OptRes,0.004,0,0.004,730,41,0.0,5,0.33899999999999997,0.0,5
704,feature_0 > -0.095 AND feature_0 > 1.082 AND feature_0 <= 1.784 AND feature_1 > 0.317 AND feature_3 > -0.32 AND feature_1 > 0.828 AND feature_2 > -0.466 AND feature_3 <= 0.915 AND feature_3 > -0.069 AND feature_0 > 1.285,"{'feature_0': (1.285, 1.784), 'feature_1': (0.828, 3.703), 'feature_3': (-0.069, 0.915), 'feature_2': (-0.466, 3.598)}",4,2.724,10,[Pretrained] CF,"[332, 628, 629, 679, 689, 697, 699, 700, 702]",3.109,3.109,OptRes,[Pretrained] CF OptRes,0.004,0,0.004,730,27,0.09246575342465753,5,0.3849999999999998,0.0,5
714,feature_0 > -0.095 AND feature_0 > 1.082 AND feature_0 > 1.784 AND feature_0 <= 2.064 AND feature_1 > -0.329 AND feature_0 <= 1.941 AND feature_3 > -0.137,"{'feature_0': (1.784, 1.941), 'feature_1': (-0.329, 3.703), 'feature_3': (-0.137, 3.832)}",3,2.643,7,[Pretrained] CF,"[332, 628, 706, 707, 711, 712]",3.102,3.102,OptRes,[Pretrained] CF OptRes,0.004,0,0.004,730,36,0.0,5,0.4590000000000001,0.0,5
700,feature_0 > -0.095 AND feature_0 > 1.082 AND feature_0 <= 1.784 AND feature_1 > 0.317 AND feature_3 > -0.32 AND feature_1 > 0.828 AND feature_2 > -0.466 AND feature_3 <= 0.915,"{'feature_0': (1.082, 1.784), 'feature_1': (0.828, 3.703), 'feature_3': (-0.32, 0.915), 'feature_2': (-0.466, 3.598)}",4,2.638,8,[Pretrained] CF,"[332, 628, 629, 679, 689, 697, 699]",2.974,2.974,OptRes,[Pretrained] CF OptRes,0.004,0,0.004,730,73,0.09246575342465753,5,0.3360000000000003,0.0,5
722,feature_0 > -0.095 AND feature_0 > 1.082 AND feature_0 > 1.784 AND feature_0 > 2.064 AND feature_0 <= 2.367 AND feature_4 <= 0.079 AND feature_1 > -0.344,"{'feature_0': (2.064, 2.367), 'feature_4': (-3.581, 0.079), 'feature_1': (-0.344, 3.703)}",3,2.806,7,[Pretrained] CF,"[332, 628, 706, 718, 719, 720]",3.182,3.182,ResOve,[Pretrained] CF ResOve,0.023,0,0.023,730,36,0.0,5,0.3759999999999999,0.0,5
715,feature_0 > -0.095 AND feature_0 > 1.082 AND feature_0 > 1.784 AND feature_0 <= 2.064 AND feature_1 > -0.329 AND feature_0 > 1.941,"{'feature_0': (1.941, 2.064), 'feature_1': (-0.329, 3.703)}",2,2.761,6,[Pretrained] CF,"[332, 628, 706, 707, 711]",3.1,3.1,ResOve,[Pretrained] CF ResOve,0.023,0,0.023,730,41,0.0,5,0.33899999999999997,0.0,5
714,feature_0 > -0.095 AND feature_0 > 1.082 AND feature_0 > 1.784 AND feature_0 <= 2.064 AND feature_1 > -0.329 AND feature_0 <= 1.941 AND feature_3 > -0.137,"{'feature_0': (1.784, 1.941), 'feature_1': (-0.329, 3.703), 'feature_3': (-0.137, 3.832)}",3,2.643,7,[Pretrained] CF,"[332, 628, 706, 707, 711, 712]",3.102,3.102,ResOve,[Pretrained] CF ResOve,0.023,0,0.023,730,36,0.0,5,0.4590000000000001,0.0,5
704,feature_0 > -0.095 AND feature_0 > 1.082 AND feature_0 <= 1.784 AND feature_1 > 0.317 AND feature_3 > -0.32 AND feature_1 > 0.828 AND feature_2 > -0.466 AND feature_3 <= 0.915 AND feature_3 > -0.069 AND feature_0 > 1.285,"{'feature_0': (1.285, 1.784), 'feature_1': (0.828, 3.703), 'feature_3': (-0.069, 0.915), 'feature_2': (-0.466, 3.598)}",4,2.724,10,[Pretrained] CF,"[332, 628, 629, 679, 689, 697, 699, 700, 702]",3.109,3.109,ResOve,[Pretrained] CF ResOve,0.023,0,0.023,730,27,0.0,5,0.3849999999999998,0.0,5
703,feature_0 > -0.095 AND feature_0 > 1.082 AND feature_0 <= 1.784 AND feature_1 > 0.317 AND feature_3 > -0.32 AND feature_1 > 0.828 AND feature_2 > -0.466 AND feature_3 <= 0.915 AND feature_3 > -0.069 AND feature_0 <= 1.285,"{'feature_0': (1.082, 1.285), 'feature_1': (0.828, 3.703), 'feature_3': (-0.069, 0.915), 'feature_2': (-0.466, 3.598)}",4,2.622,10,[Pretrained] CF,"[332, 628, 629, 679, 689, 697, 699, 700, 702]",2.764,2.764,ResOve,[Pretrained] CF ResOve,0.023,0,0.023,730,26,0.0,5,0.1419999999999999,0.0,5
722,feature_0 > -0.095 AND feature_0 > 1.082 AND feature_0 > 1.784 AND feature_0 > 2.064 AND feature_0 <= 2.367 AND feature_4 <= 0.079 AND feature_1 > -0.344,"{'feature_0': (2.064, 2.367), 'feature_4': (-3.581, 0.079), 'feature_1': (-0.344, 3.703)}",3,2.806,7,[Pretrained] CF,"[332, 628, 706, 718, 719, 720]",3.182,3.182,NoOve,[Pretrained] CF NoOve,0.007,0,0.007,730,36,0.0,5,0.3759999999999999,0.0,5
716,feature_0 > -0.095 AND feature_0 > 1.082 AND feature_0 > 1.784 AND feature_0 <= 2.064 AND feature_1 > -0.329 AND feature_0 > 1.941 AND feature_3 <= -0.051,"{'feature_0': (1.941, 2.064), 'feature_1': (-0.329, 3.703), 'feature_3': (-4.447, -0.051)}",3,2.688,7,[Pretrained] CF,"[332, 628, 706, 707, 711, 715]",3.145,3.145,NoOve,[Pretrained] CF NoOve,0.007,0,0.007,730,21,0.0,5,0.45699999999999985,0.0,5
714,feature_0 > -0.095 AND feature_0 > 1.082 AND feature_0 > 1.784 AND feature_0 <= 2.064 AND feature_1 > -0.329 AND feature_0 <= 1.941 AND feature_3 > -0.137,"{'feature_0': (1.784, 1.941), 'feature_1': (-0.329, 3.703), 'feature_3': (-0.137, 3.832)}",3,2.643,7,[Pretrained] CF,"[332, 628, 706, 707, 711, 712]",3.102,3.102,NoOve,[Pretrained] CF NoOve,0.007,0,0.007,730,36,0.0,5,0.4590000000000001,0.0,5
699,feature_0 > -0.095 AND feature_0 > 1.082 AND feature_0 <= 1.784 AND feature_1 > 0.317 AND feature_3 > -0.32 AND feature_1 > 0.828 AND feature_2 > -0.466,"{'feature_0': (1.082, 1.784), 'feature_1': (0.828, 3.703), 'feature_3': (-0.32, 3.832), 'feature_2': (-0.466, 3.598)}",4,2.605,7,[Pretrained] CF,"[332, 628, 629, 679, 689, 697]",2.982,2.982,NoOve,[Pretrained] CF NoOve,0.007,0,0.007,730,96,0.0,5,0.3770000000000002,0.0,5
698,feature_0 > -0.095 AND feature_0 > 1.082 AND feature_0 <= 1.784 AND feature_1 > 0.317 AND feature_3 > -0.32 AND feature_1 > 0.828 AND feature_2 <= -0.466,"{'feature_0': (1.082, 1.784), 'feature_1': (0.828, 3.703), 'feature_3': (-0.32, 3.832), 'feature_2': (-3.74, -0.466)}",4,2.477,7,[Pretrained] CF,"[332, 628, 629, 679, 689, 697]",2.885,2.885,NoOve,[Pretrained] CF NoOve,0.007,0,0.007,730,31,0.0,5,0.4079999999999999,0.0,5
724,feature_0 > -0.095 AND feature_0 > 1.082 AND feature_0 > 1.784 AND feature_0 > 2.064 AND feature_0 > 2.367,"{'feature_0': (2.367, 3.636)}",1,3.111,5,[Pretrained] CF,"[332, 628, 706, 718]",3.33,3.391,OptRes,[Pretrained] CF OptRes,0.007,0,0.007,730,29,0.07251381215469613,5,0.21899999999999986,0.06099999999999994,5
719,feature_0 > -0.095 AND feature_0 > 1.082 AND feature_0 > 1.784 AND feature_0 > 2.064 AND feature_0 <= 2.367,"{'feature_0': (2.064, 2.367)}",1,2.837,5,[Pretrained] CF,"[332, 628, 706, 718]",2.937,2.91,OptRes,[Pretrained] CF OptRes,0.007,0,0.007,730,35,0.06560773480662983,5,0.09999999999999964,0.02699999999999969,5
706,feature_0 > -0.095 AND feature_0 > 1.082 AND feature_0 > 1.784,"{'feature_0': (1.784, 3.636)}",1,2.784,3,[Pretrained] CF,"[332, 628]",2.981,2.958,OptRes,[Pretrained] CF OptRes,0.007,0,0.007,730,117,0.2085635359116022,5,0.19700000000000006,0.022999999999999687,5
700,feature_0 > -0.095 AND feature_0 > 1.082 AND feature_0 <= 1.784 AND feature_1 > 0.317 AND feature_3 > -0.32 AND feature_1 > 0.828 AND feature_2 > -0.466 AND feature_3 <= 0.915,"{'feature_0': (1.082, 1.784), 'feature_1': (0.828, 3.703), 'feature_3': (-0.32, 0.915), 'feature_2': (-0.466, 3.598)}",4,2.638,8,[Pretrained] CF,"[332, 628, 629, 679, 689, 697, 699]",2.974,2.838,OptRes,[Pretrained] CF OptRes,0.007,0,0.007,730,29,0.0,5,0.3360000000000003,0.13600000000000012,5
711,feature_0 > -0.095 AND feature_0 > 1.082 AND feature_0 > 1.784 AND feature_0 <= 2.064 AND feature_1 > -0.329,"{'feature_0': (1.784, 2.064), 'feature_1': (-0.329, 3.703)}",2,2.637,5,[Pretrained] CF,"[332, 628, 706, 707]",3.082,3.169,OptRes,[Pretrained] CF OptRes,0.007,0,0.007,730,30,0.07044198895027624,5,0.44499999999999984,0.08700000000000019,5
725,feature_0 > -0.095 AND feature_0 > 1.082 AND feature_0 > 1.784 AND feature_0 > 2.064 AND feature_0 > 2.367 AND feature_4 <= 0.096,"{'feature_0': (2.367, 3.636), 'feature_4': (-3.581, 0.096)}",2,3.041,6,[Pretrained] CF,"[332, 628, 706, 718, 724]",3.378,3.391,ResOve,[Pretrained] CF ResOve,0.114,0,0.114,730,29,0.20333333333333334,5,0.3370000000000002,0.0129999999999999,5
724,feature_0 > -0.095 AND feature_0 > 1.082 AND feature_0 > 1.784 AND feature_0 > 2.064 AND feature_0 > 2.367,"{'feature_0': (2.367, 3.636)}",1,3.111,5,[Pretrained] CF,"[332, 628, 706, 718]",3.33,3.391,ResOve,[Pretrained] CF ResOve,0.114,0,0.114,730,29,0.26458333333333334,5,0.21899999999999986,0.06099999999999994,5
719,feature_0 > -0.095 AND feature_0 > 1.082 AND feature_0 > 1.784 AND feature_0 > 2.064 AND feature_0 <= 2.367,"{'feature_0': (2.064, 2.367)}",1,2.837,5,[Pretrained] CF,"[332, 628, 706, 718]",2.937,2.91,ResOve,[Pretrained] CF ResOve,0.114,0,0.114,730,35,0.11875,5,0.09999999999999964,0.02699999999999969,5
718,feature_0 > -0.095 AND feature_0 > 1.082 AND feature_0 > 1.784 AND feature_0 > 2.064,"{'feature_0': (2.064, 3.636)}",1,2.981,4,[Pretrained] CF,"[332, 628, 706]",3.143,3.128,ResOve,[Pretrained] CF ResOve,0.114,0,0.114,730,64,0.32,5,0.16199999999999992,0.01499999999999968,5
697,feature_0 > -0.095 AND feature_0 > 1.082 AND feature_0 <= 1.784 AND feature_1 > 0.317 AND feature_3 > -0.32 AND feature_1 > 0.828,"{'feature_0': (1.082, 1.784), 'feature_1': (0.828, 3.703), 'feature_3': (-0.32, 3.832)}",3,2.574,6,[Pretrained] CF,"[332, 628, 629, 679, 689]",2.958,2.935,ResOve,[Pretrained] CF ResOve,0.114,0,0.114,730,48,0.0,5,0.38400000000000034,0.02300000000000013,5
724,feature_0 > -0.095 AND feature_0 > 1.082 AND feature_0 > 1.784 AND feature_0 > 2.064 AND feature_0 > 2.367,"{'feature_0': (2.367, 3.636)}",1,3.111,5,[Pretrained] CF,"[332, 628, 706, 718]",3.33,3.391,NoOve,[Pretrained] CF NoOve,0.035,0,0.035,730,29,0.0,5,0.21899999999999986,0.06099999999999994,5
719,feature_0 > -0.095 AND feature_0 > 1.082 AND feature_0 > 1.784 AND feature_0 > 2.064 AND feature_0 <= 2.367,"{'feature_0': (2.064, 2.367)}",1,2.837,5,[Pretrained] CF,"[332, 628, 706, 718]",2.937,2.91,NoOve,[Pretrained] CF NoOve,0.035,0,0.035,730,35,0.0,5,0.09999999999999964,0.02699999999999969,5
711,feature_0 > -0.095 AND feature_0 > 1.082 AND feature_0 > 1.784 AND feature_0 <= 2.064 AND feature_1 > -0.329,"{'feature_0': (1.784, 2.064), 'feature_1': (-0.329, 3.703)}",2,2.637,5,[Pretrained] CF,"[332, 628, 706, 707]",3.082,3.169,NoOve,[Pretrained] CF NoOve,0.035,0,0.035,730,30,0.0,5,0.44499999999999984,0.08700000000000019,5
689,feature_0 > -0.095 AND feature_0 > 1.082 AND feature_0 <= 1.784 AND feature_1 > 0.317 AND feature_3 > -0.32,"{'feature_0': (1.082, 1.784), 'feature_1': (0.317, 3.703), 'feature_3': (-0.32, 3.832)}",3,2.444,5,[Pretrained] CF,"[332, 628, 629, 679]",2.723,2.718,NoOve,[Pretrained] CF NoOve,0.035,0,0.035,730,83,0.0,5,0.2789999999999999,0.004999999999999893,5
708,feature_0 > -0.095 AND feature_0 > 1.082 AND feature_0 > 1.784 AND feature_0 <= 2.064 AND feature_1 <= -0.329,"{'feature_0': (1.784, 2.064), 'feature_1': (-3.643, -0.329)}",2,2.379,5,[Pretrained] CF,"[332, 628, 706, 707]",2.267,2.209,NoOve,[Pretrained] CF NoOve,0.035,0,0.035,730,23,0.0,5,0.1120000000000001,0.05799999999999983,5
614,feature_0 > -0.095 AND feature_0 <= 1.082 AND feature_1 > 0.521 AND feature_1 > 0.841 AND feature_1 > 1.416 AND feature_2 > -0.397 AND feature_0 <= 0.109 AND feature_1 > 1.806,"{'feature_0': (-0.095, 0.109), 'feature_1': (1.806, 3.703), 'feature_2': (-0.397, 3.598)}",3,2.184,8,[Pretrained] CF,"[332, 333, 529, 561, 603, 611, 612]",2.24,2.24,OptRes,[Pretrained] CF OptRes,0.006,0,0.006,730,22,0.0,5,0.05600000000000005,0.0,5
574,feature_0 > -0.095 AND feature_0 <= 1.082 AND feature_1 > 0.521 AND feature_1 > 0.841 AND feature_1 <= 1.416 AND feature_0 <= 0.305 AND feature_2 > -0.169 AND feature_3 <= 0.826 AND feature_0 > 0.048 AND feature_4 > -0.363,"{'feature_0': (0.048, 0.305), 'feature_1': (0.841, 1.416), 'feature_2': (-0.169, 3.598), 'feature_3': (-4.447, 0.826), 'feature_4': (-0.363, 3.804)}",5,2.044,10,[Pretrained] CF,"[332, 333, 529, 561, 562, 563, 569, 570, 572]",1.531,1.531,OptRes,[Pretrained] CF OptRes,0.006,0,0.006,730,35,0.09510869565217392,5,0.5130000000000001,0.0,5
613,feature_0 > -0.095 AND feature_0 <= 1.082 AND feature_1 > 0.521 AND feature_1 > 0.841 AND feature_1 > 1.416 AND feature_2 > -0.397 AND feature_0 <= 0.109 AND feature_1 <= 1.806,"{'feature_0': (-0.095, 0.109), 'feature_1': (1.416, 1.806), 'feature_2': (-0.397, 3.598)}",3,2.043,8,[Pretrained] CF,"[332, 333, 529, 561, 603, 611, 612]",1.776,1.776,OptRes,[Pretrained] CF OptRes,0.006,0,0.006,730,21,0.0,5,0.2670000000000001,0.0,5
570,feature_0 > -0.095 AND feature_0 <= 1.082 AND feature_1 > 0.521 AND feature_1 > 0.841 AND feature_1 <= 1.416 AND feature_0 <= 0.305 AND feature_2 > -0.169 AND feature_3 <= 0.826,"{'feature_0': (-0.095, 0.305), 'feature_1': (0.841, 1.416), 'feature_2': (-0.169, 3.598), 'feature_3': (-4.447, 0.826)}",4,1.921,8,[Pretrained] CF,"[332, 333, 529, 561, 562, 563, 569]",1.484,1.484,OptRes,[Pretrained] CF OptRes,0.006,0,0.006,730,92,0.1956521739130435,5,0.43700000000000006,0.0,5
571,feature_0 > -0.095 AND feature_0 <= 1.082 AND feature_1 > 0.521 AND feature_1 > 0.841 AND feature_1 <= 1.416 AND feature_0 <= 0.305 AND feature_2 > -0.169 AND feature_3 <= 0.826 AND feature_0 <= 0.048,"{'feature_0': (-0.095, 0.048), 'feature_1': (0.841, 1.416), 'feature_2': (-0.169, 3.598), 'feature_3': (-4.447, 0.826)}",4,1.83,9,[Pretrained] CF,"[332, 333, 529, 561, 562, 563, 569, 570]",1.392,1.392,OptRes,[Pretrained] CF OptRes,0.006,0,0.006,730,37,0.10054347826086957,5,0.43800000000000017,0.0,5
614,feature_0 > -0.095 AND feature_0 <= 1.082 AND feature_1 > 0.521 AND feature_1 > 0.841 AND feature_1 > 1.416 AND feature_2 > -0.397 AND feature_0 <= 0.109 AND feature_1 > 1.806,"{'feature_0': (-0.095, 0.109), 'feature_1': (1.806, 3.703), 'feature_2': (-0.397, 3.598)}",3,2.184,8,[Pretrained] CF,"[332, 333, 529, 561, 603, 611, 612]",2.24,2.24,ResOve,[Pretrained] CF ResOve,0.055,0,0.055,730,22,0.12790697674418605,5,0.05600000000000005,0.0,5
613,feature_0 > -0.095 AND feature_0 <= 1.082 AND feature_1 > 0.521 AND feature_1 > 0.841 AND feature_1 > 1.416 AND feature_2 > -0.397 AND feature_0 <= 0.109 AND feature_1 <= 1.806,"{'feature_0': (-0.095, 0.109), 'feature_1': (1.416, 1.806), 'feature_2': (-0.397, 3.598)}",3,2.043,8,[Pretrained] CF,"[332, 333, 529, 561, 603, 611, 612]",1.776,1.776,ResOve,[Pretrained] CF ResOve,0.055,0,0.055,730,21,0.12209302325581395,5,0.2670000000000001,0.0,5
612,feature_0 > -0.095 AND feature_0 <= 1.082 AND feature_1 > 0.521 AND feature_1 > 0.841 AND feature_1 > 1.416 AND feature_2 > -0.397 AND feature_0 <= 0.109,"{'feature_0': (-0.095, 0.109), 'feature_1': (1.416, 3.703), 'feature_2': (-0.397, 3.598)}",3,2.115,7,[Pretrained] CF,"[332, 333, 529, 561, 603, 611]",2.014,2.014,ResOve,[Pretrained] CF ResOve,0.055,0,0.055,730,43,0.25,5,0.10100000000000042,0.0,5
574,feature_0 > -0.095 AND feature_0 <= 1.082 AND feature_1 > 0.521 AND feature_1 > 0.841 AND feature_1 <= 1.416 AND feature_0 <= 0.305 AND feature_2 > -0.169 AND feature_3 <= 0.826 AND feature_0 > 0.048 AND feature_4 > -0.363,"{'feature_0': (0.048, 0.305), 'feature_1': (0.841, 1.416), 'feature_2': (-0.169, 3.598), 'feature_3': (-4.447, 0.826), 'feature_4': (-0.363, 3.804)}",5,2.044,10,[Pretrained] CF,"[332, 333, 529, 561, 562, 563, 569, 570, 572]",1.531,1.531,ResOve,[Pretrained] CF ResOve,0.055,0,0.055,730,35,0.1590909090909091,5,0.5130000000000001,0.0,5
572,feature_0 > -0.095 AND feature_0 <= 1.082 AND feature_1 > 0.521 AND feature_1 > 0.841 AND feature_1 <= 1.416 AND feature_0 <= 0.305 AND feature_2 > -0.169 AND feature_3 <= 0.826 AND feature_0 > 0.048,"{'feature_0': (0.048, 0.305), 'feature_1': (0.841, 1.416), 'feature_2': (-0.169, 3.598), 'feature_3': (-4.447, 0.826)}",4,1.983,9,[Pretrained] CF,"[332, 333, 529, 561, 562, 563, 569, 570]",1.546,1.546,ResOve,[Pretrained] CF ResOve,0.055,0,0.055,730,55,0.1590909090909091,5,0.43700000000000006,0.0,5
614,feature_0 > -0.095 AND feature_0 <= 1.082 AND feature_1 > 0.521 AND feature_1 > 0.841 AND feature_1 > 1.416 AND feature_2 > -0.397 AND feature_0 <= 0.109 AND feature_1 > 1.806,"{'feature_0': (-0.095, 0.109), 'feature_1': (1.806, 3.703), 'feature_2': (-0.397, 3.598)}",3,2.184,8,[Pretrained] CF,"[332, 333, 529, 561, 603, 611, 612]",2.24,2.24,NoOve,[Pretrained] CF NoOve,0.007,0,0.007,730,22,0.0,5,0.05600000000000005,0.0,5
613,feature_0 > -0.095 AND feature_0 <= 1.082 AND feature_1 > 0.521 AND feature_1 > 0.841 AND feature_1 > 1.416 AND feature_2 > -0.397 AND feature_0 <= 0.109 AND feature_1 <= 1.806,"{'feature_0': (-0.095, 0.109), 'feature_1': (1.416, 1.806), 'feature_2': (-0.397, 3.598)}",3,2.043,8,[Pretrained] CF,"[332, 333, 529, 561, 603, 611, 612]",1.776,1.776,NoOve,[Pretrained] CF NoOve,0.007,0,0.007,730,21,0.0,5,0.2670000000000001,0.0,5
570,feature_0 > -0.095 AND feature_0 <= 1.082 AND feature_1 > 0.521 AND feature_1 > 0.841 AND feature_1 <= 1.416 AND feature_0 <= 0.305 AND feature_2 > -0.169 AND feature_3 <= 0.826,"{'feature_0': (-0.095, 0.305), 'feature_1': (0.841, 1.416), 'feature_2': (-0.169, 3.598), 'feature_3': (-4.447, 0.826)}",4,1.921,8,[Pretrained] CF,"[332, 333, 529, 561, 562, 563, 569]",1.484,1.484,NoOve,[Pretrained] CF NoOve,0.007,0,0.007,730,92,0.0,5,0.43700000000000006,0.0,5
566,feature_0 > -0.095 AND feature_0 <= 1.082 AND feature_1 > 0.521 AND feature_1 > 0.841 AND feature_1 <= 1.416 AND feature_0 <= 0.305 AND feature_2 <= -0.169 AND feature_0 > 0.062,"{'feature_0': (0.062, 0.305), 'feature_1': (0.841, 1.416), 'feature_2': (-3.74, -0.169)}",3,1.736,8,[Pretrained] CF,"[332, 333, 529, 561, 562, 563, 564]",1.564,1.564,NoOve,[Pretrained] CF NoOve,0.007,0,0.007,730,51,0.0,5,0.17199999999999993,0.0,5
575,feature_0 > -0.095 AND feature_0 <= 1.082 AND feature_1 > 0.521 AND feature_1 > 0.841 AND feature_1 <= 1.416 AND feature_0 <= 0.305 AND feature_2 > -0.169 AND feature_3 > 0.826,"{'feature_0': (-0.095, 0.305), 'feature_1': (0.841, 1.416), 'feature_2': (-0.169, 3.598), 'feature_3': (0.826, 3.832)}",4,1.687,8,[Pretrained] CF,"[332, 333, 529, 561, 562, 563, 569]",1.577,1.577,NoOve,[Pretrained] CF NoOve,0.007,0,0.007,730,21,0.0,5,0.1100000000000001,0.0,5
728,feature_0 > -0.095 AND feature_0 > 1.082 AND feature_0 > 1.784 AND feature_0 > 2.064 AND feature_0 > 2.367 AND feature_4 > 0.096,"{'feature_0': (2.367, 3.636), 'feature_4': (0.096, 3.804)}",2,3.191,6,[Pretrained] CF,"[332, 628, 706, 718, 724]",3.275,3.341,OptRes,[Pretrained] CF OptRes,0.006,0,0.006,730,30,0.1505064456721915,5,0.08400000000000007,0.06600000000000028,5
724,feature_0 > -0.095 AND feature_0 > 1.082 AND feature_0 > 1.784 AND feature_0 > 2.064 AND feature_0 > 2.367,"{'feature_0': (2.367, 3.636)}",1,3.111,5,[Pretrained] CF,"[332, 628, 706, 718]",3.33,3.385,OptRes,[Pretrained] CF OptRes,0.006,0,0.006,730,66,0.26299000263088657,5,0.21899999999999986,0.054999999999999716,5
726,feature_0 > -0.095 AND feature_0 > 1.082 AND feature_0 > 1.784 AND feature_0 > 2.064 AND feature_0 > 2.367 AND feature_4 <= 0.096 AND feature_2 <= 0.029,"{'feature_0': (2.367, 3.636), 'feature_4': (-3.581, 0.096), 'feature_2': (-3.74, 0.029)}",3,2.983,7,[Pretrained] CF,"[332, 628, 706, 718, 724, 725]",3.351,3.351,OptRes,[Pretrained] CF OptRes,0.006,0,0.006,730,31,0.09521836358852934,5,0.3679999999999999,0.0,5
719,feature_0 > -0.095 AND feature_0 > 1.082 AND feature_0 > 1.784 AND feature_0 > 2.064 AND feature_0 <= 2.367,"{'feature_0': (2.064, 2.367)}",1,2.837,5,[Pretrained] CF,"[332, 628, 706, 718]",2.937,2.915,OptRes,[Pretrained] CF OptRes,0.006,0,0.006,730,52,0.06560773480662983,5,0.09999999999999964,0.021999999999999797,5
706,feature_0 > -0.095 AND feature_0 > 1.082 AND feature_0 > 1.784,"{'feature_0': (1.784, 3.636)}",1,2.784,3,[Pretrained] CF,"[332, 628]",2.981,2.966,OptRes,[Pretrained] CF OptRes,0.006,0,0.006,730,205,0.19337016574585636,5,0.19700000000000006,0.01499999999999968,5
728,feature_0 > -0.095 AND feature_0 > 1.082 AND feature_0 > 1.784 AND feature_0 > 2.064 AND feature_0 > 2.367 AND feature_4 > 0.096,"{'feature_0': (2.367, 3.636), 'feature_4': (0.096, 3.804)}",2,3.191,6,[Pretrained] CF,"[332, 628, 706, 718, 724]",3.275,3.341,ResOve,[Pretrained] CF ResOve,0.091,0,0.091,730,30,0.0,5,0.08400000000000007,0.06600000000000028,5
726,feature_0 > -0.095 AND feature_0 > 1.082 AND feature_0 > 1.784 AND feature_0 > 2.064 AND feature_0 > 2.367 AND feature_4 <= 0.096 AND feature_2 <= 0.029,"{'feature_0': (2.367, 3.636), 'feature_4': (-3.581, 0.096), 'feature_2': (-3.74, 0.029)}",3,2.983,7,[Pretrained] CF,"[332, 628, 706, 718, 724, 725]",3.351,3.351,ResOve,[Pretrained] CF ResOve,0.091,0,0.091,730,31,0.13839285714285715,5,0.3679999999999999,0.0,5
725,feature_0 > -0.095 AND feature_0 > 1.082 AND feature_0 > 1.784 AND feature_0 > 2.064 AND feature_0 > 2.367 AND feature_4 <= 0.096,"{'feature_0': (2.367, 3.636), 'feature_4': (-3.581, 0.096)}",2,3.041,6,[Pretrained] CF,"[332, 628, 706, 718, 724]",3.378,3.421,ResOve,[Pretrained] CF ResOve,0.091,0,0.091,730,36,0.13839285714285715,5,0.3370000000000002,0.042999999999999705,5
720,feature_0 > -0.095 AND feature_0 > 1.082 AND feature_0 > 1.784 AND feature_0 > 2.064 AND feature_0 <= 2.367 AND feature_4 <= 0.079,"{'feature_0': (2.064, 2.367), 'feature_4': (-3.581, 0.079)}",2,2.757,6,[Pretrained] CF,"[332, 628, 706, 718, 719]",2.914,2.904,ResOve,[Pretrained] CF ResOve,0.091,0,0.091,730,33,0.0,5,0.15700000000000003,0.010000000000000231,5
715,feature_0 > -0.095 AND feature_0 > 1.082 AND feature_0 > 1.784 AND feature_0 <= 2.064 AND feature_1 > -0.329 AND feature_0 > 1.941,"{'feature_0': (1.941, 2.064), 'feature_1': (-0.329, 3.703)}",2,2.761,6,[Pretrained] CF,"[332, 628, 706, 707, 711]",3.1,3.104,ResOve,[Pretrained] CF ResOve,0.091,0,0.091,730,22,0.0,5,0.33899999999999997,0.0040000000000000036,5
728,feature_0 > -0.095 AND feature_0 > 1.082 AND feature_0 > 1.784 AND feature_0 > 2.064 AND feature_0 > 2.367 AND feature_4 > 0.096,"{'feature_0': (2.367, 3.636), 'feature_4': (0.096, 3.804)}",2,3.191,6,[Pretrained] CF,"[332, 628, 706, 718, 724]",3.275,3.341,NoOve,[Pretrained] CF NoOve,0.02,0,0.02,730,30,0.0,5,0.08400000000000007,0.06600000000000028,5
725,feature_0 > -0.095 AND feature_0 > 1.082 AND feature_0 > 1.784 AND feature_0 > 2.064 AND feature_0 > 2.367 AND feature_4 <= 0.096,"{'feature_0': (2.367, 3.636), 'feature_4': (-3.581, 0.096)}",2,3.041,6,[Pretrained] CF,"[332, 628, 706, 718, 724]",3.378,3.421,NoOve,[Pretrained] CF NoOve,0.02,0,0.02,730,36,0.0,5,0.3370000000000002,0.042999999999999705,5
715,feature_0 > -0.095 AND feature_0 > 1.082 AND feature_0 > 1.784 AND feature_0 <= 2.064 AND feature_1 > -0.329 AND feature_0 > 1.941,"{'feature_0': (1.941, 2.064), 'feature_1': (-0.329, 3.703)}",2,2.761,6,[Pretrained] CF,"[332, 628, 706, 707, 711]",3.1,3.104,NoOve,[Pretrained] CF NoOve,0.02,0,0.02,730,22,0.0,5,0.33899999999999997,0.0040000000000000036,5
720,feature_0 > -0.095 AND feature_0 > 1.082 AND feature_0 > 1.784 AND feature_0 > 2.064 AND feature_0 <= 2.367 AND feature_4 <= 0.079,"{'feature_0': (2.064, 2.367), 'feature_4': (-3.581, 0.079)}",2,2.757,6,[Pretrained] CF,"[332, 628, 706, 718, 719]",2.914,2.904,NoOve,[Pretrained] CF NoOve,0.02,0,0.02,730,33,0.0,5,0.15700000000000003,0.010000000000000231,5
697,feature_0 > -0.095 AND feature_0 > 1.082 AND feature_0 <= 1.784 AND feature_1 > 0.317 AND feature_3 > -0.32 AND feature_1 > 0.828,"{'feature_0': (1.082, 1.784), 'feature_1': (0.828, 3.703), 'feature_3': (-0.32, 3.832)}",3,2.574,6,[Pretrained] CF,"[332, 628, 629, 679, 689]",2.958,2.853,NoOve,[Pretrained] CF NoOve,0.02,0,0.02,730,71,0.0,5,0.38400000000000034,0.10499999999999998,5
614,feature_0 > -0.095 AND feature_0 <= 1.082 AND feature_1 > 0.521 AND feature_1 > 0.841 AND feature_1 > 1.416 AND feature_2 > -0.397 AND feature_0 <= 0.109 AND feature_1 > 1.806,"{'feature_0': (-0.095, 0.109), 'feature_1': (1.806, 3.703), 'feature_2': (-0.397, 3.598)}",3,2.184,8,[Pretrained] CF,"[332, 333, 529, 561, 603, 611, 612]",2.24,2.24,OptRes,[Pretrained] CF OptRes,0.003,0,0.003,730,22,0.0,5,0.05600000000000005,0.0,5
613,feature_0 > -0.095 AND feature_0 <= 1.082 AND feature_1 > 0.521 AND feature_1 > 0.841 AND feature_1 > 1.416 AND feature_2 > -0.397 AND feature_0 <= 0.109 AND feature_1 <= 1.806,"{'feature_0': (-0.095, 0.109), 'feature_1': (1.416, 1.806), 'feature_2': (-0.397, 3.598)}",3,2.043,8,[Pretrained] CF,"[332, 333, 529, 561, 603, 611, 612]",1.776,1.776,OptRes,[Pretrained] CF OptRes,0.003,0,0.003,730,21,0.0,5,0.2670000000000001,0.0,5
571,feature_0 > -0.095 AND feature_0 <= 1.082 AND feature_1 > 0.521 AND feature_1 > 0.841 AND feature_1 <= 1.416 AND feature_0 <= 0.305 AND feature_2 > -0.169 AND feature_3 <= 0.826 AND feature_0 <= 0.048,"{'feature_0': (-0.095, 0.048), 'feature_1': (0.841, 1.416), 'feature_2': (-0.169, 3.598), 'feature_3': (-4.447, 0.826)}",4,1.83,9,[Pretrained] CF,"[332, 333, 529, 561, 562, 563, 569, 570]",1.392,1.392,OptRes,[Pretrained] CF OptRes,0.003,0,0.003,730,37,0.0,5,0.43800000000000017,0.0,5
331,feature_0 <= -0.095 AND feature_1 > 0.502 AND feature_0 > -0.973 AND feature_0 > -0.171 AND feature_0 > -0.146 AND feature_1 > 1.086,"{'feature_0': (-0.146, -0.095), 'feature_1': (1.086, 3.703)}",2,1.745,6,[Pretrained] CF,"[1, 225, 263, 327, 329]",1.679,1.679,OptRes,[Pretrained] CF OptRes,0.003,0,0.003,730,22,0.11702127659574468,5,0.06600000000000006,0.0,5
329,feature_0 <= -0.095 AND feature_1 > 0.502 AND feature_0 > -0.973 AND feature_0 > -0.171 AND feature_0 > -0.146,"{'feature_0': (-0.146, -0.095), 'feature_1': (0.502, 3.703)}",2,1.578,5,[Pretrained] CF,"[1, 225, 263, 327]",1.357,1.357,OptRes,[Pretrained] CF OptRes,0.003,0,0.003,730,47,0.11702127659574468,5,0.22100000000000009,0.0,5
614,feature_0 > -0.095 AND feature_0 <= 1.082 AND feature_1 > 0.521 AND feature_1 > 0.841 AND feature_1 > 1.416 AND feature_2 > -0.397 AND feature_0 <= 0.109 AND feature_1 > 1.806,"{'feature_0': (-0.095, 0.109), 'feature_1': (1.806, 3.703), 'feature_2': (-0.397, 3.598)}",3,2.184,8,[Pretrained] CF,"[332, 333, 529, 561, 603, 611, 612]",2.24,2.24,ResOve,[Pretrained] CF ResOve,0.046,0,0.046,730,22,0.12790697674418605,5,0.05600000000000005,0.0,5
613,feature_0 > -0.095 AND feature_0 <= 1.082 AND feature_1 > 0.521 AND feature_1 > 0.841 AND feature_1 > 1.416 AND feature_2 > -0.397 AND feature_0 <= 0.109 AND feature_1 <= 1.806,"{'feature_0': (-0.095, 0.109), 'feature_1': (1.416, 1.806), 'feature_2': (-0.397, 3.598)}",3,2.043,8,[Pretrained] CF,"[332, 333, 529, 561, 603, 611, 612]",1.776,1.776,ResOve,[Pretrained] CF ResOve,0.046,0,0.046,730,21,0.12209302325581395,5,0.2670000000000001,0.0,5
612,feature_0 > -0.095 AND feature_0 <= 1.082 AND feature_1 > 0.521 AND feature_1 > 0.841 AND feature_1 > 1.416 AND feature_2 > -0.397 AND feature_0 <= 0.109,"{'feature_0': (-0.095, 0.109), 'feature_1': (1.416, 3.703), 'feature_2': (-0.397, 3.598)}",3,2.115,7,[Pretrained] CF,"[332, 333, 529, 561, 603, 611]",2.014,2.014,ResOve,[Pretrained] CF ResOve,0.046,0,0.046,730,43,0.25,5,0.10100000000000042,0.0,5
571,feature_0 > -0.095 AND feature_0 <= 1.082 AND feature_1 > 0.521 AND feature_1 > 0.841 AND feature_1 <= 1.416 AND feature_0 <= 0.305 AND feature_2 > -0.169 AND feature_3 <= 0.826 AND feature_0 <= 0.048,"{'feature_0': (-0.095, 0.048), 'feature_1': (0.841, 1.416), 'feature_2': (-0.169, 3.598), 'feature_3': (-4.447, 0.826)}",4,1.83,9,[Pretrained] CF,"[332, 333, 529, 561, 562, 563, 569, 570]",1.392,1.392,ResOve,[Pretrained] CF ResOve,0.046,0,0.046,730,37,0.0,5,0.43800000000000017,0.0,5
331,feature_0 <= -0.095 AND feature_1 > 0.502 AND feature_0 > -0.973 AND feature_0 > -0.171 AND feature_0 > -0.146 AND feature_1 > 1.086,"{'feature_0': (-0.146, -0.095), 'feature_1': (1.086, 3.703)}",2,1.745,6,[Pretrained] CF,"[1, 225, 263, 327, 329]",1.679,1.679,ResOve,[Pretrained] CF ResOve,0.046,0,0.046,730,22,0.0,5,0.06600000000000006,0.0,5
614,feature_0 > -0.095 AND feature_0 <= 1.082 AND feature_1 > 0.521 AND feature_1 > 0.841 AND feature_1 > 1.416 AND feature_2 > -0.397 AND feature_0 <= 0.109 AND feature_1 > 1.806,"{'feature_0': (-0.095, 0.109), 'feature_1': (1.806, 3.703), 'feature_2': (-0.397, 3.598)}",3,2.184,8,[Pretrained] CF,"[332, 333, 529, 561, 603, 611, 612]",2.24,2.24,NoOve,[Pretrained] CF NoOve,0.007,0,0.007,730,22,0.0,5,0.05600000000000005,0.0,5
613,feature_0 > -0.095 AND feature_0 <= 1.082 AND feature_1 > 0.521 AND feature_1 > 0.841 AND feature_1 > 1.416 AND feature_2 > -0.397 AND feature_0 <= 0.109 AND feature_1 <= 1.806,"{'feature_0': (-0.095, 0.109), 'feature_1': (1.416, 1.806), 'feature_2': (-0.397, 3.598)}",3,2.043,8,[Pretrained] CF,"[332, 333, 529, 561, 603, 611, 612]",1.776,1.776,NoOve,[Pretrained] CF NoOve,0.007,0,0.007,730,21,0.0,5,0.2670000000000001,0.0,5
565,feature_0 > -0.095 AND feature_0 <= 1.082 AND feature_1 > 0.521 AND feature_1 > 0.841 AND feature_1 <= 1.416 AND feature_0 <= 0.305 AND feature_2 <= -0.169 AND feature_0 <= 0.062,"{'feature_0': (-0.095, 0.062), 'feature_1': (0.841, 1.416), 'feature_2': (-3.74, -0.169)}",3,1.574,8,[Pretrained] CF,"[332, 333, 529, 561, 562, 563, 564]",1.366,1.366,NoOve,[Pretrained] CF NoOve,0.007,0,0.007,730,29,0.0,5,0.20799999999999996,0.0,5
544,feature_0 > -0.095 AND feature_0 <= 1.082 AND feature_1 > 0.521 AND feature_1 <= 0.841 AND feature_0 <= 0.594 AND feature_1 > 0.636 AND feature_4 > -0.364 AND feature_0 <= 0.117,"{'feature_0': (-0.095, 0.117), 'feature_1': (0.636, 0.841), 'feature_4': (-0.364, 3.804)}",3,1.548,8,[Pretrained] CF,"[332, 333, 529, 530, 531, 539, 543]",1.155,1.155,NoOve,[Pretrained] CF NoOve,0.007,0,0.007,730,32,0.0,5,0.393,0.0,5
10,feature_0 <= -0.095 AND feature_1 <= 0.502 AND feature_0 <= -0.813 AND feature_1 <= -1.063 AND feature_1 <= -1.333 AND feature_0 <= -1.378 AND feature_2 > -0.18 AND feature_4 > 0.104,"{'feature_0': (-4.66, -1.378), 'feature_1': (-3.643, -1.333), 'feature_2': (-0.18, 3.598), 'feature_4': (0.104, 3.804)}",4,1.229,8,[Pretrained] CF,"[1, 2, 3, 4, 5, 6, 8]",1.514,1.514,NoOve,[Pretrained] CF NoOve,0.007,0,0.007,730,21,0.0,5,0.2849999999999999,0.0,5
727,feature_0 > -0.095 AND feature_0 > 1.082 AND feature_0 > 1.784 AND feature_0 > 2.064 AND feature_0 > 2.367 AND feature_4 <= 0.096 AND feature_2 > 0.029,"{'feature_0': (2.367, 3.636), 'feature_4': (-3.581, 0.096), 'feature_2': (0.029, 3.598)}",3,3.112,7,[Pretrained] CF,"[332, 628, 706, 718, 724, 725]",3.412,3.406,OptRes,[Pretrained] CF OptRes,0.006,0,0.006,730,22,0.07678900289397526,5,0.2999999999999998,0.005999999999999783,5
724,feature_0 > -0.095 AND feature_0 > 1.082 AND feature_0 > 1.784 AND feature_0 > 2.064 AND feature_0 > 2.367,"{'feature_0': (2.367, 3.636)}",1,3.111,5,[Pretrained] CF,"[332, 628, 706, 718]",3.33,3.297,OptRes,[Pretrained] CF OptRes,0.006,0,0.006,730,41,0.13203762167850563,5,0.21899999999999986,0.03299999999999992,5
719,feature_0 > -0.095 AND feature_0 > 1.082 AND feature_0 > 1.784 AND feature_0 > 2.064 AND feature_0 <= 2.367,"{'feature_0': (2.064, 2.367)}",1,2.837,5,[Pretrained] CF,"[332, 628, 706, 718]",2.937,2.97,OptRes,[Pretrained] CF OptRes,0.006,0,0.006,730,46,0.06560773480662983,5,0.09999999999999964,0.03300000000000036,5
706,feature_0 > -0.095 AND feature_0 > 1.082 AND feature_0 > 1.784,"{'feature_0': (1.784, 3.636)}",1,2.784,3,[Pretrained] CF,"[332, 628]",2.981,3.002,OptRes,[Pretrained] CF OptRes,0.006,0,0.006,730,168,0.1553867403314917,5,0.19700000000000006,0.020999999999999908,5
702,feature_0 > -0.095 AND feature_0 > 1.082 AND feature_0 <= 1.784 AND feature_1 > 0.317 AND feature_3 > -0.32 AND feature_1 > 0.828 AND feature_2 > -0.466 AND feature_3 <= 0.915 AND feature_3 > -0.069,"{'feature_0': (1.082, 1.784), 'feature_1': (0.828, 3.703), 'feature_3': (-0.069, 0.915), 'feature_2': (-0.466, 3.598)}",4,2.674,9,[Pretrained] CF,"[332, 628, 629, 679, 689, 697, 699, 700]",2.939,3.003,OptRes,[Pretrained] CF OptRes,0.006,0,0.006,730,34,0.0,5,0.2650000000000001,0.06400000000000006,5
727,feature_0 > -0.095 AND feature_0 > 1.082 AND feature_0 > 1.784 AND feature_0 > 2.064 AND feature_0 > 2.367 AND feature_4 <= 0.096 AND feature_2 > 0.029,"{'feature_0': (2.367, 3.636), 'feature_4': (-3.581, 0.096), 'feature_2': (0.029, 3.598)}",3,3.112,7,[Pretrained] CF,"[332, 628, 706, 718, 724, 725]",3.412,3.406,ResOve,[Pretrained] CF ResOve,0.107,0,0.107,730,22,0.17113095238095238,5,0.2999999999999998,0.005999999999999783,5
725,feature_0 > -0.095 AND feature_0 > 1.082 AND feature_0 > 1.784 AND feature_0 > 2.064 AND feature_0 > 2.367 AND feature_4 <= 0.096,"{'feature_0': (2.367, 3.636), 'feature_4': (-3.581, 0.096)}",2,3.041,6,[Pretrained] CF,"[332, 628, 706, 718, 724]",3.378,3.406,ResOve,[Pretrained] CF ResOve,0.107,0,0.107,730,22,0.2449404761904762,5,0.3370000000000002,0.028000000000000025,5
724,feature_0 > -0.095 AND feature_0 > 1.082 AND feature_0 > 1.784 AND feature_0 > 2.064 AND feature_0 > 2.367,"{'feature_0': (2.367, 3.636)}",1,3.111,5,[Pretrained] CF,"[332, 628, 706, 718]",3.33,3.297,ResOve,[Pretrained] CF ResOve,0.107,0,0.107,730,41,0.19285714285714284,5,0.21899999999999986,0.03299999999999992,5
720,feature_0 > -0.095 AND feature_0 > 1.082 AND feature_0 > 1.784 AND feature_0 > 2.064 AND feature_0 <= 2.367 AND feature_4 <= 0.079,"{'feature_0': (2.064, 2.367), 'feature_4': (-3.581, 0.079)}",2,2.757,6,[Pretrained] CF,"[332, 628, 706, 718, 719]",2.914,2.939,ResOve,[Pretrained] CF ResOve,0.107,0,0.107,730,29,0.0,5,0.15700000000000003,0.02499999999999991,5
702,feature_0 > -0.095 AND feature_0 > 1.082 AND feature_0 <= 1.784 AND feature_1 > 0.317 AND feature_3 > -0.32 AND feature_1 > 0.828 AND feature_2 > -0.466 AND feature_3 <= 0.915 AND feature_3 > -0.069,"{'feature_0': (1.082, 1.784), 'feature_1': (0.828, 3.703), 'feature_3': (-0.069, 0.915), 'feature_2': (-0.466, 3.598)}",4,2.674,9,[Pretrained] CF,"[332, 628, 629, 679, 689, 697, 699, 700]",2.939,3.003,ResOve,[Pretrained] CF ResOve,0.107,0,0.107,730,34,0.0,5,0.2650000000000001,0.06400000000000006,5
724,feature_0 > -0.095 AND feature_0 > 1.082 AND feature_0 > 1.784 AND feature_0 > 2.064 AND feature_0 > 2.367,"{'feature_0': (2.367, 3.636)}",1,3.111,5,[Pretrained] CF,"[332, 628, 706, 718]",3.33,3.297,NoOve,[Pretrained] CF NoOve,0.011,0,0.011,730,41,0.0,5,0.21899999999999986,0.03299999999999992,5
719,feature_0 > -0.095 AND feature_0 > 1.082 AND feature_0 > 1.784 AND feature_0 > 2.064 AND feature_0 <= 2.367,"{'feature_0': (2.064, 2.367)}",1,2.837,5,[Pretrained] CF,"[332, 628, 706, 718]",2.937,2.97,NoOve,[Pretrained] CF NoOve,0.011,0,0.011,730,46,0.0,5,0.09999999999999964,0.03300000000000036,5
711,feature_0 > -0.095 AND feature_0 > 1.082 AND feature_0 > 1.784 AND feature_0 <= 2.064 AND feature_1 > -0.329,"{'feature_0': (1.784, 2.064), 'feature_1': (-0.329, 3.703)}",2,2.637,5,[Pretrained] CF,"[332, 628, 706, 707]",3.082,3.142,NoOve,[Pretrained] CF NoOve,0.011,0,0.011,730,56,0.0,5,0.44499999999999984,0.06000000000000005,5
689,feature_0 > -0.095 AND feature_0 > 1.082 AND feature_0 <= 1.784 AND feature_1 > 0.317 AND feature_3 > -0.32,"{'feature_0': (1.082, 1.784), 'feature_1': (0.317, 3.703), 'feature_3': (-0.32, 3.832)}",3,2.444,5,[Pretrained] CF,"[332, 628, 629, 679]",2.723,2.784,NoOve,[Pretrained] CF NoOve,0.011,0,0.011,730,111,0.0,5,0.2789999999999999,0.06099999999999994,5
708,feature_0 > -0.095 AND feature_0 > 1.082 AND feature_0 > 1.784 AND feature_0 <= 2.064 AND feature_1 <= -0.329,"{'feature_0': (1.784, 2.064), 'feature_1': (-3.643, -0.329)}",2,2.379,5,[Pretrained] CF,"[332, 628, 706, 707]",2.267,2.262,NoOve,[Pretrained] CF NoOve,0.011,0,0.011,730,25,0.0,5,0.1120000000000001,0.004999999999999893,5
704,feature_0 > -0.095 AND feature_0 > 1.082 AND feature_0 <= 1.784 AND feature_1 > 0.317 AND feature_3 > -0.32 AND feature_1 > 0.828 AND feature_2 > -0.466 AND feature_3 <= 0.915 AND feature_3 > -0.069 AND feature_0 > 1.285,"{'feature_0': (1.285, 1.784), 'feature_1': (0.828, 3.703), 'feature_3': (-0.069, 0.915), 'feature_2': (-0.466, 3.598)}",4,2.724,10,[Pretrained] CF,"[332, 628, 629, 679, 689, 697, 699, 700, 702]",3.109,3.109,OptRes,[Pretrained] CF OptRes,0.005,0,0.005,730,27,0.09246575342465753,5,0.3849999999999998,0.0,5
700,feature_0 > -0.095 AND feature_0 > 1.082 AND feature_0 <= 1.784 AND feature_1 > 0.317 AND feature_3 > -0.32 AND feature_1 > 0.828 AND feature_2 > -0.466 AND feature_3 <= 0.915,"{'feature_0': (1.082, 1.784), 'feature_1': (0.828, 3.703), 'feature_3': (-0.32, 0.915), 'feature_2': (-0.466, 3.598)}",4,2.638,8,[Pretrained] CF,"[332, 628, 629, 679, 689, 697, 699]",2.974,2.974,OptRes,[Pretrained] CF OptRes,0.005,0,0.005,730,73,0.1815068493150685,5,0.3360000000000003,0.0,5
703,feature_0 > -0.095 AND feature_0 > 1.082 AND feature_0 <= 1.784 AND feature_1 > 0.317 AND feature_3 > -0.32 AND feature_1 > 0.828 AND feature_2 > -0.466 AND feature_3 <= 0.915 AND feature_3 > -0.069 AND feature_0 <= 1.285,"{'feature_0': (1.082, 1.285), 'feature_1': (0.828, 3.703), 'feature_3': (-0.069, 0.915), 'feature_2': (-0.466, 3.598)}",4,2.622,10,[Pretrained] CF,"[332, 628, 629, 679, 689, 697, 699, 700, 702]",2.764,2.764,OptRes,[Pretrained] CF OptRes,0.005,0,0.005,730,26,0.08904109589041095,5,0.1419999999999999,0.0,5
626,feature_0 > -0.095 AND feature_0 <= 1.082 AND feature_1 > 0.521 AND feature_1 > 0.841 AND feature_1 > 1.416 AND feature_2 > -0.397 AND feature_0 > 0.109 AND feature_3 <= 0.936 AND feature_3 > -0.517 AND feature_2 > 0.011 AND feature_4 > -0.585 AND feature_3 > 0.136,"{'feature_0': (0.109, 1.082), 'feature_1': (1.416, 3.703), 'feature_2': (0.011, 3.598), 'feature_3': (0.136, 0.936), 'feature_4': (-0.585, 3.804)}",5,2.527,12,[Pretrained] CF,"[332, 333, 529, 561, 603, 611, 615, 616, 620, 622, 624]",2.54,2.54,OptRes,[Pretrained] CF OptRes,0.005,0,0.005,730,24,0.0,5,0.0129999999999999,0.0,5
705,feature_0 > -0.095 AND feature_0 > 1.082 AND feature_0 <= 1.784 AND feature_1 > 0.317 AND feature_3 > -0.32 AND feature_1 > 0.828 AND feature_2 > -0.466 AND feature_3 > 0.915,"{'feature_0': (1.082, 1.784), 'feature_1': (0.828, 3.703), 'feature_3': (0.915, 3.832), 'feature_2': (-0.466, 3.598)}",4,2.502,8,[Pretrained] CF,"[332, 628, 629, 679, 689, 697, 699]",3.009,3.009,OptRes,[Pretrained] CF OptRes,0.005,0,0.005,730,23,0.0,5,0.5070000000000001,0.0,5
705,feature_0 > -0.095 AND feature_0 > 1.082 AND feature_0 <= 1.784 AND feature_1 > 0.317 AND feature_3 > -0.32 AND feature_1 > 0.828 AND feature_2 > -0.466 AND feature_3 > 0.915,"{'feature_0': (1.082, 1.784), 'feature_1': (0.828, 3.703), 'feature_3': (0.915, 3.832), 'feature_2': (-0.466, 3.598)}",4,2.502,8,[Pretrained] CF,"[332, 628, 629, 679, 689, 697, 699]",3.009,3.009,ResOve,[Pretrained] CF ResOve,0.033,0,0.033,730,23,0.0,5,0.5070000000000001,0.0,5
704,feature_0 > -0.095 AND feature_0 > 1.082 AND feature_0 <= 1.784 AND feature_1 > 0.317 AND feature_3 > -0.32 AND feature_1 > 0.828 AND feature_2 > -0.466 AND feature_3 <= 0.915 AND feature_3 > -0.069 AND feature_0 > 1.285,"{'feature_0': (1.285, 1.784), 'feature_1': (0.828, 3.703), 'feature_3': (-0.069, 0.915), 'feature_2': (-0.466, 3.598)}",4,2.724,10,[Pretrained] CF,"[332, 628, 629, 679, 689, 697, 699, 700, 702]",3.109,3.109,ResOve,[Pretrained] CF ResOve,0.033,0,0.033,730,27,0.12735849056603774,5,0.3849999999999998,0.0,5
703,feature_0 > -0.095 AND feature_0 > 1.082 AND feature_0 <= 1.784 AND feature_1 > 0.317 AND feature_3 > -0.32 AND feature_1 > 0.828 AND feature_2 > -0.466 AND feature_3 <= 0.915 AND feature_3 > -0.069 AND feature_0 <= 1.285,"{'feature_0': (1.082, 1.285), 'feature_1': (0.828, 3.703), 'feature_3': (-0.069, 0.915), 'feature_2': (-0.466, 3.598)}",4,2.622,10,[Pretrained] CF,"[332, 628, 629, 679, 689, 697, 699, 700, 702]",2.764,2.764,ResOve,[Pretrained] CF ResOve,0.033,0,0.033,730,26,0.12264150943396226,5,0.1419999999999999,0.0,5
702,feature_0 > -0.095 AND feature_0 > 1.082 AND feature_0 <= 1.784 AND feature_1 > 0.317 AND feature_3 > -0.32 AND feature_1 > 0.828 AND feature_2 > -0.466 AND feature_3 <= 0.915 AND feature_3 > -0.069,"{'feature_0': (1.082, 1.784), 'feature_1': (0.828, 3.703), 'feature_3': (-0.069, 0.915), 'feature_2': (-0.466, 3.598)}",4,2.674,9,[Pretrained] CF,"[332, 628, 629, 679, 689, 697, 699, 700]",2.939,2.939,ResOve,[Pretrained] CF ResOve,0.033,0,0.033,730,53,0.25,5,0.2650000000000001,0.0,5
622,feature_0 > -0.095 AND feature_0 <= 1.082 AND feature_1 > 0.521 AND feature_1 > 0.841 AND feature_1 > 1.416 AND feature_2 > -0.397 AND feature_0 > 0.109 AND feature_3 <= 0.936 AND feature_3 > -0.517 AND feature_2 > 0.011,"{'feature_0': (0.109, 1.082), 'feature_1': (1.416, 3.703), 'feature_2': (0.011, 3.598), 'feature_3': (-0.517, 0.936)}",4,2.418,10,[Pretrained] CF,"[332, 333, 529, 561, 603, 611, 615, 616, 620]",2.526,2.526,ResOve,[Pretrained] CF ResOve,0.033,0,0.033,730,68,0.0,5,0.10799999999999965,0.0,5
704,feature_0 > -0.095 AND feature_0 > 1.082 AND feature_0 <= 1.784 AND feature_1 > 0.317 AND feature_3 > -0.32 AND feature_1 > 0.828 AND feature_2 > -0.466 AND feature_3 <= 0.915 AND feature_3 > -0.069 AND feature_0 > 1.285,"{'feature_0': (1.285, 1.784), 'feature_1': (0.828, 3.703), 'feature_3': (-0.069, 0.915), 'feature_2': (-0.466, 3.598)}",4,2.724,10,[Pretrained] CF,"[332, 628, 629, 679, 689, 697, 699, 700, 702]",3.109,3.109,NoOve,[Pretrained] CF NoOve,0.006,0,0.006,730,27,0.0,5,0.3849999999999998,0.0,5
703,feature_0 > -0.095 AND feature_0 > 1.082 AND feature_0 <= 1.784 AND feature_1 > 0.317 AND feature_3 > -0.32 AND feature_1 > 0.828 AND feature_2 > -0.466 AND feature_3 <= 0.915 AND feature_3 > -0.069 AND feature_0 <= 1.285,"{'feature_0': (1.082, 1.285), 'feature_1': (0.828, 3.703), 'feature_3': (-0.069, 0.915), 'feature_2': (-0.466, 3.598)}",4,2.622,10,[Pretrained] CF,"[332, 628, 629, 679, 689, 697, 699, 700, 702]",2.764,2.764,NoOve,[Pretrained] CF NoOve,0.006,0,0.006,730,26,0.0,5,0.1419999999999999,0.0,5
622,feature_0 > -0.095 AND feature_0 <= 1.082 AND feature_1 > 0.521 AND feature_1 > 0.841 AND feature_1 > 1.416 AND feature_2 > -0.397 AND feature_0 > 0.109 AND feature_3 <= 0.936 AND feature_3 > -0.517 AND feature_2 > 0.011,"{'feature_0': (0.109, 1.082), 'feature_1': (1.416, 3.703), 'feature_2': (0.011, 3.598), 'feature_3': (-0.517, 0.936)}",4,2.418,10,[Pretrained] CF,"[332, 333, 529, 561, 603, 611, 615, 616, 620]",2.526,2.526,NoOve,[Pretrained] CF NoOve,0.006,0,0.006,730,68,0.0,5,0.10799999999999965,0.0,5
619,feature_0 > -0.095 AND feature_0 <= 1.082 AND feature_1 > 0.521 AND feature_1 > 0.841 AND feature_1 > 1.416 AND feature_2 > -0.397 AND feature_0 > 0.109 AND feature_3 <= 0.936 AND feature_3 <= -0.517 AND feature_4 > 0.377,"{'feature_0': (0.109, 1.082), 'feature_1': (1.416, 3.703), 'feature_2': (-0.397, 3.598), 'feature_3': (-4.447, -0.517), 'feature_4': (0.377, 3.804)}",5,2.351,10,[Pretrained] CF,"[332, 333, 529, 561, 603, 611, 615, 616, 617]",2.411,2.411,NoOve,[Pretrained] CF NoOve,0.006,0,0.006,730,22,0.0,5,0.06000000000000005,0.0,5
601,feature_0 > -0.095 AND feature_0 <= 1.082 AND feature_1 > 0.521 AND feature_1 > 0.841 AND feature_1 <= 1.416 AND feature_0 > 0.305 AND feature_2 > -0.298 AND feature_4 > 0.53 AND feature_1 > 1.01 AND feature_0 <= 0.62,"{'feature_0': (0.305, 0.62), 'feature_1': (1.01, 1.416), 'feature_2': (-0.298, 3.598), 'feature_4': (0.53, 3.804)}",4,2.341,10,[Pretrained] CF,"[332, 333, 529, 561, 562, 576, 586, 598, 600]",1.885,1.885,NoOve,[Pretrained] CF NoOve,0.006,0,0.006,730,21,0.0,5,0.4560000000000002,0.0,5
724,feature_0 > -0.095 AND feature_0 > 1.082 AND feature_0 > 1.784 AND feature_0 > 2.064 AND feature_0 > 2.367,"{'feature_0': (2.367, 3.636)}",1,3.111,5,[Pretrained] CF,"[332, 628, 706, 718]",3.33,3.363,OptRes,[Pretrained] CF OptRes,0.008,0,0.008,730,39,0.14632333596421992,5,0.21899999999999986,0.03299999999999992,5
726,feature_0 > -0.095 AND feature_0 > 1.082 AND feature_0 > 1.784 AND feature_0 > 2.064 AND feature_0 > 2.367 AND feature_4 <= 0.096 AND feature_2 <= 0.029,"{'feature_0': (2.367, 3.636), 'feature_4': (-3.581, 0.096), 'feature_2': (-3.74, 0.029)}",3,2.983,7,[Pretrained] CF,"[332, 628, 706, 718, 724, 725]",3.351,3.402,OptRes,[Pretrained] CF OptRes,0.008,0,0.008,730,22,0.09521836358852934,5,0.3679999999999999,0.051000000000000156,5
719,feature_0 > -0.095 AND feature_0 > 1.082 AND feature_0 > 1.784 AND feature_0 > 2.064 AND feature_0 <= 2.367,"{'feature_0': (2.064, 2.367)}",1,2.837,5,[Pretrained] CF,"[332, 628, 706, 718]",2.937,2.977,OptRes,[Pretrained] CF OptRes,0.008,0,0.008,730,29,0.06560773480662983,5,0.09999999999999964,0.040000000000000036,5
706,feature_0 > -0.095 AND feature_0 > 1.082 AND feature_0 > 1.784,"{'feature_0': (1.784, 3.636)}",1,2.784,3,[Pretrained] CF,"[332, 628]",2.981,2.982,OptRes,[Pretrained] CF OptRes,0.008,0,0.008,730,128,0.22997237569060774,5,0.19700000000000006,0.001000000000000334,5
711,feature_0 > -0.095 AND feature_0 > 1.082 AND feature_0 > 1.784 AND feature_0 <= 2.064 AND feature_1 > -0.329,"{'feature_0': (1.784, 2.064), 'feature_1': (-0.329, 3.703)}",2,2.637,5,[Pretrained] CF,"[332, 628, 706, 707]",3.082,3.103,OptRes,[Pretrained] CF OptRes,0.008,0,0.008,730,33,0.07044198895027624,5,0.44499999999999984,0.02100000000000035,5
726,feature_0 > -0.095 AND feature_0 > 1.082 AND feature_0 > 1.784 AND feature_0 > 2.064 AND feature_0 > 2.367 AND feature_4 <= 0.096 AND feature_2 <= 0.029,"{'feature_0': (2.367, 3.636), 'feature_4': (-3.581, 0.096), 'feature_2': (-3.74, 0.029)}",3,2.983,7,[Pretrained] CF,"[332, 628, 706, 718, 724, 725]",3.351,3.402,ResOve,[Pretrained] CF ResOve,0.115,0,0.115,730,22,0.21220238095238098,5,0.3679999999999999,0.051000000000000156,5
725,feature_0 > -0.095 AND feature_0 > 1.082 AND feature_0 > 1.784 AND feature_0 > 2.064 AND feature_0 > 2.367 AND feature_4 <= 0.096,"{'feature_0': (2.367, 3.636), 'feature_4': (-3.581, 0.096)}",2,3.041,6,[Pretrained] CF,"[332, 628, 706, 718, 724]",3.378,3.402,ResOve,[Pretrained] CF ResOve,0.115,0,0.115,730,22,0.2717261904761905,5,0.3370000000000002,0.02400000000000002,5
724,feature_0 > -0.095 AND feature_0 > 1.082 AND feature_0 > 1.784 AND feature_0 > 2.064 AND feature_0 > 2.367,"{'feature_0': (2.367, 3.636)}",1,3.111,5,[Pretrained] CF,"[332, 628, 706, 718]",3.33,3.363,ResOve,[Pretrained] CF ResOve,0.115,0,0.115,730,39,0.20714285714285713,5,0.21899999999999986,0.03299999999999992,5
720,feature_0 > -0.095 AND feature_0 > 1.082 AND feature_0 > 1.784 AND feature_0 > 2.064 AND feature_0 <= 2.367 AND feature_4 <= 0.079,"{'feature_0': (2.064, 2.367), 'feature_4': (-3.581, 0.079)}",2,2.757,6,[Pretrained] CF,"[332, 628, 706, 718, 719]",2.914,2.967,ResOve,[Pretrained] CF ResOve,0.115,0,0.115,730,21,0.0,5,0.15700000000000003,0.052999999999999936,5
711,feature_0 > -0.095 AND feature_0 > 1.082 AND feature_0 > 1.784 AND feature_0 <= 2.064 AND feature_1 > -0.329,"{'feature_0': (1.784, 2.064), 'feature_1': (-0.329, 3.703)}",2,2.637,5,[Pretrained] CF,"[332, 628, 706, 707]",3.082,3.103,ResOve,[Pretrained] CF ResOve,0.115,0,0.115,730,33,0.0,5,0.44499999999999984,0.02100000000000035,5
724,feature_0 > -0.095 AND feature_0 > 1.082 AND feature_0 > 1.784 AND feature_0 > 2.064 AND feature_0 > 2.367,"{'feature_0': (2.367, 3.636)}",1,3.111,5,[Pretrained] CF,"[332, 628, 706, 718]",3.33,3.363,NoOve,[Pretrained] CF NoOve,0.035,0,0.035,730,39,0.0,5,0.21899999999999986,0.03299999999999992,5
719,feature_0 > -0.095 AND feature_0 > 1.082 AND feature_0 > 1.784 AND feature_0 > 2.064 AND feature_0 <= 2.367,"{'feature_0': (2.064, 2.367)}",1,2.837,5,[Pretrained] CF,"[332, 628, 706, 718]",2.937,2.977,NoOve,[Pretrained] CF NoOve,0.035,0,0.035,730,29,0.0,5,0.09999999999999964,0.040000000000000036,5
711,feature_0 > -0.095 AND feature_0 > 1.082 AND feature_0 > 1.784 AND feature_0 <= 2.064 AND feature_1 > -0.329,"{'feature_0': (1.784, 2.064), 'feature_1': (-0.329, 3.703)}",2,2.637,5,[Pretrained] CF,"[332, 628, 706, 707]",3.082,3.103,NoOve,[Pretrained] CF NoOve,0.035,0,0.035,730,33,0.0,5,0.44499999999999984,0.02100000000000035,5
689,feature_0 > -0.095 AND feature_0 > 1.082 AND feature_0 <= 1.784 AND feature_1 > 0.317 AND feature_3 > -0.32,"{'feature_0': (1.082, 1.784), 'feature_1': (0.317, 3.703), 'feature_3': (-0.32, 3.832)}",3,2.444,5,[Pretrained] CF,"[332, 628, 629, 679]",2.723,2.687,NoOve,[Pretrained] CF NoOve,0.035,0,0.035,730,68,0.0,5,0.2789999999999999,0.03600000000000003,5
708,feature_0 > -0.095 AND feature_0 > 1.082 AND feature_0 > 1.784 AND feature_0 <= 2.064 AND feature_1 <= -0.329,"{'feature_0': (1.784, 2.064), 'feature_1': (-3.643, -0.329)}",2,2.379,5,[Pretrained] CF,"[332, 628, 706, 707]",2.267,2.29,NoOve,[Pretrained] CF NoOve,0.035,0,0.035,730,27,0.0,5,0.1120000000000001,0.02300000000000013,5
730,feature_0 > -0.095 AND feature_0 > 1.082 AND feature_0 > 1.784 AND feature_0 > 2.064 AND feature_0 > 2.367 AND feature_4 > 0.096 AND feature_3 > 0.038,"{'feature_0': (2.367, 3.636), 'feature_4': (0.096, 3.804), 'feature_3': (0.038, 3.832)}",3,3.274,7,[Pretrained] CF,"[332, 628, 706, 718, 724, 728]",3.304,3.303,OptRes,[Pretrained] CF OptRes,0.004,0,0.004,730,24,0.05952380952380952,5,0.029999999999999805,0.0009999999999998899,5
727,feature_0 > -0.095 AND feature_0 > 1.082 AND feature_0 > 1.784 AND feature_0 > 2.064 AND feature_0 > 2.367 AND feature_4 <= 0.096 AND feature_2 > 0.029,"{'feature_0': (2.367, 3.636), 'feature_4': (-3.581, 0.096), 'feature_2': (0.029, 3.598)}",3,3.112,7,[Pretrained] CF,"[332, 628, 706, 718, 724, 725]",3.412,3.412,OptRes,[Pretrained] CF OptRes,0.004,0,0.004,730,25,0.05952380952380952,5,0.2999999999999998,0.0,5
724,feature_0 > -0.095 AND feature_0 > 1.082 AND feature_0 > 1.784 AND feature_0 > 2.064 AND feature_0 > 2.367,"{'feature_0': (2.367, 3.636)}",1,3.111,5,[Pretrained] CF,"[332, 628, 706, 718]",3.33,3.33,OptRes,[Pretrained] CF OptRes,0.004,0,0.004,730,104,0.25,5,0.21899999999999986,0.0,5
729,feature_0 > -0.095 AND feature_0 > 1.082 AND feature_0 > 1.784 AND feature_0 > 2.064 AND feature_0 > 2.367 AND feature_4 > 0.096 AND feature_3 <= 0.038,"{'feature_0': (2.367, 3.636), 'feature_4': (0.096, 3.804), 'feature_3': (-4.447, 0.038)}",3,3.105,7,[Pretrained] CF,"[332, 628, 706, 718, 724, 728]",3.245,3.245,OptRes,[Pretrained] CF OptRes,0.004,0,0.004,730,24,0.05714285714285714,5,0.14000000000000012,0.0,5
726,feature_0 > -0.095 AND feature_0 > 1.082 AND feature_0 > 1.784 AND feature_0 > 2.064 AND feature_0 > 2.367 AND feature_4 <= 0.096 AND feature_2 <= 0.029,"{'feature_0': (2.367, 3.636), 'feature_4': (-3.581, 0.096), 'feature_2': (-3.74, 0.029)}",3,2.983,7,[Pretrained] CF,"[332, 628, 706, 718, 724, 725]",3.351,3.351,OptRes,[Pretrained] CF OptRes,0.004,0,0.004,730,31,0.07380952380952381,5,0.3679999999999999,0.0,5
730,feature_0 > -0.095 AND feature_0 > 1.082 AND feature_0 > 1.784 AND feature_0 > 2.064 AND feature_0 > 2.367 AND feature_4 > 0.096 AND feature_3 > 0.038,"{'feature_0': (2.367, 3.636), 'feature_4': (0.096, 3.804), 'feature_3': (0.038, 3.832)}",3,3.274,7,[Pretrained] CF,"[332, 628, 706, 718, 724, 728]",3.304,3.303,ResOve,[Pretrained] CF ResOve,0.091,0,0.091,730,24,0.12755102040816327,5,0.029999999999999805,0.0009999999999998899,5
729,feature_0 > -0.095 AND feature_0 > 1.082 AND feature_0 > 1.784 AND feature_0 > 2.064 AND feature_0 > 2.367 AND feature_4 > 0.096 AND feature_3 <= 0.038,"{'feature_0': (2.367, 3.636), 'feature_4': (0.096, 3.804), 'feature_3': (-4.447, 0.038)}",3,3.105,7,[Pretrained] CF,"[332, 628, 706, 718, 724, 728]",3.245,3.245,ResOve,[Pretrained] CF ResOve,0.091,0,0.091,730,24,0.12244897959183673,5,0.14000000000000012,0.0,5
727,feature_0 > -0.095 AND feature_0 > 1.082 AND feature_0 > 1.784 AND feature_0 > 2.064 AND feature_0 > 2.367 AND feature_4 <= 0.096 AND feature_2 > 0.029,"{'feature_0': (2.367, 3.636), 'feature_4': (-3.581, 0.096), 'feature_2': (0.029, 3.598)}",3,3.112,7,[Pretrained] CF,"[332, 628, 706, 718, 724, 725]",3.412,3.412,ResOve,[Pretrained] CF ResOve,0.091,0,0.091,730,25,0.0,5,0.2999999999999998,0.0,5
723,feature_0 > -0.095 AND feature_0 > 1.082 AND feature_0 > 1.784 AND feature_0 > 2.064 AND feature_0 <= 2.367 AND feature_4 > 0.079,"{'feature_0': (2.064, 2.367), 'feature_4': (0.079, 3.804)}",2,2.982,6,[Pretrained] CF,"[332, 628, 706, 718, 719]",2.979,2.979,ResOve,[Pretrained] CF ResOve,0.091,0,0.091,730,34,0.0,5,0.0030000000000001137,0.0,5
728,feature_0 > -0.095 AND feature_0 > 1.082 AND feature_0 > 1.784 AND feature_0 > 2.064 AND feature_0 > 2.367 AND feature_4 > 0.096,"{'feature_0': (2.367, 3.636), 'feature_4': (0.096, 3.804)}",2,3.191,6,[Pretrained] CF,"[332, 628, 706, 718, 724]",3.275,3.274,ResOve,[Pretrained] CF ResOve,0.091,0,0.091,730,48,0.25,5,0.08400000000000007,0.0009999999999998899,5
730,feature_0 > -0.095 AND feature_0 > 1.082 AND feature_0 > 1.784 AND feature_0 > 2.064 AND feature_0 > 2.367 AND feature_4 > 0.096 AND feature_3 > 0.038,"{'feature_0': (2.367, 3.636), 'feature_4': (0.096, 3.804), 'feature_3': (0.038, 3.832)}",3,3.274,7,[Pretrained] CF,"[332, 628, 706, 718, 724, 728]",3.304,3.303,NoOve,[Pretrained] CF NoOve,0.007,0,0.007,730,24,0.0,5,0.029999999999999805,0.0009999999999998899,5
727,feature_0 > -0.095 AND feature_0 > 1.082 AND feature_0 > 1.784 AND feature_0 > 2.064 AND feature_0 > 2.367 AND feature_4 <= 0.096 AND feature_2 > 0.029,"{'feature_0': (2.367, 3.636), 'feature_4': (-3.581, 0.096), 'feature_2': (0.029, 3.598)}",3,3.112,7,[Pretrained] CF,"[332, 628, 706, 718, 724, 725]",3.412,3.412,NoOve,[Pretrained] CF NoOve,0.007,0,0.007,730,25,0.0,5,0.2999999999999998,0.0,5
729,feature_0 > -0.095 AND feature_0 > 1.082 AND feature_0 > 1.784 AND feature_0 > 2.064 AND feature_0 > 2.367 AND feature_4 > 0.096 AND feature_3 <= 0.038,"{'feature_0': (2.367, 3.636), 'feature_4': (0.096, 3.804), 'feature_3': (-4.447, 0.038)}",3,3.105,7,[Pretrained] CF,"[332, 628, 706, 718, 724, 728]",3.245,3.245,NoOve,[Pretrained] CF NoOve,0.007,0,0.007,730,24,0.0,5,0.14000000000000012,0.0,5
726,feature_0 > -0.095 AND feature_0 > 1.082 AND feature_0 > 1.784 AND feature_0 > 2.064 AND feature_0 > 2.367 AND feature_4 <= 0.096 AND feature_2 <= 0.029,"{'feature_0': (2.367, 3.636), 'feature_4': (-3.581, 0.096), 'feature_2': (-3.74, 0.029)}",3,2.983,7,[Pretrained] CF,"[332, 628, 706, 718, 724, 725]",3.351,3.351,NoOve,[Pretrained] CF NoOve,0.007,0,0.007,730,31,0.0,5,0.3679999999999999,0.0,5
722,feature_0 > -0.095 AND feature_0 > 1.082 AND feature_0 > 1.784 AND feature_0 > 2.064 AND feature_0 <= 2.367 AND feature_4 <= 0.079 AND feature_1 > -0.344,"{'feature_0': (2.064, 2.367), 'feature_4': (-3.581, 0.079), 'feature_1': (-0.344, 3.703)}",3,2.806,7,[Pretrained] CF,"[332, 628, 706, 718, 719, 720]",3.182,3.182,NoOve,[Pretrained] CF NoOve,0.007,0,0.007,730,36,0.0,5,0.3759999999999999,0.0,5
724,feature_0 > -0.095 AND feature_0 > 1.082 AND feature_0 > 1.784 AND feature_0 > 2.064 AND feature_0 > 2.367,"{'feature_0': (2.367, 3.636)}",1,3.111,5,[Pretrained] CF,"[332, 628, 706, 718]",3.33,3.354,OptRes,[Pretrained] CF OptRes,0.006,0,0.006,730,35,0.07251381215469613,5,0.21899999999999986,0.02400000000000002,5
719,feature_0 > -0.095 AND feature_0 > 1.082 AND feature_0 > 1.784 AND feature_0 > 2.064 AND feature_0 <= 2.367,"{'feature_0': (2.064, 2.367)}",1,2.837,5,[Pretrained] CF,"[332, 628, 706, 718]",2.937,2.996,OptRes,[Pretrained] CF OptRes,0.006,0,0.006,730,23,0.06560773480662983,5,0.09999999999999964,0.05900000000000016,5
706,feature_0 > -0.095 AND feature_0 > 1.082 AND feature_0 > 1.784,"{'feature_0': (1.784, 3.636)}",1,2.784,3,[Pretrained] CF,"[332, 628]",2.981,2.977,OptRes,[Pretrained] CF OptRes,0.006,0,0.006,730,110,0.2085635359116022,5,0.19700000000000006,0.0040000000000000036,5
711,feature_0 > -0.095 AND feature_0 > 1.082 AND feature_0 > 1.784 AND feature_0 <= 2.064 AND feature_1 > -0.329,"{'feature_0': (1.784, 2.064), 'feature_1': (-0.329, 3.703)}",2,2.637,5,[Pretrained] CF,"[332, 628, 706, 707]",3.082,3.053,OptRes,[Pretrained] CF OptRes,0.006,0,0.006,730,29,0.07044198895027624,5,0.44499999999999984,0.028999999999999915,5
697,feature_0 > -0.095 AND feature_0 > 1.082 AND feature_0 <= 1.784 AND feature_1 > 0.317 AND feature_3 > -0.32 AND feature_1 > 0.828,"{'feature_0': (1.082, 1.784), 'feature_1': (0.828, 3.703), 'feature_3': (-0.32, 3.832)}",3,2.574,6,[Pretrained] CF,"[332, 628, 629, 679, 689]",2.958,2.846,OptRes,[Pretrained] CF OptRes,0.006,0,0.006,730,30,0.0,5,0.38400000000000034,0.1120000000000001,5
724,feature_0 > -0.095 AND feature_0 > 1.082 AND feature_0 > 1.784 AND feature_0 > 2.064 AND feature_0 > 2.367,"{'feature_0': (2.367, 3.636)}",1,3.111,5,[Pretrained] CF,"[332, 628, 706, 718]",3.33,3.354,ResOve,[Pretrained] CF ResOve,0.109,0,0.109,730,35,0.13125,5,0.21899999999999986,0.02400000000000002,5
719,feature_0 > -0.095 AND feature_0 > 1.082 AND feature_0 > 1.784 AND feature_0 > 2.064 AND feature_0 <= 2.367,"{'feature_0': (2.064, 2.367)}",1,2.837,5,[Pretrained] CF,"[332, 628, 706, 718]",2.937,2.996,ResOve,[Pretrained] CF ResOve,0.109,0,0.109,730,23,0.11875,5,0.09999999999999964,0.05900000000000016,5
718,feature_0 > -0.095 AND feature_0 > 1.082 AND feature_0 > 1.784 AND feature_0 > 2.064,"{'feature_0': (2.064, 3.636)}",1,2.981,4,[Pretrained] CF,"[332, 628, 706]",3.143,3.212,ResOve,[Pretrained] CF ResOve,0.109,0,0.109,730,58,0.25,5,0.16199999999999992,0.0690000000000004,5
711,feature_0 > -0.095 AND feature_0 > 1.082 AND feature_0 > 1.784 AND feature_0 <= 2.064 AND feature_1 > -0.329,"{'feature_0': (1.784, 2.064), 'feature_1': (-0.329, 3.703)}",2,2.637,5,[Pretrained] CF,"[332, 628, 706, 707]",3.082,3.053,ResOve,[Pretrained] CF ResOve,0.109,0,0.109,730,29,0.0,5,0.44499999999999984,0.028999999999999915,5
697,feature_0 > -0.095 AND feature_0 > 1.082 AND feature_0 <= 1.784 AND feature_1 > 0.317 AND feature_3 > -0.32 AND feature_1 > 0.828,"{'feature_0': (1.082, 1.784), 'feature_1': (0.828, 3.703), 'feature_3': (-0.32, 3.832)}",3,2.574,6,[Pretrained] CF,"[332, 628, 629, 679, 689]",2.958,2.846,ResOve,[Pretrained] CF ResOve,0.109,0,0.109,730,30,0.0,5,0.38400000000000034,0.1120000000000001,5
724,feature_0 > -0.095 AND feature_0 > 1.082 AND feature_0 > 1.784 AND feature_0 > 2.064 AND feature_0 > 2.367,"{'feature_0': (2.367, 3.636)}",1,3.111,5,[Pretrained] CF,"[332, 628, 706, 718]",3.33,3.354,NoOve,[Pretrained] CF NoOve,0.039,0,0.039,730,35,0.0,5,0.21899999999999986,0.02400000000000002,5
719,feature_0 > -0.095 AND feature_0 > 1.082 AND feature_0 > 1.784 AND feature_0 > 2.064 AND feature_0 <= 2.367,"{'feature_0': (2.064, 2.367)}",1,2.837,5,[Pretrained] CF,"[332, 628, 706, 718]",2.937,2.996,NoOve,[Pretrained] CF NoOve,0.039,0,0.039,730,23,0.0,5,0.09999999999999964,0.05900000000000016,5
711,feature_0 > -0.095 AND feature_0 > 1.082 AND feature_0 > 1.784 AND feature_0 <= 2.064 AND feature_1 > -0.329,"{'feature_0': (1.784, 2.064), 'feature_1': (-0.329, 3.703)}",2,2.637,5,[Pretrained] CF,"[332, 628, 706, 707]",3.082,3.053,NoOve,[Pretrained] CF NoOve,0.039,0,0.039,730,29,0.0,5,0.44499999999999984,0.028999999999999915,5
689,feature_0 > -0.095 AND feature_0 > 1.082 AND feature_0 <= 1.784 AND feature_1 > 0.317 AND feature_3 > -0.32,"{'feature_0': (1.082, 1.784), 'feature_1': (0.317, 3.703), 'feature_3': (-0.32, 3.832)}",3,2.444,5,[Pretrained] CF,"[332, 628, 629, 679]",2.723,2.657,NoOve,[Pretrained] CF NoOve,0.039,0,0.039,730,57,0.0,5,0.2789999999999999,0.06599999999999984,5
708,feature_0 > -0.095 AND feature_0 > 1.082 AND feature_0 > 1.784 AND feature_0 <= 2.064 AND feature_1 <= -0.329,"{'feature_0': (1.784, 2.064), 'feature_1': (-3.643, -0.329)}",2,2.379,5,[Pretrained] CF,"[332, 628, 706, 707]",2.267,2.288,NoOve,[Pretrained] CF NoOve,0.039,0,0.039,730,23,0.0,5,0.1120000000000001,0.020999999999999908,5
719,feature_0 > -0.095 AND feature_0 > 1.082 AND feature_0 > 1.784 AND feature_0 > 2.064 AND feature_0 <= 2.367,"{'feature_0': (2.064, 2.367)}",1,2.837,5,[Pretrained] CF,"[332, 628, 706, 718]",2.937,2.848,OptRes,[Pretrained] CF OptRes,0.008,0,0.008,730,38,0.0,5,0.09999999999999964,0.08899999999999997,5
702,feature_0 > -0.095 AND feature_0 > 1.082 AND feature_0 <= 1.784 AND feature_1 > 0.317 AND feature_3 > -0.32 AND feature_1 > 0.828 AND feature_2 > -0.466 AND feature_3 <= 0.915 AND feature_3 > -0.069,"{'feature_0': (1.082, 1.784), 'feature_1': (0.828, 3.703), 'feature_3': (-0.069, 0.915), 'feature_2': (-0.466, 3.598)}",4,2.674,9,[Pretrained] CF,"[332, 628, 629, 679, 689, 697, 699, 700]",2.939,2.893,OptRes,[Pretrained] CF OptRes,0.008,0,0.008,730,43,0.12264150943396226,5,0.2650000000000001,0.04600000000000026,5
714,feature_0 > -0.095 AND feature_0 > 1.082 AND feature_0 > 1.784 AND feature_0 <= 2.064 AND feature_1 > -0.329 AND feature_0 <= 1.941 AND feature_3 > -0.137,"{'feature_0': (1.784, 1.941), 'feature_1': (-0.329, 3.703), 'feature_3': (-0.137, 3.832)}",3,2.643,7,[Pretrained] CF,"[332, 628, 706, 707, 711, 712]",3.102,3.126,OptRes,[Pretrained] CF OptRes,0.008,0,0.008,730,28,0.08823529411764706,5,0.4590000000000001,0.02400000000000002,5
711,feature_0 > -0.095 AND feature_0 > 1.082 AND feature_0 > 1.784 AND feature_0 <= 2.064 AND feature_1 > -0.329,"{'feature_0': (1.784, 2.064), 'feature_1': (-0.329, 3.703)}",2,2.637,5,[Pretrained] CF,"[332, 628, 706, 707]",3.082,3.109,OptRes,[Pretrained] CF OptRes,0.008,0,0.008,730,46,0.08823529411764706,5,0.44499999999999984,0.027000000000000135,5
703,feature_0 > -0.095 AND feature_0 > 1.082 AND feature_0 <= 1.784 AND feature_1 > 0.317 AND feature_3 > -0.32 AND feature_1 > 0.828 AND feature_2 > -0.466 AND feature_3 <= 0.915 AND feature_3 > -0.069 AND feature_0 <= 1.285,"{'feature_0': (1.082, 1.285), 'feature_1': (0.828, 3.703), 'feature_3': (-0.069, 0.915), 'feature_2': (-0.466, 3.598)}",4,2.622,10,[Pretrained] CF,"[332, 628, 629, 679, 689, 697, 699, 700, 702]",2.764,2.748,OptRes,[Pretrained] CF OptRes,0.008,0,0.008,730,23,0.12264150943396226,5,0.1419999999999999,0.01599999999999957,5
720,feature_0 > -0.095 AND feature_0 > 1.082 AND feature_0 > 1.784 AND feature_0 > 2.064 AND feature_0 <= 2.367 AND feature_4 <= 0.079,"{'feature_0': (2.064, 2.367), 'feature_4': (-3.581, 0.079)}",2,2.757,6,[Pretrained] CF,"[332, 628, 706, 718, 719]",2.914,2.848,ResOve,[Pretrained] CF ResOve,0.143,0,0.143,730,23,0.16052631578947368,5,0.15700000000000003,0.06600000000000028,5
719,feature_0 > -0.095 AND feature_0 > 1.082 AND feature_0 > 1.784 AND feature_0 > 2.064 AND feature_0 <= 2.367,"{'feature_0': (2.064, 2.367)}",1,2.837,5,[Pretrained] CF,"[332, 628, 706, 718]",2.937,2.848,ResOve,[Pretrained] CF ResOve,0.143,0,0.143,730,38,0.16052631578947368,5,0.09999999999999964,0.08899999999999997,5
714,feature_0 > -0.095 AND feature_0 > 1.082 AND feature_0 > 1.784 AND feature_0 <= 2.064 AND feature_1 > -0.329 AND feature_0 <= 1.941 AND feature_3 > -0.137,"{'feature_0': (1.784, 1.941), 'feature_1': (-0.329, 3.703), 'feature_3': (-0.137, 3.832)}",3,2.643,7,[Pretrained] CF,"[332, 628, 706, 707, 711, 712]",3.102,3.126,ResOve,[Pretrained] CF ResOve,0.143,0,0.143,730,28,0.08823529411764706,5,0.4590000000000001,0.02400000000000002,5
711,feature_0 > -0.095 AND feature_0 > 1.082 AND feature_0 > 1.784 AND feature_0 <= 2.064 AND feature_1 > -0.329,"{'feature_0': (1.784, 2.064), 'feature_1': (-0.329, 3.703)}",2,2.637,5,[Pretrained] CF,"[332, 628, 706, 707]",3.082,3.109,ResOve,[Pretrained] CF ResOve,0.143,0,0.143,730,46,0.08823529411764706,5,0.44499999999999984,0.027000000000000135,5
700,feature_0 > -0.095 AND feature_0 > 1.082 AND feature_0 <= 1.784 AND feature_1 > 0.317 AND feature_3 > -0.32 AND feature_1 > 0.828 AND feature_2 > -0.466 AND feature_3 <= 0.915,"{'feature_0': (1.082, 1.784), 'feature_1': (0.828, 3.703), 'feature_3': (-0.32, 0.915), 'feature_2': (-0.466, 3.598)}",4,2.638,8,[Pretrained] CF,"[332, 628, 629, 679, 689, 697, 699]",2.974,2.893,ResOve,[Pretrained] CF ResOve,0.143,0,0.143,730,43,0.0,5,0.3360000000000003,0.0810000000000004,5
719,feature_0 > -0.095 AND feature_0 > 1.082 AND feature_0 > 1.784 AND feature_0 > 2.064 AND feature_0 <= 2.367,"{'feature_0': (2.064, 2.367)}",1,2.837,5,[Pretrained] CF,"[332, 628, 706, 718]",2.937,2.848,NoOve,[Pretrained] CF NoOve,0.016,0,0.016,730,38,0.0,5,0.09999999999999964,0.08899999999999997,5
711,feature_0 > -0.095 AND feature_0 > 1.082 AND feature_0 > 1.784 AND feature_0 <= 2.064 AND feature_1 > -0.329,"{'feature_0': (1.784, 2.064), 'feature_1': (-0.329, 3.703)}",2,2.637,5,[Pretrained] CF,"[332, 628, 706, 707]",3.082,3.109,NoOve,[Pretrained] CF NoOve,0.016,0,0.016,730,46,0.0,5,0.44499999999999984,0.027000000000000135,5
689,feature_0 > -0.095 AND feature_0 > 1.082 AND feature_0 <= 1.784 AND feature_1 > 0.317 AND feature_3 > -0.32,"{'feature_0': (1.082, 1.784), 'feature_1': (0.317, 3.703), 'feature_3': (-0.32, 3.832)}",3,2.444,5,[Pretrained] CF,"[332, 628, 629, 679]",2.723,2.676,NoOve,[Pretrained] CF NoOve,0.016,0,0.016,730,161,0.0,5,0.2789999999999999,0.04699999999999971,5
708,feature_0 > -0.095 AND feature_0 > 1.082 AND feature_0 > 1.784 AND feature_0 <= 2.064 AND feature_1 <= -0.329,"{'feature_0': (1.784, 2.064), 'feature_1': (-3.643, -0.329)}",2,2.379,5,[Pretrained] CF,"[332, 628, 706, 707]",2.267,2.244,NoOve,[Pretrained] CF NoOve,0.016,0,0.016,730,29,0.0,5,0.1120000000000001,0.022999999999999687,5
603,feature_0 > -0.095 AND feature_0 <= 1.082 AND feature_1 > 0.521 AND feature_1 > 0.841 AND feature_1 > 1.416,"{'feature_0': (-0.095, 1.082), 'feature_1': (1.416, 3.703)}",2,2.19,5,[Pretrained] CF,"[332, 333, 529, 561]",2.407,2.39,NoOve,[Pretrained] CF NoOve,0.016,0,0.016,730,138,0.0,5,0.21700000000000008,0.016999999999999904,5
727,feature_0 > -0.095 AND feature_0 > 1.082 AND feature_0 > 1.784 AND feature_0 > 2.064 AND feature_0 > 2.367 AND feature_4 <= 0.096 AND feature_2 > 0.029,"{'feature_0': (2.367, 3.636), 'feature_4': (-3.581, 0.096), 'feature_2': (0.029, 3.598)}",3,3.112,7,[Pretrained] CF,"[332, 628, 706, 718, 724, 725]",3.412,3.423,OptRes,[Pretrained] CF OptRes,0.005,0,0.005,730,23,0.05952380952380952,5,0.2999999999999998,0.01100000000000012,5
724,feature_0 > -0.095 AND feature_0 > 1.082 AND feature_0 > 1.784 AND feature_0 > 2.064 AND feature_0 > 2.367,"{'feature_0': (2.367, 3.636)}",1,3.111,5,[Pretrained] CF,"[332, 628, 706, 718]",3.33,3.418,OptRes,[Pretrained] CF OptRes,0.005,0,0.005,730,50,0.13333333333333333,5,0.21899999999999986,0.08800000000000008,5
726,feature_0 > -0.095 AND feature_0 > 1.082 AND feature_0 > 1.784 AND feature_0 > 2.064 AND feature_0 > 2.367 AND feature_4 <= 0.096 AND feature_2 <= 0.029,"{'feature_0': (2.367, 3.636), 'feature_4': (-3.581, 0.096), 'feature_2': (-3.74, 0.029)}",3,2.983,7,[Pretrained] CF,"[332, 628, 706, 718, 724, 725]",3.351,3.414,OptRes,[Pretrained] CF OptRes,0.005,0,0.005,730,27,0.07380952380952381,5,0.3679999999999999,0.06300000000000017,5
719,feature_0 > -0.095 AND feature_0 > 1.082 AND feature_0 > 1.784 AND feature_0 > 2.064 AND feature_0 <= 2.367,"{'feature_0': (2.064, 2.367)}",1,2.837,5,[Pretrained] CF,"[332, 628, 706, 718]",2.937,2.909,OptRes,[Pretrained] CF OptRes,0.005,0,0.005,730,53,0.09473684210526316,5,0.09999999999999964,0.028000000000000025,5
722,feature_0 > -0.095 AND feature_0 > 1.082 AND feature_0 > 1.784 AND feature_0 > 2.064 AND feature_0 <= 2.367 AND feature_4 <= 0.079 AND feature_1 > -0.344,"{'feature_0': (2.064, 2.367), 'feature_4': (-3.581, 0.079), 'feature_1': (-0.344, 3.703)}",3,2.806,7,[Pretrained] CF,"[332, 628, 706, 718, 719, 720]",3.182,3.221,OptRes,[Pretrained] CF OptRes,0.005,0,0.005,730,29,0.09473684210526316,5,0.3759999999999999,0.039000000000000146,5
727,feature_0 > -0.095 AND feature_0 > 1.082 AND feature_0 > 1.784 AND feature_0 > 2.064 AND feature_0 > 2.367 AND feature_4 <= 0.096 AND feature_2 > 0.029,"{'feature_0': (2.367, 3.636), 'feature_4': (-3.581, 0.096), 'feature_2': (0.029, 3.598)}",3,3.112,7,[Pretrained] CF,"[332, 628, 706, 718, 724, 725]",3.412,3.423,ResOve,[Pretrained] CF ResOve,0.109,0,0.109,730,23,0.05952380952380952,5,0.2999999999999998,0.01100000000000012,5
726,feature_0 > -0.095 AND feature_0 > 1.082 AND feature_0 > 1.784 AND feature_0 > 2.064 AND feature_0 > 2.367 AND feature_4 <= 0.096 AND feature_2 <= 0.029,"{'feature_0': (2.367, 3.636), 'feature_4': (-3.581, 0.096), 'feature_2': (-3.74, 0.029)}",3,2.983,7,[Pretrained] CF,"[332, 628, 706, 718, 724, 725]",3.351,3.414,ResOve,[Pretrained] CF ResOve,0.109,0,0.109,730,27,0.07380952380952381,5,0.3679999999999999,0.06300000000000017,5
724,feature_0 > -0.095 AND feature_0 > 1.082 AND feature_0 > 1.784 AND feature_0 > 2.064 AND feature_0 > 2.367,"{'feature_0': (2.367, 3.636)}",1,3.111,5,[Pretrained] CF,"[332, 628, 706, 718]",3.33,3.418,ResOve,[Pretrained] CF ResOve,0.109,0,0.109,730,50,0.13333333333333333,5,0.21899999999999986,0.08800000000000008,5
722,feature_0 > -0.095 AND feature_0 > 1.082 AND feature_0 > 1.784 AND feature_0 > 2.064 AND feature_0 <= 2.367 AND feature_4 <= 0.079 AND feature_1 > -0.344,"{'feature_0': (2.064, 2.367), 'feature_4': (-3.581, 0.079), 'feature_1': (-0.344, 3.703)}",3,2.806,7,[Pretrained] CF,"[332, 628, 706, 718, 719, 720]",3.182,3.221,ResOve,[Pretrained] CF ResOve,0.109,0,0.109,730,29,0.0,5,0.3759999999999999,0.039000000000000146,5
721,feature_0 > -0.095 AND feature_0 > 1.082 AND feature_0 > 1.784 AND feature_0 > 2.064 AND feature_0 <= 2.367 AND feature_4 <= 0.079 AND feature_1 <= -0.344,"{'feature_0': (2.064, 2.367), 'feature_4': (-3.581, 0.079), 'feature_1': (-3.643, -0.344)}",3,2.686,7,[Pretrained] CF,"[332, 628, 706, 718, 719, 720]",2.527,2.532,ResOve,[Pretrained] CF ResOve,0.109,0,0.109,730,24,0.0,5,0.1589999999999998,0.004999999999999893,5
727,feature_0 > -0.095 AND feature_0 > 1.082 AND feature_0 > 1.784 AND feature_0 > 2.064 AND feature_0 > 2.367 AND feature_4 <= 0.096 AND feature_2 > 0.029,"{'feature_0': (2.367, 3.636), 'feature_4': (-3.581, 0.096), 'feature_2': (0.029, 3.598)}",3,3.112,7,[Pretrained] CF,"[332, 628, 706, 718, 724, 725]",3.412,3.423,NoOve,[Pretrained] CF NoOve,0.016,0,0.016,730,23,0.0,5,0.2999999999999998,0.01100000000000012,5
726,feature_0 > -0.095 AND feature_0 > 1.082 AND feature_0 > 1.784 AND feature_0 > 2.064 AND feature_0 > 2.367 AND feature_4 <= 0.096 AND feature_2 <= 0.029,"{'feature_0': (2.367, 3.636), 'feature_4': (-3.581, 0.096), 'feature_2': (-3.74, 0.029)}",3,2.983,7,[Pretrained] CF,"[332, 628, 706, 718, 724, 725]",3.351,3.414,NoOve,[Pretrained] CF NoOve,0.016,0,0.016,730,27,0.0,5,0.3679999999999999,0.06300000000000017,5
722,feature_0 > -0.095 AND feature_0 > 1.082 AND feature_0 > 1.784 AND feature_0 > 2.064 AND feature_0 <= 2.367 AND feature_4 <= 0.079 AND feature_1 > -0.344,"{'feature_0': (2.064, 2.367), 'feature_4': (-3.581, 0.079), 'feature_1': (-0.344, 3.703)}",3,2.806,7,[Pretrained] CF,"[332, 628, 706, 718, 719, 720]",3.182,3.221,NoOve,[Pretrained] CF NoOve,0.016,0,0.016,730,29,0.0,5,0.3759999999999999,0.039000000000000146,5
721,feature_0 > -0.095 AND feature_0 > 1.082 AND feature_0 > 1.784 AND feature_0 > 2.064 AND feature_0 <= 2.367 AND feature_4 <= 0.079 AND feature_1 <= -0.344,"{'feature_0': (2.064, 2.367), 'feature_4': (-3.581, 0.079), 'feature_1': (-3.643, -0.344)}",3,2.686,7,[Pretrained] CF,"[332, 628, 706, 718, 719, 720]",2.527,2.532,NoOve,[Pretrained] CF NoOve,0.016,0,0.016,730,24,0.0,5,0.1589999999999998,0.004999999999999893,5
699,feature_0 > -0.095 AND feature_0 > 1.082 AND feature_0 <= 1.784 AND feature_1 > 0.317 AND feature_3 > -0.32 AND feature_1 > 0.828 AND feature_2 > -0.466,"{'feature_0': (1.082, 1.784), 'feature_1': (0.828, 3.703), 'feature_3': (-0.32, 3.832), 'feature_2': (-0.466, 3.598)}",4,2.605,7,[Pretrained] CF,"[332, 628, 629, 679, 689, 697]",2.982,2.985,NoOve,[Pretrained] CF NoOve,0.016,0,0.016,730,55,0.0,5,0.3770000000000002,0.0029999999999996696,5
721,feature_0 > -0.095 AND feature_0 > 1.082 AND feature_0 > 1.784 AND feature_0 > 2.064 AND feature_0 <= 2.367 AND feature_4 <= 0.079 AND feature_1 <= -0.344,"{'feature_0': (2.064, 2.367), 'feature_4': (-3.581, 0.079), 'feature_1': (-3.643, -0.344)}",3,2.686,7,[Pretrained] CF,"[332, 628, 706, 718, 719, 720]",2.527,2.527,OptRes,[Pretrained] CF OptRes,0.003,0,0.003,730,25,0.0,5,0.1589999999999998,0.0,5
710,feature_0 > -0.095 AND feature_0 > 1.082 AND feature_0 > 1.784 AND feature_0 <= 2.064 AND feature_1 <= -0.329 AND feature_0 > 1.943,"{'feature_0': (1.943, 2.064), 'feature_1': (-3.643, -0.329)}",2,2.559,6,[Pretrained] CF,"[332, 628, 706, 707, 708]",2.379,2.379,OptRes,[Pretrained] CF OptRes,0.003,0,0.003,730,21,0.0875,5,0.18000000000000016,0.0,5
708,feature_0 > -0.095 AND feature_0 > 1.082 AND feature_0 > 1.784 AND feature_0 <= 2.064 AND feature_1 <= -0.329,"{'feature_0': (1.784, 2.064), 'feature_1': (-3.643, -0.329)}",2,2.379,5,[Pretrained] CF,"[332, 628, 706, 707]",2.267,2.267,OptRes,[Pretrained] CF OptRes,0.003,0,0.003,730,60,0.0875,5,0.1120000000000001,0.0,5
693,feature_0 > -0.095 AND feature_0 > 1.082 AND feature_0 <= 1.784 AND feature_1 > 0.317 AND feature_3 > -0.32 AND feature_1 <= 0.828 AND feature_0 > 1.182 AND feature_1 <= 0.477,"{'feature_0': (1.182, 1.784), 'feature_1': (0.317, 0.477), 'feature_3': (-0.32, 3.832)}",3,2.225,8,[Pretrained] CF,"[332, 628, 629, 679, 689, 690, 692]",2.403,2.403,OptRes,[Pretrained] CF OptRes,0.003,0,0.003,730,33,0.0,5,0.17799999999999994,0.0,5
676,feature_0 > -0.095 AND feature_0 > 1.082 AND feature_0 <= 1.784 AND feature_1 <= 0.317 AND feature_0 > 1.486 AND feature_3 > 0.862,"{'feature_0': (1.486, 1.784), 'feature_1': (-3.643, 0.317), 'feature_3': (0.862, 3.832)}",3,2.222,6,[Pretrained] CF,"[332, 628, 629, 630, 664]",2.107,2.107,OptRes,[Pretrained] CF OptRes,0.003,0,0.003,730,40,0.0,5,0.11499999999999977,0.0,5
721,feature_0 > -0.095 AND feature_0 > 1.082 AND feature_0 > 1.784 AND feature_0 > 2.064 AND feature_0 <= 2.367 AND feature_4 <= 0.079 AND feature_1 <= -0.344,"{'feature_0': (2.064, 2.367), 'feature_4': (-3.581, 0.079), 'feature_1': (-3.643, -0.344)}",3,2.686,7,[Pretrained] CF,"[332, 628, 706, 718, 719, 720]",2.527,2.527,ResOve,[Pretrained] CF ResOve,0.056,0,0.056,730,25,0.0,5,0.1589999999999998,0.0,5
710,feature_0 > -0.095 AND feature_0 > 1.082 AND feature_0 > 1.784 AND feature_0 <= 2.064 AND feature_1 <= -0.329 AND feature_0 > 1.943,"{'feature_0': (1.943, 2.064), 'feature_1': (-3.643, -0.329)}",2,2.559,6,[Pretrained] CF,"[332, 628, 706, 707, 708]",2.379,2.379,ResOve,[Pretrained] CF ResOve,0.056,0,0.056,730,21,0.0,5,0.18000000000000016,0.0,5
709,feature_0 > -0.095 AND feature_0 > 1.082 AND feature_0 > 1.784 AND feature_0 <= 2.064 AND feature_1 <= -0.329 AND feature_0 <= 1.943,"{'feature_0': (1.784, 1.943), 'feature_1': (-3.643, -0.329)}",2,2.283,6,[Pretrained] CF,"[332, 628, 706, 707, 708]",2.206,2.206,ResOve,[Pretrained] CF ResOve,0.056,0,0.056,730,39,0.0,5,0.07699999999999996,0.0,5
693,feature_0 > -0.095 AND feature_0 > 1.082 AND feature_0 <= 1.784 AND feature_1 > 0.317 AND feature_3 > -0.32 AND feature_1 <= 0.828 AND feature_0 > 1.182 AND feature_1 <= 0.477,"{'feature_0': (1.182, 1.784), 'feature_1': (0.317, 0.477), 'feature_3': (-0.32, 3.832)}",3,2.225,8,[Pretrained] CF,"[332, 628, 629, 679, 689, 690, 692]",2.403,2.403,ResOve,[Pretrained] CF ResOve,0.056,0,0.056,730,33,0.0,5,0.17799999999999994,0.0,5
676,feature_0 > -0.095 AND feature_0 > 1.082 AND feature_0 <= 1.784 AND feature_1 <= 0.317 AND feature_0 > 1.486 AND feature_3 > 0.862,"{'feature_0': (1.486, 1.784), 'feature_1': (-3.643, 0.317), 'feature_3': (0.862, 3.832)}",3,2.222,6,[Pretrained] CF,"[332, 628, 629, 630, 664]",2.107,2.107,ResOve,[Pretrained] CF ResOve,0.056,0,0.056,730,40,0.0,5,0.11499999999999977,0.0,5
710,feature_0 > -0.095 AND feature_0 > 1.082 AND feature_0 > 1.784 AND feature_0 <= 2.064 AND feature_1 <= -0.329 AND feature_0 > 1.943,"{'feature_0': (1.943, 2.064), 'feature_1': (-3.643, -0.329)}",2,2.559,6,[Pretrained] CF,"[332, 628, 706, 707, 708]",2.379,2.379,NoOve,[Pretrained] CF NoOve,0.007,0,0.007,730,21,0.0,5,0.18000000000000016,0.0,5
709,feature_0 > -0.095 AND feature_0 > 1.082 AND feature_0 > 1.784 AND feature_0 <= 2.064 AND feature_1 <= -0.329 AND feature_0 <= 1.943,"{'feature_0': (1.784, 1.943), 'feature_1': (-3.643, -0.329)}",2,2.283,6,[Pretrained] CF,"[332, 628, 706, 707, 708]",2.206,2.206,NoOve,[Pretrained] CF NoOve,0.007,0,0.007,730,39,0.0,5,0.07699999999999996,0.0,5
676,feature_0 > -0.095 AND feature_0 > 1.082 AND feature_0 <= 1.784 AND feature_1 <= 0.317 AND feature_0 > 1.486 AND feature_3 > 0.862,"{'feature_0': (1.486, 1.784), 'feature_1': (-3.643, 0.317), 'feature_3': (0.862, 3.832)}",3,2.222,6,[Pretrained] CF,"[332, 628, 629, 630, 664]",2.107,2.107,NoOve,[Pretrained] CF NoOve,0.007,0,0.007,730,40,0.0,5,0.11499999999999977,0.0,5
665,feature_0 > -0.095 AND feature_0 > 1.082 AND feature_0 <= 1.784 AND feature_1 <= 0.317 AND feature_0 > 1.486 AND feature_3 <= 0.862,"{'feature_0': (1.486, 1.784), 'feature_1': (-3.643, 0.317), 'feature_3': (-4.447, 0.862)}",3,1.938,6,[Pretrained] CF,"[332, 628, 629, 630, 664]",2.091,2.091,NoOve,[Pretrained] CF NoOve,0.007,0,0.007,730,153,0.0,5,0.15300000000000025,0.0,5
657,feature_0 > -0.095 AND feature_0 > 1.082 AND feature_0 <= 1.784 AND feature_1 <= 0.317 AND feature_0 <= 1.486 AND feature_1 > -0.064,"{'feature_0': (1.082, 1.486), 'feature_1': (-0.064, 0.317)}",2,1.775,6,[Pretrained] CF,"[332, 628, 629, 630, 631]",2.027,2.027,NoOve,[Pretrained] CF NoOve,0.007,0,0.007,730,114,0.0,5,0.2520000000000002,0.0,5
742,feature_0 > 0.26 AND feature_1 > 1.06 AND feature_1 > 1.463 AND feature_0 > 0.557 AND feature_2 <= 0.652 AND feature_7 <= -0.835,"{'feature_0': (0.557, 3.845), 'feature_1': (1.463, 3.852), 'feature_2': (-3.74, 0.652), 'feature_7': (-3.746, -0.835)}",4,2.959,6,[Pretrained] CF,"[468, 710, 734, 740, 741]",3.114,3.135,OptRes,[Pretrained] CF OptRes,0.008,0,0.008,752,37,0.06756756756756757,5,0.1549999999999998,0.020999999999999908,10
748,feature_0 > 0.26 AND feature_1 > 1.06 AND feature_1 > 1.463 AND feature_0 > 0.557 AND feature_2 <= 0.652 AND feature_7 > -0.835 AND feature_0 > 0.767 AND feature_9 <= 0.059,"{'feature_0': (0.767, 3.845), 'feature_1': (1.463, 3.852), 'feature_2': (-3.74, 0.652), 'feature_7': (-0.835, 3.492), 'feature_9': (-3.581, 0.059)}",5,2.879,8,[Pretrained] CF,"[468, 710, 734, 740, 741, 745, 747]",3.155,3.155,OptRes,[Pretrained] CF OptRes,0.008,0,0.008,752,38,0.06418918918918919,5,0.2759999999999998,0.0,10
741,feature_0 > 0.26 AND feature_1 > 1.06 AND feature_1 > 1.463 AND feature_0 > 0.557 AND feature_2 <= 0.652,"{'feature_0': (0.557, 3.845), 'feature_1': (1.463, 3.852), 'feature_2': (-3.74, 0.652)}",3,2.846,5,[Pretrained] CF,"[468, 710, 734, 740]",3.064,3.062,OptRes,[Pretrained] CF OptRes,0.008,0,0.008,752,131,0.25,5,0.21799999999999997,0.002000000000000224,10
749,feature_0 > 0.26 AND feature_1 > 1.06 AND feature_1 > 1.463 AND feature_0 > 0.557 AND feature_2 <= 0.652 AND feature_7 > -0.835 AND feature_0 > 0.767 AND feature_9 > 0.059,"{'feature_0': (0.767, 3.845), 'feature_1': (1.463, 3.852), 'feature_2': (-3.74, 0.652), 'feature_7': (-0.835, 3.492), 'feature_9': (0.059, 3.767)}",5,2.803,8,[Pretrained] CF,"[468, 710, 734, 740, 741, 745, 747]",3.309,3.298,OptRes,[Pretrained] CF OptRes,0.008,0,0.008,752,25,0.05912162162162162,5,0.5060000000000002,0.01100000000000012,10
746,feature_0 > 0.26 AND feature_1 > 1.06 AND feature_1 > 1.463 AND feature_0 > 0.557 AND feature_2 <= 0.652 AND feature_7 > -0.835 AND feature_0 <= 0.767,"{'feature_0': (0.557, 0.767), 'feature_1': (1.463, 3.852), 'feature_2': (-3.74, 0.652), 'feature_7': (-0.835, 3.492)}",4,2.722,7,[Pretrained] CF,"[468, 710, 734, 740, 741, 745]",2.664,2.671,OptRes,[Pretrained] CF OptRes,0.008,0,0.008,752,31,0.05912162162162162,5,0.05799999999999983,0.006999999999999673,10
752,feature_0 > 0.26 AND feature_1 > 1.06 AND feature_1 > 1.463 AND feature_0 > 0.557 AND feature_2 > 0.652 AND feature_1 > 1.686,"{'feature_0': (0.557, 3.845), 'feature_1': (1.686, 3.852), 'feature_2': (0.652, 4.02)}",3,2.72,6,[Pretrained] CF,"[468, 710, 734, 740, 750]",3.443,3.506,ResOve,[Pretrained] CF ResOve,0.107,0,0.107,752,27,0.0,5,0.7229999999999999,0.06299999999999972,10
749,feature_0 > 0.26 AND feature_1 > 1.06 AND feature_1 > 1.463 AND feature_0 > 0.557 AND feature_2 <= 0.652 AND feature_7 > -0.835 AND feature_0 > 0.767 AND feature_9 > 0.059,"{'feature_0': (0.767, 3.845), 'feature_1': (1.463, 3.852), 'feature_2': (-3.74, 0.652), 'feature_7': (-0.835, 3.492), 'feature_9': (0.059, 3.767)}",5,2.803,8,[Pretrained] CF,"[468, 710, 734, 740, 741, 745, 747]",3.309,3.298,ResOve,[Pretrained] CF ResOve,0.107,0,0.107,752,25,0.0,5,0.5060000000000002,0.01100000000000012,10
748,feature_0 > 0.26 AND feature_1 > 1.06 AND feature_1 > 1.463 AND feature_0 > 0.557 AND feature_2 <= 0.652 AND feature_7 > -0.835 AND feature_0 > 0.767 AND feature_9 <= 0.059,"{'feature_0': (0.767, 3.845), 'feature_1': (1.463, 3.852), 'feature_2': (-3.74, 0.652), 'feature_7': (-0.835, 3.492), 'feature_9': (-3.581, 0.059)}",5,2.879,8,[Pretrained] CF,"[468, 710, 734, 740, 741, 745, 747]",3.155,3.155,ResOve,[Pretrained] CF ResOve,0.107,0,0.107,752,38,0.0,5,0.2759999999999998,0.0,10
742,feature_0 > 0.26 AND feature_1 > 1.06 AND feature_1 > 1.463 AND feature_0 > 0.557 AND feature_2 <= 0.652 AND feature_7 <= -0.835,"{'feature_0': (0.557, 3.845), 'feature_1': (1.463, 3.852), 'feature_2': (-3.74, 0.652), 'feature_7': (-3.746, -0.835)}",4,2.959,6,[Pretrained] CF,"[468, 710, 734, 740, 741]",3.114,3.135,ResOve,[Pretrained] CF ResOve,0.107,0,0.107,752,37,0.0,5,0.1549999999999998,0.020999999999999908,10
723,feature_0 > 0.26 AND feature_1 > 1.06 AND feature_1 <= 1.463 AND feature_0 > 0.763 AND feature_2 <= 0.453 AND feature_7 <= -0.169,"{'feature_0': (0.763, 3.845), 'feature_1': (1.06, 1.463), 'feature_2': (-3.74, 0.453), 'feature_7': (-3.746, -0.169)}",4,2.674,6,[Pretrained] CF,"[468, 710, 711, 721, 722]",2.878,2.874,ResOve,[Pretrained] CF ResOve,0.107,0,0.107,752,55,0.0,5,0.20400000000000018,0.0040000000000000036,10
742,feature_0 > 0.26 AND feature_1 > 1.06 AND feature_1 > 1.463 AND feature_0 > 0.557 AND feature_2 <= 0.652 AND feature_7 <= -0.835,"{'feature_0': (0.557, 3.845), 'feature_1': (1.463, 3.852), 'feature_2': (-3.74, 0.652), 'feature_7': (-3.746, -0.835)}",4,2.959,6,[Pretrained] CF,"[468, 710, 734, 740, 741]",3.114,3.135,NoOve,[Pretrained] CF NoOve,0.011,0,0.011,752,37,0.0,5,0.1549999999999998,0.020999999999999908,10
745,feature_0 > 0.26 AND feature_1 > 1.06 AND feature_1 > 1.463 AND feature_0 > 0.557 AND feature_2 <= 0.652 AND feature_7 > -0.835,"{'feature_0': (0.557, 3.845), 'feature_1': (1.463, 3.852), 'feature_2': (-3.74, 0.652), 'feature_7': (-0.835, 3.492)}",4,2.804,6,[Pretrained] CF,"[468, 710, 734, 740, 741]",3.046,3.034,NoOve,[Pretrained] CF NoOve,0.011,0,0.011,752,94,0.0,5,0.242,0.01200000000000001,10
752,feature_0 > 0.26 AND feature_1 > 1.06 AND feature_1 > 1.463 AND feature_0 > 0.557 AND feature_2 > 0.652 AND feature_1 > 1.686,"{'feature_0': (0.557, 3.845), 'feature_1': (1.686, 3.852), 'feature_2': (0.652, 4.02)}",3,2.72,6,[Pretrained] CF,"[468, 710, 734, 740, 750]",3.443,3.506,NoOve,[Pretrained] CF NoOve,0.011,0,0.011,752,27,0.0,5,0.7229999999999999,0.06299999999999972,10
723,feature_0 > 0.26 AND feature_1 > 1.06 AND feature_1 <= 1.463 AND feature_0 > 0.763 AND feature_2 <= 0.453 AND feature_7 <= -0.169,"{'feature_0': (0.763, 3.845), 'feature_1': (1.06, 1.463), 'feature_2': (-3.74, 0.453), 'feature_7': (-3.746, -0.169)}",4,2.674,6,[Pretrained] CF,"[468, 710, 711, 721, 722]",2.878,2.874,NoOve,[Pretrained] CF NoOve,0.011,0,0.011,752,55,0.0,5,0.20400000000000018,0.0040000000000000036,10
739,feature_0 > 0.26 AND feature_1 > 1.06 AND feature_1 > 1.463 AND feature_0 <= 0.557 AND feature_0 > 0.352 AND feature_1 > 1.661,"{'feature_0': (0.352, 0.557), 'feature_1': (1.661, 3.852)}",2,2.668,6,[Pretrained] CF,"[468, 710, 734, 735, 737]",2.549,2.564,NoOve,[Pretrained] CF NoOve,0.011,0,0.011,752,27,0.0,5,0.11900000000000022,0.015000000000000124,10
748,feature_0 > 0.26 AND feature_1 > 1.06 AND feature_1 > 1.463 AND feature_0 > 0.557 AND feature_2 <= 0.652 AND feature_7 > -0.835 AND feature_0 > 0.767 AND feature_9 <= 0.059,"{'feature_0': (0.767, 3.845), 'feature_1': (1.463, 3.852), 'feature_2': (-3.74, 0.652), 'feature_7': (-0.835, 3.492), 'feature_9': (-3.581, 0.059)}",5,2.879,8,[Pretrained] CF,"[468, 710, 734, 740, 741, 745, 747]",3.155,3.155,OptRes,[Pretrained] CF OptRes,0.007,0,0.007,752,38,0.06418918918918919,5,0.2759999999999998,0.0,10
741,feature_0 > 0.26 AND feature_1 > 1.06 AND feature_1 > 1.463 AND feature_0 > 0.557 AND feature_2 <= 0.652,"{'feature_0': (0.557, 3.845), 'feature_1': (1.463, 3.852), 'feature_2': (-3.74, 0.652)}",3,2.846,5,[Pretrained] CF,"[468, 710, 734, 740]",3.064,3.032,OptRes,[Pretrained] CF OptRes,0.007,0,0.007,752,126,0.18243243243243243,5,0.21799999999999997,0.03200000000000003,10
749,feature_0 > 0.26 AND feature_1 > 1.06 AND feature_1 > 1.463 AND feature_0 > 0.557 AND feature_2 <= 0.652 AND feature_7 > -0.835 AND feature_0 > 0.767 AND feature_9 > 0.059,"{'feature_0': (0.767, 3.845), 'feature_1': (1.463, 3.852), 'feature_2': (-3.74, 0.652), 'feature_7': (-0.835, 3.492), 'feature_9': (0.059, 3.767)}",5,2.803,8,[Pretrained] CF,"[468, 710, 734, 740, 741, 745, 747]",3.309,3.309,OptRes,[Pretrained] CF OptRes,0.007,0,0.007,752,35,0.05912162162162162,5,0.5060000000000002,0.0,10
746,feature_0 > 0.26 AND feature_1 > 1.06 AND feature_1 > 1.463 AND feature_0 > 0.557 AND feature_2 <= 0.652 AND feature_7 > -0.835 AND feature_0 <= 0.767,"{'feature_0': (0.557, 0.767), 'feature_1': (1.463, 3.852), 'feature_2': (-3.74, 0.652), 'feature_7': (-0.835, 3.492)}",4,2.722,7,[Pretrained] CF,"[468, 710, 734, 740, 741, 745]",2.664,2.664,OptRes,[Pretrained] CF OptRes,0.007,0,0.007,752,35,0.05912162162162162,5,0.05799999999999983,0.0,10
752,feature_0 > 0.26 AND feature_1 > 1.06 AND feature_1 > 1.463 AND feature_0 > 0.557 AND feature_2 > 0.652 AND feature_1 > 1.686,"{'feature_0': (0.557, 3.845), 'feature_1': (1.686, 3.852), 'feature_2': (0.652, 4.02)}",3,2.72,6,[Pretrained] CF,"[468, 710, 734, 740, 750]",3.443,3.376,OptRes,[Pretrained] CF OptRes,0.007,0,0.007,752,26,0.0,5,0.7229999999999999,0.06700000000000017,10
752,feature_0 > 0.26 AND feature_1 > 1.06 AND feature_1 > 1.463 AND feature_0 > 0.557 AND feature_2 > 0.652 AND feature_1 > 1.686,"{'feature_0': (0.557, 3.845), 'feature_1': (1.686, 3.852), 'feature_2': (0.652, 4.02)}",3,2.72,6,[Pretrained] CF,"[468, 710, 734, 740, 750]",3.443,3.376,ResOve,[Pretrained] CF ResOve,0.108,0,0.108,752,26,0.0,5,0.7229999999999999,0.06700000000000017,10
749,feature_0 > 0.26 AND feature_1 > 1.06 AND feature_1 > 1.463 AND feature_0 > 0.557 AND feature_2 <= 0.652 AND feature_7 > -0.835 AND feature_0 > 0.767 AND feature_9 > 0.059,"{'feature_0': (0.767, 3.845), 'feature_1': (1.463, 3.852), 'feature_2': (-3.74, 0.652), 'feature_7': (-0.835, 3.492), 'feature_9': (0.059, 3.767)}",5,2.803,8,[Pretrained] CF,"[468, 710, 734, 740, 741, 745, 747]",3.309,3.309,ResOve,[Pretrained] CF ResOve,0.108,0,0.108,752,35,0.0,5,0.5060000000000002,0.0,10
748,feature_0 > 0.26 AND feature_1 > 1.06 AND feature_1 > 1.463 AND feature_0 > 0.557 AND feature_2 <= 0.652 AND feature_7 > -0.835 AND feature_0 > 0.767 AND feature_9 <= 0.059,"{'feature_0': (0.767, 3.845), 'feature_1': (1.463, 3.852), 'feature_2': (-3.74, 0.652), 'feature_7': (-0.835, 3.492), 'feature_9': (-3.581, 0.059)}",5,2.879,8,[Pretrained] CF,"[468, 710, 734, 740, 741, 745, 747]",3.155,3.155,ResOve,[Pretrained] CF ResOve,0.108,0,0.108,752,38,0.0,5,0.2759999999999998,0.0,10
746,feature_0 > 0.26 AND feature_1 > 1.06 AND feature_1 > 1.463 AND feature_0 > 0.557 AND feature_2 <= 0.652 AND feature_7 > -0.835 AND feature_0 <= 0.767,"{'feature_0': (0.557, 0.767), 'feature_1': (1.463, 3.852), 'feature_2': (-3.74, 0.652), 'feature_7': (-0.835, 3.492)}",4,2.722,7,[Pretrained] CF,"[468, 710, 734, 740, 741, 745]",2.664,2.664,ResOve,[Pretrained] CF ResOve,0.108,0,0.108,752,35,0.0,5,0.05799999999999983,0.0,10
723,feature_0 > 0.26 AND feature_1 > 1.06 AND feature_1 <= 1.463 AND feature_0 > 0.763 AND feature_2 <= 0.453 AND feature_7 <= -0.169,"{'feature_0': (0.763, 3.845), 'feature_1': (1.06, 1.463), 'feature_2': (-3.74, 0.453), 'feature_7': (-3.746, -0.169)}",4,2.674,6,[Pretrained] CF,"[468, 710, 711, 721, 722]",2.878,2.793,ResOve,[Pretrained] CF ResOve,0.108,0,0.108,752,46,0.0,5,0.20400000000000018,0.08499999999999996,10
745,feature_0 > 0.26 AND feature_1 > 1.06 AND feature_1 > 1.463 AND feature_0 > 0.557 AND feature_2 <= 0.652 AND feature_7 > -0.835,"{'feature_0': (0.557, 3.845), 'feature_1': (1.463, 3.852), 'feature_2': (-3.74, 0.652), 'feature_7': (-0.835, 3.492)}",4,2.804,6,[Pretrained] CF,"[468, 710, 734, 740, 741]",3.046,3.046,NoOve,[Pretrained] CF NoOve,0.011,0,0.011,752,108,0.0,5,0.242,0.0,10
752,feature_0 > 0.26 AND feature_1 > 1.06 AND feature_1 > 1.463 AND feature_0 > 0.557 AND feature_2 > 0.652 AND feature_1 > 1.686,"{'feature_0': (0.557, 3.845), 'feature_1': (1.686, 3.852), 'feature_2': (0.652, 4.02)}",3,2.72,6,[Pretrained] CF,"[468, 710, 734, 740, 750]",3.443,3.376,NoOve,[Pretrained] CF NoOve,0.011,0,0.011,752,26,0.0,5,0.7229999999999999,0.06700000000000017,10
723,feature_0 > 0.26 AND feature_1 > 1.06 AND feature_1 <= 1.463 AND feature_0 > 0.763 AND feature_2 <= 0.453 AND feature_7 <= -0.169,"{'feature_0': (0.763, 3.845), 'feature_1': (1.06, 1.463), 'feature_2': (-3.74, 0.453), 'feature_7': (-3.746, -0.169)}",4,2.674,6,[Pretrained] CF,"[468, 710, 711, 721, 722]",2.878,2.793,NoOve,[Pretrained] CF NoOve,0.011,0,0.011,752,46,0.0,5,0.20400000000000018,0.08499999999999996,10
739,feature_0 > 0.26 AND feature_1 > 1.06 AND feature_1 > 1.463 AND feature_0 <= 0.557 AND feature_0 > 0.352 AND feature_1 > 1.661,"{'feature_0': (0.352, 0.557), 'feature_1': (1.661, 3.852)}",2,2.668,6,[Pretrained] CF,"[468, 710, 734, 735, 737]",2.549,2.557,NoOve,[Pretrained] CF NoOve,0.011,0,0.011,752,29,0.0,5,0.11900000000000022,0.008000000000000007,10
726,feature_0 > 0.26 AND feature_1 > 1.06 AND feature_1 <= 1.463 AND feature_0 > 0.763 AND feature_2 <= 0.453 AND feature_7 > -0.169,"{'feature_0': (0.763, 3.845), 'feature_1': (1.06, 1.463), 'feature_2': (-3.74, 0.453), 'feature_7': (-0.169, 3.492)}",4,2.484,6,[Pretrained] CF,"[468, 710, 711, 721, 722]",2.676,2.676,NoOve,[Pretrained] CF NoOve,0.011,0,0.011,752,51,0.0,5,0.19200000000000017,0.0,10
741,feature_0 > 0.26 AND feature_1 > 1.06 AND feature_1 > 1.463 AND feature_0 > 0.557 AND feature_2 <= 0.652,"{'feature_0': (0.557, 3.845), 'feature_1': (1.463, 3.852), 'feature_2': (-3.74, 0.652)}",3,2.846,5,[Pretrained] CF,"[468, 710, 734, 740]",3.064,3.049,OptRes,[Pretrained] CF OptRes,0.006,0,0.006,752,46,0.12331081081081081,5,0.21799999999999997,0.015000000000000124,10
747,feature_0 > 0.26 AND feature_1 > 1.06 AND feature_1 > 1.463 AND feature_0 > 0.557 AND feature_2 <= 0.652 AND feature_7 > -0.835 AND feature_0 > 0.767,"{'feature_0': (0.767, 3.845), 'feature_1': (1.463, 3.852), 'feature_2': (-3.74, 0.652), 'feature_7': (-0.835, 3.492)}",4,2.842,7,[Pretrained] CF,"[468, 710, 734, 740, 741, 745]",3.229,3.253,OptRes,[Pretrained] CF OptRes,0.006,0,0.006,752,24,0.12331081081081081,5,0.387,0.02400000000000002,10
750,feature_0 > 0.26 AND feature_1 > 1.06 AND feature_1 > 1.463 AND feature_0 > 0.557 AND feature_2 > 0.652,"{'feature_0': (0.557, 3.845), 'feature_1': (1.463, 3.852), 'feature_2': (0.652, 4.02)}",3,2.69,5,[Pretrained] CF,"[468, 710, 734, 740]",3.26,3.306,OptRes,[Pretrained] CF OptRes,0.006,0,0.006,752,21,0.0,5,0.5699999999999998,0.04600000000000026,10
723,feature_0 > 0.26 AND feature_1 > 1.06 AND feature_1 <= 1.463 AND feature_0 > 0.763 AND feature_2 <= 0.453 AND feature_7 <= -0.169,"{'feature_0': (0.763, 3.845), 'feature_1': (1.06, 1.463), 'feature_2': (-3.74, 0.453), 'feature_7': (-3.746, -0.169)}",4,2.674,6,[Pretrained] CF,"[468, 710, 711, 721, 722]",2.878,2.864,OptRes,[Pretrained] CF OptRes,0.006,0,0.006,752,22,0.0,5,0.20400000000000018,0.014000000000000234,10
737,feature_0 > 0.26 AND feature_1 > 1.06 AND feature_1 > 1.463 AND feature_0 <= 0.557 AND feature_0 > 0.352,"{'feature_0': (0.352, 0.557), 'feature_1': (1.463, 3.852)}",2,2.602,5,[Pretrained] CF,"[468, 710, 734, 735]",2.4,2.38,OptRes,[Pretrained] CF OptRes,0.006,0,0.006,752,23,0.0,5,0.20199999999999996,0.020000000000000018,10
750,feature_0 > 0.26 AND feature_1 > 1.06 AND feature_1 > 1.463 AND feature_0 > 0.557 AND feature_2 > 0.652,"{'feature_0': (0.557, 3.845), 'feature_1': (1.463, 3.852), 'feature_2': (0.652, 4.02)}",3,2.69,5,[Pretrained] CF,"[468, 710, 734, 740]",3.26,3.306,ResOve,[Pretrained] CF ResOve,0.126,0,0.126,752,21,0.0,5,0.5699999999999998,0.04600000000000026,10
747,feature_0 > 0.26 AND feature_1 > 1.06 AND feature_1 > 1.463 AND feature_0 > 0.557 AND feature_2 <= 0.652 AND feature_7 > -0.835 AND feature_0 > 0.767,"{'feature_0': (0.767, 3.845), 'feature_1': (1.463, 3.852), 'feature_2': (-3.74, 0.652), 'feature_7': (-0.835, 3.492)}",4,2.842,7,[Pretrained] CF,"[468, 710, 734, 740, 741, 745]",3.229,3.253,ResOve,[Pretrained] CF ResOve,0.126,0,0.126,752,24,0.12331081081081081,5,0.387,0.02400000000000002,10
741,feature_0 > 0.26 AND feature_1 > 1.06 AND feature_1 > 1.463 AND feature_0 > 0.557 AND feature_2 <= 0.652,"{'feature_0': (0.557, 3.845), 'feature_1': (1.463, 3.852), 'feature_2': (-3.74, 0.652)}",3,2.846,5,[Pretrained] CF,"[468, 710, 734, 740]",3.064,3.049,ResOve,[Pretrained] CF ResOve,0.126,0,0.126,752,46,0.12331081081081081,5,0.21799999999999997,0.015000000000000124,10
723,feature_0 > 0.26 AND feature_1 > 1.06 AND feature_1 <= 1.463 AND feature_0 > 0.763 AND feature_2 <= 0.453 AND feature_7 <= -0.169,"{'feature_0': (0.763, 3.845), 'feature_1': (1.06, 1.463), 'feature_2': (-3.74, 0.453), 'feature_7': (-3.746, -0.169)}",4,2.674,6,[Pretrained] CF,"[468, 710, 711, 721, 722]",2.878,2.864,ResOve,[Pretrained] CF ResOve,0.126,0,0.126,752,22,0.13194444444444445,5,0.20400000000000018,0.014000000000000234,10
722,feature_0 > 0.26 AND feature_1 > 1.06 AND feature_1 <= 1.463 AND feature_0 > 0.763 AND feature_2 <= 0.453,"{'feature_0': (0.763, 3.845), 'feature_1': (1.06, 1.463), 'feature_2': (-3.74, 0.453)}",3,2.584,5,[Pretrained] CF,"[468, 710, 711, 721]",2.782,2.78,ResOve,[Pretrained] CF ResOve,0.126,0,0.126,752,40,0.13194444444444445,5,0.19799999999999995,0.002000000000000224,10
741,feature_0 > 0.26 AND feature_1 > 1.06 AND feature_1 > 1.463 AND feature_0 > 0.557 AND feature_2 <= 0.652,"{'feature_0': (0.557, 3.845), 'feature_1': (1.463, 3.852), 'feature_2': (-3.74, 0.652)}",3,2.846,5,[Pretrained] CF,"[468, 710, 734, 740]",3.064,3.049,NoOve,[Pretrained] CF NoOve,0.032,0,0.032,752,46,0.0,5,0.21799999999999997,0.015000000000000124,10
750,feature_0 > 0.26 AND feature_1 > 1.06 AND feature_1 > 1.463 AND feature_0 > 0.557 AND feature_2 > 0.652,"{'feature_0': (0.557, 3.845), 'feature_1': (1.463, 3.852), 'feature_2': (0.652, 4.02)}",3,2.69,5,[Pretrained] CF,"[468, 710, 734, 740]",3.26,3.306,NoOve,[Pretrained] CF NoOve,0.032,0,0.032,752,21,0.0,5,0.5699999999999998,0.04600000000000026,10
737,feature_0 > 0.26 AND feature_1 > 1.06 AND feature_1 > 1.463 AND feature_0 <= 0.557 AND feature_0 > 0.352,"{'feature_0': (0.352, 0.557), 'feature_1': (1.463, 3.852)}",2,2.602,5,[Pretrained] CF,"[468, 710, 734, 735]",2.4,2.38,NoOve,[Pretrained] CF NoOve,0.032,0,0.032,752,23,0.0,5,0.20199999999999996,0.020000000000000018,10
722,feature_0 > 0.26 AND feature_1 > 1.06 AND feature_1 <= 1.463 AND feature_0 > 0.763 AND feature_2 <= 0.453,"{'feature_0': (0.763, 3.845), 'feature_1': (1.06, 1.463), 'feature_2': (-3.74, 0.453)}",3,2.584,5,[Pretrained] CF,"[468, 710, 711, 721]",2.782,2.78,NoOve,[Pretrained] CF NoOve,0.032,0,0.032,752,40,0.0,5,0.19799999999999995,0.002000000000000224,10
729,feature_0 > 0.26 AND feature_1 > 1.06 AND feature_1 <= 1.463 AND feature_0 > 0.763 AND feature_2 > 0.453,"{'feature_0': (0.763, 3.845), 'feature_1': (1.06, 1.463), 'feature_2': (0.453, 4.02)}",3,2.374,5,[Pretrained] CF,"[468, 710, 711, 721]",2.685,2.729,NoOve,[Pretrained] CF NoOve,0.032,0,0.032,752,26,0.0,5,0.31099999999999994,0.04400000000000004,10
742,feature_0 > 0.26 AND feature_1 > 1.06 AND feature_1 > 1.463 AND feature_0 > 0.557 AND feature_2 <= 0.652 AND feature_7 <= -0.835,"{'feature_0': (0.557, 3.845), 'feature_1': (1.463, 3.852), 'feature_2': (-3.74, 0.652), 'feature_7': (-3.746, -0.835)}",4,2.959,6,[Pretrained] CF,"[468, 710, 734, 740, 741]",3.114,3.114,OptRes,[Pretrained] CF OptRes,0.008,0,0.008,752,40,0.06756756756756757,5,0.1549999999999998,0.0,10
748,feature_0 > 0.26 AND feature_1 > 1.06 AND feature_1 > 1.463 AND feature_0 > 0.557 AND feature_2 <= 0.652 AND feature_7 > -0.835 AND feature_0 > 0.767 AND feature_9 <= 0.059,"{'feature_0': (0.767, 3.845), 'feature_1': (1.463, 3.852), 'feature_2': (-3.74, 0.652), 'feature_7': (-0.835, 3.492), 'feature_9': (-3.581, 0.059)}",5,2.879,8,[Pretrained] CF,"[468, 710, 734, 740, 741, 745, 747]",3.155,3.155,OptRes,[Pretrained] CF OptRes,0.008,0,0.008,752,38,0.06418918918918919,5,0.2759999999999998,0.0,10
741,feature_0 > 0.26 AND feature_1 > 1.06 AND feature_1 > 1.463 AND feature_0 > 0.557 AND feature_2 <= 0.652,"{'feature_0': (0.557, 3.845), 'feature_1': (1.463, 3.852), 'feature_2': (-3.74, 0.652)}",3,2.846,5,[Pretrained] CF,"[468, 710, 734, 740]",3.064,3.064,OptRes,[Pretrained] CF OptRes,0.008,0,0.008,752,148,0.25,5,0.21799999999999997,0.0,10
749,feature_0 > 0.26 AND feature_1 > 1.06 AND feature_1 > 1.463 AND feature_0 > 0.557 AND feature_2 <= 0.652 AND feature_7 > -0.835 AND feature_0 > 0.767 AND feature_9 > 0.059,"{'feature_0': (0.767, 3.845), 'feature_1': (1.463, 3.852), 'feature_2': (-3.74, 0.652), 'feature_7': (-0.835, 3.492), 'feature_9': (0.059, 3.767)}",5,2.803,8,[Pretrained] CF,"[468, 710, 734, 740, 741, 745, 747]",3.309,3.309,OptRes,[Pretrained] CF OptRes,0.008,0,0.008,752,35,0.05912162162162162,5,0.5060000000000002,0.0,10
746,feature_0 > 0.26 AND feature_1 > 1.06 AND feature_1 > 1.463 AND feature_0 > 0.557 AND feature_2 <= 0.652 AND feature_7 > -0.835 AND feature_0 <= 0.767,"{'feature_0': (0.557, 0.767), 'feature_1': (1.463, 3.852), 'feature_2': (-3.74, 0.652), 'feature_7': (-0.835, 3.492)}",4,2.722,7,[Pretrained] CF,"[468, 710, 734, 740, 741, 745]",2.664,2.664,OptRes,[Pretrained] CF OptRes,0.008,0,0.008,752,35,0.05912162162162162,5,0.05799999999999983,0.0,10
752,feature_0 > 0.26 AND feature_1 > 1.06 AND feature_1 > 1.463 AND feature_0 > 0.557 AND feature_2 > 0.652 AND feature_1 > 1.686,"{'feature_0': (0.557, 3.845), 'feature_1': (1.686, 3.852), 'feature_2': (0.652, 4.02)}",3,2.72,6,[Pretrained] CF,"[468, 710, 734, 740, 750]",3.443,3.443,ResOve,[Pretrained] CF ResOve,0.089,0,0.089,752,32,0.0,5,0.7229999999999999,0.0,10
748,feature_0 > 0.26 AND feature_1 > 1.06 AND feature_1 > 1.463 AND feature_0 > 0.557 AND feature_2 <= 0.652 AND feature_7 > -0.835 AND feature_0 > 0.767 AND feature_9 <= 0.059,"{'feature_0': (0.767, 3.845), 'feature_1': (1.463, 3.852), 'feature_2': (-3.74, 0.652), 'feature_7': (-0.835, 3.492), 'feature_9': (-3.581, 0.059)}",5,2.879,8,[Pretrained] CF,"[468, 710, 734, 740, 741, 745, 747]",3.155,3.155,ResOve,[Pretrained] CF ResOve,0.089,0,0.089,752,38,0.0,5,0.2759999999999998,0.0,10
746,feature_0 > 0.26 AND feature_1 > 1.06 AND feature_1 > 1.463 AND feature_0 > 0.557 AND feature_2 <= 0.652 AND feature_7 > -0.835 AND feature_0 <= 0.767,"{'feature_0': (0.557, 0.767), 'feature_1': (1.463, 3.852), 'feature_2': (-3.74, 0.652), 'feature_7': (-0.835, 3.492)}",4,2.722,7,[Pretrained] CF,"[468, 710, 734, 740, 741, 745]",2.664,2.664,ResOve,[Pretrained] CF ResOve,0.089,0,0.089,752,35,0.0,5,0.05799999999999983,0.0,10
742,feature_0 > 0.26 AND feature_1 > 1.06 AND feature_1 > 1.463 AND feature_0 > 0.557 AND feature_2 <= 0.652 AND feature_7 <= -0.835,"{'feature_0': (0.557, 3.845), 'feature_1': (1.463, 3.852), 'feature_2': (-3.74, 0.652), 'feature_7': (-3.746, -0.835)}",4,2.959,6,[Pretrained] CF,"[468, 710, 734, 740, 741]",3.114,3.114,ResOve,[Pretrained] CF ResOve,0.089,0,0.089,752,40,0.0,5,0.1549999999999998,0.0,10
723,feature_0 > 0.26 AND feature_1 > 1.06 AND feature_1 <= 1.463 AND feature_0 > 0.763 AND feature_2 <= 0.453 AND feature_7 <= -0.169,"{'feature_0': (0.763, 3.845), 'feature_1': (1.06, 1.463), 'feature_2': (-3.74, 0.453), 'feature_7': (-3.746, -0.169)}",4,2.674,6,[Pretrained] CF,"[468, 710, 711, 721, 722]",2.878,2.878,ResOve,[Pretrained] CF ResOve,0.089,0,0.089,752,57,0.0,5,0.20400000000000018,0.0,10
742,feature_0 > 0.26 AND feature_1 > 1.06 AND feature_1 > 1.463 AND feature_0 > 0.557 AND feature_2 <= 0.652 AND feature_7 <= -0.835,"{'feature_0': (0.557, 3.845), 'feature_1': (1.463, 3.852), 'feature_2': (-3.74, 0.652), 'feature_7': (-3.746, -0.835)}",4,2.959,6,[Pretrained] CF,"[468, 710, 734, 740, 741]",3.114,3.114,NoOve,[Pretrained] CF NoOve,0.008,0,0.008,752,40,0.0,5,0.1549999999999998,0.0,10
745,feature_0 > 0.26 AND feature_1 > 1.06 AND feature_1 > 1.463 AND feature_0 > 0.557 AND feature_2 <= 0.652 AND feature_7 > -0.835,"{'feature_0': (0.557, 3.845), 'feature_1': (1.463, 3.852), 'feature_2': (-3.74, 0.652), 'feature_7': (-0.835, 3.492)}",4,2.804,6,[Pretrained] CF,"[468, 710, 734, 740, 741]",3.046,3.046,NoOve,[Pretrained] CF NoOve,0.008,0,0.008,752,108,0.0,5,0.242,0.0,10
752,feature_0 > 0.26 AND feature_1 > 1.06 AND feature_1 > 1.463 AND feature_0 > 0.557 AND feature_2 > 0.652 AND feature_1 > 1.686,"{'feature_0': (0.557, 3.845), 'feature_1': (1.686, 3.852), 'feature_2': (0.652, 4.02)}",3,2.72,6,[Pretrained] CF,"[468, 710, 734, 740, 750]",3.443,3.443,NoOve,[Pretrained] CF NoOve,0.008,0,0.008,752,32,0.0,5,0.7229999999999999,0.0,10
723,feature_0 > 0.26 AND feature_1 > 1.06 AND feature_1 <= 1.463 AND feature_0 > 0.763 AND feature_2 <= 0.453 AND feature_7 <= -0.169,"{'feature_0': (0.763, 3.845), 'feature_1': (1.06, 1.463), 'feature_2': (-3.74, 0.453), 'feature_7': (-3.746, -0.169)}",4,2.674,6,[Pretrained] CF,"[468, 710, 711, 721, 722]",2.878,2.878,NoOve,[Pretrained] CF NoOve,0.008,0,0.008,752,57,0.0,5,0.20400000000000018,0.0,10
739,feature_0 > 0.26 AND feature_1 > 1.06 AND feature_1 > 1.463 AND feature_0 <= 0.557 AND feature_0 > 0.352 AND feature_1 > 1.661,"{'feature_0': (0.352, 0.557), 'feature_1': (1.661, 3.852)}",2,2.668,6,[Pretrained] CF,"[468, 710, 734, 735, 737]",2.549,2.549,NoOve,[Pretrained] CF NoOve,0.008,0,0.008,752,30,0.0,5,0.11900000000000022,0.0,10
742,feature_0 > 0.26 AND feature_1 > 1.06 AND feature_1 > 1.463 AND feature_0 > 0.557 AND feature_2 <= 0.652 AND feature_7 <= -0.835,"{'feature_0': (0.557, 3.845), 'feature_1': (1.463, 3.852), 'feature_2': (-3.74, 0.652), 'feature_7': (-3.746, -0.835)}",4,2.959,6,[Pretrained] CF,"[468, 710, 734, 740, 741]",3.114,3.114,OptRes,[Pretrained] CF OptRes,0.008,0,0.008,752,40,0.06756756756756757,5,0.1549999999999998,0.0,10
748,feature_0 > 0.26 AND feature_1 > 1.06 AND feature_1 > 1.463 AND feature_0 > 0.557 AND feature_2 <= 0.652 AND feature_7 > -0.835 AND feature_0 > 0.767 AND feature_9 <= 0.059,"{'feature_0': (0.767, 3.845), 'feature_1': (1.463, 3.852), 'feature_2': (-3.74, 0.652), 'feature_7': (-0.835, 3.492), 'feature_9': (-3.581, 0.059)}",5,2.879,8,[Pretrained] CF,"[468, 710, 734, 740, 741, 745, 747]",3.155,3.107,OptRes,[Pretrained] CF OptRes,0.008,0,0.008,752,32,0.06418918918918919,5,0.2759999999999998,0.0479999999999996,10
741,feature_0 > 0.26 AND feature_1 > 1.06 AND feature_1 > 1.463 AND feature_0 > 0.557 AND feature_2 <= 0.652,"{'feature_0': (0.557, 3.845), 'feature_1': (1.463, 3.852), 'feature_2': (-3.74, 0.652)}",3,2.846,5,[Pretrained] CF,"[468, 710, 734, 740]",3.064,3.051,OptRes,[Pretrained] CF OptRes,0.008,0,0.008,752,127,0.25,5,0.21799999999999997,0.0129999999999999,10
749,feature_0 > 0.26 AND feature_1 > 1.06 AND feature_1 > 1.463 AND feature_0 > 0.557 AND feature_2 <= 0.652 AND feature_7 > -0.835 AND feature_0 > 0.767 AND feature_9 > 0.059,"{'feature_0': (0.767, 3.845), 'feature_1': (1.463, 3.852), 'feature_2': (-3.74, 0.652), 'feature_7': (-0.835, 3.492), 'feature_9': (0.059, 3.767)}",5,2.803,8,[Pretrained] CF,"[468, 710, 734, 740, 741, 745, 747]",3.309,3.306,OptRes,[Pretrained] CF OptRes,0.008,0,0.008,752,28,0.05912162162162162,5,0.5060000000000002,0.0030000000000001137,10
746,feature_0 > 0.26 AND feature_1 > 1.06 AND feature_1 > 1.463 AND feature_0 > 0.557 AND feature_2 <= 0.652 AND feature_7 > -0.835 AND feature_0 <= 0.767,"{'feature_0': (0.557, 0.767), 'feature_1': (1.463, 3.852), 'feature_2': (-3.74, 0.652), 'feature_7': (-0.835, 3.492)}",4,2.722,7,[Pretrained] CF,"[468, 710, 734, 740, 741, 745]",2.664,2.628,OptRes,[Pretrained] CF OptRes,0.008,0,0.008,752,27,0.05912162162162162,5,0.05799999999999983,0.03600000000000003,10
752,feature_0 > 0.26 AND feature_1 > 1.06 AND feature_1 > 1.463 AND feature_0 > 0.557 AND feature_2 > 0.652 AND feature_1 > 1.686,"{'feature_0': (0.557, 3.845), 'feature_1': (1.686, 3.852), 'feature_2': (0.652, 4.02)}",3,2.72,6,[Pretrained] CF,"[468, 710, 734, 740, 750]",3.443,3.5,ResOve,[Pretrained] CF ResOve,0.109,0,0.109,752,27,0.0,5,0.7229999999999999,0.05699999999999994,10
749,feature_0 > 0.26 AND feature_1 > 1.06 AND feature_1 > 1.463 AND feature_0 > 0.557 AND feature_2 <= 0.652 AND feature_7 > -0.835 AND feature_0 > 0.767 AND feature_9 > 0.059,"{'feature_0': (0.767, 3.845), 'feature_1': (1.463, 3.852), 'feature_2': (-3.74, 0.652), 'feature_7': (-0.835, 3.492), 'feature_9': (0.059, 3.767)}",5,2.803,8,[Pretrained] CF,"[468, 710, 734, 740, 741, 745, 747]",3.309,3.306,ResOve,[Pretrained] CF ResOve,0.109,0,0.109,752,28,0.0,5,0.5060000000000002,0.0030000000000001137,10
748,feature_0 > 0.26 AND feature_1 > 1.06 AND feature_1 > 1.463 AND feature_0 > 0.557 AND feature_2 <= 0.652 AND feature_7 > -0.835 AND feature_0 > 0.767 AND feature_9 <= 0.059,"{'feature_0': (0.767, 3.845), 'feature_1': (1.463, 3.852), 'feature_2': (-3.74, 0.652), 'feature_7': (-0.835, 3.492), 'feature_9': (-3.581, 0.059)}",5,2.879,8,[Pretrained] CF,"[468, 710, 734, 740, 741, 745, 747]",3.155,3.107,ResOve,[Pretrained] CF ResOve,0.109,0,0.109,752,32,0.0,5,0.2759999999999998,0.0479999999999996,10
742,feature_0 > 0.26 AND feature_1 > 1.06 AND feature_1 > 1.463 AND feature_0 > 0.557 AND feature_2 <= 0.652 AND feature_7 <= -0.835,"{'feature_0': (0.557, 3.845), 'feature_1': (1.463, 3.852), 'feature_2': (-3.74, 0.652), 'feature_7': (-3.746, -0.835)}",4,2.959,6,[Pretrained] CF,"[468, 710, 734, 740, 741]",3.114,3.114,ResOve,[Pretrained] CF ResOve,0.109,0,0.109,752,40,0.0,5,0.1549999999999998,0.0,10
723,feature_0 > 0.26 AND feature_1 > 1.06 AND feature_1 <= 1.463 AND feature_0 > 0.763 AND feature_2 <= 0.453 AND feature_7 <= -0.169,"{'feature_0': (0.763, 3.845), 'feature_1': (1.06, 1.463), 'feature_2': (-3.74, 0.453), 'feature_7': (-3.746, -0.169)}",4,2.674,6,[Pretrained] CF,"[468, 710, 711, 721, 722]",2.878,2.878,ResOve,[Pretrained] CF ResOve,0.109,0,0.109,752,57,0.0,5,0.20400000000000018,0.0,10
742,feature_0 > 0.26 AND feature_1 > 1.06 AND feature_1 > 1.463 AND feature_0 > 0.557 AND feature_2 <= 0.652 AND feature_7 <= -0.835,"{'feature_0': (0.557, 3.845), 'feature_1': (1.463, 3.852), 'feature_2': (-3.74, 0.652), 'feature_7': (-3.746, -0.835)}",4,2.959,6,[Pretrained] CF,"[468, 710, 734, 740, 741]",3.114,3.114,NoOve,[Pretrained] CF NoOve,0.012,0,0.012,752,40,0.0,5,0.1549999999999998,0.0,10
745,feature_0 > 0.26 AND feature_1 > 1.06 AND feature_1 > 1.463 AND feature_0 > 0.557 AND feature_2 <= 0.652 AND feature_7 > -0.835,"{'feature_0': (0.557, 3.845), 'feature_1': (1.463, 3.852), 'feature_2': (-3.74, 0.652), 'feature_7': (-0.835, 3.492)}",4,2.804,6,[Pretrained] CF,"[468, 710, 734, 740, 741]",3.046,3.023,NoOve,[Pretrained] CF NoOve,0.012,0,0.012,752,87,0.0,5,0.242,0.022999999999999687,10
752,feature_0 > 0.26 AND feature_1 > 1.06 AND feature_1 > 1.463 AND feature_0 > 0.557 AND feature_2 > 0.652 AND feature_1 > 1.686,"{'feature_0': (0.557, 3.845), 'feature_1': (1.686, 3.852), 'feature_2': (0.652, 4.02)}",3,2.72,6,[Pretrained] CF,"[468, 710, 734, 740, 750]",3.443,3.5,NoOve,[Pretrained] CF NoOve,0.012,0,0.012,752,27,0.0,5,0.7229999999999999,0.05699999999999994,10
723,feature_0 > 0.26 AND feature_1 > 1.06 AND feature_1 <= 1.463 AND feature_0 > 0.763 AND feature_2 <= 0.453 AND feature_7 <= -0.169,"{'feature_0': (0.763, 3.845), 'feature_1': (1.06, 1.463), 'feature_2': (-3.74, 0.453), 'feature_7': (-3.746, -0.169)}",4,2.674,6,[Pretrained] CF,"[468, 710, 711, 721, 722]",2.878,2.878,NoOve,[Pretrained] CF NoOve,0.012,0,0.012,752,57,0.0,5,0.20400000000000018,0.0,10
739,feature_0 > 0.26 AND feature_1 > 1.06 AND feature_1 > 1.463 AND feature_0 <= 0.557 AND feature_0 > 0.352 AND feature_1 > 1.661,"{'feature_0': (0.352, 0.557), 'feature_1': (1.661, 3.852)}",2,2.668,6,[Pretrained] CF,"[468, 710, 734, 735, 737]",2.549,2.551,NoOve,[Pretrained] CF NoOve,0.012,0,0.012,752,27,0.0,5,0.11900000000000022,0.002000000000000224,10
742,feature_0 > 0.26 AND feature_1 > 1.06 AND feature_1 > 1.463 AND feature_0 > 0.557 AND feature_2 <= 0.652 AND feature_7 <= -0.835,"{'feature_0': (0.557, 3.845), 'feature_1': (1.463, 3.852), 'feature_2': (-3.74, 0.652), 'feature_7': (-3.746, -0.835)}",4,2.959,6,[Pretrained] CF,"[468, 710, 734, 740, 741]",3.114,3.077,OptRes,[Pretrained] CF OptRes,0.007,0,0.007,752,33,0.06756756756756757,5,0.1549999999999998,0.03699999999999992,10
748,feature_0 > 0.26 AND feature_1 > 1.06 AND feature_1 > 1.463 AND feature_0 > 0.557 AND feature_2 <= 0.652 AND feature_7 > -0.835 AND feature_0 > 0.767 AND feature_9 <= 0.059,"{'feature_0': (0.767, 3.845), 'feature_1': (1.463, 3.852), 'feature_2': (-3.74, 0.652), 'feature_7': (-0.835, 3.492), 'feature_9': (-3.581, 0.059)}",5,2.879,8,[Pretrained] CF,"[468, 710, 734, 740, 741, 745, 747]",3.155,3.139,OptRes,[Pretrained] CF OptRes,0.007,0,0.007,752,31,0.06418918918918919,5,0.2759999999999998,0.016000000000000014,10
741,feature_0 > 0.26 AND feature_1 > 1.06 AND feature_1 > 1.463 AND feature_0 > 0.557 AND feature_2 <= 0.652,"{'feature_0': (0.557, 3.845), 'feature_1': (1.463, 3.852), 'feature_2': (-3.74, 0.652)}",3,2.846,5,[Pretrained] CF,"[468, 710, 734, 740]",3.064,3.052,OptRes,[Pretrained] CF OptRes,0.007,0,0.007,752,123,0.25,5,0.21799999999999997,0.01200000000000001,10
749,feature_0 > 0.26 AND feature_1 > 1.06 AND feature_1 > 1.463 AND feature_0 > 0.557 AND feature_2 <= 0.652 AND feature_7 > -0.835 AND feature_0 > 0.767 AND feature_9 > 0.059,"{'feature_0': (0.767, 3.845), 'feature_1': (1.463, 3.852), 'feature_2': (-3.74, 0.652), 'feature_7': (-0.835, 3.492), 'feature_9': (0.059, 3.767)}",5,2.803,8,[Pretrained] CF,"[468, 710, 734, 740, 741, 745, 747]",3.309,3.303,OptRes,[Pretrained] CF OptRes,0.007,0,0.007,752,30,0.05912162162162162,5,0.5060000000000002,0.006000000000000227,10
746,feature_0 > 0.26 AND feature_1 > 1.06 AND feature_1 > 1.463 AND feature_0 > 0.557 AND feature_2 <= 0.652 AND feature_7 > -0.835 AND feature_0 <= 0.767,"{'feature_0': (0.557, 0.767), 'feature_1': (1.463, 3.852), 'feature_2': (-3.74, 0.652), 'feature_7': (-0.835, 3.492)}",4,2.722,7,[Pretrained] CF,"[468, 710, 734, 740, 741, 745]",2.664,2.67,OptRes,[Pretrained] CF OptRes,0.007,0,0.007,752,29,0.05912162162162162,5,0.05799999999999983,0.005999999999999783,10
752,feature_0 > 0.26 AND feature_1 > 1.06 AND feature_1 > 1.463 AND feature_0 > 0.557 AND feature_2 > 0.652 AND feature_1 > 1.686,"{'feature_0': (0.557, 3.845), 'feature_1': (1.686, 3.852), 'feature_2': (0.652, 4.02)}",3,2.72,6,[Pretrained] CF,"[468, 710, 734, 740, 750]",3.443,3.474,ResOve,[Pretrained] CF ResOve,0.107,0,0.107,752,28,0.0,5,0.7229999999999999,0.03100000000000014,10
749,feature_0 > 0.26 AND feature_1 > 1.06 AND feature_1 > 1.463 AND feature_0 > 0.557 AND feature_2 <= 0.652 AND feature_7 > -0.835 AND feature_0 > 0.767 AND feature_9 > 0.059,"{'feature_0': (0.767, 3.845), 'feature_1': (1.463, 3.852), 'feature_2': (-3.74, 0.652), 'feature_7': (-0.835, 3.492), 'feature_9': (0.059, 3.767)}",5,2.803,8,[Pretrained] CF,"[468, 710, 734, 740, 741, 745, 747]",3.309,3.303,ResOve,[Pretrained] CF ResOve,0.107,0,0.107,752,30,0.0,5,0.5060000000000002,0.006000000000000227,10
748,feature_0 > 0.26 AND feature_1 > 1.06 AND feature_1 > 1.463 AND feature_0 > 0.557 AND feature_2 <= 0.652 AND feature_7 > -0.835 AND feature_0 > 0.767 AND feature_9 <= 0.059,"{'feature_0': (0.767, 3.845), 'feature_1': (1.463, 3.852), 'feature_2': (-3.74, 0.652), 'feature_7': (-0.835, 3.492), 'feature_9': (-3.581, 0.059)}",5,2.879,8,[Pretrained] CF,"[468, 710, 734, 740, 741, 745, 747]",3.155,3.139,ResOve,[Pretrained] CF ResOve,0.107,0,0.107,752,31,0.0,5,0.2759999999999998,0.016000000000000014,10
742,feature_0 > 0.26 AND feature_1 > 1.06 AND feature_1 > 1.463 AND feature_0 > 0.557 AND feature_2 <= 0.652 AND feature_7 <= -0.835,"{'feature_0': (0.557, 3.845), 'feature_1': (1.463, 3.852), 'feature_2': (-3.74, 0.652), 'feature_7': (-3.746, -0.835)}",4,2.959,6,[Pretrained] CF,"[468, 710, 734, 740, 741]",3.114,3.077,ResOve,[Pretrained] CF ResOve,0.107,0,0.107,752,33,0.0,5,0.1549999999999998,0.03699999999999992,10
723,feature_0 > 0.26 AND feature_1 > 1.06 AND feature_1 <= 1.463 AND feature_0 > 0.763 AND feature_2 <= 0.453 AND feature_7 <= -0.169,"{'feature_0': (0.763, 3.845), 'feature_1': (1.06, 1.463), 'feature_2': (-3.74, 0.453), 'feature_7': (-3.746, -0.169)}",4,2.674,6,[Pretrained] CF,"[468, 710, 711, 721, 722]",2.878,2.897,ResOve,[Pretrained] CF ResOve,0.107,0,0.107,752,46,0.0,5,0.20400000000000018,0.018999999999999684,10
742,feature_0 > 0.26 AND feature_1 > 1.06 AND feature_1 > 1.463 AND feature_0 > 0.557 AND feature_2 <= 0.652 AND feature_7 <= -0.835,"{'feature_0': (0.557, 3.845), 'feature_1': (1.463, 3.852), 'feature_2': (-3.74, 0.652), 'feature_7': (-3.746, -0.835)}",4,2.959,6,[Pretrained] CF,"[468, 710, 734, 740, 741]",3.114,3.077,NoOve,[Pretrained] CF NoOve,0.011,0,0.011,752,33,0.0,5,0.1549999999999998,0.03699999999999992,10
745,feature_0 > 0.26 AND feature_1 > 1.06 AND feature_1 > 1.463 AND feature_0 > 0.557 AND feature_2 <= 0.652 AND feature_7 > -0.835,"{'feature_0': (0.557, 3.845), 'feature_1': (1.463, 3.852), 'feature_2': (-3.74, 0.652), 'feature_7': (-0.835, 3.492)}",4,2.804,6,[Pretrained] CF,"[468, 710, 734, 740, 741]",3.046,3.043,NoOve,[Pretrained] CF NoOve,0.011,0,0.011,752,90,0.0,5,0.242,0.0029999999999996696,10
752,feature_0 > 0.26 AND feature_1 > 1.06 AND feature_1 > 1.463 AND feature_0 > 0.557 AND feature_2 > 0.652 AND feature_1 > 1.686,"{'feature_0': (0.557, 3.845), 'feature_1': (1.686, 3.852), 'feature_2': (0.652, 4.02)}",3,2.72,6,[Pretrained] CF,"[468, 710, 734, 740, 750]",3.443,3.474,NoOve,[Pretrained] CF NoOve,0.011,0,0.011,752,28,0.0,5,0.7229999999999999,0.03100000000000014,10
723,feature_0 > 0.26 AND feature_1 > 1.06 AND feature_1 <= 1.463 AND feature_0 > 0.763 AND feature_2 <= 0.453 AND feature_7 <= -0.169,"{'feature_0': (0.763, 3.845), 'feature_1': (1.06, 1.463), 'feature_2': (-3.74, 0.453), 'feature_7': (-3.746, -0.169)}",4,2.674,6,[Pretrained] CF,"[468, 710, 711, 721, 722]",2.878,2.897,NoOve,[Pretrained] CF NoOve,0.011,0,0.011,752,46,0.0,5,0.20400000000000018,0.018999999999999684,10
739,feature_0 > 0.26 AND feature_1 > 1.06 AND feature_1 > 1.463 AND feature_0 <= 0.557 AND feature_0 > 0.352 AND feature_1 > 1.661,"{'feature_0': (0.352, 0.557), 'feature_1': (1.661, 3.852)}",2,2.668,6,[Pretrained] CF,"[468, 710, 734, 735, 737]",2.549,2.549,NoOve,[Pretrained] CF NoOve,0.011,0,0.011,752,24,0.0,5,0.11900000000000022,0.0,10
741,feature_0 > 0.26 AND feature_1 > 1.06 AND feature_1 > 1.463 AND feature_0 > 0.557 AND feature_2 <= 0.652,"{'feature_0': (0.557, 3.845), 'feature_1': (1.463, 3.852), 'feature_2': (-3.74, 0.652)}",3,2.846,5,[Pretrained] CF,"[468, 710, 734, 740]",3.064,3.005,OptRes,[Pretrained] CF OptRes,0.005,0,0.005,752,71,0.12331081081081081,5,0.21799999999999997,0.05900000000000016,10
747,feature_0 > 0.26 AND feature_1 > 1.06 AND feature_1 > 1.463 AND feature_0 > 0.557 AND feature_2 <= 0.652 AND feature_7 > -0.835 AND feature_0 > 0.767,"{'feature_0': (0.767, 3.845), 'feature_1': (1.463, 3.852), 'feature_2': (-3.74, 0.652), 'feature_7': (-0.835, 3.492)}",4,2.842,7,[Pretrained] CF,"[468, 710, 734, 740, 741, 745]",3.229,3.229,OptRes,[Pretrained] CF OptRes,0.005,0,0.005,752,32,0.12331081081081081,5,0.387,0.0,10
750,feature_0 > 0.26 AND feature_1 > 1.06 AND feature_1 > 1.463 AND feature_0 > 0.557 AND feature_2 > 0.652,"{'feature_0': (0.557, 3.845), 'feature_1': (1.463, 3.852), 'feature_2': (0.652, 4.02)}",3,2.69,5,[Pretrained] CF,"[468, 710, 734, 740]",3.26,3.192,OptRes,[Pretrained] CF OptRes,0.005,0,0.005,752,22,0.0,5,0.5699999999999998,0.06799999999999962,10
723,feature_0 > 0.26 AND feature_1 > 1.06 AND feature_1 <= 1.463 AND feature_0 > 0.763 AND feature_2 <= 0.453 AND feature_7 <= -0.169,"{'feature_0': (0.763, 3.845), 'feature_1': (1.06, 1.463), 'feature_2': (-3.74, 0.453), 'feature_7': (-3.746, -0.169)}",4,2.674,6,[Pretrained] CF,"[468, 710, 711, 721, 722]",2.878,2.884,OptRes,[Pretrained] CF OptRes,0.005,0,0.005,752,27,0.0,5,0.20400000000000018,0.005999999999999783,10
737,feature_0 > 0.26 AND feature_1 > 1.06 AND feature_1 > 1.463 AND feature_0 <= 0.557 AND feature_0 > 0.352,"{'feature_0': (0.352, 0.557), 'feature_1': (1.463, 3.852)}",2,2.602,5,[Pretrained] CF,"[468, 710, 734, 735]",2.4,2.439,OptRes,[Pretrained] CF OptRes,0.005,0,0.005,752,21,0.0,5,0.20199999999999996,0.039000000000000146,10
750,feature_0 > 0.26 AND feature_1 > 1.06 AND feature_1 > 1.463 AND feature_0 > 0.557 AND feature_2 > 0.652,"{'feature_0': (0.557, 3.845), 'feature_1': (1.463, 3.852), 'feature_2': (0.652, 4.02)}",3,2.69,5,[Pretrained] CF,"[468, 710, 734, 740]",3.26,3.192,ResOve,[Pretrained] CF ResOve,0.119,0,0.119,752,22,0.0,5,0.5699999999999998,0.06799999999999962,10
747,feature_0 > 0.26 AND feature_1 > 1.06 AND feature_1 > 1.463 AND feature_0 > 0.557 AND feature_2 <= 0.652 AND feature_7 > -0.835 AND feature_0 > 0.767,"{'feature_0': (0.767, 3.845), 'feature_1': (1.463, 3.852), 'feature_2': (-3.74, 0.652), 'feature_7': (-0.835, 3.492)}",4,2.842,7,[Pretrained] CF,"[468, 710, 734, 740, 741, 745]",3.229,3.229,ResOve,[Pretrained] CF ResOve,0.119,0,0.119,752,32,0.12331081081081081,5,0.387,0.0,10
741,feature_0 > 0.26 AND feature_1 > 1.06 AND feature_1 > 1.463 AND feature_0 > 0.557 AND feature_2 <= 0.652,"{'feature_0': (0.557, 3.845), 'feature_1': (1.463, 3.852), 'feature_2': (-3.74, 0.652)}",3,2.846,5,[Pretrained] CF,"[468, 710, 734, 740]",3.064,3.005,ResOve,[Pretrained] CF ResOve,0.119,0,0.119,752,71,0.12331081081081081,5,0.21799999999999997,0.05900000000000016,10
737,feature_0 > 0.26 AND feature_1 > 1.06 AND feature_1 > 1.463 AND feature_0 <= 0.557 AND feature_0 > 0.352,"{'feature_0': (0.352, 0.557), 'feature_1': (1.463, 3.852)}",2,2.602,5,[Pretrained] CF,"[468, 710, 734, 735]",2.4,2.439,ResOve,[Pretrained] CF ResOve,0.119,0,0.119,752,21,0.0,5,0.20199999999999996,0.039000000000000146,10
723,feature_0 > 0.26 AND feature_1 > 1.06 AND feature_1 <= 1.463 AND feature_0 > 0.763 AND feature_2 <= 0.453 AND feature_7 <= -0.169,"{'feature_0': (0.763, 3.845), 'feature_1': (1.06, 1.463), 'feature_2': (-3.74, 0.453), 'feature_7': (-3.746, -0.169)}",4,2.674,6,[Pretrained] CF,"[468, 710, 711, 721, 722]",2.878,2.884,ResOve,[Pretrained] CF ResOve,0.119,0,0.119,752,27,0.0,5,0.20400000000000018,0.005999999999999783,10
741,feature_0 > 0.26 AND feature_1 > 1.06 AND feature_1 > 1.463 AND feature_0 > 0.557 AND feature_2 <= 0.652,"{'feature_0': (0.557, 3.845), 'feature_1': (1.463, 3.852), 'feature_2': (-3.74, 0.652)}",3,2.846,5,[Pretrained] CF,"[468, 710, 734, 740]",3.064,3.005,NoOve,[Pretrained] CF NoOve,0.021,0,0.021,752,71,0.0,5,0.21799999999999997,0.05900000000000016,10
750,feature_0 > 0.26 AND feature_1 > 1.06 AND feature_1 > 1.463 AND feature_0 > 0.557 AND feature_2 > 0.652,"{'feature_0': (0.557, 3.845), 'feature_1': (1.463, 3.852), 'feature_2': (0.652, 4.02)}",3,2.69,5,[Pretrained] CF,"[468, 710, 734, 740]",3.26,3.192,NoOve,[Pretrained] CF NoOve,0.021,0,0.021,752,22,0.0,5,0.5699999999999998,0.06799999999999962,10
737,feature_0 > 0.26 AND feature_1 > 1.06 AND feature_1 > 1.463 AND feature_0 <= 0.557 AND feature_0 > 0.352,"{'feature_0': (0.352, 0.557), 'feature_1': (1.463, 3.852)}",2,2.602,5,[Pretrained] CF,"[468, 710, 734, 735]",2.4,2.439,NoOve,[Pretrained] CF NoOve,0.021,0,0.021,752,21,0.0,5,0.20199999999999996,0.039000000000000146,10
722,feature_0 > 0.26 AND feature_1 > 1.06 AND feature_1 <= 1.463 AND feature_0 > 0.763 AND feature_2 <= 0.453,"{'feature_0': (0.763, 3.845), 'feature_1': (1.06, 1.463), 'feature_2': (-3.74, 0.453)}",3,2.584,5,[Pretrained] CF,"[468, 710, 711, 721]",2.782,2.808,NoOve,[Pretrained] CF NoOve,0.021,0,0.021,752,53,0.0,5,0.19799999999999995,0.0259999999999998,10
729,feature_0 > 0.26 AND feature_1 > 1.06 AND feature_1 <= 1.463 AND feature_0 > 0.763 AND feature_2 > 0.453,"{'feature_0': (0.763, 3.845), 'feature_1': (1.06, 1.463), 'feature_2': (0.453, 4.02)}",3,2.374,5,[Pretrained] CF,"[468, 710, 711, 721]",2.685,2.624,NoOve,[Pretrained] CF NoOve,0.021,0,0.021,752,34,0.0,5,0.31099999999999994,0.06099999999999994,10
741,feature_0 > 0.26 AND feature_1 > 1.06 AND feature_1 > 1.463 AND feature_0 > 0.557 AND feature_2 <= 0.652,"{'feature_0': (0.557, 3.845), 'feature_1': (1.463, 3.852), 'feature_2': (-3.74, 0.652)}",3,2.846,5,[Pretrained] CF,"[468, 710, 734, 740]",3.064,3.005,OptRes,[Pretrained] CF OptRes,0.009,0,0.009,752,42,0.06502636203866433,5,0.21799999999999997,0.05900000000000016,10
722,feature_0 > 0.26 AND feature_1 > 1.06 AND feature_1 <= 1.463 AND feature_0 > 0.763 AND feature_2 <= 0.453,"{'feature_0': (0.763, 3.845), 'feature_1': (1.06, 1.463), 'feature_2': (-3.74, 0.453)}",3,2.584,5,[Pretrained] CF,"[468, 710, 711, 721]",2.782,2.887,OptRes,[Pretrained] CF OptRes,0.009,0,0.009,752,25,0.04745166959578207,5,0.19799999999999995,0.10499999999999998,10
710,feature_0 > 0.26 AND feature_1 > 1.06,"{'feature_0': (0.26, 3.845), 'feature_1': (1.06, 3.852)}",2,2.521,2,[Pretrained] CF,[468],2.66,2.624,OptRes,[Pretrained] CF OptRes,0.009,0,0.009,752,161,0.17135325131810192,5,0.13900000000000023,0.03600000000000003,10
735,feature_0 > 0.26 AND feature_1 > 1.06 AND feature_1 > 1.463 AND feature_0 <= 0.557,"{'feature_0': (0.26, 0.557), 'feature_1': (1.463, 3.852)}",2,2.508,4,[Pretrained] CF,"[468, 710, 734]",2.357,2.272,OptRes,[Pretrained] CF OptRes,0.009,0,0.009,752,22,0.03163444639718805,5,0.1509999999999998,0.08500000000000041,10
729,feature_0 > 0.26 AND feature_1 > 1.06 AND feature_1 <= 1.463 AND feature_0 > 0.763 AND feature_2 > 0.453,"{'feature_0': (0.763, 3.845), 'feature_1': (1.06, 1.463), 'feature_2': (0.453, 4.02)}",3,2.374,5,[Pretrained] CF,"[468, 710, 711, 721]",2.685,2.66,OptRes,[Pretrained] CF OptRes,0.009,0,0.009,752,24,0.027240773286467488,5,0.31099999999999994,0.02499999999999991,10
745,feature_0 > 0.26 AND feature_1 > 1.06 AND feature_1 > 1.463 AND feature_0 > 0.557 AND feature_2 <= 0.652 AND feature_7 > -0.835,"{'feature_0': (0.557, 3.845), 'feature_1': (1.463, 3.852), 'feature_2': (-3.74, 0.652), 'feature_7': (-0.835, 3.492)}",4,2.804,6,[Pretrained] CF,"[468, 710, 734, 740, 741]",3.046,2.983,ResOve,[Pretrained] CF ResOve,0.135,0,0.135,752,29,0.3167607906413876,5,0.242,0.06299999999999972,10
735,feature_0 > 0.26 AND feature_1 > 1.06 AND feature_1 > 1.463 AND feature_0 <= 0.557,"{'feature_0': (0.26, 0.557), 'feature_1': (1.463, 3.852)}",2,2.508,4,[Pretrained] CF,"[468, 710, 734]",2.357,2.272,ResOve,[Pretrained] CF ResOve,0.135,0,0.135,752,22,0.0,5,0.1509999999999998,0.08500000000000041,10
722,feature_0 > 0.26 AND feature_1 > 1.06 AND feature_1 <= 1.463 AND feature_0 > 0.763 AND feature_2 <= 0.453,"{'feature_0': (0.763, 3.845), 'feature_1': (1.06, 1.463), 'feature_2': (-3.74, 0.453)}",3,2.584,5,[Pretrained] CF,"[468, 710, 711, 721]",2.782,2.887,ResOve,[Pretrained] CF ResOve,0.135,0,0.135,752,25,0.0,5,0.19799999999999995,0.10499999999999998,10
741,feature_0 > 0.26 AND feature_1 > 1.06 AND feature_1 > 1.463 AND feature_0 > 0.557 AND feature_2 <= 0.652,"{'feature_0': (0.557, 3.845), 'feature_1': (1.463, 3.852), 'feature_2': (-3.74, 0.652)}",3,2.846,5,[Pretrained] CF,"[468, 710, 734, 740]",3.064,3.005,ResOve,[Pretrained] CF ResOve,0.135,0,0.135,752,42,0.36651203442248215,5,0.21799999999999997,0.05900000000000016,10
740,feature_0 > 0.26 AND feature_1 > 1.06 AND feature_1 > 1.463 AND feature_0 > 0.557,"{'feature_0': (0.557, 3.845), 'feature_1': (1.463, 3.852)}",2,2.805,4,[Pretrained] CF,"[468, 710, 734]",3.116,3.079,ResOve,[Pretrained] CF ResOve,0.135,0,0.135,752,51,0.31840796019900497,5,0.31099999999999994,0.03699999999999992,10
741,feature_0 > 0.26 AND feature_1 > 1.06 AND feature_1 > 1.463 AND feature_0 > 0.557 AND feature_2 <= 0.652,"{'feature_0': (0.557, 3.845), 'feature_1': (1.463, 3.852), 'feature_2': (-3.74, 0.652)}",3,2.846,5,[Pretrained] CF,"[468, 710, 734, 740]",3.064,3.005,NoOve,[Pretrained] CF NoOve,0.047,0,0.047,752,42,0.0,5,0.21799999999999997,0.05900000000000016,10
722,feature_0 > 0.26 AND feature_1 > 1.06 AND feature_1 <= 1.463 AND feature_0 > 0.763 AND feature_2 <= 0.453,"{'feature_0': (0.763, 3.845), 'feature_1': (1.06, 1.463), 'feature_2': (-3.74, 0.453)}",3,2.584,5,[Pretrained] CF,"[468, 710, 711, 721]",2.782,2.887,NoOve,[Pretrained] CF NoOve,0.047,0,0.047,752,25,0.0,5,0.19799999999999995,0.10499999999999998,10
729,feature_0 > 0.26 AND feature_1 > 1.06 AND feature_1 <= 1.463 AND feature_0 > 0.763 AND feature_2 > 0.453,"{'feature_0': (0.763, 3.845), 'feature_1': (1.06, 1.463), 'feature_2': (0.453, 4.02)}",3,2.374,5,[Pretrained] CF,"[468, 710, 711, 721]",2.685,2.66,NoOve,[Pretrained] CF NoOve,0.047,0,0.047,752,24,0.0,5,0.31099999999999994,0.02499999999999991,10
693,feature_0 > 0.26 AND feature_1 <= 1.06 AND feature_0 > 0.8 AND feature_1 > 0.12 AND feature_0 > 1.421,"{'feature_0': (1.421, 3.845), 'feature_1': (0.12, 1.06)}",2,2.215,5,[Pretrained] CF,"[468, 469, 583, 659]",2.881,2.92,NoOve,[Pretrained] CF NoOve,0.047,0,0.047,752,76,0.0,5,0.6659999999999999,0.039000000000000146,10
714,feature_0 > 0.26 AND feature_1 > 1.06 AND feature_1 <= 1.463 AND feature_0 <= 0.763 AND feature_0 > 0.334,"{'feature_0': (0.334, 0.763), 'feature_1': (1.06, 1.463)}",2,2.186,5,[Pretrained] CF,"[468, 710, 711, 712]",2.039,2.075,NoOve,[Pretrained] CF NoOve,0.047,0,0.047,752,34,0.0,5,0.1469999999999998,0.03600000000000003,10
741,feature_0 > 0.26 AND feature_1 > 1.06 AND feature_1 > 1.463 AND feature_0 > 0.557 AND feature_2 <= 0.652,"{'feature_0': (0.557, 3.845), 'feature_1': (1.463, 3.852), 'feature_2': (-3.74, 0.652)}",3,2.846,5,[Pretrained] CF,"[468, 710, 734, 740]",3.064,3.058,OptRes,[Pretrained] CF OptRes,0.006,0,0.006,752,58,0.18243243243243243,5,0.21799999999999997,0.006000000000000227,10
747,feature_0 > 0.26 AND feature_1 > 1.06 AND feature_1 > 1.463 AND feature_0 > 0.557 AND feature_2 <= 0.652 AND feature_7 > -0.835 AND feature_0 > 0.767,"{'feature_0': (0.767, 3.845), 'feature_1': (1.463, 3.852), 'feature_2': (-3.74, 0.652), 'feature_7': (-0.835, 3.492)}",4,2.842,7,[Pretrained] CF,"[468, 710, 734, 740, 741, 745]",3.229,3.282,OptRes,[Pretrained] CF OptRes,0.006,0,0.006,752,36,0.12331081081081081,5,0.387,0.052999999999999936,10
746,feature_0 > 0.26 AND feature_1 > 1.06 AND feature_1 > 1.463 AND feature_0 > 0.557 AND feature_2 <= 0.652 AND feature_7 > -0.835 AND feature_0 <= 0.767,"{'feature_0': (0.557, 0.767), 'feature_1': (1.463, 3.852), 'feature_2': (-3.74, 0.652), 'feature_7': (-0.835, 3.492)}",4,2.722,7,[Pretrained] CF,"[468, 710, 734, 740, 741, 745]",2.664,2.691,OptRes,[Pretrained] CF OptRes,0.006,0,0.006,752,22,0.05912162162162162,5,0.05799999999999983,0.02699999999999969,10
750,feature_0 > 0.26 AND feature_1 > 1.06 AND feature_1 > 1.463 AND feature_0 > 0.557 AND feature_2 > 0.652,"{'feature_0': (0.557, 3.845), 'feature_1': (1.463, 3.852), 'feature_2': (0.652, 4.02)}",3,2.69,5,[Pretrained] CF,"[468, 710, 734, 740]",3.26,3.196,OptRes,[Pretrained] CF OptRes,0.006,0,0.006,752,26,0.0,5,0.5699999999999998,0.06399999999999961,10
737,feature_0 > 0.26 AND feature_1 > 1.06 AND feature_1 > 1.463 AND feature_0 <= 0.557 AND feature_0 > 0.352,"{'feature_0': (0.352, 0.557), 'feature_1': (1.463, 3.852)}",2,2.602,5,[Pretrained] CF,"[468, 710, 734, 735]",2.4,2.36,OptRes,[Pretrained] CF OptRes,0.006,0,0.006,752,29,0.0,5,0.20199999999999996,0.040000000000000036,10
750,feature_0 > 0.26 AND feature_1 > 1.06 AND feature_1 > 1.463 AND feature_0 > 0.557 AND feature_2 > 0.652,"{'feature_0': (0.557, 3.845), 'feature_1': (1.463, 3.852), 'feature_2': (0.652, 4.02)}",3,2.69,5,[Pretrained] CF,"[468, 710, 734, 740]",3.26,3.196,ResOve,[Pretrained] CF ResOve,0.125,0,0.125,752,26,0.0,5,0.5699999999999998,0.06399999999999961,10
747,feature_0 > 0.26 AND feature_1 > 1.06 AND feature_1 > 1.463 AND feature_0 > 0.557 AND feature_2 <= 0.652 AND feature_7 > -0.835 AND feature_0 > 0.767,"{'feature_0': (0.767, 3.845), 'feature_1': (1.463, 3.852), 'feature_2': (-3.74, 0.652), 'feature_7': (-0.835, 3.492)}",4,2.842,7,[Pretrained] CF,"[468, 710, 734, 740, 741, 745]",3.229,3.282,ResOve,[Pretrained] CF ResOve,0.125,0,0.125,752,36,0.12331081081081081,5,0.387,0.052999999999999936,10
746,feature_0 > 0.26 AND feature_1 > 1.06 AND feature_1 > 1.463 AND feature_0 > 0.557 AND feature_2 <= 0.652 AND feature_7 > -0.835 AND feature_0 <= 0.767,"{'feature_0': (0.557, 0.767), 'feature_1': (1.463, 3.852), 'feature_2': (-3.74, 0.652), 'feature_7': (-0.835, 3.492)}",4,2.722,7,[Pretrained] CF,"[468, 710, 734, 740, 741, 745]",2.664,2.691,ResOve,[Pretrained] CF ResOve,0.125,0,0.125,752,22,0.05912162162162162,5,0.05799999999999983,0.02699999999999969,10
741,feature_0 > 0.26 AND feature_1 > 1.06 AND feature_1 > 1.463 AND feature_0 > 0.557 AND feature_2 <= 0.652,"{'feature_0': (0.557, 3.845), 'feature_1': (1.463, 3.852), 'feature_2': (-3.74, 0.652)}",3,2.846,5,[Pretrained] CF,"[468, 710, 734, 740]",3.064,3.058,ResOve,[Pretrained] CF ResOve,0.125,0,0.125,752,58,0.18243243243243243,5,0.21799999999999997,0.006000000000000227,10
737,feature_0 > 0.26 AND feature_1 > 1.06 AND feature_1 > 1.463 AND feature_0 <= 0.557 AND feature_0 > 0.352,"{'feature_0': (0.352, 0.557), 'feature_1': (1.463, 3.852)}",2,2.602,5,[Pretrained] CF,"[468, 710, 734, 735]",2.4,2.36,ResOve,[Pretrained] CF ResOve,0.125,0,0.125,752,29,0.0,5,0.20199999999999996,0.040000000000000036,10
741,feature_0 > 0.26 AND feature_1 > 1.06 AND feature_1 > 1.463 AND feature_0 > 0.557 AND feature_2 <= 0.652,"{'feature_0': (0.557, 3.845), 'feature_1': (1.463, 3.852), 'feature_2': (-3.74, 0.652)}",3,2.846,5,[Pretrained] CF,"[468, 710, 734, 740]",3.064,3.058,NoOve,[Pretrained] CF NoOve,0.027,0,0.027,752,58,0.0,5,0.21799999999999997,0.006000000000000227,10
750,feature_0 > 0.26 AND feature_1 > 1.06 AND feature_1 > 1.463 AND feature_0 > 0.557 AND feature_2 > 0.652,"{'feature_0': (0.557, 3.845), 'feature_1': (1.463, 3.852), 'feature_2': (0.652, 4.02)}",3,2.69,5,[Pretrained] CF,"[468, 710, 734, 740]",3.26,3.196,NoOve,[Pretrained] CF NoOve,0.027,0,0.027,752,26,0.0,5,0.5699999999999998,0.06399999999999961,10
737,feature_0 > 0.26 AND feature_1 > 1.06 AND feature_1 > 1.463 AND feature_0 <= 0.557 AND feature_0 > 0.352,"{'feature_0': (0.352, 0.557), 'feature_1': (1.463, 3.852)}",2,2.602,5,[Pretrained] CF,"[468, 710, 734, 735]",2.4,2.36,NoOve,[Pretrained] CF NoOve,0.027,0,0.027,752,29,0.0,5,0.20199999999999996,0.040000000000000036,10
722,feature_0 > 0.26 AND feature_1 > 1.06 AND feature_1 <= 1.463 AND feature_0 > 0.763 AND feature_2 <= 0.453,"{'feature_0': (0.763, 3.845), 'feature_1': (1.06, 1.463), 'feature_2': (-3.74, 0.453)}",3,2.584,5,[Pretrained] CF,"[468, 710, 711, 721]",2.782,2.678,NoOve,[Pretrained] CF NoOve,0.027,0,0.027,752,41,0.0,5,0.19799999999999995,0.10400000000000009,10
729,feature_0 > 0.26 AND feature_1 > 1.06 AND feature_1 <= 1.463 AND feature_0 > 0.763 AND feature_2 > 0.453,"{'feature_0': (0.763, 3.845), 'feature_1': (1.06, 1.463), 'feature_2': (0.453, 4.02)}",3,2.374,5,[Pretrained] CF,"[468, 710, 711, 721]",2.685,2.737,NoOve,[Pretrained] CF NoOve,0.027,0,0.027,752,31,0.0,5,0.31099999999999994,0.052000000000000046,10
741,feature_0 > 0.26 AND feature_1 > 1.06 AND feature_1 > 1.463 AND feature_0 > 0.557 AND feature_2 <= 0.652,"{'feature_0': (0.557, 3.845), 'feature_1': (1.463, 3.852), 'feature_2': (-3.74, 0.652)}",3,2.846,5,[Pretrained] CF,"[468, 710, 734, 740]",3.064,3.0,OptRes,[Pretrained] CF OptRes,0.008,0,0.008,752,66,0.18833717284947515,5,0.21799999999999997,0.06400000000000006,10
747,feature_0 > 0.26 AND feature_1 > 1.06 AND feature_1 > 1.463 AND feature_0 > 0.557 AND feature_2 <= 0.652 AND feature_7 > -0.835 AND feature_0 > 0.767,"{'feature_0': (0.767, 3.845), 'feature_1': (1.463, 3.852), 'feature_2': (-3.74, 0.652), 'feature_7': (-0.835, 3.492)}",4,2.842,7,[Pretrained] CF,"[468, 710, 734, 740, 741, 745]",3.229,3.221,OptRes,[Pretrained] CF OptRes,0.008,0,0.008,752,30,0.15538462451907092,5,0.387,0.008000000000000007,10
723,feature_0 > 0.26 AND feature_1 > 1.06 AND feature_1 <= 1.463 AND feature_0 > 0.763 AND feature_2 <= 0.453 AND feature_7 <= -0.169,"{'feature_0': (0.763, 3.845), 'feature_1': (1.06, 1.463), 'feature_2': (-3.74, 0.453), 'feature_7': (-3.746, -0.169)}",4,2.674,6,[Pretrained] CF,"[468, 710, 711, 721, 722]",2.878,2.939,OptRes,[Pretrained] CF OptRes,0.008,0,0.008,752,24,0.1088674661428719,5,0.20400000000000018,0.06099999999999994,10
710,feature_0 > 0.26 AND feature_1 > 1.06,"{'feature_0': (0.26, 3.845), 'feature_1': (1.06, 3.852)}",2,2.521,2,[Pretrained] CF,[468],2.66,2.648,OptRes,[Pretrained] CF OptRes,0.008,0,0.008,752,245,0.1968365553602812,5,0.13900000000000023,0.01200000000000001,10
721,feature_0 > 0.26 AND feature_1 > 1.06 AND feature_1 <= 1.463 AND feature_0 > 0.763,"{'feature_0': (0.763, 3.845), 'feature_1': (1.06, 1.463)}",2,2.508,4,[Pretrained] CF,"[468, 710, 711]",2.747,2.775,OptRes,[Pretrained] CF OptRes,0.008,0,0.008,752,76,0.15851597229401426,5,0.23899999999999988,0.028000000000000025,10
747,feature_0 > 0.26 AND feature_1 > 1.06 AND feature_1 > 1.463 AND feature_0 > 0.557 AND feature_2 <= 0.652 AND feature_7 > -0.835 AND feature_0 > 0.767,"{'feature_0': (0.767, 3.845), 'feature_1': (1.463, 3.852), 'feature_2': (-3.74, 0.652), 'feature_7': (-0.835, 3.492)}",4,2.842,7,[Pretrained] CF,"[468, 710, 734, 740, 741, 745]",3.229,3.221,ResOve,[Pretrained] CF ResOve,0.122,0,0.122,752,30,0.09079601990049752,5,0.387,0.008000000000000007,10
740,feature_0 > 0.26 AND feature_1 > 1.06 AND feature_1 > 1.463 AND feature_0 > 0.557,"{'feature_0': (0.557, 3.845), 'feature_1': (1.463, 3.852)}",2,2.805,4,[Pretrained] CF,"[468, 710, 734]",3.116,3.052,ResOve,[Pretrained] CF ResOve,0.122,0,0.122,752,85,0.09079601990049752,5,0.31099999999999994,0.06400000000000006,10
735,feature_0 > 0.26 AND feature_1 > 1.06 AND feature_1 > 1.463 AND feature_0 <= 0.557,"{'feature_0': (0.26, 0.557), 'feature_1': (1.463, 3.852)}",2,2.508,4,[Pretrained] CF,"[468, 710, 734]",2.357,2.344,ResOve,[Pretrained] CF ResOve,0.122,0,0.122,752,29,0.0,5,0.1509999999999998,0.013000000000000345,10
726,feature_0 > 0.26 AND feature_1 > 1.06 AND feature_1 <= 1.463 AND feature_0 > 0.763 AND feature_2 <= 0.453 AND feature_7 > -0.169,"{'feature_0': (0.763, 3.845), 'feature_1': (1.06, 1.463), 'feature_2': (-3.74, 0.453), 'feature_7': (-0.169, 3.492)}",4,2.484,6,[Pretrained] CF,"[468, 710, 711, 721, 722]",2.676,2.787,ResOve,[Pretrained] CF ResOve,0.122,0,0.122,752,21,0.0,5,0.19200000000000017,0.11099999999999977,10
723,feature_0 > 0.26 AND feature_1 > 1.06 AND feature_1 <= 1.463 AND feature_0 > 0.763 AND feature_2 <= 0.453 AND feature_7 <= -0.169,"{'feature_0': (0.763, 3.845), 'feature_1': (1.06, 1.463), 'feature_2': (-3.74, 0.453), 'feature_7': (-3.746, -0.169)}",4,2.674,6,[Pretrained] CF,"[468, 710, 711, 721, 722]",2.878,2.939,ResOve,[Pretrained] CF ResOve,0.122,0,0.122,752,24,0.0,5,0.20400000000000018,0.06099999999999994,10
745,feature_0 > 0.26 AND feature_1 > 1.06 AND feature_1 > 1.463 AND feature_0 > 0.557 AND feature_2 <= 0.652 AND feature_7 > -0.835,"{'feature_0': (0.557, 3.845), 'feature_1': (1.463, 3.852), 'feature_2': (-3.74, 0.652), 'feature_7': (-0.835, 3.492)}",4,2.804,6,[Pretrained] CF,"[468, 710, 734, 740, 741]",3.046,2.988,NoOve,[Pretrained] CF NoOve,0.023,0,0.023,752,48,0.0,5,0.242,0.05799999999999983,10
723,feature_0 > 0.26 AND feature_1 > 1.06 AND feature_1 <= 1.463 AND feature_0 > 0.763 AND feature_2 <= 0.453 AND feature_7 <= -0.169,"{'feature_0': (0.763, 3.845), 'feature_1': (1.06, 1.463), 'feature_2': (-3.74, 0.453), 'feature_7': (-3.746, -0.169)}",4,2.674,6,[Pretrained] CF,"[468, 710, 711, 721, 722]",2.878,2.939,NoOve,[Pretrained] CF NoOve,0.023,0,0.023,752,24,0.0,5,0.20400000000000018,0.06099999999999994,10
726,feature_0 > 0.26 AND feature_1 > 1.06 AND feature_1 <= 1.463 AND feature_0 > 0.763 AND feature_2 <= 0.453 AND feature_7 > -0.169,"{'feature_0': (0.763, 3.845), 'feature_1': (1.06, 1.463), 'feature_2': (-3.74, 0.453), 'feature_7': (-0.169, 3.492)}",4,2.484,6,[Pretrained] CF,"[468, 710, 711, 721, 722]",2.676,2.787,NoOve,[Pretrained] CF NoOve,0.023,0,0.023,752,21,0.0,5,0.19200000000000017,0.11099999999999977,10
731,feature_0 > 0.26 AND feature_1 > 1.06 AND feature_1 <= 1.463 AND feature_0 > 0.763 AND feature_2 > 0.453 AND feature_1 > 1.167,"{'feature_0': (0.763, 3.845), 'feature_1': (1.167, 1.463), 'feature_2': (0.453, 4.02)}",3,2.423,6,[Pretrained] CF,"[468, 710, 711, 721, 729]",2.739,2.707,NoOve,[Pretrained] CF NoOve,0.023,0,0.023,752,21,0.0,5,0.31599999999999984,0.03200000000000003,10
703,feature_0 > 0.26 AND feature_1 <= 1.06 AND feature_0 > 0.8 AND feature_1 > 0.12 AND feature_0 > 1.421 AND feature_4 > 0.123,"{'feature_0': (1.421, 3.845), 'feature_1': (0.12, 1.06), 'feature_4': (0.123, 3.804)}",3,2.337,6,[Pretrained] CF,"[468, 469, 583, 659, 693]",2.834,2.855,NoOve,[Pretrained] CF NoOve,0.023,0,0.023,752,51,0.0,5,0.4969999999999999,0.020999999999999908,10
742,feature_0 > 0.26 AND feature_1 > 1.06 AND feature_1 > 1.463 AND feature_0 > 0.557 AND feature_2 <= 0.652 AND feature_7 <= -0.835,"{'feature_0': (0.557, 3.845), 'feature_1': (1.463, 3.852), 'feature_2': (-3.74, 0.652), 'feature_7': (-3.746, -0.835)}",4,2.959,6,[Pretrained] CF,"[468, 710, 734, 740, 741]",3.114,3.142,OptRes,[Pretrained] CF OptRes,0.006,0,0.006,752,23,0.06756756756756757,5,0.1549999999999998,0.028000000000000025,10
741,feature_0 > 0.26 AND feature_1 > 1.06 AND feature_1 > 1.463 AND feature_0 > 0.557 AND feature_2 <= 0.652,"{'feature_0': (0.557, 3.845), 'feature_1': (1.463, 3.852), 'feature_2': (-3.74, 0.652)}",3,2.846,5,[Pretrained] CF,"[468, 710, 734, 740]",3.064,3.034,OptRes,[Pretrained] CF OptRes,0.006,0,0.006,752,77,0.25,5,0.21799999999999997,0.03000000000000025,10
747,feature_0 > 0.26 AND feature_1 > 1.06 AND feature_1 > 1.463 AND feature_0 > 0.557 AND feature_2 <= 0.652 AND feature_7 > -0.835 AND feature_0 > 0.767,"{'feature_0': (0.767, 3.845), 'feature_1': (1.463, 3.852), 'feature_2': (-3.74, 0.652), 'feature_7': (-0.835, 3.492)}",4,2.842,7,[Pretrained] CF,"[468, 710, 734, 740, 741, 745]",3.229,3.174,OptRes,[Pretrained] CF OptRes,0.006,0,0.006,752,33,0.12331081081081081,5,0.387,0.05500000000000016,10
746,feature_0 > 0.26 AND feature_1 > 1.06 AND feature_1 > 1.463 AND feature_0 > 0.557 AND feature_2 <= 0.652 AND feature_7 > -0.835 AND feature_0 <= 0.767,"{'feature_0': (0.557, 0.767), 'feature_1': (1.463, 3.852), 'feature_2': (-3.74, 0.652), 'feature_7': (-0.835, 3.492)}",4,2.722,7,[Pretrained] CF,"[468, 710, 734, 740, 741, 745]",2.664,2.697,OptRes,[Pretrained] CF OptRes,0.006,0,0.006,752,21,0.05912162162162162,5,0.05799999999999983,0.03299999999999992,10
750,feature_0 > 0.26 AND feature_1 > 1.06 AND feature_1 > 1.463 AND feature_0 > 0.557 AND feature_2 > 0.652,"{'feature_0': (0.557, 3.845), 'feature_1': (1.463, 3.852), 'feature_2': (0.652, 4.02)}",3,2.69,5,[Pretrained] CF,"[468, 710, 734, 740]",3.26,3.281,OptRes,[Pretrained] CF OptRes,0.006,0,0.006,752,25,0.0,5,0.5699999999999998,0.02100000000000035,10
750,feature_0 > 0.26 AND feature_1 > 1.06 AND feature_1 > 1.463 AND feature_0 > 0.557 AND feature_2 > 0.652,"{'feature_0': (0.557, 3.845), 'feature_1': (1.463, 3.852), 'feature_2': (0.652, 4.02)}",3,2.69,5,[Pretrained] CF,"[468, 710, 734, 740]",3.26,3.281,ResOve,[Pretrained] CF ResOve,0.127,0,0.127,752,25,0.0,5,0.5699999999999998,0.02100000000000035,10
747,feature_0 > 0.26 AND feature_1 > 1.06 AND feature_1 > 1.463 AND feature_0 > 0.557 AND feature_2 <= 0.652 AND feature_7 > -0.835 AND feature_0 > 0.767,"{'feature_0': (0.767, 3.845), 'feature_1': (1.463, 3.852), 'feature_2': (-3.74, 0.652), 'feature_7': (-0.835, 3.492)}",4,2.842,7,[Pretrained] CF,"[468, 710, 734, 740, 741, 745]",3.229,3.174,ResOve,[Pretrained] CF ResOve,0.127,0,0.127,752,33,0.0,5,0.387,0.05500000000000016,10
746,feature_0 > 0.26 AND feature_1 > 1.06 AND feature_1 > 1.463 AND feature_0 > 0.557 AND feature_2 <= 0.652 AND feature_7 > -0.835 AND feature_0 <= 0.767,"{'feature_0': (0.557, 0.767), 'feature_1': (1.463, 3.852), 'feature_2': (-3.74, 0.652), 'feature_7': (-0.835, 3.492)}",4,2.722,7,[Pretrained] CF,"[468, 710, 734, 740, 741, 745]",2.664,2.697,ResOve,[Pretrained] CF ResOve,0.127,0,0.127,752,21,0.0,5,0.05799999999999983,0.03299999999999992,10
742,feature_0 > 0.26 AND feature_1 > 1.06 AND feature_1 > 1.463 AND feature_0 > 0.557 AND feature_2 <= 0.652 AND feature_7 <= -0.835,"{'feature_0': (0.557, 3.845), 'feature_1': (1.463, 3.852), 'feature_2': (-3.74, 0.652), 'feature_7': (-3.746, -0.835)}",4,2.959,6,[Pretrained] CF,"[468, 710, 734, 740, 741]",3.114,3.142,ResOve,[Pretrained] CF ResOve,0.127,0,0.127,752,23,0.0,5,0.1549999999999998,0.028000000000000025,10
723,feature_0 > 0.26 AND feature_1 > 1.06 AND feature_1 <= 1.463 AND feature_0 > 0.763 AND feature_2 <= 0.453 AND feature_7 <= -0.169,"{'feature_0': (0.763, 3.845), 'feature_1': (1.06, 1.463), 'feature_2': (-3.74, 0.453), 'feature_7': (-3.746, -0.169)}",4,2.674,6,[Pretrained] CF,"[468, 710, 711, 721, 722]",2.878,2.828,ResOve,[Pretrained] CF ResOve,0.127,0,0.127,752,24,0.0,5,0.20400000000000018,0.050000000000000266,10
742,feature_0 > 0.26 AND feature_1 > 1.06 AND feature_1 > 1.463 AND feature_0 > 0.557 AND feature_2 <= 0.652 AND feature_7 <= -0.835,"{'feature_0': (0.557, 3.845), 'feature_1': (1.463, 3.852), 'feature_2': (-3.74, 0.652), 'feature_7': (-3.746, -0.835)}",4,2.959,6,[Pretrained] CF,"[468, 710, 734, 740, 741]",3.114,3.142,NoOve,[Pretrained] CF NoOve,0.025,0,0.025,752,23,0.0,5,0.1549999999999998,0.028000000000000025,10
745,feature_0 > 0.26 AND feature_1 > 1.06 AND feature_1 > 1.463 AND feature_0 > 0.557 AND feature_2 <= 0.652 AND feature_7 > -0.835,"{'feature_0': (0.557, 3.845), 'feature_1': (1.463, 3.852), 'feature_2': (-3.74, 0.652), 'feature_7': (-0.835, 3.492)}",4,2.804,6,[Pretrained] CF,"[468, 710, 734, 740, 741]",3.046,2.988,NoOve,[Pretrained] CF NoOve,0.025,0,0.025,752,54,0.0,5,0.242,0.05799999999999983,10
723,feature_0 > 0.26 AND feature_1 > 1.06 AND feature_1 <= 1.463 AND feature_0 > 0.763 AND feature_2 <= 0.453 AND feature_7 <= -0.169,"{'feature_0': (0.763, 3.845), 'feature_1': (1.06, 1.463), 'feature_2': (-3.74, 0.453), 'feature_7': (-3.746, -0.169)}",4,2.674,6,[Pretrained] CF,"[468, 710, 711, 721, 722]",2.878,2.828,NoOve,[Pretrained] CF NoOve,0.025,0,0.025,752,24,0.0,5,0.20400000000000018,0.050000000000000266,10
726,feature_0 > 0.26 AND feature_1 > 1.06 AND feature_1 <= 1.463 AND feature_0 > 0.763 AND feature_2 <= 0.453 AND feature_7 > -0.169,"{'feature_0': (0.763, 3.845), 'feature_1': (1.06, 1.463), 'feature_2': (-3.74, 0.453), 'feature_7': (-0.169, 3.492)}",4,2.484,6,[Pretrained] CF,"[468, 710, 711, 721, 722]",2.676,2.639,NoOve,[Pretrained] CF NoOve,0.025,0,0.025,752,23,0.0,5,0.19200000000000017,0.037000000000000366,10
703,feature_0 > 0.26 AND feature_1 <= 1.06 AND feature_0 > 0.8 AND feature_1 > 0.12 AND feature_0 > 1.421 AND feature_4 > 0.123,"{'feature_0': (1.421, 3.845), 'feature_1': (0.12, 1.06), 'feature_4': (0.123, 3.804)}",3,2.337,6,[Pretrained] CF,"[468, 469, 583, 659, 693]",2.834,2.834,NoOve,[Pretrained] CF NoOve,0.025,0,0.025,752,115,0.0,5,0.4969999999999999,0.0,10
742,feature_0 > 0.26 AND feature_1 > 1.06 AND feature_1 > 1.463 AND feature_0 > 0.557 AND feature_2 <= 0.652 AND feature_7 <= -0.835,"{'feature_0': (0.557, 3.845), 'feature_1': (1.463, 3.852), 'feature_2': (-3.74, 0.652), 'feature_7': (-3.746, -0.835)}",4,2.959,6,[Pretrained] CF,"[468, 710, 734, 740, 741]",3.114,3.104,OptRes,[Pretrained] CF OptRes,0.005,0,0.005,752,24,0.06756756756756757,5,0.1549999999999998,0.009999999999999787,10
741,feature_0 > 0.26 AND feature_1 > 1.06 AND feature_1 > 1.463 AND feature_0 > 0.557 AND feature_2 <= 0.652,"{'feature_0': (0.557, 3.845), 'feature_1': (1.463, 3.852), 'feature_2': (-3.74, 0.652)}",3,2.846,5,[Pretrained] CF,"[468, 710, 734, 740]",3.064,3.056,OptRes,[Pretrained] CF OptRes,0.005,0,0.005,752,82,0.1908783783783784,5,0.21799999999999997,0.008000000000000007,10
747,feature_0 > 0.26 AND feature_1 > 1.06 AND feature_1 > 1.463 AND feature_0 > 0.557 AND feature_2 <= 0.652 AND feature_7 > -0.835 AND feature_0 > 0.767,"{'feature_0': (0.767, 3.845), 'feature_1': (1.463, 3.852), 'feature_2': (-3.74, 0.652), 'feature_7': (-0.835, 3.492)}",4,2.842,7,[Pretrained] CF,"[468, 710, 734, 740, 741, 745]",3.229,3.258,OptRes,[Pretrained] CF OptRes,0.005,0,0.005,752,39,0.12331081081081081,5,0.387,0.028999999999999915,10
750,feature_0 > 0.26 AND feature_1 > 1.06 AND feature_1 > 1.463 AND feature_0 > 0.557 AND feature_2 > 0.652,"{'feature_0': (0.557, 3.845), 'feature_1': (1.463, 3.852), 'feature_2': (0.652, 4.02)}",3,2.69,5,[Pretrained] CF,"[468, 710, 734, 740]",3.26,3.219,OptRes,[Pretrained] CF OptRes,0.005,0,0.005,752,25,0.0,5,0.5699999999999998,0.040999999999999925,10
723,feature_0 > 0.26 AND feature_1 > 1.06 AND feature_1 <= 1.463 AND feature_0 > 0.763 AND feature_2 <= 0.453 AND feature_7 <= -0.169,"{'feature_0': (0.763, 3.845), 'feature_1': (1.06, 1.463), 'feature_2': (-3.74, 0.453), 'feature_7': (-3.746, -0.169)}",4,2.674,6,[Pretrained] CF,"[468, 710, 711, 721, 722]",2.878,2.894,OptRes,[Pretrained] CF OptRes,0.005,0,0.005,752,32,0.0,5,0.20400000000000018,0.016000000000000014,10
750,feature_0 > 0.26 AND feature_1 > 1.06 AND feature_1 > 1.463 AND feature_0 > 0.557 AND feature_2 > 0.652,"{'feature_0': (0.557, 3.845), 'feature_1': (1.463, 3.852), 'feature_2': (0.652, 4.02)}",3,2.69,5,[Pretrained] CF,"[468, 710, 734, 740]",3.26,3.219,ResOve,[Pretrained] CF ResOve,0.08,0,0.08,752,25,0.0,5,0.5699999999999998,0.040999999999999925,10
747,feature_0 > 0.26 AND feature_1 > 1.06 AND feature_1 > 1.463 AND feature_0 > 0.557 AND feature_2 <= 0.652 AND feature_7 > -0.835 AND feature_0 > 0.767,"{'feature_0': (0.767, 3.845), 'feature_1': (1.463, 3.852), 'feature_2': (-3.74, 0.652), 'feature_7': (-0.835, 3.492)}",4,2.842,7,[Pretrained] CF,"[468, 710, 734, 740, 741, 745]",3.229,3.258,ResOve,[Pretrained] CF ResOve,0.08,0,0.08,752,39,0.12331081081081081,5,0.387,0.028999999999999915,10
741,feature_0 > 0.26 AND feature_1 > 1.06 AND feature_1 > 1.463 AND feature_0 > 0.557 AND feature_2 <= 0.652,"{'feature_0': (0.557, 3.845), 'feature_1': (1.463, 3.852), 'feature_2': (-3.74, 0.652)}",3,2.846,5,[Pretrained] CF,"[468, 710, 734, 740]",3.064,3.056,ResOve,[Pretrained] CF ResOve,0.08,0,0.08,752,82,0.12331081081081081,5,0.21799999999999997,0.008000000000000007,10
737,feature_0 > 0.26 AND feature_1 > 1.06 AND feature_1 > 1.463 AND feature_0 <= 0.557 AND feature_0 > 0.352,"{'feature_0': (0.352, 0.557), 'feature_1': (1.463, 3.852)}",2,2.602,5,[Pretrained] CF,"[468, 710, 734, 735]",2.4,2.433,ResOve,[Pretrained] CF ResOve,0.08,0,0.08,752,27,0.0,5,0.20199999999999996,0.03299999999999992,10
723,feature_0 > 0.26 AND feature_1 > 1.06 AND feature_1 <= 1.463 AND feature_0 > 0.763 AND feature_2 <= 0.453 AND feature_7 <= -0.169,"{'feature_0': (0.763, 3.845), 'feature_1': (1.06, 1.463), 'feature_2': (-3.74, 0.453), 'feature_7': (-3.746, -0.169)}",4,2.674,6,[Pretrained] CF,"[468, 710, 711, 721, 722]",2.878,2.894,ResOve,[Pretrained] CF ResOve,0.08,0,0.08,752,32,0.0,5,0.20400000000000018,0.016000000000000014,10
742,feature_0 > 0.26 AND feature_1 > 1.06 AND feature_1 > 1.463 AND feature_0 > 0.557 AND feature_2 <= 0.652 AND feature_7 <= -0.835,"{'feature_0': (0.557, 3.845), 'feature_1': (1.463, 3.852), 'feature_2': (-3.74, 0.652), 'feature_7': (-3.746, -0.835)}",4,2.959,6,[Pretrained] CF,"[468, 710, 734, 740, 741]",3.114,3.104,NoOve,[Pretrained] CF NoOve,0.018,0,0.018,752,24,0.0,5,0.1549999999999998,0.009999999999999787,10
745,feature_0 > 0.26 AND feature_1 > 1.06 AND feature_1 > 1.463 AND feature_0 > 0.557 AND feature_2 <= 0.652 AND feature_7 > -0.835,"{'feature_0': (0.557, 3.845), 'feature_1': (1.463, 3.852), 'feature_2': (-3.74, 0.652), 'feature_7': (-0.835, 3.492)}",4,2.804,6,[Pretrained] CF,"[468, 710, 734, 740, 741]",3.046,3.037,NoOve,[Pretrained] CF NoOve,0.018,0,0.018,752,58,0.0,5,0.242,0.008999999999999897,10
723,feature_0 > 0.26 AND feature_1 > 1.06 AND feature_1 <= 1.463 AND feature_0 > 0.763 AND feature_2 <= 0.453 AND feature_7 <= -0.169,"{'feature_0': (0.763, 3.845), 'feature_1': (1.06, 1.463), 'feature_2': (-3.74, 0.453), 'feature_7': (-3.746, -0.169)}",4,2.674,6,[Pretrained] CF,"[468, 710, 711, 721, 722]",2.878,2.894,NoOve,[Pretrained] CF NoOve,0.018,0,0.018,752,32,0.0,5,0.20400000000000018,0.016000000000000014,10
726,feature_0 > 0.26 AND feature_1 > 1.06 AND feature_1 <= 1.463 AND feature_0 > 0.763 AND feature_2 <= 0.453 AND feature_7 > -0.169,"{'feature_0': (0.763, 3.845), 'feature_1': (1.06, 1.463), 'feature_2': (-3.74, 0.453), 'feature_7': (-0.169, 3.492)}",4,2.484,6,[Pretrained] CF,"[468, 710, 711, 721, 722]",2.676,2.721,NoOve,[Pretrained] CF NoOve,0.018,0,0.018,752,30,0.0,5,0.19200000000000017,0.04499999999999993,10
731,feature_0 > 0.26 AND feature_1 > 1.06 AND feature_1 <= 1.463 AND feature_0 > 0.763 AND feature_2 > 0.453 AND feature_1 > 1.167,"{'feature_0': (0.763, 3.845), 'feature_1': (1.167, 1.463), 'feature_2': (0.453, 4.02)}",3,2.423,6,[Pretrained] CF,"[468, 710, 711, 721, 729]",2.739,2.68,NoOve,[Pretrained] CF NoOve,0.018,0,0.018,752,27,0.0,5,0.31599999999999984,0.05899999999999972,10
741,feature_0 > 0.26 AND feature_1 > 1.06 AND feature_1 > 1.463 AND feature_0 > 0.557 AND feature_2 <= 0.652,"{'feature_0': (0.557, 3.845), 'feature_1': (1.463, 3.852), 'feature_2': (-3.74, 0.652)}",3,2.846,5,[Pretrained] CF,"[468, 710, 734, 740]",3.064,3.097,OptRes,[Pretrained] CF OptRes,0.007,0,0.007,752,54,0.18833717284947515,5,0.21799999999999997,0.03299999999999992,10
747,feature_0 > 0.26 AND feature_1 > 1.06 AND feature_1 > 1.463 AND feature_0 > 0.557 AND feature_2 <= 0.652 AND feature_7 > -0.835 AND feature_0 > 0.767,"{'feature_0': (0.767, 3.845), 'feature_1': (1.463, 3.852), 'feature_2': (-3.74, 0.652), 'feature_7': (-0.835, 3.492)}",4,2.842,7,[Pretrained] CF,"[468, 710, 734, 740, 741, 745]",3.229,3.24,OptRes,[Pretrained] CF OptRes,0.007,0,0.007,752,29,0.15538462451907092,5,0.387,0.01100000000000012,10
737,feature_0 > 0.26 AND feature_1 > 1.06 AND feature_1 > 1.463 AND feature_0 <= 0.557 AND feature_0 > 0.352,"{'feature_0': (0.352, 0.557), 'feature_1': (1.463, 3.852)}",2,2.602,5,[Pretrained] CF,"[468, 710, 734, 735]",2.4,2.401,OptRes,[Pretrained] CF OptRes,0.007,0,0.007,752,22,0.022847100175746926,5,0.20199999999999996,0.0009999999999998899,10
722,feature_0 > 0.26 AND feature_1 > 1.06 AND feature_1 <= 1.463 AND feature_0 > 0.763 AND feature_2 <= 0.453,"{'feature_0': (0.763, 3.845), 'feature_1': (1.06, 1.463), 'feature_2': (-3.74, 0.453)}",3,2.584,5,[Pretrained] CF,"[468, 710, 711, 721]",2.782,2.725,OptRes,[Pretrained] CF OptRes,0.007,0,0.007,752,29,0.04745166959578207,5,0.19799999999999995,0.05699999999999994,10
710,feature_0 > 0.26 AND feature_1 > 1.06,"{'feature_0': (0.26, 3.845), 'feature_1': (1.06, 3.852)}",2,2.521,2,[Pretrained] CF,[468],2.66,2.635,OptRes,[Pretrained] CF OptRes,0.007,0,0.007,752,185,0.1673989455184534,5,0.13900000000000023,0.025000000000000355,10
747,feature_0 > 0.26 AND feature_1 > 1.06 AND feature_1 > 1.463 AND feature_0 > 0.557 AND feature_2 <= 0.652 AND feature_7 > -0.835 AND feature_0 > 0.767,"{'feature_0': (0.767, 3.845), 'feature_1': (1.463, 3.852), 'feature_2': (-3.74, 0.652), 'feature_7': (-0.835, 3.492)}",4,2.842,7,[Pretrained] CF,"[468, 710, 734, 740, 741, 745]",3.229,3.24,ResOve,[Pretrained] CF ResOve,0.134,0,0.134,752,29,0.21410683071130832,5,0.387,0.01100000000000012,10
741,feature_0 > 0.26 AND feature_1 > 1.06 AND feature_1 > 1.463 AND feature_0 > 0.557 AND feature_2 <= 0.652,"{'feature_0': (0.557, 3.845), 'feature_1': (1.463, 3.852), 'feature_2': (-3.74, 0.652)}",3,2.846,5,[Pretrained] CF,"[468, 710, 734, 740]",3.064,3.097,ResOve,[Pretrained] CF ResOve,0.134,0,0.134,752,54,0.30739041280086055,5,0.21799999999999997,0.03299999999999992,10
740,feature_0 > 0.26 AND feature_1 > 1.06 AND feature_1 > 1.463 AND feature_0 > 0.557,"{'feature_0': (0.557, 3.845), 'feature_1': (1.463, 3.852)}",2,2.805,4,[Pretrained] CF,"[468, 710, 734]",3.116,3.105,ResOve,[Pretrained] CF ResOve,0.134,0,0.134,752,69,0.27487562189054726,5,0.31099999999999994,0.01100000000000012,10
737,feature_0 > 0.26 AND feature_1 > 1.06 AND feature_1 > 1.463 AND feature_0 <= 0.557 AND feature_0 > 0.352,"{'feature_0': (0.352, 0.557), 'feature_1': (1.463, 3.852)}",2,2.602,5,[Pretrained] CF,"[468, 710, 734, 735]",2.4,2.401,ResOve,[Pretrained] CF ResOve,0.134,0,0.134,752,22,0.0,5,0.20199999999999996,0.0009999999999998899,10
722,feature_0 > 0.26 AND feature_1 > 1.06 AND feature_1 <= 1.463 AND feature_0 > 0.763 AND feature_2 <= 0.453,"{'feature_0': (0.763, 3.845), 'feature_1': (1.06, 1.463), 'feature_2': (-3.74, 0.453)}",3,2.584,5,[Pretrained] CF,"[468, 710, 711, 721]",2.782,2.725,ResOve,[Pretrained] CF ResOve,0.134,0,0.134,752,29,0.0,5,0.19799999999999995,0.05699999999999994,10
741,feature_0 > 0.26 AND feature_1 > 1.06 AND feature_1 > 1.463 AND feature_0 > 0.557 AND feature_2 <= 0.652,"{'feature_0': (0.557, 3.845), 'feature_1': (1.463, 3.852), 'feature_2': (-3.74, 0.652)}",3,2.846,5,[Pretrained] CF,"[468, 710, 734, 740]",3.064,3.097,NoOve,[Pretrained] CF NoOve,0.046,0,0.046,752,54,0.0,5,0.21799999999999997,0.03299999999999992,10
737,feature_0 > 0.26 AND feature_1 > 1.06 AND feature_1 > 1.463 AND feature_0 <= 0.557 AND feature_0 > 0.352,"{'feature_0': (0.352, 0.557), 'feature_1': (1.463, 3.852)}",2,2.602,5,[Pretrained] CF,"[468, 710, 734, 735]",2.4,2.401,NoOve,[Pretrained] CF NoOve,0.046,0,0.046,752,22,0.0,5,0.20199999999999996,0.0009999999999998899,10
722,feature_0 > 0.26 AND feature_1 > 1.06 AND feature_1 <= 1.463 AND feature_0 > 0.763 AND feature_2 <= 0.453,"{'feature_0': (0.763, 3.845), 'feature_1': (1.06, 1.463), 'feature_2': (-3.74, 0.453)}",3,2.584,5,[Pretrained] CF,"[468, 710, 711, 721]",2.782,2.725,NoOve,[Pretrained] CF NoOve,0.046,0,0.046,752,29,0.0,5,0.19799999999999995,0.05699999999999994,10
693,feature_0 > 0.26 AND feature_1 <= 1.06 AND feature_0 > 0.8 AND feature_1 > 0.12 AND feature_0 > 1.421,"{'feature_0': (1.421, 3.845), 'feature_1': (0.12, 1.06)}",2,2.215,5,[Pretrained] CF,"[468, 469, 583, 659]",2.881,2.868,NoOve,[Pretrained] CF NoOve,0.046,0,0.046,752,78,0.0,5,0.6659999999999999,0.0129999999999999,10
714,feature_0 > 0.26 AND feature_1 > 1.06 AND feature_1 <= 1.463 AND feature_0 <= 0.763 AND feature_0 > 0.334,"{'feature_0': (0.334, 0.763), 'feature_1': (1.06, 1.463)}",2,2.186,5,[Pretrained] CF,"[468, 710, 711, 712]",2.039,2.032,NoOve,[Pretrained] CF NoOve,0.046,0,0.046,752,31,0.0,5,0.1469999999999998,0.007000000000000117,10
748,feature_0 > 0.26 AND feature_1 > 1.06 AND feature_1 > 1.463 AND feature_0 > 0.557 AND feature_2 <= 0.652 AND feature_7 > -0.835 AND feature_0 > 0.767 AND feature_9 <= 0.059,"{'feature_0': (0.767, 3.845), 'feature_1': (1.463, 3.852), 'feature_2': (-3.74, 0.652), 'feature_7': (-0.835, 3.492), 'feature_9': (-3.581, 0.059)}",5,2.879,8,[Pretrained] CF,"[468, 710, 734, 740, 741, 745, 747]",3.155,3.155,OptRes,[Pretrained] CF OptRes,0.007,0,0.007,752,38,0.06418918918918919,5,0.2759999999999998,0.0,10
741,feature_0 > 0.26 AND feature_1 > 1.06 AND feature_1 > 1.463 AND feature_0 > 0.557 AND feature_2 <= 0.652,"{'feature_0': (0.557, 3.845), 'feature_1': (1.463, 3.852), 'feature_2': (-3.74, 0.652)}",3,2.846,5,[Pretrained] CF,"[468, 710, 734, 740]",3.064,3.042,OptRes,[Pretrained] CF OptRes,0.007,0,0.007,752,107,0.18243243243243243,5,0.21799999999999997,0.02200000000000024,10
749,feature_0 > 0.26 AND feature_1 > 1.06 AND feature_1 > 1.463 AND feature_0 > 0.557 AND feature_2 <= 0.652 AND feature_7 > -0.835 AND feature_0 > 0.767 AND feature_9 > 0.059,"{'feature_0': (0.767, 3.845), 'feature_1': (1.463, 3.852), 'feature_2': (-3.74, 0.652), 'feature_7': (-0.835, 3.492), 'feature_9': (0.059, 3.767)}",5,2.803,8,[Pretrained] CF,"[468, 710, 734, 740, 741, 745, 747]",3.309,3.304,OptRes,[Pretrained] CF OptRes,0.007,0,0.007,752,34,0.05912162162162162,5,0.5060000000000002,0.0050000000000003375,10
746,feature_0 > 0.26 AND feature_1 > 1.06 AND feature_1 > 1.463 AND feature_0 > 0.557 AND feature_2 <= 0.652 AND feature_7 > -0.835 AND feature_0 <= 0.767,"{'feature_0': (0.557, 0.767), 'feature_1': (1.463, 3.852), 'feature_2': (-3.74, 0.652), 'feature_7': (-0.835, 3.492)}",4,2.722,7,[Pretrained] CF,"[468, 710, 734, 740, 741, 745]",2.664,2.664,OptRes,[Pretrained] CF OptRes,0.007,0,0.007,752,35,0.05912162162162162,5,0.05799999999999983,0.0,10
752,feature_0 > 0.26 AND feature_1 > 1.06 AND feature_1 > 1.463 AND feature_0 > 0.557 AND feature_2 > 0.652 AND feature_1 > 1.686,"{'feature_0': (0.557, 3.845), 'feature_1': (1.686, 3.852), 'feature_2': (0.652, 4.02)}",3,2.72,6,[Pretrained] CF,"[468, 710, 734, 740, 750]",3.443,3.373,OptRes,[Pretrained] CF OptRes,0.007,0,0.007,752,25,0.0,5,0.7229999999999999,0.06999999999999984,10
752,feature_0 > 0.26 AND feature_1 > 1.06 AND feature_1 > 1.463 AND feature_0 > 0.557 AND feature_2 > 0.652 AND feature_1 > 1.686,"{'feature_0': (0.557, 3.845), 'feature_1': (1.686, 3.852), 'feature_2': (0.652, 4.02)}",3,2.72,6,[Pretrained] CF,"[468, 710, 734, 740, 750]",3.443,3.373,ResOve,[Pretrained] CF ResOve,0.108,0,0.108,752,25,0.0,5,0.7229999999999999,0.06999999999999984,10
749,feature_0 > 0.26 AND feature_1 > 1.06 AND feature_1 > 1.463 AND feature_0 > 0.557 AND feature_2 <= 0.652 AND feature_7 > -0.835 AND feature_0 > 0.767 AND feature_9 > 0.059,"{'feature_0': (0.767, 3.845), 'feature_1': (1.463, 3.852), 'feature_2': (-3.74, 0.652), 'feature_7': (-0.835, 3.492), 'feature_9': (0.059, 3.767)}",5,2.803,8,[Pretrained] CF,"[468, 710, 734, 740, 741, 745, 747]",3.309,3.304,ResOve,[Pretrained] CF ResOve,0.108,0,0.108,752,34,0.0,5,0.5060000000000002,0.0050000000000003375,10
748,feature_0 > 0.26 AND feature_1 > 1.06 AND feature_1 > 1.463 AND feature_0 > 0.557 AND feature_2 <= 0.652 AND feature_7 > -0.835 AND feature_0 > 0.767 AND feature_9 <= 0.059,"{'feature_0': (0.767, 3.845), 'feature_1': (1.463, 3.852), 'feature_2': (-3.74, 0.652), 'feature_7': (-0.835, 3.492), 'feature_9': (-3.581, 0.059)}",5,2.879,8,[Pretrained] CF,"[468, 710, 734, 740, 741, 745, 747]",3.155,3.155,ResOve,[Pretrained] CF ResOve,0.108,0,0.108,752,38,0.0,5,0.2759999999999998,0.0,10
746,feature_0 > 0.26 AND feature_1 > 1.06 AND feature_1 > 1.463 AND feature_0 > 0.557 AND feature_2 <= 0.652 AND feature_7 > -0.835 AND feature_0 <= 0.767,"{'feature_0': (0.557, 0.767), 'feature_1': (1.463, 3.852), 'feature_2': (-3.74, 0.652), 'feature_7': (-0.835, 3.492)}",4,2.722,7,[Pretrained] CF,"[468, 710, 734, 740, 741, 745]",2.664,2.664,ResOve,[Pretrained] CF ResOve,0.108,0,0.108,752,35,0.0,5,0.05799999999999983,0.0,10
723,feature_0 > 0.26 AND feature_1 > 1.06 AND feature_1 <= 1.463 AND feature_0 > 0.763 AND feature_2 <= 0.453 AND feature_7 <= -0.169,"{'feature_0': (0.763, 3.845), 'feature_1': (1.06, 1.463), 'feature_2': (-3.74, 0.453), 'feature_7': (-3.746, -0.169)}",4,2.674,6,[Pretrained] CF,"[468, 710, 711, 721, 722]",2.878,2.846,ResOve,[Pretrained] CF ResOve,0.108,0,0.108,752,33,0.0,5,0.20400000000000018,0.03200000000000003,10
745,feature_0 > 0.26 AND feature_1 > 1.06 AND feature_1 > 1.463 AND feature_0 > 0.557 AND feature_2 <= 0.652 AND feature_7 > -0.835,"{'feature_0': (0.557, 3.845), 'feature_1': (1.463, 3.852), 'feature_2': (-3.74, 0.652), 'feature_7': (-0.835, 3.492)}",4,2.804,6,[Pretrained] CF,"[468, 710, 734, 740, 741]",3.046,3.042,NoOve,[Pretrained] CF NoOve,0.014,0,0.014,752,107,0.0,5,0.242,0.0040000000000000036,10
752,feature_0 > 0.26 AND feature_1 > 1.06 AND feature_1 > 1.463 AND feature_0 > 0.557 AND feature_2 > 0.652 AND feature_1 > 1.686,"{'feature_0': (0.557, 3.845), 'feature_1': (1.686, 3.852), 'feature_2': (0.652, 4.02)}",3,2.72,6,[Pretrained] CF,"[468, 710, 734, 740, 750]",3.443,3.373,NoOve,[Pretrained] CF NoOve,0.014,0,0.014,752,25,0.0,5,0.7229999999999999,0.06999999999999984,10
723,feature_0 > 0.26 AND feature_1 > 1.06 AND feature_1 <= 1.463 AND feature_0 > 0.763 AND feature_2 <= 0.453 AND feature_7 <= -0.169,"{'feature_0': (0.763, 3.845), 'feature_1': (1.06, 1.463), 'feature_2': (-3.74, 0.453), 'feature_7': (-3.746, -0.169)}",4,2.674,6,[Pretrained] CF,"[468, 710, 711, 721, 722]",2.878,2.846,NoOve,[Pretrained] CF NoOve,0.014,0,0.014,752,33,0.0,5,0.20400000000000018,0.03200000000000003,10
739,feature_0 > 0.26 AND feature_1 > 1.06 AND feature_1 > 1.463 AND feature_0 <= 0.557 AND feature_0 > 0.352 AND feature_1 > 1.661,"{'feature_0': (0.352, 0.557), 'feature_1': (1.661, 3.852)}",2,2.668,6,[Pretrained] CF,"[468, 710, 734, 735, 737]",2.549,2.573,NoOve,[Pretrained] CF NoOve,0.014,0,0.014,752,26,0.0,5,0.11900000000000022,0.02400000000000002,10
726,feature_0 > 0.26 AND feature_1 > 1.06 AND feature_1 <= 1.463 AND feature_0 > 0.763 AND feature_2 <= 0.453 AND feature_7 > -0.169,"{'feature_0': (0.763, 3.845), 'feature_1': (1.06, 1.463), 'feature_2': (-3.74, 0.453), 'feature_7': (-0.169, 3.492)}",4,2.484,6,[Pretrained] CF,"[468, 710, 711, 721, 722]",2.676,2.676,NoOve,[Pretrained] CF NoOve,0.014,0,0.014,752,51,0.0,5,0.19200000000000017,0.0,10
742,feature_0 > 0.26 AND feature_1 > 1.06 AND feature_1 > 1.463 AND feature_0 > 0.557 AND feature_2 <= 0.652 AND feature_7 <= -0.835,"{'feature_0': (0.557, 3.845), 'feature_1': (1.463, 3.852), 'feature_2': (-3.74, 0.652), 'feature_7': (-3.746, -0.835)}",4,2.959,6,[Pretrained] CF,"[468, 710, 734, 740, 741]",3.114,3.238,OptRes,[Pretrained] CF OptRes,0.008,0,0.008,752,25,0.06756756756756757,5,0.1549999999999998,0.12400000000000011,10
748,feature_0 > 0.26 AND feature_1 > 1.06 AND feature_1 > 1.463 AND feature_0 > 0.557 AND feature_2 <= 0.652 AND feature_7 > -0.835 AND feature_0 > 0.767 AND feature_9 <= 0.059,"{'feature_0': (0.767, 3.845), 'feature_1': (1.463, 3.852), 'feature_2': (-3.74, 0.652), 'feature_7': (-0.835, 3.492), 'feature_9': (-3.581, 0.059)}",5,2.879,8,[Pretrained] CF,"[468, 710, 734, 740, 741, 745, 747]",3.155,3.155,OptRes,[Pretrained] CF OptRes,0.008,0,0.008,752,38,0.06418918918918919,5,0.2759999999999998,0.0,10
741,feature_0 > 0.26 AND feature_1 > 1.06 AND feature_1 > 1.463 AND feature_0 > 0.557 AND feature_2 <= 0.652,"{'feature_0': (0.557, 3.845), 'feature_1': (1.463, 3.852), 'feature_2': (-3.74, 0.652)}",3,2.846,5,[Pretrained] CF,"[468, 710, 734, 740]",3.064,3.082,OptRes,[Pretrained] CF OptRes,0.008,0,0.008,752,133,0.25,5,0.21799999999999997,0.017999999999999794,10
749,feature_0 > 0.26 AND feature_1 > 1.06 AND feature_1 > 1.463 AND feature_0 > 0.557 AND feature_2 <= 0.652 AND feature_7 > -0.835 AND feature_0 > 0.767 AND feature_9 > 0.059,"{'feature_0': (0.767, 3.845), 'feature_1': (1.463, 3.852), 'feature_2': (-3.74, 0.652), 'feature_7': (-0.835, 3.492), 'feature_9': (0.059, 3.767)}",5,2.803,8,[Pretrained] CF,"[468, 710, 734, 740, 741, 745, 747]",3.309,3.309,OptRes,[Pretrained] CF OptRes,0.008,0,0.008,752,35,0.05912162162162162,5,0.5060000000000002,0.0,10
746,feature_0 > 0.26 AND feature_1 > 1.06 AND feature_1 > 1.463 AND feature_0 > 0.557 AND feature_2 <= 0.652 AND feature_7 > -0.835 AND feature_0 <= 0.767,"{'feature_0': (0.557, 0.767), 'feature_1': (1.463, 3.852), 'feature_2': (-3.74, 0.652), 'feature_7': (-0.835, 3.492)}",4,2.722,7,[Pretrained] CF,"[468, 710, 734, 740, 741, 745]",2.664,2.664,OptRes,[Pretrained] CF OptRes,0.008,0,0.008,752,35,0.05912162162162162,5,0.05799999999999983,0.0,10
752,feature_0 > 0.26 AND feature_1 > 1.06 AND feature_1 > 1.463 AND feature_0 > 0.557 AND feature_2 > 0.652 AND feature_1 > 1.686,"{'feature_0': (0.557, 3.845), 'feature_1': (1.686, 3.852), 'feature_2': (0.652, 4.02)}",3,2.72,6,[Pretrained] CF,"[468, 710, 734, 740, 750]",3.443,3.45,ResOve,[Pretrained] CF ResOve,0.109,0,0.109,752,30,0.0,5,0.7229999999999999,0.007000000000000117,10
749,feature_0 > 0.26 AND feature_1 > 1.06 AND feature_1 > 1.463 AND feature_0 > 0.557 AND feature_2 <= 0.652 AND feature_7 > -0.835 AND feature_0 > 0.767 AND feature_9 > 0.059,"{'feature_0': (0.767, 3.845), 'feature_1': (1.463, 3.852), 'feature_2': (-3.74, 0.652), 'feature_7': (-0.835, 3.492), 'feature_9': (0.059, 3.767)}",5,2.803,8,[Pretrained] CF,"[468, 710, 734, 740, 741, 745, 747]",3.309,3.309,ResOve,[Pretrained] CF ResOve,0.109,0,0.109,752,35,0.0,5,0.5060000000000002,0.0,10
748,feature_0 > 0.26 AND feature_1 > 1.06 AND feature_1 > 1.463 AND feature_0 > 0.557 AND feature_2 <= 0.652 AND feature_7 > -0.835 AND feature_0 > 0.767 AND feature_9 <= 0.059,"{'feature_0': (0.767, 3.845), 'feature_1': (1.463, 3.852), 'feature_2': (-3.74, 0.652), 'feature_7': (-0.835, 3.492), 'feature_9': (-3.581, 0.059)}",5,2.879,8,[Pretrained] CF,"[468, 710, 734, 740, 741, 745, 747]",3.155,3.155,ResOve,[Pretrained] CF ResOve,0.109,0,0.109,752,38,0.0,5,0.2759999999999998,0.0,10
742,feature_0 > 0.26 AND feature_1 > 1.06 AND feature_1 > 1.463 AND feature_0 > 0.557 AND feature_2 <= 0.652 AND feature_7 <= -0.835,"{'feature_0': (0.557, 3.845), 'feature_1': (1.463, 3.852), 'feature_2': (-3.74, 0.652), 'feature_7': (-3.746, -0.835)}",4,2.959,6,[Pretrained] CF,"[468, 710, 734, 740, 741]",3.114,3.238,ResOve,[Pretrained] CF ResOve,0.109,0,0.109,752,25,0.0,5,0.1549999999999998,0.12400000000000011,10
723,feature_0 > 0.26 AND feature_1 > 1.06 AND feature_1 <= 1.463 AND feature_0 > 0.763 AND feature_2 <= 0.453 AND feature_7 <= -0.169,"{'feature_0': (0.763, 3.845), 'feature_1': (1.06, 1.463), 'feature_2': (-3.74, 0.453), 'feature_7': (-3.746, -0.169)}",4,2.674,6,[Pretrained] CF,"[468, 710, 711, 721, 722]",2.878,2.864,ResOve,[Pretrained] CF ResOve,0.109,0,0.109,752,53,0.0,5,0.20400000000000018,0.014000000000000234,10
742,feature_0 > 0.26 AND feature_1 > 1.06 AND feature_1 > 1.463 AND feature_0 > 0.557 AND feature_2 <= 0.652 AND feature_7 <= -0.835,"{'feature_0': (0.557, 3.845), 'feature_1': (1.463, 3.852), 'feature_2': (-3.74, 0.652), 'feature_7': (-3.746, -0.835)}",4,2.959,6,[Pretrained] CF,"[468, 710, 734, 740, 741]",3.114,3.238,NoOve,[Pretrained] CF NoOve,0.01,0,0.01,752,25,0.0,5,0.1549999999999998,0.12400000000000011,10
745,feature_0 > 0.26 AND feature_1 > 1.06 AND feature_1 > 1.463 AND feature_0 > 0.557 AND feature_2 <= 0.652 AND feature_7 > -0.835,"{'feature_0': (0.557, 3.845), 'feature_1': (1.463, 3.852), 'feature_2': (-3.74, 0.652), 'feature_7': (-0.835, 3.492)}",4,2.804,6,[Pretrained] CF,"[468, 710, 734, 740, 741]",3.046,3.046,NoOve,[Pretrained] CF NoOve,0.01,0,0.01,752,108,0.0,5,0.242,0.0,10
752,feature_0 > 0.26 AND feature_1 > 1.06 AND feature_1 > 1.463 AND feature_0 > 0.557 AND feature_2 > 0.652 AND feature_1 > 1.686,"{'feature_0': (0.557, 3.845), 'feature_1': (1.686, 3.852), 'feature_2': (0.652, 4.02)}",3,2.72,6,[Pretrained] CF,"[468, 710, 734, 740, 750]",3.443,3.45,NoOve,[Pretrained] CF NoOve,0.01,0,0.01,752,30,0.0,5,0.7229999999999999,0.007000000000000117,10
723,feature_0 > 0.26 AND feature_1 > 1.06 AND feature_1 <= 1.463 AND feature_0 > 0.763 AND feature_2 <= 0.453 AND feature_7 <= -0.169,"{'feature_0': (0.763, 3.845), 'feature_1': (1.06, 1.463), 'feature_2': (-3.74, 0.453), 'feature_7': (-3.746, -0.169)}",4,2.674,6,[Pretrained] CF,"[468, 710, 711, 721, 722]",2.878,2.864,NoOve,[Pretrained] CF NoOve,0.01,0,0.01,752,53,0.0,5,0.20400000000000018,0.014000000000000234,10
739,feature_0 > 0.26 AND feature_1 > 1.06 AND feature_1 > 1.463 AND feature_0 <= 0.557 AND feature_0 > 0.352 AND feature_1 > 1.661,"{'feature_0': (0.352, 0.557), 'feature_1': (1.661, 3.852)}",2,2.668,6,[Pretrained] CF,"[468, 710, 734, 735, 737]",2.549,2.549,NoOve,[Pretrained] CF NoOve,0.01,0,0.01,752,30,0.0,5,0.11900000000000022,0.0,10
742,feature_0 > 0.26 AND feature_1 > 1.06 AND feature_1 > 1.463 AND feature_0 > 0.557 AND feature_2 <= 0.652 AND feature_7 <= -0.835,"{'feature_0': (0.557, 3.845), 'feature_1': (1.463, 3.852), 'feature_2': (-3.74, 0.652), 'feature_7': (-3.746, -0.835)}",4,2.959,6,[Pretrained] CF,"[468, 710, 734, 740, 741]",3.114,3.111,OptRes,[Pretrained] CF OptRes,0.008,0,0.008,752,39,0.06756756756756757,5,0.1549999999999998,0.0029999999999996696,10
748,feature_0 > 0.26 AND feature_1 > 1.06 AND feature_1 > 1.463 AND feature_0 > 0.557 AND feature_2 <= 0.652 AND feature_7 > -0.835 AND feature_0 > 0.767 AND feature_9 <= 0.059,"{'feature_0': (0.767, 3.845), 'feature_1': (1.463, 3.852), 'feature_2': (-3.74, 0.652), 'feature_7': (-0.835, 3.492), 'feature_9': (-3.581, 0.059)}",5,2.879,8,[Pretrained] CF,"[468, 710, 734, 740, 741, 745, 747]",3.155,3.108,OptRes,[Pretrained] CF OptRes,0.008,0,0.008,752,32,0.06418918918918919,5,0.2759999999999998,0.04699999999999971,10
741,feature_0 > 0.26 AND feature_1 > 1.06 AND feature_1 > 1.463 AND feature_0 > 0.557 AND feature_2 <= 0.652,"{'feature_0': (0.557, 3.845), 'feature_1': (1.463, 3.852), 'feature_2': (-3.74, 0.652)}",3,2.846,5,[Pretrained] CF,"[468, 710, 734, 740]",3.064,3.048,OptRes,[Pretrained] CF OptRes,0.008,0,0.008,752,133,0.25,5,0.21799999999999997,0.016000000000000014,10
749,feature_0 > 0.26 AND feature_1 > 1.06 AND feature_1 > 1.463 AND feature_0 > 0.557 AND feature_2 <= 0.652 AND feature_7 > -0.835 AND feature_0 > 0.767 AND feature_9 > 0.059,"{'feature_0': (0.767, 3.845), 'feature_1': (1.463, 3.852), 'feature_2': (-3.74, 0.652), 'feature_7': (-0.835, 3.492), 'feature_9': (0.059, 3.767)}",5,2.803,8,[Pretrained] CF,"[468, 710, 734, 740, 741, 745, 747]",3.309,3.366,OptRes,[Pretrained] CF OptRes,0.008,0,0.008,752,29,0.05912162162162162,5,0.5060000000000002,0.05699999999999994,10
746,feature_0 > 0.26 AND feature_1 > 1.06 AND feature_1 > 1.463 AND feature_0 > 0.557 AND feature_2 <= 0.652 AND feature_7 > -0.835 AND feature_0 <= 0.767,"{'feature_0': (0.557, 0.767), 'feature_1': (1.463, 3.852), 'feature_2': (-3.74, 0.652), 'feature_7': (-0.835, 3.492)}",4,2.722,7,[Pretrained] CF,"[468, 710, 734, 740, 741, 745]",2.664,2.637,OptRes,[Pretrained] CF OptRes,0.008,0,0.008,752,33,0.05912162162162162,5,0.05799999999999983,0.027000000000000135,10
752,feature_0 > 0.26 AND feature_1 > 1.06 AND feature_1 > 1.463 AND feature_0 > 0.557 AND feature_2 > 0.652 AND feature_1 > 1.686,"{'feature_0': (0.557, 3.845), 'feature_1': (1.686, 3.852), 'feature_2': (0.652, 4.02)}",3,2.72,6,[Pretrained] CF,"[468, 710, 734, 740, 750]",3.443,3.477,ResOve,[Pretrained] CF ResOve,0.108,0,0.108,752,29,0.0,5,0.7229999999999999,0.03399999999999981,10
749,feature_0 > 0.26 AND feature_1 > 1.06 AND feature_1 > 1.463 AND feature_0 > 0.557 AND feature_2 <= 0.652 AND feature_7 > -0.835 AND feature_0 > 0.767 AND feature_9 > 0.059,"{'feature_0': (0.767, 3.845), 'feature_1': (1.463, 3.852), 'feature_2': (-3.74, 0.652), 'feature_7': (-0.835, 3.492), 'feature_9': (0.059, 3.767)}",5,2.803,8,[Pretrained] CF,"[468, 710, 734, 740, 741, 745, 747]",3.309,3.366,ResOve,[Pretrained] CF ResOve,0.108,0,0.108,752,29,0.0,5,0.5060000000000002,0.05699999999999994,10
748,feature_0 > 0.26 AND feature_1 > 1.06 AND feature_1 > 1.463 AND feature_0 > 0.557 AND feature_2 <= 0.652 AND feature_7 > -0.835 AND feature_0 > 0.767 AND feature_9 <= 0.059,"{'feature_0': (0.767, 3.845), 'feature_1': (1.463, 3.852), 'feature_2': (-3.74, 0.652), 'feature_7': (-0.835, 3.492), 'feature_9': (-3.581, 0.059)}",5,2.879,8,[Pretrained] CF,"[468, 710, 734, 740, 741, 745, 747]",3.155,3.108,ResOve,[Pretrained] CF ResOve,0.108,0,0.108,752,32,0.0,5,0.2759999999999998,0.04699999999999971,10
742,feature_0 > 0.26 AND feature_1 > 1.06 AND feature_1 > 1.463 AND feature_0 > 0.557 AND feature_2 <= 0.652 AND feature_7 <= -0.835,"{'feature_0': (0.557, 3.845), 'feature_1': (1.463, 3.852), 'feature_2': (-3.74, 0.652), 'feature_7': (-3.746, -0.835)}",4,2.959,6,[Pretrained] CF,"[468, 710, 734, 740, 741]",3.114,3.111,ResOve,[Pretrained] CF ResOve,0.108,0,0.108,752,39,0.0,5,0.1549999999999998,0.0029999999999996696,10
723,feature_0 > 0.26 AND feature_1 > 1.06 AND feature_1 <= 1.463 AND feature_0 > 0.763 AND feature_2 <= 0.453 AND feature_7 <= -0.169,"{'feature_0': (0.763, 3.845), 'feature_1': (1.06, 1.463), 'feature_2': (-3.74, 0.453), 'feature_7': (-3.746, -0.169)}",4,2.674,6,[Pretrained] CF,"[468, 710, 711, 721, 722]",2.878,2.891,ResOve,[Pretrained] CF ResOve,0.108,0,0.108,752,52,0.0,5,0.20400000000000018,0.0129999999999999,10
742,feature_0 > 0.26 AND feature_1 > 1.06 AND feature_1 > 1.463 AND feature_0 > 0.557 AND feature_2 <= 0.652 AND feature_7 <= -0.835,"{'feature_0': (0.557, 3.845), 'feature_1': (1.463, 3.852), 'feature_2': (-3.74, 0.652), 'feature_7': (-3.746, -0.835)}",4,2.959,6,[Pretrained] CF,"[468, 710, 734, 740, 741]",3.114,3.111,NoOve,[Pretrained] CF NoOve,0.01,0,0.01,752,39,0.0,5,0.1549999999999998,0.0029999999999996696,10
745,feature_0 > 0.26 AND feature_1 > 1.06 AND feature_1 > 1.463 AND feature_0 > 0.557 AND feature_2 <= 0.652 AND feature_7 > -0.835,"{'feature_0': (0.557, 3.845), 'feature_1': (1.463, 3.852), 'feature_2': (-3.74, 0.652), 'feature_7': (-0.835, 3.492)}",4,2.804,6,[Pretrained] CF,"[468, 710, 734, 740, 741]",3.046,3.022,NoOve,[Pretrained] CF NoOve,0.01,0,0.01,752,94,0.0,5,0.242,0.02400000000000002,10
752,feature_0 > 0.26 AND feature_1 > 1.06 AND feature_1 > 1.463 AND feature_0 > 0.557 AND feature_2 > 0.652 AND feature_1 > 1.686,"{'feature_0': (0.557, 3.845), 'feature_1': (1.686, 3.852), 'feature_2': (0.652, 4.02)}",3,2.72,6,[Pretrained] CF,"[468, 710, 734, 740, 750]",3.443,3.477,NoOve,[Pretrained] CF NoOve,0.01,0,0.01,752,29,0.0,5,0.7229999999999999,0.03399999999999981,10
723,feature_0 > 0.26 AND feature_1 > 1.06 AND feature_1 <= 1.463 AND feature_0 > 0.763 AND feature_2 <= 0.453 AND feature_7 <= -0.169,"{'feature_0': (0.763, 3.845), 'feature_1': (1.06, 1.463), 'feature_2': (-3.74, 0.453), 'feature_7': (-3.746, -0.169)}",4,2.674,6,[Pretrained] CF,"[468, 710, 711, 721, 722]",2.878,2.891,NoOve,[Pretrained] CF NoOve,0.01,0,0.01,752,52,0.0,5,0.20400000000000018,0.0129999999999999,10
739,feature_0 > 0.26 AND feature_1 > 1.06 AND feature_1 > 1.463 AND feature_0 <= 0.557 AND feature_0 > 0.352 AND feature_1 > 1.661,"{'feature_0': (0.352, 0.557), 'feature_1': (1.661, 3.852)}",2,2.668,6,[Pretrained] CF,"[468, 710, 734, 735, 737]",2.549,2.513,NoOve,[Pretrained] CF NoOve,0.01,0,0.01,752,27,0.0,5,0.11900000000000022,0.03600000000000003,10
742,feature_0 > 0.26 AND feature_1 > 1.06 AND feature_1 > 1.463 AND feature_0 > 0.557 AND feature_2 <= 0.652 AND feature_7 <= -0.835,"{'feature_0': (0.557, 3.845), 'feature_1': (1.463, 3.852), 'feature_2': (-3.74, 0.652), 'feature_7': (-3.746, -0.835)}",4,2.959,6,[Pretrained] CF,"[468, 710, 734, 740, 741]",3.114,3.114,OptRes,[Pretrained] CF OptRes,0.008,0,0.008,752,40,0.06756756756756757,5,0.1549999999999998,0.0,10
748,feature_0 > 0.26 AND feature_1 > 1.06 AND feature_1 > 1.463 AND feature_0 > 0.557 AND feature_2 <= 0.652 AND feature_7 > -0.835 AND feature_0 > 0.767 AND feature_9 <= 0.059,"{'feature_0': (0.767, 3.845), 'feature_1': (1.463, 3.852), 'feature_2': (-3.74, 0.652), 'feature_7': (-0.835, 3.492), 'feature_9': (-3.581, 0.059)}",5,2.879,8,[Pretrained] CF,"[468, 710, 734, 740, 741, 745, 747]",3.155,3.139,OptRes,[Pretrained] CF OptRes,0.008,0,0.008,752,29,0.06418918918918919,5,0.2759999999999998,0.016000000000000014,10
741,feature_0 > 0.26 AND feature_1 > 1.06 AND feature_1 > 1.463 AND feature_0 > 0.557 AND feature_2 <= 0.652,"{'feature_0': (0.557, 3.845), 'feature_1': (1.463, 3.852), 'feature_2': (-3.74, 0.652)}",3,2.846,5,[Pretrained] CF,"[468, 710, 734, 740]",3.064,3.068,OptRes,[Pretrained] CF OptRes,0.008,0,0.008,752,108,0.19087837837837837,5,0.21799999999999997,0.0040000000000000036,10
749,feature_0 > 0.26 AND feature_1 > 1.06 AND feature_1 > 1.463 AND feature_0 > 0.557 AND feature_2 <= 0.652 AND feature_7 > -0.835 AND feature_0 > 0.767 AND feature_9 > 0.059,"{'feature_0': (0.767, 3.845), 'feature_1': (1.463, 3.852), 'feature_2': (-3.74, 0.652), 'feature_7': (-0.835, 3.492), 'feature_9': (0.059, 3.767)}",5,2.803,8,[Pretrained] CF,"[468, 710, 734, 740, 741, 745, 747]",3.309,3.256,OptRes,[Pretrained] CF OptRes,0.008,0,0.008,752,22,0.05912162162162162,5,0.5060000000000002,0.05300000000000038,10
750,feature_0 > 0.26 AND feature_1 > 1.06 AND feature_1 > 1.463 AND feature_0 > 0.557 AND feature_2 > 0.652,"{'feature_0': (0.557, 3.845), 'feature_1': (1.463, 3.852), 'feature_2': (0.652, 4.02)}",3,2.69,5,[Pretrained] CF,"[468, 710, 734, 740]",3.26,3.328,OptRes,[Pretrained] CF OptRes,0.008,0,0.008,752,34,0.0,5,0.5699999999999998,0.06800000000000006,10
750,feature_0 > 0.26 AND feature_1 > 1.06 AND feature_1 > 1.463 AND feature_0 > 0.557 AND feature_2 > 0.652,"{'feature_0': (0.557, 3.845), 'feature_1': (1.463, 3.852), 'feature_2': (0.652, 4.02)}",3,2.69,5,[Pretrained] CF,"[468, 710, 734, 740]",3.26,3.328,ResOve,[Pretrained] CF ResOve,0.115,0,0.115,752,34,0.0,5,0.5699999999999998,0.06800000000000006,10
749,feature_0 > 0.26 AND feature_1 > 1.06 AND feature_1 > 1.463 AND feature_0 > 0.557 AND feature_2 <= 0.652 AND feature_7 > -0.835 AND feature_0 > 0.767 AND feature_9 > 0.059,"{'feature_0': (0.767, 3.845), 'feature_1': (1.463, 3.852), 'feature_2': (-3.74, 0.652), 'feature_7': (-0.835, 3.492), 'feature_9': (0.059, 3.767)}",5,2.803,8,[Pretrained] CF,"[468, 710, 734, 740, 741, 745, 747]",3.309,3.256,ResOve,[Pretrained] CF ResOve,0.115,0,0.115,752,22,0.0,5,0.5060000000000002,0.05300000000000038,10
748,feature_0 > 0.26 AND feature_1 > 1.06 AND feature_1 > 1.463 AND feature_0 > 0.557 AND feature_2 <= 0.652 AND feature_7 > -0.835 AND feature_0 > 0.767 AND feature_9 <= 0.059,"{'feature_0': (0.767, 3.845), 'feature_1': (1.463, 3.852), 'feature_2': (-3.74, 0.652), 'feature_7': (-0.835, 3.492), 'feature_9': (-3.581, 0.059)}",5,2.879,8,[Pretrained] CF,"[468, 710, 734, 740, 741, 745, 747]",3.155,3.139,ResOve,[Pretrained] CF ResOve,0.115,0,0.115,752,29,0.0,5,0.2759999999999998,0.016000000000000014,10
742,feature_0 > 0.26 AND feature_1 > 1.06 AND feature_1 > 1.463 AND feature_0 > 0.557 AND feature_2 <= 0.652 AND feature_7 <= -0.835,"{'feature_0': (0.557, 3.845), 'feature_1': (1.463, 3.852), 'feature_2': (-3.74, 0.652), 'feature_7': (-3.746, -0.835)}",4,2.959,6,[Pretrained] CF,"[468, 710, 734, 740, 741]",3.114,3.114,ResOve,[Pretrained] CF ResOve,0.115,0,0.115,752,40,0.0,5,0.1549999999999998,0.0,10
723,feature_0 > 0.26 AND feature_1 > 1.06 AND feature_1 <= 1.463 AND feature_0 > 0.763 AND feature_2 <= 0.453 AND feature_7 <= -0.169,"{'feature_0': (0.763, 3.845), 'feature_1': (1.06, 1.463), 'feature_2': (-3.74, 0.453), 'feature_7': (-3.746, -0.169)}",4,2.674,6,[Pretrained] CF,"[468, 710, 711, 721, 722]",2.878,2.887,ResOve,[Pretrained] CF ResOve,0.115,0,0.115,752,56,0.0,5,0.20400000000000018,0.008999999999999897,10
742,feature_0 > 0.26 AND feature_1 > 1.06 AND feature_1 > 1.463 AND feature_0 > 0.557 AND feature_2 <= 0.652 AND feature_7 <= -0.835,"{'feature_0': (0.557, 3.845), 'feature_1': (1.463, 3.852), 'feature_2': (-3.74, 0.652), 'feature_7': (-3.746, -0.835)}",4,2.959,6,[Pretrained] CF,"[468, 710, 734, 740, 741]",3.114,3.114,NoOve,[Pretrained] CF NoOve,0.014,0,0.014,752,40,0.0,5,0.1549999999999998,0.0,10
745,feature_0 > 0.26 AND feature_1 > 1.06 AND feature_1 > 1.463 AND feature_0 > 0.557 AND feature_2 <= 0.652 AND feature_7 > -0.835,"{'feature_0': (0.557, 3.845), 'feature_1': (1.463, 3.852), 'feature_2': (-3.74, 0.652), 'feature_7': (-0.835, 3.492)}",4,2.804,6,[Pretrained] CF,"[468, 710, 734, 740, 741]",3.046,3.042,NoOve,[Pretrained] CF NoOve,0.014,0,0.014,752,68,0.0,5,0.242,0.0040000000000000036,10
723,feature_0 > 0.26 AND feature_1 > 1.06 AND feature_1 <= 1.463 AND feature_0 > 0.763 AND feature_2 <= 0.453 AND feature_7 <= -0.169,"{'feature_0': (0.763, 3.845), 'feature_1': (1.06, 1.463), 'feature_2': (-3.74, 0.453), 'feature_7': (-3.746, -0.169)}",4,2.674,6,[Pretrained] CF,"[468, 710, 711, 721, 722]",2.878,2.887,NoOve,[Pretrained] CF NoOve,0.014,0,0.014,752,56,0.0,5,0.20400000000000018,0.008999999999999897,10
739,feature_0 > 0.26 AND feature_1 > 1.06 AND feature_1 > 1.463 AND feature_0 <= 0.557 AND feature_0 > 0.352 AND feature_1 > 1.661,"{'feature_0': (0.352, 0.557), 'feature_1': (1.661, 3.852)}",2,2.668,6,[Pretrained] CF,"[468, 710, 734, 735, 737]",2.549,2.561,NoOve,[Pretrained] CF NoOve,0.014,0,0.014,752,24,0.0,5,0.11900000000000022,0.01200000000000001,10
726,feature_0 > 0.26 AND feature_1 > 1.06 AND feature_1 <= 1.463 AND feature_0 > 0.763 AND feature_2 <= 0.453 AND feature_7 > -0.169,"{'feature_0': (0.763, 3.845), 'feature_1': (1.06, 1.463), 'feature_2': (-3.74, 0.453), 'feature_7': (-0.169, 3.492)}",4,2.484,6,[Pretrained] CF,"[468, 710, 711, 721, 722]",2.676,2.71,NoOve,[Pretrained] CF NoOve,0.014,0,0.014,752,28,0.0,5,0.19200000000000017,0.03399999999999981,10
748,feature_0 > 0.26 AND feature_1 > 1.06 AND feature_1 > 1.463 AND feature_0 > 0.557 AND feature_2 <= 0.652 AND feature_7 > -0.835 AND feature_0 > 0.767 AND feature_9 <= 0.059,"{'feature_0': (0.767, 3.845), 'feature_1': (1.463, 3.852), 'feature_2': (-3.74, 0.652), 'feature_7': (-0.835, 3.492), 'feature_9': (-3.581, 0.059)}",5,2.879,8,[Pretrained] CF,"[468, 710, 734, 740, 741, 745, 747]",3.155,3.149,OptRes,[Pretrained] CF OptRes,0.008,0,0.008,752,22,0.06418918918918919,5,0.2759999999999998,0.005999999999999783,10
741,feature_0 > 0.26 AND feature_1 > 1.06 AND feature_1 > 1.463 AND feature_0 > 0.557 AND feature_2 <= 0.652,"{'feature_0': (0.557, 3.845), 'feature_1': (1.463, 3.852), 'feature_2': (-3.74, 0.652)}",3,2.846,5,[Pretrained] CF,"[468, 710, 734, 740]",3.064,3.074,OptRes,[Pretrained] CF OptRes,0.008,0,0.008,752,69,0.06418918918918919,5,0.21799999999999997,0.009999999999999787,10
752,feature_0 > 0.26 AND feature_1 > 1.06 AND feature_1 > 1.463 AND feature_0 > 0.557 AND feature_2 > 0.652 AND feature_1 > 1.686,"{'feature_0': (0.557, 3.845), 'feature_1': (1.686, 3.852), 'feature_2': (0.652, 4.02)}",3,2.72,6,[Pretrained] CF,"[468, 710, 734, 740, 750]",3.443,3.443,OptRes,[Pretrained] CF OptRes,0.008,0,0.008,752,32,0.0,5,0.7229999999999999,0.0,10
723,feature_0 > 0.26 AND feature_1 > 1.06 AND feature_1 <= 1.463 AND feature_0 > 0.763 AND feature_2 <= 0.453 AND feature_7 <= -0.169,"{'feature_0': (0.763, 3.845), 'feature_1': (1.06, 1.463), 'feature_2': (-3.74, 0.453), 'feature_7': (-3.746, -0.169)}",4,2.674,6,[Pretrained] CF,"[468, 710, 711, 721, 722]",2.878,2.826,OptRes,[Pretrained] CF OptRes,0.008,0,0.008,752,32,0.0,5,0.20400000000000018,0.052000000000000046,10
737,feature_0 > 0.26 AND feature_1 > 1.06 AND feature_1 > 1.463 AND feature_0 <= 0.557 AND feature_0 > 0.352,"{'feature_0': (0.352, 0.557), 'feature_1': (1.463, 3.852)}",2,2.602,5,[Pretrained] CF,"[468, 710, 734, 735]",2.4,2.438,OptRes,[Pretrained] CF OptRes,0.008,0,0.008,752,31,0.0,5,0.20199999999999996,0.038000000000000256,10
752,feature_0 > 0.26 AND feature_1 > 1.06 AND feature_1 > 1.463 AND feature_0 > 0.557 AND feature_2 > 0.652 AND feature_1 > 1.686,"{'feature_0': (0.557, 3.845), 'feature_1': (1.686, 3.852), 'feature_2': (0.652, 4.02)}",3,2.72,6,[Pretrained] CF,"[468, 710, 734, 740, 750]",3.443,3.443,ResOve,[Pretrained] CF ResOve,0.118,0,0.118,752,32,0.1509433962264151,5,0.7229999999999999,0.0,10
737,feature_0 > 0.26 AND feature_1 > 1.06 AND feature_1 > 1.463 AND feature_0 <= 0.557 AND feature_0 > 0.352,"{'feature_0': (0.352, 0.557), 'feature_1': (1.463, 3.852)}",2,2.602,5,[Pretrained] CF,"[468, 710, 734, 735]",2.4,2.438,ResOve,[Pretrained] CF ResOve,0.118,0,0.118,752,31,0.0,5,0.20199999999999996,0.038000000000000256,10
748,feature_0 > 0.26 AND feature_1 > 1.06 AND feature_1 > 1.463 AND feature_0 > 0.557 AND feature_2 <= 0.652 AND feature_7 > -0.835 AND feature_0 > 0.767 AND feature_9 <= 0.059,"{'feature_0': (0.767, 3.845), 'feature_1': (1.463, 3.852), 'feature_2': (-3.74, 0.652), 'feature_7': (-0.835, 3.492), 'feature_9': (-3.581, 0.059)}",5,2.879,8,[Pretrained] CF,"[468, 710, 734, 740, 741, 745, 747]",3.155,3.149,ResOve,[Pretrained] CF ResOve,0.118,0,0.118,752,22,0.0,5,0.2759999999999998,0.005999999999999783,10
724,feature_0 > 0.26 AND feature_1 > 1.06 AND feature_1 <= 1.463 AND feature_0 > 0.763 AND feature_2 <= 0.453 AND feature_7 <= -0.169 AND feature_1 <= 1.301,"{'feature_0': (0.763, 3.845), 'feature_1': (1.06, 1.301), 'feature_2': (-3.74, 0.453), 'feature_7': (-3.746, -0.169)}",4,2.607,7,[Pretrained] CF,"[468, 710, 711, 721, 722, 723]",2.833,2.87,ResOve,[Pretrained] CF ResOve,0.118,0,0.118,752,25,0.0,5,0.22599999999999998,0.03699999999999992,10
750,feature_0 > 0.26 AND feature_1 > 1.06 AND feature_1 > 1.463 AND feature_0 > 0.557 AND feature_2 > 0.652,"{'feature_0': (0.557, 3.845), 'feature_1': (1.463, 3.852), 'feature_2': (0.652, 4.02)}",3,2.69,5,[Pretrained] CF,"[468, 710, 734, 740]",3.26,3.261,ResOve,[Pretrained] CF ResOve,0.118,0,0.118,752,52,0.1509433962264151,5,0.5699999999999998,0.001000000000000334,10
745,feature_0 > 0.26 AND feature_1 > 1.06 AND feature_1 > 1.463 AND feature_0 > 0.557 AND feature_2 <= 0.652 AND feature_7 > -0.835,"{'feature_0': (0.557, 3.845), 'feature_1': (1.463, 3.852), 'feature_2': (-3.74, 0.652), 'feature_7': (-0.835, 3.492)}",4,2.804,6,[Pretrained] CF,"[468, 710, 734, 740, 741]",3.046,3.026,NoOve,[Pretrained] CF NoOve,0.017,0,0.017,752,57,0.0,5,0.242,0.020000000000000018,10
752,feature_0 > 0.26 AND feature_1 > 1.06 AND feature_1 > 1.463 AND feature_0 > 0.557 AND feature_2 > 0.652 AND feature_1 > 1.686,"{'feature_0': (0.557, 3.845), 'feature_1': (1.686, 3.852), 'feature_2': (0.652, 4.02)}",3,2.72,6,[Pretrained] CF,"[468, 710, 734, 740, 750]",3.443,3.443,NoOve,[Pretrained] CF NoOve,0.017,0,0.017,752,32,0.0,5,0.7229999999999999,0.0,10
723,feature_0 > 0.26 AND feature_1 > 1.06 AND feature_1 <= 1.463 AND feature_0 > 0.763 AND feature_2 <= 0.453 AND feature_7 <= -0.169,"{'feature_0': (0.763, 3.845), 'feature_1': (1.06, 1.463), 'feature_2': (-3.74, 0.453), 'feature_7': (-3.746, -0.169)}",4,2.674,6,[Pretrained] CF,"[468, 710, 711, 721, 722]",2.878,2.826,NoOve,[Pretrained] CF NoOve,0.017,0,0.017,752,32,0.0,5,0.20400000000000018,0.052000000000000046,10
726,feature_0 > 0.26 AND feature_1 > 1.06 AND feature_1 <= 1.463 AND feature_0 > 0.763 AND feature_2 <= 0.453 AND feature_7 > -0.169,"{'feature_0': (0.763, 3.845), 'feature_1': (1.06, 1.463), 'feature_2': (-3.74, 0.453), 'feature_7': (-0.169, 3.492)}",4,2.484,6,[Pretrained] CF,"[468, 710, 711, 721, 722]",2.676,2.676,NoOve,[Pretrained] CF NoOve,0.017,0,0.017,752,23,0.0,5,0.19200000000000017,0.0,10
731,feature_0 > 0.26 AND feature_1 > 1.06 AND feature_1 <= 1.463 AND feature_0 > 0.763 AND feature_2 > 0.453 AND feature_1 > 1.167,"{'feature_0': (0.763, 3.845), 'feature_1': (1.167, 1.463), 'feature_2': (0.453, 4.02)}",3,2.423,6,[Pretrained] CF,"[468, 710, 711, 721, 729]",2.739,2.739,NoOve,[Pretrained] CF NoOve,0.017,0,0.017,752,42,0.0,5,0.31599999999999984,0.0,10
742,feature_0 > 0.26 AND feature_1 > 1.06 AND feature_1 > 1.463 AND feature_0 > 0.557 AND feature_2 <= 0.652 AND feature_7 <= -0.835,"{'feature_0': (0.557, 3.845), 'feature_1': (1.463, 3.852), 'feature_2': (-3.74, 0.652), 'feature_7': (-3.746, -0.835)}",4,2.959,6,[Pretrained] CF,"[468, 710, 734, 740, 741]",3.114,3.047,OptRes,[Pretrained] CF OptRes,0.007,0,0.007,752,34,0.06756756756756757,5,0.1549999999999998,0.06699999999999973,10
748,feature_0 > 0.26 AND feature_1 > 1.06 AND feature_1 > 1.463 AND feature_0 > 0.557 AND feature_2 <= 0.652 AND feature_7 > -0.835 AND feature_0 > 0.767 AND feature_9 <= 0.059,"{'feature_0': (0.767, 3.845), 'feature_1': (1.463, 3.852), 'feature_2': (-3.74, 0.652), 'feature_7': (-0.835, 3.492), 'feature_9': (-3.581, 0.059)}",5,2.879,8,[Pretrained] CF,"[468, 710, 734, 740, 741, 745, 747]",3.155,3.137,OptRes,[Pretrained] CF OptRes,0.007,0,0.007,752,22,0.06418918918918919,5,0.2759999999999998,0.017999999999999794,10
741,feature_0 > 0.26 AND feature_1 > 1.06 AND feature_1 > 1.463 AND feature_0 > 0.557 AND feature_2 <= 0.652,"{'feature_0': (0.557, 3.845), 'feature_1': (1.463, 3.852), 'feature_2': (-3.74, 0.652)}",3,2.846,5,[Pretrained] CF,"[468, 710, 734, 740]",3.064,3.02,OptRes,[Pretrained] CF OptRes,0.007,0,0.007,752,102,0.25,5,0.21799999999999997,0.04400000000000004,10
749,feature_0 > 0.26 AND feature_1 > 1.06 AND feature_1 > 1.463 AND feature_0 > 0.557 AND feature_2 <= 0.652 AND feature_7 > -0.835 AND feature_0 > 0.767 AND feature_9 > 0.059,"{'feature_0': (0.767, 3.845), 'feature_1': (1.463, 3.852), 'feature_2': (-3.74, 0.652), 'feature_7': (-0.835, 3.492), 'feature_9': (0.059, 3.767)}",5,2.803,8,[Pretrained] CF,"[468, 710, 734, 740, 741, 745, 747]",3.309,3.271,OptRes,[Pretrained] CF OptRes,0.007,0,0.007,752,21,0.05912162162162162,5,0.5060000000000002,0.038000000000000256,10
746,feature_0 > 0.26 AND feature_1 > 1.06 AND feature_1 > 1.463 AND feature_0 > 0.557 AND feature_2 <= 0.652 AND feature_7 > -0.835 AND feature_0 <= 0.767,"{'feature_0': (0.557, 0.767), 'feature_1': (1.463, 3.852), 'feature_2': (-3.74, 0.652), 'feature_7': (-0.835, 3.492)}",4,2.722,7,[Pretrained] CF,"[468, 710, 734, 740, 741, 745]",2.664,2.671,OptRes,[Pretrained] CF OptRes,0.007,0,0.007,752,25,0.05912162162162162,5,0.05799999999999983,0.006999999999999673,10
749,feature_0 > 0.26 AND feature_1 > 1.06 AND feature_1 > 1.463 AND feature_0 > 0.557 AND feature_2 <= 0.652 AND feature_7 > -0.835 AND feature_0 > 0.767 AND feature_9 > 0.059,"{'feature_0': (0.767, 3.845), 'feature_1': (1.463, 3.852), 'feature_2': (-3.74, 0.652), 'feature_7': (-0.835, 3.492), 'feature_9': (0.059, 3.767)}",5,2.803,8,[Pretrained] CF,"[468, 710, 734, 740, 741, 745, 747]",3.309,3.271,ResOve,[Pretrained] CF ResOve,0.141,0,0.141,752,21,0.0,5,0.5060000000000002,0.038000000000000256,10
748,feature_0 > 0.26 AND feature_1 > 1.06 AND feature_1 > 1.463 AND feature_0 > 0.557 AND feature_2 <= 0.652 AND feature_7 > -0.835 AND feature_0 > 0.767 AND feature_9 <= 0.059,"{'feature_0': (0.767, 3.845), 'feature_1': (1.463, 3.852), 'feature_2': (-3.74, 0.652), 'feature_7': (-0.835, 3.492), 'feature_9': (-3.581, 0.059)}",5,2.879,8,[Pretrained] CF,"[468, 710, 734, 740, 741, 745, 747]",3.155,3.137,ResOve,[Pretrained] CF ResOve,0.141,0,0.141,752,22,0.0,5,0.2759999999999998,0.017999999999999794,10
746,feature_0 > 0.26 AND feature_1 > 1.06 AND feature_1 > 1.463 AND feature_0 > 0.557 AND feature_2 <= 0.652 AND feature_7 > -0.835 AND feature_0 <= 0.767,"{'feature_0': (0.557, 0.767), 'feature_1': (1.463, 3.852), 'feature_2': (-3.74, 0.652), 'feature_7': (-0.835, 3.492)}",4,2.722,7,[Pretrained] CF,"[468, 710, 734, 740, 741, 745]",2.664,2.671,ResOve,[Pretrained] CF ResOve,0.141,0,0.141,752,25,0.0,5,0.05799999999999983,0.006999999999999673,10
742,feature_0 > 0.26 AND feature_1 > 1.06 AND feature_1 > 1.463 AND feature_0 > 0.557 AND feature_2 <= 0.652 AND feature_7 <= -0.835,"{'feature_0': (0.557, 3.845), 'feature_1': (1.463, 3.852), 'feature_2': (-3.74, 0.652), 'feature_7': (-3.746, -0.835)}",4,2.959,6,[Pretrained] CF,"[468, 710, 734, 740, 741]",3.114,3.047,ResOve,[Pretrained] CF ResOve,0.141,0,0.141,752,34,0.0,5,0.1549999999999998,0.06699999999999973,10
723,feature_0 > 0.26 AND feature_1 > 1.06 AND feature_1 <= 1.463 AND feature_0 > 0.763 AND feature_2 <= 0.453 AND feature_7 <= -0.169,"{'feature_0': (0.763, 3.845), 'feature_1': (1.06, 1.463), 'feature_2': (-3.74, 0.453), 'feature_7': (-3.746, -0.169)}",4,2.674,6,[Pretrained] CF,"[468, 710, 711, 721, 722]",2.878,2.888,ResOve,[Pretrained] CF ResOve,0.141,0,0.141,752,41,0.0,5,0.20400000000000018,0.009999999999999787,10
742,feature_0 > 0.26 AND feature_1 > 1.06 AND feature_1 > 1.463 AND feature_0 > 0.557 AND feature_2 <= 0.652 AND feature_7 <= -0.835,"{'feature_0': (0.557, 3.845), 'feature_1': (1.463, 3.852), 'feature_2': (-3.74, 0.652), 'feature_7': (-3.746, -0.835)}",4,2.959,6,[Pretrained] CF,"[468, 710, 734, 740, 741]",3.114,3.047,NoOve,[Pretrained] CF NoOve,0.025,0,0.025,752,34,0.0,5,0.1549999999999998,0.06699999999999973,10
745,feature_0 > 0.26 AND feature_1 > 1.06 AND feature_1 > 1.463 AND feature_0 > 0.557 AND feature_2 <= 0.652 AND feature_7 > -0.835,"{'feature_0': (0.557, 3.845), 'feature_1': (1.463, 3.852), 'feature_2': (-3.74, 0.652), 'feature_7': (-0.835, 3.492)}",4,2.804,6,[Pretrained] CF,"[468, 710, 734, 740, 741]",3.046,3.007,NoOve,[Pretrained] CF NoOve,0.025,0,0.025,752,68,0.0,5,0.242,0.0389999999999997,10
723,feature_0 > 0.26 AND feature_1 > 1.06 AND feature_1 <= 1.463 AND feature_0 > 0.763 AND feature_2 <= 0.453 AND feature_7 <= -0.169,"{'feature_0': (0.763, 3.845), 'feature_1': (1.06, 1.463), 'feature_2': (-3.74, 0.453), 'feature_7': (-3.746, -0.169)}",4,2.674,6,[Pretrained] CF,"[468, 710, 711, 721, 722]",2.878,2.888,NoOve,[Pretrained] CF NoOve,0.025,0,0.025,752,41,0.0,5,0.20400000000000018,0.009999999999999787,10
726,feature_0 > 0.26 AND feature_1 > 1.06 AND feature_1 <= 1.463 AND feature_0 > 0.763 AND feature_2 <= 0.453 AND feature_7 > -0.169,"{'feature_0': (0.763, 3.845), 'feature_1': (1.06, 1.463), 'feature_2': (-3.74, 0.453), 'feature_7': (-0.169, 3.492)}",4,2.484,6,[Pretrained] CF,"[468, 710, 711, 721, 722]",2.676,2.67,NoOve,[Pretrained] CF NoOve,0.025,0,0.025,752,37,0.0,5,0.19200000000000017,0.006000000000000227,10
703,feature_0 > 0.26 AND feature_1 <= 1.06 AND feature_0 > 0.8 AND feature_1 > 0.12 AND feature_0 > 1.421 AND feature_4 > 0.123,"{'feature_0': (1.421, 3.845), 'feature_1': (0.12, 1.06), 'feature_4': (0.123, 3.804)}",3,2.337,6,[Pretrained] CF,"[468, 469, 583, 659, 693]",2.834,2.84,NoOve,[Pretrained] CF NoOve,0.025,0,0.025,752,59,0.0,5,0.4969999999999999,0.005999999999999783,10
647,feature_0 > 0.26 AND feature_1 <= 1.06 AND feature_0 > 0.8 AND feature_1 <= 0.12 AND feature_0 > 1.512 AND feature_4 > -0.038 AND feature_3 <= -0.585 AND feature_0 > 1.867,"{'feature_0': (1.867, 3.845), 'feature_1': (-3.98, 0.12), 'feature_4': (-0.038, 3.804), 'feature_3': (-3.667, -0.585)}",4,2.21,8,[Pretrained] CF,"[468, 469, 583, 584, 632, 644, 645]",2.683,2.683,OptRes,[Pretrained] CF OptRes,0.002,0,0.002,752,24,0.1111111111111111,5,0.47299999999999986,0.0,10
650,feature_0 > 0.26 AND feature_1 <= 1.06 AND feature_0 > 0.8 AND feature_1 <= 0.12 AND feature_0 > 1.512 AND feature_4 > -0.038 AND feature_3 > -0.585 AND feature_5 <= -0.604 AND feature_3 <= 0.575,"{'feature_0': (1.512, 3.845), 'feature_1': (-3.98, 0.12), 'feature_4': (-0.038, 3.804), 'feature_3': (-0.585, 0.575), 'feature_5': (-3.694, -0.604)}",5,2.179,9,[Pretrained] CF,"[468, 469, 583, 584, 632, 644, 648, 649]",2.522,2.522,OptRes,[Pretrained] CF OptRes,0.002,0,0.002,752,21,0.11170212765957446,5,0.34299999999999997,0.0,10
645,feature_0 > 0.26 AND feature_1 <= 1.06 AND feature_0 > 0.8 AND feature_1 <= 0.12 AND feature_0 > 1.512 AND feature_4 > -0.038 AND feature_3 <= -0.585,"{'feature_0': (1.512, 3.845), 'feature_1': (-3.98, 0.12), 'feature_4': (-0.038, 3.804), 'feature_3': (-3.667, -0.585)}",4,2.142,7,[Pretrained] CF,"[468, 469, 583, 584, 632, 644]",2.388,2.388,OptRes,[Pretrained] CF OptRes,0.002,0,0.002,752,54,0.1111111111111111,5,0.246,0.0,10
676,feature_0 > 0.26 AND feature_1 <= 1.06 AND feature_0 > 0.8 AND feature_1 > 0.12 AND feature_0 <= 1.421 AND feature_1 > 0.367 AND feature_2 <= -0.417 AND feature_0 > 0.916 AND feature_1 <= 0.663,"{'feature_0': (0.916, 1.421), 'feature_1': (0.367, 0.663), 'feature_2': (-3.74, -0.417)}",3,2.126,9,[Pretrained] CF,"[468, 469, 583, 659, 660, 672, 673, 675]",2.093,2.093,OptRes,[Pretrained] CF OptRes,0.002,0,0.002,752,34,0.0,5,0.03299999999999992,0.0,10
649,feature_0 > 0.26 AND feature_1 <= 1.06 AND feature_0 > 0.8 AND feature_1 <= 0.12 AND feature_0 > 1.512 AND feature_4 > -0.038 AND feature_3 > -0.585 AND feature_5 <= -0.604,"{'feature_0': (1.512, 3.845), 'feature_1': (-3.98, 0.12), 'feature_4': (-0.038, 3.804), 'feature_3': (-0.585, 4.242), 'feature_5': (-3.694, -0.604)}",5,2.09,8,[Pretrained] CF,"[468, 469, 583, 584, 632, 644, 648]",2.438,2.438,OptRes,[Pretrained] CF OptRes,0.002,0,0.002,752,47,0.11170212765957446,5,0.3480000000000003,0.0,10
647,feature_0 > 0.26 AND feature_1 <= 1.06 AND feature_0 > 0.8 AND feature_1 <= 0.12 AND feature_0 > 1.512 AND feature_4 > -0.038 AND feature_3 <= -0.585 AND feature_0 > 1.867,"{'feature_0': (1.867, 3.845), 'feature_1': (-3.98, 0.12), 'feature_4': (-0.038, 3.804), 'feature_3': (-3.667, -0.585)}",4,2.21,8,[Pretrained] CF,"[468, 469, 583, 584, 632, 644, 645]",2.683,2.683,ResOve,[Pretrained] CF ResOve,0.076,0,0.076,752,24,0.0,5,0.47299999999999986,0.0,10
646,feature_0 > 0.26 AND feature_1 <= 1.06 AND feature_0 > 0.8 AND feature_1 <= 0.12 AND feature_0 > 1.512 AND feature_4 > -0.038 AND feature_3 <= -0.585 AND feature_0 <= 1.867,"{'feature_0': (1.512, 1.867), 'feature_1': (-3.98, 0.12), 'feature_4': (-0.038, 3.804), 'feature_3': (-3.667, -0.585)}",4,2.087,8,[Pretrained] CF,"[468, 469, 583, 584, 632, 644, 645]",2.153,2.153,ResOve,[Pretrained] CF ResOve,0.076,0,0.076,752,30,0.0,5,0.06599999999999984,0.0,10
593,feature_0 > 0.26 AND feature_1 <= 1.06 AND feature_0 > 0.8 AND feature_1 <= 0.12 AND feature_0 <= 1.512 AND feature_3 <= -0.812 AND feature_0 > 1.006 AND feature_4 > -0.576 AND feature_5 <= -0.78,"{'feature_0': (1.006, 1.512), 'feature_1': (-3.98, 0.12), 'feature_3': (-3.667, -0.812), 'feature_4': (-0.576, 3.804), 'feature_5': (-3.694, -0.78)}",5,2.066,9,[Pretrained] CF,"[468, 469, 583, 584, 585, 586, 590, 592]",1.675,1.675,ResOve,[Pretrained] CF ResOve,0.076,0,0.076,752,23,0.0,5,0.3909999999999998,0.0,10
651,feature_0 > 0.26 AND feature_1 <= 1.06 AND feature_0 > 0.8 AND feature_1 <= 0.12 AND feature_0 > 1.512 AND feature_4 > -0.038 AND feature_3 > -0.585 AND feature_5 <= -0.604 AND feature_3 > 0.575,"{'feature_0': (1.512, 3.845), 'feature_1': (-3.98, 0.12), 'feature_4': (-0.038, 3.804), 'feature_3': (0.575, 4.242), 'feature_5': (-3.694, -0.604)}",5,2.018,9,[Pretrained] CF,"[468, 469, 583, 584, 632, 644, 648, 649]",2.369,2.369,ResOve,[Pretrained] CF ResOve,0.076,0,0.076,752,26,0.0,5,0.3510000000000004,0.0,10
650,feature_0 > 0.26 AND feature_1 <= 1.06 AND feature_0 > 0.8 AND feature_1 <= 0.12 AND feature_0 > 1.512 AND feature_4 > -0.038 AND feature_3 > -0.585 AND feature_5 <= -0.604 AND feature_3 <= 0.575,"{'feature_0': (1.512, 3.845), 'feature_1': (-3.98, 0.12), 'feature_4': (-0.038, 3.804), 'feature_3': (-0.585, 0.575), 'feature_5': (-3.694, -0.604)}",5,2.179,9,[Pretrained] CF,"[468, 469, 583, 584, 632, 644, 648, 649]",2.522,2.522,ResOve,[Pretrained] CF ResOve,0.076,0,0.076,752,21,0.0,5,0.34299999999999997,0.0,10
650,feature_0 > 0.26 AND feature_1 <= 1.06 AND feature_0 > 0.8 AND feature_1 <= 0.12 AND feature_0 > 1.512 AND feature_4 > -0.038 AND feature_3 > -0.585 AND feature_5 <= -0.604 AND feature_3 <= 0.575,"{'feature_0': (1.512, 3.845), 'feature_1': (-3.98, 0.12), 'feature_4': (-0.038, 3.804), 'feature_3': (-0.585, 0.575), 'feature_5': (-3.694, -0.604)}",5,2.179,9,[Pretrained] CF,"[468, 469, 583, 584, 632, 644, 648, 649]",2.522,2.522,NoOve,[Pretrained] CF NoOve,0.007,0,0.007,752,21,0.0,5,0.34299999999999997,0.0,10
676,feature_0 > 0.26 AND feature_1 <= 1.06 AND feature_0 > 0.8 AND feature_1 > 0.12 AND feature_0 <= 1.421 AND feature_1 > 0.367 AND feature_2 <= -0.417 AND feature_0 > 0.916 AND feature_1 <= 0.663,"{'feature_0': (0.916, 1.421), 'feature_1': (0.367, 0.663), 'feature_2': (-3.74, -0.417)}",3,2.126,9,[Pretrained] CF,"[468, 469, 583, 659, 660, 672, 673, 675]",2.093,2.093,NoOve,[Pretrained] CF NoOve,0.007,0,0.007,752,34,0.0,5,0.03299999999999992,0.0,10
593,feature_0 > 0.26 AND feature_1 <= 1.06 AND feature_0 > 0.8 AND feature_1 <= 0.12 AND feature_0 <= 1.512 AND feature_3 <= -0.812 AND feature_0 > 1.006 AND feature_4 > -0.576 AND feature_5 <= -0.78,"{'feature_0': (1.006, 1.512), 'feature_1': (-3.98, 0.12), 'feature_3': (-3.667, -0.812), 'feature_4': (-0.576, 3.804), 'feature_5': (-3.694, -0.78)}",5,2.066,9,[Pretrained] CF,"[468, 469, 583, 584, 585, 586, 590, 592]",1.675,1.675,NoOve,[Pretrained] CF NoOve,0.007,0,0.007,752,23,0.0,5,0.3909999999999998,0.0,10
651,feature_0 > 0.26 AND feature_1 <= 1.06 AND feature_0 > 0.8 AND feature_1 <= 0.12 AND feature_0 > 1.512 AND feature_4 > -0.038 AND feature_3 > -0.585 AND feature_5 <= -0.604 AND feature_3 > 0.575,"{'feature_0': (1.512, 3.845), 'feature_1': (-3.98, 0.12), 'feature_4': (-0.038, 3.804), 'feature_3': (0.575, 4.242), 'feature_5': (-3.694, -0.604)}",5,2.018,9,[Pretrained] CF,"[468, 469, 583, 584, 632, 644, 648, 649]",2.369,2.369,NoOve,[Pretrained] CF NoOve,0.007,0,0.007,752,26,0.0,5,0.3510000000000004,0.0,10
656,feature_0 > 0.26 AND feature_1 <= 1.06 AND feature_0 > 0.8 AND feature_1 <= 0.12 AND feature_0 > 1.512 AND feature_4 > -0.038 AND feature_3 > -0.585 AND feature_5 > -0.604 AND feature_1 > -0.641,"{'feature_0': (1.512, 3.845), 'feature_1': (-0.641, 0.12), 'feature_4': (-0.038, 3.804), 'feature_3': (-0.585, 4.242), 'feature_5': (-0.604, 3.687)}",5,1.989,9,[Pretrained] CF,"[468, 469, 583, 584, 632, 644, 648, 652]",2.52,2.52,NoOve,[Pretrained] CF NoOve,0.007,0,0.007,752,44,0.0,5,0.5309999999999999,0.0,10
752,feature_0 > -0.009 AND feature_0 > 0.557 AND feature_0 > 1.312 AND feature_0 > 1.679 AND feature_15 > 0.748 AND feature_1 > 0.434,"{'feature_0': (1.679, 3.621), 'feature_15': (0.748, 3.636), 'feature_1': (0.434, 3.852)}",3,2.747,6,[Pretrained] CF,"[378, 544, 688, 718, 748]",3.359,3.35,OptRes,[Pretrained] CF OptRes,0.003,0,0.003,752,31,0.09313725490196079,5,0.6120000000000001,0.008999999999999897,20
748,feature_0 > -0.009 AND feature_0 > 0.557 AND feature_0 > 1.312 AND feature_0 > 1.679 AND feature_15 > 0.748,"{'feature_0': (1.679, 3.621), 'feature_15': (0.748, 3.636)}",2,2.627,5,[Pretrained] CF,"[378, 544, 688, 718]",2.938,2.914,OptRes,[Pretrained] CF OptRes,0.003,0,0.003,752,89,0.17401960784313725,5,0.3110000000000004,0.02400000000000002,20
750,feature_0 > -0.009 AND feature_0 > 0.557 AND feature_0 > 1.312 AND feature_0 > 1.679 AND feature_15 > 0.748 AND feature_1 <= 0.434 AND feature_10 <= -0.019,"{'feature_0': (1.679, 3.621), 'feature_15': (0.748, 3.636), 'feature_1': (-3.98, 0.434), 'feature_10': (-3.9, -0.019)}",4,2.615,7,[Pretrained] CF,"[378, 544, 688, 718, 748, 749]",2.708,2.663,OptRes,[Pretrained] CF OptRes,0.003,0,0.003,752,29,0.08088235294117647,5,0.09299999999999997,0.04500000000000037,20
740,feature_0 > -0.009 AND feature_0 > 0.557 AND feature_0 > 1.312 AND feature_0 > 1.679 AND feature_15 <= 0.748 AND feature_1 > -0.322 AND feature_0 > 2.025 AND feature_18 <= -0.419,"{'feature_0': (2.025, 3.621), 'feature_15': (-3.704, 0.748), 'feature_1': (-0.322, 3.852), 'feature_18': (-3.591, -0.419)}",4,2.603,8,[Pretrained] CF,"[378, 544, 688, 718, 719, 731, 739]",3.303,3.284,OptRes,[Pretrained] CF OptRes,0.003,0,0.003,752,39,0.0,5,0.6999999999999997,0.019000000000000128,20
744,feature_0 > -0.009 AND feature_0 > 0.557 AND feature_0 > 1.312 AND feature_0 > 1.679 AND feature_15 <= 0.748 AND feature_1 > -0.322 AND feature_0 > 2.025 AND feature_18 > -0.419 AND feature_9 <= -0.368,"{'feature_0': (2.025, 3.621), 'feature_15': (-3.704, 0.748), 'feature_1': (-0.322, 3.852), 'feature_18': (-0.419, 3.802), 'feature_9': (-3.749, -0.368)}",5,2.565,9,[Pretrained] CF,"[378, 544, 688, 718, 719, 731, 739, 743]",3.39,3.369,OptRes,[Pretrained] CF OptRes,0.003,0,0.003,752,21,0.0,5,0.8250000000000002,0.020999999999999908,20
752,feature_0 > -0.009 AND feature_0 > 0.557 AND feature_0 > 1.312 AND feature_0 > 1.679 AND feature_15 > 0.748 AND feature_1 > 0.434,"{'feature_0': (1.679, 3.621), 'feature_15': (0.748, 3.636), 'feature_1': (0.434, 3.852)}",3,2.747,6,[Pretrained] CF,"[378, 544, 688, 718, 748]",3.359,3.35,ResOve,[Pretrained] CF ResOve,0.118,0,0.118,752,31,0.0,5,0.6120000000000001,0.008999999999999897,20
740,feature_0 > -0.009 AND feature_0 > 0.557 AND feature_0 > 1.312 AND feature_0 > 1.679 AND feature_15 <= 0.748 AND feature_1 > -0.322 AND feature_0 > 2.025 AND feature_18 <= -0.419,"{'feature_0': (2.025, 3.621), 'feature_15': (-3.704, 0.748), 'feature_1': (-0.322, 3.852), 'feature_18': (-3.591, -0.419)}",4,2.603,8,[Pretrained] CF,"[378, 544, 688, 718, 719, 731, 739]",3.303,3.284,ResOve,[Pretrained] CF ResOve,0.118,0,0.118,752,39,0.0,5,0.6999999999999997,0.019000000000000128,20
735,feature_0 > -0.009 AND feature_0 > 0.557 AND feature_0 > 1.312 AND feature_0 > 1.679 AND feature_15 <= 0.748 AND feature_1 > -0.322 AND feature_0 <= 2.025 AND feature_10 <= 0.179 AND feature_1 > 0.46,"{'feature_0': (1.679, 2.025), 'feature_15': (-3.704, 0.748), 'feature_1': (0.46, 3.852), 'feature_10': (-3.9, 0.179)}",4,2.515,9,[Pretrained] CF,"[378, 544, 688, 718, 719, 731, 732, 733]",3.293,3.301,ResOve,[Pretrained] CF ResOve,0.118,0,0.118,752,31,0.0,5,0.778,0.008000000000000007,20
751,feature_0 > -0.009 AND feature_0 > 0.557 AND feature_0 > 1.312 AND feature_0 > 1.679 AND feature_15 > 0.748 AND feature_1 <= 0.434 AND feature_10 > -0.019,"{'feature_0': (1.679, 3.621), 'feature_15': (0.748, 3.636), 'feature_1': (-3.98, 0.434), 'feature_10': (-0.019, 3.853)}",4,2.494,7,[Pretrained] CF,"[378, 544, 688, 718, 748, 749]",2.667,2.699,ResOve,[Pretrained] CF ResOve,0.118,0,0.118,752,29,0.0,5,0.1729999999999996,0.03200000000000003,20
750,feature_0 > -0.009 AND feature_0 > 0.557 AND feature_0 > 1.312 AND feature_0 > 1.679 AND feature_15 > 0.748 AND feature_1 <= 0.434 AND feature_10 <= -0.019,"{'feature_0': (1.679, 3.621), 'feature_15': (0.748, 3.636), 'feature_1': (-3.98, 0.434), 'feature_10': (-3.9, -0.019)}",4,2.615,7,[Pretrained] CF,"[378, 544, 688, 718, 748, 749]",2.708,2.663,ResOve,[Pretrained] CF ResOve,0.118,0,0.118,752,29,0.0,5,0.09299999999999997,0.04500000000000037,20
750,feature_0 > -0.009 AND feature_0 > 0.557 AND feature_0 > 1.312 AND feature_0 > 1.679 AND feature_15 > 0.748 AND feature_1 <= 0.434 AND feature_10 <= -0.019,"{'feature_0': (1.679, 3.621), 'feature_15': (0.748, 3.636), 'feature_1': (-3.98, 0.434), 'feature_10': (-3.9, -0.019)}",4,2.615,7,[Pretrained] CF,"[378, 544, 688, 718, 748, 749]",2.708,2.663,NoOve,[Pretrained] CF NoOve,0.008,0,0.008,752,29,0.0,5,0.09299999999999997,0.04500000000000037,20
739,feature_0 > -0.009 AND feature_0 > 0.557 AND feature_0 > 1.312 AND feature_0 > 1.679 AND feature_15 <= 0.748 AND feature_1 > -0.322 AND feature_0 > 2.025,"{'feature_0': (2.025, 3.621), 'feature_15': (-3.704, 0.748), 'feature_1': (-0.322, 3.852)}",3,2.529,7,[Pretrained] CF,"[378, 544, 688, 718, 719, 731]",3.312,3.294,NoOve,[Pretrained] CF NoOve,0.008,0,0.008,752,103,0.0,5,0.7829999999999999,0.017999999999999794,20
751,feature_0 > -0.009 AND feature_0 > 0.557 AND feature_0 > 1.312 AND feature_0 > 1.679 AND feature_15 > 0.748 AND feature_1 <= 0.434 AND feature_10 > -0.019,"{'feature_0': (1.679, 3.621), 'feature_15': (0.748, 3.636), 'feature_1': (-3.98, 0.434), 'feature_10': (-0.019, 3.853)}",4,2.494,7,[Pretrained] CF,"[378, 544, 688, 718, 748, 749]",2.667,2.699,NoOve,[Pretrained] CF NoOve,0.008,0,0.008,752,29,0.0,5,0.1729999999999996,0.03200000000000003,20
732,feature_0 > -0.009 AND feature_0 > 0.557 AND feature_0 > 1.312 AND feature_0 > 1.679 AND feature_15 <= 0.748 AND feature_1 > -0.322 AND feature_0 <= 2.025,"{'feature_0': (1.679, 2.025), 'feature_15': (-3.704, 0.748), 'feature_1': (-0.322, 3.852)}",3,2.411,7,[Pretrained] CF,"[378, 544, 688, 718, 719, 731]",2.931,2.92,NoOve,[Pretrained] CF NoOve,0.008,0,0.008,752,107,0.0,5,0.52,0.01100000000000012,20
668,feature_0 > -0.009 AND feature_0 > 0.557 AND feature_0 <= 1.312 AND feature_1 > 0.554 AND feature_1 > 0.999 AND feature_2 <= -0.108 AND feature_1 > 1.161,"{'feature_0': (0.557, 1.312), 'feature_1': (1.161, 3.852), 'feature_2': (-3.634, -0.108)}",3,2.376,7,[Pretrained] CF,"[378, 544, 545, 649, 665, 666]",2.761,2.781,NoOve,[Pretrained] CF NoOve,0.008,0,0.008,752,72,0.0,5,0.38500000000000023,0.020000000000000018,20
752,feature_0 > -0.009 AND feature_0 > 0.557 AND feature_0 > 1.312 AND feature_0 > 1.679 AND feature_15 > 0.748 AND feature_1 > 0.434,"{'feature_0': (1.679, 3.621), 'feature_15': (0.748, 3.636), 'feature_1': (0.434, 3.852)}",3,2.747,6,[Pretrained] CF,"[378, 544, 688, 718, 748]",3.359,3.364,OptRes,[Pretrained] CF OptRes,0.004,0,0.004,752,24,0.09313725490196079,5,0.6120000000000001,0.004999999999999893,20
748,feature_0 > -0.009 AND feature_0 > 0.557 AND feature_0 > 1.312 AND feature_0 > 1.679 AND feature_15 > 0.748,"{'feature_0': (1.679, 3.621), 'feature_15': (0.748, 3.636)}",2,2.627,5,[Pretrained] CF,"[378, 544, 688, 718]",2.938,2.949,OptRes,[Pretrained] CF OptRes,0.004,0,0.004,752,64,0.09313725490196079,5,0.3110000000000004,0.010999999999999677,20
740,feature_0 > -0.009 AND feature_0 > 0.557 AND feature_0 > 1.312 AND feature_0 > 1.679 AND feature_15 <= 0.748 AND feature_1 > -0.322 AND feature_0 > 2.025 AND feature_18 <= -0.419,"{'feature_0': (2.025, 3.621), 'feature_15': (-3.704, 0.748), 'feature_1': (-0.322, 3.852), 'feature_18': (-3.591, -0.419)}",4,2.603,8,[Pretrained] CF,"[378, 544, 688, 718, 719, 731, 739]",3.303,3.374,OptRes,[Pretrained] CF OptRes,0.004,0,0.004,752,24,0.09504132231404959,5,0.6999999999999997,0.07100000000000017,20
670,feature_0 > -0.009 AND feature_0 > 0.557 AND feature_0 <= 1.312 AND feature_1 > 0.554 AND feature_1 > 0.999 AND feature_2 <= -0.108 AND feature_1 > 1.161 AND feature_10 <= -0.157 AND feature_7 <= -0.509,"{'feature_0': (0.557, 1.312), 'feature_1': (1.161, 3.852), 'feature_2': (-3.634, -0.108), 'feature_10': (-3.9, -0.157), 'feature_7': (-3.93, -0.509)}",5,2.561,9,[Pretrained] CF,"[378, 544, 545, 649, 665, 666, 668, 669]",2.69,2.683,OptRes,[Pretrained] CF OptRes,0.004,0,0.004,752,23,0.0,5,0.129,0.007000000000000117,20
739,feature_0 > -0.009 AND feature_0 > 0.557 AND feature_0 > 1.312 AND feature_0 > 1.679 AND feature_15 <= 0.748 AND feature_1 > -0.322 AND feature_0 > 2.025,"{'feature_0': (2.025, 3.621), 'feature_15': (-3.704, 0.748), 'feature_1': (-0.322, 3.852)}",3,2.529,7,[Pretrained] CF,"[378, 544, 688, 718, 719, 731]",3.312,3.375,OptRes,[Pretrained] CF OptRes,0.004,0,0.004,752,62,0.09504132231404959,5,0.7829999999999999,0.06300000000000017,20
752,feature_0 > -0.009 AND feature_0 > 0.557 AND feature_0 > 1.312 AND feature_0 > 1.679 AND feature_15 > 0.748 AND feature_1 > 0.434,"{'feature_0': (1.679, 3.621), 'feature_15': (0.748, 3.636), 'feature_1': (0.434, 3.852)}",3,2.747,6,[Pretrained] CF,"[378, 544, 688, 718, 748]",3.359,3.364,ResOve,[Pretrained] CF ResOve,0.139,0,0.139,752,24,0.0,5,0.6120000000000001,0.004999999999999893,20
740,feature_0 > -0.009 AND feature_0 > 0.557 AND feature_0 > 1.312 AND feature_0 > 1.679 AND feature_15 <= 0.748 AND feature_1 > -0.322 AND feature_0 > 2.025 AND feature_18 <= -0.419,"{'feature_0': (2.025, 3.621), 'feature_15': (-3.704, 0.748), 'feature_1': (-0.322, 3.852), 'feature_18': (-3.591, -0.419)}",4,2.603,8,[Pretrained] CF,"[378, 544, 688, 718, 719, 731, 739]",3.303,3.374,ResOve,[Pretrained] CF ResOve,0.139,0,0.139,752,24,0.0471311475409836,5,0.6999999999999997,0.07100000000000017,20
751,feature_0 > -0.009 AND feature_0 > 0.557 AND feature_0 > 1.312 AND feature_0 > 1.679 AND feature_15 > 0.748 AND feature_1 <= 0.434 AND feature_10 > -0.019,"{'feature_0': (1.679, 3.621), 'feature_15': (0.748, 3.636), 'feature_1': (-3.98, 0.434), 'feature_10': (-0.019, 3.853)}",4,2.494,7,[Pretrained] CF,"[378, 544, 688, 718, 748, 749]",2.667,2.646,ResOve,[Pretrained] CF ResOve,0.139,0,0.139,752,23,0.0,5,0.1729999999999996,0.020999999999999908,20
670,feature_0 > -0.009 AND feature_0 > 0.557 AND feature_0 <= 1.312 AND feature_1 > 0.554 AND feature_1 > 0.999 AND feature_2 <= -0.108 AND feature_1 > 1.161 AND feature_10 <= -0.157 AND feature_7 <= -0.509,"{'feature_0': (0.557, 1.312), 'feature_1': (1.161, 3.852), 'feature_2': (-3.634, -0.108), 'feature_10': (-3.9, -0.157), 'feature_7': (-3.93, -0.509)}",5,2.561,9,[Pretrained] CF,"[378, 544, 545, 649, 665, 666, 668, 669]",2.69,2.683,ResOve,[Pretrained] CF ResOve,0.139,0,0.139,752,23,0.0,5,0.129,0.007000000000000117,20
731,feature_0 > -0.009 AND feature_0 > 0.557 AND feature_0 > 1.312 AND feature_0 > 1.679 AND feature_15 <= 0.748 AND feature_1 > -0.322,"{'feature_0': (1.679, 3.621), 'feature_15': (-3.704, 0.748), 'feature_1': (-0.322, 3.852)}",3,2.469,6,[Pretrained] CF,"[378, 544, 688, 718, 719]",3.12,3.145,ResOve,[Pretrained] CF ResOve,0.139,0,0.139,752,126,0.0471311475409836,5,0.6510000000000002,0.02499999999999991,20
752,feature_0 > -0.009 AND feature_0 > 0.557 AND feature_0 > 1.312 AND feature_0 > 1.679 AND feature_15 > 0.748 AND feature_1 > 0.434,"{'feature_0': (1.679, 3.621), 'feature_15': (0.748, 3.636), 'feature_1': (0.434, 3.852)}",3,2.747,6,[Pretrained] CF,"[378, 544, 688, 718, 748]",3.359,3.364,NoOve,[Pretrained] CF NoOve,0.022,0,0.022,752,24,0.0,5,0.6120000000000001,0.004999999999999893,20
749,feature_0 > -0.009 AND feature_0 > 0.557 AND feature_0 > 1.312 AND feature_0 > 1.679 AND feature_15 > 0.748 AND feature_1 <= 0.434,"{'feature_0': (1.679, 3.621), 'feature_15': (0.748, 3.636), 'feature_1': (-3.98, 0.434)}",3,2.556,6,[Pretrained] CF,"[378, 544, 688, 718, 748]",2.688,2.7,NoOve,[Pretrained] CF NoOve,0.022,0,0.022,752,40,0.0,5,0.13200000000000012,0.01200000000000001,20
731,feature_0 > -0.009 AND feature_0 > 0.557 AND feature_0 > 1.312 AND feature_0 > 1.679 AND feature_15 <= 0.748 AND feature_1 > -0.322,"{'feature_0': (1.679, 3.621), 'feature_15': (-3.704, 0.748), 'feature_1': (-0.322, 3.852)}",3,2.469,6,[Pretrained] CF,"[378, 544, 688, 718, 719]",3.12,3.145,NoOve,[Pretrained] CF NoOve,0.022,0,0.022,752,126,0.0,5,0.6510000000000002,0.02499999999999991,20
714,feature_0 > -0.009 AND feature_0 > 0.557 AND feature_0 > 1.312 AND feature_0 <= 1.679 AND feature_1 > 0.921 AND feature_2 <= -0.361,"{'feature_0': (1.312, 1.679), 'feature_1': (0.921, 3.852), 'feature_2': (-3.634, -0.361)}",3,2.447,6,[Pretrained] CF,"[378, 544, 688, 689, 713]",3.165,3.175,NoOve,[Pretrained] CF NoOve,0.022,0,0.022,752,27,0.0,5,0.718,0.009999999999999787,20
666,feature_0 > -0.009 AND feature_0 > 0.557 AND feature_0 <= 1.312 AND feature_1 > 0.554 AND feature_1 > 0.999 AND feature_2 <= -0.108,"{'feature_0': (0.557, 1.312), 'feature_1': (0.999, 3.852), 'feature_2': (-3.634, -0.108)}",3,2.317,6,[Pretrained] CF,"[378, 544, 545, 649, 665]",2.62,2.602,NoOve,[Pretrained] CF NoOve,0.022,0,0.022,752,134,0.0,5,0.30299999999999994,0.018000000000000238,20
752,feature_0 > -0.009 AND feature_0 > 0.557 AND feature_0 > 1.312 AND feature_0 > 1.679 AND feature_15 > 0.748 AND feature_1 > 0.434,"{'feature_0': (1.679, 3.621), 'feature_15': (0.748, 3.636), 'feature_1': (0.434, 3.852)}",3,2.747,6,[Pretrained] CF,"[378, 544, 688, 718, 748]",3.359,3.336,OptRes,[Pretrained] CF OptRes,0.003,0,0.003,752,31,0.09313725490196079,5,0.6120000000000001,0.02300000000000013,20
742,feature_0 > -0.009 AND feature_0 > 0.557 AND feature_0 > 1.312 AND feature_0 > 1.679 AND feature_15 <= 0.748 AND feature_1 > -0.322 AND feature_0 > 2.025 AND feature_18 <= -0.419 AND feature_1 > 0.261,"{'feature_0': (2.025, 3.621), 'feature_15': (-3.704, 0.748), 'feature_1': (0.261, 3.852), 'feature_18': (-3.591, -0.419)}",4,2.651,9,[Pretrained] CF,"[378, 544, 688, 718, 719, 731, 739, 740]",3.585,3.578,OptRes,[Pretrained] CF OptRes,0.003,0,0.003,752,23,0.0,5,0.9340000000000002,0.007000000000000117,20
748,feature_0 > -0.009 AND feature_0 > 0.557 AND feature_0 > 1.312 AND feature_0 > 1.679 AND feature_15 > 0.748,"{'feature_0': (1.679, 3.621), 'feature_15': (0.748, 3.636)}",2,2.627,5,[Pretrained] CF,"[378, 544, 688, 718]",2.938,2.905,OptRes,[Pretrained] CF OptRes,0.003,0,0.003,752,92,0.17401960784313725,5,0.3110000000000004,0.03300000000000036,20
750,feature_0 > -0.009 AND feature_0 > 0.557 AND feature_0 > 1.312 AND feature_0 > 1.679 AND feature_15 > 0.748 AND feature_1 <= 0.434 AND feature_10 <= -0.019,"{'feature_0': (1.679, 3.621), 'feature_15': (0.748, 3.636), 'feature_1': (-3.98, 0.434), 'feature_10': (-3.9, -0.019)}",4,2.615,7,[Pretrained] CF,"[378, 544, 688, 718, 748, 749]",2.708,2.693,OptRes,[Pretrained] CF OptRes,0.003,0,0.003,752,32,0.08088235294117647,5,0.09299999999999997,0.015000000000000124,20
744,feature_0 > -0.009 AND feature_0 > 0.557 AND feature_0 > 1.312 AND feature_0 > 1.679 AND feature_15 <= 0.748 AND feature_1 > -0.322 AND feature_0 > 2.025 AND feature_18 > -0.419 AND feature_9 <= -0.368,"{'feature_0': (2.025, 3.621), 'feature_15': (-3.704, 0.748), 'feature_1': (-0.322, 3.852), 'feature_18': (-0.419, 3.802), 'feature_9': (-3.749, -0.368)}",5,2.565,9,[Pretrained] CF,"[378, 544, 688, 718, 719, 731, 739, 743]",3.39,3.386,OptRes,[Pretrained] CF OptRes,0.003,0,0.003,752,26,0.0,5,0.8250000000000002,0.0040000000000000036,20
752,feature_0 > -0.009 AND feature_0 > 0.557 AND feature_0 > 1.312 AND feature_0 > 1.679 AND feature_15 > 0.748 AND feature_1 > 0.434,"{'feature_0': (1.679, 3.621), 'feature_15': (0.748, 3.636), 'feature_1': (0.434, 3.852)}",3,2.747,6,[Pretrained] CF,"[378, 544, 688, 718, 748]",3.359,3.336,ResOve,[Pretrained] CF ResOve,0.12,0,0.12,752,31,0.0,5,0.6120000000000001,0.02300000000000013,20
744,feature_0 > -0.009 AND feature_0 > 0.557 AND feature_0 > 1.312 AND feature_0 > 1.679 AND feature_15 <= 0.748 AND feature_1 > -0.322 AND feature_0 > 2.025 AND feature_18 > -0.419 AND feature_9 <= -0.368,"{'feature_0': (2.025, 3.621), 'feature_15': (-3.704, 0.748), 'feature_1': (-0.322, 3.852), 'feature_18': (-0.419, 3.802), 'feature_9': (-3.749, -0.368)}",5,2.565,9,[Pretrained] CF,"[378, 544, 688, 718, 719, 731, 739, 743]",3.39,3.386,ResOve,[Pretrained] CF ResOve,0.12,0,0.12,752,26,0.0,5,0.8250000000000002,0.0040000000000000036,20
742,feature_0 > -0.009 AND feature_0 > 0.557 AND feature_0 > 1.312 AND feature_0 > 1.679 AND feature_15 <= 0.748 AND feature_1 > -0.322 AND feature_0 > 2.025 AND feature_18 <= -0.419 AND feature_1 > 0.261,"{'feature_0': (2.025, 3.621), 'feature_15': (-3.704, 0.748), 'feature_1': (0.261, 3.852), 'feature_18': (-3.591, -0.419)}",4,2.651,9,[Pretrained] CF,"[378, 544, 688, 718, 719, 731, 739, 740]",3.585,3.578,ResOve,[Pretrained] CF ResOve,0.12,0,0.12,752,23,0.0,5,0.9340000000000002,0.007000000000000117,20
735,feature_0 > -0.009 AND feature_0 > 0.557 AND feature_0 > 1.312 AND feature_0 > 1.679 AND feature_15 <= 0.748 AND feature_1 > -0.322 AND feature_0 <= 2.025 AND feature_10 <= 0.179 AND feature_1 > 0.46,"{'feature_0': (1.679, 2.025), 'feature_15': (-3.704, 0.748), 'feature_1': (0.46, 3.852), 'feature_10': (-3.9, 0.179)}",4,2.515,9,[Pretrained] CF,"[378, 544, 688, 718, 719, 731, 732, 733]",3.293,3.314,ResOve,[Pretrained] CF ResOve,0.12,0,0.12,752,34,0.0,5,0.778,0.020999999999999908,20
670,feature_0 > -0.009 AND feature_0 > 0.557 AND feature_0 <= 1.312 AND feature_1 > 0.554 AND feature_1 > 0.999 AND feature_2 <= -0.108 AND feature_1 > 1.161 AND feature_10 <= -0.157 AND feature_7 <= -0.509,"{'feature_0': (0.557, 1.312), 'feature_1': (1.161, 3.852), 'feature_2': (-3.634, -0.108), 'feature_10': (-3.9, -0.157), 'feature_7': (-3.93, -0.509)}",5,2.561,9,[Pretrained] CF,"[378, 544, 545, 649, 665, 666, 668, 669]",2.69,2.686,ResOve,[Pretrained] CF ResOve,0.12,0,0.12,752,21,0.0,5,0.129,0.0040000000000000036,20
742,feature_0 > -0.009 AND feature_0 > 0.557 AND feature_0 > 1.312 AND feature_0 > 1.679 AND feature_15 <= 0.748 AND feature_1 > -0.322 AND feature_0 > 2.025 AND feature_18 <= -0.419 AND feature_1 > 0.261,"{'feature_0': (2.025, 3.621), 'feature_15': (-3.704, 0.748), 'feature_1': (0.261, 3.852), 'feature_18': (-3.591, -0.419)}",4,2.651,9,[Pretrained] CF,"[378, 544, 688, 718, 719, 731, 739, 740]",3.585,3.578,NoOve,[Pretrained] CF NoOve,0.008,0,0.008,752,23,0.0,5,0.9340000000000002,0.007000000000000117,20
744,feature_0 > -0.009 AND feature_0 > 0.557 AND feature_0 > 1.312 AND feature_0 > 1.679 AND feature_15 <= 0.748 AND feature_1 > -0.322 AND feature_0 > 2.025 AND feature_18 > -0.419 AND feature_9 <= -0.368,"{'feature_0': (2.025, 3.621), 'feature_15': (-3.704, 0.748), 'feature_1': (-0.322, 3.852), 'feature_18': (-0.419, 3.802), 'feature_9': (-3.749, -0.368)}",5,2.565,9,[Pretrained] CF,"[378, 544, 688, 718, 719, 731, 739, 743]",3.39,3.386,NoOve,[Pretrained] CF NoOve,0.008,0,0.008,752,26,0.0,5,0.8250000000000002,0.0040000000000000036,20
670,feature_0 > -0.009 AND feature_0 > 0.557 AND feature_0 <= 1.312 AND feature_1 > 0.554 AND feature_1 > 0.999 AND feature_2 <= -0.108 AND feature_1 > 1.161 AND feature_10 <= -0.157 AND feature_7 <= -0.509,"{'feature_0': (0.557, 1.312), 'feature_1': (1.161, 3.852), 'feature_2': (-3.634, -0.108), 'feature_10': (-3.9, -0.157), 'feature_7': (-3.93, -0.509)}",5,2.561,9,[Pretrained] CF,"[378, 544, 545, 649, 665, 666, 668, 669]",2.69,2.686,NoOve,[Pretrained] CF NoOve,0.008,0,0.008,752,21,0.0,5,0.129,0.0040000000000000036,20
735,feature_0 > -0.009 AND feature_0 > 0.557 AND feature_0 > 1.312 AND feature_0 > 1.679 AND feature_15 <= 0.748 AND feature_1 > -0.322 AND feature_0 <= 2.025 AND feature_10 <= 0.179 AND feature_1 > 0.46,"{'feature_0': (1.679, 2.025), 'feature_15': (-3.704, 0.748), 'feature_1': (0.46, 3.852), 'feature_10': (-3.9, 0.179)}",4,2.515,9,[Pretrained] CF,"[378, 544, 688, 718, 719, 731, 732, 733]",3.293,3.314,NoOve,[Pretrained] CF NoOve,0.008,0,0.008,752,34,0.0,5,0.778,0.020999999999999908,20
745,feature_0 > -0.009 AND feature_0 > 0.557 AND feature_0 > 1.312 AND feature_0 > 1.679 AND feature_15 <= 0.748 AND feature_1 > -0.322 AND feature_0 > 2.025 AND feature_18 > -0.419 AND feature_9 > -0.368,"{'feature_0': (2.025, 3.621), 'feature_15': (-3.704, 0.748), 'feature_1': (-0.322, 3.852), 'feature_18': (-0.419, 3.802), 'feature_9': (-0.368, 3.622)}",5,2.432,9,[Pretrained] CF,"[378, 544, 688, 718, 719, 731, 739, 743]",3.271,3.287,NoOve,[Pretrained] CF NoOve,0.008,0,0.008,752,41,0.0,5,0.839,0.016000000000000014,20
752,feature_0 > -0.009 AND feature_0 > 0.557 AND feature_0 > 1.312 AND feature_0 > 1.679 AND feature_15 > 0.748 AND feature_1 > 0.434,"{'feature_0': (1.679, 3.621), 'feature_15': (0.748, 3.636), 'feature_1': (0.434, 3.852)}",3,2.747,6,[Pretrained] CF,"[378, 544, 688, 718, 748]",3.359,3.338,OptRes,[Pretrained] CF OptRes,0.003,0,0.003,752,37,0.09313725490196079,5,0.6120000000000001,0.020999999999999908,20
742,feature_0 > -0.009 AND feature_0 > 0.557 AND feature_0 > 1.312 AND feature_0 > 1.679 AND feature_15 <= 0.748 AND feature_1 > -0.322 AND feature_0 > 2.025 AND feature_18 <= -0.419 AND feature_1 > 0.261,"{'feature_0': (2.025, 3.621), 'feature_15': (-3.704, 0.748), 'feature_1': (0.261, 3.852), 'feature_18': (-3.591, -0.419)}",4,2.651,9,[Pretrained] CF,"[378, 544, 688, 718, 719, 731, 739, 740]",3.585,3.585,OptRes,[Pretrained] CF OptRes,0.003,0,0.003,752,25,0.0,5,0.9340000000000002,0.0,20
748,feature_0 > -0.009 AND feature_0 > 0.557 AND feature_0 > 1.312 AND feature_0 > 1.679 AND feature_15 > 0.748,"{'feature_0': (1.679, 3.621), 'feature_15': (0.748, 3.636)}",2,2.627,5,[Pretrained] CF,"[378, 544, 688, 718]",2.938,2.942,OptRes,[Pretrained] CF OptRes,0.003,0,0.003,752,94,0.17401960784313725,5,0.3110000000000004,0.0040000000000000036,20
750,feature_0 > -0.009 AND feature_0 > 0.557 AND feature_0 > 1.312 AND feature_0 > 1.679 AND feature_15 > 0.748 AND feature_1 <= 0.434 AND feature_10 <= -0.019,"{'feature_0': (1.679, 3.621), 'feature_15': (0.748, 3.636), 'feature_1': (-3.98, 0.434), 'feature_10': (-3.9, -0.019)}",4,2.615,7,[Pretrained] CF,"[378, 544, 688, 718, 748, 749]",2.708,2.697,OptRes,[Pretrained] CF OptRes,0.003,0,0.003,752,30,0.08088235294117647,5,0.09299999999999997,0.01100000000000012,20
744,feature_0 > -0.009 AND feature_0 > 0.557 AND feature_0 > 1.312 AND feature_0 > 1.679 AND feature_15 <= 0.748 AND feature_1 > -0.322 AND feature_0 > 2.025 AND feature_18 > -0.419 AND feature_9 <= -0.368,"{'feature_0': (2.025, 3.621), 'feature_15': (-3.704, 0.748), 'feature_1': (-0.322, 3.852), 'feature_18': (-0.419, 3.802), 'feature_9': (-3.749, -0.368)}",5,2.565,9,[Pretrained] CF,"[378, 544, 688, 718, 719, 731, 739, 743]",3.39,3.419,OptRes,[Pretrained] CF OptRes,0.003,0,0.003,752,24,0.0,5,0.8250000000000002,0.028999999999999915,20
752,feature_0 > -0.009 AND feature_0 > 0.557 AND feature_0 > 1.312 AND feature_0 > 1.679 AND feature_15 > 0.748 AND feature_1 > 0.434,"{'feature_0': (1.679, 3.621), 'feature_15': (0.748, 3.636), 'feature_1': (0.434, 3.852)}",3,2.747,6,[Pretrained] CF,"[378, 544, 688, 718, 748]",3.359,3.338,ResOve,[Pretrained] CF ResOve,0.116,0,0.116,752,37,0.0,5,0.6120000000000001,0.020999999999999908,20
751,feature_0 > -0.009 AND feature_0 > 0.557 AND feature_0 > 1.312 AND feature_0 > 1.679 AND feature_15 > 0.748 AND feature_1 <= 0.434 AND feature_10 > -0.019,"{'feature_0': (1.679, 3.621), 'feature_15': (0.748, 3.636), 'feature_1': (-3.98, 0.434), 'feature_10': (-0.019, 3.853)}",4,2.494,7,[Pretrained] CF,"[378, 544, 688, 718, 748, 749]",2.667,2.67,ResOve,[Pretrained] CF ResOve,0.116,0,0.116,752,27,0.0,5,0.1729999999999996,0.0030000000000001137,20
750,feature_0 > -0.009 AND feature_0 > 0.557 AND feature_0 > 1.312 AND feature_0 > 1.679 AND feature_15 > 0.748 AND feature_1 <= 0.434 AND feature_10 <= -0.019,"{'feature_0': (1.679, 3.621), 'feature_15': (0.748, 3.636), 'feature_1': (-3.98, 0.434), 'feature_10': (-3.9, -0.019)}",4,2.615,7,[Pretrained] CF,"[378, 544, 688, 718, 748, 749]",2.708,2.697,ResOve,[Pretrained] CF ResOve,0.116,0,0.116,752,30,0.0,5,0.09299999999999997,0.01100000000000012,20
747,feature_0 > -0.009 AND feature_0 > 0.557 AND feature_0 > 1.312 AND feature_0 > 1.679 AND feature_15 <= 0.748 AND feature_1 > -0.322 AND feature_0 > 2.025 AND feature_18 > -0.419 AND feature_9 > -0.368 AND feature_16 > -0.296,"{'feature_0': (2.025, 3.621), 'feature_15': (-3.704, 0.748), 'feature_1': (-0.322, 3.852), 'feature_18': (-0.419, 3.802), 'feature_9': (-0.368, 3.622), 'feature_16': (-0.296, 3.902)}",6,2.486,10,[Pretrained] CF,"[378, 544, 688, 718, 719, 731, 739, 743, 745]",3.284,3.284,ResOve,[Pretrained] CF ResOve,0.116,0,0.116,752,24,0.0,5,0.7979999999999996,0.0,20
735,feature_0 > -0.009 AND feature_0 > 0.557 AND feature_0 > 1.312 AND feature_0 > 1.679 AND feature_15 <= 0.748 AND feature_1 > -0.322 AND feature_0 <= 2.025 AND feature_10 <= 0.179 AND feature_1 > 0.46,"{'feature_0': (1.679, 2.025), 'feature_15': (-3.704, 0.748), 'feature_1': (0.46, 3.852), 'feature_10': (-3.9, 0.179)}",4,2.515,9,[Pretrained] CF,"[378, 544, 688, 718, 719, 731, 732, 733]",3.293,3.296,ResOve,[Pretrained] CF ResOve,0.116,0,0.116,752,36,0.0,5,0.778,0.0029999999999996696,20
742,feature_0 > -0.009 AND feature_0 > 0.557 AND feature_0 > 1.312 AND feature_0 > 1.679 AND feature_15 <= 0.748 AND feature_1 > -0.322 AND feature_0 > 2.025 AND feature_18 <= -0.419 AND feature_1 > 0.261,"{'feature_0': (2.025, 3.621), 'feature_15': (-3.704, 0.748), 'feature_1': (0.261, 3.852), 'feature_18': (-3.591, -0.419)}",4,2.651,9,[Pretrained] CF,"[378, 544, 688, 718, 719, 731, 739, 740]",3.585,3.585,NoOve,[Pretrained] CF NoOve,0.007,0,0.007,752,25,0.0,5,0.9340000000000002,0.0,20
744,feature_0 > -0.009 AND feature_0 > 0.557 AND feature_0 > 1.312 AND feature_0 > 1.679 AND feature_15 <= 0.748 AND feature_1 > -0.322 AND feature_0 > 2.025 AND feature_18 > -0.419 AND feature_9 <= -0.368,"{'feature_0': (2.025, 3.621), 'feature_15': (-3.704, 0.748), 'feature_1': (-0.322, 3.852), 'feature_18': (-0.419, 3.802), 'feature_9': (-3.749, -0.368)}",5,2.565,9,[Pretrained] CF,"[378, 544, 688, 718, 719, 731, 739, 743]",3.39,3.419,NoOve,[Pretrained] CF NoOve,0.007,0,0.007,752,24,0.0,5,0.8250000000000002,0.028999999999999915,20
735,feature_0 > -0.009 AND feature_0 > 0.557 AND feature_0 > 1.312 AND feature_0 > 1.679 AND feature_15 <= 0.748 AND feature_1 > -0.322 AND feature_0 <= 2.025 AND feature_10 <= 0.179 AND feature_1 > 0.46,"{'feature_0': (1.679, 2.025), 'feature_15': (-3.704, 0.748), 'feature_1': (0.46, 3.852), 'feature_10': (-3.9, 0.179)}",4,2.515,9,[Pretrained] CF,"[378, 544, 688, 718, 719, 731, 732, 733]",3.293,3.296,NoOve,[Pretrained] CF NoOve,0.007,0,0.007,752,36,0.0,5,0.778,0.0029999999999996696,20
745,feature_0 > -0.009 AND feature_0 > 0.557 AND feature_0 > 1.312 AND feature_0 > 1.679 AND feature_15 <= 0.748 AND feature_1 > -0.322 AND feature_0 > 2.025 AND feature_18 > -0.419 AND feature_9 > -0.368,"{'feature_0': (2.025, 3.621), 'feature_15': (-3.704, 0.748), 'feature_1': (-0.322, 3.852), 'feature_18': (-0.419, 3.802), 'feature_9': (-0.368, 3.622)}",5,2.432,9,[Pretrained] CF,"[378, 544, 688, 718, 719, 731, 739, 743]",3.271,3.271,NoOve,[Pretrained] CF NoOve,0.007,0,0.007,752,46,0.0,5,0.839,0.0,20
734,feature_0 > -0.009 AND feature_0 > 0.557 AND feature_0 > 1.312 AND feature_0 > 1.679 AND feature_15 <= 0.748 AND feature_1 > -0.322 AND feature_0 <= 2.025 AND feature_10 <= 0.179 AND feature_1 <= 0.46,"{'feature_0': (1.679, 2.025), 'feature_15': (-3.704, 0.748), 'feature_1': (-0.322, 0.46), 'feature_10': (-3.9, 0.179)}",4,2.416,9,[Pretrained] CF,"[378, 544, 688, 718, 719, 731, 732, 733]",2.572,2.573,NoOve,[Pretrained] CF NoOve,0.007,0,0.007,752,31,0.0,5,0.15600000000000014,0.0009999999999998899,20
752,feature_0 > -0.009 AND feature_0 > 0.557 AND feature_0 > 1.312 AND feature_0 > 1.679 AND feature_15 > 0.748 AND feature_1 > 0.434,"{'feature_0': (1.679, 3.621), 'feature_15': (0.748, 3.636), 'feature_1': (0.434, 3.852)}",3,2.747,6,[Pretrained] CF,"[378, 544, 688, 718, 748]",3.359,3.342,OptRes,[Pretrained] CF OptRes,0.004,0,0.004,752,21,0.09313725490196079,5,0.6120000000000001,0.016999999999999904,20
748,feature_0 > -0.009 AND feature_0 > 0.557 AND feature_0 > 1.312 AND feature_0 > 1.679 AND feature_15 > 0.748,"{'feature_0': (1.679, 3.621), 'feature_15': (0.748, 3.636)}",2,2.627,5,[Pretrained] CF,"[378, 544, 688, 718]",2.938,2.963,OptRes,[Pretrained] CF OptRes,0.004,0,0.004,752,60,0.09313725490196079,5,0.3110000000000004,0.02499999999999991,20
740,feature_0 > -0.009 AND feature_0 > 0.557 AND feature_0 > 1.312 AND feature_0 > 1.679 AND feature_15 <= 0.748 AND feature_1 > -0.322 AND feature_0 > 2.025 AND feature_18 <= -0.419,"{'feature_0': (2.025, 3.621), 'feature_15': (-3.704, 0.748), 'feature_1': (-0.322, 3.852), 'feature_18': (-3.591, -0.419)}",4,2.603,8,[Pretrained] CF,"[378, 544, 688, 718, 719, 731, 739]",3.303,3.286,OptRes,[Pretrained] CF OptRes,0.004,0,0.004,752,23,0.09504132231404959,5,0.6999999999999997,0.016999999999999904,20
744,feature_0 > -0.009 AND feature_0 > 0.557 AND feature_0 > 1.312 AND feature_0 > 1.679 AND feature_15 <= 0.748 AND feature_1 > -0.322 AND feature_0 > 2.025 AND feature_18 > -0.419 AND feature_9 <= -0.368,"{'feature_0': (2.025, 3.621), 'feature_15': (-3.704, 0.748), 'feature_1': (-0.322, 3.852), 'feature_18': (-0.419, 3.802), 'feature_9': (-3.749, -0.368)}",5,2.565,9,[Pretrained] CF,"[378, 544, 688, 718, 719, 731, 739, 743]",3.39,3.39,OptRes,[Pretrained] CF OptRes,0.004,0,0.004,752,29,0.05991735537190083,5,0.8250000000000002,0.0,20
739,feature_0 > -0.009 AND feature_0 > 0.557 AND feature_0 > 1.312 AND feature_0 > 1.679 AND feature_15 <= 0.748 AND feature_1 > -0.322 AND feature_0 > 2.025,"{'feature_0': (2.025, 3.621), 'feature_15': (-3.704, 0.748), 'feature_1': (-0.322, 3.852)}",3,2.529,7,[Pretrained] CF,"[378, 544, 688, 718, 719, 731]",3.312,3.3,OptRes,[Pretrained] CF OptRes,0.004,0,0.004,752,65,0.15495867768595042,5,0.7829999999999999,0.01200000000000001,20
752,feature_0 > -0.009 AND feature_0 > 0.557 AND feature_0 > 1.312 AND feature_0 > 1.679 AND feature_15 > 0.748 AND feature_1 > 0.434,"{'feature_0': (1.679, 3.621), 'feature_15': (0.748, 3.636), 'feature_1': (0.434, 3.852)}",3,2.747,6,[Pretrained] CF,"[378, 544, 688, 718, 748]",3.359,3.342,ResOve,[Pretrained] CF ResOve,0.13,0,0.13,752,21,0.0,5,0.6120000000000001,0.016999999999999904,20
749,feature_0 > -0.009 AND feature_0 > 0.557 AND feature_0 > 1.312 AND feature_0 > 1.679 AND feature_15 > 0.748 AND feature_1 <= 0.434,"{'feature_0': (1.679, 3.621), 'feature_15': (0.748, 3.636), 'feature_1': (-3.98, 0.434)}",3,2.556,6,[Pretrained] CF,"[378, 544, 688, 718, 748]",2.688,2.759,ResOve,[Pretrained] CF ResOve,0.13,0,0.13,752,39,0.0,5,0.13200000000000012,0.07099999999999973,20
744,feature_0 > -0.009 AND feature_0 > 0.557 AND feature_0 > 1.312 AND feature_0 > 1.679 AND feature_15 <= 0.748 AND feature_1 > -0.322 AND feature_0 > 2.025 AND feature_18 > -0.419 AND feature_9 <= -0.368,"{'feature_0': (2.025, 3.621), 'feature_15': (-3.704, 0.748), 'feature_1': (-0.322, 3.852), 'feature_18': (-0.419, 3.802), 'feature_9': (-3.749, -0.368)}",5,2.565,9,[Pretrained] CF,"[378, 544, 688, 718, 719, 731, 739, 743]",3.39,3.39,ResOve,[Pretrained] CF ResOve,0.13,0,0.13,752,29,0.0,5,0.8250000000000002,0.0,20
740,feature_0 > -0.009 AND feature_0 > 0.557 AND feature_0 > 1.312 AND feature_0 > 1.679 AND feature_15 <= 0.748 AND feature_1 > -0.322 AND feature_0 > 2.025 AND feature_18 <= -0.419,"{'feature_0': (2.025, 3.621), 'feature_15': (-3.704, 0.748), 'feature_1': (-0.322, 3.852), 'feature_18': (-3.591, -0.419)}",4,2.603,8,[Pretrained] CF,"[378, 544, 688, 718, 719, 731, 739]",3.303,3.286,ResOve,[Pretrained] CF ResOve,0.13,0,0.13,752,23,0.0,5,0.6999999999999997,0.016999999999999904,20
735,feature_0 > -0.009 AND feature_0 > 0.557 AND feature_0 > 1.312 AND feature_0 > 1.679 AND feature_15 <= 0.748 AND feature_1 > -0.322 AND feature_0 <= 2.025 AND feature_10 <= 0.179 AND feature_1 > 0.46,"{'feature_0': (1.679, 2.025), 'feature_15': (-3.704, 0.748), 'feature_1': (0.46, 3.852), 'feature_10': (-3.9, 0.179)}",4,2.515,9,[Pretrained] CF,"[378, 544, 688, 718, 719, 731, 732, 733]",3.293,3.284,ResOve,[Pretrained] CF ResOve,0.13,0,0.13,752,24,0.0,5,0.778,0.009000000000000341,20
752,feature_0 > -0.009 AND feature_0 > 0.557 AND feature_0 > 1.312 AND feature_0 > 1.679 AND feature_15 > 0.748 AND feature_1 > 0.434,"{'feature_0': (1.679, 3.621), 'feature_15': (0.748, 3.636), 'feature_1': (0.434, 3.852)}",3,2.747,6,[Pretrained] CF,"[378, 544, 688, 718, 748]",3.359,3.342,NoOve,[Pretrained] CF NoOve,0.022,0,0.022,752,21,0.0,5,0.6120000000000001,0.016999999999999904,20
749,feature_0 > -0.009 AND feature_0 > 0.557 AND feature_0 > 1.312 AND feature_0 > 1.679 AND feature_15 > 0.748 AND feature_1 <= 0.434,"{'feature_0': (1.679, 3.621), 'feature_15': (0.748, 3.636), 'feature_1': (-3.98, 0.434)}",3,2.556,6,[Pretrained] CF,"[378, 544, 688, 718, 748]",2.688,2.759,NoOve,[Pretrained] CF NoOve,0.022,0,0.022,752,39,0.0,5,0.13200000000000012,0.07099999999999973,20
731,feature_0 > -0.009 AND feature_0 > 0.557 AND feature_0 > 1.312 AND feature_0 > 1.679 AND feature_15 <= 0.748 AND feature_1 > -0.322,"{'feature_0': (1.679, 3.621), 'feature_15': (-3.704, 0.748), 'feature_1': (-0.322, 3.852)}",3,2.469,6,[Pretrained] CF,"[378, 544, 688, 718, 719]",3.12,3.128,NoOve,[Pretrained] CF NoOve,0.022,0,0.022,752,134,0.0,5,0.6510000000000002,0.008000000000000007,20
666,feature_0 > -0.009 AND feature_0 > 0.557 AND feature_0 <= 1.312 AND feature_1 > 0.554 AND feature_1 > 0.999 AND feature_2 <= -0.108,"{'feature_0': (0.557, 1.312), 'feature_1': (0.999, 3.852), 'feature_2': (-3.634, -0.108)}",3,2.317,6,[Pretrained] CF,"[378, 544, 545, 649, 665]",2.62,2.631,NoOve,[Pretrained] CF NoOve,0.022,0,0.022,752,77,0.0,5,0.30299999999999994,0.010999999999999677,20
720,feature_0 > -0.009 AND feature_0 > 0.557 AND feature_0 > 1.312 AND feature_0 > 1.679 AND feature_15 <= 0.748 AND feature_1 <= -0.322,"{'feature_0': (1.679, 3.621), 'feature_15': (-3.704, 0.748), 'feature_1': (-3.98, -0.322)}",3,2.295,6,[Pretrained] CF,"[378, 544, 688, 718, 719]",2.459,2.473,NoOve,[Pretrained] CF NoOve,0.022,0,0.022,752,75,0.0,5,0.16400000000000015,0.01399999999999979,20
752,feature_0 > -0.009 AND feature_0 > 0.557 AND feature_0 > 1.312 AND feature_0 > 1.679 AND feature_15 > 0.748 AND feature_1 > 0.434,"{'feature_0': (1.679, 3.621), 'feature_15': (0.748, 3.636), 'feature_1': (0.434, 3.852)}",3,2.747,6,[Pretrained] CF,"[378, 544, 688, 718, 748]",3.359,3.366,OptRes,[Pretrained] CF OptRes,0.004,0,0.004,752,29,0.09313725490196079,5,0.6120000000000001,0.007000000000000117,20
748,feature_0 > -0.009 AND feature_0 > 0.557 AND feature_0 > 1.312 AND feature_0 > 1.679 AND feature_15 > 0.748,"{'feature_0': (1.679, 3.621), 'feature_15': (0.748, 3.636)}",2,2.627,5,[Pretrained] CF,"[378, 544, 688, 718]",2.938,2.905,OptRes,[Pretrained] CF OptRes,0.004,0,0.004,752,77,0.17401960784313725,5,0.3110000000000004,0.03300000000000036,20
750,feature_0 > -0.009 AND feature_0 > 0.557 AND feature_0 > 1.312 AND feature_0 > 1.679 AND feature_15 > 0.748 AND feature_1 <= 0.434 AND feature_10 <= -0.019,"{'feature_0': (1.679, 3.621), 'feature_15': (0.748, 3.636), 'feature_1': (-3.98, 0.434), 'feature_10': (-3.9, -0.019)}",4,2.615,7,[Pretrained] CF,"[378, 544, 688, 718, 748, 749]",2.708,2.663,OptRes,[Pretrained] CF OptRes,0.004,0,0.004,752,26,0.08088235294117647,5,0.09299999999999997,0.04500000000000037,20
740,feature_0 > -0.009 AND feature_0 > 0.557 AND feature_0 > 1.312 AND feature_0 > 1.679 AND feature_15 <= 0.748 AND feature_1 > -0.322 AND feature_0 > 2.025 AND feature_18 <= -0.419,"{'feature_0': (2.025, 3.621), 'feature_15': (-3.704, 0.748), 'feature_1': (-0.322, 3.852), 'feature_18': (-3.591, -0.419)}",4,2.603,8,[Pretrained] CF,"[378, 544, 688, 718, 719, 731, 739]",3.303,3.336,OptRes,[Pretrained] CF OptRes,0.004,0,0.004,752,35,0.09504132231404959,5,0.6999999999999997,0.03299999999999992,20
739,feature_0 > -0.009 AND feature_0 > 0.557 AND feature_0 > 1.312 AND feature_0 > 1.679 AND feature_15 <= 0.748 AND feature_1 > -0.322 AND feature_0 > 2.025,"{'feature_0': (2.025, 3.621), 'feature_15': (-3.704, 0.748), 'feature_1': (-0.322, 3.852)}",3,2.529,7,[Pretrained] CF,"[378, 544, 688, 718, 719, 731]",3.312,3.334,OptRes,[Pretrained] CF OptRes,0.004,0,0.004,752,90,0.09504132231404959,5,0.7829999999999999,0.02200000000000024,20
752,feature_0 > -0.009 AND feature_0 > 0.557 AND feature_0 > 1.312 AND feature_0 > 1.679 AND feature_15 > 0.748 AND feature_1 > 0.434,"{'feature_0': (1.679, 3.621), 'feature_15': (0.748, 3.636), 'feature_1': (0.434, 3.852)}",3,2.747,6,[Pretrained] CF,"[378, 544, 688, 718, 748]",3.359,3.366,ResOve,[Pretrained] CF ResOve,0.125,0,0.125,752,29,0.0,5,0.6120000000000001,0.007000000000000117,20
751,feature_0 > -0.009 AND feature_0 > 0.557 AND feature_0 > 1.312 AND feature_0 > 1.679 AND feature_15 > 0.748 AND feature_1 <= 0.434 AND feature_10 > -0.019,"{'feature_0': (1.679, 3.621), 'feature_15': (0.748, 3.636), 'feature_1': (-3.98, 0.434), 'feature_10': (-0.019, 3.853)}",4,2.494,7,[Pretrained] CF,"[378, 544, 688, 718, 748, 749]",2.667,2.584,ResOve,[Pretrained] CF ResOve,0.125,0,0.125,752,22,0.0,5,0.1729999999999996,0.08299999999999974,20
750,feature_0 > -0.009 AND feature_0 > 0.557 AND feature_0 > 1.312 AND feature_0 > 1.679 AND feature_15 > 0.748 AND feature_1 <= 0.434 AND feature_10 <= -0.019,"{'feature_0': (1.679, 3.621), 'feature_15': (0.748, 3.636), 'feature_1': (-3.98, 0.434), 'feature_10': (-3.9, -0.019)}",4,2.615,7,[Pretrained] CF,"[378, 544, 688, 718, 748, 749]",2.708,2.663,ResOve,[Pretrained] CF ResOve,0.125,0,0.125,752,26,0.0,5,0.09299999999999997,0.04500000000000037,20
747,feature_0 > -0.009 AND feature_0 > 0.557 AND feature_0 > 1.312 AND feature_0 > 1.679 AND feature_15 <= 0.748 AND feature_1 > -0.322 AND feature_0 > 2.025 AND feature_18 > -0.419 AND feature_9 > -0.368 AND feature_16 > -0.296,"{'feature_0': (2.025, 3.621), 'feature_15': (-3.704, 0.748), 'feature_1': (-0.322, 3.852), 'feature_18': (-0.419, 3.802), 'feature_9': (-0.368, 3.622), 'feature_16': (-0.296, 3.902)}",6,2.486,10,[Pretrained] CF,"[378, 544, 688, 718, 719, 731, 739, 743, 745]",3.284,3.284,ResOve,[Pretrained] CF ResOve,0.125,0,0.125,752,24,0.0,5,0.7979999999999996,0.0,20
735,feature_0 > -0.009 AND feature_0 > 0.557 AND feature_0 > 1.312 AND feature_0 > 1.679 AND feature_15 <= 0.748 AND feature_1 > -0.322 AND feature_0 <= 2.025 AND feature_10 <= 0.179 AND feature_1 > 0.46,"{'feature_0': (1.679, 2.025), 'feature_15': (-3.704, 0.748), 'feature_1': (0.46, 3.852), 'feature_10': (-3.9, 0.179)}",4,2.515,9,[Pretrained] CF,"[378, 544, 688, 718, 719, 731, 732, 733]",3.293,3.233,ResOve,[Pretrained] CF ResOve,0.125,0,0.125,752,24,0.0,5,0.778,0.06000000000000005,20
752,feature_0 > -0.009 AND feature_0 > 0.557 AND feature_0 > 1.312 AND feature_0 > 1.679 AND feature_15 > 0.748 AND feature_1 > 0.434,"{'feature_0': (1.679, 3.621), 'feature_15': (0.748, 3.636), 'feature_1': (0.434, 3.852)}",3,2.747,6,[Pretrained] CF,"[378, 544, 688, 718, 748]",3.359,3.366,NoOve,[Pretrained] CF NoOve,0.011,0,0.011,752,29,0.0,5,0.6120000000000001,0.007000000000000117,20
749,feature_0 > -0.009 AND feature_0 > 0.557 AND feature_0 > 1.312 AND feature_0 > 1.679 AND feature_15 > 0.748 AND feature_1 <= 0.434,"{'feature_0': (1.679, 3.621), 'feature_15': (0.748, 3.636), 'feature_1': (-3.98, 0.434)}",3,2.556,6,[Pretrained] CF,"[378, 544, 688, 718, 748]",2.688,2.627,NoOve,[Pretrained] CF NoOve,0.011,0,0.011,752,48,0.0,5,0.13200000000000012,0.06100000000000039,20
731,feature_0 > -0.009 AND feature_0 > 0.557 AND feature_0 > 1.312 AND feature_0 > 1.679 AND feature_15 <= 0.748 AND feature_1 > -0.322,"{'feature_0': (1.679, 3.621), 'feature_15': (-3.704, 0.748), 'feature_1': (-0.322, 3.852)}",3,2.469,6,[Pretrained] CF,"[378, 544, 688, 718, 719]",3.12,3.098,NoOve,[Pretrained] CF NoOve,0.011,0,0.011,752,181,0.0,5,0.6510000000000002,0.02200000000000024,20
714,feature_0 > -0.009 AND feature_0 > 0.557 AND feature_0 > 1.312 AND feature_0 <= 1.679 AND feature_1 > 0.921 AND feature_2 <= -0.361,"{'feature_0': (1.312, 1.679), 'feature_1': (0.921, 3.852), 'feature_2': (-3.634, -0.361)}",3,2.447,6,[Pretrained] CF,"[378, 544, 688, 689, 713]",3.165,3.18,NoOve,[Pretrained] CF NoOve,0.011,0,0.011,752,21,0.0,5,0.718,0.015000000000000124,20
666,feature_0 > -0.009 AND feature_0 > 0.557 AND feature_0 <= 1.312 AND feature_1 > 0.554 AND feature_1 > 0.999 AND feature_2 <= -0.108,"{'feature_0': (0.557, 1.312), 'feature_1': (0.999, 3.852), 'feature_2': (-3.634, -0.108)}",3,2.317,6,[Pretrained] CF,"[378, 544, 545, 649, 665]",2.62,2.638,NoOve,[Pretrained] CF NoOve,0.011,0,0.011,752,106,0.0,5,0.30299999999999994,0.017999999999999794,20
752,feature_0 > -0.009 AND feature_0 > 0.557 AND feature_0 > 1.312 AND feature_0 > 1.679 AND feature_15 > 0.748 AND feature_1 > 0.434,"{'feature_0': (1.679, 3.621), 'feature_15': (0.748, 3.636), 'feature_1': (0.434, 3.852)}",3,2.747,6,[Pretrained] CF,"[378, 544, 688, 718, 748]",3.359,3.327,OptRes,[Pretrained] CF OptRes,0.003,0,0.003,752,28,0.09313725490196079,5,0.6120000000000001,0.03200000000000003,20
748,feature_0 > -0.009 AND feature_0 > 0.557 AND feature_0 > 1.312 AND feature_0 > 1.679 AND feature_15 > 0.748,"{'feature_0': (1.679, 3.621), 'feature_15': (0.748, 3.636)}",2,2.627,5,[Pretrained] CF,"[378, 544, 688, 718]",2.938,2.966,OptRes,[Pretrained] CF OptRes,0.003,0,0.003,752,75,0.17401960784313725,5,0.3110000000000004,0.028000000000000025,20
750,feature_0 > -0.009 AND feature_0 > 0.557 AND feature_0 > 1.312 AND feature_0 > 1.679 AND feature_15 > 0.748 AND feature_1 <= 0.434 AND feature_10 <= -0.019,"{'feature_0': (1.679, 3.621), 'feature_15': (0.748, 3.636), 'feature_1': (-3.98, 0.434), 'feature_10': (-3.9, -0.019)}",4,2.615,7,[Pretrained] CF,"[378, 544, 688, 718, 748, 749]",2.708,2.732,OptRes,[Pretrained] CF OptRes,0.003,0,0.003,752,25,0.08088235294117647,5,0.09299999999999997,0.02400000000000002,20
740,feature_0 > -0.009 AND feature_0 > 0.557 AND feature_0 > 1.312 AND feature_0 > 1.679 AND feature_15 <= 0.748 AND feature_1 > -0.322 AND feature_0 > 2.025 AND feature_18 <= -0.419,"{'feature_0': (2.025, 3.621), 'feature_15': (-3.704, 0.748), 'feature_1': (-0.322, 3.852), 'feature_18': (-3.591, -0.419)}",4,2.603,8,[Pretrained] CF,"[378, 544, 688, 718, 719, 731, 739]",3.303,3.216,OptRes,[Pretrained] CF OptRes,0.003,0,0.003,752,31,0.0,5,0.6999999999999997,0.08699999999999974,20
744,feature_0 > -0.009 AND feature_0 > 0.557 AND feature_0 > 1.312 AND feature_0 > 1.679 AND feature_15 <= 0.748 AND feature_1 > -0.322 AND feature_0 > 2.025 AND feature_18 > -0.419 AND feature_9 <= -0.368,"{'feature_0': (2.025, 3.621), 'feature_15': (-3.704, 0.748), 'feature_1': (-0.322, 3.852), 'feature_18': (-0.419, 3.802), 'feature_9': (-3.749, -0.368)}",5,2.565,9,[Pretrained] CF,"[378, 544, 688, 718, 719, 731, 739, 743]",3.39,3.39,OptRes,[Pretrained] CF OptRes,0.003,0,0.003,752,29,0.0,5,0.8250000000000002,0.0,20
752,feature_0 > -0.009 AND feature_0 > 0.557 AND feature_0 > 1.312 AND feature_0 > 1.679 AND feature_15 > 0.748 AND feature_1 > 0.434,"{'feature_0': (1.679, 3.621), 'feature_15': (0.748, 3.636), 'feature_1': (0.434, 3.852)}",3,2.747,6,[Pretrained] CF,"[378, 544, 688, 718, 748]",3.359,3.327,ResOve,[Pretrained] CF ResOve,0.124,0,0.124,752,28,0.0,5,0.6120000000000001,0.03200000000000003,20
751,feature_0 > -0.009 AND feature_0 > 0.557 AND feature_0 > 1.312 AND feature_0 > 1.679 AND feature_15 > 0.748 AND feature_1 <= 0.434 AND feature_10 > -0.019,"{'feature_0': (1.679, 3.621), 'feature_15': (0.748, 3.636), 'feature_1': (-3.98, 0.434), 'feature_10': (-0.019, 3.853)}",4,2.494,7,[Pretrained] CF,"[378, 544, 688, 718, 748, 749]",2.667,2.772,ResOve,[Pretrained] CF ResOve,0.124,0,0.124,752,22,0.0,5,0.1729999999999996,0.10499999999999998,20
750,feature_0 > -0.009 AND feature_0 > 0.557 AND feature_0 > 1.312 AND feature_0 > 1.679 AND feature_15 > 0.748 AND feature_1 <= 0.434 AND feature_10 <= -0.019,"{'feature_0': (1.679, 3.621), 'feature_15': (0.748, 3.636), 'feature_1': (-3.98, 0.434), 'feature_10': (-3.9, -0.019)}",4,2.615,7,[Pretrained] CF,"[378, 544, 688, 718, 748, 749]",2.708,2.732,ResOve,[Pretrained] CF ResOve,0.124,0,0.124,752,25,0.0,5,0.09299999999999997,0.02400000000000002,20
733,feature_0 > -0.009 AND feature_0 > 0.557 AND feature_0 > 1.312 AND feature_0 > 1.679 AND feature_15 <= 0.748 AND feature_1 > -0.322 AND feature_0 <= 2.025 AND feature_10 <= 0.179,"{'feature_0': (1.679, 2.025), 'feature_15': (-3.704, 0.748), 'feature_1': (-0.322, 3.852), 'feature_10': (-3.9, 0.179)}",4,2.469,8,[Pretrained] CF,"[378, 544, 688, 718, 719, 731, 732]",2.959,2.975,ResOve,[Pretrained] CF ResOve,0.124,0,0.124,752,51,0.0,5,0.4900000000000002,0.016000000000000014,20
669,feature_0 > -0.009 AND feature_0 > 0.557 AND feature_0 <= 1.312 AND feature_1 > 0.554 AND feature_1 > 0.999 AND feature_2 <= -0.108 AND feature_1 > 1.161 AND feature_10 <= -0.157,"{'feature_0': (0.557, 1.312), 'feature_1': (1.161, 3.852), 'feature_2': (-3.634, -0.108), 'feature_10': (-3.9, -0.157)}",4,2.459,8,[Pretrained] CF,"[378, 544, 545, 649, 665, 666, 668]",2.774,2.79,ResOve,[Pretrained] CF ResOve,0.124,0,0.124,752,42,0.0,5,0.31499999999999995,0.016000000000000014,20
752,feature_0 > -0.009 AND feature_0 > 0.557 AND feature_0 > 1.312 AND feature_0 > 1.679 AND feature_15 > 0.748 AND feature_1 > 0.434,"{'feature_0': (1.679, 3.621), 'feature_15': (0.748, 3.636), 'feature_1': (0.434, 3.852)}",3,2.747,6,[Pretrained] CF,"[378, 544, 688, 718, 748]",3.359,3.327,NoOve,[Pretrained] CF NoOve,0.016,0,0.016,752,28,0.0,5,0.6120000000000001,0.03200000000000003,20
749,feature_0 > -0.009 AND feature_0 > 0.557 AND feature_0 > 1.312 AND feature_0 > 1.679 AND feature_15 > 0.748 AND feature_1 <= 0.434,"{'feature_0': (1.679, 3.621), 'feature_15': (0.748, 3.636), 'feature_1': (-3.98, 0.434)}",3,2.556,6,[Pretrained] CF,"[378, 544, 688, 718, 748]",2.688,2.751,NoOve,[Pretrained] CF NoOve,0.016,0,0.016,752,47,0.0,5,0.13200000000000012,0.06299999999999972,20
731,feature_0 > -0.009 AND feature_0 > 0.557 AND feature_0 > 1.312 AND feature_0 > 1.679 AND feature_15 <= 0.748 AND feature_1 > -0.322,"{'feature_0': (1.679, 3.621), 'feature_15': (-3.704, 0.748), 'feature_1': (-0.322, 3.852)}",3,2.469,6,[Pretrained] CF,"[378, 544, 688, 718, 719]",3.12,3.074,NoOve,[Pretrained] CF NoOve,0.016,0,0.016,752,179,0.0,5,0.6510000000000002,0.04600000000000026,20
714,feature_0 > -0.009 AND feature_0 > 0.557 AND feature_0 > 1.312 AND feature_0 <= 1.679 AND feature_1 > 0.921 AND feature_2 <= -0.361,"{'feature_0': (1.312, 1.679), 'feature_1': (0.921, 3.852), 'feature_2': (-3.634, -0.361)}",3,2.447,6,[Pretrained] CF,"[378, 544, 688, 689, 713]",3.165,3.17,NoOve,[Pretrained] CF NoOve,0.016,0,0.016,752,21,0.0,5,0.718,0.004999999999999893,20
666,feature_0 > -0.009 AND feature_0 > 0.557 AND feature_0 <= 1.312 AND feature_1 > 0.554 AND feature_1 > 0.999 AND feature_2 <= -0.108,"{'feature_0': (0.557, 1.312), 'feature_1': (0.999, 3.852), 'feature_2': (-3.634, -0.108)}",3,2.317,6,[Pretrained] CF,"[378, 544, 545, 649, 665]",2.62,2.631,NoOve,[Pretrained] CF NoOve,0.016,0,0.016,752,110,0.0,5,0.30299999999999994,0.010999999999999677,20
752,feature_0 > -0.009 AND feature_0 > 0.557 AND feature_0 > 1.312 AND feature_0 > 1.679 AND feature_15 > 0.748 AND feature_1 > 0.434,"{'feature_0': (1.679, 3.621), 'feature_15': (0.748, 3.636), 'feature_1': (0.434, 3.852)}",3,2.747,6,[Pretrained] CF,"[378, 544, 688, 718, 748]",3.359,3.423,OptRes,[Pretrained] CF OptRes,0.006,0,0.006,752,22,0.09313725490196079,5,0.6120000000000001,0.06400000000000006,20
748,feature_0 > -0.009 AND feature_0 > 0.557 AND feature_0 > 1.312 AND feature_0 > 1.679 AND feature_15 > 0.748,"{'feature_0': (1.679, 3.621), 'feature_15': (0.748, 3.636)}",2,2.627,5,[Pretrained] CF,"[378, 544, 688, 718]",2.938,2.995,OptRes,[Pretrained] CF OptRes,0.006,0,0.006,752,44,0.09313725490196079,5,0.3110000000000004,0.05699999999999994,20
739,feature_0 > -0.009 AND feature_0 > 0.557 AND feature_0 > 1.312 AND feature_0 > 1.679 AND feature_15 <= 0.748 AND feature_1 > -0.322 AND feature_0 > 2.025,"{'feature_0': (2.025, 3.621), 'feature_15': (-3.704, 0.748), 'feature_1': (-0.322, 3.852)}",3,2.529,7,[Pretrained] CF,"[378, 544, 688, 718, 719, 731]",3.312,3.374,OptRes,[Pretrained] CF OptRes,0.006,0,0.006,752,42,0.12397540983606557,5,0.7829999999999999,0.06200000000000028,20
731,feature_0 > -0.009 AND feature_0 > 0.557 AND feature_0 > 1.312 AND feature_0 > 1.679 AND feature_15 <= 0.748 AND feature_1 > -0.322,"{'feature_0': (1.679, 3.621), 'feature_15': (-3.704, 0.748), 'feature_1': (-0.322, 3.852)}",3,2.469,6,[Pretrained] CF,"[378, 544, 688, 718, 719]",3.12,3.128,OptRes,[Pretrained] CF OptRes,0.006,0,0.006,752,90,0.19467213114754098,5,0.6510000000000002,0.008000000000000007,20
733,feature_0 > -0.009 AND feature_0 > 0.557 AND feature_0 > 1.312 AND feature_0 > 1.679 AND feature_15 <= 0.748 AND feature_1 > -0.322 AND feature_0 <= 2.025 AND feature_10 <= 0.179,"{'feature_0': (1.679, 2.025), 'feature_15': (-3.704, 0.748), 'feature_1': (-0.322, 3.852), 'feature_10': (-3.9, 0.179)}",4,2.469,8,[Pretrained] CF,"[378, 544, 688, 718, 719, 731, 732]",2.959,2.874,OptRes,[Pretrained] CF OptRes,0.006,0,0.006,752,27,0.0706967213114754,5,0.4900000000000002,0.08499999999999996,20
752,feature_0 > -0.009 AND feature_0 > 0.557 AND feature_0 > 1.312 AND feature_0 > 1.679 AND feature_15 > 0.748 AND feature_1 > 0.434,"{'feature_0': (1.679, 3.621), 'feature_15': (0.748, 3.636), 'feature_1': (0.434, 3.852)}",3,2.747,6,[Pretrained] CF,"[378, 544, 688, 718, 748]",3.359,3.423,ResOve,[Pretrained] CF ResOve,0.139,0,0.139,752,22,0.0,5,0.6120000000000001,0.06400000000000006,20
749,feature_0 > -0.009 AND feature_0 > 0.557 AND feature_0 > 1.312 AND feature_0 > 1.679 AND feature_15 > 0.748 AND feature_1 <= 0.434,"{'feature_0': (1.679, 3.621), 'feature_15': (0.748, 3.636), 'feature_1': (-3.98, 0.434)}",3,2.556,6,[Pretrained] CF,"[378, 544, 688, 718, 748]",2.688,2.567,ResOve,[Pretrained] CF ResOve,0.139,0,0.139,752,22,0.0,5,0.13200000000000012,0.121,20
739,feature_0 > -0.009 AND feature_0 > 0.557 AND feature_0 > 1.312 AND feature_0 > 1.679 AND feature_15 <= 0.748 AND feature_1 > -0.322 AND feature_0 > 2.025,"{'feature_0': (2.025, 3.621), 'feature_15': (-3.704, 0.748), 'feature_1': (-0.322, 3.852)}",3,2.529,7,[Pretrained] CF,"[378, 544, 688, 718, 719, 731]",3.312,3.374,ResOve,[Pretrained] CF ResOve,0.139,0,0.139,752,42,0.0,5,0.7829999999999999,0.06200000000000028,20
733,feature_0 > -0.009 AND feature_0 > 0.557 AND feature_0 > 1.312 AND feature_0 > 1.679 AND feature_15 <= 0.748 AND feature_1 > -0.322 AND feature_0 <= 2.025 AND feature_10 <= 0.179,"{'feature_0': (1.679, 2.025), 'feature_15': (-3.704, 0.748), 'feature_1': (-0.322, 3.852), 'feature_10': (-3.9, 0.179)}",4,2.469,8,[Pretrained] CF,"[378, 544, 688, 718, 719, 731, 732]",2.959,2.874,ResOve,[Pretrained] CF ResOve,0.139,0,0.139,752,27,0.0,5,0.4900000000000002,0.08499999999999996,20
725,feature_0 > -0.009 AND feature_0 > 0.557 AND feature_0 > 1.312 AND feature_0 > 1.679 AND feature_15 <= 0.748 AND feature_1 <= -0.322 AND feature_0 > 1.807 AND feature_18 <= 0.699 AND feature_1 > -1.426,"{'feature_0': (1.807, 3.621), 'feature_15': (-3.704, 0.748), 'feature_1': (-1.426, -0.322), 'feature_18': (-3.591, 0.699)}",4,2.385,9,[Pretrained] CF,"[378, 544, 688, 718, 719, 720, 722, 723]",2.578,2.626,ResOve,[Pretrained] CF ResOve,0.139,0,0.139,752,25,0.0,5,0.19300000000000006,0.04800000000000004,20
752,feature_0 > -0.009 AND feature_0 > 0.557 AND feature_0 > 1.312 AND feature_0 > 1.679 AND feature_15 > 0.748 AND feature_1 > 0.434,"{'feature_0': (1.679, 3.621), 'feature_15': (0.748, 3.636), 'feature_1': (0.434, 3.852)}",3,2.747,6,[Pretrained] CF,"[378, 544, 688, 718, 748]",3.359,3.423,NoOve,[Pretrained] CF NoOve,0.035,0,0.035,752,22,0.0,5,0.6120000000000001,0.06400000000000006,20
749,feature_0 > -0.009 AND feature_0 > 0.557 AND feature_0 > 1.312 AND feature_0 > 1.679 AND feature_15 > 0.748 AND feature_1 <= 0.434,"{'feature_0': (1.679, 3.621), 'feature_15': (0.748, 3.636), 'feature_1': (-3.98, 0.434)}",3,2.556,6,[Pretrained] CF,"[378, 544, 688, 718, 748]",2.688,2.567,NoOve,[Pretrained] CF NoOve,0.035,0,0.035,752,22,0.0,5,0.13200000000000012,0.121,20
731,feature_0 > -0.009 AND feature_0 > 0.557 AND feature_0 > 1.312 AND feature_0 > 1.679 AND feature_15 <= 0.748 AND feature_1 > -0.322,"{'feature_0': (1.679, 3.621), 'feature_15': (-3.704, 0.748), 'feature_1': (-0.322, 3.852)}",3,2.469,6,[Pretrained] CF,"[378, 544, 688, 718, 719]",3.12,3.128,NoOve,[Pretrained] CF NoOve,0.035,0,0.035,752,90,0.0,5,0.6510000000000002,0.008000000000000007,20
666,feature_0 > -0.009 AND feature_0 > 0.557 AND feature_0 <= 1.312 AND feature_1 > 0.554 AND feature_1 > 0.999 AND feature_2 <= -0.108,"{'feature_0': (0.557, 1.312), 'feature_1': (0.999, 3.852), 'feature_2': (-3.634, -0.108)}",3,2.317,6,[Pretrained] CF,"[378, 544, 545, 649, 665]",2.62,2.547,NoOve,[Pretrained] CF NoOve,0.035,0,0.035,752,50,0.0,5,0.30299999999999994,0.07299999999999995,20
720,feature_0 > -0.009 AND feature_0 > 0.557 AND feature_0 > 1.312 AND feature_0 > 1.679 AND feature_15 <= 0.748 AND feature_1 <= -0.322,"{'feature_0': (1.679, 3.621), 'feature_15': (-3.704, 0.748), 'feature_1': (-3.98, -0.322)}",3,2.295,6,[Pretrained] CF,"[378, 544, 688, 718, 719]",2.459,2.496,NoOve,[Pretrained] CF NoOve,0.035,0,0.035,752,53,0.0,5,0.16400000000000015,0.03699999999999992,20
752,feature_0 > -0.009 AND feature_0 > 0.557 AND feature_0 > 1.312 AND feature_0 > 1.679 AND feature_15 > 0.748 AND feature_1 > 0.434,"{'feature_0': (1.679, 3.621), 'feature_15': (0.748, 3.636), 'feature_1': (0.434, 3.852)}",3,2.747,6,[Pretrained] CF,"[378, 544, 688, 718, 748]",3.359,3.365,OptRes,[Pretrained] CF OptRes,0.007,0,0.007,752,23,0.09313725490196079,5,0.6120000000000001,0.006000000000000227,20
748,feature_0 > -0.009 AND feature_0 > 0.557 AND feature_0 > 1.312 AND feature_0 > 1.679 AND feature_15 > 0.748,"{'feature_0': (1.679, 3.621), 'feature_15': (0.748, 3.636)}",2,2.627,5,[Pretrained] CF,"[378, 544, 688, 718]",2.938,2.91,OptRes,[Pretrained] CF OptRes,0.007,0,0.007,752,60,0.09313725490196079,5,0.3110000000000004,0.028000000000000025,20
740,feature_0 > -0.009 AND feature_0 > 0.557 AND feature_0 > 1.312 AND feature_0 > 1.679 AND feature_15 <= 0.748 AND feature_1 > -0.322 AND feature_0 > 2.025 AND feature_18 <= -0.419,"{'feature_0': (2.025, 3.621), 'feature_15': (-3.704, 0.748), 'feature_1': (-0.322, 3.852), 'feature_18': (-3.591, -0.419)}",4,2.603,8,[Pretrained] CF,"[378, 544, 688, 718, 719, 731, 739]",3.303,3.281,OptRes,[Pretrained] CF OptRes,0.007,0,0.007,752,30,0.14217246985503318,5,0.6999999999999997,0.021999999999999797,20
739,feature_0 > -0.009 AND feature_0 > 0.557 AND feature_0 > 1.312 AND feature_0 > 1.679 AND feature_15 <= 0.748 AND feature_1 > -0.322 AND feature_0 > 2.025,"{'feature_0': (2.025, 3.621), 'feature_15': (-3.704, 0.748), 'feature_1': (-0.322, 3.852)}",3,2.529,7,[Pretrained] CF,"[378, 544, 688, 718, 719, 731]",3.312,3.316,OptRes,[Pretrained] CF OptRes,0.007,0,0.007,752,74,0.21901673215011516,5,0.7829999999999999,0.0040000000000000036,20
731,feature_0 > -0.009 AND feature_0 > 0.557 AND feature_0 > 1.312 AND feature_0 > 1.679 AND feature_15 <= 0.748 AND feature_1 > -0.322,"{'feature_0': (1.679, 3.621), 'feature_15': (-3.704, 0.748), 'feature_1': (-0.322, 3.852)}",3,2.469,6,[Pretrained] CF,"[378, 544, 688, 718, 719]",3.12,3.141,OptRes,[Pretrained] CF OptRes,0.007,0,0.007,752,138,0.17110655737704916,5,0.6510000000000002,0.020999999999999908,20
752,feature_0 > -0.009 AND feature_0 > 0.557 AND feature_0 > 1.312 AND feature_0 > 1.679 AND feature_15 > 0.748 AND feature_1 > 0.434,"{'feature_0': (1.679, 3.621), 'feature_15': (0.748, 3.636), 'feature_1': (0.434, 3.852)}",3,2.747,6,[Pretrained] CF,"[378, 544, 688, 718, 748]",3.359,3.365,ResOve,[Pretrained] CF ResOve,0.13,0,0.13,752,23,0.0,5,0.6120000000000001,0.006000000000000227,20
749,feature_0 > -0.009 AND feature_0 > 0.557 AND feature_0 > 1.312 AND feature_0 > 1.679 AND feature_15 > 0.748 AND feature_1 <= 0.434,"{'feature_0': (1.679, 3.621), 'feature_15': (0.748, 3.636), 'feature_1': (-3.98, 0.434)}",3,2.556,6,[Pretrained] CF,"[378, 544, 688, 718, 748]",2.688,2.628,ResOve,[Pretrained] CF ResOve,0.13,0,0.13,752,37,0.0,5,0.13200000000000012,0.06000000000000005,20
740,feature_0 > -0.009 AND feature_0 > 0.557 AND feature_0 > 1.312 AND feature_0 > 1.679 AND feature_15 <= 0.748 AND feature_1 > -0.322 AND feature_0 > 2.025 AND feature_18 <= -0.419,"{'feature_0': (2.025, 3.621), 'feature_15': (-3.704, 0.748), 'feature_1': (-0.322, 3.852), 'feature_18': (-3.591, -0.419)}",4,2.603,8,[Pretrained] CF,"[378, 544, 688, 718, 719, 731, 739]",3.303,3.281,ResOve,[Pretrained] CF ResOve,0.13,0,0.13,752,30,0.0,5,0.6999999999999997,0.021999999999999797,20
733,feature_0 > -0.009 AND feature_0 > 0.557 AND feature_0 > 1.312 AND feature_0 > 1.679 AND feature_15 <= 0.748 AND feature_1 > -0.322 AND feature_0 <= 2.025 AND feature_10 <= 0.179,"{'feature_0': (1.679, 2.025), 'feature_15': (-3.704, 0.748), 'feature_1': (-0.322, 3.852), 'feature_10': (-3.9, 0.179)}",4,2.469,8,[Pretrained] CF,"[378, 544, 688, 718, 719, 731, 732]",2.959,2.982,ResOve,[Pretrained] CF ResOve,0.13,0,0.13,752,39,0.0,5,0.4900000000000002,0.02300000000000013,20
669,feature_0 > -0.009 AND feature_0 > 0.557 AND feature_0 <= 1.312 AND feature_1 > 0.554 AND feature_1 > 0.999 AND feature_2 <= -0.108 AND feature_1 > 1.161 AND feature_10 <= -0.157,"{'feature_0': (0.557, 1.312), 'feature_1': (1.161, 3.852), 'feature_2': (-3.634, -0.108), 'feature_10': (-3.9, -0.157)}",4,2.459,8,[Pretrained] CF,"[378, 544, 545, 649, 665, 666, 668]",2.774,2.766,ResOve,[Pretrained] CF ResOve,0.13,0,0.13,752,33,0.0,5,0.31499999999999995,0.008000000000000007,20
752,feature_0 > -0.009 AND feature_0 > 0.557 AND feature_0 > 1.312 AND feature_0 > 1.679 AND feature_15 > 0.748 AND feature_1 > 0.434,"{'feature_0': (1.679, 3.621), 'feature_15': (0.748, 3.636), 'feature_1': (0.434, 3.852)}",3,2.747,6,[Pretrained] CF,"[378, 544, 688, 718, 748]",3.359,3.365,NoOve,[Pretrained] CF NoOve,0.022,0,0.022,752,23,0.0,5,0.6120000000000001,0.006000000000000227,20
749,feature_0 > -0.009 AND feature_0 > 0.557 AND feature_0 > 1.312 AND feature_0 > 1.679 AND feature_15 > 0.748 AND feature_1 <= 0.434,"{'feature_0': (1.679, 3.621), 'feature_15': (0.748, 3.636), 'feature_1': (-3.98, 0.434)}",3,2.556,6,[Pretrained] CF,"[378, 544, 688, 718, 748]",2.688,2.628,NoOve,[Pretrained] CF NoOve,0.022,0,0.022,752,37,0.0,5,0.13200000000000012,0.06000000000000005,20
731,feature_0 > -0.009 AND feature_0 > 0.557 AND feature_0 > 1.312 AND feature_0 > 1.679 AND feature_15 <= 0.748 AND feature_1 > -0.322,"{'feature_0': (1.679, 3.621), 'feature_15': (-3.704, 0.748), 'feature_1': (-0.322, 3.852)}",3,2.469,6,[Pretrained] CF,"[378, 544, 688, 718, 719]",3.12,3.141,NoOve,[Pretrained] CF NoOve,0.022,0,0.022,752,138,0.0,5,0.6510000000000002,0.020999999999999908,20
714,feature_0 > -0.009 AND feature_0 > 0.557 AND feature_0 > 1.312 AND feature_0 <= 1.679 AND feature_1 > 0.921 AND feature_2 <= -0.361,"{'feature_0': (1.312, 1.679), 'feature_1': (0.921, 3.852), 'feature_2': (-3.634, -0.361)}",3,2.447,6,[Pretrained] CF,"[378, 544, 688, 689, 713]",3.165,3.13,NoOve,[Pretrained] CF NoOve,0.022,0,0.022,752,21,0.0,5,0.718,0.03500000000000014,20
666,feature_0 > -0.009 AND feature_0 > 0.557 AND feature_0 <= 1.312 AND feature_1 > 0.554 AND feature_1 > 0.999 AND feature_2 <= -0.108,"{'feature_0': (0.557, 1.312), 'feature_1': (0.999, 3.852), 'feature_2': (-3.634, -0.108)}",3,2.317,6,[Pretrained] CF,"[378, 544, 545, 649, 665]",2.62,2.644,NoOve,[Pretrained] CF NoOve,0.022,0,0.022,752,89,0.0,5,0.30299999999999994,0.02400000000000002,20
752,feature_0 > -0.009 AND feature_0 > 0.557 AND feature_0 > 1.312 AND feature_0 > 1.679 AND feature_15 > 0.748 AND feature_1 > 0.434,"{'feature_0': (1.679, 3.621), 'feature_15': (0.748, 3.636), 'feature_1': (0.434, 3.852)}",3,2.747,6,[Pretrained] CF,"[378, 544, 688, 718, 748]",3.359,3.35,OptRes,[Pretrained] CF OptRes,0.003,0,0.003,752,30,0.09313725490196079,5,0.6120000000000001,0.008999999999999897,20
748,feature_0 > -0.009 AND feature_0 > 0.557 AND feature_0 > 1.312 AND feature_0 > 1.679 AND feature_15 > 0.748,"{'feature_0': (1.679, 3.621), 'feature_15': (0.748, 3.636)}",2,2.627,5,[Pretrained] CF,"[378, 544, 688, 718]",2.938,2.933,OptRes,[Pretrained] CF OptRes,0.003,0,0.003,752,75,0.17401960784313725,5,0.3110000000000004,0.0050000000000003375,20
750,feature_0 > -0.009 AND feature_0 > 0.557 AND feature_0 > 1.312 AND feature_0 > 1.679 AND feature_15 > 0.748 AND feature_1 <= 0.434 AND feature_10 <= -0.019,"{'feature_0': (1.679, 3.621), 'feature_15': (0.748, 3.636), 'feature_1': (-3.98, 0.434), 'feature_10': (-3.9, -0.019)}",4,2.615,7,[Pretrained] CF,"[378, 544, 688, 718, 748, 749]",2.708,2.704,OptRes,[Pretrained] CF OptRes,0.003,0,0.003,752,23,0.08088235294117647,5,0.09299999999999997,0.0040000000000000036,20
740,feature_0 > -0.009 AND feature_0 > 0.557 AND feature_0 > 1.312 AND feature_0 > 1.679 AND feature_15 <= 0.748 AND feature_1 > -0.322 AND feature_0 > 2.025 AND feature_18 <= -0.419,"{'feature_0': (2.025, 3.621), 'feature_15': (-3.704, 0.748), 'feature_1': (-0.322, 3.852), 'feature_18': (-3.591, -0.419)}",4,2.603,8,[Pretrained] CF,"[378, 544, 688, 718, 719, 731, 739]",3.303,3.351,OptRes,[Pretrained] CF OptRes,0.003,0,0.003,752,32,0.0,5,0.6999999999999997,0.04800000000000004,20
744,feature_0 > -0.009 AND feature_0 > 0.557 AND feature_0 > 1.312 AND feature_0 > 1.679 AND feature_15 <= 0.748 AND feature_1 > -0.322 AND feature_0 > 2.025 AND feature_18 > -0.419 AND feature_9 <= -0.368,"{'feature_0': (2.025, 3.621), 'feature_15': (-3.704, 0.748), 'feature_1': (-0.322, 3.852), 'feature_18': (-0.419, 3.802), 'feature_9': (-3.749, -0.368)}",5,2.565,9,[Pretrained] CF,"[378, 544, 688, 718, 719, 731, 739, 743]",3.39,3.349,OptRes,[Pretrained] CF OptRes,0.003,0,0.003,752,25,0.0,5,0.8250000000000002,0.040999999999999925,20
752,feature_0 > -0.009 AND feature_0 > 0.557 AND feature_0 > 1.312 AND feature_0 > 1.679 AND feature_15 > 0.748 AND feature_1 > 0.434,"{'feature_0': (1.679, 3.621), 'feature_15': (0.748, 3.636), 'feature_1': (0.434, 3.852)}",3,2.747,6,[Pretrained] CF,"[378, 544, 688, 718, 748]",3.359,3.35,ResOve,[Pretrained] CF ResOve,0.122,0,0.122,752,30,0.0,5,0.6120000000000001,0.008999999999999897,20
750,feature_0 > -0.009 AND feature_0 > 0.557 AND feature_0 > 1.312 AND feature_0 > 1.679 AND feature_15 > 0.748 AND feature_1 <= 0.434 AND feature_10 <= -0.019,"{'feature_0': (1.679, 3.621), 'feature_15': (0.748, 3.636), 'feature_1': (-3.98, 0.434), 'feature_10': (-3.9, -0.019)}",4,2.615,7,[Pretrained] CF,"[378, 544, 688, 718, 748, 749]",2.708,2.704,ResOve,[Pretrained] CF ResOve,0.122,0,0.122,752,23,0.0,5,0.09299999999999997,0.0040000000000000036,20
740,feature_0 > -0.009 AND feature_0 > 0.557 AND feature_0 > 1.312 AND feature_0 > 1.679 AND feature_15 <= 0.748 AND feature_1 > -0.322 AND feature_0 > 2.025 AND feature_18 <= -0.419,"{'feature_0': (2.025, 3.621), 'feature_15': (-3.704, 0.748), 'feature_1': (-0.322, 3.852), 'feature_18': (-3.591, -0.419)}",4,2.603,8,[Pretrained] CF,"[378, 544, 688, 718, 719, 731, 739]",3.303,3.351,ResOve,[Pretrained] CF ResOve,0.122,0,0.122,752,32,0.0,5,0.6999999999999997,0.04800000000000004,20
735,feature_0 > -0.009 AND feature_0 > 0.557 AND feature_0 > 1.312 AND feature_0 > 1.679 AND feature_15 <= 0.748 AND feature_1 > -0.322 AND feature_0 <= 2.025 AND feature_10 <= 0.179 AND feature_1 > 0.46,"{'feature_0': (1.679, 2.025), 'feature_15': (-3.704, 0.748), 'feature_1': (0.46, 3.852), 'feature_10': (-3.9, 0.179)}",4,2.515,9,[Pretrained] CF,"[378, 544, 688, 718, 719, 731, 732, 733]",3.293,3.278,ResOve,[Pretrained] CF ResOve,0.122,0,0.122,752,27,0.0,5,0.778,0.015000000000000124,20
751,feature_0 > -0.009 AND feature_0 > 0.557 AND feature_0 > 1.312 AND feature_0 > 1.679 AND feature_15 > 0.748 AND feature_1 <= 0.434 AND feature_10 > -0.019,"{'feature_0': (1.679, 3.621), 'feature_15': (0.748, 3.636), 'feature_1': (-3.98, 0.434), 'feature_10': (-0.019, 3.853)}",4,2.494,7,[Pretrained] CF,"[378, 544, 688, 718, 748, 749]",2.667,2.605,ResOve,[Pretrained] CF ResOve,0.122,0,0.122,752,22,0.0,5,0.1729999999999996,0.06199999999999983,20
752,feature_0 > -0.009 AND feature_0 > 0.557 AND feature_0 > 1.312 AND feature_0 > 1.679 AND feature_15 > 0.748 AND feature_1 > 0.434,"{'feature_0': (1.679, 3.621), 'feature_15': (0.748, 3.636), 'feature_1': (0.434, 3.852)}",3,2.747,6,[Pretrained] CF,"[378, 544, 688, 718, 748]",3.359,3.35,NoOve,[Pretrained] CF NoOve,0.014,0,0.014,752,30,0.0,5,0.6120000000000001,0.008999999999999897,20
749,feature_0 > -0.009 AND feature_0 > 0.557 AND feature_0 > 1.312 AND feature_0 > 1.679 AND feature_15 > 0.748 AND feature_1 <= 0.434,"{'feature_0': (1.679, 3.621), 'feature_15': (0.748, 3.636), 'feature_1': (-3.98, 0.434)}",3,2.556,6,[Pretrained] CF,"[378, 544, 688, 718, 748]",2.688,2.656,NoOve,[Pretrained] CF NoOve,0.014,0,0.014,752,45,0.0,5,0.13200000000000012,0.03200000000000003,20
731,feature_0 > -0.009 AND feature_0 > 0.557 AND feature_0 > 1.312 AND feature_0 > 1.679 AND feature_15 <= 0.748 AND feature_1 > -0.322,"{'feature_0': (1.679, 3.621), 'feature_15': (-3.704, 0.748), 'feature_1': (-0.322, 3.852)}",3,2.469,6,[Pretrained] CF,"[378, 544, 688, 718, 719]",3.12,3.139,NoOve,[Pretrained] CF NoOve,0.014,0,0.014,752,174,0.0,5,0.6510000000000002,0.018999999999999684,20
714,feature_0 > -0.009 AND feature_0 > 0.557 AND feature_0 > 1.312 AND feature_0 <= 1.679 AND feature_1 > 0.921 AND feature_2 <= -0.361,"{'feature_0': (1.312, 1.679), 'feature_1': (0.921, 3.852), 'feature_2': (-3.634, -0.361)}",3,2.447,6,[Pretrained] CF,"[378, 544, 688, 689, 713]",3.165,3.191,NoOve,[Pretrained] CF NoOve,0.014,0,0.014,752,23,0.0,5,0.718,0.0259999999999998,20
666,feature_0 > -0.009 AND feature_0 > 0.557 AND feature_0 <= 1.312 AND feature_1 > 0.554 AND feature_1 > 0.999 AND feature_2 <= -0.108,"{'feature_0': (0.557, 1.312), 'feature_1': (0.999, 3.852), 'feature_2': (-3.634, -0.108)}",3,2.317,6,[Pretrained] CF,"[378, 544, 545, 649, 665]",2.62,2.646,NoOve,[Pretrained] CF NoOve,0.014,0,0.014,752,111,0.0,5,0.30299999999999994,0.0259999999999998,20
752,feature_0 > -0.009 AND feature_0 > 0.557 AND feature_0 > 1.312 AND feature_0 > 1.679 AND feature_15 > 0.748 AND feature_1 > 0.434,"{'feature_0': (1.679, 3.621), 'feature_15': (0.748, 3.636), 'feature_1': (0.434, 3.852)}",3,2.747,6,[Pretrained] CF,"[378, 544, 688, 718, 748]",3.359,3.355,OptRes,[Pretrained] CF OptRes,0.005,0,0.005,752,27,0.09313725490196079,5,0.6120000000000001,0.0040000000000000036,20
742,feature_0 > -0.009 AND feature_0 > 0.557 AND feature_0 > 1.312 AND feature_0 > 1.679 AND feature_15 <= 0.748 AND feature_1 > -0.322 AND feature_0 > 2.025 AND feature_18 <= -0.419 AND feature_1 > 0.261,"{'feature_0': (2.025, 3.621), 'feature_15': (-3.704, 0.748), 'feature_1': (0.261, 3.852), 'feature_18': (-3.591, -0.419)}",4,2.651,9,[Pretrained] CF,"[378, 544, 688, 718, 719, 731, 739, 740]",3.585,3.585,OptRes,[Pretrained] CF OptRes,0.005,0,0.005,752,25,0.05165289256198347,5,0.9340000000000002,0.0,20
748,feature_0 > -0.009 AND feature_0 > 0.557 AND feature_0 > 1.312 AND feature_0 > 1.679 AND feature_15 > 0.748,"{'feature_0': (1.679, 3.621), 'feature_15': (0.748, 3.636)}",2,2.627,5,[Pretrained] CF,"[378, 544, 688, 718]",2.938,2.955,OptRes,[Pretrained] CF OptRes,0.005,0,0.005,752,68,0.09313725490196079,5,0.3110000000000004,0.016999999999999904,20
741,feature_0 > -0.009 AND feature_0 > 0.557 AND feature_0 > 1.312 AND feature_0 > 1.679 AND feature_15 <= 0.748 AND feature_1 > -0.322 AND feature_0 > 2.025 AND feature_18 <= -0.419 AND feature_1 <= 0.261,"{'feature_0': (2.025, 3.621), 'feature_15': (-3.704, 0.748), 'feature_1': (-0.322, 0.261), 'feature_18': (-3.591, -0.419)}",4,2.547,9,[Pretrained] CF,"[378, 544, 688, 718, 719, 731, 739, 740]",2.967,2.967,OptRes,[Pretrained] CF OptRes,0.005,0,0.005,752,21,0.04338842975206612,5,0.41999999999999993,0.0,20
739,feature_0 > -0.009 AND feature_0 > 0.557 AND feature_0 > 1.312 AND feature_0 > 1.679 AND feature_15 <= 0.748 AND feature_1 > -0.322 AND feature_0 > 2.025,"{'feature_0': (2.025, 3.621), 'feature_15': (-3.704, 0.748), 'feature_1': (-0.322, 3.852)}",3,2.529,7,[Pretrained] CF,"[378, 544, 688, 718, 719, 731]",3.312,3.295,OptRes,[Pretrained] CF OptRes,0.005,0,0.005,752,96,0.09504132231404959,5,0.7829999999999999,0.016999999999999904,20
752,feature_0 > -0.009 AND feature_0 > 0.557 AND feature_0 > 1.312 AND feature_0 > 1.679 AND feature_15 > 0.748 AND feature_1 > 0.434,"{'feature_0': (1.679, 3.621), 'feature_15': (0.748, 3.636), 'feature_1': (0.434, 3.852)}",3,2.747,6,[Pretrained] CF,"[378, 544, 688, 718, 748]",3.359,3.355,ResOve,[Pretrained] CF ResOve,0.125,0,0.125,752,27,0.09313725490196079,5,0.6120000000000001,0.0040000000000000036,20
748,feature_0 > -0.009 AND feature_0 > 0.557 AND feature_0 > 1.312 AND feature_0 > 1.679 AND feature_15 > 0.748,"{'feature_0': (1.679, 3.621), 'feature_15': (0.748, 3.636)}",2,2.627,5,[Pretrained] CF,"[378, 544, 688, 718]",2.938,2.955,ResOve,[Pretrained] CF ResOve,0.125,0,0.125,752,68,0.09313725490196079,5,0.3110000000000004,0.016999999999999904,20
741,feature_0 > -0.009 AND feature_0 > 0.557 AND feature_0 > 1.312 AND feature_0 > 1.679 AND feature_15 <= 0.748 AND feature_1 > -0.322 AND feature_0 > 2.025 AND feature_18 <= -0.419 AND feature_1 <= 0.261,"{'feature_0': (2.025, 3.621), 'feature_15': (-3.704, 0.748), 'feature_1': (-0.322, 0.261), 'feature_18': (-3.591, -0.419)}",4,2.547,9,[Pretrained] CF,"[378, 544, 688, 718, 719, 731, 739, 740]",2.967,2.967,ResOve,[Pretrained] CF ResOve,0.125,0,0.125,752,21,0.0,5,0.41999999999999993,0.0,20
743,feature_0 > -0.009 AND feature_0 > 0.557 AND feature_0 > 1.312 AND feature_0 > 1.679 AND feature_15 <= 0.748 AND feature_1 > -0.322 AND feature_0 > 2.025 AND feature_18 > -0.419,"{'feature_0': (2.025, 3.621), 'feature_15': (-3.704, 0.748), 'feature_1': (-0.322, 3.852), 'feature_18': (-0.419, 3.802)}",4,2.484,8,[Pretrained] CF,"[378, 544, 688, 718, 719, 731, 739]",3.317,3.288,ResOve,[Pretrained] CF ResOve,0.125,0,0.125,752,50,0.0,5,0.8330000000000002,0.02900000000000036,20
735,feature_0 > -0.009 AND feature_0 > 0.557 AND feature_0 > 1.312 AND feature_0 > 1.679 AND feature_15 <= 0.748 AND feature_1 > -0.322 AND feature_0 <= 2.025 AND feature_10 <= 0.179 AND feature_1 > 0.46,"{'feature_0': (1.679, 2.025), 'feature_15': (-3.704, 0.748), 'feature_1': (0.46, 3.852), 'feature_10': (-3.9, 0.179)}",4,2.515,9,[Pretrained] CF,"[378, 544, 688, 718, 719, 731, 732, 733]",3.293,3.222,ResOve,[Pretrained] CF ResOve,0.125,0,0.125,752,28,0.0,5,0.778,0.07100000000000017,20
742,feature_0 > -0.009 AND feature_0 > 0.557 AND feature_0 > 1.312 AND feature_0 > 1.679 AND feature_15 <= 0.748 AND feature_1 > -0.322 AND feature_0 > 2.025 AND feature_18 <= -0.419 AND feature_1 > 0.261,"{'feature_0': (2.025, 3.621), 'feature_15': (-3.704, 0.748), 'feature_1': (0.261, 3.852), 'feature_18': (-3.591, -0.419)}",4,2.651,9,[Pretrained] CF,"[378, 544, 688, 718, 719, 731, 739, 740]",3.585,3.585,NoOve,[Pretrained] CF NoOve,0.012,0,0.012,752,25,0.0,5,0.9340000000000002,0.0,20
741,feature_0 > -0.009 AND feature_0 > 0.557 AND feature_0 > 1.312 AND feature_0 > 1.679 AND feature_15 <= 0.748 AND feature_1 > -0.322 AND feature_0 > 2.025 AND feature_18 <= -0.419 AND feature_1 <= 0.261,"{'feature_0': (2.025, 3.621), 'feature_15': (-3.704, 0.748), 'feature_1': (-0.322, 0.261), 'feature_18': (-3.591, -0.419)}",4,2.547,9,[Pretrained] CF,"[378, 544, 688, 718, 719, 731, 739, 740]",2.967,2.967,NoOve,[Pretrained] CF NoOve,0.012,0,0.012,752,21,0.0,5,0.41999999999999993,0.0,20
735,feature_0 > -0.009 AND feature_0 > 0.557 AND feature_0 > 1.312 AND feature_0 > 1.679 AND feature_15 <= 0.748 AND feature_1 > -0.322 AND feature_0 <= 2.025 AND feature_10 <= 0.179 AND feature_1 > 0.46,"{'feature_0': (1.679, 2.025), 'feature_15': (-3.704, 0.748), 'feature_1': (0.46, 3.852), 'feature_10': (-3.9, 0.179)}",4,2.515,9,[Pretrained] CF,"[378, 544, 688, 718, 719, 731, 732, 733]",3.293,3.222,NoOve,[Pretrained] CF NoOve,0.012,0,0.012,752,28,0.0,5,0.778,0.07100000000000017,20
745,feature_0 > -0.009 AND feature_0 > 0.557 AND feature_0 > 1.312 AND feature_0 > 1.679 AND feature_15 <= 0.748 AND feature_1 > -0.322 AND feature_0 > 2.025 AND feature_18 > -0.419 AND feature_9 > -0.368,"{'feature_0': (2.025, 3.621), 'feature_15': (-3.704, 0.748), 'feature_1': (-0.322, 3.852), 'feature_18': (-0.419, 3.802), 'feature_9': (-0.368, 3.622)}",5,2.432,9,[Pretrained] CF,"[378, 544, 688, 718, 719, 731, 739, 743]",3.271,3.278,NoOve,[Pretrained] CF NoOve,0.012,0,0.012,752,32,0.0,5,0.839,0.007000000000000117,20
734,feature_0 > -0.009 AND feature_0 > 0.557 AND feature_0 > 1.312 AND feature_0 > 1.679 AND feature_15 <= 0.748 AND feature_1 > -0.322 AND feature_0 <= 2.025 AND feature_10 <= 0.179 AND feature_1 <= 0.46,"{'feature_0': (1.679, 2.025), 'feature_15': (-3.704, 0.748), 'feature_1': (-0.322, 0.46), 'feature_10': (-3.9, 0.179)}",4,2.416,9,[Pretrained] CF,"[378, 544, 688, 718, 719, 731, 732, 733]",2.572,2.583,NoOve,[Pretrained] CF NoOve,0.012,0,0.012,752,26,0.0,5,0.15600000000000014,0.01100000000000012,20
752,feature_0 > -0.009 AND feature_0 > 0.557 AND feature_0 > 1.312 AND feature_0 > 1.679 AND feature_15 > 0.748 AND feature_1 > 0.434,"{'feature_0': (1.679, 3.621), 'feature_15': (0.748, 3.636), 'feature_1': (0.434, 3.852)}",3,2.747,6,[Pretrained] CF,"[378, 544, 688, 718, 748]",3.359,3.333,OptRes,[Pretrained] CF OptRes,0.003,0,0.003,752,28,0.09313725490196079,5,0.6120000000000001,0.0259999999999998,20
742,feature_0 > -0.009 AND feature_0 > 0.557 AND feature_0 > 1.312 AND feature_0 > 1.679 AND feature_15 <= 0.748 AND feature_1 > -0.322 AND feature_0 > 2.025 AND feature_18 <= -0.419 AND feature_1 > 0.261,"{'feature_0': (2.025, 3.621), 'feature_15': (-3.704, 0.748), 'feature_1': (0.261, 3.852), 'feature_18': (-3.591, -0.419)}",4,2.651,9,[Pretrained] CF,"[378, 544, 688, 718, 719, 731, 739, 740]",3.585,3.585,OptRes,[Pretrained] CF OptRes,0.003,0,0.003,752,25,0.0,5,0.9340000000000002,0.0,20
748,feature_0 > -0.009 AND feature_0 > 0.557 AND feature_0 > 1.312 AND feature_0 > 1.679 AND feature_15 > 0.748,"{'feature_0': (1.679, 3.621), 'feature_15': (0.748, 3.636)}",2,2.627,5,[Pretrained] CF,"[378, 544, 688, 718]",2.938,2.92,OptRes,[Pretrained] CF OptRes,0.003,0,0.003,752,78,0.17401960784313725,5,0.3110000000000004,0.018000000000000238,20
750,feature_0 > -0.009 AND feature_0 > 0.557 AND feature_0 > 1.312 AND feature_0 > 1.679 AND feature_15 > 0.748 AND feature_1 <= 0.434 AND feature_10 <= -0.019,"{'feature_0': (1.679, 3.621), 'feature_15': (0.748, 3.636), 'feature_1': (-3.98, 0.434), 'feature_10': (-3.9, -0.019)}",4,2.615,7,[Pretrained] CF,"[378, 544, 688, 718, 748, 749]",2.708,2.655,OptRes,[Pretrained] CF OptRes,0.003,0,0.003,752,26,0.08088235294117647,5,0.09299999999999997,0.05300000000000038,20
744,feature_0 > -0.009 AND feature_0 > 0.557 AND feature_0 > 1.312 AND feature_0 > 1.679 AND feature_15 <= 0.748 AND feature_1 > -0.322 AND feature_0 > 2.025 AND feature_18 > -0.419 AND feature_9 <= -0.368,"{'feature_0': (2.025, 3.621), 'feature_15': (-3.704, 0.748), 'feature_1': (-0.322, 3.852), 'feature_18': (-0.419, 3.802), 'feature_9': (-3.749, -0.368)}",5,2.565,9,[Pretrained] CF,"[378, 544, 688, 718, 719, 731, 739, 743]",3.39,3.39,OptRes,[Pretrained] CF OptRes,0.003,0,0.003,752,29,0.0,5,0.8250000000000002,0.0,20
752,feature_0 > -0.009 AND feature_0 > 0.557 AND feature_0 > 1.312 AND feature_0 > 1.679 AND feature_15 > 0.748 AND feature_1 > 0.434,"{'feature_0': (1.679, 3.621), 'feature_15': (0.748, 3.636), 'feature_1': (0.434, 3.852)}",3,2.747,6,[Pretrained] CF,"[378, 544, 688, 718, 748]",3.359,3.333,ResOve,[Pretrained] CF ResOve,0.159,0,0.159,752,28,0.0,5,0.6120000000000001,0.0259999999999998,20
742,feature_0 > -0.009 AND feature_0 > 0.557 AND feature_0 > 1.312 AND feature_0 > 1.679 AND feature_15 <= 0.748 AND feature_1 > -0.322 AND feature_0 > 2.025 AND feature_18 <= -0.419 AND feature_1 > 0.261,"{'feature_0': (2.025, 3.621), 'feature_15': (-3.704, 0.748), 'feature_1': (0.261, 3.852), 'feature_18': (-3.591, -0.419)}",4,2.651,9,[Pretrained] CF,"[378, 544, 688, 718, 719, 731, 739, 740]",3.585,3.585,ResOve,[Pretrained] CF ResOve,0.159,0,0.159,752,25,0.0,5,0.9340000000000002,0.0,20
741,feature_0 > -0.009 AND feature_0 > 0.557 AND feature_0 > 1.312 AND feature_0 > 1.679 AND feature_15 <= 0.748 AND feature_1 > -0.322 AND feature_0 > 2.025 AND feature_18 <= -0.419 AND feature_1 <= 0.261,"{'feature_0': (2.025, 3.621), 'feature_15': (-3.704, 0.748), 'feature_1': (-0.322, 0.261), 'feature_18': (-3.591, -0.419)}",4,2.547,9,[Pretrained] CF,"[378, 544, 688, 718, 719, 731, 739, 740]",2.967,2.967,ResOve,[Pretrained] CF ResOve,0.159,0,0.159,752,21,0.0,5,0.41999999999999993,0.0,20
670,feature_0 > -0.009 AND feature_0 > 0.557 AND feature_0 <= 1.312 AND feature_1 > 0.554 AND feature_1 > 0.999 AND feature_2 <= -0.108 AND feature_1 > 1.161 AND feature_10 <= -0.157 AND feature_7 <= -0.509,"{'feature_0': (0.557, 1.312), 'feature_1': (1.161, 3.852), 'feature_2': (-3.634, -0.108), 'feature_10': (-3.9, -0.157), 'feature_7': (-3.93, -0.509)}",5,2.561,9,[Pretrained] CF,"[378, 544, 545, 649, 665, 666, 668, 669]",2.69,2.69,ResOve,[Pretrained] CF ResOve,0.159,0,0.159,752,24,0.0,5,0.129,0.0,20
751,feature_0 > -0.009 AND feature_0 > 0.557 AND feature_0 > 1.312 AND feature_0 > 1.679 AND feature_15 > 0.748 AND feature_1 <= 0.434 AND feature_10 > -0.019,"{'feature_0': (1.679, 3.621), 'feature_15': (0.748, 3.636), 'feature_1': (-3.98, 0.434), 'feature_10': (-0.019, 3.853)}",4,2.494,7,[Pretrained] CF,"[378, 544, 688, 718, 748, 749]",2.667,2.726,ResOve,[Pretrained] CF ResOve,0.159,0,0.159,752,24,0.0,5,0.1729999999999996,0.05900000000000016,20
742,feature_0 > -0.009 AND feature_0 > 0.557 AND feature_0 > 1.312 AND feature_0 > 1.679 AND feature_15 <= 0.748 AND feature_1 > -0.322 AND feature_0 > 2.025 AND feature_18 <= -0.419 AND feature_1 > 0.261,"{'feature_0': (2.025, 3.621), 'feature_15': (-3.704, 0.748), 'feature_1': (0.261, 3.852), 'feature_18': (-3.591, -0.419)}",4,2.651,9,[Pretrained] CF,"[378, 544, 688, 718, 719, 731, 739, 740]",3.585,3.585,NoOve,[Pretrained] CF NoOve,0.006,0,0.006,752,25,0.0,5,0.9340000000000002,0.0,20
744,feature_0 > -0.009 AND feature_0 > 0.557 AND feature_0 > 1.312 AND feature_0 > 1.679 AND feature_15 <= 0.748 AND feature_1 > -0.322 AND feature_0 > 2.025 AND feature_18 > -0.419 AND feature_9 <= -0.368,"{'feature_0': (2.025, 3.621), 'feature_15': (-3.704, 0.748), 'feature_1': (-0.322, 3.852), 'feature_18': (-0.419, 3.802), 'feature_9': (-3.749, -0.368)}",5,2.565,9,[Pretrained] CF,"[378, 544, 688, 718, 719, 731, 739, 743]",3.39,3.39,NoOve,[Pretrained] CF NoOve,0.006,0,0.006,752,29,0.0,5,0.8250000000000002,0.0,20
670,feature_0 > -0.009 AND feature_0 > 0.557 AND feature_0 <= 1.312 AND feature_1 > 0.554 AND feature_1 > 0.999 AND feature_2 <= -0.108 AND feature_1 > 1.161 AND feature_10 <= -0.157 AND feature_7 <= -0.509,"{'feature_0': (0.557, 1.312), 'feature_1': (1.161, 3.852), 'feature_2': (-3.634, -0.108), 'feature_10': (-3.9, -0.157), 'feature_7': (-3.93, -0.509)}",5,2.561,9,[Pretrained] CF,"[378, 544, 545, 649, 665, 666, 668, 669]",2.69,2.69,NoOve,[Pretrained] CF NoOve,0.006,0,0.006,752,24,0.0,5,0.129,0.0,20
741,feature_0 > -0.009 AND feature_0 > 0.557 AND feature_0 > 1.312 AND feature_0 > 1.679 AND feature_15 <= 0.748 AND feature_1 > -0.322 AND feature_0 > 2.025 AND feature_18 <= -0.419 AND feature_1 <= 0.261,"{'feature_0': (2.025, 3.621), 'feature_15': (-3.704, 0.748), 'feature_1': (-0.322, 0.261), 'feature_18': (-3.591, -0.419)}",4,2.547,9,[Pretrained] CF,"[378, 544, 688, 718, 719, 731, 739, 740]",2.967,2.967,NoOve,[Pretrained] CF NoOve,0.006,0,0.006,752,21,0.0,5,0.41999999999999993,0.0,20
735,feature_0 > -0.009 AND feature_0 > 0.557 AND feature_0 > 1.312 AND feature_0 > 1.679 AND feature_15 <= 0.748 AND feature_1 > -0.322 AND feature_0 <= 2.025 AND feature_10 <= 0.179 AND feature_1 > 0.46,"{'feature_0': (1.679, 2.025), 'feature_15': (-3.704, 0.748), 'feature_1': (0.46, 3.852), 'feature_10': (-3.9, 0.179)}",4,2.515,9,[Pretrained] CF,"[378, 544, 688, 718, 719, 731, 732, 733]",3.293,3.293,NoOve,[Pretrained] CF NoOve,0.006,0,0.006,752,37,0.0,5,0.778,0.0,20
752,feature_0 > -0.009 AND feature_0 > 0.557 AND feature_0 > 1.312 AND feature_0 > 1.679 AND feature_15 > 0.748 AND feature_1 > 0.434,"{'feature_0': (1.679, 3.621), 'feature_15': (0.748, 3.636), 'feature_1': (0.434, 3.852)}",3,2.747,6,[Pretrained] CF,"[378, 544, 688, 718, 748]",3.359,3.343,OptRes,[Pretrained] CF OptRes,0.003,0,0.003,752,26,0.09313725490196079,5,0.6120000000000001,0.016000000000000014,20
742,feature_0 > -0.009 AND feature_0 > 0.557 AND feature_0 > 1.312 AND feature_0 > 1.679 AND feature_15 <= 0.748 AND feature_1 > -0.322 AND feature_0 > 2.025 AND feature_18 <= -0.419 AND feature_1 > 0.261,"{'feature_0': (2.025, 3.621), 'feature_15': (-3.704, 0.748), 'feature_1': (0.261, 3.852), 'feature_18': (-3.591, -0.419)}",4,2.651,9,[Pretrained] CF,"[378, 544, 688, 718, 719, 731, 739, 740]",3.585,3.577,OptRes,[Pretrained] CF OptRes,0.003,0,0.003,752,22,0.0,5,0.9340000000000002,0.008000000000000007,20
748,feature_0 > -0.009 AND feature_0 > 0.557 AND feature_0 > 1.312 AND feature_0 > 1.679 AND feature_15 > 0.748,"{'feature_0': (1.679, 3.621), 'feature_15': (0.748, 3.636)}",2,2.627,5,[Pretrained] CF,"[378, 544, 688, 718]",2.938,2.916,OptRes,[Pretrained] CF OptRes,0.003,0,0.003,752,75,0.17401960784313725,5,0.3110000000000004,0.02200000000000024,20
750,feature_0 > -0.009 AND feature_0 > 0.557 AND feature_0 > 1.312 AND feature_0 > 1.679 AND feature_15 > 0.748 AND feature_1 <= 0.434 AND feature_10 <= -0.019,"{'feature_0': (1.679, 3.621), 'feature_15': (0.748, 3.636), 'feature_1': (-3.98, 0.434), 'feature_10': (-3.9, -0.019)}",4,2.615,7,[Pretrained] CF,"[378, 544, 688, 718, 748, 749]",2.708,2.695,OptRes,[Pretrained] CF OptRes,0.003,0,0.003,752,27,0.08088235294117647,5,0.09299999999999997,0.013000000000000345,20
744,feature_0 > -0.009 AND feature_0 > 0.557 AND feature_0 > 1.312 AND feature_0 > 1.679 AND feature_15 <= 0.748 AND feature_1 > -0.322 AND feature_0 > 2.025 AND feature_18 > -0.419 AND feature_9 <= -0.368,"{'feature_0': (2.025, 3.621), 'feature_15': (-3.704, 0.748), 'feature_1': (-0.322, 3.852), 'feature_18': (-0.419, 3.802), 'feature_9': (-3.749, -0.368)}",5,2.565,9,[Pretrained] CF,"[378, 544, 688, 718, 719, 731, 739, 743]",3.39,3.379,OptRes,[Pretrained] CF OptRes,0.003,0,0.003,752,21,0.0,5,0.8250000000000002,0.01100000000000012,20
752,feature_0 > -0.009 AND feature_0 > 0.557 AND feature_0 > 1.312 AND feature_0 > 1.679 AND feature_15 > 0.748 AND feature_1 > 0.434,"{'feature_0': (1.679, 3.621), 'feature_15': (0.748, 3.636), 'feature_1': (0.434, 3.852)}",3,2.747,6,[Pretrained] CF,"[378, 544, 688, 718, 748]",3.359,3.343,ResOve,[Pretrained] CF ResOve,0.123,0,0.123,752,26,0.0,5,0.6120000000000001,0.016000000000000014,20
670,feature_0 > -0.009 AND feature_0 > 0.557 AND feature_0 <= 1.312 AND feature_1 > 0.554 AND feature_1 > 0.999 AND feature_2 <= -0.108 AND feature_1 > 1.161 AND feature_10 <= -0.157 AND feature_7 <= -0.509,"{'feature_0': (0.557, 1.312), 'feature_1': (1.161, 3.852), 'feature_2': (-3.634, -0.108), 'feature_10': (-3.9, -0.157), 'feature_7': (-3.93, -0.509)}",5,2.561,9,[Pretrained] CF,"[378, 544, 545, 649, 665, 666, 668, 669]",2.69,2.703,ResOve,[Pretrained] CF ResOve,0.123,0,0.123,752,21,0.0,5,0.129,0.0129999999999999,20
751,feature_0 > -0.009 AND feature_0 > 0.557 AND feature_0 > 1.312 AND feature_0 > 1.679 AND feature_15 > 0.748 AND feature_1 <= 0.434 AND feature_10 > -0.019,"{'feature_0': (1.679, 3.621), 'feature_15': (0.748, 3.636), 'feature_1': (-3.98, 0.434), 'feature_10': (-0.019, 3.853)}",4,2.494,7,[Pretrained] CF,"[378, 544, 688, 718, 748, 749]",2.667,2.684,ResOve,[Pretrained] CF ResOve,0.123,0,0.123,752,22,0.0,5,0.1729999999999996,0.017000000000000348,20
750,feature_0 > -0.009 AND feature_0 > 0.557 AND feature_0 > 1.312 AND feature_0 > 1.679 AND feature_15 > 0.748 AND feature_1 <= 0.434 AND feature_10 <= -0.019,"{'feature_0': (1.679, 3.621), 'feature_15': (0.748, 3.636), 'feature_1': (-3.98, 0.434), 'feature_10': (-3.9, -0.019)}",4,2.615,7,[Pretrained] CF,"[378, 544, 688, 718, 748, 749]",2.708,2.695,ResOve,[Pretrained] CF ResOve,0.123,0,0.123,752,27,0.0,5,0.09299999999999997,0.013000000000000345,20
742,feature_0 > -0.009 AND feature_0 > 0.557 AND feature_0 > 1.312 AND feature_0 > 1.679 AND feature_15 <= 0.748 AND feature_1 > -0.322 AND feature_0 > 2.025 AND feature_18 <= -0.419 AND feature_1 > 0.261,"{'feature_0': (2.025, 3.621), 'feature_15': (-3.704, 0.748), 'feature_1': (0.261, 3.852), 'feature_18': (-3.591, -0.419)}",4,2.651,9,[Pretrained] CF,"[378, 544, 688, 718, 719, 731, 739, 740]",3.585,3.577,ResOve,[Pretrained] CF ResOve,0.123,0,0.123,752,22,0.0,5,0.9340000000000002,0.008000000000000007,20
742,feature_0 > -0.009 AND feature_0 > 0.557 AND feature_0 > 1.312 AND feature_0 > 1.679 AND feature_15 <= 0.748 AND feature_1 > -0.322 AND feature_0 > 2.025 AND feature_18 <= -0.419 AND feature_1 > 0.261,"{'feature_0': (2.025, 3.621), 'feature_15': (-3.704, 0.748), 'feature_1': (0.261, 3.852), 'feature_18': (-3.591, -0.419)}",4,2.651,9,[Pretrained] CF,"[378, 544, 688, 718, 719, 731, 739, 740]",3.585,3.577,NoOve,[Pretrained] CF NoOve,0.01,0,0.01,752,22,0.0,5,0.9340000000000002,0.008000000000000007,20
744,feature_0 > -0.009 AND feature_0 > 0.557 AND feature_0 > 1.312 AND feature_0 > 1.679 AND feature_15 <= 0.748 AND feature_1 > -0.322 AND feature_0 > 2.025 AND feature_18 > -0.419 AND feature_9 <= -0.368,"{'feature_0': (2.025, 3.621), 'feature_15': (-3.704, 0.748), 'feature_1': (-0.322, 3.852), 'feature_18': (-0.419, 3.802), 'feature_9': (-3.749, -0.368)}",5,2.565,9,[Pretrained] CF,"[378, 544, 688, 718, 719, 731, 739, 743]",3.39,3.379,NoOve,[Pretrained] CF NoOve,0.01,0,0.01,752,21,0.0,5,0.8250000000000002,0.01100000000000012,20
670,feature_0 > -0.009 AND feature_0 > 0.557 AND feature_0 <= 1.312 AND feature_1 > 0.554 AND feature_1 > 0.999 AND feature_2 <= -0.108 AND feature_1 > 1.161 AND feature_10 <= -0.157 AND feature_7 <= -0.509,"{'feature_0': (0.557, 1.312), 'feature_1': (1.161, 3.852), 'feature_2': (-3.634, -0.108), 'feature_10': (-3.9, -0.157), 'feature_7': (-3.93, -0.509)}",5,2.561,9,[Pretrained] CF,"[378, 544, 545, 649, 665, 666, 668, 669]",2.69,2.703,NoOve,[Pretrained] CF NoOve,0.01,0,0.01,752,21,0.0,5,0.129,0.0129999999999999,20
735,feature_0 > -0.009 AND feature_0 > 0.557 AND feature_0 > 1.312 AND feature_0 > 1.679 AND feature_15 <= 0.748 AND feature_1 > -0.322 AND feature_0 <= 2.025 AND feature_10 <= 0.179 AND feature_1 > 0.46,"{'feature_0': (1.679, 2.025), 'feature_15': (-3.704, 0.748), 'feature_1': (0.46, 3.852), 'feature_10': (-3.9, 0.179)}",4,2.515,9,[Pretrained] CF,"[378, 544, 688, 718, 719, 731, 732, 733]",3.293,3.32,NoOve,[Pretrained] CF NoOve,0.01,0,0.01,752,30,0.0,5,0.778,0.02699999999999969,20
745,feature_0 > -0.009 AND feature_0 > 0.557 AND feature_0 > 1.312 AND feature_0 > 1.679 AND feature_15 <= 0.748 AND feature_1 > -0.322 AND feature_0 > 2.025 AND feature_18 > -0.419 AND feature_9 > -0.368,"{'feature_0': (2.025, 3.621), 'feature_15': (-3.704, 0.748), 'feature_1': (-0.322, 3.852), 'feature_18': (-0.419, 3.802), 'feature_9': (-0.368, 3.622)}",5,2.432,9,[Pretrained] CF,"[378, 544, 688, 718, 719, 731, 739, 743]",3.271,3.302,NoOve,[Pretrained] CF NoOve,0.01,0,0.01,752,37,0.0,5,0.839,0.03100000000000014,20
748,feature_0 > -0.009 AND feature_0 > 0.557 AND feature_0 > 1.312 AND feature_0 > 1.679 AND feature_15 > 0.748,"{'feature_0': (1.679, 3.621), 'feature_15': (0.748, 3.636)}",2,2.627,5,[Pretrained] CF,"[378, 544, 688, 718]",2.938,2.878,OptRes,[Pretrained] CF OptRes,0.005,0,0.005,752,58,0.0,5,0.3110000000000004,0.06000000000000005,20
744,feature_0 > -0.009 AND feature_0 > 0.557 AND feature_0 > 1.312 AND feature_0 > 1.679 AND feature_15 <= 0.748 AND feature_1 > -0.322 AND feature_0 > 2.025 AND feature_18 > -0.419 AND feature_9 <= -0.368,"{'feature_0': (2.025, 3.621), 'feature_15': (-3.704, 0.748), 'feature_1': (-0.322, 3.852), 'feature_18': (-0.419, 3.802), 'feature_9': (-3.749, -0.368)}",5,2.565,9,[Pretrained] CF,"[378, 544, 688, 718, 719, 731, 739, 743]",3.39,3.365,OptRes,[Pretrained] CF OptRes,0.005,0,0.005,752,25,0.05991735537190083,5,0.8250000000000002,0.02499999999999991,20
739,feature_0 > -0.009 AND feature_0 > 0.557 AND feature_0 > 1.312 AND feature_0 > 1.679 AND feature_15 <= 0.748 AND feature_1 > -0.322 AND feature_0 > 2.025,"{'feature_0': (2.025, 3.621), 'feature_15': (-3.704, 0.748), 'feature_1': (-0.322, 3.852)}",3,2.529,7,[Pretrained] CF,"[378, 544, 688, 718, 719, 731]",3.312,3.315,OptRes,[Pretrained] CF OptRes,0.005,0,0.005,752,66,0.10950413223140495,5,0.7829999999999999,0.0030000000000001137,20
735,feature_0 > -0.009 AND feature_0 > 0.557 AND feature_0 > 1.312 AND feature_0 > 1.679 AND feature_15 <= 0.748 AND feature_1 > -0.322 AND feature_0 <= 2.025 AND feature_10 <= 0.179 AND feature_1 > 0.46,"{'feature_0': (1.679, 2.025), 'feature_15': (-3.704, 0.748), 'feature_1': (0.46, 3.852), 'feature_10': (-3.9, 0.179)}",4,2.515,9,[Pretrained] CF,"[378, 544, 688, 718, 719, 731, 732, 733]",3.293,3.303,OptRes,[Pretrained] CF OptRes,0.005,0,0.005,752,22,0.0,5,0.778,0.009999999999999787,20
747,feature_0 > -0.009 AND feature_0 > 0.557 AND feature_0 > 1.312 AND feature_0 > 1.679 AND feature_15 <= 0.748 AND feature_1 > -0.322 AND feature_0 > 2.025 AND feature_18 > -0.419 AND feature_9 > -0.368 AND feature_16 > -0.296,"{'feature_0': (2.025, 3.621), 'feature_15': (-3.704, 0.748), 'feature_1': (-0.322, 3.852), 'feature_18': (-0.419, 3.802), 'feature_9': (-0.368, 3.622), 'feature_16': (-0.296, 3.902)}",6,2.486,10,[Pretrained] CF,"[378, 544, 688, 718, 719, 731, 739, 743, 745]",3.284,3.274,OptRes,[Pretrained] CF OptRes,0.005,0,0.005,752,22,0.049586776859504134,5,0.7979999999999996,0.009999999999999787,20
744,feature_0 > -0.009 AND feature_0 > 0.557 AND feature_0 > 1.312 AND feature_0 > 1.679 AND feature_15 <= 0.748 AND feature_1 > -0.322 AND feature_0 > 2.025 AND feature_18 > -0.419 AND feature_9 <= -0.368,"{'feature_0': (2.025, 3.621), 'feature_15': (-3.704, 0.748), 'feature_1': (-0.322, 3.852), 'feature_18': (-0.419, 3.802), 'feature_9': (-3.749, -0.368)}",5,2.565,9,[Pretrained] CF,"[378, 544, 688, 718, 719, 731, 739, 743]",3.39,3.365,ResOve,[Pretrained] CF ResOve,0.134,0,0.134,752,25,0.05991735537190083,5,0.8250000000000002,0.02499999999999991,20
739,feature_0 > -0.009 AND feature_0 > 0.557 AND feature_0 > 1.312 AND feature_0 > 1.679 AND feature_15 <= 0.748 AND feature_1 > -0.322 AND feature_0 > 2.025,"{'feature_0': (2.025, 3.621), 'feature_15': (-3.704, 0.748), 'feature_1': (-0.322, 3.852)}",3,2.529,7,[Pretrained] CF,"[378, 544, 688, 718, 719, 731]",3.312,3.315,ResOve,[Pretrained] CF ResOve,0.134,0,0.134,752,66,0.05991735537190083,5,0.7829999999999999,0.0030000000000001137,20
748,feature_0 > -0.009 AND feature_0 > 0.557 AND feature_0 > 1.312 AND feature_0 > 1.679 AND feature_15 > 0.748,"{'feature_0': (1.679, 3.621), 'feature_15': (0.748, 3.636)}",2,2.627,5,[Pretrained] CF,"[378, 544, 688, 718]",2.938,2.878,ResOve,[Pretrained] CF ResOve,0.134,0,0.134,752,58,0.0,5,0.3110000000000004,0.06000000000000005,20
725,feature_0 > -0.009 AND feature_0 > 0.557 AND feature_0 > 1.312 AND feature_0 > 1.679 AND feature_15 <= 0.748 AND feature_1 <= -0.322 AND feature_0 > 1.807 AND feature_18 <= 0.699 AND feature_1 > -1.426,"{'feature_0': (1.807, 3.621), 'feature_15': (-3.704, 0.748), 'feature_1': (-1.426, -0.322), 'feature_18': (-3.591, 0.699)}",4,2.385,9,[Pretrained] CF,"[378, 544, 688, 718, 719, 720, 722, 723]",2.578,2.613,ResOve,[Pretrained] CF ResOve,0.134,0,0.134,752,36,0.0,5,0.19300000000000006,0.03500000000000014,20
669,feature_0 > -0.009 AND feature_0 > 0.557 AND feature_0 <= 1.312 AND feature_1 > 0.554 AND feature_1 > 0.999 AND feature_2 <= -0.108 AND feature_1 > 1.161 AND feature_10 <= -0.157,"{'feature_0': (0.557, 1.312), 'feature_1': (1.161, 3.852), 'feature_2': (-3.634, -0.108), 'feature_10': (-3.9, -0.157)}",4,2.459,8,[Pretrained] CF,"[378, 544, 545, 649, 665, 666, 668]",2.774,2.812,ResOve,[Pretrained] CF ResOve,0.134,0,0.134,752,30,0.0,5,0.31499999999999995,0.03799999999999981,20
744,feature_0 > -0.009 AND feature_0 > 0.557 AND feature_0 > 1.312 AND feature_0 > 1.679 AND feature_15 <= 0.748 AND feature_1 > -0.322 AND feature_0 > 2.025 AND feature_18 > -0.419 AND feature_9 <= -0.368,"{'feature_0': (2.025, 3.621), 'feature_15': (-3.704, 0.748), 'feature_1': (-0.322, 3.852), 'feature_18': (-0.419, 3.802), 'feature_9': (-3.749, -0.368)}",5,2.565,9,[Pretrained] CF,"[378, 544, 688, 718, 719, 731, 739, 743]",3.39,3.365,NoOve,[Pretrained] CF NoOve,0.017,0,0.017,752,25,0.0,5,0.8250000000000002,0.02499999999999991,20
735,feature_0 > -0.009 AND feature_0 > 0.557 AND feature_0 > 1.312 AND feature_0 > 1.679 AND feature_15 <= 0.748 AND feature_1 > -0.322 AND feature_0 <= 2.025 AND feature_10 <= 0.179 AND feature_1 > 0.46,"{'feature_0': (1.679, 2.025), 'feature_15': (-3.704, 0.748), 'feature_1': (0.46, 3.852), 'feature_10': (-3.9, 0.179)}",4,2.515,9,[Pretrained] CF,"[378, 544, 688, 718, 719, 731, 732, 733]",3.293,3.303,NoOve,[Pretrained] CF NoOve,0.017,0,0.017,752,22,0.0,5,0.778,0.009999999999999787,20
745,feature_0 > -0.009 AND feature_0 > 0.557 AND feature_0 > 1.312 AND feature_0 > 1.679 AND feature_15 <= 0.748 AND feature_1 > -0.322 AND feature_0 > 2.025 AND feature_18 > -0.419 AND feature_9 > -0.368,"{'feature_0': (2.025, 3.621), 'feature_15': (-3.704, 0.748), 'feature_1': (-0.322, 3.852), 'feature_18': (-0.419, 3.802), 'feature_9': (-0.368, 3.622)}",5,2.432,9,[Pretrained] CF,"[378, 544, 688, 718, 719, 731, 739, 743]",3.271,3.284,NoOve,[Pretrained] CF NoOve,0.017,0,0.017,752,41,0.0,5,0.839,0.0129999999999999,20
725,feature_0 > -0.009 AND feature_0 > 0.557 AND feature_0 > 1.312 AND feature_0 > 1.679 AND feature_15 <= 0.748 AND feature_1 <= -0.322 AND feature_0 > 1.807 AND feature_18 <= 0.699 AND feature_1 > -1.426,"{'feature_0': (1.807, 3.621), 'feature_15': (-3.704, 0.748), 'feature_1': (-1.426, -0.322), 'feature_18': (-3.591, 0.699)}",4,2.385,9,[Pretrained] CF,"[378, 544, 688, 718, 719, 720, 722, 723]",2.578,2.613,NoOve,[Pretrained] CF NoOve,0.017,0,0.017,752,36,0.0,5,0.19300000000000006,0.03500000000000014,20
684,feature_0 > -0.009 AND feature_0 > 0.557 AND feature_0 <= 1.312 AND feature_1 > 0.554 AND feature_1 > 0.999 AND feature_2 > -0.108 AND feature_1 > 1.282 AND feature_16 <= 0.041 AND feature_17 > -0.4,"{'feature_0': (0.557, 1.312), 'feature_1': (1.282, 3.852), 'feature_2': (-0.108, 3.598), 'feature_16': (-4.852, 0.041), 'feature_17': (-0.4, 3.525)}",5,2.275,9,[Pretrained] CF,"[378, 544, 545, 649, 665, 675, 681, 682]",2.941,2.9,NoOve,[Pretrained] CF NoOve,0.017,0,0.017,752,24,0.0,5,0.6659999999999999,0.040999999999999925,20
752,feature_0 > -0.009 AND feature_0 > 0.557 AND feature_0 > 1.312 AND feature_0 > 1.679 AND feature_15 > 0.748 AND feature_1 > 0.434,"{'feature_0': (1.679, 3.621), 'feature_15': (0.748, 3.636), 'feature_1': (0.434, 3.852)}",3,2.747,6,[Pretrained] CF,"[378, 544, 688, 718, 748]",3.359,3.359,OptRes,[Pretrained] CF OptRes,0.002,0,0.002,752,38,0.0,5,0.6120000000000001,0.0,20
742,feature_0 > -0.009 AND feature_0 > 0.557 AND feature_0 > 1.312 AND feature_0 > 1.679 AND feature_15 <= 0.748 AND feature_1 > -0.322 AND feature_0 > 2.025 AND feature_18 <= -0.419 AND feature_1 > 0.261,"{'feature_0': (2.025, 3.621), 'feature_15': (-3.704, 0.748), 'feature_1': (0.261, 3.852), 'feature_18': (-3.591, -0.419)}",4,2.651,9,[Pretrained] CF,"[378, 544, 688, 718, 719, 731, 739, 740]",3.585,3.585,OptRes,[Pretrained] CF OptRes,0.002,0,0.002,752,25,0.0,5,0.9340000000000002,0.0,20
744,feature_0 > -0.009 AND feature_0 > 0.557 AND feature_0 > 1.312 AND feature_0 > 1.679 AND feature_15 <= 0.748 AND feature_1 > -0.322 AND feature_0 > 2.025 AND feature_18 > -0.419 AND feature_9 <= -0.368,"{'feature_0': (2.025, 3.621), 'feature_15': (-3.704, 0.748), 'feature_1': (-0.322, 3.852), 'feature_18': (-0.419, 3.802), 'feature_9': (-3.749, -0.368)}",5,2.565,9,[Pretrained] CF,"[378, 544, 688, 718, 719, 731, 739, 743]",3.39,3.39,OptRes,[Pretrained] CF OptRes,0.002,0,0.002,752,29,0.0,5,0.8250000000000002,0.0,20
670,feature_0 > -0.009 AND feature_0 > 0.557 AND feature_0 <= 1.312 AND feature_1 > 0.554 AND feature_1 > 0.999 AND feature_2 <= -0.108 AND feature_1 > 1.161 AND feature_10 <= -0.157 AND feature_7 <= -0.509,"{'feature_0': (0.557, 1.312), 'feature_1': (1.161, 3.852), 'feature_2': (-3.634, -0.108), 'feature_10': (-3.9, -0.157), 'feature_7': (-3.93, -0.509)}",5,2.561,9,[Pretrained] CF,"[378, 544, 545, 649, 665, 666, 668, 669]",2.69,2.69,OptRes,[Pretrained] CF OptRes,0.002,0,0.002,752,24,0.0,5,0.129,0.0,20
741,feature_0 > -0.009 AND feature_0 > 0.557 AND feature_0 > 1.312 AND feature_0 > 1.679 AND feature_15 <= 0.748 AND feature_1 > -0.322 AND feature_0 > 2.025 AND feature_18 <= -0.419 AND feature_1 <= 0.261,"{'feature_0': (2.025, 3.621), 'feature_15': (-3.704, 0.748), 'feature_1': (-0.322, 0.261), 'feature_18': (-3.591, -0.419)}",4,2.547,9,[Pretrained] CF,"[378, 544, 688, 718, 719, 731, 739, 740]",2.967,2.967,OptRes,[Pretrained] CF OptRes,0.002,0,0.002,752,21,0.0,5,0.41999999999999993,0.0,20
752,feature_0 > -0.009 AND feature_0 > 0.557 AND feature_0 > 1.312 AND feature_0 > 1.679 AND feature_15 > 0.748 AND feature_1 > 0.434,"{'feature_0': (1.679, 3.621), 'feature_15': (0.748, 3.636), 'feature_1': (0.434, 3.852)}",3,2.747,6,[Pretrained] CF,"[378, 544, 688, 718, 748]",3.359,3.359,ResOve,[Pretrained] CF ResOve,0.077,0,0.077,752,38,0.0,5,0.6120000000000001,0.0,20
742,feature_0 > -0.009 AND feature_0 > 0.557 AND feature_0 > 1.312 AND feature_0 > 1.679 AND feature_15 <= 0.748 AND feature_1 > -0.322 AND feature_0 > 2.025 AND feature_18 <= -0.419 AND feature_1 > 0.261,"{'feature_0': (2.025, 3.621), 'feature_15': (-3.704, 0.748), 'feature_1': (0.261, 3.852), 'feature_18': (-3.591, -0.419)}",4,2.651,9,[Pretrained] CF,"[378, 544, 688, 718, 719, 731, 739, 740]",3.585,3.585,ResOve,[Pretrained] CF ResOve,0.077,0,0.077,752,25,0.0,5,0.9340000000000002,0.0,20
741,feature_0 > -0.009 AND feature_0 > 0.557 AND feature_0 > 1.312 AND feature_0 > 1.679 AND feature_15 <= 0.748 AND feature_1 > -0.322 AND feature_0 > 2.025 AND feature_18 <= -0.419 AND feature_1 <= 0.261,"{'feature_0': (2.025, 3.621), 'feature_15': (-3.704, 0.748), 'feature_1': (-0.322, 0.261), 'feature_18': (-3.591, -0.419)}",4,2.547,9,[Pretrained] CF,"[378, 544, 688, 718, 719, 731, 739, 740]",2.967,2.967,ResOve,[Pretrained] CF ResOve,0.077,0,0.077,752,21,0.0,5,0.41999999999999993,0.0,20
735,feature_0 > -0.009 AND feature_0 > 0.557 AND feature_0 > 1.312 AND feature_0 > 1.679 AND feature_15 <= 0.748 AND feature_1 > -0.322 AND feature_0 <= 2.025 AND feature_10 <= 0.179 AND feature_1 > 0.46,"{'feature_0': (1.679, 2.025), 'feature_15': (-3.704, 0.748), 'feature_1': (0.46, 3.852), 'feature_10': (-3.9, 0.179)}",4,2.515,9,[Pretrained] CF,"[378, 544, 688, 718, 719, 731, 732, 733]",3.293,3.293,ResOve,[Pretrained] CF ResOve,0.077,0,0.077,752,37,0.0,5,0.778,0.0,20
670,feature_0 > -0.009 AND feature_0 > 0.557 AND feature_0 <= 1.312 AND feature_1 > 0.554 AND feature_1 > 0.999 AND feature_2 <= -0.108 AND feature_1 > 1.161 AND feature_10 <= -0.157 AND feature_7 <= -0.509,"{'feature_0': (0.557, 1.312), 'feature_1': (1.161, 3.852), 'feature_2': (-3.634, -0.108), 'feature_10': (-3.9, -0.157), 'feature_7': (-3.93, -0.509)}",5,2.561,9,[Pretrained] CF,"[378, 544, 545, 649, 665, 666, 668, 669]",2.69,2.69,ResOve,[Pretrained] CF ResOve,0.077,0,0.077,752,24,0.0,5,0.129,0.0,20
742,feature_0 > -0.009 AND feature_0 > 0.557 AND feature_0 > 1.312 AND feature_0 > 1.679 AND feature_15 <= 0.748 AND feature_1 > -0.322 AND feature_0 > 2.025 AND feature_18 <= -0.419 AND feature_1 > 0.261,"{'feature_0': (2.025, 3.621), 'feature_15': (-3.704, 0.748), 'feature_1': (0.261, 3.852), 'feature_18': (-3.591, -0.419)}",4,2.651,9,[Pretrained] CF,"[378, 544, 688, 718, 719, 731, 739, 740]",3.585,3.585,NoOve,[Pretrained] CF NoOve,0.008,0,0.008,752,25,0.0,5,0.9340000000000002,0.0,20
744,feature_0 > -0.009 AND feature_0 > 0.557 AND feature_0 > 1.312 AND feature_0 > 1.679 AND feature_15 <= 0.748 AND feature_1 > -0.322 AND feature_0 > 2.025 AND feature_18 > -0.419 AND feature_9 <= -0.368,"{'feature_0': (2.025, 3.621), 'feature_15': (-3.704, 0.748), 'feature_1': (-0.322, 3.852), 'feature_18': (-0.419, 3.802), 'feature_9': (-3.749, -0.368)}",5,2.565,9,[Pretrained] CF,"[378, 544, 688, 718, 719, 731, 739, 743]",3.39,3.39,NoOve,[Pretrained] CF NoOve,0.008,0,0.008,752,29,0.0,5,0.8250000000000002,0.0,20
670,feature_0 > -0.009 AND feature_0 > 0.557 AND feature_0 <= 1.312 AND feature_1 > 0.554 AND feature_1 > 0.999 AND feature_2 <= -0.108 AND feature_1 > 1.161 AND feature_10 <= -0.157 AND feature_7 <= -0.509,"{'feature_0': (0.557, 1.312), 'feature_1': (1.161, 3.852), 'feature_2': (-3.634, -0.108), 'feature_10': (-3.9, -0.157), 'feature_7': (-3.93, -0.509)}",5,2.561,9,[Pretrained] CF,"[378, 544, 545, 649, 665, 666, 668, 669]",2.69,2.69,NoOve,[Pretrained] CF NoOve,0.008,0,0.008,752,24,0.0,5,0.129,0.0,20
741,feature_0 > -0.009 AND feature_0 > 0.557 AND feature_0 > 1.312 AND feature_0 > 1.679 AND feature_15 <= 0.748 AND feature_1 > -0.322 AND feature_0 > 2.025 AND feature_18 <= -0.419 AND feature_1 <= 0.261,"{'feature_0': (2.025, 3.621), 'feature_15': (-3.704, 0.748), 'feature_1': (-0.322, 0.261), 'feature_18': (-3.591, -0.419)}",4,2.547,9,[Pretrained] CF,"[378, 544, 688, 718, 719, 731, 739, 740]",2.967,2.967,NoOve,[Pretrained] CF NoOve,0.008,0,0.008,752,21,0.0,5,0.41999999999999993,0.0,20
735,feature_0 > -0.009 AND feature_0 > 0.557 AND feature_0 > 1.312 AND feature_0 > 1.679 AND feature_15 <= 0.748 AND feature_1 > -0.322 AND feature_0 <= 2.025 AND feature_10 <= 0.179 AND feature_1 > 0.46,"{'feature_0': (1.679, 2.025), 'feature_15': (-3.704, 0.748), 'feature_1': (0.46, 3.852), 'feature_10': (-3.9, 0.179)}",4,2.515,9,[Pretrained] CF,"[378, 544, 688, 718, 719, 731, 732, 733]",3.293,3.293,NoOve,[Pretrained] CF NoOve,0.008,0,0.008,752,37,0.0,5,0.778,0.0,20
748,feature_0 > -0.009 AND feature_0 > 0.557 AND feature_0 > 1.312 AND feature_0 > 1.679 AND feature_15 > 0.748,"{'feature_0': (1.679, 3.621), 'feature_15': (0.748, 3.636)}",2,2.627,5,[Pretrained] CF,"[378, 544, 688, 718]",2.938,2.85,OptRes,[Pretrained] CF OptRes,0.008,0,0.008,752,32,0.05214723926380368,5,0.3110000000000004,0.08800000000000008,20
739,feature_0 > -0.009 AND feature_0 > 0.557 AND feature_0 > 1.312 AND feature_0 > 1.679 AND feature_15 <= 0.748 AND feature_1 > -0.322 AND feature_0 > 2.025,"{'feature_0': (2.025, 3.621), 'feature_15': (-3.704, 0.748), 'feature_1': (-0.322, 3.852)}",3,2.529,7,[Pretrained] CF,"[378, 544, 688, 718, 719, 731]",3.312,3.27,OptRes,[Pretrained] CF OptRes,0.008,0,0.008,752,28,0.1858363505313621,5,0.7829999999999999,0.041999999999999815,20
731,feature_0 > -0.009 AND feature_0 > 0.557 AND feature_0 > 1.312 AND feature_0 > 1.679 AND feature_15 <= 0.748 AND feature_1 > -0.322,"{'feature_0': (1.679, 3.621), 'feature_15': (-3.704, 0.748), 'feature_1': (-0.322, 3.852)}",3,2.469,6,[Pretrained] CF,"[378, 544, 688, 718, 719]",3.12,3.055,OptRes,[Pretrained] CF OptRes,0.008,0,0.008,752,68,0.3194165074256596,5,0.6510000000000002,0.06499999999999995,20
733,feature_0 > -0.009 AND feature_0 > 0.557 AND feature_0 > 1.312 AND feature_0 > 1.679 AND feature_15 <= 0.748 AND feature_1 > -0.322 AND feature_0 <= 2.025 AND feature_10 <= 0.179,"{'feature_0': (1.679, 2.025), 'feature_15': (-3.704, 0.748), 'feature_1': (-0.322, 3.852), 'feature_10': (-3.9, 0.179)}",4,2.469,8,[Pretrained] CF,"[378, 544, 688, 718, 719, 731, 732]",2.959,2.981,OptRes,[Pretrained] CF OptRes,0.008,0,0.008,752,23,0.10597279493110731,5,0.4900000000000002,0.021999999999999797,20
718,feature_0 > -0.009 AND feature_0 > 0.557 AND feature_0 > 1.312 AND feature_0 > 1.679,"{'feature_0': (1.679, 3.621)}",1,2.451,4,[Pretrained] CF,"[378, 544, 688]",2.889,2.833,OptRes,[Pretrained] CF OptRes,0.008,0,0.008,752,147,0.2740286298568507,5,0.4379999999999997,0.055999999999999606,20
749,feature_0 > -0.009 AND feature_0 > 0.557 AND feature_0 > 1.312 AND feature_0 > 1.679 AND feature_15 > 0.748 AND feature_1 <= 0.434,"{'feature_0': (1.679, 3.621), 'feature_15': (0.748, 3.636), 'feature_1': (-3.98, 0.434)}",3,2.556,6,[Pretrained] CF,"[378, 544, 688, 718, 748]",2.688,2.653,ResOve,[Pretrained] CF ResOve,0.145,0,0.145,752,23,0.1568627450980392,5,0.13200000000000012,0.03500000000000014,20
748,feature_0 > -0.009 AND feature_0 > 0.557 AND feature_0 > 1.312 AND feature_0 > 1.679 AND feature_15 > 0.748,"{'feature_0': (1.679, 3.621), 'feature_15': (0.748, 3.636)}",2,2.627,5,[Pretrained] CF,"[378, 544, 688, 718]",2.938,2.85,ResOve,[Pretrained] CF ResOve,0.145,0,0.145,752,32,0.1568627450980392,5,0.3110000000000004,0.08800000000000008,20
739,feature_0 > -0.009 AND feature_0 > 0.557 AND feature_0 > 1.312 AND feature_0 > 1.679 AND feature_15 <= 0.748 AND feature_1 > -0.322 AND feature_0 > 2.025,"{'feature_0': (2.025, 3.621), 'feature_15': (-3.704, 0.748), 'feature_1': (-0.322, 3.852)}",3,2.529,7,[Pretrained] CF,"[378, 544, 688, 718, 719, 731]",3.312,3.27,ResOve,[Pretrained] CF ResOve,0.145,0,0.145,752,28,0.0,5,0.7829999999999999,0.041999999999999815,20
733,feature_0 > -0.009 AND feature_0 > 0.557 AND feature_0 > 1.312 AND feature_0 > 1.679 AND feature_15 <= 0.748 AND feature_1 > -0.322 AND feature_0 <= 2.025 AND feature_10 <= 0.179,"{'feature_0': (1.679, 2.025), 'feature_15': (-3.704, 0.748), 'feature_1': (-0.322, 3.852), 'feature_10': (-3.9, 0.179)}",4,2.469,8,[Pretrained] CF,"[378, 544, 688, 718, 719, 731, 732]",2.959,2.981,ResOve,[Pretrained] CF ResOve,0.145,0,0.145,752,23,0.0,5,0.4900000000000002,0.021999999999999797,20
668,feature_0 > -0.009 AND feature_0 > 0.557 AND feature_0 <= 1.312 AND feature_1 > 0.554 AND feature_1 > 0.999 AND feature_2 <= -0.108 AND feature_1 > 1.161,"{'feature_0': (0.557, 1.312), 'feature_1': (1.161, 3.852), 'feature_2': (-3.634, -0.108)}",3,2.376,7,[Pretrained] CF,"[378, 544, 545, 649, 665, 666]",2.761,2.697,ResOve,[Pretrained] CF ResOve,0.145,0,0.145,752,42,0.0,5,0.38500000000000023,0.06400000000000006,20
749,feature_0 > -0.009 AND feature_0 > 0.557 AND feature_0 > 1.312 AND feature_0 > 1.679 AND feature_15 > 0.748 AND feature_1 <= 0.434,"{'feature_0': (1.679, 3.621), 'feature_15': (0.748, 3.636), 'feature_1': (-3.98, 0.434)}",3,2.556,6,[Pretrained] CF,"[378, 544, 688, 718, 748]",2.688,2.653,NoOve,[Pretrained] CF NoOve,0.045,0,0.045,752,23,0.0,5,0.13200000000000012,0.03500000000000014,20
731,feature_0 > -0.009 AND feature_0 > 0.557 AND feature_0 > 1.312 AND feature_0 > 1.679 AND feature_15 <= 0.748 AND feature_1 > -0.322,"{'feature_0': (1.679, 3.621), 'feature_15': (-3.704, 0.748), 'feature_1': (-0.322, 3.852)}",3,2.469,6,[Pretrained] CF,"[378, 544, 688, 718, 719]",3.12,3.055,NoOve,[Pretrained] CF NoOve,0.045,0,0.045,752,68,0.0,5,0.6510000000000002,0.06499999999999995,20
666,feature_0 > -0.009 AND feature_0 > 0.557 AND feature_0 <= 1.312 AND feature_1 > 0.554 AND feature_1 > 0.999 AND feature_2 <= -0.108,"{'feature_0': (0.557, 1.312), 'feature_1': (0.999, 3.852), 'feature_2': (-3.634, -0.108)}",3,2.317,6,[Pretrained] CF,"[378, 544, 545, 649, 665]",2.62,2.618,NoOve,[Pretrained] CF NoOve,0.045,0,0.045,752,50,0.0,5,0.30299999999999994,0.002000000000000224,20
720,feature_0 > -0.009 AND feature_0 > 0.557 AND feature_0 > 1.312 AND feature_0 > 1.679 AND feature_15 <= 0.748 AND feature_1 <= -0.322,"{'feature_0': (1.679, 3.621), 'feature_15': (-3.704, 0.748), 'feature_1': (-3.98, -0.322)}",3,2.295,6,[Pretrained] CF,"[378, 544, 688, 718, 719]",2.459,2.501,NoOve,[Pretrained] CF NoOve,0.045,0,0.045,752,47,0.0,5,0.16400000000000015,0.041999999999999815,20
715,feature_0 > -0.009 AND feature_0 > 0.557 AND feature_0 > 1.312 AND feature_0 <= 1.679 AND feature_1 > 0.921 AND feature_2 > -0.361,"{'feature_0': (1.312, 1.679), 'feature_1': (0.921, 3.852), 'feature_2': (-0.361, 3.598)}",3,2.288,6,[Pretrained] CF,"[378, 544, 688, 689, 713]",3.136,3.145,NoOve,[Pretrained] CF NoOve,0.045,0,0.045,752,23,0.0,5,0.8480000000000003,0.008999999999999897,20
752,feature_0 > -0.009 AND feature_0 > 0.557 AND feature_0 > 1.312 AND feature_0 > 1.679 AND feature_15 > 0.748 AND feature_1 > 0.434,"{'feature_0': (1.679, 3.621), 'feature_15': (0.748, 3.636), 'feature_1': (0.434, 3.852)}",3,2.747,6,[Pretrained] CF,"[378, 544, 688, 718, 748]",3.359,3.417,OptRes,[Pretrained] CF OptRes,0.003,0,0.003,752,24,0.09313725490196079,5,0.6120000000000001,0.05799999999999983,20
742,feature_0 > -0.009 AND feature_0 > 0.557 AND feature_0 > 1.312 AND feature_0 > 1.679 AND feature_15 <= 0.748 AND feature_1 > -0.322 AND feature_0 > 2.025 AND feature_18 <= -0.419 AND feature_1 > 0.261,"{'feature_0': (2.025, 3.621), 'feature_15': (-3.704, 0.748), 'feature_1': (0.261, 3.852), 'feature_18': (-3.591, -0.419)}",4,2.651,9,[Pretrained] CF,"[378, 544, 688, 718, 719, 731, 739, 740]",3.585,3.528,OptRes,[Pretrained] CF OptRes,0.003,0,0.003,752,23,0.0,5,0.9340000000000002,0.05699999999999994,20
748,feature_0 > -0.009 AND feature_0 > 0.557 AND feature_0 > 1.312 AND feature_0 > 1.679 AND feature_15 > 0.748,"{'feature_0': (1.679, 3.621), 'feature_15': (0.748, 3.636)}",2,2.627,5,[Pretrained] CF,"[378, 544, 688, 718]",2.938,2.903,OptRes,[Pretrained] CF OptRes,0.003,0,0.003,752,73,0.17401960784313725,5,0.3110000000000004,0.03500000000000014,20
750,feature_0 > -0.009 AND feature_0 > 0.557 AND feature_0 > 1.312 AND feature_0 > 1.679 AND feature_15 > 0.748 AND feature_1 <= 0.434 AND feature_10 <= -0.019,"{'feature_0': (1.679, 3.621), 'feature_15': (0.748, 3.636), 'feature_1': (-3.98, 0.434), 'feature_10': (-3.9, -0.019)}",4,2.615,7,[Pretrained] CF,"[378, 544, 688, 718, 748, 749]",2.708,2.666,OptRes,[Pretrained] CF OptRes,0.003,0,0.003,752,24,0.08088235294117647,5,0.09299999999999997,0.04200000000000026,20
744,feature_0 > -0.009 AND feature_0 > 0.557 AND feature_0 > 1.312 AND feature_0 > 1.679 AND feature_15 <= 0.748 AND feature_1 > -0.322 AND feature_0 > 2.025 AND feature_18 > -0.419 AND feature_9 <= -0.368,"{'feature_0': (2.025, 3.621), 'feature_15': (-3.704, 0.748), 'feature_1': (-0.322, 3.852), 'feature_18': (-0.419, 3.802), 'feature_9': (-3.749, -0.368)}",5,2.565,9,[Pretrained] CF,"[378, 544, 688, 718, 719, 731, 739, 743]",3.39,3.385,OptRes,[Pretrained] CF OptRes,0.003,0,0.003,752,22,0.0,5,0.8250000000000002,0.0050000000000003375,20
752,feature_0 > -0.009 AND feature_0 > 0.557 AND feature_0 > 1.312 AND feature_0 > 1.679 AND feature_15 > 0.748 AND feature_1 > 0.434,"{'feature_0': (1.679, 3.621), 'feature_15': (0.748, 3.636), 'feature_1': (0.434, 3.852)}",3,2.747,6,[Pretrained] CF,"[378, 544, 688, 718, 748]",3.359,3.417,ResOve,[Pretrained] CF ResOve,0.127,0,0.127,752,24,0.0,5,0.6120000000000001,0.05799999999999983,20
742,feature_0 > -0.009 AND feature_0 > 0.557 AND feature_0 > 1.312 AND feature_0 > 1.679 AND feature_15 <= 0.748 AND feature_1 > -0.322 AND feature_0 > 2.025 AND feature_18 <= -0.419 AND feature_1 > 0.261,"{'feature_0': (2.025, 3.621), 'feature_15': (-3.704, 0.748), 'feature_1': (0.261, 3.852), 'feature_18': (-3.591, -0.419)}",4,2.651,9,[Pretrained] CF,"[378, 544, 688, 718, 719, 731, 739, 740]",3.585,3.528,ResOve,[Pretrained] CF ResOve,0.127,0,0.127,752,23,0.0,5,0.9340000000000002,0.05699999999999994,20
735,feature_0 > -0.009 AND feature_0 > 0.557 AND feature_0 > 1.312 AND feature_0 > 1.679 AND feature_15 <= 0.748 AND feature_1 > -0.322 AND feature_0 <= 2.025 AND feature_10 <= 0.179 AND feature_1 > 0.46,"{'feature_0': (1.679, 2.025), 'feature_15': (-3.704, 0.748), 'feature_1': (0.46, 3.852), 'feature_10': (-3.9, 0.179)}",4,2.515,9,[Pretrained] CF,"[378, 544, 688, 718, 719, 731, 732, 733]",3.293,3.26,ResOve,[Pretrained] CF ResOve,0.127,0,0.127,752,28,0.0,5,0.778,0.03300000000000036,20
751,feature_0 > -0.009 AND feature_0 > 0.557 AND feature_0 > 1.312 AND feature_0 > 1.679 AND feature_15 > 0.748 AND feature_1 <= 0.434 AND feature_10 > -0.019,"{'feature_0': (1.679, 3.621), 'feature_15': (0.748, 3.636), 'feature_1': (-3.98, 0.434), 'feature_10': (-0.019, 3.853)}",4,2.494,7,[Pretrained] CF,"[378, 544, 688, 718, 748, 749]",2.667,2.636,ResOve,[Pretrained] CF ResOve,0.127,0,0.127,752,25,0.0,5,0.1729999999999996,0.030999999999999694,20
750,feature_0 > -0.009 AND feature_0 > 0.557 AND feature_0 > 1.312 AND feature_0 > 1.679 AND feature_15 > 0.748 AND feature_1 <= 0.434 AND feature_10 <= -0.019,"{'feature_0': (1.679, 3.621), 'feature_15': (0.748, 3.636), 'feature_1': (-3.98, 0.434), 'feature_10': (-3.9, -0.019)}",4,2.615,7,[Pretrained] CF,"[378, 544, 688, 718, 748, 749]",2.708,2.666,ResOve,[Pretrained] CF ResOve,0.127,0,0.127,752,24,0.0,5,0.09299999999999997,0.04200000000000026,20
742,feature_0 > -0.009 AND feature_0 > 0.557 AND feature_0 > 1.312 AND feature_0 > 1.679 AND feature_15 <= 0.748 AND feature_1 > -0.322 AND feature_0 > 2.025 AND feature_18 <= -0.419 AND feature_1 > 0.261,"{'feature_0': (2.025, 3.621), 'feature_15': (-3.704, 0.748), 'feature_1': (0.261, 3.852), 'feature_18': (-3.591, -0.419)}",4,2.651,9,[Pretrained] CF,"[378, 544, 688, 718, 719, 731, 739, 740]",3.585,3.528,NoOve,[Pretrained] CF NoOve,0.017,0,0.017,752,23,0.0,5,0.9340000000000002,0.05699999999999994,20
744,feature_0 > -0.009 AND feature_0 > 0.557 AND feature_0 > 1.312 AND feature_0 > 1.679 AND feature_15 <= 0.748 AND feature_1 > -0.322 AND feature_0 > 2.025 AND feature_18 > -0.419 AND feature_9 <= -0.368,"{'feature_0': (2.025, 3.621), 'feature_15': (-3.704, 0.748), 'feature_1': (-0.322, 3.852), 'feature_18': (-0.419, 3.802), 'feature_9': (-3.749, -0.368)}",5,2.565,9,[Pretrained] CF,"[378, 544, 688, 718, 719, 731, 739, 743]",3.39,3.385,NoOve,[Pretrained] CF NoOve,0.017,0,0.017,752,22,0.0,5,0.8250000000000002,0.0050000000000003375,20
735,feature_0 > -0.009 AND feature_0 > 0.557 AND feature_0 > 1.312 AND feature_0 > 1.679 AND feature_15 <= 0.748 AND feature_1 > -0.322 AND feature_0 <= 2.025 AND feature_10 <= 0.179 AND feature_1 > 0.46,"{'feature_0': (1.679, 2.025), 'feature_15': (-3.704, 0.748), 'feature_1': (0.46, 3.852), 'feature_10': (-3.9, 0.179)}",4,2.515,9,[Pretrained] CF,"[378, 544, 688, 718, 719, 731, 732, 733]",3.293,3.26,NoOve,[Pretrained] CF NoOve,0.017,0,0.017,752,28,0.0,5,0.778,0.03300000000000036,20
745,feature_0 > -0.009 AND feature_0 > 0.557 AND feature_0 > 1.312 AND feature_0 > 1.679 AND feature_15 <= 0.748 AND feature_1 > -0.322 AND feature_0 > 2.025 AND feature_18 > -0.419 AND feature_9 > -0.368,"{'feature_0': (2.025, 3.621), 'feature_15': (-3.704, 0.748), 'feature_1': (-0.322, 3.852), 'feature_18': (-0.419, 3.802), 'feature_9': (-0.368, 3.622)}",5,2.432,9,[Pretrained] CF,"[378, 544, 688, 718, 719, 731, 739, 743]",3.271,3.269,NoOve,[Pretrained] CF NoOve,0.017,0,0.017,752,34,0.0,5,0.839,0.0019999999999997797,20
725,feature_0 > -0.009 AND feature_0 > 0.557 AND feature_0 > 1.312 AND feature_0 > 1.679 AND feature_15 <= 0.748 AND feature_1 <= -0.322 AND feature_0 > 1.807 AND feature_18 <= 0.699 AND feature_1 > -1.426,"{'feature_0': (1.807, 3.621), 'feature_15': (-3.704, 0.748), 'feature_1': (-1.426, -0.322), 'feature_18': (-3.591, 0.699)}",4,2.385,9,[Pretrained] CF,"[378, 544, 688, 718, 719, 720, 722, 723]",2.578,2.593,NoOve,[Pretrained] CF NoOve,0.017,0,0.017,752,45,0.0,5,0.19300000000000006,0.015000000000000124,20
752,feature_0 > -0.009 AND feature_0 > 0.557 AND feature_0 > 1.312 AND feature_0 > 1.679 AND feature_15 > 0.748 AND feature_1 > 0.434,"{'feature_0': (1.679, 3.621), 'feature_15': (0.748, 3.636), 'feature_1': (0.434, 3.852)}",3,2.747,6,[Pretrained] CF,"[378, 544, 688, 718, 748]",3.359,3.372,OptRes,[Pretrained] CF OptRes,0.003,0,0.003,752,36,0.09313725490196079,5,0.6120000000000001,0.0129999999999999,20
742,feature_0 > -0.009 AND feature_0 > 0.557 AND feature_0 > 1.312 AND feature_0 > 1.679 AND feature_15 <= 0.748 AND feature_1 > -0.322 AND feature_0 > 2.025 AND feature_18 <= -0.419 AND feature_1 > 0.261,"{'feature_0': (2.025, 3.621), 'feature_15': (-3.704, 0.748), 'feature_1': (0.261, 3.852), 'feature_18': (-3.591, -0.419)}",4,2.651,9,[Pretrained] CF,"[378, 544, 688, 718, 719, 731, 739, 740]",3.585,3.585,OptRes,[Pretrained] CF OptRes,0.003,0,0.003,752,25,0.0,5,0.9340000000000002,0.0,20
748,feature_0 > -0.009 AND feature_0 > 0.557 AND feature_0 > 1.312 AND feature_0 > 1.679 AND feature_15 > 0.748,"{'feature_0': (1.679, 3.621), 'feature_15': (0.748, 3.636)}",2,2.627,5,[Pretrained] CF,"[378, 544, 688, 718]",2.938,2.948,OptRes,[Pretrained] CF OptRes,0.003,0,0.003,752,95,0.17401960784313725,5,0.3110000000000004,0.009999999999999787,20
750,feature_0 > -0.009 AND feature_0 > 0.557 AND feature_0 > 1.312 AND feature_0 > 1.679 AND feature_15 > 0.748 AND feature_1 <= 0.434 AND feature_10 <= -0.019,"{'feature_0': (1.679, 3.621), 'feature_15': (0.748, 3.636), 'feature_1': (-3.98, 0.434), 'feature_10': (-3.9, -0.019)}",4,2.615,7,[Pretrained] CF,"[378, 544, 688, 718, 748, 749]",2.708,2.714,OptRes,[Pretrained] CF OptRes,0.003,0,0.003,752,32,0.08088235294117647,5,0.09299999999999997,0.005999999999999783,20
744,feature_0 > -0.009 AND feature_0 > 0.557 AND feature_0 > 1.312 AND feature_0 > 1.679 AND feature_15 <= 0.748 AND feature_1 > -0.322 AND feature_0 > 2.025 AND feature_18 > -0.419 AND feature_9 <= -0.368,"{'feature_0': (2.025, 3.621), 'feature_15': (-3.704, 0.748), 'feature_1': (-0.322, 3.852), 'feature_18': (-0.419, 3.802), 'feature_9': (-3.749, -0.368)}",5,2.565,9,[Pretrained] CF,"[378, 544, 688, 718, 719, 731, 739, 743]",3.39,3.359,OptRes,[Pretrained] CF OptRes,0.003,0,0.003,752,24,0.0,5,0.8250000000000002,0.03100000000000014,20
752,feature_0 > -0.009 AND feature_0 > 0.557 AND feature_0 > 1.312 AND feature_0 > 1.679 AND feature_15 > 0.748 AND feature_1 > 0.434,"{'feature_0': (1.679, 3.621), 'feature_15': (0.748, 3.636), 'feature_1': (0.434, 3.852)}",3,2.747,6,[Pretrained] CF,"[378, 544, 688, 718, 748]",3.359,3.372,ResOve,[Pretrained] CF ResOve,0.121,0,0.121,752,36,0.0,5,0.6120000000000001,0.0129999999999999,20
742,feature_0 > -0.009 AND feature_0 > 0.557 AND feature_0 > 1.312 AND feature_0 > 1.679 AND feature_15 <= 0.748 AND feature_1 > -0.322 AND feature_0 > 2.025 AND feature_18 <= -0.419 AND feature_1 > 0.261,"{'feature_0': (2.025, 3.621), 'feature_15': (-3.704, 0.748), 'feature_1': (0.261, 3.852), 'feature_18': (-3.591, -0.419)}",4,2.651,9,[Pretrained] CF,"[378, 544, 688, 718, 719, 731, 739, 740]",3.585,3.585,ResOve,[Pretrained] CF ResOve,0.121,0,0.121,752,25,0.0,5,0.9340000000000002,0.0,20
741,feature_0 > -0.009 AND feature_0 > 0.557 AND feature_0 > 1.312 AND feature_0 > 1.679 AND feature_15 <= 0.748 AND feature_1 > -0.322 AND feature_0 > 2.025 AND feature_18 <= -0.419 AND feature_1 <= 0.261,"{'feature_0': (2.025, 3.621), 'feature_15': (-3.704, 0.748), 'feature_1': (-0.322, 0.261), 'feature_18': (-3.591, -0.419)}",4,2.547,9,[Pretrained] CF,"[378, 544, 688, 718, 719, 731, 739, 740]",2.967,2.967,ResOve,[Pretrained] CF ResOve,0.121,0,0.121,752,21,0.0,5,0.41999999999999993,0.0,20
735,feature_0 > -0.009 AND feature_0 > 0.557 AND feature_0 > 1.312 AND feature_0 > 1.679 AND feature_15 <= 0.748 AND feature_1 > -0.322 AND feature_0 <= 2.025 AND feature_10 <= 0.179 AND feature_1 > 0.46,"{'feature_0': (1.679, 2.025), 'feature_15': (-3.704, 0.748), 'feature_1': (0.46, 3.852), 'feature_10': (-3.9, 0.179)}",4,2.515,9,[Pretrained] CF,"[378, 544, 688, 718, 719, 731, 732, 733]",3.293,3.289,ResOve,[Pretrained] CF ResOve,0.121,0,0.121,752,36,0.0,5,0.778,0.0040000000000000036,20
670,feature_0 > -0.009 AND feature_0 > 0.557 AND feature_0 <= 1.312 AND feature_1 > 0.554 AND feature_1 > 0.999 AND feature_2 <= -0.108 AND feature_1 > 1.161 AND feature_10 <= -0.157 AND feature_7 <= -0.509,"{'feature_0': (0.557, 1.312), 'feature_1': (1.161, 3.852), 'feature_2': (-3.634, -0.108), 'feature_10': (-3.9, -0.157), 'feature_7': (-3.93, -0.509)}",5,2.561,9,[Pretrained] CF,"[378, 544, 545, 649, 665, 666, 668, 669]",2.69,2.645,ResOve,[Pretrained] CF ResOve,0.121,0,0.121,752,21,0.0,5,0.129,0.04499999999999993,20
742,feature_0 > -0.009 AND feature_0 > 0.557 AND feature_0 > 1.312 AND feature_0 > 1.679 AND feature_15 <= 0.748 AND feature_1 > -0.322 AND feature_0 > 2.025 AND feature_18 <= -0.419 AND feature_1 > 0.261,"{'feature_0': (2.025, 3.621), 'feature_15': (-3.704, 0.748), 'feature_1': (0.261, 3.852), 'feature_18': (-3.591, -0.419)}",4,2.651,9,[Pretrained] CF,"[378, 544, 688, 718, 719, 731, 739, 740]",3.585,3.585,NoOve,[Pretrained] CF NoOve,0.008,0,0.008,752,25,0.0,5,0.9340000000000002,0.0,20
744,feature_0 > -0.009 AND feature_0 > 0.557 AND feature_0 > 1.312 AND feature_0 > 1.679 AND feature_15 <= 0.748 AND feature_1 > -0.322 AND feature_0 > 2.025 AND feature_18 > -0.419 AND feature_9 <= -0.368,"{'feature_0': (2.025, 3.621), 'feature_15': (-3.704, 0.748), 'feature_1': (-0.322, 3.852), 'feature_18': (-0.419, 3.802), 'feature_9': (-3.749, -0.368)}",5,2.565,9,[Pretrained] CF,"[378, 544, 688, 718, 719, 731, 739, 743]",3.39,3.359,NoOve,[Pretrained] CF NoOve,0.008,0,0.008,752,24,0.0,5,0.8250000000000002,0.03100000000000014,20
670,feature_0 > -0.009 AND feature_0 > 0.557 AND feature_0 <= 1.312 AND feature_1 > 0.554 AND feature_1 > 0.999 AND feature_2 <= -0.108 AND feature_1 > 1.161 AND feature_10 <= -0.157 AND feature_7 <= -0.509,"{'feature_0': (0.557, 1.312), 'feature_1': (1.161, 3.852), 'feature_2': (-3.634, -0.108), 'feature_10': (-3.9, -0.157), 'feature_7': (-3.93, -0.509)}",5,2.561,9,[Pretrained] CF,"[378, 544, 545, 649, 665, 666, 668, 669]",2.69,2.645,NoOve,[Pretrained] CF NoOve,0.008,0,0.008,752,21,0.0,5,0.129,0.04499999999999993,20
741,feature_0 > -0.009 AND feature_0 > 0.557 AND feature_0 > 1.312 AND feature_0 > 1.679 AND feature_15 <= 0.748 AND feature_1 > -0.322 AND feature_0 > 2.025 AND feature_18 <= -0.419 AND feature_1 <= 0.261,"{'feature_0': (2.025, 3.621), 'feature_15': (-3.704, 0.748), 'feature_1': (-0.322, 0.261), 'feature_18': (-3.591, -0.419)}",4,2.547,9,[Pretrained] CF,"[378, 544, 688, 718, 719, 731, 739, 740]",2.967,2.967,NoOve,[Pretrained] CF NoOve,0.008,0,0.008,752,21,0.0,5,0.41999999999999993,0.0,20
735,feature_0 > -0.009 AND feature_0 > 0.557 AND feature_0 > 1.312 AND feature_0 > 1.679 AND feature_15 <= 0.748 AND feature_1 > -0.322 AND feature_0 <= 2.025 AND feature_10 <= 0.179 AND feature_1 > 0.46,"{'feature_0': (1.679, 2.025), 'feature_15': (-3.704, 0.748), 'feature_1': (0.46, 3.852), 'feature_10': (-3.9, 0.179)}",4,2.515,9,[Pretrained] CF,"[378, 544, 688, 718, 719, 731, 732, 733]",3.293,3.289,NoOve,[Pretrained] CF NoOve,0.008,0,0.008,752,36,0.0,5,0.778,0.0040000000000000036,20
748,feature_0 > -0.009 AND feature_0 > 0.557 AND feature_0 > 1.312 AND feature_0 > 1.679 AND feature_15 > 0.748,"{'feature_0': (1.679, 3.621), 'feature_15': (0.748, 3.636)}",2,2.627,5,[Pretrained] CF,"[378, 544, 688, 718]",2.938,2.991,OptRes,[Pretrained] CF OptRes,0.007,0,0.007,752,33,0.05214723926380368,5,0.3110000000000004,0.052999999999999936,20
739,feature_0 > -0.009 AND feature_0 > 0.557 AND feature_0 > 1.312 AND feature_0 > 1.679 AND feature_15 <= 0.748 AND feature_1 > -0.322 AND feature_0 > 2.025,"{'feature_0': (2.025, 3.621), 'feature_15': (-3.704, 0.748), 'feature_1': (-0.322, 3.852)}",3,2.529,7,[Pretrained] CF,"[378, 544, 688, 718, 719, 731]",3.312,3.238,OptRes,[Pretrained] CF OptRes,0.007,0,0.007,752,48,0.1858363505313621,5,0.7829999999999999,0.07399999999999984,20
731,feature_0 > -0.009 AND feature_0 > 0.557 AND feature_0 > 1.312 AND feature_0 > 1.679 AND feature_15 <= 0.748 AND feature_1 > -0.322,"{'feature_0': (1.679, 3.621), 'feature_15': (-3.704, 0.748), 'feature_1': (-0.322, 3.852)}",3,2.469,6,[Pretrained] CF,"[378, 544, 688, 718, 719]",3.12,3.074,OptRes,[Pretrained] CF OptRes,0.007,0,0.007,752,96,0.3194165074256596,5,0.6510000000000002,0.04600000000000026,20
733,feature_0 > -0.009 AND feature_0 > 0.557 AND feature_0 > 1.312 AND feature_0 > 1.679 AND feature_15 <= 0.748 AND feature_1 > -0.322 AND feature_0 <= 2.025 AND feature_10 <= 0.179,"{'feature_0': (1.679, 2.025), 'feature_15': (-3.704, 0.748), 'feature_1': (-0.322, 3.852), 'feature_10': (-3.9, 0.179)}",4,2.469,8,[Pretrained] CF,"[378, 544, 688, 718, 719, 731, 732]",2.959,2.843,OptRes,[Pretrained] CF OptRes,0.007,0,0.007,752,34,0.10597279493110731,5,0.4900000000000002,0.1160000000000001,20
718,feature_0 > -0.009 AND feature_0 > 0.557 AND feature_0 > 1.312 AND feature_0 > 1.679,"{'feature_0': (1.679, 3.621)}",1,2.451,4,[Pretrained] CF,"[378, 544, 688]",2.889,2.886,OptRes,[Pretrained] CF OptRes,0.007,0,0.007,752,178,0.2740286298568507,5,0.4379999999999997,0.0029999999999996696,20
748,feature_0 > -0.009 AND feature_0 > 0.557 AND feature_0 > 1.312 AND feature_0 > 1.679 AND feature_15 > 0.748,"{'feature_0': (1.679, 3.621), 'feature_15': (0.748, 3.636)}",2,2.627,5,[Pretrained] CF,"[378, 544, 688, 718]",2.938,2.991,ResOve,[Pretrained] CF ResOve,0.146,0,0.146,752,33,0.0,5,0.3110000000000004,0.052999999999999936,20
733,feature_0 > -0.009 AND feature_0 > 0.557 AND feature_0 > 1.312 AND feature_0 > 1.679 AND feature_15 <= 0.748 AND feature_1 > -0.322 AND feature_0 <= 2.025 AND feature_10 <= 0.179,"{'feature_0': (1.679, 2.025), 'feature_15': (-3.704, 0.748), 'feature_1': (-0.322, 3.852), 'feature_10': (-3.9, 0.179)}",4,2.469,8,[Pretrained] CF,"[378, 544, 688, 718, 719, 731, 732]",2.959,2.843,ResOve,[Pretrained] CF ResOve,0.146,0,0.146,752,34,0.0,5,0.4900000000000002,0.1160000000000001,20
725,feature_0 > -0.009 AND feature_0 > 0.557 AND feature_0 > 1.312 AND feature_0 > 1.679 AND feature_15 <= 0.748 AND feature_1 <= -0.322 AND feature_0 > 1.807 AND feature_18 <= 0.699 AND feature_1 > -1.426,"{'feature_0': (1.807, 3.621), 'feature_15': (-3.704, 0.748), 'feature_1': (-1.426, -0.322), 'feature_18': (-3.591, 0.699)}",4,2.385,9,[Pretrained] CF,"[378, 544, 688, 718, 719, 720, 722, 723]",2.578,2.548,ResOve,[Pretrained] CF ResOve,0.146,0,0.146,752,26,0.0,5,0.19300000000000006,0.029999999999999805,20
743,feature_0 > -0.009 AND feature_0 > 0.557 AND feature_0 > 1.312 AND feature_0 > 1.679 AND feature_15 <= 0.748 AND feature_1 > -0.322 AND feature_0 > 2.025 AND feature_18 > -0.419,"{'feature_0': (2.025, 3.621), 'feature_15': (-3.704, 0.748), 'feature_1': (-0.322, 3.852), 'feature_18': (-0.419, 3.802)}",4,2.484,8,[Pretrained] CF,"[378, 544, 688, 718, 719, 731, 739]",3.317,3.224,ResOve,[Pretrained] CF ResOve,0.146,0,0.146,752,32,0.0,5,0.8330000000000002,0.09299999999999997,20
668,feature_0 > -0.009 AND feature_0 > 0.557 AND feature_0 <= 1.312 AND feature_1 > 0.554 AND feature_1 > 0.999 AND feature_2 <= -0.108 AND feature_1 > 1.161,"{'feature_0': (0.557, 1.312), 'feature_1': (1.161, 3.852), 'feature_2': (-3.634, -0.108)}",3,2.376,7,[Pretrained] CF,"[378, 544, 545, 649, 665, 666]",2.761,2.789,ResOve,[Pretrained] CF ResOve,0.146,0,0.146,752,32,0.0,5,0.38500000000000023,0.028000000000000025,20
739,feature_0 > -0.009 AND feature_0 > 0.557 AND feature_0 > 1.312 AND feature_0 > 1.679 AND feature_15 <= 0.748 AND feature_1 > -0.322 AND feature_0 > 2.025,"{'feature_0': (2.025, 3.621), 'feature_15': (-3.704, 0.748), 'feature_1': (-0.322, 3.852)}",3,2.529,7,[Pretrained] CF,"[378, 544, 688, 718, 719, 731]",3.312,3.238,NoOve,[Pretrained] CF NoOve,0.042,0,0.042,752,48,0.0,5,0.7829999999999999,0.07399999999999984,20
732,feature_0 > -0.009 AND feature_0 > 0.557 AND feature_0 > 1.312 AND feature_0 > 1.679 AND feature_15 <= 0.748 AND feature_1 > -0.322 AND feature_0 <= 2.025,"{'feature_0': (1.679, 2.025), 'feature_15': (-3.704, 0.748), 'feature_1': (-0.322, 3.852)}",3,2.411,7,[Pretrained] CF,"[378, 544, 688, 718, 719, 731]",2.931,2.909,NoOve,[Pretrained] CF NoOve,0.042,0,0.042,752,48,0.0,5,0.52,0.02200000000000024,20
668,feature_0 > -0.009 AND feature_0 > 0.557 AND feature_0 <= 1.312 AND feature_1 > 0.554 AND feature_1 > 0.999 AND feature_2 <= -0.108 AND feature_1 > 1.161,"{'feature_0': (0.557, 1.312), 'feature_1': (1.161, 3.852), 'feature_2': (-3.634, -0.108)}",3,2.376,7,[Pretrained] CF,"[378, 544, 545, 649, 665, 666]",2.761,2.789,NoOve,[Pretrained] CF NoOve,0.042,0,0.042,752,32,0.0,5,0.38500000000000023,0.028000000000000025,20
722,feature_0 > -0.009 AND feature_0 > 0.557 AND feature_0 > 1.312 AND feature_0 > 1.679 AND feature_15 <= 0.748 AND feature_1 <= -0.322 AND feature_0 > 1.807,"{'feature_0': (1.807, 3.621), 'feature_15': (-3.704, 0.748), 'feature_1': (-3.98, -0.322)}",3,2.332,7,[Pretrained] CF,"[378, 544, 688, 718, 719, 720]",2.557,2.52,NoOve,[Pretrained] CF NoOve,0.042,0,0.042,752,42,0.0,5,0.2250000000000001,0.03699999999999992,20
681,feature_0 > -0.009 AND feature_0 > 0.557 AND feature_0 <= 1.312 AND feature_1 > 0.554 AND feature_1 > 0.999 AND feature_2 > -0.108 AND feature_1 > 1.282,"{'feature_0': (0.557, 1.312), 'feature_1': (1.282, 3.852), 'feature_2': (-0.108, 3.598)}",3,2.186,7,[Pretrained] CF,"[378, 544, 545, 649, 665, 675]",2.881,2.855,NoOve,[Pretrained] CF NoOve,0.042,0,0.042,752,31,0.0,5,0.6949999999999998,0.0259999999999998,20
752,feature_0 > -0.009 AND feature_0 > 0.557 AND feature_0 > 1.312 AND feature_0 > 1.679 AND feature_15 > 0.748 AND feature_1 > 0.434,"{'feature_0': (1.679, 3.621), 'feature_15': (0.748, 3.636), 'feature_1': (0.434, 3.852)}",3,2.747,6,[Pretrained] CF,"[378, 544, 688, 718, 748]",3.359,3.377,OptRes,[Pretrained] CF OptRes,0.004,0,0.004,752,33,0.09313725490196079,5,0.6120000000000001,0.017999999999999794,20
742,feature_0 > -0.009 AND feature_0 > 0.557 AND feature_0 > 1.312 AND feature_0 > 1.679 AND feature_15 <= 0.748 AND feature_1 > -0.322 AND feature_0 > 2.025 AND feature_18 <= -0.419 AND feature_1 > 0.261,"{'feature_0': (2.025, 3.621), 'feature_15': (-3.704, 0.748), 'feature_1': (0.261, 3.852), 'feature_18': (-3.591, -0.419)}",4,2.651,9,[Pretrained] CF,"[378, 544, 688, 718, 719, 731, 739, 740]",3.585,3.595,OptRes,[Pretrained] CF OptRes,0.004,0,0.004,752,22,0.05165289256198347,5,0.9340000000000002,0.010000000000000231,20
748,feature_0 > -0.009 AND feature_0 > 0.557 AND feature_0 > 1.312 AND feature_0 > 1.679 AND feature_15 > 0.748,"{'feature_0': (1.679, 3.621), 'feature_15': (0.748, 3.636)}",2,2.627,5,[Pretrained] CF,"[378, 544, 688, 718]",2.938,2.944,OptRes,[Pretrained] CF OptRes,0.004,0,0.004,752,87,0.17401960784313725,5,0.3110000000000004,0.005999999999999783,20
750,feature_0 > -0.009 AND feature_0 > 0.557 AND feature_0 > 1.312 AND feature_0 > 1.679 AND feature_15 > 0.748 AND feature_1 <= 0.434 AND feature_10 <= -0.019,"{'feature_0': (1.679, 3.621), 'feature_15': (0.748, 3.636), 'feature_1': (-3.98, 0.434), 'feature_10': (-3.9, -0.019)}",4,2.615,7,[Pretrained] CF,"[378, 544, 688, 718, 748, 749]",2.708,2.696,OptRes,[Pretrained] CF OptRes,0.004,0,0.004,752,28,0.08088235294117647,5,0.09299999999999997,0.01200000000000001,20
739,feature_0 > -0.009 AND feature_0 > 0.557 AND feature_0 > 1.312 AND feature_0 > 1.679 AND feature_15 <= 0.748 AND feature_1 > -0.322 AND feature_0 > 2.025,"{'feature_0': (2.025, 3.621), 'feature_15': (-3.704, 0.748), 'feature_1': (-0.322, 3.852)}",3,2.529,7,[Pretrained] CF,"[378, 544, 688, 718, 719, 731]",3.312,3.344,OptRes,[Pretrained] CF OptRes,0.004,0,0.004,752,98,0.05165289256198347,5,0.7829999999999999,0.03200000000000003,20
752,feature_0 > -0.009 AND feature_0 > 0.557 AND feature_0 > 1.312 AND feature_0 > 1.679 AND feature_15 > 0.748 AND feature_1 > 0.434,"{'feature_0': (1.679, 3.621), 'feature_15': (0.748, 3.636), 'feature_1': (0.434, 3.852)}",3,2.747,6,[Pretrained] CF,"[378, 544, 688, 718, 748]",3.359,3.377,ResOve,[Pretrained] CF ResOve,0.12,0,0.12,752,33,0.0,5,0.6120000000000001,0.017999999999999794,20
750,feature_0 > -0.009 AND feature_0 > 0.557 AND feature_0 > 1.312 AND feature_0 > 1.679 AND feature_15 > 0.748 AND feature_1 <= 0.434 AND feature_10 <= -0.019,"{'feature_0': (1.679, 3.621), 'feature_15': (0.748, 3.636), 'feature_1': (-3.98, 0.434), 'feature_10': (-3.9, -0.019)}",4,2.615,7,[Pretrained] CF,"[378, 544, 688, 718, 748, 749]",2.708,2.696,ResOve,[Pretrained] CF ResOve,0.12,0,0.12,752,28,0.0,5,0.09299999999999997,0.01200000000000001,20
742,feature_0 > -0.009 AND feature_0 > 0.557 AND feature_0 > 1.312 AND feature_0 > 1.679 AND feature_15 <= 0.748 AND feature_1 > -0.322 AND feature_0 > 2.025 AND feature_18 <= -0.419 AND feature_1 > 0.261,"{'feature_0': (2.025, 3.621), 'feature_15': (-3.704, 0.748), 'feature_1': (0.261, 3.852), 'feature_18': (-3.591, -0.419)}",4,2.651,9,[Pretrained] CF,"[378, 544, 688, 718, 719, 731, 739, 740]",3.585,3.595,ResOve,[Pretrained] CF ResOve,0.12,0,0.12,752,22,0.0,5,0.9340000000000002,0.010000000000000231,20
735,feature_0 > -0.009 AND feature_0 > 0.557 AND feature_0 > 1.312 AND feature_0 > 1.679 AND feature_15 <= 0.748 AND feature_1 > -0.322 AND feature_0 <= 2.025 AND feature_10 <= 0.179 AND feature_1 > 0.46,"{'feature_0': (1.679, 2.025), 'feature_15': (-3.704, 0.748), 'feature_1': (0.46, 3.852), 'feature_10': (-3.9, 0.179)}",4,2.515,9,[Pretrained] CF,"[378, 544, 688, 718, 719, 731, 732, 733]",3.293,3.293,ResOve,[Pretrained] CF ResOve,0.12,0,0.12,752,30,0.0,5,0.778,0.0,20
751,feature_0 > -0.009 AND feature_0 > 0.557 AND feature_0 > 1.312 AND feature_0 > 1.679 AND feature_15 > 0.748 AND feature_1 <= 0.434 AND feature_10 > -0.019,"{'feature_0': (1.679, 3.621), 'feature_15': (0.748, 3.636), 'feature_1': (-3.98, 0.434), 'feature_10': (-0.019, 3.853)}",4,2.494,7,[Pretrained] CF,"[378, 544, 688, 718, 748, 749]",2.667,2.66,ResOve,[Pretrained] CF ResOve,0.12,0,0.12,752,26,0.0,5,0.1729999999999996,0.006999999999999673,20
752,feature_0 > -0.009 AND feature_0 > 0.557 AND feature_0 > 1.312 AND feature_0 > 1.679 AND feature_15 > 0.748 AND feature_1 > 0.434,"{'feature_0': (1.679, 3.621), 'feature_15': (0.748, 3.636), 'feature_1': (0.434, 3.852)}",3,2.747,6,[Pretrained] CF,"[378, 544, 688, 718, 748]",3.359,3.377,NoOve,[Pretrained] CF NoOve,0.01,0,0.01,752,33,0.0,5,0.6120000000000001,0.017999999999999794,20
749,feature_0 > -0.009 AND feature_0 > 0.557 AND feature_0 > 1.312 AND feature_0 > 1.679 AND feature_15 > 0.748 AND feature_1 <= 0.434,"{'feature_0': (1.679, 3.621), 'feature_15': (0.748, 3.636), 'feature_1': (-3.98, 0.434)}",3,2.556,6,[Pretrained] CF,"[378, 544, 688, 718, 748]",2.688,2.679,NoOve,[Pretrained] CF NoOve,0.01,0,0.01,752,54,0.0,5,0.13200000000000012,0.009000000000000341,20
731,feature_0 > -0.009 AND feature_0 > 0.557 AND feature_0 > 1.312 AND feature_0 > 1.679 AND feature_15 <= 0.748 AND feature_1 > -0.322,"{'feature_0': (1.679, 3.621), 'feature_15': (-3.704, 0.748), 'feature_1': (-0.322, 3.852)}",3,2.469,6,[Pretrained] CF,"[378, 544, 688, 718, 719]",3.12,3.123,NoOve,[Pretrained] CF NoOve,0.01,0,0.01,752,199,0.0,5,0.6510000000000002,0.0030000000000001137,20
714,feature_0 > -0.009 AND feature_0 > 0.557 AND feature_0 > 1.312 AND feature_0 <= 1.679 AND feature_1 > 0.921 AND feature_2 <= -0.361,"{'feature_0': (1.312, 1.679), 'feature_1': (0.921, 3.852), 'feature_2': (-3.634, -0.361)}",3,2.447,6,[Pretrained] CF,"[378, 544, 688, 689, 713]",3.165,3.177,NoOve,[Pretrained] CF NoOve,0.01,0,0.01,752,23,0.0,5,0.718,0.01200000000000001,20
666,feature_0 > -0.009 AND feature_0 > 0.557 AND feature_0 <= 1.312 AND feature_1 > 0.554 AND feature_1 > 0.999 AND feature_2 <= -0.108,"{'feature_0': (0.557, 1.312), 'feature_1': (0.999, 3.852), 'feature_2': (-3.634, -0.108)}",3,2.317,6,[Pretrained] CF,"[378, 544, 545, 649, 665]",2.62,2.638,NoOve,[Pretrained] CF NoOve,0.01,0,0.01,752,116,0.0,5,0.30299999999999994,0.017999999999999794,20
