condition,t_est,overlap,T0,T1,depth,rows,selectivity,selectivity_to_P_ratio,norm_cate,score,t,features,unique_between_K,coverage,true_score,algorithm,execution_time,max_overlap_duplicate
feature_2 > -1.159 AND feature_0 > -0.089 AND feature_0 > 0.846 AND feature_1 > 0.214 AND feature_7 <= -0.245 AND feature_7 > -0.637,4.956,0.867,-0.04,4.92,6,113,0.0113,0.012873091820460241,1.0,0.95,2.654,4.0,1.0,0.076,0.65,CT on D,0.03,0.5
feature_2 <= -1.159 AND feature_0 > 0.499 AND feature_1 > 0.492,3.664,0.867,0.99,4.65,3,120,0.012,0.01367053998632946,0.74,0.79,2.623,3.0,1.0,0.076,0.65,CT on D,0.03,0.5
feature_2 > -1.159 AND feature_0 > -0.089 AND feature_0 <= 0.846 AND feature_1 > 1.369 AND feature_3 <= -0.439,3.521,0.883,1.04,4.56,5,103,0.0103,0.011733880154932786,0.71,0.78,2.304,4.0,1.0,0.076,0.62,CT on D,0.03,0.5
feature_2 > -1.159 AND feature_0 > -0.089 AND feature_0 > 0.846 AND feature_1 > 0.214 AND feature_7 <= -0.245 AND feature_7 <= -0.637,3.227,0.871,1.38,4.61,6,201,0.0201,0.022898154477101845,0.65,0.74,2.654,4.0,1.0,0.076,0.65,CT on D,0.03,0.5
feature_2 > -1.159 AND feature_0 > -0.089 AND feature_0 > 0.846 AND feature_1 > 0.214 AND feature_7 > -0.245 AND feature_6 <= 0.046,2.992,0.879,1.35,4.34,6,223,0.0223,0.025404420141262245,0.6,0.71,2.628,5.0,1.0,0.076,0.65,CT on D,0.03,0.5
feature_2 > -1.159 AND feature_0 > -0.089 AND feature_0 > 0.846 AND feature_1 > 0.214 AND feature_7 <= -0.245 AND feature_7 > -0.637,4.956,0.867,-0.04,4.92,6,113,0.0113,0.012873091820460241,1.0,0.95,2.654,4.0,1.0,0.076,0.65,CT on D,0.03,0.7
feature_2 <= -1.159 AND feature_0 > 0.499 AND feature_1 > 0.492,3.664,0.867,0.99,4.65,3,120,0.012,0.01367053998632946,0.74,0.79,2.623,3.0,1.0,0.076,0.65,CT on D,0.03,0.7
feature_2 > -1.159 AND feature_0 > -0.089 AND feature_0 <= 0.846 AND feature_1 > 1.369 AND feature_3 <= -0.439,3.521,0.883,1.04,4.56,5,103,0.0103,0.011733880154932786,0.71,0.78,2.304,4.0,1.0,0.076,0.62,CT on D,0.03,0.7
feature_2 > -1.159 AND feature_0 > -0.089 AND feature_0 > 0.846 AND feature_1 > 0.214 AND feature_7 <= -0.245 AND feature_7 <= -0.637,3.227,0.871,1.38,4.61,6,201,0.0201,0.022898154477101845,0.65,0.74,2.654,4.0,1.0,0.076,0.65,CT on D,0.03,0.7
feature_2 > -1.159 AND feature_0 > -0.089 AND feature_0 > 0.846 AND feature_1 > 0.214 AND feature_7 > -0.245 AND feature_6 <= 0.046,2.992,0.879,1.35,4.34,6,223,0.0223,0.025404420141262245,0.6,0.71,2.628,5.0,1.0,0.076,0.65,CT on D,0.03,0.7
feature_2 > -1.159 AND feature_0 > -0.089 AND feature_0 > 0.846 AND feature_1 > 0.214 AND feature_7 <= -0.245 AND feature_7 > -0.637,4.956,0.867,-0.04,4.92,6,113,0.0113,0.012873091820460241,1.0,0.95,2.654,4.0,1.0,0.076,0.65,CT on D,0.03,0.8
feature_2 <= -1.159 AND feature_0 > 0.499 AND feature_1 > 0.492,3.664,0.867,0.99,4.65,3,120,0.012,0.01367053998632946,0.74,0.79,2.623,3.0,1.0,0.076,0.65,CT on D,0.03,0.8
feature_2 > -1.159 AND feature_0 > -0.089 AND feature_0 <= 0.846 AND feature_1 > 1.369 AND feature_3 <= -0.439,3.521,0.883,1.04,4.56,5,103,0.0103,0.011733880154932786,0.71,0.78,2.304,4.0,1.0,0.076,0.62,CT on D,0.03,0.8
feature_2 > -1.159 AND feature_0 > -0.089 AND feature_0 > 0.846 AND feature_1 > 0.214 AND feature_7 <= -0.245 AND feature_7 <= -0.637,3.227,0.871,1.38,4.61,6,201,0.0201,0.022898154477101845,0.65,0.74,2.654,4.0,1.0,0.076,0.65,CT on D,0.03,0.8
feature_2 > -1.159 AND feature_0 > -0.089 AND feature_0 > 0.846 AND feature_1 > 0.214 AND feature_7 > -0.245 AND feature_6 <= 0.046,2.992,0.879,1.35,4.34,6,223,0.0223,0.025404420141262245,0.6,0.71,2.628,5.0,1.0,0.076,0.65,CT on D,0.03,0.8
feature_5 > -1.389 AND feature_0 > 0.122 AND feature_1 > 0.259 AND feature_7 <= 0.246 AND feature_1 > 1.563,3.813,0.917,1.81,5.62,5,144,0.0144,0.016404647983595352,1.0,0.97,2.928,4.0,1.0,0.108,0.7,CT on P,0.09,0.5
feature_5 > -1.389 AND feature_0 > 0.122 AND feature_1 > 0.259 AND feature_7 <= 0.246 AND feature_1 <= 1.563 AND feature_5 <= -0.813,3.478,0.855,0.56,4.03,6,117,0.0117,0.013328776486671223,0.91,0.89,1.965,4.0,1.0,0.108,0.57,CT on P,0.09,0.5
feature_5 > -1.389 AND feature_0 > 0.122 AND feature_1 <= 0.259 AND feature_0 > 0.924 AND feature_9 <= 0.713 AND feature_5 <= 0.297,2.794,1.0,0.19,2.99,6,424,0.0424,0.04830257461836409,0.73,0.84,1.93,4.0,1.0,0.108,0.62,CT on P,0.09,0.5
feature_5 <= -1.389 AND feature_3 <= 0.693 AND feature_0 > -0.504 AND feature_1 > 0.532,2.643,0.896,0.83,3.48,4,125,0.0125,0.014240145819093188,0.69,0.77,2.07,4.0,1.0,0.108,0.6,CT on P,0.09,0.5
feature_5 > -1.389 AND feature_0 > 0.122 AND feature_1 > 0.259 AND feature_7 > 0.246 AND feature_9 > 0.189,2.872,0.719,1.29,4.17,5,270,0.027,0.030758714969241284,0.75,0.74,2.184,5.0,1.0,0.108,0.54,CT on P,0.09,0.5
feature_5 > -1.389 AND feature_0 > 0.122 AND feature_1 > 0.259 AND feature_7 <= 0.246 AND feature_1 > 1.563,3.813,0.917,1.81,5.62,5,144,0.0144,0.016404647983595352,1.0,0.97,2.928,4.0,1.0,0.108,0.7,CT on P,0.09,0.7
feature_5 > -1.389 AND feature_0 > 0.122 AND feature_1 > 0.259 AND feature_7 <= 0.246 AND feature_1 <= 1.563 AND feature_5 <= -0.813,3.478,0.855,0.56,4.03,6,117,0.0117,0.013328776486671223,0.91,0.89,1.965,4.0,1.0,0.108,0.57,CT on P,0.09,0.7
feature_5 > -1.389 AND feature_0 > 0.122 AND feature_1 <= 0.259 AND feature_0 > 0.924 AND feature_9 <= 0.713 AND feature_5 <= 0.297,2.794,1.0,0.19,2.99,6,424,0.0424,0.04830257461836409,0.73,0.84,1.93,4.0,1.0,0.108,0.62,CT on P,0.09,0.7
feature_5 <= -1.389 AND feature_3 <= 0.693 AND feature_0 > -0.504 AND feature_1 > 0.532,2.643,0.896,0.83,3.48,4,125,0.0125,0.014240145819093188,0.69,0.77,2.07,4.0,1.0,0.108,0.6,CT on P,0.09,0.7
feature_5 > -1.389 AND feature_0 > 0.122 AND feature_1 > 0.259 AND feature_7 > 0.246 AND feature_9 > 0.189,2.872,0.719,1.29,4.17,5,270,0.027,0.030758714969241284,0.75,0.74,2.184,5.0,1.0,0.108,0.54,CT on P,0.09,0.7
feature_5 > -1.389 AND feature_0 > 0.122 AND feature_1 > 0.259 AND feature_7 <= 0.246 AND feature_1 > 1.563,3.813,0.917,1.81,5.62,5,144,0.0144,0.016404647983595352,1.0,0.97,2.928,4.0,1.0,0.108,0.7,CT on P,0.09,0.8
feature_5 > -1.389 AND feature_0 > 0.122 AND feature_1 > 0.259 AND feature_7 <= 0.246 AND feature_1 <= 1.563 AND feature_5 <= -0.813,3.478,0.855,0.56,4.03,6,117,0.0117,0.013328776486671223,0.91,0.89,1.965,4.0,1.0,0.108,0.57,CT on P,0.09,0.8
feature_5 > -1.389 AND feature_0 > 0.122 AND feature_1 <= 0.259 AND feature_0 > 0.924 AND feature_9 <= 0.713 AND feature_5 <= 0.297,2.794,1.0,0.19,2.99,6,424,0.0424,0.04830257461836409,0.73,0.84,1.93,4.0,1.0,0.108,0.62,CT on P,0.09,0.8
feature_5 <= -1.389 AND feature_3 <= 0.693 AND feature_0 > -0.504 AND feature_1 > 0.532,2.643,0.896,0.83,3.48,4,125,0.0125,0.014240145819093188,0.69,0.77,2.07,4.0,1.0,0.108,0.6,CT on P,0.09,0.8
feature_5 > -1.389 AND feature_0 > 0.122 AND feature_1 > 0.259 AND feature_7 > 0.246 AND feature_9 > 0.189,2.872,0.719,1.29,4.17,5,270,0.027,0.030758714969241284,0.75,0.74,2.184,5.0,1.0,0.108,0.54,CT on P,0.09,0.8
feature_0 > -0.159 AND feature_1 > 1.049 AND feature_5 <= -1.38 AND feature_6 > -0.087,25.228,0.864,,,4,44,0.0044,0.005012531328320802,0.87,0.87,2.238,4.0,0.9770114942528736,0.017,0.6,CF,0.9400000000000001,0.5
feature_0 > 0.766 AND feature_1 <= -1.204 AND feature_9 > 0.53 AND feature_2 <= -0.789,29.002,0.524,,,4,21,0.0021,0.0023923444976076554,1.0,0.81,1.518,4.0,0.9770114942528736,0.017,0.38,CF,0.9400000000000001,0.5
feature_0 <= -0.02 AND feature_1 > 1.647 AND feature_4 <= -0.55 AND feature_9 > -0.299,19.035,0.791,,,4,43,0.0043,0.004898610161768057,0.66,0.71,1.479,4.0,0.9770114942528736,0.017,0.49,CF,0.9400000000000001,0.5
feature_0 > -0.018 AND feature_2 <= -1.48 AND feature_5 <= -0.963 AND feature_9 > -0.041,14.982,0.667,,,4,30,0.003,0.003417634996582365,0.52,0.58,1.759,4.0,0.9770114942528736,0.017,0.47,CF,0.9400000000000001,0.5
feature_0 > 0.256 AND feature_1 > 0.966 AND feature_9 > -0.565 AND feature_9 <= -0.42,8.059,1.0,,,4,36,0.0036,0.004101161995898838,0.28,0.57,2.577,3.0,0.9770114942528736,0.017,0.7,CF,0.9400000000000001,0.5
feature_0 > -0.159 AND feature_1 > 1.049 AND feature_5 <= -1.38 AND feature_6 > -0.087,25.228,0.864,,,4,44,0.0044,0.005012531328320802,0.87,0.87,2.238,4.0,0.9770114942528736,0.017,0.6,CF,0.9400000000000001,0.7
feature_0 > 0.766 AND feature_1 <= -1.204 AND feature_9 > 0.53 AND feature_2 <= -0.789,29.002,0.524,,,4,21,0.0021,0.0023923444976076554,1.0,0.81,1.518,4.0,0.9770114942528736,0.017,0.38,CF,0.9400000000000001,0.7
feature_0 <= -0.02 AND feature_1 > 1.647 AND feature_4 <= -0.55 AND feature_9 > -0.299,19.035,0.791,,,4,43,0.0043,0.004898610161768057,0.66,0.71,1.479,4.0,0.9770114942528736,0.017,0.49,CF,0.9400000000000001,0.7
feature_0 > -0.018 AND feature_2 <= -1.48 AND feature_5 <= -0.963 AND feature_9 > -0.041,14.982,0.667,,,4,30,0.003,0.003417634996582365,0.52,0.58,1.759,4.0,0.9770114942528736,0.017,0.47,CF,0.9400000000000001,0.7
feature_0 > 0.256 AND feature_1 > 0.966 AND feature_9 > -0.565 AND feature_9 <= -0.42,8.059,1.0,,,4,36,0.0036,0.004101161995898838,0.28,0.57,2.577,3.0,0.9770114942528736,0.017,0.7,CF,0.9400000000000001,0.7
feature_0 > -0.159 AND feature_1 > 1.049 AND feature_5 <= -1.38 AND feature_6 > -0.087,25.228,0.864,,,4,44,0.0044,0.005012531328320802,0.87,0.87,2.238,4.0,0.9770114942528736,0.017,0.6,CF,0.9400000000000001,0.8
feature_0 > 0.766 AND feature_1 <= -1.204 AND feature_9 > 0.53 AND feature_2 <= -0.789,29.002,0.524,,,4,21,0.0021,0.0023923444976076554,1.0,0.81,1.518,4.0,0.9770114942528736,0.017,0.38,CF,0.9400000000000001,0.8
feature_0 <= -0.02 AND feature_1 > 1.647 AND feature_4 <= -0.55 AND feature_9 > -0.299,19.035,0.791,,,4,43,0.0043,0.004898610161768057,0.66,0.71,1.479,4.0,0.9770114942528736,0.017,0.49,CF,0.9400000000000001,0.8
feature_0 > -0.018 AND feature_2 <= -1.48 AND feature_5 <= -0.963 AND feature_9 > -0.041,14.982,0.667,,,4,30,0.003,0.003417634996582365,0.52,0.58,1.759,4.0,0.9770114942528736,0.017,0.47,CF,0.9400000000000001,0.8
feature_0 > 0.256 AND feature_1 > 0.966 AND feature_9 > -0.565 AND feature_9 <= -0.42,8.059,1.0,,,4,36,0.0036,0.004101161995898838,0.28,0.57,2.577,3.0,0.9770114942528736,0.017,0.7,CF,0.9400000000000001,0.8
feature_0 > 0.188 AND feature_1 > 0.963 AND feature_0 > 0.613 AND feature_1 > 1.289,2.639,0.882,,,4,263,0.0263,0.029961266803372067,1.0,0.95,3.044,2.0,1.0,0.1269,0.7,CF SingleTree,0.02,0.5
feature_0 > 0.188 AND feature_1 > 0.963 AND feature_0 > 0.613 AND feature_1 <= 1.289,2.331,0.882,,,4,186,0.0186,0.021189336978810664,0.88,0.88,2.587,2.0,1.0,0.1269,0.65,CF SingleTree,0.02,0.5
feature_0 > 0.188 AND feature_1 > 0.963 AND feature_0 <= 0.613 AND feature_0 > 0.334,2.131,0.907,,,4,161,0.0161,0.018341307814992026,0.81,0.85,2.152,2.0,1.0,0.1269,0.61,CF SingleTree,0.02,0.5
feature_0 > 0.188 AND feature_1 <= 0.963 AND feature_0 > 0.8 AND feature_1 > 0.179,1.991,0.863,,,4,561,0.0561,0.06390977443609022,0.75,0.8,2.383,2.0,1.0,0.1269,0.62,CF SingleTree,0.02,0.5
feature_0 > 0.188 AND feature_1 > 0.963 AND feature_0 <= 0.613 AND feature_0 <= 0.334,1.726,0.908,,,4,98,0.0098,0.011164274322169059,0.65,0.76,1.912,2.0,1.0,0.1269,0.58,CF SingleTree,0.02,0.5
feature_0 > 0.188 AND feature_1 > 0.963 AND feature_0 > 0.613 AND feature_1 > 1.289,2.639,0.882,,,4,263,0.0263,0.029961266803372067,1.0,0.95,3.044,2.0,1.0,0.1269,0.7,CF SingleTree,0.02,0.7
feature_0 > 0.188 AND feature_1 > 0.963 AND feature_0 > 0.613 AND feature_1 <= 1.289,2.331,0.882,,,4,186,0.0186,0.021189336978810664,0.88,0.88,2.587,2.0,1.0,0.1269,0.65,CF SingleTree,0.02,0.7
feature_0 > 0.188 AND feature_1 > 0.963 AND feature_0 <= 0.613 AND feature_0 > 0.334,2.131,0.907,,,4,161,0.0161,0.018341307814992026,0.81,0.85,2.152,2.0,1.0,0.1269,0.61,CF SingleTree,0.02,0.7
feature_0 > 0.188 AND feature_1 <= 0.963 AND feature_0 > 0.8 AND feature_1 > 0.179,1.991,0.863,,,4,561,0.0561,0.06390977443609022,0.75,0.8,2.383,2.0,1.0,0.1269,0.62,CF SingleTree,0.02,0.7
feature_0 > 0.188 AND feature_1 > 0.963 AND feature_0 <= 0.613 AND feature_0 <= 0.334,1.726,0.908,,,4,98,0.0098,0.011164274322169059,0.65,0.76,1.912,2.0,1.0,0.1269,0.58,CF SingleTree,0.02,0.7
feature_0 > 0.188 AND feature_1 > 0.963 AND feature_0 > 0.613 AND feature_1 > 1.289,2.639,0.882,,,4,263,0.0263,0.029961266803372067,1.0,0.95,3.044,2.0,1.0,0.1269,0.7,CF SingleTree,0.02,0.8
feature_0 > 0.188 AND feature_1 > 0.963 AND feature_0 > 0.613 AND feature_1 <= 1.289,2.331,0.882,,,4,186,0.0186,0.021189336978810664,0.88,0.88,2.587,2.0,1.0,0.1269,0.65,CF SingleTree,0.02,0.8
feature_0 > 0.188 AND feature_1 > 0.963 AND feature_0 <= 0.613 AND feature_0 > 0.334,2.131,0.907,,,4,161,0.0161,0.018341307814992026,0.81,0.85,2.152,2.0,1.0,0.1269,0.61,CF SingleTree,0.02,0.8
feature_0 > 0.188 AND feature_1 <= 0.963 AND feature_0 > 0.8 AND feature_1 > 0.179,1.991,0.863,,,4,561,0.0561,0.06390977443609022,0.75,0.8,2.383,2.0,1.0,0.1269,0.62,CF SingleTree,0.02,0.8
feature_0 > 0.188 AND feature_1 > 0.963 AND feature_0 <= 0.613 AND feature_0 <= 0.334,1.726,0.908,,,4,98,0.0098,0.011164274322169059,0.65,0.76,1.912,2.0,1.0,0.1269,0.58,CF SingleTree,0.02,0.8
feature_0 > 1.84 AND feature_0 < 3.84 AND feature_1 > 0.52 AND feature_1 < 3.52,3.541,0.924,,,4,92,0.0092,0.010480747322852585,0.98,0.96,3.541,2.0,0.711943793911007,0.0304,0.78,Brute Force (Oracle),7.640000000000001,0.5
feature_0 > 0.34 AND feature_0 < 2.34 AND feature_1 > 2.02,3.498,0.931,,,3,58,0.0058,0.006607427660059239,0.97,0.96,3.498,2.0,0.711943793911007,0.0304,0.78,Brute Force (Oracle),7.640000000000001,0.5
feature_0 > 1.34 AND feature_0 < 3.34 AND feature_1 > 1.02 AND feature_1 < 3.52,3.47,0.903,,,4,113,0.0113,0.012873091820460241,0.97,0.94,3.47,2.0,0.711943793911007,0.0304,0.76,Brute Force (Oracle),7.640000000000001,0.5
feature_0 > 2.34 AND feature_1 > -0.48 AND feature_1 < 2.02,3.576,0.857,,,3,56,0.0056,0.006379585326953748,0.99,0.94,3.576,2.0,0.711943793911007,0.0304,0.75,Brute Force (Oracle),7.640000000000001,0.5
feature_0 > 0.84 AND feature_0 < 3.34 AND feature_1 > 1.52 AND feature_1 < 2.52,3.29,0.907,,,4,108,0.0108,0.012303485987696514,0.92,0.91,3.29,2.0,0.711943793911007,0.0304,0.74,Brute Force (Oracle),7.640000000000001,0.5
feature_0 > 1.84 AND feature_0 < 3.84 AND feature_1 > 0.52 AND feature_1 < 3.52,3.541,0.924,,,4,92,0.0092,0.010480747322852585,0.98,0.96,3.541,2.0,0.6956521739130435,0.0304,0.78,Brute Force (Oracle),7.58,0.7
feature_0 > 0.34 AND feature_0 < 2.34 AND feature_1 > 2.02,3.498,0.931,,,3,58,0.0058,0.006607427660059239,0.97,0.96,3.498,2.0,0.6956521739130435,0.0304,0.78,Brute Force (Oracle),7.58,0.7
feature_0 > 1.34 AND feature_0 < 3.34 AND feature_1 > 1.02 AND feature_1 < 3.52,3.47,0.903,,,4,113,0.0113,0.012873091820460241,0.97,0.94,3.47,2.0,0.6956521739130435,0.0304,0.76,Brute Force (Oracle),7.58,0.7
feature_0 > 2.34 AND feature_1 > -0.48 AND feature_1 < 2.02,3.576,0.857,,,3,56,0.0056,0.006379585326953748,0.99,0.94,3.576,2.0,0.6956521739130435,0.0304,0.75,Brute Force (Oracle),7.58,0.7
feature_0 > 0.84 AND feature_1 > 1.52,3.373,0.907,,,2,118,0.0118,0.01344269765322397,0.94,0.93,3.373,2.0,0.6956521739130435,0.0304,0.75,Brute Force (Oracle),7.58,0.7
feature_0 > 1.84 AND feature_0 < 3.84 AND feature_1 > 0.52 AND feature_1 < 3.52,3.541,0.924,,,4,92,0.0092,0.010480747322852585,0.98,0.96,3.541,2.0,0.6956521739130435,0.0304,0.78,Brute Force (Oracle),7.57,0.8
feature_0 > 0.34 AND feature_0 < 2.34 AND feature_1 > 2.02,3.498,0.931,,,3,58,0.0058,0.006607427660059239,0.97,0.96,3.498,2.0,0.6956521739130435,0.0304,0.78,Brute Force (Oracle),7.57,0.8
feature_0 > 1.34 AND feature_0 < 3.34 AND feature_1 > 1.02 AND feature_1 < 3.52,3.47,0.903,,,4,113,0.0113,0.012873091820460241,0.97,0.94,3.47,2.0,0.6956521739130435,0.0304,0.76,Brute Force (Oracle),7.57,0.8
feature_0 > 2.34 AND feature_1 > -0.48 AND feature_1 < 2.02,3.576,0.857,,,3,56,0.0056,0.006379585326953748,0.99,0.94,3.576,2.0,0.6956521739130435,0.0304,0.75,Brute Force (Oracle),7.57,0.8
feature_0 > 0.84 AND feature_1 > 1.52,3.373,0.907,,,2,118,0.0118,0.01344269765322397,0.94,0.93,3.373,2.0,0.6956521739130435,0.0304,0.75,Brute Force (Oracle),7.57,0.8
feature_2 > -1.159 AND feature_0 > -0.089 AND feature_0 > 0.846 AND feature_1 > 0.214 AND feature_7 <= -0.245 AND feature_7 > -0.637,4.956,1.0,-0.04,4.92,6,113,0.0113,0.012765476728422955,1.0,1.0,2.654,4.0,1.0,0.076,0.71,CT on D,0.060000000000000005,0.5
feature_2 <= -1.159 AND feature_0 > 0.499 AND feature_1 > 0.492,3.664,0.867,0.99,4.65,3,120,0.012,0.01367053998632946,0.74,0.79,2.623,3.0,1.0,0.076,0.65,CT on D,0.060000000000000005,0.5
feature_2 > -1.159 AND feature_0 > -0.089 AND feature_0 <= 0.846 AND feature_1 > 1.369 AND feature_3 <= -0.439,3.521,0.883,1.04,4.56,5,103,0.0103,0.011635788522367827,0.71,0.78,2.304,4.0,1.0,0.076,0.62,CT on D,0.060000000000000005,0.5
feature_2 > -1.159 AND feature_0 > -0.089 AND feature_0 > 0.846 AND feature_1 > 0.214 AND feature_7 > -0.245 AND feature_6 <= 0.046,2.992,1.0,1.35,4.34,6,223,0.0223,0.02519204699502937,0.6,0.76,2.628,5.0,1.0,0.076,0.7,CT on D,0.060000000000000005,0.5
feature_2 > -1.159 AND feature_0 > -0.089 AND feature_0 > 0.846 AND feature_1 > 0.214 AND feature_7 <= -0.245 AND feature_7 <= -0.637,3.227,0.871,1.38,4.61,6,201,0.0201,0.022898154477101845,0.65,0.74,2.654,4.0,1.0,0.076,0.65,CT on D,0.060000000000000005,0.5
feature_2 > -1.159 AND feature_0 > -0.089 AND feature_0 > 0.846 AND feature_1 > 0.214 AND feature_7 <= -0.245 AND feature_7 > -0.637,4.956,1.0,-0.04,4.92,6,113,0.0113,0.012765476728422955,1.0,1.0,2.654,4.0,1.0,0.076,0.71,CT on D,0.060000000000000005,0.7
feature_2 <= -1.159 AND feature_0 > 0.499 AND feature_1 > 0.492,3.664,0.867,0.99,4.65,3,120,0.012,0.01367053998632946,0.74,0.79,2.623,3.0,1.0,0.076,0.65,CT on D,0.060000000000000005,0.7
feature_2 > -1.159 AND feature_0 > -0.089 AND feature_0 <= 0.846 AND feature_1 > 1.369 AND feature_3 <= -0.439,3.521,0.883,1.04,4.56,5,103,0.0103,0.011635788522367827,0.71,0.78,2.304,4.0,1.0,0.076,0.62,CT on D,0.060000000000000005,0.7
feature_2 > -1.159 AND feature_0 > -0.089 AND feature_0 > 0.846 AND feature_1 > 0.214 AND feature_7 > -0.245 AND feature_6 <= 0.046,2.992,1.0,1.35,4.34,6,223,0.0223,0.02519204699502937,0.6,0.76,2.628,5.0,1.0,0.076,0.7,CT on D,0.060000000000000005,0.7
feature_2 > -1.159 AND feature_0 > -0.089 AND feature_0 > 0.846 AND feature_1 > 0.214 AND feature_7 <= -0.245 AND feature_7 <= -0.637,3.227,0.871,1.38,4.61,6,201,0.0201,0.022898154477101845,0.65,0.74,2.654,4.0,1.0,0.076,0.65,CT on D,0.060000000000000005,0.7
feature_2 > -1.159 AND feature_0 > -0.089 AND feature_0 > 0.846 AND feature_1 > 0.214 AND feature_7 <= -0.245 AND feature_7 > -0.637,4.956,1.0,-0.04,4.92,6,113,0.0113,0.012765476728422955,1.0,1.0,2.654,4.0,1.0,0.076,0.71,CT on D,0.060000000000000005,0.8
feature_2 <= -1.159 AND feature_0 > 0.499 AND feature_1 > 0.492,3.664,0.867,0.99,4.65,3,120,0.012,0.01367053998632946,0.74,0.79,2.623,3.0,1.0,0.076,0.65,CT on D,0.060000000000000005,0.8
feature_2 > -1.159 AND feature_0 > -0.089 AND feature_0 <= 0.846 AND feature_1 > 1.369 AND feature_3 <= -0.439,3.521,0.883,1.04,4.56,5,103,0.0103,0.011635788522367827,0.71,0.78,2.304,4.0,1.0,0.076,0.62,CT on D,0.060000000000000005,0.8
feature_2 > -1.159 AND feature_0 > -0.089 AND feature_0 > 0.846 AND feature_1 > 0.214 AND feature_7 > -0.245 AND feature_6 <= 0.046,2.992,1.0,1.35,4.34,6,223,0.0223,0.02519204699502937,0.6,0.76,2.628,5.0,1.0,0.076,0.7,CT on D,0.060000000000000005,0.8
feature_2 > -1.159 AND feature_0 > -0.089 AND feature_0 > 0.846 AND feature_1 > 0.214 AND feature_7 <= -0.245 AND feature_7 <= -0.637,3.227,0.871,1.38,4.61,6,201,0.0201,0.022898154477101845,0.65,0.74,2.654,4.0,1.0,0.076,0.65,CT on D,0.060000000000000005,0.8
feature_2 > -0.997 AND feature_0 > -0.015 AND feature_0 > 0.81 AND feature_1 > 0.045 AND feature_6 <= 0.43 AND feature_0 > 1.412,4.13,0.889,0.83,4.97,6,216,0.0216,0.024401265250790782,1.0,0.96,2.985,4.0,0.9490695396669931,0.0969,0.7,CT on P,0.17,0.5
feature_5 > -1.389 AND feature_0 > 0.122 AND feature_1 > 0.259 AND feature_7 <= 0.246 AND feature_1 > 1.563,3.813,0.917,1.81,5.62,5,144,0.0144,0.016404647983595352,0.92,0.92,2.928,4.0,0.9490695396669931,0.0969,0.7,CT on P,0.17,0.5
feature_2 <= -0.997 AND feature_2 > -1.27 AND feature_0 > 0.011 AND feature_5 > 0.059,3.475,0.883,-0.75,2.73,4,120,0.012,0.013556258472661545,0.84,0.86,1.511,3.0,0.9490695396669931,0.0969,0.53,CT on P,0.17,0.5
feature_5 > -1.389 AND feature_0 > 0.122 AND feature_1 > 0.259 AND feature_7 <= 0.246 AND feature_1 <= 1.563 AND feature_5 <= -0.813,3.478,0.855,0.56,4.03,6,117,0.0117,0.013328776486671223,0.84,0.85,1.965,4.0,0.9490695396669931,0.0969,0.57,CT on P,0.17,0.5
feature_5 > -1.389 AND feature_0 > 0.122 AND feature_1 <= 0.259 AND feature_0 > 0.924 AND feature_9 <= 0.713 AND feature_5 <= 0.297,2.794,1.0,0.19,2.99,6,424,0.0424,0.04830257461836409,0.68,0.81,1.93,4.0,0.9490695396669931,0.0969,0.62,CT on P,0.17,0.5
feature_2 > -0.997 AND feature_0 > -0.015 AND feature_0 > 0.81 AND feature_1 > 0.045 AND feature_6 <= 0.43 AND feature_0 > 1.412,4.13,0.889,0.83,4.97,6,216,0.0216,0.024401265250790782,1.0,0.96,2.985,4.0,0.9490695396669931,0.0969,0.7,CT on P,0.17,0.7
feature_5 > -1.389 AND feature_0 > 0.122 AND feature_1 > 0.259 AND feature_7 <= 0.246 AND feature_1 > 1.563,3.813,0.917,1.81,5.62,5,144,0.0144,0.016404647983595352,0.92,0.92,2.928,4.0,0.9490695396669931,0.0969,0.7,CT on P,0.17,0.7
feature_2 <= -0.997 AND feature_2 > -1.27 AND feature_0 > 0.011 AND feature_5 > 0.059,3.475,0.883,-0.75,2.73,4,120,0.012,0.013556258472661545,0.84,0.86,1.511,3.0,0.9490695396669931,0.0969,0.53,CT on P,0.17,0.7
feature_5 > -1.389 AND feature_0 > 0.122 AND feature_1 > 0.259 AND feature_7 <= 0.246 AND feature_1 <= 1.563 AND feature_5 <= -0.813,3.478,0.855,0.56,4.03,6,117,0.0117,0.013328776486671223,0.84,0.85,1.965,4.0,0.9490695396669931,0.0969,0.57,CT on P,0.17,0.7
feature_5 > -1.389 AND feature_0 > 0.122 AND feature_1 <= 0.259 AND feature_0 > 0.924 AND feature_9 <= 0.713 AND feature_5 <= 0.297,2.794,1.0,0.19,2.99,6,424,0.0424,0.04830257461836409,0.68,0.81,1.93,4.0,0.9490695396669931,0.0969,0.62,CT on P,0.17,0.7
feature_2 > -0.997 AND feature_0 > -0.015 AND feature_0 > 0.81 AND feature_1 > 0.045 AND feature_6 <= 0.43 AND feature_0 > 1.412,4.13,0.889,0.83,4.97,6,216,0.0216,0.024401265250790782,1.0,0.96,2.985,4.0,0.9490695396669931,0.0969,0.7,CT on P,0.17,0.8
feature_5 > -1.389 AND feature_0 > 0.122 AND feature_1 > 0.259 AND feature_7 <= 0.246 AND feature_1 > 1.563,3.813,0.917,1.81,5.62,5,144,0.0144,0.016404647983595352,0.92,0.92,2.928,4.0,0.9490695396669931,0.0969,0.7,CT on P,0.17,0.8
feature_2 <= -0.997 AND feature_2 > -1.27 AND feature_0 > 0.011 AND feature_5 > 0.059,3.475,0.883,-0.75,2.73,4,120,0.012,0.013556258472661545,0.84,0.86,1.511,3.0,0.9490695396669931,0.0969,0.53,CT on P,0.17,0.8
feature_5 > -1.389 AND feature_0 > 0.122 AND feature_1 > 0.259 AND feature_7 <= 0.246 AND feature_1 <= 1.563 AND feature_5 <= -0.813,3.478,0.855,0.56,4.03,6,117,0.0117,0.013328776486671223,0.84,0.85,1.965,4.0,0.9490695396669931,0.0969,0.57,CT on P,0.17,0.8
feature_5 > -1.389 AND feature_0 > 0.122 AND feature_1 <= 0.259 AND feature_0 > 0.924 AND feature_9 <= 0.713 AND feature_5 <= 0.297,2.794,1.0,0.19,2.99,6,424,0.0424,0.04830257461836409,0.68,0.81,1.93,4.0,0.9490695396669931,0.0969,0.62,CT on P,0.17,0.8
feature_0 > 0.766 AND feature_1 <= -1.204 AND feature_9 > 0.53 AND feature_2 <= -0.789,29.002,0.905,,,4,21,0.0021,0.0023723452327157704,1.0,0.96,1.518,4.0,0.9771428571428571,0.0171,0.54,CF,0.91,0.5
feature_0 > -0.159 AND feature_1 > 1.049 AND feature_5 <= -1.38 AND feature_6 > -0.087,25.228,0.909,,,4,44,0.0044,0.004970628106642567,0.87,0.89,2.238,4.0,0.9771428571428571,0.0171,0.62,CF,0.91,0.5
feature_0 <= -0.02 AND feature_1 > 1.647 AND feature_4 <= -0.55 AND feature_9 > -0.299,19.035,0.814,,,4,43,0.0043,0.004857659286037054,0.66,0.72,1.479,4.0,0.9771428571428571,0.0171,0.5,CF,0.91,0.5
feature_0 > -0.018 AND feature_2 <= -1.48 AND feature_5 <= -0.963 AND feature_9 > -0.041,14.982,0.867,,,4,30,0.003,0.0033890646181653863,0.52,0.66,1.759,4.0,0.9771428571428571,0.0171,0.55,CF,0.91,0.5
feature_0 <= 0.31 AND feature_1 <= -1.419 AND feature_0 <= -1.65,10.764,0.919,,,3,37,0.0037,0.004179846362403977,0.37,0.59,1.917,2.0,0.9771428571428571,0.0171,0.59,CF,0.91,0.5
feature_0 > 0.766 AND feature_1 <= -1.204 AND feature_9 > 0.53 AND feature_2 <= -0.789,29.002,0.905,,,4,21,0.0021,0.0023723452327157704,1.0,0.96,1.518,4.0,0.9771428571428571,0.0171,0.54,CF,0.91,0.7
feature_0 > -0.159 AND feature_1 > 1.049 AND feature_5 <= -1.38 AND feature_6 > -0.087,25.228,0.909,,,4,44,0.0044,0.004970628106642567,0.87,0.89,2.238,4.0,0.9771428571428571,0.0171,0.62,CF,0.91,0.7
feature_0 <= -0.02 AND feature_1 > 1.647 AND feature_4 <= -0.55 AND feature_9 > -0.299,19.035,0.814,,,4,43,0.0043,0.004857659286037054,0.66,0.72,1.479,4.0,0.9771428571428571,0.0171,0.5,CF,0.91,0.7
feature_0 > -0.018 AND feature_2 <= -1.48 AND feature_5 <= -0.963 AND feature_9 > -0.041,14.982,0.867,,,4,30,0.003,0.0033890646181653863,0.52,0.66,1.759,4.0,0.9771428571428571,0.0171,0.55,CF,0.91,0.7
feature_0 <= 0.31 AND feature_1 <= -1.419 AND feature_0 <= -1.65,10.764,0.919,,,3,37,0.0037,0.004179846362403977,0.37,0.59,1.917,2.0,0.9771428571428571,0.0171,0.59,CF,0.91,0.7
feature_0 > 0.766 AND feature_1 <= -1.204 AND feature_9 > 0.53 AND feature_2 <= -0.789,29.002,0.905,,,4,21,0.0021,0.0023723452327157704,1.0,0.96,1.518,4.0,0.9771428571428571,0.0171,0.54,CF,0.91,0.8
feature_0 > -0.159 AND feature_1 > 1.049 AND feature_5 <= -1.38 AND feature_6 > -0.087,25.228,0.909,,,4,44,0.0044,0.004970628106642567,0.87,0.89,2.238,4.0,0.9771428571428571,0.0171,0.62,CF,0.91,0.8
feature_0 <= -0.02 AND feature_1 > 1.647 AND feature_4 <= -0.55 AND feature_9 > -0.299,19.035,0.814,,,4,43,0.0043,0.004857659286037054,0.66,0.72,1.479,4.0,0.9771428571428571,0.0171,0.5,CF,0.91,0.8
feature_0 > -0.018 AND feature_2 <= -1.48 AND feature_5 <= -0.963 AND feature_9 > -0.041,14.982,0.867,,,4,30,0.003,0.0033890646181653863,0.52,0.66,1.759,4.0,0.9771428571428571,0.0171,0.55,CF,0.91,0.8
feature_0 <= 0.31 AND feature_1 <= -1.419 AND feature_0 <= -1.65,10.764,0.919,,,3,37,0.0037,0.004179846362403977,0.37,0.59,1.917,2.0,0.9771428571428571,0.0171,0.59,CF,0.91,0.8
feature_0 > 0.188 AND feature_1 > 0.963 AND feature_0 > 0.613 AND feature_1 > 1.289,2.639,0.856,,,4,263,0.0263,0.029710799819249886,1.0,0.94,3.044,2.0,1.0,0.2347,0.69,CF SingleTree,0.02,0.5
feature_0 > 0.188 AND feature_1 > 0.963 AND feature_0 > 0.613 AND feature_1 <= 1.289,2.331,0.876,,,4,186,0.0186,0.021012200632625395,0.88,0.88,2.587,2.0,1.0,0.2347,0.65,CF SingleTree,0.02,0.5
feature_0 > 0.188 AND feature_1 > 0.963 AND feature_0 <= 0.613 AND feature_0 > 0.334,2.131,0.907,,,4,161,0.0161,0.018187980117487575,0.81,0.85,2.152,2.0,1.0,0.2347,0.61,CF SingleTree,0.02,0.5
feature_0 > 0.188 AND feature_1 <= 0.963 AND feature_0 > 0.8 AND feature_1 > 0.179,1.991,0.886,,,4,561,0.0561,0.06337550835969273,0.75,0.81,2.383,2.0,1.0,0.2347,0.63,CF SingleTree,0.02,0.5
feature_0 > 0.188 AND feature_1 <= 0.963 AND feature_0 > 0.8 AND feature_1 <= 0.179,1.727,0.898,,,4,1176,0.1176,0.13285133303208316,0.65,0.75,1.824,2.0,1.0,0.2347,0.57,CF SingleTree,0.02,0.5
feature_0 > 0.188 AND feature_1 > 0.963 AND feature_0 > 0.613 AND feature_1 > 1.289,2.639,0.856,,,4,263,0.0263,0.029710799819249886,1.0,0.94,3.044,2.0,1.0,0.2347,0.69,CF SingleTree,0.02,0.7
feature_0 > 0.188 AND feature_1 > 0.963 AND feature_0 > 0.613 AND feature_1 <= 1.289,2.331,0.876,,,4,186,0.0186,0.021012200632625395,0.88,0.88,2.587,2.0,1.0,0.2347,0.65,CF SingleTree,0.02,0.7
feature_0 > 0.188 AND feature_1 > 0.963 AND feature_0 <= 0.613 AND feature_0 > 0.334,2.131,0.907,,,4,161,0.0161,0.018187980117487575,0.81,0.85,2.152,2.0,1.0,0.2347,0.61,CF SingleTree,0.02,0.7
feature_0 > 0.188 AND feature_1 <= 0.963 AND feature_0 > 0.8 AND feature_1 > 0.179,1.991,0.886,,,4,561,0.0561,0.06337550835969273,0.75,0.81,2.383,2.0,1.0,0.2347,0.63,CF SingleTree,0.02,0.7
feature_0 > 0.188 AND feature_1 <= 0.963 AND feature_0 > 0.8 AND feature_1 <= 0.179,1.727,0.898,,,4,1176,0.1176,0.13285133303208316,0.65,0.75,1.824,2.0,1.0,0.2347,0.57,CF SingleTree,0.02,0.7
feature_0 > 0.188 AND feature_1 > 0.963 AND feature_0 > 0.613 AND feature_1 > 1.289,2.639,0.856,,,4,263,0.0263,0.029710799819249886,1.0,0.94,3.044,2.0,1.0,0.2347,0.69,CF SingleTree,0.02,0.8
feature_0 > 0.188 AND feature_1 > 0.963 AND feature_0 > 0.613 AND feature_1 <= 1.289,2.331,0.876,,,4,186,0.0186,0.021012200632625395,0.88,0.88,2.587,2.0,1.0,0.2347,0.65,CF SingleTree,0.02,0.8
feature_0 > 0.188 AND feature_1 > 0.963 AND feature_0 <= 0.613 AND feature_0 > 0.334,2.131,0.907,,,4,161,0.0161,0.018187980117487575,0.81,0.85,2.152,2.0,1.0,0.2347,0.61,CF SingleTree,0.02,0.8
feature_0 > 0.188 AND feature_1 <= 0.963 AND feature_0 > 0.8 AND feature_1 > 0.179,1.991,0.886,,,4,561,0.0561,0.06337550835969273,0.75,0.81,2.383,2.0,1.0,0.2347,0.63,CF SingleTree,0.02,0.8
feature_0 > 0.188 AND feature_1 <= 0.963 AND feature_0 > 0.8 AND feature_1 <= 0.179,1.727,0.898,,,4,1176,0.1176,0.13285133303208316,0.65,0.75,1.824,2.0,1.0,0.2347,0.57,CF SingleTree,0.02,0.8
feature_0 > 2.34 AND feature_0 < 3.84 AND feature_1 > -0.48 AND feature_1 < 1.52,3.532,0.943,,,4,53,0.0053,0.005987347492092183,0.98,0.97,3.532,2.0,0.7841530054644809,0.0287,0.78,Brute Force (Oracle),7.95,0.5
feature_0 > 1.84 AND feature_0 < 2.84 AND feature_1 > 0.52 AND feature_1 < 2.52,3.52,0.856,,,4,90,0.009,0.01016719385449616,0.98,0.93,3.52,2.0,0.7841530054644809,0.0287,0.75,Brute Force (Oracle),7.95,0.5
feature_0 > 0.34 AND feature_0 < 2.84 AND feature_1 > 2.02,3.517,0.847,,,3,59,0.0059,0.00666516041572526,0.98,0.93,3.517,2.0,0.7841530054644809,0.0287,0.74,Brute Force (Oracle),7.95,0.5
feature_0 > 1.34 AND feature_0 < 2.84 AND feature_1 > 1.02,3.462,0.83,,,3,112,0.0112,0.012652507907817443,0.96,0.91,3.462,2.0,0.7841530054644809,0.0287,0.73,Brute Force (Oracle),7.95,0.5
feature_0 > 2.34 AND feature_1 > -3.48 AND feature_1 < 0.02,3.12,0.942,,,3,52,0.0052,0.00587437867148667,0.87,0.9,3.12,2.0,0.7841530054644809,0.0287,0.74,Brute Force (Oracle),7.95,0.5
feature_0 > 2.34 AND feature_0 < 3.84 AND feature_1 > -0.48 AND feature_1 < 1.52,3.532,0.943,,,4,53,0.0053,0.005987347492092183,0.98,0.97,3.532,2.0,0.7317073170731707,0.027,0.78,Brute Force (Oracle),8.0,0.7
feature_0 > 2.34 AND feature_0 < 3.84 AND feature_1 > -0.98 AND feature_1 < 0.52,3.315,0.964,,,4,55,0.0055,0.0062132851333032086,0.92,0.94,3.315,2.0,0.7317073170731707,0.027,0.77,Brute Force (Oracle),8.0,0.7
feature_0 > 1.84 AND feature_0 < 2.84 AND feature_1 > 0.52 AND feature_1 < 2.52,3.52,0.856,,,4,90,0.009,0.01016719385449616,0.98,0.93,3.52,2.0,0.7317073170731707,0.027,0.75,Brute Force (Oracle),8.0,0.7
feature_0 > 0.34 AND feature_0 < 2.84 AND feature_1 > 2.02,3.517,0.847,,,3,59,0.0059,0.00666516041572526,0.98,0.93,3.517,2.0,0.7317073170731707,0.027,0.74,Brute Force (Oracle),8.0,0.7
feature_0 > 1.34 AND feature_0 < 2.84 AND feature_1 > 1.02,3.462,0.83,,,3,112,0.0112,0.012652507907817443,0.96,0.91,3.462,2.0,0.7317073170731707,0.027,0.73,Brute Force (Oracle),8.0,0.7
feature_0 > 2.34 AND feature_0 < 3.84 AND feature_1 > -0.48 AND feature_1 < 1.52,3.532,0.943,,,4,53,0.0053,0.005987347492092183,0.98,0.97,3.532,2.0,0.6602564102564102,0.0206,0.78,Brute Force (Oracle),7.91,0.8
feature_0 > 2.34 AND feature_0 < 3.84 AND feature_1 > -0.98 AND feature_1 < 0.52,3.315,0.964,,,4,55,0.0055,0.0062132851333032086,0.92,0.94,3.315,2.0,0.6602564102564102,0.0206,0.77,Brute Force (Oracle),7.91,0.8
feature_0 > 1.84 AND feature_0 < 2.84 AND feature_1 > 0.52 AND feature_1 < 2.52,3.52,0.856,,,4,90,0.009,0.01016719385449616,0.98,0.93,3.52,2.0,0.6602564102564102,0.0206,0.75,Brute Force (Oracle),7.91,0.8
feature_0 > 0.34 AND feature_0 < 2.84 AND feature_1 > 2.02,3.517,0.847,,,3,59,0.0059,0.00666516041572526,0.98,0.93,3.517,2.0,0.6602564102564102,0.0206,0.74,Brute Force (Oracle),7.91,0.8
feature_0 > 2.34 AND feature_0 < 2.84 AND feature_1 > -1.48 AND feature_1 < 1.02,3.236,0.945,,,4,55,0.0055,0.0062132851333032086,0.9,0.92,3.236,2.0,0.6602564102564102,0.0206,0.75,Brute Force (Oracle),7.91,0.8
feature_2 > -1.159 AND feature_0 > -0.089 AND feature_0 > 0.846 AND feature_1 > 0.214 AND feature_7 <= -0.245 AND feature_7 > -0.637,4.956,1.0,-0.04,4.92,6,113,0.0113,0.012765476728422955,1.0,1.0,2.654,4.0,1.0,0.076,0.71,CT on D,0.08,0.5
feature_2 <= -1.159 AND feature_0 > 0.499 AND feature_1 > 0.492,3.664,0.867,0.99,4.65,3,120,0.012,0.01367053998632946,0.74,0.79,2.623,3.0,1.0,0.076,0.65,CT on D,0.08,0.5
feature_2 > -1.159 AND feature_0 > -0.089 AND feature_0 <= 0.846 AND feature_1 > 1.369 AND feature_3 <= -0.439,3.521,0.883,1.04,4.56,5,103,0.0103,0.011733880154932786,0.71,0.78,2.304,4.0,1.0,0.076,0.62,CT on D,0.08,0.5
feature_2 > -1.159 AND feature_0 > -0.089 AND feature_0 > 0.846 AND feature_1 > 0.214 AND feature_7 > -0.245 AND feature_6 <= 0.046,2.992,1.0,1.35,4.34,6,223,0.0223,0.02519204699502937,0.6,0.76,2.628,5.0,1.0,0.076,0.7,CT on D,0.08,0.5
feature_2 > -1.159 AND feature_0 > -0.089 AND feature_0 > 0.846 AND feature_1 > 0.214 AND feature_7 <= -0.245 AND feature_7 <= -0.637,3.227,0.871,1.38,4.61,6,201,0.0201,0.022898154477101845,0.65,0.74,2.654,4.0,1.0,0.076,0.65,CT on D,0.08,0.5
feature_2 > -1.159 AND feature_0 > -0.089 AND feature_0 > 0.846 AND feature_1 > 0.214 AND feature_7 <= -0.245 AND feature_7 > -0.637,4.956,1.0,-0.04,4.92,6,113,0.0113,0.012765476728422955,1.0,1.0,2.654,4.0,1.0,0.076,0.71,CT on D,0.08,0.7
feature_2 <= -1.159 AND feature_0 > 0.499 AND feature_1 > 0.492,3.664,0.867,0.99,4.65,3,120,0.012,0.01367053998632946,0.74,0.79,2.623,3.0,1.0,0.076,0.65,CT on D,0.08,0.7
feature_2 > -1.159 AND feature_0 > -0.089 AND feature_0 <= 0.846 AND feature_1 > 1.369 AND feature_3 <= -0.439,3.521,0.883,1.04,4.56,5,103,0.0103,0.011733880154932786,0.71,0.78,2.304,4.0,1.0,0.076,0.62,CT on D,0.08,0.7
feature_2 > -1.159 AND feature_0 > -0.089 AND feature_0 > 0.846 AND feature_1 > 0.214 AND feature_7 > -0.245 AND feature_6 <= 0.046,2.992,1.0,1.35,4.34,6,223,0.0223,0.02519204699502937,0.6,0.76,2.628,5.0,1.0,0.076,0.7,CT on D,0.08,0.7
feature_2 > -1.159 AND feature_0 > -0.089 AND feature_0 > 0.846 AND feature_1 > 0.214 AND feature_7 <= -0.245 AND feature_7 <= -0.637,3.227,0.871,1.38,4.61,6,201,0.0201,0.022898154477101845,0.65,0.74,2.654,4.0,1.0,0.076,0.65,CT on D,0.08,0.7
feature_2 > -1.159 AND feature_0 > -0.089 AND feature_0 > 0.846 AND feature_1 > 0.214 AND feature_7 <= -0.245 AND feature_7 > -0.637,4.956,1.0,-0.04,4.92,6,113,0.0113,0.012765476728422955,1.0,1.0,2.654,4.0,1.0,0.076,0.71,CT on D,0.08,0.8
feature_2 <= -1.159 AND feature_0 > 0.499 AND feature_1 > 0.492,3.664,0.867,0.99,4.65,3,120,0.012,0.01367053998632946,0.74,0.79,2.623,3.0,1.0,0.076,0.65,CT on D,0.08,0.8
feature_2 > -1.159 AND feature_0 > -0.089 AND feature_0 <= 0.846 AND feature_1 > 1.369 AND feature_3 <= -0.439,3.521,0.883,1.04,4.56,5,103,0.0103,0.011733880154932786,0.71,0.78,2.304,4.0,1.0,0.076,0.62,CT on D,0.08,0.8
feature_2 > -1.159 AND feature_0 > -0.089 AND feature_0 > 0.846 AND feature_1 > 0.214 AND feature_7 > -0.245 AND feature_6 <= 0.046,2.992,1.0,1.35,4.34,6,223,0.0223,0.02519204699502937,0.6,0.76,2.628,5.0,1.0,0.076,0.7,CT on D,0.08,0.8
feature_2 > -1.159 AND feature_0 > -0.089 AND feature_0 > 0.846 AND feature_1 > 0.214 AND feature_7 <= -0.245 AND feature_7 <= -0.637,3.227,0.871,1.38,4.61,6,201,0.0201,0.022898154477101845,0.65,0.74,2.654,4.0,1.0,0.076,0.65,CT on D,0.08,0.8
feature_2 > -0.997 AND feature_0 > -0.015 AND feature_0 > 0.81 AND feature_1 > 0.045 AND feature_6 <= 0.43 AND feature_0 > 1.412,4.13,0.889,0.83,4.97,6,216,0.0216,0.024401265250790782,0.93,0.91,2.985,4.0,0.9490695396669931,0.0969,0.7,CT on P,0.2,0.5
feature_5 > -1.389 AND feature_0 > 0.122 AND feature_1 > 0.259 AND feature_7 <= 0.246 AND feature_1 > 1.563,3.813,0.917,1.81,5.62,5,144,0.0144,0.016404647983595352,0.86,0.88,2.928,4.0,0.9490695396669931,0.0969,0.7,CT on P,0.2,0.5
feature_2 <= -0.997 AND feature_2 > -1.27 AND feature_0 > 0.011 AND feature_5 > 0.059,3.475,0.883,-0.75,2.73,4,120,0.012,0.013556258472661545,0.78,0.82,1.511,3.0,0.9490695396669931,0.0969,0.53,CT on P,0.2,0.5
feature_5 > -1.389 AND feature_0 > 0.122 AND feature_1 > 0.259 AND feature_7 <= 0.246 AND feature_1 <= 1.563 AND feature_5 <= -0.813,3.478,0.855,0.56,4.03,6,117,0.0117,0.013328776486671223,0.78,0.81,1.965,4.0,0.9490695396669931,0.0969,0.57,CT on P,0.2,0.5
feature_5 > -1.389 AND feature_0 > 0.122 AND feature_1 <= 0.259 AND feature_0 > 0.924 AND feature_9 <= 0.713 AND feature_5 <= 0.297,2.794,1.0,0.19,2.99,6,424,0.0424,0.04830257461836409,0.63,0.78,1.93,4.0,0.9490695396669931,0.0969,0.62,CT on P,0.2,0.5
feature_2 > -0.997 AND feature_0 > -0.015 AND feature_0 > 0.81 AND feature_1 > 0.045 AND feature_6 <= 0.43 AND feature_0 > 1.412,4.13,0.889,0.83,4.97,6,216,0.0216,0.024401265250790782,0.93,0.91,2.985,4.0,0.9490695396669931,0.0969,0.7,CT on P,0.2,0.7
feature_5 > -1.389 AND feature_0 > 0.122 AND feature_1 > 0.259 AND feature_7 <= 0.246 AND feature_1 > 1.563,3.813,0.917,1.81,5.62,5,144,0.0144,0.016404647983595352,0.86,0.88,2.928,4.0,0.9490695396669931,0.0969,0.7,CT on P,0.2,0.7
feature_2 <= -0.997 AND feature_2 > -1.27 AND feature_0 > 0.011 AND feature_5 > 0.059,3.475,0.883,-0.75,2.73,4,120,0.012,0.013556258472661545,0.78,0.82,1.511,3.0,0.9490695396669931,0.0969,0.53,CT on P,0.2,0.7
feature_5 > -1.389 AND feature_0 > 0.122 AND feature_1 > 0.259 AND feature_7 <= 0.246 AND feature_1 <= 1.563 AND feature_5 <= -0.813,3.478,0.855,0.56,4.03,6,117,0.0117,0.013328776486671223,0.78,0.81,1.965,4.0,0.9490695396669931,0.0969,0.57,CT on P,0.2,0.7
feature_5 > -1.389 AND feature_0 > 0.122 AND feature_1 <= 0.259 AND feature_0 > 0.924 AND feature_9 <= 0.713 AND feature_5 <= 0.297,2.794,1.0,0.19,2.99,6,424,0.0424,0.04830257461836409,0.63,0.78,1.93,4.0,0.9490695396669931,0.0969,0.62,CT on P,0.2,0.7
feature_2 > -0.997 AND feature_0 > -0.015 AND feature_0 > 0.81 AND feature_1 > 0.045 AND feature_6 <= 0.43 AND feature_0 > 1.412,4.13,0.889,0.83,4.97,6,216,0.0216,0.024401265250790782,0.93,0.91,2.985,4.0,0.9490695396669931,0.0969,0.7,CT on P,0.2,0.8
feature_5 > -1.389 AND feature_0 > 0.122 AND feature_1 > 0.259 AND feature_7 <= 0.246 AND feature_1 > 1.563,3.813,0.917,1.81,5.62,5,144,0.0144,0.016404647983595352,0.86,0.88,2.928,4.0,0.9490695396669931,0.0969,0.7,CT on P,0.2,0.8
feature_2 <= -0.997 AND feature_2 > -1.27 AND feature_0 > 0.011 AND feature_5 > 0.059,3.475,0.883,-0.75,2.73,4,120,0.012,0.013556258472661545,0.78,0.82,1.511,3.0,0.9490695396669931,0.0969,0.53,CT on P,0.2,0.8
feature_5 > -1.389 AND feature_0 > 0.122 AND feature_1 > 0.259 AND feature_7 <= 0.246 AND feature_1 <= 1.563 AND feature_5 <= -0.813,3.478,0.855,0.56,4.03,6,117,0.0117,0.013328776486671223,0.78,0.81,1.965,4.0,0.9490695396669931,0.0969,0.57,CT on P,0.2,0.8
feature_5 > -1.389 AND feature_0 > 0.122 AND feature_1 <= 0.259 AND feature_0 > 0.924 AND feature_9 <= 0.713 AND feature_5 <= 0.297,2.794,1.0,0.19,2.99,6,424,0.0424,0.04830257461836409,0.63,0.78,1.93,4.0,0.9490695396669931,0.0969,0.62,CT on P,0.2,0.8
feature_0 > 0.766 AND feature_1 <= -1.204 AND feature_9 > 0.53 AND feature_2 <= -0.789,29.002,0.667,,,4,21,0.0021,0.005731441048034935,1.0,0.87,1.518,4.0,0.9878048780487805,0.0162,0.44,CF,0.91,0.5
feature_0 <= -0.02 AND feature_1 > 1.647 AND feature_4 <= -0.55 AND feature_9 > -0.299,19.035,1.0,,,4,43,0.0043,0.011735807860262008,0.66,0.79,1.479,4.0,0.9878048780487805,0.0162,0.57,CF,0.91,0.5
feature_0 > -0.159 AND feature_1 > 1.049 AND feature_5 <= -1.38 AND feature_6 > -0.087,25.228,0.318,,,4,44,0.0044,0.012008733624454149,0.87,0.65,2.238,4.0,0.9878048780487805,0.0162,0.39,CF,0.91,0.5
feature_0 > -0.95 AND feature_1 > 1.277 AND feature_0 > 1.178 AND feature_4 <= -0.359,6.443,1.0,,,4,34,0.0034,0.009279475982532752,0.22,0.53,3.498,3.0,0.9878048780487805,0.0162,0.8,CF,0.91,0.5
feature_0 > 0.632 AND feature_5 > 1.239 AND feature_4 <= -0.723 AND feature_5 <= 1.562,6.079,1.0,,,4,22,0.0022,0.006004366812227074,0.21,0.53,1.889,3.0,0.9878048780487805,0.0162,0.62,CF,0.91,0.5
feature_0 > 0.766 AND feature_1 <= -1.204 AND feature_9 > 0.53 AND feature_2 <= -0.789,29.002,0.667,,,4,21,0.0021,0.005731441048034935,1.0,0.87,1.518,4.0,0.9878048780487805,0.0162,0.44,CF,0.91,0.7
feature_0 <= -0.02 AND feature_1 > 1.647 AND feature_4 <= -0.55 AND feature_9 > -0.299,19.035,1.0,,,4,43,0.0043,0.011735807860262008,0.66,0.79,1.479,4.0,0.9878048780487805,0.0162,0.57,CF,0.91,0.7
feature_0 > -0.159 AND feature_1 > 1.049 AND feature_5 <= -1.38 AND feature_6 > -0.087,25.228,0.318,,,4,44,0.0044,0.012008733624454149,0.87,0.65,2.238,4.0,0.9878048780487805,0.0162,0.39,CF,0.91,0.7
feature_0 > -0.95 AND feature_1 > 1.277 AND feature_0 > 1.178 AND feature_4 <= -0.359,6.443,1.0,,,4,34,0.0034,0.009279475982532752,0.22,0.53,3.498,3.0,0.9878048780487805,0.0162,0.8,CF,0.91,0.7
feature_0 > 0.632 AND feature_5 > 1.239 AND feature_4 <= -0.723 AND feature_5 <= 1.562,6.079,1.0,,,4,22,0.0022,0.006004366812227074,0.21,0.53,1.889,3.0,0.9878048780487805,0.0162,0.62,CF,0.91,0.7
feature_0 > 0.766 AND feature_1 <= -1.204 AND feature_9 > 0.53 AND feature_2 <= -0.789,29.002,0.667,,,4,21,0.0021,0.005731441048034935,1.0,0.87,1.518,4.0,0.9878048780487805,0.0162,0.44,CF,0.91,0.8
feature_0 <= -0.02 AND feature_1 > 1.647 AND feature_4 <= -0.55 AND feature_9 > -0.299,19.035,1.0,,,4,43,0.0043,0.011735807860262008,0.66,0.79,1.479,4.0,0.9878048780487805,0.0162,0.57,CF,0.91,0.8
feature_0 > -0.159 AND feature_1 > 1.049 AND feature_5 <= -1.38 AND feature_6 > -0.087,25.228,0.318,,,4,44,0.0044,0.012008733624454149,0.87,0.65,2.238,4.0,0.9878048780487805,0.0162,0.39,CF,0.91,0.8
feature_0 > -0.95 AND feature_1 > 1.277 AND feature_0 > 1.178 AND feature_4 <= -0.359,6.443,1.0,,,4,34,0.0034,0.009279475982532752,0.22,0.53,3.498,3.0,0.9878048780487805,0.0162,0.8,CF,0.91,0.8
feature_0 > 0.632 AND feature_5 > 1.239 AND feature_4 <= -0.723 AND feature_5 <= 1.562,6.079,1.0,,,4,22,0.0022,0.006004366812227074,0.21,0.53,1.889,3.0,0.9878048780487805,0.0162,0.62,CF,0.91,0.8
feature_0 > 0.188 AND feature_1 > 0.963 AND feature_0 > 0.613 AND feature_1 > 1.289,2.639,0.338,,,4,263,0.0263,0.07177947598253274,1.0,0.74,3.044,2.0,1.0,0.1269,0.49,CF SingleTree,0.02,0.5
feature_0 > 0.188 AND feature_1 > 0.963 AND feature_0 > 0.613 AND feature_1 <= 1.289,2.331,0.409,,,4,186,0.0186,0.05076419213973799,0.88,0.69,2.587,2.0,1.0,0.1269,0.46,CF SingleTree,0.02,0.5
feature_0 > 0.188 AND feature_1 > 0.963 AND feature_0 <= 0.613 AND feature_0 > 0.334,2.131,0.429,,,4,161,0.0161,0.043941048034934496,0.81,0.66,2.152,2.0,1.0,0.1269,0.42,CF SingleTree,0.02,0.5
feature_0 > 0.188 AND feature_1 <= 0.963 AND feature_0 > 0.8 AND feature_1 > 0.179,1.991,0.323,,,4,561,0.0561,0.15311135371179038,0.75,0.58,2.383,2.0,1.0,0.1269,0.4,CF SingleTree,0.02,0.5
feature_0 > 0.188 AND feature_1 > 0.963 AND feature_0 <= 0.613 AND feature_0 <= 0.334,1.726,0.398,,,4,98,0.0098,0.026746724890829694,0.65,0.55,1.912,2.0,1.0,0.1269,0.38,CF SingleTree,0.02,0.5
feature_0 > 0.188 AND feature_1 > 0.963 AND feature_0 > 0.613 AND feature_1 > 1.289,2.639,0.338,,,4,263,0.0263,0.07177947598253274,1.0,0.74,3.044,2.0,1.0,0.1269,0.49,CF SingleTree,0.02,0.7
feature_0 > 0.188 AND feature_1 > 0.963 AND feature_0 > 0.613 AND feature_1 <= 1.289,2.331,0.409,,,4,186,0.0186,0.05076419213973799,0.88,0.69,2.587,2.0,1.0,0.1269,0.46,CF SingleTree,0.02,0.7
feature_0 > 0.188 AND feature_1 > 0.963 AND feature_0 <= 0.613 AND feature_0 > 0.334,2.131,0.429,,,4,161,0.0161,0.043941048034934496,0.81,0.66,2.152,2.0,1.0,0.1269,0.42,CF SingleTree,0.02,0.7
feature_0 > 0.188 AND feature_1 <= 0.963 AND feature_0 > 0.8 AND feature_1 > 0.179,1.991,0.323,,,4,561,0.0561,0.15311135371179038,0.75,0.58,2.383,2.0,1.0,0.1269,0.4,CF SingleTree,0.02,0.7
feature_0 > 0.188 AND feature_1 > 0.963 AND feature_0 <= 0.613 AND feature_0 <= 0.334,1.726,0.398,,,4,98,0.0098,0.026746724890829694,0.65,0.55,1.912,2.0,1.0,0.1269,0.38,CF SingleTree,0.02,0.7
feature_0 > 0.188 AND feature_1 > 0.963 AND feature_0 > 0.613 AND feature_1 > 1.289,2.639,0.338,,,4,263,0.0263,0.07177947598253274,1.0,0.74,3.044,2.0,1.0,0.1269,0.49,CF SingleTree,0.02,0.8
feature_0 > 0.188 AND feature_1 > 0.963 AND feature_0 > 0.613 AND feature_1 <= 1.289,2.331,0.409,,,4,186,0.0186,0.05076419213973799,0.88,0.69,2.587,2.0,1.0,0.1269,0.46,CF SingleTree,0.02,0.8
feature_0 > 0.188 AND feature_1 > 0.963 AND feature_0 <= 0.613 AND feature_0 > 0.334,2.131,0.429,,,4,161,0.0161,0.043941048034934496,0.81,0.66,2.152,2.0,1.0,0.1269,0.42,CF SingleTree,0.02,0.8
feature_0 > 0.188 AND feature_1 <= 0.963 AND feature_0 > 0.8 AND feature_1 > 0.179,1.991,0.323,,,4,561,0.0561,0.15311135371179038,0.75,0.58,2.383,2.0,1.0,0.1269,0.4,CF SingleTree,0.02,0.8
feature_0 > 0.188 AND feature_1 > 0.963 AND feature_0 <= 0.613 AND feature_0 <= 0.334,1.726,0.398,,,4,98,0.0098,0.026746724890829694,0.65,0.55,1.912,2.0,1.0,0.1269,0.38,CF SingleTree,0.02,0.8
feature_0 > 2.34 AND feature_0 < 3.84 AND feature_1 > -0.48 AND feature_1 < 3.52,3.595,0.386,,,4,57,0.0057,0.015556768558951965,1.0,0.75,3.595,2.0,0.7086247086247086,0.0304,0.57,Brute Force (Oracle),6.9,0.5
feature_0 > 1.34 AND feature_0 < 3.34 AND feature_1 > 1.02,3.47,0.425,,,3,113,0.0113,0.03084061135371179,0.97,0.75,3.47,2.0,0.7086247086247086,0.0304,0.57,Brute Force (Oracle),6.9,0.5
feature_0 > 1.84 AND feature_0 < 3.34 AND feature_1 > 0.52,3.541,0.337,,,3,92,0.0092,0.025109170305676855,0.98,0.73,3.541,2.0,0.7086247086247086,0.0304,0.54,Brute Force (Oracle),6.9,0.5
feature_0 > 0.34 AND feature_1 > 2.02,3.517,0.305,,,2,59,0.0059,0.016102620087336244,0.98,0.71,3.517,2.0,0.7086247086247086,0.0304,0.53,Brute Force (Oracle),6.9,0.5
feature_0 > 0.84 AND feature_0 < 2.84 AND feature_1 > 1.52 AND feature_1 < 2.52,3.29,0.343,,,4,108,0.0108,0.02947598253275109,0.92,0.69,3.29,2.0,0.7086247086247086,0.0304,0.52,Brute Force (Oracle),6.9,0.5
feature_0 > 2.34 AND feature_0 < 3.84 AND feature_1 > -0.48 AND feature_1 < 3.52,3.595,0.386,,,4,57,0.0057,0.015556768558951965,1.0,0.75,3.595,2.0,0.6924829157175398,0.0304,0.57,Brute Force (Oracle),6.88,0.7
feature_0 > 1.34 AND feature_0 < 3.34 AND feature_1 > 1.02,3.47,0.425,,,3,113,0.0113,0.03084061135371179,0.97,0.75,3.47,2.0,0.6924829157175398,0.0304,0.57,Brute Force (Oracle),6.88,0.7
feature_0 > 1.84 AND feature_0 < 3.34 AND feature_1 > 0.52,3.541,0.337,,,3,92,0.0092,0.025109170305676855,0.98,0.73,3.541,2.0,0.6924829157175398,0.0304,0.54,Brute Force (Oracle),6.88,0.7
feature_0 > 0.34 AND feature_1 > 2.02,3.517,0.305,,,2,59,0.0059,0.016102620087336244,0.98,0.71,3.517,2.0,0.6924829157175398,0.0304,0.53,Brute Force (Oracle),6.88,0.7
feature_0 > 0.84 AND feature_0 < 3.84 AND feature_1 > 1.52,3.373,0.331,,,3,118,0.0118,0.03220524017467249,0.94,0.7,3.373,2.0,0.6924829157175398,0.0304,0.52,Brute Force (Oracle),6.88,0.7
feature_0 > 2.34 AND feature_0 < 3.84 AND feature_1 > -0.48 AND feature_1 < 3.52,3.595,0.386,,,4,57,0.0057,0.015556768558951965,1.0,0.75,3.595,2.0,0.6924829157175398,0.0304,0.57,Brute Force (Oracle),6.88,0.8
feature_0 > 1.34 AND feature_0 < 3.34 AND feature_1 > 1.02,3.47,0.425,,,3,113,0.0113,0.03084061135371179,0.97,0.75,3.47,2.0,0.6924829157175398,0.0304,0.57,Brute Force (Oracle),6.88,0.8
feature_0 > 1.84 AND feature_0 < 3.34 AND feature_1 > 0.52,3.541,0.337,,,3,92,0.0092,0.025109170305676855,0.98,0.73,3.541,2.0,0.6924829157175398,0.0304,0.54,Brute Force (Oracle),6.88,0.8
feature_0 > 0.34 AND feature_1 > 2.02,3.517,0.305,,,2,59,0.0059,0.016102620087336244,0.98,0.71,3.517,2.0,0.6924829157175398,0.0304,0.53,Brute Force (Oracle),6.88,0.8
feature_0 > 0.84 AND feature_0 < 3.84 AND feature_1 > 1.52,3.373,0.331,,,3,118,0.0118,0.03220524017467249,0.94,0.7,3.373,2.0,0.6924829157175398,0.0304,0.52,Brute Force (Oracle),6.88,0.8
feature_8 <= 0.311 AND feature_0 <= 2.014 AND feature_0 > -0.368 AND feature_1 > 0.5 AND feature_5 > 0.379 AND feature_0 > 0.691,3.998,0.794,1.25,5.25,6,160,0.016,0.0187419468197259,1.0,0.92,2.597,4.0,1.0,0.0879,0.59,CT on D,0.03,0.5
feature_8 > 0.311 AND feature_2 <= 0.484 AND feature_3 <= 0.576 AND feature_4 > -1.572 AND feature_0 > -0.122 AND feature_1 > 1.181,3.51,0.814,0.73,4.24,6,113,0.0113,0.013236499941431416,0.88,0.85,2.531,6.0,1.0,0.0879,0.59,CT on D,0.03,0.5
feature_8 <= 0.311 AND feature_0 <= 2.014 AND feature_0 > -0.368 AND feature_1 > 0.5 AND feature_5 <= 0.379 AND feature_5 <= -0.867,3.077,0.846,0.69,3.76,6,228,0.0228,0.026707274218109405,0.77,0.8,1.956,4.0,1.0,0.0879,0.54,CT on D,0.03,0.5
feature_8 <= 0.311 AND feature_0 > 2.014,2.922,0.866,1.5,4.42,2,127,0.0127,0.014876420288157432,0.73,0.78,3.203,2.0,1.0,0.0879,0.68,CT on D,0.03,0.5
feature_8 <= 0.311 AND feature_0 <= 2.014 AND feature_0 > -0.368 AND feature_1 <= 0.5 AND feature_0 > 1.119 AND feature_5 > -0.057,2.78,0.857,0.32,3.1,6,251,0.0251,0.029401429073445003,0.7,0.76,2.013,4.0,1.0,0.0879,0.55,CT on D,0.03,0.5
feature_8 <= 0.311 AND feature_0 <= 2.014 AND feature_0 > -0.368 AND feature_1 > 0.5 AND feature_5 > 0.379 AND feature_0 > 0.691,3.998,0.794,1.25,5.25,6,160,0.016,0.0187419468197259,1.0,0.92,2.597,4.0,1.0,0.0879,0.59,CT on D,0.03,0.7
feature_8 > 0.311 AND feature_2 <= 0.484 AND feature_3 <= 0.576 AND feature_4 > -1.572 AND feature_0 > -0.122 AND feature_1 > 1.181,3.51,0.814,0.73,4.24,6,113,0.0113,0.013236499941431416,0.88,0.85,2.531,6.0,1.0,0.0879,0.59,CT on D,0.03,0.7
feature_8 <= 0.311 AND feature_0 <= 2.014 AND feature_0 > -0.368 AND feature_1 > 0.5 AND feature_5 <= 0.379 AND feature_5 <= -0.867,3.077,0.846,0.69,3.76,6,228,0.0228,0.026707274218109405,0.77,0.8,1.956,4.0,1.0,0.0879,0.54,CT on D,0.03,0.7
feature_8 <= 0.311 AND feature_0 > 2.014,2.922,0.866,1.5,4.42,2,127,0.0127,0.014876420288157432,0.73,0.78,3.203,2.0,1.0,0.0879,0.68,CT on D,0.03,0.7
feature_8 <= 0.311 AND feature_0 <= 2.014 AND feature_0 > -0.368 AND feature_1 <= 0.5 AND feature_0 > 1.119 AND feature_5 > -0.057,2.78,0.857,0.32,3.1,6,251,0.0251,0.029401429073445003,0.7,0.76,2.013,4.0,1.0,0.0879,0.55,CT on D,0.03,0.7
feature_8 <= 0.311 AND feature_0 <= 2.014 AND feature_0 > -0.368 AND feature_1 > 0.5 AND feature_5 > 0.379 AND feature_0 > 0.691,3.998,0.794,1.25,5.25,6,160,0.016,0.0187419468197259,1.0,0.92,2.597,4.0,1.0,0.0879,0.59,CT on D,0.03,0.8
feature_8 > 0.311 AND feature_2 <= 0.484 AND feature_3 <= 0.576 AND feature_4 > -1.572 AND feature_0 > -0.122 AND feature_1 > 1.181,3.51,0.814,0.73,4.24,6,113,0.0113,0.013236499941431416,0.88,0.85,2.531,6.0,1.0,0.0879,0.59,CT on D,0.03,0.8
feature_8 <= 0.311 AND feature_0 <= 2.014 AND feature_0 > -0.368 AND feature_1 > 0.5 AND feature_5 <= 0.379 AND feature_5 <= -0.867,3.077,0.846,0.69,3.76,6,228,0.0228,0.026707274218109405,0.77,0.8,1.956,4.0,1.0,0.0879,0.54,CT on D,0.03,0.8
feature_8 <= 0.311 AND feature_0 > 2.014,2.922,0.866,1.5,4.42,2,127,0.0127,0.014876420288157432,0.73,0.78,3.203,2.0,1.0,0.0879,0.68,CT on D,0.03,0.8
feature_8 <= 0.311 AND feature_0 <= 2.014 AND feature_0 > -0.368 AND feature_1 <= 0.5 AND feature_0 > 1.119 AND feature_5 > -0.057,2.78,0.857,0.32,3.1,6,251,0.0251,0.029401429073445003,0.7,0.76,2.013,4.0,1.0,0.0879,0.55,CT on D,0.03,0.8
feature_8 > 0.372 AND feature_2 <= 0.484 AND feature_3 <= 0.576 AND feature_4 > -1.477 AND feature_0 > -0.7 AND feature_1 > 1.148,3.167,0.792,0.79,3.96,6,154,0.0154,0.018039123813986178,1.0,0.92,2.209,6.0,1.0,0.1933,0.55,CT on P,0.08,0.5
feature_8 <= 0.372 AND feature_0 > -1.747 AND feature_0 > -0.333 AND feature_1 > 0.535 AND feature_4 > -1.176 AND feature_9 > -0.991,2.924,0.837,1.1,4.02,6,906,0.0906,0.1061262738666979,0.92,0.89,2.078,5.0,1.0,0.1933,0.55,CT on P,0.08,0.5
feature_8 <= 0.372 AND feature_0 > -1.747 AND feature_0 > -0.333 AND feature_1 <= 0.535 AND feature_0 > 0.97 AND feature_7 <= 0.289,2.657,0.87,0.68,3.33,6,455,0.0455,0.053297411268595524,0.84,0.85,2.034,4.0,1.0,0.1933,0.56,CT on P,0.08,0.5
feature_8 <= 0.372 AND feature_0 > -1.747 AND feature_0 <= -0.333 AND feature_1 > 0.942 AND feature_9 > 0.019,2.113,0.868,0.16,2.27,5,182,0.0182,0.02131896450743821,0.67,0.75,0.763,4.0,1.0,0.1933,0.43,CT on P,0.08,0.5
feature_8 > 0.372 AND feature_2 > 0.484 AND feature_3 > -0.194 AND feature_6 <= 0.744 AND feature_5 > -0.812 AND feature_0 > -0.386,1.595,1.0,1.64,3.24,6,236,0.0236,0.0276443715590957,0.5,0.7,1.494,6.0,1.0,0.1933,0.56,CT on P,0.08,0.5
feature_8 > 0.372 AND feature_2 <= 0.484 AND feature_3 <= 0.576 AND feature_4 > -1.477 AND feature_0 > -0.7 AND feature_1 > 1.148,3.167,0.792,0.79,3.96,6,154,0.0154,0.018039123813986178,1.0,0.92,2.209,6.0,1.0,0.1933,0.55,CT on P,0.08,0.7
feature_8 <= 0.372 AND feature_0 > -1.747 AND feature_0 > -0.333 AND feature_1 > 0.535 AND feature_4 > -1.176 AND feature_9 > -0.991,2.924,0.837,1.1,4.02,6,906,0.0906,0.1061262738666979,0.92,0.89,2.078,5.0,1.0,0.1933,0.55,CT on P,0.08,0.7
feature_8 <= 0.372 AND feature_0 > -1.747 AND feature_0 > -0.333 AND feature_1 <= 0.535 AND feature_0 > 0.97 AND feature_7 <= 0.289,2.657,0.87,0.68,3.33,6,455,0.0455,0.053297411268595524,0.84,0.85,2.034,4.0,1.0,0.1933,0.56,CT on P,0.08,0.7
feature_8 <= 0.372 AND feature_0 > -1.747 AND feature_0 <= -0.333 AND feature_1 > 0.942 AND feature_9 > 0.019,2.113,0.868,0.16,2.27,5,182,0.0182,0.02131896450743821,0.67,0.75,0.763,4.0,1.0,0.1933,0.43,CT on P,0.08,0.7
feature_8 > 0.372 AND feature_2 > 0.484 AND feature_3 > -0.194 AND feature_6 <= 0.744 AND feature_5 > -0.812 AND feature_0 > -0.386,1.595,1.0,1.64,3.24,6,236,0.0236,0.0276443715590957,0.5,0.7,1.494,6.0,1.0,0.1933,0.56,CT on P,0.08,0.7
feature_8 > 0.372 AND feature_2 <= 0.484 AND feature_3 <= 0.576 AND feature_4 > -1.477 AND feature_0 > -0.7 AND feature_1 > 1.148,3.167,0.792,0.79,3.96,6,154,0.0154,0.018039123813986178,1.0,0.92,2.209,6.0,1.0,0.1933,0.55,CT on P,0.08,0.8
feature_8 <= 0.372 AND feature_0 > -1.747 AND feature_0 > -0.333 AND feature_1 > 0.535 AND feature_4 > -1.176 AND feature_9 > -0.991,2.924,0.837,1.1,4.02,6,906,0.0906,0.1061262738666979,0.92,0.89,2.078,5.0,1.0,0.1933,0.55,CT on P,0.08,0.8
feature_8 <= 0.372 AND feature_0 > -1.747 AND feature_0 > -0.333 AND feature_1 <= 0.535 AND feature_0 > 0.97 AND feature_7 <= 0.289,2.657,0.87,0.68,3.33,6,455,0.0455,0.053297411268595524,0.84,0.85,2.034,4.0,1.0,0.1933,0.56,CT on P,0.08,0.8
feature_8 <= 0.372 AND feature_0 > -1.747 AND feature_0 <= -0.333 AND feature_1 > 0.942 AND feature_9 > 0.019,2.113,0.868,0.16,2.27,5,182,0.0182,0.02131896450743821,0.67,0.75,0.763,4.0,1.0,0.1933,0.43,CT on P,0.08,0.8
feature_8 > 0.372 AND feature_2 > 0.484 AND feature_3 > -0.194 AND feature_6 <= 0.744 AND feature_5 > -0.812 AND feature_0 > -0.386,1.595,1.0,1.64,3.24,6,236,0.0236,0.0276443715590957,0.5,0.7,1.494,6.0,1.0,0.1933,0.56,CT on P,0.08,0.8
feature_0 <= -0.694 AND feature_2 > 1.464 AND feature_2 <= 2.151 AND feature_1 > 0.276,13.823,0.925,,,4,53,0.0053,0.006208269884034204,0.81,0.85,0.097,3.0,0.9875776397515528,0.0159,0.38,CF,0.9400000000000001,0.5
feature_0 <= 0.665 AND feature_4 > 0.958 AND feature_3 <= -0.507 AND feature_1 > 1.494,17.17,0.516,,,4,31,0.0031,0.003631252196321893,1.0,0.81,1.612,4.0,0.9875776397515528,0.0159,0.38,CF,0.9400000000000001,0.5
feature_0 > -0.69 AND feature_5 <= -1.473 AND feature_5 > -2.141 AND feature_8 > 1.754,12.232,0.87,,,4,23,0.0023,0.002694154855335598,0.71,0.78,1.376,3.0,0.9875776397515528,0.0159,0.49,CF,0.9400000000000001,0.5
feature_0 > -0.65 AND feature_4 > 1.614 AND feature_6 > 0.12 AND feature_2 > 0.892,8.762,0.897,,,4,29,0.0029,0.0033969778610753194,0.51,0.66,1.424,4.0,0.9875776397515528,0.0159,0.51,CF,0.9400000000000001,0.5
feature_0 > -0.65 AND feature_4 > 1.614 AND feature_6 <= 0.12 AND feature_3 > 1.214,7.35,1.0,,,4,25,0.0025,0.0029284291905821718,0.43,0.66,1.397,4.0,0.9875776397515528,0.0159,0.55,CF,0.9400000000000001,0.5
feature_0 <= -0.694 AND feature_2 > 1.464 AND feature_2 <= 2.151 AND feature_1 > 0.276,13.823,0.925,,,4,53,0.0053,0.006208269884034204,0.81,0.85,0.097,3.0,0.9875776397515528,0.0159,0.38,CF,0.9400000000000001,0.7
feature_0 <= 0.665 AND feature_4 > 0.958 AND feature_3 <= -0.507 AND feature_1 > 1.494,17.17,0.516,,,4,31,0.0031,0.003631252196321893,1.0,0.81,1.612,4.0,0.9875776397515528,0.0159,0.38,CF,0.9400000000000001,0.7
feature_0 > -0.69 AND feature_5 <= -1.473 AND feature_5 > -2.141 AND feature_8 > 1.754,12.232,0.87,,,4,23,0.0023,0.002694154855335598,0.71,0.78,1.376,3.0,0.9875776397515528,0.0159,0.49,CF,0.9400000000000001,0.7
feature_0 > -0.65 AND feature_4 > 1.614 AND feature_6 > 0.12 AND feature_2 > 0.892,8.762,0.897,,,4,29,0.0029,0.0033969778610753194,0.51,0.66,1.424,4.0,0.9875776397515528,0.0159,0.51,CF,0.9400000000000001,0.7
feature_0 > -0.65 AND feature_4 > 1.614 AND feature_6 <= 0.12 AND feature_3 > 1.214,7.35,1.0,,,4,25,0.0025,0.0029284291905821718,0.43,0.66,1.397,4.0,0.9875776397515528,0.0159,0.55,CF,0.9400000000000001,0.7
feature_0 <= -0.694 AND feature_2 > 1.464 AND feature_2 <= 2.151 AND feature_1 > 0.276,13.823,0.925,,,4,53,0.0053,0.006208269884034204,0.81,0.85,0.097,3.0,0.9875776397515528,0.0159,0.38,CF,0.9400000000000001,0.8
feature_0 <= 0.665 AND feature_4 > 0.958 AND feature_3 <= -0.507 AND feature_1 > 1.494,17.17,0.516,,,4,31,0.0031,0.003631252196321893,1.0,0.81,1.612,4.0,0.9875776397515528,0.0159,0.38,CF,0.9400000000000001,0.8
feature_0 > -0.69 AND feature_5 <= -1.473 AND feature_5 > -2.141 AND feature_8 > 1.754,12.232,0.87,,,4,23,0.0023,0.002694154855335598,0.71,0.78,1.376,3.0,0.9875776397515528,0.0159,0.49,CF,0.9400000000000001,0.8
feature_0 > -0.65 AND feature_4 > 1.614 AND feature_6 > 0.12 AND feature_2 > 0.892,8.762,0.897,,,4,29,0.0029,0.0033969778610753194,0.51,0.66,1.424,4.0,0.9875776397515528,0.0159,0.51,CF,0.9400000000000001,0.8
feature_0 > -0.65 AND feature_4 > 1.614 AND feature_6 <= 0.12 AND feature_3 > 1.214,7.35,1.0,,,4,25,0.0025,0.0029284291905821718,0.43,0.66,1.397,4.0,0.9875776397515528,0.0159,0.55,CF,0.9400000000000001,0.8
feature_0 > -0.291 AND feature_0 > 0.394 AND feature_1 > 0.474 AND feature_1 > 1.124,2.169,0.851,,,4,464,0.0464,0.05435164577720511,1.0,0.94,2.899,2.0,1.0,0.3939,0.65,CF SingleTree,0.02,0.5
feature_0 > -0.291 AND feature_0 > 0.394 AND feature_1 > 0.474 AND feature_1 <= 1.124,1.894,0.867,,,4,707,0.0707,0.08281597750966381,0.87,0.87,2.189,2.0,1.0,0.3939,0.58,CF SingleTree,0.02,0.5
feature_0 > -0.291 AND feature_0 > 0.394 AND feature_1 <= 0.474 AND feature_0 > 0.991,1.638,0.862,,,4,1139,0.1139,0.13341923392292374,0.76,0.8,2.027,2.0,1.0,0.3939,0.56,CF SingleTree,0.02,0.5
feature_0 > -0.291 AND feature_0 <= 0.394 AND feature_1 > 0.703 AND feature_0 > 0.037,1.644,0.843,,,4,325,0.0325,0.038069579477568234,0.76,0.79,1.788,2.0,1.0,0.3939,0.53,CF SingleTree,0.02,0.5
feature_0 > -0.291 AND feature_0 > 0.394 AND feature_1 <= 0.474 AND feature_0 <= 0.991,1.282,0.857,,,4,1304,0.1304,0.15274686658076608,0.59,0.7,1.179,2.0,1.0,0.3939,0.47,CF SingleTree,0.02,0.5
feature_0 > -0.291 AND feature_0 > 0.394 AND feature_1 > 0.474 AND feature_1 > 1.124,2.169,0.851,,,4,464,0.0464,0.05435164577720511,1.0,0.94,2.899,2.0,1.0,0.3939,0.65,CF SingleTree,0.02,0.7
feature_0 > -0.291 AND feature_0 > 0.394 AND feature_1 > 0.474 AND feature_1 <= 1.124,1.894,0.867,,,4,707,0.0707,0.08281597750966381,0.87,0.87,2.189,2.0,1.0,0.3939,0.58,CF SingleTree,0.02,0.7
feature_0 > -0.291 AND feature_0 > 0.394 AND feature_1 <= 0.474 AND feature_0 > 0.991,1.638,0.862,,,4,1139,0.1139,0.13341923392292374,0.76,0.8,2.027,2.0,1.0,0.3939,0.56,CF SingleTree,0.02,0.7
feature_0 > -0.291 AND feature_0 <= 0.394 AND feature_1 > 0.703 AND feature_0 > 0.037,1.644,0.843,,,4,325,0.0325,0.038069579477568234,0.76,0.79,1.788,2.0,1.0,0.3939,0.53,CF SingleTree,0.02,0.7
feature_0 > -0.291 AND feature_0 > 0.394 AND feature_1 <= 0.474 AND feature_0 <= 0.991,1.282,0.857,,,4,1304,0.1304,0.15274686658076608,0.59,0.7,1.179,2.0,1.0,0.3939,0.47,CF SingleTree,0.02,0.7
feature_0 > -0.291 AND feature_0 > 0.394 AND feature_1 > 0.474 AND feature_1 > 1.124,2.169,0.851,,,4,464,0.0464,0.05435164577720511,1.0,0.94,2.899,2.0,1.0,0.3939,0.65,CF SingleTree,0.02,0.8
feature_0 > -0.291 AND feature_0 > 0.394 AND feature_1 > 0.474 AND feature_1 <= 1.124,1.894,0.867,,,4,707,0.0707,0.08281597750966381,0.87,0.87,2.189,2.0,1.0,0.3939,0.58,CF SingleTree,0.02,0.8
feature_0 > -0.291 AND feature_0 > 0.394 AND feature_1 <= 0.474 AND feature_0 > 0.991,1.638,0.862,,,4,1139,0.1139,0.13341923392292374,0.76,0.8,2.027,2.0,1.0,0.3939,0.56,CF SingleTree,0.02,0.8
feature_0 > -0.291 AND feature_0 <= 0.394 AND feature_1 > 0.703 AND feature_0 > 0.037,1.644,0.843,,,4,325,0.0325,0.038069579477568234,0.76,0.79,1.788,2.0,1.0,0.3939,0.53,CF SingleTree,0.02,0.8
feature_0 > -0.291 AND feature_0 > 0.394 AND feature_1 <= 0.474 AND feature_0 <= 0.991,1.282,0.857,,,4,1304,0.1304,0.15274686658076608,0.59,0.7,1.179,2.0,1.0,0.3939,0.47,CF SingleTree,0.02,0.8
feature_0 > 1.84 AND feature_1 > 0.94 AND feature_1 < 3.44,3.988,0.867,,,3,60,0.006,0.007028230057397212,1.0,0.95,3.988,2.0,0.7105263157894737,0.0216,0.77,Brute Force (Oracle),5.21,0.5
feature_0 > 1.34 AND feature_1 > 1.44 AND feature_1 < 1.94,3.747,0.942,,,3,52,0.0052,0.0060911327164109175,0.94,0.94,3.747,2.0,0.7105263157894737,0.0216,0.77,Brute Force (Oracle),5.21,0.5
feature_0 > 2.34 AND feature_1 > -0.56 AND feature_1 < 2.44,3.756,0.877,,,3,65,0.0065,0.0076139158955136465,0.94,0.92,3.756,2.0,0.7105263157894737,0.0216,0.75,Brute Force (Oracle),5.21,0.5
feature_0 > 0.84 AND feature_1 > 1.94 AND feature_1 < 3.44,3.822,0.727,,,3,55,0.0055,0.006442544219280778,0.96,0.87,3.822,2.0,0.7105263157894737,0.0216,0.69,Brute Force (Oracle),5.21,0.5
feature_0 > 1.84 AND feature_0 < 3.34 AND feature_1 > 0.44 AND feature_1 < 1.44,3.398,0.833,,,4,72,0.0072,0.008433876068876654,0.85,0.84,3.398,2.0,0.7105263157894737,0.0216,0.69,Brute Force (Oracle),5.21,0.5
feature_0 > 1.84 AND feature_1 > 0.94 AND feature_1 < 3.44,3.988,0.867,,,3,60,0.006,0.007028230057397212,1.0,0.95,3.988,2.0,0.6585365853658537,0.0216,0.77,Brute Force (Oracle),5.13,0.7
feature_0 > 1.34 AND feature_1 > 1.44,3.871,0.905,,,2,74,0.0074,0.00866815040412323,0.97,0.94,3.871,2.0,0.6585365853658537,0.0216,0.77,Brute Force (Oracle),5.13,0.7
feature_0 > 2.34 AND feature_1 > -0.56 AND feature_1 < 2.44,3.756,0.877,,,3,65,0.0065,0.0076139158955136465,0.94,0.92,3.756,2.0,0.6585365853658537,0.0216,0.75,Brute Force (Oracle),5.13,0.7
feature_0 > 1.84 AND feature_0 < 2.34 AND feature_1 > 0.44 AND feature_1 < 3.44,3.462,0.878,,,4,74,0.0074,0.00866815040412323,0.87,0.87,3.462,2.0,0.6585365853658537,0.0216,0.72,Brute Force (Oracle),5.13,0.7
feature_0 > 0.84 AND feature_1 > 1.94 AND feature_1 < 3.44,3.822,0.727,,,3,55,0.0055,0.006442544219280778,0.96,0.87,3.822,2.0,0.6585365853658537,0.0216,0.69,Brute Force (Oracle),5.13,0.7
feature_0 > 1.84 AND feature_1 > 0.94 AND feature_1 < 3.44,3.988,0.867,,,3,60,0.006,0.007028230057397212,1.0,0.95,3.988,2.0,0.6585365853658537,0.0216,0.77,Brute Force (Oracle),5.13,0.8
feature_0 > 1.34 AND feature_1 > 1.44,3.871,0.905,,,2,74,0.0074,0.00866815040412323,0.97,0.94,3.871,2.0,0.6585365853658537,0.0216,0.77,Brute Force (Oracle),5.13,0.8
feature_0 > 2.34 AND feature_1 > -0.56 AND feature_1 < 2.44,3.756,0.877,,,3,65,0.0065,0.0076139158955136465,0.94,0.92,3.756,2.0,0.6585365853658537,0.0216,0.75,Brute Force (Oracle),5.13,0.8
feature_0 > 1.84 AND feature_0 < 2.34 AND feature_1 > 0.44 AND feature_1 < 3.44,3.462,0.878,,,4,74,0.0074,0.00866815040412323,0.87,0.87,3.462,2.0,0.6585365853658537,0.0216,0.72,Brute Force (Oracle),5.13,0.8
feature_0 > 0.84 AND feature_1 > 1.94 AND feature_1 < 3.44,3.822,0.727,,,3,55,0.0055,0.006442544219280778,0.96,0.87,3.822,2.0,0.6585365853658537,0.0216,0.69,Brute Force (Oracle),5.13,0.8
feature_8 <= 0.311 AND feature_0 <= 2.014 AND feature_0 > -0.368 AND feature_1 > 0.5 AND feature_5 > 0.379 AND feature_0 > 0.691,3.998,0.869,1.25,5.25,6,160,0.016,0.019063505302037414,1.0,0.95,2.597,4.0,1.0,0.0879,0.62,CT on D,0.05,0.5
feature_8 > 0.311 AND feature_2 <= 0.484 AND feature_3 <= 0.576 AND feature_4 > -1.572 AND feature_0 > -0.122 AND feature_1 > 1.181,3.51,0.858,0.73,4.24,6,113,0.0113,0.013463600619563922,0.88,0.87,2.531,6.0,1.0,0.0879,0.61,CT on D,0.05,0.5
feature_8 <= 0.311 AND feature_0 <= 2.014 AND feature_0 > -0.368 AND feature_1 > 0.5 AND feature_5 <= 0.379 AND feature_5 <= -0.867,3.077,0.846,0.69,3.76,6,228,0.0228,0.026707274218109405,0.77,0.8,1.956,4.0,1.0,0.0879,0.54,CT on D,0.05,0.5
feature_8 <= 0.311 AND feature_0 > 2.014,2.922,0.866,1.5,4.42,2,127,0.0127,0.014876420288157432,0.73,0.78,3.203,2.0,1.0,0.0879,0.68,CT on D,0.05,0.5
feature_8 <= 0.311 AND feature_0 <= 2.014 AND feature_0 > -0.368 AND feature_1 <= 0.5 AND feature_0 > 1.119 AND feature_5 > -0.057,2.78,0.857,0.32,3.1,6,251,0.0251,0.029401429073445003,0.7,0.76,2.013,4.0,1.0,0.0879,0.55,CT on D,0.05,0.5
feature_8 <= 0.311 AND feature_0 <= 2.014 AND feature_0 > -0.368 AND feature_1 > 0.5 AND feature_5 > 0.379 AND feature_0 > 0.691,3.998,0.869,1.25,5.25,6,160,0.016,0.019063505302037414,1.0,0.95,2.597,4.0,1.0,0.0879,0.62,CT on D,0.05,0.7
feature_8 > 0.311 AND feature_2 <= 0.484 AND feature_3 <= 0.576 AND feature_4 > -1.572 AND feature_0 > -0.122 AND feature_1 > 1.181,3.51,0.858,0.73,4.24,6,113,0.0113,0.013463600619563922,0.88,0.87,2.531,6.0,1.0,0.0879,0.61,CT on D,0.05,0.7
feature_8 <= 0.311 AND feature_0 <= 2.014 AND feature_0 > -0.368 AND feature_1 > 0.5 AND feature_5 <= 0.379 AND feature_5 <= -0.867,3.077,0.846,0.69,3.76,6,228,0.0228,0.026707274218109405,0.77,0.8,1.956,4.0,1.0,0.0879,0.54,CT on D,0.05,0.7
feature_8 <= 0.311 AND feature_0 > 2.014,2.922,0.866,1.5,4.42,2,127,0.0127,0.014876420288157432,0.73,0.78,3.203,2.0,1.0,0.0879,0.68,CT on D,0.05,0.7
feature_8 <= 0.311 AND feature_0 <= 2.014 AND feature_0 > -0.368 AND feature_1 <= 0.5 AND feature_0 > 1.119 AND feature_5 > -0.057,2.78,0.857,0.32,3.1,6,251,0.0251,0.029401429073445003,0.7,0.76,2.013,4.0,1.0,0.0879,0.55,CT on D,0.05,0.7
feature_8 <= 0.311 AND feature_0 <= 2.014 AND feature_0 > -0.368 AND feature_1 > 0.5 AND feature_5 > 0.379 AND feature_0 > 0.691,3.998,0.869,1.25,5.25,6,160,0.016,0.019063505302037414,1.0,0.95,2.597,4.0,1.0,0.0879,0.62,CT on D,0.05,0.8
feature_8 > 0.311 AND feature_2 <= 0.484 AND feature_3 <= 0.576 AND feature_4 > -1.572 AND feature_0 > -0.122 AND feature_1 > 1.181,3.51,0.858,0.73,4.24,6,113,0.0113,0.013463600619563922,0.88,0.87,2.531,6.0,1.0,0.0879,0.61,CT on D,0.05,0.8
feature_8 <= 0.311 AND feature_0 <= 2.014 AND feature_0 > -0.368 AND feature_1 > 0.5 AND feature_5 <= 0.379 AND feature_5 <= -0.867,3.077,0.846,0.69,3.76,6,228,0.0228,0.026707274218109405,0.77,0.8,1.956,4.0,1.0,0.0879,0.54,CT on D,0.05,0.8
feature_8 <= 0.311 AND feature_0 > 2.014,2.922,0.866,1.5,4.42,2,127,0.0127,0.014876420288157432,0.73,0.78,3.203,2.0,1.0,0.0879,0.68,CT on D,0.05,0.8
feature_8 <= 0.311 AND feature_0 <= 2.014 AND feature_0 > -0.368 AND feature_1 <= 0.5 AND feature_0 > 1.119 AND feature_5 > -0.057,2.78,0.857,0.32,3.1,6,251,0.0251,0.029401429073445003,0.7,0.76,2.013,4.0,1.0,0.0879,0.55,CT on D,0.05,0.8
feature_2 <= 0.42 AND feature_4 > -0.889 AND feature_0 > -0.285 AND feature_1 > 0.907 AND feature_0 > 0.473 AND feature_5 > 0.328,4.942,0.877,1.11,6.06,6,114,0.0114,0.013582747527701656,1.0,0.95,2.742,5.0,0.9457013574660633,0.0836,0.64,CT on P,0.16000000000000003,0.5
feature_2 > 0.42 AND feature_8 <= 0.354 AND feature_7 <= 0.671 AND feature_0 > -0.358 AND feature_1 > 0.169 AND feature_8 <= -0.245,3.295,0.835,0.75,4.05,6,285,0.0285,0.03395686881925414,0.67,0.73,1.956,5.0,0.9457013574660633,0.0836,0.54,CT on P,0.16000000000000003,0.5
feature_2 <= 0.42 AND feature_4 > -0.889 AND feature_0 > -0.285 AND feature_1 <= 0.907 AND feature_1 > -0.761 AND feature_8 <= -1.524,3.204,0.819,-0.47,2.74,6,127,0.0127,0.015131657333492195,0.65,0.72,1.395,5.0,0.9457013574660633,0.0836,0.47,CT on P,0.16000000000000003,0.5
feature_8 > 0.372 AND feature_2 <= 0.484 AND feature_3 <= 0.576 AND feature_4 > -1.477 AND feature_0 > -0.7 AND feature_1 > 1.148,3.167,0.792,0.79,3.96,6,154,0.0154,0.018039123813986178,0.64,0.7,2.209,6.0,0.9457013574660633,0.0836,0.55,CT on P,0.16000000000000003,0.5
feature_2 <= 0.42 AND feature_4 > -0.889 AND feature_0 > -0.285 AND feature_1 > 0.907 AND feature_0 > 0.473 AND feature_5 <= 0.328,3.009,0.824,1.17,4.18,6,204,0.0204,0.0243059692600977,0.61,0.69,2.766,5.0,0.9457013574660633,0.0836,0.62,CT on P,0.16000000000000003,0.5
feature_2 <= 0.42 AND feature_4 > -0.889 AND feature_0 > -0.285 AND feature_1 > 0.907 AND feature_0 > 0.473 AND feature_5 > 0.328,4.942,0.877,1.11,6.06,6,114,0.0114,0.013582747527701656,1.0,0.95,2.742,5.0,0.9457013574660633,0.0836,0.64,CT on P,0.16000000000000003,0.7
feature_2 > 0.42 AND feature_8 <= 0.354 AND feature_7 <= 0.671 AND feature_0 > -0.358 AND feature_1 > 0.169 AND feature_8 <= -0.245,3.295,0.835,0.75,4.05,6,285,0.0285,0.03395686881925414,0.67,0.73,1.956,5.0,0.9457013574660633,0.0836,0.54,CT on P,0.16000000000000003,0.7
feature_2 <= 0.42 AND feature_4 > -0.889 AND feature_0 > -0.285 AND feature_1 <= 0.907 AND feature_1 > -0.761 AND feature_8 <= -1.524,3.204,0.819,-0.47,2.74,6,127,0.0127,0.015131657333492195,0.65,0.72,1.395,5.0,0.9457013574660633,0.0836,0.47,CT on P,0.16000000000000003,0.7
feature_8 > 0.372 AND feature_2 <= 0.484 AND feature_3 <= 0.576 AND feature_4 > -1.477 AND feature_0 > -0.7 AND feature_1 > 1.148,3.167,0.792,0.79,3.96,6,154,0.0154,0.018039123813986178,0.64,0.7,2.209,6.0,0.9457013574660633,0.0836,0.55,CT on P,0.16000000000000003,0.7
feature_2 <= 0.42 AND feature_4 > -0.889 AND feature_0 > -0.285 AND feature_1 > 0.907 AND feature_0 > 0.473 AND feature_5 <= 0.328,3.009,0.824,1.17,4.18,6,204,0.0204,0.0243059692600977,0.61,0.69,2.766,5.0,0.9457013574660633,0.0836,0.62,CT on P,0.16000000000000003,0.7
feature_2 <= 0.42 AND feature_4 > -0.889 AND feature_0 > -0.285 AND feature_1 > 0.907 AND feature_0 > 0.473 AND feature_5 > 0.328,4.942,0.877,1.11,6.06,6,114,0.0114,0.013582747527701656,1.0,0.95,2.742,5.0,0.9457013574660633,0.0836,0.64,CT on P,0.16000000000000003,0.8
feature_2 > 0.42 AND feature_8 <= 0.354 AND feature_7 <= 0.671 AND feature_0 > -0.358 AND feature_1 > 0.169 AND feature_8 <= -0.245,3.295,0.835,0.75,4.05,6,285,0.0285,0.03395686881925414,0.67,0.73,1.956,5.0,0.9457013574660633,0.0836,0.54,CT on P,0.16000000000000003,0.8
feature_2 <= 0.42 AND feature_4 > -0.889 AND feature_0 > -0.285 AND feature_1 <= 0.907 AND feature_1 > -0.761 AND feature_8 <= -1.524,3.204,0.819,-0.47,2.74,6,127,0.0127,0.015131657333492195,0.65,0.72,1.395,5.0,0.9457013574660633,0.0836,0.47,CT on P,0.16000000000000003,0.8
feature_8 > 0.372 AND feature_2 <= 0.484 AND feature_3 <= 0.576 AND feature_4 > -1.477 AND feature_0 > -0.7 AND feature_1 > 1.148,3.167,0.792,0.79,3.96,6,154,0.0154,0.018039123813986178,0.64,0.7,2.209,6.0,0.9457013574660633,0.0836,0.55,CT on P,0.16000000000000003,0.8
feature_2 <= 0.42 AND feature_4 > -0.889 AND feature_0 > -0.285 AND feature_1 > 0.907 AND feature_0 > 0.473 AND feature_5 <= 0.328,3.009,0.824,1.17,4.18,6,204,0.0204,0.0243059692600977,0.61,0.69,2.766,5.0,0.9457013574660633,0.0836,0.62,CT on P,0.16000000000000003,0.8
feature_0 <= 0.665 AND feature_4 > 0.958 AND feature_3 <= -0.507 AND feature_1 > 1.494,17.17,0.71,,,4,31,0.0031,0.0036935541522697484,1.0,0.88,1.612,4.0,0.9935064935064936,0.0153,0.45,CF,0.9,0.5
feature_0 <= -0.694 AND feature_2 > 1.464 AND feature_2 <= 2.151 AND feature_1 > 0.276,13.823,0.887,,,4,53,0.0053,0.006314786131299893,0.81,0.84,0.097,3.0,0.9935064935064936,0.0153,0.37,CF,0.9,0.5
feature_0 > -0.69 AND feature_5 <= -1.473 AND feature_5 > -2.141 AND feature_8 > 1.754,12.232,0.957,,,4,23,0.0023,0.002740378887167878,0.71,0.81,1.376,3.0,0.9935064935064936,0.0153,0.53,CF,0.9,0.5
feature_0 <= -0.142 AND feature_1 <= -0.75 AND feature_3 <= -1.575 AND feature_8 > 0.528,13.598,0.789,,,4,19,0.0019,0.002263791254616943,0.79,0.79,0.799,4.0,0.9935064935064936,0.0153,0.4,CF,0.9,0.5
feature_0 > 0.419 AND feature_1 > 0.761 AND feature_4 <= -1.456 AND feature_1 <= 1.357,9.562,0.821,,,4,28,0.0028,0.003336113427856547,0.56,0.66,2.392,3.0,0.9935064935064936,0.0153,0.58,CF,0.9,0.5
feature_0 <= 0.665 AND feature_4 > 0.958 AND feature_3 <= -0.507 AND feature_1 > 1.494,17.17,0.71,,,4,31,0.0031,0.0036935541522697484,1.0,0.88,1.612,4.0,0.9935064935064936,0.0153,0.45,CF,0.9,0.7
feature_0 <= -0.694 AND feature_2 > 1.464 AND feature_2 <= 2.151 AND feature_1 > 0.276,13.823,0.887,,,4,53,0.0053,0.006314786131299893,0.81,0.84,0.097,3.0,0.9935064935064936,0.0153,0.37,CF,0.9,0.7
feature_0 > -0.69 AND feature_5 <= -1.473 AND feature_5 > -2.141 AND feature_8 > 1.754,12.232,0.957,,,4,23,0.0023,0.002740378887167878,0.71,0.81,1.376,3.0,0.9935064935064936,0.0153,0.53,CF,0.9,0.7
feature_0 <= -0.142 AND feature_1 <= -0.75 AND feature_3 <= -1.575 AND feature_8 > 0.528,13.598,0.789,,,4,19,0.0019,0.002263791254616943,0.79,0.79,0.799,4.0,0.9935064935064936,0.0153,0.4,CF,0.9,0.7
feature_0 > 0.419 AND feature_1 > 0.761 AND feature_4 <= -1.456 AND feature_1 <= 1.357,9.562,0.821,,,4,28,0.0028,0.003336113427856547,0.56,0.66,2.392,3.0,0.9935064935064936,0.0153,0.58,CF,0.9,0.7
feature_0 <= 0.665 AND feature_4 > 0.958 AND feature_3 <= -0.507 AND feature_1 > 1.494,17.17,0.71,,,4,31,0.0031,0.0036935541522697484,1.0,0.88,1.612,4.0,0.9935064935064936,0.0153,0.45,CF,0.9,0.8
feature_0 <= -0.694 AND feature_2 > 1.464 AND feature_2 <= 2.151 AND feature_1 > 0.276,13.823,0.887,,,4,53,0.0053,0.006314786131299893,0.81,0.84,0.097,3.0,0.9935064935064936,0.0153,0.37,CF,0.9,0.8
feature_0 > -0.69 AND feature_5 <= -1.473 AND feature_5 > -2.141 AND feature_8 > 1.754,12.232,0.957,,,4,23,0.0023,0.002740378887167878,0.71,0.81,1.376,3.0,0.9935064935064936,0.0153,0.53,CF,0.9,0.8
feature_0 <= -0.142 AND feature_1 <= -0.75 AND feature_3 <= -1.575 AND feature_8 > 0.528,13.598,0.789,,,4,19,0.0019,0.002263791254616943,0.79,0.79,0.799,4.0,0.9935064935064936,0.0153,0.4,CF,0.9,0.8
feature_0 > 0.419 AND feature_1 > 0.761 AND feature_4 <= -1.456 AND feature_1 <= 1.357,9.562,0.821,,,4,28,0.0028,0.003336113427856547,0.56,0.66,2.392,3.0,0.9935064935064936,0.0153,0.58,CF,0.9,0.8
feature_0 > -0.291 AND feature_0 > 0.394 AND feature_1 > 0.474 AND feature_1 > 1.124,2.169,0.825,,,4,464,0.0464,0.055284165375908495,1.0,0.93,2.899,2.0,1.0,0.3939,0.64,CF SingleTree,0.02,0.5
feature_0 > -0.291 AND feature_0 > 0.394 AND feature_1 > 0.474 AND feature_1 <= 1.124,1.894,0.867,,,4,707,0.0707,0.08423686405337781,0.87,0.87,2.189,2.0,1.0,0.3939,0.58,CF SingleTree,0.02,0.5
feature_0 > -0.291 AND feature_0 > 0.394 AND feature_1 <= 0.474 AND feature_0 > 0.991,1.638,0.841,,,4,1139,0.1139,0.13570832836887883,0.76,0.79,2.027,2.0,1.0,0.3939,0.55,CF SingleTree,0.02,0.5
feature_0 > -0.291 AND feature_0 <= 0.394 AND feature_1 > 0.703 AND feature_0 > 0.037,1.644,0.831,,,4,325,0.0325,0.038722745144763496,0.76,0.79,1.788,2.0,1.0,0.3939,0.52,CF SingleTree,0.02,0.5
feature_0 > -0.291 AND feature_0 > 0.394 AND feature_1 <= 0.474 AND feature_0 <= 0.991,1.282,0.822,,,4,1304,0.1304,0.1553675682116049,0.59,0.68,1.179,2.0,1.0,0.3939,0.45,CF SingleTree,0.02,0.5
feature_0 > -0.291 AND feature_0 > 0.394 AND feature_1 > 0.474 AND feature_1 > 1.124,2.169,0.825,,,4,464,0.0464,0.055284165375908495,1.0,0.93,2.899,2.0,1.0,0.3939,0.64,CF SingleTree,0.02,0.7
feature_0 > -0.291 AND feature_0 > 0.394 AND feature_1 > 0.474 AND feature_1 <= 1.124,1.894,0.867,,,4,707,0.0707,0.08423686405337781,0.87,0.87,2.189,2.0,1.0,0.3939,0.58,CF SingleTree,0.02,0.7
feature_0 > -0.291 AND feature_0 > 0.394 AND feature_1 <= 0.474 AND feature_0 > 0.991,1.638,0.841,,,4,1139,0.1139,0.13570832836887883,0.76,0.79,2.027,2.0,1.0,0.3939,0.55,CF SingleTree,0.02,0.7
feature_0 > -0.291 AND feature_0 <= 0.394 AND feature_1 > 0.703 AND feature_0 > 0.037,1.644,0.831,,,4,325,0.0325,0.038722745144763496,0.76,0.79,1.788,2.0,1.0,0.3939,0.52,CF SingleTree,0.02,0.7
feature_0 > -0.291 AND feature_0 > 0.394 AND feature_1 <= 0.474 AND feature_0 <= 0.991,1.282,0.822,,,4,1304,0.1304,0.1553675682116049,0.59,0.68,1.179,2.0,1.0,0.3939,0.45,CF SingleTree,0.02,0.7
feature_0 > -0.291 AND feature_0 > 0.394 AND feature_1 > 0.474 AND feature_1 > 1.124,2.169,0.825,,,4,464,0.0464,0.055284165375908495,1.0,0.93,2.899,2.0,1.0,0.3939,0.64,CF SingleTree,0.02,0.8
feature_0 > -0.291 AND feature_0 > 0.394 AND feature_1 > 0.474 AND feature_1 <= 1.124,1.894,0.867,,,4,707,0.0707,0.08423686405337781,0.87,0.87,2.189,2.0,1.0,0.3939,0.58,CF SingleTree,0.02,0.8
feature_0 > -0.291 AND feature_0 > 0.394 AND feature_1 <= 0.474 AND feature_0 > 0.991,1.638,0.841,,,4,1139,0.1139,0.13570832836887883,0.76,0.79,2.027,2.0,1.0,0.3939,0.55,CF SingleTree,0.02,0.8
feature_0 > -0.291 AND feature_0 <= 0.394 AND feature_1 > 0.703 AND feature_0 > 0.037,1.644,0.831,,,4,325,0.0325,0.038722745144763496,0.76,0.79,1.788,2.0,1.0,0.3939,0.52,CF SingleTree,0.02,0.8
feature_0 > -0.291 AND feature_0 > 0.394 AND feature_1 <= 0.474 AND feature_0 <= 0.991,1.282,0.822,,,4,1304,0.1304,0.1553675682116049,0.59,0.68,1.179,2.0,1.0,0.3939,0.45,CF SingleTree,0.02,0.8
feature_0 > 1.84 AND feature_0 < 3.34 AND feature_1 > 0.94 AND feature_1 < 1.94,3.85,0.942,,,4,52,0.0052,0.006195639223162159,0.97,0.96,3.85,2.0,0.7123745819397993,0.0213,0.78,Brute Force (Oracle),5.11,0.5
feature_0 > 2.34 AND feature_0 < 3.34 AND feature_1 > -0.56,3.739,0.857,,,3,63,0.0063,0.007506255212677231,0.94,0.91,3.739,2.0,0.7123745819397993,0.0213,0.74,Brute Force (Oracle),5.11,0.5
feature_0 > 1.34 AND feature_0 < 3.34 AND feature_1 > 1.44 AND feature_1 < 2.94,3.845,0.781,,,4,73,0.0073,0.00869772429405457,0.96,0.89,3.845,2.0,0.7123745819397993,0.0213,0.72,Brute Force (Oracle),5.11,0.5
feature_0 > 0.84 AND feature_0 < 3.34 AND feature_1 > 1.94 AND feature_1 < 3.44,3.822,0.782,,,4,55,0.0055,0.00655307994757536,0.96,0.89,3.822,2.0,0.7123745819397993,0.0213,0.72,Brute Force (Oracle),5.11,0.5
feature_0 > 1.84 AND feature_0 < 2.34 AND feature_1 > 0.44 AND feature_1 < 1.44,3.264,0.893,,,4,56,0.0056,0.006672226855713094,0.82,0.85,3.264,2.0,0.7123745819397993,0.0213,0.7,Brute Force (Oracle),5.11,0.5
feature_0 > 1.84 AND feature_0 < 3.34 AND feature_1 > 0.94 AND feature_1 < 1.94,3.85,0.942,,,4,52,0.0052,0.006195639223162159,0.97,0.96,3.85,2.0,0.6826923076923077,0.0213,0.78,Brute Force (Oracle),5.03,0.7
feature_0 > 2.34 AND feature_0 < 3.34 AND feature_1 > -0.56,3.739,0.857,,,3,63,0.0063,0.007506255212677231,0.94,0.91,3.739,2.0,0.6826923076923077,0.0213,0.74,Brute Force (Oracle),5.03,0.7
feature_0 > 1.34 AND feature_0 < 3.34 AND feature_1 > 1.44 AND feature_1 < 2.94,3.845,0.781,,,4,73,0.0073,0.00869772429405457,0.96,0.89,3.845,2.0,0.6826923076923077,0.0213,0.72,Brute Force (Oracle),5.03,0.7
feature_0 > 0.84 AND feature_0 < 3.34 AND feature_1 > 1.94 AND feature_1 < 3.44,3.822,0.782,,,4,55,0.0055,0.00655307994757536,0.96,0.89,3.822,2.0,0.6826923076923077,0.0213,0.72,Brute Force (Oracle),5.03,0.7
feature_0 > 1.84 AND feature_0 < 2.34 AND feature_1 > 0.44 AND feature_1 < 1.94,3.384,0.899,,,4,69,0.0069,0.008221136661503634,0.85,0.87,3.384,2.0,0.6826923076923077,0.0213,0.72,Brute Force (Oracle),5.03,0.7
feature_0 > 1.84 AND feature_0 < 3.34 AND feature_1 > 0.94 AND feature_1 < 1.94,3.85,0.942,,,4,52,0.0052,0.006195639223162159,0.97,0.96,3.85,2.0,0.6826923076923077,0.0213,0.78,Brute Force (Oracle),5.03,0.8
feature_0 > 2.34 AND feature_0 < 3.34 AND feature_1 > -0.56,3.739,0.857,,,3,63,0.0063,0.007506255212677231,0.94,0.91,3.739,2.0,0.6826923076923077,0.0213,0.74,Brute Force (Oracle),5.03,0.8
feature_0 > 1.34 AND feature_0 < 3.34 AND feature_1 > 1.44 AND feature_1 < 2.94,3.845,0.781,,,4,73,0.0073,0.00869772429405457,0.96,0.89,3.845,2.0,0.6826923076923077,0.0213,0.72,Brute Force (Oracle),5.03,0.8
feature_0 > 0.84 AND feature_0 < 3.34 AND feature_1 > 1.94 AND feature_1 < 3.44,3.822,0.782,,,4,55,0.0055,0.00655307994757536,0.96,0.89,3.822,2.0,0.6826923076923077,0.0213,0.72,Brute Force (Oracle),5.03,0.8
feature_0 > 1.84 AND feature_0 < 2.34 AND feature_1 > 0.44 AND feature_1 < 1.94,3.384,0.899,,,4,69,0.0069,0.008221136661503634,0.85,0.87,3.384,2.0,0.6826923076923077,0.0213,0.72,Brute Force (Oracle),5.03,0.8
feature_8 <= 0.311 AND feature_0 <= 2.014 AND feature_0 > -0.368 AND feature_1 > 0.5 AND feature_5 > 0.379 AND feature_0 > 0.691,3.998,0.869,1.25,5.25,6,160,0.016,0.019063505302037414,1.0,0.95,2.597,4.0,1.0,0.0879,0.62,CT on D,0.06999999999999999,0.5
feature_8 > 0.311 AND feature_2 <= 0.484 AND feature_3 <= 0.576 AND feature_4 > -1.572 AND feature_0 > -0.122 AND feature_1 > 1.181,3.51,0.858,0.73,4.24,6,113,0.0113,0.013463600619563922,0.88,0.87,2.531,6.0,1.0,0.0879,0.61,CT on D,0.06999999999999999,0.5
feature_8 <= 0.311 AND feature_0 <= 2.014 AND feature_0 > -0.368 AND feature_1 > 0.5 AND feature_5 <= 0.379 AND feature_5 <= -0.867,3.077,0.846,0.69,3.76,6,228,0.0228,0.026707274218109405,0.77,0.8,1.956,4.0,1.0,0.0879,0.54,CT on D,0.06999999999999999,0.5
feature_8 <= 0.311 AND feature_0 > 2.014,2.922,0.866,1.5,4.42,2,127,0.0127,0.014876420288157432,0.73,0.78,3.203,2.0,1.0,0.0879,0.68,CT on D,0.06999999999999999,0.5
feature_8 <= 0.311 AND feature_0 <= 2.014 AND feature_0 > -0.368 AND feature_1 <= 0.5 AND feature_0 > 1.119 AND feature_5 > -0.057,2.78,0.857,0.32,3.1,6,251,0.0251,0.029401429073445003,0.7,0.76,2.013,4.0,1.0,0.0879,0.55,CT on D,0.06999999999999999,0.5
feature_8 <= 0.311 AND feature_0 <= 2.014 AND feature_0 > -0.368 AND feature_1 > 0.5 AND feature_5 > 0.379 AND feature_0 > 0.691,3.998,0.869,1.25,5.25,6,160,0.016,0.019063505302037414,1.0,0.95,2.597,4.0,1.0,0.0879,0.62,CT on D,0.06999999999999999,0.7
feature_8 > 0.311 AND feature_2 <= 0.484 AND feature_3 <= 0.576 AND feature_4 > -1.572 AND feature_0 > -0.122 AND feature_1 > 1.181,3.51,0.858,0.73,4.24,6,113,0.0113,0.013463600619563922,0.88,0.87,2.531,6.0,1.0,0.0879,0.61,CT on D,0.06999999999999999,0.7
feature_8 <= 0.311 AND feature_0 <= 2.014 AND feature_0 > -0.368 AND feature_1 > 0.5 AND feature_5 <= 0.379 AND feature_5 <= -0.867,3.077,0.846,0.69,3.76,6,228,0.0228,0.026707274218109405,0.77,0.8,1.956,4.0,1.0,0.0879,0.54,CT on D,0.06999999999999999,0.7
feature_8 <= 0.311 AND feature_0 > 2.014,2.922,0.866,1.5,4.42,2,127,0.0127,0.014876420288157432,0.73,0.78,3.203,2.0,1.0,0.0879,0.68,CT on D,0.06999999999999999,0.7
feature_8 <= 0.311 AND feature_0 <= 2.014 AND feature_0 > -0.368 AND feature_1 <= 0.5 AND feature_0 > 1.119 AND feature_5 > -0.057,2.78,0.857,0.32,3.1,6,251,0.0251,0.029401429073445003,0.7,0.76,2.013,4.0,1.0,0.0879,0.55,CT on D,0.06999999999999999,0.7
feature_8 <= 0.311 AND feature_0 <= 2.014 AND feature_0 > -0.368 AND feature_1 > 0.5 AND feature_5 > 0.379 AND feature_0 > 0.691,3.998,0.869,1.25,5.25,6,160,0.016,0.019063505302037414,1.0,0.95,2.597,4.0,1.0,0.0879,0.62,CT on D,0.06999999999999999,0.8
feature_8 > 0.311 AND feature_2 <= 0.484 AND feature_3 <= 0.576 AND feature_4 > -1.572 AND feature_0 > -0.122 AND feature_1 > 1.181,3.51,0.858,0.73,4.24,6,113,0.0113,0.013463600619563922,0.88,0.87,2.531,6.0,1.0,0.0879,0.61,CT on D,0.06999999999999999,0.8
feature_8 <= 0.311 AND feature_0 <= 2.014 AND feature_0 > -0.368 AND feature_1 > 0.5 AND feature_5 <= 0.379 AND feature_5 <= -0.867,3.077,0.846,0.69,3.76,6,228,0.0228,0.026707274218109405,0.77,0.8,1.956,4.0,1.0,0.0879,0.54,CT on D,0.06999999999999999,0.8
feature_8 <= 0.311 AND feature_0 > 2.014,2.922,0.866,1.5,4.42,2,127,0.0127,0.014876420288157432,0.73,0.78,3.203,2.0,1.0,0.0879,0.68,CT on D,0.06999999999999999,0.8
feature_8 <= 0.311 AND feature_0 <= 2.014 AND feature_0 > -0.368 AND feature_1 <= 0.5 AND feature_0 > 1.119 AND feature_5 > -0.057,2.78,0.857,0.32,3.1,6,251,0.0251,0.029401429073445003,0.7,0.76,2.013,4.0,1.0,0.0879,0.55,CT on D,0.06999999999999999,0.8
feature_2 <= 0.42 AND feature_4 > -0.889 AND feature_0 > -0.285 AND feature_1 > 0.907 AND feature_0 > 0.473 AND feature_5 > 0.328,4.942,0.877,1.11,6.06,6,114,0.0114,0.013582747527701656,1.0,0.95,2.742,5.0,0.9290865384615384,0.0773,0.64,CT on P,0.23000000000000004,0.5
feature_2 <= 0.42 AND feature_6 > -0.799 AND feature_0 > 1.586 AND feature_8 > 0.028,4.615,0.863,0.67,5.29,4,124,0.0124,0.0159547092125579,0.93,0.91,2.808,4.0,0.9290865384615384,0.0773,0.64,CT on P,0.23000000000000004,0.5
feature_2 <= 0.42 AND feature_6 <= -0.799 AND feature_7 <= 0.45 AND feature_6 <= -0.897 AND feature_0 > 0.117 AND feature_6 <= -1.524,3.797,0.794,-0.17,3.63,6,131,0.0131,0.016855378281008748,0.77,0.78,1.763,4.0,0.9290865384615384,0.0773,0.5,CT on P,0.23000000000000004,0.5
feature_2 > 0.42 AND feature_8 <= 0.354 AND feature_7 <= 0.671 AND feature_0 > -0.358 AND feature_1 > 0.169 AND feature_8 <= -0.245,3.295,0.835,0.75,4.05,6,285,0.0285,0.03395686881925414,0.67,0.73,1.956,5.0,0.9290865384615384,0.0773,0.54,CT on P,0.23000000000000004,0.5
feature_2 > 0.42 AND feature_8 <= 0.32 AND feature_3 <= 0.424 AND feature_0 > -0.1 AND feature_0 > 1.182,3.329,0.815,0.21,3.54,5,178,0.0178,0.02290272774060731,0.67,0.73,2.498,4.0,0.9290865384615384,0.0773,0.59,CT on P,0.23000000000000004,0.5
feature_2 <= 0.42 AND feature_4 > -0.889 AND feature_0 > -0.285 AND feature_1 > 0.907 AND feature_0 > 0.473 AND feature_5 > 0.328,4.942,0.877,1.11,6.06,6,114,0.0114,0.013582747527701656,1.0,0.95,2.742,5.0,0.9290865384615384,0.0773,0.64,CT on P,0.23000000000000004,0.7
feature_2 <= 0.42 AND feature_6 > -0.799 AND feature_0 > 1.586 AND feature_8 > 0.028,4.615,0.863,0.67,5.29,4,124,0.0124,0.0159547092125579,0.93,0.91,2.808,4.0,0.9290865384615384,0.0773,0.64,CT on P,0.23000000000000004,0.7
feature_2 <= 0.42 AND feature_6 <= -0.799 AND feature_7 <= 0.45 AND feature_6 <= -0.897 AND feature_0 > 0.117 AND feature_6 <= -1.524,3.797,0.794,-0.17,3.63,6,131,0.0131,0.016855378281008748,0.77,0.78,1.763,4.0,0.9290865384615384,0.0773,0.5,CT on P,0.23000000000000004,0.7
feature_2 > 0.42 AND feature_8 <= 0.354 AND feature_7 <= 0.671 AND feature_0 > -0.358 AND feature_1 > 0.169 AND feature_8 <= -0.245,3.295,0.835,0.75,4.05,6,285,0.0285,0.03395686881925414,0.67,0.73,1.956,5.0,0.9290865384615384,0.0773,0.54,CT on P,0.23000000000000004,0.7
feature_2 > 0.42 AND feature_8 <= 0.32 AND feature_3 <= 0.424 AND feature_0 > -0.1 AND feature_0 > 1.182,3.329,0.815,0.21,3.54,5,178,0.0178,0.02290272774060731,0.67,0.73,2.498,4.0,0.9290865384615384,0.0773,0.59,CT on P,0.23000000000000004,0.7
feature_2 <= 0.42 AND feature_4 > -0.889 AND feature_0 > -0.285 AND feature_1 > 0.907 AND feature_0 > 0.473 AND feature_5 > 0.328,4.942,0.877,1.11,6.06,6,114,0.0114,0.013582747527701656,1.0,0.95,2.742,5.0,0.9290865384615384,0.0773,0.64,CT on P,0.23000000000000004,0.8
feature_2 <= 0.42 AND feature_6 > -0.799 AND feature_0 > 1.586 AND feature_8 > 0.028,4.615,0.863,0.67,5.29,4,124,0.0124,0.0159547092125579,0.93,0.91,2.808,4.0,0.9290865384615384,0.0773,0.64,CT on P,0.23000000000000004,0.8
feature_2 <= 0.42 AND feature_6 <= -0.799 AND feature_7 <= 0.45 AND feature_6 <= -0.897 AND feature_0 > 0.117 AND feature_6 <= -1.524,3.797,0.794,-0.17,3.63,6,131,0.0131,0.016855378281008748,0.77,0.78,1.763,4.0,0.9290865384615384,0.0773,0.5,CT on P,0.23000000000000004,0.8
feature_2 > 0.42 AND feature_8 <= 0.354 AND feature_7 <= 0.671 AND feature_0 > -0.358 AND feature_1 > 0.169 AND feature_8 <= -0.245,3.295,0.835,0.75,4.05,6,285,0.0285,0.03395686881925414,0.67,0.73,1.956,5.0,0.9290865384615384,0.0773,0.54,CT on P,0.23000000000000004,0.8
feature_2 > 0.42 AND feature_8 <= 0.32 AND feature_3 <= 0.424 AND feature_0 > -0.1 AND feature_0 > 1.182,3.329,0.815,0.21,3.54,5,178,0.0178,0.02290272774060731,0.67,0.73,2.498,4.0,0.9290865384615384,0.0773,0.59,CT on P,0.23000000000000004,0.8
feature_0 <= 0.665 AND feature_4 > 0.958 AND feature_3 <= -0.507 AND feature_1 > 1.494,17.17,0.71,,,4,31,0.0031,0.003988677303139475,1.0,0.88,1.612,4.0,0.9935064935064936,0.0153,0.45,CF,0.89,0.5
feature_0 <= -0.694 AND feature_2 > 1.464 AND feature_2 <= 2.151 AND feature_1 > 0.276,13.823,0.792,,,4,53,0.0053,0.006819351518270716,0.81,0.8,0.097,3.0,0.9935064935064936,0.0153,0.33,CF,0.89,0.5
feature_0 > -0.69 AND feature_5 <= -1.473 AND feature_5 > -2.141 AND feature_8 > 1.754,12.232,0.913,,,4,23,0.0023,0.002959341224909933,0.71,0.79,1.376,3.0,0.9935064935064936,0.0153,0.51,CF,0.89,0.5
feature_0 <= -0.142 AND feature_1 <= -0.75 AND feature_3 <= -1.575 AND feature_8 > 0.528,13.598,0.737,,,4,19,0.0019,0.0024446731857951623,0.79,0.77,0.799,4.0,0.9935064935064936,0.0153,0.38,CF,0.89,0.5
feature_0 > 0.419 AND feature_1 > 0.761 AND feature_4 <= -1.456 AND feature_1 <= 1.357,9.562,0.75,,,4,28,0.0028,0.003602676273803397,0.56,0.63,2.392,3.0,0.9935064935064936,0.0153,0.55,CF,0.89,0.5
feature_0 <= 0.665 AND feature_4 > 0.958 AND feature_3 <= -0.507 AND feature_1 > 1.494,17.17,0.71,,,4,31,0.0031,0.003988677303139475,1.0,0.88,1.612,4.0,0.9935064935064936,0.0153,0.45,CF,0.89,0.7
feature_0 <= -0.694 AND feature_2 > 1.464 AND feature_2 <= 2.151 AND feature_1 > 0.276,13.823,0.792,,,4,53,0.0053,0.006819351518270716,0.81,0.8,0.097,3.0,0.9935064935064936,0.0153,0.33,CF,0.89,0.7
feature_0 > -0.69 AND feature_5 <= -1.473 AND feature_5 > -2.141 AND feature_8 > 1.754,12.232,0.913,,,4,23,0.0023,0.002959341224909933,0.71,0.79,1.376,3.0,0.9935064935064936,0.0153,0.51,CF,0.89,0.7
feature_0 <= -0.142 AND feature_1 <= -0.75 AND feature_3 <= -1.575 AND feature_8 > 0.528,13.598,0.737,,,4,19,0.0019,0.0024446731857951623,0.79,0.77,0.799,4.0,0.9935064935064936,0.0153,0.38,CF,0.89,0.7
feature_0 > 0.419 AND feature_1 > 0.761 AND feature_4 <= -1.456 AND feature_1 <= 1.357,9.562,0.75,,,4,28,0.0028,0.003602676273803397,0.56,0.63,2.392,3.0,0.9935064935064936,0.0153,0.55,CF,0.89,0.7
feature_0 <= 0.665 AND feature_4 > 0.958 AND feature_3 <= -0.507 AND feature_1 > 1.494,17.17,0.71,,,4,31,0.0031,0.003988677303139475,1.0,0.88,1.612,4.0,0.9935064935064936,0.0153,0.45,CF,0.89,0.8
feature_0 <= -0.694 AND feature_2 > 1.464 AND feature_2 <= 2.151 AND feature_1 > 0.276,13.823,0.792,,,4,53,0.0053,0.006819351518270716,0.81,0.8,0.097,3.0,0.9935064935064936,0.0153,0.33,CF,0.89,0.8
feature_0 > -0.69 AND feature_5 <= -1.473 AND feature_5 > -2.141 AND feature_8 > 1.754,12.232,0.913,,,4,23,0.0023,0.002959341224909933,0.71,0.79,1.376,3.0,0.9935064935064936,0.0153,0.51,CF,0.89,0.8
feature_0 <= -0.142 AND feature_1 <= -0.75 AND feature_3 <= -1.575 AND feature_8 > 0.528,13.598,0.737,,,4,19,0.0019,0.0024446731857951623,0.79,0.77,0.799,4.0,0.9935064935064936,0.0153,0.38,CF,0.89,0.8
feature_0 > 0.419 AND feature_1 > 0.761 AND feature_4 <= -1.456 AND feature_1 <= 1.357,9.562,0.75,,,4,28,0.0028,0.003602676273803397,0.56,0.63,2.392,3.0,0.9935064935064936,0.0153,0.55,CF,0.89,0.8
feature_0 > -0.291 AND feature_0 > 0.394 AND feature_1 > 0.474 AND feature_1 > 1.124,2.169,0.754,,,4,464,0.0464,0.05970149253731343,1.0,0.9,2.899,2.0,1.0,0.3939,0.61,CF SingleTree,0.02,0.5
feature_0 > -0.291 AND feature_0 > 0.394 AND feature_1 > 0.474 AND feature_1 <= 1.124,1.894,0.815,,,4,707,0.0707,0.09096757591353577,0.87,0.85,2.189,2.0,1.0,0.3939,0.56,CF SingleTree,0.02,0.5
feature_0 > -0.291 AND feature_0 <= 0.394 AND feature_1 > 0.703 AND feature_0 > 0.037,1.644,0.791,,,4,325,0.0325,0.041816778178075144,0.76,0.77,1.788,2.0,1.0,0.3939,0.5,CF SingleTree,0.02,0.5
feature_0 > -0.291 AND feature_0 > 0.394 AND feature_1 <= 0.474 AND feature_0 > 0.991,1.638,0.773,,,4,1139,0.1139,0.14655172413793102,0.76,0.76,2.027,2.0,1.0,0.3939,0.52,CF SingleTree,0.02,0.5
feature_0 > -0.291 AND feature_0 > 0.394 AND feature_1 <= 0.474 AND feature_0 <= 0.991,1.282,0.765,,,4,1304,0.1304,0.16778178075141534,0.59,0.66,1.179,2.0,1.0,0.3939,0.43,CF SingleTree,0.02,0.5
feature_0 > -0.291 AND feature_0 > 0.394 AND feature_1 > 0.474 AND feature_1 > 1.124,2.169,0.754,,,4,464,0.0464,0.05970149253731343,1.0,0.9,2.899,2.0,1.0,0.3939,0.61,CF SingleTree,0.02,0.7
feature_0 > -0.291 AND feature_0 > 0.394 AND feature_1 > 0.474 AND feature_1 <= 1.124,1.894,0.815,,,4,707,0.0707,0.09096757591353577,0.87,0.85,2.189,2.0,1.0,0.3939,0.56,CF SingleTree,0.02,0.7
feature_0 > -0.291 AND feature_0 <= 0.394 AND feature_1 > 0.703 AND feature_0 > 0.037,1.644,0.791,,,4,325,0.0325,0.041816778178075144,0.76,0.77,1.788,2.0,1.0,0.3939,0.5,CF SingleTree,0.02,0.7
feature_0 > -0.291 AND feature_0 > 0.394 AND feature_1 <= 0.474 AND feature_0 > 0.991,1.638,0.773,,,4,1139,0.1139,0.14655172413793102,0.76,0.76,2.027,2.0,1.0,0.3939,0.52,CF SingleTree,0.02,0.7
feature_0 > -0.291 AND feature_0 > 0.394 AND feature_1 <= 0.474 AND feature_0 <= 0.991,1.282,0.765,,,4,1304,0.1304,0.16778178075141534,0.59,0.66,1.179,2.0,1.0,0.3939,0.43,CF SingleTree,0.02,0.7
feature_0 > -0.291 AND feature_0 > 0.394 AND feature_1 > 0.474 AND feature_1 > 1.124,2.169,0.754,,,4,464,0.0464,0.05970149253731343,1.0,0.9,2.899,2.0,1.0,0.3939,0.61,CF SingleTree,0.02,0.8
feature_0 > -0.291 AND feature_0 > 0.394 AND feature_1 > 0.474 AND feature_1 <= 1.124,1.894,0.815,,,4,707,0.0707,0.09096757591353577,0.87,0.85,2.189,2.0,1.0,0.3939,0.56,CF SingleTree,0.02,0.8
feature_0 > -0.291 AND feature_0 <= 0.394 AND feature_1 > 0.703 AND feature_0 > 0.037,1.644,0.791,,,4,325,0.0325,0.041816778178075144,0.76,0.77,1.788,2.0,1.0,0.3939,0.5,CF SingleTree,0.02,0.8
feature_0 > -0.291 AND feature_0 > 0.394 AND feature_1 <= 0.474 AND feature_0 > 0.991,1.638,0.773,,,4,1139,0.1139,0.14655172413793102,0.76,0.76,2.027,2.0,1.0,0.3939,0.52,CF SingleTree,0.02,0.8
feature_0 > -0.291 AND feature_0 > 0.394 AND feature_1 <= 0.474 AND feature_0 <= 0.991,1.282,0.765,,,4,1304,0.1304,0.16778178075141534,0.59,0.66,1.179,2.0,1.0,0.3939,0.43,CF SingleTree,0.02,0.8
feature_0 > 1.84 AND feature_0 < 3.34 AND feature_1 > 0.94 AND feature_1 < 1.94,3.85,0.923,,,4,52,0.0052,0.0066906845084920225,0.97,0.95,3.85,2.0,0.7689530685920578,0.0213,0.77,Brute Force (Oracle),5.1,0.5
feature_0 > 2.34 AND feature_0 < 3.34 AND feature_1 > -0.56 AND feature_1 < 3.44,3.739,0.81,,,4,63,0.0063,0.008106021616057642,0.94,0.89,3.739,2.0,0.7689530685920578,0.0213,0.72,Brute Force (Oracle),5.1,0.5
feature_0 > 1.34 AND feature_0 < 3.34 AND feature_1 > 1.44 AND feature_1 < 1.94,3.708,0.804,,,4,51,0.0051,0.00656201749871333,0.93,0.88,3.708,2.0,0.7689530685920578,0.0213,0.71,Brute Force (Oracle),5.1,0.5
feature_0 > 0.84 AND feature_0 < 3.34 AND feature_1 > 1.94 AND feature_1 < 3.44,3.822,0.709,,,4,55,0.0055,0.007076685537828101,0.96,0.86,3.822,2.0,0.7689530685920578,0.0213,0.69,Brute Force (Oracle),5.1,0.5
feature_0 > 1.84 AND feature_0 < 2.34 AND feature_1 > 0.44 AND feature_1 < 1.44,3.264,0.875,,,4,56,0.0056,0.007205352547606794,0.82,0.84,3.264,2.0,0.7689530685920578,0.0213,0.69,Brute Force (Oracle),5.1,0.5
feature_0 > 1.84 AND feature_0 < 3.34 AND feature_1 > 0.94 AND feature_1 < 1.94,3.85,0.923,,,4,52,0.0052,0.0066906845084920225,0.97,0.95,3.85,2.0,0.7344827586206897,0.0213,0.77,Brute Force (Oracle),5.06,0.7
feature_0 > 2.34 AND feature_0 < 3.34 AND feature_1 > -0.56 AND feature_1 < 3.44,3.739,0.81,,,4,63,0.0063,0.008106021616057642,0.94,0.89,3.739,2.0,0.7344827586206897,0.0213,0.72,Brute Force (Oracle),5.06,0.7
feature_0 > 1.34 AND feature_0 < 3.34 AND feature_1 > 1.44 AND feature_1 < 1.94,3.708,0.804,,,4,51,0.0051,0.00656201749871333,0.93,0.88,3.708,2.0,0.7344827586206897,0.0213,0.71,Brute Force (Oracle),5.06,0.7
feature_0 > 1.84 AND feature_0 < 2.34 AND feature_1 > 0.44 AND feature_1 < 1.94,3.384,0.884,,,4,69,0.0069,0.008878023674729799,0.85,0.86,3.384,2.0,0.7344827586206897,0.0213,0.71,Brute Force (Oracle),5.06,0.7
feature_0 > 0.84 AND feature_0 < 3.34 AND feature_1 > 1.94 AND feature_1 < 3.44,3.822,0.709,,,4,55,0.0055,0.007076685537828101,0.96,0.86,3.822,2.0,0.7344827586206897,0.0213,0.69,Brute Force (Oracle),5.06,0.7
feature_0 > 1.84 AND feature_0 < 3.34 AND feature_1 > 0.94 AND feature_1 < 1.94,3.85,0.923,,,4,52,0.0052,0.0066906845084920225,0.97,0.95,3.85,2.0,0.7344827586206897,0.0213,0.77,Brute Force (Oracle),5.06,0.8
feature_0 > 2.34 AND feature_0 < 3.34 AND feature_1 > -0.56 AND feature_1 < 3.44,3.739,0.81,,,4,63,0.0063,0.008106021616057642,0.94,0.89,3.739,2.0,0.7344827586206897,0.0213,0.72,Brute Force (Oracle),5.06,0.8
feature_0 > 1.34 AND feature_0 < 3.34 AND feature_1 > 1.44 AND feature_1 < 1.94,3.708,0.804,,,4,51,0.0051,0.00656201749871333,0.93,0.88,3.708,2.0,0.7344827586206897,0.0213,0.71,Brute Force (Oracle),5.06,0.8
feature_0 > 1.84 AND feature_0 < 2.34 AND feature_1 > 0.44 AND feature_1 < 1.94,3.384,0.884,,,4,69,0.0069,0.008878023674729799,0.85,0.86,3.384,2.0,0.7344827586206897,0.0213,0.71,Brute Force (Oracle),5.06,0.8
feature_0 > 0.84 AND feature_0 < 3.34 AND feature_1 > 1.94 AND feature_1 < 3.44,3.822,0.709,,,4,55,0.0055,0.007076685537828101,0.96,0.86,3.822,2.0,0.7344827586206897,0.0213,0.69,Brute Force (Oracle),5.06,0.8
feature_3 > -0.969 AND feature_0 > 0.15 AND feature_0 <= 1.816 AND feature_1 <= -0.273 AND feature_6 <= -0.888 AND feature_4 > 0.233,3.311,0.692,0.1,3.41,6,104,0.0104,0.014912532262689992,1.0,0.88,1.165,5.0,1.0,0.0703,0.4,CT on D,0.03,0.5
feature_3 > -0.969 AND feature_0 > 0.15 AND feature_0 > 1.816 AND feature_0 <= 2.025,3.186,0.681,0.95,4.13,4,144,0.0144,0.020648121594493835,0.96,0.85,2.702,2.0,1.0,0.0703,0.57,CT on D,0.03,0.5
feature_3 > -0.969 AND feature_0 > 0.15 AND feature_0 <= 1.816 AND feature_1 > -0.273 AND feature_9 <= -1.35,3.01,0.712,0.16,3.17,5,170,0.017,0.02437625466016633,0.91,0.83,1.839,4.0,1.0,0.0703,0.49,CT on D,0.03,0.5
feature_3 > -0.969 AND feature_0 <= 0.15 AND feature_0 <= -0.657 AND feature_0 <= -1.838 AND feature_1 <= 0.257,3.027,0.696,2.65,-0.37,5,168,0.0168,0.02408947519357614,0.91,0.83,1.814,3.0,1.0,0.0703,0.48,CT on D,0.03,0.5
feature_3 <= -0.969 AND feature_8 > -0.584 AND feature_3 > -1.83 AND feature_0 > 1.134,2.939,0.667,0.4,3.34,4,117,0.0117,0.01677659879552624,0.89,0.8,2.458,3.0,1.0,0.0703,0.54,CT on D,0.03,0.5
feature_3 > -0.969 AND feature_0 > 0.15 AND feature_0 <= 1.816 AND feature_1 <= -0.273 AND feature_6 <= -0.888 AND feature_4 > 0.233,3.311,0.692,0.1,3.41,6,104,0.0104,0.014912532262689992,1.0,0.88,1.165,5.0,1.0,0.0703,0.4,CT on D,0.03,0.7
feature_3 > -0.969 AND feature_0 > 0.15 AND feature_0 > 1.816 AND feature_0 <= 2.025,3.186,0.681,0.95,4.13,4,144,0.0144,0.020648121594493835,0.96,0.85,2.702,2.0,1.0,0.0703,0.57,CT on D,0.03,0.7
feature_3 > -0.969 AND feature_0 > 0.15 AND feature_0 <= 1.816 AND feature_1 > -0.273 AND feature_9 <= -1.35,3.01,0.712,0.16,3.17,5,170,0.017,0.02437625466016633,0.91,0.83,1.839,4.0,1.0,0.0703,0.49,CT on D,0.03,0.7
feature_3 > -0.969 AND feature_0 <= 0.15 AND feature_0 <= -0.657 AND feature_0 <= -1.838 AND feature_1 <= 0.257,3.027,0.696,2.65,-0.37,5,168,0.0168,0.02408947519357614,0.91,0.83,1.814,3.0,1.0,0.0703,0.48,CT on D,0.03,0.7
feature_3 <= -0.969 AND feature_8 > -0.584 AND feature_3 > -1.83 AND feature_0 > 1.134,2.939,0.667,0.4,3.34,4,117,0.0117,0.01677659879552624,0.89,0.8,2.458,3.0,1.0,0.0703,0.54,CT on D,0.03,0.7
feature_3 > -0.969 AND feature_0 > 0.15 AND feature_0 <= 1.816 AND feature_1 <= -0.273 AND feature_6 <= -0.888 AND feature_4 > 0.233,3.311,0.692,0.1,3.41,6,104,0.0104,0.014912532262689992,1.0,0.88,1.165,5.0,1.0,0.0703,0.4,CT on D,0.03,0.8
feature_3 > -0.969 AND feature_0 > 0.15 AND feature_0 > 1.816 AND feature_0 <= 2.025,3.186,0.681,0.95,4.13,4,144,0.0144,0.020648121594493835,0.96,0.85,2.702,2.0,1.0,0.0703,0.57,CT on D,0.03,0.8
feature_3 > -0.969 AND feature_0 > 0.15 AND feature_0 <= 1.816 AND feature_1 > -0.273 AND feature_9 <= -1.35,3.01,0.712,0.16,3.17,5,170,0.017,0.02437625466016633,0.91,0.83,1.839,4.0,1.0,0.0703,0.49,CT on D,0.03,0.8
feature_3 > -0.969 AND feature_0 <= 0.15 AND feature_0 <= -0.657 AND feature_0 <= -1.838 AND feature_1 <= 0.257,3.027,0.696,2.65,-0.37,5,168,0.0168,0.02408947519357614,0.91,0.83,1.814,3.0,1.0,0.0703,0.48,CT on D,0.03,0.8
feature_3 <= -0.969 AND feature_8 > -0.584 AND feature_3 > -1.83 AND feature_0 > 1.134,2.939,0.667,0.4,3.34,4,117,0.0117,0.01677659879552624,0.89,0.8,2.458,3.0,1.0,0.0703,0.54,CT on D,0.03,0.8
feature_3 > -1.556 AND feature_0 > -0.002 AND feature_1 > 1.249 AND feature_9 > -0.441 AND feature_1 > 1.586,4.706,0.737,1.14,5.85,5,179,0.0179,0.025666762259822198,1.0,0.89,2.957,4.0,1.0,0.0908,0.62,CT on P,0.06999999999999999,0.5
feature_3 > -1.556 AND feature_0 > -0.002 AND feature_1 <= 1.249 AND feature_3 <= -0.477 AND feature_9 > 0.064 AND feature_9 <= 0.454,3.25,0.696,-0.46,2.79,6,161,0.0161,0.02308574706051047,0.69,0.69,1.421,4.0,1.0,0.0908,0.43,CT on P,0.06999999999999999,0.5
feature_3 > -1.556 AND feature_0 <= -0.002 AND feature_0 <= -1.028 AND feature_1 <= 0.669 AND feature_6 > 1.078,2.927,0.709,2.65,-0.28,5,158,0.0158,0.02265557786062518,0.62,0.66,1.027,4.0,1.0,0.0908,0.4,CT on P,0.06999999999999999,0.5
feature_3 > -1.556 AND feature_0 > -0.002 AND feature_1 > 1.249 AND feature_9 > -0.441 AND feature_1 <= 1.586,2.52,0.741,1.61,4.13,5,158,0.0158,0.02265557786062518,0.54,0.62,2.461,4.0,1.0,0.0908,0.57,CT on P,0.06999999999999999,0.5
feature_3 > -1.556 AND feature_0 > -0.002 AND feature_1 <= 1.249 AND feature_3 <= -0.477 AND feature_9 <= 0.064 AND feature_3 > -0.796,2.133,0.73,0.01,2.14,6,252,0.0252,0.03613421279036421,0.45,0.56,1.476,4.0,1.0,0.0908,0.45,CT on P,0.06999999999999999,0.5
feature_3 > -1.556 AND feature_0 > -0.002 AND feature_1 > 1.249 AND feature_9 > -0.441 AND feature_1 > 1.586,4.706,0.737,1.14,5.85,5,179,0.0179,0.025666762259822198,1.0,0.89,2.957,4.0,1.0,0.0908,0.62,CT on P,0.06999999999999999,0.7
feature_3 > -1.556 AND feature_0 > -0.002 AND feature_1 <= 1.249 AND feature_3 <= -0.477 AND feature_9 > 0.064 AND feature_9 <= 0.454,3.25,0.696,-0.46,2.79,6,161,0.0161,0.02308574706051047,0.69,0.69,1.421,4.0,1.0,0.0908,0.43,CT on P,0.06999999999999999,0.7
feature_3 > -1.556 AND feature_0 <= -0.002 AND feature_0 <= -1.028 AND feature_1 <= 0.669 AND feature_6 > 1.078,2.927,0.709,2.65,-0.28,5,158,0.0158,0.02265557786062518,0.62,0.66,1.027,4.0,1.0,0.0908,0.4,CT on P,0.06999999999999999,0.7
feature_3 > -1.556 AND feature_0 > -0.002 AND feature_1 > 1.249 AND feature_9 > -0.441 AND feature_1 <= 1.586,2.52,0.741,1.61,4.13,5,158,0.0158,0.02265557786062518,0.54,0.62,2.461,4.0,1.0,0.0908,0.57,CT on P,0.06999999999999999,0.7
feature_3 > -1.556 AND feature_0 > -0.002 AND feature_1 <= 1.249 AND feature_3 <= -0.477 AND feature_9 <= 0.064 AND feature_3 > -0.796,2.133,0.73,0.01,2.14,6,252,0.0252,0.03613421279036421,0.45,0.56,1.476,4.0,1.0,0.0908,0.45,CT on P,0.06999999999999999,0.7
feature_3 > -1.556 AND feature_0 > -0.002 AND feature_1 > 1.249 AND feature_9 > -0.441 AND feature_1 > 1.586,4.706,0.737,1.14,5.85,5,179,0.0179,0.025666762259822198,1.0,0.89,2.957,4.0,1.0,0.0908,0.62,CT on P,0.06999999999999999,0.8
feature_3 > -1.556 AND feature_0 > -0.002 AND feature_1 <= 1.249 AND feature_3 <= -0.477 AND feature_9 > 0.064 AND feature_9 <= 0.454,3.25,0.696,-0.46,2.79,6,161,0.0161,0.02308574706051047,0.69,0.69,1.421,4.0,1.0,0.0908,0.43,CT on P,0.06999999999999999,0.8
feature_3 > -1.556 AND feature_0 <= -0.002 AND feature_0 <= -1.028 AND feature_1 <= 0.669 AND feature_6 > 1.078,2.927,0.709,2.65,-0.28,5,158,0.0158,0.02265557786062518,0.62,0.66,1.027,4.0,1.0,0.0908,0.4,CT on P,0.06999999999999999,0.8
feature_3 > -1.556 AND feature_0 > -0.002 AND feature_1 > 1.249 AND feature_9 > -0.441 AND feature_1 <= 1.586,2.52,0.741,1.61,4.13,5,158,0.0158,0.02265557786062518,0.54,0.62,2.461,4.0,1.0,0.0908,0.57,CT on P,0.06999999999999999,0.8
feature_3 > -1.556 AND feature_0 > -0.002 AND feature_1 <= 1.249 AND feature_3 <= -0.477 AND feature_9 <= 0.064 AND feature_3 > -0.796,2.133,0.73,0.01,2.14,6,252,0.0252,0.03613421279036421,0.45,0.56,1.476,4.0,1.0,0.0908,0.45,CT on P,0.06999999999999999,0.8
feature_0 > 0.823 AND feature_1 > 1.489 AND feature_9 <= -0.382,54.203,0.778,,,3,36,0.0036,0.005162030398623459,1.0,0.91,3.493,3.0,0.8405797101449275,0.0232,0.69,CF,0.88,0.5
feature_0 > 0.256 AND feature_1 > 1.581 AND feature_4 <= 0.138 AND feature_5 > 0.127,7.635,1.0,,,4,51,0.0051,0.0073128763980499,0.14,0.48,3.218,4.0,0.8405797101449275,0.0232,0.75,CF,0.88,0.5
feature_0 > 0.262 AND feature_1 > 1.416 AND feature_0 <= 0.509 AND feature_3 <= 0.283,16.552,0.73,,,4,37,0.0037,0.005305420131918555,0.31,0.48,2.527,3.0,0.8405797101449275,0.0232,0.57,CF,0.88,0.5
feature_0 <= 0.113 AND feature_0 <= -1.203 AND feature_1 <= -1.106 AND feature_5 > 0.385,5.19,1.0,,,4,60,0.006,0.008603383997705764,0.1,0.46,1.517,3.0,0.8405797101449275,0.0232,0.57,CF,0.88,0.5
feature_0 > -0.251 AND feature_1 > 1.334 AND feature_5 > 0.275 AND feature_3 <= -0.216,5.042,1.0,,,4,92,0.0092,0.01319185546314884,0.09,0.46,2.751,4.0,0.8405797101449275,0.0232,0.7,CF,0.88,0.5
feature_0 > 0.823 AND feature_1 > 1.489 AND feature_9 <= -0.382,54.203,0.778,,,3,36,0.0036,0.005162030398623459,1.0,0.91,3.493,3.0,0.8405797101449275,0.0232,0.69,CF,0.88,0.7
feature_0 > 0.256 AND feature_1 > 1.581 AND feature_4 <= 0.138 AND feature_5 > 0.127,7.635,1.0,,,4,51,0.0051,0.0073128763980499,0.14,0.48,3.218,4.0,0.8405797101449275,0.0232,0.75,CF,0.88,0.7
feature_0 > 0.262 AND feature_1 > 1.416 AND feature_0 <= 0.509 AND feature_3 <= 0.283,16.552,0.73,,,4,37,0.0037,0.005305420131918555,0.31,0.48,2.527,3.0,0.8405797101449275,0.0232,0.57,CF,0.88,0.7
feature_0 <= 0.113 AND feature_0 <= -1.203 AND feature_1 <= -1.106 AND feature_5 > 0.385,5.19,1.0,,,4,60,0.006,0.008603383997705764,0.1,0.46,1.517,3.0,0.8405797101449275,0.0232,0.57,CF,0.88,0.7
feature_0 > -0.251 AND feature_1 > 1.334 AND feature_5 > 0.275 AND feature_3 <= -0.216,5.042,1.0,,,4,92,0.0092,0.01319185546314884,0.09,0.46,2.751,4.0,0.8405797101449275,0.0232,0.7,CF,0.88,0.7
feature_0 > 0.823 AND feature_1 > 1.489 AND feature_9 <= -0.382,54.203,0.778,,,3,36,0.0036,0.005162030398623459,1.0,0.91,3.493,3.0,0.8405797101449275,0.0232,0.69,CF,0.88,0.8
feature_0 > 0.256 AND feature_1 > 1.581 AND feature_4 <= 0.138 AND feature_5 > 0.127,7.635,1.0,,,4,51,0.0051,0.0073128763980499,0.14,0.48,3.218,4.0,0.8405797101449275,0.0232,0.75,CF,0.88,0.8
feature_0 > 0.262 AND feature_1 > 1.416 AND feature_0 <= 0.509 AND feature_3 <= 0.283,16.552,0.73,,,4,37,0.0037,0.005305420131918555,0.31,0.48,2.527,3.0,0.8405797101449275,0.0232,0.57,CF,0.88,0.8
feature_0 <= 0.113 AND feature_0 <= -1.203 AND feature_1 <= -1.106 AND feature_5 > 0.385,5.19,1.0,,,4,60,0.006,0.008603383997705764,0.1,0.46,1.517,3.0,0.8405797101449275,0.0232,0.57,CF,0.88,0.8
feature_0 > -0.251 AND feature_1 > 1.334 AND feature_5 > 0.275 AND feature_3 <= -0.216,5.042,1.0,,,4,92,0.0092,0.01319185546314884,0.09,0.46,2.751,4.0,0.8405797101449275,0.0232,0.7,CF,0.88,0.8
feature_0 > -0.05 AND feature_0 > 0.81 AND feature_1 > 1.451 AND feature_1 > 1.617,2.341,0.717,,,4,106,0.0106,0.015199311729280183,1.0,0.89,3.557,2.0,1.0,0.2197,0.68,CF SingleTree,0.02,0.5
feature_0 > -0.05 AND feature_0 > 0.81 AND feature_1 > 1.451 AND feature_1 <= 1.617,2.102,0.773,,,4,44,0.0044,0.006309148264984227,0.9,0.85,3.128,2.0,1.0,0.2197,0.65,CF SingleTree,0.02,0.5
feature_0 > -0.05 AND feature_0 <= 0.81 AND feature_1 > 1.387 AND feature_0 > 0.182,1.806,0.697,,,4,175,0.0175,0.025093203326641812,0.77,0.74,2.471,2.0,1.0,0.2197,0.55,CF SingleTree,0.02,0.5
feature_0 > -0.05 AND feature_0 > 0.81 AND feature_1 <= 1.451 AND feature_0 > 1.35,1.734,0.687,,,4,811,0.0811,0.11628907370232291,0.74,0.72,2.533,2.0,1.0,0.2197,0.55,CF SingleTree,0.02,0.5
feature_0 > -0.05 AND feature_0 > 0.81 AND feature_1 <= 1.451 AND feature_0 <= 1.35,1.509,0.691,,,4,1061,0.1061,0.15213650702609693,0.64,0.66,1.768,2.0,1.0,0.2197,0.47,CF SingleTree,0.02,0.5
feature_0 > -0.05 AND feature_0 > 0.81 AND feature_1 > 1.451 AND feature_1 > 1.617,2.341,0.717,,,4,106,0.0106,0.015199311729280183,1.0,0.89,3.557,2.0,1.0,0.2197,0.68,CF SingleTree,0.02,0.7
feature_0 > -0.05 AND feature_0 > 0.81 AND feature_1 > 1.451 AND feature_1 <= 1.617,2.102,0.773,,,4,44,0.0044,0.006309148264984227,0.9,0.85,3.128,2.0,1.0,0.2197,0.65,CF SingleTree,0.02,0.7
feature_0 > -0.05 AND feature_0 <= 0.81 AND feature_1 > 1.387 AND feature_0 > 0.182,1.806,0.697,,,4,175,0.0175,0.025093203326641812,0.77,0.74,2.471,2.0,1.0,0.2197,0.55,CF SingleTree,0.02,0.7
feature_0 > -0.05 AND feature_0 > 0.81 AND feature_1 <= 1.451 AND feature_0 > 1.35,1.734,0.687,,,4,811,0.0811,0.11628907370232291,0.74,0.72,2.533,2.0,1.0,0.2197,0.55,CF SingleTree,0.02,0.7
feature_0 > -0.05 AND feature_0 > 0.81 AND feature_1 <= 1.451 AND feature_0 <= 1.35,1.509,0.691,,,4,1061,0.1061,0.15213650702609693,0.64,0.66,1.768,2.0,1.0,0.2197,0.47,CF SingleTree,0.02,0.7
feature_0 > -0.05 AND feature_0 > 0.81 AND feature_1 > 1.451 AND feature_1 > 1.617,2.341,0.717,,,4,106,0.0106,0.015199311729280183,1.0,0.89,3.557,2.0,1.0,0.2197,0.68,CF SingleTree,0.02,0.8
feature_0 > -0.05 AND feature_0 > 0.81 AND feature_1 > 1.451 AND feature_1 <= 1.617,2.102,0.773,,,4,44,0.0044,0.006309148264984227,0.9,0.85,3.128,2.0,1.0,0.2197,0.65,CF SingleTree,0.02,0.8
feature_0 > -0.05 AND feature_0 <= 0.81 AND feature_1 > 1.387 AND feature_0 > 0.182,1.806,0.697,,,4,175,0.0175,0.025093203326641812,0.77,0.74,2.471,2.0,1.0,0.2197,0.55,CF SingleTree,0.02,0.8
feature_0 > -0.05 AND feature_0 > 0.81 AND feature_1 <= 1.451 AND feature_0 > 1.35,1.734,0.687,,,4,811,0.0811,0.11628907370232291,0.74,0.72,2.533,2.0,1.0,0.2197,0.55,CF SingleTree,0.02,0.8
feature_0 > -0.05 AND feature_0 > 0.81 AND feature_1 <= 1.451 AND feature_0 <= 1.35,1.509,0.691,,,4,1061,0.1061,0.15213650702609693,0.64,0.66,1.768,2.0,1.0,0.2197,0.47,CF SingleTree,0.02,0.8
feature_0 > 1.59 AND feature_0 < 3.09 AND feature_1 > 0.88 AND feature_1 < 2.88,3.767,0.714,,,4,98,0.0098,0.014052193862919416,0.98,0.87,3.767,2.0,0.7224770642201835,0.0315,0.7,Brute Force (Oracle),6.04,0.5
feature_0 > 1.09 AND feature_0 < 3.09 AND feature_1 > 1.38,3.622,0.748,,,3,119,0.0119,0.017063378262116433,0.94,0.86,3.622,2.0,0.7224770642201835,0.0315,0.7,Brute Force (Oracle),6.04,0.5
feature_0 > 2.09 AND feature_1 > 0.38 AND feature_1 < 2.88,3.849,0.622,,,3,74,0.0074,0.01061084026383711,1.0,0.85,3.849,2.0,0.7224770642201835,0.0315,0.67,Brute Force (Oracle),6.04,0.5
feature_0 > 0.59 AND feature_0 < 2.09 AND feature_1 > 1.88,3.499,0.726,,,3,73,0.0073,0.010467450530542013,0.91,0.84,3.499,2.0,0.7224770642201835,0.0315,0.67,Brute Force (Oracle),6.04,0.5
feature_0 > 2.09 AND feature_1 > -0.62 AND feature_1 < 0.38,3.124,0.806,,,3,72,0.0072,0.010324060797246917,0.81,0.81,3.124,2.0,0.7224770642201835,0.0315,0.66,Brute Force (Oracle),6.04,0.5
feature_0 > 1.59 AND feature_0 < 3.09 AND feature_1 > 0.88 AND feature_1 < 2.88,3.767,0.714,,,4,98,0.0098,0.014052193862919416,0.98,0.87,3.767,2.0,0.7104072398190046,0.0314,0.7,Brute Force (Oracle),6.05,0.7
feature_0 > 1.09 AND feature_0 < 3.09 AND feature_1 > 1.38,3.622,0.748,,,3,119,0.0119,0.017063378262116433,0.94,0.86,3.622,2.0,0.7104072398190046,0.0314,0.7,Brute Force (Oracle),6.05,0.7
feature_0 > 0.59 AND feature_0 < 3.09 AND feature_1 > 1.88,3.632,0.738,,,3,80,0.008,0.011471178663607686,0.94,0.86,3.632,2.0,0.7104072398190046,0.0314,0.69,Brute Force (Oracle),6.05,0.7
feature_0 > 2.09 AND feature_0 < 3.09 AND feature_1 > 0.38,3.838,0.63,,,3,73,0.0073,0.010467450530542013,1.0,0.85,3.838,2.0,0.7104072398190046,0.0314,0.67,Brute Force (Oracle),6.05,0.7
feature_0 > 2.09 AND feature_1 > -0.62 AND feature_1 < 0.38,3.124,0.806,,,3,72,0.0072,0.010324060797246917,0.81,0.81,3.124,2.0,0.7104072398190046,0.0314,0.66,Brute Force (Oracle),6.05,0.7
feature_0 > 1.59 AND feature_0 < 3.09 AND feature_1 > 0.88 AND feature_1 < 2.88,3.767,0.714,,,4,98,0.0098,0.014052193862919416,0.98,0.87,3.767,2.0,0.7104072398190046,0.0314,0.7,Brute Force (Oracle),6.05,0.8
feature_0 > 1.09 AND feature_0 < 3.09 AND feature_1 > 1.38,3.622,0.748,,,3,119,0.0119,0.017063378262116433,0.94,0.86,3.622,2.0,0.7104072398190046,0.0314,0.7,Brute Force (Oracle),6.05,0.8
feature_0 > 0.59 AND feature_0 < 3.09 AND feature_1 > 1.88,3.632,0.738,,,3,80,0.008,0.011471178663607686,0.94,0.86,3.632,2.0,0.7104072398190046,0.0314,0.69,Brute Force (Oracle),6.05,0.8
feature_0 > 2.09 AND feature_0 < 3.09 AND feature_1 > 0.38,3.838,0.63,,,3,73,0.0073,0.010467450530542013,1.0,0.85,3.838,2.0,0.7104072398190046,0.0314,0.67,Brute Force (Oracle),6.05,0.8
feature_0 > 2.09 AND feature_1 > -0.62 AND feature_1 < 0.38,3.124,0.806,,,3,72,0.0072,0.010324060797246917,0.81,0.81,3.124,2.0,0.7104072398190046,0.0314,0.66,Brute Force (Oracle),6.05,0.8
feature_3 > -0.969 AND feature_0 > 0.15 AND feature_0 <= 1.816 AND feature_1 <= -0.273 AND feature_6 <= -0.888 AND feature_4 > 0.233,3.311,1.0,0.1,3.41,6,104,0.0104,0.011549139367018324,1.0,1.0,1.165,5.0,1.0,0.0703,0.53,CT on D,0.05,0.5
feature_3 > -0.969 AND feature_0 <= 0.15 AND feature_0 <= -0.657 AND feature_0 <= -1.838 AND feature_1 <= 0.257,3.027,1.0,2.65,-0.37,5,168,0.0168,0.018656302054414216,0.91,0.95,1.814,3.0,1.0,0.0703,0.6,CT on D,0.05,0.5
feature_3 > -0.969 AND feature_0 > 0.15 AND feature_0 > 1.816 AND feature_0 <= 2.025,3.186,0.903,0.95,4.13,4,144,0.0144,0.015991116046640753,0.96,0.94,2.702,2.0,1.0,0.0703,0.66,CT on D,0.05,0.5
feature_3 > -0.969 AND feature_0 > 0.15 AND feature_0 <= 1.816 AND feature_1 > -0.273 AND feature_9 <= -1.35,3.01,0.847,0.16,3.17,5,170,0.017,0.018878400888395337,0.91,0.88,1.839,4.0,1.0,0.0703,0.54,CT on D,0.05,0.5
feature_3 <= -0.969 AND feature_8 > -0.584 AND feature_3 > -1.83 AND feature_0 > 1.134,2.939,0.872,0.4,3.34,4,117,0.0117,0.012992781787895613,0.89,0.88,2.458,3.0,1.0,0.0703,0.62,CT on D,0.05,0.5
feature_3 > -0.969 AND feature_0 > 0.15 AND feature_0 <= 1.816 AND feature_1 <= -0.273 AND feature_6 <= -0.888 AND feature_4 > 0.233,3.311,1.0,0.1,3.41,6,104,0.0104,0.011549139367018324,1.0,1.0,1.165,5.0,1.0,0.0703,0.53,CT on D,0.05,0.7
feature_3 > -0.969 AND feature_0 <= 0.15 AND feature_0 <= -0.657 AND feature_0 <= -1.838 AND feature_1 <= 0.257,3.027,1.0,2.65,-0.37,5,168,0.0168,0.018656302054414216,0.91,0.95,1.814,3.0,1.0,0.0703,0.6,CT on D,0.05,0.7
feature_3 > -0.969 AND feature_0 > 0.15 AND feature_0 > 1.816 AND feature_0 <= 2.025,3.186,0.903,0.95,4.13,4,144,0.0144,0.015991116046640753,0.96,0.94,2.702,2.0,1.0,0.0703,0.66,CT on D,0.05,0.7
feature_3 > -0.969 AND feature_0 > 0.15 AND feature_0 <= 1.816 AND feature_1 > -0.273 AND feature_9 <= -1.35,3.01,0.847,0.16,3.17,5,170,0.017,0.018878400888395337,0.91,0.88,1.839,4.0,1.0,0.0703,0.54,CT on D,0.05,0.7
feature_3 <= -0.969 AND feature_8 > -0.584 AND feature_3 > -1.83 AND feature_0 > 1.134,2.939,0.872,0.4,3.34,4,117,0.0117,0.012992781787895613,0.89,0.88,2.458,3.0,1.0,0.0703,0.62,CT on D,0.05,0.7
feature_3 > -0.969 AND feature_0 > 0.15 AND feature_0 <= 1.816 AND feature_1 <= -0.273 AND feature_6 <= -0.888 AND feature_4 > 0.233,3.311,1.0,0.1,3.41,6,104,0.0104,0.011549139367018324,1.0,1.0,1.165,5.0,1.0,0.0703,0.53,CT on D,0.05,0.8
feature_3 > -0.969 AND feature_0 <= 0.15 AND feature_0 <= -0.657 AND feature_0 <= -1.838 AND feature_1 <= 0.257,3.027,1.0,2.65,-0.37,5,168,0.0168,0.018656302054414216,0.91,0.95,1.814,3.0,1.0,0.0703,0.6,CT on D,0.05,0.8
feature_3 > -0.969 AND feature_0 > 0.15 AND feature_0 > 1.816 AND feature_0 <= 2.025,3.186,0.903,0.95,4.13,4,144,0.0144,0.015991116046640753,0.96,0.94,2.702,2.0,1.0,0.0703,0.66,CT on D,0.05,0.8
feature_3 > -0.969 AND feature_0 > 0.15 AND feature_0 <= 1.816 AND feature_1 > -0.273 AND feature_9 <= -1.35,3.01,0.847,0.16,3.17,5,170,0.017,0.018878400888395337,0.91,0.88,1.839,4.0,1.0,0.0703,0.54,CT on D,0.05,0.8
feature_3 <= -0.969 AND feature_8 > -0.584 AND feature_3 > -1.83 AND feature_0 > 1.134,2.939,0.872,0.4,3.34,4,117,0.0117,0.012992781787895613,0.89,0.88,2.458,3.0,1.0,0.0703,0.62,CT on D,0.05,0.8
feature_3 > -1.556 AND feature_0 > -0.002 AND feature_1 > 1.249 AND feature_9 > -0.441 AND feature_1 > 1.586,4.706,0.737,1.14,5.85,5,179,0.0179,0.025666762259822198,1.0,0.89,2.957,4.0,0.967605633802817,0.0687,0.62,CT on P,0.15000000000000002,0.5
feature_3 > -0.729 AND feature_7 <= 2.182 AND feature_0 > -0.096 AND feature_3 <= -0.476 AND feature_6 > -0.358 AND feature_2 > 0.26,4.222,0.871,-0.75,3.47,6,116,0.0116,0.012881732370905053,0.9,0.89,1.595,5.0,0.967605633802817,0.0687,0.52,CT on P,0.15000000000000002,0.5
feature_3 > -0.729 AND feature_7 <= 2.182 AND feature_0 <= -0.096 AND feature_0 <= -1.354 AND feature_1 <= 0.514 AND feature_0 <= -2.123,3.377,1.0,2.94,-0.44,6,102,0.0102,0.011327040533037201,0.72,0.83,1.97,4.0,0.967605633802817,0.0687,0.62,CT on P,0.15000000000000002,0.5
feature_3 > -0.729 AND feature_7 <= 2.182 AND feature_0 > -0.096 AND feature_3 > -0.476 AND feature_0 > 1.393 AND feature_5 <= -0.596,3.202,0.934,0.84,4.04,6,152,0.0152,0.016879511382565243,0.68,0.78,2.591,4.0,0.967605633802817,0.0687,0.66,CT on P,0.15000000000000002,0.5
feature_3 > -1.556 AND feature_0 > -0.002 AND feature_1 <= 1.249 AND feature_3 <= -0.477 AND feature_9 > 0.064 AND feature_9 <= 0.454,3.25,0.696,-0.46,2.79,6,161,0.0161,0.02308574706051047,0.69,0.69,1.421,4.0,0.967605633802817,0.0687,0.43,CT on P,0.15000000000000002,0.5
feature_3 > -1.556 AND feature_0 > -0.002 AND feature_1 > 1.249 AND feature_9 > -0.441 AND feature_1 > 1.586,4.706,0.737,1.14,5.85,5,179,0.0179,0.025666762259822198,1.0,0.89,2.957,4.0,0.967605633802817,0.0687,0.62,CT on P,0.15000000000000002,0.7
feature_3 > -0.729 AND feature_7 <= 2.182 AND feature_0 > -0.096 AND feature_3 <= -0.476 AND feature_6 > -0.358 AND feature_2 > 0.26,4.222,0.871,-0.75,3.47,6,116,0.0116,0.012881732370905053,0.9,0.89,1.595,5.0,0.967605633802817,0.0687,0.52,CT on P,0.15000000000000002,0.7
feature_3 > -0.729 AND feature_7 <= 2.182 AND feature_0 <= -0.096 AND feature_0 <= -1.354 AND feature_1 <= 0.514 AND feature_0 <= -2.123,3.377,1.0,2.94,-0.44,6,102,0.0102,0.011327040533037201,0.72,0.83,1.97,4.0,0.967605633802817,0.0687,0.62,CT on P,0.15000000000000002,0.7
feature_3 > -0.729 AND feature_7 <= 2.182 AND feature_0 > -0.096 AND feature_3 > -0.476 AND feature_0 > 1.393 AND feature_5 <= -0.596,3.202,0.934,0.84,4.04,6,152,0.0152,0.016879511382565243,0.68,0.78,2.591,4.0,0.967605633802817,0.0687,0.66,CT on P,0.15000000000000002,0.7
feature_3 > -1.556 AND feature_0 > -0.002 AND feature_1 <= 1.249 AND feature_3 <= -0.477 AND feature_9 > 0.064 AND feature_9 <= 0.454,3.25,0.696,-0.46,2.79,6,161,0.0161,0.02308574706051047,0.69,0.69,1.421,4.0,0.967605633802817,0.0687,0.43,CT on P,0.15000000000000002,0.7
feature_3 > -1.556 AND feature_0 > -0.002 AND feature_1 > 1.249 AND feature_9 > -0.441 AND feature_1 > 1.586,4.706,0.737,1.14,5.85,5,179,0.0179,0.025666762259822198,1.0,0.89,2.957,4.0,0.967605633802817,0.0687,0.62,CT on P,0.15000000000000002,0.8
feature_3 > -0.729 AND feature_7 <= 2.182 AND feature_0 > -0.096 AND feature_3 <= -0.476 AND feature_6 > -0.358 AND feature_2 > 0.26,4.222,0.871,-0.75,3.47,6,116,0.0116,0.012881732370905053,0.9,0.89,1.595,5.0,0.967605633802817,0.0687,0.52,CT on P,0.15000000000000002,0.8
feature_3 > -0.729 AND feature_7 <= 2.182 AND feature_0 <= -0.096 AND feature_0 <= -1.354 AND feature_1 <= 0.514 AND feature_0 <= -2.123,3.377,1.0,2.94,-0.44,6,102,0.0102,0.011327040533037201,0.72,0.83,1.97,4.0,0.967605633802817,0.0687,0.62,CT on P,0.15000000000000002,0.8
feature_3 > -0.729 AND feature_7 <= 2.182 AND feature_0 > -0.096 AND feature_3 > -0.476 AND feature_0 > 1.393 AND feature_5 <= -0.596,3.202,0.934,0.84,4.04,6,152,0.0152,0.016879511382565243,0.68,0.78,2.591,4.0,0.967605633802817,0.0687,0.66,CT on P,0.15000000000000002,0.8
feature_3 > -1.556 AND feature_0 > -0.002 AND feature_1 <= 1.249 AND feature_3 <= -0.477 AND feature_9 > 0.064 AND feature_9 <= 0.454,3.25,0.696,-0.46,2.79,6,161,0.0161,0.02308574706051047,0.69,0.69,1.421,4.0,0.967605633802817,0.0687,0.43,CT on P,0.15000000000000002,0.8
feature_0 > 0.823 AND feature_1 > 1.489 AND feature_9 <= -0.382,54.203,0.0,,,3,36,0.0036,0.003997779011660188,1.0,0.6,3.493,3.0,0.9957446808510638,0.0234,0.38,CF,1.08,0.5
feature_0 <= -0.763 AND feature_2 > 0.238 AND feature_4 > 1.451 AND feature_5 <= -0.154,15.802,0.92,,,4,25,0.0025,0.00277623542476402,0.29,0.54,0.429,4.0,0.9957446808510638,0.0234,0.41,CF,1.08,0.5
feature_0 <= -1.045 AND feature_1 <= 1.405 AND feature_3 > 1.097 AND feature_4 > 0.286,6.711,1.0,,,4,73,0.0073,0.008106607440310939,0.12,0.47,1.036,4.0,0.9957446808510638,0.0234,0.51,CF,1.08,0.5
feature_0 > -0.629 AND feature_0 > 1.353 AND feature_1 <= 0.819 AND feature_3 <= -1.216,6.19,1.0,,,4,68,0.0068,0.007551360355358134,0.11,0.47,2.425,3.0,0.9957446808510638,0.0234,0.67,CF,1.08,0.5
feature_0 > 0.565 AND feature_1 <= 0.15 AND feature_3 > 1.499 AND feature_6 > 0.637,6.089,1.0,,,4,33,0.0033,0.0036646307606885064,0.11,0.47,1.553,4.0,0.9957446808510638,0.0234,0.57,CF,1.08,0.5
feature_0 > 0.823 AND feature_1 > 1.489 AND feature_9 <= -0.382,54.203,0.0,,,3,36,0.0036,0.003997779011660188,1.0,0.6,3.493,3.0,0.9957446808510638,0.0234,0.38,CF,1.08,0.7
feature_0 <= -0.763 AND feature_2 > 0.238 AND feature_4 > 1.451 AND feature_5 <= -0.154,15.802,0.92,,,4,25,0.0025,0.00277623542476402,0.29,0.54,0.429,4.0,0.9957446808510638,0.0234,0.41,CF,1.08,0.7
feature_0 <= -1.045 AND feature_1 <= 1.405 AND feature_3 > 1.097 AND feature_4 > 0.286,6.711,1.0,,,4,73,0.0073,0.008106607440310939,0.12,0.47,1.036,4.0,0.9957446808510638,0.0234,0.51,CF,1.08,0.7
feature_0 > -0.629 AND feature_0 > 1.353 AND feature_1 <= 0.819 AND feature_3 <= -1.216,6.19,1.0,,,4,68,0.0068,0.007551360355358134,0.11,0.47,2.425,3.0,0.9957446808510638,0.0234,0.67,CF,1.08,0.7
feature_0 > 0.565 AND feature_1 <= 0.15 AND feature_3 > 1.499 AND feature_6 > 0.637,6.089,1.0,,,4,33,0.0033,0.0036646307606885064,0.11,0.47,1.553,4.0,0.9957446808510638,0.0234,0.57,CF,1.08,0.7
feature_0 > 0.823 AND feature_1 > 1.489 AND feature_9 <= -0.382,54.203,0.0,,,3,36,0.0036,0.003997779011660188,1.0,0.6,3.493,3.0,0.9957446808510638,0.0234,0.38,CF,1.08,0.8
feature_0 <= -0.763 AND feature_2 > 0.238 AND feature_4 > 1.451 AND feature_5 <= -0.154,15.802,0.92,,,4,25,0.0025,0.00277623542476402,0.29,0.54,0.429,4.0,0.9957446808510638,0.0234,0.41,CF,1.08,0.8
feature_0 <= -1.045 AND feature_1 <= 1.405 AND feature_3 > 1.097 AND feature_4 > 0.286,6.711,1.0,,,4,73,0.0073,0.008106607440310939,0.12,0.47,1.036,4.0,0.9957446808510638,0.0234,0.51,CF,1.08,0.8
feature_0 > -0.629 AND feature_0 > 1.353 AND feature_1 <= 0.819 AND feature_3 <= -1.216,6.19,1.0,,,4,68,0.0068,0.007551360355358134,0.11,0.47,2.425,3.0,0.9957446808510638,0.0234,0.67,CF,1.08,0.8
feature_0 > 0.565 AND feature_1 <= 0.15 AND feature_3 > 1.499 AND feature_6 > 0.637,6.089,1.0,,,4,33,0.0033,0.0036646307606885064,0.11,0.47,1.553,4.0,0.9957446808510638,0.0234,0.57,CF,1.08,0.8
feature_0 > -0.05 AND feature_0 > 0.81 AND feature_1 <= 1.451 AND feature_0 > 1.35,1.734,0.967,,,4,811,0.0811,0.0900610771793448,0.74,0.83,2.533,2.0,1.0,0.4901,0.66,CF SingleTree,0.02,0.5
feature_0 > -0.05 AND feature_0 > 0.81 AND feature_1 <= 1.451 AND feature_0 <= 1.35,1.509,0.974,,,4,1061,0.1061,0.11782343142698501,0.64,0.78,1.768,2.0,1.0,0.4901,0.58,CF SingleTree,0.02,0.5
feature_0 > -0.05 AND feature_0 <= 0.81 AND feature_1 <= 1.387 AND feature_0 > 0.189,1.087,0.985,,,4,2032,0.2032,0.22565241532481956,0.46,0.67,1.181,2.0,1.0,0.4901,0.52,CF SingleTree,0.02,0.5
feature_0 > -0.05 AND feature_0 > 0.81 AND feature_1 > 1.451 AND feature_1 > 1.617,2.341,0.0,,,4,106,0.0106,0.011771238200999444,1.0,0.6,3.557,2.0,1.0,0.4901,0.39,CF SingleTree,0.02,0.5
feature_0 > -0.05 AND feature_0 <= 0.81 AND feature_1 <= 1.387 AND feature_0 <= 0.189,0.773,0.987,,,4,891,0.0891,0.09894503053858968,0.33,0.59,0.768,2.0,1.0,0.4901,0.48,CF SingleTree,0.02,0.5
feature_0 > -0.05 AND feature_0 > 0.81 AND feature_1 <= 1.451 AND feature_0 > 1.35,1.734,0.967,,,4,811,0.0811,0.0900610771793448,0.74,0.83,2.533,2.0,1.0,0.4901,0.66,CF SingleTree,0.02,0.7
feature_0 > -0.05 AND feature_0 > 0.81 AND feature_1 <= 1.451 AND feature_0 <= 1.35,1.509,0.974,,,4,1061,0.1061,0.11782343142698501,0.64,0.78,1.768,2.0,1.0,0.4901,0.58,CF SingleTree,0.02,0.7
feature_0 > -0.05 AND feature_0 <= 0.81 AND feature_1 <= 1.387 AND feature_0 > 0.189,1.087,0.985,,,4,2032,0.2032,0.22565241532481956,0.46,0.67,1.181,2.0,1.0,0.4901,0.52,CF SingleTree,0.02,0.7
feature_0 > -0.05 AND feature_0 > 0.81 AND feature_1 > 1.451 AND feature_1 > 1.617,2.341,0.0,,,4,106,0.0106,0.011771238200999444,1.0,0.6,3.557,2.0,1.0,0.4901,0.39,CF SingleTree,0.02,0.7
feature_0 > -0.05 AND feature_0 <= 0.81 AND feature_1 <= 1.387 AND feature_0 <= 0.189,0.773,0.987,,,4,891,0.0891,0.09894503053858968,0.33,0.59,0.768,2.0,1.0,0.4901,0.48,CF SingleTree,0.02,0.7
feature_0 > -0.05 AND feature_0 > 0.81 AND feature_1 <= 1.451 AND feature_0 > 1.35,1.734,0.967,,,4,811,0.0811,0.0900610771793448,0.74,0.83,2.533,2.0,1.0,0.4901,0.66,CF SingleTree,0.02,0.8
feature_0 > -0.05 AND feature_0 > 0.81 AND feature_1 <= 1.451 AND feature_0 <= 1.35,1.509,0.974,,,4,1061,0.1061,0.11782343142698501,0.64,0.78,1.768,2.0,1.0,0.4901,0.58,CF SingleTree,0.02,0.8
feature_0 > -0.05 AND feature_0 <= 0.81 AND feature_1 <= 1.387 AND feature_0 > 0.189,1.087,0.985,,,4,2032,0.2032,0.22565241532481956,0.46,0.67,1.181,2.0,1.0,0.4901,0.52,CF SingleTree,0.02,0.8
feature_0 > -0.05 AND feature_0 > 0.81 AND feature_1 > 1.451 AND feature_1 > 1.617,2.341,0.0,,,4,106,0.0106,0.011771238200999444,1.0,0.6,3.557,2.0,1.0,0.4901,0.39,CF SingleTree,0.02,0.8
feature_0 > -0.05 AND feature_0 <= 0.81 AND feature_1 <= 1.387 AND feature_0 <= 0.189,0.773,0.987,,,4,891,0.0891,0.09894503053858968,0.33,0.59,0.768,2.0,1.0,0.4901,0.48,CF SingleTree,0.02,0.8
feature_0 > 2.09 AND feature_1 > 0.38 AND feature_1 < 1.38,3.632,0.906,,,3,53,0.0053,0.005885619100499722,0.94,0.93,3.632,2.0,0.8245033112582781,0.0249,0.76,Brute Force (Oracle),6.19,0.5
feature_0 > 2.09 AND feature_1 > -0.62 AND feature_1 < 0.38,3.124,1.0,,,3,72,0.0072,0.007995558023320377,0.81,0.89,3.124,2.0,0.8245033112582781,0.0249,0.74,Brute Force (Oracle),6.19,0.5
feature_0 > 1.59 AND feature_1 > 0.88 AND feature_1 < 1.38,3.496,0.804,,,3,51,0.0051,0.005663520266518601,0.91,0.87,3.496,2.0,0.8245033112582781,0.0249,0.7,Brute Force (Oracle),6.19,0.5
feature_0 > 2.09 AND feature_0 < 3.59 AND feature_1 > -1.62 AND feature_1 < -0.12,2.854,1.0,,,4,73,0.0073,0.008106607440310939,0.74,0.84,2.854,2.0,0.8245033112582781,0.0249,0.71,Brute Force (Oracle),6.19,0.5
feature_0 > 1.59 AND feature_0 < 2.09 AND feature_1 > 0.38 AND feature_1 < 0.88,2.839,1.0,,,4,53,0.0053,0.005885619100499722,0.74,0.84,2.839,2.0,0.8245033112582781,0.0249,0.71,Brute Force (Oracle),6.19,0.5
feature_0 > 2.09 AND feature_1 > 0.38 AND feature_1 < 1.38,3.632,0.906,,,3,53,0.0053,0.005885619100499722,0.94,0.93,3.632,2.0,0.6309523809523809,0.0212,0.76,Brute Force (Oracle),6.12,0.7
feature_0 > 2.09 AND feature_1 > -0.12 AND feature_1 < 0.88,3.335,1.0,,,3,71,0.0071,0.007884508606329816,0.87,0.92,3.335,2.0,0.6309523809523809,0.0212,0.76,Brute Force (Oracle),6.12,0.7
feature_0 > 2.09 AND feature_1 > -0.62 AND feature_1 < 0.38,3.124,1.0,,,3,72,0.0072,0.007995558023320377,0.81,0.89,3.124,2.0,0.6309523809523809,0.0212,0.74,Brute Force (Oracle),6.12,0.7
feature_0 > 1.59 AND feature_0 < 3.09 AND feature_1 > 0.38 AND feature_1 < 0.88,3.082,1.0,,,4,89,0.0089,0.009883398112159911,0.8,0.88,3.082,2.0,0.6309523809523809,0.0212,0.74,Brute Force (Oracle),6.12,0.7
feature_0 > 1.59 AND feature_1 > 0.88 AND feature_1 < 1.38,3.496,0.804,,,3,51,0.0051,0.005663520266518601,0.91,0.87,3.496,2.0,0.6309523809523809,0.0212,0.7,Brute Force (Oracle),6.12,0.7
feature_0 > 2.09 AND feature_1 > 0.38 AND feature_1 < 1.38,3.632,0.906,,,3,53,0.0053,0.005885619100499722,0.94,0.93,3.632,2.0,0.47593582887700536,0.0178,0.76,Brute Force (Oracle),6.08,0.8
feature_0 > 2.09 AND feature_1 > -0.12 AND feature_1 < 0.88,3.335,1.0,,,3,71,0.0071,0.007884508606329816,0.87,0.92,3.335,2.0,0.47593582887700536,0.0178,0.76,Brute Force (Oracle),6.08,0.8
feature_0 > 2.09 AND feature_1 > -0.62 AND feature_1 < 0.38,3.124,1.0,,,3,72,0.0072,0.007995558023320377,0.81,0.89,3.124,2.0,0.47593582887700536,0.0178,0.74,Brute Force (Oracle),6.08,0.8
feature_0 > 2.09 AND feature_0 < 2.59 AND feature_1 > -0.62 AND feature_1 < 1.38,3.155,0.978,,,4,89,0.0089,0.009883398112159911,0.82,0.88,3.155,2.0,0.47593582887700536,0.0178,0.74,Brute Force (Oracle),6.08,0.8
feature_0 > 1.59 AND feature_0 < 3.09 AND feature_1 > 0.38 AND feature_1 < 0.88,3.082,1.0,,,4,89,0.0089,0.009883398112159911,0.8,0.88,3.082,2.0,0.47593582887700536,0.0178,0.74,Brute Force (Oracle),6.08,0.8
feature_3 > -0.969 AND feature_0 > 0.15 AND feature_0 <= 1.816 AND feature_1 <= -0.273 AND feature_6 <= -0.888 AND feature_4 > 0.233,3.311,1.0,0.1,3.41,6,104,0.0104,0.011549139367018324,1.0,1.0,1.165,5.0,1.0,0.0703,0.53,CT on D,0.06999999999999999,0.5
feature_3 > -0.969 AND feature_0 <= 0.15 AND feature_0 <= -0.657 AND feature_0 <= -1.838 AND feature_1 <= 0.257,3.027,1.0,2.65,-0.37,5,168,0.0168,0.018656302054414216,0.91,0.95,1.814,3.0,1.0,0.0703,0.6,CT on D,0.06999999999999999,0.5
feature_3 > -0.969 AND feature_0 > 0.15 AND feature_0 > 1.816 AND feature_0 <= 2.025,3.186,0.903,0.95,4.13,4,144,0.0144,0.015991116046640753,0.96,0.94,2.702,2.0,1.0,0.0703,0.66,CT on D,0.06999999999999999,0.5
feature_3 > -0.969 AND feature_0 > 0.15 AND feature_0 <= 1.816 AND feature_1 > -0.273 AND feature_9 <= -1.35,3.01,0.847,0.16,3.17,5,170,0.017,0.018878400888395337,0.91,0.88,1.839,4.0,1.0,0.0703,0.54,CT on D,0.06999999999999999,0.5
feature_3 <= -0.969 AND feature_8 > -0.584 AND feature_3 > -1.83 AND feature_0 > 1.134,2.939,0.872,0.4,3.34,4,117,0.0117,0.012992781787895613,0.89,0.88,2.458,3.0,1.0,0.0703,0.62,CT on D,0.06999999999999999,0.5
feature_3 > -0.969 AND feature_0 > 0.15 AND feature_0 <= 1.816 AND feature_1 <= -0.273 AND feature_6 <= -0.888 AND feature_4 > 0.233,3.311,1.0,0.1,3.41,6,104,0.0104,0.011549139367018324,1.0,1.0,1.165,5.0,1.0,0.0703,0.53,CT on D,0.06999999999999999,0.7
feature_3 > -0.969 AND feature_0 <= 0.15 AND feature_0 <= -0.657 AND feature_0 <= -1.838 AND feature_1 <= 0.257,3.027,1.0,2.65,-0.37,5,168,0.0168,0.018656302054414216,0.91,0.95,1.814,3.0,1.0,0.0703,0.6,CT on D,0.06999999999999999,0.7
feature_3 > -0.969 AND feature_0 > 0.15 AND feature_0 > 1.816 AND feature_0 <= 2.025,3.186,0.903,0.95,4.13,4,144,0.0144,0.015991116046640753,0.96,0.94,2.702,2.0,1.0,0.0703,0.66,CT on D,0.06999999999999999,0.7
feature_3 > -0.969 AND feature_0 > 0.15 AND feature_0 <= 1.816 AND feature_1 > -0.273 AND feature_9 <= -1.35,3.01,0.847,0.16,3.17,5,170,0.017,0.018878400888395337,0.91,0.88,1.839,4.0,1.0,0.0703,0.54,CT on D,0.06999999999999999,0.7
feature_3 <= -0.969 AND feature_8 > -0.584 AND feature_3 > -1.83 AND feature_0 > 1.134,2.939,0.872,0.4,3.34,4,117,0.0117,0.012992781787895613,0.89,0.88,2.458,3.0,1.0,0.0703,0.62,CT on D,0.06999999999999999,0.7
feature_3 > -0.969 AND feature_0 > 0.15 AND feature_0 <= 1.816 AND feature_1 <= -0.273 AND feature_6 <= -0.888 AND feature_4 > 0.233,3.311,1.0,0.1,3.41,6,104,0.0104,0.011549139367018324,1.0,1.0,1.165,5.0,1.0,0.0703,0.53,CT on D,0.06999999999999999,0.8
feature_3 > -0.969 AND feature_0 <= 0.15 AND feature_0 <= -0.657 AND feature_0 <= -1.838 AND feature_1 <= 0.257,3.027,1.0,2.65,-0.37,5,168,0.0168,0.018656302054414216,0.91,0.95,1.814,3.0,1.0,0.0703,0.6,CT on D,0.06999999999999999,0.8
feature_3 > -0.969 AND feature_0 > 0.15 AND feature_0 > 1.816 AND feature_0 <= 2.025,3.186,0.903,0.95,4.13,4,144,0.0144,0.015991116046640753,0.96,0.94,2.702,2.0,1.0,0.0703,0.66,CT on D,0.06999999999999999,0.8
feature_3 > -0.969 AND feature_0 > 0.15 AND feature_0 <= 1.816 AND feature_1 > -0.273 AND feature_9 <= -1.35,3.01,0.847,0.16,3.17,5,170,0.017,0.018878400888395337,0.91,0.88,1.839,4.0,1.0,0.0703,0.54,CT on D,0.06999999999999999,0.8
feature_3 <= -0.969 AND feature_8 > -0.584 AND feature_3 > -1.83 AND feature_0 > 1.134,2.939,0.872,0.4,3.34,4,117,0.0117,0.012992781787895613,0.89,0.88,2.458,3.0,1.0,0.0703,0.62,CT on D,0.06999999999999999,0.8
feature_3 > -1.556 AND feature_0 > -0.002 AND feature_1 > 1.249 AND feature_9 > -0.441 AND feature_1 > 1.586,4.706,0.737,1.14,5.85,5,179,0.0179,0.025666762259822198,1.0,0.89,2.957,4.0,0.926605504587156,0.0606,0.62,CT on P,0.22000000000000003,0.5
feature_3 > -0.729 AND feature_7 <= 2.182 AND feature_0 > -0.096 AND feature_3 <= -0.476 AND feature_6 > -0.358 AND feature_2 > 0.26,4.222,0.871,-0.75,3.47,6,116,0.0116,0.012881732370905053,0.9,0.89,1.595,5.0,0.926605504587156,0.0606,0.52,CT on P,0.22000000000000003,0.5
feature_3 > -0.729 AND feature_7 <= 2.182 AND feature_0 <= -0.096 AND feature_0 <= -1.354 AND feature_1 <= 0.514 AND feature_0 <= -2.123,3.377,1.0,2.94,-0.44,6,102,0.0102,0.011327040533037201,0.72,0.83,1.97,4.0,0.926605504587156,0.0606,0.62,CT on P,0.22000000000000003,0.5
feature_3 > -1.014 AND feature_0 > -1.906 AND feature_0 > 0.308 AND feature_1 > 1.103 AND feature_5 > -0.149 AND feature_4 <= -0.147,3.371,1.0,1.1,4.47,6,105,0.0105,0.01223205964585275,0.72,0.83,2.892,5.0,0.926605504587156,0.0606,0.72,CT on P,0.22000000000000003,0.5
feature_3 > -0.729 AND feature_7 <= 2.182 AND feature_0 > -0.096 AND feature_3 > -0.476 AND feature_0 > 1.393 AND feature_5 <= -0.596,3.202,0.934,0.84,4.04,6,152,0.0152,0.016879511382565243,0.68,0.78,2.591,4.0,0.926605504587156,0.0606,0.66,CT on P,0.22000000000000003,0.5
feature_3 > -1.556 AND feature_0 > -0.002 AND feature_1 > 1.249 AND feature_9 > -0.441 AND feature_1 > 1.586,4.706,0.737,1.14,5.85,5,179,0.0179,0.025666762259822198,1.0,0.89,2.957,4.0,0.926605504587156,0.0606,0.62,CT on P,0.22000000000000003,0.7
feature_3 > -0.729 AND feature_7 <= 2.182 AND feature_0 > -0.096 AND feature_3 <= -0.476 AND feature_6 > -0.358 AND feature_2 > 0.26,4.222,0.871,-0.75,3.47,6,116,0.0116,0.012881732370905053,0.9,0.89,1.595,5.0,0.926605504587156,0.0606,0.52,CT on P,0.22000000000000003,0.7
feature_3 > -0.729 AND feature_7 <= 2.182 AND feature_0 <= -0.096 AND feature_0 <= -1.354 AND feature_1 <= 0.514 AND feature_0 <= -2.123,3.377,1.0,2.94,-0.44,6,102,0.0102,0.011327040533037201,0.72,0.83,1.97,4.0,0.926605504587156,0.0606,0.62,CT on P,0.22000000000000003,0.7
feature_3 > -1.014 AND feature_0 > -1.906 AND feature_0 > 0.308 AND feature_1 > 1.103 AND feature_5 > -0.149 AND feature_4 <= -0.147,3.371,1.0,1.1,4.47,6,105,0.0105,0.01223205964585275,0.72,0.83,2.892,5.0,0.926605504587156,0.0606,0.72,CT on P,0.22000000000000003,0.7
feature_3 > -0.729 AND feature_7 <= 2.182 AND feature_0 > -0.096 AND feature_3 > -0.476 AND feature_0 > 1.393 AND feature_5 <= -0.596,3.202,0.934,0.84,4.04,6,152,0.0152,0.016879511382565243,0.68,0.78,2.591,4.0,0.926605504587156,0.0606,0.66,CT on P,0.22000000000000003,0.7
feature_3 > -1.556 AND feature_0 > -0.002 AND feature_1 > 1.249 AND feature_9 > -0.441 AND feature_1 > 1.586,4.706,0.737,1.14,5.85,5,179,0.0179,0.025666762259822198,1.0,0.89,2.957,4.0,0.926605504587156,0.0606,0.62,CT on P,0.22000000000000003,0.8
feature_3 > -0.729 AND feature_7 <= 2.182 AND feature_0 > -0.096 AND feature_3 <= -0.476 AND feature_6 > -0.358 AND feature_2 > 0.26,4.222,0.871,-0.75,3.47,6,116,0.0116,0.012881732370905053,0.9,0.89,1.595,5.0,0.926605504587156,0.0606,0.52,CT on P,0.22000000000000003,0.8
feature_3 > -0.729 AND feature_7 <= 2.182 AND feature_0 <= -0.096 AND feature_0 <= -1.354 AND feature_1 <= 0.514 AND feature_0 <= -2.123,3.377,1.0,2.94,-0.44,6,102,0.0102,0.011327040533037201,0.72,0.83,1.97,4.0,0.926605504587156,0.0606,0.62,CT on P,0.22000000000000003,0.8
feature_3 > -1.014 AND feature_0 > -1.906 AND feature_0 > 0.308 AND feature_1 > 1.103 AND feature_5 > -0.149 AND feature_4 <= -0.147,3.371,1.0,1.1,4.47,6,105,0.0105,0.01223205964585275,0.72,0.83,2.892,5.0,0.926605504587156,0.0606,0.72,CT on P,0.22000000000000003,0.8
feature_3 > -0.729 AND feature_7 <= 2.182 AND feature_0 > -0.096 AND feature_3 > -0.476 AND feature_0 > 1.393 AND feature_5 <= -0.596,3.202,0.934,0.84,4.04,6,152,0.0152,0.016879511382565243,0.68,0.78,2.591,4.0,0.926605504587156,0.0606,0.66,CT on P,0.22000000000000003,0.8
feature_0 > 0.823 AND feature_1 > 1.489 AND feature_9 <= -0.382,54.203,0.889,,,3,36,0.0036,0.004193849021435228,1.0,0.96,3.493,3.0,0.9248826291079812,0.0197,0.74,CF,1.03,0.5
feature_0 > 0.262 AND feature_1 > 1.416 AND feature_0 <= 0.509 AND feature_3 <= 0.283,16.552,0.757,,,4,37,0.0037,0.004310344827586207,0.31,0.49,2.527,3.0,0.9248826291079812,0.0197,0.58,CF,1.03,0.5
feature_0 > 0.256 AND feature_1 > 1.581 AND feature_4 <= 0.138 AND feature_5 > 0.127,7.635,1.0,,,4,51,0.0051,0.005941286113699907,0.14,0.48,3.218,4.0,0.9248826291079812,0.0197,0.75,CF,1.03,0.5
feature_0 <= 0.052 AND feature_0 <= -1.5 AND feature_4 <= 0.101 AND feature_2 > 1.277,6.595,1.0,,,4,46,0.0046,0.005358807082945014,0.12,0.47,1.264,3.0,0.9248826291079812,0.0197,0.54,CF,1.03,0.5
feature_0 > -0.337 AND feature_0 > 1.384 AND feature_0 <= 1.439 AND feature_4 <= 0.09,6.196,1.0,,,4,43,0.0043,0.0050093196644920785,0.11,0.47,2.185,2.0,0.9248826291079812,0.0197,0.64,CF,1.03,0.5
feature_0 > 0.823 AND feature_1 > 1.489 AND feature_9 <= -0.382,54.203,0.889,,,3,36,0.0036,0.004193849021435228,1.0,0.96,3.493,3.0,0.9248826291079812,0.0197,0.74,CF,1.03,0.7
feature_0 > 0.262 AND feature_1 > 1.416 AND feature_0 <= 0.509 AND feature_3 <= 0.283,16.552,0.757,,,4,37,0.0037,0.004310344827586207,0.31,0.49,2.527,3.0,0.9248826291079812,0.0197,0.58,CF,1.03,0.7
feature_0 > 0.256 AND feature_1 > 1.581 AND feature_4 <= 0.138 AND feature_5 > 0.127,7.635,1.0,,,4,51,0.0051,0.005941286113699907,0.14,0.48,3.218,4.0,0.9248826291079812,0.0197,0.75,CF,1.03,0.7
feature_0 <= 0.052 AND feature_0 <= -1.5 AND feature_4 <= 0.101 AND feature_2 > 1.277,6.595,1.0,,,4,46,0.0046,0.005358807082945014,0.12,0.47,1.264,3.0,0.9248826291079812,0.0197,0.54,CF,1.03,0.7
feature_0 > -0.337 AND feature_0 > 1.384 AND feature_0 <= 1.439 AND feature_4 <= 0.09,6.196,1.0,,,4,43,0.0043,0.0050093196644920785,0.11,0.47,2.185,2.0,0.9248826291079812,0.0197,0.64,CF,1.03,0.7
feature_0 > 0.823 AND feature_1 > 1.489 AND feature_9 <= -0.382,54.203,0.889,,,3,36,0.0036,0.004193849021435228,1.0,0.96,3.493,3.0,0.9248826291079812,0.0197,0.74,CF,1.08,0.8
feature_0 > 0.262 AND feature_1 > 1.416 AND feature_0 <= 0.509 AND feature_3 <= 0.283,16.552,0.757,,,4,37,0.0037,0.004310344827586207,0.31,0.49,2.527,3.0,0.9248826291079812,0.0197,0.58,CF,1.08,0.8
feature_0 > 0.256 AND feature_1 > 1.581 AND feature_4 <= 0.138 AND feature_5 > 0.127,7.635,1.0,,,4,51,0.0051,0.005941286113699907,0.14,0.48,3.218,4.0,0.9248826291079812,0.0197,0.75,CF,1.08,0.8
feature_0 <= 0.052 AND feature_0 <= -1.5 AND feature_4 <= 0.101 AND feature_2 > 1.277,6.595,1.0,,,4,46,0.0046,0.005358807082945014,0.12,0.47,1.264,3.0,0.9248826291079812,0.0197,0.54,CF,1.08,0.8
feature_0 > -0.337 AND feature_0 > 1.384 AND feature_0 <= 1.439 AND feature_4 <= 0.09,6.196,1.0,,,4,43,0.0043,0.0050093196644920785,0.11,0.47,2.185,2.0,0.9248826291079812,0.0197,0.64,CF,1.08,0.8
feature_0 > -0.05 AND feature_0 > 0.81 AND feature_1 > 1.451 AND feature_1 > 1.617,2.341,0.802,,,4,106,0.0106,0.012348555452003728,1.0,0.92,3.557,2.0,1.0,0.2197,0.71,CF SingleTree,0.03,0.5
feature_0 > -0.05 AND feature_0 > 0.81 AND feature_1 > 1.451 AND feature_1 <= 1.617,2.102,0.886,,,4,44,0.0044,0.005125815470643057,0.9,0.89,3.128,2.0,1.0,0.2197,0.7,CF SingleTree,0.03,0.5
feature_0 > -0.05 AND feature_0 <= 0.81 AND feature_1 > 1.387 AND feature_0 > 0.182,1.806,0.817,,,4,175,0.0175,0.02038676607642125,0.77,0.79,2.471,2.0,1.0,0.2197,0.6,CF SingleTree,0.03,0.5
feature_0 > -0.05 AND feature_0 > 0.81 AND feature_1 <= 1.451 AND feature_0 > 1.35,1.734,0.843,,,4,811,0.0811,0.09447809878844361,0.74,0.78,2.533,2.0,1.0,0.2197,0.61,CF SingleTree,0.03,0.5
feature_0 > -0.05 AND feature_0 > 0.81 AND feature_1 <= 1.451 AND feature_0 <= 1.35,1.509,0.854,,,4,1061,0.1061,0.12360205032618826,0.64,0.73,1.768,2.0,1.0,0.2197,0.54,CF SingleTree,0.03,0.5
feature_0 > -0.05 AND feature_0 > 0.81 AND feature_1 > 1.451 AND feature_1 > 1.617,2.341,0.802,,,4,106,0.0106,0.012348555452003728,1.0,0.92,3.557,2.0,1.0,0.2197,0.71,CF SingleTree,0.03,0.7
feature_0 > -0.05 AND feature_0 > 0.81 AND feature_1 > 1.451 AND feature_1 <= 1.617,2.102,0.886,,,4,44,0.0044,0.005125815470643057,0.9,0.89,3.128,2.0,1.0,0.2197,0.7,CF SingleTree,0.03,0.7
feature_0 > -0.05 AND feature_0 <= 0.81 AND feature_1 > 1.387 AND feature_0 > 0.182,1.806,0.817,,,4,175,0.0175,0.02038676607642125,0.77,0.79,2.471,2.0,1.0,0.2197,0.6,CF SingleTree,0.03,0.7
feature_0 > -0.05 AND feature_0 > 0.81 AND feature_1 <= 1.451 AND feature_0 > 1.35,1.734,0.843,,,4,811,0.0811,0.09447809878844361,0.74,0.78,2.533,2.0,1.0,0.2197,0.61,CF SingleTree,0.03,0.7
feature_0 > -0.05 AND feature_0 > 0.81 AND feature_1 <= 1.451 AND feature_0 <= 1.35,1.509,0.854,,,4,1061,0.1061,0.12360205032618826,0.64,0.73,1.768,2.0,1.0,0.2197,0.54,CF SingleTree,0.03,0.7
feature_0 > -0.05 AND feature_0 > 0.81 AND feature_1 > 1.451 AND feature_1 > 1.617,2.341,0.802,,,4,106,0.0106,0.012348555452003728,1.0,0.92,3.557,2.0,1.0,0.2197,0.71,CF SingleTree,0.03,0.8
feature_0 > -0.05 AND feature_0 > 0.81 AND feature_1 > 1.451 AND feature_1 <= 1.617,2.102,0.886,,,4,44,0.0044,0.005125815470643057,0.9,0.89,3.128,2.0,1.0,0.2197,0.7,CF SingleTree,0.03,0.8
feature_0 > -0.05 AND feature_0 <= 0.81 AND feature_1 > 1.387 AND feature_0 > 0.182,1.806,0.817,,,4,175,0.0175,0.02038676607642125,0.77,0.79,2.471,2.0,1.0,0.2197,0.6,CF SingleTree,0.03,0.8
feature_0 > -0.05 AND feature_0 > 0.81 AND feature_1 <= 1.451 AND feature_0 > 1.35,1.734,0.843,,,4,811,0.0811,0.09447809878844361,0.74,0.78,2.533,2.0,1.0,0.2197,0.61,CF SingleTree,0.03,0.8
feature_0 > -0.05 AND feature_0 > 0.81 AND feature_1 <= 1.451 AND feature_0 <= 1.35,1.509,0.854,,,4,1061,0.1061,0.12360205032618826,0.64,0.73,1.768,2.0,1.0,0.2197,0.54,CF SingleTree,0.03,0.8
feature_0 > 2.09 AND feature_0 < 3.09 AND feature_1 > 0.38 AND feature_1 < 3.38,3.838,0.89,,,4,73,0.0073,0.008504193849021435,1.0,0.95,3.838,2.0,0.6690821256038647,0.0277,0.78,Brute Force (Oracle),7.090000000000001,0.5
feature_0 > 1.59 AND feature_0 < 3.09 AND feature_1 > 0.88 AND feature_1 < 2.38,3.664,0.878,,,4,90,0.009,0.01048462255358807,0.95,0.92,3.664,2.0,0.6690821256038647,0.0277,0.75,Brute Force (Oracle),7.090000000000001,0.5
feature_0 > 1.09 AND feature_1 > 1.38,3.622,0.849,,,2,119,0.0119,0.013863000931966449,0.94,0.9,3.622,2.0,0.6690821256038647,0.0277,0.74,Brute Force (Oracle),7.090000000000001,0.5
feature_0 > 0.59 AND feature_0 < 2.09 AND feature_1 > 1.88,3.499,0.795,,,3,73,0.0073,0.008504193849021435,0.91,0.86,3.499,2.0,0.6690821256038647,0.0277,0.7,Brute Force (Oracle),7.090000000000001,0.5
feature_0 > -0.41 AND feature_1 > 2.38,3.4,0.831,,,2,59,0.0059,0.006873252562907735,0.88,0.86,3.4,2.0,0.6690821256038647,0.0277,0.7,Brute Force (Oracle),7.090000000000001,0.5
feature_0 > 2.09 AND feature_0 < 3.09 AND feature_1 > 0.38 AND feature_1 < 3.38,3.838,0.89,,,4,73,0.0073,0.008504193849021435,1.0,0.95,3.838,2.0,0.600896860986547,0.0268,0.78,Brute Force (Oracle),7.07,0.7
feature_0 > 1.59 AND feature_0 < 3.09 AND feature_1 > 0.88,3.767,0.878,,,3,98,0.0098,0.011416589002795898,0.98,0.94,3.767,2.0,0.600896860986547,0.0268,0.76,Brute Force (Oracle),7.07,0.7
feature_0 > 1.09 AND feature_1 > 1.38,3.622,0.849,,,2,119,0.0119,0.013863000931966449,0.94,0.9,3.622,2.0,0.600896860986547,0.0268,0.74,Brute Force (Oracle),7.07,0.7
feature_0 > 0.59 AND feature_0 < 3.09 AND feature_1 > 1.88,3.632,0.8,,,3,80,0.008,0.009319664492078284,0.94,0.89,3.632,2.0,0.600896860986547,0.0268,0.72,Brute Force (Oracle),7.07,0.7
feature_0 > 2.09 AND feature_0 < 2.59 AND feature_1 > -0.12 AND feature_1 < 1.88,3.377,0.882,,,4,76,0.0076,0.008853681267474371,0.88,0.88,3.377,2.0,0.600896860986547,0.0268,0.72,Brute Force (Oracle),7.07,0.7
feature_0 > 2.09 AND feature_0 < 3.09 AND feature_1 > 0.38 AND feature_1 < 3.38,3.838,0.89,,,4,73,0.0073,0.008504193849021435,1.0,0.95,3.838,2.0,0.5955555555555555,0.0268,0.78,Brute Force (Oracle),7.050000000000001,0.8
feature_0 > 1.59 AND feature_0 < 3.09 AND feature_1 > 0.88,3.767,0.878,,,3,98,0.0098,0.011416589002795898,0.98,0.94,3.767,2.0,0.5955555555555555,0.0268,0.76,Brute Force (Oracle),7.050000000000001,0.8
feature_0 > 1.09 AND feature_1 > 1.38,3.622,0.849,,,2,119,0.0119,0.013863000931966449,0.94,0.9,3.622,2.0,0.5955555555555555,0.0268,0.74,Brute Force (Oracle),7.050000000000001,0.8
feature_0 > 2.09 AND feature_0 < 2.59 AND feature_1 > -0.12,3.446,0.875,,,3,80,0.008,0.009319664492078284,0.9,0.89,3.446,2.0,0.5955555555555555,0.0268,0.73,Brute Force (Oracle),7.050000000000001,0.8
feature_0 > 0.59 AND feature_0 < 3.09 AND feature_1 > 1.88,3.632,0.8,,,3,80,0.008,0.009319664492078284,0.94,0.89,3.632,2.0,0.5955555555555555,0.0268,0.72,Brute Force (Oracle),7.050000000000001,0.8
