condition,t_est,distance,T0,T1,depth,norm_cate,score,t,features,true_score,algorithm,w,execution_time
feature_2 > -1.159,0.873,0.94,0.98,1.85,1,0.18,0.94,0.796,1.0,0.94,CT on D,0.0,
feature_2 > -1.159 AND feature_0 > -0.089,1.659,0.51,0.85,2.5,2,0.33,0.51,1.541,2.0,0.51,CT on D,0.0,
feature_2 > -1.159 AND feature_0 <= -0.089,0.018,0.45,1.13,1.11,2,0.0,0.45,0.048,2.0,0.45,CT on D,0.0,
feature_2 > -1.159 AND feature_0 > -0.089 AND feature_0 <= 0.846,1.268,0.33,0.77,2.04,3,0.26,0.33,1.158,2.0,0.33,CT on D,0.0,
feature_2 > -1.159 AND feature_0 > -0.089 AND feature_0 <= 0.846 AND feature_1 <= 1.369,1.162,0.3,0.67,1.83,4,0.23,0.3,1.048,3.0,0.3,CT on D,0.0,
feature_2 > -1.159,0.873,0.94,0.98,1.85,1,0.18,0.79,0.796,1.0,0.86,CT on D,0.2,
feature_2 > -1.159 AND feature_0 > -0.089,1.659,0.51,0.85,2.5,2,0.33,0.47,1.541,2.0,0.61,CT on D,0.2,
feature_2 > -1.159 AND feature_0 <= -0.089,0.018,0.45,1.13,1.11,2,0.0,0.36,0.048,2.0,0.37,CT on D,0.2,
feature_2 > -1.159 AND feature_0 > -0.089 AND feature_0 <= 0.846,1.268,0.33,0.77,2.04,3,0.26,0.32,1.158,2.0,0.41,CT on D,0.2,
feature_2 > -1.159 AND feature_0 > -0.089 AND feature_0 <= 0.846 AND feature_1 <= 1.369,1.162,0.3,0.67,1.83,4,0.23,0.29,1.048,3.0,0.38,CT on D,0.2,
feature_2 > -1.159,0.873,0.94,0.98,1.85,1,0.18,0.63,0.796,1.0,0.68,CT on D,0.4,
feature_2 > -1.159 AND feature_0 > -0.089,1.659,0.51,0.85,2.5,2,0.33,0.44,1.541,2.0,0.54,CT on D,0.4,
feature_2 > -1.159 AND feature_0 > -0.089 AND feature_0 > 0.846 AND feature_1 > 0.214 AND feature_7 <= -0.245 AND feature_7 > -0.637,4.956,0.01,-0.04,4.92,6,1.0,0.41,2.654,4.0,0.41,CT on D,0.4,
feature_2 > -1.159 AND feature_0 > -0.089 AND feature_0 > 0.846 AND feature_1 > 0.214 AND feature_7 <= -0.245,3.845,0.04,0.88,4.72,5,0.78,0.33,2.654,4.0,0.42,CT on D,0.4,
feature_2 > -1.159 AND feature_0 > -0.089 AND feature_0 > 0.846,2.324,0.19,0.97,3.3,3,0.47,0.3,2.194,2.0,0.44,CT on D,0.4,
feature_2 > -1.159 AND feature_0 > -0.089 AND feature_0 > 0.846 AND feature_1 > 0.214 AND feature_7 <= -0.245 AND feature_7 > -0.637,4.956,0.01,-0.04,4.92,6,1.0,0.6,2.654,4.0,0.6,CT on D,0.6,
feature_2 > -1.159,0.873,0.94,0.98,1.85,1,0.18,0.48,0.796,1.0,0.56,CT on D,0.6,
feature_2 > -1.159 AND feature_0 > -0.089 AND feature_0 > 0.846 AND feature_1 > 0.214 AND feature_7 <= -0.245,3.845,0.04,0.88,4.72,5,0.78,0.48,2.654,4.0,0.62,CT on D,0.6,
feature_2 <= -1.159 AND feature_0 > 0.499 AND feature_1 > 0.492,3.664,0.0,0.99,4.65,3,0.74,0.44,2.623,3.0,0.59,CT on D,0.6,
feature_2 > -1.159 AND feature_0 > -0.089 AND feature_0 <= 0.846 AND feature_1 > 1.369 AND feature_3 <= -0.439,3.521,0.01,1.04,4.56,5,0.71,0.43,2.304,4.0,0.52,CT on D,0.6,
feature_2 > -1.159 AND feature_0 > -0.089 AND feature_0 > 0.846 AND feature_1 > 0.214 AND feature_7 <= -0.245 AND feature_7 > -0.637,4.956,0.01,-0.04,4.92,6,1.0,0.8,2.654,4.0,0.8,CT on D,0.8,
feature_2 > -1.159 AND feature_0 > -0.089 AND feature_0 > 0.846 AND feature_1 > 0.214 AND feature_7 <= -0.245,3.845,0.04,0.88,4.72,5,0.78,0.63,2.654,4.0,0.81,CT on D,0.8,
feature_2 <= -1.159 AND feature_0 > 0.499 AND feature_1 > 0.492,3.664,0.0,0.99,4.65,3,0.74,0.59,2.623,3.0,0.79,CT on D,0.8,
feature_2 > -1.159 AND feature_0 > -0.089 AND feature_0 <= 0.846 AND feature_1 > 1.369 AND feature_3 <= -0.439,3.521,0.01,1.04,4.56,5,0.71,0.57,2.304,4.0,0.7,CT on D,0.8,
feature_2 > -1.159 AND feature_0 > -0.089 AND feature_0 > 0.846 AND feature_1 > 0.214 AND feature_7 <= -0.245 AND feature_7 <= -0.637,3.227,0.02,1.38,4.61,6,0.65,0.52,2.654,4.0,0.8,CT on D,0.8,
feature_2 > -1.159 AND feature_0 > -0.089 AND feature_0 > 0.846 AND feature_1 > 0.214 AND feature_7 <= -0.245 AND feature_7 > -0.637,4.956,0.01,-0.04,4.92,6,1.0,1.0,2.654,4.0,1.0,CT on D,1.0,
feature_2 > -1.159 AND feature_0 > -0.089 AND feature_0 > 0.846 AND feature_1 > 0.214 AND feature_7 <= -0.245,3.845,0.04,0.88,4.72,5,0.78,0.78,2.654,4.0,1.0,CT on D,1.0,
feature_2 <= -1.159 AND feature_0 > 0.499 AND feature_1 > 0.492,3.664,0.0,0.99,4.65,3,0.74,0.74,2.623,3.0,0.99,CT on D,1.0,
feature_2 > -1.159 AND feature_0 > -0.089 AND feature_0 <= 0.846 AND feature_1 > 1.369 AND feature_3 <= -0.439,3.521,0.01,1.04,4.56,5,0.71,0.71,2.304,4.0,0.87,CT on D,1.0,
feature_2 > -1.159 AND feature_0 > -0.089 AND feature_0 > 0.846 AND feature_1 > 0.214 AND feature_7 <= -0.245 AND feature_7 <= -0.637,3.227,0.02,1.38,4.61,6,0.65,0.65,2.654,4.0,1.0,CT on D,1.0,
feature_0 <= 2.171,0.857,0.99,0.99,1.85,1,0.22,0.99,0.762,1.0,0.99,CT on P,0.0,
feature_0 <= 2.171 AND feature_0 <= 0.002,0.086,0.51,1.13,1.22,2,0.02,0.51,0.009,1.0,0.51,CT on P,0.0,
feature_0 <= 2.171 AND feature_0 > 0.002,1.67,0.48,0.84,2.51,2,0.43,0.48,1.553,1.0,0.48,CT on P,0.0,
feature_0 <= 2.171 AND feature_0 <= 0.002 AND feature_1 <= 0.844,0.173,0.4,1.11,0.94,3,0.04,0.4,0.2,2.0,0.4,CT on P,0.0,
feature_0 <= 2.171 AND feature_0 > 0.002 AND feature_0 <= 1.275,1.473,0.39,0.83,2.31,3,0.38,0.39,1.37,1.0,0.39,CT on P,0.0,
feature_0 <= 2.171,0.857,0.99,0.99,1.85,1,0.22,0.84,0.762,1.0,0.89,CT on P,0.2,
feature_0 <= 2.171 AND feature_0 > 0.002,1.67,0.48,0.84,2.51,2,0.43,0.47,1.553,1.0,0.58,CT on P,0.2,
feature_0 <= 2.171 AND feature_0 <= 0.002,0.086,0.51,1.13,1.22,2,0.02,0.41,0.009,1.0,0.41,CT on P,0.2,
feature_0 <= 2.171 AND feature_0 > 0.002 AND feature_0 <= 1.275,1.473,0.39,0.83,2.31,3,0.38,0.39,1.37,1.0,0.49,CT on P,0.2,
feature_0 <= 2.171 AND feature_0 > 0.002 AND feature_0 <= 1.275 AND feature_1 > -0.908,1.63,0.33,0.85,2.48,4,0.42,0.35,1.495,2.0,0.46,CT on P,0.2,
feature_0 <= 2.171,0.857,0.99,0.99,1.85,1,0.22,0.68,0.762,1.0,0.7,CT on P,0.4,
feature_0 <= 2.171 AND feature_0 > 0.002,1.67,0.48,0.84,2.51,2,0.43,0.46,1.553,1.0,0.5,CT on P,0.4,
feature_0 <= 2.171 AND feature_0 > 0.002 AND feature_0 > 1.275 AND feature_1 > -0.678 AND feature_7 <= 0.261 AND feature_1 > 0.201,3.913,0.02,1.07,4.99,6,1.0,0.41,2.885,3.0,0.41,CT on P,0.4,
feature_0 <= 2.171 AND feature_0 > 0.002 AND feature_0 <= 1.275,1.473,0.39,0.83,2.31,3,0.38,0.38,1.37,1.0,0.42,CT on P,0.4,
feature_0 <= 2.171 AND feature_0 > 0.002 AND feature_0 > 1.275 AND feature_1 > -0.678 AND feature_7 <= 0.261,3.481,0.04,0.77,4.25,5,0.89,0.38,2.583,3.0,0.38,CT on P,0.4,
feature_0 <= 2.171 AND feature_0 > 0.002 AND feature_0 > 1.275 AND feature_1 > -0.678 AND feature_7 <= 0.261 AND feature_1 > 0.201,3.913,0.02,1.07,4.99,6,1.0,0.61,2.885,3.0,0.54,CT on P,0.6,
feature_0 <= 2.171 AND feature_0 > 0.002 AND feature_0 > 1.275 AND feature_1 > -0.678 AND feature_7 <= 0.261,3.481,0.04,0.77,4.25,5,0.89,0.55,2.583,3.0,0.49,CT on P,0.6,
feature_0 <= 2.171,0.857,0.99,0.99,1.85,1,0.22,0.53,0.762,1.0,0.54,CT on P,0.6,
feature_0 <= 2.171 AND feature_0 > 0.002 AND feature_0 > 1.275 AND feature_1 > -0.678,2.992,0.06,1.02,4.01,4,0.76,0.48,2.574,2.0,0.5,CT on P,0.6,
feature_0 > 2.171,3.049,0.01,1.63,4.68,1,0.78,0.47,3.275,1.0,0.6,CT on P,0.6,
feature_0 <= 2.171 AND feature_0 > 0.002 AND feature_0 > 1.275 AND feature_1 > -0.678 AND feature_7 <= 0.261 AND feature_1 > 0.201,3.913,0.02,1.07,4.99,6,1.0,0.8,2.885,3.0,0.71,CT on P,0.8,
feature_0 <= 2.171 AND feature_0 > 0.002 AND feature_0 > 1.275 AND feature_1 > -0.678 AND feature_7 <= 0.261,3.481,0.04,0.77,4.25,5,0.89,0.72,2.583,3.0,0.64,CT on P,0.8,
feature_0 > 2.171,3.049,0.01,1.63,4.68,1,0.78,0.63,3.275,1.0,0.8,CT on P,0.8,
feature_0 <= 2.171 AND feature_0 > 0.002 AND feature_0 > 1.275 AND feature_1 > -0.678,2.992,0.06,1.02,4.01,4,0.76,0.62,2.574,2.0,0.64,CT on P,0.8,
feature_0 <= 2.171 AND feature_0 > 0.002 AND feature_0 > 1.275 AND feature_1 > -0.678 AND feature_7 <= 0.261 AND feature_1 <= 0.201,2.944,0.02,0.4,3.34,6,0.75,0.61,2.2,3.0,0.54,CT on P,0.8,
feature_0 <= 2.171 AND feature_0 > 0.002 AND feature_0 > 1.275 AND feature_1 > -0.678 AND feature_7 <= 0.261 AND feature_1 > 0.201,3.913,0.02,1.07,4.99,6,1.0,1.0,2.885,3.0,0.88,CT on P,1.0,
feature_0 <= 2.171 AND feature_0 > 0.002 AND feature_0 > 1.275 AND feature_1 > -0.678 AND feature_7 <= 0.261,3.481,0.04,0.77,4.25,5,0.89,0.89,2.583,3.0,0.79,CT on P,1.0,
feature_0 > 2.171,3.049,0.01,1.63,4.68,1,0.78,0.78,3.275,1.0,1.0,CT on P,1.0,
feature_0 <= 2.171 AND feature_0 > 0.002 AND feature_0 > 1.275 AND feature_1 > -0.678,2.992,0.06,1.02,4.01,4,0.76,0.76,2.574,2.0,0.79,CT on P,1.0,
feature_0 <= 2.171 AND feature_0 > 0.002 AND feature_0 > 1.275 AND feature_1 > -0.678 AND feature_7 <= 0.261 AND feature_1 <= 0.201,2.944,0.02,0.4,3.34,6,0.75,0.75,2.2,3.0,0.67,CT on P,1.0,
feature_0 <= 1.287,0.881,0.76,,,1,0.04,0.76,0.609,1.0,0.76,CF,0.0,5.32
feature_1 <= 1.094,0.76,0.73,,,1,0.04,0.73,0.643,1.0,0.73,CF,0.0,5.32
feature_0 <= 0.931,0.69,0.7,,,1,0.03,0.7,0.491,1.0,0.7,CF,0.0,5.32
feature_0 > -0.95,1.053,0.7,,,1,0.05,0.7,1.107,1.0,0.7,CF,0.0,5.32
feature_0 > -0.909,1.041,0.69,,,1,0.05,0.69,1.125,1.0,0.69,CF,0.0,5.32
feature_0 <= 1.287,0.881,0.76,,,1,0.04,0.62,0.609,1.0,0.72,CF,0.2,5.32
feature_1 <= 1.094,0.76,0.73,,,1,0.04,0.59,0.643,1.0,0.7,CF,0.2,5.32
feature_0 > -0.95,1.053,0.7,,,1,0.05,0.57,1.107,1.0,0.76,CF,0.2,5.32
feature_0 <= 0.931,0.69,0.7,,,1,0.03,0.57,0.491,1.0,0.65,CF,0.2,5.32
feature_0 > -0.909,1.041,0.69,,,1,0.05,0.56,1.125,1.0,0.75,CF,0.2,5.32
feature_0 <= 1.287,0.881,0.76,,,1,0.04,0.47,0.609,1.0,0.67,CF,0.4,5.32
feature_1 <= 1.094,0.76,0.73,,,1,0.04,0.45,0.643,1.0,0.67,CF,0.4,5.32
feature_0 > -0.95,1.053,0.7,,,1,0.05,0.44,1.107,1.0,0.81,CF,0.4,5.32
feature_0 > -0.909,1.041,0.69,,,1,0.05,0.43,1.125,1.0,0.81,CF,0.4,5.32
feature_0 <= 0.931,0.69,0.7,,,1,0.03,0.43,0.491,1.0,0.59,CF,0.4,5.32
feature_0 <= -0.02 AND feature_1 > 1.647 AND feature_4 <= -0.55 AND feature_9 > -0.299,20.29,0.0,,,4,1.0,0.6,1.479,4.0,0.6,CF,0.6,5.32
feature_0 <= 1.287,0.881,0.76,,,1,0.04,0.33,0.609,1.0,0.55,CF,0.6,5.32
feature_1 <= 1.094,0.76,0.73,,,1,0.04,0.31,0.643,1.0,0.55,CF,0.6,5.32
feature_0 > -0.95,1.053,0.7,,,1,0.05,0.31,1.107,1.0,0.73,CF,0.6,5.32
feature_0 > -0.909,1.041,0.69,,,1,0.05,0.31,1.125,1.0,0.73,CF,0.6,5.32
feature_0 <= -0.02 AND feature_1 > 1.647 AND feature_4 <= -0.55 AND feature_9 > -0.299,20.29,0.0,,,4,1.0,0.8,1.479,4.0,0.45,CF,0.8,5.32
feature_0 > 0.543 AND feature_1 > 0.561 AND feature_3 <= -1.276 AND feature_8 <= 0.623,7.402,0.01,,,4,0.36,0.29,2.633,4.0,0.8,CF,0.8,5.32
feature_0 > 0.359 AND feature_1 > 0.955 AND feature_0 <= 1.232 AND feature_2 <= -1.561,7.03,0.0,,,4,0.35,0.28,2.439,3.0,0.74,CF,0.8,5.32
feature_0 > 0.41 AND feature_1 > 0.565 AND feature_3 <= -1.056 AND feature_4 <= 0.123,6.565,0.01,,,4,0.32,0.26,2.524,4.0,0.77,CF,0.8,5.32
feature_0 > 0.543 AND feature_1 > 0.561 AND feature_3 <= -1.276,6.009,0.01,,,3,0.3,0.24,2.643,3.0,0.8,CF,0.8,5.32
feature_0 <= -0.02 AND feature_1 > 1.647 AND feature_4 <= -0.55 AND feature_9 > -0.299,20.29,0.0,,,4,1.0,1.0,1.479,4.0,0.56,CF,1.0,5.32
feature_0 > 0.543 AND feature_1 > 0.561 AND feature_3 <= -1.276 AND feature_8 <= 0.623,7.402,0.01,,,4,0.36,0.36,2.633,4.0,1.0,CF,1.0,5.32
feature_0 > 0.359 AND feature_1 > 0.955 AND feature_0 <= 1.232 AND feature_2 <= -1.561,7.03,0.0,,,4,0.35,0.35,2.439,3.0,0.92,CF,1.0,5.32
feature_0 > 0.41 AND feature_1 > 0.565 AND feature_3 <= -1.056 AND feature_4 <= 0.123,6.565,0.01,,,4,0.32,0.32,2.524,4.0,0.95,CF,1.0,5.32
feature_0 > 0.543 AND feature_1 > 0.561 AND feature_3 <= -1.276,6.009,0.01,,,3,0.3,0.3,2.643,3.0,1.0,CF,1.0,5.32
feature_0 <= 0.188,0.322,0.52,,,1,0.12,0.52,0.128,1.0,0.52,CF SingleTree,0.0,0.61
feature_0 > 0.188,1.647,0.38,,,1,0.6,0.38,1.723,1.0,0.38,CF SingleTree,0.0,0.61
feature_0 <= 0.188 AND feature_0 <= -0.459,0.077,0.31,,,2,0.03,0.31,0.302,1.0,0.31,CF SingleTree,0.0,0.61
feature_0 <= 0.188 AND feature_0 <= -0.459 AND feature_1 <= 0.749,0.036,0.24,,,3,0.01,0.24,0.535,2.0,0.24,CF SingleTree,0.0,0.61
feature_0 <= 0.188 AND feature_0 > -0.459,0.641,0.24,,,2,0.24,0.24,0.685,1.0,0.24,CF SingleTree,0.0,0.61
feature_0 <= 0.188,0.322,0.52,,,1,0.12,0.44,0.128,1.0,0.43,CF SingleTree,0.2,0.61
feature_0 > 0.188,1.647,0.38,,,1,0.6,0.42,1.723,1.0,0.46,CF SingleTree,0.2,0.61
feature_0 > 0.188 AND feature_0 > 0.771,1.95,0.21,,,2,0.72,0.31,2.147,1.0,0.37,CF SingleTree,0.2,0.61
feature_0 > 0.188 AND feature_0 > 0.771 AND feature_1 <= 0.955,1.827,0.18,,,3,0.67,0.28,1.982,2.0,0.33,CF SingleTree,0.2,0.61
feature_0 <= 0.188 AND feature_0 <= -0.459,0.077,0.31,,,2,0.03,0.25,0.302,1.0,0.28,CF SingleTree,0.2,0.61
feature_0 > 0.188,1.647,0.38,,,1,0.6,0.47,1.723,1.0,0.44,CF SingleTree,0.4,0.61
feature_0 > 0.188 AND feature_0 > 0.771,1.95,0.21,,,2,0.72,0.41,2.147,1.0,0.39,CF SingleTree,0.4,0.61
feature_0 > 0.188 AND feature_0 > 0.771 AND feature_1 > 0.955 AND feature_1 > 1.405,2.725,0.01,,,4,1.0,0.41,3.254,2.0,0.41,CF SingleTree,0.4,0.61
feature_0 > 0.188 AND feature_0 > 0.771 AND feature_1 > 0.955,2.55,0.04,,,3,0.94,0.4,2.945,2.0,0.39,CF SingleTree,0.4,0.61
feature_0 > 0.188 AND feature_0 > 0.771 AND feature_1 <= 0.955,1.827,0.18,,,3,0.67,0.38,1.982,2.0,0.35,CF SingleTree,0.4,0.61
feature_0 > 0.188 AND feature_0 > 0.771 AND feature_1 > 0.955 AND feature_1 > 1.405,2.725,0.01,,,4,1.0,0.6,3.254,2.0,0.6,CF SingleTree,0.6,0.61
feature_0 > 0.188 AND feature_0 > 0.771 AND feature_1 > 0.955,2.55,0.04,,,3,0.94,0.58,2.945,2.0,0.56,CF SingleTree,0.6,0.61
feature_0 > 0.188 AND feature_0 > 0.771 AND feature_1 > 0.955 AND feature_1 <= 1.405,2.415,0.02,,,4,0.89,0.54,2.705,2.0,0.51,CF SingleTree,0.6,0.61
feature_0 > 0.188,1.647,0.38,,,1,0.6,0.51,1.723,1.0,0.47,CF SingleTree,0.6,0.61
feature_0 > 0.188 AND feature_0 > 0.771,1.95,0.21,,,2,0.72,0.51,2.147,1.0,0.48,CF SingleTree,0.6,0.61
feature_0 > 0.188 AND feature_0 > 0.771 AND feature_1 > 0.955 AND feature_1 > 1.405,2.725,0.01,,,4,1.0,0.8,3.254,2.0,0.8,CF SingleTree,0.8,0.61
feature_0 > 0.188 AND feature_0 > 0.771 AND feature_1 > 0.955,2.55,0.04,,,3,0.94,0.76,2.945,2.0,0.73,CF SingleTree,0.8,0.61
feature_0 > 0.188 AND feature_0 > 0.771 AND feature_1 > 0.955 AND feature_1 <= 1.405,2.415,0.02,,,4,0.89,0.71,2.705,2.0,0.67,CF SingleTree,0.8,0.61
feature_0 > 0.188 AND feature_0 <= 0.771 AND feature_1 > 0.974 AND feature_0 > 0.373,2.16,0.02,,,4,0.79,0.64,2.282,2.0,0.57,CF SingleTree,0.8,0.61
feature_0 > 0.188 AND feature_0 > 0.771,1.95,0.21,,,2,0.72,0.61,2.147,1.0,0.57,CF SingleTree,0.8,0.61
feature_0 > 0.188 AND feature_0 > 0.771 AND feature_1 > 0.955 AND feature_1 > 1.405,2.725,0.01,,,4,1.0,1.0,3.254,2.0,1.0,CF SingleTree,1.0,0.61
feature_0 > 0.188 AND feature_0 > 0.771 AND feature_1 > 0.955,2.55,0.04,,,3,0.94,0.94,2.945,2.0,0.91,CF SingleTree,1.0,0.61
feature_0 > 0.188 AND feature_0 > 0.771 AND feature_1 > 0.955 AND feature_1 <= 1.405,2.415,0.02,,,4,0.89,0.89,2.705,2.0,0.83,CF SingleTree,1.0,0.61
feature_0 > 0.188 AND feature_0 <= 0.771 AND feature_1 > 0.974 AND feature_0 > 0.373,2.16,0.02,,,4,0.79,0.79,2.282,2.0,0.7,CF SingleTree,1.0,0.61
feature_0 > 0.188 AND feature_0 <= 0.771 AND feature_1 > 0.974,2.02,0.03,,,3,0.74,0.74,2.162,2.0,0.66,CF SingleTree,1.0,0.61
feature_8 <= 0.311,0.947,0.56,0.91,1.86,1,0.24,0.56,0.825,1.0,0.56,CT on D,0.0,
feature_8 <= 0.311 AND feature_0 <= 2.014,0.914,0.55,0.9,1.81,2,0.23,0.55,0.775,2.0,0.55,CT on D,0.0,
feature_8 > 0.311,0.737,0.37,1.09,1.83,1,0.18,0.37,0.837,1.0,0.37,CT on D,0.0,
feature_8 <= 0.311 AND feature_0 <= 2.014 AND feature_0 > -0.368,1.572,0.36,0.78,2.35,3,0.39,0.36,1.358,2.0,0.36,CT on D,0.0,
feature_8 > 0.311 AND feature_2 <= 0.484,0.752,0.26,0.88,1.63,2,0.19,0.26,0.842,2.0,0.26,CT on D,0.0,
feature_8 <= 0.311,0.947,0.56,0.91,1.86,1,0.24,0.5,0.825,1.0,0.57,CT on D,0.2,
feature_8 <= 0.311 AND feature_0 <= 2.014,0.914,0.55,0.9,1.81,2,0.23,0.49,0.775,2.0,0.55,CT on D,0.2,
feature_8 <= 0.311 AND feature_0 <= 2.014 AND feature_0 > -0.368,1.572,0.36,0.78,2.35,3,0.39,0.37,1.358,2.0,0.49,CT on D,0.2,
feature_8 > 0.311,0.737,0.37,1.09,1.83,1,0.18,0.33,0.837,1.0,0.42,CT on D,0.2,
feature_8 <= 0.311 AND feature_0 <= 2.014 AND feature_0 > -0.368 AND feature_1 <= 0.5,1.089,0.25,0.69,1.78,4,0.27,0.25,1.07,3.0,0.36,CT on D,0.2,
feature_8 <= 0.311,0.947,0.56,0.91,1.86,1,0.24,0.43,0.825,1.0,0.46,CT on D,0.4,
feature_8 <= 0.311 AND feature_0 <= 2.014,0.914,0.55,0.9,1.81,2,0.23,0.42,0.775,2.0,0.45,CT on D,0.4,
feature_8 <= 0.311 AND feature_0 <= 2.014 AND feature_0 > -0.368 AND feature_1 > 0.5 AND feature_5 > 0.379 AND feature_0 > 0.691,3.998,0.02,1.25,5.25,6,1.0,0.41,2.597,4.0,0.41,CT on D,0.4,
feature_8 <= 0.311 AND feature_0 <= 2.014 AND feature_0 > -0.368,1.572,0.36,0.78,2.35,3,0.39,0.37,1.358,2.0,0.43,CT on D,0.4,
feature_8 > 0.311 AND feature_2 <= 0.484 AND feature_3 <= 0.576 AND feature_4 > -1.572 AND feature_0 > -0.122 AND feature_1 > 1.181,3.51,0.01,0.73,4.24,6,0.88,0.36,2.531,6.0,0.4,CT on D,0.4,
feature_8 <= 0.311 AND feature_0 <= 2.014 AND feature_0 > -0.368 AND feature_1 > 0.5 AND feature_5 > 0.379 AND feature_0 > 0.691,3.998,0.02,1.25,5.25,6,1.0,0.61,2.597,4.0,0.49,CT on D,0.6,
feature_8 > 0.311 AND feature_2 <= 0.484 AND feature_3 <= 0.576 AND feature_4 > -1.572 AND feature_0 > -0.122 AND feature_1 > 1.181,3.51,0.01,0.73,4.24,6,0.88,0.53,2.531,6.0,0.48,CT on D,0.6,
feature_8 <= 0.311 AND feature_0 <= 2.014 AND feature_0 > -0.368 AND feature_1 > 0.5 AND feature_5 > 0.379,3.089,0.04,0.82,3.91,5,0.77,0.48,1.982,4.0,0.39,CT on D,0.6,
feature_8 <= 0.311 AND feature_0 <= 2.014 AND feature_0 > -0.368 AND feature_1 > 0.5 AND feature_5 <= 0.379 AND feature_5 <= -0.867,3.077,0.02,0.69,3.76,6,0.77,0.47,1.956,4.0,0.37,CT on D,0.6,
feature_8 <= 0.311 AND feature_0 > 2.014,2.922,0.01,1.5,4.42,2,0.73,0.44,3.203,2.0,0.6,CT on D,0.6,
feature_8 <= 0.311 AND feature_0 <= 2.014 AND feature_0 > -0.368 AND feature_1 > 0.5 AND feature_5 > 0.379 AND feature_0 > 0.691,3.998,0.02,1.25,5.25,6,1.0,0.8,2.597,4.0,0.65,CT on D,0.8,
feature_8 > 0.311 AND feature_2 <= 0.484 AND feature_3 <= 0.576 AND feature_4 > -1.572 AND feature_0 > -0.122 AND feature_1 > 1.181,3.51,0.01,0.73,4.24,6,0.88,0.7,2.531,6.0,0.63,CT on D,0.8,
feature_8 <= 0.311 AND feature_0 <= 2.014 AND feature_0 > -0.368 AND feature_1 > 0.5 AND feature_5 > 0.379,3.089,0.04,0.82,3.91,5,0.77,0.63,1.982,4.0,0.5,CT on D,0.8,
feature_8 <= 0.311 AND feature_0 <= 2.014 AND feature_0 > -0.368 AND feature_1 > 0.5 AND feature_5 <= 0.379 AND feature_5 <= -0.867,3.077,0.02,0.69,3.76,6,0.77,0.62,1.956,4.0,0.49,CT on D,0.8,
feature_8 <= 0.311 AND feature_0 > 2.014,2.922,0.01,1.5,4.42,2,0.73,0.59,3.203,2.0,0.8,CT on D,0.8,
feature_8 <= 0.311 AND feature_0 <= 2.014 AND feature_0 > -0.368 AND feature_1 > 0.5 AND feature_5 > 0.379 AND feature_0 > 0.691,3.998,0.02,1.25,5.25,6,1.0,1.0,2.597,4.0,0.81,CT on D,1.0,
feature_8 > 0.311 AND feature_2 <= 0.484 AND feature_3 <= 0.576 AND feature_4 > -1.572 AND feature_0 > -0.122 AND feature_1 > 1.181,3.51,0.01,0.73,4.24,6,0.88,0.88,2.531,6.0,0.79,CT on D,1.0,
feature_8 <= 0.311 AND feature_0 <= 2.014 AND feature_0 > -0.368 AND feature_1 > 0.5 AND feature_5 > 0.379,3.089,0.04,0.82,3.91,5,0.77,0.77,1.982,4.0,0.62,CT on D,1.0,
feature_8 <= 0.311 AND feature_0 <= 2.014 AND feature_0 > -0.368 AND feature_1 > 0.5 AND feature_5 <= 0.379 AND feature_5 <= -0.867,3.077,0.02,0.69,3.76,6,0.77,0.77,1.956,4.0,0.61,CT on D,1.0,
feature_8 <= 0.311 AND feature_0 > 2.014,2.922,0.01,1.5,4.42,2,0.73,0.73,3.203,2.0,1.0,CT on D,1.0,
feature_8 <= 0.372,0.939,0.64,1.0,1.94,1,0.26,0.64,0.824,1.0,0.64,CT on P,0.0,
feature_8 <= 0.372 AND feature_0 <= 1.965,0.896,0.62,0.99,1.88,2,0.25,0.62,0.766,2.0,0.62,CT on P,0.0,
feature_8 <= 0.372 AND feature_0 <= 1.965 AND feature_0 > -0.417,1.533,0.41,0.88,2.42,3,0.42,0.41,1.321,2.0,0.41,CT on P,0.0,
feature_8 > 0.372,0.69,0.36,1.14,1.83,1,0.19,0.36,0.839,1.0,0.36,CT on P,0.0,
feature_8 <= 0.372 AND feature_0 <= 1.965 AND feature_0 > -0.417 AND feature_1 <= 0.527,1.036,0.28,0.84,1.87,4,0.28,0.28,1.041,3.0,0.28,CT on P,0.0,
feature_8 <= 0.372,0.939,0.64,1.0,1.94,1,0.26,0.56,0.824,1.0,0.64,CT on P,0.2,
feature_8 <= 0.372 AND feature_0 <= 1.965,0.896,0.62,0.99,1.88,2,0.25,0.55,0.766,2.0,0.61,CT on P,0.2,
feature_8 <= 0.372 AND feature_0 <= 1.965 AND feature_0 > -0.417,1.533,0.41,0.88,2.42,3,0.42,0.41,1.321,2.0,0.53,CT on P,0.2,
feature_8 > 0.372,0.69,0.36,1.14,1.83,1,0.19,0.33,0.839,1.0,0.42,CT on P,0.2,
feature_8 <= 0.372 AND feature_0 <= 1.965 AND feature_0 > -0.417 AND feature_1 <= 0.527,1.036,0.28,0.84,1.87,4,0.28,0.28,1.041,3.0,0.38,CT on P,0.2,
feature_8 <= 0.372,0.939,0.64,1.0,1.94,1,0.26,0.49,0.824,1.0,0.51,CT on P,0.4,
feature_8 <= 0.372 AND feature_0 <= 1.965,0.896,0.62,0.99,1.88,2,0.25,0.47,0.766,2.0,0.49,CT on P,0.4,
feature_8 <= 0.372 AND feature_0 <= 1.965 AND feature_0 > -0.417 AND feature_1 > 0.527 AND feature_9 > -0.382 AND feature_0 > 0.671,3.652,0.03,0.95,4.6,6,1.0,0.42,2.567,4.0,0.42,CT on P,0.4,
feature_8 <= 0.372 AND feature_0 <= 1.965 AND feature_0 > -0.417,1.533,0.41,0.88,2.42,3,0.42,0.41,1.321,2.0,0.45,CT on P,0.4,
feature_8 <= 0.372 AND feature_0 <= 1.965 AND feature_0 > -0.417 AND feature_1 > 0.527 AND feature_9 > -0.382,2.956,0.08,0.77,3.72,5,0.81,0.37,1.949,4.0,0.35,CT on P,0.4,
feature_8 <= 0.372 AND feature_0 <= 1.965 AND feature_0 > -0.417 AND feature_1 > 0.527 AND feature_9 > -0.382 AND feature_0 > 0.671,3.652,0.03,0.95,4.6,6,1.0,0.61,2.567,4.0,0.5,CT on P,0.6,
feature_8 <= 0.372 AND feature_0 <= 1.965 AND feature_0 > -0.417 AND feature_1 > 0.527 AND feature_9 > -0.382,2.956,0.08,0.77,3.72,5,0.81,0.52,1.949,4.0,0.4,CT on P,0.6,
feature_8 <= 0.372 AND feature_0 > 1.965,3.092,0.02,1.51,4.6,2,0.85,0.52,3.138,2.0,0.61,CT on P,0.6,
feature_8 <= 0.372 AND feature_0 <= 1.965 AND feature_0 > -0.417 AND feature_1 > 0.527,2.646,0.13,0.99,3.63,4,0.72,0.49,1.955,3.0,0.43,CT on P,0.6,
feature_8 <= 0.372 AND feature_0 <= 1.965 AND feature_0 > -0.417 AND feature_1 > 0.527 AND feature_9 > -0.382 AND feature_0 <= 0.671,2.564,0.05,0.67,3.23,6,0.7,0.44,1.593,4.0,0.32,CT on P,0.6,
feature_8 <= 0.372 AND feature_0 <= 1.965 AND feature_0 > -0.417 AND feature_1 > 0.527 AND feature_9 > -0.382 AND feature_0 > 0.671,3.652,0.03,0.95,4.6,6,1.0,0.81,2.567,4.0,0.66,CT on P,0.8,
feature_8 <= 0.372 AND feature_0 > 1.965,3.092,0.02,1.51,4.6,2,0.85,0.68,3.138,2.0,0.8,CT on P,0.8,
feature_8 <= 0.372 AND feature_0 <= 1.965 AND feature_0 > -0.417 AND feature_1 > 0.527 AND feature_9 > -0.382,2.956,0.08,0.77,3.72,5,0.81,0.66,1.949,4.0,0.51,CT on P,0.8,
feature_8 <= 0.372 AND feature_0 <= 1.965 AND feature_0 > -0.417 AND feature_1 > 0.527,2.646,0.13,0.99,3.63,4,0.72,0.61,1.955,3.0,0.52,CT on P,0.8,
feature_8 <= 0.372 AND feature_0 <= 1.965 AND feature_0 > -0.417 AND feature_1 > 0.527 AND feature_9 > -0.382 AND feature_0 <= 0.671,2.564,0.05,0.67,3.23,6,0.7,0.57,1.593,4.0,0.42,CT on P,0.8,
feature_8 <= 0.372 AND feature_0 <= 1.965 AND feature_0 > -0.417 AND feature_1 > 0.527 AND feature_9 > -0.382 AND feature_0 > 0.671,3.652,0.03,0.95,4.6,6,1.0,1.0,2.567,4.0,0.82,CT on P,1.0,
feature_8 <= 0.372 AND feature_0 > 1.965,3.092,0.02,1.51,4.6,2,0.85,0.85,3.138,2.0,1.0,CT on P,1.0,
feature_8 <= 0.372 AND feature_0 <= 1.965 AND feature_0 > -0.417 AND feature_1 > 0.527 AND feature_9 > -0.382,2.956,0.08,0.77,3.72,5,0.81,0.81,1.949,4.0,0.62,CT on P,1.0,
feature_8 <= 0.372 AND feature_0 <= 1.965 AND feature_0 > -0.417 AND feature_1 > 0.527,2.646,0.13,0.99,3.63,4,0.72,0.72,1.955,3.0,0.62,CT on P,1.0,
feature_8 <= 0.372 AND feature_0 <= 1.965 AND feature_0 > -0.417 AND feature_1 > 0.527 AND feature_9 > -0.382 AND feature_0 <= 0.671,2.564,0.05,0.67,3.23,6,0.7,0.7,1.593,4.0,0.51,CT on P,1.0,
feature_1 > -1.373,0.889,0.81,,,1,0.01,0.81,0.885,1.0,0.81,CF,0.0,4.31
feature_0 > -1.131,1.141,0.78,,,1,0.02,0.78,1.066,1.0,0.78,CF,0.0,4.31
feature_0 > -1.016,1.075,0.76,,,1,0.02,0.76,1.109,1.0,0.76,CF,0.0,4.31
feature_0 <= 1.004,0.721,0.75,,,1,0.01,0.75,0.535,1.0,0.75,CF,0.0,4.31
feature_0 > -0.971,1.281,0.75,,,1,0.02,0.75,1.126,1.0,0.75,CF,0.0,4.31
feature_1 > -1.373,0.889,0.81,,,1,0.01,0.65,0.885,1.0,0.8,CF,0.2,4.31
feature_0 > -1.131,1.141,0.78,,,1,0.02,0.63,1.066,1.0,0.81,CF,0.2,4.31
feature_0 > -1.016,1.075,0.76,,,1,0.02,0.61,1.109,1.0,0.8,CF,0.2,4.31
feature_0 > -0.971,1.281,0.75,,,1,0.02,0.6,1.126,1.0,0.8,CF,0.2,4.31
feature_0 > -0.966,1.226,0.75,,,1,0.02,0.6,1.128,1.0,0.8,CF,0.2,4.31
feature_1 > -1.373,0.889,0.81,,,1,0.01,0.49,0.885,1.0,0.8,CF,0.4,4.31
feature_0 > -1.131,1.141,0.78,,,1,0.02,0.48,1.066,1.0,0.85,CF,0.4,4.31
feature_0 > -1.016,1.075,0.76,,,1,0.02,0.46,1.109,1.0,0.85,CF,0.4,4.31
feature_0 > -0.971,1.281,0.75,,,1,0.02,0.46,1.126,1.0,0.85,CF,0.4,4.31
feature_0 > -0.966,1.226,0.75,,,1,0.02,0.46,1.128,1.0,0.85,CF,0.4,4.31
feature_0 <= 0.665 AND feature_4 > 0.958 AND feature_3 <= -0.507 AND feature_1 > 1.494,59.459,0.0,,,4,1.0,0.6,1.612,4.0,0.6,CF,0.6,4.31
feature_1 > -1.373,0.889,0.81,,,1,0.01,0.33,0.885,1.0,0.65,CF,0.6,4.31
feature_0 > -1.131,1.141,0.78,,,1,0.02,0.32,1.066,1.0,0.71,CF,0.6,4.31
feature_0 > -1.016,1.075,0.76,,,1,0.02,0.31,1.109,1.0,0.72,CF,0.6,4.31
feature_0 > -0.971,1.281,0.75,,,1,0.02,0.31,1.126,1.0,0.72,CF,0.6,4.31
feature_0 <= 0.665 AND feature_4 > 0.958 AND feature_3 <= -0.507 AND feature_1 > 1.494,59.459,0.0,,,4,1.0,0.8,1.612,4.0,0.8,CF,0.8,4.31
feature_1 > -1.373,0.889,0.81,,,1,0.01,0.17,0.885,1.0,0.6,CF,0.8,4.31
feature_0 > -1.131,1.141,0.78,,,1,0.02,0.17,1.066,1.0,0.69,CF,0.8,4.31
feature_0 > -0.971,1.281,0.75,,,1,0.02,0.17,1.126,1.0,0.71,CF,0.8,4.31
feature_0 > -0.966,1.226,0.75,,,1,0.02,0.17,1.128,1.0,0.71,CF,0.8,4.31
feature_0 <= 0.665 AND feature_4 > 0.958 AND feature_3 <= -0.507 AND feature_1 > 1.494,59.459,0.0,,,4,1.0,1.0,1.612,4.0,0.42,CF,1.0,4.31
feature_0 > 0.419 AND feature_1 > 0.761 AND feature_4 <= -1.456 AND feature_1 <= 1.357,9.477,0.0,,,4,0.16,0.16,2.392,3.0,0.62,CF,1.0,4.31
feature_0 > -0.703 AND feature_1 > 1.526 AND feature_9 > -0.345 AND feature_3 <= -0.704,6.743,0.01,,,4,0.11,0.11,2.564,4.0,0.66,CF,1.0,4.31
feature_0 > 0.31 AND feature_2 <= -1.562 AND feature_6 > 1.001,5.922,0.0,,,3,0.1,0.1,1.669,3.0,0.43,CF,1.0,4.31
feature_0 > 0.917 AND feature_1 > 0.653 AND feature_0 > 1.13 AND feature_1 > 1.78,5.508,0.01,,,4,0.09,0.09,3.874,2.0,1.0,CF,1.0,4.31
feature_0 > -0.291,1.373,0.57,,,1,0.63,0.57,1.454,1.0,0.57,CF SingleTree,0.0,0.53
feature_0 <= -0.291,0.033,0.36,,,1,0.02,0.36,0.176,1.0,0.36,CF SingleTree,0.0,0.53
feature_0 > -0.291 AND feature_0 > 0.394,1.632,0.34,,,2,0.75,0.34,1.865,1.0,0.34,CF SingleTree,0.0,0.53
feature_0 > -0.291 AND feature_0 <= 0.394,1.005,0.25,,,2,0.46,0.25,0.873,1.0,0.25,CF SingleTree,0.0,0.53
feature_0 > -0.291 AND feature_0 > 0.394 AND feature_1 <= 0.468,1.448,0.24,,,3,0.67,0.24,1.574,2.0,0.24,CF SingleTree,0.0,0.53
feature_0 > -0.291,1.373,0.57,,,1,0.63,0.58,1.454,1.0,0.61,CF SingleTree,0.2,0.53
feature_0 > -0.291 AND feature_0 > 0.394,1.632,0.34,,,2,0.75,0.42,1.865,1.0,0.47,CF SingleTree,0.2,0.53
feature_0 > -0.291 AND feature_0 > 0.394 AND feature_1 <= 0.468,1.448,0.24,,,3,0.67,0.33,1.574,2.0,0.36,CF SingleTree,0.2,0.53
feature_0 > -0.291 AND feature_0 <= 0.394,1.005,0.25,,,2,0.46,0.29,0.873,1.0,0.29,CF SingleTree,0.2,0.53
feature_0 <= -0.291,0.033,0.36,,,1,0.02,0.29,0.176,1.0,0.31,CF SingleTree,0.2,0.53
feature_0 > -0.291,1.373,0.57,,,1,0.63,0.6,1.454,1.0,0.54,CF SingleTree,0.4,0.53
feature_0 > -0.291 AND feature_0 > 0.394,1.632,0.34,,,2,0.75,0.51,1.865,1.0,0.46,CF SingleTree,0.4,0.53
feature_0 > -0.291 AND feature_0 > 0.394 AND feature_1 > 0.468,2.012,0.12,,,3,0.93,0.44,2.467,2.0,0.42,CF SingleTree,0.4,0.53
feature_0 > -0.291 AND feature_0 > 0.394 AND feature_1 > 0.468 AND feature_1 > 1.095,2.167,0.05,,,4,1.0,0.43,2.866,2.0,0.43,CF SingleTree,0.4,0.53
feature_0 > -0.291 AND feature_0 > 0.394 AND feature_1 <= 0.468,1.448,0.24,,,3,0.67,0.41,1.574,2.0,0.36,CF SingleTree,0.4,0.53
feature_0 > -0.291 AND feature_0 > 0.394 AND feature_1 > 0.468 AND feature_1 > 1.095,2.167,0.05,,,4,1.0,0.62,2.866,2.0,0.62,CF SingleTree,0.6,0.53
feature_0 > -0.291,1.373,0.57,,,1,0.63,0.61,1.454,1.0,0.53,CF SingleTree,0.6,0.53
feature_0 > -0.291 AND feature_0 > 0.394 AND feature_1 > 0.468,2.012,0.12,,,3,0.93,0.61,2.467,2.0,0.56,CF SingleTree,0.6,0.53
feature_0 > -0.291 AND feature_0 > 0.394,1.632,0.34,,,2,0.75,0.59,1.865,1.0,0.53,CF SingleTree,0.6,0.53
feature_0 > -0.291 AND feature_0 > 0.394 AND feature_1 > 0.468 AND feature_1 <= 1.095,1.9,0.07,,,4,0.88,0.55,2.179,2.0,0.48,CF SingleTree,0.6,0.53
feature_0 > -0.291 AND feature_0 > 0.394 AND feature_1 > 0.468 AND feature_1 > 1.095,2.167,0.05,,,4,1.0,0.81,2.866,2.0,0.81,CF SingleTree,0.8,0.53
feature_0 > -0.291 AND feature_0 > 0.394 AND feature_1 > 0.468,2.012,0.12,,,3,0.93,0.77,2.467,2.0,0.71,CF SingleTree,0.8,0.53
feature_0 > -0.291 AND feature_0 > 0.394 AND feature_1 > 0.468 AND feature_1 <= 1.095,1.9,0.07,,,4,0.88,0.72,2.179,2.0,0.62,CF SingleTree,0.8,0.53
feature_0 > -0.291 AND feature_0 > 0.394,1.632,0.34,,,2,0.75,0.67,1.865,1.0,0.59,CF SingleTree,0.8,0.53
feature_0 > -0.291 AND feature_0 > 0.394 AND feature_1 <= 0.468 AND feature_0 > 0.991,1.645,0.11,,,4,0.76,0.63,2.026,2.0,0.59,CF SingleTree,0.8,0.53
feature_0 > -0.291 AND feature_0 > 0.394 AND feature_1 > 0.468 AND feature_1 > 1.095,2.167,0.05,,,4,1.0,1.0,2.866,2.0,1.0,CF SingleTree,1.0,0.53
feature_0 > -0.291 AND feature_0 > 0.394 AND feature_1 > 0.468,2.012,0.12,,,3,0.93,0.93,2.467,2.0,0.86,CF SingleTree,1.0,0.53
feature_0 > -0.291 AND feature_0 > 0.394 AND feature_1 > 0.468 AND feature_1 <= 1.095,1.9,0.07,,,4,0.88,0.88,2.179,2.0,0.76,CF SingleTree,1.0,0.53
feature_0 > -0.291 AND feature_0 > 0.394 AND feature_1 <= 0.468 AND feature_0 > 0.991,1.645,0.11,,,4,0.76,0.76,2.026,2.0,0.71,CF SingleTree,1.0,0.53
feature_0 > -0.291 AND feature_0 <= 0.394 AND feature_1 > 0.703 AND feature_0 > 0.037,1.643,0.03,,,4,0.76,0.76,1.788,2.0,0.62,CF SingleTree,1.0,0.53
feature_3 > -0.969,0.754,0.47,1.11,1.86,1,0.23,0.47,0.794,1.0,0.47,CT on D,0.0,
feature_3 > -0.969 AND feature_0 <= 0.15,0.056,0.33,1.17,1.23,2,0.02,0.33,0.103,2.0,0.33,CT on D,0.0,
feature_3 > -0.969 AND feature_0 > 0.15,1.659,0.28,1.03,2.69,2,0.5,0.28,1.689,2.0,0.28,CT on D,0.0,
feature_3 > -0.969 AND feature_0 > 0.15 AND feature_0 <= 1.816,1.583,0.26,0.97,2.55,3,0.48,0.26,1.563,2.0,0.26,CT on D,0.0,
feature_3 > -0.969 AND feature_0 <= 0.15 AND feature_0 > -0.657,0.561,0.21,1.0,1.56,3,0.17,0.21,0.577,2.0,0.21,CT on D,0.0,
feature_3 > -0.969,0.754,0.47,1.11,1.86,1,0.23,0.42,0.794,1.0,0.46,CT on D,0.2,
feature_3 > -0.969 AND feature_0 > 0.15,1.659,0.28,1.03,2.69,2,0.5,0.32,1.689,2.0,0.41,CT on D,0.2,
feature_3 > -0.969 AND feature_0 > 0.15 AND feature_0 <= 1.816,1.583,0.26,0.97,2.55,3,0.48,0.3,1.563,2.0,0.38,CT on D,0.2,
feature_3 > -0.969 AND feature_0 <= 0.15,0.056,0.33,1.17,1.23,2,0.02,0.27,0.103,2.0,0.28,CT on D,0.2,
feature_3 > -0.969 AND feature_0 > 0.15 AND feature_0 <= 1.816 AND feature_1 > -0.273,1.779,0.17,1.24,3.02,4,0.54,0.24,1.859,3.0,0.34,CT on D,0.2,
feature_3 > -0.969 AND feature_0 > 0.15 AND feature_0 <= 1.816 AND feature_1 <= -0.273 AND feature_6 <= -0.888 AND feature_4 > 0.233,3.311,0.02,0.1,3.41,6,1.0,0.41,1.165,5.0,0.18,CT on D,0.4,
feature_3 > -0.969 AND feature_0 > 0.15 AND feature_0 > 1.816 AND feature_0 <= 2.025,3.186,0.01,0.95,4.13,4,0.96,0.39,2.702,2.0,0.41,CT on D,0.4,
feature_3 > -0.969 AND feature_0 <= 0.15 AND feature_0 <= -0.657 AND feature_0 <= -1.838 AND feature_1 <= 0.257,3.027,0.02,2.65,-0.37,5,0.91,0.38,1.814,3.0,0.28,CT on D,0.4,
feature_3 > -0.969 AND feature_0 > 0.15 AND feature_0 <= 1.816 AND feature_1 > -0.273 AND feature_9 <= -1.35,3.01,0.02,0.16,3.17,5,0.91,0.38,1.839,4.0,0.28,CT on D,0.4,
feature_3 > -0.969,0.754,0.47,1.11,1.86,1,0.23,0.37,0.794,1.0,0.4,CT on D,0.4,
feature_3 > -0.969 AND feature_0 > 0.15 AND feature_0 <= 1.816 AND feature_1 <= -0.273 AND feature_6 <= -0.888 AND feature_4 > 0.233,3.311,0.02,0.1,3.41,6,1.0,0.61,1.165,5.0,0.27,CT on D,0.6,
feature_3 > -0.969 AND feature_0 > 0.15 AND feature_0 > 1.816 AND feature_0 <= 2.025,3.186,0.01,0.95,4.13,4,0.96,0.58,2.702,2.0,0.6,CT on D,0.6,
feature_3 > -0.969 AND feature_0 <= 0.15 AND feature_0 <= -0.657 AND feature_0 <= -1.838 AND feature_1 <= 0.257,3.027,0.02,2.65,-0.37,5,0.91,0.56,1.814,3.0,0.41,CT on D,0.6,
feature_3 > -0.969 AND feature_0 > 0.15 AND feature_0 <= 1.816 AND feature_1 > -0.273 AND feature_9 <= -1.35,3.01,0.02,0.16,3.17,5,0.91,0.55,1.839,4.0,0.42,CT on D,0.6,
feature_3 <= -0.969 AND feature_8 > -0.584 AND feature_3 > -1.83 AND feature_0 > 1.134,2.939,0.01,0.4,3.34,4,0.89,0.54,2.458,3.0,0.55,CT on D,0.6,
feature_3 > -0.969 AND feature_0 > 0.15 AND feature_0 <= 1.816 AND feature_1 <= -0.273 AND feature_6 <= -0.888 AND feature_4 > 0.233,3.311,0.02,0.1,3.41,6,1.0,0.8,1.165,5.0,0.35,CT on D,0.8,
feature_3 > -0.969 AND feature_0 > 0.15 AND feature_0 > 1.816 AND feature_0 <= 2.025,3.186,0.01,0.95,4.13,4,0.96,0.77,2.702,2.0,0.8,CT on D,0.8,
feature_3 > -0.969 AND feature_0 <= 0.15 AND feature_0 <= -0.657 AND feature_0 <= -1.838 AND feature_1 <= 0.257,3.027,0.02,2.65,-0.37,5,0.91,0.74,1.814,3.0,0.54,CT on D,0.8,
feature_3 > -0.969 AND feature_0 > 0.15 AND feature_0 <= 1.816 AND feature_1 > -0.273 AND feature_9 <= -1.35,3.01,0.02,0.16,3.17,5,0.91,0.73,1.839,4.0,0.55,CT on D,0.8,
feature_3 <= -0.969 AND feature_8 > -0.584 AND feature_3 > -1.83 AND feature_0 > 1.134,2.939,0.01,0.4,3.34,4,0.89,0.71,2.458,3.0,0.73,CT on D,0.8,
feature_3 > -0.969 AND feature_0 > 0.15 AND feature_0 <= 1.816 AND feature_1 <= -0.273 AND feature_6 <= -0.888 AND feature_4 > 0.233,3.311,0.02,0.1,3.41,6,1.0,1.0,1.165,5.0,0.43,CT on D,1.0,
feature_3 > -0.969 AND feature_0 > 0.15 AND feature_0 > 1.816 AND feature_0 <= 2.025,3.186,0.01,0.95,4.13,4,0.96,0.96,2.702,2.0,1.0,CT on D,1.0,
feature_3 > -0.969 AND feature_0 <= 0.15 AND feature_0 <= -0.657 AND feature_0 <= -1.838 AND feature_1 <= 0.257,3.027,0.02,2.65,-0.37,5,0.91,0.91,1.814,3.0,0.67,CT on D,1.0,
feature_3 > -0.969 AND feature_0 > 0.15 AND feature_0 <= 1.816 AND feature_1 > -0.273 AND feature_9 <= -1.35,3.01,0.02,0.16,3.17,5,0.91,0.91,1.839,4.0,0.68,CT on D,1.0,
feature_3 <= -0.969 AND feature_8 > -0.584 AND feature_3 > -1.83 AND feature_0 > 1.134,2.939,0.01,0.4,3.34,4,0.89,0.89,2.458,3.0,0.91,CT on D,1.0,
feature_7 <= 1.107,0.714,0.86,1.42,2.13,1,0.2,0.86,0.803,1.0,0.86,CT on P,0.0,
feature_7 <= 1.107 AND feature_0 <= 0.12,0.144,0.47,1.56,1.42,2,0.04,0.47,0.082,2.0,0.47,CT on P,0.0,
feature_7 <= 1.107 AND feature_0 <= 0.12 AND feature_1 <= 1.322,0.299,0.43,1.59,1.29,3,0.08,0.43,0.049,3.0,0.43,CT on P,0.0,
feature_7 <= 1.107 AND feature_0 > 0.12,1.751,0.39,1.24,2.99,2,0.48,0.39,1.675,2.0,0.39,CT on P,0.0,
feature_7 <= 1.107 AND feature_0 > 0.12 AND feature_0 <= 0.985,1.425,0.25,1.09,2.51,3,0.39,0.25,1.324,2.0,0.25,CT on P,0.0,
feature_7 <= 1.107,0.714,0.86,1.42,2.13,1,0.2,0.73,0.803,1.0,0.78,CT on P,0.2,
feature_7 <= 1.107 AND feature_0 > 0.12,1.751,0.39,1.24,2.99,2,0.48,0.41,1.675,2.0,0.51,CT on P,0.2,
feature_7 <= 1.107 AND feature_0 <= 0.12,0.144,0.47,1.56,1.42,2,0.04,0.38,0.082,2.0,0.39,CT on P,0.2,
feature_7 <= 1.107 AND feature_0 <= 0.12 AND feature_1 <= 1.322,0.299,0.43,1.59,1.29,3,0.08,0.36,0.049,3.0,0.35,CT on P,0.2,
feature_7 <= 1.107 AND feature_0 > 0.12 AND feature_0 <= 0.985,1.425,0.25,1.09,2.51,3,0.39,0.28,1.324,2.0,0.36,CT on P,0.2,
feature_7 <= 1.107,0.714,0.86,1.42,2.13,1,0.2,0.59,0.803,1.0,0.65,CT on P,0.4,
feature_7 <= 1.107 AND feature_0 > 0.12,1.751,0.39,1.24,2.99,2,0.48,0.43,1.675,2.0,0.51,CT on P,0.4,
feature_7 <= 1.107 AND feature_0 > 0.12 AND feature_0 > 0.985 AND feature_3 <= 1.007 AND feature_5 <= -0.892,3.646,0.02,0.74,4.39,5,1.0,0.41,2.385,4.0,0.41,CT on P,0.4,
feature_7 <= 1.107 AND feature_0 > 0.12 AND feature_0 > 0.985 AND feature_3 <= 1.007,2.564,0.12,1.15,3.71,4,0.7,0.35,2.339,3.0,0.46,CT on P,0.4,
feature_7 <= 1.107 AND feature_0 > 0.12 AND feature_0 <= 0.985 AND feature_1 > -0.687 AND feature_9 <= -1.239,3.101,0.02,0.42,3.53,5,0.85,0.35,1.533,4.0,0.27,CT on P,0.4,
feature_7 <= 1.107 AND feature_0 > 0.12 AND feature_0 > 0.985 AND feature_3 <= 1.007 AND feature_5 <= -0.892,3.646,0.02,0.74,4.39,5,1.0,0.61,2.385,4.0,0.61,CT on P,0.6,
feature_7 <= 1.107 AND feature_0 > 0.12 AND feature_0 <= 0.985 AND feature_1 > -0.687 AND feature_9 <= -1.239,3.101,0.02,0.42,3.53,5,0.85,0.52,1.533,4.0,0.39,CT on P,0.6,
feature_7 <= 1.107 AND feature_0 > 0.12 AND feature_0 > 0.985 AND feature_3 <= 1.007,2.564,0.12,1.15,3.71,4,0.7,0.47,2.339,3.0,0.64,CT on P,0.6,
feature_7 <= 1.107 AND feature_0 > 0.12 AND feature_0 > 0.985 AND feature_3 <= 1.007 AND feature_5 > -0.892 AND feature_1 <= 0.064,2.726,0.05,0.55,3.27,6,0.75,0.47,1.961,5.0,0.51,CT on P,0.6,
feature_7 <= 1.107,0.714,0.86,1.42,2.13,1,0.2,0.46,0.803,1.0,0.55,CT on P,0.6,
feature_7 <= 1.107 AND feature_0 > 0.12 AND feature_0 > 0.985 AND feature_3 <= 1.007 AND feature_5 <= -0.892,3.646,0.02,0.74,4.39,5,1.0,0.8,2.385,4.0,0.8,CT on P,0.8,
feature_7 <= 1.107 AND feature_0 > 0.12 AND feature_0 <= 0.985 AND feature_1 > -0.687 AND feature_9 <= -1.239,3.101,0.02,0.42,3.53,5,0.85,0.68,1.533,4.0,0.52,CT on P,0.8,
feature_7 <= 1.107 AND feature_0 > 0.12 AND feature_0 > 0.985 AND feature_3 <= 1.007 AND feature_5 > -0.892 AND feature_1 <= 0.064,2.726,0.05,0.55,3.27,6,0.75,0.61,1.961,5.0,0.67,CT on P,0.8,
feature_7 <= 1.107 AND feature_0 > 0.12 AND feature_0 > 0.985 AND feature_3 <= 1.007,2.564,0.12,1.15,3.71,4,0.7,0.59,2.339,3.0,0.81,CT on P,0.8,
feature_7 <= 1.107 AND feature_0 > 0.12 AND feature_0 > 0.985,2.354,0.14,1.53,3.88,3,0.65,0.54,2.344,2.0,0.81,CT on P,0.8,
feature_7 <= 1.107 AND feature_0 > 0.12 AND feature_0 > 0.985 AND feature_3 <= 1.007 AND feature_5 <= -0.892,3.646,0.02,0.74,4.39,5,1.0,1.0,2.385,4.0,1.0,CT on P,1.0,
feature_7 <= 1.107 AND feature_0 > 0.12 AND feature_0 <= 0.985 AND feature_1 > -0.687 AND feature_9 <= -1.239,3.101,0.02,0.42,3.53,5,0.85,0.85,1.533,4.0,0.64,CT on P,1.0,
feature_7 <= 1.107 AND feature_0 > 0.12 AND feature_0 > 0.985 AND feature_3 <= 1.007 AND feature_5 > -0.892 AND feature_1 <= 0.064,2.726,0.05,0.55,3.27,6,0.75,0.75,1.961,5.0,0.82,CT on P,1.0,
feature_7 <= 1.107 AND feature_0 > 0.12 AND feature_0 > 0.985 AND feature_3 <= 1.007,2.564,0.12,1.15,3.71,4,0.7,0.7,2.339,3.0,0.98,CT on P,1.0,
feature_7 <= 1.107 AND feature_0 > 0.12 AND feature_0 > 0.985,2.354,0.14,1.53,3.88,3,0.65,0.65,2.344,2.0,0.98,CT on P,1.0,
feature_1 <= 1.385,0.667,0.5,,,1,0.01,0.5,0.689,1.0,0.5,CF,0.0,5.22
feature_0 > -1.045,0.952,0.48,,,1,0.01,0.48,1.08,1.0,0.48,CF,0.0,5.22
feature_0 > -1.024,1.106,0.48,,,1,0.02,0.48,1.087,1.0,0.48,CF,0.0,5.22
feature_0 > -1.041,0.755,0.48,,,1,0.01,0.48,1.081,1.0,0.48,CF,0.0,5.22
feature_0 > -1.036,1.08,0.48,,,1,0.02,0.48,1.083,1.0,0.48,CF,0.0,5.22
feature_1 <= 1.385,0.667,0.5,,,1,0.01,0.4,0.689,1.0,0.53,CF,0.2,5.22
feature_0 > -1.121,1.11,0.48,,,1,0.02,0.39,1.053,1.0,0.58,CF,0.2,5.22
feature_0 > -1.024,1.106,0.48,,,1,0.02,0.39,1.087,1.0,0.58,CF,0.2,5.22
feature_0 > -1.036,1.08,0.48,,,1,0.02,0.39,1.083,1.0,0.58,CF,0.2,5.22
feature_0 > -1.112,1.035,0.48,,,1,0.01,0.39,1.055,1.0,0.58,CF,0.2,5.22
feature_0 > 0.823 AND feature_1 > 1.489 AND feature_9 <= -0.382,70.07,0.0,,,3,1.0,0.4,3.493,3.0,0.4,CF,0.4,5.22
feature_1 <= 1.385,0.667,0.5,,,1,0.01,0.3,0.689,1.0,0.38,CF,0.4,5.22
feature_0 > -1.121,1.11,0.48,,,1,0.02,0.29,1.053,1.0,0.41,CF,0.4,5.22
feature_0 > -1.024,1.106,0.48,,,1,0.02,0.29,1.087,1.0,0.41,CF,0.4,5.22
feature_0 > -1.036,1.08,0.48,,,1,0.02,0.29,1.083,1.0,0.41,CF,0.4,5.22
feature_0 > 0.823 AND feature_1 > 1.489 AND feature_9 <= -0.382,70.07,0.0,,,3,1.0,0.6,3.493,3.0,0.6,CF,0.6,5.22
feature_1 <= 1.385,0.667,0.5,,,1,0.01,0.21,0.689,1.0,0.32,CF,0.6,5.22
feature_0 > -1.121,1.11,0.48,,,1,0.02,0.2,1.053,1.0,0.37,CF,0.6,5.22
feature_0 > -1.024,1.106,0.48,,,1,0.02,0.2,1.087,1.0,0.38,CF,0.6,5.22
feature_0 > -1.036,1.08,0.48,,,1,0.02,0.2,1.083,1.0,0.38,CF,0.6,5.22
feature_0 > 0.823 AND feature_1 > 1.489 AND feature_9 <= -0.382,70.07,0.0,,,3,1.0,0.8,3.493,3.0,0.8,CF,0.8,5.22
feature_0 > -1.121,1.11,0.48,,,1,0.02,0.11,1.053,1.0,0.34,CF,0.8,5.22
feature_0 > -1.024,1.106,0.48,,,1,0.02,0.11,1.087,1.0,0.34,CF,0.8,5.22
feature_0 > -1.036,1.08,0.48,,,1,0.02,0.11,1.083,1.0,0.34,CF,0.8,5.22
feature_0 > -1.112,1.035,0.48,,,1,0.01,0.11,1.055,1.0,0.34,CF,0.8,5.22
feature_0 > 0.823 AND feature_1 > 1.489 AND feature_9 <= -0.382,70.07,0.0,,,3,1.0,1.0,3.493,3.0,0.88,CF,1.0,5.22
feature_0 > 0.256 AND feature_1 > 1.581 AND feature_4 <= 0.138 AND feature_5 > 0.127,7.72,0.0,,,4,0.11,0.11,3.218,4.0,0.81,CF,1.0,5.22
feature_0 > 0.666 AND feature_1 > 1.41 AND feature_2 > -0.134 AND feature_0 > 1.416,7.308,0.0,,,4,0.1,0.1,3.967,3.0,1.0,CF,1.0,5.22
feature_0 > 0.497 AND feature_1 > 1.434 AND feature_8 <= -1.138,7.147,0.0,,,3,0.1,0.1,3.154,3.0,0.8,CF,1.0,5.22
feature_0 > -0.629 AND feature_0 > 1.353 AND feature_1 <= 0.819 AND feature_3 <= -1.216,6.26,0.01,,,4,0.09,0.09,2.425,3.0,0.61,CF,1.0,5.22
feature_0 > -0.05,1.271,0.35,,,1,0.55,0.35,1.562,1.0,0.35,CF SingleTree,0.0,0.56
feature_0 <= -0.05,0.141,0.33,,,1,0.06,0.33,0.028,1.0,0.33,CF SingleTree,0.0,0.56
feature_0 > -0.05 AND feature_0 <= 0.821,1.029,0.25,,,2,0.44,0.25,1.162,1.0,0.25,CF SingleTree,0.0,0.56
feature_0 <= -0.05 AND feature_0 > -0.989,0.382,0.24,,,2,0.16,0.24,0.336,1.0,0.24,CF SingleTree,0.0,0.56
feature_0 > -0.05 AND feature_0 <= 0.821 AND feature_1 <= 1.387,0.975,0.23,,,3,0.42,0.23,1.06,2.0,0.23,CF SingleTree,0.0,0.56
feature_0 > -0.05,1.271,0.35,,,1,0.55,0.39,1.562,1.0,0.42,CF SingleTree,0.2,0.56
feature_0 > -0.05 AND feature_0 <= 0.821,1.029,0.25,,,2,0.44,0.29,1.162,1.0,0.31,CF SingleTree,0.2,0.56
feature_0 > -0.05 AND feature_0 > 0.821,1.663,0.17,,,2,0.72,0.28,2.209,1.0,0.34,CF SingleTree,0.2,0.56
feature_0 <= -0.05,0.141,0.33,,,1,0.06,0.28,0.028,1.0,0.27,CF SingleTree,0.2,0.56
feature_0 > -0.05 AND feature_0 <= 0.821 AND feature_1 <= 1.387,0.975,0.23,,,3,0.42,0.27,1.06,2.0,0.28,CF SingleTree,0.2,0.56
feature_0 > -0.05,1.271,0.35,,,1,0.55,0.43,1.562,1.0,0.39,CF SingleTree,0.4,0.56
feature_0 > -0.05 AND feature_0 > 0.821 AND feature_1 > 1.302 AND feature_1 > 1.513,2.323,0.01,,,4,1.0,0.41,3.489,2.0,0.41,CF SingleTree,0.4,0.56
feature_0 > -0.05 AND feature_0 > 0.821 AND feature_1 > 1.302,2.196,0.02,,,3,0.95,0.39,3.356,2.0,0.4,CF SingleTree,0.4,0.56
feature_0 > -0.05 AND feature_0 > 0.821,1.663,0.17,,,2,0.72,0.39,2.209,1.0,0.36,CF SingleTree,0.4,0.56
feature_0 > -0.05 AND feature_0 > 0.821 AND feature_1 <= 1.302,1.603,0.16,,,3,0.69,0.37,2.079,2.0,0.33,CF SingleTree,0.4,0.56
feature_0 > -0.05 AND feature_0 > 0.821 AND feature_1 > 1.302 AND feature_1 > 1.513,2.323,0.01,,,4,1.0,0.6,3.489,2.0,0.6,CF SingleTree,0.6,0.56
feature_0 > -0.05 AND feature_0 > 0.821 AND feature_1 > 1.302,2.196,0.02,,,3,0.95,0.58,3.356,2.0,0.59,CF SingleTree,0.6,0.56
feature_0 > -0.05 AND feature_0 > 0.821 AND feature_1 > 1.302 AND feature_1 <= 1.513,1.97,0.01,,,4,0.85,0.51,3.125,2.0,0.54,CF SingleTree,0.6,0.56
feature_0 > -0.05 AND feature_0 > 0.821,1.663,0.17,,,2,0.72,0.5,2.209,1.0,0.45,CF SingleTree,0.6,0.56
feature_0 > -0.05 AND feature_0 > 0.821 AND feature_1 <= 1.302 AND feature_0 > 1.35,1.735,0.08,,,4,0.75,0.48,2.497,2.0,0.46,CF SingleTree,0.6,0.56
feature_0 > -0.05 AND feature_0 > 0.821 AND feature_1 > 1.302 AND feature_1 > 1.513,2.323,0.01,,,4,1.0,0.8,3.489,2.0,0.8,CF SingleTree,0.8,0.56
feature_0 > -0.05 AND feature_0 > 0.821 AND feature_1 > 1.302,2.196,0.02,,,3,0.95,0.76,3.356,2.0,0.77,CF SingleTree,0.8,0.56
feature_0 > -0.05 AND feature_0 > 0.821 AND feature_1 > 1.302 AND feature_1 <= 1.513,1.97,0.01,,,4,0.85,0.68,3.125,2.0,0.72,CF SingleTree,0.8,0.56
feature_0 > -0.05 AND feature_0 <= 0.821 AND feature_1 > 1.387 AND feature_0 > 0.182,1.788,0.02,,,4,0.77,0.62,2.474,2.0,0.57,CF SingleTree,0.8,0.56
feature_0 > -0.05 AND feature_0 > 0.821 AND feature_1 <= 1.302 AND feature_0 > 1.35,1.735,0.08,,,4,0.75,0.61,2.497,2.0,0.59,CF SingleTree,0.8,0.56
feature_0 > -0.05 AND feature_0 > 0.821 AND feature_1 > 1.302 AND feature_1 > 1.513,2.323,0.01,,,4,1.0,1.0,3.489,2.0,1.0,CF SingleTree,1.0,0.56
feature_0 > -0.05 AND feature_0 > 0.821 AND feature_1 > 1.302,2.196,0.02,,,3,0.95,0.95,3.356,2.0,0.96,CF SingleTree,1.0,0.56
feature_0 > -0.05 AND feature_0 > 0.821 AND feature_1 > 1.302 AND feature_1 <= 1.513,1.97,0.01,,,4,0.85,0.85,3.125,2.0,0.9,CF SingleTree,1.0,0.56
feature_0 > -0.05 AND feature_0 <= 0.821 AND feature_1 > 1.387 AND feature_0 > 0.182,1.788,0.02,,,4,0.77,0.77,2.474,2.0,0.71,CF SingleTree,1.0,0.56
feature_0 > -0.05 AND feature_0 > 0.821 AND feature_1 <= 1.302 AND feature_0 > 1.35,1.735,0.08,,,4,0.75,0.75,2.497,2.0,0.72,CF SingleTree,1.0,0.56
feature_4 > -1.673,0.864,0.72,1.02,1.88,1,0.19,0.72,0.82,1.0,0.72,CT on D,0.0,
feature_4 > -1.673 AND feature_0 <= 1.49,0.705,0.69,1.01,1.72,2,0.16,0.69,0.673,2.0,0.69,CT on D,0.0,
feature_4 > -1.673 AND feature_0 <= 1.49 AND feature_0 > -0.312,1.309,0.45,0.91,2.22,3,0.29,0.45,1.271,2.0,0.45,CT on D,0.0,
feature_4 > -1.673 AND feature_0 <= 1.49 AND feature_0 > -0.312 AND feature_1 > -0.65,1.56,0.35,0.99,2.55,4,0.35,0.35,1.446,3.0,0.35,CT on D,0.0,
feature_4 > -1.673 AND feature_0 <= 1.49 AND feature_0 <= -0.312,0.154,0.32,1.16,1.01,3,0.03,0.32,0.178,2.0,0.32,CT on D,0.0,
feature_4 > -1.673,0.864,0.72,1.02,1.88,1,0.19,0.61,0.82,1.0,0.69,CT on D,0.2,
feature_4 > -1.673 AND feature_0 <= 1.49,0.705,0.69,1.01,1.72,2,0.16,0.58,0.673,2.0,0.65,CT on D,0.2,
feature_4 > -1.673 AND feature_0 <= 1.49 AND feature_0 > -0.312,1.309,0.45,0.91,2.22,3,0.29,0.42,1.271,2.0,0.54,CT on D,0.2,
feature_4 > -1.673 AND feature_0 <= 1.49 AND feature_0 > -0.312 AND feature_1 > -0.65,1.56,0.35,0.99,2.55,4,0.35,0.35,1.446,3.0,0.48,CT on D,0.2,
feature_4 > -1.673 AND feature_0 <= 1.49 AND feature_0 > -0.312 AND feature_1 > -0.65 AND feature_1 <= 1.012,1.393,0.28,0.83,2.22,5,0.31,0.29,1.237,3.0,0.4,CT on D,0.2,
feature_4 > -1.673,0.864,0.72,1.02,1.88,1,0.19,0.51,0.82,1.0,0.53,CT on D,0.4,
feature_4 > -1.673 AND feature_0 <= 1.49,0.705,0.69,1.01,1.72,2,0.16,0.48,0.673,2.0,0.49,CT on D,0.4,
feature_4 > -1.673 AND feature_0 > 1.49 AND feature_1 > -1.049 AND feature_1 > 0.543 AND feature_8 <= 0.208,4.493,0.01,1.61,6.1,5,1.0,0.41,3.475,4.0,0.41,CT on D,0.4,
feature_4 > -1.673 AND feature_0 <= 1.49 AND feature_0 > -0.312,1.309,0.45,0.91,2.22,3,0.29,0.39,1.271,2.0,0.42,CT on D,0.4,
feature_4 > -1.673 AND feature_0 > 1.49 AND feature_1 > -1.049 AND feature_1 > 0.543,4.079,0.02,1.65,5.73,4,0.91,0.38,3.389,3.0,0.4,CT on D,0.4,
feature_4 > -1.673 AND feature_0 > 1.49 AND feature_1 > -1.049 AND feature_1 > 0.543 AND feature_8 <= 0.208,4.493,0.01,1.61,6.1,5,1.0,0.6,3.475,4.0,0.6,CT on D,0.6,
feature_4 > -1.673 AND feature_0 > 1.49 AND feature_1 > -1.049 AND feature_1 > 0.543,4.079,0.02,1.65,5.73,4,0.91,0.55,3.389,3.0,0.59,CT on D,0.6,
feature_4 > -1.673 AND feature_0 > 1.49 AND feature_1 > -1.049 AND feature_1 > 0.543 AND feature_8 > 0.208,3.666,0.01,1.69,5.35,5,0.82,0.49,3.302,4.0,0.57,CT on D,0.6,
feature_4 > -1.673 AND feature_0 > 1.49 AND feature_1 > -1.049 AND feature_1 <= 0.543 AND feature_2 > -0.674 AND feature_8 > -0.435,3.565,0.01,0.53,4.1,6,0.79,0.48,2.486,5.0,0.43,CT on D,0.6,
feature_4 > -1.673 AND feature_0 > 1.49 AND feature_1 > -1.049,3.198,0.05,1.17,4.37,3,0.71,0.45,2.813,3.0,0.51,CT on D,0.6,
feature_4 > -1.673 AND feature_0 > 1.49 AND feature_1 > -1.049 AND feature_1 > 0.543 AND feature_8 <= 0.208,4.493,0.01,1.61,6.1,5,1.0,0.8,3.475,4.0,0.8,CT on D,0.8,
feature_4 > -1.673 AND feature_0 > 1.49 AND feature_1 > -1.049 AND feature_1 > 0.543,4.079,0.02,1.65,5.73,4,0.91,0.73,3.389,3.0,0.78,CT on D,0.8,
feature_4 > -1.673 AND feature_0 > 1.49 AND feature_1 > -1.049 AND feature_1 > 0.543 AND feature_8 > 0.208,3.666,0.01,1.69,5.35,5,0.82,0.65,3.302,4.0,0.76,CT on D,0.8,
feature_4 > -1.673 AND feature_0 > 1.49 AND feature_1 > -1.049 AND feature_1 <= 0.543 AND feature_2 > -0.674 AND feature_8 > -0.435,3.565,0.01,0.53,4.1,6,0.79,0.64,2.486,5.0,0.57,CT on D,0.8,
feature_4 > -1.673 AND feature_0 > 1.49 AND feature_1 > -1.049,3.198,0.05,1.17,4.37,3,0.71,0.58,2.813,3.0,0.66,CT on D,0.8,
feature_4 > -1.673 AND feature_0 > 1.49 AND feature_1 > -1.049 AND feature_1 > 0.543 AND feature_8 <= 0.208,4.493,0.01,1.61,6.1,5,1.0,1.0,3.475,4.0,1.0,CT on D,1.0,
feature_4 > -1.673 AND feature_0 > 1.49 AND feature_1 > -1.049 AND feature_1 > 0.543,4.079,0.02,1.65,5.73,4,0.91,0.91,3.389,3.0,0.98,CT on D,1.0,
feature_4 > -1.673 AND feature_0 > 1.49 AND feature_1 > -1.049 AND feature_1 > 0.543 AND feature_8 > 0.208,3.666,0.01,1.69,5.35,5,0.82,0.82,3.302,4.0,0.95,CT on D,1.0,
feature_4 > -1.673 AND feature_0 > 1.49 AND feature_1 > -1.049 AND feature_1 <= 0.543 AND feature_2 > -0.674 AND feature_8 > -0.435,3.565,0.01,0.53,4.1,6,0.79,0.79,2.486,5.0,0.72,CT on D,1.0,
feature_4 > -1.673 AND feature_0 > 1.49 AND feature_1 > -1.049,3.198,0.05,1.17,4.37,3,0.71,0.71,2.813,3.0,0.81,CT on D,1.0,
feature_9 > -1.975,0.863,0.98,0.77,1.63,1,0.19,0.98,0.816,1.0,0.98,CT on P,0.0,
feature_9 > -1.975 AND feature_0 <= 0.29,0.21,0.61,0.76,0.97,2,0.05,0.61,0.196,2.0,0.61,CT on P,0.0,
feature_9 > -1.975 AND feature_0 > 0.29,1.926,0.37,0.78,2.71,2,0.43,0.37,1.816,2.0,0.37,CT on P,0.0,
feature_9 > -1.975 AND feature_0 <= 0.29 AND feature_1 > -0.159,0.667,0.34,0.74,1.41,3,0.15,0.34,0.547,3.0,0.34,CT on P,0.0,
feature_9 > -1.975 AND feature_0 > 0.29 AND feature_0 <= 1.494,1.703,0.31,0.75,2.45,3,0.38,0.31,1.61,2.0,0.31,CT on P,0.0,
feature_9 > -1.975,0.863,0.98,0.77,1.63,1,0.19,0.82,0.816,1.0,0.87,CT on P,0.2,
feature_9 > -1.975 AND feature_0 <= 0.29,0.21,0.61,0.76,0.97,2,0.05,0.5,0.196,2.0,0.51,CT on P,0.2,
feature_9 > -1.975 AND feature_0 > 0.29,1.926,0.37,0.78,2.71,2,0.43,0.38,1.816,2.0,0.5,CT on P,0.2,
feature_9 > -1.975 AND feature_0 > 0.29 AND feature_0 <= 1.494,1.703,0.31,0.75,2.45,3,0.38,0.32,1.61,2.0,0.43,CT on P,0.2,
feature_9 > -1.975 AND feature_0 <= 0.29 AND feature_1 > -0.159,0.667,0.34,0.74,1.41,3,0.15,0.3,0.547,3.0,0.33,CT on P,0.2,
feature_9 > -1.975,0.863,0.98,0.77,1.63,1,0.19,0.67,0.816,1.0,0.71,CT on P,0.4,
feature_9 > -1.975 AND feature_0 > 0.29 AND feature_0 > 1.494 AND feature_8 > -0.43 AND feature_2 > -0.161,4.436,0.02,0.41,4.85,5,1.0,0.41,2.701,4.0,0.41,CT on P,0.4,
feature_9 > -1.975 AND feature_0 > 0.29,1.926,0.37,0.78,2.71,2,0.43,0.4,1.816,2.0,0.49,CT on P,0.4,
feature_9 > -1.975 AND feature_0 <= 0.29,0.21,0.61,0.76,0.97,2,0.05,0.38,0.196,2.0,0.4,CT on P,0.4,
feature_9 > -1.975 AND feature_0 > 0.29 AND feature_0 <= 1.494,1.703,0.31,0.75,2.45,3,0.38,0.34,1.61,2.0,0.42,CT on P,0.4,
feature_9 > -1.975 AND feature_0 > 0.29 AND feature_0 > 1.494 AND feature_8 > -0.43 AND feature_2 > -0.161,4.436,0.02,0.41,4.85,5,1.0,0.61,2.701,4.0,0.61,CT on P,0.6,
feature_9 > -1.975,0.863,0.98,0.77,1.63,1,0.19,0.51,0.816,1.0,0.57,CT on P,0.6,
feature_9 > -1.975 AND feature_0 > 0.29 AND feature_0 > 1.494 AND feature_8 > -0.43,3.37,0.04,0.69,4.06,4,0.76,0.47,2.701,3.0,0.61,CT on P,0.6,
feature_9 > -1.975 AND feature_0 > 0.29 AND feature_0 <= 1.494 AND feature_2 <= -0.446 AND feature_1 > -0.669 AND feature_7 <= -0.582,3.365,0.03,0.08,3.44,6,0.76,0.47,1.852,5.0,0.42,CT on P,0.6,
feature_9 > -1.975 AND feature_0 > 0.29 AND feature_0 > 1.494,2.961,0.07,0.95,3.91,3,0.67,0.43,2.709,2.0,0.63,CT on P,0.6,
feature_9 > -1.975 AND feature_0 > 0.29 AND feature_0 > 1.494 AND feature_8 > -0.43 AND feature_2 > -0.161,4.436,0.02,0.41,4.85,5,1.0,0.8,2.701,4.0,0.8,CT on P,0.8,
feature_9 > -1.975 AND feature_0 > 0.29 AND feature_0 > 1.494 AND feature_8 > -0.43,3.37,0.04,0.69,4.06,4,0.76,0.62,2.701,3.0,0.81,CT on P,0.8,
feature_9 > -1.975 AND feature_0 > 0.29 AND feature_0 <= 1.494 AND feature_2 <= -0.446 AND feature_1 > -0.669 AND feature_7 <= -0.582,3.365,0.03,0.08,3.44,6,0.76,0.61,1.852,5.0,0.55,CT on P,0.8,
feature_9 > -1.975 AND feature_0 > 0.29 AND feature_0 > 1.494,2.961,0.07,0.95,3.91,3,0.67,0.55,2.709,2.0,0.81,CT on P,0.8,
feature_9 > -1.975 AND feature_0 <= 0.29 AND feature_1 > -0.159 AND feature_0 > -1.108 AND feature_1 > 1.559 AND feature_6 > 0.017,2.845,0.02,0.91,3.76,6,0.64,0.52,1.707,4.0,0.51,CT on P,0.8,
feature_9 > -1.975 AND feature_0 > 0.29 AND feature_0 > 1.494 AND feature_8 > -0.43 AND feature_2 > -0.161,4.436,0.02,0.41,4.85,5,1.0,1.0,2.701,4.0,1.0,CT on P,1.0,
feature_9 > -1.975 AND feature_0 > 0.29 AND feature_0 > 1.494 AND feature_8 > -0.43,3.37,0.04,0.69,4.06,4,0.76,0.76,2.701,3.0,1.0,CT on P,1.0,
feature_9 > -1.975 AND feature_0 > 0.29 AND feature_0 <= 1.494 AND feature_2 <= -0.446 AND feature_1 > -0.669 AND feature_7 <= -0.582,3.365,0.03,0.08,3.44,6,0.76,0.76,1.852,5.0,0.68,CT on P,1.0,
feature_9 > -1.975 AND feature_0 > 0.29 AND feature_0 > 1.494,2.961,0.07,0.95,3.91,3,0.67,0.67,2.709,2.0,1.0,CT on P,1.0,
feature_9 > -1.975 AND feature_0 <= 0.29 AND feature_1 > -0.159 AND feature_0 > -1.108 AND feature_1 > 1.559 AND feature_6 > 0.017,2.845,0.02,0.91,3.76,6,0.64,0.64,1.707,4.0,0.63,CT on P,1.0,
feature_0 > -1.258,1.148,0.69,,,1,0.02,0.69,1.013,1.0,0.69,CF,0.0,4.87
feature_0 > -1.288,1.065,0.69,,,1,0.02,0.69,1.004,1.0,0.69,CF,0.0,4.87
feature_0 > -1.077,1.092,0.67,,,1,0.02,0.67,1.074,1.0,0.67,CF,0.0,4.87
feature_0 <= 0.766 AND feature_0 > -1.322 AND feature_2 <= 0.858,0.621,0.66,,,3,0.01,0.66,0.625,2.0,0.66,CF,0.0,4.87
feature_0 <= 0.976,0.554,0.66,,,1,0.01,0.66,0.518,1.0,0.66,CF,0.0,4.87
feature_0 > -1.258,1.148,0.69,,,1,0.02,0.56,1.013,1.0,0.74,CF,0.2,4.87
feature_0 > -1.288,1.065,0.69,,,1,0.02,0.56,1.004,1.0,0.74,CF,0.2,4.87
feature_0 > -1.077,1.092,0.67,,,1,0.02,0.54,1.074,1.0,0.74,CF,0.2,4.87
feature_0 <= 0.766 AND feature_0 > -1.322 AND feature_2 <= 0.858,0.621,0.66,,,3,0.01,0.53,0.625,2.0,0.64,CF,0.2,4.87
feature_0 <= 0.976,0.554,0.66,,,1,0.01,0.53,0.518,1.0,0.62,CF,0.2,4.87
feature_0 > -1.258,1.148,0.69,,,1,0.02,0.42,1.013,1.0,0.79,CF,0.4,4.87
feature_0 > -1.288,1.065,0.69,,,1,0.02,0.42,1.004,1.0,0.79,CF,0.4,4.87
feature_0 > -1.077,1.092,0.67,,,1,0.02,0.41,1.074,1.0,0.8,CF,0.4,4.87
feature_0 <= 0.766 AND feature_0 > -1.322 AND feature_2 <= 0.858,0.621,0.66,,,3,0.01,0.4,0.625,2.0,0.63,CF,0.4,4.87
feature_0 <= 0.976,0.554,0.66,,,1,0.01,0.4,0.518,1.0,0.59,CF,0.4,4.87
feature_0 > -0.06 AND feature_1 > 1.025 AND feature_2 > 1.434 AND feature_9 > 0.174,45.946,0.0,,,4,1.0,0.6,2.448,4.0,0.6,CF,0.6,4.87
feature_0 > -1.258,1.148,0.69,,,1,0.02,0.29,1.013,1.0,0.52,CF,0.6,4.87
feature_0 > -1.288,1.065,0.69,,,1,0.02,0.29,1.004,1.0,0.52,CF,0.6,4.87
feature_0 > -1.077,1.092,0.67,,,1,0.02,0.28,1.074,1.0,0.53,CF,0.6,4.87
feature_0 > -0.927,1.207,0.65,,,1,0.03,0.28,1.129,1.0,0.54,CF,0.6,4.87
feature_0 > -0.06 AND feature_1 > 1.025 AND feature_2 > 1.434 AND feature_9 > 0.174,45.946,0.0,,,4,1.0,0.8,2.448,4.0,0.74,CF,0.8,4.87
feature_0 > -1.258,1.148,0.69,,,1,0.02,0.16,1.013,1.0,0.44,CF,0.8,4.87
feature_0 > -1.288,1.065,0.69,,,1,0.02,0.16,1.004,1.0,0.44,CF,0.8,4.87
feature_0 > 0.331 AND feature_1 <= 0.674 AND feature_0 > 1.652 AND feature_3 > 1.321,8.882,0.0,,,4,0.19,0.15,2.65,3.0,0.8,CF,0.8,4.87
feature_0 > -1.077,1.092,0.67,,,1,0.02,0.15,1.074,1.0,0.46,CF,0.8,4.87
feature_0 > -0.06 AND feature_1 > 1.025 AND feature_2 > 1.434 AND feature_9 > 0.174,45.946,0.0,,,4,1.0,1.0,2.448,4.0,0.66,CF,1.0,4.87
feature_0 > 0.331 AND feature_1 <= 0.674 AND feature_0 > 1.652 AND feature_3 > 1.321,8.882,0.0,,,4,0.19,0.19,2.65,3.0,0.72,CF,1.0,4.87
feature_0 > 0.35 AND feature_1 > 1.197 AND feature_5 <= -0.492 AND feature_1 > 2.295,7.822,0.0,,,4,0.17,0.17,3.704,3.0,1.0,CF,1.0,4.87
feature_0 > 0.302 AND feature_1 > 0.687 AND feature_8 > 1.702 AND feature_3 <= 0.139,7.099,0.0,,,4,0.15,0.15,2.737,4.0,0.74,CF,1.0,4.87
feature_0 > 0.766 AND feature_1 <= 0.619 AND feature_6 > 1.49 AND feature_1 > -0.181,6.522,0.0,,,4,0.14,0.14,2.08,3.0,0.56,CF,1.0,4.87
feature_0 > -0.132,1.413,0.47,,,1,0.56,0.47,1.54,1.0,0.47,CF SingleTree,0.0,0.55
feature_0 <= -0.132,0.138,0.39,,,1,0.05,0.39,0.071,1.0,0.39,CF SingleTree,0.0,0.55
feature_0 > -0.132 AND feature_0 <= 0.76,1.126,0.3,,,2,0.45,0.3,1.122,1.0,0.3,CF SingleTree,0.0,0.55
feature_0 > -0.132 AND feature_0 <= 0.76 AND feature_1 <= 0.659,0.994,0.23,,,3,0.39,0.23,0.861,2.0,0.23,CF SingleTree,0.0,0.55
feature_0 <= -0.132 AND feature_0 > -0.829,0.413,0.22,,,2,0.16,0.22,0.341,1.0,0.22,CF SingleTree,0.0,0.55
feature_0 > -0.132,1.413,0.47,,,1,0.56,0.49,1.54,1.0,0.52,CF SingleTree,0.2,0.55
feature_0 > -0.132 AND feature_0 <= 0.76,1.126,0.3,,,2,0.45,0.33,1.122,1.0,0.34,CF SingleTree,0.2,0.55
feature_0 <= -0.132,0.138,0.39,,,1,0.05,0.32,0.071,1.0,0.32,CF SingleTree,0.2,0.55
feature_0 > -0.132 AND feature_0 > 0.76,1.833,0.2,,,2,0.73,0.31,2.15,1.0,0.36,CF SingleTree,0.2,0.55
feature_0 > -0.132 AND feature_0 <= 0.76 AND feature_1 <= 0.659,0.994,0.23,,,3,0.39,0.26,0.861,2.0,0.26,CF SingleTree,0.2,0.55
feature_0 > -0.132,1.413,0.47,,,1,0.56,0.51,1.54,1.0,0.47,CF SingleTree,0.4,0.55
feature_0 > -0.132 AND feature_0 > 0.76 AND feature_1 > 0.655 AND feature_0 > 1.335,2.526,0.02,,,4,1.0,0.41,3.328,2.0,0.41,CF SingleTree,0.4,0.55
feature_0 > -0.132 AND feature_0 > 0.76,1.833,0.2,,,2,0.73,0.41,2.15,1.0,0.38,CF SingleTree,0.4,0.55
feature_0 > -0.132 AND feature_0 > 0.76 AND feature_1 > 0.655,2.356,0.05,,,3,0.93,0.4,2.882,2.0,0.38,CF SingleTree,0.4,0.55
feature_0 > -0.132 AND feature_0 > 0.76 AND feature_1 > 0.655 AND feature_0 <= 1.335,2.231,0.03,,,4,0.88,0.37,2.552,2.0,0.32,CF SingleTree,0.4,0.55
feature_0 > -0.132 AND feature_0 > 0.76 AND feature_1 > 0.655 AND feature_0 > 1.335,2.526,0.02,,,4,1.0,0.61,3.328,2.0,0.61,CF SingleTree,0.6,0.55
feature_0 > -0.132 AND feature_0 > 0.76 AND feature_1 > 0.655,2.356,0.05,,,3,0.93,0.58,2.882,2.0,0.54,CF SingleTree,0.6,0.55
feature_0 > -0.132 AND feature_0 > 0.76 AND feature_1 > 0.655 AND feature_0 <= 1.335,2.231,0.03,,,4,0.88,0.54,2.552,2.0,0.47,CF SingleTree,0.6,0.55
feature_0 > -0.132,1.413,0.47,,,1,0.56,0.52,1.54,1.0,0.47,CF SingleTree,0.6,0.55
feature_0 > -0.132 AND feature_0 > 0.76,1.833,0.2,,,2,0.73,0.52,2.15,1.0,0.47,CF SingleTree,0.6,0.55
feature_0 > -0.132 AND feature_0 > 0.76 AND feature_1 > 0.655 AND feature_0 > 1.335,2.526,0.02,,,4,1.0,0.8,3.328,2.0,0.8,CF SingleTree,0.8,0.55
feature_0 > -0.132 AND feature_0 > 0.76 AND feature_1 > 0.655,2.356,0.05,,,3,0.93,0.76,2.882,2.0,0.7,CF SingleTree,0.8,0.55
feature_0 > -0.132 AND feature_0 > 0.76 AND feature_1 > 0.655 AND feature_0 <= 1.335,2.231,0.03,,,4,0.88,0.71,2.552,2.0,0.62,CF SingleTree,0.8,0.55
feature_0 > -0.132 AND feature_0 > 0.76,1.833,0.2,,,2,0.73,0.62,2.15,1.0,0.56,CF SingleTree,0.8,0.55
feature_0 > -0.132 AND feature_0 > 0.76 AND feature_1 <= 0.655 AND feature_1 > -0.09,1.805,0.06,,,4,0.71,0.58,2.204,2.0,0.54,CF SingleTree,0.8,0.55
feature_0 > -0.132 AND feature_0 > 0.76 AND feature_1 > 0.655 AND feature_0 > 1.335,2.526,0.02,,,4,1.0,1.0,3.328,2.0,1.0,CF SingleTree,1.0,0.55
feature_0 > -0.132 AND feature_0 > 0.76 AND feature_1 > 0.655,2.356,0.05,,,3,0.93,0.93,2.882,2.0,0.87,CF SingleTree,1.0,0.55
feature_0 > -0.132 AND feature_0 > 0.76 AND feature_1 > 0.655 AND feature_0 <= 1.335,2.231,0.03,,,4,0.88,0.88,2.552,2.0,0.77,CF SingleTree,1.0,0.55
feature_0 > -0.132 AND feature_0 > 0.76,1.833,0.2,,,2,0.73,0.73,2.15,1.0,0.65,CF SingleTree,1.0,0.55
feature_0 > -0.132 AND feature_0 <= 0.76 AND feature_1 > 0.659 AND feature_0 > 0.336,1.815,0.04,,,4,0.72,0.72,2.083,2.0,0.63,CF SingleTree,1.0,0.55
feature_8 > -1.455,0.776,0.83,0.99,1.77,1,0.17,0.83,0.804,1.0,0.83,CT on D,0.0,
feature_8 > -1.455 AND feature_0 <= 0.631,0.24,0.63,1.05,1.29,2,0.05,0.63,0.348,2.0,0.63,CT on D,0.0,
feature_8 > -1.455 AND feature_0 <= 0.631 AND feature_0 > -0.692,0.709,0.43,0.89,1.6,3,0.15,0.43,0.759,2.0,0.43,CT on D,0.0,
feature_8 > -1.455 AND feature_0 <= 0.631 AND feature_0 > -0.692 AND feature_1 > -0.163,1.118,0.25,0.86,1.98,4,0.24,0.25,1.097,3.0,0.25,CT on D,0.0,
feature_8 > -1.455 AND feature_0 <= 0.631 AND feature_0 > -0.692 AND feature_1 > -0.163 AND feature_9 > -1.794,1.041,0.24,0.9,1.94,5,0.23,0.24,1.1,4.0,0.24,CT on D,0.0,
feature_8 > -1.455,0.776,0.83,0.99,1.77,1,0.17,0.7,0.804,1.0,0.74,CT on D,0.2,
feature_8 > -1.455 AND feature_0 <= 0.631,0.24,0.63,1.05,1.29,2,0.05,0.51,0.348,2.0,0.54,CT on D,0.2,
feature_8 > -1.455 AND feature_0 <= 0.631 AND feature_0 > -0.692,0.709,0.43,0.89,1.6,3,0.15,0.37,0.759,2.0,0.42,CT on D,0.2,
feature_8 > -1.455 AND feature_0 > 0.631,2.239,0.24,0.84,3.07,2,0.49,0.29,2.046,2.0,0.39,CT on D,0.2,
feature_8 > -1.455 AND feature_0 <= 0.631 AND feature_0 > -0.692 AND feature_1 > -0.163,1.118,0.25,0.86,1.98,4,0.24,0.25,1.097,3.0,0.31,CT on D,0.2,
feature_8 > -1.455,0.776,0.83,0.99,1.77,1,0.17,0.57,0.804,1.0,0.6,CT on D,0.4,
feature_8 > -1.455 AND feature_0 > 0.631 AND feature_0 > 1.178 AND feature_1 > 0.747 AND feature_9 > 0.073,4.576,0.01,1.1,5.68,5,1.0,0.41,3.156,4.0,0.4,CT on D,0.4,
feature_8 > -1.455 AND feature_0 <= 0.631,0.24,0.63,1.05,1.29,2,0.05,0.4,0.348,2.0,0.42,CT on D,0.4,
feature_8 > -1.455 AND feature_0 > 0.631 AND feature_0 > 1.178 AND feature_1 <= 0.747 AND feature_0 > 2.212,4.268,0.01,0.5,4.77,5,0.93,0.38,3.084,3.0,0.39,CT on D,0.4,
feature_8 > -1.455 AND feature_0 > 0.631 AND feature_0 > 1.178 AND feature_1 > 0.747,4.012,0.03,1.5,5.52,4,0.88,0.37,3.215,3.0,0.42,CT on D,0.4,
feature_8 > -1.455 AND feature_0 > 0.631 AND feature_0 > 1.178 AND feature_1 > 0.747 AND feature_9 > 0.073,4.576,0.01,1.1,5.68,5,1.0,0.6,3.156,4.0,0.58,CT on D,0.6,
feature_8 > -1.455 AND feature_0 > 0.631 AND feature_0 > 1.178 AND feature_1 <= 0.747 AND feature_0 > 2.212,4.268,0.01,0.5,4.77,5,0.93,0.56,3.084,3.0,0.57,CT on D,0.6,
feature_8 > -1.455 AND feature_0 > 0.631 AND feature_0 > 1.178 AND feature_1 > 0.747,4.012,0.03,1.5,5.52,4,0.88,0.54,3.215,3.0,0.6,CT on D,0.6,
feature_8 > -1.455 AND feature_0 > 0.631 AND feature_0 > 1.178 AND feature_1 > 0.747 AND feature_9 <= 0.073,3.562,0.01,1.82,5.39,5,0.78,0.47,3.263,4.0,0.6,CT on D,0.6,
feature_8 > -1.455 AND feature_0 > 0.631 AND feature_0 > 1.178 AND feature_1 <= 0.747 AND feature_0 <= 2.212 AND feature_6 > 0.813,3.394,0.02,-0.25,3.15,6,0.74,0.45,2.163,4.0,0.41,CT on D,0.6,
feature_8 > -1.455 AND feature_0 > 0.631 AND feature_0 > 1.178 AND feature_1 > 0.747 AND feature_9 > 0.073,4.576,0.01,1.1,5.68,5,1.0,0.8,3.156,4.0,0.78,CT on D,0.8,
feature_8 > -1.455 AND feature_0 > 0.631 AND feature_0 > 1.178 AND feature_1 <= 0.747 AND feature_0 > 2.212,4.268,0.01,0.5,4.77,5,0.93,0.75,3.084,3.0,0.76,CT on D,0.8,
feature_8 > -1.455 AND feature_0 > 0.631 AND feature_0 > 1.178 AND feature_1 > 0.747,4.012,0.03,1.5,5.52,4,0.88,0.71,3.215,3.0,0.79,CT on D,0.8,
feature_8 > -1.455 AND feature_0 > 0.631 AND feature_0 > 1.178 AND feature_1 > 0.747 AND feature_9 <= 0.073,3.562,0.01,1.82,5.39,5,0.78,0.62,3.263,4.0,0.8,CT on D,0.8,
feature_8 > -1.455 AND feature_0 > 0.631 AND feature_0 > 1.178 AND feature_1 <= 0.747 AND feature_0 <= 2.212 AND feature_6 > 0.813,3.394,0.02,-0.25,3.15,6,0.74,0.6,2.163,4.0,0.53,CT on D,0.8,
feature_8 > -1.455 AND feature_0 > 0.631 AND feature_0 > 1.178 AND feature_1 > 0.747 AND feature_9 > 0.073,4.576,0.01,1.1,5.68,5,1.0,1.0,3.156,4.0,0.97,CT on D,1.0,
feature_8 > -1.455 AND feature_0 > 0.631 AND feature_0 > 1.178 AND feature_1 <= 0.747 AND feature_0 > 2.212,4.268,0.01,0.5,4.77,5,0.93,0.93,3.084,3.0,0.95,CT on D,1.0,
feature_8 > -1.455 AND feature_0 > 0.631 AND feature_0 > 1.178 AND feature_1 > 0.747,4.012,0.03,1.5,5.52,4,0.88,0.88,3.215,3.0,0.99,CT on D,1.0,
feature_8 > -1.455 AND feature_0 > 0.631 AND feature_0 > 1.178 AND feature_1 > 0.747 AND feature_9 <= 0.073,3.562,0.01,1.82,5.39,5,0.78,0.78,3.263,4.0,1.0,CT on D,1.0,
feature_8 > -1.455 AND feature_0 > 0.631 AND feature_0 > 1.178 AND feature_1 <= 0.747 AND feature_0 <= 2.212 AND feature_6 > 0.813,3.394,0.02,-0.25,3.15,6,0.74,0.74,2.163,4.0,0.66,CT on D,1.0,
feature_8 > -0.726,0.737,0.77,0.84,1.57,1,0.16,0.77,0.807,1.0,0.77,CT on P,0.0,
feature_8 > -0.726 AND feature_0 > -0.477,1.356,0.52,0.69,2.05,2,0.29,0.52,1.331,2.0,0.52,CT on P,0.0,
feature_8 > -0.726 AND feature_0 > -0.477 AND feature_0 <= 1.03,0.955,0.4,0.69,1.65,3,0.2,0.4,1.03,2.0,0.4,CT on P,0.0,
feature_8 > -0.726 AND feature_0 <= -0.477,0.585,0.24,1.14,0.56,2,0.12,0.24,0.315,2.0,0.24,CT on P,0.0,
feature_8 <= -0.726,0.821,0.23,0.91,1.73,1,0.17,0.23,0.773,1.0,0.23,CT on P,0.0,
feature_8 > -0.726,0.737,0.77,0.84,1.57,1,0.16,0.65,0.807,1.0,0.73,CT on P,0.2,
feature_8 > -0.726 AND feature_0 > -0.477,1.356,0.52,0.69,2.05,2,0.29,0.47,1.331,2.0,0.61,CT on P,0.2,
feature_8 > -0.726 AND feature_0 > -0.477 AND feature_0 <= 1.03,0.955,0.4,0.69,1.65,3,0.2,0.36,1.03,2.0,0.47,CT on P,0.2,
feature_8 > -0.726 AND feature_0 > -0.477 AND feature_0 <= 1.03 AND feature_1 > -0.171,1.243,0.23,0.78,2.03,4,0.26,0.24,1.372,3.0,0.38,CT on P,0.2,
feature_8 <= -0.726,0.821,0.23,0.91,1.73,1,0.17,0.22,0.773,1.0,0.3,CT on P,0.2,
feature_8 > -0.726,0.737,0.77,0.84,1.57,1,0.16,0.52,0.807,1.0,0.57,CT on P,0.4,
feature_8 > -0.726 AND feature_0 > -0.477,1.356,0.52,0.69,2.05,2,0.29,0.43,1.331,2.0,0.49,CT on P,0.4,
feature_8 > -0.726 AND feature_0 > -0.477 AND feature_0 > 1.03 AND feature_0 > 1.854 AND feature_7 <= 0.001,4.718,0.01,0.33,5.04,5,1.0,0.41,3.013,3.0,0.41,CT on P,0.4,
feature_8 > -0.726 AND feature_0 > -0.477 AND feature_0 > 1.03 AND feature_0 > 1.854,4.121,0.03,0.52,4.64,4,0.87,0.37,3.008,2.0,0.42,CT on P,0.4,
feature_8 > -0.726 AND feature_0 > -0.477 AND feature_0 > 1.03 AND feature_0 <= 1.854 AND feature_2 > -0.637 AND feature_5 <= -0.901,3.846,0.01,-0.23,3.62,6,0.82,0.33,2.162,4.0,0.29,CT on P,0.4,
feature_8 > -0.726 AND feature_0 > -0.477 AND feature_0 > 1.03 AND feature_0 > 1.854 AND feature_7 <= 0.001,4.718,0.01,0.33,5.04,5,1.0,0.6,3.013,3.0,0.6,CT on P,0.6,
feature_8 > -0.726 AND feature_0 > -0.477 AND feature_0 > 1.03 AND feature_0 > 1.854,4.121,0.03,0.52,4.64,4,0.87,0.54,3.008,2.0,0.61,CT on P,0.6,
feature_8 > -0.726 AND feature_0 > -0.477 AND feature_0 > 1.03 AND feature_0 <= 1.854 AND feature_2 > -0.637 AND feature_5 <= -0.901,3.846,0.01,-0.23,3.62,6,0.82,0.49,2.162,4.0,0.43,CT on P,0.6,
feature_8 > -0.726 AND feature_0 > -0.477 AND feature_0 > 1.03 AND feature_0 <= 1.854 AND feature_2 <= -0.637 AND feature_7 > -0.032,3.611,0.01,-0.46,3.15,6,0.77,0.46,2.103,4.0,0.42,CT on P,0.6,
feature_8 > -0.726 AND feature_0 > -0.477 AND feature_0 > 1.03 AND feature_0 > 1.854 AND feature_7 > 0.001,3.396,0.01,0.75,4.15,5,0.72,0.44,3.002,3.0,0.6,CT on P,0.6,
feature_8 > -0.726 AND feature_0 > -0.477 AND feature_0 > 1.03 AND feature_0 > 1.854 AND feature_7 <= 0.001,4.718,0.01,0.33,5.04,5,1.0,0.8,3.013,3.0,0.8,CT on P,0.8,
feature_8 > -0.726 AND feature_0 > -0.477 AND feature_0 > 1.03 AND feature_0 > 1.854,4.121,0.03,0.52,4.64,4,0.87,0.7,3.008,2.0,0.8,CT on P,0.8,
feature_8 > -0.726 AND feature_0 > -0.477 AND feature_0 > 1.03 AND feature_0 <= 1.854 AND feature_2 > -0.637 AND feature_5 <= -0.901,3.846,0.01,-0.23,3.62,6,0.82,0.65,2.162,4.0,0.58,CT on P,0.8,
feature_8 > -0.726 AND feature_0 > -0.477 AND feature_0 > 1.03 AND feature_0 <= 1.854 AND feature_2 <= -0.637 AND feature_7 > -0.032,3.611,0.01,-0.46,3.15,6,0.77,0.61,2.103,4.0,0.56,CT on P,0.8,
feature_8 > -0.726 AND feature_0 > -0.477 AND feature_0 > 1.03 AND feature_0 > 1.854 AND feature_7 > 0.001,3.396,0.01,0.75,4.15,5,0.72,0.58,3.002,3.0,0.8,CT on P,0.8,
feature_8 > -0.726 AND feature_0 > -0.477 AND feature_0 > 1.03 AND feature_0 > 1.854 AND feature_7 <= 0.001,4.718,0.01,0.33,5.04,5,1.0,1.0,3.013,3.0,1.0,CT on P,1.0,
feature_8 > -0.726 AND feature_0 > -0.477 AND feature_0 > 1.03 AND feature_0 > 1.854,4.121,0.03,0.52,4.64,4,0.87,0.87,3.008,2.0,1.0,CT on P,1.0,
feature_8 > -0.726 AND feature_0 > -0.477 AND feature_0 > 1.03 AND feature_0 <= 1.854 AND feature_2 > -0.637 AND feature_5 <= -0.901,3.846,0.01,-0.23,3.62,6,0.82,0.82,2.162,4.0,0.72,CT on P,1.0,
feature_8 > -0.726 AND feature_0 > -0.477 AND feature_0 > 1.03 AND feature_0 <= 1.854 AND feature_2 <= -0.637 AND feature_7 > -0.032,3.611,0.01,-0.46,3.15,6,0.77,0.77,2.103,4.0,0.7,CT on P,1.0,
feature_8 > -0.726 AND feature_0 > -0.477 AND feature_0 > 1.03 AND feature_0 > 1.854 AND feature_7 > 0.001,3.396,0.01,0.75,4.15,5,0.72,0.72,3.002,3.0,1.0,CT on P,1.0,
feature_3 <= 1.615,0.949,0.94,,,1,0.08,0.94,0.798,1.0,0.94,CF,0.0,4.91
feature_0 <= 1.028 AND feature_3 <= 1.626,0.425,0.81,,,2,0.04,0.81,0.516,2.0,0.81,CF,0.0,4.91
feature_0 > -1.242,0.95,0.8,,,1,0.08,0.8,1.005,1.0,0.8,CF,0.0,4.91
feature_0 <= 1.155,0.319,0.79,,,1,0.03,0.79,0.558,1.0,0.79,CF,0.0,4.91
feature_0 <= 1.119,0.488,0.78,,,1,0.04,0.78,0.545,1.0,0.78,CF,0.0,4.91
feature_3 <= 1.615,0.949,0.94,,,1,0.08,0.77,0.798,1.0,0.91,CF,0.2,4.91
feature_0 > -1.242,0.95,0.8,,,1,0.08,0.66,1.005,1.0,0.83,CF,0.2,4.91
feature_0 <= 1.028 AND feature_3 <= 1.626,0.425,0.81,,,2,0.04,0.66,0.516,2.0,0.75,CF,0.2,4.91
feature_0 > -1.125,1.311,0.78,,,1,0.11,0.65,1.042,1.0,0.82,CF,0.2,4.91
feature_0 <= 1.155,0.319,0.79,,,1,0.03,0.64,0.558,1.0,0.74,CF,0.2,4.91
feature_3 <= 1.615,0.949,0.94,,,1,0.08,0.6,0.798,1.0,0.86,CF,0.4,4.91
feature_0 > -1.125,1.311,0.78,,,1,0.11,0.51,1.042,1.0,0.85,CF,0.4,4.91
feature_0 > -1.242,0.95,0.8,,,1,0.08,0.51,1.005,1.0,0.85,CF,0.4,4.91
feature_0 > -1.003,1.314,0.76,,,1,0.11,0.5,1.087,1.0,0.86,CF,0.4,4.91
feature_0 <= 1.028 AND feature_3 <= 1.626,0.425,0.81,,,2,0.04,0.5,0.516,2.0,0.68,CF,0.4,4.91
feature_0 > 0.91 AND feature_1 > 0.213 AND feature_1 <= 1.802 AND feature_6 <= -1.599,11.784,0.0,,,4,1.0,0.6,2.79,3.0,0.42,CF,0.6,4.91
feature_0 > -1.007 AND feature_1 > 1.252 AND feature_0 > 1.432 AND feature_5 <= -0.266,9.375,0.0,,,4,0.8,0.48,3.946,3.0,0.6,CF,0.6,4.91
feature_0 > 0.386 AND feature_1 > 0.483 AND feature_9 > 1.312 AND feature_1 <= 0.607,8.757,0.0,,,4,0.74,0.45,2.267,3.0,0.34,CF,0.6,4.91
feature_3 <= 1.615,0.949,0.94,,,1,0.08,0.42,0.798,1.0,0.5,CF,0.6,4.91
feature_0 > 0.964 AND feature_2 > -0.848 AND feature_0 > 1.918 AND feature_9 <= -1.252,8.184,0.0,,,4,0.69,0.42,3.231,3.0,0.49,CF,0.6,4.91
feature_0 > 0.91 AND feature_1 > 0.213 AND feature_1 <= 1.802 AND feature_6 <= -1.599,11.784,0.0,,,4,1.0,0.8,2.79,3.0,0.57,CF,0.8,4.91
feature_0 > -1.007 AND feature_1 > 1.252 AND feature_0 > 1.432 AND feature_5 <= -0.266,9.375,0.0,,,4,0.8,0.64,3.946,3.0,0.8,CF,0.8,4.91
feature_0 > 0.386 AND feature_1 > 0.483 AND feature_9 > 1.312 AND feature_1 <= 0.607,8.757,0.0,,,4,0.74,0.59,2.267,3.0,0.46,CF,0.8,4.91
feature_0 > 0.964 AND feature_2 > -0.848 AND feature_0 > 1.918 AND feature_9 <= -1.252,8.184,0.0,,,4,0.69,0.56,3.231,3.0,0.66,CF,0.8,4.91
feature_0 > 0.984 AND feature_2 > 1.333 AND feature_0 > 1.439 AND feature_0 <= 1.722,7.411,0.0,,,4,0.63,0.5,2.48,2.0,0.5,CF,0.8,4.91
feature_0 > 0.91 AND feature_1 > 0.213 AND feature_1 <= 1.802 AND feature_6 <= -1.599,11.784,0.0,,,4,1.0,1.0,2.79,3.0,0.71,CF,1.0,4.91
feature_0 > -1.007 AND feature_1 > 1.252 AND feature_0 > 1.432 AND feature_5 <= -0.266,9.375,0.0,,,4,0.8,0.8,3.946,3.0,1.0,CF,1.0,4.91
feature_0 > 0.386 AND feature_1 > 0.483 AND feature_9 > 1.312 AND feature_1 <= 0.607,8.757,0.0,,,4,0.74,0.74,2.267,3.0,0.57,CF,1.0,4.91
feature_0 > 0.964 AND feature_2 > -0.848 AND feature_0 > 1.918 AND feature_9 <= -1.252,8.184,0.0,,,4,0.69,0.69,3.231,3.0,0.82,CF,1.0,4.91
feature_0 > 0.984 AND feature_2 > 1.333 AND feature_0 > 1.439 AND feature_0 <= 1.722,7.411,0.0,,,4,0.63,0.63,2.48,2.0,0.63,CF,1.0,4.91
feature_0 > -0.114,1.424,0.51,,,1,0.57,0.51,1.533,1.0,0.51,CF SingleTree,0.0,0.56
feature_0 <= -0.114,0.085,0.43,,,1,0.03,0.43,0.077,1.0,0.43,CF SingleTree,0.0,0.56
feature_0 > -0.114 AND feature_0 <= 1.002,1.103,0.37,,,2,0.44,0.37,1.197,1.0,0.37,CF SingleTree,0.0,0.56
feature_0 <= -0.114 AND feature_0 > -1.096,0.303,0.31,,,2,0.12,0.31,0.232,1.0,0.31,CF SingleTree,0.0,0.56
feature_0 <= -0.114 AND feature_0 > -1.096 AND feature_0 <= -0.305,0.213,0.24,,,3,0.09,0.24,0.115,1.0,0.24,CF SingleTree,0.0,0.56
feature_0 > -0.114,1.424,0.51,,,1,0.57,0.52,1.533,1.0,0.54,CF SingleTree,0.2,0.56
feature_0 > -0.114 AND feature_0 <= 1.002,1.103,0.37,,,2,0.44,0.38,1.197,1.0,0.4,CF SingleTree,0.2,0.56
feature_0 <= -0.114,0.085,0.43,,,1,0.03,0.35,0.077,1.0,0.35,CF SingleTree,0.2,0.56
feature_0 > -0.114 AND feature_0 > 1.002,2.192,0.16,,,2,0.88,0.3,2.334,1.0,0.33,CF SingleTree,0.2,0.56
feature_0 <= -0.114 AND feature_0 > -1.096,0.303,0.31,,,2,0.12,0.27,0.232,1.0,0.27,CF SingleTree,0.2,0.56
feature_0 > -0.114,1.424,0.51,,,1,0.57,0.53,1.533,1.0,0.51,CF SingleTree,0.4,0.56
feature_0 > -0.114 AND feature_0 > 1.002,2.192,0.16,,,2,0.88,0.45,2.334,1.0,0.4,CF SingleTree,0.4,0.56
feature_0 > -0.114 AND feature_0 > 1.002 AND feature_1 > 0.488 AND feature_0 > 1.164,2.5,0.04,,,4,1.0,0.42,3.057,2.0,0.42,CF SingleTree,0.4,0.56
feature_0 > -0.114 AND feature_0 > 1.002 AND feature_1 > 0.488,2.434,0.05,,,3,0.97,0.42,2.946,2.0,0.42,CF SingleTree,0.4,0.56
feature_0 > -0.114 AND feature_0 > 1.002 AND feature_1 <= 0.488,2.082,0.11,,,3,0.83,0.4,2.057,2.0,0.34,CF SingleTree,0.4,0.56
feature_0 > -0.114 AND feature_0 > 1.002 AND feature_1 > 0.488 AND feature_0 > 1.164,2.5,0.04,,,4,1.0,0.62,3.057,2.0,0.62,CF SingleTree,0.6,0.56
feature_0 > -0.114 AND feature_0 > 1.002 AND feature_1 > 0.488,2.434,0.05,,,3,0.97,0.6,2.946,2.0,0.6,CF SingleTree,0.6,0.56
feature_0 > -0.114 AND feature_0 > 1.002,2.192,0.16,,,2,0.88,0.59,2.334,1.0,0.52,CF SingleTree,0.6,0.56
feature_0 > -0.114 AND feature_0 > 1.002 AND feature_1 <= 0.488 AND feature_0 > 1.162,2.171,0.08,,,4,0.87,0.55,2.183,2.0,0.46,CF SingleTree,0.6,0.56
feature_0 > -0.114,1.424,0.51,,,1,0.57,0.55,1.533,1.0,0.5,CF SingleTree,0.6,0.56
feature_0 > -0.114 AND feature_0 > 1.002 AND feature_1 > 0.488 AND feature_0 > 1.164,2.5,0.04,,,4,1.0,0.81,3.057,2.0,0.81,CF SingleTree,0.8,0.56
feature_0 > -0.114 AND feature_0 > 1.002 AND feature_1 > 0.488,2.434,0.05,,,3,0.97,0.79,2.946,2.0,0.78,CF SingleTree,0.8,0.56
feature_0 > -0.114 AND feature_0 > 1.002,2.192,0.16,,,2,0.88,0.73,2.334,1.0,0.64,CF SingleTree,0.8,0.56
feature_0 > -0.114 AND feature_0 > 1.002 AND feature_1 <= 0.488 AND feature_0 > 1.162,2.171,0.08,,,4,0.87,0.71,2.183,2.0,0.59,CF SingleTree,0.8,0.56
feature_0 > -0.114 AND feature_0 > 1.002 AND feature_1 > 0.488 AND feature_0 <= 1.164,2.184,0.01,,,4,0.87,0.7,2.522,2.0,0.66,CF SingleTree,0.8,0.56
feature_0 > -0.114 AND feature_0 > 1.002 AND feature_1 > 0.488 AND feature_0 > 1.164,2.5,0.04,,,4,1.0,1.0,3.057,2.0,1.0,CF SingleTree,1.0,0.56
feature_0 > -0.114 AND feature_0 > 1.002 AND feature_1 > 0.488,2.434,0.05,,,3,0.97,0.97,2.946,2.0,0.96,CF SingleTree,1.0,0.56
feature_0 > -0.114 AND feature_0 > 1.002,2.192,0.16,,,2,0.88,0.88,2.334,1.0,0.76,CF SingleTree,1.0,0.56
feature_0 > -0.114 AND feature_0 > 1.002 AND feature_1 > 0.488 AND feature_0 <= 1.164,2.184,0.01,,,4,0.87,0.87,2.522,2.0,0.82,CF SingleTree,1.0,0.56
feature_0 > -0.114 AND feature_0 > 1.002 AND feature_1 <= 0.488 AND feature_0 > 1.162,2.171,0.08,,,4,0.87,0.87,2.183,2.0,0.71,CF SingleTree,1.0,0.56
feature_2 > -1.712,0.821,0.54,1.05,1.87,1,0.18,0.54,0.816,1.0,0.54,CT on D,0.0,
feature_2 > -1.712 AND feature_0 <= 1.669,0.715,0.52,1.02,1.74,2,0.16,0.52,0.707,2.0,0.52,CT on D,0.0,
feature_2 > -1.712 AND feature_0 <= 1.669 AND feature_0 > -0.11,1.37,0.34,0.95,2.32,3,0.31,0.34,1.413,2.0,0.34,CT on D,0.0,
feature_2 > -1.712 AND feature_0 <= 1.669 AND feature_0 <= -0.11,0.008,0.32,1.11,1.1,3,0.0,0.32,0.069,2.0,0.32,CT on D,0.0,
feature_2 > -1.712 AND feature_0 <= 1.669 AND feature_0 > -0.11 AND feature_1 <= 0.463,0.918,0.25,0.77,1.68,4,0.21,0.25,1.111,3.0,0.25,CT on D,0.0,
feature_2 > -1.712,0.821,0.54,1.05,1.87,1,0.18,0.47,0.816,1.0,0.55,CT on D,0.2,
feature_2 > -1.712 AND feature_0 <= 1.669,0.715,0.52,1.02,1.74,2,0.16,0.45,0.707,2.0,0.52,CT on D,0.2,
feature_2 > -1.712 AND feature_0 <= 1.669 AND feature_0 > -0.11,1.37,0.34,0.95,2.32,3,0.31,0.33,1.413,2.0,0.47,CT on D,0.2,
feature_2 > -1.712 AND feature_0 <= 1.669 AND feature_0 <= -0.11,0.008,0.32,1.11,1.1,3,0.0,0.26,0.069,2.0,0.27,CT on D,0.2,
feature_2 > -1.712 AND feature_0 <= 1.669 AND feature_0 > -0.11 AND feature_1 <= 0.463,0.918,0.25,0.77,1.68,4,0.21,0.24,1.111,3.0,0.36,CT on D,0.2,
feature_2 > -1.712 AND feature_0 > 1.669 AND feature_1 > 0.736,4.464,0.01,1.67,6.14,3,1.0,0.41,3.609,3.0,0.41,CT on D,0.4,
feature_2 > -1.712,0.821,0.54,1.05,1.87,1,0.18,0.4,0.816,1.0,0.41,CT on D,0.4,
feature_2 > -1.712 AND feature_0 <= 1.669 AND feature_0 > -0.11 AND feature_1 > 0.463 AND feature_1 > 1.923,4.344,0.01,1.72,6.07,5,0.97,0.4,3.134,3.0,0.35,CT on D,0.4,
feature_2 > -1.712 AND feature_0 <= 1.669,0.715,0.52,1.02,1.74,2,0.16,0.38,0.707,2.0,0.39,CT on D,0.4,
feature_2 > -1.712 AND feature_0 > 1.669 AND feature_1 <= 0.736 AND feature_5 > 0.506,3.615,0.01,0.93,4.54,4,0.81,0.33,2.675,4.0,0.3,CT on D,0.4,
feature_2 > -1.712 AND feature_0 > 1.669 AND feature_1 > 0.736,4.464,0.01,1.67,6.14,3,1.0,0.6,3.609,3.0,0.6,CT on D,0.6,
feature_2 > -1.712 AND feature_0 <= 1.669 AND feature_0 > -0.11 AND feature_1 > 0.463 AND feature_1 > 1.923,4.344,0.01,1.72,6.07,5,0.97,0.59,3.134,3.0,0.53,CT on D,0.6,
feature_2 > -1.712 AND feature_0 > 1.669 AND feature_1 <= 0.736 AND feature_5 > 0.506,3.615,0.01,0.93,4.54,4,0.81,0.49,2.675,4.0,0.45,CT on D,0.6,
feature_2 > -1.712 AND feature_0 <= 1.669 AND feature_0 > -0.11 AND feature_1 > 0.463 AND feature_1 <= 1.923 AND feature_7 > 1.051,3.244,0.02,0.67,3.91,6,0.73,0.44,1.948,4.0,0.33,CT on D,0.6,
feature_2 > -1.712 AND feature_0 > 1.669,2.827,0.05,1.47,4.3,2,0.63,0.4,2.861,2.0,0.5,CT on D,0.6,
feature_2 > -1.712 AND feature_0 > 1.669 AND feature_1 > 0.736,4.464,0.01,1.67,6.14,3,1.0,0.8,3.609,3.0,0.8,CT on D,0.8,
feature_2 > -1.712 AND feature_0 <= 1.669 AND feature_0 > -0.11 AND feature_1 > 0.463 AND feature_1 > 1.923,4.344,0.01,1.72,6.07,5,0.97,0.78,3.134,3.0,0.7,CT on D,0.8,
feature_2 > -1.712 AND feature_0 > 1.669 AND feature_1 <= 0.736 AND feature_5 > 0.506,3.615,0.01,0.93,4.54,4,0.81,0.65,2.675,4.0,0.59,CT on D,0.8,
feature_2 > -1.712 AND feature_0 <= 1.669 AND feature_0 > -0.11 AND feature_1 > 0.463 AND feature_1 <= 1.923 AND feature_7 > 1.051,3.244,0.02,0.67,3.91,6,0.73,0.59,1.948,4.0,0.44,CT on D,0.8,
feature_2 > -1.712 AND feature_0 > 1.669,2.827,0.05,1.47,4.3,2,0.63,0.52,2.861,2.0,0.64,CT on D,0.8,
feature_2 > -1.712 AND feature_0 > 1.669 AND feature_1 > 0.736,4.464,0.01,1.67,6.14,3,1.0,1.0,3.609,3.0,1.0,CT on D,1.0,
feature_2 > -1.712 AND feature_0 <= 1.669 AND feature_0 > -0.11 AND feature_1 > 0.463 AND feature_1 > 1.923,4.344,0.01,1.72,6.07,5,0.97,0.97,3.134,3.0,0.87,CT on D,1.0,
feature_2 > -1.712 AND feature_0 > 1.669 AND feature_1 <= 0.736 AND feature_5 > 0.506,3.615,0.01,0.93,4.54,4,0.81,0.81,2.675,4.0,0.74,CT on D,1.0,
feature_2 > -1.712 AND feature_0 <= 1.669 AND feature_0 > -0.11 AND feature_1 > 0.463 AND feature_1 <= 1.923 AND feature_7 > 1.051,3.244,0.02,0.67,3.91,6,0.73,0.73,1.948,4.0,0.54,CT on D,1.0,
feature_2 > -1.712 AND feature_0 > 1.669,2.827,0.05,1.47,4.3,2,0.63,0.63,2.861,2.0,0.79,CT on D,1.0,
feature_0 <= 0.476,0.309,0.68,0.65,0.96,1,0.07,0.68,0.292,1.0,0.68,CT on P,0.0,
feature_0 <= 0.476 AND feature_1 <= 0.492,0.004,0.47,0.59,0.59,2,0.0,0.47,0.015,2.0,0.47,CT on P,0.0,
feature_0 > 0.476,1.873,0.32,0.76,2.64,1,0.43,0.32,1.953,1.0,0.32,CT on P,0.0,
feature_0 > 0.476 AND feature_1 <= 1.578,1.719,0.3,0.69,2.41,2,0.39,0.3,1.87,2.0,0.3,CT on P,0.0,
feature_0 > 0.476 AND feature_1 <= 1.578 AND feature_0 <= 1.756,1.526,0.27,0.69,2.22,3,0.35,0.27,1.728,2.0,0.27,CT on P,0.0,
feature_0 <= 0.476,0.309,0.68,0.65,0.96,1,0.07,0.56,0.292,1.0,0.57,CT on P,0.2,
feature_0 <= 0.476 AND feature_1 <= 0.492,0.004,0.47,0.59,0.59,2,0.0,0.38,0.015,2.0,0.38,CT on P,0.2,
feature_0 > 0.476,1.873,0.32,0.76,2.64,1,0.43,0.34,1.953,1.0,0.46,CT on P,0.2,
feature_0 > 0.476 AND feature_1 <= 1.578,1.719,0.3,0.69,2.41,2,0.39,0.32,1.87,2.0,0.43,CT on P,0.2,
feature_0 > 0.476 AND feature_1 <= 1.578 AND feature_0 <= 1.756,1.526,0.27,0.69,2.22,3,0.35,0.29,1.728,2.0,0.39,CT on P,0.2,
feature_0 <= 0.476,0.309,0.68,0.65,0.96,1,0.07,0.44,0.292,1.0,0.44,CT on P,0.4,
feature_0 > 0.476 AND feature_1 > 1.578,4.406,0.02,1.97,6.38,2,1.0,0.41,3.304,2.0,0.41,CT on P,0.4,
feature_0 > 0.476,1.873,0.32,0.76,2.64,1,0.43,0.36,1.953,1.0,0.43,CT on P,0.4,
feature_0 > 0.476 AND feature_1 <= 1.578,1.719,0.3,0.69,2.41,2,0.39,0.34,1.87,2.0,0.41,CT on P,0.4,
feature_0 > 0.476 AND feature_1 <= 1.578 AND feature_0 > 1.756,3.23,0.03,0.64,3.87,3,0.73,0.31,2.867,2.0,0.37,CT on P,0.4,
feature_0 > 0.476 AND feature_1 > 1.578,4.406,0.02,1.97,6.38,2,1.0,0.61,3.304,2.0,0.61,CT on P,0.6,
feature_0 > 0.476 AND feature_1 <= 1.578 AND feature_0 > 1.756,3.23,0.03,0.64,3.87,3,0.73,0.45,2.867,2.0,0.53,CT on P,0.6,
feature_0 <= 0.476 AND feature_1 > 0.492 AND feature_4 <= -0.4 AND feature_3 <= -0.594 AND feature_6 > 0.133,3.145,0.02,-1.15,1.99,5,0.71,0.44,0.809,5.0,0.15,CT on P,0.6,
feature_0 > 0.476,1.873,0.32,0.76,2.64,1,0.43,0.38,1.953,1.0,0.48,CT on P,0.6,
feature_0 > 0.476 AND feature_1 <= 1.578 AND feature_0 <= 1.756 AND feature_4 > -1.357 AND feature_1 > -0.641 AND feature_4 > 0.413,2.544,0.07,0.69,3.24,6,0.58,0.37,1.909,3.0,0.37,CT on P,0.6,
feature_0 > 0.476 AND feature_1 > 1.578,4.406,0.02,1.97,6.38,2,1.0,0.8,3.304,2.0,0.8,CT on P,0.8,
feature_0 > 0.476 AND feature_1 <= 1.578 AND feature_0 > 1.756,3.23,0.03,0.64,3.87,3,0.73,0.59,2.867,2.0,0.7,CT on P,0.8,
feature_0 <= 0.476 AND feature_1 > 0.492 AND feature_4 <= -0.4 AND feature_3 <= -0.594 AND feature_6 > 0.133,3.145,0.02,-1.15,1.99,5,0.71,0.58,0.809,5.0,0.2,CT on P,0.8,
feature_0 > 0.476 AND feature_1 <= 1.578 AND feature_0 <= 1.756 AND feature_4 > -1.357 AND feature_1 > -0.641 AND feature_4 > 0.413,2.544,0.07,0.69,3.24,6,0.58,0.48,1.909,3.0,0.48,CT on P,0.8,
feature_0 <= 0.476 AND feature_1 <= 0.492 AND feature_0 > -0.406 AND feature_1 > -0.535 AND feature_4 <= 0.137 AND feature_0 > 0.201,2.361,0.03,-0.84,1.52,6,0.54,0.43,1.011,3.0,0.25,CT on P,0.8,
feature_0 > 0.476 AND feature_1 > 1.578,4.406,0.02,1.97,6.38,2,1.0,1.0,3.304,2.0,1.0,CT on P,1.0,
feature_0 > 0.476 AND feature_1 <= 1.578 AND feature_0 > 1.756,3.23,0.03,0.64,3.87,3,0.73,0.73,2.867,2.0,0.87,CT on P,1.0,
feature_0 <= 0.476 AND feature_1 > 0.492 AND feature_4 <= -0.4 AND feature_3 <= -0.594 AND feature_6 > 0.133,3.145,0.02,-1.15,1.99,5,0.71,0.71,0.809,5.0,0.24,CT on P,1.0,
feature_0 > 0.476 AND feature_1 <= 1.578 AND feature_0 <= 1.756 AND feature_4 > -1.357 AND feature_1 > -0.641 AND feature_4 > 0.413,2.544,0.07,0.69,3.24,6,0.58,0.58,1.909,3.0,0.58,CT on P,1.0,
feature_0 <= 0.476 AND feature_1 <= 0.492 AND feature_0 > -0.406 AND feature_1 > -0.535 AND feature_4 <= 0.137 AND feature_0 > 0.201,2.361,0.03,-0.84,1.52,6,0.54,0.54,1.011,3.0,0.31,CT on P,1.0,
feature_0 > -1.505 AND feature_0 <= 0.791 AND feature_2 <= 1.621 AND feature_3 <= 0.381,0.735,0.61,,,4,0.02,0.61,0.583,3.0,0.61,CF,0.0,4.95
feature_0 <= 0.672 AND feature_3 <= 0.979,0.47,0.54,,,2,0.01,0.54,0.383,2.0,0.54,CF,0.0,4.95
feature_0 <= 1.636,0.745,0.54,,,1,0.02,0.54,0.703,1.0,0.54,CF,0.0,4.95
feature_0 > -1.595,0.834,0.54,,,1,0.02,0.54,0.931,1.0,0.54,CF,0.0,4.95
feature_0 <= 1.514,0.686,0.53,,,1,0.02,0.53,0.674,1.0,0.53,CF,0.0,4.95
feature_0 > -1.505 AND feature_0 <= 0.791 AND feature_2 <= 1.621 AND feature_3 <= 0.381,0.735,0.61,,,4,0.02,0.49,0.583,3.0,0.61,CF,0.2,4.95
feature_0 > -1.595,0.834,0.54,,,1,0.02,0.44,0.931,1.0,0.63,CF,0.2,4.95
feature_0 <= 1.636,0.745,0.54,,,1,0.02,0.44,0.703,1.0,0.58,CF,0.2,4.95
feature_0 <= 0.672 AND feature_3 <= 0.979,0.47,0.54,,,2,0.01,0.43,0.383,2.0,0.51,CF,0.2,4.95
feature_0 > -1.505,1.124,0.53,,,1,0.03,0.43,0.948,1.0,0.62,CF,0.2,4.95
feature_0 <= 0.221 AND feature_1 > 0.321 AND feature_8 <= -1.323 AND feature_2 > 1.242,39.709,0.0,,,4,1.0,0.4,0.424,4.0,0.18,CF,0.4,4.95
feature_0 > -1.505 AND feature_0 <= 0.791 AND feature_2 <= 1.621 AND feature_3 <= 0.381,0.735,0.61,,,4,0.02,0.37,0.583,3.0,0.61,CF,0.4,4.95
feature_0 > -1.595,0.834,0.54,,,1,0.02,0.33,0.931,1.0,0.72,CF,0.4,4.95
feature_0 <= 1.636,0.745,0.54,,,1,0.02,0.33,0.703,1.0,0.62,CF,0.4,4.95
feature_0 > -1.505,1.124,0.53,,,1,0.03,0.33,0.948,1.0,0.72,CF,0.4,4.95
feature_0 <= 0.221 AND feature_1 > 0.321 AND feature_8 <= -1.323 AND feature_2 > 1.242,39.709,0.0,,,4,1.0,0.6,0.424,4.0,0.27,CF,0.6,4.95
feature_0 > -1.505 AND feature_0 <= 0.791 AND feature_2 <= 1.621 AND feature_3 <= 0.381,0.735,0.61,,,4,0.02,0.26,0.583,3.0,0.61,CF,0.6,4.95
feature_0 > -1.505,1.124,0.53,,,1,0.03,0.23,0.948,1.0,0.81,CF,0.6,4.95
feature_0 > -1.595,0.834,0.54,,,1,0.02,0.23,0.931,1.0,0.81,CF,0.6,4.95
feature_0 <= 1.636,0.745,0.54,,,1,0.02,0.23,0.703,1.0,0.66,CF,0.6,4.95
feature_0 <= 0.221 AND feature_1 > 0.321 AND feature_8 <= -1.323 AND feature_2 > 1.242,39.709,0.0,,,4,1.0,0.8,0.424,4.0,0.09,CF,0.8,4.95
feature_0 > 0.089 AND feature_1 > 0.71 AND feature_1 > 1.858 AND feature_9 <= -0.305,11.603,0.01,,,4,0.29,0.24,3.25,3.0,0.69,CF,0.8,4.95
feature_0 > 0.073 AND feature_1 > 0.939 AND feature_1 > 2.076 AND feature_4 > 0.025,7.753,0.0,,,4,0.2,0.16,3.511,3.0,0.74,CF,0.8,4.95
feature_0 > -0.388 AND feature_1 > 1.547 AND feature_0 > 1.091,6.985,0.01,,,3,0.18,0.14,3.79,2.0,0.8,CF,0.8,4.95
feature_0 > -0.388 AND feature_1 > 1.547 AND feature_0 > 1.091 AND feature_9 <= 0.248,6.944,0.01,,,4,0.17,0.14,3.707,3.0,0.78,CF,0.8,4.95
feature_0 <= 0.221 AND feature_1 > 0.321 AND feature_8 <= -1.323 AND feature_2 > 1.242,39.709,0.0,,,4,1.0,1.0,0.424,4.0,0.11,CF,1.0,4.95
feature_0 > 0.089 AND feature_1 > 0.71 AND feature_1 > 1.858 AND feature_9 <= -0.305,11.603,0.01,,,4,0.29,0.29,3.25,3.0,0.86,CF,1.0,4.95
feature_0 > 0.073 AND feature_1 > 0.939 AND feature_1 > 2.076 AND feature_4 > 0.025,7.753,0.0,,,4,0.2,0.2,3.511,3.0,0.93,CF,1.0,4.95
feature_0 > -0.388 AND feature_1 > 1.547 AND feature_0 > 1.091,6.985,0.01,,,3,0.18,0.18,3.79,2.0,1.0,CF,1.0,4.95
feature_0 > -0.388 AND feature_1 > 1.547 AND feature_0 > 1.091 AND feature_9 <= 0.248,6.944,0.01,,,4,0.17,0.17,3.707,3.0,0.98,CF,1.0,4.95
feature_0 > -0.206,1.263,0.39,,,1,0.46,0.39,1.488,1.0,0.39,CF SingleTree,0.0,0.58
feature_0 <= -0.206,0.152,0.31,,,1,0.06,0.31,0.128,1.0,0.31,CF SingleTree,0.0,0.58
feature_0 > -0.206 AND feature_1 <= 0.523,1.001,0.3,,,2,0.37,0.3,1.2,2.0,0.3,CF SingleTree,0.0,0.58
feature_0 <= -0.206 AND feature_0 > -1.154,0.318,0.24,,,2,0.12,0.24,0.162,1.0,0.24,CF SingleTree,0.0,0.58
feature_0 > -0.206 AND feature_1 <= 0.523 AND feature_0 <= 0.83,0.853,0.21,,,3,0.31,0.21,0.824,2.0,0.21,CF SingleTree,0.0,0.58
feature_0 > -0.206,1.263,0.39,,,1,0.46,0.4,1.488,1.0,0.45,CF SingleTree,0.2,0.58
feature_0 > -0.206 AND feature_1 <= 0.523,1.001,0.3,,,2,0.37,0.31,1.2,2.0,0.35,CF SingleTree,0.2,0.58
feature_0 > -0.206 AND feature_1 > 0.523,1.856,0.16,,,2,0.68,0.26,2.139,2.0,0.33,CF SingleTree,0.2,0.58
feature_0 <= -0.206,0.152,0.31,,,1,0.06,0.26,0.128,1.0,0.26,CF SingleTree,0.2,0.58
feature_0 > -0.206 AND feature_1 <= 0.523 AND feature_0 <= 0.83,0.853,0.21,,,3,0.31,0.23,0.824,2.0,0.25,CF SingleTree,0.2,0.58
feature_0 > -0.206,1.263,0.39,,,1,0.46,0.42,1.488,1.0,0.41,CF SingleTree,0.4,0.58
feature_0 > -0.206 AND feature_1 > 0.523 AND feature_0 > 0.644 AND feature_1 > 1.579,2.735,0.02,,,4,1.0,0.41,3.417,2.0,0.41,CF SingleTree,0.4,0.58
feature_0 > -0.206 AND feature_1 > 0.523 AND feature_0 > 0.644,2.229,0.08,,,3,0.81,0.37,2.717,2.0,0.37,CF SingleTree,0.4,0.58
feature_0 > -0.206 AND feature_1 > 0.523,1.856,0.16,,,2,0.68,0.37,2.139,2.0,0.35,CF SingleTree,0.4,0.58
feature_0 > -0.206 AND feature_1 > 0.523 AND feature_0 > 0.644 AND feature_1 <= 1.579,2.113,0.07,,,4,0.77,0.35,2.556,2.0,0.34,CF SingleTree,0.4,0.58
feature_0 > -0.206 AND feature_1 > 0.523 AND feature_0 > 0.644 AND feature_1 > 1.579,2.735,0.02,,,4,1.0,0.61,3.417,2.0,0.61,CF SingleTree,0.6,0.58
feature_0 > -0.206 AND feature_1 > 0.523 AND feature_0 > 0.644,2.229,0.08,,,3,0.81,0.52,2.717,2.0,0.51,CF SingleTree,0.6,0.58
feature_0 > -0.206 AND feature_1 > 0.523 AND feature_0 > 0.644 AND feature_1 <= 1.579,2.113,0.07,,,4,0.77,0.49,2.556,2.0,0.48,CF SingleTree,0.6,0.58
feature_0 > -0.206 AND feature_1 > 0.523,1.856,0.16,,,2,0.68,0.47,2.139,2.0,0.44,CF SingleTree,0.6,0.58
feature_0 > -0.206,1.263,0.39,,,1,0.46,0.43,1.488,1.0,0.42,CF SingleTree,0.6,0.58
feature_0 > -0.206 AND feature_1 > 0.523 AND feature_0 > 0.644 AND feature_1 > 1.579,2.735,0.02,,,4,1.0,0.8,3.417,2.0,0.8,CF SingleTree,0.8,0.58
feature_0 > -0.206 AND feature_1 > 0.523 AND feature_0 > 0.644,2.229,0.08,,,3,0.81,0.67,2.717,2.0,0.65,CF SingleTree,0.8,0.58
feature_0 > -0.206 AND feature_1 > 0.523 AND feature_0 > 0.644 AND feature_1 <= 1.579,2.113,0.07,,,4,0.77,0.63,2.556,2.0,0.61,CF SingleTree,0.8,0.58
feature_0 > -0.206 AND feature_1 > 0.523,1.856,0.16,,,2,0.68,0.57,2.139,2.0,0.53,CF SingleTree,0.8,0.58
feature_0 > -0.206 AND feature_1 > 0.523 AND feature_0 <= 0.644 AND feature_1 > 1.516,1.844,0.02,,,4,0.67,0.54,2.309,2.0,0.54,CF SingleTree,0.8,0.58
feature_0 > -0.206 AND feature_1 > 0.523 AND feature_0 > 0.644 AND feature_1 > 1.579,2.735,0.02,,,4,1.0,1.0,3.417,2.0,1.0,CF SingleTree,1.0,0.58
feature_0 > -0.206 AND feature_1 > 0.523 AND feature_0 > 0.644,2.229,0.08,,,3,0.81,0.81,2.717,2.0,0.8,CF SingleTree,1.0,0.58
feature_0 > -0.206 AND feature_1 > 0.523 AND feature_0 > 0.644 AND feature_1 <= 1.579,2.113,0.07,,,4,0.77,0.77,2.556,2.0,0.75,CF SingleTree,1.0,0.58
feature_0 > -0.206 AND feature_1 > 0.523,1.856,0.16,,,2,0.68,0.68,2.139,2.0,0.63,CF SingleTree,1.0,0.58
feature_0 > -0.206 AND feature_1 > 0.523 AND feature_0 <= 0.644 AND feature_1 > 1.516,1.844,0.02,,,4,0.67,0.67,2.309,2.0,0.68,CF SingleTree,1.0,0.58
feature_1 > -1.131,0.949,0.74,0.95,1.9,1,0.23,0.74,0.866,1.0,0.74,CT on D,0.0,
feature_1 > -1.131 AND feature_0 <= 0.426,0.397,0.52,0.96,1.35,2,0.09,0.52,0.324,2.0,0.52,CT on D,0.0,
feature_1 > -1.131 AND feature_0 <= 0.426 AND feature_0 > -1.406,0.599,0.46,0.87,1.47,3,0.14,0.46,0.511,2.0,0.46,CT on D,0.0,
feature_1 > -1.131 AND feature_0 > 0.426,2.081,0.27,0.92,3.01,2,0.5,0.27,1.976,2.0,0.27,CT on D,0.0,
feature_1 > -1.131 AND feature_0 <= 0.426 AND feature_0 > -1.406 AND feature_1 <= 0.216,0.178,0.25,0.79,0.97,4,0.04,0.25,0.147,2.0,0.25,CT on D,0.0,
feature_1 > -1.131,0.949,0.74,0.95,1.9,1,0.23,0.64,0.866,1.0,0.68,CT on D,0.2,
feature_1 > -1.131 AND feature_0 <= 0.426,0.397,0.52,0.96,1.35,2,0.09,0.43,0.324,2.0,0.45,CT on D,0.2,
feature_1 > -1.131 AND feature_0 <= 0.426 AND feature_0 > -1.406,0.599,0.46,0.87,1.47,3,0.14,0.4,0.511,2.0,0.42,CT on D,0.2,
feature_1 > -1.131 AND feature_0 > 0.426,2.081,0.27,0.92,3.01,2,0.5,0.32,1.976,2.0,0.42,CT on D,0.2,
feature_1 > -1.131 AND feature_0 > 0.426 AND feature_1 <= 0.954,1.803,0.22,0.83,2.63,3,0.43,0.26,1.773,2.0,0.36,CT on D,0.2,
feature_1 > -1.131,0.949,0.74,0.95,1.9,1,0.23,0.53,0.866,1.0,0.57,CT on D,0.4,
feature_1 > -1.131 AND feature_0 > 0.426 AND feature_1 > 0.954 AND feature_8 > 0.326 AND feature_3 <= 0.003,4.203,0.01,0.36,4.56,5,1.0,0.41,2.833,4.0,0.4,CT on D,0.4,
feature_1 > -1.131 AND feature_0 > 0.426 AND feature_1 > 0.954 AND feature_8 <= 0.326 AND feature_8 <= -0.991,3.952,0.01,1.05,5.0,5,0.94,0.38,2.842,3.0,0.4,CT on D,0.4,
feature_1 > -1.131 AND feature_0 > 0.426 AND feature_1 > 0.954 AND feature_8 > 0.326,3.836,0.02,0.98,4.82,4,0.91,0.38,2.856,3.0,0.41,CT on D,0.4,
feature_1 > -1.131 AND feature_0 > 0.426 AND feature_1 <= 0.954 AND feature_0 > 1.069 AND feature_7 <= -0.694 AND feature_9 <= -0.017,3.883,0.01,0.24,4.13,6,0.92,0.38,2.326,4.0,0.33,CT on D,0.4,
feature_1 > -1.131 AND feature_0 > 0.426 AND feature_1 > 0.954 AND feature_8 > 0.326 AND feature_3 <= 0.003,4.203,0.01,0.36,4.56,5,1.0,0.6,2.833,4.0,0.6,CT on D,0.6,
feature_1 > -1.131 AND feature_0 > 0.426 AND feature_1 > 0.954 AND feature_8 <= 0.326 AND feature_8 <= -0.991,3.952,0.01,1.05,5.0,5,0.94,0.57,2.842,3.0,0.6,CT on D,0.6,
feature_1 > -1.131 AND feature_0 > 0.426 AND feature_1 <= 0.954 AND feature_0 > 1.069 AND feature_7 <= -0.694 AND feature_9 <= -0.017,3.883,0.01,0.24,4.13,6,0.92,0.56,2.326,4.0,0.49,CT on D,0.6,
feature_1 > -1.131 AND feature_0 > 0.426 AND feature_1 > 0.954 AND feature_8 > 0.326,3.836,0.02,0.98,4.82,4,0.91,0.56,2.856,3.0,0.61,CT on D,0.6,
feature_1 > -1.131 AND feature_0 > 0.426 AND feature_1 <= 0.954 AND feature_0 > 1.069 AND feature_7 > -0.694 AND feature_9 > 1.038,3.551,0.01,0.1,3.65,6,0.84,0.51,2.208,4.0,0.47,CT on D,0.6,
feature_1 > -1.131 AND feature_0 > 0.426 AND feature_1 > 0.954 AND feature_8 > 0.326 AND feature_3 <= 0.003,4.203,0.01,0.36,4.56,5,1.0,0.8,2.833,4.0,0.8,CT on D,0.8,
feature_1 > -1.131 AND feature_0 > 0.426 AND feature_1 > 0.954 AND feature_8 <= 0.326 AND feature_8 <= -0.991,3.952,0.01,1.05,5.0,5,0.94,0.75,2.842,3.0,0.8,CT on D,0.8,
feature_1 > -1.131 AND feature_0 > 0.426 AND feature_1 <= 0.954 AND feature_0 > 1.069 AND feature_7 <= -0.694 AND feature_9 <= -0.017,3.883,0.01,0.24,4.13,6,0.92,0.74,2.326,4.0,0.65,CT on D,0.8,
feature_1 > -1.131 AND feature_0 > 0.426 AND feature_1 > 0.954 AND feature_8 > 0.326,3.836,0.02,0.98,4.82,4,0.91,0.73,2.856,3.0,0.8,CT on D,0.8,
feature_1 > -1.131 AND feature_0 > 0.426 AND feature_1 <= 0.954 AND feature_0 > 1.069 AND feature_7 > -0.694 AND feature_9 > 1.038,3.551,0.01,0.1,3.65,6,0.84,0.68,2.208,4.0,0.62,CT on D,0.8,
feature_1 > -1.131 AND feature_0 > 0.426 AND feature_1 > 0.954 AND feature_8 > 0.326 AND feature_3 <= 0.003,4.203,0.01,0.36,4.56,5,1.0,1.0,2.833,4.0,0.99,CT on D,1.0,
feature_1 > -1.131 AND feature_0 > 0.426 AND feature_1 > 0.954 AND feature_8 <= 0.326 AND feature_8 <= -0.991,3.952,0.01,1.05,5.0,5,0.94,0.94,2.842,3.0,1.0,CT on D,1.0,
feature_1 > -1.131 AND feature_0 > 0.426 AND feature_1 <= 0.954 AND feature_0 > 1.069 AND feature_7 <= -0.694 AND feature_9 <= -0.017,3.883,0.01,0.24,4.13,6,0.92,0.92,2.326,4.0,0.81,CT on D,1.0,
feature_1 > -1.131 AND feature_0 > 0.426 AND feature_1 > 0.954 AND feature_8 > 0.326,3.836,0.02,0.98,4.82,4,0.91,0.91,2.856,3.0,1.0,CT on D,1.0,
feature_1 > -1.131 AND feature_0 > 0.426 AND feature_1 <= 0.954 AND feature_0 > 1.069 AND feature_7 > -0.694 AND feature_9 > 1.038,3.551,0.01,0.1,3.65,6,0.84,0.84,2.208,4.0,0.77,CT on D,1.0,
feature_2 <= 0.812,0.874,0.94,0.75,1.62,1,0.2,0.94,0.777,1.0,0.94,CT on P,0.0,
feature_2 <= 0.812 AND feature_0 <= 1.188,0.626,0.84,0.75,1.38,2,0.14,0.84,0.567,2.0,0.84,CT on P,0.0,
feature_2 <= 0.812 AND feature_0 <= 1.188 AND feature_1 > -0.093,1.184,0.44,0.8,1.99,3,0.27,0.44,0.931,3.0,0.44,CT on P,0.0,
feature_2 <= 0.812 AND feature_0 <= 1.188 AND feature_1 <= -0.093,0.012,0.4,0.7,0.71,3,0.0,0.4,0.166,3.0,0.4,CT on P,0.0,
feature_2 <= 0.812 AND feature_0 <= 1.188 AND feature_1 <= -0.093 AND feature_0 > -1.336,0.185,0.36,0.6,0.78,4,0.04,0.36,0.34,3.0,0.36,CT on P,0.0,
feature_2 <= 0.812,0.874,0.94,0.75,1.62,1,0.2,0.79,0.777,1.0,0.92,CT on P,0.2,
feature_2 <= 0.812 AND feature_0 <= 1.188,0.626,0.84,0.75,1.38,2,0.14,0.7,0.567,2.0,0.79,CT on P,0.2,
feature_2 <= 0.812 AND feature_0 <= 1.188 AND feature_1 > -0.093,1.184,0.44,0.8,1.99,3,0.27,0.41,0.931,3.0,0.55,CT on P,0.2,
feature_2 <= 0.812 AND feature_0 <= 1.188 AND feature_1 <= -0.093,0.012,0.4,0.7,0.71,3,0.0,0.32,0.166,3.0,0.36,CT on P,0.2,
feature_2 <= 0.812 AND feature_0 <= 1.188 AND feature_1 <= -0.093 AND feature_0 > -1.336,0.185,0.36,0.6,0.78,4,0.04,0.3,0.34,3.0,0.36,CT on P,0.2,
feature_2 <= 0.812,0.874,0.94,0.75,1.62,1,0.2,0.64,0.777,1.0,0.65,CT on P,0.4,
feature_2 <= 0.812 AND feature_0 <= 1.188,0.626,0.84,0.75,1.38,2,0.14,0.56,0.567,2.0,0.57,CT on P,0.4,
feature_2 <= 0.812 AND feature_0 > 1.188 AND feature_1 > 1.124,4.321,0.01,1.21,5.53,3,1.0,0.41,3.496,3.0,0.41,CT on P,0.4,
feature_2 <= 0.812 AND feature_0 <= 1.188 AND feature_1 > -0.093 AND feature_0 > 0.394 AND feature_1 > 0.991 AND feature_9 > 0.337,4.27,0.01,0.25,4.52,6,0.99,0.4,2.412,4.0,0.28,CT on P,0.4,
feature_2 <= 0.812 AND feature_0 <= 1.188 AND feature_1 > -0.093,1.184,0.44,0.8,1.99,3,0.27,0.37,0.931,3.0,0.37,CT on P,0.4,
feature_2 <= 0.812 AND feature_0 > 1.188 AND feature_1 > 1.124,4.321,0.01,1.21,5.53,3,1.0,0.6,3.496,3.0,0.6,CT on P,0.6,
feature_2 <= 0.812 AND feature_0 <= 1.188 AND feature_1 > -0.093 AND feature_0 > 0.394 AND feature_1 > 0.991 AND feature_9 > 0.337,4.27,0.01,0.25,4.52,6,0.99,0.6,2.412,4.0,0.42,CT on P,0.6,
feature_2 <= 0.812,0.874,0.94,0.75,1.62,1,0.2,0.5,0.777,1.0,0.51,CT on P,0.6,
feature_2 <= 0.812 AND feature_0 > 1.188 AND feature_1 <= 1.124 AND feature_6 <= 0.762 AND feature_7 <= -0.493,3.425,0.02,0.19,3.61,5,0.79,0.48,2.309,5.0,0.4,CT on P,0.6,
feature_2 <= 0.812 AND feature_0 > 1.188 AND feature_1 <= 1.124 AND feature_6 > 0.762,3.419,0.02,0.45,3.87,4,0.79,0.48,2.322,4.0,0.41,CT on P,0.6,
feature_2 <= 0.812 AND feature_0 > 1.188 AND feature_1 > 1.124,4.321,0.01,1.21,5.53,3,1.0,0.8,3.496,3.0,0.8,CT on P,0.8,
feature_2 <= 0.812 AND feature_0 <= 1.188 AND feature_1 > -0.093 AND feature_0 > 0.394 AND feature_1 > 0.991 AND feature_9 > 0.337,4.27,0.01,0.25,4.52,6,0.99,0.79,2.412,4.0,0.55,CT on P,0.8,
feature_2 <= 0.812 AND feature_0 > 1.188 AND feature_1 <= 1.124 AND feature_6 <= 0.762 AND feature_7 <= -0.493,3.425,0.02,0.19,3.61,5,0.79,0.64,2.309,5.0,0.53,CT on P,0.8,
feature_2 <= 0.812 AND feature_0 > 1.188 AND feature_1 <= 1.124 AND feature_6 > 0.762,3.419,0.02,0.45,3.87,4,0.79,0.64,2.322,4.0,0.54,CT on P,0.8,
feature_2 <= 0.812 AND feature_0 <= 1.188 AND feature_1 > -0.093 AND feature_0 > 0.394 AND feature_1 > 0.991,3.056,0.04,1.05,4.11,5,0.71,0.57,2.475,3.0,0.57,CT on P,0.8,
feature_2 <= 0.812 AND feature_0 > 1.188 AND feature_1 > 1.124,4.321,0.01,1.21,5.53,3,1.0,1.0,3.496,3.0,1.0,CT on P,1.0,
feature_2 <= 0.812 AND feature_0 <= 1.188 AND feature_1 > -0.093 AND feature_0 > 0.394 AND feature_1 > 0.991 AND feature_9 > 0.337,4.27,0.01,0.25,4.52,6,0.99,0.99,2.412,4.0,0.69,CT on P,1.0,
feature_2 <= 0.812 AND feature_0 > 1.188 AND feature_1 <= 1.124 AND feature_6 <= 0.762 AND feature_7 <= -0.493,3.425,0.02,0.19,3.61,5,0.79,0.79,2.309,5.0,0.66,CT on P,1.0,
feature_2 <= 0.812 AND feature_0 > 1.188 AND feature_1 <= 1.124 AND feature_6 > 0.762,3.419,0.02,0.45,3.87,4,0.79,0.79,2.322,4.0,0.66,CT on P,1.0,
feature_2 <= 0.812 AND feature_0 > 1.188 AND feature_1 <= 1.124 AND feature_6 <= 0.762 AND feature_7 > -0.493 AND feature_4 <= -0.394,3.065,0.02,-0.04,3.02,6,0.71,0.71,2.265,6.0,0.65,CT on P,1.0,
feature_0 <= 1.549,0.561,0.8,,,1,0.06,0.8,0.658,1.0,0.8,CF,0.0,5.23
feature_0 <= 1.452,0.638,0.79,,,1,0.07,0.79,0.634,1.0,0.79,CF,0.0,5.23
feature_0 > -1.405,1.045,0.78,,,1,0.12,0.78,0.942,1.0,0.78,CF,0.0,5.23
feature_0 > -1.199,1.021,0.75,,,1,0.11,0.75,1.0,1.0,0.75,CF,0.0,5.23
feature_0 <= 0.845 AND feature_2 <= 0.773,0.705,0.74,,,2,0.08,0.74,0.433,2.0,0.74,CF,0.0,5.23
feature_0 <= 1.549,0.561,0.8,,,1,0.06,0.65,0.658,1.0,0.77,CF,0.2,5.23
feature_0 > -1.405,1.045,0.78,,,1,0.12,0.65,0.942,1.0,0.81,CF,0.2,5.23
feature_0 <= 1.452,0.638,0.79,,,1,0.07,0.65,0.634,1.0,0.75,CF,0.2,5.23
feature_0 > -1.199,1.021,0.75,,,1,0.11,0.62,1.0,1.0,0.79,CF,0.2,5.23
feature_0 > -1.103,1.175,0.74,,,1,0.13,0.62,1.034,1.0,0.79,CF,0.2,5.23
feature_0 > -1.405,1.045,0.78,,,1,0.12,0.51,0.942,1.0,0.83,CF,0.4,5.23
feature_0 <= 1.549,0.561,0.8,,,1,0.06,0.51,0.658,1.0,0.73,CF,0.4,5.23
feature_0 <= 1.452,0.638,0.79,,,1,0.07,0.5,0.634,1.0,0.72,CF,0.4,5.23
feature_0 > -1.103,1.175,0.74,,,1,0.13,0.5,1.034,1.0,0.84,CF,0.4,5.23
feature_0 > -1.199,1.021,0.75,,,1,0.11,0.5,1.0,1.0,0.84,CF,0.4,5.23
feature_0 > 1.452 AND feature_1 > 0.584 AND feature_9 > -0.485 AND feature_7 <= -0.728,8.908,0.0,,,4,1.0,0.6,3.573,4.0,0.6,CF,0.6,5.23
feature_0 > 1.452 AND feature_1 > 0.584 AND feature_9 <= -0.485 AND feature_0 <= 1.78,8.231,0.0,,,4,0.92,0.55,3.028,3.0,0.51,CF,0.6,5.23
feature_0 > 0.525 AND feature_1 > 1.193 AND feature_4 <= -1.05 AND feature_7 > 0.615,8.021,0.0,,,4,0.9,0.54,2.952,4.0,0.5,CF,0.6,5.23
feature_0 > 0.434 AND feature_1 > 1.31 AND feature_3 > -0.047 AND feature_5 <= -0.565,7.525,0.0,,,4,0.84,0.51,3.259,4.0,0.55,CF,0.6,5.23
feature_0 > 0.571 AND feature_1 > 1.56 AND feature_1 > 1.94 AND feature_6 <= -0.104,7.349,0.0,,,4,0.82,0.49,3.507,3.0,0.59,CF,0.6,5.23
feature_0 > 1.452 AND feature_1 > 0.584 AND feature_9 > -0.485 AND feature_7 <= -0.728,8.908,0.0,,,4,1.0,0.8,3.573,4.0,0.8,CF,0.8,5.23
feature_0 > 1.452 AND feature_1 > 0.584 AND feature_9 <= -0.485 AND feature_0 <= 1.78,8.231,0.0,,,4,0.92,0.74,3.028,3.0,0.68,CF,0.8,5.23
feature_0 > 0.525 AND feature_1 > 1.193 AND feature_4 <= -1.05 AND feature_7 > 0.615,8.021,0.0,,,4,0.9,0.72,2.952,4.0,0.66,CF,0.8,5.23
feature_0 > 0.434 AND feature_1 > 1.31 AND feature_3 > -0.047 AND feature_5 <= -0.565,7.525,0.0,,,4,0.84,0.68,3.259,4.0,0.73,CF,0.8,5.23
feature_0 > 0.571 AND feature_1 > 1.56 AND feature_1 > 1.94 AND feature_6 <= -0.104,7.349,0.0,,,4,0.82,0.66,3.507,3.0,0.79,CF,0.8,5.23
feature_0 > 1.452 AND feature_1 > 0.584 AND feature_9 > -0.485 AND feature_7 <= -0.728,8.908,0.0,,,4,1.0,1.0,3.573,4.0,1.0,CF,1.0,5.23
feature_0 > 1.452 AND feature_1 > 0.584 AND feature_9 <= -0.485 AND feature_0 <= 1.78,8.231,0.0,,,4,0.92,0.92,3.028,3.0,0.85,CF,1.0,5.23
feature_0 > 0.525 AND feature_1 > 1.193 AND feature_4 <= -1.05 AND feature_7 > 0.615,8.021,0.0,,,4,0.9,0.9,2.952,4.0,0.83,CF,1.0,5.23
feature_0 > 0.434 AND feature_1 > 1.31 AND feature_3 > -0.047 AND feature_5 <= -0.565,7.525,0.0,,,4,0.84,0.84,3.259,4.0,0.91,CF,1.0,5.23
feature_0 > 0.571 AND feature_1 > 1.56 AND feature_1 > 1.94 AND feature_6 <= -0.104,7.349,0.0,,,4,0.82,0.82,3.507,3.0,0.98,CF,1.0,5.23
feature_0 <= 0.394,0.374,0.58,,,1,0.15,0.58,0.219,1.0,0.58,CF SingleTree,0.0,0.55
feature_0 <= 0.394 AND feature_0 > -1.107,0.565,0.47,,,2,0.22,0.47,0.494,1.0,0.47,CF SingleTree,0.0,0.55
feature_0 > 0.394,1.713,0.32,,,1,0.67,0.32,1.848,1.0,0.32,CF SingleTree,0.0,0.55
feature_0 <= 0.394 AND feature_0 > -1.107 AND feature_1 <= 0.229,0.411,0.3,,,3,0.16,0.3,0.155,2.0,0.3,CF SingleTree,0.0,0.55
feature_0 > 0.394 AND feature_1 <= 0.714,1.557,0.25,,,2,0.61,0.25,1.606,2.0,0.25,CF SingleTree,0.0,0.55
feature_0 <= 0.394,0.374,0.58,,,1,0.15,0.49,0.219,1.0,0.49,CF SingleTree,0.2,0.55
feature_0 <= 0.394 AND feature_0 > -1.107,0.565,0.47,,,2,0.22,0.42,0.494,1.0,0.43,CF SingleTree,0.2,0.55
feature_0 > 0.394,1.713,0.32,,,1,0.67,0.39,1.848,1.0,0.46,CF SingleTree,0.2,0.55
feature_0 > 0.394 AND feature_1 <= 0.714,1.557,0.25,,,2,0.61,0.32,1.606,2.0,0.37,CF SingleTree,0.2,0.55
feature_0 <= 0.394 AND feature_0 > -1.107 AND feature_1 <= 0.229,0.411,0.3,,,3,0.16,0.27,0.155,2.0,0.26,CF SingleTree,0.2,0.55
feature_0 > 0.394,1.713,0.32,,,1,0.67,0.46,1.848,1.0,0.43,CF SingleTree,0.4,0.55
feature_0 > 0.394 AND feature_1 > 0.714 AND feature_0 > 0.767 AND feature_1 > 1.049,2.564,0.03,,,4,1.0,0.42,3.114,2.0,0.42,CF SingleTree,0.4,0.55
feature_0 > 0.394 AND feature_1 > 0.714 AND feature_0 > 0.767,2.427,0.05,,,3,0.95,0.41,2.902,2.0,0.4,CF SingleTree,0.4,0.55
feature_0 <= 0.394,0.374,0.58,,,1,0.15,0.41,0.219,1.0,0.38,CF SingleTree,0.4,0.55
feature_0 > 0.394 AND feature_1 > 0.714,2.217,0.08,,,2,0.86,0.39,2.626,2.0,0.39,CF SingleTree,0.4,0.55
feature_0 > 0.394 AND feature_1 > 0.714 AND feature_0 > 0.767 AND feature_1 > 1.049,2.564,0.03,,,4,1.0,0.61,3.114,2.0,0.61,CF SingleTree,0.6,0.55
feature_0 > 0.394 AND feature_1 > 0.714 AND feature_0 > 0.767,2.427,0.05,,,3,0.95,0.59,2.902,2.0,0.58,CF SingleTree,0.6,0.55
feature_0 > 0.394 AND feature_1 > 0.714,2.217,0.08,,,2,0.86,0.55,2.626,2.0,0.54,CF SingleTree,0.6,0.55
feature_0 > 0.394,1.713,0.32,,,1,0.67,0.53,1.848,1.0,0.48,CF SingleTree,0.6,0.55
feature_0 > 0.394 AND feature_1 > 0.714 AND feature_0 > 0.767 AND feature_1 <= 1.049,2.185,0.02,,,4,0.85,0.52,2.532,2.0,0.5,CF SingleTree,0.6,0.55
feature_0 > 0.394 AND feature_1 > 0.714 AND feature_0 > 0.767 AND feature_1 > 1.049,2.564,0.03,,,4,1.0,0.81,3.114,2.0,0.81,CF SingleTree,0.8,0.55
feature_0 > 0.394 AND feature_1 > 0.714 AND feature_0 > 0.767,2.427,0.05,,,3,0.95,0.77,2.902,2.0,0.76,CF SingleTree,0.8,0.55
feature_0 > 0.394 AND feature_1 > 0.714,2.217,0.08,,,2,0.86,0.71,2.626,2.0,0.69,CF SingleTree,0.8,0.55
feature_0 > 0.394 AND feature_1 > 0.714 AND feature_0 > 0.767 AND feature_1 <= 1.049,2.185,0.02,,,4,0.85,0.69,2.532,2.0,0.65,CF SingleTree,0.8,0.55
feature_0 > 0.394 AND feature_1 > 0.714 AND feature_0 <= 0.767 AND feature_0 > 0.601,2.025,0.01,,,4,0.79,0.63,2.22,2.0,0.57,CF SingleTree,0.8,0.55
feature_0 > 0.394 AND feature_1 > 0.714 AND feature_0 > 0.767 AND feature_1 > 1.049,2.564,0.03,,,4,1.0,1.0,3.114,2.0,1.0,CF SingleTree,1.0,0.55
feature_0 > 0.394 AND feature_1 > 0.714 AND feature_0 > 0.767,2.427,0.05,,,3,0.95,0.95,2.902,2.0,0.93,CF SingleTree,1.0,0.55
feature_0 > 0.394 AND feature_1 > 0.714,2.217,0.08,,,2,0.86,0.86,2.626,2.0,0.84,CF SingleTree,1.0,0.55
feature_0 > 0.394 AND feature_1 > 0.714 AND feature_0 > 0.767 AND feature_1 <= 1.049,2.185,0.02,,,4,0.85,0.85,2.532,2.0,0.81,CF SingleTree,1.0,0.55
feature_0 > 0.394 AND feature_1 > 0.714 AND feature_0 <= 0.767 AND feature_0 > 0.601,2.025,0.01,,,4,0.79,0.79,2.22,2.0,0.71,CF SingleTree,1.0,0.55
feature_2 <= 1.891,0.832,0.53,0.88,1.71,1,0.21,0.53,0.807,1.0,0.53,CT on D,0.0,
feature_2 <= 1.891 AND feature_0 > -0.457,1.424,0.42,0.8,2.22,2,0.36,0.42,1.344,2.0,0.42,CT on D,0.0,
feature_2 <= 1.891 AND feature_0 > -0.457 AND feature_0 <= 1.197,1.185,0.37,0.76,1.95,3,0.3,0.37,1.108,2.0,0.37,CT on D,0.0,
feature_2 <= 1.891 AND feature_0 > -0.457 AND feature_0 <= 1.197 AND feature_1 <= 0.629,0.89,0.29,0.61,1.5,4,0.22,0.29,0.847,3.0,0.29,CT on D,0.0,
feature_2 <= 1.891 AND feature_0 <= -0.457,0.381,0.25,1.05,0.67,2,0.1,0.25,0.293,2.0,0.25,CT on D,0.0,
feature_2 <= 1.891,0.832,0.53,0.88,1.71,1,0.21,0.47,0.807,1.0,0.48,CT on D,0.2,
feature_2 <= 1.891 AND feature_0 > -0.457,1.424,0.42,0.8,2.22,2,0.36,0.41,1.344,2.0,0.43,CT on D,0.2,
feature_2 <= 1.891 AND feature_0 > -0.457 AND feature_0 <= 1.197,1.185,0.37,0.76,1.95,3,0.3,0.36,1.108,2.0,0.37,CT on D,0.2,
feature_2 <= 1.891 AND feature_0 > -0.457 AND feature_0 <= 1.197 AND feature_1 <= 0.629,0.89,0.29,0.61,1.5,4,0.22,0.28,0.847,3.0,0.29,CT on D,0.2,
feature_2 <= 1.891 AND feature_0 > -0.457 AND feature_0 > 1.197 AND feature_1 > 0.184 AND feature_3 <= -0.274,3.999,0.03,0.59,4.59,5,1.0,0.22,2.981,4.0,0.22,CT on D,0.2,
feature_2 <= 1.891 AND feature_0 > -0.457 AND feature_0 > 1.197 AND feature_1 > 0.184 AND feature_3 <= -0.274,3.999,0.03,0.59,4.59,5,1.0,0.42,2.981,4.0,0.42,CT on D,0.4,
feature_2 <= 1.891,0.832,0.53,0.88,1.71,1,0.21,0.4,0.807,1.0,0.43,CT on D,0.4,
feature_2 <= 1.891 AND feature_0 > -0.457,1.424,0.42,0.8,2.22,2,0.36,0.39,1.344,2.0,0.43,CT on D,0.4,
feature_2 <= 1.891 AND feature_0 > -0.457 AND feature_0 > 1.197 AND feature_1 > 0.184 AND feature_3 > -0.274 AND feature_8 <= -0.131,3.73,0.0,1.68,5.41,6,0.93,0.37,2.981,5.0,0.4,CT on D,0.4,
feature_2 <= 1.891 AND feature_0 > -0.457 AND feature_0 > 1.197 AND feature_1 <= 0.184 AND feature_4 <= -0.179 AND feature_4 > -0.735,3.499,0.01,-0.68,2.82,6,0.87,0.36,2.141,4.0,0.29,CT on D,0.4,
feature_2 <= 1.891 AND feature_0 > -0.457 AND feature_0 > 1.197 AND feature_1 > 0.184 AND feature_3 <= -0.274,3.999,0.03,0.59,4.59,5,1.0,0.61,2.981,4.0,0.61,CT on D,0.6,
feature_2 <= 1.891 AND feature_0 > -0.457 AND feature_0 > 1.197 AND feature_1 > 0.184 AND feature_3 > -0.274 AND feature_8 <= -0.131,3.73,0.0,1.68,5.41,6,0.93,0.56,2.981,5.0,0.6,CT on D,0.6,
feature_2 <= 1.891 AND feature_0 > -0.457 AND feature_0 > 1.197 AND feature_1 <= 0.184 AND feature_4 <= -0.179 AND feature_4 > -0.735,3.499,0.01,-0.68,2.82,6,0.87,0.53,2.141,4.0,0.43,CT on D,0.6,
feature_2 <= 1.891 AND feature_0 > -0.457 AND feature_0 <= 1.197 AND feature_1 > 0.629 AND feature_1 > 1.443 AND feature_5 > -0.379,3.341,0.02,1.32,4.66,6,0.84,0.51,2.317,4.0,0.47,CT on D,0.6,
feature_2 <= 1.891 AND feature_0 > -0.457 AND feature_0 > 1.197 AND feature_1 > 0.184,3.254,0.04,1.65,4.9,4,0.81,0.5,2.985,3.0,0.62,CT on D,0.6,
feature_2 <= 1.891 AND feature_0 > -0.457 AND feature_0 > 1.197 AND feature_1 > 0.184 AND feature_3 <= -0.274,3.999,0.03,0.59,4.59,5,1.0,0.81,2.981,4.0,0.8,CT on D,0.8,
feature_2 <= 1.891 AND feature_0 > -0.457 AND feature_0 > 1.197 AND feature_1 > 0.184 AND feature_3 > -0.274 AND feature_8 <= -0.131,3.73,0.0,1.68,5.41,6,0.93,0.75,2.981,5.0,0.8,CT on D,0.8,
feature_2 <= 1.891 AND feature_0 > -0.457 AND feature_0 > 1.197 AND feature_1 <= 0.184 AND feature_4 <= -0.179 AND feature_4 > -0.735,3.499,0.01,-0.68,2.82,6,0.87,0.7,2.141,4.0,0.58,CT on D,0.8,
feature_2 <= 1.891 AND feature_0 > -0.457 AND feature_0 <= 1.197 AND feature_1 > 0.629 AND feature_1 > 1.443 AND feature_5 > -0.379,3.341,0.02,1.32,4.66,6,0.84,0.67,2.317,4.0,0.62,CT on D,0.8,
feature_2 <= 1.891 AND feature_0 > -0.457 AND feature_0 > 1.197 AND feature_1 > 0.184,3.254,0.04,1.65,4.9,4,0.81,0.66,2.985,3.0,0.81,CT on D,0.8,
feature_2 <= 1.891 AND feature_0 > -0.457 AND feature_0 > 1.197 AND feature_1 > 0.184 AND feature_3 <= -0.274,3.999,0.03,0.59,4.59,5,1.0,1.0,2.981,4.0,1.0,CT on D,1.0,
feature_2 <= 1.891 AND feature_0 > -0.457 AND feature_0 > 1.197 AND feature_1 > 0.184 AND feature_3 > -0.274 AND feature_8 <= -0.131,3.73,0.0,1.68,5.41,6,0.93,0.93,2.981,5.0,1.0,CT on D,1.0,
feature_2 <= 1.891 AND feature_0 > -0.457 AND feature_0 > 1.197 AND feature_1 <= 0.184 AND feature_4 <= -0.179 AND feature_4 > -0.735,3.499,0.01,-0.68,2.82,6,0.87,0.87,2.141,4.0,0.72,CT on D,1.0,
feature_2 <= 1.891 AND feature_0 > -0.457 AND feature_0 <= 1.197 AND feature_1 > 0.629 AND feature_1 > 1.443 AND feature_5 > -0.379,3.341,0.02,1.32,4.66,6,0.84,0.84,2.317,4.0,0.78,CT on D,1.0,
feature_2 <= 1.891 AND feature_0 > -0.457 AND feature_0 > 1.197 AND feature_1 > 0.184,3.254,0.04,1.65,4.9,4,0.81,0.81,2.985,3.0,1.0,CT on D,1.0,
feature_8 > -1.816,0.769,0.97,0.58,1.35,1,0.19,0.97,0.803,1.0,0.97,CT on P,0.0,
feature_8 > -1.816 AND feature_0 <= 0.592,0.25,0.7,0.61,0.86,2,0.06,0.7,0.339,2.0,0.7,CT on P,0.0,
feature_8 > -1.816 AND feature_0 <= 0.592 AND feature_0 <= -0.295,0.278,0.38,0.78,0.5,3,0.07,0.38,0.183,2.0,0.38,CT on P,0.0,
feature_8 > -1.816 AND feature_0 <= 0.592 AND feature_0 > -0.295,0.866,0.33,0.42,1.29,3,0.22,0.33,0.937,2.0,0.33,CT on P,0.0,
feature_8 > -1.816 AND feature_0 <= 0.592 AND feature_0 <= -0.295 AND feature_1 > -0.592,0.005,0.28,0.72,0.71,4,0.0,0.28,0.025,3.0,0.28,CT on P,0.0,
feature_8 > -1.816,0.769,0.97,0.58,1.35,1,0.19,0.81,0.803,1.0,0.85,CT on P,0.2,
feature_8 > -1.816 AND feature_0 <= 0.592,0.25,0.7,0.61,0.86,2,0.06,0.57,0.339,2.0,0.59,CT on P,0.2,
feature_8 > -1.816 AND feature_0 <= 0.592 AND feature_0 <= -0.295,0.278,0.38,0.78,0.5,3,0.07,0.32,0.183,2.0,0.32,CT on P,0.2,
feature_8 > -1.816 AND feature_0 > 0.592,2.148,0.26,0.48,2.63,2,0.53,0.31,2.037,2.0,0.41,CT on P,0.2,
feature_8 > -1.816 AND feature_0 <= 0.592 AND feature_0 > -0.295,0.866,0.33,0.42,1.29,3,0.22,0.31,0.937,2.0,0.36,CT on P,0.2,
feature_8 > -1.816,0.769,0.97,0.58,1.35,1,0.19,0.66,0.803,1.0,0.69,CT on P,0.4,
feature_8 > -1.816 AND feature_0 <= 0.592,0.25,0.7,0.61,0.86,2,0.06,0.44,0.339,2.0,0.47,CT on P,0.4,
feature_8 > -1.816 AND feature_0 > 0.592 AND feature_1 <= 0.198 AND feature_6 > 1.097,4.021,0.02,-0.9,3.12,4,1.0,0.41,1.686,4.0,0.24,CT on P,0.4,
feature_8 > -1.816 AND feature_0 > 0.592 AND feature_1 > 0.198 AND feature_4 > -0.537 AND feature_3 <= -0.245 AND feature_0 > 1.18,4.015,0.02,0.58,4.6,6,1.0,0.41,2.967,5.0,0.41,CT on P,0.4,
feature_8 > -1.816 AND feature_0 > 0.592 AND feature_1 > 0.198 AND feature_4 <= -0.537,3.83,0.04,0.38,4.21,4,0.95,0.4,2.515,4.0,0.36,CT on P,0.4,
feature_8 > -1.816 AND feature_0 > 0.592 AND feature_1 <= 0.198 AND feature_6 > 1.097,4.021,0.02,-0.9,3.12,4,1.0,0.61,1.686,4.0,0.35,CT on P,0.6,
feature_8 > -1.816 AND feature_0 > 0.592 AND feature_1 > 0.198 AND feature_4 > -0.537 AND feature_3 <= -0.245 AND feature_0 > 1.18,4.015,0.02,0.58,4.6,6,1.0,0.61,2.967,5.0,0.61,CT on P,0.6,
feature_8 > -1.816 AND feature_0 > 0.592 AND feature_1 > 0.198 AND feature_4 <= -0.537,3.83,0.04,0.38,4.21,4,0.95,0.59,2.515,4.0,0.52,CT on P,0.6,
feature_8 > -1.816,0.769,0.97,0.58,1.35,1,0.19,0.5,0.803,1.0,0.55,CT on P,0.6,
feature_8 > -1.816 AND feature_0 > 0.592 AND feature_1 > 0.198,2.988,0.12,0.8,3.79,3,0.74,0.49,2.504,3.0,0.55,CT on P,0.6,
feature_8 > -1.816 AND feature_0 > 0.592 AND feature_1 <= 0.198 AND feature_6 > 1.097,4.021,0.02,-0.9,3.12,4,1.0,0.8,1.686,4.0,0.46,CT on P,0.8,
feature_8 > -1.816 AND feature_0 > 0.592 AND feature_1 > 0.198 AND feature_4 > -0.537 AND feature_3 <= -0.245 AND feature_0 > 1.18,4.015,0.02,0.58,4.6,6,1.0,0.8,2.967,5.0,0.8,CT on P,0.8,
feature_8 > -1.816 AND feature_0 > 0.592 AND feature_1 > 0.198 AND feature_4 <= -0.537,3.83,0.04,0.38,4.21,4,0.95,0.77,2.515,4.0,0.69,CT on P,0.8,
feature_8 > -1.816 AND feature_0 > 0.592 AND feature_1 > 0.198 AND feature_4 > -0.537 AND feature_3 <= -0.245,3.049,0.06,0.66,3.7,5,0.76,0.62,2.48,5.0,0.68,CT on P,0.8,
feature_8 > -1.816 AND feature_0 > 0.592 AND feature_1 > 0.198,2.988,0.12,0.8,3.79,3,0.74,0.62,2.504,3.0,0.7,CT on P,0.8,
feature_8 > -1.816 AND feature_0 > 0.592 AND feature_1 <= 0.198 AND feature_6 > 1.097,4.021,0.02,-0.9,3.12,4,1.0,1.0,1.686,4.0,0.57,CT on P,1.0,
feature_8 > -1.816 AND feature_0 > 0.592 AND feature_1 > 0.198 AND feature_4 > -0.537 AND feature_3 <= -0.245 AND feature_0 > 1.18,4.015,0.02,0.58,4.6,6,1.0,1.0,2.967,5.0,1.0,CT on P,1.0,
feature_8 > -1.816 AND feature_0 > 0.592 AND feature_1 > 0.198 AND feature_4 <= -0.537,3.83,0.04,0.38,4.21,4,0.95,0.95,2.515,4.0,0.85,CT on P,1.0,
feature_8 > -1.816 AND feature_0 > 0.592 AND feature_1 > 0.198 AND feature_4 > -0.537 AND feature_3 <= -0.245,3.049,0.06,0.66,3.7,5,0.76,0.76,2.48,5.0,0.84,CT on P,1.0,
feature_8 > -1.816 AND feature_0 > 0.592 AND feature_1 > 0.198,2.988,0.12,0.8,3.79,3,0.74,0.74,2.504,3.0,0.84,CT on P,1.0,
feature_0 <= 1.307,0.934,0.51,,,1,0.03,0.51,0.618,1.0,0.51,CF,0.0,5.24
feature_0 > -1.182,1.04,0.5,,,1,0.04,0.5,1.032,1.0,0.5,CF,0.0,5.24
feature_0 <= 1.084,0.677,0.5,,,1,0.02,0.5,0.55,1.0,0.5,CF,0.0,5.24
feature_0 <= 1.135,0.866,0.5,,,1,0.03,0.5,0.566,1.0,0.5,CF,0.0,5.24
feature_0 <= 0.966,0.584,0.49,,,1,0.02,0.49,0.505,1.0,0.49,CF,0.0,5.24
feature_0 <= 1.307,0.934,0.51,,,1,0.03,0.41,0.618,1.0,0.53,CF,0.2,5.24
feature_0 > -1.182,1.04,0.5,,,1,0.04,0.41,1.032,1.0,0.6,CF,0.2,5.24
feature_0 <= 1.135,0.866,0.5,,,1,0.03,0.41,0.566,1.0,0.51,CF,0.2,5.24
feature_0 <= 1.084,0.677,0.5,,,1,0.02,0.4,0.55,1.0,0.51,CF,0.2,5.24
feature_0 <= 1.032,0.677,0.49,,,1,0.02,0.4,0.531,1.0,0.49,CF,0.2,5.24
feature_0 <= 0.348 AND feature_2 > 0.643 AND feature_1 <= -1.482 AND feature_9 <= -1.041,27.98,0.0,,,4,1.0,0.4,0.416,4.0,0.16,CF,0.4,5.24
feature_0 <= 1.307,0.934,0.51,,,1,0.03,0.32,0.618,1.0,0.55,CF,0.4,5.24
feature_0 > -1.182,1.04,0.5,,,1,0.04,0.31,1.032,1.0,0.7,CF,0.4,5.24
feature_0 <= 1.135,0.866,0.5,,,1,0.03,0.31,0.566,1.0,0.52,CF,0.4,5.24
feature_0 <= 1.084,0.677,0.5,,,1,0.02,0.31,0.55,1.0,0.51,CF,0.4,5.24
feature_0 <= 0.348 AND feature_2 > 0.643 AND feature_1 <= -1.482 AND feature_9 <= -1.041,27.98,0.0,,,4,1.0,0.6,0.416,4.0,0.11,CF,0.6,5.24
feature_0 > -0.589 AND feature_4 > 1.608 AND feature_1 > 0.972 AND feature_3 > -0.26,17.826,0.0,,,4,0.64,0.38,2.224,4.0,0.6,CF,0.6,5.24
feature_0 <= 1.307,0.934,0.51,,,1,0.03,0.22,0.618,1.0,0.37,CF,0.6,5.24
feature_0 > -1.182,1.04,0.5,,,1,0.04,0.22,1.032,1.0,0.48,CF,0.6,5.24
feature_0 <= 1.135,0.866,0.5,,,1,0.03,0.22,0.566,1.0,0.35,CF,0.6,5.24
feature_0 <= 0.348 AND feature_2 > 0.643 AND feature_1 <= -1.482 AND feature_9 <= -1.041,27.98,0.0,,,4,1.0,0.8,0.416,4.0,0.09,CF,0.8,5.24
feature_0 > -0.589 AND feature_4 > 1.608 AND feature_1 > 0.972 AND feature_3 > -0.26,17.826,0.0,,,4,0.64,0.51,2.224,4.0,0.49,CF,0.8,5.24
feature_0 <= -0.566 AND feature_1 > 0.071 AND feature_1 > 1.712 AND feature_0 > -0.858,8.724,0.0,,,4,0.31,0.25,1.604,2.0,0.36,CF,0.8,5.24
feature_0 > -0.397 AND feature_1 > -1.445 AND feature_1 > 1.424 AND feature_0 > 1.051,6.462,0.01,,,4,0.23,0.19,3.607,2.0,0.8,CF,0.8,5.24
feature_0 > -0.369 AND feature_0 > 1.164 AND feature_1 > 0.693 AND feature_5 <= 0.235,6.245,0.01,,,4,0.22,0.18,3.2,3.0,0.71,CF,0.8,5.24
feature_0 <= 0.348 AND feature_2 > 0.643 AND feature_1 <= -1.482 AND feature_9 <= -1.041,27.98,0.0,,,4,1.0,1.0,0.416,4.0,0.12,CF,1.0,5.24
feature_0 > -0.589 AND feature_4 > 1.608 AND feature_1 > 0.972 AND feature_3 > -0.26,17.826,0.0,,,4,0.64,0.64,2.224,4.0,0.62,CF,1.0,5.24
feature_0 <= -0.566 AND feature_1 > 0.071 AND feature_1 > 1.712 AND feature_0 > -0.858,8.724,0.0,,,4,0.31,0.31,1.604,2.0,0.44,CF,1.0,5.24
feature_0 > -0.397 AND feature_1 > -1.445 AND feature_1 > 1.424 AND feature_0 > 1.051,6.462,0.01,,,4,0.23,0.23,3.607,2.0,1.0,CF,1.0,5.24
feature_0 > -0.369 AND feature_0 > 1.164 AND feature_1 > 0.693 AND feature_5 <= 0.235,6.245,0.01,,,4,0.22,0.22,3.2,3.0,0.89,CF,1.0,5.24
feature_0 > -0.522,1.312,0.43,,,1,0.54,0.43,1.315,1.0,0.43,CF SingleTree,0.0,0.57
feature_0 > -0.522 AND feature_0 <= 1.093,1.149,0.38,,,2,0.48,0.38,1.048,1.0,0.38,CF SingleTree,0.0,0.57
feature_0 > -0.522 AND feature_0 <= 1.093 AND feature_1 <= 0.711,1.031,0.3,,,3,0.43,0.3,0.804,2.0,0.3,CF SingleTree,0.0,0.57
feature_0 > -0.522 AND feature_0 <= 1.093 AND feature_1 <= 0.711 AND feature_0 > -0.142,1.12,0.24,,,4,0.46,0.24,0.985,2.0,0.24,CF SingleTree,0.0,0.57
feature_0 <= -0.522,0.198,0.24,,,1,0.08,0.24,0.348,1.0,0.24,CF SingleTree,0.0,0.57
feature_0 > -0.522,1.312,0.43,,,1,0.54,0.45,1.315,1.0,0.45,CF SingleTree,0.2,0.57
feature_0 > -0.522 AND feature_0 <= 1.093,1.149,0.38,,,2,0.48,0.4,1.048,1.0,0.39,CF SingleTree,0.2,0.57
feature_0 > -0.522 AND feature_0 <= 1.093 AND feature_1 <= 0.711,1.031,0.3,,,3,0.43,0.33,0.804,2.0,0.31,CF SingleTree,0.2,0.57
feature_0 > -0.522 AND feature_0 <= 1.093 AND feature_1 <= 0.711 AND feature_0 > -0.142,1.12,0.24,,,4,0.46,0.28,0.985,2.0,0.27,CF SingleTree,0.2,0.57
feature_0 > -0.522 AND feature_0 > 1.093,1.994,0.12,,,2,0.83,0.26,2.437,1.0,0.3,CF SingleTree,0.2,0.57
feature_0 > -0.522,1.312,0.43,,,1,0.54,0.48,1.315,1.0,0.44,CF SingleTree,0.4,0.57
feature_0 > -0.522 AND feature_0 > 1.093 AND feature_1 > -0.016 AND feature_0 > 1.275,2.409,0.05,,,4,1.0,0.43,2.959,2.0,0.43,CF SingleTree,0.4,0.57
feature_0 > -0.522 AND feature_0 <= 1.093,1.149,0.38,,,2,0.48,0.42,1.048,1.0,0.37,CF SingleTree,0.4,0.57
feature_0 > -0.522 AND feature_0 > 1.093 AND feature_1 > -0.016,2.297,0.06,,,3,0.95,0.42,2.822,2.0,0.42,CF SingleTree,0.4,0.57
feature_0 > -0.522 AND feature_0 > 1.093,1.994,0.12,,,2,0.83,0.4,2.437,1.0,0.4,CF SingleTree,0.4,0.57
feature_0 > -0.522 AND feature_0 > 1.093 AND feature_1 > -0.016 AND feature_0 > 1.275,2.409,0.05,,,4,1.0,0.62,2.959,2.0,0.62,CF SingleTree,0.6,0.57
feature_0 > -0.522 AND feature_0 > 1.093 AND feature_1 > -0.016,2.297,0.06,,,3,0.95,0.6,2.822,2.0,0.6,CF SingleTree,0.6,0.57
feature_0 > -0.522 AND feature_0 > 1.093,1.994,0.12,,,2,0.83,0.54,2.437,1.0,0.54,CF SingleTree,0.6,0.57
feature_0 > -0.522,1.312,0.43,,,1,0.54,0.5,1.315,1.0,0.44,CF SingleTree,0.6,0.57
feature_0 > -0.522 AND feature_0 > 1.093 AND feature_1 > -0.016 AND feature_0 <= 1.275,1.965,0.02,,,4,0.82,0.5,2.414,2.0,0.5,CF SingleTree,0.6,0.57
feature_0 > -0.522 AND feature_0 > 1.093 AND feature_1 > -0.016 AND feature_0 > 1.275,2.409,0.05,,,4,1.0,0.81,2.959,2.0,0.81,CF SingleTree,0.8,0.57
feature_0 > -0.522 AND feature_0 > 1.093 AND feature_1 > -0.016,2.297,0.06,,,3,0.95,0.77,2.822,2.0,0.77,CF SingleTree,0.8,0.57
feature_0 > -0.522 AND feature_0 > 1.093,1.994,0.12,,,2,0.83,0.69,2.437,1.0,0.68,CF SingleTree,0.8,0.57
feature_0 > -0.522 AND feature_0 > 1.093 AND feature_1 > -0.016 AND feature_0 <= 1.275,1.965,0.02,,,4,0.82,0.66,2.414,2.0,0.66,CF SingleTree,0.8,0.57
feature_0 > -0.522 AND feature_0 > 1.093 AND feature_1 <= -0.016 AND feature_0 > 1.317,1.78,0.04,,,4,0.74,0.6,2.205,2.0,0.6,CF SingleTree,0.8,0.57
feature_0 > -0.522 AND feature_0 > 1.093 AND feature_1 > -0.016 AND feature_0 > 1.275,2.409,0.05,,,4,1.0,1.0,2.959,2.0,1.0,CF SingleTree,1.0,0.57
feature_0 > -0.522 AND feature_0 > 1.093 AND feature_1 > -0.016,2.297,0.06,,,3,0.95,0.95,2.822,2.0,0.95,CF SingleTree,1.0,0.57
feature_0 > -0.522 AND feature_0 > 1.093,1.994,0.12,,,2,0.83,0.83,2.437,1.0,0.82,CF SingleTree,1.0,0.57
feature_0 > -0.522 AND feature_0 > 1.093 AND feature_1 > -0.016 AND feature_0 <= 1.275,1.965,0.02,,,4,0.82,0.82,2.414,2.0,0.82,CF SingleTree,1.0,0.57
feature_0 > -0.522 AND feature_0 > 1.093 AND feature_1 <= -0.016 AND feature_0 > 1.317,1.78,0.04,,,4,0.74,0.74,2.205,2.0,0.75,CF SingleTree,1.0,0.57
feature_5 <= 2.263,0.798,0.86,1.03,1.82,1,0.18,0.86,0.813,1.0,0.86,CT on D,0.0,
feature_5 <= 2.263 AND feature_0 <= 0.077,0.124,0.48,1.07,1.2,2,0.03,0.48,0.056,2.0,0.48,CT on D,0.0,
feature_5 <= 2.263 AND feature_0 <= 0.077 AND feature_1 <= 1.504,0.049,0.45,1.09,1.04,3,0.01,0.45,0.041,3.0,0.45,CT on D,0.0,
feature_5 <= 2.263 AND feature_0 > 0.077,1.547,0.44,0.97,2.52,2,0.34,0.44,1.654,2.0,0.44,CT on D,0.0,
feature_5 <= 2.263 AND feature_0 <= 0.077 AND feature_1 <= 1.504 AND feature_0 > -1.98,0.035,0.43,1.06,1.1,4,0.01,0.43,0.03,3.0,0.43,CT on D,0.0,
feature_5 <= 2.263,0.798,0.86,1.03,1.82,1,0.18,0.72,0.813,1.0,0.79,CT on D,0.2,
feature_5 <= 2.263 AND feature_0 > 0.077,1.547,0.44,0.97,2.52,2,0.34,0.42,1.654,2.0,0.55,CT on D,0.2,
feature_5 <= 2.263 AND feature_0 <= 0.077,0.124,0.48,1.07,1.2,2,0.03,0.39,0.056,2.0,0.39,CT on D,0.2,
feature_5 <= 2.263 AND feature_0 <= 0.077 AND feature_1 <= 1.504,0.049,0.45,1.09,1.04,3,0.01,0.36,0.041,3.0,0.36,CT on D,0.2,
feature_5 <= 2.263 AND feature_0 <= 0.077 AND feature_1 <= 1.504 AND feature_0 > -1.98,0.035,0.43,1.06,1.1,4,0.01,0.35,0.03,3.0,0.35,CT on D,0.2,
feature_5 <= 2.263,0.798,0.86,1.03,1.82,1,0.18,0.59,0.813,1.0,0.63,CT on D,0.4,
feature_5 <= 2.263 AND feature_0 > 0.077 AND feature_1 <= 0.713 AND feature_0 > 1.363 AND feature_0 > 1.906 AND feature_6 <= 0.146,4.504,0.01,0.4,4.9,6,1.0,0.41,2.865,4.0,0.41,CT on D,0.4,
feature_5 <= 2.263 AND feature_0 > 0.077,1.547,0.44,0.97,2.52,2,0.34,0.4,1.654,2.0,0.49,CT on D,0.4,
feature_5 <= 2.263 AND feature_0 > 0.077 AND feature_1 > 0.713 AND feature_0 > 0.232 AND feature_8 <= -0.753 AND feature_9 <= 0.092,4.096,0.01,1.07,5.16,6,0.91,0.37,2.438,5.0,0.35,CT on D,0.4,
feature_5 <= 2.263 AND feature_0 > 0.077 AND feature_1 <= 0.713 AND feature_0 > 1.363 AND feature_0 > 1.906,3.516,0.02,0.75,4.27,5,0.78,0.32,2.85,3.0,0.41,CT on D,0.4,
feature_5 <= 2.263 AND feature_0 > 0.077 AND feature_1 <= 0.713 AND feature_0 > 1.363 AND feature_0 > 1.906 AND feature_6 <= 0.146,4.504,0.01,0.4,4.9,6,1.0,0.6,2.865,4.0,0.6,CT on D,0.6,
feature_5 <= 2.263 AND feature_0 > 0.077 AND feature_1 > 0.713 AND feature_0 > 0.232 AND feature_8 <= -0.753 AND feature_9 <= 0.092,4.096,0.01,1.07,5.16,6,0.91,0.55,2.438,5.0,0.51,CT on D,0.6,
feature_5 <= 2.263 AND feature_0 > 0.077 AND feature_1 <= 0.713 AND feature_0 > 1.363 AND feature_0 > 1.906,3.516,0.02,0.75,4.27,5,0.78,0.48,2.85,3.0,0.6,CT on D,0.6,
feature_5 <= 2.263 AND feature_0 > 0.077 AND feature_1 > 0.713 AND feature_0 > 0.232 AND feature_8 <= -0.753,3.483,0.02,0.95,4.43,5,0.77,0.47,2.441,4.0,0.52,CT on D,0.6,
feature_5 <= 2.263 AND feature_0 <= 0.077 AND feature_1 > 1.504 AND feature_6 > 0.079,3.448,0.02,0.65,4.1,4,0.77,0.47,1.406,4.0,0.3,CT on D,0.6,
feature_5 <= 2.263 AND feature_0 > 0.077 AND feature_1 <= 0.713 AND feature_0 > 1.363 AND feature_0 > 1.906 AND feature_6 <= 0.146,4.504,0.01,0.4,4.9,6,1.0,0.8,2.865,4.0,0.8,CT on D,0.8,
feature_5 <= 2.263 AND feature_0 > 0.077 AND feature_1 > 0.713 AND feature_0 > 0.232 AND feature_8 <= -0.753 AND feature_9 <= 0.092,4.096,0.01,1.07,5.16,6,0.91,0.73,2.438,5.0,0.68,CT on D,0.8,
feature_5 <= 2.263 AND feature_0 > 0.077 AND feature_1 <= 0.713 AND feature_0 > 1.363 AND feature_0 > 1.906,3.516,0.02,0.75,4.27,5,0.78,0.63,2.85,3.0,0.8,CT on D,0.8,
feature_5 <= 2.263 AND feature_0 > 0.077 AND feature_1 > 0.713 AND feature_0 > 0.232 AND feature_8 <= -0.753,3.483,0.02,0.95,4.43,5,0.77,0.62,2.441,4.0,0.69,CT on D,0.8,
feature_5 <= 2.263 AND feature_0 <= 0.077 AND feature_1 > 1.504 AND feature_6 > 0.079,3.448,0.02,0.65,4.1,4,0.77,0.62,1.406,4.0,0.4,CT on D,0.8,
feature_5 <= 2.263 AND feature_0 > 0.077 AND feature_1 <= 0.713 AND feature_0 > 1.363 AND feature_0 > 1.906 AND feature_6 <= 0.146,4.504,0.01,0.4,4.9,6,1.0,1.0,2.865,4.0,1.0,CT on D,1.0,
feature_5 <= 2.263 AND feature_0 > 0.077 AND feature_1 > 0.713 AND feature_0 > 0.232 AND feature_8 <= -0.753 AND feature_9 <= 0.092,4.096,0.01,1.07,5.16,6,0.91,0.91,2.438,5.0,0.85,CT on D,1.0,
feature_5 <= 2.263 AND feature_0 > 0.077 AND feature_1 <= 0.713 AND feature_0 > 1.363 AND feature_0 > 1.906,3.516,0.02,0.75,4.27,5,0.78,0.78,2.85,3.0,0.99,CT on D,1.0,
feature_5 <= 2.263 AND feature_0 > 0.077 AND feature_1 > 0.713 AND feature_0 > 0.232 AND feature_8 <= -0.753,3.483,0.02,0.95,4.43,5,0.77,0.77,2.441,4.0,0.85,CT on D,1.0,
feature_5 <= 2.263 AND feature_0 <= 0.077 AND feature_1 > 1.504 AND feature_6 > 0.079,3.448,0.02,0.65,4.1,4,0.77,0.77,1.406,4.0,0.49,CT on D,1.0,
feature_4 > -1.408,0.814,0.92,1.07,1.89,1,0.21,0.92,0.815,1.0,0.92,CT on P,0.0,
feature_4 > -1.408 AND feature_0 <= 0.038,0.12,0.47,1.14,1.26,2,0.03,0.47,0.028,2.0,0.47,CT on P,0.0,
feature_4 > -1.408 AND feature_0 > 0.038,1.534,0.45,1.01,2.54,2,0.39,0.45,1.634,2.0,0.45,CT on P,0.0,
feature_4 > -1.408 AND feature_0 <= 0.038 AND feature_1 <= 1.337,0.073,0.43,1.15,1.07,3,0.02,0.43,0.089,3.0,0.43,CT on P,0.0,
feature_4 > -1.408 AND feature_0 <= 0.038 AND feature_1 <= 1.337 AND feature_0 > -1.003,0.214,0.3,0.95,1.17,4,0.05,0.3,0.232,3.0,0.3,CT on P,0.0,
feature_4 > -1.408,0.814,0.92,1.07,1.89,1,0.21,0.78,0.815,1.0,0.82,CT on P,0.2,
feature_4 > -1.408 AND feature_0 > 0.038,1.534,0.45,1.01,2.54,2,0.39,0.44,1.634,2.0,0.52,CT on P,0.2,
feature_4 > -1.408 AND feature_0 <= 0.038,0.12,0.47,1.14,1.26,2,0.03,0.38,0.028,2.0,0.38,CT on P,0.2,
feature_4 > -1.408 AND feature_0 <= 0.038 AND feature_1 <= 1.337,0.073,0.43,1.15,1.07,3,0.02,0.35,0.089,3.0,0.35,CT on P,0.2,
feature_4 > -1.408 AND feature_0 > 0.038 AND feature_1 > -0.082,2.089,0.24,1.32,3.41,3,0.53,0.3,1.984,3.0,0.39,CT on P,0.2,
feature_4 > -1.408,0.814,0.92,1.07,1.89,1,0.21,0.63,0.815,1.0,0.65,CT on P,0.4,
feature_4 > -1.408 AND feature_0 > 0.038,1.534,0.45,1.01,2.54,2,0.39,0.43,1.634,2.0,0.47,CT on P,0.4,
feature_4 > -1.408 AND feature_0 > 0.038 AND feature_1 > -0.082 AND feature_0 > 1.758,3.949,0.02,1.63,5.58,4,1.0,0.41,3.34,3.0,0.41,CT on P,0.4,
feature_4 > -1.408 AND feature_0 > 0.038 AND feature_1 > -0.082 AND feature_0 <= 1.758 AND feature_1 > 0.819 AND feature_6 <= -0.895,3.669,0.02,1.17,4.84,6,0.93,0.38,2.327,4.0,0.29,CT on P,0.4,
feature_4 > -1.408 AND feature_0 > 0.038 AND feature_1 > -0.082,2.089,0.24,1.32,3.41,3,0.53,0.36,1.984,3.0,0.38,CT on P,0.4,
feature_4 > -1.408 AND feature_0 > 0.038 AND feature_1 > -0.082 AND feature_0 > 1.758,3.949,0.02,1.63,5.58,4,1.0,0.61,3.34,3.0,0.61,CT on P,0.6,
feature_4 > -1.408 AND feature_0 > 0.038 AND feature_1 > -0.082 AND feature_0 <= 1.758 AND feature_1 > 0.819 AND feature_6 <= -0.895,3.669,0.02,1.17,4.84,6,0.93,0.57,2.327,4.0,0.43,CT on P,0.6,
feature_4 > -1.408,0.814,0.92,1.07,1.89,1,0.21,0.49,0.815,1.0,0.51,CT on P,0.6,
feature_4 > -1.408 AND feature_0 > 0.038 AND feature_1 <= -0.082 AND feature_0 > 1.737,2.807,0.02,0.57,3.38,4,0.71,0.43,2.521,3.0,0.46,CT on P,0.6,
feature_4 > -1.408 AND feature_0 > 0.038 AND feature_1 > -0.082 AND feature_0 <= 1.758 AND feature_1 > 0.819,2.579,0.09,1.52,4.1,5,0.65,0.43,2.305,3.0,0.45,CT on P,0.6,
feature_4 > -1.408 AND feature_0 > 0.038 AND feature_1 > -0.082 AND feature_0 > 1.758,3.949,0.02,1.63,5.58,4,1.0,0.8,3.34,3.0,0.8,CT on P,0.8,
feature_4 > -1.408 AND feature_0 > 0.038 AND feature_1 > -0.082 AND feature_0 <= 1.758 AND feature_1 > 0.819 AND feature_6 <= -0.895,3.669,0.02,1.17,4.84,6,0.93,0.75,2.327,4.0,0.56,CT on P,0.8,
feature_4 > -1.408 AND feature_0 > 0.038 AND feature_1 <= -0.082 AND feature_0 > 1.737,2.807,0.02,0.57,3.38,4,0.71,0.57,2.521,3.0,0.61,CT on P,0.8,
feature_4 > -1.408 AND feature_0 > 0.038 AND feature_1 > -0.082 AND feature_0 <= 1.758 AND feature_1 > 0.819,2.579,0.09,1.52,4.1,5,0.65,0.54,2.305,3.0,0.57,CT on P,0.8,
feature_4 > -1.408 AND feature_0 <= 0.038 AND feature_1 > 1.337 AND feature_7 > -0.175,2.642,0.02,0.68,3.32,4,0.67,0.54,1.172,4.0,0.28,CT on P,0.8,
feature_4 > -1.408 AND feature_0 > 0.038 AND feature_1 > -0.082 AND feature_0 > 1.758,3.949,0.02,1.63,5.58,4,1.0,1.0,3.34,3.0,1.0,CT on P,1.0,
feature_4 > -1.408 AND feature_0 > 0.038 AND feature_1 > -0.082 AND feature_0 <= 1.758 AND feature_1 > 0.819 AND feature_6 <= -0.895,3.669,0.02,1.17,4.84,6,0.93,0.93,2.327,4.0,0.7,CT on P,1.0,
feature_4 > -1.408 AND feature_0 > 0.038 AND feature_1 <= -0.082 AND feature_0 > 1.737,2.807,0.02,0.57,3.38,4,0.71,0.71,2.521,3.0,0.75,CT on P,1.0,
feature_4 > -1.408 AND feature_0 <= 0.038 AND feature_1 > 1.337 AND feature_7 > -0.175,2.642,0.02,0.68,3.32,4,0.67,0.67,1.172,4.0,0.35,CT on P,1.0,
feature_4 <= -1.408 AND feature_1 > -0.514 AND feature_0 > 0.553,2.594,0.02,-0.18,2.42,3,0.66,0.66,2.129,3.0,0.64,CT on P,1.0,
feature_0 <= 1.473,0.663,0.82,,,1,0.01,0.82,0.674,1.0,0.82,CF,0.0,5.75
feature_0 > -1.287,1.031,0.8,,,1,0.02,0.8,1.001,1.0,0.8,CF,0.0,5.75
feature_0 <= 1.226,0.697,0.79,,,1,0.01,0.79,0.605,1.0,0.79,CF,0.0,5.75
feature_1 <= 1.212,0.643,0.78,,,1,0.01,0.78,0.677,1.0,0.78,CF,0.0,5.75
feature_0 > -1.142,0.882,0.78,,,1,0.02,0.78,1.042,1.0,0.78,CF,0.0,5.75
feature_0 <= 1.473,0.663,0.82,,,1,0.01,0.66,0.674,1.0,0.79,CF,0.2,5.75
feature_0 > -1.287,1.031,0.8,,,1,0.02,0.64,1.001,1.0,0.83,CF,0.2,5.75
feature_0 <= 1.226,0.697,0.79,,,1,0.01,0.63,0.605,1.0,0.75,CF,0.2,5.75
feature_0 > -1.142,1.213,0.78,,,1,0.03,0.63,1.042,1.0,0.82,CF,0.2,5.75
feature_0 > -1.154,1.0,0.78,,,1,0.02,0.63,1.04,1.0,0.82,CF,0.2,5.75
feature_0 <= 1.473,0.663,0.82,,,1,0.01,0.5,0.674,1.0,0.75,CF,0.4,5.75
feature_0 > -1.287,1.031,0.8,,,1,0.02,0.49,1.001,1.0,0.86,CF,0.4,5.75
feature_0 <= 1.226,0.697,0.79,,,1,0.01,0.48,0.605,1.0,0.71,CF,0.4,5.75
feature_0 > -1.142,1.213,0.78,,,1,0.03,0.48,1.042,1.0,0.87,CF,0.4,5.75
feature_0 > -1.154,1.0,0.78,,,1,0.02,0.48,1.04,1.0,0.87,CF,0.4,5.75
feature_0 > 0.322 AND feature_0 > 2.024 AND feature_7 > 0.538 AND feature_4 <= -0.213,46.582,0.0,,,4,1.0,0.6,3.324,3.0,0.6,CF,0.6,5.75
feature_0 <= 1.473,0.663,0.82,,,1,0.01,0.34,0.674,1.0,0.45,CF,0.6,5.75
feature_0 > -1.287,1.031,0.8,,,1,0.02,0.33,1.001,1.0,0.5,CF,0.6,5.75
feature_0 > -1.142,1.213,0.78,,,1,0.03,0.33,1.042,1.0,0.5,CF,0.6,5.75
feature_0 <= 1.226,0.697,0.79,,,1,0.01,0.32,0.605,1.0,0.43,CF,0.6,5.75
feature_0 > 0.322 AND feature_0 > 2.024 AND feature_7 > 0.538 AND feature_4 <= -0.213,46.582,0.0,,,4,1.0,0.8,3.324,3.0,0.8,CF,0.8,5.75
feature_1 > 0.902 AND feature_0 > 1.099 AND feature_9 > -0.418 AND feature_1 <= 1.047,15.26,0.0,,,4,0.33,0.26,2.821,3.0,0.68,CF,0.8,5.75
feature_0 > -1.287,1.031,0.8,,,1,0.02,0.18,1.001,1.0,0.4,CF,0.8,5.75
feature_0 > -1.142,1.213,0.78,,,1,0.03,0.18,1.042,1.0,0.41,CF,0.8,5.75
feature_0 <= 1.473,0.663,0.82,,,1,0.01,0.18,0.674,1.0,0.33,CF,0.8,5.75
feature_0 > 0.322 AND feature_0 > 2.024 AND feature_7 > 0.538 AND feature_4 <= -0.213,46.582,0.0,,,4,1.0,1.0,3.324,3.0,0.99,CF,1.0,5.75
feature_1 > 0.902 AND feature_0 > 1.099 AND feature_9 > -0.418 AND feature_1 <= 1.047,15.26,0.0,,,4,0.33,0.33,2.821,3.0,0.84,CF,1.0,5.75
feature_0 > 0.976 AND feature_1 <= 0.801 AND feature_0 > 2.234 AND feature_2 > 0.179,10.177,0.0,,,4,0.22,0.22,3.091,3.0,0.92,CF,1.0,5.75
feature_0 > 0.406 AND feature_1 > 0.354 AND feature_0 > 1.658 AND feature_3 > 0.517,8.003,0.0,,,4,0.17,0.17,3.352,3.0,1.0,CF,1.0,5.75
feature_0 > 0.888 AND feature_0 > 2.039 AND feature_6 <= -0.245 AND feature_0 > 2.285,7.131,0.0,,,4,0.15,0.15,3.299,2.0,0.98,CF,1.0,5.75
feature_0 <= 0.443,0.387,0.61,,,1,0.14,0.61,0.273,1.0,0.61,CF SingleTree,0.0,0.53
feature_0 <= 0.443 AND feature_1 <= 1.151,0.263,0.54,,,2,0.09,0.54,0.118,2.0,0.54,CF SingleTree,0.0,0.53
feature_0 <= 0.443 AND feature_1 <= 1.151 AND feature_0 > -1.088,0.387,0.43,,,3,0.14,0.43,0.385,2.0,0.43,CF SingleTree,0.0,0.53
feature_0 <= 0.443 AND feature_1 <= 1.151 AND feature_0 > -1.088 AND feature_0 <= 0.255,0.341,0.38,,,4,0.12,0.38,0.289,2.0,0.38,CF SingleTree,0.0,0.53
feature_0 > 0.443,1.682,0.32,,,1,0.59,0.32,1.9,1.0,0.32,CF SingleTree,0.0,0.53
feature_0 <= 0.443,0.387,0.61,,,1,0.14,0.52,0.273,1.0,0.52,CF SingleTree,0.2,0.53
feature_0 <= 0.443 AND feature_1 <= 1.151,0.263,0.54,,,2,0.09,0.45,0.118,2.0,0.44,CF SingleTree,0.2,0.53
feature_0 > 0.443,1.682,0.32,,,1,0.59,0.37,1.9,1.0,0.46,CF SingleTree,0.2,0.53
feature_0 <= 0.443 AND feature_1 <= 1.151 AND feature_0 > -1.088,0.387,0.43,,,3,0.14,0.37,0.385,2.0,0.38,CF SingleTree,0.2,0.53
feature_0 <= 0.443 AND feature_1 <= 1.151 AND feature_0 > -1.088 AND feature_0 <= 0.255,0.341,0.38,,,4,0.12,0.33,0.289,2.0,0.33,CF SingleTree,0.2,0.53
feature_0 > 0.443,1.682,0.32,,,1,0.59,0.43,1.9,1.0,0.41,CF SingleTree,0.4,0.53
feature_0 <= 0.443,0.387,0.61,,,1,0.14,0.42,0.273,1.0,0.4,CF SingleTree,0.4,0.53
feature_0 > 0.443 AND feature_1 > 0.843 AND feature_0 > 0.905 AND feature_0 > 1.44,2.835,0.02,,,4,1.0,0.41,3.47,2.0,0.41,CF SingleTree,0.4,0.53
feature_0 > 0.443 AND feature_1 > 0.843 AND feature_0 > 0.905,2.679,0.04,,,3,0.94,0.4,3.051,2.0,0.38,CF SingleTree,0.4,0.53
feature_0 > 0.443 AND feature_1 > 0.843,2.382,0.07,,,2,0.84,0.38,2.728,2.0,0.36,CF SingleTree,0.4,0.53
feature_0 > 0.443 AND feature_1 > 0.843 AND feature_0 > 0.905 AND feature_0 > 1.44,2.835,0.02,,,4,1.0,0.61,3.47,2.0,0.61,CF SingleTree,0.6,0.53
feature_0 > 0.443 AND feature_1 > 0.843 AND feature_0 > 0.905,2.679,0.04,,,3,0.94,0.58,3.051,2.0,0.54,CF SingleTree,0.6,0.53
feature_0 > 0.443 AND feature_1 > 0.843 AND feature_0 > 0.905 AND feature_0 <= 1.44,2.559,0.02,,,4,0.9,0.55,2.726,2.0,0.48,CF SingleTree,0.6,0.53
feature_0 > 0.443 AND feature_1 > 0.843,2.382,0.07,,,2,0.84,0.53,2.728,2.0,0.5,CF SingleTree,0.6,0.53
feature_0 > 0.443,1.682,0.32,,,1,0.59,0.48,1.9,1.0,0.46,CF SingleTree,0.6,0.53
feature_0 > 0.443 AND feature_1 > 0.843 AND feature_0 > 0.905 AND feature_0 > 1.44,2.835,0.02,,,4,1.0,0.8,3.47,2.0,0.8,CF SingleTree,0.8,0.53
feature_0 > 0.443 AND feature_1 > 0.843 AND feature_0 > 0.905,2.679,0.04,,,3,0.94,0.76,3.051,2.0,0.71,CF SingleTree,0.8,0.53
feature_0 > 0.443 AND feature_1 > 0.843 AND feature_0 > 0.905 AND feature_0 <= 1.44,2.559,0.02,,,4,0.9,0.73,2.726,2.0,0.63,CF SingleTree,0.8,0.53
feature_0 > 0.443 AND feature_1 > 0.843,2.382,0.07,,,2,0.84,0.69,2.728,2.0,0.64,CF SingleTree,0.8,0.53
feature_0 > 0.443 AND feature_1 > 0.843 AND feature_0 <= 0.905 AND feature_1 > 1.35,2.248,0.01,,,4,0.79,0.64,2.673,2.0,0.62,CF SingleTree,0.8,0.53
feature_0 > 0.443 AND feature_1 > 0.843 AND feature_0 > 0.905 AND feature_0 > 1.44,2.835,0.02,,,4,1.0,1.0,3.47,2.0,1.0,CF SingleTree,1.0,0.53
feature_0 > 0.443 AND feature_1 > 0.843 AND feature_0 > 0.905,2.679,0.04,,,3,0.94,0.94,3.051,2.0,0.88,CF SingleTree,1.0,0.53
feature_0 > 0.443 AND feature_1 > 0.843 AND feature_0 > 0.905 AND feature_0 <= 1.44,2.559,0.02,,,4,0.9,0.9,2.726,2.0,0.79,CF SingleTree,1.0,0.53
feature_0 > 0.443 AND feature_1 > 0.843,2.382,0.07,,,2,0.84,0.84,2.728,2.0,0.79,CF SingleTree,1.0,0.53
feature_0 > 0.443 AND feature_1 > 0.843 AND feature_0 <= 0.905 AND feature_1 > 1.35,2.248,0.01,,,4,0.79,0.79,2.673,2.0,0.77,CF SingleTree,1.0,0.53
feature_0 > -1.423,1.01,0.66,0.97,1.98,1,0.23,0.66,0.969,1.0,0.66,CT on D,0.0,
feature_0 > -1.423 AND feature_0 <= 0.864,0.63,0.56,0.97,1.6,2,0.14,0.56,0.641,1.0,0.56,CT on D,0.0,
feature_0 > -1.423 AND feature_0 <= 0.864 AND feature_1 <= 0.586,0.333,0.42,0.92,1.25,3,0.08,0.42,0.374,2.0,0.42,CT on D,0.0,
feature_0 > -1.423 AND feature_0 <= 0.864 AND feature_1 <= 0.586 AND feature_0 > -0.543,0.648,0.31,0.77,1.42,4,0.15,0.31,0.697,2.0,0.31,CT on D,0.0,
feature_0 > -1.423 AND feature_0 <= 0.864 AND feature_1 <= 0.586 AND feature_0 > -0.543 AND feature_1 > -1.212,0.789,0.27,0.73,1.52,5,0.18,0.27,0.762,2.0,0.27,CT on D,0.0,
feature_0 > -1.423,1.01,0.66,0.97,1.98,1,0.23,0.57,0.969,1.0,0.61,CT on D,0.2,
feature_0 > -1.423 AND feature_0 <= 0.864,0.63,0.56,0.97,1.6,2,0.14,0.48,0.641,1.0,0.51,CT on D,0.2,
feature_0 > -1.423 AND feature_0 <= 0.864 AND feature_1 <= 0.586,0.333,0.42,0.92,1.25,3,0.08,0.35,0.374,2.0,0.37,CT on D,0.2,
feature_0 > -1.423 AND feature_0 <= 0.864 AND feature_1 <= 0.586 AND feature_0 > -0.543,0.648,0.31,0.77,1.42,4,0.15,0.28,0.697,2.0,0.31,CT on D,0.2,
feature_0 > -1.423 AND feature_0 > 0.864,2.472,0.18,1.0,3.47,2,0.56,0.26,2.231,1.0,0.34,CT on D,0.2,
feature_0 > -1.423,1.01,0.66,0.97,1.98,1,0.23,0.49,0.969,1.0,0.52,CT on D,0.4,
feature_0 > -1.423 AND feature_0 > 0.864 AND feature_0 > 1.698 AND feature_3 > -0.331 AND feature_9 > -0.069,4.39,0.01,0.96,5.35,5,1.0,0.41,3.034,3.0,0.41,CT on D,0.4,
feature_0 > -1.423 AND feature_0 <= 0.864,0.63,0.56,0.97,1.6,2,0.14,0.39,0.641,1.0,0.42,CT on D,0.4,
feature_0 > -1.423 AND feature_0 > 0.864 AND feature_0 > 1.698 AND feature_3 > -0.331,3.562,0.03,1.52,5.08,4,0.81,0.34,2.975,2.0,0.41,CT on D,0.4,
feature_0 > -1.423 AND feature_0 > 0.864,2.472,0.18,1.0,3.47,2,0.56,0.33,2.231,1.0,0.4,CT on D,0.4,
feature_0 > -1.423 AND feature_0 > 0.864 AND feature_0 > 1.698 AND feature_3 > -0.331 AND feature_9 > -0.069,4.39,0.01,0.96,5.35,5,1.0,0.6,3.034,3.0,0.6,CT on D,0.6,
feature_0 > -1.423 AND feature_0 > 0.864 AND feature_0 > 1.698 AND feature_3 > -0.331,3.562,0.03,1.52,5.08,4,0.81,0.5,2.975,2.0,0.6,CT on D,0.6,
feature_0 > -1.423 AND feature_0 > 0.864 AND feature_0 <= 1.698 AND feature_0 <= 0.908,3.492,0.01,0.25,3.74,4,0.8,0.48,1.703,1.0,0.34,CT on D,0.6,
feature_0 > -1.423 AND feature_0 > 0.864 AND feature_0 <= 1.698 AND feature_0 > 0.908 AND feature_1 > 0.625 AND feature_5 <= 0.372,3.259,0.03,1.62,4.88,6,0.74,0.46,2.751,3.0,0.56,CT on D,0.6,
feature_0 <= -1.423 AND feature_8 > -1.009 AND feature_1 <= 0.915 AND feature_9 > -0.124 AND feature_1 <= -0.384,3.312,0.01,2.41,-0.9,5,0.75,0.46,1.538,4.0,0.31,CT on D,0.6,
feature_0 > -1.423 AND feature_0 > 0.864 AND feature_0 > 1.698 AND feature_3 > -0.331 AND feature_9 > -0.069,4.39,0.01,0.96,5.35,5,1.0,0.8,3.034,3.0,0.8,CT on D,0.8,
feature_0 > -1.423 AND feature_0 > 0.864 AND feature_0 > 1.698 AND feature_3 > -0.331,3.562,0.03,1.52,5.08,4,0.81,0.66,2.975,2.0,0.79,CT on D,0.8,
feature_0 > -1.423 AND feature_0 > 0.864 AND feature_0 <= 1.698 AND feature_0 <= 0.908,3.492,0.01,0.25,3.74,4,0.8,0.64,1.703,1.0,0.45,CT on D,0.8,
feature_0 <= -1.423 AND feature_8 > -1.009 AND feature_1 <= 0.915 AND feature_9 > -0.124 AND feature_1 <= -0.384,3.312,0.01,2.41,-0.9,5,0.75,0.61,1.538,4.0,0.41,CT on D,0.8,
feature_0 > -1.423 AND feature_0 > 0.864 AND feature_0 <= 1.698 AND feature_0 > 0.908 AND feature_1 > 0.625 AND feature_5 <= 0.372,3.259,0.03,1.62,4.88,6,0.74,0.6,2.751,3.0,0.73,CT on D,0.8,
feature_0 > -1.423 AND feature_0 > 0.864 AND feature_0 > 1.698 AND feature_3 > -0.331 AND feature_9 > -0.069,4.39,0.01,0.96,5.35,5,1.0,1.0,3.034,3.0,1.0,CT on D,1.0,
feature_0 > -1.423 AND feature_0 > 0.864 AND feature_0 > 1.698 AND feature_3 > -0.331,3.562,0.03,1.52,5.08,4,0.81,0.81,2.975,2.0,0.98,CT on D,1.0,
feature_0 > -1.423 AND feature_0 > 0.864 AND feature_0 <= 1.698 AND feature_0 <= 0.908,3.492,0.01,0.25,3.74,4,0.8,0.8,1.703,1.0,0.56,CT on D,1.0,
feature_0 <= -1.423 AND feature_8 > -1.009 AND feature_1 <= 0.915 AND feature_9 > -0.124 AND feature_1 <= -0.384,3.312,0.01,2.41,-0.9,5,0.75,0.75,1.538,4.0,0.51,CT on D,1.0,
feature_0 > -1.423 AND feature_0 > 0.864 AND feature_0 <= 1.698 AND feature_0 > 0.908 AND feature_1 > 0.625 AND feature_5 <= 0.372,3.259,0.03,1.62,4.88,6,0.74,0.74,2.751,3.0,0.91,CT on D,1.0,
feature_9 > -2.206,0.833,0.98,1.29,2.12,1,0.21,0.98,0.815,1.0,0.98,CT on P,0.0,
feature_9 > -2.206 AND feature_0 > -0.534,1.367,0.7,1.19,2.56,2,0.34,0.7,1.308,2.0,0.7,CT on P,0.0,
feature_9 > -2.206 AND feature_0 > -0.534 AND feature_0 <= 1.464,1.215,0.63,1.16,2.38,3,0.3,0.63,1.155,2.0,0.63,CT on P,0.0,
feature_9 > -2.206 AND feature_0 > -0.534 AND feature_0 <= 1.464 AND feature_1 <= 0.587,0.913,0.44,0.96,1.88,4,0.23,0.44,0.89,3.0,0.44,CT on P,0.0,
feature_9 > -2.206 AND feature_0 > -0.534 AND feature_0 <= 1.464 AND feature_1 <= 0.587 AND feature_0 <= 0.824,0.652,0.35,1.02,1.68,5,0.16,0.35,0.682,3.0,0.35,CT on P,0.0,
feature_9 > -2.206,0.833,0.98,1.29,2.12,1,0.21,0.83,0.815,1.0,0.91,CT on P,0.2,
feature_9 > -2.206 AND feature_0 > -0.534,1.367,0.7,1.19,2.56,2,0.34,0.63,1.308,2.0,0.76,CT on P,0.2,
feature_9 > -2.206 AND feature_0 > -0.534 AND feature_0 <= 1.464,1.215,0.63,1.16,2.38,3,0.3,0.56,1.155,2.0,0.68,CT on P,0.2,
feature_9 > -2.206 AND feature_0 > -0.534 AND feature_0 <= 1.464 AND feature_1 <= 0.587,0.913,0.44,0.96,1.88,4,0.23,0.4,0.89,3.0,0.49,CT on P,0.2,
feature_9 > -2.206 AND feature_0 > -0.534 AND feature_0 <= 1.464 AND feature_1 <= 0.587 AND feature_0 <= 0.824,0.652,0.35,1.02,1.68,5,0.16,0.31,0.682,3.0,0.38,CT on P,0.2,
feature_9 > -2.206,0.833,0.98,1.29,2.12,1,0.21,0.67,0.815,1.0,0.7,CT on P,0.4,
feature_9 > -2.206 AND feature_0 > -0.534,1.367,0.7,1.19,2.56,2,0.34,0.56,1.308,2.0,0.61,CT on P,0.4,
feature_9 > -2.206 AND feature_0 > -0.534 AND feature_0 <= 1.464,1.215,0.63,1.16,2.38,3,0.3,0.5,1.155,2.0,0.54,CT on P,0.4,
feature_9 > -2.206 AND feature_0 > -0.534 AND feature_0 > 1.464 AND feature_9 > -0.024 AND feature_9 <= 0.711,4.048,0.02,0.97,5.02,5,1.0,0.41,2.813,2.0,0.41,CT on P,0.4,
feature_9 > -2.206 AND feature_0 > -0.534 AND feature_0 > 1.464 AND feature_9 > -0.024,3.659,0.03,1.21,4.87,4,0.9,0.38,2.787,2.0,0.41,CT on P,0.4,
feature_9 > -2.206 AND feature_0 > -0.534 AND feature_0 > 1.464 AND feature_9 > -0.024 AND feature_9 <= 0.711,4.048,0.02,0.97,5.02,5,1.0,0.61,2.813,2.0,0.61,CT on P,0.6,
feature_9 > -2.206 AND feature_0 > -0.534 AND feature_0 > 1.464 AND feature_9 > -0.024,3.659,0.03,1.21,4.87,4,0.9,0.55,2.787,2.0,0.61,CT on P,0.6,
feature_9 > -2.206,0.833,0.98,1.29,2.12,1,0.21,0.52,0.815,1.0,0.57,CT on P,0.6,
feature_9 > -2.206 AND feature_0 > -0.534 AND feature_0 > 1.464 AND feature_9 > -0.024 AND feature_9 > 0.711,3.205,0.02,1.5,4.71,5,0.79,0.48,2.759,2.0,0.6,CT on P,0.6,
feature_9 > -2.206 AND feature_0 > -0.534,1.367,0.7,1.19,2.56,2,0.34,0.48,1.308,2.0,0.56,CT on P,0.6,
feature_9 > -2.206 AND feature_0 > -0.534 AND feature_0 > 1.464 AND feature_9 > -0.024 AND feature_9 <= 0.711,4.048,0.02,0.97,5.02,5,1.0,0.8,2.813,2.0,0.8,CT on P,0.8,
feature_9 > -2.206 AND feature_0 > -0.534 AND feature_0 > 1.464 AND feature_9 > -0.024,3.659,0.03,1.21,4.87,4,0.9,0.73,2.787,2.0,0.8,CT on P,0.8,
feature_9 > -2.206 AND feature_0 > -0.534 AND feature_0 > 1.464 AND feature_9 > -0.024 AND feature_9 > 0.711,3.205,0.02,1.5,4.71,5,0.79,0.64,2.759,2.0,0.79,CT on P,0.8,
feature_9 > -2.206 AND feature_0 > -0.534 AND feature_0 > 1.464,2.799,0.07,1.46,4.26,3,0.69,0.57,2.742,2.0,0.79,CT on P,0.8,
feature_9 > -2.206 AND feature_0 > -0.534 AND feature_0 <= 1.464 AND feature_1 > 0.587 AND feature_0 <= 0.249 AND feature_3 <= -0.611,2.678,0.02,0.43,3.11,6,0.66,0.53,1.37,4.0,0.39,CT on P,0.8,
feature_9 > -2.206 AND feature_0 > -0.534 AND feature_0 > 1.464 AND feature_9 > -0.024 AND feature_9 <= 0.711,4.048,0.02,0.97,5.02,5,1.0,1.0,2.813,2.0,1.0,CT on P,1.0,
feature_9 > -2.206 AND feature_0 > -0.534 AND feature_0 > 1.464 AND feature_9 > -0.024,3.659,0.03,1.21,4.87,4,0.9,0.9,2.787,2.0,0.99,CT on P,1.0,
feature_9 > -2.206 AND feature_0 > -0.534 AND feature_0 > 1.464 AND feature_9 > -0.024 AND feature_9 > 0.711,3.205,0.02,1.5,4.71,5,0.79,0.79,2.759,2.0,0.98,CT on P,1.0,
feature_9 > -2.206 AND feature_0 > -0.534 AND feature_0 > 1.464,2.799,0.07,1.46,4.26,3,0.69,0.69,2.742,2.0,0.97,CT on P,1.0,
feature_9 > -2.206 AND feature_0 > -0.534 AND feature_0 <= 1.464 AND feature_1 > 0.587 AND feature_0 <= 0.249 AND feature_3 <= -0.611,2.678,0.02,0.43,3.11,6,0.66,0.66,1.37,4.0,0.49,CT on P,1.0,
feature_0 > -1.542,0.914,0.67,,,1,0.07,0.67,0.942,1.0,0.67,CF,0.0,5.01
feature_0 > -1.421,1.142,0.66,,,1,0.09,0.66,0.97,1.0,0.66,CF,0.0,5.01
feature_0 > -1.45,1.004,0.66,,,1,0.08,0.66,0.961,1.0,0.66,CF,0.0,5.01
feature_0 > -1.425,1.067,0.66,,,1,0.08,0.66,0.968,1.0,0.66,CF,0.0,5.01
feature_0 > -1.425 AND feature_0 <= 1.623,0.964,0.64,,,2,0.08,0.64,0.859,1.0,0.64,CF,0.0,5.01
feature_0 > -1.542,0.914,0.67,,,1,0.07,0.55,0.942,1.0,0.72,CF,0.2,5.01
feature_0 > -1.421,1.142,0.66,,,1,0.09,0.55,0.97,1.0,0.71,CF,0.2,5.01
feature_0 > -1.425,1.067,0.66,,,1,0.08,0.54,0.968,1.0,0.71,CF,0.2,5.01
feature_0 > -1.45,1.004,0.66,,,1,0.08,0.54,0.961,1.0,0.71,CF,0.2,5.01
feature_0 > -1.165,1.045,0.64,,,1,0.08,0.53,1.045,1.0,0.71,CF,0.2,5.01
feature_0 > -1.421,1.142,0.66,,,1,0.09,0.43,0.97,1.0,0.77,CF,0.4,5.01
feature_0 > -1.542,0.914,0.67,,,1,0.07,0.43,0.942,1.0,0.76,CF,0.4,5.01
feature_0 > -1.425,1.067,0.66,,,1,0.08,0.43,0.968,1.0,0.77,CF,0.4,5.01
feature_0 > -1.45,1.004,0.66,,,1,0.08,0.43,0.961,1.0,0.76,CF,0.4,5.01
feature_0 > -1.165,1.045,0.64,,,1,0.08,0.42,1.045,1.0,0.78,CF,0.4,5.01
feature_0 > -0.337 AND feature_1 <= 0.444 AND feature_0 > 1.503 AND feature_8 > 0.865,12.566,0.01,,,4,1.0,0.6,2.431,3.0,0.52,CF,0.6,5.01
feature_0 > 0.19 AND feature_0 > 1.494 AND feature_4 <= -0.942 AND feature_6 > 0.527,8.741,0.0,,,4,0.7,0.42,2.836,3.0,0.6,CF,0.6,5.01
feature_0 > 0.144 AND feature_1 <= 0.715 AND feature_3 <= -1.63 AND feature_7 <= -1.084,7.802,0.0,,,4,0.62,0.37,1.365,4.0,0.29,CF,0.6,5.01
feature_0 > -1.421,1.142,0.66,,,1,0.09,0.32,0.97,1.0,0.47,CF,0.6,5.01
feature_0 > -1.425,1.067,0.66,,,1,0.08,0.31,0.968,1.0,0.47,CF,0.6,5.01
feature_0 > -0.337 AND feature_1 <= 0.444 AND feature_0 > 1.503 AND feature_8 > 0.865,12.566,0.01,,,4,1.0,0.8,2.431,3.0,0.69,CF,0.8,5.01
feature_0 > 0.19 AND feature_0 > 1.494 AND feature_4 <= -0.942 AND feature_6 > 0.527,8.741,0.0,,,4,0.7,0.56,2.836,3.0,0.8,CF,0.8,5.01
feature_0 > 0.144 AND feature_1 <= 0.715 AND feature_3 <= -1.63 AND feature_7 <= -1.084,7.802,0.0,,,4,0.62,0.5,1.365,4.0,0.39,CF,0.8,5.01
feature_0 > 0.885 AND feature_7 <= -1.037 AND feature_6 <= 0.826 AND feature_2 <= -0.244,6.073,0.01,,,4,0.48,0.39,2.359,4.0,0.67,CF,0.8,5.01
feature_0 > 0.133 AND feature_1 <= -0.047 AND feature_2 > 1.241 AND feature_1 > -0.305,5.837,0.01,,,4,0.46,0.37,1.52,3.0,0.43,CF,0.8,5.01
feature_0 > -0.337 AND feature_1 <= 0.444 AND feature_0 > 1.503 AND feature_8 > 0.865,12.566,0.01,,,4,1.0,1.0,2.431,3.0,0.86,CF,1.0,5.01
feature_0 > 0.19 AND feature_0 > 1.494 AND feature_4 <= -0.942 AND feature_6 > 0.527,8.741,0.0,,,4,0.7,0.7,2.836,3.0,1.0,CF,1.0,5.01
feature_0 > 0.144 AND feature_1 <= 0.715 AND feature_3 <= -1.63 AND feature_7 <= -1.084,7.802,0.0,,,4,0.62,0.62,1.365,4.0,0.48,CF,1.0,5.01
feature_0 > 0.885 AND feature_7 <= -1.037 AND feature_6 <= 0.826 AND feature_2 <= -0.244,6.073,0.01,,,4,0.48,0.48,2.359,4.0,0.83,CF,1.0,5.01
feature_0 > 0.133 AND feature_1 <= -0.047 AND feature_2 > 1.241 AND feature_1 > -0.305,5.837,0.01,,,4,0.46,0.46,1.52,3.0,0.54,CF,1.0,5.01
feature_0 <= 0.201,0.257,0.45,,,1,0.11,0.45,0.14,1.0,0.45,CF SingleTree,0.0,0.54
feature_0 <= 0.201 AND feature_0 > -1.424,0.399,0.41,,,2,0.17,0.41,0.322,1.0,0.41,CF SingleTree,0.0,0.54
feature_0 > 0.201,1.557,0.37,,,1,0.66,0.37,1.726,1.0,0.37,CF SingleTree,0.0,0.54
feature_0 <= 0.201 AND feature_0 > -1.424 AND feature_1 <= 0.378,0.227,0.27,,,3,0.1,0.27,0.003,2.0,0.27,CF SingleTree,0.0,0.54
feature_0 > 0.201 AND feature_0 <= 0.863,1.192,0.22,,,2,0.51,0.22,1.316,1.0,0.22,CF SingleTree,0.0,0.54
feature_0 > 0.201,1.557,0.37,,,1,0.66,0.43,1.726,1.0,0.45,CF SingleTree,0.2,0.54
feature_0 <= 0.201,0.257,0.45,,,1,0.11,0.38,0.14,1.0,0.37,CF SingleTree,0.2,0.54
feature_0 <= 0.201 AND feature_0 > -1.424,0.399,0.41,,,2,0.17,0.36,0.322,1.0,0.36,CF SingleTree,0.2,0.54
feature_0 > 0.201 AND feature_0 > 0.863,2.008,0.18,,,2,0.85,0.31,2.23,1.0,0.34,CF SingleTree,0.2,0.54
feature_0 > 0.201 AND feature_0 <= 0.863,1.192,0.22,,,2,0.51,0.28,1.316,1.0,0.29,CF SingleTree,0.2,0.54
feature_0 > 0.201,1.557,0.37,,,1,0.66,0.49,1.726,1.0,0.45,CF SingleTree,0.4,0.54
feature_0 > 0.201 AND feature_0 > 0.863,2.008,0.18,,,2,0.85,0.45,2.23,1.0,0.41,CF SingleTree,0.4,0.54
feature_0 > 0.201 AND feature_0 > 0.863 AND feature_0 > 1.379 AND feature_1 > -0.055,2.356,0.04,,,4,1.0,0.42,2.994,2.0,0.42,CF SingleTree,0.4,0.54
feature_0 > 0.201 AND feature_0 > 0.863 AND feature_0 > 1.379,2.214,0.08,,,3,0.94,0.42,2.671,1.0,0.4,CF SingleTree,0.4,0.54
feature_0 > 0.201 AND feature_0 > 0.863 AND feature_0 <= 1.379,1.858,0.11,,,3,0.79,0.38,1.912,1.0,0.32,CF SingleTree,0.4,0.54
feature_0 > 0.201 AND feature_0 > 0.863 AND feature_0 > 1.379 AND feature_1 > -0.055,2.356,0.04,,,4,1.0,0.62,2.994,2.0,0.62,CF SingleTree,0.6,0.54
feature_0 > 0.201 AND feature_0 > 0.863 AND feature_0 > 1.379,2.214,0.08,,,3,0.94,0.6,2.671,1.0,0.57,CF SingleTree,0.6,0.54
feature_0 > 0.201 AND feature_0 > 0.863,2.008,0.18,,,2,0.85,0.58,2.23,1.0,0.52,CF SingleTree,0.6,0.54
feature_0 > 0.201,1.557,0.37,,,1,0.66,0.54,1.726,1.0,0.49,CF SingleTree,0.6,0.54
feature_0 > 0.201 AND feature_0 > 0.863 AND feature_0 <= 1.379 AND feature_1 > 0.297,2.04,0.04,,,4,0.87,0.54,2.447,2.0,0.51,CF SingleTree,0.6,0.54
feature_0 > 0.201 AND feature_0 > 0.863 AND feature_0 > 1.379 AND feature_1 > -0.055,2.356,0.04,,,4,1.0,0.81,2.994,2.0,0.81,CF SingleTree,0.8,0.54
feature_0 > 0.201 AND feature_0 > 0.863 AND feature_0 > 1.379,2.214,0.08,,,3,0.94,0.77,2.671,1.0,0.73,CF SingleTree,0.8,0.54
feature_0 > 0.201 AND feature_0 > 0.863,2.008,0.18,,,2,0.85,0.72,2.23,1.0,0.63,CF SingleTree,0.8,0.54
feature_0 > 0.201 AND feature_0 > 0.863 AND feature_0 <= 1.379 AND feature_1 > 0.297,2.04,0.04,,,4,0.87,0.7,2.447,2.0,0.66,CF SingleTree,0.8,0.54
feature_0 > 0.201 AND feature_0 > 0.863 AND feature_0 > 1.379 AND feature_1 <= -0.055,2.039,0.04,,,4,0.87,0.7,2.271,2.0,0.61,CF SingleTree,0.8,0.54
feature_0 > 0.201 AND feature_0 > 0.863 AND feature_0 > 1.379 AND feature_1 > -0.055,2.356,0.04,,,4,1.0,1.0,2.994,2.0,1.0,CF SingleTree,1.0,0.54
feature_0 > 0.201 AND feature_0 > 0.863 AND feature_0 > 1.379,2.214,0.08,,,3,0.94,0.94,2.671,1.0,0.89,CF SingleTree,1.0,0.54
feature_0 > 0.201 AND feature_0 > 0.863 AND feature_0 <= 1.379 AND feature_1 > 0.297,2.04,0.04,,,4,0.87,0.87,2.447,2.0,0.82,CF SingleTree,1.0,0.54
feature_0 > 0.201 AND feature_0 > 0.863 AND feature_0 > 1.379 AND feature_1 <= -0.055,2.039,0.04,,,4,0.87,0.87,2.271,2.0,0.76,CF SingleTree,1.0,0.54
feature_0 > 0.201 AND feature_0 > 0.863,2.008,0.18,,,2,0.85,0.85,2.23,1.0,0.74,CF SingleTree,1.0,0.54
feature_1 > 0.346,1.276,0.47,1.21,2.48,1,0.33,0.47,1.354,1.0,0.47,CT on D,0.0,
feature_1 <= 0.346,0.497,0.42,0.9,1.39,1,0.13,0.42,0.476,1.0,0.42,CT on D,0.0,
feature_1 <= 0.346 AND feature_0 > -1.092,0.745,0.37,0.8,1.55,2,0.19,0.37,0.736,2.0,0.37,CT on D,0.0,
feature_1 <= 0.346 AND feature_0 > -1.092 AND feature_0 <= 1.835,0.688,0.36,0.77,1.46,3,0.18,0.36,0.654,2.0,0.36,CT on D,0.0,
feature_1 > 0.346 AND feature_6 > -0.35,1.193,0.3,1.22,2.42,2,0.31,0.3,1.337,2.0,0.3,CT on D,0.0,
feature_1 > 0.346,1.276,0.47,1.21,2.48,1,0.33,0.44,1.354,1.0,0.58,CT on D,0.2,
feature_1 <= 0.346,0.497,0.42,0.9,1.39,1,0.13,0.36,0.476,1.0,0.41,CT on D,0.2,
feature_1 <= 0.346 AND feature_0 > -1.092,0.745,0.37,0.8,1.55,2,0.19,0.33,0.736,2.0,0.4,CT on D,0.2,
feature_1 <= 0.346 AND feature_0 > -1.092 AND feature_0 <= 1.835,0.688,0.36,0.77,1.46,3,0.18,0.32,0.654,2.0,0.38,CT on D,0.2,
feature_1 > 0.346 AND feature_6 > -0.35,1.193,0.3,1.22,2.42,2,0.31,0.3,1.337,2.0,0.44,CT on D,0.2,
feature_1 > 0.346,1.276,0.47,1.21,2.48,1,0.33,0.42,1.354,1.0,0.46,CT on D,0.4,
feature_1 > 0.346 AND feature_6 > -0.35 AND feature_4 > -1.335 AND feature_0 > 0.64 AND feature_1 > 1.201,3.822,0.02,1.41,5.24,5,1.0,0.41,3.127,4.0,0.41,CT on D,0.4,
feature_1 > 0.346 AND feature_6 <= -0.35 AND feature_0 > 0.498 AND feature_4 > 0.372,3.699,0.02,1.7,5.4,4,0.97,0.4,2.439,4.0,0.32,CT on D,0.4,
feature_1 <= 0.346 AND feature_0 > -1.092 AND feature_0 <= 1.835 AND feature_9 > 0.731 AND feature_0 > 0.413 AND feature_6 > 0.28,3.406,0.01,-0.73,2.68,6,0.89,0.36,1.467,4.0,0.19,CT on D,0.4,
feature_1 <= 0.346 AND feature_0 > -1.092 AND feature_0 > 1.835 AND feature_6 <= 0.172,3.055,0.01,1.09,4.15,4,0.8,0.33,2.785,3.0,0.36,CT on D,0.4,
feature_1 > 0.346 AND feature_6 > -0.35 AND feature_4 > -1.335 AND feature_0 > 0.64 AND feature_1 > 1.201,3.822,0.02,1.41,5.24,5,1.0,0.61,3.127,4.0,0.61,CT on D,0.6,
feature_1 > 0.346 AND feature_6 <= -0.35 AND feature_0 > 0.498 AND feature_4 > 0.372,3.699,0.02,1.7,5.4,4,0.97,0.59,2.439,4.0,0.48,CT on D,0.6,
feature_1 <= 0.346 AND feature_0 > -1.092 AND feature_0 <= 1.835 AND feature_9 > 0.731 AND feature_0 > 0.413 AND feature_6 > 0.28,3.406,0.01,-0.73,2.68,6,0.89,0.54,1.467,4.0,0.29,CT on D,0.6,
feature_1 <= 0.346 AND feature_0 > -1.092 AND feature_0 > 1.835 AND feature_6 <= 0.172,3.055,0.01,1.09,4.15,4,0.8,0.48,2.785,3.0,0.54,CT on D,0.6,
feature_1 <= 0.346 AND feature_0 <= -1.092 AND feature_0 <= -2.081,3.047,0.01,2.63,-0.41,3,0.8,0.48,1.908,2.0,0.37,CT on D,0.6,
feature_1 > 0.346 AND feature_6 > -0.35 AND feature_4 > -1.335 AND feature_0 > 0.64 AND feature_1 > 1.201,3.822,0.02,1.41,5.24,5,1.0,0.8,3.127,4.0,0.8,CT on D,0.8,
feature_1 > 0.346 AND feature_6 <= -0.35 AND feature_0 > 0.498 AND feature_4 > 0.372,3.699,0.02,1.7,5.4,4,0.97,0.78,2.439,4.0,0.63,CT on D,0.8,
feature_1 <= 0.346 AND feature_0 > -1.092 AND feature_0 <= 1.835 AND feature_9 > 0.731 AND feature_0 > 0.413 AND feature_6 > 0.28,3.406,0.01,-0.73,2.68,6,0.89,0.71,1.467,4.0,0.38,CT on D,0.8,
feature_1 <= 0.346 AND feature_0 > -1.092 AND feature_0 > 1.835 AND feature_6 <= 0.172,3.055,0.01,1.09,4.15,4,0.8,0.64,2.785,3.0,0.71,CT on D,0.8,
feature_1 <= 0.346 AND feature_0 <= -1.092 AND feature_0 <= -2.081,3.047,0.01,2.63,-0.41,3,0.8,0.64,1.908,2.0,0.49,CT on D,0.8,
feature_1 > 0.346 AND feature_6 > -0.35 AND feature_4 > -1.335 AND feature_0 > 0.64 AND feature_1 > 1.201,3.822,0.02,1.41,5.24,5,1.0,1.0,3.127,4.0,1.0,CT on D,1.0,
feature_1 > 0.346 AND feature_6 <= -0.35 AND feature_0 > 0.498 AND feature_4 > 0.372,3.699,0.02,1.7,5.4,4,0.97,0.97,2.439,4.0,0.78,CT on D,1.0,
feature_1 <= 0.346 AND feature_0 > -1.092 AND feature_0 <= 1.835 AND feature_9 > 0.731 AND feature_0 > 0.413 AND feature_6 > 0.28,3.406,0.01,-0.73,2.68,6,0.89,0.89,1.467,4.0,0.47,CT on D,1.0,
feature_1 <= 0.346 AND feature_0 > -1.092 AND feature_0 > 1.835 AND feature_6 <= 0.172,3.055,0.01,1.09,4.15,4,0.8,0.8,2.785,3.0,0.89,CT on D,1.0,
feature_1 <= 0.346 AND feature_0 <= -1.092 AND feature_0 <= -2.081,3.047,0.01,2.63,-0.41,3,0.8,0.8,1.908,2.0,0.61,CT on D,1.0,
feature_1 <= 0.578,0.592,0.64,0.97,1.56,1,0.15,0.64,0.533,1.0,0.64,CT on P,0.0,
feature_1 <= 0.578 AND feature_4 <= 1.626,0.61,0.61,0.88,1.49,2,0.15,0.61,0.538,2.0,0.61,CT on P,0.0,
feature_1 <= 0.578 AND feature_4 <= 1.626 AND feature_0 > -1.487,0.759,0.56,0.85,1.61,3,0.19,0.56,0.686,3.0,0.56,CT on P,0.0,
feature_1 <= 0.578 AND feature_4 <= 1.626 AND feature_0 > -1.487 AND feature_0 <= 0.752,0.429,0.43,0.8,1.23,4,0.11,0.43,0.31,3.0,0.43,CT on P,0.0,
feature_1 > 0.578,1.436,0.36,1.24,2.67,1,0.36,0.36,1.477,1.0,0.36,CT on P,0.0,
feature_1 <= 0.578,0.592,0.64,0.97,1.56,1,0.15,0.54,0.533,1.0,0.58,CT on P,0.2,
feature_1 <= 0.578 AND feature_4 <= 1.626,0.61,0.61,0.88,1.49,2,0.15,0.52,0.538,2.0,0.56,CT on P,0.2,
feature_1 <= 0.578 AND feature_4 <= 1.626 AND feature_0 > -1.487,0.759,0.56,0.85,1.61,3,0.19,0.49,0.686,3.0,0.54,CT on P,0.2,
feature_1 <= 0.578 AND feature_4 <= 1.626 AND feature_0 > -1.487 AND feature_0 <= 0.752,0.429,0.43,0.8,1.23,4,0.11,0.37,0.31,3.0,0.39,CT on P,0.2,
feature_1 > 0.578,1.436,0.36,1.24,2.67,1,0.36,0.36,1.477,1.0,0.49,CT on P,0.2,
feature_1 <= 0.578,0.592,0.64,0.97,1.56,1,0.15,0.44,0.533,1.0,0.45,CT on P,0.4,
feature_1 <= 0.578 AND feature_4 <= 1.626,0.61,0.61,0.88,1.49,2,0.15,0.43,0.538,2.0,0.43,CT on P,0.4,
feature_1 <= 0.578 AND feature_4 <= 1.626 AND feature_0 > -1.487,0.759,0.56,0.85,1.61,3,0.19,0.41,0.686,3.0,0.42,CT on P,0.4,
feature_1 > 0.578 AND feature_6 <= -0.35 AND feature_0 > 0.478 AND feature_4 > 0.417,4.014,0.01,2.09,6.1,4,1.0,0.41,2.593,4.0,0.32,CT on P,0.4,
feature_1 > 0.578 AND feature_6 > -0.35 AND feature_0 > 1.408,3.816,0.02,2.02,5.83,3,0.95,0.39,3.337,3.0,0.41,CT on P,0.4,
feature_1 > 0.578 AND feature_6 <= -0.35 AND feature_0 > 0.478 AND feature_4 > 0.417,4.014,0.01,2.09,6.1,4,1.0,0.6,2.593,4.0,0.47,CT on P,0.6,
feature_1 > 0.578 AND feature_6 > -0.35 AND feature_0 > 1.408,3.816,0.02,2.02,5.83,3,0.95,0.58,3.337,3.0,0.61,CT on P,0.6,
feature_1 <= 0.578 AND feature_4 <= 1.626 AND feature_0 <= -1.487 AND feature_0 <= -2.061,3.345,0.01,2.27,-1.07,4,0.83,0.5,1.863,3.0,0.34,CT on P,0.6,
feature_1 <= 0.578 AND feature_4 <= 1.626 AND feature_0 > -1.487 AND feature_0 > 0.752 AND feature_5 > 1.219,3.2,0.02,0.34,3.54,5,0.8,0.49,1.911,4.0,0.35,CT on P,0.6,
feature_1 > 0.578 AND feature_6 > -0.35 AND feature_0 <= 1.408 AND feature_7 > 0.2 AND feature_0 > 0.606,2.965,0.02,0.98,3.95,5,0.74,0.45,2.384,4.0,0.44,CT on P,0.6,
feature_1 > 0.578 AND feature_6 <= -0.35 AND feature_0 > 0.478 AND feature_4 > 0.417,4.014,0.01,2.09,6.1,4,1.0,0.8,2.593,4.0,0.62,CT on P,0.8,
feature_1 > 0.578 AND feature_6 > -0.35 AND feature_0 > 1.408,3.816,0.02,2.02,5.83,3,0.95,0.76,3.337,3.0,0.8,CT on P,0.8,
feature_1 <= 0.578 AND feature_4 <= 1.626 AND feature_0 <= -1.487 AND feature_0 <= -2.061,3.345,0.01,2.27,-1.07,4,0.83,0.67,1.863,3.0,0.45,CT on P,0.8,
feature_1 <= 0.578 AND feature_4 <= 1.626 AND feature_0 > -1.487 AND feature_0 > 0.752 AND feature_5 > 1.219,3.2,0.02,0.34,3.54,5,0.8,0.64,1.911,4.0,0.46,CT on P,0.8,
feature_1 > 0.578 AND feature_6 > -0.35 AND feature_0 <= 1.408 AND feature_7 > 0.2 AND feature_0 > 0.606,2.965,0.02,0.98,3.95,5,0.74,0.59,2.384,4.0,0.58,CT on P,0.8,
feature_1 > 0.578 AND feature_6 <= -0.35 AND feature_0 > 0.478 AND feature_4 > 0.417,4.014,0.01,2.09,6.1,4,1.0,1.0,2.593,4.0,0.78,CT on P,1.0,
feature_1 > 0.578 AND feature_6 > -0.35 AND feature_0 > 1.408,3.816,0.02,2.02,5.83,3,0.95,0.95,3.337,3.0,1.0,CT on P,1.0,
feature_1 <= 0.578 AND feature_4 <= 1.626 AND feature_0 <= -1.487 AND feature_0 <= -2.061,3.345,0.01,2.27,-1.07,4,0.83,0.83,1.863,3.0,0.56,CT on P,1.0,
feature_1 <= 0.578 AND feature_4 <= 1.626 AND feature_0 > -1.487 AND feature_0 > 0.752 AND feature_5 > 1.219,3.2,0.02,0.34,3.54,5,0.8,0.8,1.911,4.0,0.57,CT on P,1.0,
feature_1 > 0.578 AND feature_6 > -0.35 AND feature_0 <= 1.408 AND feature_7 > 0.2 AND feature_0 > 0.606,2.965,0.02,0.98,3.95,5,0.74,0.74,2.384,4.0,0.71,CT on P,1.0,
feature_0 <= 0.933 AND feature_1 > -1.107,0.543,0.76,,,2,0.02,0.76,0.582,2.0,0.76,CF,0.0,5.39
feature_0 > -1.591,1.037,0.75,,,1,0.03,0.75,0.921,1.0,0.75,CF,0.0,5.39
feature_0 <= 1.403,0.64,0.73,,,1,0.02,0.73,0.638,1.0,0.73,CF,0.0,5.39
feature_0 <= 1.328,0.417,0.73,,,1,0.01,0.73,0.62,1.0,0.73,CF,0.0,5.39
feature_0 <= 1.354,0.455,0.73,,,1,0.01,0.73,0.627,1.0,0.73,CF,0.0,5.39
feature_0 <= 0.933 AND feature_1 > -1.107,0.543,0.76,,,2,0.02,0.61,0.582,2.0,0.73,CF,0.2,5.39
feature_0 > -1.591,1.037,0.75,,,1,0.03,0.61,0.921,1.0,0.8,CF,0.2,5.39
feature_0 <= 1.39,0.64,0.73,,,1,0.02,0.59,0.634,1.0,0.72,CF,0.2,5.39
feature_0 <= 1.403,0.64,0.73,,,1,0.02,0.59,0.638,1.0,0.72,CF,0.2,5.39
feature_0 <= 1.354,0.455,0.73,,,1,0.01,0.59,0.627,1.0,0.72,CF,0.2,5.39
feature_0 <= 0.933 AND feature_1 > -1.107,0.543,0.76,,,2,0.02,0.46,0.582,2.0,0.71,CF,0.4,5.39
feature_0 > -1.591,1.037,0.75,,,1,0.03,0.46,0.921,1.0,0.85,CF,0.4,5.39
feature_0 <= 1.39,0.64,0.73,,,1,0.02,0.45,0.634,1.0,0.71,CF,0.4,5.39
feature_0 <= 1.403,0.64,0.73,,,1,0.02,0.45,0.638,1.0,0.72,CF,0.4,5.39
feature_0 <= 1.354,0.455,0.73,,,1,0.01,0.44,0.627,1.0,0.71,CF,0.4,5.39
feature_0 <= 0.56 AND feature_1 > 0.773 AND feature_2 > 1.342 AND feature_2 > 2.366,33.388,0.0,,,4,1.0,0.6,0.928,3.0,0.6,CF,0.6,5.39
feature_0 > -1.591,1.037,0.75,,,1,0.03,0.32,0.921,1.0,0.9,CF,0.6,5.39
feature_0 <= 0.933 AND feature_1 > -1.107,0.543,0.76,,,2,0.02,0.31,0.582,2.0,0.68,CF,0.6,5.39
feature_0 <= 1.403,0.64,0.73,,,1,0.02,0.3,0.638,1.0,0.7,CF,0.6,5.39
feature_0 <= 1.39,0.64,0.73,,,1,0.02,0.3,0.634,1.0,0.7,CF,0.6,5.39
feature_0 <= 0.56 AND feature_1 > 0.773 AND feature_2 > 1.342 AND feature_2 > 2.366,33.388,0.0,,,4,1.0,0.8,0.928,3.0,0.21,CF,0.8,5.39
feature_0 <= 1.318 AND feature_0 <= -0.97 AND feature_1 > 0.779 AND feature_2 > 1.609,10.716,0.0,,,4,0.32,0.26,0.023,3.0,0.01,CF,0.8,5.39
feature_0 > 1.083 AND feature_1 > 1.452 AND feature_7 > -0.652 AND feature_3 <= 0.684,8.269,0.01,,,4,0.25,0.2,3.515,4.0,0.8,CF,0.8,5.39
feature_0 > -1.591,1.037,0.75,,,1,0.03,0.17,0.921,1.0,0.36,CF,0.8,5.39
feature_0 <= 0.933 AND feature_1 > -1.107,0.543,0.76,,,2,0.02,0.17,0.582,2.0,0.28,CF,0.8,5.39
feature_0 <= 0.56 AND feature_1 > 0.773 AND feature_2 > 1.342 AND feature_2 > 2.366,33.388,0.0,,,4,1.0,1.0,0.928,3.0,0.26,CF,1.0,5.39
feature_0 <= 1.318 AND feature_0 <= -0.97 AND feature_1 > 0.779 AND feature_2 > 1.609,10.716,0.0,,,4,0.32,0.32,0.023,3.0,0.01,CF,1.0,5.39
feature_0 > 1.083 AND feature_1 > 1.452 AND feature_7 > -0.652 AND feature_3 <= 0.684,8.269,0.01,,,4,0.25,0.25,3.515,4.0,1.0,CF,1.0,5.39
feature_0 > 0.19 AND feature_1 > 0.673 AND feature_2 <= 0.591 AND feature_4 > 1.443,6.538,0.01,,,4,0.2,0.2,2.585,4.0,0.74,CF,1.0,5.39
feature_0 > 0.915 AND feature_1 > 0.851 AND feature_5 <= -0.662 AND feature_3 > -0.64,6.239,0.01,,,4,0.19,0.19,3.067,4.0,0.87,CF,1.0,5.39
feature_0 <= 0.683,0.456,0.62,,,1,0.18,0.62,0.38,1.0,0.62,CF SingleTree,0.0,0.55
feature_0 <= 0.683 AND feature_0 > -1.072,0.591,0.52,,,2,0.23,0.52,0.65,1.0,0.52,CF SingleTree,0.0,0.55
feature_0 <= 0.683 AND feature_0 > -1.072 AND feature_1 <= 0.795,0.472,0.38,,,3,0.18,0.38,0.435,2.0,0.38,CF SingleTree,0.0,0.55
feature_0 > 0.683,1.83,0.23,,,1,0.72,0.23,2.09,1.0,0.23,CF SingleTree,0.0,0.55
feature_0 <= 0.683 AND feature_0 > -1.072 AND feature_1 <= 0.795 AND feature_0 > -0.149,0.59,0.21,,,4,0.23,0.21,0.847,2.0,0.21,CF SingleTree,0.0,0.55
feature_0 <= 0.683,0.456,0.62,,,1,0.18,0.53,0.38,1.0,0.53,CF SingleTree,0.2,0.55
feature_0 <= 0.683 AND feature_0 > -1.072,0.591,0.52,,,2,0.23,0.46,0.65,1.0,0.47,CF SingleTree,0.2,0.55
feature_0 <= 0.683 AND feature_0 > -1.072 AND feature_1 <= 0.795,0.472,0.38,,,3,0.18,0.34,0.435,2.0,0.34,CF SingleTree,0.2,0.55
feature_0 > 0.683,1.83,0.23,,,1,0.72,0.33,2.09,1.0,0.36,CF SingleTree,0.2,0.55
feature_0 > 0.683 AND feature_0 > 1.055,2.072,0.14,,,2,0.81,0.27,2.398,1.0,0.31,CF SingleTree,0.2,0.55
feature_0 <= 0.683,0.456,0.62,,,1,0.18,0.44,0.38,1.0,0.42,CF SingleTree,0.4,0.55
feature_0 > 0.683,1.83,0.23,,,1,0.72,0.42,2.09,1.0,0.39,CF SingleTree,0.4,0.55
feature_0 > 0.683 AND feature_0 > 1.055 AND feature_1 > 0.636 AND feature_0 > 1.319,2.556,0.03,,,4,1.0,0.42,3.313,2.0,0.42,CF SingleTree,0.4,0.55
feature_0 > 0.683 AND feature_0 > 1.055 AND feature_1 > 0.636,2.444,0.05,,,3,0.96,0.41,3.107,2.0,0.41,CF SingleTree,0.4,0.55
feature_0 > 0.683 AND feature_0 > 1.055,2.072,0.14,,,2,0.81,0.41,2.398,1.0,0.37,CF SingleTree,0.4,0.55
feature_0 > 0.683 AND feature_0 > 1.055 AND feature_1 > 0.636 AND feature_0 > 1.319,2.556,0.03,,,4,1.0,0.61,3.313,2.0,0.61,CF SingleTree,0.6,0.55
feature_0 > 0.683 AND feature_0 > 1.055 AND feature_1 > 0.636,2.444,0.05,,,3,0.96,0.59,3.107,2.0,0.58,CF SingleTree,0.6,0.55
feature_0 > 0.683 AND feature_0 > 1.055,2.072,0.14,,,2,0.81,0.54,2.398,1.0,0.49,CF SingleTree,0.6,0.55
feature_0 > 0.683 AND feature_0 > 1.055 AND feature_1 > 0.636 AND feature_0 <= 1.319,2.237,0.02,,,4,0.88,0.53,2.726,2.0,0.5,CF SingleTree,0.6,0.55
feature_0 > 0.683,1.83,0.23,,,1,0.72,0.52,2.09,1.0,0.47,CF SingleTree,0.6,0.55
feature_0 > 0.683 AND feature_0 > 1.055 AND feature_1 > 0.636 AND feature_0 > 1.319,2.556,0.03,,,4,1.0,0.81,3.313,2.0,0.81,CF SingleTree,0.8,0.55
feature_0 > 0.683 AND feature_0 > 1.055 AND feature_1 > 0.636,2.444,0.05,,,3,0.96,0.77,3.107,2.0,0.76,CF SingleTree,0.8,0.55
feature_0 > 0.683 AND feature_0 > 1.055 AND feature_1 > 0.636 AND feature_0 <= 1.319,2.237,0.02,,,4,0.88,0.7,2.726,2.0,0.66,CF SingleTree,0.8,0.55
feature_0 > 0.683 AND feature_0 > 1.055,2.072,0.14,,,2,0.81,0.68,2.398,1.0,0.61,CF SingleTree,0.8,0.55
feature_0 > 0.683 AND feature_0 <= 1.055 AND feature_1 > 0.782 AND feature_0 > 0.914,2.118,0.01,,,4,0.83,0.66,2.529,2.0,0.61,CF SingleTree,0.8,0.55
feature_0 > 0.683 AND feature_0 > 1.055 AND feature_1 > 0.636 AND feature_0 > 1.319,2.556,0.03,,,4,1.0,1.0,3.313,2.0,1.0,CF SingleTree,1.0,0.55
feature_0 > 0.683 AND feature_0 > 1.055 AND feature_1 > 0.636,2.444,0.05,,,3,0.96,0.96,3.107,2.0,0.94,CF SingleTree,1.0,0.55
feature_0 > 0.683 AND feature_0 > 1.055 AND feature_1 > 0.636 AND feature_0 <= 1.319,2.237,0.02,,,4,0.88,0.88,2.726,2.0,0.82,CF SingleTree,1.0,0.55
feature_0 > 0.683 AND feature_0 <= 1.055 AND feature_1 > 0.782 AND feature_0 > 0.914,2.118,0.01,,,4,0.83,0.83,2.529,2.0,0.76,CF SingleTree,1.0,0.55
feature_0 > 0.683 AND feature_0 > 1.055,2.072,0.14,,,2,0.81,0.81,2.398,1.0,0.72,CF SingleTree,1.0,0.55
feature_7 <= 1.921,0.827,0.61,1.0,1.83,1,0.19,0.61,0.825,1.0,0.61,CT on D,0.0,
feature_7 <= 1.921 AND feature_0 > -0.527,1.352,0.48,0.86,2.21,2,0.31,0.48,1.32,2.0,0.48,CT on D,0.0,
feature_7 <= 1.921 AND feature_0 > -0.527 AND feature_0 <= 2.152,1.281,0.48,0.86,2.14,3,0.29,0.48,1.272,2.0,0.48,CT on D,0.0,
feature_7 <= 1.921 AND feature_0 > -0.527 AND feature_0 <= 2.152 AND feature_1 <= 0.698,1.021,0.39,0.71,1.73,4,0.23,0.39,1.025,3.0,0.39,CT on D,0.0,
feature_7 <= 1.921 AND feature_0 > -0.527 AND feature_0 <= 2.152 AND feature_1 <= 0.698 AND feature_0 <= 1.534,0.924,0.37,0.7,1.62,5,0.21,0.37,0.933,3.0,0.37,CT on D,0.0,
feature_7 <= 1.921,0.827,0.61,1.0,1.83,1,0.19,0.53,0.825,1.0,0.61,CT on D,0.2,
feature_7 <= 1.921 AND feature_0 > -0.527,1.352,0.48,0.86,2.21,2,0.31,0.45,1.32,2.0,0.58,CT on D,0.2,
feature_7 <= 1.921 AND feature_0 > -0.527 AND feature_0 <= 2.152,1.281,0.48,0.86,2.14,3,0.29,0.44,1.272,2.0,0.58,CT on D,0.2,
feature_7 <= 1.921 AND feature_0 > -0.527 AND feature_0 <= 2.152 AND feature_1 <= 0.698,1.021,0.39,0.71,1.73,4,0.23,0.36,1.025,3.0,0.47,CT on D,0.2,
feature_7 <= 1.921 AND feature_0 > -0.527 AND feature_0 <= 2.152 AND feature_1 <= 0.698 AND feature_0 <= 1.534,0.924,0.37,0.7,1.62,5,0.21,0.34,0.933,3.0,0.44,CT on D,0.2,
feature_7 <= 1.921,0.827,0.61,1.0,1.83,1,0.19,0.44,0.825,1.0,0.47,CT on D,0.4,
feature_7 <= 1.921 AND feature_0 > -0.527,1.352,0.48,0.86,2.21,2,0.31,0.41,1.32,2.0,0.45,CT on D,0.4,
feature_7 <= 1.921 AND feature_0 > -0.527 AND feature_0 > 2.152,4.357,0.01,0.93,5.28,3,1.0,0.41,3.327,2.0,0.41,CT on D,0.4,
feature_7 <= 1.921 AND feature_0 > -0.527 AND feature_0 <= 2.152,1.281,0.48,0.86,2.14,3,0.29,0.41,1.272,2.0,0.44,CT on D,0.4,
feature_7 <= 1.921 AND feature_0 > -0.527 AND feature_0 <= 2.152 AND feature_1 <= 0.698 AND feature_0 > 1.534 AND feature_7 > 0.268,3.784,0.01,0.14,3.92,6,0.87,0.35,2.364,3.0,0.29,CT on D,0.4,
feature_7 <= 1.921 AND feature_0 > -0.527 AND feature_0 > 2.152,4.357,0.01,0.93,5.28,3,1.0,0.6,3.327,2.0,0.6,CT on D,0.6,
feature_7 <= 1.921 AND feature_0 > -0.527 AND feature_0 <= 2.152 AND feature_1 <= 0.698 AND feature_0 > 1.534 AND feature_7 > 0.268,3.784,0.01,0.14,3.92,6,0.87,0.53,2.364,3.0,0.43,CT on D,0.6,
feature_7 <= 1.921 AND feature_0 > -0.527 AND feature_0 <= 2.152 AND feature_1 > 0.698 AND feature_1 > 1.407 AND feature_2 <= 0.219,3.058,0.04,1.45,4.51,6,0.7,0.44,2.528,4.0,0.47,CT on D,0.6,
feature_7 <= 1.921 AND feature_0 > -0.527 AND feature_0 <= 2.152 AND feature_1 > 0.698 AND feature_1 > 1.407,2.666,0.06,1.7,4.36,5,0.61,0.39,2.505,3.0,0.48,CT on D,0.6,
feature_7 <= 1.921 AND feature_0 > -0.527,1.352,0.48,0.86,2.21,2,0.31,0.38,1.32,2.0,0.43,CT on D,0.6,
feature_7 <= 1.921 AND feature_0 > -0.527 AND feature_0 > 2.152,4.357,0.01,0.93,5.28,3,1.0,0.8,3.327,2.0,0.8,CT on D,0.8,
feature_7 <= 1.921 AND feature_0 > -0.527 AND feature_0 <= 2.152 AND feature_1 <= 0.698 AND feature_0 > 1.534 AND feature_7 > 0.268,3.784,0.01,0.14,3.92,6,0.87,0.7,2.364,3.0,0.57,CT on D,0.8,
feature_7 <= 1.921 AND feature_0 > -0.527 AND feature_0 <= 2.152 AND feature_1 > 0.698 AND feature_1 > 1.407 AND feature_2 <= 0.219,3.058,0.04,1.45,4.51,6,0.7,0.57,2.528,4.0,0.62,CT on D,0.8,
feature_7 <= 1.921 AND feature_0 > -0.527 AND feature_0 <= 2.152 AND feature_1 > 0.698 AND feature_1 > 1.407,2.666,0.06,1.7,4.36,5,0.61,0.5,2.505,3.0,0.61,CT on D,0.8,
feature_7 <= 1.921 AND feature_0 <= -0.527 AND feature_1 <= 0.718 AND feature_0 <= -1.982,2.674,0.02,2.19,-0.49,4,0.61,0.49,1.785,3.0,0.43,CT on D,0.8,
feature_7 <= 1.921 AND feature_0 > -0.527 AND feature_0 > 2.152,4.357,0.01,0.93,5.28,3,1.0,1.0,3.327,2.0,1.0,CT on D,1.0,
feature_7 <= 1.921 AND feature_0 > -0.527 AND feature_0 <= 2.152 AND feature_1 <= 0.698 AND feature_0 > 1.534 AND feature_7 > 0.268,3.784,0.01,0.14,3.92,6,0.87,0.87,2.364,3.0,0.71,CT on D,1.0,
feature_7 <= 1.921 AND feature_0 > -0.527 AND feature_0 <= 2.152 AND feature_1 > 0.698 AND feature_1 > 1.407 AND feature_2 <= 0.219,3.058,0.04,1.45,4.51,6,0.7,0.7,2.528,4.0,0.76,CT on D,1.0,
feature_7 <= 1.921 AND feature_0 <= -0.527 AND feature_1 <= 0.718 AND feature_0 <= -1.982,2.674,0.02,2.19,-0.49,4,0.61,0.61,1.785,3.0,0.54,CT on D,1.0,
feature_7 <= 1.921 AND feature_0 > -0.527 AND feature_0 <= 2.152 AND feature_1 > 0.698 AND feature_1 > 1.407,2.666,0.06,1.7,4.36,5,0.61,0.61,2.505,3.0,0.75,CT on D,1.0,
feature_0 > -0.803,1.169,0.79,0.88,2.05,1,0.26,0.79,1.189,1.0,0.79,CT on P,0.0,
feature_0 > -0.803 AND feature_1 <= 1.644,1.077,0.75,0.84,1.91,2,0.24,0.75,1.11,2.0,0.75,CT on P,0.0,
feature_0 > -0.803 AND feature_1 <= 1.644 AND feature_1 <= 0.401,0.852,0.51,0.65,1.51,3,0.19,0.51,0.878,2.0,0.51,CT on P,0.0,
feature_0 > -0.803 AND feature_1 <= 1.644 AND feature_1 <= 0.401 AND feature_0 > -0.425,1.062,0.43,0.58,1.64,4,0.23,0.43,1.051,2.0,0.43,CT on P,0.0,
feature_0 > -0.803 AND feature_1 <= 1.644 AND feature_1 <= 0.401 AND feature_0 > -0.425 AND feature_8 > -0.163,1.16,0.39,0.51,1.67,5,0.26,0.39,1.053,3.0,0.39,CT on P,0.0,
feature_0 > -0.803,1.169,0.79,0.88,2.05,1,0.26,0.68,1.189,1.0,0.83,CT on P,0.2,
feature_0 > -0.803 AND feature_1 <= 1.644,1.077,0.75,0.84,1.91,2,0.24,0.65,1.11,2.0,0.79,CT on P,0.2,
feature_0 > -0.803 AND feature_1 <= 1.644 AND feature_1 <= 0.401,0.852,0.51,0.65,1.51,3,0.19,0.45,0.878,2.0,0.56,CT on P,0.2,
feature_0 > -0.803 AND feature_1 <= 1.644 AND feature_1 <= 0.401 AND feature_0 > -0.425,1.062,0.43,0.58,1.64,4,0.23,0.39,1.051,2.0,0.52,CT on P,0.2,
feature_0 > -0.803 AND feature_1 <= 1.644 AND feature_1 <= 0.401 AND feature_0 > -0.425 AND feature_8 > -0.163,1.16,0.39,0.51,1.67,5,0.26,0.36,1.053,3.0,0.49,CT on P,0.2,
feature_0 > -0.803,1.169,0.79,0.88,2.05,1,0.26,0.58,1.189,1.0,0.64,CT on P,0.4,
feature_0 > -0.803 AND feature_1 <= 1.644,1.077,0.75,0.84,1.91,2,0.24,0.54,1.11,2.0,0.6,CT on P,0.4,
feature_0 > -0.803 AND feature_1 <= 1.644 AND feature_1 > 0.401 AND feature_0 > 1.147 AND feature_3 <= -0.185,4.538,0.02,0.88,5.41,5,1.0,0.41,2.892,3.0,0.41,CT on P,0.4,
feature_0 > -0.803 AND feature_1 <= 1.644 AND feature_1 <= 0.401,0.852,0.51,0.65,1.51,3,0.19,0.38,0.878,2.0,0.43,CT on P,0.4,
feature_0 > -0.803 AND feature_1 <= 1.644 AND feature_1 <= 0.401 AND feature_0 > -0.425,1.062,0.43,0.58,1.64,4,0.23,0.35,1.051,2.0,0.4,CT on P,0.4,
feature_0 > -0.803 AND feature_1 <= 1.644 AND feature_1 > 0.401 AND feature_0 > 1.147 AND feature_3 <= -0.185,4.538,0.02,0.88,5.41,5,1.0,0.61,2.892,3.0,0.6,CT on P,0.6,
feature_0 > -0.803,1.169,0.79,0.88,2.05,1,0.26,0.47,1.189,1.0,0.56,CT on P,0.6,
feature_0 > -0.803 AND feature_1 > 1.644 AND feature_4 <= -0.376,3.492,0.02,0.68,4.17,3,0.77,0.47,2.57,3.0,0.54,CT on P,0.6,
feature_0 > -0.803 AND feature_1 <= 1.644 AND feature_1 > 0.401 AND feature_0 > 1.147,3.382,0.04,1.48,4.86,4,0.75,0.46,2.908,2.0,0.62,CT on P,0.6,
feature_0 > -0.803 AND feature_1 <= 1.644,1.077,0.75,0.84,1.91,2,0.24,0.44,1.11,2.0,0.53,CT on P,0.6,
feature_0 > -0.803 AND feature_1 <= 1.644 AND feature_1 > 0.401 AND feature_0 > 1.147 AND feature_3 <= -0.185,4.538,0.02,0.88,5.41,5,1.0,0.8,2.892,3.0,0.8,CT on P,0.8,
feature_0 > -0.803 AND feature_1 > 1.644 AND feature_4 <= -0.376,3.492,0.02,0.68,4.17,3,0.77,0.62,2.57,3.0,0.71,CT on P,0.8,
feature_0 > -0.803 AND feature_1 <= 1.644 AND feature_1 > 0.401 AND feature_0 > 1.147,3.382,0.04,1.48,4.86,4,0.75,0.6,2.908,2.0,0.8,CT on P,0.8,
feature_0 > -0.803 AND feature_1 > 1.644,2.844,0.04,1.62,4.46,2,0.63,0.51,2.613,2.0,0.72,CT on P,0.8,
feature_0 > -0.803 AND feature_1 <= 1.644 AND feature_1 > 0.401 AND feature_0 > 1.147 AND feature_3 > -0.185,2.462,0.02,1.97,4.43,5,0.54,0.44,2.921,3.0,0.8,CT on P,0.8,
feature_0 > -0.803 AND feature_1 <= 1.644 AND feature_1 > 0.401 AND feature_0 > 1.147 AND feature_3 <= -0.185,4.538,0.02,0.88,5.41,5,1.0,1.0,2.892,3.0,0.99,CT on P,1.0,
feature_0 > -0.803 AND feature_1 > 1.644 AND feature_4 <= -0.376,3.492,0.02,0.68,4.17,3,0.77,0.77,2.57,3.0,0.88,CT on P,1.0,
feature_0 > -0.803 AND feature_1 <= 1.644 AND feature_1 > 0.401 AND feature_0 > 1.147,3.382,0.04,1.48,4.86,4,0.75,0.75,2.908,2.0,1.0,CT on P,1.0,
feature_0 > -0.803 AND feature_1 > 1.644,2.844,0.04,1.62,4.46,2,0.63,0.63,2.613,2.0,0.89,CT on P,1.0,
feature_0 > -0.803 AND feature_1 <= 1.644 AND feature_1 > 0.401 AND feature_0 > 1.147 AND feature_3 > -0.185,2.462,0.02,1.97,4.43,5,0.54,0.54,2.921,3.0,1.0,CT on P,1.0,
feature_0 <= 1.116 AND feature_0 > -1.332 AND feature_8 > -1.074,0.762,0.61,,,3,0.01,0.61,0.745,2.0,0.61,CF,0.0,6.35
feature_0 <= 1.481,0.73,0.6,,,1,0.01,0.6,0.676,1.0,0.6,CF,0.0,6.35
feature_0 <= 1.485,0.571,0.6,,,1,0.01,0.6,0.678,1.0,0.6,CF,0.0,6.35
feature_0 <= 1.319,0.694,0.59,,,1,0.01,0.59,0.633,1.0,0.59,CF,0.0,6.35
feature_0 <= 1.313,0.785,0.59,,,1,0.01,0.59,0.632,1.0,0.59,CF,0.0,6.35
feature_0 <= 1.116 AND feature_0 > -1.332 AND feature_8 > -1.074,0.762,0.61,,,3,0.01,0.49,0.745,2.0,0.69,CF,0.2,6.35
feature_0 <= 1.481,0.73,0.6,,,1,0.01,0.48,0.676,1.0,0.66,CF,0.2,6.35
feature_0 <= 1.485,0.571,0.6,,,1,0.01,0.48,0.678,1.0,0.66,CF,0.2,6.35
feature_0 <= 1.357,0.843,0.59,,,1,0.01,0.47,0.644,1.0,0.64,CF,0.2,6.35
feature_0 <= 1.313,0.785,0.59,,,1,0.01,0.47,0.632,1.0,0.64,CF,0.2,6.35
feature_0 <= -0.534 AND feature_9 <= -0.779 AND feature_4 > 0.979 AND feature_7 > 0.448,65.676,0.0,,,4,1.0,0.4,0.386,4.0,0.21,CF,0.4,6.35
feature_0 <= 1.116 AND feature_0 > -1.332 AND feature_8 > -1.074,0.762,0.61,,,3,0.01,0.37,0.745,2.0,0.77,CF,0.4,6.35
feature_0 <= 1.481,0.73,0.6,,,1,0.01,0.36,0.676,1.0,0.72,CF,0.4,6.35
feature_0 <= 1.485,0.571,0.6,,,1,0.01,0.36,0.678,1.0,0.72,CF,0.4,6.35
feature_0 <= 1.357,0.843,0.59,,,1,0.01,0.36,0.644,1.0,0.7,CF,0.4,6.35
feature_0 <= -0.534 AND feature_9 <= -0.779 AND feature_4 > 0.979 AND feature_7 > 0.448,65.676,0.0,,,4,1.0,0.6,0.386,4.0,0.31,CF,0.6,6.35
feature_0 <= 1.116 AND feature_0 > -1.332 AND feature_8 > -1.074,0.762,0.61,,,3,0.01,0.25,0.745,2.0,0.84,CF,0.6,6.35
feature_0 <= 1.481,0.73,0.6,,,1,0.01,0.25,0.676,1.0,0.78,CF,0.6,6.35
feature_0 <= 1.485,0.571,0.6,,,1,0.01,0.25,0.678,1.0,0.79,CF,0.6,6.35
feature_0 <= 1.357,0.843,0.59,,,1,0.01,0.24,0.644,1.0,0.75,CF,0.6,6.35
feature_0 <= -0.534 AND feature_9 <= -0.779 AND feature_4 > 0.979 AND feature_7 > 0.448,65.676,0.0,,,4,1.0,0.8,0.386,4.0,0.21,CF,0.8,6.35
feature_0 > 0.356 AND feature_0 <= 1.3 AND feature_4 > 1.246 AND feature_6 > 1.196,16.578,0.0,,,4,0.25,0.2,1.483,3.0,0.8,CF,0.8,6.35
feature_0 <= 1.116 AND feature_0 > -1.332 AND feature_8 > -1.074,0.762,0.61,,,3,0.01,0.13,0.745,2.0,0.52,CF,0.8,6.35
feature_0 > -1.102,1.243,0.57,,,1,0.02,0.13,1.07,1.0,0.69,CF,0.8,6.35
feature_0 <= 1.481,0.73,0.6,,,1,0.01,0.13,0.676,1.0,0.48,CF,0.8,6.35
feature_0 <= -0.534 AND feature_9 <= -0.779 AND feature_4 > 0.979 AND feature_7 > 0.448,65.676,0.0,,,4,1.0,1.0,0.386,4.0,0.1,CF,1.0,6.35
feature_0 > 0.356 AND feature_0 <= 1.3 AND feature_4 > 1.246 AND feature_6 > 1.196,16.578,0.0,,,4,0.25,0.25,1.483,3.0,0.4,CF,1.0,6.35
feature_0 > 1.303 AND feature_8 <= 1.46 AND feature_4 <= -1.056 AND feature_1 > 1.14,9.867,0.0,,,4,0.15,0.15,3.707,4.0,1.0,CF,1.0,6.35
feature_0 > -0.382 AND feature_1 > 1.009 AND feature_0 > 0.85 AND feature_4 <= -1.218,7.889,0.0,,,4,0.12,0.12,3.182,3.0,0.86,CF,1.0,6.35
feature_0 > 0.84 AND feature_1 > 0.832 AND feature_3 > -0.494 AND feature_2 > 1.205,7.395,0.0,,,4,0.11,0.11,2.994,4.0,0.81,CF,1.0,6.35
feature_0 <= 0.367,0.376,0.46,,,1,0.12,0.46,0.237,1.0,0.46,CF SingleTree,0.0,0.56
feature_0 <= 0.367 AND feature_0 > -0.974,0.624,0.38,,,2,0.19,0.38,0.552,1.0,0.38,CF SingleTree,0.0,0.56
feature_0 > 0.367,1.689,0.29,,,1,0.52,0.29,1.87,1.0,0.29,CF SingleTree,0.0,0.56
feature_0 > 0.367 AND feature_0 <= 1.33,1.417,0.23,,,2,0.44,0.23,1.6,1.0,0.23,CF SingleTree,0.0,0.56
feature_0 <= 0.367 AND feature_0 > -0.974 AND feature_0 > -0.264,0.783,0.22,,,3,0.24,0.22,0.864,1.0,0.22,CF SingleTree,0.0,0.56
feature_0 <= 0.367,0.376,0.46,,,1,0.12,0.39,0.237,1.0,0.39,CF SingleTree,0.2,0.56
feature_0 <= 0.367 AND feature_0 > -0.974,0.624,0.38,,,2,0.19,0.34,0.552,1.0,0.36,CF SingleTree,0.2,0.56
feature_0 > 0.367,1.689,0.29,,,1,0.52,0.34,1.87,1.0,0.43,CF SingleTree,0.2,0.56
feature_0 > 0.367 AND feature_0 <= 1.33,1.417,0.23,,,2,0.44,0.27,1.6,1.0,0.36,CF SingleTree,0.2,0.56
feature_0 > 0.367 AND feature_0 <= 1.33 AND feature_1 <= 0.806,1.268,0.19,,,3,0.39,0.23,1.385,2.0,0.3,CF SingleTree,0.2,0.56
feature_0 > 0.367 AND feature_0 > 1.33 AND feature_1 > 0.622 AND feature_1 > 1.09,3.246,0.01,,,4,1.0,0.41,3.653,2.0,0.41,CF SingleTree,0.4,0.56
feature_0 > 0.367 AND feature_0 > 1.33 AND feature_1 > 0.622,3.051,0.03,,,3,0.94,0.39,3.318,2.0,0.38,CF SingleTree,0.4,0.56
feature_0 > 0.367,1.689,0.29,,,1,0.52,0.38,1.87,1.0,0.38,CF SingleTree,0.4,0.56
feature_0 > 0.367 AND feature_0 > 1.33 AND feature_1 > 0.622 AND feature_1 <= 1.09,2.867,0.01,,,4,0.88,0.36,3.002,2.0,0.33,CF SingleTree,0.4,0.56
feature_0 > 0.367 AND feature_0 > 1.33,2.455,0.09,,,2,0.76,0.36,2.631,1.0,0.34,CF SingleTree,0.4,0.56
feature_0 > 0.367 AND feature_0 > 1.33 AND feature_1 > 0.622 AND feature_1 > 1.09,3.246,0.01,,,4,1.0,0.6,3.653,2.0,0.6,CF SingleTree,0.6,0.56
feature_0 > 0.367 AND feature_0 > 1.33 AND feature_1 > 0.622,3.051,0.03,,,3,0.94,0.58,3.318,2.0,0.56,CF SingleTree,0.6,0.56
feature_0 > 0.367 AND feature_0 > 1.33 AND feature_1 > 0.622 AND feature_1 <= 1.09,2.867,0.01,,,4,0.88,0.53,3.002,2.0,0.5,CF SingleTree,0.6,0.56
feature_0 > 0.367 AND feature_0 > 1.33,2.455,0.09,,,2,0.76,0.49,2.631,1.0,0.47,CF SingleTree,0.6,0.56
feature_0 > 0.367 AND feature_0 > 1.33 AND feature_1 <= 0.622 AND feature_0 > 1.85,2.553,0.02,,,4,0.79,0.48,2.791,2.0,0.47,CF SingleTree,0.6,0.56
feature_0 > 0.367 AND feature_0 > 1.33 AND feature_1 > 0.622 AND feature_1 > 1.09,3.246,0.01,,,4,1.0,0.8,3.653,2.0,0.8,CF SingleTree,0.8,0.56
feature_0 > 0.367 AND feature_0 > 1.33 AND feature_1 > 0.622,3.051,0.03,,,3,0.94,0.76,3.318,2.0,0.73,CF SingleTree,0.8,0.56
feature_0 > 0.367 AND feature_0 > 1.33 AND feature_1 > 0.622 AND feature_1 <= 1.09,2.867,0.01,,,4,0.88,0.71,3.002,2.0,0.66,CF SingleTree,0.8,0.56
feature_0 > 0.367 AND feature_0 > 1.33 AND feature_1 <= 0.622 AND feature_0 > 1.85,2.553,0.02,,,4,0.79,0.63,2.791,2.0,0.62,CF SingleTree,0.8,0.56
feature_0 > 0.367 AND feature_0 > 1.33,2.455,0.09,,,2,0.76,0.62,2.631,1.0,0.59,CF SingleTree,0.8,0.56
feature_0 > 0.367 AND feature_0 > 1.33 AND feature_1 > 0.622 AND feature_1 > 1.09,3.246,0.01,,,4,1.0,1.0,3.653,2.0,1.0,CF SingleTree,1.0,0.56
feature_0 > 0.367 AND feature_0 > 1.33 AND feature_1 > 0.622,3.051,0.03,,,3,0.94,0.94,3.318,2.0,0.91,CF SingleTree,1.0,0.56
feature_0 > 0.367 AND feature_0 > 1.33 AND feature_1 > 0.622 AND feature_1 <= 1.09,2.867,0.01,,,4,0.88,0.88,3.002,2.0,0.82,CF SingleTree,1.0,0.56
feature_0 > 0.367 AND feature_0 > 1.33 AND feature_1 <= 0.622 AND feature_0 > 1.85,2.553,0.02,,,4,0.79,0.79,2.791,2.0,0.76,CF SingleTree,1.0,0.56
feature_0 > 0.367 AND feature_0 > 1.33,2.455,0.09,,,2,0.76,0.76,2.631,1.0,0.72,CF SingleTree,1.0,0.56
feature_3 > -1.067,0.861,0.64,1.05,1.91,1,0.2,0.64,0.789,1.0,0.64,CT on D,0.0,
feature_3 > -1.067 AND feature_0 <= 1.225,0.629,0.58,1.02,1.65,2,0.15,0.58,0.583,2.0,0.58,CT on D,0.0,
feature_3 > -1.067 AND feature_0 <= 1.225 AND feature_0 > -0.535,1.187,0.42,0.85,2.04,3,0.28,0.42,1.066,2.0,0.42,CT on D,0.0,
feature_3 > -1.067 AND feature_0 <= 1.225 AND feature_0 > -0.535 AND feature_1 <= 0.269,0.859,0.28,0.75,1.61,4,0.2,0.28,0.731,3.0,0.28,CT on D,0.0,
feature_3 > -1.067 AND feature_0 <= 1.225 AND feature_0 > -0.535 AND feature_1 <= 0.269 AND feature_1 > -1.66,0.954,0.26,0.71,1.66,5,0.22,0.26,0.759,3.0,0.26,CT on D,0.0,
feature_3 > -1.067,0.861,0.64,1.05,1.91,1,0.2,0.55,0.789,1.0,0.66,CT on D,0.2,
feature_3 > -1.067 AND feature_0 <= 1.225,0.629,0.58,1.02,1.65,2,0.15,0.49,0.583,2.0,0.57,CT on D,0.2,
feature_3 > -1.067 AND feature_0 <= 1.225 AND feature_0 > -0.535,1.187,0.42,0.85,2.04,3,0.28,0.39,1.066,2.0,0.54,CT on D,0.2,
feature_3 > -1.067 AND feature_0 <= 1.225 AND feature_0 > -0.535 AND feature_1 <= 0.269,0.859,0.28,0.75,1.61,4,0.2,0.26,0.731,3.0,0.36,CT on D,0.2,
feature_3 > -1.067 AND feature_0 <= 1.225 AND feature_0 > -0.535 AND feature_1 <= 0.269 AND feature_1 > -1.66,0.954,0.26,0.71,1.66,5,0.22,0.25,0.759,3.0,0.35,CT on D,0.2,
feature_3 > -1.067,0.861,0.64,1.05,1.91,1,0.2,0.46,0.789,1.0,0.49,CT on D,0.4,
feature_3 > -1.067 AND feature_0 > 1.225 AND feature_1 > -1.065 AND feature_1 > 0.224 AND feature_6 <= -0.085,4.275,0.02,1.42,5.7,5,1.0,0.41,3.041,4.0,0.41,CT on D,0.4,
feature_3 > -1.067 AND feature_0 <= 1.225,0.629,0.58,1.02,1.65,2,0.15,0.41,0.583,2.0,0.42,CT on D,0.4,
feature_3 > -1.067 AND feature_0 > 1.225 AND feature_1 > -1.065 AND feature_1 > 0.224,3.658,0.04,1.74,5.4,4,0.86,0.37,3.038,3.0,0.42,CT on D,0.4,
feature_3 > -1.067 AND feature_0 <= 1.225 AND feature_0 > -0.535,1.187,0.42,0.85,2.04,3,0.28,0.36,1.066,2.0,0.39,CT on D,0.4,
feature_3 > -1.067 AND feature_0 > 1.225 AND feature_1 > -1.065 AND feature_1 > 0.224 AND feature_6 <= -0.085,4.275,0.02,1.42,5.7,5,1.0,0.61,3.041,4.0,0.61,CT on D,0.6,
feature_3 > -1.067 AND feature_0 > 1.225 AND feature_1 > -1.065 AND feature_1 > 0.224,3.658,0.04,1.74,5.4,4,0.86,0.53,3.038,3.0,0.62,CT on D,0.6,
feature_3 > -1.067 AND feature_0 > 1.225 AND feature_1 > -1.065 AND feature_1 <= 0.224 AND feature_7 <= 0.485 AND feature_7 > -0.102,3.418,0.01,0.24,3.66,6,0.8,0.48,2.265,4.0,0.45,CT on D,0.6,
feature_3 <= -1.067 AND feature_1 > -0.67 AND feature_9 <= 1.009 AND feature_1 > 0.949 AND feature_2 > -0.002,3.197,0.01,0.37,3.57,5,0.75,0.45,1.452,4.0,0.29,CT on D,0.6,
feature_3 > -1.067 AND feature_0 > 1.225 AND feature_1 > -1.065 AND feature_1 > 0.224 AND feature_6 > -0.085,3.111,0.02,2.03,5.14,5,0.73,0.44,3.035,4.0,0.61,CT on D,0.6,
feature_3 > -1.067 AND feature_0 > 1.225 AND feature_1 > -1.065 AND feature_1 > 0.224 AND feature_6 <= -0.085,4.275,0.02,1.42,5.7,5,1.0,0.8,3.041,4.0,0.8,CT on D,0.8,
feature_3 > -1.067 AND feature_0 > 1.225 AND feature_1 > -1.065 AND feature_1 > 0.224,3.658,0.04,1.74,5.4,4,0.86,0.69,3.038,3.0,0.81,CT on D,0.8,
feature_3 > -1.067 AND feature_0 > 1.225 AND feature_1 > -1.065 AND feature_1 <= 0.224 AND feature_7 <= 0.485 AND feature_7 > -0.102,3.418,0.01,0.24,3.66,6,0.8,0.64,2.265,4.0,0.6,CT on D,0.8,
feature_3 <= -1.067 AND feature_1 > -0.67 AND feature_9 <= 1.009 AND feature_1 > 0.949 AND feature_2 > -0.002,3.197,0.01,0.37,3.57,5,0.75,0.6,1.452,4.0,0.38,CT on D,0.8,
feature_3 > -1.067 AND feature_0 > 1.225 AND feature_1 > -1.065 AND feature_1 > 0.224 AND feature_6 > -0.085,3.111,0.02,2.03,5.14,5,0.73,0.59,3.035,4.0,0.8,CT on D,0.8,
feature_3 > -1.067 AND feature_0 > 1.225 AND feature_1 > -1.065 AND feature_1 > 0.224 AND feature_6 <= -0.085,4.275,0.02,1.42,5.7,5,1.0,1.0,3.041,4.0,1.0,CT on D,1.0,
feature_3 > -1.067 AND feature_0 > 1.225 AND feature_1 > -1.065 AND feature_1 > 0.224,3.658,0.04,1.74,5.4,4,0.86,0.86,3.038,3.0,1.0,CT on D,1.0,
feature_3 > -1.067 AND feature_0 > 1.225 AND feature_1 > -1.065 AND feature_1 <= 0.224 AND feature_7 <= 0.485 AND feature_7 > -0.102,3.418,0.01,0.24,3.66,6,0.8,0.8,2.265,4.0,0.74,CT on D,1.0,
feature_3 <= -1.067 AND feature_1 > -0.67 AND feature_9 <= 1.009 AND feature_1 > 0.949 AND feature_2 > -0.002,3.197,0.01,0.37,3.57,5,0.75,0.75,1.452,4.0,0.48,CT on D,1.0,
feature_3 > -1.067 AND feature_0 > 1.225 AND feature_1 > -1.065 AND feature_1 > 0.224 AND feature_6 > -0.085,3.111,0.02,2.03,5.14,5,0.73,0.73,3.035,4.0,1.0,CT on D,1.0,
feature_3 > -0.769,0.917,0.79,1.1,2.02,1,0.23,0.79,0.791,1.0,0.79,CT on P,0.0,
feature_3 > -0.769 AND feature_0 > -0.535,1.476,0.55,1.01,2.48,2,0.38,0.55,1.286,2.0,0.55,CT on P,0.0,
feature_3 > -0.769 AND feature_0 > -0.535 AND feature_1 <= 0.715,1.199,0.42,0.91,2.11,3,0.31,0.42,1.049,3.0,0.42,CT on P,0.0,
feature_3 > -0.769 AND feature_0 > -0.535 AND feature_1 <= 0.715 AND feature_0 <= 0.559,0.755,0.26,0.92,1.67,4,0.19,0.26,0.591,3.0,0.26,CT on P,0.0,
feature_3 > -0.769 AND feature_0 <= -0.535,0.401,0.23,1.32,0.92,2,0.1,0.23,0.371,2.0,0.23,CT on P,0.0,
feature_3 > -0.769,0.917,0.79,1.1,2.02,1,0.23,0.68,0.791,1.0,0.72,CT on P,0.2,
feature_3 > -0.769 AND feature_0 > -0.535,1.476,0.55,1.01,2.48,2,0.38,0.52,1.286,2.0,0.59,CT on P,0.2,
feature_3 > -0.769 AND feature_0 > -0.535 AND feature_1 <= 0.715,1.199,0.42,0.91,2.11,3,0.31,0.4,1.049,3.0,0.46,CT on P,0.2,
feature_3 > -0.769 AND feature_0 > -0.535 AND feature_1 <= 0.715 AND feature_0 <= 0.559,0.755,0.26,0.92,1.67,4,0.19,0.25,0.591,3.0,0.28,CT on P,0.2,
feature_3 > -0.769 AND feature_0 > -0.535 AND feature_1 <= 0.715 AND feature_0 > 0.559,1.871,0.17,0.9,2.77,4,0.48,0.23,1.75,3.0,0.34,CT on P,0.2,
feature_3 > -0.769,0.917,0.79,1.1,2.02,1,0.23,0.57,0.791,1.0,0.6,CT on P,0.4,
feature_3 > -0.769 AND feature_0 > -0.535,1.476,0.55,1.01,2.48,2,0.38,0.48,1.286,2.0,0.54,CT on P,0.4,
feature_3 > -0.769 AND feature_0 > -0.535 AND feature_1 > 0.715 AND feature_4 <= -0.709 AND feature_7 <= 0.122,3.928,0.02,0.22,4.15,5,1.0,0.41,2.17,5.0,0.36,CT on P,0.4,
feature_3 <= -0.769 AND feature_1 > -0.812 AND feature_4 <= 1.36 AND feature_0 > -0.195 AND feature_1 > 0.203 AND feature_0 > 0.588,3.675,0.02,0.48,4.15,6,0.94,0.39,2.495,4.0,0.41,CT on P,0.4,
feature_3 > -0.769 AND feature_0 > -0.535 AND feature_1 > 0.715 AND feature_4 <= -0.709,3.534,0.03,0.42,3.95,4,0.9,0.38,2.091,4.0,0.35,CT on P,0.4,
feature_3 > -0.769 AND feature_0 > -0.535 AND feature_1 > 0.715 AND feature_4 <= -0.709 AND feature_7 <= 0.122,3.928,0.02,0.22,4.15,5,1.0,0.61,2.17,5.0,0.53,CT on P,0.6,
feature_3 <= -0.769 AND feature_1 > -0.812 AND feature_4 <= 1.36 AND feature_0 > -0.195 AND feature_1 > 0.203 AND feature_0 > 0.588,3.675,0.02,0.48,4.15,6,0.94,0.57,2.495,4.0,0.61,CT on P,0.6,
feature_3 > -0.769 AND feature_0 > -0.535 AND feature_1 > 0.715 AND feature_4 <= -0.709,3.534,0.03,0.42,3.95,4,0.9,0.55,2.091,4.0,0.51,CT on P,0.6,
feature_3 > -0.769 AND feature_0 > -0.535 AND feature_1 > 0.715 AND feature_4 <= -0.709 AND feature_7 > 0.122,3.095,0.01,0.63,3.73,5,0.79,0.48,2.003,5.0,0.49,CT on P,0.6,
feature_3 > -0.769,0.917,0.79,1.1,2.02,1,0.23,0.46,0.791,1.0,0.51,CT on P,0.6,
feature_3 > -0.769 AND feature_0 > -0.535 AND feature_1 > 0.715 AND feature_4 <= -0.709 AND feature_7 <= 0.122,3.928,0.02,0.22,4.15,5,1.0,0.8,2.17,5.0,0.7,CT on P,0.8,
feature_3 <= -0.769 AND feature_1 > -0.812 AND feature_4 <= 1.36 AND feature_0 > -0.195 AND feature_1 > 0.203 AND feature_0 > 0.588,3.675,0.02,0.48,4.15,6,0.94,0.75,2.495,4.0,0.8,CT on P,0.8,
feature_3 > -0.769 AND feature_0 > -0.535 AND feature_1 > 0.715 AND feature_4 <= -0.709,3.534,0.03,0.42,3.95,4,0.9,0.73,2.091,4.0,0.68,CT on P,0.8,
feature_3 > -0.769 AND feature_0 > -0.535 AND feature_1 > 0.715 AND feature_4 <= -0.709 AND feature_7 > 0.122,3.095,0.01,0.63,3.73,5,0.79,0.63,2.003,5.0,0.64,CT on P,0.8,
feature_3 <= -0.769 AND feature_1 > -0.812 AND feature_4 <= 1.36 AND feature_0 > -0.195 AND feature_1 > 0.203,2.709,0.05,0.37,3.08,5,0.69,0.56,1.96,4.0,0.64,CT on P,0.8,
feature_3 > -0.769 AND feature_0 > -0.535 AND feature_1 > 0.715 AND feature_4 <= -0.709 AND feature_7 <= 0.122,3.928,0.02,0.22,4.15,5,1.0,1.0,2.17,5.0,0.87,CT on P,1.0,
feature_3 <= -0.769 AND feature_1 > -0.812 AND feature_4 <= 1.36 AND feature_0 > -0.195 AND feature_1 > 0.203 AND feature_0 > 0.588,3.675,0.02,0.48,4.15,6,0.94,0.94,2.495,4.0,1.0,CT on P,1.0,
feature_3 > -0.769 AND feature_0 > -0.535 AND feature_1 > 0.715 AND feature_4 <= -0.709,3.534,0.03,0.42,3.95,4,0.9,0.9,2.091,4.0,0.84,CT on P,1.0,
feature_3 > -0.769 AND feature_0 > -0.535 AND feature_1 > 0.715 AND feature_4 <= -0.709 AND feature_7 > 0.122,3.095,0.01,0.63,3.73,5,0.79,0.79,2.003,5.0,0.8,CT on P,1.0,
feature_3 <= -0.769 AND feature_1 > -0.812 AND feature_4 <= 1.36 AND feature_0 > -0.195 AND feature_1 > 0.203,2.709,0.05,0.37,3.08,5,0.69,0.69,1.96,4.0,0.79,CT on P,1.0,
feature_0 <= 1.17,0.696,0.65,,,1,0.03,0.65,0.575,1.0,0.65,CF,0.0,5.32
feature_0 <= 1.175,0.782,0.65,,,1,0.03,0.65,0.577,1.0,0.65,CF,0.0,5.32
feature_0 <= 1.232,0.653,0.65,,,1,0.03,0.65,0.596,1.0,0.65,CF,0.0,5.32
feature_0 <= 1.046,0.617,0.63,,,1,0.03,0.63,0.533,1.0,0.63,CF,0.0,5.32
feature_0 <= 1.009,0.4,0.63,,,1,0.02,0.63,0.517,1.0,0.63,CF,0.0,5.32
feature_0 <= 1.175,0.782,0.65,,,1,0.03,0.53,0.577,1.0,0.71,CF,0.2,5.32
feature_0 <= 1.17,0.696,0.65,,,1,0.03,0.53,0.575,1.0,0.71,CF,0.2,5.32
feature_0 <= 1.232,0.653,0.65,,,1,0.03,0.53,0.596,1.0,0.72,CF,0.2,5.32
feature_0 <= 1.046,0.617,0.63,,,1,0.03,0.51,0.533,1.0,0.68,CF,0.2,5.32
feature_0 <= 1.009,0.4,0.63,,,1,0.02,0.51,0.517,1.0,0.68,CF,0.2,5.32
feature_0 <= 1.175,0.782,0.65,,,1,0.03,0.4,0.577,1.0,0.78,CF,0.4,5.32
feature_0 <= 1.17,0.696,0.65,,,1,0.03,0.4,0.575,1.0,0.78,CF,0.4,5.32
feature_0 <= 1.232,0.653,0.65,,,1,0.03,0.4,0.596,1.0,0.79,CF,0.4,5.32
feature_0 <= 1.046 AND feature_1 <= -1.399 AND feature_9 <= 0.205 AND feature_9 <= -1.553,23.233,0.0,,,4,1.0,0.4,0.212,3.0,0.14,CF,0.4,5.32
feature_0 <= 1.046,0.617,0.63,,,1,0.03,0.39,0.533,1.0,0.74,CF,0.4,5.32
feature_0 <= 1.046 AND feature_1 <= -1.399 AND feature_9 <= 0.205 AND feature_9 <= -1.553,23.233,0.0,,,4,1.0,0.6,0.212,3.0,0.11,CF,0.6,5.32
feature_0 <= 1.175,0.782,0.65,,,1,0.03,0.28,0.577,1.0,0.56,CF,0.6,5.32
feature_0 <= 1.17,0.696,0.65,,,1,0.03,0.28,0.575,1.0,0.56,CF,0.6,5.32
feature_0 <= 1.232,0.653,0.65,,,1,0.03,0.28,0.596,1.0,0.57,CF,0.6,5.32
feature_0 > -0.791,1.206,0.6,,,1,0.05,0.27,1.165,1.0,0.84,CF,0.6,5.32
feature_0 <= 1.046 AND feature_1 <= -1.399 AND feature_9 <= 0.205 AND feature_9 <= -1.553,23.233,0.0,,,4,1.0,0.8,0.212,3.0,0.05,CF,0.8,5.32
feature_0 > 0.4 AND feature_1 > 1.2 AND feature_0 > 0.51 AND feature_8 > 0.933,9.757,0.01,,,4,0.42,0.34,2.992,3.0,0.67,CF,0.8,5.32
feature_0 > 0.003 AND feature_4 > -1.366 AND feature_1 > 1.458 AND feature_1 > 2.152,7.453,0.01,,,4,0.32,0.26,3.37,3.0,0.76,CF,0.8,5.32
feature_0 > 0.134 AND feature_1 > 0.138 AND feature_0 > 1.815 AND feature_4 <= 0.611,7.276,0.01,,,4,0.31,0.25,3.558,3.0,0.8,CF,0.8,5.32
feature_0 > 0.431 AND feature_1 > 0.719 AND feature_6 <= -1.49,6.763,0.01,,,3,0.29,0.23,2.665,3.0,0.6,CF,0.8,5.32
feature_0 <= 1.046 AND feature_1 <= -1.399 AND feature_9 <= 0.205 AND feature_9 <= -1.553,23.233,0.0,,,4,1.0,1.0,0.212,3.0,0.06,CF,1.0,5.32
feature_0 > 0.4 AND feature_1 > 1.2 AND feature_0 > 0.51 AND feature_8 > 0.933,9.757,0.01,,,4,0.42,0.42,2.992,3.0,0.84,CF,1.0,5.32
feature_0 > 0.003 AND feature_4 > -1.366 AND feature_1 > 1.458 AND feature_1 > 2.152,7.453,0.01,,,4,0.32,0.32,3.37,3.0,0.95,CF,1.0,5.32
feature_0 > 0.134 AND feature_1 > 0.138 AND feature_0 > 1.815 AND feature_4 <= 0.611,7.276,0.01,,,4,0.31,0.31,3.558,3.0,1.0,CF,1.0,5.32
feature_0 > 0.431 AND feature_1 > 0.719 AND feature_6 <= -1.49,6.763,0.01,,,3,0.29,0.29,2.665,3.0,0.75,CF,1.0,5.32
feature_0 > -0.122,1.518,0.45,,,1,0.53,0.45,1.512,1.0,0.45,CF SingleTree,0.0,0.56
feature_0 <= -0.122,0.024,0.38,,,1,0.01,0.38,0.067,1.0,0.38,CF SingleTree,0.0,0.56
feature_0 > -0.122 AND feature_1 <= 0.711,1.31,0.36,,,2,0.46,0.36,1.278,2.0,0.36,CF SingleTree,0.0,0.56
feature_0 <= -0.122 AND feature_0 <= -0.618,0.209,0.24,,,2,0.07,0.24,0.416,1.0,0.24,CF SingleTree,0.0,0.56
feature_0 > -0.122 AND feature_1 <= 0.711 AND feature_0 <= 0.786,1.091,0.24,,,3,0.38,0.24,0.876,2.0,0.24,CF SingleTree,0.0,0.56
feature_0 > -0.122,1.518,0.45,,,1,0.53,0.47,1.512,1.0,0.49,CF SingleTree,0.2,0.56
feature_0 > -0.122 AND feature_1 <= 0.711,1.31,0.36,,,2,0.46,0.38,1.278,2.0,0.4,CF SingleTree,0.2,0.56
feature_0 <= -0.122,0.024,0.38,,,1,0.01,0.31,0.067,1.0,0.31,CF SingleTree,0.2,0.56
feature_0 > -0.122 AND feature_1 <= 0.711 AND feature_0 <= 0.786,1.091,0.24,,,3,0.38,0.27,0.876,2.0,0.27,CF SingleTree,0.2,0.56
feature_0 > -0.122 AND feature_1 > 0.711,2.201,0.12,,,2,0.77,0.25,2.278,2.0,0.3,CF SingleTree,0.2,0.56
feature_0 > -0.122,1.518,0.45,,,1,0.53,0.48,1.512,1.0,0.46,CF SingleTree,0.4,0.56
feature_0 > -0.122 AND feature_1 > 0.711 AND feature_0 > 0.346 AND feature_0 > 1.185,2.855,0.03,,,4,1.0,0.42,3.243,2.0,0.42,CF SingleTree,0.4,0.56
feature_0 > -0.122 AND feature_1 <= 0.711,1.31,0.36,,,2,0.46,0.4,1.278,2.0,0.37,CF SingleTree,0.4,0.56
feature_0 > -0.122 AND feature_1 > 0.711 AND feature_0 > 0.346,2.497,0.08,,,3,0.87,0.4,2.608,2.0,0.37,CF SingleTree,0.4,0.56
feature_0 > -0.122 AND feature_1 > 0.711,2.201,0.12,,,2,0.77,0.38,2.278,2.0,0.35,CF SingleTree,0.4,0.56
feature_0 > -0.122 AND feature_1 > 0.711 AND feature_0 > 0.346 AND feature_0 > 1.185,2.855,0.03,,,4,1.0,0.61,3.243,2.0,0.61,CF SingleTree,0.6,0.56
feature_0 > -0.122 AND feature_1 > 0.711 AND feature_0 > 0.346,2.497,0.08,,,3,0.87,0.56,2.608,2.0,0.51,CF SingleTree,0.6,0.56
feature_0 > -0.122 AND feature_1 > 0.711 AND feature_0 > 0.346 AND feature_0 <= 1.185,2.323,0.06,,,4,0.81,0.51,2.299,2.0,0.45,CF SingleTree,0.6,0.56
feature_0 > -0.122 AND feature_1 > 0.711,2.201,0.12,,,2,0.77,0.51,2.278,2.0,0.47,CF SingleTree,0.6,0.56
feature_0 > -0.122,1.518,0.45,,,1,0.53,0.5,1.512,1.0,0.46,CF SingleTree,0.6,0.56
feature_0 > -0.122 AND feature_1 > 0.711 AND feature_0 > 0.346 AND feature_0 > 1.185,2.855,0.03,,,4,1.0,0.81,3.243,2.0,0.81,CF SingleTree,0.8,0.56
feature_0 > -0.122 AND feature_1 > 0.711 AND feature_0 > 0.346,2.497,0.08,,,3,0.87,0.72,2.608,2.0,0.66,CF SingleTree,0.8,0.56
feature_0 > -0.122 AND feature_1 > 0.711 AND feature_0 > 0.346 AND feature_0 <= 1.185,2.323,0.06,,,4,0.81,0.66,2.299,2.0,0.58,CF SingleTree,0.8,0.56
feature_0 > -0.122 AND feature_1 > 0.711,2.201,0.12,,,2,0.77,0.64,2.278,2.0,0.59,CF SingleTree,0.8,0.56
feature_0 > -0.122 AND feature_1 <= 0.711 AND feature_0 > 0.786 AND feature_0 > 1.884,2.115,0.02,,,4,0.74,0.6,2.82,2.0,0.7,CF SingleTree,0.8,0.56
feature_0 > -0.122 AND feature_1 > 0.711 AND feature_0 > 0.346 AND feature_0 > 1.185,2.855,0.03,,,4,1.0,1.0,3.243,2.0,1.0,CF SingleTree,1.0,0.56
feature_0 > -0.122 AND feature_1 > 0.711 AND feature_0 > 0.346,2.497,0.08,,,3,0.87,0.87,2.608,2.0,0.8,CF SingleTree,1.0,0.56
feature_0 > -0.122 AND feature_1 > 0.711 AND feature_0 > 0.346 AND feature_0 <= 1.185,2.323,0.06,,,4,0.81,0.81,2.299,2.0,0.71,CF SingleTree,1.0,0.56
feature_0 > -0.122 AND feature_1 > 0.711,2.201,0.12,,,2,0.77,0.77,2.278,2.0,0.7,CF SingleTree,1.0,0.56
feature_0 > -0.122 AND feature_1 <= 0.711 AND feature_0 > 0.786 AND feature_0 > 1.884,2.115,0.02,,,4,0.74,0.74,2.82,2.0,0.87,CF SingleTree,1.0,0.56
feature_8 <= 0.65,0.73,0.97,1.02,1.75,1,0.19,0.97,0.799,1.0,0.97,CT on D,0.0,
feature_8 <= 0.65 AND feature_0 <= 0.022,0.072,0.5,1.13,1.06,2,0.02,0.5,0.024,2.0,0.5,CT on D,0.0,
feature_8 <= 0.65 AND feature_0 > 0.022,1.582,0.48,0.91,2.49,2,0.41,0.48,1.622,2.0,0.48,CT on D,0.0,
feature_8 <= 0.65 AND feature_0 <= 0.022 AND feature_0 > -1.33,0.18,0.41,1.04,1.22,3,0.05,0.41,0.268,2.0,0.41,CT on D,0.0,
feature_8 <= 0.65 AND feature_0 > 0.022 AND feature_1 <= 0.553,1.237,0.34,0.72,1.96,3,0.32,0.34,1.328,3.0,0.34,CT on D,0.0,
feature_8 <= 0.65,0.73,0.97,1.02,1.75,1,0.19,0.81,0.799,1.0,0.87,CT on D,0.2,
feature_8 <= 0.65 AND feature_0 > 0.022,1.582,0.48,0.91,2.49,2,0.41,0.47,1.622,2.0,0.58,CT on D,0.2,
feature_8 <= 0.65 AND feature_0 <= 0.022,0.072,0.5,1.13,1.06,2,0.02,0.4,0.024,2.0,0.4,CT on D,0.2,
feature_8 <= 0.65 AND feature_0 <= 0.022 AND feature_0 > -1.33,0.18,0.41,1.04,1.22,3,0.05,0.34,0.268,2.0,0.36,CT on D,0.2,
feature_8 <= 0.65 AND feature_0 > 0.022 AND feature_1 <= 0.553,1.237,0.34,0.72,1.96,3,0.32,0.34,1.328,3.0,0.44,CT on D,0.2,
feature_8 <= 0.65,0.73,0.97,1.02,1.75,1,0.19,0.66,0.799,1.0,0.69,CT on D,0.4,
feature_8 <= 0.65 AND feature_0 > 0.022,1.582,0.48,0.91,2.49,2,0.41,0.45,1.622,2.0,0.51,CT on D,0.4,
feature_8 <= 0.65 AND feature_0 > 0.022 AND feature_1 > 0.553 AND feature_5 <= 0.639 AND feature_0 > 0.515 AND feature_1 > 0.976,3.852,0.04,1.38,5.23,6,1.0,0.42,2.927,4.0,0.42,CT on D,0.4,
feature_8 <= 0.65 AND feature_0 > 0.022 AND feature_1 > 0.553 AND feature_5 <= 0.639 AND feature_0 > 0.515,3.315,0.07,1.2,4.51,5,0.86,0.39,2.657,4.0,0.41,CT on D,0.4,
feature_8 <= 0.65 AND feature_0 > 0.022 AND feature_1 > 0.553 AND feature_5 <= 0.639,2.723,0.11,1.07,3.79,4,0.71,0.35,2.308,4.0,0.38,CT on D,0.4,
feature_8 <= 0.65 AND feature_0 > 0.022 AND feature_1 > 0.553 AND feature_5 <= 0.639 AND feature_0 > 0.515 AND feature_1 > 0.976,3.852,0.04,1.38,5.23,6,1.0,0.62,2.927,4.0,0.62,CT on D,0.6,
feature_8 <= 0.65 AND feature_0 > 0.022 AND feature_1 > 0.553 AND feature_5 <= 0.639 AND feature_0 > 0.515,3.315,0.07,1.2,4.51,5,0.86,0.54,2.657,4.0,0.57,CT on D,0.6,
feature_8 <= 0.65,0.73,0.97,1.02,1.75,1,0.19,0.5,0.799,1.0,0.55,CT on D,0.6,
feature_8 <= 0.65 AND feature_0 > 0.022 AND feature_1 > 0.553 AND feature_5 <= 0.639,2.723,0.11,1.07,3.79,4,0.71,0.47,2.308,4.0,0.52,CT on D,0.6,
feature_8 > 0.65 AND feature_0 > 0.357 AND feature_2 > -0.255 AND feature_6 <= 0.954 AND feature_1 > 0.871,2.912,0.0,1.47,4.38,5,0.76,0.45,2.539,5.0,0.52,CT on D,0.6,
feature_8 <= 0.65 AND feature_0 > 0.022 AND feature_1 > 0.553 AND feature_5 <= 0.639 AND feature_0 > 0.515 AND feature_1 > 0.976,3.852,0.04,1.38,5.23,6,1.0,0.81,2.927,4.0,0.81,CT on D,0.8,
feature_8 <= 0.65 AND feature_0 > 0.022 AND feature_1 > 0.553 AND feature_5 <= 0.639 AND feature_0 > 0.515,3.315,0.07,1.2,4.51,5,0.86,0.7,2.657,4.0,0.74,CT on D,0.8,
feature_8 > 0.65 AND feature_0 > 0.357 AND feature_2 > -0.255 AND feature_6 <= 0.954 AND feature_1 > 0.871,2.912,0.0,1.47,4.38,5,0.76,0.6,2.539,5.0,0.69,CT on D,0.8,
feature_8 <= 0.65 AND feature_0 > 0.022 AND feature_1 > 0.553 AND feature_5 <= 0.639,2.723,0.11,1.07,3.79,4,0.71,0.59,2.308,4.0,0.65,CT on D,0.8,
feature_8 > 0.65 AND feature_0 > 0.357 AND feature_2 > -0.255 AND feature_6 > 0.954,2.694,0.0,0.18,2.87,4,0.7,0.56,1.9,4.0,0.52,CT on D,0.8,
feature_8 <= 0.65 AND feature_0 > 0.022 AND feature_1 > 0.553 AND feature_5 <= 0.639 AND feature_0 > 0.515 AND feature_1 > 0.976,3.852,0.04,1.38,5.23,6,1.0,1.0,2.927,4.0,1.0,CT on D,1.0,
feature_8 <= 0.65 AND feature_0 > 0.022 AND feature_1 > 0.553 AND feature_5 <= 0.639 AND feature_0 > 0.515,3.315,0.07,1.2,4.51,5,0.86,0.86,2.657,4.0,0.91,CT on D,1.0,
feature_8 > 0.65 AND feature_0 > 0.357 AND feature_2 > -0.255 AND feature_6 <= 0.954 AND feature_1 > 0.871,2.912,0.0,1.47,4.38,5,0.76,0.76,2.539,5.0,0.87,CT on D,1.0,
feature_8 <= 0.65 AND feature_0 > 0.022 AND feature_1 > 0.553 AND feature_5 <= 0.639,2.723,0.11,1.07,3.79,4,0.71,0.71,2.308,4.0,0.79,CT on D,1.0,
feature_8 > 0.65 AND feature_0 > 0.357 AND feature_2 > -0.255 AND feature_6 > 0.954,2.694,0.0,0.18,2.87,4,0.7,0.7,1.9,4.0,0.65,CT on D,1.0,
feature_4 > -2.059,0.746,0.98,1.02,1.76,1,0.15,0.98,0.805,1.0,0.98,CT on P,0.0,
feature_4 > -2.059 AND feature_0 <= 0.857,0.374,0.79,1.05,1.42,2,0.07,0.79,0.465,2.0,0.79,CT on P,0.0,
feature_4 > -2.059 AND feature_0 <= 0.857 AND feature_0 > -0.806,0.748,0.59,0.94,1.69,3,0.15,0.59,0.836,2.0,0.59,CT on P,0.0,
feature_4 > -2.059 AND feature_0 <= 0.857 AND feature_0 > -0.806 AND feature_1 <= 0.76,0.459,0.45,0.88,1.34,4,0.09,0.45,0.604,3.0,0.45,CT on P,0.0,
feature_4 > -2.059 AND feature_0 <= 0.857 AND feature_0 > -0.806 AND feature_1 <= 0.76 AND feature_0 > 0.019,0.954,0.23,0.71,1.66,5,0.19,0.23,0.985,3.0,0.23,CT on P,0.0,
feature_4 > -2.059,0.746,0.98,1.02,1.76,1,0.15,0.81,0.805,1.0,0.86,CT on P,0.2,
feature_4 > -2.059 AND feature_0 <= 0.857,0.374,0.79,1.05,1.42,2,0.07,0.65,0.465,2.0,0.67,CT on P,0.2,
feature_4 > -2.059 AND feature_0 <= 0.857 AND feature_0 > -0.806,0.748,0.59,0.94,1.69,3,0.15,0.5,0.836,2.0,0.55,CT on P,0.2,
feature_4 > -2.059 AND feature_0 <= 0.857 AND feature_0 > -0.806 AND feature_1 <= 0.76,0.459,0.45,0.88,1.34,4,0.09,0.38,0.604,3.0,0.41,CT on P,0.2,
feature_4 > -2.059 AND feature_0 > 0.857,2.321,0.19,0.9,3.22,2,0.46,0.24,2.248,2.0,0.35,CT on P,0.2,
feature_4 > -2.059,0.746,0.98,1.02,1.76,1,0.15,0.65,0.805,1.0,0.69,CT on P,0.4,
feature_4 > -2.059 AND feature_0 <= 0.857,0.374,0.79,1.05,1.42,2,0.07,0.5,0.465,2.0,0.53,CT on P,0.4,
feature_4 > -2.059 AND feature_0 <= 0.857 AND feature_0 > -0.806,0.748,0.59,0.94,1.69,3,0.15,0.41,0.836,2.0,0.46,CT on P,0.4,
feature_4 > -2.059 AND feature_0 > 0.857 AND feature_1 > 0.988 AND feature_8 <= -0.337,5.029,0.02,1.46,6.49,4,1.0,0.41,3.234,4.0,0.41,CT on P,0.4,
feature_4 > -2.059 AND feature_0 > 0.857 AND feature_1 > 0.988,4.111,0.03,1.62,5.73,3,0.82,0.34,3.181,3.0,0.41,CT on P,0.4,
feature_4 > -2.059 AND feature_0 > 0.857 AND feature_1 > 0.988 AND feature_8 <= -0.337,5.029,0.02,1.46,6.49,4,1.0,0.61,3.234,4.0,0.61,CT on P,0.6,
feature_4 > -2.059 AND feature_0 > 0.857 AND feature_1 > 0.988,4.111,0.03,1.62,5.73,3,0.82,0.5,3.181,3.0,0.6,CT on P,0.6,
feature_4 > -2.059,0.746,0.98,1.02,1.76,1,0.15,0.48,0.805,1.0,0.54,CT on P,0.6,
feature_4 > -2.059 AND feature_0 <= 0.857 AND feature_0 > -0.806 AND feature_1 > 0.76 AND feature_5 <= 0.637 AND feature_0 > 0.561,3.466,0.01,1.14,4.61,6,0.69,0.42,2.303,4.0,0.43,CT on P,0.6,
feature_4 > -2.059 AND feature_0 > 0.857 AND feature_1 > 0.988 AND feature_8 > -0.337,3.281,0.02,1.76,5.04,4,0.65,0.4,3.154,4.0,0.59,CT on P,0.6,
feature_4 > -2.059 AND feature_0 > 0.857 AND feature_1 > 0.988 AND feature_8 <= -0.337,5.029,0.02,1.46,6.49,4,1.0,0.8,3.234,4.0,0.8,CT on P,0.8,
feature_4 > -2.059 AND feature_0 > 0.857 AND feature_1 > 0.988,4.111,0.03,1.62,5.73,3,0.82,0.66,3.181,3.0,0.79,CT on P,0.8,
feature_4 > -2.059 AND feature_0 <= 0.857 AND feature_0 > -0.806 AND feature_1 > 0.76 AND feature_5 <= 0.637 AND feature_0 > 0.561,3.466,0.01,1.14,4.61,6,0.69,0.55,2.303,4.0,0.57,CT on P,0.8,
feature_4 > -2.059 AND feature_0 > 0.857 AND feature_1 > 0.988 AND feature_8 > -0.337,3.281,0.02,1.76,5.04,4,0.65,0.53,3.154,4.0,0.78,CT on P,0.8,
feature_4 > -2.059 AND feature_0 <= 0.857 AND feature_0 <= -0.806 AND feature_1 <= -0.975 AND feature_5 <= -0.019,2.921,0.02,2.35,-0.57,5,0.58,0.47,1.118,4.0,0.28,CT on P,0.8,
feature_4 > -2.059 AND feature_0 > 0.857 AND feature_1 > 0.988 AND feature_8 <= -0.337,5.029,0.02,1.46,6.49,4,1.0,1.0,3.234,4.0,1.0,CT on P,1.0,
feature_4 > -2.059 AND feature_0 > 0.857 AND feature_1 > 0.988,4.111,0.03,1.62,5.73,3,0.82,0.82,3.181,3.0,0.98,CT on P,1.0,
feature_4 > -2.059 AND feature_0 <= 0.857 AND feature_0 > -0.806 AND feature_1 > 0.76 AND feature_5 <= 0.637 AND feature_0 > 0.561,3.466,0.01,1.14,4.61,6,0.69,0.69,2.303,4.0,0.71,CT on P,1.0,
feature_4 > -2.059 AND feature_0 > 0.857 AND feature_1 > 0.988 AND feature_8 > -0.337,3.281,0.02,1.76,5.04,4,0.65,0.65,3.154,4.0,0.98,CT on P,1.0,
feature_4 > -2.059 AND feature_0 <= 0.857 AND feature_0 <= -0.806 AND feature_1 <= -0.975 AND feature_5 <= -0.019,2.921,0.02,2.35,-0.57,5,0.58,0.58,1.118,4.0,0.35,CT on P,1.0,
feature_0 <= 1.373,0.357,0.67,,,1,0.01,0.67,0.631,1.0,0.67,CF,0.0,7.7
feature_0 <= 1.153,0.627,0.65,,,1,0.01,0.65,0.566,1.0,0.65,CF,0.0,7.7
feature_0 <= 1.237,0.479,0.65,,,1,0.01,0.65,0.588,1.0,0.65,CF,0.0,7.7
feature_0 <= 1.159,0.518,0.65,,,1,0.01,0.65,0.568,1.0,0.65,CF,0.0,7.7
feature_0 > -1.079,0.891,0.64,,,1,0.02,0.64,1.071,1.0,0.64,CF,0.0,7.7
feature_0 <= 1.373,0.357,0.67,,,1,0.01,0.54,0.631,1.0,0.65,CF,0.2,7.7
feature_0 <= 1.153,0.627,0.65,,,1,0.01,0.52,0.566,1.0,0.63,CF,0.2,7.7
feature_0 <= 1.159,0.518,0.65,,,1,0.01,0.52,0.568,1.0,0.63,CF,0.2,7.7
feature_0 <= 1.237,0.479,0.65,,,1,0.01,0.52,0.588,1.0,0.63,CF,0.2,7.7
feature_0 > -1.079,0.891,0.64,,,1,0.02,0.52,1.071,1.0,0.71,CF,0.2,7.7
feature_0 <= 1.373,0.357,0.67,,,1,0.01,0.4,0.631,1.0,0.46,CF,0.4,7.7
feature_0 > 0.463 AND feature_1 > 0.986 AND feature_1 > 2.122 AND feature_0 > 1.48,58.161,0.0,,,4,1.0,0.4,4.46,2.0,0.4,CF,0.4,7.7
feature_0 <= 1.153,0.627,0.65,,,1,0.01,0.39,0.566,1.0,0.44,CF,0.4,7.7
feature_0 <= 1.159,0.518,0.65,,,1,0.01,0.39,0.568,1.0,0.44,CF,0.4,7.7
feature_0 <= 1.237,0.479,0.65,,,1,0.01,0.39,0.588,1.0,0.44,CF,0.4,7.7
feature_0 > 0.463 AND feature_1 > 0.986 AND feature_1 > 2.122 AND feature_0 > 1.48,58.161,0.0,,,4,1.0,0.6,4.46,2.0,0.6,CF,0.6,7.7
feature_0 <= 1.373,0.357,0.67,,,1,0.01,0.27,0.631,1.0,0.35,CF,0.6,7.7
feature_0 <= 1.153,0.627,0.65,,,1,0.01,0.27,0.566,1.0,0.34,CF,0.6,7.7
feature_0 <= 1.159,0.518,0.65,,,1,0.01,0.27,0.568,1.0,0.34,CF,0.6,7.7
feature_0 > -1.079,0.891,0.64,,,1,0.02,0.27,1.071,1.0,0.4,CF,0.6,7.7
feature_0 > 0.463 AND feature_1 > 0.986 AND feature_1 > 2.122 AND feature_0 > 1.48,58.161,0.0,,,4,1.0,0.8,4.46,2.0,0.8,CF,0.8,7.7
feature_0 > -0.054 AND feature_1 > 1.565 AND feature_8 <= -0.44 AND feature_0 > 0.964,23.367,0.0,,,4,0.4,0.32,3.699,3.0,0.66,CF,0.8,7.7
feature_0 > 0.637 AND feature_1 > 1.539 AND feature_8 <= -0.23 AND feature_7 <= -0.178,13.774,0.0,,,4,0.24,0.19,3.5,4.0,0.63,CF,0.8,7.7
feature_0 > -0.986,1.132,0.63,,,1,0.02,0.14,1.103,1.0,0.32,CF,0.8,7.7
feature_0 > -1.079,0.891,0.64,,,1,0.02,0.14,1.071,1.0,0.32,CF,0.8,7.7
feature_0 > 0.463 AND feature_1 > 0.986 AND feature_1 > 2.122 AND feature_0 > 1.48,58.161,0.0,,,4,1.0,1.0,4.46,2.0,1.0,CF,1.0,7.7
feature_0 > -0.054 AND feature_1 > 1.565 AND feature_8 <= -0.44 AND feature_0 > 0.964,23.367,0.0,,,4,0.4,0.4,3.699,3.0,0.83,CF,1.0,7.7
feature_0 > 0.637 AND feature_1 > 1.539 AND feature_8 <= -0.23 AND feature_7 <= -0.178,13.774,0.0,,,4,0.24,0.24,3.5,4.0,0.78,CF,1.0,7.7
feature_0 > -0.054 AND feature_1 > 1.565 AND feature_8 <= -0.44,9.308,0.01,,,3,0.16,0.16,2.94,3.0,0.66,CF,1.0,7.7
feature_0 > 0.363 AND feature_1 > 1.547 AND feature_7 > -0.273 AND feature_8 <= -0.434,7.71,0.01,,,4,0.13,0.13,3.236,4.0,0.73,CF,1.0,7.7
feature_0 <= 0.038,0.117,0.43,,,1,0.05,0.43,0.034,1.0,0.43,CF SingleTree,0.0,0.64
feature_0 > 0.038,1.385,0.4,,,1,0.57,0.4,1.635,1.0,0.4,CF SingleTree,0.0,0.64
feature_0 <= 0.038 AND feature_0 > -0.859,0.337,0.29,,,2,0.14,0.29,0.442,1.0,0.29,CF SingleTree,0.0,0.64
feature_0 > 0.038 AND feature_0 > 0.477,1.618,0.27,,,2,0.67,0.27,1.955,1.0,0.27,CF SingleTree,0.0,0.64
feature_0 > 0.038 AND feature_0 > 0.477 AND feature_1 <= 0.825,1.492,0.22,,,3,0.62,0.22,1.723,2.0,0.22,CF SingleTree,0.0,0.64
feature_0 > 0.038,1.385,0.4,,,1,0.57,0.43,1.635,1.0,0.49,CF SingleTree,0.2,0.64
feature_0 <= 0.038,0.117,0.43,,,1,0.05,0.35,0.034,1.0,0.35,CF SingleTree,0.2,0.64
feature_0 > 0.038 AND feature_0 > 0.477,1.618,0.27,,,2,0.67,0.35,1.955,1.0,0.42,CF SingleTree,0.2,0.64
feature_0 > 0.038 AND feature_0 > 0.477 AND feature_1 <= 0.825,1.492,0.22,,,3,0.62,0.3,1.723,2.0,0.35,CF SingleTree,0.2,0.64
feature_0 <= 0.038 AND feature_0 > -0.859,0.337,0.29,,,2,0.14,0.26,0.442,1.0,0.28,CF SingleTree,0.2,0.64
feature_0 > 0.038,1.385,0.4,,,1,0.57,0.47,1.635,1.0,0.44,CF SingleTree,0.4,0.64
feature_0 > 0.038 AND feature_0 > 0.477,1.618,0.27,,,2,0.67,0.43,1.955,1.0,0.4,CF SingleTree,0.4,0.64
feature_0 > 0.038 AND feature_0 > 0.477 AND feature_1 > 0.825 AND feature_1 > 1.539,2.422,0.02,,,4,1.0,0.41,3.303,2.0,0.41,CF SingleTree,0.4,0.64
feature_0 > 0.038 AND feature_0 > 0.477 AND feature_1 > 0.825,2.065,0.07,,,3,0.85,0.38,2.776,2.0,0.38,CF SingleTree,0.4,0.64
feature_0 > 0.038 AND feature_0 > 0.477 AND feature_1 <= 0.825,1.492,0.22,,,3,0.62,0.38,1.723,2.0,0.34,CF SingleTree,0.4,0.64
feature_0 > 0.038 AND feature_0 > 0.477 AND feature_1 > 0.825 AND feature_1 > 1.539,2.422,0.02,,,4,1.0,0.61,3.303,2.0,0.61,CF SingleTree,0.6,0.64
feature_0 > 0.038 AND feature_0 > 0.477 AND feature_1 > 0.825,2.065,0.07,,,3,0.85,0.54,2.776,2.0,0.53,CF SingleTree,0.6,0.64
feature_0 > 0.038 AND feature_0 > 0.477,1.618,0.27,,,2,0.67,0.51,1.955,1.0,0.46,CF SingleTree,0.6,0.64
feature_0 > 0.038,1.385,0.4,,,1,0.57,0.5,1.635,1.0,0.46,CF SingleTree,0.6,0.64
feature_0 > 0.038 AND feature_0 > 0.477 AND feature_1 > 0.825 AND feature_1 <= 1.539,1.919,0.05,,,4,0.79,0.5,2.56,2.0,0.49,CF SingleTree,0.6,0.64
feature_0 > 0.038 AND feature_0 > 0.477 AND feature_1 > 0.825 AND feature_1 > 1.539,2.422,0.02,,,4,1.0,0.8,3.303,2.0,0.8,CF SingleTree,0.8,0.64
feature_0 > 0.038 AND feature_0 > 0.477 AND feature_1 > 0.825,2.065,0.07,,,3,0.85,0.7,2.776,2.0,0.69,CF SingleTree,0.8,0.64
feature_0 > 0.038 AND feature_0 > 0.477 AND feature_1 > 0.825 AND feature_1 <= 1.539,1.919,0.05,,,4,0.79,0.64,2.56,2.0,0.63,CF SingleTree,0.8,0.64
feature_0 > 0.038 AND feature_0 > 0.477,1.618,0.27,,,2,0.67,0.59,1.955,1.0,0.53,CF SingleTree,0.8,0.64
feature_0 > 0.038 AND feature_0 > 0.477 AND feature_1 <= 0.825 AND feature_0 > 1.206,1.693,0.09,,,4,0.7,0.58,2.286,2.0,0.57,CF SingleTree,0.8,0.64
feature_0 > 0.038 AND feature_0 > 0.477 AND feature_1 > 0.825 AND feature_1 > 1.539,2.422,0.02,,,4,1.0,1.0,3.303,2.0,1.0,CF SingleTree,1.0,0.64
feature_0 > 0.038 AND feature_0 > 0.477 AND feature_1 > 0.825,2.065,0.07,,,3,0.85,0.85,2.776,2.0,0.84,CF SingleTree,1.0,0.64
feature_0 > 0.038 AND feature_0 > 0.477 AND feature_1 > 0.825 AND feature_1 <= 1.539,1.919,0.05,,,4,0.79,0.79,2.56,2.0,0.78,CF SingleTree,1.0,0.64
feature_0 > 0.038 AND feature_0 > 0.477 AND feature_1 <= 0.825 AND feature_0 > 1.206,1.693,0.09,,,4,0.7,0.7,2.286,2.0,0.69,CF SingleTree,1.0,0.64
feature_0 > 0.038 AND feature_0 > 0.477,1.618,0.27,,,2,0.67,0.67,1.955,1.0,0.59,CF SingleTree,1.0,0.64
feature_3 > -0.33 AND feature_3 <= 2.258 AND feature_0 <= -0.535,0.303,0.43,1.41,1.11,3,0.1,0.43,0.369,2.0,0.43,CT on D,0.0,
feature_3 > -0.33,0.766,0.34,1.24,2.01,1,0.24,0.34,0.815,1.0,0.34,CT on D,0.0,
feature_3 > -0.33 AND feature_3 <= 2.258,0.781,0.34,1.19,1.98,2,0.25,0.34,0.817,1.0,0.34,CT on D,0.0,
feature_3 > -0.33 AND feature_3 <= 2.258 AND feature_0 <= -0.535 AND feature_1 > -0.506,0.014,0.3,1.34,1.33,4,0.0,0.3,0.147,3.0,0.3,CT on D,0.0,
feature_3 <= -0.33,0.869,0.25,0.52,1.39,1,0.28,0.25,0.818,1.0,0.25,CT on D,0.0,
feature_3 > -0.33 AND feature_3 <= 2.258 AND feature_0 <= -0.535,0.303,0.43,1.41,1.11,3,0.1,0.36,0.369,2.0,0.43,CT on D,0.2,
feature_3 > -0.33 AND feature_3 <= 2.258,0.781,0.34,1.19,1.98,2,0.25,0.32,0.817,1.0,0.47,CT on D,0.2,
feature_3 > -0.33,0.766,0.34,1.24,2.01,1,0.24,0.32,0.815,1.0,0.47,CT on D,0.2,
feature_3 <= -0.33,0.869,0.25,0.52,1.39,1,0.28,0.26,0.818,1.0,0.4,CT on D,0.2,
feature_3 > -0.33 AND feature_3 <= 2.258 AND feature_0 <= -0.535 AND feature_1 > -0.506,0.014,0.3,1.34,1.33,4,0.0,0.24,0.147,3.0,0.28,CT on D,0.2,
feature_3 <= -0.33 AND feature_2 <= 0.394 AND feature_5 <= 0.669 AND feature_0 > -1.05 AND feature_0 > 0.344 AND feature_3 <= -1.291,3.135,0.0,-0.03,3.1,6,1.0,0.4,1.864,4.0,0.4,CT on D,0.4,
feature_3 <= -0.33 AND feature_2 <= 0.394 AND feature_5 <= 0.669 AND feature_0 <= -1.05 AND feature_6 <= -0.32,2.483,0.02,1.32,-1.16,5,0.79,0.33,0.69,5.0,0.16,CT on D,0.4,
feature_3 > -0.33 AND feature_3 <= 2.258,0.781,0.34,1.19,1.98,2,0.25,0.3,0.817,1.0,0.38,CT on D,0.4,
feature_3 > -0.33,0.766,0.34,1.24,2.01,1,0.24,0.3,0.815,1.0,0.38,CT on D,0.4,
feature_3 > -0.33 AND feature_3 <= 2.258 AND feature_0 <= -0.535,0.303,0.43,1.41,1.11,3,0.1,0.3,0.369,2.0,0.34,CT on D,0.4,
feature_3 <= -0.33 AND feature_2 <= 0.394 AND feature_5 <= 0.669 AND feature_0 > -1.05 AND feature_0 > 0.344 AND feature_3 <= -1.291,3.135,0.0,-0.03,3.1,6,1.0,0.6,1.864,4.0,0.6,CT on D,0.6,
feature_3 <= -0.33 AND feature_2 <= 0.394 AND feature_5 <= 0.669 AND feature_0 <= -1.05 AND feature_6 <= -0.32,2.483,0.02,1.32,-1.16,5,0.79,0.48,0.69,5.0,0.23,CT on D,0.6,
feature_3 <= -0.33 AND feature_2 <= 0.394 AND feature_5 > 0.669 AND feature_2 > -0.869 AND feature_0 > -0.739 AND feature_0 > -0.055,2.203,0.0,0.34,2.55,6,0.7,0.42,1.688,4.0,0.54,CT on D,0.6,
feature_3 > -0.33 AND feature_3 <= 2.258 AND feature_0 <= -0.535 AND feature_1 <= -0.506 AND feature_8 <= -0.179 AND feature_8 > -0.868,2.063,0.03,2.49,0.43,6,0.66,0.41,0.938,4.0,0.31,CT on D,0.6,
feature_3 <= -0.33 AND feature_2 <= 0.394 AND feature_5 <= 0.669 AND feature_0 > -1.05 AND feature_0 > 0.344,2.11,0.0,0.35,2.46,5,0.67,0.4,1.841,4.0,0.59,CT on D,0.6,
feature_3 <= -0.33 AND feature_2 <= 0.394 AND feature_5 <= 0.669 AND feature_0 > -1.05 AND feature_0 > 0.344 AND feature_3 <= -1.291,3.135,0.0,-0.03,3.1,6,1.0,0.8,1.864,4.0,0.8,CT on D,0.8,
feature_3 <= -0.33 AND feature_2 <= 0.394 AND feature_5 <= 0.669 AND feature_0 <= -1.05 AND feature_6 <= -0.32,2.483,0.02,1.32,-1.16,5,0.79,0.64,0.69,5.0,0.3,CT on D,0.8,
feature_3 <= -0.33 AND feature_2 <= 0.394 AND feature_5 > 0.669 AND feature_2 > -0.869 AND feature_0 > -0.739 AND feature_0 > -0.055,2.203,0.0,0.34,2.55,6,0.7,0.56,1.688,4.0,0.72,CT on D,0.8,
feature_3 <= -0.33 AND feature_2 <= 0.394 AND feature_5 <= 0.669 AND feature_0 > -1.05 AND feature_0 > 0.344,2.11,0.0,0.35,2.46,5,0.67,0.54,1.841,4.0,0.79,CT on D,0.8,
feature_3 > -0.33 AND feature_3 <= 2.258 AND feature_0 <= -0.535 AND feature_1 <= -0.506 AND feature_8 <= -0.179 AND feature_8 > -0.868,2.063,0.03,2.49,0.43,6,0.66,0.53,0.938,4.0,0.41,CT on D,0.8,
feature_3 <= -0.33 AND feature_2 <= 0.394 AND feature_5 <= 0.669 AND feature_0 > -1.05 AND feature_0 > 0.344 AND feature_3 <= -1.291,3.135,0.0,-0.03,3.1,6,1.0,1.0,1.864,4.0,1.0,CT on D,1.0,
feature_3 <= -0.33 AND feature_2 <= 0.394 AND feature_5 <= 0.669 AND feature_0 <= -1.05 AND feature_6 <= -0.32,2.483,0.02,1.32,-1.16,5,0.79,0.79,0.69,5.0,0.37,CT on D,1.0,
feature_3 <= -0.33 AND feature_2 <= 0.394 AND feature_5 > 0.669 AND feature_2 > -0.869 AND feature_0 > -0.739 AND feature_0 > -0.055,2.203,0.0,0.34,2.55,6,0.7,0.7,1.688,4.0,0.91,CT on D,1.0,
feature_3 <= -0.33 AND feature_2 <= 0.394 AND feature_5 <= 0.669 AND feature_0 > -1.05 AND feature_0 > 0.344,2.11,0.0,0.35,2.46,5,0.67,0.67,1.841,4.0,0.99,CT on D,1.0,
feature_3 > -0.33 AND feature_3 <= 2.258 AND feature_0 <= -0.535 AND feature_1 <= -0.506 AND feature_8 <= -0.179 AND feature_8 > -0.868,2.063,0.03,2.49,0.43,6,0.66,0.66,0.938,4.0,0.5,CT on D,1.0,
feature_3 > -0.33,0.033,0.63,1.31,1.28,1,0.01,0.63,0.815,1.0,0.63,CT on P,0.0,
feature_3 > -0.33 AND feature_4 > -1.57,0.082,0.59,1.39,1.31,2,0.03,0.59,0.814,2.0,0.59,CT on P,0.0,
feature_3 <= -0.33,0.14,0.37,0.61,0.47,1,0.06,0.37,0.818,1.0,0.37,CT on P,0.0,
feature_3 > -0.33 AND feature_4 > -1.57 AND feature_0 <= -0.664,0.481,0.35,1.58,1.1,3,0.2,0.35,0.469,3.0,0.35,CT on P,0.0,
feature_3 <= -0.33 AND feature_5 <= 0.736,0.022,0.29,0.53,0.51,2,0.01,0.29,0.788,2.0,0.29,CT on P,0.0,
feature_3 > -0.33,0.033,0.63,1.31,1.28,1,0.01,0.51,0.815,1.0,0.63,CT on P,0.2,
feature_3 > -0.33 AND feature_4 > -1.57,0.082,0.59,1.39,1.31,2,0.03,0.48,0.814,2.0,0.6,CT on P,0.2,
feature_3 > -0.33 AND feature_4 > -1.57 AND feature_0 <= -0.664,0.481,0.35,1.58,1.1,3,0.2,0.32,0.469,3.0,0.36,CT on P,0.2,
feature_3 <= -0.33,0.14,0.37,0.61,0.47,1,0.06,0.31,0.818,1.0,0.43,CT on P,0.2,
feature_3 > -0.33 AND feature_4 > -1.57 AND feature_0 > -0.664,0.507,0.24,1.1,1.6,3,0.21,0.23,1.247,3.0,0.39,CT on P,0.2,
feature_3 <= -0.33 AND feature_5 <= 0.736 AND feature_5 > -1.199 AND feature_0 <= -0.791 AND feature_6 <= -0.604,2.359,0.03,1.76,-0.6,5,1.0,0.42,0.572,4.0,0.27,CT on P,0.4,
feature_3 > -0.33,0.033,0.63,1.31,1.28,1,0.01,0.38,0.815,1.0,0.73,CT on P,0.4,
feature_3 > -0.33 AND feature_4 > -1.57,0.082,0.59,1.39,1.31,2,0.03,0.37,0.814,2.0,0.71,CT on P,0.4,
feature_3 > -0.33 AND feature_4 > -1.57 AND feature_0 <= -0.664 AND feature_1 > -0.506 AND feature_8 > 0.524 AND feature_0 <= -1.442,2.033,0.02,2.63,0.6,6,0.86,0.36,0.803,5.0,0.36,CT on P,0.4,
feature_3 > -0.33 AND feature_4 > -1.57 AND feature_0 <= -0.664 AND feature_1 <= -0.506 AND feature_8 <= -0.441,1.787,0.04,2.06,0.27,5,0.76,0.33,0.925,5.0,0.42,CT on P,0.4,
feature_3 <= -0.33 AND feature_5 <= 0.736 AND feature_5 > -1.199 AND feature_0 <= -0.791 AND feature_6 <= -0.604,2.359,0.03,1.76,-0.6,5,1.0,0.61,0.572,4.0,0.27,CT on P,0.6,
feature_3 > -0.33 AND feature_4 > -1.57 AND feature_0 <= -0.664 AND feature_1 > -0.506 AND feature_8 > 0.524 AND feature_0 <= -1.442,2.033,0.02,2.63,0.6,6,0.86,0.53,0.803,5.0,0.38,CT on P,0.6,
feature_3 > -0.33 AND feature_4 > -1.57 AND feature_0 <= -0.664 AND feature_1 <= -0.506 AND feature_8 <= -0.441,1.787,0.04,2.06,0.27,5,0.76,0.47,0.925,5.0,0.44,CT on P,0.6,
feature_3 > -0.33 AND feature_4 > -1.57 AND feature_0 > -0.664 AND feature_5 > 1.112,1.781,0.03,0.22,2.0,4,0.75,0.46,1.311,4.0,0.61,CT on P,0.6,
feature_3 > -0.33 AND feature_4 > -1.57 AND feature_0 <= -0.664 AND feature_1 <= -0.506 AND feature_8 > -0.441 AND feature_6 <= -0.151,1.394,0.04,1.84,0.45,6,0.59,0.37,0.967,6.0,0.46,CT on P,0.6,
feature_3 <= -0.33 AND feature_5 <= 0.736 AND feature_5 > -1.199 AND feature_0 <= -0.791 AND feature_6 <= -0.604,2.359,0.03,1.76,-0.6,5,1.0,0.81,0.572,4.0,0.36,CT on P,0.8,
feature_3 > -0.33 AND feature_4 > -1.57 AND feature_0 <= -0.664 AND feature_1 > -0.506 AND feature_8 > 0.524 AND feature_0 <= -1.442,2.033,0.02,2.63,0.6,6,0.86,0.69,0.803,5.0,0.49,CT on P,0.8,
feature_3 > -0.33 AND feature_4 > -1.57 AND feature_0 <= -0.664 AND feature_1 <= -0.506 AND feature_8 <= -0.441,1.787,0.04,2.06,0.27,5,0.76,0.61,0.925,5.0,0.57,CT on P,0.8,
feature_3 > -0.33 AND feature_4 > -1.57 AND feature_0 > -0.664 AND feature_5 > 1.112,1.781,0.03,0.22,2.0,4,0.75,0.61,1.311,4.0,0.81,CT on P,0.8,
feature_3 > -0.33 AND feature_4 > -1.57 AND feature_0 <= -0.664 AND feature_1 <= -0.506 AND feature_8 > -0.441 AND feature_6 <= -0.151,1.394,0.04,1.84,0.45,6,0.59,0.48,0.967,6.0,0.6,CT on P,0.8,
feature_3 <= -0.33 AND feature_5 <= 0.736 AND feature_5 > -1.199 AND feature_0 <= -0.791 AND feature_6 <= -0.604,2.359,0.03,1.76,-0.6,5,1.0,1.0,0.572,4.0,0.44,CT on P,1.0,
feature_3 > -0.33 AND feature_4 > -1.57 AND feature_0 <= -0.664 AND feature_1 > -0.506 AND feature_8 > 0.524 AND feature_0 <= -1.442,2.033,0.02,2.63,0.6,6,0.86,0.86,0.803,5.0,0.61,CT on P,1.0,
feature_3 > -0.33 AND feature_4 > -1.57 AND feature_0 <= -0.664 AND feature_1 <= -0.506 AND feature_8 <= -0.441,1.787,0.04,2.06,0.27,5,0.76,0.76,0.925,5.0,0.71,CT on P,1.0,
feature_3 > -0.33 AND feature_4 > -1.57 AND feature_0 > -0.664 AND feature_5 > 1.112,1.781,0.03,0.22,2.0,4,0.75,0.75,1.311,4.0,1.0,CT on P,1.0,
feature_3 > -0.33 AND feature_4 > -1.57 AND feature_0 <= -0.664 AND feature_1 <= -0.506 AND feature_8 > -0.441 AND feature_6 <= -0.151,1.394,0.04,1.84,0.45,6,0.59,0.59,0.967,6.0,0.74,CT on P,1.0,
feature_0 <= -0.182,0.155,1.0,,,1,0.01,1.0,0.122,1.0,1.0,CF,0.0,7.87
feature_0 <= -0.172,0.192,0.99,,,1,0.02,0.99,0.115,1.0,0.99,CF,0.0,7.87
feature_0 <= -0.214,0.079,0.97,,,1,0.01,0.97,0.146,1.0,0.97,CF,0.0,7.87
feature_0 <= -0.156,0.012,0.97,,,1,0.0,0.97,0.103,1.0,0.97,CF,0.0,7.87
feature_0 <= -0.22,0.127,0.96,,,1,0.01,0.96,0.151,1.0,0.96,CF,0.0,7.87
feature_0 <= -0.182,0.155,1.0,,,1,0.01,0.8,0.122,1.0,0.96,CF,0.2,7.87
feature_0 <= -0.172,0.192,0.99,,,1,0.02,0.8,0.115,1.0,0.94,CF,0.2,7.87
feature_0 <= -0.214,0.079,0.97,,,1,0.01,0.78,0.146,1.0,0.97,CF,0.2,7.87
feature_0 <= -0.156,0.012,0.97,,,1,0.0,0.78,0.103,1.0,0.91,CF,0.2,7.87
feature_0 <= -0.22,0.127,0.96,,,1,0.01,0.77,0.151,1.0,0.97,CF,0.2,7.87
feature_0 <= -0.182,0.155,1.0,,,1,0.01,0.6,0.122,1.0,0.92,CF,0.4,7.87
feature_0 <= -0.172,0.192,0.99,,,1,0.02,0.6,0.115,1.0,0.9,CF,0.4,7.87
feature_0 <= -0.214,0.079,0.97,,,1,0.01,0.58,0.146,1.0,0.97,CF,0.4,7.87
feature_0 <= -0.156,0.012,0.97,,,1,0.0,0.58,0.103,1.0,0.85,CF,0.4,7.87
feature_0 <= -0.22,0.127,0.96,,,1,0.01,0.58,0.151,1.0,0.98,CF,0.4,7.87
feature_0 > -0.778 AND feature_1 > 1.618 AND feature_3 <= -0.756 AND feature_3 <= -1.643,12.672,0.0,,,4,1.0,0.6,2.564,3.0,0.37,CF,0.6,7.87
feature_0 <= -1.02 AND feature_1 > 1.084 AND feature_7 <= -0.588 AND feature_6 <= -0.089,11.754,0.01,,,4,0.93,0.56,0.257,4.0,0.04,CF,0.6,7.87
feature_0 > 0.998 AND feature_1 > 1.195 AND feature_8 <= -0.603 AND feature_7 <= -0.263,11.033,0.0,,,4,0.87,0.52,3.589,4.0,0.51,CF,0.6,7.87
feature_0 > 0.802 AND feature_1 > 1.699 AND feature_3 <= 0.042 AND feature_6 <= -0.081,10.05,0.0,,,4,0.79,0.48,3.692,4.0,0.53,CF,0.6,7.87
feature_0 > -0.64 AND feature_0 > 1.774 AND feature_1 > 1.491,9.159,0.0,,,3,0.72,0.43,4.185,2.0,0.6,CF,0.6,7.87
feature_0 > -0.778 AND feature_1 > 1.618 AND feature_3 <= -0.756 AND feature_3 <= -1.643,12.672,0.0,,,4,1.0,0.8,2.564,3.0,0.49,CF,0.8,7.87
feature_0 <= -1.02 AND feature_1 > 1.084 AND feature_7 <= -0.588 AND feature_6 <= -0.089,11.754,0.01,,,4,0.93,0.74,0.257,4.0,0.05,CF,0.8,7.87
feature_0 > 0.998 AND feature_1 > 1.195 AND feature_8 <= -0.603 AND feature_7 <= -0.263,11.033,0.0,,,4,0.87,0.7,3.589,4.0,0.69,CF,0.8,7.87
feature_0 > 0.802 AND feature_1 > 1.699 AND feature_3 <= 0.042 AND feature_6 <= -0.081,10.05,0.0,,,4,0.79,0.63,3.692,4.0,0.71,CF,0.8,7.87
feature_0 > -0.64 AND feature_0 > 1.774 AND feature_1 > 1.491,9.159,0.0,,,3,0.72,0.58,4.185,2.0,0.8,CF,0.8,7.87
feature_0 > -0.778 AND feature_1 > 1.618 AND feature_3 <= -0.756 AND feature_3 <= -1.643,12.672,0.0,,,4,1.0,1.0,2.564,3.0,0.61,CF,1.0,7.87
feature_0 <= -1.02 AND feature_1 > 1.084 AND feature_7 <= -0.588 AND feature_6 <= -0.089,11.754,0.01,,,4,0.93,0.93,0.257,4.0,0.06,CF,1.0,7.87
feature_0 > 0.998 AND feature_1 > 1.195 AND feature_8 <= -0.603 AND feature_7 <= -0.263,11.033,0.0,,,4,0.87,0.87,3.589,4.0,0.86,CF,1.0,7.87
feature_0 > 0.802 AND feature_1 > 1.699 AND feature_3 <= 0.042 AND feature_6 <= -0.081,10.05,0.0,,,4,0.79,0.79,3.692,4.0,0.88,CF,1.0,7.87
feature_0 > -0.64 AND feature_0 > 1.774 AND feature_1 > 1.491,9.159,0.0,,,3,0.72,0.72,4.185,2.0,1.0,CF,1.0,7.87
feature_0 <= -0.595,0.19,0.65,,,1,0.09,0.65,0.422,1.0,0.65,CF SingleTree,0.0,0.56
feature_0 <= -0.595 AND feature_0 <= -1.051,0.543,0.35,,,2,0.27,0.35,0.768,1.0,0.35,CF SingleTree,0.0,0.56
feature_0 > -0.595 AND feature_0 <= 0.548 AND feature_0 <= 0.019,0.808,0.3,,,3,0.4,0.3,0.52,1.0,0.3,CF SingleTree,0.0,0.56
feature_0 <= -0.595 AND feature_0 > -1.051,0.215,0.3,,,2,0.11,0.3,0.023,1.0,0.3,CF SingleTree,0.0,0.56
feature_0 <= -0.595 AND feature_0 <= -1.051 AND feature_1 <= 0.839,0.693,0.28,,,3,0.35,0.28,0.976,2.0,0.28,CF SingleTree,0.0,0.56
feature_0 <= -0.595,0.19,0.65,,,1,0.09,0.54,0.422,1.0,0.61,CF SingleTree,0.2,0.56
feature_0 <= -0.595 AND feature_0 <= -1.051,0.543,0.35,,,2,0.27,0.33,0.768,1.0,0.44,CF SingleTree,0.2,0.56
feature_0 > -0.595 AND feature_0 <= 0.548 AND feature_0 <= 0.019,0.808,0.3,,,3,0.4,0.32,0.52,1.0,0.35,CF SingleTree,0.2,0.56
feature_0 <= -0.595 AND feature_0 <= -1.051 AND feature_1 <= 0.839,0.693,0.28,,,3,0.35,0.29,0.976,2.0,0.42,CF SingleTree,0.2,0.56
feature_0 > -0.595 AND feature_0 <= 0.548 AND feature_0 <= 0.019 AND feature_1 <= 0.727,0.742,0.24,,,4,0.37,0.27,0.296,2.0,0.25,CF SingleTree,0.2,0.56
feature_0 <= -0.595,0.19,0.65,,,1,0.09,0.43,0.422,1.0,0.45,CF SingleTree,0.4,0.56
feature_0 > -0.595 AND feature_0 > 0.548 AND feature_1 > 0.136 AND feature_0 > 1.027,2.001,0.0,,,4,1.0,0.4,2.854,2.0,0.4,CF SingleTree,0.4,0.56
feature_0 > -0.595 AND feature_0 > 0.548 AND feature_1 > 0.136,1.829,0.0,,,3,0.91,0.37,2.47,2.0,0.35,CF SingleTree,0.4,0.56
feature_0 > -0.595 AND feature_0 <= 0.548 AND feature_0 <= 0.019,0.808,0.3,,,3,0.4,0.34,0.52,1.0,0.25,CF SingleTree,0.4,0.56
feature_0 > -0.595,1.2,0.15,,,1,0.6,0.33,1.284,1.0,0.27,CF SingleTree,0.4,0.56
feature_0 > -0.595 AND feature_0 > 0.548 AND feature_1 > 0.136 AND feature_0 > 1.027,2.001,0.0,,,4,1.0,0.6,2.854,2.0,0.6,CF SingleTree,0.6,0.56
feature_0 > -0.595 AND feature_0 > 0.548 AND feature_1 > 0.136,1.829,0.0,,,3,0.91,0.55,2.47,2.0,0.52,CF SingleTree,0.6,0.56
feature_0 > -0.595 AND feature_0 > 0.548 AND feature_1 > 0.136 AND feature_0 <= 1.027,1.629,0.0,,,4,0.81,0.49,2.026,2.0,0.43,CF SingleTree,0.6,0.56
feature_0 > -0.595 AND feature_0 > 0.548,1.581,0.0,,,2,0.79,0.47,2.0,1.0,0.42,CF SingleTree,0.6,0.56
feature_0 > -0.595 AND feature_0 > 0.548 AND feature_1 <= 0.136 AND feature_0 > 1.082,1.576,0.0,,,4,0.79,0.47,2.038,2.0,0.43,CF SingleTree,0.6,0.56
feature_0 > -0.595 AND feature_0 > 0.548 AND feature_1 > 0.136 AND feature_0 > 1.027,2.001,0.0,,,4,1.0,0.8,2.854,2.0,0.8,CF SingleTree,0.8,0.56
feature_0 > -0.595 AND feature_0 > 0.548 AND feature_1 > 0.136,1.829,0.0,,,3,0.91,0.73,2.47,2.0,0.69,CF SingleTree,0.8,0.56
feature_0 > -0.595 AND feature_0 > 0.548 AND feature_1 > 0.136 AND feature_0 <= 1.027,1.629,0.0,,,4,0.81,0.65,2.026,2.0,0.57,CF SingleTree,0.8,0.56
feature_0 > -0.595 AND feature_0 > 0.548,1.581,0.0,,,2,0.79,0.63,2.0,1.0,0.56,CF SingleTree,0.8,0.56
feature_0 > -0.595 AND feature_0 > 0.548 AND feature_1 <= 0.136 AND feature_0 > 1.082,1.576,0.0,,,4,0.79,0.63,2.038,2.0,0.57,CF SingleTree,0.8,0.56
feature_0 > -0.595 AND feature_0 > 0.548 AND feature_1 > 0.136 AND feature_0 > 1.027,2.001,0.0,,,4,1.0,1.0,2.854,2.0,1.0,CF SingleTree,1.0,0.56
feature_0 > -0.595 AND feature_0 > 0.548 AND feature_1 > 0.136,1.829,0.0,,,3,0.91,0.91,2.47,2.0,0.87,CF SingleTree,1.0,0.56
feature_0 > -0.595 AND feature_0 > 0.548 AND feature_1 > 0.136 AND feature_0 <= 1.027,1.629,0.0,,,4,0.81,0.81,2.026,2.0,0.71,CF SingleTree,1.0,0.56
feature_0 > -0.595 AND feature_0 > 0.548,1.581,0.0,,,2,0.79,0.79,2.0,1.0,0.7,CF SingleTree,1.0,0.56
feature_0 > -0.595 AND feature_0 > 0.548 AND feature_1 <= 0.136 AND feature_0 > 1.082,1.576,0.0,,,4,0.79,0.79,2.038,2.0,0.71,CF SingleTree,1.0,0.56
feature_7 <= 1.869,0.825,0.86,0.98,1.81,1,0.18,0.86,0.829,1.0,0.86,CT on D,0.0,
feature_7 <= 1.869 AND feature_0 <= 0.519,0.339,0.61,0.98,1.32,2,0.07,0.61,0.323,2.0,0.61,CT on D,0.0,
feature_7 <= 1.869 AND feature_0 <= 0.519 AND feature_0 > -0.669,0.725,0.4,0.83,1.55,3,0.16,0.4,0.764,2.0,0.4,CT on D,0.0,
feature_7 <= 1.869 AND feature_0 <= 0.519 AND feature_0 > -0.669 AND feature_1 <= 0.887,0.515,0.32,0.77,1.28,4,0.11,0.32,0.559,3.0,0.32,CT on D,0.0,
feature_7 <= 1.869 AND feature_0 > 0.519,1.914,0.29,1.0,2.91,2,0.42,0.29,1.965,2.0,0.29,CT on D,0.0,
feature_7 <= 1.869,0.825,0.86,0.98,1.81,1,0.18,0.72,0.829,1.0,0.77,CT on D,0.2,
feature_7 <= 1.869 AND feature_0 <= 0.519,0.339,0.61,0.98,1.32,2,0.07,0.5,0.323,2.0,0.52,CT on D,0.2,
feature_7 <= 1.869 AND feature_0 <= 0.519 AND feature_0 > -0.669,0.725,0.4,0.83,1.55,3,0.16,0.35,0.764,2.0,0.4,CT on D,0.2,
feature_7 <= 1.869 AND feature_0 > 0.519,1.914,0.29,1.0,2.91,2,0.42,0.32,1.965,2.0,0.43,CT on D,0.2,
feature_7 <= 1.869 AND feature_0 <= 0.519 AND feature_0 > -0.669 AND feature_1 <= 0.887,0.515,0.32,0.77,1.28,4,0.11,0.28,0.559,3.0,0.31,CT on D,0.2,
feature_7 <= 1.869,0.825,0.86,0.98,1.81,1,0.18,0.59,0.829,1.0,0.63,CT on D,0.4,
feature_7 <= 1.869 AND feature_0 > 0.519 AND feature_0 > 1.223 AND feature_1 > 0.16 AND feature_8 <= -0.763,4.57,0.01,0.97,5.54,5,1.0,0.41,2.996,4.0,0.41,CT on D,0.4,
feature_7 <= 1.869 AND feature_0 <= 0.519,0.339,0.61,0.98,1.32,2,0.07,0.4,0.323,2.0,0.41,CT on D,0.4,
feature_7 <= 1.869 AND feature_0 > 0.519,1.914,0.29,1.0,2.91,2,0.42,0.34,1.965,2.0,0.44,CT on D,0.4,
feature_7 <= 1.869 AND feature_0 > 0.519 AND feature_0 > 1.223 AND feature_1 > 0.16 AND feature_8 > -0.763 AND feature_4 > 0.414,3.674,0.01,2.19,5.87,6,0.8,0.33,2.963,5.0,0.4,CT on D,0.4,
feature_7 <= 1.869 AND feature_0 > 0.519 AND feature_0 > 1.223 AND feature_1 > 0.16 AND feature_8 <= -0.763,4.57,0.01,0.97,5.54,5,1.0,0.6,2.996,4.0,0.6,CT on D,0.6,
feature_7 <= 1.869 AND feature_0 > 0.519 AND feature_0 > 1.223 AND feature_1 > 0.16 AND feature_8 > -0.763 AND feature_4 > 0.414,3.674,0.01,2.19,5.87,6,0.8,0.49,2.963,5.0,0.6,CT on D,0.6,
feature_7 <= 1.869 AND feature_0 > 0.519 AND feature_0 <= 1.223 AND feature_9 <= 0.32 AND feature_8 <= 0.92 AND feature_1 > 1.32,3.468,0.01,1.3,4.77,6,0.76,0.46,2.811,5.0,0.57,CT on D,0.6,
feature_7 <= 1.869,0.825,0.86,0.98,1.81,1,0.18,0.45,0.829,1.0,0.51,CT on D,0.6,
feature_7 <= 1.869 AND feature_0 > 0.519 AND feature_0 > 1.223 AND feature_1 > 0.16,3.255,0.05,1.61,4.87,4,0.71,0.45,2.948,3.0,0.61,CT on D,0.6,
feature_7 <= 1.869 AND feature_0 > 0.519 AND feature_0 > 1.223 AND feature_1 > 0.16 AND feature_8 <= -0.763,4.57,0.01,0.97,5.54,5,1.0,0.8,2.996,4.0,0.8,CT on D,0.8,
feature_7 <= 1.869 AND feature_0 > 0.519 AND feature_0 > 1.223 AND feature_1 > 0.16 AND feature_8 > -0.763 AND feature_4 > 0.414,3.674,0.01,2.19,5.87,6,0.8,0.65,2.963,5.0,0.79,CT on D,0.8,
feature_7 <= 1.869 AND feature_0 > 0.519 AND feature_0 <= 1.223 AND feature_9 <= 0.32 AND feature_8 <= 0.92 AND feature_1 > 1.32,3.468,0.01,1.3,4.77,6,0.76,0.61,2.811,5.0,0.75,CT on D,0.8,
feature_7 <= 1.869 AND feature_0 > 0.519 AND feature_0 > 1.223 AND feature_1 > 0.16,3.255,0.05,1.61,4.87,4,0.71,0.58,2.948,3.0,0.8,CT on D,0.8,
feature_7 <= 1.869 AND feature_0 <= 0.519 AND feature_0 > -0.669 AND feature_1 > 0.887 AND feature_7 <= -1.084,3.089,0.01,0.54,3.62,5,0.68,0.54,1.602,3.0,0.43,CT on D,0.8,
feature_7 <= 1.869 AND feature_0 > 0.519 AND feature_0 > 1.223 AND feature_1 > 0.16 AND feature_8 <= -0.763,4.57,0.01,0.97,5.54,5,1.0,1.0,2.996,4.0,1.0,CT on D,1.0,
feature_7 <= 1.869 AND feature_0 > 0.519 AND feature_0 > 1.223 AND feature_1 > 0.16 AND feature_8 > -0.763 AND feature_4 > 0.414,3.674,0.01,2.19,5.87,6,0.8,0.8,2.963,5.0,0.99,CT on D,1.0,
feature_7 <= 1.869 AND feature_0 > 0.519 AND feature_0 <= 1.223 AND feature_9 <= 0.32 AND feature_8 <= 0.92 AND feature_1 > 1.32,3.468,0.01,1.3,4.77,6,0.76,0.76,2.811,5.0,0.94,CT on D,1.0,
feature_7 <= 1.869 AND feature_0 > 0.519 AND feature_0 > 1.223 AND feature_1 > 0.16,3.255,0.05,1.61,4.87,4,0.71,0.71,2.948,3.0,0.98,CT on D,1.0,
feature_7 <= 1.869 AND feature_0 <= 0.519 AND feature_0 > -0.669 AND feature_1 > 0.887 AND feature_7 <= -1.084,3.089,0.01,0.54,3.62,5,0.68,0.68,1.602,3.0,0.53,CT on D,1.0,
feature_6 > -1.512,0.89,0.93,0.94,1.83,1,0.23,0.93,0.826,1.0,0.93,CT on P,0.0,
feature_6 > -1.512 AND feature_0 > -0.869,1.256,0.76,0.83,2.09,2,0.33,0.76,1.163,2.0,0.76,CT on P,0.0,
feature_6 > -1.512 AND feature_0 > -0.869 AND feature_1 > -0.346,1.613,0.48,0.9,2.51,3,0.42,0.48,1.422,3.0,0.48,CT on P,0.0,
feature_6 > -1.512 AND feature_0 > -0.869 AND feature_1 > -0.346 AND feature_4 <= 1.57,1.517,0.46,0.84,2.36,4,0.4,0.46,1.418,4.0,0.46,CT on P,0.0,
feature_6 > -1.512 AND feature_0 > -0.869 AND feature_1 > -0.346 AND feature_4 <= 1.57 AND feature_0 <= 0.495,1.149,0.28,0.62,1.76,5,0.3,0.28,0.932,4.0,0.28,CT on P,0.0,
feature_6 > -1.512,0.89,0.93,0.94,1.83,1,0.23,0.79,0.826,1.0,0.86,CT on P,0.2,
feature_6 > -1.512 AND feature_0 > -0.869,1.256,0.76,0.83,2.09,2,0.33,0.67,1.163,2.0,0.77,CT on P,0.2,
feature_6 > -1.512 AND feature_0 > -0.869 AND feature_1 > -0.346,1.613,0.48,0.9,2.51,3,0.42,0.47,1.422,3.0,0.58,CT on P,0.2,
feature_6 > -1.512 AND feature_0 > -0.869 AND feature_1 > -0.346 AND feature_4 <= 1.57,1.517,0.46,0.84,2.36,4,0.4,0.45,1.418,4.0,0.57,CT on P,0.2,
feature_6 > -1.512 AND feature_0 > -0.869 AND feature_1 > -0.346 AND feature_4 <= 1.57 AND feature_0 <= 0.495,1.149,0.28,0.62,1.76,5,0.3,0.28,0.932,4.0,0.36,CT on P,0.2,
feature_6 > -1.512,0.89,0.93,0.94,1.83,1,0.23,0.65,0.826,1.0,0.78,CT on P,0.4,
feature_6 > -1.512 AND feature_0 > -0.869,1.256,0.76,0.83,2.09,2,0.33,0.59,1.163,2.0,0.77,CT on P,0.4,
feature_6 > -1.512 AND feature_0 > -0.869 AND feature_1 > -0.346,1.613,0.48,0.9,2.51,3,0.42,0.46,1.422,3.0,0.68,CT on P,0.4,
feature_6 > -1.512 AND feature_0 > -0.869 AND feature_1 > -0.346 AND feature_4 <= 1.57,1.517,0.46,0.84,2.36,4,0.4,0.43,1.418,4.0,0.66,CT on P,0.4,
feature_6 > -1.512 AND feature_0 > -0.869 AND feature_1 > -0.346 AND feature_4 > 1.57 AND feature_2 > -0.197,3.833,0.02,2.0,5.83,5,1.0,0.41,1.469,5.0,0.41,CT on P,0.4,
feature_6 > -1.512 AND feature_0 > -0.869 AND feature_1 > -0.346 AND feature_4 > 1.57 AND feature_2 > -0.197,3.833,0.02,2.0,5.83,5,1.0,0.61,1.469,5.0,0.3,CT on P,0.6,
feature_6 > -1.512,0.89,0.93,0.94,1.83,1,0.23,0.51,0.826,1.0,0.54,CT on P,0.6,
feature_6 > -1.512 AND feature_0 > -0.869 AND feature_1 > -0.346 AND feature_4 > 1.57,3.158,0.03,1.82,4.98,4,0.82,0.51,1.499,4.0,0.31,CT on P,0.6,
feature_6 > -1.512 AND feature_0 > -0.869,1.256,0.76,0.83,2.09,2,0.33,0.5,1.163,2.0,0.54,CT on P,0.6,
feature_6 > -1.512 AND feature_0 > -0.869 AND feature_1 > -0.346 AND feature_4 <= 1.57 AND feature_0 > 0.495 AND feature_0 > 1.494,2.961,0.04,1.42,4.38,6,0.77,0.48,2.978,4.0,0.62,CT on P,0.6,
feature_6 > -1.512 AND feature_0 > -0.869 AND feature_1 > -0.346 AND feature_4 > 1.57 AND feature_2 > -0.197,3.833,0.02,2.0,5.83,5,1.0,0.8,1.469,5.0,0.4,CT on P,0.8,
feature_6 > -1.512 AND feature_0 > -0.869 AND feature_1 > -0.346 AND feature_4 > 1.57,3.158,0.03,1.82,4.98,4,0.82,0.67,1.499,4.0,0.41,CT on P,0.8,
feature_6 > -1.512 AND feature_0 > -0.869 AND feature_1 > -0.346 AND feature_4 <= 1.57 AND feature_0 > 0.495 AND feature_0 > 1.494,2.961,0.04,1.42,4.38,6,0.77,0.63,2.978,4.0,0.81,CT on P,0.8,
feature_6 > -1.512 AND feature_0 > -0.869 AND feature_1 <= -0.346 AND feature_0 > 0.724 AND feature_2 <= -0.33 AND feature_6 <= -0.063,2.962,0.01,-0.94,2.03,6,0.77,0.62,1.686,4.0,0.45,CT on P,0.8,
feature_6 <= -1.512 AND feature_7 > -0.658 AND feature_5 > -0.274 AND feature_0 > 0.378,2.547,0.01,0.25,2.8,4,0.66,0.53,1.872,4.0,0.5,CT on P,0.8,
feature_6 > -1.512 AND feature_0 > -0.869 AND feature_1 > -0.346 AND feature_4 > 1.57 AND feature_2 > -0.197,3.833,0.02,2.0,5.83,5,1.0,1.0,1.469,5.0,0.49,CT on P,1.0,
feature_6 > -1.512 AND feature_0 > -0.869 AND feature_1 > -0.346 AND feature_4 > 1.57,3.158,0.03,1.82,4.98,4,0.82,0.82,1.499,4.0,0.5,CT on P,1.0,
feature_6 > -1.512 AND feature_0 > -0.869 AND feature_1 <= -0.346 AND feature_0 > 0.724 AND feature_2 <= -0.33 AND feature_6 <= -0.063,2.962,0.01,-0.94,2.03,6,0.77,0.77,1.686,4.0,0.57,CT on P,1.0,
feature_6 > -1.512 AND feature_0 > -0.869 AND feature_1 > -0.346 AND feature_4 <= 1.57 AND feature_0 > 0.495 AND feature_0 > 1.494,2.961,0.04,1.42,4.38,6,0.77,0.77,2.978,4.0,1.0,CT on P,1.0,
feature_6 <= -1.512 AND feature_7 > -0.658 AND feature_5 > -0.274 AND feature_0 > 0.378,2.547,0.01,0.25,2.8,4,0.66,0.66,1.872,4.0,0.63,CT on P,1.0,
feature_0 > -1.612,1.033,0.84,,,1,0.11,0.84,0.937,1.0,0.84,CF,0.0,5.75
feature_0 > -1.462,1.033,0.83,,,1,0.11,0.83,0.971,1.0,0.83,CF,0.0,5.75
feature_0 > -1.612 AND feature_3 <= 1.585,1.002,0.8,,,2,0.11,0.8,0.937,2.0,0.8,CF,0.0,5.75
feature_0 > -1.209,1.039,0.79,,,1,0.12,0.79,1.039,1.0,0.79,CF,0.0,5.75
feature_0 > -1.169,1.194,0.79,,,1,0.13,0.79,1.053,1.0,0.79,CF,0.0,5.75
feature_0 > -1.612,1.033,0.84,,,1,0.11,0.69,0.937,1.0,0.85,CF,0.2,5.75
feature_0 > -1.462,1.033,0.83,,,1,0.11,0.69,0.971,1.0,0.85,CF,0.2,5.75
feature_0 > -1.612 AND feature_3 <= 1.585,1.002,0.8,,,2,0.11,0.66,0.937,2.0,0.82,CF,0.2,5.75
feature_0 > -1.169,1.194,0.79,,,1,0.13,0.66,1.053,1.0,0.83,CF,0.2,5.75
feature_0 > -1.186,1.073,0.79,,,1,0.12,0.66,1.048,1.0,0.83,CF,0.2,5.75
feature_0 > -1.612,1.033,0.84,,,1,0.11,0.55,0.937,1.0,0.85,CF,0.4,5.75
feature_0 > -1.462,1.033,0.83,,,1,0.11,0.54,0.971,1.0,0.86,CF,0.4,5.75
feature_0 > -1.169,1.194,0.79,,,1,0.13,0.53,1.053,1.0,0.87,CF,0.4,5.75
feature_0 > -1.612 AND feature_3 <= 1.585,1.002,0.8,,,2,0.11,0.52,0.937,2.0,0.83,CF,0.4,5.75
feature_0 > -1.117,1.364,0.77,,,1,0.15,0.52,1.074,1.0,0.86,CF,0.4,5.75
feature_0 > 0.562 AND feature_0 > 1.829 AND feature_4 > 0.525 AND feature_1 > -0.268,9.026,0.01,,,4,1.0,0.6,3.29,3.0,0.57,CF,0.6,5.75
feature_0 > 0.936 AND feature_0 > 2.015 AND feature_9 > 0.5 AND feature_0 <= 2.252,7.05,0.0,,,4,0.78,0.47,2.915,2.0,0.5,CF,0.6,5.75
feature_0 > -0.731 AND feature_0 > 1.637 AND feature_1 > 0.004 AND feature_0 > 2.02,6.112,0.01,,,4,0.68,0.41,3.498,2.0,0.6,CF,0.6,5.75
feature_0 > -1.612,1.033,0.84,,,1,0.11,0.4,0.937,1.0,0.5,CF,0.6,5.75
feature_0 > -1.462,1.033,0.83,,,1,0.11,0.4,0.971,1.0,0.5,CF,0.6,5.75
feature_0 > 0.562 AND feature_0 > 1.829 AND feature_4 > 0.525 AND feature_1 > -0.268,9.026,0.01,,,4,1.0,0.8,3.29,3.0,0.75,CF,0.8,5.75
feature_0 > 0.936 AND feature_0 > 2.015 AND feature_9 > 0.5 AND feature_0 <= 2.252,7.05,0.0,,,4,0.78,0.62,2.915,2.0,0.67,CF,0.8,5.75
feature_0 > -0.731 AND feature_0 > 1.637 AND feature_1 > 0.004 AND feature_0 > 2.02,6.112,0.01,,,4,0.68,0.54,3.498,2.0,0.8,CF,0.8,5.75
feature_0 > 0.562 AND feature_0 > 1.829 AND feature_4 > 0.525,5.937,0.01,,,3,0.66,0.53,3.023,2.0,0.69,CF,0.8,5.75
feature_0 > 0.352 AND feature_1 <= 1.371 AND feature_0 > 1.886 AND feature_5 <= 0.24,5.801,0.02,,,4,0.64,0.52,2.981,3.0,0.69,CF,0.8,5.75
feature_0 > 0.562 AND feature_0 > 1.829 AND feature_4 > 0.525 AND feature_1 > -0.268,9.026,0.01,,,4,1.0,1.0,3.29,3.0,0.94,CF,1.0,5.75
feature_0 > 0.936 AND feature_0 > 2.015 AND feature_9 > 0.5 AND feature_0 <= 2.252,7.05,0.0,,,4,0.78,0.78,2.915,2.0,0.83,CF,1.0,5.75
feature_0 > -0.731 AND feature_0 > 1.637 AND feature_1 > 0.004 AND feature_0 > 2.02,6.112,0.01,,,4,0.68,0.68,3.498,2.0,1.0,CF,1.0,5.75
feature_0 > 0.562 AND feature_0 > 1.829 AND feature_4 > 0.525,5.937,0.01,,,3,0.66,0.66,3.023,2.0,0.86,CF,1.0,5.75
feature_0 > 0.352 AND feature_1 <= 1.371 AND feature_0 > 1.886 AND feature_5 <= 0.24,5.801,0.02,,,4,0.64,0.64,2.981,3.0,0.85,CF,1.0,5.75
feature_0 <= 0.17,0.342,0.52,,,1,0.15,0.52,0.13,1.0,0.52,CF SingleTree,0.0,0.6
feature_0 > 0.17,1.504,0.41,,,1,0.65,0.41,1.726,1.0,0.41,CF SingleTree,0.0,0.6
feature_0 <= 0.17 AND feature_0 > -0.926,0.651,0.37,,,2,0.28,0.37,0.479,1.0,0.37,CF SingleTree,0.0,0.6
feature_0 <= 0.17 AND feature_0 > -0.926 AND feature_1 > -0.652,0.752,0.28,,,3,0.32,0.28,0.661,2.0,0.28,CF SingleTree,0.0,0.6
feature_0 > 0.17 AND feature_0 <= 0.999,1.254,0.26,,,2,0.54,0.26,1.365,1.0,0.26,CF SingleTree,0.0,0.6
feature_0 > 0.17,1.504,0.41,,,1,0.65,0.46,1.726,1.0,0.48,CF SingleTree,0.2,0.6
feature_0 <= 0.17,0.342,0.52,,,1,0.15,0.45,0.13,1.0,0.43,CF SingleTree,0.2,0.6
feature_0 <= 0.17 AND feature_0 > -0.926,0.651,0.37,,,2,0.28,0.35,0.479,1.0,0.34,CF SingleTree,0.2,0.6
feature_0 > 0.17 AND feature_0 <= 0.999,1.254,0.26,,,2,0.54,0.32,1.365,1.0,0.33,CF SingleTree,0.2,0.6
feature_0 > 0.17 AND feature_0 > 0.999,1.926,0.16,,,2,0.83,0.29,2.332,1.0,0.33,CF SingleTree,0.2,0.6
feature_0 > 0.17,1.504,0.41,,,1,0.65,0.51,1.726,1.0,0.47,CF SingleTree,0.4,0.6
feature_0 > 0.17 AND feature_0 > 0.999,1.926,0.16,,,2,0.83,0.43,2.332,1.0,0.4,CF SingleTree,0.4,0.6
feature_0 > 0.17 AND feature_0 > 0.999 AND feature_1 > -0.033 AND feature_0 > 1.43,2.318,0.04,,,4,1.0,0.42,3.051,2.0,0.42,CF SingleTree,0.4,0.6
feature_0 > 0.17 AND feature_0 > 0.999 AND feature_1 > -0.033,2.113,0.08,,,3,0.91,0.41,2.704,2.0,0.4,CF SingleTree,0.4,0.6
feature_0 > 0.17 AND feature_0 <= 0.999,1.254,0.26,,,2,0.54,0.37,1.365,1.0,0.33,CF SingleTree,0.4,0.6
feature_0 > 0.17 AND feature_0 > 0.999 AND feature_1 > -0.033 AND feature_0 > 1.43,2.318,0.04,,,4,1.0,0.62,3.051,2.0,0.62,CF SingleTree,0.6,0.6
feature_0 > 0.17 AND feature_0 > 0.999 AND feature_1 > -0.033,2.113,0.08,,,3,0.91,0.58,2.704,2.0,0.56,CF SingleTree,0.6,0.6
feature_0 > 0.17 AND feature_0 > 0.999,1.926,0.16,,,2,0.83,0.56,2.332,1.0,0.52,CF SingleTree,0.6,0.6
feature_0 > 0.17,1.504,0.41,,,1,0.65,0.55,1.726,1.0,0.5,CF SingleTree,0.6,0.6
feature_0 > 0.17 AND feature_0 > 0.999 AND feature_1 > -0.033 AND feature_0 <= 1.43,1.917,0.04,,,4,0.83,0.51,2.373,2.0,0.48,CF SingleTree,0.6,0.6
feature_0 > 0.17 AND feature_0 > 0.999 AND feature_1 > -0.033 AND feature_0 > 1.43,2.318,0.04,,,4,1.0,0.81,3.051,2.0,0.81,CF SingleTree,0.8,0.6
feature_0 > 0.17 AND feature_0 > 0.999 AND feature_1 > -0.033,2.113,0.08,,,3,0.91,0.75,2.704,2.0,0.73,CF SingleTree,0.8,0.6
feature_0 > 0.17 AND feature_0 > 0.999,1.926,0.16,,,2,0.83,0.7,2.332,1.0,0.64,CF SingleTree,0.8,0.6
feature_0 > 0.17 AND feature_0 > 0.999 AND feature_1 > -0.033 AND feature_0 <= 1.43,1.917,0.04,,,4,0.83,0.67,2.373,2.0,0.63,CF SingleTree,0.8,0.6
feature_0 > 0.17 AND feature_0 > 0.999 AND feature_1 <= -0.033 AND feature_0 > 1.314,1.829,0.05,,,4,0.79,0.64,2.208,2.0,0.59,CF SingleTree,0.8,0.6
feature_0 > 0.17 AND feature_0 > 0.999 AND feature_1 > -0.033 AND feature_0 > 1.43,2.318,0.04,,,4,1.0,1.0,3.051,2.0,1.0,CF SingleTree,1.0,0.6
feature_0 > 0.17 AND feature_0 > 0.999 AND feature_1 > -0.033,2.113,0.08,,,3,0.91,0.91,2.704,2.0,0.89,CF SingleTree,1.0,0.6
feature_0 > 0.17 AND feature_0 > 0.999,1.926,0.16,,,2,0.83,0.83,2.332,1.0,0.76,CF SingleTree,1.0,0.6
feature_0 > 0.17 AND feature_0 > 0.999 AND feature_1 > -0.033 AND feature_0 <= 1.43,1.917,0.04,,,4,0.83,0.83,2.373,2.0,0.78,CF SingleTree,1.0,0.6
feature_0 > 0.17 AND feature_0 > 0.999 AND feature_1 <= -0.033 AND feature_0 > 1.314,1.829,0.05,,,4,0.79,0.79,2.208,2.0,0.72,CF SingleTree,1.0,0.6
feature_8 <= 1.932,0.859,0.77,0.97,1.83,1,0.19,0.77,0.812,1.0,0.77,CT on D,0.0,
feature_8 <= 1.932 AND feature_0 > -0.638,1.33,0.6,0.82,2.15,2,0.29,0.6,1.246,2.0,0.6,CT on D,0.0,
feature_8 <= 1.932 AND feature_0 > -0.638 AND feature_0 <= 0.629,0.891,0.41,0.77,1.66,3,0.19,0.41,0.799,2.0,0.41,CT on D,0.0,
feature_8 <= 1.932 AND feature_0 > -0.638 AND feature_0 <= 0.629 AND feature_1 > -0.717,1.07,0.32,0.84,1.91,4,0.23,0.32,0.965,3.0,0.32,CT on D,0.0,
feature_8 <= 1.932 AND feature_0 > -0.638 AND feature_0 <= 0.629 AND feature_1 > -0.717 AND feature_0 > -0.523,1.159,0.3,0.81,1.97,5,0.25,0.3,1.017,3.0,0.3,CT on D,0.0,
feature_8 <= 1.932,0.859,0.77,0.97,1.83,1,0.19,0.65,0.812,1.0,0.75,CT on D,0.2,
feature_8 <= 1.932 AND feature_0 > -0.638,1.33,0.6,0.82,2.15,2,0.29,0.54,1.246,2.0,0.68,CT on D,0.2,
feature_8 <= 1.932 AND feature_0 > -0.638 AND feature_0 <= 0.629,0.891,0.41,0.77,1.66,3,0.19,0.37,0.799,2.0,0.46,CT on D,0.2,
feature_8 <= 1.932 AND feature_0 > -0.638 AND feature_0 <= 0.629 AND feature_1 > -0.717,1.07,0.32,0.84,1.91,4,0.23,0.3,0.965,3.0,0.41,CT on D,0.2,
feature_8 <= 1.932 AND feature_0 > -0.638 AND feature_0 <= 0.629 AND feature_1 > -0.717 AND feature_0 > -0.523,1.159,0.3,0.81,1.97,5,0.25,0.29,1.017,3.0,0.4,CT on D,0.2,
feature_8 <= 1.932,0.859,0.77,0.97,1.83,1,0.19,0.54,0.812,1.0,0.56,CT on D,0.4,
feature_8 <= 1.932 AND feature_0 > -0.638,1.33,0.6,0.82,2.15,2,0.29,0.48,1.246,2.0,0.52,CT on D,0.4,
feature_8 <= 1.932 AND feature_0 > -0.638 AND feature_0 > 0.629 AND feature_1 > 1.413 AND feature_4 <= -0.225,4.583,0.01,0.73,5.31,5,1.0,0.41,3.203,4.0,0.41,CT on D,0.4,
feature_8 <= 1.932 AND feature_0 > -0.638 AND feature_0 > 0.629 AND feature_1 > 1.413,3.835,0.02,1.63,5.47,4,0.84,0.35,3.183,3.0,0.41,CT on D,0.4,
feature_8 <= 1.932 AND feature_0 > -0.638 AND feature_0 > 0.629,2.101,0.24,0.92,3.02,3,0.46,0.33,2.028,2.0,0.4,CT on D,0.4,
feature_8 <= 1.932 AND feature_0 > -0.638 AND feature_0 > 0.629 AND feature_1 > 1.413 AND feature_4 <= -0.225,4.583,0.01,0.73,5.31,5,1.0,0.6,3.203,4.0,0.6,CT on D,0.6,
feature_8 <= 1.932 AND feature_0 > -0.638 AND feature_0 > 0.629 AND feature_1 > 1.413,3.835,0.02,1.63,5.47,4,0.84,0.51,3.183,3.0,0.6,CT on D,0.6,
feature_8 <= 1.932,0.859,0.77,0.97,1.83,1,0.19,0.42,0.812,1.0,0.46,CT on D,0.6,
feature_8 <= 1.932 AND feature_0 > -0.638,1.33,0.6,0.82,2.15,2,0.29,0.41,1.246,2.0,0.47,CT on D,0.6,
feature_8 <= 1.932 AND feature_0 > -0.638 AND feature_0 > 0.629 AND feature_1 > 1.413 AND feature_4 > -0.225,3.056,0.01,2.58,5.63,5,0.67,0.4,3.162,4.0,0.6,CT on D,0.6,
feature_8 <= 1.932 AND feature_0 > -0.638 AND feature_0 > 0.629 AND feature_1 > 1.413 AND feature_4 <= -0.225,4.583,0.01,0.73,5.31,5,1.0,0.8,3.203,4.0,0.8,CT on D,0.8,
feature_8 <= 1.932 AND feature_0 > -0.638 AND feature_0 > 0.629 AND feature_1 > 1.413,3.835,0.02,1.63,5.47,4,0.84,0.67,3.183,3.0,0.8,CT on D,0.8,
feature_8 <= 1.932 AND feature_0 > -0.638 AND feature_0 > 0.629 AND feature_1 > 1.413 AND feature_4 > -0.225,3.056,0.01,2.58,5.63,5,0.67,0.54,3.162,4.0,0.79,CT on D,0.8,
feature_8 <= 1.932 AND feature_0 <= -0.638 AND feature_0 <= -1.721 AND feature_1 <= -0.365,3.053,0.01,2.76,-0.29,4,0.67,0.53,1.763,3.0,0.44,CT on D,0.8,
feature_8 <= 1.932 AND feature_0 > -0.638 AND feature_0 > 0.629 AND feature_1 <= 1.413 AND feature_0 <= 0.901 AND feature_1 > 0.761,2.858,0.01,0.66,3.52,6,0.62,0.5,2.129,3.0,0.53,CT on D,0.8,
feature_8 <= 1.932 AND feature_0 > -0.638 AND feature_0 > 0.629 AND feature_1 > 1.413 AND feature_4 <= -0.225,4.583,0.01,0.73,5.31,5,1.0,1.0,3.203,4.0,1.0,CT on D,1.0,
feature_8 <= 1.932 AND feature_0 > -0.638 AND feature_0 > 0.629 AND feature_1 > 1.413,3.835,0.02,1.63,5.47,4,0.84,0.84,3.183,3.0,0.99,CT on D,1.0,
feature_8 <= 1.932 AND feature_0 > -0.638 AND feature_0 > 0.629 AND feature_1 > 1.413 AND feature_4 > -0.225,3.056,0.01,2.58,5.63,5,0.67,0.67,3.162,4.0,0.99,CT on D,1.0,
feature_8 <= 1.932 AND feature_0 <= -0.638 AND feature_0 <= -1.721 AND feature_1 <= -0.365,3.053,0.01,2.76,-0.29,4,0.67,0.67,1.763,3.0,0.55,CT on D,1.0,
feature_8 <= 1.932 AND feature_0 > -0.638 AND feature_0 > 0.629 AND feature_1 <= 1.413 AND feature_0 <= 0.901 AND feature_1 > 0.761,2.858,0.01,0.66,3.52,6,0.62,0.62,2.129,3.0,0.66,CT on D,1.0,
feature_0 <= 2.05,0.796,0.98,0.97,1.76,1,0.19,0.98,0.76,1.0,0.98,CT on P,0.0,
feature_0 <= 2.05 AND feature_0 > -0.059,1.532,0.5,0.82,2.35,2,0.37,0.5,1.499,1.0,0.5,CT on P,0.0,
feature_0 <= 2.05 AND feature_0 <= -0.059,0.02,0.48,1.12,1.14,2,0.0,0.48,0.022,1.0,0.48,CT on P,0.0,
feature_0 <= 2.05 AND feature_0 <= -0.059 AND feature_0 > -1.038,0.399,0.33,0.97,1.36,3,0.1,0.33,0.301,1.0,0.33,CT on P,0.0,
feature_0 <= 2.05 AND feature_0 > -0.059 AND feature_0 > 0.554,1.956,0.27,0.86,2.81,3,0.47,0.27,1.879,1.0,0.27,CT on P,0.0,
feature_0 <= 2.05,0.796,0.98,0.97,1.76,1,0.19,0.82,0.76,1.0,0.86,CT on P,0.2,
feature_0 <= 2.05 AND feature_0 > -0.059,1.532,0.5,0.82,2.35,2,0.37,0.47,1.499,1.0,0.56,CT on P,0.2,
feature_0 <= 2.05 AND feature_0 <= -0.059,0.02,0.48,1.12,1.14,2,0.0,0.38,0.022,1.0,0.39,CT on P,0.2,
feature_0 <= 2.05 AND feature_0 > -0.059 AND feature_0 > 0.554,1.956,0.27,0.86,2.81,3,0.47,0.31,1.879,1.0,0.42,CT on P,0.2,
feature_0 <= 2.05 AND feature_0 <= -0.059 AND feature_0 > -1.038,0.399,0.33,0.97,1.36,3,0.1,0.28,0.301,1.0,0.3,CT on P,0.2,
feature_0 <= 2.05,0.796,0.98,0.97,1.76,1,0.19,0.66,0.76,1.0,0.68,CT on P,0.4,
feature_0 <= 2.05 AND feature_0 > -0.059,1.532,0.5,0.82,2.35,2,0.37,0.45,1.499,1.0,0.49,CT on P,0.4,
feature_0 > 2.05,4.192,0.02,1.31,5.5,1,1.0,0.41,3.204,1.0,0.41,CT on P,0.4,
feature_0 <= 2.05 AND feature_0 > -0.059 AND feature_0 > 0.554 AND feature_6 <= 0.057 AND feature_1 > 0.663 AND feature_6 <= -0.542,3.666,0.02,1.43,5.1,6,0.87,0.36,2.593,3.0,0.34,CT on P,0.4,
feature_0 <= 2.05 AND feature_0 > -0.059 AND feature_0 > 0.554,1.956,0.27,0.86,2.81,3,0.47,0.35,1.879,1.0,0.4,CT on P,0.4,
feature_0 > 2.05,4.192,0.02,1.31,5.5,1,1.0,0.61,3.204,1.0,0.61,CT on P,0.6,
feature_0 <= 2.05 AND feature_0 > -0.059 AND feature_0 > 0.554 AND feature_6 <= 0.057 AND feature_1 > 0.663 AND feature_6 <= -0.542,3.666,0.02,1.43,5.1,6,0.87,0.53,2.593,3.0,0.49,CT on P,0.6,
feature_0 <= 2.05,0.796,0.98,0.97,1.76,1,0.19,0.51,0.76,1.0,0.53,CT on P,0.6,
feature_0 <= 2.05 AND feature_0 > -0.059 AND feature_0 > 0.554 AND feature_6 <= 0.057 AND feature_1 > 0.663,3.333,0.03,1.3,4.63,5,0.8,0.49,2.596,3.0,0.5,CT on P,0.6,
feature_0 <= 2.05 AND feature_0 > -0.059,1.532,0.5,0.82,2.35,2,0.37,0.42,1.499,1.0,0.48,CT on P,0.6,
feature_0 > 2.05,4.192,0.02,1.31,5.5,1,1.0,0.8,3.204,1.0,0.8,CT on P,0.8,
feature_0 <= 2.05 AND feature_0 > -0.059 AND feature_0 > 0.554 AND feature_6 <= 0.057 AND feature_1 > 0.663 AND feature_6 <= -0.542,3.666,0.02,1.43,5.1,6,0.87,0.7,2.593,3.0,0.65,CT on P,0.8,
feature_0 <= 2.05 AND feature_0 > -0.059 AND feature_0 > 0.554 AND feature_6 <= 0.057 AND feature_1 > 0.663,3.333,0.03,1.3,4.63,5,0.8,0.64,2.596,3.0,0.65,CT on P,0.8,
feature_0 <= 2.05 AND feature_0 > -0.059 AND feature_0 > 0.554 AND feature_6 <= 0.057 AND feature_1 > 0.663 AND feature_6 > -0.542,2.872,0.01,1.11,3.98,6,0.69,0.55,2.6,3.0,0.65,CT on P,0.8,
feature_0 <= 2.05 AND feature_0 > -0.059 AND feature_0 <= 0.554 AND feature_9 <= -1.284 AND feature_5 > 0.129,2.718,0.01,-0.43,2.29,5,0.65,0.52,1.068,3.0,0.27,CT on P,0.8,
feature_0 > 2.05,4.192,0.02,1.31,5.5,1,1.0,1.0,3.204,1.0,1.0,CT on P,1.0,
feature_0 <= 2.05 AND feature_0 > -0.059 AND feature_0 > 0.554 AND feature_6 <= 0.057 AND feature_1 > 0.663 AND feature_6 <= -0.542,3.666,0.02,1.43,5.1,6,0.87,0.87,2.593,3.0,0.81,CT on P,1.0,
feature_0 <= 2.05 AND feature_0 > -0.059 AND feature_0 > 0.554 AND feature_6 <= 0.057 AND feature_1 > 0.663,3.333,0.03,1.3,4.63,5,0.8,0.8,2.596,3.0,0.81,CT on P,1.0,
feature_0 <= 2.05 AND feature_0 > -0.059 AND feature_0 > 0.554 AND feature_6 <= 0.057 AND feature_1 > 0.663 AND feature_6 > -0.542,2.872,0.01,1.11,3.98,6,0.69,0.69,2.6,3.0,0.81,CT on P,1.0,
feature_0 <= 2.05 AND feature_0 > -0.059 AND feature_0 <= 0.554 AND feature_9 <= -1.284 AND feature_5 > 0.129,2.718,0.01,-0.43,2.29,5,0.65,0.65,1.068,3.0,0.33,CT on P,1.0,
feature_0 <= 1.353,0.379,0.74,,,1,0.03,0.74,0.636,1.0,0.74,CF,0.0,6.58
feature_0 <= 1.338,0.726,0.74,,,1,0.06,0.74,0.632,1.0,0.74,CF,0.0,6.58
feature_0 <= 1.422,0.478,0.74,,,1,0.04,0.74,0.655,1.0,0.74,CF,0.0,6.58
feature_0 <= 1.064,0.702,0.7,,,1,0.06,0.7,0.547,1.0,0.7,CF,0.0,6.58
feature_0 <= 1.006,0.363,0.69,,,1,0.03,0.69,0.525,1.0,0.69,CF,0.0,6.58
feature_0 <= 1.338,0.726,0.74,,,1,0.06,0.6,0.632,1.0,0.71,CF,0.2,6.58
feature_0 <= 1.422,0.478,0.74,,,1,0.04,0.6,0.655,1.0,0.71,CF,0.2,6.58
feature_0 <= 1.353,0.379,0.74,,,1,0.03,0.6,0.636,1.0,0.71,CF,0.2,6.58
feature_0 <= 1.064,0.702,0.7,,,1,0.06,0.57,0.547,1.0,0.66,CF,0.2,6.58
feature_0 > -0.967,1.097,0.68,,,1,0.09,0.56,1.105,1.0,0.74,CF,0.2,6.58
feature_0 <= 1.338,0.726,0.74,,,1,0.06,0.47,0.632,1.0,0.67,CF,0.4,6.58
feature_0 <= 1.422,0.478,0.74,,,1,0.04,0.46,0.655,1.0,0.68,CF,0.4,6.58
feature_0 <= 1.353,0.379,0.74,,,1,0.03,0.46,0.636,1.0,0.67,CF,0.4,6.58
feature_0 > -0.967,1.097,0.68,,,1,0.09,0.44,1.105,1.0,0.81,CF,0.4,6.58
feature_0 <= 1.064,0.702,0.7,,,1,0.06,0.44,0.547,1.0,0.62,CF,0.4,6.58
feature_0 > 0.818 AND feature_1 > -0.791 AND feature_1 > 1.513 AND feature_7 > 0.51,12.698,0.0,,,4,1.0,0.6,3.538,3.0,0.6,CF,0.6,6.58
feature_0 > 0.113 AND feature_0 > 1.652 AND feature_8 <= -1.183 AND feature_7 > 0.02,9.882,0.0,,,4,0.78,0.47,2.818,3.0,0.48,CF,0.6,6.58
feature_0 > 0.57 AND feature_0 > 1.794 AND feature_0 > 2.26 AND feature_6 > 1.066,9.263,0.0,,,4,0.73,0.44,3.5,2.0,0.59,CF,0.6,6.58
feature_0 > 0.949 AND feature_0 <= 2.107 AND feature_6 > 1.621 AND feature_6 > 1.824,8.691,0.01,,,4,0.68,0.41,2.028,2.0,0.35,CF,0.6,6.58
feature_0 > -0.595 AND feature_1 > 1.189 AND feature_0 > 0.399 AND feature_9 <= -1.638,8.481,0.0,,,4,0.67,0.4,2.635,3.0,0.45,CF,0.6,6.58
feature_0 > 0.818 AND feature_1 > -0.791 AND feature_1 > 1.513 AND feature_7 > 0.51,12.698,0.0,,,4,1.0,0.8,3.538,3.0,0.8,CF,0.8,6.58
feature_0 > 0.113 AND feature_0 > 1.652 AND feature_8 <= -1.183 AND feature_7 > 0.02,9.882,0.0,,,4,0.78,0.62,2.818,3.0,0.64,CF,0.8,6.58
feature_0 > 0.57 AND feature_0 > 1.794 AND feature_0 > 2.26 AND feature_6 > 1.066,9.263,0.0,,,4,0.73,0.58,3.5,2.0,0.79,CF,0.8,6.58
feature_0 > 0.949 AND feature_0 <= 2.107 AND feature_6 > 1.621 AND feature_6 > 1.824,8.691,0.01,,,4,0.68,0.55,2.028,2.0,0.46,CF,0.8,6.58
feature_0 > -0.595 AND feature_1 > 1.189 AND feature_0 > 0.399 AND feature_9 <= -1.638,8.481,0.0,,,4,0.67,0.53,2.635,3.0,0.6,CF,0.8,6.58
feature_0 > 0.818 AND feature_1 > -0.791 AND feature_1 > 1.513 AND feature_7 > 0.51,12.698,0.0,,,4,1.0,1.0,3.538,3.0,1.0,CF,1.0,6.58
feature_0 > 0.113 AND feature_0 > 1.652 AND feature_8 <= -1.183 AND feature_7 > 0.02,9.882,0.0,,,4,0.78,0.78,2.818,3.0,0.8,CF,1.0,6.58
feature_0 > 0.57 AND feature_0 > 1.794 AND feature_0 > 2.26 AND feature_6 > 1.066,9.263,0.0,,,4,0.73,0.73,3.5,2.0,0.99,CF,1.0,6.58
feature_0 > 0.949 AND feature_0 <= 2.107 AND feature_6 > 1.621 AND feature_6 > 1.824,8.691,0.01,,,4,0.68,0.68,2.028,2.0,0.57,CF,1.0,6.58
feature_0 > -0.595 AND feature_1 > 1.189 AND feature_0 > 0.399 AND feature_9 <= -1.638,8.481,0.0,,,4,0.67,0.67,2.635,3.0,0.74,CF,1.0,6.58
feature_0 > -0.462,1.331,0.58,,,1,0.45,0.58,1.333,1.0,0.58,CF SingleTree,0.0,0.57
feature_0 > -0.462 AND feature_0 <= 0.894,1.05,0.44,,,2,0.35,0.44,0.987,1.0,0.44,CF SingleTree,0.0,0.57
feature_0 <= -0.462,0.23,0.3,,,1,0.08,0.3,0.308,1.0,0.3,CF SingleTree,0.0,0.57
feature_0 > -0.462 AND feature_0 <= 0.894 AND feature_1 <= 0.323,0.861,0.28,,,3,0.29,0.28,0.671,2.0,0.28,CF SingleTree,0.0,0.57
feature_0 > -0.462 AND feature_0 <= 0.894 AND feature_1 > 0.323,1.366,0.18,,,3,0.46,0.18,1.517,2.0,0.18,CF SingleTree,0.0,0.57
feature_0 > -0.462,1.331,0.58,,,1,0.45,0.55,1.333,1.0,0.58,CF SingleTree,0.2,0.57
feature_0 > -0.462 AND feature_0 <= 0.894,1.05,0.44,,,2,0.35,0.42,0.987,1.0,0.44,CF SingleTree,0.2,0.57
feature_0 > -0.462 AND feature_0 > 0.894,2.065,0.18,,,2,0.7,0.28,2.239,1.0,0.34,CF SingleTree,0.2,0.57
feature_0 > -0.462 AND feature_0 <= 0.894 AND feature_1 <= 0.323,0.861,0.28,,,3,0.29,0.28,0.671,2.0,0.28,CF SingleTree,0.2,0.57
feature_0 <= -0.462,0.23,0.3,,,1,0.08,0.26,0.308,1.0,0.27,CF SingleTree,0.2,0.57
feature_0 > -0.462,1.331,0.58,,,1,0.45,0.53,1.333,1.0,0.52,CF SingleTree,0.4,0.57
feature_0 > -0.462 AND feature_0 > 0.894 AND feature_0 > 1.71 AND feature_0 > 2.026,2.966,0.02,,,4,1.0,0.41,3.19,1.0,0.41,CF SingleTree,0.4,0.57
feature_0 > -0.462 AND feature_0 <= 0.894,1.05,0.44,,,2,0.35,0.41,0.987,1.0,0.39,CF SingleTree,0.4,0.57
feature_0 > -0.462 AND feature_0 > 0.894 AND feature_0 > 1.71,2.788,0.04,,,3,0.94,0.4,2.939,1.0,0.39,CF SingleTree,0.4,0.57
feature_0 > -0.462 AND feature_0 > 0.894,2.065,0.18,,,2,0.7,0.39,2.239,1.0,0.39,CF SingleTree,0.4,0.57
feature_0 > -0.462 AND feature_0 > 0.894 AND feature_0 > 1.71 AND feature_0 > 2.026,2.966,0.02,,,4,1.0,0.61,3.19,1.0,0.61,CF SingleTree,0.6,0.57
feature_0 > -0.462 AND feature_0 > 0.894 AND feature_0 > 1.71,2.788,0.04,,,3,0.94,0.58,2.939,1.0,0.57,CF SingleTree,0.6,0.57
feature_0 > -0.462 AND feature_0 > 0.894 AND feature_0 > 1.71 AND feature_0 <= 2.026,2.59,0.02,,,4,0.87,0.53,2.659,1.0,0.51,CF SingleTree,0.6,0.57
feature_0 > -0.462,1.331,0.58,,,1,0.45,0.5,1.333,1.0,0.48,CF SingleTree,0.6,0.57
feature_0 > -0.462 AND feature_0 > 0.894,2.065,0.18,,,2,0.7,0.49,2.239,1.0,0.49,CF SingleTree,0.6,0.57
feature_0 > -0.462 AND feature_0 > 0.894 AND feature_0 > 1.71 AND feature_0 > 2.026,2.966,0.02,,,4,1.0,0.8,3.19,1.0,0.8,CF SingleTree,0.8,0.57
feature_0 > -0.462 AND feature_0 > 0.894 AND feature_0 > 1.71,2.788,0.04,,,3,0.94,0.76,2.939,1.0,0.75,CF SingleTree,0.8,0.57
feature_0 > -0.462 AND feature_0 > 0.894 AND feature_0 > 1.71 AND feature_0 <= 2.026,2.59,0.02,,,4,0.87,0.7,2.659,1.0,0.67,CF SingleTree,0.8,0.57
feature_0 > -0.462 AND feature_0 > 0.894,2.065,0.18,,,2,0.7,0.59,2.239,1.0,0.6,CF SingleTree,0.8,0.57
feature_0 > -0.462 AND feature_0 > 0.894 AND feature_0 <= 1.71 AND feature_1 > 0.323,2.118,0.06,,,4,0.71,0.58,2.549,2.0,0.65,CF SingleTree,0.8,0.57
feature_0 > -0.462 AND feature_0 > 0.894 AND feature_0 > 1.71 AND feature_0 > 2.026,2.966,0.02,,,4,1.0,1.0,3.19,1.0,1.0,CF SingleTree,1.0,0.57
feature_0 > -0.462 AND feature_0 > 0.894 AND feature_0 > 1.71,2.788,0.04,,,3,0.94,0.94,2.939,1.0,0.92,CF SingleTree,1.0,0.57
feature_0 > -0.462 AND feature_0 > 0.894 AND feature_0 > 1.71 AND feature_0 <= 2.026,2.59,0.02,,,4,0.87,0.87,2.659,1.0,0.83,CF SingleTree,1.0,0.57
feature_0 > -0.462 AND feature_0 > 0.894 AND feature_0 <= 1.71 AND feature_1 > 0.323,2.118,0.06,,,4,0.71,0.71,2.549,2.0,0.8,CF SingleTree,1.0,0.57
feature_0 > -0.462 AND feature_0 > 0.894,2.065,0.18,,,2,0.7,0.7,2.239,1.0,0.7,CF SingleTree,1.0,0.57
feature_7 <= 0.938,0.781,0.51,1.0,1.78,1,0.19,0.51,0.818,1.0,0.51,CT on D,0.0,
feature_7 <= 0.938 AND feature_0 > -0.87,1.155,0.45,0.92,2.08,2,0.28,0.45,1.153,2.0,0.45,CT on D,0.0,
feature_7 <= 0.938 AND feature_0 > -0.87 AND feature_0 <= 0.515,0.718,0.32,0.85,1.57,3,0.17,0.32,0.674,2.0,0.32,CT on D,0.0,
feature_7 <= 0.938 AND feature_0 > -0.87 AND feature_0 <= 0.515 AND feature_1 <= 1.118,0.515,0.28,0.83,1.34,4,0.13,0.28,0.525,3.0,0.28,CT on D,0.0,
feature_7 <= 0.938 AND feature_0 > -0.87 AND feature_0 > 0.515,1.881,0.22,1.04,2.92,3,0.46,0.22,1.949,2.0,0.22,CT on D,0.0,
feature_7 <= 0.938,0.781,0.51,1.0,1.78,1,0.19,0.45,0.818,1.0,0.49,CT on D,0.2,
feature_7 <= 0.938 AND feature_0 > -0.87,1.155,0.45,0.92,2.08,2,0.28,0.42,1.153,2.0,0.48,CT on D,0.2,
feature_7 <= 0.938 AND feature_0 > -0.87 AND feature_0 <= 0.515,0.718,0.32,0.85,1.57,3,0.17,0.29,0.674,2.0,0.33,CT on D,0.2,
feature_7 <= 0.938 AND feature_0 > -0.87 AND feature_0 > 0.515,1.881,0.22,1.04,2.92,3,0.46,0.27,1.949,2.0,0.38,CT on D,0.2,
feature_7 <= 0.938 AND feature_0 > -0.87 AND feature_0 <= 0.515 AND feature_1 <= 1.118,0.515,0.28,0.83,1.34,4,0.13,0.25,0.525,3.0,0.28,CT on D,0.2,
feature_7 > 0.938 AND feature_3 > -0.366 AND feature_3 <= 1.156 AND feature_0 > -0.787 AND feature_0 > 0.156 AND feature_1 > 0.563,4.099,0.02,0.97,5.07,6,1.0,0.41,2.402,4.0,0.31,CT on D,0.4,
feature_7 <= 0.938 AND feature_0 > -0.87 AND feature_0 > 0.515 AND feature_1 > 0.43 AND feature_0 > 1.36 AND feature_5 <= -0.075,4.106,0.01,1.57,5.67,6,1.0,0.41,3.273,4.0,0.41,CT on D,0.4,
feature_7 <= 0.938 AND feature_0 > -0.87 AND feature_0 > 0.515 AND feature_1 <= 0.43 AND feature_0 > 1.464 AND feature_8 <= -0.576,3.916,0.01,0.3,4.22,6,0.95,0.39,2.434,4.0,0.3,CT on D,0.4,
feature_7 <= 0.938 AND feature_0 > -0.87,1.155,0.45,0.92,2.08,2,0.28,0.38,1.153,2.0,0.41,CT on D,0.4,
feature_7 <= 0.938,0.781,0.51,1.0,1.78,1,0.19,0.38,0.818,1.0,0.41,CT on D,0.4,
feature_7 > 0.938 AND feature_3 > -0.366 AND feature_3 <= 1.156 AND feature_0 > -0.787 AND feature_0 > 0.156 AND feature_1 > 0.563,4.099,0.02,0.97,5.07,6,1.0,0.61,2.402,4.0,0.45,CT on D,0.6,
feature_7 <= 0.938 AND feature_0 > -0.87 AND feature_0 > 0.515 AND feature_1 > 0.43 AND feature_0 > 1.36 AND feature_5 <= -0.075,4.106,0.01,1.57,5.67,6,1.0,0.6,3.273,4.0,0.6,CT on D,0.6,
feature_7 <= 0.938 AND feature_0 > -0.87 AND feature_0 > 0.515 AND feature_1 <= 0.43 AND feature_0 > 1.464 AND feature_8 <= -0.576,3.916,0.01,0.3,4.22,6,0.95,0.58,2.434,4.0,0.45,CT on D,0.6,
feature_7 <= 0.938 AND feature_0 > -0.87 AND feature_0 > 0.515 AND feature_1 > 0.43 AND feature_0 > 1.36,3.389,0.02,1.81,5.2,5,0.83,0.5,3.235,3.0,0.6,CT on D,0.6,
feature_7 <= 0.938 AND feature_0 > -0.87 AND feature_0 <= 0.515 AND feature_1 > 1.118 AND feature_2 > 0.868,2.971,0.01,0.27,3.24,5,0.72,0.44,1.641,4.0,0.3,CT on D,0.6,
feature_7 > 0.938 AND feature_3 > -0.366 AND feature_3 <= 1.156 AND feature_0 > -0.787 AND feature_0 > 0.156 AND feature_1 > 0.563,4.099,0.02,0.97,5.07,6,1.0,0.8,2.402,4.0,0.59,CT on D,0.8,
feature_7 <= 0.938 AND feature_0 > -0.87 AND feature_0 > 0.515 AND feature_1 > 0.43 AND feature_0 > 1.36 AND feature_5 <= -0.075,4.106,0.01,1.57,5.67,6,1.0,0.8,3.273,4.0,0.8,CT on D,0.8,
feature_7 <= 0.938 AND feature_0 > -0.87 AND feature_0 > 0.515 AND feature_1 <= 0.43 AND feature_0 > 1.464 AND feature_8 <= -0.576,3.916,0.01,0.3,4.22,6,0.95,0.76,2.434,4.0,0.6,CT on D,0.8,
feature_7 <= 0.938 AND feature_0 > -0.87 AND feature_0 > 0.515 AND feature_1 > 0.43 AND feature_0 > 1.36,3.389,0.02,1.81,5.2,5,0.83,0.66,3.235,3.0,0.79,CT on D,0.8,
feature_7 <= 0.938 AND feature_0 > -0.87 AND feature_0 <= 0.515 AND feature_1 > 1.118 AND feature_2 > 0.868,2.971,0.01,0.27,3.24,5,0.72,0.58,1.641,4.0,0.4,CT on D,0.8,
feature_7 <= 0.938 AND feature_0 > -0.87 AND feature_0 > 0.515 AND feature_1 > 0.43 AND feature_0 > 1.36 AND feature_5 <= -0.075,4.106,0.01,1.57,5.67,6,1.0,1.0,3.273,4.0,1.0,CT on D,1.0,
feature_7 > 0.938 AND feature_3 > -0.366 AND feature_3 <= 1.156 AND feature_0 > -0.787 AND feature_0 > 0.156 AND feature_1 > 0.563,4.099,0.02,0.97,5.07,6,1.0,1.0,2.402,4.0,0.73,CT on D,1.0,
feature_7 <= 0.938 AND feature_0 > -0.87 AND feature_0 > 0.515 AND feature_1 <= 0.43 AND feature_0 > 1.464 AND feature_8 <= -0.576,3.916,0.01,0.3,4.22,6,0.95,0.95,2.434,4.0,0.74,CT on D,1.0,
feature_7 <= 0.938 AND feature_0 > -0.87 AND feature_0 > 0.515 AND feature_1 > 0.43 AND feature_0 > 1.36,3.389,0.02,1.81,5.2,5,0.83,0.83,3.235,3.0,0.99,CT on D,1.0,
feature_7 <= 0.938 AND feature_0 > -0.87 AND feature_0 <= 0.515 AND feature_1 > 1.118 AND feature_2 > 0.868,2.971,0.01,0.27,3.24,5,0.72,0.72,1.641,4.0,0.5,CT on D,1.0,
feature_2 > -0.818,0.889,0.79,1.33,2.22,1,0.18,0.79,0.803,1.0,0.79,CT on P,0.0,
feature_2 > -0.818 AND feature_0 > -0.206,1.632,0.46,1.31,2.94,2,0.33,0.46,1.476,2.0,0.46,CT on P,0.0,
feature_2 > -0.818 AND feature_0 > -0.206 AND feature_1 <= 1.116,1.355,0.4,1.29,2.65,3,0.27,0.4,1.321,3.0,0.4,CT on P,0.0,
feature_2 > -0.818 AND feature_0 > -0.206 AND feature_1 <= 1.116 AND feature_3 <= 1.659,1.489,0.37,1.11,2.6,4,0.3,0.37,1.323,4.0,0.37,CT on P,0.0,
feature_2 > -0.818 AND feature_0 > -0.206 AND feature_1 <= 1.116 AND feature_3 <= 1.659 AND feature_0 <= 1.467,1.299,0.32,1.07,2.36,5,0.26,0.32,1.158,4.0,0.32,CT on P,0.0,
feature_2 > -0.818,0.889,0.79,1.33,2.22,1,0.18,0.67,0.803,1.0,0.74,CT on P,0.2,
feature_2 > -0.818 AND feature_0 > -0.206,1.632,0.46,1.31,2.94,2,0.33,0.43,1.476,2.0,0.57,CT on P,0.2,
feature_2 > -0.818 AND feature_0 > -0.206 AND feature_1 <= 1.116,1.355,0.4,1.29,2.65,3,0.27,0.37,1.321,3.0,0.5,CT on P,0.2,
feature_2 > -0.818 AND feature_0 > -0.206 AND feature_1 <= 1.116 AND feature_3 <= 1.659,1.489,0.37,1.11,2.6,4,0.3,0.36,1.323,4.0,0.48,CT on P,0.2,
feature_2 > -0.818 AND feature_0 > -0.206 AND feature_1 <= 1.116 AND feature_3 <= 1.659 AND feature_0 <= 1.467,1.299,0.32,1.07,2.36,5,0.26,0.31,1.158,4.0,0.41,CT on P,0.2,
feature_2 > -0.818,0.889,0.79,1.33,2.22,1,0.18,0.55,0.803,1.0,0.6,CT on P,0.4,
feature_2 > -0.818 AND feature_0 > -0.206 AND feature_1 > 1.116 AND feature_6 > 0.234,4.987,0.02,0.58,5.57,4,1.0,0.41,2.513,4.0,0.41,CT on P,0.4,
feature_2 > -0.818 AND feature_0 > -0.206,1.632,0.46,1.31,2.94,2,0.33,0.41,1.476,2.0,0.51,CT on P,0.4,
feature_2 > -0.818 AND feature_0 > -0.206 AND feature_1 <= 1.116,1.355,0.4,1.29,2.65,3,0.27,0.35,1.321,3.0,0.45,CT on P,0.4,
feature_2 > -0.818 AND feature_0 > -0.206 AND feature_1 <= 1.116 AND feature_3 <= 1.659,1.489,0.37,1.11,2.6,4,0.3,0.34,1.323,4.0,0.43,CT on P,0.4,
feature_2 > -0.818 AND feature_0 > -0.206 AND feature_1 > 1.116 AND feature_6 > 0.234,4.987,0.02,0.58,5.57,4,1.0,0.61,2.513,4.0,0.6,CT on P,0.6,
feature_2 > -0.818 AND feature_0 > -0.206 AND feature_1 <= 1.116 AND feature_3 <= 1.659 AND feature_0 > 1.467 AND feature_7 > 0.196,3.708,0.02,1.0,4.71,6,0.74,0.45,2.536,5.0,0.61,CT on P,0.6,
feature_2 > -0.818 AND feature_0 > -0.206 AND feature_1 > 1.116,3.388,0.06,1.42,4.81,3,0.68,0.43,2.459,3.0,0.61,CT on P,0.6,
feature_2 > -0.818,0.889,0.79,1.33,2.22,1,0.18,0.42,0.803,1.0,0.51,CT on P,0.6,
feature_2 > -0.818 AND feature_0 <= -0.206 AND feature_1 <= 0.062 AND feature_0 <= -1.721,3.231,0.02,2.68,-0.56,4,0.65,0.4,1.674,3.0,0.4,CT on P,0.6,
feature_2 > -0.818 AND feature_0 > -0.206 AND feature_1 > 1.116 AND feature_6 > 0.234,4.987,0.02,0.58,5.57,4,1.0,0.8,2.513,4.0,0.8,CT on P,0.8,
feature_2 > -0.818 AND feature_0 > -0.206 AND feature_1 <= 1.116 AND feature_3 <= 1.659 AND feature_0 > 1.467 AND feature_7 > 0.196,3.708,0.02,1.0,4.71,6,0.74,0.6,2.536,5.0,0.8,CT on P,0.8,
feature_2 > -0.818 AND feature_0 > -0.206 AND feature_1 > 1.116,3.388,0.06,1.42,4.81,3,0.68,0.56,2.459,3.0,0.79,CT on P,0.8,
feature_2 > -0.818 AND feature_0 <= -0.206 AND feature_1 <= 0.062 AND feature_0 <= -1.721,3.231,0.02,2.68,-0.56,4,0.65,0.52,1.674,3.0,0.53,CT on P,0.8,
feature_2 > -0.818 AND feature_0 > -0.206 AND feature_1 > 1.116 AND feature_6 <= 0.234 AND feature_6 > -0.686,3.187,0.02,1.5,4.69,5,0.64,0.52,2.375,4.0,0.75,CT on P,0.8,
feature_2 > -0.818 AND feature_0 > -0.206 AND feature_1 > 1.116 AND feature_6 > 0.234,4.987,0.02,0.58,5.57,4,1.0,1.0,2.513,4.0,0.99,CT on P,1.0,
feature_2 > -0.818 AND feature_0 > -0.206 AND feature_1 <= 1.116 AND feature_3 <= 1.659 AND feature_0 > 1.467 AND feature_7 > 0.196,3.708,0.02,1.0,4.71,6,0.74,0.74,2.536,5.0,1.0,CT on P,1.0,
feature_2 > -0.818 AND feature_0 > -0.206 AND feature_1 > 1.116,3.388,0.06,1.42,4.81,3,0.68,0.68,2.459,3.0,0.97,CT on P,1.0,
feature_2 > -0.818 AND feature_0 <= -0.206 AND feature_1 <= 0.062 AND feature_0 <= -1.721,3.231,0.02,2.68,-0.56,4,0.65,0.65,1.674,3.0,0.66,CT on P,1.0,
feature_2 > -0.818 AND feature_0 > -0.206 AND feature_1 > 1.116 AND feature_6 <= 0.234 AND feature_6 > -0.686,3.187,0.02,1.5,4.69,5,0.64,0.64,2.375,4.0,0.94,CT on P,1.0,
feature_0 > -0.364 AND feature_3 > -1.657 AND feature_3 > -0.245,1.544,0.64,,,3,0.06,0.64,1.391,2.0,0.64,CF,0.0,6.09
feature_0 > -0.364 AND feature_3 > -1.657 AND feature_3 > -0.245 AND feature_0 <= 1.563,1.383,0.59,,,4,0.05,0.59,1.249,2.0,0.59,CF,0.0,6.09
feature_0 <= 1.543,0.645,0.56,,,1,0.03,0.56,0.684,1.0,0.56,CF,0.0,6.09
feature_0 <= 1.474,0.849,0.56,,,1,0.03,0.56,0.668,1.0,0.56,CF,0.0,6.09
feature_0 <= 1.568,0.523,0.56,,,1,0.02,0.56,0.688,1.0,0.56,CF,0.0,6.09
feature_0 > -0.364 AND feature_3 > -1.657 AND feature_3 > -0.245,1.544,0.64,,,3,0.06,0.52,1.391,2.0,0.71,CF,0.2,6.09
feature_0 > -0.364 AND feature_3 > -1.657 AND feature_3 > -0.245 AND feature_0 <= 1.563,1.383,0.59,,,4,0.05,0.48,1.249,2.0,0.65,CF,0.2,6.09
feature_0 <= 1.474,0.849,0.56,,,1,0.03,0.45,0.668,1.0,0.54,CF,0.2,6.09
feature_0 <= 1.543,0.645,0.56,,,1,0.03,0.45,0.684,1.0,0.55,CF,0.2,6.09
feature_0 <= 1.568,0.523,0.56,,,1,0.02,0.45,0.688,1.0,0.55,CF,0.2,6.09
feature_0 > -0.364 AND feature_3 > -1.657 AND feature_3 > -0.245,1.544,0.64,,,3,0.06,0.41,1.391,2.0,0.63,CF,0.4,6.09
feature_0 > -0.906 AND feature_1 > 1.146 AND feature_9 > 1.446 AND feature_4 <= -0.667,25.511,0.0,,,4,1.0,0.4,2.22,4.0,0.4,CF,0.4,6.09
feature_0 > -0.364 AND feature_3 > -1.657 AND feature_3 > -0.245 AND feature_0 <= 1.563,1.383,0.59,,,4,0.05,0.38,1.249,2.0,0.58,CF,0.4,6.09
feature_0 <= 1.474,0.849,0.56,,,1,0.03,0.35,0.668,1.0,0.46,CF,0.4,6.09
feature_0 <= 1.543,0.645,0.56,,,1,0.03,0.35,0.684,1.0,0.46,CF,0.4,6.09
feature_0 > -0.906 AND feature_1 > 1.146 AND feature_9 > 1.446 AND feature_4 <= -0.667,25.511,0.0,,,4,1.0,0.6,2.22,4.0,0.6,CF,0.6,6.09
feature_0 > -0.364 AND feature_3 > -1.657 AND feature_3 > -0.245,1.544,0.64,,,3,0.06,0.29,1.391,2.0,0.63,CF,0.6,6.09
feature_0 > -0.364 AND feature_3 > -1.657 AND feature_3 > -0.245 AND feature_0 <= 1.563,1.383,0.59,,,4,0.05,0.27,1.249,2.0,0.57,CF,0.6,6.09
feature_0 <= 1.474,0.849,0.56,,,1,0.03,0.24,0.668,1.0,0.4,CF,0.6,6.09
feature_0 > -1.14,1.183,0.54,,,1,0.05,0.24,1.047,1.0,0.5,CF,0.6,6.09
feature_0 > -0.906 AND feature_1 > 1.146 AND feature_9 > 1.446 AND feature_4 <= -0.667,25.511,0.0,,,4,1.0,0.8,2.22,4.0,0.46,CF,0.8,6.09
feature_0 > -0.482 AND feature_1 > 1.165 AND feature_1 > 1.81 AND feature_3 > 1.13,9.065,0.01,,,4,0.36,0.29,2.63,3.0,0.54,CF,0.8,6.09
feature_0 > 0.084 AND feature_1 > 0.899 AND feature_0 > 1.908 AND feature_6 > 0.3,8.568,0.0,,,4,0.34,0.27,3.889,3.0,0.8,CF,0.8,6.09
feature_0 > -1.068 AND feature_1 > 1.672 AND feature_6 > -0.214 AND feature_2 > 1.03,7.96,0.01,,,4,0.31,0.25,2.498,4.0,0.52,CF,0.8,6.09
feature_0 > 0.272 AND feature_1 > 0.458 AND feature_2 > 1.356 AND feature_5 > 0.875,7.364,0.0,,,4,0.29,0.23,2.542,4.0,0.52,CF,0.8,6.09
feature_0 > -0.906 AND feature_1 > 1.146 AND feature_9 > 1.446 AND feature_4 <= -0.667,25.511,0.0,,,4,1.0,1.0,2.22,4.0,0.57,CF,1.0,6.09
feature_0 > -0.482 AND feature_1 > 1.165 AND feature_1 > 1.81 AND feature_3 > 1.13,9.065,0.01,,,4,0.36,0.36,2.63,3.0,0.68,CF,1.0,6.09
feature_0 > 0.084 AND feature_1 > 0.899 AND feature_0 > 1.908 AND feature_6 > 0.3,8.568,0.0,,,4,0.34,0.34,3.889,3.0,1.0,CF,1.0,6.09
feature_0 > -1.068 AND feature_1 > 1.672 AND feature_6 > -0.214 AND feature_2 > 1.03,7.96,0.01,,,4,0.31,0.31,2.498,4.0,0.64,CF,1.0,6.09
feature_0 > 0.272 AND feature_1 > 0.458 AND feature_2 > 1.356 AND feature_5 > 0.875,7.364,0.0,,,4,0.29,0.29,2.542,4.0,0.65,CF,1.0,6.09
feature_0 <= 0.066,0.205,0.38,,,1,0.07,0.38,0.052,1.0,0.38,CF SingleTree,0.0,0.64
feature_0 > 0.066,1.322,0.36,,,1,0.48,0.36,1.643,1.0,0.36,CF SingleTree,0.0,0.64
feature_0 > 0.066 AND feature_0 <= 1.468,1.151,0.32,,,2,0.42,0.32,1.461,1.0,0.32,CF SingleTree,0.0,0.64
feature_0 > 0.066 AND feature_0 <= 1.468 AND feature_1 <= 1.158,1.016,0.29,,,3,0.37,0.29,1.319,2.0,0.29,CF SingleTree,0.0,0.64
feature_0 <= 0.066 AND feature_0 > -0.931,0.527,0.27,,,2,0.19,0.27,0.414,1.0,0.27,CF SingleTree,0.0,0.64
feature_0 > 0.066,1.322,0.36,,,1,0.48,0.38,1.643,1.0,0.49,CF SingleTree,0.2,0.64
feature_0 > 0.066 AND feature_0 <= 1.468,1.151,0.32,,,2,0.42,0.34,1.461,1.0,0.43,CF SingleTree,0.2,0.64
feature_0 <= 0.066,0.205,0.38,,,1,0.07,0.32,0.052,1.0,0.31,CF SingleTree,0.2,0.64
feature_0 > 0.066 AND feature_0 <= 1.468 AND feature_1 <= 1.158,1.016,0.29,,,3,0.37,0.31,1.319,2.0,0.39,CF SingleTree,0.2,0.64
feature_0 <= 0.066 AND feature_0 > -0.931,0.527,0.27,,,2,0.19,0.25,0.414,1.0,0.27,CF SingleTree,0.2,0.64
feature_0 > 0.066,1.322,0.36,,,1,0.48,0.41,1.643,1.0,0.4,CF SingleTree,0.4,0.64
feature_0 > 0.066 AND feature_0 > 1.468 AND feature_0 > 1.808 AND feature_1 > 0.435,2.771,0.01,,,4,1.0,0.41,3.581,2.0,0.41,CF SingleTree,0.4,0.64
feature_0 > 0.066 AND feature_0 > 1.468 AND feature_0 > 1.808,2.56,0.04,,,3,0.92,0.39,3.016,1.0,0.36,CF SingleTree,0.4,0.64
feature_0 > 0.066 AND feature_0 > 1.468 AND feature_0 <= 1.808 AND feature_1 > 1.148,2.638,0.0,,,4,0.95,0.38,3.456,2.0,0.39,CF SingleTree,0.4,0.64
feature_0 > 0.066 AND feature_0 > 1.468,2.326,0.07,,,2,0.84,0.38,2.718,1.0,0.35,CF SingleTree,0.4,0.64
feature_0 > 0.066 AND feature_0 > 1.468 AND feature_0 > 1.808 AND feature_1 > 0.435,2.771,0.01,,,4,1.0,0.6,3.581,2.0,0.6,CF SingleTree,0.6,0.64
feature_0 > 0.066 AND feature_0 > 1.468 AND feature_0 <= 1.808 AND feature_1 > 1.148,2.638,0.0,,,4,0.95,0.57,3.456,2.0,0.58,CF SingleTree,0.6,0.64
feature_0 > 0.066 AND feature_0 > 1.468 AND feature_0 > 1.808,2.56,0.04,,,3,0.92,0.57,3.016,1.0,0.52,CF SingleTree,0.6,0.64
feature_0 > 0.066 AND feature_0 > 1.468 AND feature_0 > 1.808 AND feature_1 <= 0.435,2.441,0.02,,,4,0.88,0.54,2.699,2.0,0.46,CF SingleTree,0.6,0.64
feature_0 > 0.066 AND feature_0 > 1.468,2.326,0.07,,,2,0.84,0.53,2.718,1.0,0.48,CF SingleTree,0.6,0.64
feature_0 > 0.066 AND feature_0 > 1.468 AND feature_0 > 1.808 AND feature_1 > 0.435,2.771,0.01,,,4,1.0,0.8,3.581,2.0,0.8,CF SingleTree,0.8,0.64
feature_0 > 0.066 AND feature_0 > 1.468 AND feature_0 <= 1.808 AND feature_1 > 1.148,2.638,0.0,,,4,0.95,0.76,3.456,2.0,0.77,CF SingleTree,0.8,0.64
feature_0 > 0.066 AND feature_0 > 1.468 AND feature_0 > 1.808,2.56,0.04,,,3,0.92,0.75,3.016,1.0,0.68,CF SingleTree,0.8,0.64
feature_0 > 0.066 AND feature_0 > 1.468 AND feature_0 > 1.808 AND feature_1 <= 0.435,2.441,0.02,,,4,0.88,0.71,2.699,2.0,0.61,CF SingleTree,0.8,0.64
feature_0 > 0.066 AND feature_0 > 1.468,2.326,0.07,,,2,0.84,0.69,2.718,1.0,0.62,CF SingleTree,0.8,0.64
feature_0 > 0.066 AND feature_0 > 1.468 AND feature_0 > 1.808 AND feature_1 > 0.435,2.771,0.01,,,4,1.0,1.0,3.581,2.0,1.0,CF SingleTree,1.0,0.64
feature_0 > 0.066 AND feature_0 > 1.468 AND feature_0 <= 1.808 AND feature_1 > 1.148,2.638,0.0,,,4,0.95,0.95,3.456,2.0,0.97,CF SingleTree,1.0,0.64
feature_0 > 0.066 AND feature_0 > 1.468 AND feature_0 > 1.808,2.56,0.04,,,3,0.92,0.92,3.016,1.0,0.84,CF SingleTree,1.0,0.64
feature_0 > 0.066 AND feature_0 > 1.468 AND feature_0 > 1.808 AND feature_1 <= 0.435,2.441,0.02,,,4,0.88,0.88,2.699,2.0,0.75,CF SingleTree,1.0,0.64
feature_0 > 0.066 AND feature_0 <= 1.468 AND feature_1 > 1.158 AND feature_0 > 0.588,2.339,0.03,,,4,0.84,0.84,2.856,2.0,0.8,CF SingleTree,1.0,0.64
feature_7 <= 1.133,0.844,0.66,0.94,1.78,1,0.2,0.66,0.784,1.0,0.66,CT on D,0.0,
feature_7 <= 1.133 AND feature_0 <= 0.003,0.065,0.38,1.03,1.1,2,0.02,0.38,0.014,2.0,0.38,CT on D,0.0,
feature_7 <= 1.133 AND feature_0 > 0.003,1.657,0.37,0.85,2.5,2,0.39,0.37,1.588,2.0,0.37,CT on D,0.0,
feature_7 <= 1.133 AND feature_0 > 0.003 AND feature_0 <= 1.415,1.435,0.32,0.8,2.23,3,0.34,0.32,1.395,2.0,0.32,CT on D,0.0,
feature_7 <= 1.133 AND feature_0 <= 0.003 AND feature_1 <= 0.7,0.21,0.3,1.06,0.85,3,0.05,0.3,0.228,3.0,0.3,CT on D,0.0,
feature_7 <= 1.133,0.844,0.66,0.94,1.78,1,0.2,0.57,0.784,1.0,0.63,CT on D,0.2,
feature_7 <= 1.133 AND feature_0 > 0.003,1.657,0.37,0.85,2.5,2,0.39,0.37,1.588,2.0,0.5,CT on D,0.2,
feature_7 <= 1.133 AND feature_0 > 0.003 AND feature_0 <= 1.415,1.435,0.32,0.8,2.23,3,0.34,0.32,1.395,2.0,0.43,CT on D,0.2,
feature_7 <= 1.133 AND feature_0 > 0.003 AND feature_0 <= 1.415 AND feature_8 > -1.703,1.529,0.3,0.76,2.29,4,0.36,0.31,1.392,3.0,0.42,CT on D,0.2,
feature_7 <= 1.133 AND feature_0 <= 0.003,0.065,0.38,1.03,1.1,2,0.02,0.31,0.014,2.0,0.31,CT on D,0.2,
feature_7 <= 1.133,0.844,0.66,0.94,1.78,1,0.2,0.48,0.784,1.0,0.48,CT on D,0.4,
feature_7 <= 1.133 AND feature_0 > 0.003 AND feature_0 > 1.415 AND feature_1 > 0.916,4.228,0.01,1.91,6.14,4,1.0,0.41,3.566,3.0,0.41,CT on D,0.4,
feature_7 <= 1.133 AND feature_0 > 0.003,1.657,0.37,0.85,2.5,2,0.39,0.38,1.588,2.0,0.4,CT on D,0.4,
feature_7 <= 1.133 AND feature_0 > 0.003 AND feature_0 > 1.415 AND feature_1 <= 0.916 AND feature_0 <= 1.546,3.796,0.01,0.21,4.01,5,0.9,0.37,2.107,3.0,0.24,CT on D,0.4,
feature_7 <= 1.133 AND feature_0 > 0.003 AND feature_0 <= 1.415,1.435,0.32,0.8,2.23,3,0.34,0.33,1.395,2.0,0.35,CT on D,0.4,
feature_7 <= 1.133 AND feature_0 > 0.003 AND feature_0 > 1.415 AND feature_1 > 0.916,4.228,0.01,1.91,6.14,4,1.0,0.6,3.566,3.0,0.6,CT on D,0.6,
feature_7 <= 1.133 AND feature_0 > 0.003 AND feature_0 > 1.415 AND feature_1 <= 0.916 AND feature_0 <= 1.546,3.796,0.01,0.21,4.01,5,0.9,0.54,2.107,3.0,0.36,CT on D,0.6,
feature_7 > 1.133 AND feature_6 > -0.615 AND feature_4 > -0.823 AND feature_0 > 0.136 AND feature_8 <= -0.019,3.138,0.01,0.62,3.75,5,0.74,0.45,1.676,5.0,0.29,CT on D,0.6,
feature_7 <= 1.133 AND feature_0 > 0.003 AND feature_0 > 1.415,2.889,0.06,1.11,4.0,3,0.68,0.43,2.656,2.0,0.47,CT on D,0.6,
feature_7 <= 1.133 AND feature_0 > 0.003 AND feature_0 > 1.415 AND feature_1 <= 0.916 AND feature_0 > 1.546 AND feature_6 > 0.158,2.911,0.02,0.93,3.84,6,0.69,0.42,2.563,4.0,0.44,CT on D,0.6,
feature_7 <= 1.133 AND feature_0 > 0.003 AND feature_0 > 1.415 AND feature_1 > 0.916,4.228,0.01,1.91,6.14,4,1.0,0.8,3.566,3.0,0.8,CT on D,0.8,
feature_7 <= 1.133 AND feature_0 > 0.003 AND feature_0 > 1.415 AND feature_1 <= 0.916 AND feature_0 <= 1.546,3.796,0.01,0.21,4.01,5,0.9,0.72,2.107,3.0,0.47,CT on D,0.8,
feature_7 > 1.133 AND feature_6 > -0.615 AND feature_4 > -0.823 AND feature_0 > 0.136 AND feature_8 <= -0.019,3.138,0.01,0.62,3.75,5,0.74,0.6,1.676,5.0,0.38,CT on D,0.8,
feature_7 <= 1.133 AND feature_0 > 0.003 AND feature_0 > 1.415,2.889,0.06,1.11,4.0,3,0.68,0.56,2.656,2.0,0.61,CT on D,0.8,
feature_7 <= 1.133 AND feature_0 > 0.003 AND feature_0 > 1.415 AND feature_1 <= 0.916 AND feature_0 > 1.546 AND feature_6 > 0.158,2.911,0.02,0.93,3.84,6,0.69,0.55,2.563,4.0,0.58,CT on D,0.8,
feature_7 <= 1.133 AND feature_0 > 0.003 AND feature_0 > 1.415 AND feature_1 > 0.916,4.228,0.01,1.91,6.14,4,1.0,1.0,3.566,3.0,1.0,CT on D,1.0,
feature_7 <= 1.133 AND feature_0 > 0.003 AND feature_0 > 1.415 AND feature_1 <= 0.916 AND feature_0 <= 1.546,3.796,0.01,0.21,4.01,5,0.9,0.9,2.107,3.0,0.59,CT on D,1.0,
feature_7 > 1.133 AND feature_6 > -0.615 AND feature_4 > -0.823 AND feature_0 > 0.136 AND feature_8 <= -0.019,3.138,0.01,0.62,3.75,5,0.74,0.74,1.676,5.0,0.47,CT on D,1.0,
feature_7 <= 1.133 AND feature_0 > 0.003 AND feature_0 > 1.415 AND feature_1 <= 0.916 AND feature_0 > 1.546 AND feature_6 > 0.158,2.911,0.02,0.93,3.84,6,0.69,0.69,2.563,4.0,0.72,CT on D,1.0,
feature_7 <= 1.133 AND feature_0 > 0.003 AND feature_0 > 1.415,2.889,0.06,1.11,4.0,3,0.68,0.68,2.656,2.0,0.74,CT on D,1.0,
feature_5 <= 1.105,0.938,0.87,1.04,1.98,1,0.26,0.87,0.78,1.0,0.87,CT on P,0.0,
feature_5 <= 1.105 AND feature_0 <= 2.002,0.889,0.85,1.03,1.92,2,0.24,0.85,0.731,2.0,0.85,CT on P,0.0,
feature_5 <= 1.105 AND feature_0 <= 2.002 AND feature_0 <= 0.048,0.186,0.46,1.1,1.28,3,0.05,0.46,0.04,2.0,0.46,CT on P,0.0,
feature_5 <= 1.105 AND feature_0 <= 2.002 AND feature_0 <= 0.048 AND feature_1 <= 1.282,0.057,0.41,1.08,1.14,4,0.02,0.41,0.094,3.0,0.41,CT on P,0.0,
feature_5 <= 1.105 AND feature_0 <= 2.002 AND feature_0 > 0.048,1.73,0.39,0.95,2.68,3,0.47,0.39,1.561,2.0,0.39,CT on P,0.0,
feature_5 <= 1.105,0.938,0.87,1.04,1.98,1,0.26,0.75,0.78,1.0,0.8,CT on P,0.2,
feature_5 <= 1.105 AND feature_0 <= 2.002,0.889,0.85,1.03,1.92,2,0.24,0.73,0.731,2.0,0.77,CT on P,0.2,
feature_5 <= 1.105 AND feature_0 <= 2.002 AND feature_0 > 0.048,1.73,0.39,0.95,2.68,3,0.47,0.41,1.561,2.0,0.51,CT on P,0.2,
feature_5 <= 1.105 AND feature_0 <= 2.002 AND feature_0 > 0.048 AND feature_8 > -1.843,1.802,0.37,0.92,2.72,4,0.49,0.39,1.561,3.0,0.5,CT on P,0.2,
feature_5 <= 1.105 AND feature_0 <= 2.002 AND feature_0 <= 0.048,0.186,0.46,1.1,1.28,3,0.05,0.38,0.04,2.0,0.37,CT on P,0.2,
feature_5 <= 1.105,0.938,0.87,1.04,1.98,1,0.26,0.62,0.78,1.0,0.62,CT on P,0.4,
feature_5 <= 1.105 AND feature_0 <= 2.002,0.889,0.85,1.03,1.92,2,0.24,0.61,0.731,2.0,0.6,CT on P,0.4,
feature_5 <= 1.105 AND feature_0 <= 2.002 AND feature_0 > 0.048,1.73,0.39,0.95,2.68,3,0.47,0.42,1.561,2.0,0.43,CT on P,0.4,
feature_5 <= 1.105 AND feature_0 <= 2.002 AND feature_0 > 0.048 AND feature_8 > -1.843,1.802,0.37,0.92,2.72,4,0.49,0.42,1.561,3.0,0.42,CT on P,0.4,
feature_5 <= 1.105 AND feature_0 > 2.002,3.677,0.02,1.66,5.33,2,1.0,0.41,3.151,2.0,0.41,CT on P,0.4,
feature_5 <= 1.105 AND feature_0 > 2.002,3.677,0.02,1.66,5.33,2,1.0,0.61,3.151,2.0,0.61,CT on P,0.6,
feature_5 <= 1.105 AND feature_0 <= 2.002 AND feature_0 > 0.048 AND feature_8 > -1.843 AND feature_3 > -0.386 AND feature_0 > 1.445,2.979,0.04,1.27,4.25,6,0.81,0.5,2.489,4.0,0.49,CT on P,0.6,
feature_5 <= 1.105,0.938,0.87,1.04,1.98,1,0.26,0.5,0.78,1.0,0.5,CT on P,0.6,
feature_5 <= 1.105 AND feature_0 <= 2.002,0.889,0.85,1.03,1.92,2,0.24,0.49,0.731,2.0,0.48,CT on P,0.6,
feature_5 <= 1.105 AND feature_0 <= 2.002 AND feature_0 > 0.048 AND feature_8 > -1.843 AND feature_3 > -0.386,1.923,0.33,0.93,2.85,5,0.52,0.45,1.565,4.0,0.43,CT on P,0.6,
feature_5 <= 1.105 AND feature_0 > 2.002,3.677,0.02,1.66,5.33,2,1.0,0.8,3.151,2.0,0.8,CT on P,0.8,
feature_5 <= 1.105 AND feature_0 <= 2.002 AND feature_0 > 0.048 AND feature_8 > -1.843 AND feature_3 > -0.386 AND feature_0 > 1.445,2.979,0.04,1.27,4.25,6,0.81,0.66,2.489,4.0,0.64,CT on P,0.8,
feature_5 > 1.105 AND feature_1 > -0.248 AND feature_5 > 1.229 AND feature_0 > 0.682,2.334,0.02,2.04,4.37,4,0.63,0.51,2.359,3.0,0.6,CT on P,0.8,
feature_5 <= 1.105 AND feature_0 <= 2.002 AND feature_0 <= 0.048 AND feature_1 > 1.282 AND feature_0 > -0.808 AND feature_8 > 0.033,2.228,0.02,1.28,3.51,6,0.61,0.49,1.515,4.0,0.39,CT on P,0.8,
feature_5 <= 1.105 AND feature_0 <= 2.002 AND feature_0 > 0.048 AND feature_8 > -1.843 AND feature_3 > -0.386,1.923,0.33,0.93,2.85,5,0.52,0.48,1.565,4.0,0.46,CT on P,0.8,
feature_5 <= 1.105 AND feature_0 > 2.002,3.677,0.02,1.66,5.33,2,1.0,1.0,3.151,2.0,1.0,CT on P,1.0,
feature_5 <= 1.105 AND feature_0 <= 2.002 AND feature_0 > 0.048 AND feature_8 > -1.843 AND feature_3 > -0.386 AND feature_0 > 1.445,2.979,0.04,1.27,4.25,6,0.81,0.81,2.489,4.0,0.79,CT on P,1.0,
feature_5 > 1.105 AND feature_1 > -0.248 AND feature_5 > 1.229 AND feature_0 > 0.682,2.334,0.02,2.04,4.37,4,0.63,0.63,2.359,3.0,0.75,CT on P,1.0,
feature_5 <= 1.105 AND feature_0 <= 2.002 AND feature_0 <= 0.048 AND feature_1 > 1.282 AND feature_0 > -0.808 AND feature_8 > 0.033,2.228,0.02,1.28,3.51,6,0.61,0.61,1.515,4.0,0.48,CT on P,1.0,
feature_5 > 1.105 AND feature_1 > -0.248 AND feature_5 > 1.229 AND feature_0 <= 0.682 AND feature_8 <= -0.583,2.052,0.02,-0.29,1.76,5,0.56,0.56,0.577,4.0,0.18,CT on P,1.0,
feature_0 <= 1.456,0.667,0.69,,,1,0.03,0.69,0.638,1.0,0.69,CF,0.0,6.56
feature_0 > -1.468,0.931,0.69,,,1,0.04,0.69,0.93,1.0,0.69,CF,0.0,6.56
feature_0 <= 1.407,0.688,0.68,,,1,0.03,0.68,0.628,1.0,0.68,CF,0.0,6.56
feature_0 <= 1.41,0.743,0.68,,,1,0.03,0.68,0.628,1.0,0.68,CF,0.0,6.56
feature_0 <= 1.361,0.634,0.68,,,1,0.03,0.68,0.616,1.0,0.68,CF,0.0,6.56
feature_0 > -1.468,0.931,0.69,,,1,0.04,0.56,0.93,1.0,0.75,CF,0.2,6.56
feature_0 <= 1.456,0.667,0.69,,,1,0.03,0.56,0.638,1.0,0.69,CF,0.2,6.56
feature_0 <= 1.41,0.743,0.68,,,1,0.03,0.55,0.628,1.0,0.68,CF,0.2,6.56
feature_0 <= 1.407,0.688,0.68,,,1,0.03,0.55,0.628,1.0,0.68,CF,0.2,6.56
feature_0 <= 1.361,0.634,0.68,,,1,0.03,0.55,0.616,1.0,0.68,CF,0.2,6.56
feature_0 > -1.468,0.931,0.69,,,1,0.04,0.43,0.93,1.0,0.81,CF,0.4,6.56
feature_0 <= 1.456,0.667,0.69,,,1,0.03,0.43,0.638,1.0,0.69,CF,0.4,6.56
feature_0 <= 1.41,0.743,0.68,,,1,0.03,0.42,0.628,1.0,0.68,CF,0.4,6.56
feature_0 <= 1.407,0.688,0.68,,,1,0.03,0.42,0.628,1.0,0.68,CF,0.4,6.56
feature_0 <= 1.361,0.634,0.68,,,1,0.03,0.42,0.616,1.0,0.67,CF,0.4,6.56
feature_0 > 0.124 AND feature_1 > 1.446 AND feature_6 <= -0.372 AND feature_8 <= 0.093,22.199,0.01,,,4,1.0,0.6,3.009,4.0,0.55,CF,0.6,6.56
feature_0 > -0.671 AND feature_1 > 1.559 AND feature_0 > 0.389 AND feature_8 <= -0.117,15.779,0.01,,,4,0.71,0.43,3.288,3.0,0.6,CF,0.6,6.56
feature_0 > -1.468,0.931,0.69,,,1,0.04,0.3,0.93,1.0,0.45,CF,0.6,6.56
feature_0 <= 1.456,0.667,0.69,,,1,0.03,0.29,0.638,1.0,0.39,CF,0.6,6.56
feature_0 <= 1.41,0.743,0.68,,,1,0.03,0.29,0.628,1.0,0.39,CF,0.6,6.56
feature_0 > 0.124 AND feature_1 > 1.446 AND feature_6 <= -0.372 AND feature_8 <= 0.093,22.199,0.01,,,4,1.0,0.8,3.009,4.0,0.73,CF,0.8,6.56
feature_0 > -0.671 AND feature_1 > 1.559 AND feature_0 > 0.389 AND feature_8 <= -0.117,15.779,0.01,,,4,0.71,0.57,3.288,3.0,0.8,CF,0.8,6.56
feature_0 > 0.175 AND feature_1 <= 1.118 AND feature_2 <= -1.627 AND feature_5 > 1.054,10.566,0.0,,,4,0.48,0.38,1.499,4.0,0.36,CF,0.8,6.56
feature_0 > 0.207 AND feature_1 > 1.234 AND feature_9 > 0.221 AND feature_8 <= -0.989,9.043,0.0,,,4,0.41,0.33,2.907,4.0,0.71,CF,0.8,6.56
feature_0 > -0.809 AND feature_1 > 1.265 AND feature_0 <= 0.044 AND feature_1 > 2.309,7.558,0.0,,,4,0.34,0.27,2.367,2.0,0.58,CF,0.8,6.56
feature_0 > 0.124 AND feature_1 > 1.446 AND feature_6 <= -0.372 AND feature_8 <= 0.093,22.199,0.01,,,4,1.0,1.0,3.009,4.0,0.92,CF,1.0,6.56
feature_0 > -0.671 AND feature_1 > 1.559 AND feature_0 > 0.389 AND feature_8 <= -0.117,15.779,0.01,,,4,0.71,0.71,3.288,3.0,1.0,CF,1.0,6.56
feature_0 > 0.175 AND feature_1 <= 1.118 AND feature_2 <= -1.627 AND feature_5 > 1.054,10.566,0.0,,,4,0.48,0.48,1.499,4.0,0.46,CF,1.0,6.56
feature_0 > 0.207 AND feature_1 > 1.234 AND feature_9 > 0.221 AND feature_8 <= -0.989,9.043,0.0,,,4,0.41,0.41,2.907,4.0,0.88,CF,1.0,6.56
feature_0 > -0.809 AND feature_1 > 1.265 AND feature_0 <= 0.044 AND feature_1 > 2.309,7.558,0.0,,,4,0.34,0.34,2.367,2.0,0.72,CF,1.0,6.56
feature_0 <= 0.12,0.332,0.46,,,1,0.13,0.46,0.084,1.0,0.46,CF SingleTree,0.0,0.68
feature_0 > 0.12,1.544,0.38,,,1,0.59,0.38,1.678,1.0,0.38,CF SingleTree,0.0,0.68
feature_0 <= 0.12 AND feature_0 > -0.677,0.566,0.28,,,2,0.22,0.28,0.539,1.0,0.28,CF SingleTree,0.0,0.68
feature_0 > 0.12 AND feature_0 <= 1.085,1.325,0.27,,,2,0.51,0.27,1.365,1.0,0.27,CF SingleTree,0.0,0.68
feature_0 > 0.12 AND feature_0 <= 1.085 AND feature_1 <= 1.23,1.263,0.25,,,3,0.49,0.25,1.246,2.0,0.25,CF SingleTree,0.0,0.68
feature_0 > 0.12,1.544,0.38,,,1,0.59,0.42,1.678,1.0,0.5,CF SingleTree,0.2,0.68
feature_0 <= 0.12,0.332,0.46,,,1,0.13,0.39,0.084,1.0,0.38,CF SingleTree,0.2,0.68
feature_0 > 0.12 AND feature_0 <= 1.085,1.325,0.27,,,2,0.51,0.32,1.365,1.0,0.38,CF SingleTree,0.2,0.68
feature_0 > 0.12 AND feature_0 <= 1.085 AND feature_1 <= 1.23,1.263,0.25,,,3,0.49,0.3,1.246,2.0,0.35,CF SingleTree,0.2,0.68
feature_0 <= 0.12 AND feature_0 > -0.677,0.566,0.28,,,2,0.22,0.27,0.539,1.0,0.29,CF SingleTree,0.2,0.68
feature_0 > 0.12,1.544,0.38,,,1,0.59,0.47,1.678,1.0,0.41,CF SingleTree,0.4,0.68
feature_0 > 0.12 AND feature_0 > 1.085 AND feature_1 > 0.775 AND feature_1 > 1.487,2.602,0.01,,,4,1.0,0.41,3.774,2.0,0.41,CF SingleTree,0.4,0.68
feature_0 > 0.12 AND feature_0 > 1.085,2.037,0.13,,,2,0.78,0.39,2.379,1.0,0.33,CF SingleTree,0.4,0.68
feature_0 > 0.12 AND feature_0 > 1.085 AND feature_1 > 0.775,2.396,0.03,,,3,0.92,0.39,3.24,2.0,0.36,CF SingleTree,0.4,0.68
feature_0 > 0.12 AND feature_0 <= 1.085,1.325,0.27,,,2,0.51,0.37,1.365,1.0,0.31,CF SingleTree,0.4,0.68
feature_0 > 0.12 AND feature_0 > 1.085 AND feature_1 > 0.775 AND feature_1 > 1.487,2.602,0.01,,,4,1.0,0.6,3.774,2.0,0.6,CF SingleTree,0.6,0.68
feature_0 > 0.12 AND feature_0 > 1.085 AND feature_1 > 0.775,2.396,0.03,,,3,0.92,0.56,3.24,2.0,0.53,CF SingleTree,0.6,0.68
feature_0 > 0.12 AND feature_0 > 1.085 AND feature_1 > 0.775 AND feature_1 <= 1.487,2.295,0.02,,,4,0.88,0.54,2.98,2.0,0.48,CF SingleTree,0.6,0.68
feature_0 > 0.12 AND feature_0 > 1.085,2.037,0.13,,,2,0.78,0.52,2.379,1.0,0.43,CF SingleTree,0.6,0.68
feature_0 > 0.12,1.544,0.38,,,1,0.59,0.51,1.678,1.0,0.42,CF SingleTree,0.6,0.68
feature_0 > 0.12 AND feature_0 > 1.085 AND feature_1 > 0.775 AND feature_1 > 1.487,2.602,0.01,,,4,1.0,0.8,3.774,2.0,0.8,CF SingleTree,0.8,0.68
feature_0 > 0.12 AND feature_0 > 1.085 AND feature_1 > 0.775,2.396,0.03,,,3,0.92,0.74,3.24,2.0,0.69,CF SingleTree,0.8,0.68
feature_0 > 0.12 AND feature_0 > 1.085 AND feature_1 > 0.775 AND feature_1 <= 1.487,2.295,0.02,,,4,0.88,0.71,2.98,2.0,0.64,CF SingleTree,0.8,0.68
feature_0 > 0.12 AND feature_0 <= 1.085 AND feature_1 > 1.23 AND feature_0 > 0.755,2.169,0.01,,,4,0.83,0.67,2.871,2.0,0.61,CF SingleTree,0.8,0.68
feature_0 > 0.12 AND feature_0 > 1.085,2.037,0.13,,,2,0.78,0.65,2.379,1.0,0.53,CF SingleTree,0.8,0.68
feature_0 > 0.12 AND feature_0 > 1.085 AND feature_1 > 0.775 AND feature_1 > 1.487,2.602,0.01,,,4,1.0,1.0,3.774,2.0,1.0,CF SingleTree,1.0,0.68
feature_0 > 0.12 AND feature_0 > 1.085 AND feature_1 > 0.775,2.396,0.03,,,3,0.92,0.92,3.24,2.0,0.86,CF SingleTree,1.0,0.68
feature_0 > 0.12 AND feature_0 > 1.085 AND feature_1 > 0.775 AND feature_1 <= 1.487,2.295,0.02,,,4,0.88,0.88,2.98,2.0,0.79,CF SingleTree,1.0,0.68
feature_0 > 0.12 AND feature_0 <= 1.085 AND feature_1 > 1.23 AND feature_0 > 0.755,2.169,0.01,,,4,0.83,0.83,2.871,2.0,0.76,CF SingleTree,1.0,0.68
feature_0 > 0.12 AND feature_0 > 1.085 AND feature_1 <= 0.775 AND feature_0 > 1.411,2.074,0.06,,,4,0.8,0.8,2.422,2.0,0.64,CF SingleTree,1.0,0.68
feature_0 > -2.044,0.849,0.54,0.96,1.81,1,0.21,0.54,0.867,1.0,0.54,CT on D,0.0,
feature_0 > -2.044 AND feature_0 > 0.759,2.279,0.43,0.99,3.27,2,0.56,0.43,2.141,1.0,0.43,CT on D,0.0,
feature_0 > -2.044 AND feature_0 <= 0.759 AND feature_0 > -1.165,0.647,0.35,0.88,1.53,3,0.16,0.35,0.664,1.0,0.35,CT on D,0.0,
feature_0 > -2.044 AND feature_0 <= 0.759,0.423,0.31,0.95,1.37,2,0.1,0.31,0.487,1.0,0.31,CT on D,0.0,
feature_0 > -2.044 AND feature_0 > 0.759 AND feature_1 > -0.15,2.749,0.24,1.35,4.1,3,0.68,0.24,2.486,2.0,0.24,CT on D,0.0,
feature_0 > -2.044,0.849,0.54,0.96,1.81,1,0.21,0.47,0.867,1.0,0.5,CT on D,0.2,
feature_0 > -2.044 AND feature_0 > 0.759,2.279,0.43,0.99,3.27,2,0.56,0.46,2.141,1.0,0.52,CT on D,0.2,
feature_0 > -2.044 AND feature_0 > 0.759 AND feature_1 > -0.15,2.749,0.24,1.35,4.1,3,0.68,0.33,2.486,2.0,0.39,CT on D,0.2,
feature_0 > -2.044 AND feature_0 <= 0.759 AND feature_0 > -1.165,0.647,0.35,0.88,1.53,3,0.16,0.31,0.664,1.0,0.33,CT on D,0.2,
feature_0 > -2.044 AND feature_0 > 0.759 AND feature_1 > -0.15 AND feature_6 <= 1.293,2.592,0.21,1.42,4.02,4,0.64,0.3,2.489,3.0,0.37,CT on D,0.2,
feature_0 > -2.044 AND feature_0 > 0.759,2.279,0.43,0.99,3.27,2,0.56,0.48,2.141,1.0,0.6,CT on D,0.4,
feature_0 > -2.044 AND feature_0 > 0.759 AND feature_1 > -0.15 AND feature_6 <= 1.293 AND feature_7 <= -0.592 AND feature_4 > 0.036,4.057,0.03,0.91,4.96,6,1.0,0.42,2.441,5.0,0.41,CT on D,0.4,
feature_0 > -2.044 AND feature_0 > 0.759 AND feature_1 > -0.15,2.749,0.24,1.35,4.1,3,0.68,0.42,2.486,2.0,0.54,CT on D,0.4,
feature_0 > -2.044 AND feature_0 > 0.759 AND feature_1 > -0.15 AND feature_6 > 1.293,4.012,0.03,0.73,4.74,4,0.99,0.41,2.462,3.0,0.41,CT on D,0.4,
feature_0 > -2.044,0.849,0.54,0.96,1.81,1,0.21,0.41,0.867,1.0,0.46,CT on D,0.4,
feature_0 > -2.044 AND feature_0 > 0.759 AND feature_1 > -0.15 AND feature_6 <= 1.293 AND feature_7 <= -0.592 AND feature_4 > 0.036,4.057,0.03,0.91,4.96,6,1.0,0.61,2.441,5.0,0.6,CT on D,0.6,
feature_0 > -2.044 AND feature_0 > 0.759 AND feature_1 > -0.15 AND feature_6 > 1.293,4.012,0.03,0.73,4.74,4,0.99,0.61,2.462,3.0,0.61,CT on D,0.6,
feature_0 > -2.044 AND feature_0 > 0.759 AND feature_1 > -0.15 AND feature_6 <= 1.293 AND feature_7 <= -0.592,3.296,0.06,0.91,4.2,5,0.81,0.51,2.445,4.0,0.61,CT on D,0.6,
feature_0 > -2.044 AND feature_0 > 0.759,2.279,0.43,0.99,3.27,2,0.56,0.51,2.141,1.0,0.69,CT on D,0.6,
feature_0 > -2.044 AND feature_0 > 0.759 AND feature_1 > -0.15,2.749,0.24,1.35,4.1,3,0.68,0.5,2.486,2.0,0.7,CT on D,0.6,
feature_0 > -2.044 AND feature_0 > 0.759 AND feature_1 > -0.15 AND feature_6 <= 1.293 AND feature_7 <= -0.592 AND feature_4 > 0.036,4.057,0.03,0.91,4.96,6,1.0,0.81,2.441,5.0,0.78,CT on D,0.8,
feature_0 > -2.044 AND feature_0 > 0.759 AND feature_1 > -0.15 AND feature_6 > 1.293,4.012,0.03,0.73,4.74,4,0.99,0.8,2.462,3.0,0.78,CT on D,0.8,
feature_0 > -2.044 AND feature_0 > 0.759 AND feature_1 > -0.15 AND feature_6 <= 1.293 AND feature_7 <= -0.592,3.296,0.06,0.91,4.2,5,0.81,0.66,2.445,4.0,0.78,CT on D,0.8,
feature_0 > -2.044 AND feature_0 > 0.759 AND feature_1 > -0.15 AND feature_6 <= 1.293 AND feature_7 > -0.592 AND feature_6 > 0.404,3.009,0.04,1.08,4.09,6,0.74,0.6,2.531,4.0,0.81,CT on D,0.8,
feature_0 > -2.044 AND feature_0 > 0.759 AND feature_1 > -0.15,2.749,0.24,1.35,4.1,3,0.68,0.59,2.486,2.0,0.83,CT on D,0.8,
feature_0 > -2.044 AND feature_0 > 0.759 AND feature_1 > -0.15 AND feature_6 <= 1.293 AND feature_7 <= -0.592 AND feature_4 > 0.036,4.057,0.03,0.91,4.96,6,1.0,1.0,2.441,5.0,0.96,CT on D,1.0,
feature_0 > -2.044 AND feature_0 > 0.759 AND feature_1 > -0.15 AND feature_6 > 1.293,4.012,0.03,0.73,4.74,4,0.99,0.99,2.462,3.0,0.97,CT on D,1.0,
feature_0 > -2.044 AND feature_0 > 0.759 AND feature_1 > -0.15 AND feature_6 <= 1.293 AND feature_7 <= -0.592,3.296,0.06,0.91,4.2,5,0.81,0.81,2.445,4.0,0.97,CT on D,1.0,
feature_0 > -2.044 AND feature_0 > 0.759 AND feature_1 > -0.15 AND feature_6 <= 1.293 AND feature_7 > -0.592 AND feature_6 > 0.404,3.009,0.04,1.08,4.09,6,0.74,0.74,2.531,4.0,1.0,CT on D,1.0,
feature_0 > -2.044 AND feature_0 > 0.759 AND feature_1 <= -0.15 AND feature_2 > -1.164 AND feature_5 <= -1.006,2.922,0.03,-0.18,2.74,5,0.72,0.72,1.662,4.0,0.66,CT on D,1.0,
feature_4 > -1.181,1.519,0.88,0.98,2.5,1,0.4,0.88,0.813,1.0,0.88,CT on P,0.0,
feature_4 > -1.181 AND feature_0 <= 0.64,0.875,0.45,0.97,1.85,2,0.23,0.45,0.378,2.0,0.45,CT on P,0.0,
feature_4 > -1.181 AND feature_0 > 0.64,2.179,0.44,0.99,3.17,2,0.58,0.44,2.042,2.0,0.44,CT on P,0.0,
feature_4 > -1.181 AND feature_0 <= 0.64 AND feature_9 <= 1.636,0.96,0.42,0.93,1.89,3,0.26,0.42,0.379,3.0,0.42,CT on P,0.0,
feature_4 > -1.181 AND feature_0 > 0.64 AND feature_6 <= 1.168,2.048,0.38,1.06,3.11,3,0.55,0.38,2.037,3.0,0.38,CT on P,0.0,
feature_4 > -1.181,1.519,0.88,0.98,2.5,1,0.4,0.78,0.813,1.0,0.78,CT on P,0.2,
feature_4 > -1.181 AND feature_0 > 0.64,2.179,0.44,0.99,3.17,2,0.58,0.47,2.042,2.0,0.55,CT on P,0.2,
feature_4 > -1.181 AND feature_0 > 0.64 AND feature_6 <= 1.168,2.048,0.38,1.06,3.11,3,0.55,0.41,2.037,3.0,0.5,CT on P,0.2,
feature_4 > -1.181 AND feature_0 <= 0.64,0.875,0.45,0.97,1.85,2,0.23,0.41,0.378,2.0,0.4,CT on P,0.2,
feature_4 > -1.181 AND feature_0 > 0.64 AND feature_6 <= 1.168 AND feature_9 <= 1.621,2.136,0.36,0.99,3.13,4,0.57,0.4,2.028,4.0,0.49,CT on P,0.2,
feature_4 > -1.181,1.519,0.88,0.98,2.5,1,0.4,0.69,0.813,1.0,0.69,CT on P,0.4,
feature_4 > -1.181 AND feature_0 > 0.64,2.179,0.44,0.99,3.17,2,0.58,0.5,2.042,2.0,0.66,CT on P,0.4,
feature_4 > -1.181 AND feature_0 > 0.64 AND feature_6 <= 1.168,2.048,0.38,1.06,3.11,3,0.55,0.45,2.037,3.0,0.63,CT on P,0.4,
feature_4 > -1.181 AND feature_0 > 0.64 AND feature_6 <= 1.168 AND feature_9 <= 1.621,2.136,0.36,0.99,3.13,4,0.57,0.44,2.028,4.0,0.61,CT on P,0.4,
feature_4 > -1.181 AND feature_0 > 0.64 AND feature_6 <= 1.168 AND feature_9 <= 1.621 AND feature_5 > -1.424,2.215,0.34,0.95,3.17,5,0.59,0.44,2.027,5.0,0.6,CT on P,0.4,
feature_4 > -1.181 AND feature_0 > 0.64 AND feature_6 > 1.168 AND feature_8 <= 0.288,3.752,0.03,0.56,4.31,4,1.0,0.61,2.142,4.0,0.61,CT on P,0.6,
feature_4 > -1.181,1.519,0.88,0.98,2.5,1,0.4,0.59,0.813,1.0,0.58,CT on P,0.6,
feature_4 > -1.181 AND feature_0 > 0.64 AND feature_6 > 1.168,3.157,0.05,0.5,3.65,3,0.84,0.52,2.08,3.0,0.6,CT on P,0.6,
feature_4 > -1.181 AND feature_0 > 0.64,2.179,0.44,0.99,3.17,2,0.58,0.52,2.042,2.0,0.75,CT on P,0.6,
feature_4 <= -1.181 AND feature_1 > -0.237 AND feature_4 > -1.412,3.114,0.02,-0.09,3.03,3,0.83,0.51,1.014,2.0,0.29,CT on P,0.6,
feature_4 > -1.181 AND feature_0 > 0.64 AND feature_6 > 1.168 AND feature_8 <= 0.288,3.752,0.03,0.56,4.31,4,1.0,0.81,2.142,4.0,0.73,CT on P,0.8,
feature_4 > -1.181 AND feature_0 > 0.64 AND feature_6 > 1.168,3.157,0.05,0.5,3.65,3,0.84,0.68,2.08,3.0,0.71,CT on P,0.8,
feature_4 <= -1.181 AND feature_1 > -0.237 AND feature_4 > -1.412,3.114,0.02,-0.09,3.03,3,0.83,0.67,1.014,2.0,0.35,CT on P,0.8,
feature_4 > -1.181 AND feature_0 > 0.64 AND feature_6 <= 1.168 AND feature_9 <= 1.621 AND feature_5 > -1.424 AND feature_0 > 1.034,2.587,0.19,0.98,3.57,6,0.69,0.59,2.374,5.0,0.84,CT on P,0.8,
feature_4 > -1.181 AND feature_0 > 0.64,2.179,0.44,0.99,3.17,2,0.58,0.55,2.042,2.0,0.78,CT on P,0.8,
feature_4 > -1.181 AND feature_0 > 0.64 AND feature_6 > 1.168 AND feature_8 <= 0.288,3.752,0.03,0.56,4.31,4,1.0,1.0,2.142,4.0,0.9,CT on P,1.0,
feature_4 > -1.181 AND feature_0 > 0.64 AND feature_6 > 1.168,3.157,0.05,0.5,3.65,3,0.84,0.84,2.08,3.0,0.88,CT on P,1.0,
feature_4 <= -1.181 AND feature_1 > -0.237 AND feature_4 > -1.412,3.114,0.02,-0.09,3.03,3,0.83,0.83,1.014,2.0,0.43,CT on P,1.0,
feature_4 > -1.181 AND feature_0 > 0.64 AND feature_6 <= 1.168 AND feature_9 <= 1.621 AND feature_5 > -1.424 AND feature_0 > 1.034,2.587,0.19,0.98,3.57,6,0.69,0.69,2.374,5.0,1.0,CT on P,1.0,
feature_4 > -1.181 AND feature_0 <= 0.64 AND feature_9 <= 1.636 AND feature_1 <= -0.394 AND feature_0 > 0.389 AND feature_9 > -0.017,2.235,0.02,-0.29,1.95,6,0.6,0.6,0.838,4.0,0.35,CT on P,1.0,
feature_0 > -0.136,1.522,0.95,,,1,0.1,0.95,1.511,1.0,0.95,CF,0.0,5.08
feature_0 > -0.002,1.592,0.94,,,1,0.11,0.94,1.602,1.0,0.94,CF,0.0,5.08
feature_0 > 0.015,1.324,0.93,,,1,0.09,0.93,1.614,1.0,0.93,CF,0.0,5.08
feature_0 > -0.213,1.417,0.9,,,1,0.1,0.9,1.465,1.0,0.9,CF,0.0,5.08
feature_0 > 0.057,1.641,0.9,,,1,0.11,0.9,1.641,1.0,0.9,CF,0.0,5.08
feature_0 > -0.136,1.522,0.95,,,1,0.1,0.78,1.511,1.0,0.94,CF,0.2,5.08
feature_0 > -0.002,1.592,0.94,,,1,0.11,0.77,1.602,1.0,0.95,CF,0.2,5.08
feature_0 > 0.015,1.324,0.93,,,1,0.09,0.76,1.614,1.0,0.94,CF,0.2,5.08
feature_0 > 0.057,1.641,0.9,,,1,0.11,0.74,1.641,1.0,0.92,CF,0.2,5.08
feature_0 > -0.213,1.417,0.9,,,1,0.1,0.74,1.465,1.0,0.9,CF,0.2,5.08
feature_0 > -0.136,1.522,0.95,,,1,0.1,0.61,1.511,1.0,0.94,CF,0.4,5.08
feature_0 > -0.002,1.592,0.94,,,1,0.11,0.61,1.602,1.0,0.95,CF,0.4,5.08
feature_0 > 0.015,1.324,0.93,,,1,0.09,0.59,1.614,1.0,0.95,CF,0.4,5.08
feature_0 > 0.057,1.641,0.9,,,1,0.11,0.58,1.641,1.0,0.94,CF,0.4,5.08
feature_0 > -0.213,1.417,0.9,,,1,0.1,0.58,1.465,1.0,0.9,CF,0.4,5.08
feature_0 > 0.339 AND feature_1 > 0.822 AND feature_1 > 1.476 AND feature_4 <= -0.704,14.651,0.01,,,4,1.0,0.6,3.032,3.0,0.6,CF,0.6,5.08
feature_0 > -0.136,1.522,0.95,,,1,0.1,0.44,1.511,1.0,0.68,CF,0.6,5.08
feature_0 > -0.002,1.592,0.94,,,1,0.11,0.44,1.602,1.0,0.69,CF,0.6,5.08
feature_0 > 0.057,1.641,0.9,,,1,0.11,0.43,1.641,1.0,0.68,CF,0.6,5.08
feature_0 > 0.015,1.324,0.93,,,1,0.09,0.43,1.614,1.0,0.69,CF,0.6,5.08
feature_0 > 0.339 AND feature_1 > 0.822 AND feature_1 > 1.476 AND feature_4 <= -0.704,14.651,0.01,,,4,1.0,0.8,3.032,3.0,0.65,CF,0.8,5.08
feature_0 > 0.335 AND feature_1 > 0.263 AND feature_0 > 2.066 AND feature_4 <= -0.341,8.995,0.01,,,4,0.61,0.49,3.738,3.0,0.8,CF,0.8,5.08
feature_0 > 0.289 AND feature_1 > 0.337 AND feature_5 > 1.537 AND feature_6 > 0.584,8.669,0.01,,,4,0.59,0.48,2.309,4.0,0.5,CF,0.8,5.08
feature_0 > 0.248 AND feature_1 > 0.29 AND feature_0 > 1.927 AND feature_4 <= -0.467,6.753,0.01,,,4,0.46,0.37,3.667,3.0,0.79,CF,0.8,5.08
feature_0 <= -0.435 AND feature_1 <= -0.008 AND feature_4 > 1.433 AND feature_7 > 0.599,6.75,0.0,,,4,0.46,0.37,0.706,4.0,0.15,CF,0.8,5.08
feature_0 > 0.339 AND feature_1 > 0.822 AND feature_1 > 1.476 AND feature_4 <= -0.704,14.651,0.01,,,4,1.0,1.0,3.032,3.0,0.81,CF,1.0,5.08
feature_0 > 0.335 AND feature_1 > 0.263 AND feature_0 > 2.066 AND feature_4 <= -0.341,8.995,0.01,,,4,0.61,0.61,3.738,3.0,1.0,CF,1.0,5.08
feature_0 > 0.289 AND feature_1 > 0.337 AND feature_5 > 1.537 AND feature_6 > 0.584,8.669,0.01,,,4,0.59,0.59,2.309,4.0,0.62,CF,1.0,5.08
feature_0 > 0.248 AND feature_1 > 0.29 AND feature_0 > 1.927 AND feature_4 <= -0.467,6.753,0.01,,,4,0.46,0.46,3.667,3.0,0.98,CF,1.0,5.08
feature_0 <= -0.435 AND feature_1 <= -0.008 AND feature_4 > 1.433 AND feature_7 > 0.599,6.75,0.0,,,4,0.46,0.46,0.706,4.0,0.19,CF,1.0,5.08
feature_0 > 0.288,1.631,0.73,,,1,0.67,0.73,1.798,1.0,0.73,CF SingleTree,0.0,0.55
feature_0 > 0.288 AND feature_1 <= 0.412,1.426,0.47,,,2,0.58,0.47,1.482,2.0,0.47,CF SingleTree,0.0,0.55
feature_0 > 0.288 AND feature_1 <= 0.412 AND feature_0 > 0.799,1.628,0.26,,,3,0.67,0.26,1.856,2.0,0.26,CF SingleTree,0.0,0.55
feature_0 > 0.288 AND feature_1 > 0.412,2.017,0.25,,,2,0.83,0.25,2.389,2.0,0.25,CF SingleTree,0.0,0.55
feature_0 > 0.288 AND feature_1 <= 0.412 AND feature_0 <= 0.799,1.185,0.22,,,3,0.48,0.22,1.036,2.0,0.22,CF SingleTree,0.0,0.55
feature_0 > 0.288,1.631,0.73,,,1,0.67,0.72,1.798,1.0,0.71,CF SingleTree,0.2,0.55
feature_0 > 0.288 AND feature_1 <= 0.412,1.426,0.47,,,2,0.58,0.49,1.482,2.0,0.48,CF SingleTree,0.2,0.55
feature_0 > 0.288 AND feature_1 > 0.412,2.017,0.25,,,2,0.83,0.37,2.389,2.0,0.37,CF SingleTree,0.2,0.55
feature_0 > 0.288 AND feature_1 <= 0.412 AND feature_0 > 0.799,1.628,0.26,,,3,0.67,0.34,1.856,2.0,0.34,CF SingleTree,0.2,0.55
feature_0 > 0.288 AND feature_1 > 0.412 AND feature_0 > 0.795,2.252,0.14,,,3,0.92,0.3,2.755,2.0,0.31,CF SingleTree,0.2,0.55
feature_0 > 0.288,1.631,0.73,,,1,0.67,0.7,1.798,1.0,0.66,CF SingleTree,0.4,0.55
feature_0 > 0.288 AND feature_1 <= 0.412,1.426,0.47,,,2,0.58,0.52,1.482,2.0,0.47,CF SingleTree,0.4,0.55
feature_0 > 0.288 AND feature_1 > 0.412,2.017,0.25,,,2,0.83,0.48,2.389,2.0,0.45,CF SingleTree,0.4,0.55
feature_0 > 0.288 AND feature_1 > 0.412 AND feature_0 > 0.795,2.252,0.14,,,3,0.92,0.45,2.755,2.0,0.43,CF SingleTree,0.4,0.55
feature_0 > 0.288 AND feature_1 > 0.412 AND feature_0 > 0.795 AND feature_1 > 1.103,2.444,0.05,,,4,1.0,0.43,3.17,2.0,0.43,CF SingleTree,0.4,0.55
feature_0 > 0.288,1.631,0.73,,,1,0.67,0.69,1.798,1.0,0.63,CF SingleTree,0.6,0.55
feature_0 > 0.288 AND feature_1 > 0.412 AND feature_0 > 0.795 AND feature_1 > 1.103,2.444,0.05,,,4,1.0,0.62,3.17,2.0,0.62,CF SingleTree,0.6,0.55
feature_0 > 0.288 AND feature_1 > 0.412 AND feature_0 > 0.795,2.252,0.14,,,3,0.92,0.61,2.755,2.0,0.58,CF SingleTree,0.6,0.55
feature_0 > 0.288 AND feature_1 > 0.412,2.017,0.25,,,2,0.83,0.6,2.389,2.0,0.55,CF SingleTree,0.6,0.55
feature_0 > 0.288 AND feature_1 > 0.412 AND feature_0 > 0.795 AND feature_1 <= 1.103,2.134,0.09,,,4,0.87,0.56,2.499,2.0,0.51,CF SingleTree,0.6,0.55
feature_0 > 0.288 AND feature_1 > 0.412 AND feature_0 > 0.795 AND feature_1 > 1.103,2.444,0.05,,,4,1.0,0.81,3.17,2.0,0.81,CF SingleTree,0.8,0.55
feature_0 > 0.288 AND feature_1 > 0.412 AND feature_0 > 0.795,2.252,0.14,,,3,0.92,0.77,2.755,2.0,0.72,CF SingleTree,0.8,0.55
feature_0 > 0.288 AND feature_1 > 0.412 AND feature_0 > 0.795 AND feature_1 <= 1.103,2.134,0.09,,,4,0.87,0.72,2.499,2.0,0.65,CF SingleTree,0.8,0.55
feature_0 > 0.288 AND feature_1 > 0.412,2.017,0.25,,,2,0.83,0.71,2.389,2.0,0.65,CF SingleTree,0.8,0.55
feature_0 > 0.288,1.631,0.73,,,1,0.67,0.68,1.798,1.0,0.6,CF SingleTree,0.8,0.55
feature_0 > 0.288 AND feature_1 > 0.412 AND feature_0 > 0.795 AND feature_1 > 1.103,2.444,0.05,,,4,1.0,1.0,3.17,2.0,1.0,CF SingleTree,1.0,0.55
feature_0 > 0.288 AND feature_1 > 0.412 AND feature_0 > 0.795,2.252,0.14,,,3,0.92,0.92,2.755,2.0,0.87,CF SingleTree,1.0,0.55
feature_0 > 0.288 AND feature_1 > 0.412 AND feature_0 > 0.795 AND feature_1 <= 1.103,2.134,0.09,,,4,0.87,0.87,2.499,2.0,0.79,CF SingleTree,1.0,0.55
feature_0 > 0.288 AND feature_1 > 0.412,2.017,0.25,,,2,0.83,0.83,2.389,2.0,0.75,CF SingleTree,1.0,0.55
feature_0 > 0.288 AND feature_1 > 0.412 AND feature_0 <= 0.795 AND feature_1 > 1.18,1.927,0.04,,,4,0.79,0.79,2.372,2.0,0.75,CF SingleTree,1.0,0.55
feature_3 > -1.117,0.905,0.43,1.05,1.95,1,0.21,0.43,0.818,1.0,0.43,CT on D,0.0,
feature_3 > -1.117 AND feature_0 > -0.402,1.519,0.35,0.96,2.48,2,0.35,0.35,1.379,2.0,0.35,CT on D,0.0,
feature_3 > -1.117 AND feature_0 > -0.402 AND feature_0 <= 1.206,1.267,0.31,0.9,2.17,3,0.29,0.31,1.138,2.0,0.31,CT on D,0.0,
feature_3 > -1.117 AND feature_0 > -0.402 AND feature_0 <= 1.206 AND feature_1 > -0.457,1.553,0.24,0.93,2.48,4,0.36,0.24,1.373,3.0,0.24,CT on D,0.0,
feature_3 > -1.117 AND feature_0 <= -0.402,0.272,0.21,1.22,0.95,2,0.06,0.21,0.255,2.0,0.21,CT on D,0.0,
feature_3 > -1.117,0.905,0.43,1.05,1.95,1,0.21,0.39,0.818,1.0,0.46,CT on D,0.2,
feature_3 > -1.117 AND feature_0 > -0.402,1.519,0.35,0.96,2.48,2,0.35,0.35,1.379,2.0,0.48,CT on D,0.2,
feature_3 > -1.117 AND feature_0 > -0.402 AND feature_0 <= 1.206,1.267,0.31,0.9,2.17,3,0.29,0.31,1.138,2.0,0.41,CT on D,0.2,
feature_3 > -1.117 AND feature_0 > -0.402 AND feature_0 <= 1.206 AND feature_1 > -0.457,1.553,0.24,0.93,2.48,4,0.36,0.26,1.373,3.0,0.39,CT on D,0.2,
feature_3 > -1.117 AND feature_0 > -0.402 AND feature_0 <= 1.206 AND feature_1 > -0.457 AND feature_2 <= 0.126,1.858,0.16,0.54,2.4,5,0.43,0.21,1.367,4.0,0.33,CT on D,0.2,
feature_3 > -1.117 AND feature_0 > -0.402 AND feature_0 > 1.206 AND feature_1 > 0.696 AND feature_0 > 1.576,4.363,0.01,2.14,6.5,5,1.0,0.41,3.485,3.0,0.41,CT on D,0.4,
feature_3 > -1.117 AND feature_0 > -0.402 AND feature_0 > 1.206 AND feature_1 > 0.696,3.841,0.02,2.15,5.99,4,0.88,0.36,3.211,3.0,0.38,CT on D,0.4,
feature_3 > -1.117 AND feature_0 > -0.402,1.519,0.35,0.96,2.48,2,0.35,0.35,1.379,2.0,0.37,CT on D,0.4,
feature_3 > -1.117,0.905,0.43,1.05,1.95,1,0.21,0.34,0.818,1.0,0.35,CT on D,0.4,
feature_3 > -1.117 AND feature_0 > -0.402 AND feature_0 > 1.206 AND feature_1 > 0.696 AND feature_0 <= 1.576,3.352,0.01,2.15,5.5,5,0.77,0.31,2.954,3.0,0.35,CT on D,0.4,
feature_3 > -1.117 AND feature_0 > -0.402 AND feature_0 > 1.206 AND feature_1 > 0.696 AND feature_0 > 1.576,4.363,0.01,2.14,6.5,5,1.0,0.6,3.485,3.0,0.6,CT on D,0.6,
feature_3 > -1.117 AND feature_0 > -0.402 AND feature_0 > 1.206 AND feature_1 > 0.696,3.841,0.02,2.15,5.99,4,0.88,0.54,3.211,3.0,0.56,CT on D,0.6,
feature_3 > -1.117 AND feature_0 > -0.402 AND feature_0 > 1.206 AND feature_1 > 0.696 AND feature_0 <= 1.576,3.352,0.01,2.15,5.5,5,0.77,0.46,2.954,3.0,0.51,CT on D,0.6,
feature_3 > -1.117 AND feature_0 > -0.402 AND feature_0 > 1.206 AND feature_1 <= 0.696 AND feature_0 > 2.039,3.228,0.01,1.04,4.26,5,0.74,0.45,2.965,3.0,0.51,CT on D,0.6,
feature_3 > -1.117 AND feature_0 > -0.402 AND feature_0 <= 1.206 AND feature_1 > -0.457 AND feature_2 <= 0.126 AND feature_1 > 1.244,2.984,0.03,1.0,3.99,6,0.68,0.42,2.197,4.0,0.39,CT on D,0.6,
feature_3 > -1.117 AND feature_0 > -0.402 AND feature_0 > 1.206 AND feature_1 > 0.696 AND feature_0 > 1.576,4.363,0.01,2.14,6.5,5,1.0,0.8,3.485,3.0,0.8,CT on D,0.8,
feature_3 > -1.117 AND feature_0 > -0.402 AND feature_0 > 1.206 AND feature_1 > 0.696,3.841,0.02,2.15,5.99,4,0.88,0.71,3.211,3.0,0.74,CT on D,0.8,
feature_3 > -1.117 AND feature_0 > -0.402 AND feature_0 > 1.206 AND feature_1 > 0.696 AND feature_0 <= 1.576,3.352,0.01,2.15,5.5,5,0.77,0.62,2.954,3.0,0.68,CT on D,0.8,
feature_3 > -1.117 AND feature_0 > -0.402 AND feature_0 > 1.206 AND feature_1 <= 0.696 AND feature_0 > 2.039,3.228,0.01,1.04,4.26,5,0.74,0.59,2.965,3.0,0.68,CT on D,0.8,
feature_3 > -1.117 AND feature_0 > -0.402 AND feature_0 <= 1.206 AND feature_1 > -0.457 AND feature_2 <= 0.126 AND feature_1 > 1.244,2.984,0.03,1.0,3.99,6,0.68,0.55,2.197,4.0,0.51,CT on D,0.8,
feature_3 > -1.117 AND feature_0 > -0.402 AND feature_0 > 1.206 AND feature_1 > 0.696 AND feature_0 > 1.576,4.363,0.01,2.14,6.5,5,1.0,1.0,3.485,3.0,1.0,CT on D,1.0,
feature_3 > -1.117 AND feature_0 > -0.402 AND feature_0 > 1.206 AND feature_1 > 0.696,3.841,0.02,2.15,5.99,4,0.88,0.88,3.211,3.0,0.92,CT on D,1.0,
feature_3 > -1.117 AND feature_0 > -0.402 AND feature_0 > 1.206 AND feature_1 > 0.696 AND feature_0 <= 1.576,3.352,0.01,2.15,5.5,5,0.77,0.77,2.954,3.0,0.85,CT on D,1.0,
feature_3 > -1.117 AND feature_0 > -0.402 AND feature_0 > 1.206 AND feature_1 <= 0.696 AND feature_0 > 2.039,3.228,0.01,1.04,4.26,5,0.74,0.74,2.965,3.0,0.85,CT on D,1.0,
feature_3 > -1.117 AND feature_0 > -0.402 AND feature_0 <= 1.206 AND feature_1 > -0.457 AND feature_2 <= 0.126 AND feature_1 > 1.244,2.984,0.03,1.0,3.99,6,0.68,0.68,2.197,4.0,0.63,CT on D,1.0,
feature_4 <= 0.491,0.903,0.69,0.72,1.62,1,0.27,0.69,0.817,1.0,0.69,CT on P,0.0,
feature_4 <= 0.491 AND feature_9 <= 1.905,0.882,0.66,0.72,1.6,2,0.27,0.66,0.82,2.0,0.66,CT on P,0.0,
feature_4 <= 0.491 AND feature_9 <= 1.905 AND feature_0 <= 0.346,0.248,0.41,0.74,0.99,3,0.07,0.41,0.22,3.0,0.41,CT on P,0.0,
feature_4 > 0.491,1.045,0.31,1.55,2.6,1,0.32,0.31,0.812,1.0,0.31,CT on P,0.0,
feature_4 <= 0.491 AND feature_9 <= 1.905 AND feature_0 <= 0.346 AND feature_0 > -0.863,0.685,0.3,0.63,1.31,4,0.21,0.3,0.582,3.0,0.3,CT on P,0.0,
feature_4 <= 0.491,0.903,0.69,0.72,1.62,1,0.27,0.61,0.817,1.0,0.64,CT on P,0.2,
feature_4 <= 0.491 AND feature_9 <= 1.905,0.882,0.66,0.72,1.6,2,0.27,0.58,0.82,2.0,0.62,CT on P,0.2,
feature_4 <= 0.491 AND feature_9 <= 1.905 AND feature_0 <= 0.346,0.248,0.41,0.74,0.99,3,0.07,0.34,0.22,3.0,0.35,CT on P,0.2,
feature_4 <= 0.491 AND feature_9 <= 1.905 AND feature_0 > 0.346,1.934,0.25,0.68,2.61,3,0.58,0.32,1.848,3.0,0.4,CT on P,0.2,
feature_4 > 0.491,1.045,0.31,1.55,2.6,1,0.32,0.31,0.812,1.0,0.34,CT on P,0.2,
feature_4 <= 0.491,0.903,0.69,0.72,1.62,1,0.27,0.52,0.817,1.0,0.54,CT on P,0.4,
feature_4 <= 0.491 AND feature_9 <= 1.905,0.882,0.66,0.72,1.6,2,0.27,0.5,0.82,2.0,0.52,CT on P,0.4,
feature_4 <= 0.491 AND feature_9 <= 1.905 AND feature_0 > 0.346 AND feature_0 > 1.412 AND feature_3 <= 0.238,3.317,0.03,0.29,3.6,5,1.0,0.42,2.645,4.0,0.42,CT on P,0.4,
feature_4 > 0.491 AND feature_0 > 0.494 AND feature_0 > 0.739 AND feature_0 > 1.411,3.266,0.02,1.28,4.54,4,0.98,0.41,2.653,2.0,0.41,CT on P,0.4,
feature_4 <= 0.491 AND feature_9 <= 1.905 AND feature_0 > 0.346,1.934,0.25,0.68,2.61,3,0.58,0.38,1.848,3.0,0.43,CT on P,0.4,
feature_4 <= 0.491 AND feature_9 <= 1.905 AND feature_0 > 0.346 AND feature_0 > 1.412 AND feature_3 <= 0.238,3.317,0.03,0.29,3.6,5,1.0,0.61,2.645,4.0,0.61,CT on P,0.6,
feature_4 > 0.491 AND feature_0 > 0.494 AND feature_0 > 0.739 AND feature_0 > 1.411,3.266,0.02,1.28,4.54,4,0.98,0.6,2.653,2.0,0.6,CT on P,0.6,
feature_4 <= 0.491 AND feature_9 <= 1.905 AND feature_0 > 0.346 AND feature_0 > 1.412,2.865,0.05,0.92,3.79,4,0.86,0.54,2.673,3.0,0.62,CT on P,0.6,
feature_4 <= 0.491 AND feature_9 <= 1.905 AND feature_0 > 0.346,1.934,0.25,0.68,2.61,3,0.58,0.45,1.848,3.0,0.51,CT on P,0.6,
feature_4 > 0.491 AND feature_0 > 0.494 AND feature_0 > 0.739,2.302,0.07,1.58,3.88,3,0.69,0.44,2.1,2.0,0.5,CT on P,0.6,
feature_4 <= 0.491 AND feature_9 <= 1.905 AND feature_0 > 0.346 AND feature_0 > 1.412 AND feature_3 <= 0.238,3.317,0.03,0.29,3.6,5,1.0,0.81,2.645,4.0,0.8,CT on P,0.8,
feature_4 > 0.491 AND feature_0 > 0.494 AND feature_0 > 0.739 AND feature_0 > 1.411,3.266,0.02,1.28,4.54,4,0.98,0.79,2.653,2.0,0.8,CT on P,0.8,
feature_4 <= 0.491 AND feature_9 <= 1.905 AND feature_0 > 0.346 AND feature_0 > 1.412,2.865,0.05,0.92,3.79,4,0.86,0.7,2.673,3.0,0.81,CT on P,0.8,
feature_4 > 0.491 AND feature_0 > 0.494 AND feature_0 > 0.739 AND feature_0 <= 1.411 AND feature_0 <= 1.063,2.36,0.03,1.33,3.69,5,0.71,0.58,1.676,2.0,0.51,CT on P,0.8,
feature_4 > 0.491 AND feature_0 > 0.494 AND feature_0 > 0.739,2.302,0.07,1.58,3.88,3,0.69,0.57,2.1,2.0,0.64,CT on P,0.8,
feature_4 <= 0.491 AND feature_9 <= 1.905 AND feature_0 > 0.346 AND feature_0 > 1.412 AND feature_3 <= 0.238,3.317,0.03,0.29,3.6,5,1.0,1.0,2.645,4.0,0.99,CT on P,1.0,
feature_4 > 0.491 AND feature_0 > 0.494 AND feature_0 > 0.739 AND feature_0 > 1.411,3.266,0.02,1.28,4.54,4,0.98,0.98,2.653,2.0,0.99,CT on P,1.0,
feature_4 <= 0.491 AND feature_9 <= 1.905 AND feature_0 > 0.346 AND feature_0 > 1.412,2.865,0.05,0.92,3.79,4,0.86,0.86,2.673,3.0,1.0,CT on P,1.0,
feature_4 > 0.491 AND feature_0 > 0.494 AND feature_0 > 0.739 AND feature_0 <= 1.411 AND feature_0 <= 1.063,2.36,0.03,1.33,3.69,5,0.71,0.71,1.676,2.0,0.63,CT on P,1.0,
feature_4 <= 0.491 AND feature_9 <= 1.905 AND feature_0 > 0.346 AND feature_0 <= 1.412 AND feature_8 > 0.765 AND feature_3 > 0.032,2.331,0.02,0.3,2.63,6,0.7,0.7,1.65,5.0,0.62,CT on P,1.0,
feature_0 > -1.128,1.327,0.44,,,1,0.11,0.44,1.057,1.0,0.44,CF,0.0,8.33
feature_0 > -0.973,1.271,0.43,,,1,0.11,0.43,1.113,1.0,0.43,CF,0.0,8.33
feature_0 <= 1.205,0.853,0.43,,,1,0.07,0.43,0.594,1.0,0.43,CF,0.0,8.33
feature_0 > -0.93,1.247,0.43,,,1,0.11,0.43,1.128,1.0,0.43,CF,0.0,8.33
feature_0 <= 1.176,0.715,0.43,,,1,0.06,0.43,0.585,1.0,0.43,CF,0.0,8.33
feature_0 > -1.128,1.327,0.44,,,1,0.11,0.37,1.057,1.0,0.54,CF,0.2,8.33
feature_0 > -0.973,1.271,0.43,,,1,0.11,0.37,1.113,1.0,0.54,CF,0.2,8.33
feature_0 > -0.93,1.247,0.43,,,1,0.11,0.37,1.128,1.0,0.54,CF,0.2,8.33
feature_0 > -0.885,1.486,0.42,,,1,0.13,0.36,1.146,1.0,0.54,CF,0.2,8.33
feature_0 > -0.882,1.473,0.42,,,1,0.13,0.36,1.147,1.0,0.54,CF,0.2,8.33
feature_0 > -0.033 AND feature_0 > 1.529 AND feature_1 > 1.104 AND feature_9 <= 0.333,11.544,0.01,,,4,1.0,0.41,3.734,3.0,0.41,CF,0.4,8.33
feature_0 > -0.033 AND feature_0 > 1.529 AND feature_1 > 1.104,10.933,0.01,,,3,0.95,0.38,3.727,2.0,0.41,CF,0.4,8.33
feature_0 > -0.033 AND feature_0 > 1.529 AND feature_1 > 1.104 AND feature_9 > 0.333,10.195,0.0,,,4,0.88,0.35,3.716,3.0,0.4,CF,0.4,8.33
feature_0 > -1.128,1.327,0.44,,,1,0.11,0.31,1.057,1.0,0.38,CF,0.4,8.33
feature_0 > -0.885,1.486,0.42,,,1,0.13,0.3,1.146,1.0,0.37,CF,0.4,8.33
feature_0 > -0.033 AND feature_0 > 1.529 AND feature_1 > 1.104 AND feature_9 <= 0.333,11.544,0.01,,,4,1.0,0.6,3.734,3.0,0.6,CF,0.6,8.33
feature_0 > -0.033 AND feature_0 > 1.529 AND feature_1 > 1.104,10.933,0.01,,,3,0.95,0.57,3.727,2.0,0.6,CF,0.6,8.33
feature_0 > -0.033 AND feature_0 > 1.529 AND feature_1 > 1.104 AND feature_9 > 0.333,10.195,0.0,,,4,0.88,0.53,3.716,3.0,0.6,CF,0.6,8.33
feature_0 <= -0.826 AND feature_1 > 1.288 AND feature_6 <= 0.535 AND feature_4 > 0.846,8.222,0.0,,,4,0.71,0.43,0.713,4.0,0.11,CF,0.6,8.33
feature_0 <= -0.071 AND feature_0 <= -0.919 AND feature_8 <= -1.651 AND feature_0 > -1.33,8.199,0.0,,,4,0.71,0.43,0.359,2.0,0.06,CF,0.6,8.33
feature_0 > -0.033 AND feature_0 > 1.529 AND feature_1 > 1.104 AND feature_9 <= 0.333,11.544,0.01,,,4,1.0,0.8,3.734,3.0,0.8,CF,0.8,8.33
feature_0 > -0.033 AND feature_0 > 1.529 AND feature_1 > 1.104,10.933,0.01,,,3,0.95,0.76,3.727,2.0,0.8,CF,0.8,8.33
feature_0 > -0.033 AND feature_0 > 1.529 AND feature_1 > 1.104 AND feature_9 > 0.333,10.195,0.0,,,4,0.88,0.71,3.716,3.0,0.8,CF,0.8,8.33
feature_0 <= -0.826 AND feature_1 > 1.288 AND feature_6 <= 0.535 AND feature_4 > 0.846,8.222,0.0,,,4,0.71,0.57,0.713,4.0,0.15,CF,0.8,8.33
feature_0 <= -0.071 AND feature_0 <= -0.919 AND feature_8 <= -1.651 AND feature_0 > -1.33,8.199,0.0,,,4,0.71,0.57,0.359,2.0,0.08,CF,0.8,8.33
feature_0 > -0.033 AND feature_0 > 1.529 AND feature_1 > 1.104 AND feature_9 <= 0.333,11.544,0.01,,,4,1.0,1.0,3.734,3.0,1.0,CF,1.0,8.33
feature_0 > -0.033 AND feature_0 > 1.529 AND feature_1 > 1.104,10.933,0.01,,,3,0.95,0.95,3.727,2.0,1.0,CF,1.0,8.33
feature_0 > -0.033 AND feature_0 > 1.529 AND feature_1 > 1.104 AND feature_9 > 0.333,10.195,0.0,,,4,0.88,0.88,3.716,3.0,1.0,CF,1.0,8.33
feature_0 <= -0.826 AND feature_1 > 1.288 AND feature_6 <= 0.535 AND feature_4 > 0.846,8.222,0.0,,,4,0.71,0.71,0.713,4.0,0.19,CF,1.0,8.33
feature_0 <= -0.071 AND feature_0 <= -0.919 AND feature_8 <= -1.651 AND feature_0 > -1.33,8.199,0.0,,,4,0.71,0.71,0.359,2.0,0.1,CF,1.0,8.33
feature_0 > -0.032,1.552,0.33,,,1,0.51,0.33,1.591,1.0,0.33,CF SingleTree,0.0,0.57
feature_0 <= -0.032,0.201,0.3,,,1,0.07,0.3,0.011,1.0,0.3,CF SingleTree,0.0,0.57
feature_0 > -0.032 AND feature_0 <= 1.169,1.327,0.27,,,2,0.44,0.27,1.316,1.0,0.27,CF SingleTree,0.0,0.57
feature_0 > -0.032 AND feature_0 <= 1.169 AND feature_1 <= 0.726,1.192,0.22,,,3,0.39,0.22,1.087,2.0,0.22,CF SingleTree,0.0,0.57
feature_0 <= -0.032 AND feature_0 > -0.828,0.55,0.22,,,2,0.18,0.22,0.4,1.0,0.22,CF SingleTree,0.0,0.57
feature_0 > -0.032,1.552,0.33,,,1,0.51,0.37,1.591,1.0,0.39,CF SingleTree,0.2,0.57
feature_0 > -0.032 AND feature_0 <= 1.169,1.327,0.27,,,2,0.44,0.3,1.316,1.0,0.32,CF SingleTree,0.2,0.57
feature_0 > -0.032 AND feature_0 <= 1.169 AND feature_1 <= 0.726,1.192,0.22,,,3,0.39,0.25,1.087,2.0,0.26,CF SingleTree,0.2,0.57
feature_0 <= -0.032,0.201,0.3,,,1,0.07,0.25,0.011,1.0,0.24,CF SingleTree,0.2,0.57
feature_0 > -0.032 AND feature_0 > 1.169,2.259,0.11,,,2,0.75,0.24,2.455,1.0,0.29,CF SingleTree,0.2,0.57
feature_0 > -0.032 AND feature_0 > 1.169 AND feature_1 > 0.689 AND feature_0 > 1.498,3.022,0.02,,,4,1.0,0.41,3.412,2.0,0.41,CF SingleTree,0.4,0.57
feature_0 > -0.032,1.552,0.33,,,1,0.51,0.4,1.591,1.0,0.38,CF SingleTree,0.4,0.57
feature_0 > -0.032 AND feature_0 > 1.169 AND feature_1 > 0.689,2.875,0.03,,,3,0.95,0.4,3.154,2.0,0.39,CF SingleTree,0.4,0.57
feature_0 > -0.032 AND feature_0 > 1.169 AND feature_1 > 0.689 AND feature_0 <= 1.498,2.709,0.02,,,4,0.9,0.37,2.861,2.0,0.35,CF SingleTree,0.4,0.57
feature_0 > -0.032 AND feature_0 > 1.169,2.259,0.11,,,2,0.75,0.37,2.455,1.0,0.35,CF SingleTree,0.4,0.57
feature_0 > -0.032 AND feature_0 > 1.169 AND feature_1 > 0.689 AND feature_0 > 1.498,3.022,0.02,,,4,1.0,0.61,3.412,2.0,0.61,CF SingleTree,0.6,0.57
feature_0 > -0.032 AND feature_0 > 1.169 AND feature_1 > 0.689,2.875,0.03,,,3,0.95,0.58,3.154,2.0,0.57,CF SingleTree,0.6,0.57
feature_0 > -0.032 AND feature_0 > 1.169 AND feature_1 > 0.689 AND feature_0 <= 1.498,2.709,0.02,,,4,0.9,0.55,2.861,2.0,0.51,CF SingleTree,0.6,0.57
feature_0 > -0.032 AND feature_0 > 1.169,2.259,0.11,,,2,0.75,0.49,2.455,1.0,0.48,CF SingleTree,0.6,0.57
feature_0 > -0.032 AND feature_0 > 1.169 AND feature_1 <= 0.689 AND feature_0 > 1.524,2.23,0.05,,,4,0.74,0.46,2.541,2.0,0.47,CF SingleTree,0.6,0.57
feature_0 > -0.032 AND feature_0 > 1.169 AND feature_1 > 0.689 AND feature_0 > 1.498,3.022,0.02,,,4,1.0,0.8,3.412,2.0,0.8,CF SingleTree,0.8,0.57
feature_0 > -0.032 AND feature_0 > 1.169 AND feature_1 > 0.689,2.875,0.03,,,3,0.95,0.77,3.154,2.0,0.75,CF SingleTree,0.8,0.57
feature_0 > -0.032 AND feature_0 > 1.169 AND feature_1 > 0.689 AND feature_0 <= 1.498,2.709,0.02,,,4,0.9,0.72,2.861,2.0,0.67,CF SingleTree,0.8,0.57
feature_0 > -0.032 AND feature_0 > 1.169,2.259,0.11,,,2,0.75,0.62,2.455,1.0,0.6,CF SingleTree,0.8,0.57
feature_0 > -0.032 AND feature_0 > 1.169 AND feature_1 <= 0.689 AND feature_0 > 1.524,2.23,0.05,,,4,0.74,0.6,2.541,2.0,0.61,CF SingleTree,0.8,0.57
feature_0 > -0.032 AND feature_0 > 1.169 AND feature_1 > 0.689 AND feature_0 > 1.498,3.022,0.02,,,4,1.0,1.0,3.412,2.0,1.0,CF SingleTree,1.0,0.57
feature_0 > -0.032 AND feature_0 > 1.169 AND feature_1 > 0.689,2.875,0.03,,,3,0.95,0.95,3.154,2.0,0.92,CF SingleTree,1.0,0.57
feature_0 > -0.032 AND feature_0 > 1.169 AND feature_1 > 0.689 AND feature_0 <= 1.498,2.709,0.02,,,4,0.9,0.9,2.861,2.0,0.84,CF SingleTree,1.0,0.57
feature_0 > -0.032 AND feature_0 > 1.169,2.259,0.11,,,2,0.75,0.75,2.455,1.0,0.72,CF SingleTree,1.0,0.57
feature_0 > -0.032 AND feature_0 <= 1.169 AND feature_1 > 0.726 AND feature_0 > 0.797,2.243,0.02,,,4,0.74,0.74,2.489,2.0,0.73,CF SingleTree,1.0,0.57
feature_0 > -1.323 AND feature_1 <= 0.731 AND feature_0 > -1.149 AND feature_0 <= 1.634 AND feature_1 <= -0.394,0.47,0.75,0.91,1.38,5,0.1,0.75,0.443,2.0,0.75,CT on D,0.0,
feature_0 > -1.323 AND feature_1 <= 0.731 AND feature_0 > -1.149 AND feature_0 <= 1.634 AND feature_1 <= -0.394 AND feature_0 > -0.773,0.643,0.65,0.8,1.45,6,0.13,0.65,0.594,2.0,0.65,CT on D,0.0,
feature_0 > -1.323 AND feature_1 <= 0.731,0.774,0.48,0.88,1.65,2,0.16,0.48,0.762,2.0,0.48,CT on D,0.0,
feature_0 > -1.323 AND feature_1 <= 0.731 AND feature_0 > -1.149,0.848,0.47,0.84,1.69,3,0.18,0.47,0.815,2.0,0.47,CT on D,0.0,
feature_0 > -1.323 AND feature_1 <= 0.731 AND feature_0 > -1.149 AND feature_0 <= 1.634,0.765,0.45,0.84,1.6,4,0.16,0.45,0.705,2.0,0.45,CT on D,0.0,
feature_0 > -1.323 AND feature_1 <= 0.731 AND feature_0 > -1.149 AND feature_0 <= 1.634 AND feature_1 <= -0.394,0.47,0.75,0.91,1.38,5,0.1,0.62,0.443,2.0,0.71,CT on D,0.2,
feature_0 > -1.323 AND feature_1 <= 0.731 AND feature_0 > -1.149 AND feature_0 <= 1.634 AND feature_1 <= -0.394 AND feature_0 > -0.773,0.643,0.65,0.8,1.45,6,0.13,0.55,0.594,2.0,0.67,CT on D,0.2,
feature_0 > -1.323 AND feature_1 <= 0.731,0.774,0.48,0.88,1.65,2,0.16,0.42,0.762,2.0,0.57,CT on D,0.2,
feature_0 > -1.323 AND feature_1 <= 0.731 AND feature_0 > -1.149,0.848,0.47,0.84,1.69,3,0.18,0.41,0.815,2.0,0.58,CT on D,0.2,
feature_0 > -1.323 AND feature_1 <= 0.731 AND feature_0 > -1.149 AND feature_0 <= 1.634,0.765,0.45,0.84,1.6,4,0.16,0.39,0.705,2.0,0.53,CT on D,0.2,
feature_0 > -1.323 AND feature_1 <= 0.731 AND feature_0 > -1.149 AND feature_0 <= 1.634 AND feature_1 <= -0.394,0.47,0.75,0.91,1.38,5,0.1,0.49,0.443,2.0,0.5,CT on D,0.4,
feature_0 > -1.323 AND feature_1 <= 0.731 AND feature_0 > -1.149 AND feature_0 <= 1.634 AND feature_1 <= -0.394 AND feature_0 > -0.773,0.643,0.65,0.8,1.45,6,0.13,0.44,0.594,2.0,0.46,CT on D,0.4,
feature_0 > -1.323 AND feature_1 > 0.731 AND feature_0 > 1.204 AND feature_2 > 0.191,4.815,0.0,1.56,6.38,4,1.0,0.4,3.328,3.0,0.4,CT on D,0.4,
feature_0 > -1.323 AND feature_1 <= 0.731 AND feature_0 > -1.149,0.848,0.47,0.84,1.69,3,0.18,0.35,0.815,2.0,0.38,CT on D,0.4,
feature_0 > -1.323 AND feature_1 <= 0.731,0.774,0.48,0.88,1.65,2,0.16,0.35,0.762,2.0,0.38,CT on D,0.4,
feature_0 > -1.323 AND feature_1 > 0.731 AND feature_0 > 1.204 AND feature_2 > 0.191,4.815,0.0,1.56,6.38,4,1.0,0.6,3.328,3.0,0.6,CT on D,0.6,
feature_0 <= -1.323 AND feature_1 <= -0.664 AND feature_0 <= -1.641,3.759,0.04,2.72,-1.04,3,0.78,0.48,1.826,2.0,0.34,CT on D,0.6,
feature_0 > -1.323 AND feature_1 > 0.731 AND feature_0 > 1.204,3.493,0.0,2.16,5.65,3,0.73,0.44,3.34,2.0,0.6,CT on D,0.6,
feature_0 > -1.323 AND feature_1 > 0.731 AND feature_0 <= 1.204 AND feature_7 > 0.44 AND feature_8 > 0.263 AND feature_2 > -0.112,3.373,0.0,0.74,4.12,6,0.7,0.42,1.554,5.0,0.28,CT on D,0.6,
feature_0 > -1.323 AND feature_1 > 0.731 AND feature_0 <= 1.204 AND feature_7 > 0.44 AND feature_8 > 0.263,3.184,0.0,0.45,3.63,5,0.66,0.4,1.563,4.0,0.28,CT on D,0.6,
feature_0 > -1.323 AND feature_1 > 0.731 AND feature_0 > 1.204 AND feature_2 > 0.191,4.815,0.0,1.56,6.38,4,1.0,0.8,3.328,3.0,0.8,CT on D,0.8,
feature_0 <= -1.323 AND feature_1 <= -0.664 AND feature_0 <= -1.641,3.759,0.04,2.72,-1.04,3,0.78,0.63,1.826,2.0,0.45,CT on D,0.8,
feature_0 > -1.323 AND feature_1 > 0.731 AND feature_0 > 1.204,3.493,0.0,2.16,5.65,3,0.73,0.58,3.34,2.0,0.8,CT on D,0.8,
feature_0 > -1.323 AND feature_1 > 0.731 AND feature_0 <= 1.204 AND feature_7 > 0.44 AND feature_8 > 0.263 AND feature_2 > -0.112,3.373,0.0,0.74,4.12,6,0.7,0.56,1.554,5.0,0.37,CT on D,0.8,
feature_0 > -1.323 AND feature_1 > 0.731 AND feature_0 <= 1.204 AND feature_7 > 0.44 AND feature_8 > 0.263,3.184,0.0,0.45,3.63,5,0.66,0.53,1.563,4.0,0.37,CT on D,0.8,
feature_0 > -1.323 AND feature_1 > 0.731 AND feature_0 > 1.204 AND feature_2 > 0.191,4.815,0.0,1.56,6.38,4,1.0,1.0,3.328,3.0,1.0,CT on D,1.0,
feature_0 <= -1.323 AND feature_1 <= -0.664 AND feature_0 <= -1.641,3.759,0.04,2.72,-1.04,3,0.78,0.78,1.826,2.0,0.55,CT on D,1.0,
feature_0 > -1.323 AND feature_1 > 0.731 AND feature_0 > 1.204,3.493,0.0,2.16,5.65,3,0.73,0.73,3.34,2.0,1.0,CT on D,1.0,
feature_0 > -1.323 AND feature_1 > 0.731 AND feature_0 <= 1.204 AND feature_7 > 0.44 AND feature_8 > 0.263 AND feature_2 > -0.112,3.373,0.0,0.74,4.12,6,0.7,0.7,1.554,5.0,0.47,CT on D,1.0,
feature_0 > -1.323 AND feature_1 > 0.731 AND feature_0 <= 1.204 AND feature_7 > 0.44 AND feature_8 > 0.263,3.184,0.0,0.45,3.63,5,0.66,0.66,1.563,4.0,0.47,CT on D,1.0,
feature_3 > -1.888,0.345,0.97,0.98,1.32,1,0.12,0.97,0.81,1.0,0.97,CT on P,0.0,
feature_3 > -1.888 AND feature_0 > -1.792,0.466,0.93,0.93,1.4,2,0.17,0.93,0.894,2.0,0.93,CT on P,0.0,
feature_3 > -1.888 AND feature_0 > -1.792 AND feature_0 <= 1.161,0.275,0.8,1.02,1.29,3,0.1,0.8,0.661,2.0,0.8,CT on P,0.0,
feature_3 > -1.888 AND feature_0 > -1.792 AND feature_0 <= 1.161 AND feature_2 <= 0.077,0.515,0.43,0.6,1.12,4,0.18,0.43,0.642,3.0,0.43,CT on P,0.0,
feature_3 > -1.888 AND feature_0 > -1.792 AND feature_0 <= 1.161 AND feature_2 > 0.077,0.007,0.37,1.51,1.5,4,0.0,0.37,0.684,3.0,0.37,CT on P,0.0,
feature_3 > -1.888,0.345,0.97,0.98,1.32,1,0.12,0.8,0.81,1.0,0.96,CT on P,0.2,
feature_3 > -1.888 AND feature_0 > -1.792,0.466,0.93,0.93,1.4,2,0.17,0.78,0.894,2.0,0.94,CT on P,0.2,
feature_3 > -1.888 AND feature_0 > -1.792 AND feature_0 <= 1.161,0.275,0.8,1.02,1.29,3,0.1,0.66,0.661,2.0,0.79,CT on P,0.2,
feature_3 > -1.888 AND feature_0 > -1.792 AND feature_0 <= 1.161 AND feature_2 <= 0.077,0.515,0.43,0.6,1.12,4,0.18,0.38,0.642,3.0,0.49,CT on P,0.2,
feature_3 > -1.888 AND feature_0 > -1.792 AND feature_0 <= 1.161 AND feature_2 > 0.077,0.007,0.37,1.51,1.5,4,0.0,0.3,0.684,3.0,0.45,CT on P,0.2,
feature_3 > -1.888,0.345,0.97,0.98,1.32,1,0.12,0.63,0.81,1.0,0.72,CT on P,0.4,
feature_3 > -1.888 AND feature_0 > -1.792,0.466,0.93,0.93,1.4,2,0.17,0.62,0.894,2.0,0.71,CT on P,0.4,
feature_3 > -1.888 AND feature_0 > -1.792 AND feature_0 <= 1.161,0.275,0.8,1.02,1.29,3,0.1,0.52,0.661,2.0,0.59,CT on P,0.4,
feature_3 > -1.888 AND feature_0 > -1.792 AND feature_0 > 1.161 AND feature_5 <= 0.728 AND feature_6 <= 0.584 AND feature_4 <= 0.035,2.8,0.04,-0.31,2.49,6,1.0,0.42,2.42,5.0,0.42,CT on P,0.4,
feature_3 > -1.888 AND feature_0 <= -1.792,2.704,0.04,2.13,-0.58,2,0.97,0.41,1.423,2.0,0.26,CT on P,0.4,
feature_3 > -1.888 AND feature_0 > -1.792 AND feature_0 > 1.161 AND feature_5 <= 0.728 AND feature_6 <= 0.584 AND feature_4 <= 0.035,2.8,0.04,-0.31,2.49,6,1.0,0.62,2.42,5.0,0.61,CT on P,0.6,
feature_3 > -1.888 AND feature_0 <= -1.792,2.704,0.04,2.13,-0.58,2,0.97,0.6,1.423,2.0,0.36,CT on P,0.6,
feature_3 > -1.888 AND feature_0 > -1.792 AND feature_0 > 1.161 AND feature_5 <= 0.728 AND feature_6 <= 0.584,2.367,0.07,-0.0,2.36,5,0.85,0.54,2.449,4.0,0.63,CT on P,0.6,
feature_3 > -1.888 AND feature_0 > -1.792 AND feature_0 <= 1.161 AND feature_2 > 0.077 AND feature_0 <= -1.176,2.255,0.04,2.48,0.22,5,0.81,0.5,0.653,3.0,0.18,CT on P,0.6,
feature_3 > -1.888 AND feature_0 > -1.792 AND feature_0 > 1.161 AND feature_5 <= 0.728,2.082,0.1,0.22,2.31,4,0.74,0.49,2.459,3.0,0.64,CT on P,0.6,
feature_3 > -1.888 AND feature_0 > -1.792 AND feature_0 > 1.161 AND feature_5 <= 0.728 AND feature_6 <= 0.584 AND feature_4 <= 0.035,2.8,0.04,-0.31,2.49,6,1.0,0.81,2.42,5.0,0.8,CT on P,0.8,
feature_3 > -1.888 AND feature_0 <= -1.792,2.704,0.04,2.13,-0.58,2,0.97,0.78,1.423,2.0,0.47,CT on P,0.8,
feature_3 > -1.888 AND feature_0 > -1.792 AND feature_0 > 1.161 AND feature_5 <= 0.728 AND feature_6 <= 0.584,2.367,0.07,-0.0,2.36,5,0.85,0.69,2.449,4.0,0.81,CT on P,0.8,
feature_3 > -1.888 AND feature_0 > -1.792 AND feature_0 <= 1.161 AND feature_2 > 0.077 AND feature_0 <= -1.176,2.255,0.04,2.48,0.22,5,0.81,0.65,0.653,3.0,0.22,CT on P,0.8,
feature_3 > -1.888 AND feature_0 > -1.792 AND feature_0 > 1.161 AND feature_5 <= 0.728,2.082,0.1,0.22,2.31,4,0.74,0.61,2.459,3.0,0.82,CT on P,0.8,
feature_3 > -1.888 AND feature_0 > -1.792 AND feature_0 > 1.161 AND feature_5 <= 0.728 AND feature_6 <= 0.584 AND feature_4 <= 0.035,2.8,0.04,-0.31,2.49,6,1.0,1.0,2.42,5.0,0.98,CT on P,1.0,
feature_3 > -1.888 AND feature_0 <= -1.792,2.704,0.04,2.13,-0.58,2,0.97,0.97,1.423,2.0,0.58,CT on P,1.0,
feature_3 > -1.888 AND feature_0 > -1.792 AND feature_0 > 1.161 AND feature_5 <= 0.728 AND feature_6 <= 0.584,2.367,0.07,-0.0,2.36,5,0.85,0.85,2.449,4.0,1.0,CT on P,1.0,
feature_3 > -1.888 AND feature_0 > -1.792 AND feature_0 <= 1.161 AND feature_2 > 0.077 AND feature_0 <= -1.176,2.255,0.04,2.48,0.22,5,0.81,0.81,0.653,3.0,0.27,CT on P,1.0,
feature_3 > -1.888 AND feature_0 > -1.792 AND feature_0 > 1.161 AND feature_5 <= 0.728,2.082,0.1,0.22,2.31,4,0.74,0.74,2.459,3.0,1.0,CT on P,1.0,
feature_0 <= 0.396 AND feature_1 <= -0.18,0.069,0.6,,,2,0.01,0.6,0.211,2.0,0.6,CF,0.0,6.72
feature_0 > -1.139 AND feature_2 <= 1.29 AND feature_1 <= 0.154,0.849,0.58,,,3,0.06,0.58,0.695,3.0,0.58,CF,0.0,6.72
feature_0 <= 0.253 AND feature_1 <= -0.376,0.172,0.55,,,2,0.01,0.55,0.338,2.0,0.55,CF,0.0,6.72
feature_0 <= 0.235 AND feature_1 <= -0.132,0.221,0.54,,,2,0.02,0.54,0.293,2.0,0.54,CF,0.0,6.72
feature_0 <= 0.15 AND feature_1 <= -0.142,0.256,0.51,,,2,0.02,0.51,0.35,2.0,0.51,CF,0.0,6.72
feature_0 <= 0.396 AND feature_1 <= -0.18,0.069,0.6,,,2,0.01,0.48,0.211,2.0,0.52,CF,0.2,6.72
feature_0 > -1.139 AND feature_2 <= 1.29 AND feature_1 <= 0.154,0.849,0.58,,,3,0.06,0.48,0.695,3.0,0.59,CF,0.2,6.72
feature_0 <= 0.253 AND feature_1 <= -0.376,0.172,0.55,,,2,0.01,0.44,0.338,2.0,0.5,CF,0.2,6.72
feature_0 <= 0.235 AND feature_1 <= -0.132,0.221,0.54,,,2,0.02,0.44,0.293,2.0,0.48,CF,0.2,6.72
feature_0 > -0.042 AND feature_1 <= 0.81 AND feature_1 <= -0.319,1.209,0.51,,,3,0.09,0.43,1.134,2.0,0.61,CF,0.2,6.72
feature_0 > -0.293 AND feature_1 > 1.318 AND feature_0 <= 0.658 AND feature_0 > 0.567,13.762,0.0,,,4,1.0,0.4,2.457,2.0,0.4,CF,0.4,6.72
feature_0 > -1.139 AND feature_2 <= 1.29 AND feature_1 <= 0.154,0.849,0.58,,,3,0.06,0.37,0.695,3.0,0.46,CF,0.4,6.72
feature_0 <= 0.396 AND feature_1 <= -0.18,0.069,0.6,,,2,0.01,0.36,0.211,2.0,0.39,CF,0.4,6.72
feature_0 > -0.042 AND feature_1 <= 0.81 AND feature_1 <= -0.319,1.209,0.51,,,3,0.09,0.34,1.134,2.0,0.49,CF,0.4,6.72
feature_0 > -0.234 AND feature_1 <= -0.033,1.102,0.51,,,2,0.08,0.34,1.068,2.0,0.48,CF,0.4,6.72
feature_0 > -0.293 AND feature_1 > 1.318 AND feature_0 <= 0.658 AND feature_0 > 0.567,13.762,0.0,,,4,1.0,0.6,2.457,2.0,0.47,CF,0.6,6.72
feature_0 > 0.128 AND feature_1 > 1.14 AND feature_5 > 1.094 AND feature_4 > 0.126,10.477,0.0,,,4,0.76,0.46,2.846,4.0,0.55,CF,0.6,6.72
feature_0 > -0.101 AND feature_1 > 1.162 AND feature_4 <= -1.295 AND feature_2 <= -0.882,7.8,0.0,,,4,0.57,0.34,2.843,4.0,0.54,CF,0.6,6.72
feature_0 > -0.099 AND feature_1 > 1.48 AND feature_3 <= -1.131,7.203,0.0,,,3,0.52,0.31,2.772,3.0,0.53,CF,0.6,6.72
feature_0 > 0.429 AND feature_1 > 1.572 AND feature_5 > 1.005,6.344,0.0,,,3,0.46,0.28,3.133,3.0,0.6,CF,0.6,6.72
feature_0 > -0.293 AND feature_1 > 1.318 AND feature_0 <= 0.658 AND feature_0 > 0.567,13.762,0.0,,,4,1.0,0.8,2.457,2.0,0.63,CF,0.8,6.72
feature_0 > 0.128 AND feature_1 > 1.14 AND feature_5 > 1.094 AND feature_4 > 0.126,10.477,0.0,,,4,0.76,0.61,2.846,4.0,0.73,CF,0.8,6.72
feature_0 > -0.101 AND feature_1 > 1.162 AND feature_4 <= -1.295 AND feature_2 <= -0.882,7.8,0.0,,,4,0.57,0.45,2.843,4.0,0.73,CF,0.8,6.72
feature_0 > -0.099 AND feature_1 > 1.48 AND feature_3 <= -1.131,7.203,0.0,,,3,0.52,0.42,2.772,3.0,0.71,CF,0.8,6.72
feature_0 > 0.429 AND feature_1 > 1.572 AND feature_5 > 1.005,6.344,0.0,,,3,0.46,0.37,3.133,3.0,0.8,CF,0.8,6.72
feature_0 > -0.293 AND feature_1 > 1.318 AND feature_0 <= 0.658 AND feature_0 > 0.567,13.762,0.0,,,4,1.0,1.0,2.457,2.0,0.78,CF,1.0,6.72
feature_0 > 0.128 AND feature_1 > 1.14 AND feature_5 > 1.094 AND feature_4 > 0.126,10.477,0.0,,,4,0.76,0.76,2.846,4.0,0.91,CF,1.0,6.72
feature_0 > -0.101 AND feature_1 > 1.162 AND feature_4 <= -1.295 AND feature_2 <= -0.882,7.8,0.0,,,4,0.57,0.57,2.843,4.0,0.91,CF,1.0,6.72
feature_0 > -0.099 AND feature_1 > 1.48 AND feature_3 <= -1.131,7.203,0.0,,,3,0.52,0.52,2.772,3.0,0.88,CF,1.0,6.72
feature_0 > 0.429 AND feature_1 > 1.572 AND feature_5 > 1.005,6.344,0.0,,,3,0.46,0.46,3.133,3.0,1.0,CF,1.0,6.72
feature_0 > -0.031,1.541,0.28,,,1,0.61,0.28,1.581,1.0,0.28,CF SingleTree,0.0,0.6
feature_0 <= -0.031,0.021,0.27,,,1,0.01,0.27,0.025,1.0,0.27,CF SingleTree,0.0,0.6
feature_0 > -0.031 AND feature_0 > 0.475 AND feature_1 <= 0.483,1.567,0.26,,,3,0.62,0.26,1.641,2.0,0.26,CF SingleTree,0.0,0.6
feature_0 > -0.031 AND feature_0 > 0.475,1.81,0.22,,,2,0.72,0.22,1.928,1.0,0.22,CF SingleTree,0.0,0.6
feature_0 <= -0.031 AND feature_0 <= -0.805 AND feature_1 <= -0.015,0.582,0.21,,,3,0.23,0.21,0.982,2.0,0.21,CF SingleTree,0.0,0.6
feature_0 > -0.031,1.541,0.28,,,1,0.61,0.35,1.581,1.0,0.38,CF SingleTree,0.2,0.6
feature_0 > -0.031 AND feature_0 > 0.475 AND feature_1 <= 0.483,1.567,0.26,,,3,0.62,0.33,1.641,2.0,0.37,CF SingleTree,0.2,0.6
feature_0 > -0.031 AND feature_0 > 0.475,1.81,0.22,,,2,0.72,0.32,1.928,1.0,0.37,CF SingleTree,0.2,0.6
feature_0 > -0.031 AND feature_0 > 0.475 AND feature_1 <= 0.483 AND feature_0 > 0.97,1.696,0.15,,,4,0.67,0.25,2.013,2.0,0.32,CF SingleTree,0.2,0.6
feature_0 <= -0.031,0.021,0.27,,,1,0.01,0.22,0.025,1.0,0.22,CF SingleTree,0.2,0.6
feature_0 > -0.031 AND feature_0 > 0.475,1.81,0.22,,,2,0.72,0.42,1.928,1.0,0.41,CF SingleTree,0.4,0.6
feature_0 > -0.031,1.541,0.28,,,1,0.61,0.41,1.581,1.0,0.4,CF SingleTree,0.4,0.6
feature_0 > -0.031 AND feature_0 > 0.475 AND feature_1 <= 0.483,1.567,0.26,,,3,0.62,0.41,1.641,2.0,0.39,CF SingleTree,0.4,0.6
feature_0 > -0.031 AND feature_0 > 0.475 AND feature_1 > 0.483 AND feature_1 > 0.884,2.516,0.0,,,4,1.0,0.4,2.78,2.0,0.4,CF SingleTree,0.4,0.6
feature_0 > -0.031 AND feature_0 > 0.475 AND feature_1 > 0.483,2.352,0.0,,,3,0.93,0.37,2.571,2.0,0.37,CF SingleTree,0.4,0.6
feature_0 > -0.031 AND feature_0 > 0.475 AND feature_1 > 0.483 AND feature_1 > 0.884,2.516,0.0,,,4,1.0,0.6,2.78,2.0,0.6,CF SingleTree,0.6,0.6
feature_0 > -0.031 AND feature_0 > 0.475 AND feature_1 > 0.483,2.352,0.0,,,3,0.93,0.56,2.571,2.0,0.55,CF SingleTree,0.6,0.6
feature_0 > -0.031 AND feature_0 > 0.475,1.81,0.22,,,2,0.72,0.52,1.928,1.0,0.5,CF SingleTree,0.6,0.6
feature_0 > -0.031 AND feature_0 > 0.475 AND feature_1 > 0.483 AND feature_1 <= 0.884,2.073,0.0,,,4,0.82,0.49,2.214,2.0,0.48,CF SingleTree,0.6,0.6
feature_0 > -0.031,1.541,0.28,,,1,0.61,0.48,1.581,1.0,0.45,CF SingleTree,0.6,0.6
feature_0 > -0.031 AND feature_0 > 0.475 AND feature_1 > 0.483 AND feature_1 > 0.884,2.516,0.0,,,4,1.0,0.8,2.78,2.0,0.8,CF SingleTree,0.8,0.6
feature_0 > -0.031 AND feature_0 > 0.475 AND feature_1 > 0.483,2.352,0.0,,,3,0.93,0.75,2.571,2.0,0.74,CF SingleTree,0.8,0.6
feature_0 > -0.031 AND feature_0 > 0.475 AND feature_1 > 0.483 AND feature_1 <= 0.884,2.073,0.0,,,4,0.82,0.66,2.214,2.0,0.64,CF SingleTree,0.8,0.6
feature_0 > -0.031 AND feature_0 > 0.475,1.81,0.22,,,2,0.72,0.62,1.928,1.0,0.6,CF SingleTree,0.8,0.6
feature_0 > -0.031 AND feature_0 <= 0.475 AND feature_1 > 0.828 AND feature_0 > 0.255,1.863,0.0,,,4,0.74,0.59,1.991,2.0,0.57,CF SingleTree,0.8,0.6
feature_0 > -0.031 AND feature_0 > 0.475 AND feature_1 > 0.483 AND feature_1 > 0.884,2.516,0.0,,,4,1.0,1.0,2.78,2.0,1.0,CF SingleTree,1.0,0.6
feature_0 > -0.031 AND feature_0 > 0.475 AND feature_1 > 0.483,2.352,0.0,,,3,0.93,0.93,2.571,2.0,0.92,CF SingleTree,1.0,0.6
feature_0 > -0.031 AND feature_0 > 0.475 AND feature_1 > 0.483 AND feature_1 <= 0.884,2.073,0.0,,,4,0.82,0.82,2.214,2.0,0.8,CF SingleTree,1.0,0.6
feature_0 > -0.031 AND feature_0 <= 0.475 AND feature_1 > 0.828 AND feature_0 > 0.255,1.863,0.0,,,4,0.74,0.74,1.991,2.0,0.72,CF SingleTree,1.0,0.6
feature_0 > -0.031 AND feature_0 > 0.475,1.81,0.22,,,2,0.72,0.72,1.928,1.0,0.69,CF SingleTree,1.0,0.6
feature_4 > -2.295,0.858,0.77,0.97,1.83,1,0.18,0.77,0.797,1.0,0.77,CT on D,0.0,
feature_4 > -2.295 AND feature_0 <= 0.719,0.482,0.62,0.95,1.43,2,0.1,0.62,0.391,2.0,0.62,CT on D,0.0,
feature_4 > -2.295 AND feature_0 <= 0.719 AND feature_1 <= 0.06,0.017,0.35,1.02,1.03,3,0.0,0.35,0.018,3.0,0.35,CT on D,0.0,
feature_4 > -2.295 AND feature_0 <= 0.719 AND feature_1 > 0.06,1.0,0.33,0.87,1.87,3,0.21,0.33,0.806,3.0,0.33,CT on D,0.0,
feature_4 > -2.295 AND feature_0 <= 0.719 AND feature_1 <= 0.06 AND feature_0 > -0.909,0.517,0.27,0.75,1.27,4,0.11,0.27,0.342,3.0,0.27,CT on D,0.0,
feature_4 > -2.295,0.858,0.77,0.97,1.83,1,0.18,0.65,0.797,1.0,0.69,CT on D,0.2,
feature_4 > -2.295 AND feature_0 <= 0.719,0.482,0.62,0.95,1.43,2,0.1,0.52,0.391,2.0,0.53,CT on D,0.2,
feature_4 > -2.295 AND feature_0 <= 0.719 AND feature_1 > 0.06,1.0,0.33,0.87,1.87,3,0.21,0.31,0.806,3.0,0.34,CT on D,0.2,
feature_4 > -2.295 AND feature_0 <= 0.719 AND feature_1 <= 0.06,0.017,0.35,1.02,1.03,3,0.0,0.28,0.018,3.0,0.28,CT on D,0.2,
feature_4 > -2.295 AND feature_0 > 0.719,2.056,0.22,1.03,3.09,2,0.43,0.26,2.089,2.0,0.38,CT on D,0.2,
feature_4 > -2.295,0.858,0.77,0.97,1.83,1,0.18,0.53,0.797,1.0,0.57,CT on D,0.4,
feature_4 > -2.295 AND feature_0 <= 0.719,0.482,0.62,0.95,1.43,2,0.1,0.41,0.391,2.0,0.42,CT on D,0.4,
feature_4 > -2.295 AND feature_0 > 0.719 AND feature_0 > 1.88 AND feature_4 <= -0.368,4.827,0.01,-0.02,4.81,4,1.0,0.41,3.031,2.0,0.41,CT on D,0.4,
feature_4 > -2.295 AND feature_0 > 0.719 AND feature_0 > 1.88,3.66,0.03,0.94,4.6,3,0.76,0.32,3.007,2.0,0.41,CT on D,0.4,
feature_4 > -2.295 AND feature_0 > 0.719 AND feature_0 <= 1.88 AND feature_1 > 1.002 AND feature_3 > -0.25,3.703,0.02,1.9,5.6,5,0.77,0.32,2.922,4.0,0.4,CT on D,0.4,
feature_4 > -2.295 AND feature_0 > 0.719 AND feature_0 > 1.88 AND feature_4 <= -0.368,4.827,0.01,-0.02,4.81,4,1.0,0.6,3.031,2.0,0.6,CT on D,0.6,
feature_4 > -2.295 AND feature_0 > 0.719 AND feature_0 <= 1.88 AND feature_1 > 1.002 AND feature_3 > -0.25,3.703,0.02,1.9,5.6,5,0.77,0.47,2.922,4.0,0.59,CT on D,0.6,
feature_4 > -2.295 AND feature_0 > 0.719 AND feature_0 > 1.88,3.66,0.03,0.94,4.6,3,0.76,0.47,3.007,2.0,0.61,CT on D,0.6,
feature_4 > -2.295,0.858,0.77,0.97,1.83,1,0.18,0.41,0.797,1.0,0.47,CT on D,0.6,
feature_4 > -2.295 AND feature_0 > 0.719 AND feature_0 <= 1.88 AND feature_1 > 1.002,3.173,0.03,2.0,5.17,4,0.66,0.41,2.913,3.0,0.59,CT on D,0.6,
feature_4 > -2.295 AND feature_0 > 0.719 AND feature_0 > 1.88 AND feature_4 <= -0.368,4.827,0.01,-0.02,4.81,4,1.0,0.8,3.031,2.0,0.8,CT on D,0.8,
feature_4 > -2.295 AND feature_0 > 0.719 AND feature_0 <= 1.88 AND feature_1 > 1.002 AND feature_3 > -0.25,3.703,0.02,1.9,5.6,5,0.77,0.62,2.922,4.0,0.78,CT on D,0.8,
feature_4 > -2.295 AND feature_0 > 0.719 AND feature_0 > 1.88,3.66,0.03,0.94,4.6,3,0.76,0.61,3.007,2.0,0.8,CT on D,0.8,
feature_4 > -2.295 AND feature_0 <= 0.719 AND feature_1 <= 0.06 AND feature_0 <= -0.909 AND feature_3 > 0.476 AND feature_6 <= -0.095,3.237,0.01,3.33,0.09,6,0.67,0.54,1.043,5.0,0.28,CT on D,0.8,
feature_4 > -2.295 AND feature_0 > 0.719 AND feature_0 <= 1.88 AND feature_1 > 1.002,3.173,0.03,2.0,5.17,4,0.66,0.53,2.913,3.0,0.77,CT on D,0.8,
feature_4 > -2.295 AND feature_0 > 0.719 AND feature_0 > 1.88 AND feature_4 <= -0.368,4.827,0.01,-0.02,4.81,4,1.0,1.0,3.031,2.0,1.0,CT on D,1.0,
feature_4 > -2.295 AND feature_0 > 0.719 AND feature_0 <= 1.88 AND feature_1 > 1.002 AND feature_3 > -0.25,3.703,0.02,1.9,5.6,5,0.77,0.77,2.922,4.0,0.96,CT on D,1.0,
feature_4 > -2.295 AND feature_0 > 0.719 AND feature_0 > 1.88,3.66,0.03,0.94,4.6,3,0.76,0.76,3.007,2.0,0.99,CT on D,1.0,
feature_4 > -2.295 AND feature_0 <= 0.719 AND feature_1 <= 0.06 AND feature_0 <= -0.909 AND feature_3 > 0.476 AND feature_6 <= -0.095,3.237,0.01,3.33,0.09,6,0.67,0.67,1.043,5.0,0.34,CT on D,1.0,
feature_4 > -2.295 AND feature_0 > 0.719 AND feature_0 <= 1.88 AND feature_1 > 1.002,3.173,0.03,2.0,5.17,4,0.66,0.66,2.913,3.0,0.96,CT on D,1.0,
feature_5 <= 1.982,0.812,0.97,1.12,1.93,1,0.19,0.97,0.796,1.0,0.97,CT on P,0.0,
feature_5 <= 1.982 AND feature_1 <= 0.583,0.514,0.71,1.11,1.62,2,0.12,0.71,0.54,2.0,0.71,CT on P,0.0,
feature_5 <= 1.982 AND feature_1 <= 0.583 AND feature_0 > -0.697,1.035,0.53,0.9,1.93,3,0.24,0.53,0.955,3.0,0.53,CT on P,0.0,
feature_5 <= 1.982 AND feature_1 <= 0.583 AND feature_0 > -0.697 AND feature_0 <= 1.904,0.939,0.51,0.91,1.85,4,0.22,0.51,0.89,3.0,0.51,CT on P,0.0,
feature_5 <= 1.982 AND feature_1 <= 0.583 AND feature_0 > -0.697 AND feature_0 <= 1.904 AND feature_4 <= 1.178,0.847,0.45,0.81,1.65,5,0.2,0.45,0.89,4.0,0.45,CT on P,0.0,
feature_5 <= 1.982,0.812,0.97,1.12,1.93,1,0.19,0.81,0.796,1.0,0.94,CT on P,0.2,
feature_5 <= 1.982 AND feature_1 <= 0.583,0.514,0.71,1.11,1.62,2,0.12,0.59,0.54,2.0,0.68,CT on P,0.2,
feature_5 <= 1.982 AND feature_1 <= 0.583 AND feature_0 > -0.697,1.035,0.53,0.9,1.93,3,0.24,0.47,0.955,3.0,0.62,CT on P,0.2,
feature_5 <= 1.982 AND feature_1 <= 0.583 AND feature_0 > -0.697 AND feature_0 <= 1.904,0.939,0.51,0.91,1.85,4,0.22,0.45,0.89,3.0,0.59,CT on P,0.2,
feature_5 <= 1.982 AND feature_1 <= 0.583 AND feature_0 > -0.697 AND feature_0 <= 1.904 AND feature_4 <= 1.178,0.847,0.45,0.81,1.65,5,0.2,0.4,0.89,4.0,0.55,CT on P,0.2,
feature_5 <= 1.982,0.812,0.97,1.12,1.93,1,0.19,0.66,0.796,1.0,0.68,CT on P,0.4,
feature_5 <= 1.982 AND feature_1 <= 0.583,0.514,0.71,1.11,1.62,2,0.12,0.47,0.54,2.0,0.49,CT on P,0.4,
feature_5 <= 1.982 AND feature_1 <= 0.583 AND feature_0 > -0.697,1.035,0.53,0.9,1.93,3,0.24,0.41,0.955,3.0,0.44,CT on P,0.4,
feature_5 <= 1.982 AND feature_1 > 0.583 AND feature_0 > 0.469 AND feature_8 > -0.212 AND feature_0 > 1.285,4.305,0.02,1.13,5.43,5,1.0,0.41,3.212,4.0,0.41,CT on P,0.4,
feature_5 <= 1.982 AND feature_1 <= 0.583 AND feature_0 > -0.697 AND feature_0 <= 1.904,0.939,0.51,0.91,1.85,4,0.22,0.39,0.89,3.0,0.42,CT on P,0.4,
feature_5 <= 1.982 AND feature_1 > 0.583 AND feature_0 > 0.469 AND feature_8 > -0.212 AND feature_0 > 1.285,4.305,0.02,1.13,5.43,5,1.0,0.61,3.212,4.0,0.61,CT on P,0.6,
feature_5 <= 1.982 AND feature_1 <= 0.583 AND feature_0 > -0.697 AND feature_0 > 1.904,3.652,0.02,0.56,4.21,4,0.85,0.52,2.777,3.0,0.53,CT on P,0.6,
feature_5 <= 1.982,0.812,0.97,1.12,1.93,1,0.19,0.5,0.796,1.0,0.54,CT on P,0.6,
feature_5 <= 1.982 AND feature_1 > 0.583 AND feature_0 > 0.469 AND feature_8 > -0.212,3.068,0.05,1.27,4.33,4,0.71,0.45,2.581,4.0,0.5,CT on P,0.6,
feature_5 <= 1.982 AND feature_1 > 0.583 AND feature_0 > 0.469 AND feature_8 > -0.212 AND feature_0 <= 1.285 AND feature_1 > 1.015,3.15,0.02,1.31,4.46,6,0.73,0.45,2.564,4.0,0.49,CT on P,0.6,
feature_5 <= 1.982 AND feature_1 > 0.583 AND feature_0 > 0.469 AND feature_8 > -0.212 AND feature_0 > 1.285,4.305,0.02,1.13,5.43,5,1.0,0.8,3.212,4.0,0.8,CT on P,0.8,
feature_5 <= 1.982 AND feature_1 <= 0.583 AND feature_0 > -0.697 AND feature_0 > 1.904,3.652,0.02,0.56,4.21,4,0.85,0.68,2.777,3.0,0.7,CT on P,0.8,
feature_5 <= 1.982 AND feature_1 > 0.583 AND feature_0 > 0.469 AND feature_8 > -0.212 AND feature_0 <= 1.285 AND feature_1 > 1.015,3.15,0.02,1.31,4.46,6,0.73,0.59,2.564,4.0,0.64,CT on P,0.8,
feature_5 <= 1.982 AND feature_1 > 0.583 AND feature_0 > 0.469 AND feature_8 > -0.212,3.068,0.05,1.27,4.33,4,0.71,0.58,2.581,4.0,0.65,CT on P,0.8,
feature_5 <= 1.982 AND feature_1 <= 0.583 AND feature_0 <= -0.697 AND feature_1 <= -0.512 AND feature_0 <= -1.37 AND feature_7 > -0.04,2.732,0.01,3.02,0.29,6,0.63,0.51,1.566,4.0,0.39,CT on P,0.8,
feature_5 <= 1.982 AND feature_1 > 0.583 AND feature_0 > 0.469 AND feature_8 > -0.212 AND feature_0 > 1.285,4.305,0.02,1.13,5.43,5,1.0,1.0,3.212,4.0,1.0,CT on P,1.0,
feature_5 <= 1.982 AND feature_1 <= 0.583 AND feature_0 > -0.697 AND feature_0 > 1.904,3.652,0.02,0.56,4.21,4,0.85,0.85,2.777,3.0,0.86,CT on P,1.0,
feature_5 <= 1.982 AND feature_1 > 0.583 AND feature_0 > 0.469 AND feature_8 > -0.212 AND feature_0 <= 1.285 AND feature_1 > 1.015,3.15,0.02,1.31,4.46,6,0.73,0.73,2.564,4.0,0.8,CT on P,1.0,
feature_5 <= 1.982 AND feature_1 > 0.583 AND feature_0 > 0.469 AND feature_8 > -0.212,3.068,0.05,1.27,4.33,4,0.71,0.71,2.581,4.0,0.8,CT on P,1.0,
feature_5 <= 1.982 AND feature_1 <= 0.583 AND feature_0 <= -0.697 AND feature_1 <= -0.512 AND feature_0 <= -1.37 AND feature_7 > -0.04,2.732,0.01,3.02,0.29,6,0.63,0.63,1.566,4.0,0.49,CT on P,1.0,
feature_0 <= 1.44,0.727,0.73,,,1,0.01,0.73,0.645,1.0,0.73,CF,0.0,6.79
feature_0 <= 1.368,0.467,0.72,,,1,0.01,0.72,0.625,1.0,0.72,CF,0.0,6.79
feature_0 <= 1.262,0.499,0.71,,,1,0.01,0.71,0.592,1.0,0.71,CF,0.0,6.79
feature_0 <= 1.059,0.676,0.69,,,1,0.01,0.69,0.53,1.0,0.69,CF,0.0,6.79
feature_0 > -1.121,0.889,0.69,,,1,0.01,0.69,1.045,1.0,0.69,CF,0.0,6.79
feature_0 <= 1.44,0.727,0.73,,,1,0.01,0.59,0.645,1.0,0.71,CF,0.2,6.79
feature_0 <= 1.368,0.467,0.72,,,1,0.01,0.58,0.625,1.0,0.7,CF,0.2,6.79
feature_0 <= 1.262,0.499,0.71,,,1,0.01,0.57,0.592,1.0,0.68,CF,0.2,6.79
feature_0 > -1.121,0.889,0.69,,,1,0.01,0.55,1.045,1.0,0.75,CF,0.2,6.79
feature_0 <= 1.081,0.708,0.69,,,1,0.01,0.55,0.537,1.0,0.65,CF,0.2,6.79
feature_0 <= 1.44,0.727,0.73,,,1,0.01,0.44,0.645,1.0,0.68,CF,0.4,6.79
feature_0 <= 1.368,0.467,0.72,,,1,0.01,0.43,0.625,1.0,0.67,CF,0.4,6.79
feature_0 <= 1.262,0.499,0.71,,,1,0.01,0.43,0.592,1.0,0.65,CF,0.4,6.79
feature_0 > -1.121,0.889,0.69,,,1,0.01,0.42,1.045,1.0,0.81,CF,0.4,6.79
feature_0 <= 1.081,0.708,0.69,,,1,0.01,0.42,0.537,1.0,0.62,CF,0.4,6.79
feature_0 <= -0.975 AND feature_1 <= -1.248 AND feature_6 <= -0.871,65.812,0.0,,,3,1.0,0.6,1.339,3.0,0.6,CF,0.6,6.79
feature_0 <= 1.44,0.727,0.73,,,1,0.01,0.3,0.645,1.0,0.58,CF,0.6,6.79
feature_0 <= 1.368,0.467,0.72,,,1,0.01,0.29,0.625,1.0,0.57,CF,0.6,6.79
feature_0 <= 1.262,0.499,0.71,,,1,0.01,0.29,0.592,1.0,0.55,CF,0.6,6.79
feature_0 > -1.121,0.889,0.69,,,1,0.01,0.28,1.045,1.0,0.74,CF,0.6,6.79
feature_0 <= -0.975 AND feature_1 <= -1.248 AND feature_6 <= -0.871,65.812,0.0,,,3,1.0,0.8,1.339,3.0,0.8,CF,0.8,6.79
feature_0 <= 1.44,0.727,0.73,,,1,0.01,0.15,0.645,1.0,0.53,CF,0.8,6.79
feature_0 > -1.061,1.162,0.68,,,1,0.02,0.15,1.063,1.0,0.77,CF,0.8,6.79
feature_0 <= 1.368,0.467,0.72,,,1,0.01,0.15,0.625,1.0,0.52,CF,0.8,6.79
feature_0 > -0.947,1.225,0.67,,,1,0.02,0.15,1.103,1.0,0.79,CF,0.8,6.79
feature_0 <= -0.975 AND feature_1 <= -1.248 AND feature_6 <= -0.871,65.812,0.0,,,3,1.0,1.0,1.339,3.0,0.32,CF,1.0,6.79
feature_0 > 1.004 AND feature_1 > 1.009 AND feature_1 <= 1.112,9.946,0.0,,,3,0.15,0.15,2.907,2.0,0.7,CF,1.0,6.79
feature_0 > 0.069 AND feature_1 > 1.295 AND feature_0 > 1.891,8.803,0.0,,,3,0.13,0.13,4.124,2.0,1.0,CF,1.0,6.79
feature_0 > 0.147 AND feature_1 > 0.771 AND feature_0 > 1.728 AND feature_0 > 2.089,7.405,0.0,,,4,0.11,0.11,4.066,2.0,0.99,CF,1.0,6.79
feature_0 > 0.212 AND feature_1 > 0.477 AND feature_0 <= 0.803 AND feature_2 > 1.569,7.296,0.01,,,4,0.11,0.11,1.971,3.0,0.48,CF,1.0,6.79
feature_0 <= 0.254,0.308,0.51,,,1,0.11,0.51,0.145,1.0,0.51,CF SingleTree,0.0,0.57
feature_0 > 0.254,1.551,0.37,,,1,0.57,0.37,1.754,1.0,0.37,CF SingleTree,0.0,0.57
feature_0 <= 0.254 AND feature_0 > -0.86,0.62,0.35,,,2,0.23,0.35,0.515,1.0,0.35,CF SingleTree,0.0,0.57
feature_0 > 0.254 AND feature_0 <= 1.136,1.32,0.26,,,2,0.49,0.26,1.442,1.0,0.26,CF SingleTree,0.0,0.57
feature_0 > 0.254 AND feature_0 <= 1.136 AND feature_1 <= 0.786,1.192,0.21,,,3,0.44,0.21,1.244,2.0,0.21,CF SingleTree,0.0,0.57
feature_0 <= 0.254,0.308,0.51,,,1,0.11,0.43,0.145,1.0,0.42,CF SingleTree,0.2,0.57
feature_0 > 0.254,1.551,0.37,,,1,0.57,0.41,1.754,1.0,0.5,CF SingleTree,0.2,0.57
feature_0 <= 0.254 AND feature_0 > -0.86,0.62,0.35,,,2,0.23,0.33,0.515,1.0,0.34,CF SingleTree,0.2,0.57
feature_0 > 0.254 AND feature_0 <= 1.136,1.32,0.26,,,2,0.49,0.31,1.442,1.0,0.37,CF SingleTree,0.2,0.57
feature_0 > 0.254 AND feature_0 <= 1.136 AND feature_1 <= 0.786,1.192,0.21,,,3,0.44,0.26,1.244,2.0,0.31,CF SingleTree,0.2,0.57
feature_0 > 0.254,1.551,0.37,,,1,0.57,0.45,1.754,1.0,0.43,CF SingleTree,0.4,0.57
feature_0 > 0.254 AND feature_0 > 1.136 AND feature_1 > 0.635 AND feature_1 > 1.031,2.703,0.02,,,4,1.0,0.41,3.371,2.0,0.41,CF SingleTree,0.4,0.57
feature_0 > 0.254 AND feature_0 > 1.136 AND feature_1 > 0.635,2.53,0.03,,,3,0.94,0.39,3.133,2.0,0.39,CF SingleTree,0.4,0.57
feature_0 > 0.254 AND feature_0 > 1.136,2.046,0.13,,,2,0.76,0.38,2.422,1.0,0.37,CF SingleTree,0.4,0.57
feature_0 > 0.254 AND feature_0 > 1.136 AND feature_1 <= 0.635 AND feature_0 > 1.949,2.362,0.02,,,4,0.87,0.36,2.832,2.0,0.35,CF SingleTree,0.4,0.57
feature_0 > 0.254 AND feature_0 > 1.136 AND feature_1 > 0.635 AND feature_1 > 1.031,2.703,0.02,,,4,1.0,0.61,3.371,2.0,0.61,CF SingleTree,0.6,0.57
feature_0 > 0.254 AND feature_0 > 1.136 AND feature_1 > 0.635,2.53,0.03,,,3,0.94,0.57,3.133,2.0,0.57,CF SingleTree,0.6,0.57
feature_0 > 0.254 AND feature_0 > 1.136 AND feature_1 <= 0.635 AND feature_0 > 1.949,2.362,0.02,,,4,0.87,0.53,2.832,2.0,0.51,CF SingleTree,0.6,0.57
feature_0 > 0.254 AND feature_0 > 1.136 AND feature_1 > 0.635 AND feature_1 <= 1.031,2.301,0.02,,,4,0.85,0.52,2.818,2.0,0.51,CF SingleTree,0.6,0.57
feature_0 > 0.254 AND feature_0 > 1.136,2.046,0.13,,,2,0.76,0.51,2.422,1.0,0.48,CF SingleTree,0.6,0.57
feature_0 > 0.254 AND feature_0 > 1.136 AND feature_1 > 0.635 AND feature_1 > 1.031,2.703,0.02,,,4,1.0,0.8,3.371,2.0,0.8,CF SingleTree,0.8,0.57
feature_0 > 0.254 AND feature_0 > 1.136 AND feature_1 > 0.635,2.53,0.03,,,3,0.94,0.75,3.133,2.0,0.75,CF SingleTree,0.8,0.57
feature_0 > 0.254 AND feature_0 > 1.136 AND feature_1 <= 0.635 AND feature_0 > 1.949,2.362,0.02,,,4,0.87,0.7,2.832,2.0,0.68,CF SingleTree,0.8,0.57
feature_0 > 0.254 AND feature_0 > 1.136 AND feature_1 > 0.635 AND feature_1 <= 1.031,2.301,0.02,,,4,0.85,0.69,2.818,2.0,0.67,CF SingleTree,0.8,0.57
feature_0 > 0.254 AND feature_0 > 1.136,2.046,0.13,,,2,0.76,0.63,2.422,1.0,0.6,CF SingleTree,0.8,0.57
feature_0 > 0.254 AND feature_0 > 1.136 AND feature_1 > 0.635 AND feature_1 > 1.031,2.703,0.02,,,4,1.0,1.0,3.371,2.0,1.0,CF SingleTree,1.0,0.57
feature_0 > 0.254 AND feature_0 > 1.136 AND feature_1 > 0.635,2.53,0.03,,,3,0.94,0.94,3.133,2.0,0.93,CF SingleTree,1.0,0.57
feature_0 > 0.254 AND feature_0 > 1.136 AND feature_1 <= 0.635 AND feature_0 > 1.949,2.362,0.02,,,4,0.87,0.87,2.832,2.0,0.84,CF SingleTree,1.0,0.57
feature_0 > 0.254 AND feature_0 > 1.136 AND feature_1 > 0.635 AND feature_1 <= 1.031,2.301,0.02,,,4,0.85,0.85,2.818,2.0,0.84,CF SingleTree,1.0,0.57
feature_0 > 0.254 AND feature_0 > 1.136,2.046,0.13,,,2,0.76,0.76,2.422,1.0,0.72,CF SingleTree,1.0,0.57
feature_0 <= 0.658,0.45,0.71,0.91,1.36,1,0.1,0.71,0.37,1.0,0.71,CT on D,0.0,
feature_0 <= 0.658 AND feature_0 > -1.383,0.647,0.63,0.84,1.48,2,0.15,0.63,0.554,1.0,0.63,CT on D,0.0,
feature_0 <= 0.658 AND feature_0 > -1.383 AND feature_1 <= 0.487,0.344,0.44,0.78,1.13,3,0.08,0.44,0.258,2.0,0.44,CT on D,0.0,
feature_0 <= 0.658 AND feature_0 > -1.383 AND feature_1 <= 0.487 AND feature_0 <= 0.069,0.042,0.3,0.87,0.91,4,0.01,0.3,0.03,2.0,0.3,CT on D,0.0,
feature_0 <= 0.658 AND feature_0 > -1.383 AND feature_1 <= 0.487 AND feature_0 <= 0.069 AND feature_5 <= 1.702,0.105,0.29,0.83,0.93,5,0.02,0.29,0.033,3.0,0.29,CT on D,0.0,
feature_0 <= 0.658,0.45,0.71,0.91,1.36,1,0.1,0.59,0.37,1.0,0.6,CT on D,0.2,
feature_0 <= 0.658 AND feature_0 > -1.383,0.647,0.63,0.84,1.48,2,0.15,0.53,0.554,1.0,0.56,CT on D,0.2,
feature_0 <= 0.658 AND feature_0 > -1.383 AND feature_1 <= 0.487,0.344,0.44,0.78,1.13,3,0.08,0.37,0.258,2.0,0.38,CT on D,0.2,
feature_0 > 0.658,2.081,0.24,0.95,3.03,1,0.48,0.29,2.048,1.0,0.39,CT on D,0.2,
feature_0 <= 0.658 AND feature_0 > -1.383 AND feature_1 <= 0.487 AND feature_0 <= 0.069,0.042,0.3,0.87,0.91,4,0.01,0.24,0.03,2.0,0.24,CT on D,0.2,
feature_0 <= 0.658,0.45,0.71,0.91,1.36,1,0.1,0.47,0.37,1.0,0.47,CT on D,0.4,
feature_0 <= 0.658 AND feature_0 > -1.383,0.647,0.63,0.84,1.48,2,0.15,0.44,0.554,1.0,0.44,CT on D,0.4,
feature_0 > 0.658 AND feature_0 > 0.923 AND feature_9 > -1.506 AND feature_4 <= 0.375 AND feature_1 > 0.663 AND feature_0 > 1.325,4.339,0.01,1.09,5.43,6,1.0,0.41,3.399,4.0,0.41,CT on D,0.4,
feature_0 > 0.658 AND feature_0 > 0.923 AND feature_9 > -1.506 AND feature_4 <= 0.375 AND feature_1 > 0.663,3.621,0.03,1.01,4.63,5,0.83,0.35,3.029,4.0,0.37,CT on D,0.4,
feature_0 > 0.658,2.081,0.24,0.95,3.03,1,0.48,0.34,2.048,1.0,0.39,CT on D,0.4,
feature_0 > 0.658 AND feature_0 > 0.923 AND feature_9 > -1.506 AND feature_4 <= 0.375 AND feature_1 > 0.663 AND feature_0 > 1.325,4.339,0.01,1.09,5.43,6,1.0,0.6,3.399,4.0,0.6,CT on D,0.6,
feature_0 > 0.658 AND feature_0 > 0.923 AND feature_9 > -1.506 AND feature_4 <= 0.375 AND feature_1 > 0.663,3.621,0.03,1.01,4.63,5,0.83,0.51,3.029,4.0,0.55,CT on D,0.6,
feature_0 > 0.658 AND feature_0 <= 0.923 AND feature_2 > -0.292 AND feature_9 <= 0.545 AND feature_5 <= -0.477,3.544,0.01,0.15,3.69,5,0.82,0.49,1.629,4.0,0.29,CT on D,0.6,
feature_0 > 0.658 AND feature_0 <= 0.923 AND feature_2 <= -0.292 AND feature_7 > 0.266,3.346,0.01,-0.11,3.23,4,0.77,0.47,1.606,3.0,0.29,CT on D,0.6,
feature_0 > 0.658 AND feature_0 > 0.923 AND feature_9 > -1.506 AND feature_4 <= 0.375 AND feature_1 <= 0.663 AND feature_0 > 1.523,3.173,0.03,0.26,3.43,6,0.73,0.45,2.479,4.0,0.45,CT on D,0.6,
feature_0 > 0.658 AND feature_0 > 0.923 AND feature_9 > -1.506 AND feature_4 <= 0.375 AND feature_1 > 0.663 AND feature_0 > 1.325,4.339,0.01,1.09,5.43,6,1.0,0.8,3.399,4.0,0.8,CT on D,0.8,
feature_0 > 0.658 AND feature_0 > 0.923 AND feature_9 > -1.506 AND feature_4 <= 0.375 AND feature_1 > 0.663,3.621,0.03,1.01,4.63,5,0.83,0.67,3.029,4.0,0.72,CT on D,0.8,
feature_0 > 0.658 AND feature_0 <= 0.923 AND feature_2 > -0.292 AND feature_9 <= 0.545 AND feature_5 <= -0.477,3.544,0.01,0.15,3.69,5,0.82,0.66,1.629,4.0,0.39,CT on D,0.8,
feature_0 > 0.658 AND feature_0 <= 0.923 AND feature_2 <= -0.292 AND feature_7 > 0.266,3.346,0.01,-0.11,3.23,4,0.77,0.62,1.606,3.0,0.38,CT on D,0.8,
feature_0 > 0.658 AND feature_0 > 0.923 AND feature_9 > -1.506 AND feature_4 <= 0.375 AND feature_1 <= 0.663 AND feature_0 > 1.523,3.173,0.03,0.26,3.43,6,0.73,0.59,2.479,4.0,0.59,CT on D,0.8,
feature_0 > 0.658 AND feature_0 > 0.923 AND feature_9 > -1.506 AND feature_4 <= 0.375 AND feature_1 > 0.663 AND feature_0 > 1.325,4.339,0.01,1.09,5.43,6,1.0,1.0,3.399,4.0,1.0,CT on D,1.0,
feature_0 > 0.658 AND feature_0 > 0.923 AND feature_9 > -1.506 AND feature_4 <= 0.375 AND feature_1 > 0.663,3.621,0.03,1.01,4.63,5,0.83,0.83,3.029,4.0,0.89,CT on D,1.0,
feature_0 > 0.658 AND feature_0 <= 0.923 AND feature_2 > -0.292 AND feature_9 <= 0.545 AND feature_5 <= -0.477,3.544,0.01,0.15,3.69,5,0.82,0.82,1.629,4.0,0.48,CT on D,1.0,
feature_0 > 0.658 AND feature_0 <= 0.923 AND feature_2 <= -0.292 AND feature_7 > 0.266,3.346,0.01,-0.11,3.23,4,0.77,0.77,1.606,3.0,0.47,CT on D,1.0,
feature_0 > 0.658 AND feature_0 > 0.923 AND feature_9 > -1.506 AND feature_4 <= 0.375 AND feature_1 <= 0.663 AND feature_0 > 1.523,3.173,0.03,0.26,3.43,6,0.73,0.73,2.479,4.0,0.73,CT on D,1.0,
feature_0 <= 0.639,0.453,0.75,0.79,1.24,1,0.12,0.75,0.361,1.0,0.75,CT on P,0.0,
feature_0 <= 0.639 AND feature_0 <= -0.154,0.085,0.45,0.95,0.86,2,0.02,0.45,0.102,1.0,0.45,CT on P,0.0,
feature_0 <= 0.639 AND feature_0 <= -0.154 AND feature_1 <= 0.425,0.414,0.3,0.94,0.53,3,0.11,0.3,0.391,2.0,0.3,CT on P,0.0,
feature_0 <= 0.639 AND feature_0 > -0.154,1.254,0.3,0.56,1.81,2,0.33,0.3,1.042,1.0,0.3,CT on P,0.0,
feature_0 <= 0.639 AND feature_0 <= -0.154 AND feature_1 <= 0.425 AND feature_0 > -1.483,0.174,0.25,0.81,0.63,4,0.05,0.25,0.195,2.0,0.25,CT on P,0.0,
feature_0 <= 0.639,0.453,0.75,0.79,1.24,1,0.12,0.62,0.361,1.0,0.64,CT on P,0.2,
feature_0 <= 0.639 AND feature_0 <= -0.154,0.085,0.45,0.95,0.86,2,0.02,0.36,0.102,1.0,0.37,CT on P,0.2,
feature_0 > 0.639,2.031,0.25,0.9,2.93,1,0.53,0.31,2.034,1.0,0.4,CT on P,0.2,
feature_0 <= 0.639 AND feature_0 > -0.154,1.254,0.3,0.56,1.81,2,0.33,0.31,1.042,1.0,0.34,CT on P,0.2,
feature_0 <= 0.639 AND feature_0 <= -0.154 AND feature_1 <= 0.425,0.414,0.3,0.94,0.53,3,0.11,0.26,0.391,2.0,0.28,CT on P,0.2,
feature_0 <= 0.639,0.453,0.75,0.79,1.24,1,0.12,0.5,0.361,1.0,0.52,CT on P,0.4,
feature_0 > 0.639 AND feature_0 > 0.923 AND feature_0 <= 2.122 AND feature_4 <= -1.429,3.858,0.01,-0.94,2.92,4,1.0,0.41,2.069,2.0,0.41,CT on P,0.4,
feature_0 <= 0.639 AND feature_0 > -0.154 AND feature_1 > 0.558 AND feature_9 > -0.105 AND feature_5 > -0.093 AND feature_7 > -0.071,3.611,0.01,0.03,3.64,6,0.94,0.38,1.791,5.0,0.35,CT on P,0.4,
feature_0 > 0.639 AND feature_0 <= 0.923 AND feature_2 <= -0.292 AND feature_7 > 0.266,3.453,0.01,-0.09,3.36,4,0.9,0.36,1.597,3.0,0.31,CT on P,0.4,
feature_0 > 0.639,2.031,0.25,0.9,2.93,1,0.53,0.36,2.034,1.0,0.54,CT on P,0.4,
feature_0 > 0.639 AND feature_0 > 0.923 AND feature_0 <= 2.122 AND feature_4 <= -1.429,3.858,0.01,-0.94,2.92,4,1.0,0.6,2.069,2.0,0.38,CT on P,0.6,
feature_0 <= 0.639 AND feature_0 > -0.154 AND feature_1 > 0.558 AND feature_9 > -0.105 AND feature_5 > -0.093 AND feature_7 > -0.071,3.611,0.01,0.03,3.64,6,0.94,0.57,1.791,5.0,0.33,CT on P,0.6,
feature_0 > 0.639 AND feature_0 <= 0.923 AND feature_2 <= -0.292 AND feature_7 > 0.266,3.453,0.01,-0.09,3.36,4,0.9,0.54,1.597,3.0,0.29,CT on P,0.6,
feature_0 > 0.639 AND feature_0 > 0.923 AND feature_0 > 2.122,3.115,0.01,1.84,4.96,3,0.81,0.49,3.331,1.0,0.6,CT on P,0.6,
feature_0 <= 0.639 AND feature_0 > -0.154 AND feature_1 > 0.558 AND feature_9 > -0.105 AND feature_5 > -0.093,3.085,0.02,0.3,3.39,5,0.8,0.49,1.77,4.0,0.33,CT on P,0.6,
feature_0 > 0.639 AND feature_0 > 0.923 AND feature_0 <= 2.122 AND feature_4 <= -1.429,3.858,0.01,-0.94,2.92,4,1.0,0.8,2.069,2.0,0.5,CT on P,0.8,
feature_0 <= 0.639 AND feature_0 > -0.154 AND feature_1 > 0.558 AND feature_9 > -0.105 AND feature_5 > -0.093 AND feature_7 > -0.071,3.611,0.01,0.03,3.64,6,0.94,0.75,1.791,5.0,0.43,CT on P,0.8,
feature_0 > 0.639 AND feature_0 <= 0.923 AND feature_2 <= -0.292 AND feature_7 > 0.266,3.453,0.01,-0.09,3.36,4,0.9,0.72,1.597,3.0,0.39,CT on P,0.8,
feature_0 > 0.639 AND feature_0 > 0.923 AND feature_0 > 2.122,3.115,0.01,1.84,4.96,3,0.81,0.65,3.331,1.0,0.8,CT on P,0.8,
feature_0 <= 0.639 AND feature_0 > -0.154 AND feature_1 > 0.558 AND feature_9 > -0.105 AND feature_5 > -0.093,3.085,0.02,0.3,3.39,5,0.8,0.64,1.77,4.0,0.43,CT on P,0.8,
feature_0 > 0.639 AND feature_0 > 0.923 AND feature_0 <= 2.122 AND feature_4 <= -1.429,3.858,0.01,-0.94,2.92,4,1.0,1.0,2.069,2.0,0.62,CT on P,1.0,
feature_0 <= 0.639 AND feature_0 > -0.154 AND feature_1 > 0.558 AND feature_9 > -0.105 AND feature_5 > -0.093 AND feature_7 > -0.071,3.611,0.01,0.03,3.64,6,0.94,0.94,1.791,5.0,0.54,CT on P,1.0,
feature_0 > 0.639 AND feature_0 <= 0.923 AND feature_2 <= -0.292 AND feature_7 > 0.266,3.453,0.01,-0.09,3.36,4,0.9,0.9,1.597,3.0,0.48,CT on P,1.0,
feature_0 > 0.639 AND feature_0 > 0.923 AND feature_0 > 2.122,3.115,0.01,1.84,4.96,3,0.81,0.81,3.331,1.0,1.0,CT on P,1.0,
feature_0 <= 0.639 AND feature_0 > -0.154 AND feature_1 > 0.558 AND feature_9 > -0.105 AND feature_5 > -0.093,3.085,0.02,0.3,3.39,5,0.8,0.8,1.77,4.0,0.53,CT on P,1.0,
feature_0 <= 1.46,0.919,0.86,,,1,0.02,0.86,0.649,1.0,0.86,CF,0.0,6.44
feature_0 <= 1.331,0.724,0.84,,,1,0.02,0.84,0.616,1.0,0.84,CF,0.0,6.44
feature_0 <= 1.316,0.794,0.84,,,1,0.02,0.84,0.612,1.0,0.84,CF,0.0,6.44
feature_0 > -1.286,1.048,0.83,,,1,0.02,0.83,0.985,1.0,0.83,CF,0.0,6.44
feature_0 > -1.272,1.109,0.82,,,1,0.02,0.82,0.989,1.0,0.82,CF,0.0,6.44
feature_0 <= 1.46,0.919,0.86,,,1,0.02,0.69,0.649,1.0,0.81,CF,0.2,6.44
feature_0 <= 1.316,0.794,0.84,,,1,0.02,0.68,0.612,1.0,0.79,CF,0.2,6.44
feature_0 <= 1.331,0.724,0.84,,,1,0.02,0.68,0.616,1.0,0.79,CF,0.2,6.44
feature_0 > -1.286,1.048,0.83,,,1,0.02,0.67,0.985,1.0,0.85,CF,0.2,6.44
feature_0 > -1.051 AND feature_2 <= 1.629,1.221,0.82,,,2,0.03,0.66,1.055,2.0,0.86,CF,0.2,6.44
feature_0 <= 1.46,0.919,0.86,,,1,0.02,0.52,0.649,1.0,0.76,CF,0.4,6.44
feature_0 <= 1.316,0.794,0.84,,,1,0.02,0.51,0.612,1.0,0.74,CF,0.4,6.44
feature_0 <= 1.331,0.724,0.84,,,1,0.02,0.51,0.616,1.0,0.74,CF,0.4,6.44
feature_0 > -1.286,1.048,0.83,,,1,0.02,0.51,0.985,1.0,0.87,CF,0.4,6.44
feature_0 > -1.051 AND feature_2 <= 1.629,1.221,0.82,,,2,0.03,0.5,1.055,2.0,0.89,CF,0.4,6.44
feature_0 > 0.051 AND feature_2 <= -1.53 AND feature_4 <= -0.881 AND feature_9 > 0.07,46.643,0.0,,,4,1.0,0.6,1.657,4.0,0.6,CF,0.6,6.44
feature_0 <= 1.46,0.919,0.86,,,1,0.02,0.36,0.649,1.0,0.58,CF,0.6,6.44
feature_0 <= 1.316,0.794,0.84,,,1,0.02,0.35,0.612,1.0,0.56,CF,0.6,6.44
feature_0 > -1.286,1.048,0.83,,,1,0.02,0.35,0.985,1.0,0.69,CF,0.6,6.44
feature_0 <= 1.331,0.724,0.84,,,1,0.02,0.35,0.616,1.0,0.56,CF,0.6,6.44
feature_0 > 0.051 AND feature_2 <= -1.53 AND feature_4 <= -0.881 AND feature_9 > 0.07,46.643,0.0,,,4,1.0,0.8,1.657,4.0,0.8,CF,0.8,6.44
feature_0 <= 1.46,0.919,0.86,,,1,0.02,0.19,0.649,1.0,0.49,CF,0.8,6.44
feature_0 > -1.051 AND feature_2 <= 1.629,1.221,0.82,,,2,0.03,0.18,1.055,2.0,0.67,CF,0.8,6.44
feature_0 > -1.286,1.048,0.83,,,1,0.02,0.18,0.985,1.0,0.64,CF,0.8,6.44
feature_0 > -1.272,1.109,0.82,,,1,0.02,0.18,0.989,1.0,0.64,CF,0.8,6.44
feature_0 > 0.051 AND feature_2 <= -1.53 AND feature_4 <= -0.881 AND feature_9 > 0.07,46.643,0.0,,,4,1.0,1.0,1.657,4.0,0.49,CF,1.0,6.44
feature_0 > 1.331 AND feature_1 <= -0.733 AND feature_6 <= 0.13 AND feature_7 > 0.52,7.232,0.0,,,4,0.16,0.16,1.913,4.0,0.57,CF,1.0,6.44
feature_0 > 1.46 AND feature_1 > 0.51 AND feature_2 > -0.87 AND feature_9 > 0.078,6.739,0.01,,,4,0.14,0.14,3.372,4.0,1.0,CF,1.0,6.44
feature_0 > -0.232 AND feature_0 > 1.301 AND feature_1 <= -0.937 AND feature_3 > 0.268,6.4,0.01,,,4,0.14,0.14,1.951,3.0,0.58,CF,1.0,6.44
feature_0 > 1.045 AND feature_3 > 0.885 AND feature_8 > 0.133 AND feature_9 > -0.508,6.202,0.01,,,4,0.13,0.13,2.381,4.0,0.71,CF,1.0,6.44
feature_0 > -0.057,1.45,0.49,,,1,0.61,0.49,1.551,1.0,0.49,CF SingleTree,0.0,0.72
feature_0 <= -0.057,0.142,0.46,,,1,0.06,0.46,0.035,1.0,0.46,CF SingleTree,0.0,0.72
feature_0 > -0.057 AND feature_0 <= 1.272,1.331,0.4,,,2,0.56,0.4,1.324,1.0,0.4,CF SingleTree,0.0,0.72
feature_0 <= -0.057 AND feature_0 > -1.267,0.265,0.37,,,2,0.11,0.37,0.222,1.0,0.37,CF SingleTree,0.0,0.72
feature_0 > -0.057 AND feature_0 <= 1.272 AND feature_1 <= 0.855,1.23,0.33,,,3,0.51,0.33,1.118,2.0,0.33,CF SingleTree,0.0,0.72
feature_0 > -0.057,1.45,0.49,,,1,0.61,0.51,1.551,1.0,0.59,CF SingleTree,0.2,0.72
feature_0 > -0.057 AND feature_0 <= 1.272,1.331,0.4,,,2,0.56,0.43,1.324,1.0,0.49,CF SingleTree,0.2,0.72
feature_0 <= -0.057,0.142,0.46,,,1,0.06,0.38,0.035,1.0,0.37,CF SingleTree,0.2,0.72
feature_0 > -0.057 AND feature_0 <= 1.272 AND feature_1 <= 0.855,1.23,0.33,,,3,0.51,0.37,1.118,2.0,0.41,CF SingleTree,0.2,0.72
feature_0 <= -0.057 AND feature_0 > -1.267,0.265,0.37,,,2,0.11,0.32,0.222,1.0,0.32,CF SingleTree,0.2,0.72
feature_0 > -0.057,1.45,0.49,,,1,0.61,0.54,1.551,1.0,0.47,CF SingleTree,0.4,0.72
feature_0 > -0.057 AND feature_0 <= 1.272,1.331,0.4,,,2,0.56,0.46,1.324,1.0,0.39,CF SingleTree,0.4,0.72
feature_0 > -0.057 AND feature_0 > 1.272 AND feature_1 > 0.751 AND feature_0 > 1.492,2.395,0.01,,,4,1.0,0.41,3.598,2.0,0.41,CF SingleTree,0.4,0.72
feature_0 > -0.057 AND feature_0 <= 1.272 AND feature_1 <= 0.855,1.23,0.33,,,3,0.51,0.4,1.118,2.0,0.32,CF SingleTree,0.4,0.72
feature_0 > -0.057 AND feature_0 > 1.272 AND feature_1 > 0.751,2.311,0.02,,,3,0.96,0.4,3.384,2.0,0.39,CF SingleTree,0.4,0.72
feature_0 > -0.057 AND feature_0 > 1.272 AND feature_1 > 0.751 AND feature_0 > 1.492,2.395,0.01,,,4,1.0,0.6,3.598,2.0,0.6,CF SingleTree,0.6,0.72
feature_0 > -0.057 AND feature_0 > 1.272 AND feature_1 > 0.751,2.311,0.02,,,3,0.96,0.59,3.384,2.0,0.57,CF SingleTree,0.6,0.72
feature_0 > -0.057,1.45,0.49,,,1,0.61,0.56,1.551,1.0,0.45,CF SingleTree,0.6,0.72
feature_0 > -0.057 AND feature_0 > 1.272 AND feature_1 > 0.751 AND feature_0 <= 1.492,2.177,0.01,,,4,0.91,0.55,3.032,2.0,0.51,CF SingleTree,0.6,0.72
feature_0 > -0.057 AND feature_0 > 1.272,1.98,0.09,,,2,0.83,0.53,2.556,1.0,0.46,CF SingleTree,0.6,0.72
feature_0 > -0.057 AND feature_0 > 1.272 AND feature_1 > 0.751 AND feature_0 > 1.492,2.395,0.01,,,4,1.0,0.8,3.598,2.0,0.8,CF SingleTree,0.8,0.72
feature_0 > -0.057 AND feature_0 > 1.272 AND feature_1 > 0.751,2.311,0.02,,,3,0.96,0.78,3.384,2.0,0.76,CF SingleTree,0.8,0.72
feature_0 > -0.057 AND feature_0 > 1.272 AND feature_1 > 0.751 AND feature_0 <= 1.492,2.177,0.01,,,4,0.91,0.73,3.032,2.0,0.68,CF SingleTree,0.8,0.72
feature_0 > -0.057 AND feature_0 > 1.272,1.98,0.09,,,2,0.83,0.68,2.556,1.0,0.59,CF SingleTree,0.8,0.72
feature_0 > -0.057 AND feature_0 > 1.272 AND feature_1 <= 0.751 AND feature_0 > 1.462,1.972,0.05,,,4,0.82,0.67,2.442,2.0,0.55,CF SingleTree,0.8,0.72
feature_0 > -0.057 AND feature_0 > 1.272 AND feature_1 > 0.751 AND feature_0 > 1.492,2.395,0.01,,,4,1.0,1.0,3.598,2.0,1.0,CF SingleTree,1.0,0.72
feature_0 > -0.057 AND feature_0 > 1.272 AND feature_1 > 0.751,2.311,0.02,,,3,0.96,0.96,3.384,2.0,0.94,CF SingleTree,1.0,0.72
feature_0 > -0.057 AND feature_0 > 1.272 AND feature_1 > 0.751 AND feature_0 <= 1.492,2.177,0.01,,,4,0.91,0.91,3.032,2.0,0.84,CF SingleTree,1.0,0.72
feature_0 > -0.057 AND feature_0 > 1.272,1.98,0.09,,,2,0.83,0.83,2.556,1.0,0.71,CF SingleTree,1.0,0.72
feature_0 > -0.057 AND feature_0 > 1.272 AND feature_1 <= 0.751 AND feature_0 > 1.462,1.972,0.05,,,4,0.82,0.82,2.442,2.0,0.68,CF SingleTree,1.0,0.72
feature_2 > -1.156,0.845,0.83,0.88,1.73,1,0.2,0.83,0.792,1.0,0.83,CT on D,0.0,
feature_2 > -1.156 AND feature_0 <= 1.387,0.67,0.77,0.87,1.54,2,0.16,0.77,0.638,2.0,0.77,CT on D,0.0,
feature_2 > -1.156 AND feature_0 <= 1.387 AND feature_0 > -0.807,0.979,0.6,0.81,1.79,3,0.23,0.6,0.997,2.0,0.6,CT on D,0.0,
feature_2 > -1.156 AND feature_0 <= 1.387 AND feature_0 > -0.807 AND feature_1 <= 0.488,0.668,0.42,0.74,1.4,4,0.15,0.42,0.723,3.0,0.42,CT on D,0.0,
feature_2 > -1.156 AND feature_0 <= 1.387 AND feature_0 > -0.807 AND feature_1 <= 0.488 AND feature_0 <= 0.603,0.305,0.31,0.8,1.1,5,0.07,0.31,0.444,3.0,0.31,CT on D,0.0,
feature_2 > -1.156,0.845,0.83,0.88,1.73,1,0.2,0.7,0.792,1.0,0.82,CT on D,0.2,
feature_2 > -1.156 AND feature_0 <= 1.387,0.67,0.77,0.87,1.54,2,0.16,0.65,0.638,2.0,0.74,CT on D,0.2,
feature_2 > -1.156 AND feature_0 <= 1.387 AND feature_0 > -0.807,0.979,0.6,0.81,1.79,3,0.23,0.53,0.997,2.0,0.68,CT on D,0.2,
feature_2 > -1.156 AND feature_0 <= 1.387 AND feature_0 > -0.807 AND feature_1 <= 0.488,0.668,0.42,0.74,1.4,4,0.15,0.37,0.723,3.0,0.48,CT on D,0.2,
feature_2 > -1.156 AND feature_0 <= 1.387 AND feature_0 > -0.807 AND feature_1 <= 0.488 AND feature_0 <= 0.603,0.305,0.31,0.8,1.1,5,0.07,0.26,0.444,3.0,0.34,CT on D,0.2,
feature_2 > -1.156,0.845,0.83,0.88,1.73,1,0.2,0.58,0.792,1.0,0.59,CT on D,0.4,
feature_2 > -1.156 AND feature_0 <= 1.387,0.67,0.77,0.87,1.54,2,0.16,0.52,0.638,2.0,0.54,CT on D,0.4,
feature_2 > -1.156 AND feature_0 <= 1.387 AND feature_0 > -0.807,0.979,0.6,0.81,1.79,3,0.23,0.45,0.997,2.0,0.48,CT on D,0.4,
feature_2 > -1.156 AND feature_0 > 1.387 AND feature_1 <= 0.898 AND feature_0 > 1.75 AND feature_9 > 0.329,4.317,0.01,0.61,4.92,5,1.0,0.41,2.757,4.0,0.32,CT on D,0.4,
feature_2 > -1.156 AND feature_0 > 1.387 AND feature_1 > 0.898,4.145,0.01,1.45,5.59,3,0.96,0.39,3.462,3.0,0.41,CT on D,0.4,
feature_2 > -1.156 AND feature_0 > 1.387 AND feature_1 <= 0.898 AND feature_0 > 1.75 AND feature_9 > 0.329,4.317,0.01,0.61,4.92,5,1.0,0.6,2.757,4.0,0.48,CT on D,0.6,
feature_2 > -1.156 AND feature_0 > 1.387 AND feature_1 > 0.898,4.145,0.01,1.45,5.59,3,0.96,0.58,3.462,3.0,0.6,CT on D,0.6,
feature_2 <= -1.156 AND feature_0 > 0.342 AND feature_0 > 0.638 AND feature_0 > 0.948 AND feature_5 > -0.016,3.687,0.01,0.47,4.15,5,0.85,0.52,2.317,3.0,0.41,CT on D,0.6,
feature_2 > -1.156 AND feature_0 <= 1.387 AND feature_0 > -0.807 AND feature_1 > 0.488 AND feature_8 <= -1.015 AND feature_5 > -0.211,3.563,0.02,-0.06,3.51,6,0.83,0.5,1.534,5.0,0.27,CT on D,0.6,
feature_2 > -1.156,0.845,0.83,0.88,1.73,1,0.2,0.45,0.792,1.0,0.47,CT on D,0.6,
feature_2 > -1.156 AND feature_0 > 1.387 AND feature_1 <= 0.898 AND feature_0 > 1.75 AND feature_9 > 0.329,4.317,0.01,0.61,4.92,5,1.0,0.8,2.757,4.0,0.64,CT on D,0.8,
feature_2 > -1.156 AND feature_0 > 1.387 AND feature_1 > 0.898,4.145,0.01,1.45,5.59,3,0.96,0.77,3.462,3.0,0.8,CT on D,0.8,
feature_2 <= -1.156 AND feature_0 > 0.342 AND feature_0 > 0.638 AND feature_0 > 0.948 AND feature_5 > -0.016,3.687,0.01,0.47,4.15,5,0.85,0.69,2.317,3.0,0.54,CT on D,0.8,
feature_2 > -1.156 AND feature_0 <= 1.387 AND feature_0 > -0.807 AND feature_1 > 0.488 AND feature_8 <= -1.015 AND feature_5 > -0.211,3.563,0.02,-0.06,3.51,6,0.83,0.66,1.534,5.0,0.36,CT on D,0.8,
feature_2 > -1.156 AND feature_0 > 1.387 AND feature_1 <= 0.898 AND feature_0 > 1.75,3.055,0.03,0.99,4.05,4,0.71,0.57,2.746,3.0,0.64,CT on D,0.8,
feature_2 > -1.156 AND feature_0 > 1.387 AND feature_1 <= 0.898 AND feature_0 > 1.75 AND feature_9 > 0.329,4.317,0.01,0.61,4.92,5,1.0,1.0,2.757,4.0,0.8,CT on D,1.0,
feature_2 > -1.156 AND feature_0 > 1.387 AND feature_1 > 0.898,4.145,0.01,1.45,5.59,3,0.96,0.96,3.462,3.0,1.0,CT on D,1.0,
feature_2 <= -1.156 AND feature_0 > 0.342 AND feature_0 > 0.638 AND feature_0 > 0.948 AND feature_5 > -0.016,3.687,0.01,0.47,4.15,5,0.85,0.85,2.317,3.0,0.67,CT on D,1.0,
feature_2 > -1.156 AND feature_0 <= 1.387 AND feature_0 > -0.807 AND feature_1 > 0.488 AND feature_8 <= -1.015 AND feature_5 > -0.211,3.563,0.02,-0.06,3.51,6,0.83,0.83,1.534,5.0,0.44,CT on D,1.0,
feature_2 > -1.156 AND feature_0 > 1.387 AND feature_1 <= 0.898 AND feature_0 > 1.75,3.055,0.03,0.99,4.05,4,0.71,0.71,2.746,3.0,0.79,CT on D,1.0,
feature_8 <= 0.983,0.802,0.83,0.88,1.68,1,0.2,0.83,0.793,1.0,0.83,CT on P,0.0,
feature_8 <= 0.983 AND feature_0 <= 0.856,0.456,0.68,0.88,1.33,2,0.11,0.68,0.473,2.0,0.68,CT on P,0.0,
feature_8 <= 0.983 AND feature_0 <= 0.856 AND feature_0 > -0.782,0.751,0.49,0.84,1.59,3,0.18,0.49,0.85,2.0,0.49,CT on P,0.0,
feature_8 <= 0.983 AND feature_0 <= 0.856 AND feature_0 > -0.782 AND feature_1 <= 1.238,0.6,0.44,0.78,1.38,4,0.15,0.44,0.715,3.0,0.44,CT on P,0.0,
feature_8 <= 0.983 AND feature_0 <= 0.856 AND feature_0 > -0.782 AND feature_1 <= 1.238 AND feature_1 > -0.981,0.724,0.36,0.77,1.49,5,0.18,0.36,0.821,3.0,0.36,CT on P,0.0,
feature_8 <= 0.983,0.802,0.83,0.88,1.68,1,0.2,0.7,0.793,1.0,0.85,CT on P,0.2,
feature_8 <= 0.983 AND feature_0 <= 0.856,0.456,0.68,0.88,1.33,2,0.11,0.57,0.473,2.0,0.66,CT on P,0.2,
feature_8 <= 0.983 AND feature_0 <= 0.856 AND feature_0 > -0.782,0.751,0.49,0.84,1.59,3,0.18,0.43,0.85,2.0,0.59,CT on P,0.2,
feature_8 <= 0.983 AND feature_0 <= 0.856 AND feature_0 > -0.782 AND feature_1 <= 1.238,0.6,0.44,0.78,1.38,4,0.15,0.38,0.715,3.0,0.52,CT on P,0.2,
feature_8 <= 0.983 AND feature_0 <= 0.856 AND feature_0 > -0.782 AND feature_1 <= 1.238 AND feature_1 > -0.981,0.724,0.36,0.77,1.49,5,0.18,0.32,0.821,3.0,0.48,CT on P,0.2,
feature_8 <= 0.983,0.802,0.83,0.88,1.68,1,0.2,0.58,0.793,1.0,0.59,CT on P,0.4,
feature_8 <= 0.983 AND feature_0 <= 0.856,0.456,0.68,0.88,1.33,2,0.11,0.45,0.473,2.0,0.46,CT on P,0.4,
feature_8 <= 0.983 AND feature_0 > 0.856 AND feature_1 <= 1.351 AND feature_0 > 1.341 AND feature_7 > -0.288 AND feature_2 > 0.51,4.101,0.01,0.54,4.64,6,1.0,0.41,2.429,5.0,0.29,CT on P,0.4,
feature_8 <= 0.983 AND feature_0 > 0.856 AND feature_1 > 1.351,4.018,0.01,1.79,5.81,3,0.98,0.4,3.43,3.0,0.41,CT on P,0.4,
feature_8 <= 0.983 AND feature_0 <= 0.856 AND feature_0 > -0.782,0.751,0.49,0.84,1.59,3,0.18,0.37,0.85,2.0,0.39,CT on P,0.4,
feature_8 <= 0.983 AND feature_0 > 0.856 AND feature_1 <= 1.351 AND feature_0 > 1.341 AND feature_7 > -0.288 AND feature_2 > 0.51,4.101,0.01,0.54,4.64,6,1.0,0.6,2.429,5.0,0.43,CT on P,0.6,
feature_8 <= 0.983 AND feature_0 > 0.856 AND feature_1 > 1.351,4.018,0.01,1.79,5.81,3,0.98,0.59,3.43,3.0,0.6,CT on P,0.6,
feature_8 <= 0.983 AND feature_0 > 0.856 AND feature_1 <= 1.351 AND feature_0 <= 1.341 AND feature_7 > 1.086,3.573,0.01,-0.38,3.19,5,0.87,0.53,1.722,4.0,0.31,CT on P,0.6,
feature_8 > 0.983 AND feature_6 > 0.406 AND feature_1 > 0.665,3.362,0.02,-0.06,3.31,3,0.82,0.5,1.553,3.0,0.28,CT on P,0.6,
feature_8 <= 0.983 AND feature_0 > 0.856 AND feature_1 <= 1.351 AND feature_0 > 1.341 AND feature_7 > -0.288,3.246,0.04,0.68,3.92,5,0.79,0.49,2.473,4.0,0.45,CT on P,0.6,
feature_8 <= 0.983 AND feature_0 > 0.856 AND feature_1 <= 1.351 AND feature_0 > 1.341 AND feature_7 > -0.288 AND feature_2 > 0.51,4.101,0.01,0.54,4.64,6,1.0,0.8,2.429,5.0,0.57,CT on P,0.8,
feature_8 <= 0.983 AND feature_0 > 0.856 AND feature_1 > 1.351,4.018,0.01,1.79,5.81,3,0.98,0.79,3.43,3.0,0.8,CT on P,0.8,
feature_8 <= 0.983 AND feature_0 > 0.856 AND feature_1 <= 1.351 AND feature_0 <= 1.341 AND feature_7 > 1.086,3.573,0.01,-0.38,3.19,5,0.87,0.7,1.722,4.0,0.4,CT on P,0.8,
feature_8 > 0.983 AND feature_6 > 0.406 AND feature_1 > 0.665,3.362,0.02,-0.06,3.31,3,0.82,0.66,1.553,3.0,0.37,CT on P,0.8,
feature_8 <= 0.983 AND feature_0 > 0.856 AND feature_1 <= 1.351 AND feature_0 > 1.341 AND feature_7 > -0.288,3.246,0.04,0.68,3.92,5,0.79,0.64,2.473,4.0,0.58,CT on P,0.8,
feature_8 <= 0.983 AND feature_0 > 0.856 AND feature_1 <= 1.351 AND feature_0 > 1.341 AND feature_7 > -0.288 AND feature_2 > 0.51,4.101,0.01,0.54,4.64,6,1.0,1.0,2.429,5.0,0.71,CT on P,1.0,
feature_8 <= 0.983 AND feature_0 > 0.856 AND feature_1 > 1.351,4.018,0.01,1.79,5.81,3,0.98,0.98,3.43,3.0,1.0,CT on P,1.0,
feature_8 <= 0.983 AND feature_0 > 0.856 AND feature_1 <= 1.351 AND feature_0 <= 1.341 AND feature_7 > 1.086,3.573,0.01,-0.38,3.19,5,0.87,0.87,1.722,4.0,0.5,CT on P,1.0,
feature_8 > 0.983 AND feature_6 > 0.406 AND feature_1 > 0.665,3.362,0.02,-0.06,3.31,3,0.82,0.82,1.553,3.0,0.45,CT on P,1.0,
feature_8 <= 0.983 AND feature_0 > 0.856 AND feature_1 <= 1.351 AND feature_0 > 1.341 AND feature_7 > -0.288,3.246,0.04,0.68,3.92,5,0.79,0.79,2.473,4.0,0.72,CT on P,1.0,
feature_0 <= 1.298,0.962,0.87,,,1,0.02,0.87,0.617,1.0,0.87,CF,0.0,7.02
feature_0 <= 1.313,0.63,0.87,,,1,0.01,0.87,0.621,1.0,0.87,CF,0.0,7.02
feature_0 <= 1.021,0.828,0.82,,,1,0.02,0.82,0.535,1.0,0.82,CF,0.0,7.02
feature_0 <= 0.983,0.456,0.81,,,1,0.01,0.81,0.522,1.0,0.81,CF,0.0,7.02
feature_0 <= 0.97,0.517,0.81,,,1,0.01,0.81,0.517,1.0,0.81,CF,0.0,7.02
feature_0 <= 1.298,0.962,0.87,,,1,0.02,0.7,0.617,1.0,0.89,CF,0.2,7.02
feature_0 <= 1.313,0.63,0.87,,,1,0.01,0.7,0.621,1.0,0.9,CF,0.2,7.02
feature_0 <= 1.021,0.828,0.82,,,1,0.02,0.66,0.535,1.0,0.83,CF,0.2,7.02
feature_0 <= 0.957,0.761,0.81,,,1,0.02,0.65,0.513,1.0,0.81,CF,0.2,7.02
feature_0 <= 0.963,0.714,0.81,,,1,0.02,0.65,0.515,1.0,0.81,CF,0.2,7.02
feature_0 <= 1.298,0.962,0.87,,,1,0.02,0.53,0.617,1.0,0.92,CF,0.4,7.02
feature_0 <= 1.313,0.63,0.87,,,1,0.01,0.53,0.621,1.0,0.92,CF,0.4,7.02
feature_0 <= 1.021,0.828,0.82,,,1,0.02,0.5,0.535,1.0,0.84,CF,0.4,7.02
feature_0 <= 0.957,0.761,0.81,,,1,0.02,0.49,0.513,1.0,0.82,CF,0.4,7.02
feature_0 <= 0.963,0.714,0.81,,,1,0.02,0.49,0.515,1.0,0.82,CF,0.4,7.02
feature_0 > 0.504 AND feature_2 <= -1.592 AND feature_1 <= 0.646 AND feature_8 <= -0.574,46.023,0.0,,,4,1.0,0.6,1.538,4.0,0.6,CF,0.6,7.02
feature_0 <= 1.298,0.962,0.87,,,1,0.02,0.36,0.617,1.0,0.59,CF,0.6,7.02
feature_0 <= 1.313,0.63,0.87,,,1,0.01,0.36,0.621,1.0,0.59,CF,0.6,7.02
feature_0 <= 1.021,0.828,0.82,,,1,0.02,0.34,0.535,1.0,0.54,CF,0.6,7.02
feature_0 <= 0.957,0.761,0.81,,,1,0.02,0.33,0.513,1.0,0.52,CF,0.6,7.02
feature_0 > 0.504 AND feature_2 <= -1.592 AND feature_1 <= 0.646 AND feature_8 <= -0.574,46.023,0.0,,,4,1.0,0.8,1.538,4.0,0.8,CF,0.8,7.02
feature_0 <= 1.298,0.962,0.87,,,1,0.02,0.19,0.617,1.0,0.49,CF,0.8,7.02
feature_0 <= 1.313,0.63,0.87,,,1,0.01,0.18,0.621,1.0,0.5,CF,0.8,7.02
feature_0 <= 1.021,0.828,0.82,,,1,0.02,0.18,0.535,1.0,0.44,CF,0.8,7.02
feature_0 <= 0.957,0.761,0.81,,,1,0.02,0.18,0.513,1.0,0.43,CF,0.8,7.02
feature_0 > 0.504 AND feature_2 <= -1.592 AND feature_1 <= 0.646 AND feature_8 <= -0.574,46.023,0.0,,,4,1.0,1.0,1.538,4.0,0.46,CF,1.0,7.02
feature_0 > 0.592 AND feature_1 > 0.329 AND feature_3 > 1.217 AND feature_0 > 1.503,7.272,0.0,,,4,0.16,0.16,3.35,3.0,1.0,CF,1.0,7.02
feature_0 > 0.803 AND feature_1 > 0.29 AND feature_4 <= -1.212 AND feature_7 > -0.183,6.655,0.01,,,4,0.14,0.14,2.853,4.0,0.85,CF,1.0,7.02
feature_0 > 0.507 AND feature_1 > 0.163 AND feature_0 > 1.168 AND feature_7 <= -1.149,6.556,0.01,,,4,0.14,0.14,2.942,3.0,0.88,CF,1.0,7.02
feature_0 > 0.593 AND feature_1 > 0.936 AND feature_9 <= -0.593 AND feature_8 <= -0.079,6.429,0.01,,,4,0.14,0.14,2.828,4.0,0.84,CF,1.0,7.02
feature_0 <= 0.501,0.456,0.68,,,1,0.18,0.68,0.311,1.0,0.68,CF SingleTree,0.0,0.56
feature_0 <= 0.501 AND feature_1 <= 0.467,0.266,0.46,,,2,0.11,0.46,0.012,2.0,0.46,CF SingleTree,0.0,0.56
feature_0 > 0.501,1.729,0.29,,,1,0.7,0.29,1.917,1.0,0.29,CF SingleTree,0.0,0.56
feature_0 <= 0.501 AND feature_1 <= 0.467 AND feature_0 <= -0.234,0.096,0.27,,,3,0.04,0.27,0.437,2.0,0.27,CF SingleTree,0.0,0.56
feature_0 <= 0.501 AND feature_1 > 0.467,0.85,0.22,,,2,0.34,0.22,0.932,2.0,0.22,CF SingleTree,0.0,0.56
feature_0 <= 0.501,0.456,0.68,,,1,0.18,0.58,0.311,1.0,0.57,CF SingleTree,0.2,0.56
feature_0 <= 0.501 AND feature_1 <= 0.467,0.266,0.46,,,2,0.11,0.39,0.012,2.0,0.37,CF SingleTree,0.2,0.56
feature_0 > 0.501,1.729,0.29,,,1,0.7,0.37,1.917,1.0,0.4,CF SingleTree,0.2,0.56
feature_0 > 0.501 AND feature_0 > 0.958,1.994,0.16,,,2,0.8,0.29,2.281,1.0,0.33,CF SingleTree,0.2,0.56
feature_0 <= 0.501 AND feature_1 > 0.467,0.85,0.22,,,2,0.34,0.24,0.932,2.0,0.26,CF SingleTree,0.2,0.56
feature_0 <= 0.501,0.456,0.68,,,1,0.18,0.48,0.311,1.0,0.45,CF SingleTree,0.4,0.56
feature_0 > 0.501,1.729,0.29,,,1,0.7,0.45,1.917,1.0,0.42,CF SingleTree,0.4,0.56
feature_0 > 0.501 AND feature_0 > 0.958 AND feature_1 > 0.381 AND feature_0 > 1.22,2.487,0.04,,,4,1.0,0.42,3.077,2.0,0.42,CF SingleTree,0.4,0.56
feature_0 > 0.501 AND feature_0 > 0.958,1.994,0.16,,,2,0.8,0.42,2.281,1.0,0.39,CF SingleTree,0.4,0.56
feature_0 > 0.501 AND feature_0 > 0.958 AND feature_1 > 0.381,2.383,0.05,,,3,0.96,0.41,2.881,2.0,0.4,CF SingleTree,0.4,0.56
feature_0 > 0.501 AND feature_0 > 0.958 AND feature_1 > 0.381 AND feature_0 > 1.22,2.487,0.04,,,4,1.0,0.62,3.077,2.0,0.62,CF SingleTree,0.6,0.56
feature_0 > 0.501 AND feature_0 > 0.958 AND feature_1 > 0.381,2.383,0.05,,,3,0.96,0.59,2.881,2.0,0.58,CF SingleTree,0.6,0.56
feature_0 > 0.501 AND feature_0 > 0.958,1.994,0.16,,,2,0.8,0.55,2.281,1.0,0.51,CF SingleTree,0.6,0.56
feature_0 > 0.501,1.729,0.29,,,1,0.7,0.53,1.917,1.0,0.49,CF SingleTree,0.6,0.56
feature_0 > 0.501 AND feature_0 > 0.958 AND feature_1 > 0.381 AND feature_0 <= 1.22,2.165,0.02,,,4,0.87,0.53,2.467,2.0,0.49,CF SingleTree,0.6,0.56
feature_0 > 0.501 AND feature_0 > 0.958 AND feature_1 > 0.381 AND feature_0 > 1.22,2.487,0.04,,,4,1.0,0.81,3.077,2.0,0.81,CF SingleTree,0.8,0.56
feature_0 > 0.501 AND feature_0 > 0.958 AND feature_1 > 0.381,2.383,0.05,,,3,0.96,0.78,2.881,2.0,0.76,CF SingleTree,0.8,0.56
feature_0 > 0.501 AND feature_0 > 0.958 AND feature_1 > 0.381 AND feature_0 <= 1.22,2.165,0.02,,,4,0.87,0.7,2.467,2.0,0.65,CF SingleTree,0.8,0.56
feature_0 > 0.501 AND feature_0 > 0.958,1.994,0.16,,,2,0.8,0.67,2.281,1.0,0.63,CF SingleTree,0.8,0.56
feature_0 > 0.501 AND feature_0 > 0.958 AND feature_1 <= 0.381 AND feature_0 > 1.617,1.939,0.03,,,4,0.78,0.63,2.504,2.0,0.66,CF SingleTree,0.8,0.56
feature_0 > 0.501 AND feature_0 > 0.958 AND feature_1 > 0.381 AND feature_0 > 1.22,2.487,0.04,,,4,1.0,1.0,3.077,2.0,1.0,CF SingleTree,1.0,0.56
feature_0 > 0.501 AND feature_0 > 0.958 AND feature_1 > 0.381,2.383,0.05,,,3,0.96,0.96,2.881,2.0,0.94,CF SingleTree,1.0,0.56
feature_0 > 0.501 AND feature_0 > 0.958 AND feature_1 > 0.381 AND feature_0 <= 1.22,2.165,0.02,,,4,0.87,0.87,2.467,2.0,0.8,CF SingleTree,1.0,0.56
feature_0 > 0.501 AND feature_0 > 0.958,1.994,0.16,,,2,0.8,0.8,2.281,1.0,0.74,CF SingleTree,1.0,0.56
feature_0 > 0.501 AND feature_0 > 0.958 AND feature_1 <= 0.381 AND feature_0 > 1.617,1.939,0.03,,,4,0.78,0.78,2.504,2.0,0.81,CF SingleTree,1.0,0.56
feature_5 > -0.542,0.901,0.35,0.95,1.85,1,0.2,0.35,0.81,1.0,0.35,CT on D,0.0,
feature_5 > -0.542 AND feature_0 <= 0.295,0.211,0.28,1.05,1.26,2,0.05,0.28,0.189,2.0,0.28,CT on D,0.0,
feature_5 > -0.542 AND feature_0 <= 0.295 AND feature_0 > -2.021,0.286,0.27,1.0,1.29,3,0.06,0.27,0.247,2.0,0.27,CT on D,0.0,
feature_5 > -0.542 AND feature_0 <= 0.295 AND feature_0 > -2.021 AND feature_1 <= 0.512,0.049,0.21,0.98,1.02,4,0.01,0.21,0.045,3.0,0.21,CT on D,0.0,
feature_5 <= -0.542,0.629,0.21,1.07,1.7,1,0.14,0.21,0.784,1.0,0.21,CT on D,0.0,
feature_5 > -0.542,0.901,0.35,0.95,1.85,1,0.2,0.32,0.81,1.0,0.34,CT on D,0.2,
feature_5 > -0.542 AND feature_0 > 0.295,2.02,0.19,0.79,2.81,2,0.44,0.24,1.817,2.0,0.28,CT on D,0.2,
feature_5 > -0.542 AND feature_0 <= 0.295,0.211,0.28,1.05,1.26,2,0.05,0.23,0.189,2.0,0.24,CT on D,0.2,
feature_5 > -0.542 AND feature_0 <= 0.295 AND feature_0 > -2.021,0.286,0.27,1.0,1.29,3,0.06,0.23,0.247,2.0,0.23,CT on D,0.2,
feature_5 > -0.542 AND feature_0 > 0.295 AND feature_0 > 0.844 AND feature_1 > 0.597 AND feature_7 > -0.059,4.576,0.02,0.56,5.13,5,1.0,0.22,2.917,4.0,0.22,CT on D,0.2,
feature_5 > -0.542 AND feature_0 > 0.295 AND feature_0 > 0.844 AND feature_1 > 0.597 AND feature_7 > -0.059,4.576,0.02,0.56,5.13,5,1.0,0.41,2.917,4.0,0.41,CT on D,0.4,
feature_5 <= -0.542 AND feature_0 > -0.28 AND feature_6 > -1.049 AND feature_0 > 1.681,3.92,0.01,0.54,4.46,4,0.86,0.35,2.967,3.0,0.41,CT on D,0.4,
feature_5 > -0.542 AND feature_0 > 0.295 AND feature_0 > 0.844 AND feature_1 > 0.597,3.729,0.03,1.11,4.84,4,0.81,0.34,2.917,3.0,0.41,CT on D,0.4,
feature_5 > -0.542 AND feature_0 > 0.295 AND feature_0 > 0.844 AND feature_1 <= 0.597 AND feature_5 <= -0.294,3.667,0.01,-0.16,3.51,5,0.8,0.33,2.01,3.0,0.28,CT on D,0.4,
feature_5 > -0.542 AND feature_0 > 0.295 AND feature_0 > 0.844,2.61,0.12,0.71,3.32,3,0.57,0.3,2.215,2.0,0.37,CT on D,0.4,
feature_5 > -0.542 AND feature_0 > 0.295 AND feature_0 > 0.844 AND feature_1 > 0.597 AND feature_7 > -0.059,4.576,0.02,0.56,5.13,5,1.0,0.61,2.917,4.0,0.6,CT on D,0.6,
feature_5 <= -0.542 AND feature_0 > -0.28 AND feature_6 > -1.049 AND feature_0 > 1.681,3.92,0.01,0.54,4.46,4,0.86,0.52,2.967,3.0,0.6,CT on D,0.6,
feature_5 > -0.542 AND feature_0 > 0.295 AND feature_0 > 0.844 AND feature_1 > 0.597,3.729,0.03,1.11,4.84,4,0.81,0.5,2.917,3.0,0.6,CT on D,0.6,
feature_5 > -0.542 AND feature_0 > 0.295 AND feature_0 > 0.844 AND feature_1 <= 0.597 AND feature_5 <= -0.294,3.667,0.01,-0.16,3.51,5,0.8,0.48,2.01,3.0,0.41,CT on D,0.6,
feature_5 > -0.542 AND feature_0 > 0.295 AND feature_0 <= 0.844 AND feature_6 <= 0.445 AND feature_5 > 0.292 AND feature_1 > 0.078,3.128,0.02,0.58,3.71,6,0.68,0.42,1.807,4.0,0.37,CT on D,0.6,
feature_5 > -0.542 AND feature_0 > 0.295 AND feature_0 > 0.844 AND feature_1 > 0.597 AND feature_7 > -0.059,4.576,0.02,0.56,5.13,5,1.0,0.8,2.917,4.0,0.79,CT on D,0.8,
feature_5 <= -0.542 AND feature_0 > -0.28 AND feature_6 > -1.049 AND feature_0 > 1.681,3.92,0.01,0.54,4.46,4,0.86,0.69,2.967,3.0,0.8,CT on D,0.8,
feature_5 > -0.542 AND feature_0 > 0.295 AND feature_0 > 0.844 AND feature_1 > 0.597,3.729,0.03,1.11,4.84,4,0.81,0.66,2.917,3.0,0.79,CT on D,0.8,
feature_5 > -0.542 AND feature_0 > 0.295 AND feature_0 > 0.844 AND feature_1 <= 0.597 AND feature_5 <= -0.294,3.667,0.01,-0.16,3.51,5,0.8,0.64,2.01,3.0,0.54,CT on D,0.8,
feature_5 > -0.542 AND feature_0 > 0.295 AND feature_0 <= 0.844 AND feature_6 <= 0.445 AND feature_5 > 0.292 AND feature_1 > 0.078,3.128,0.02,0.58,3.71,6,0.68,0.55,1.807,4.0,0.49,CT on D,0.8,
feature_5 > -0.542 AND feature_0 > 0.295 AND feature_0 > 0.844 AND feature_1 > 0.597 AND feature_7 > -0.059,4.576,0.02,0.56,5.13,5,1.0,1.0,2.917,4.0,0.98,CT on D,1.0,
feature_5 <= -0.542 AND feature_0 > -0.28 AND feature_6 > -1.049 AND feature_0 > 1.681,3.92,0.01,0.54,4.46,4,0.86,0.86,2.967,3.0,1.0,CT on D,1.0,
feature_5 > -0.542 AND feature_0 > 0.295 AND feature_0 > 0.844 AND feature_1 > 0.597,3.729,0.03,1.11,4.84,4,0.81,0.81,2.917,3.0,0.98,CT on D,1.0,
feature_5 > -0.542 AND feature_0 > 0.295 AND feature_0 > 0.844 AND feature_1 <= 0.597 AND feature_5 <= -0.294,3.667,0.01,-0.16,3.51,5,0.8,0.8,2.01,3.0,0.68,CT on D,1.0,
feature_5 > -0.542 AND feature_0 > 0.295 AND feature_0 <= 0.844 AND feature_6 <= 0.445 AND feature_5 > 0.292 AND feature_1 > 0.078,3.128,0.02,0.58,3.71,6,0.68,0.68,1.807,4.0,0.61,CT on D,1.0,
feature_0 > -1.586,0.968,0.94,0.98,1.95,1,0.27,0.94,0.928,1.0,0.94,CT on P,0.0,
feature_0 > -1.586 AND feature_0 > -0.105,1.787,0.54,0.76,2.54,2,0.49,0.54,1.539,1.0,0.54,CT on P,0.0,
feature_0 > -1.586 AND feature_0 <= -0.105,0.121,0.4,1.29,1.16,2,0.03,0.4,0.106,1.0,0.4,CT on P,0.0,
feature_0 > -1.586 AND feature_0 > -0.105 AND feature_0 <= 0.717,1.348,0.31,0.72,2.07,3,0.37,0.31,1.096,1.0,0.31,CT on P,0.0,
feature_0 > -1.586 AND feature_0 > -0.105 AND feature_0 <= 0.717 AND feature_3 > -1.297,1.488,0.29,0.69,2.18,4,0.41,0.29,1.1,2.0,0.29,CT on P,0.0,
feature_0 > -1.586,0.968,0.94,0.98,1.95,1,0.27,0.81,0.928,1.0,0.84,CT on P,0.2,
feature_0 > -1.586 AND feature_0 > -0.105,1.787,0.54,0.76,2.54,2,0.49,0.53,1.539,1.0,0.58,CT on P,0.2,
feature_0 > -1.586 AND feature_0 <= -0.105,0.121,0.4,1.29,1.16,2,0.03,0.33,0.106,1.0,0.33,CT on P,0.2,
feature_0 > -1.586 AND feature_0 > -0.105 AND feature_0 <= 0.717,1.348,0.31,0.72,2.07,3,0.37,0.32,1.096,1.0,0.35,CT on P,0.2,
feature_0 > -1.586 AND feature_0 > -0.105 AND feature_0 > 0.717,2.384,0.23,0.8,3.19,3,0.66,0.32,2.113,1.0,0.38,CT on P,0.2,
feature_0 > -1.586,0.968,0.94,0.98,1.95,1,0.27,0.67,0.928,1.0,0.7,CT on P,0.4,
feature_0 > -1.586 AND feature_0 > -0.105,1.787,0.54,0.76,2.54,2,0.49,0.52,1.539,1.0,0.54,CT on P,0.4,
feature_0 > -1.586 AND feature_0 > -0.105 AND feature_0 > 0.717 AND feature_1 > 0.623 AND feature_3 > 0.153,3.625,0.03,1.88,5.51,5,1.0,0.42,2.824,3.0,0.42,CT on P,0.4,
feature_0 > -1.586 AND feature_0 > -0.105 AND feature_0 > 0.717 AND feature_1 > 0.623,3.389,0.06,1.24,4.62,4,0.93,0.41,2.828,2.0,0.44,CT on P,0.4,
feature_0 > -1.586 AND feature_0 > -0.105 AND feature_0 > 0.717,2.384,0.23,0.8,3.19,3,0.66,0.4,2.113,1.0,0.44,CT on P,0.4,
feature_0 > -1.586 AND feature_0 > -0.105 AND feature_0 > 0.717 AND feature_1 > 0.623 AND feature_3 > 0.153,3.625,0.03,1.88,5.51,5,1.0,0.61,2.824,3.0,0.61,CT on P,0.6,
feature_0 > -1.586 AND feature_0 > -0.105 AND feature_0 > 0.717 AND feature_1 > 0.623,3.389,0.06,1.24,4.62,4,0.93,0.58,2.828,2.0,0.62,CT on P,0.6,
feature_0 > -1.586 AND feature_0 > -0.105 AND feature_0 > 0.717 AND feature_1 > 0.623 AND feature_3 <= 0.153,3.211,0.03,0.74,3.95,5,0.89,0.54,2.831,3.0,0.61,CT on P,0.6,
feature_0 > -1.586,0.968,0.94,0.98,1.95,1,0.27,0.54,0.928,1.0,0.57,CT on P,0.6,
feature_0 > -1.586 AND feature_0 > -0.105,1.787,0.54,0.76,2.54,2,0.49,0.51,1.539,1.0,0.54,CT on P,0.6,
feature_0 > -1.586 AND feature_0 > -0.105 AND feature_0 > 0.717 AND feature_1 > 0.623 AND feature_3 > 0.153,3.625,0.03,1.88,5.51,5,1.0,0.81,2.824,3.0,0.8,CT on P,0.8,
feature_0 > -1.586 AND feature_0 > -0.105 AND feature_0 > 0.717 AND feature_1 > 0.623,3.389,0.06,1.24,4.62,4,0.93,0.76,2.828,2.0,0.81,CT on P,0.8,
feature_0 > -1.586 AND feature_0 > -0.105 AND feature_0 > 0.717 AND feature_1 > 0.623 AND feature_3 <= 0.153,3.211,0.03,0.74,3.95,5,0.89,0.71,2.831,3.0,0.81,CT on P,0.8,
feature_0 > -1.586 AND feature_0 > -0.105 AND feature_0 > 0.717 AND feature_1 <= 0.623 AND feature_0 > 1.527,2.916,0.04,0.78,3.7,5,0.8,0.65,2.526,2.0,0.72,CT on P,0.8,
feature_0 > -1.586 AND feature_0 > -0.105 AND feature_0 > 0.717,2.384,0.23,0.8,3.19,3,0.66,0.57,2.113,1.0,0.64,CT on P,0.8,
feature_0 > -1.586 AND feature_0 > -0.105 AND feature_0 > 0.717 AND feature_1 > 0.623 AND feature_3 > 0.153,3.625,0.03,1.88,5.51,5,1.0,1.0,2.824,3.0,1.0,CT on P,1.0,
feature_0 > -1.586 AND feature_0 > -0.105 AND feature_0 > 0.717 AND feature_1 > 0.623,3.389,0.06,1.24,4.62,4,0.93,0.93,2.828,2.0,1.0,CT on P,1.0,
feature_0 > -1.586 AND feature_0 > -0.105 AND feature_0 > 0.717 AND feature_1 > 0.623 AND feature_3 <= 0.153,3.211,0.03,0.74,3.95,5,0.89,0.89,2.831,3.0,1.0,CT on P,1.0,
feature_0 > -1.586 AND feature_0 > -0.105 AND feature_0 > 0.717 AND feature_1 <= 0.623 AND feature_0 > 1.527,2.916,0.04,0.78,3.7,5,0.8,0.8,2.526,2.0,0.89,CT on P,1.0,
feature_0 > -1.586 AND feature_0 > -0.105 AND feature_0 > 0.717,2.384,0.23,0.8,3.19,3,0.66,0.66,2.113,1.0,0.75,CT on P,1.0,
feature_0 <= 0.988,0.237,0.39,,,1,0.02,0.39,0.511,1.0,0.39,CF,0.0,8.6
feature_0 <= 1.067,0.398,0.39,,,1,0.03,0.39,0.538,1.0,0.39,CF,0.0,8.6
feature_0 <= 0.988,0.207,0.39,,,1,0.02,0.39,0.511,1.0,0.39,CF,0.0,8.6
feature_0 <= 0.799,0.259,0.38,,,1,0.02,0.38,0.435,1.0,0.38,CF,0.0,8.6
feature_0 <= 0.811,0.534,0.38,,,1,0.05,0.38,0.441,1.0,0.38,CF,0.0,8.6
feature_0 > -0.784,1.517,0.37,,,1,0.13,0.32,1.182,1.0,0.49,CF,0.2,8.6
feature_0 <= 1.067,0.398,0.39,,,1,0.03,0.32,0.538,1.0,0.4,CF,0.2,8.6
feature_0 > -0.762,1.26,0.37,,,1,0.11,0.32,1.192,1.0,0.5,CF,0.2,8.6
feature_0 > -0.776,1.248,0.37,,,1,0.11,0.32,1.185,1.0,0.49,CF,0.2,8.6
feature_0 > -0.853,1.218,0.37,,,1,0.11,0.32,1.154,1.0,0.49,CF,0.2,8.6
feature_0 <= 0.154 AND feature_1 <= -0.162 AND feature_6 <= -1.421 AND feature_0 <= -0.976,11.404,0.01,,,4,1.0,0.41,1.125,3.0,0.12,CF,0.4,8.6
feature_0 > -0.099 AND feature_0 > 1.976 AND feature_3 <= -1.444,10.464,0.0,,,3,0.92,0.37,3.212,2.0,0.33,CF,0.4,8.6
feature_0 > 0.804 AND feature_1 > 1.234 AND feature_7 <= 0.949 AND feature_8 <= -0.911,9.909,0.01,,,4,0.87,0.35,3.428,4.0,0.36,CF,0.4,8.6
feature_0 > 0.034 AND feature_1 > 0.85 AND feature_9 <= -1.602 AND feature_4 <= -0.559,9.041,0.0,,,4,0.79,0.32,2.601,4.0,0.27,CF,0.4,8.6
feature_0 > -0.028 AND feature_1 > 1.414 AND feature_0 > 1.264 AND feature_5 > -0.426,8.698,0.0,,,4,0.76,0.31,3.868,3.0,0.4,CF,0.4,8.6
feature_0 <= 0.154 AND feature_1 <= -0.162 AND feature_6 <= -1.421 AND feature_0 <= -0.976,11.404,0.01,,,4,1.0,0.6,1.125,3.0,0.18,CF,0.6,8.6
feature_0 > -0.099 AND feature_0 > 1.976 AND feature_3 <= -1.444,10.464,0.0,,,3,0.92,0.55,3.212,2.0,0.5,CF,0.6,8.6
feature_0 > 0.804 AND feature_1 > 1.234 AND feature_7 <= 0.949 AND feature_8 <= -0.911,9.909,0.01,,,4,0.87,0.53,3.428,4.0,0.54,CF,0.6,8.6
feature_0 > 0.034 AND feature_1 > 0.85 AND feature_9 <= -1.602 AND feature_4 <= -0.559,9.041,0.0,,,4,0.79,0.48,2.601,4.0,0.4,CF,0.6,8.6
feature_0 > -0.028 AND feature_1 > 1.414 AND feature_0 > 1.264 AND feature_5 > -0.426,8.698,0.0,,,4,0.76,0.46,3.868,3.0,0.6,CF,0.6,8.6
feature_0 <= 0.154 AND feature_1 <= -0.162 AND feature_6 <= -1.421 AND feature_0 <= -0.976,11.404,0.01,,,4,1.0,0.8,1.125,3.0,0.23,CF,0.8,8.6
feature_0 > -0.099 AND feature_0 > 1.976 AND feature_3 <= -1.444,10.464,0.0,,,3,0.92,0.73,3.212,2.0,0.66,CF,0.8,8.6
feature_0 > 0.804 AND feature_1 > 1.234 AND feature_7 <= 0.949 AND feature_8 <= -0.911,9.909,0.01,,,4,0.87,0.7,3.428,4.0,0.71,CF,0.8,8.6
feature_0 > 0.034 AND feature_1 > 0.85 AND feature_9 <= -1.602 AND feature_4 <= -0.559,9.041,0.0,,,4,0.79,0.63,2.601,4.0,0.54,CF,0.8,8.6
feature_0 > -0.028 AND feature_1 > 1.414 AND feature_0 > 1.264 AND feature_5 > -0.426,8.698,0.0,,,4,0.76,0.61,3.868,3.0,0.8,CF,0.8,8.6
feature_0 <= 0.154 AND feature_1 <= -0.162 AND feature_6 <= -1.421 AND feature_0 <= -0.976,11.404,0.01,,,4,1.0,1.0,1.125,3.0,0.29,CF,1.0,8.6
feature_0 > -0.099 AND feature_0 > 1.976 AND feature_3 <= -1.444,10.464,0.0,,,3,0.92,0.92,3.212,2.0,0.83,CF,1.0,8.6
feature_0 > 0.804 AND feature_1 > 1.234 AND feature_7 <= 0.949 AND feature_8 <= -0.911,9.909,0.01,,,4,0.87,0.87,3.428,4.0,0.89,CF,1.0,8.6
feature_0 > 0.034 AND feature_1 > 0.85 AND feature_9 <= -1.602 AND feature_4 <= -0.559,9.041,0.0,,,4,0.79,0.79,2.601,4.0,0.67,CF,1.0,8.6
feature_0 > -0.028 AND feature_1 > 1.414 AND feature_0 > 1.264 AND feature_5 > -0.426,8.698,0.0,,,4,0.76,0.76,3.868,3.0,1.0,CF,1.0,8.6
feature_0 <= 0.083,0.045,0.31,,,1,0.02,0.31,0.06,1.0,0.31,CF SingleTree,0.0,0.56
feature_0 > 0.083,1.684,0.27,,,1,0.58,0.27,1.667,1.0,0.27,CF SingleTree,0.0,0.56
feature_0 <= 0.083 AND feature_0 > -0.681,0.354,0.21,,,2,0.12,0.21,0.53,1.0,0.21,CF SingleTree,0.0,0.56
feature_0 > 0.083 AND feature_0 <= 0.901,1.396,0.2,,,2,0.48,0.2,1.277,1.0,0.2,CF SingleTree,0.0,0.56
feature_0 <= 0.083 AND feature_0 <= -0.681,0.312,0.19,,,2,0.11,0.19,0.483,1.0,0.19,CF SingleTree,0.0,0.56
feature_0 > 0.083,1.684,0.27,,,1,0.58,0.33,1.667,1.0,0.36,CF SingleTree,0.2,0.56
feature_0 > 0.083 AND feature_0 > 0.901,2.123,0.14,,,2,0.73,0.26,2.264,1.0,0.31,CF SingleTree,0.2,0.56
feature_0 > 0.083 AND feature_0 <= 0.901,1.396,0.2,,,2,0.48,0.26,1.277,1.0,0.27,CF SingleTree,0.2,0.56
feature_0 <= 0.083,0.045,0.31,,,1,0.02,0.25,0.06,1.0,0.25,CF SingleTree,0.2,0.56
feature_0 > 0.083 AND feature_0 > 0.901 AND feature_1 <= 0.842,1.983,0.12,,,3,0.68,0.23,2.05,2.0,0.28,CF SingleTree,0.2,0.56
feature_0 > 0.083 AND feature_0 > 0.901 AND feature_1 > 0.842 AND feature_0 > 1.67,2.916,0.01,,,4,1.0,0.41,3.701,2.0,0.41,CF SingleTree,0.4,0.56
feature_0 > 0.083,1.684,0.27,,,1,0.58,0.39,1.667,1.0,0.34,CF SingleTree,0.4,0.56
feature_0 > 0.083 AND feature_0 > 0.901 AND feature_1 > 0.842,2.66,0.03,,,3,0.91,0.38,3.091,2.0,0.35,CF SingleTree,0.4,0.56
feature_0 > 0.083 AND feature_0 > 0.901,2.123,0.14,,,2,0.73,0.38,2.264,1.0,0.33,CF SingleTree,0.4,0.56
feature_0 > 0.083 AND feature_0 > 0.901 AND feature_1 <= 0.842 AND feature_0 > 1.825,2.547,0.03,,,4,0.87,0.37,2.829,2.0,0.32,CF SingleTree,0.4,0.56
feature_0 > 0.083 AND feature_0 > 0.901 AND feature_1 > 0.842 AND feature_0 > 1.67,2.916,0.01,,,4,1.0,0.6,3.701,2.0,0.6,CF SingleTree,0.6,0.56
feature_0 > 0.083 AND feature_0 > 0.901 AND feature_1 > 0.842,2.66,0.03,,,3,0.91,0.56,3.091,2.0,0.51,CF SingleTree,0.6,0.56
feature_0 > 0.083 AND feature_0 > 0.901 AND feature_1 <= 0.842 AND feature_0 > 1.825,2.547,0.03,,,4,0.87,0.54,2.829,2.0,0.47,CF SingleTree,0.6,0.56
feature_0 > 0.083 AND feature_0 > 0.901 AND feature_1 > 0.842 AND feature_0 <= 1.67,2.554,0.02,,,4,0.88,0.53,2.837,2.0,0.47,CF SingleTree,0.6,0.56
feature_0 > 0.083 AND feature_0 > 0.901,2.123,0.14,,,2,0.73,0.49,2.264,1.0,0.42,CF SingleTree,0.6,0.56
feature_0 > 0.083 AND feature_0 > 0.901 AND feature_1 > 0.842 AND feature_0 > 1.67,2.916,0.01,,,4,1.0,0.8,3.701,2.0,0.8,CF SingleTree,0.8,0.56
feature_0 > 0.083 AND feature_0 > 0.901 AND feature_1 > 0.842,2.66,0.03,,,3,0.91,0.74,3.091,2.0,0.67,CF SingleTree,0.8,0.56
feature_0 > 0.083 AND feature_0 > 0.901 AND feature_1 <= 0.842 AND feature_0 > 1.825,2.547,0.03,,,4,0.87,0.7,2.829,2.0,0.62,CF SingleTree,0.8,0.56
feature_0 > 0.083 AND feature_0 > 0.901 AND feature_1 > 0.842 AND feature_0 <= 1.67,2.554,0.02,,,4,0.88,0.7,2.837,2.0,0.62,CF SingleTree,0.8,0.56
feature_0 > 0.083 AND feature_0 <= 0.901 AND feature_1 > 0.998 AND feature_0 > 0.393,2.224,0.02,,,4,0.76,0.61,2.385,2.0,0.52,CF SingleTree,0.8,0.56
feature_0 > 0.083 AND feature_0 > 0.901 AND feature_1 > 0.842 AND feature_0 > 1.67,2.916,0.01,,,4,1.0,1.0,3.701,2.0,1.0,CF SingleTree,1.0,0.56
feature_0 > 0.083 AND feature_0 > 0.901 AND feature_1 > 0.842,2.66,0.03,,,3,0.91,0.91,3.091,2.0,0.84,CF SingleTree,1.0,0.56
feature_0 > 0.083 AND feature_0 > 0.901 AND feature_1 > 0.842 AND feature_0 <= 1.67,2.554,0.02,,,4,0.88,0.88,2.837,2.0,0.77,CF SingleTree,1.0,0.56
feature_0 > 0.083 AND feature_0 > 0.901 AND feature_1 <= 0.842 AND feature_0 > 1.825,2.547,0.03,,,4,0.87,0.87,2.829,2.0,0.76,CF SingleTree,1.0,0.56
feature_0 > 0.083 AND feature_0 <= 0.901 AND feature_1 > 0.998 AND feature_0 > 0.393,2.224,0.02,,,4,0.76,0.76,2.385,2.0,0.64,CF SingleTree,1.0,0.56
feature_7 <= 0.749,0.837,0.73,0.99,1.83,1,0.24,0.73,0.812,1.0,0.73,CT on D,0.0,
feature_7 <= 0.749 AND feature_1 > -0.88,0.933,0.61,1.03,1.96,2,0.27,0.61,0.942,2.0,0.61,CT on D,0.0,
feature_7 <= 0.749 AND feature_1 > -0.88 AND feature_0 > -0.656,1.404,0.46,0.98,2.39,3,0.4,0.46,1.372,3.0,0.46,CT on D,0.0,
feature_7 <= 0.749 AND feature_1 > -0.88 AND feature_0 > -0.656 AND feature_0 <= 0.812,0.983,0.33,0.93,1.91,4,0.28,0.33,1.005,3.0,0.33,CT on D,0.0,
feature_7 <= 0.749 AND feature_1 > -0.88 AND feature_0 > -0.656 AND feature_0 <= 0.812 AND feature_1 <= 0.516,0.59,0.22,0.81,1.4,5,0.17,0.22,0.716,3.0,0.22,CT on D,0.0,
feature_7 <= 0.749,0.837,0.73,0.99,1.83,1,0.24,0.63,0.812,1.0,0.65,CT on D,0.2,
feature_7 <= 0.749 AND feature_1 > -0.88,0.933,0.61,1.03,1.96,2,0.27,0.54,0.942,2.0,0.57,CT on D,0.2,
feature_7 <= 0.749 AND feature_1 > -0.88 AND feature_0 > -0.656,1.404,0.46,0.98,2.39,3,0.4,0.45,1.372,3.0,0.49,CT on D,0.2,
feature_7 <= 0.749 AND feature_1 > -0.88 AND feature_0 > -0.656 AND feature_0 <= 0.812,0.983,0.33,0.93,1.91,4,0.28,0.32,1.005,3.0,0.35,CT on D,0.2,
feature_7 <= 0.749 AND feature_1 > -0.88 AND feature_0 > -0.656 AND feature_0 > 0.812,2.494,0.13,1.11,3.6,4,0.72,0.25,2.324,3.0,0.3,CT on D,0.2,
feature_7 <= 0.749,0.837,0.73,0.99,1.83,1,0.24,0.53,0.812,1.0,0.55,CT on D,0.4,
feature_7 <= 0.749 AND feature_1 > -0.88,0.933,0.61,1.03,1.96,2,0.27,0.47,0.942,2.0,0.5,CT on D,0.4,
feature_7 <= 0.749 AND feature_1 > -0.88 AND feature_0 > -0.656,1.404,0.46,0.98,2.39,3,0.4,0.44,1.372,3.0,0.47,CT on D,0.4,
feature_7 <= 0.749 AND feature_1 > -0.88 AND feature_0 > -0.656 AND feature_0 > 0.812 AND feature_1 > 0.372 AND feature_4 > -0.538,3.485,0.04,1.46,4.94,6,1.0,0.42,2.79,4.0,0.42,CT on D,0.4,
feature_7 > 0.749 AND feature_4 <= 0.429 AND feature_3 > -1.103 AND feature_0 > -0.048 AND feature_1 > 0.724,3.416,0.02,0.58,3.99,5,0.98,0.4,2.29,5.0,0.34,CT on D,0.4,
feature_7 <= 0.749 AND feature_1 > -0.88 AND feature_0 > -0.656 AND feature_0 > 0.812 AND feature_1 > 0.372 AND feature_4 > -0.538,3.485,0.04,1.46,4.94,6,1.0,0.62,2.79,4.0,0.62,CT on D,0.6,
feature_7 > 0.749 AND feature_4 <= 0.429 AND feature_3 > -1.103 AND feature_0 > -0.048 AND feature_1 > 0.724,3.416,0.02,0.58,3.99,5,0.98,0.6,2.29,5.0,0.5,CT on D,0.6,
feature_7 <= 0.749 AND feature_1 > -0.88 AND feature_0 > -0.656 AND feature_0 > 0.812 AND feature_1 > 0.372,3.153,0.06,1.4,4.55,5,0.9,0.57,2.771,3.0,0.62,CT on D,0.6,
feature_7 <= 0.749 AND feature_1 > -0.88 AND feature_0 > -0.656 AND feature_0 > 0.812,2.494,0.13,1.11,3.6,4,0.72,0.48,2.324,3.0,0.55,CT on D,0.6,
feature_7 <= 0.749 AND feature_1 > -0.88 AND feature_0 > -0.656 AND feature_0 <= 0.812 AND feature_1 > 0.516 AND feature_1 > 1.471,2.465,0.03,1.69,4.16,6,0.71,0.44,2.125,3.0,0.47,CT on D,0.6,
feature_7 <= 0.749 AND feature_1 > -0.88 AND feature_0 > -0.656 AND feature_0 > 0.812 AND feature_1 > 0.372 AND feature_4 > -0.538,3.485,0.04,1.46,4.94,6,1.0,0.81,2.79,4.0,0.81,CT on D,0.8,
feature_7 > 0.749 AND feature_4 <= 0.429 AND feature_3 > -1.103 AND feature_0 > -0.048 AND feature_1 > 0.724,3.416,0.02,0.58,3.99,5,0.98,0.79,2.29,5.0,0.66,CT on D,0.8,
feature_7 <= 0.749 AND feature_1 > -0.88 AND feature_0 > -0.656 AND feature_0 > 0.812 AND feature_1 > 0.372,3.153,0.06,1.4,4.55,5,0.9,0.74,2.771,3.0,0.81,CT on D,0.8,
feature_7 <= 0.749 AND feature_1 > -0.88 AND feature_0 > -0.656 AND feature_0 > 0.812,2.494,0.13,1.11,3.6,4,0.72,0.6,2.324,3.0,0.69,CT on D,0.8,
feature_7 <= 0.749 AND feature_1 > -0.88 AND feature_0 > -0.656 AND feature_0 <= 0.812 AND feature_1 > 0.516 AND feature_1 > 1.471,2.465,0.03,1.69,4.16,6,0.71,0.57,2.125,3.0,0.62,CT on D,0.8,
feature_7 <= 0.749 AND feature_1 > -0.88 AND feature_0 > -0.656 AND feature_0 > 0.812 AND feature_1 > 0.372 AND feature_4 > -0.538,3.485,0.04,1.46,4.94,6,1.0,1.0,2.79,4.0,1.0,CT on D,1.0,
feature_7 > 0.749 AND feature_4 <= 0.429 AND feature_3 > -1.103 AND feature_0 > -0.048 AND feature_1 > 0.724,3.416,0.02,0.58,3.99,5,0.98,0.98,2.29,5.0,0.82,CT on D,1.0,
feature_7 <= 0.749 AND feature_1 > -0.88 AND feature_0 > -0.656 AND feature_0 > 0.812 AND feature_1 > 0.372,3.153,0.06,1.4,4.55,5,0.9,0.9,2.771,3.0,0.99,CT on D,1.0,
feature_7 <= 0.749 AND feature_1 > -0.88 AND feature_0 > -0.656 AND feature_0 > 0.812,2.494,0.13,1.11,3.6,4,0.72,0.72,2.324,3.0,0.83,CT on D,1.0,
feature_7 <= 0.749 AND feature_1 > -0.88 AND feature_0 > -0.656 AND feature_0 <= 0.812 AND feature_1 > 0.516 AND feature_1 > 1.471,2.465,0.03,1.69,4.16,6,0.71,0.71,2.125,3.0,0.76,CT on D,1.0,
feature_2 <= 0.451,0.849,0.67,0.8,1.65,1,0.21,0.67,0.812,1.0,0.67,CT on P,0.0,
feature_2 <= 0.451 AND feature_9 > -1.15,0.825,0.59,0.83,1.65,2,0.2,0.59,0.815,2.0,0.59,CT on P,0.0,
feature_2 <= 0.451 AND feature_9 > -1.15 AND feature_0 > -0.346,1.48,0.37,0.76,2.24,3,0.37,0.37,1.425,3.0,0.37,CT on P,0.0,
feature_2 > 0.451,0.652,0.33,1.5,2.15,1,0.16,0.33,0.8,1.0,0.33,CT on P,0.0,
feature_2 <= 0.451 AND feature_9 > -1.15 AND feature_0 > -0.346 AND feature_1 <= 0.429,1.045,0.24,0.62,1.67,4,0.26,0.24,1.122,4.0,0.24,CT on P,0.0,
feature_2 <= 0.451,0.849,0.67,0.8,1.65,1,0.21,0.58,0.812,1.0,0.65,CT on P,0.2,
feature_2 <= 0.451 AND feature_9 > -1.15,0.825,0.59,0.83,1.65,2,0.2,0.51,0.815,2.0,0.59,CT on P,0.2,
feature_2 <= 0.451 AND feature_9 > -1.15 AND feature_0 > -0.346,1.48,0.37,0.76,2.24,3,0.37,0.37,1.425,3.0,0.5,CT on P,0.2,
feature_2 > 0.451,0.652,0.33,1.5,2.15,1,0.16,0.3,0.8,1.0,0.38,CT on P,0.2,
feature_2 <= 0.451 AND feature_9 > -1.15 AND feature_0 > -0.346 AND feature_1 <= 0.429,1.045,0.24,0.62,1.67,4,0.26,0.24,1.122,4.0,0.35,CT on P,0.2,
feature_2 <= 0.451,0.849,0.67,0.8,1.65,1,0.21,0.49,0.812,1.0,0.5,CT on P,0.4,
feature_2 <= 0.451 AND feature_9 > -1.15,0.825,0.59,0.83,1.65,2,0.2,0.44,0.815,2.0,0.46,CT on P,0.4,
feature_2 <= 0.451 AND feature_9 > -1.15 AND feature_0 > -0.346 AND feature_1 > 0.429 AND feature_0 > 0.532 AND feature_0 > 1.364,4.054,0.02,1.4,5.45,6,1.0,0.41,3.209,4.0,0.41,CT on P,0.4,
feature_2 <= 0.451 AND feature_9 > -1.15 AND feature_0 > -0.346,1.48,0.37,0.76,2.24,3,0.37,0.37,1.425,3.0,0.4,CT on P,0.4,
feature_2 <= 0.451 AND feature_9 > -1.15 AND feature_0 > -0.346 AND feature_1 > 0.429 AND feature_0 > 0.532,3.236,0.06,1.01,4.24,5,0.8,0.36,2.532,4.0,0.35,CT on P,0.4,
feature_2 <= 0.451 AND feature_9 > -1.15 AND feature_0 > -0.346 AND feature_1 > 0.429 AND feature_0 > 0.532 AND feature_0 > 1.364,4.054,0.02,1.4,5.45,6,1.0,0.61,3.209,4.0,0.61,CT on P,0.6,
feature_2 <= 0.451 AND feature_9 > -1.15 AND feature_0 > -0.346 AND feature_1 <= 0.429 AND feature_0 > 1.863,3.497,0.01,0.32,3.82,5,0.86,0.52,2.773,4.0,0.52,CT on P,0.6,
feature_2 > 0.451 AND feature_2 > 0.76 AND feature_4 > 0.816 AND feature_8 <= 0.492 AND feature_0 > 0.521,3.41,0.01,1.45,4.86,5,0.84,0.51,2.013,4.0,0.38,CT on P,0.6,
feature_2 <= 0.451 AND feature_9 > -1.15 AND feature_0 > -0.346 AND feature_1 > 0.429 AND feature_0 > 0.532,3.236,0.06,1.01,4.24,5,0.8,0.5,2.532,4.0,0.5,CT on P,0.6,
feature_2 <= 0.451 AND feature_9 <= -1.15 AND feature_9 > -1.432 AND feature_1 > 0.412,3.006,0.01,0.35,3.36,4,0.74,0.45,1.276,3.0,0.24,CT on P,0.6,
feature_2 <= 0.451 AND feature_9 > -1.15 AND feature_0 > -0.346 AND feature_1 > 0.429 AND feature_0 > 0.532 AND feature_0 > 1.364,4.054,0.02,1.4,5.45,6,1.0,0.8,3.209,4.0,0.8,CT on P,0.8,
feature_2 <= 0.451 AND feature_9 > -1.15 AND feature_0 > -0.346 AND feature_1 <= 0.429 AND feature_0 > 1.863,3.497,0.01,0.32,3.82,5,0.86,0.69,2.773,4.0,0.69,CT on P,0.8,
feature_2 > 0.451 AND feature_2 > 0.76 AND feature_4 > 0.816 AND feature_8 <= 0.492 AND feature_0 > 0.521,3.41,0.01,1.45,4.86,5,0.84,0.67,2.013,4.0,0.5,CT on P,0.8,
feature_2 <= 0.451 AND feature_9 > -1.15 AND feature_0 > -0.346 AND feature_1 > 0.429 AND feature_0 > 0.532,3.236,0.06,1.01,4.24,5,0.8,0.65,2.532,4.0,0.64,CT on P,0.8,
feature_2 <= 0.451 AND feature_9 <= -1.15 AND feature_9 > -1.432 AND feature_1 > 0.412,3.006,0.01,0.35,3.36,4,0.74,0.6,1.276,3.0,0.32,CT on P,0.8,
feature_2 <= 0.451 AND feature_9 > -1.15 AND feature_0 > -0.346 AND feature_1 > 0.429 AND feature_0 > 0.532 AND feature_0 > 1.364,4.054,0.02,1.4,5.45,6,1.0,1.0,3.209,4.0,1.0,CT on P,1.0,
feature_2 <= 0.451 AND feature_9 > -1.15 AND feature_0 > -0.346 AND feature_1 <= 0.429 AND feature_0 > 1.863,3.497,0.01,0.32,3.82,5,0.86,0.86,2.773,4.0,0.86,CT on P,1.0,
feature_2 > 0.451 AND feature_2 > 0.76 AND feature_4 > 0.816 AND feature_8 <= 0.492 AND feature_0 > 0.521,3.41,0.01,1.45,4.86,5,0.84,0.84,2.013,4.0,0.63,CT on P,1.0,
feature_2 <= 0.451 AND feature_9 > -1.15 AND feature_0 > -0.346 AND feature_1 > 0.429 AND feature_0 > 0.532,3.236,0.06,1.01,4.24,5,0.8,0.8,2.532,4.0,0.79,CT on P,1.0,
feature_2 <= 0.451 AND feature_9 <= -1.15 AND feature_9 > -1.432 AND feature_1 > 0.412,3.006,0.01,0.35,3.36,4,0.74,0.74,1.276,3.0,0.4,CT on P,1.0,
feature_0 > -1.174,1.064,0.81,,,1,0.06,0.81,1.041,1.0,0.81,CF,0.0,7.03
feature_0 <= 1.161,0.611,0.81,,,1,0.04,0.81,0.577,1.0,0.81,CF,0.0,7.03
feature_0 <= 1.147,0.643,0.81,,,1,0.04,0.81,0.573,1.0,0.81,CF,0.0,7.03
feature_0 <= 1.119,0.573,0.81,,,1,0.03,0.81,0.563,1.0,0.81,CF,0.0,7.03
feature_0 <= 1.145,0.405,0.81,,,1,0.02,0.81,0.573,1.0,0.81,CF,0.0,7.03
feature_0 > -1.174,1.064,0.81,,,1,0.06,0.66,1.041,1.0,0.85,CF,0.2,7.03
feature_0 <= 1.147,0.643,0.81,,,1,0.04,0.66,0.573,1.0,0.76,CF,0.2,7.03
feature_0 <= 1.161,0.611,0.81,,,1,0.04,0.66,0.577,1.0,0.76,CF,0.2,7.03
feature_0 <= 1.119,0.573,0.81,,,1,0.03,0.65,0.563,1.0,0.76,CF,0.2,7.03
feature_0 <= 1.145,0.405,0.81,,,1,0.02,0.65,0.573,1.0,0.76,CF,0.2,7.03
feature_0 > -1.174,1.064,0.81,,,1,0.06,0.51,1.041,1.0,0.89,CF,0.4,7.03
feature_0 <= 1.147,0.643,0.81,,,1,0.04,0.5,0.573,1.0,0.71,CF,0.4,7.03
feature_0 <= 1.161,0.611,0.81,,,1,0.04,0.5,0.577,1.0,0.71,CF,0.4,7.03
feature_0 <= 1.119,0.573,0.81,,,1,0.03,0.5,0.563,1.0,0.7,CF,0.4,7.03
feature_0 <= 1.145,0.405,0.81,,,1,0.02,0.5,0.573,1.0,0.71,CF,0.4,7.03
feature_0 > 1.145 AND feature_1 > 1.452 AND feature_3 <= 0.714 AND feature_1 <= 1.904,16.798,0.0,,,4,1.0,0.6,3.512,3.0,0.59,CF,0.6,7.03
feature_0 > -1.174,1.064,0.81,,,1,0.06,0.36,1.041,1.0,0.5,CF,0.6,7.03
feature_0 > -0.467 AND feature_1 > 1.426 AND feature_0 > 1.09 AND feature_8 <= -0.32,9.876,0.0,,,4,0.59,0.35,3.56,3.0,0.6,CF,0.6,7.03
feature_0 <= 1.147,0.643,0.81,,,1,0.04,0.35,0.573,1.0,0.42,CF,0.6,7.03
feature_0 <= 1.161,0.611,0.81,,,1,0.04,0.35,0.577,1.0,0.42,CF,0.6,7.03
feature_0 > 1.145 AND feature_1 > 1.452 AND feature_3 <= 0.714 AND feature_1 <= 1.904,16.798,0.0,,,4,1.0,0.8,3.512,3.0,0.65,CF,0.8,7.03
feature_0 > -0.467 AND feature_1 > 1.426 AND feature_0 > 1.09 AND feature_8 <= -0.32,9.876,0.0,,,4,0.59,0.47,3.56,3.0,0.66,CF,0.8,7.03
feature_0 > -0.507 AND feature_1 > 1.014 AND feature_0 > 1.845 AND feature_0 > 2.337,8.809,0.0,,,4,0.52,0.42,4.314,2.0,0.8,CF,0.8,7.03
feature_1 > 1.015 AND feature_0 > 1.255 AND feature_3 > -0.515 AND feature_1 > 1.664,8.112,0.0,,,4,0.48,0.39,3.904,3.0,0.72,CF,0.8,7.03
feature_0 > 1.061 AND feature_1 > -0.101 AND feature_1 > 1.364 AND feature_8 <= -0.969,7.834,0.0,,,4,0.47,0.37,3.451,3.0,0.64,CF,0.8,7.03
feature_0 > 1.145 AND feature_1 > 1.452 AND feature_3 <= 0.714 AND feature_1 <= 1.904,16.798,0.0,,,4,1.0,1.0,3.512,3.0,0.81,CF,1.0,7.03
feature_0 > -0.467 AND feature_1 > 1.426 AND feature_0 > 1.09 AND feature_8 <= -0.32,9.876,0.0,,,4,0.59,0.59,3.56,3.0,0.83,CF,1.0,7.03
feature_0 > -0.507 AND feature_1 > 1.014 AND feature_0 > 1.845 AND feature_0 > 2.337,8.809,0.0,,,4,0.52,0.52,4.314,2.0,1.0,CF,1.0,7.03
feature_1 > 1.015 AND feature_0 > 1.255 AND feature_3 > -0.515 AND feature_1 > 1.664,8.112,0.0,,,4,0.48,0.48,3.904,3.0,0.9,CF,1.0,7.03
feature_0 > 1.061 AND feature_1 > -0.101 AND feature_1 > 1.364 AND feature_8 <= -0.969,7.834,0.0,,,4,0.47,0.47,3.451,3.0,0.8,CF,1.0,7.03
feature_0 > -0.237,1.34,0.56,,,1,0.46,0.56,1.47,1.0,0.56,CF SingleTree,0.0,0.57
feature_0 > -0.237 AND feature_1 <= 0.922,1.165,0.46,,,2,0.4,0.46,1.283,2.0,0.46,CF SingleTree,0.0,0.57
feature_0 <= -0.237,0.038,0.4,,,1,0.01,0.4,0.149,1.0,0.4,CF SingleTree,0.0,0.57
feature_0 > -0.237 AND feature_1 <= 0.922 AND feature_0 <= 0.58,0.867,0.25,,,3,0.3,0.25,0.796,2.0,0.25,CF SingleTree,0.0,0.57
feature_0 <= -0.237 AND feature_0 <= -0.642,0.266,0.25,,,2,0.09,0.25,0.445,1.0,0.25,CF SingleTree,0.0,0.57
feature_0 > -0.237,1.34,0.56,,,1,0.46,0.54,1.47,1.0,0.61,CF SingleTree,0.2,0.57
feature_0 > -0.237 AND feature_1 <= 0.922,1.165,0.46,,,2,0.4,0.45,1.283,2.0,0.51,CF SingleTree,0.2,0.57
feature_0 <= -0.237,0.038,0.4,,,1,0.01,0.32,0.149,1.0,0.34,CF SingleTree,0.2,0.57
feature_0 > -0.237 AND feature_1 <= 0.922 AND feature_0 > 0.58,1.489,0.23,,,3,0.51,0.29,1.814,2.0,0.38,CF SingleTree,0.2,0.57
feature_0 > -0.237 AND feature_1 <= 0.922 AND feature_0 <= 0.58,0.867,0.25,,,3,0.3,0.26,0.796,2.0,0.29,CF SingleTree,0.2,0.57
feature_0 > -0.237,1.34,0.56,,,1,0.46,0.52,1.47,1.0,0.51,CF SingleTree,0.4,0.57
feature_0 > -0.237 AND feature_1 <= 0.922,1.165,0.46,,,2,0.4,0.44,1.283,2.0,0.43,CF SingleTree,0.4,0.57
feature_0 > -0.237 AND feature_1 > 0.922 AND feature_0 > 0.404 AND feature_0 > 1.099,2.918,0.02,,,4,1.0,0.41,3.289,2.0,0.41,CF SingleTree,0.4,0.57
feature_0 > -0.237 AND feature_1 > 0.922 AND feature_0 > 0.404,2.594,0.06,,,3,0.89,0.39,2.763,2.0,0.37,CF SingleTree,0.4,0.57
feature_0 > -0.237 AND feature_1 > 0.922,2.147,0.1,,,2,0.74,0.35,2.331,2.0,0.34,CF SingleTree,0.4,0.57
feature_0 > -0.237 AND feature_1 > 0.922 AND feature_0 > 0.404 AND feature_0 > 1.099,2.918,0.02,,,4,1.0,0.61,3.289,2.0,0.61,CF SingleTree,0.6,0.57
feature_0 > -0.237 AND feature_1 > 0.922 AND feature_0 > 0.404,2.594,0.06,,,3,0.89,0.56,2.763,2.0,0.53,CF SingleTree,0.6,0.57
feature_0 > -0.237 AND feature_1 > 0.922 AND feature_0 > 0.404 AND feature_0 <= 1.099,2.372,0.04,,,4,0.81,0.5,2.403,2.0,0.45,CF SingleTree,0.6,0.57
feature_0 > -0.237,1.34,0.56,,,1,0.46,0.5,1.47,1.0,0.49,CF SingleTree,0.6,0.57
feature_0 > -0.237 AND feature_1 > 0.922,2.147,0.1,,,2,0.74,0.48,2.331,2.0,0.47,CF SingleTree,0.6,0.57
feature_0 > -0.237 AND feature_1 > 0.922 AND feature_0 > 0.404 AND feature_0 > 1.099,2.918,0.02,,,4,1.0,0.8,3.289,2.0,0.8,CF SingleTree,0.8,0.57
feature_0 > -0.237 AND feature_1 > 0.922 AND feature_0 > 0.404,2.594,0.06,,,3,0.89,0.72,2.763,2.0,0.68,CF SingleTree,0.8,0.57
feature_0 > -0.237 AND feature_1 > 0.922 AND feature_0 > 0.404 AND feature_0 <= 1.099,2.372,0.04,,,4,0.81,0.66,2.403,2.0,0.59,CF SingleTree,0.8,0.57
feature_0 > -0.237 AND feature_1 > 0.922,2.147,0.1,,,2,0.74,0.61,2.331,2.0,0.59,CF SingleTree,0.8,0.57
feature_0 > -0.237 AND feature_1 > 0.922 AND feature_0 <= 0.404 AND feature_0 > 0.193,1.86,0.01,,,4,0.64,0.51,1.981,2.0,0.48,CF SingleTree,0.8,0.57
feature_0 > -0.237 AND feature_1 > 0.922 AND feature_0 > 0.404 AND feature_0 > 1.099,2.918,0.02,,,4,1.0,1.0,3.289,2.0,1.0,CF SingleTree,1.0,0.57
feature_0 > -0.237 AND feature_1 > 0.922 AND feature_0 > 0.404,2.594,0.06,,,3,0.89,0.89,2.763,2.0,0.84,CF SingleTree,1.0,0.57
feature_0 > -0.237 AND feature_1 > 0.922 AND feature_0 > 0.404 AND feature_0 <= 1.099,2.372,0.04,,,4,0.81,0.81,2.403,2.0,0.73,CF SingleTree,1.0,0.57
feature_0 > -0.237 AND feature_1 > 0.922,2.147,0.1,,,2,0.74,0.74,2.331,2.0,0.71,CF SingleTree,1.0,0.57
feature_0 > -0.237 AND feature_1 > 0.922 AND feature_0 <= 0.404 AND feature_0 > 0.193,1.86,0.01,,,4,0.64,0.64,1.981,2.0,0.6,CF SingleTree,1.0,0.57
feature_9 > -1.076,0.814,0.59,0.94,1.75,1,0.17,0.59,0.81,1.0,0.59,CT on D,0.0,
feature_9 > -1.076 AND feature_0 > -0.546,1.282,0.47,0.83,2.11,2,0.27,0.47,1.278,2.0,0.47,CT on D,0.0,
feature_9 > -1.076 AND feature_0 > -0.546 AND feature_0 <= 0.926,0.955,0.38,0.82,1.77,3,0.2,0.38,0.966,2.0,0.38,CT on D,0.0,
feature_9 > -1.076 AND feature_0 > -0.546 AND feature_0 <= 0.926 AND feature_1 <= 0.89,0.762,0.32,0.77,1.53,4,0.16,0.32,0.77,3.0,0.32,CT on D,0.0,
feature_9 > -1.076 AND feature_0 > -0.546 AND feature_0 <= 0.926 AND feature_1 <= 0.89 AND feature_0 <= 0.609,0.611,0.27,0.76,1.37,5,0.13,0.27,0.641,3.0,0.27,CT on D,0.0,
feature_9 > -1.076,0.814,0.59,0.94,1.75,1,0.17,0.51,0.81,1.0,0.6,CT on D,0.2,
feature_9 > -1.076 AND feature_0 > -0.546,1.282,0.47,0.83,2.11,2,0.27,0.43,1.278,2.0,0.58,CT on D,0.2,
feature_9 > -1.076 AND feature_0 > -0.546 AND feature_0 <= 0.926,0.955,0.38,0.82,1.77,3,0.2,0.34,0.966,2.0,0.46,CT on D,0.2,
feature_9 > -1.076 AND feature_0 > -0.546 AND feature_0 <= 0.926 AND feature_1 <= 0.89,0.762,0.32,0.77,1.53,4,0.16,0.29,0.77,3.0,0.38,CT on D,0.2,
feature_9 > -1.076 AND feature_0 > -0.546 AND feature_0 <= 0.926 AND feature_1 <= 0.89 AND feature_0 <= 0.609,0.611,0.27,0.76,1.37,5,0.13,0.24,0.641,3.0,0.32,CT on D,0.2,
feature_9 > -1.076,0.814,0.59,0.94,1.75,1,0.17,0.42,0.81,1.0,0.46,CT on D,0.4,
feature_9 > -1.076 AND feature_0 > -0.546 AND feature_0 > 0.926 AND feature_1 > 0.75 AND feature_2 <= 0.161,4.828,0.02,0.86,5.69,5,1.0,0.41,3.021,4.0,0.41,CT on D,0.4,
feature_9 > -1.076 AND feature_0 > -0.546,1.282,0.47,0.83,2.11,2,0.27,0.39,1.278,2.0,0.45,CT on D,0.4,
feature_9 > -1.076 AND feature_0 > -0.546 AND feature_0 > 0.926 AND feature_1 > 0.75,3.909,0.03,1.27,5.18,4,0.81,0.34,3.018,3.0,0.42,CT on D,0.4,
feature_9 > -1.076 AND feature_0 > -0.546 AND feature_0 <= 0.926,0.955,0.38,0.82,1.77,3,0.2,0.31,0.966,2.0,0.36,CT on D,0.4,
feature_9 > -1.076 AND feature_0 > -0.546 AND feature_0 > 0.926 AND feature_1 > 0.75 AND feature_2 <= 0.161,4.828,0.02,0.86,5.69,5,1.0,0.61,3.021,4.0,0.61,CT on D,0.6,
feature_9 > -1.076 AND feature_0 > -0.546 AND feature_0 > 0.926 AND feature_1 > 0.75,3.909,0.03,1.27,5.18,4,0.81,0.5,3.018,3.0,0.61,CT on D,0.6,
feature_9 <= -1.076 AND feature_0 > -0.538 AND feature_1 > -1.296 AND feature_0 > 0.042 AND feature_9 > -1.205,3.195,0.01,0.24,3.43,5,0.66,0.4,1.504,3.0,0.3,CT on D,0.6,
feature_9 > -1.076 AND feature_0 > -0.546 AND feature_0 > 0.926 AND feature_1 > 0.75 AND feature_2 > 0.161,2.805,0.01,1.75,4.55,5,0.58,0.35,3.014,4.0,0.6,CT on D,0.6,
feature_9 > -1.076 AND feature_0 <= -0.546 AND feature_0 <= -1.5 AND feature_6 > 0.86,2.814,0.0,2.44,-0.38,4,0.58,0.35,1.082,3.0,0.21,CT on D,0.6,
feature_9 > -1.076 AND feature_0 > -0.546 AND feature_0 > 0.926 AND feature_1 > 0.75 AND feature_2 <= 0.161,4.828,0.02,0.86,5.69,5,1.0,0.8,3.021,4.0,0.8,CT on D,0.8,
feature_9 > -1.076 AND feature_0 > -0.546 AND feature_0 > 0.926 AND feature_1 > 0.75,3.909,0.03,1.27,5.18,4,0.81,0.65,3.018,3.0,0.81,CT on D,0.8,
feature_9 <= -1.076 AND feature_0 > -0.538 AND feature_1 > -1.296 AND feature_0 > 0.042 AND feature_9 > -1.205,3.195,0.01,0.24,3.43,5,0.66,0.53,1.504,3.0,0.4,CT on D,0.8,
feature_9 > -1.076 AND feature_0 > -0.546 AND feature_0 > 0.926 AND feature_1 > 0.75 AND feature_2 > 0.161,2.805,0.01,1.75,4.55,5,0.58,0.47,3.014,4.0,0.8,CT on D,0.8,
feature_9 > -1.076 AND feature_0 <= -0.546 AND feature_0 <= -1.5 AND feature_6 > 0.86,2.814,0.0,2.44,-0.38,4,0.58,0.47,1.082,3.0,0.29,CT on D,0.8,
feature_9 > -1.076 AND feature_0 > -0.546 AND feature_0 > 0.926 AND feature_1 > 0.75 AND feature_2 <= 0.161,4.828,0.02,0.86,5.69,5,1.0,1.0,3.021,4.0,1.0,CT on D,1.0,
feature_9 > -1.076 AND feature_0 > -0.546 AND feature_0 > 0.926 AND feature_1 > 0.75,3.909,0.03,1.27,5.18,4,0.81,0.81,3.018,3.0,1.0,CT on D,1.0,
feature_9 <= -1.076 AND feature_0 > -0.538 AND feature_1 > -1.296 AND feature_0 > 0.042 AND feature_9 > -1.205,3.195,0.01,0.24,3.43,5,0.66,0.66,1.504,3.0,0.5,CT on D,1.0,
feature_9 > -1.076 AND feature_0 <= -0.546 AND feature_0 <= -1.5 AND feature_6 > 0.86,2.814,0.0,2.44,-0.38,4,0.58,0.58,1.082,3.0,0.36,CT on D,1.0,
feature_9 > -1.076 AND feature_0 > -0.546 AND feature_0 > 0.926 AND feature_1 > 0.75 AND feature_2 > 0.161,2.805,0.01,1.75,4.55,5,0.58,0.58,3.014,4.0,1.0,CT on D,1.0,
feature_8 > -0.814,0.948,0.78,0.93,1.88,1,0.26,0.78,0.806,1.0,0.78,CT on P,0.0,
feature_8 > -0.814 AND feature_0 > -0.252,1.457,0.47,0.93,2.39,2,0.41,0.47,1.426,2.0,0.47,CT on P,0.0,
feature_8 > -0.814 AND feature_0 > -0.252 AND feature_0 <= 0.825,1.137,0.32,0.89,2.02,3,0.32,0.32,1.061,2.0,0.32,CT on P,0.0,
feature_8 > -0.814 AND feature_0 <= -0.252,0.165,0.31,0.94,1.11,2,0.05,0.31,0.134,2.0,0.31,CT on P,0.0,
feature_8 > -0.814 AND feature_0 > -0.252 AND feature_0 <= 0.825 AND feature_1 <= 0.911,0.987,0.26,0.78,1.77,4,0.28,0.26,0.877,3.0,0.26,CT on P,0.0,
feature_8 > -0.814,0.948,0.78,0.93,1.88,1,0.26,0.68,0.806,1.0,0.74,CT on P,0.2,
feature_8 > -0.814 AND feature_0 > -0.252,1.457,0.47,0.93,2.39,2,0.41,0.46,1.426,2.0,0.58,CT on P,0.2,
feature_8 > -0.814 AND feature_0 > -0.252 AND feature_0 <= 0.825,1.137,0.32,0.89,2.02,3,0.32,0.32,1.061,2.0,0.4,CT on P,0.2,
feature_8 > -0.814 AND feature_0 > -0.252 AND feature_0 <= 0.825 AND feature_1 <= 0.911,0.987,0.26,0.78,1.77,4,0.28,0.26,0.877,3.0,0.33,CT on P,0.2,
feature_8 > -0.814 AND feature_0 <= -0.252,0.165,0.31,0.94,1.11,2,0.05,0.26,0.134,2.0,0.27,CT on P,0.2,
feature_8 > -0.814,0.948,0.78,0.93,1.88,1,0.26,0.57,0.806,1.0,0.58,CT on P,0.4,
feature_8 > -0.814 AND feature_0 > -0.252,1.457,0.47,0.93,2.39,2,0.41,0.44,1.426,2.0,0.48,CT on P,0.4,
feature_8 > -0.814 AND feature_0 > -0.252 AND feature_0 > 0.825 AND feature_2 <= 0.769 AND feature_1 > 0.726,3.587,0.03,1.19,4.77,5,1.0,0.42,2.881,4.0,0.42,CT on P,0.4,
feature_8 > -0.814 AND feature_0 > -0.252 AND feature_0 <= 0.825 AND feature_1 > 0.911 AND feature_0 <= 0.452 AND feature_6 > -0.314,3.294,0.02,0.64,3.93,6,0.92,0.38,1.751,4.0,0.26,CT on P,0.4,
feature_8 > -0.814 AND feature_0 > -0.252 AND feature_0 > 0.825 AND feature_2 <= 0.769 AND feature_1 <= 0.726 AND feature_2 > 0.389,3.213,0.02,0.34,3.55,6,0.9,0.37,1.972,4.0,0.29,CT on P,0.4,
feature_8 > -0.814 AND feature_0 > -0.252 AND feature_0 > 0.825 AND feature_2 <= 0.769 AND feature_1 > 0.726,3.587,0.03,1.19,4.77,5,1.0,0.61,2.881,4.0,0.61,CT on P,0.6,
feature_8 > -0.814 AND feature_0 > -0.252 AND feature_0 <= 0.825 AND feature_1 > 0.911 AND feature_0 <= 0.452 AND feature_6 > -0.314,3.294,0.02,0.64,3.93,6,0.92,0.56,1.751,4.0,0.37,CT on P,0.6,
feature_8 > -0.814 AND feature_0 > -0.252 AND feature_0 > 0.825 AND feature_2 <= 0.769 AND feature_1 <= 0.726 AND feature_2 > 0.389,3.213,0.02,0.34,3.55,6,0.9,0.55,1.972,4.0,0.42,CT on P,0.6,
feature_8 <= -0.814 AND feature_3 > -0.617 AND feature_0 > 1.061,3.107,0.02,0.95,4.05,3,0.87,0.53,2.391,3.0,0.51,CT on P,0.6,
feature_8 > -0.814 AND feature_0 <= -0.252 AND feature_1 > -0.053 AND feature_0 > -1.174 AND feature_5 > -1.198 AND feature_8 > 1.14,2.928,0.02,-1.03,1.89,6,0.82,0.5,0.554,4.0,0.12,CT on P,0.6,
feature_8 > -0.814 AND feature_0 > -0.252 AND feature_0 > 0.825 AND feature_2 <= 0.769 AND feature_1 > 0.726,3.587,0.03,1.19,4.77,5,1.0,0.81,2.881,4.0,0.81,CT on P,0.8,
feature_8 > -0.814 AND feature_0 > -0.252 AND feature_0 <= 0.825 AND feature_1 > 0.911 AND feature_0 <= 0.452 AND feature_6 > -0.314,3.294,0.02,0.64,3.93,6,0.92,0.74,1.751,4.0,0.49,CT on P,0.8,
feature_8 > -0.814 AND feature_0 > -0.252 AND feature_0 > 0.825 AND feature_2 <= 0.769 AND feature_1 <= 0.726 AND feature_2 > 0.389,3.213,0.02,0.34,3.55,6,0.9,0.72,1.972,4.0,0.55,CT on P,0.8,
feature_8 <= -0.814 AND feature_3 > -0.617 AND feature_0 > 1.061,3.107,0.02,0.95,4.05,3,0.87,0.7,2.391,3.0,0.67,CT on P,0.8,
feature_8 > -0.814 AND feature_0 <= -0.252 AND feature_1 > -0.053 AND feature_0 > -1.174 AND feature_5 > -1.198 AND feature_8 > 1.14,2.928,0.02,-1.03,1.89,6,0.82,0.66,0.554,4.0,0.16,CT on P,0.8,
feature_8 > -0.814 AND feature_0 > -0.252 AND feature_0 > 0.825 AND feature_2 <= 0.769 AND feature_1 > 0.726,3.587,0.03,1.19,4.77,5,1.0,1.0,2.881,4.0,1.0,CT on P,1.0,
feature_8 > -0.814 AND feature_0 > -0.252 AND feature_0 <= 0.825 AND feature_1 > 0.911 AND feature_0 <= 0.452 AND feature_6 > -0.314,3.294,0.02,0.64,3.93,6,0.92,0.92,1.751,4.0,0.61,CT on P,1.0,
feature_8 > -0.814 AND feature_0 > -0.252 AND feature_0 > 0.825 AND feature_2 <= 0.769 AND feature_1 <= 0.726 AND feature_2 > 0.389,3.213,0.02,0.34,3.55,6,0.9,0.9,1.972,4.0,0.68,CT on P,1.0,
feature_8 <= -0.814 AND feature_3 > -0.617 AND feature_0 > 1.061,3.107,0.02,0.95,4.05,3,0.87,0.87,2.391,3.0,0.83,CT on P,1.0,
feature_8 > -0.814 AND feature_0 <= -0.252 AND feature_1 > -0.053 AND feature_0 > -1.174 AND feature_5 > -1.198 AND feature_8 > 1.14,2.928,0.02,-1.03,1.89,6,0.82,0.82,0.554,4.0,0.19,CT on P,1.0,
feature_0 > -1.037 AND feature_6 <= 0.661,0.91,0.77,,,2,0.07,0.77,1.064,2.0,0.77,CF,0.0,6.48
feature_0 > -1.517,0.927,0.64,,,1,0.07,0.64,0.929,1.0,0.64,CF,0.0,6.48
feature_1 <= 1.349,0.901,0.63,,,1,0.07,0.63,0.7,1.0,0.63,CF,0.0,6.48
feature_0 > -1.275,1.069,0.62,,,1,0.08,0.62,0.985,1.0,0.62,CF,0.0,6.48
feature_1 <= 1.287,0.874,0.62,,,1,0.07,0.62,0.69,1.0,0.62,CF,0.0,6.48
feature_0 > -1.037 AND feature_6 <= 0.661,0.91,0.77,,,2,0.07,0.63,1.064,2.0,0.82,CF,0.2,6.48
feature_0 > -1.517,0.927,0.64,,,1,0.07,0.53,0.929,1.0,0.69,CF,0.2,6.48
feature_1 <= 1.349,0.901,0.63,,,1,0.07,0.52,0.7,1.0,0.64,CF,0.2,6.48
feature_0 > -1.275,1.069,0.62,,,1,0.08,0.51,0.985,1.0,0.68,CF,0.2,6.48
feature_0 > -1.253,1.051,0.62,,,1,0.08,0.51,0.992,1.0,0.68,CF,0.2,6.48
feature_0 > -1.037 AND feature_6 <= 0.661,0.91,0.77,,,2,0.07,0.49,1.064,2.0,0.86,CF,0.4,6.48
feature_0 > -1.517,0.927,0.64,,,1,0.07,0.41,0.929,1.0,0.73,CF,0.4,6.48
feature_1 <= 1.349,0.901,0.63,,,1,0.07,0.4,0.7,1.0,0.64,CF,0.4,6.48
feature_0 > -1.275,1.069,0.62,,,1,0.08,0.4,0.985,1.0,0.74,CF,0.4,6.48
feature_0 > -1.253,1.051,0.62,,,1,0.08,0.4,0.992,1.0,0.74,CF,0.4,6.48
feature_0 > 0.535 AND feature_1 <= 0.062 AND feature_3 <= -1.082 AND feature_7 > 1.154,13.377,0.0,,,4,1.0,0.6,1.682,4.0,0.39,CF,0.6,6.48
feature_0 > 1.05 AND feature_1 > -0.487 AND feature_8 > 1.481 AND feature_7 > -0.578,9.751,0.0,,,4,0.73,0.44,2.565,4.0,0.6,CF,0.6,6.48
feature_1 > 1.349 AND feature_8 <= 0.561 AND feature_2 <= -0.984 AND feature_6 <= -0.652,8.909,0.0,,,4,0.67,0.4,2.195,4.0,0.51,CF,0.6,6.48
feature_0 > 0.751 AND feature_1 <= 0.847 AND feature_7 > 0.882 AND feature_8 > 1.362,8.529,0.0,,,4,0.64,0.38,1.834,4.0,0.43,CF,0.6,6.48
feature_0 > -1.037 AND feature_6 <= 0.661,0.91,0.77,,,2,0.07,0.35,1.064,2.0,0.56,CF,0.6,6.48
feature_0 > 0.535 AND feature_1 <= 0.062 AND feature_3 <= -1.082 AND feature_7 > 1.154,13.377,0.0,,,4,1.0,0.8,1.682,4.0,0.37,CF,0.8,6.48
feature_0 > 1.05 AND feature_1 > -0.487 AND feature_8 > 1.481 AND feature_7 > -0.578,9.751,0.0,,,4,0.73,0.58,2.565,4.0,0.57,CF,0.8,6.48
feature_1 > 1.349 AND feature_8 <= 0.561 AND feature_2 <= -0.984 AND feature_6 <= -0.652,8.909,0.0,,,4,0.67,0.53,2.195,4.0,0.49,CF,0.8,6.48
feature_0 > 0.751 AND feature_1 <= 0.847 AND feature_7 > 0.882 AND feature_8 > 1.362,8.529,0.0,,,4,0.64,0.51,1.834,4.0,0.41,CF,0.8,6.48
feature_0 > 0.914 AND feature_1 > 0.055 AND feature_1 > 1.515 AND feature_3 > -0.644,7.082,0.01,,,4,0.53,0.43,3.619,3.0,0.8,CF,0.8,6.48
feature_0 > 0.535 AND feature_1 <= 0.062 AND feature_3 <= -1.082 AND feature_7 > 1.154,13.377,0.0,,,4,1.0,1.0,1.682,4.0,0.46,CF,1.0,6.48
feature_0 > 1.05 AND feature_1 > -0.487 AND feature_8 > 1.481 AND feature_7 > -0.578,9.751,0.0,,,4,0.73,0.73,2.565,4.0,0.71,CF,1.0,6.48
feature_1 > 1.349 AND feature_8 <= 0.561 AND feature_2 <= -0.984 AND feature_6 <= -0.652,8.909,0.0,,,4,0.67,0.67,2.195,4.0,0.61,CF,1.0,6.48
feature_0 > 0.751 AND feature_1 <= 0.847 AND feature_7 > 0.882 AND feature_8 > 1.362,8.529,0.0,,,4,0.64,0.64,1.834,4.0,0.51,CF,1.0,6.48
feature_0 > 0.914 AND feature_1 > 0.055 AND feature_1 > 1.515 AND feature_3 > -0.644,7.082,0.01,,,4,0.53,0.53,3.619,3.0,1.0,CF,1.0,6.48
feature_0 <= 0.136,0.428,0.43,,,1,0.16,0.43,0.127,1.0,0.43,CF SingleTree,0.0,0.59
feature_0 > 0.136,1.359,0.36,,,1,0.51,0.36,1.667,1.0,0.36,CF SingleTree,0.0,0.59
feature_0 <= 0.136 AND feature_0 > -1.051,0.64,0.34,,,2,0.24,0.34,0.411,1.0,0.34,CF SingleTree,0.0,0.59
feature_0 > 0.136 AND feature_1 <= 0.592,1.165,0.28,,,2,0.44,0.28,1.418,2.0,0.28,CF SingleTree,0.0,0.59
feature_0 <= 0.136 AND feature_0 > -1.051 AND feature_1 <= 0.616,0.511,0.26,,,3,0.19,0.26,0.142,2.0,0.26,CF SingleTree,0.0,0.59
feature_0 > 0.136,1.359,0.36,,,1,0.51,0.39,1.667,1.0,0.49,CF SingleTree,0.2,0.59
feature_0 <= 0.136,0.428,0.43,,,1,0.16,0.38,0.127,1.0,0.36,CF SingleTree,0.2,0.59
feature_0 <= 0.136 AND feature_0 > -1.051,0.64,0.34,,,2,0.24,0.32,0.411,1.0,0.32,CF SingleTree,0.2,0.59
feature_0 > 0.136 AND feature_1 <= 0.592,1.165,0.28,,,2,0.44,0.31,1.418,2.0,0.39,CF SingleTree,0.2,0.59
feature_0 <= 0.136 AND feature_0 > -1.051 AND feature_1 <= 0.616,0.511,0.26,,,3,0.19,0.25,0.142,2.0,0.23,CF SingleTree,0.2,0.59
feature_0 > 0.136,1.359,0.36,,,1,0.51,0.42,1.667,1.0,0.42,CF SingleTree,0.4,0.59
feature_0 > 0.136 AND feature_1 > 0.592 AND feature_0 > 0.829 AND feature_1 > 1.211,2.667,0.02,,,4,1.0,0.41,3.245,2.0,0.41,CF SingleTree,0.4,0.59
feature_0 > 0.136 AND feature_1 > 0.592 AND feature_0 > 0.829,2.389,0.05,,,3,0.9,0.39,2.845,2.0,0.38,CF SingleTree,0.4,0.59
feature_0 > 0.136 AND feature_1 > 0.592,1.894,0.11,,,2,0.71,0.35,2.351,2.0,0.36,CF SingleTree,0.4,0.59
feature_0 > 0.136 AND feature_1 > 0.592 AND feature_0 > 0.829 AND feature_1 <= 1.211,2.212,0.03,,,4,0.83,0.35,2.59,2.0,0.34,CF SingleTree,0.4,0.59
feature_0 > 0.136 AND feature_1 > 0.592 AND feature_0 > 0.829 AND feature_1 > 1.211,2.667,0.02,,,4,1.0,0.61,3.245,2.0,0.61,CF SingleTree,0.6,0.59
feature_0 > 0.136 AND feature_1 > 0.592 AND feature_0 > 0.829,2.389,0.05,,,3,0.9,0.56,2.845,2.0,0.55,CF SingleTree,0.6,0.59
feature_0 > 0.136 AND feature_1 > 0.592 AND feature_0 > 0.829 AND feature_1 <= 1.211,2.212,0.03,,,4,0.83,0.51,2.59,2.0,0.49,CF SingleTree,0.6,0.59
feature_0 > 0.136 AND feature_1 > 0.592,1.894,0.11,,,2,0.71,0.47,2.351,2.0,0.48,CF SingleTree,0.6,0.59
feature_0 > 0.136,1.359,0.36,,,1,0.51,0.45,1.667,1.0,0.45,CF SingleTree,0.6,0.59
feature_0 > 0.136 AND feature_1 > 0.592 AND feature_0 > 0.829 AND feature_1 > 1.211,2.667,0.02,,,4,1.0,0.8,3.245,2.0,0.8,CF SingleTree,0.8,0.59
feature_0 > 0.136 AND feature_1 > 0.592 AND feature_0 > 0.829,2.389,0.05,,,3,0.9,0.73,2.845,2.0,0.71,CF SingleTree,0.8,0.59
feature_0 > 0.136 AND feature_1 > 0.592 AND feature_0 > 0.829 AND feature_1 <= 1.211,2.212,0.03,,,4,0.83,0.67,2.59,2.0,0.64,CF SingleTree,0.8,0.59
feature_0 > 0.136 AND feature_1 > 0.592,1.894,0.11,,,2,0.71,0.59,2.351,2.0,0.6,CF SingleTree,0.8,0.59
feature_0 > 0.136 AND feature_1 <= 0.592 AND feature_0 > 0.911 AND feature_1 > 0.045,1.768,0.04,,,4,0.66,0.54,2.27,2.0,0.57,CF SingleTree,0.8,0.59
feature_0 > 0.136 AND feature_1 > 0.592 AND feature_0 > 0.829 AND feature_1 > 1.211,2.667,0.02,,,4,1.0,1.0,3.245,2.0,1.0,CF SingleTree,1.0,0.59
feature_0 > 0.136 AND feature_1 > 0.592 AND feature_0 > 0.829,2.389,0.05,,,3,0.9,0.9,2.845,2.0,0.88,CF SingleTree,1.0,0.59
feature_0 > 0.136 AND feature_1 > 0.592 AND feature_0 > 0.829 AND feature_1 <= 1.211,2.212,0.03,,,4,0.83,0.83,2.59,2.0,0.8,CF SingleTree,1.0,0.59
feature_0 > 0.136 AND feature_1 > 0.592,1.894,0.11,,,2,0.71,0.71,2.351,2.0,0.72,CF SingleTree,1.0,0.59
feature_0 > 0.136 AND feature_1 <= 0.592 AND feature_0 > 0.911 AND feature_1 > 0.045,1.768,0.04,,,4,0.66,0.66,2.27,2.0,0.7,CF SingleTree,1.0,0.59
feature_6 > -0.394,0.788,0.61,1.01,1.8,1,0.2,0.61,0.792,1.0,0.61,CT on D,0.0,
feature_6 > -0.394 AND feature_0 > -1.483,0.926,0.57,0.96,1.88,2,0.23,0.57,0.93,2.0,0.57,CT on D,0.0,
feature_6 <= -0.394,0.621,0.34,1.13,1.76,1,0.16,0.34,0.831,1.0,0.34,CT on D,0.0,
feature_6 > -0.394 AND feature_0 > -1.483 AND feature_0 <= 0.282,0.419,0.34,0.94,1.36,3,0.11,0.34,0.33,2.0,0.34,CT on D,0.0,
feature_6 > -0.394 AND feature_0 > -1.483 AND feature_0 > 0.282,1.64,0.24,0.98,2.62,3,0.41,0.24,1.775,2.0,0.24,CT on D,0.0,
feature_6 > -0.394,0.788,0.61,1.01,1.8,1,0.2,0.53,0.792,1.0,0.58,CT on D,0.2,
feature_6 > -0.394 AND feature_0 > -1.483,0.926,0.57,0.96,1.88,2,0.23,0.5,0.93,2.0,0.56,CT on D,0.2,
feature_6 <= -0.394,0.621,0.34,1.13,1.76,1,0.16,0.3,0.831,1.0,0.37,CT on D,0.2,
feature_6 > -0.394 AND feature_0 > -1.483 AND feature_0 <= 0.282,0.419,0.34,0.94,1.36,3,0.11,0.29,0.33,2.0,0.31,CT on D,0.2,
feature_6 > -0.394 AND feature_0 > -1.483 AND feature_0 > 0.282,1.64,0.24,0.98,2.62,3,0.41,0.27,1.775,2.0,0.39,CT on D,0.2,
feature_6 > -0.394,0.788,0.61,1.01,1.8,1,0.2,0.45,0.792,1.0,0.47,CT on D,0.4,
feature_6 > -0.394 AND feature_0 > -1.483,0.926,0.57,0.96,1.88,2,0.23,0.44,0.93,2.0,0.47,CT on D,0.4,
feature_6 <= -0.394 AND feature_3 <= 0.162 AND feature_1 > -0.682 AND feature_0 > -0.088 AND feature_0 > 1.424,3.973,0.01,0.51,4.48,5,1.0,0.41,2.924,4.0,0.41,CT on D,0.4,
feature_6 > -0.394 AND feature_0 > -1.483 AND feature_0 > 0.282 AND feature_1 > 1.19 AND feature_6 <= 0.408,3.835,0.01,1.45,5.29,5,0.97,0.39,2.844,3.0,0.4,CT on D,0.4,
feature_6 > -0.394 AND feature_0 > -1.483 AND feature_0 > 0.282,1.64,0.24,0.98,2.62,3,0.41,0.31,1.775,2.0,0.39,CT on D,0.4,
feature_6 <= -0.394 AND feature_3 <= 0.162 AND feature_1 > -0.682 AND feature_0 > -0.088 AND feature_0 > 1.424,3.973,0.01,0.51,4.48,5,1.0,0.6,2.924,4.0,0.6,CT on D,0.6,
feature_6 > -0.394 AND feature_0 > -1.483 AND feature_0 > 0.282 AND feature_1 > 1.19 AND feature_6 <= 0.408,3.835,0.01,1.45,5.29,5,0.97,0.58,2.844,3.0,0.59,CT on D,0.6,
feature_6 > -0.394 AND feature_0 > -1.483 AND feature_0 > 0.282 AND feature_1 > 1.19,2.886,0.03,1.9,4.78,4,0.73,0.45,2.808,3.0,0.59,CT on D,0.6,
feature_6 <= -0.394 AND feature_3 > 0.162 AND feature_3 > 0.451 AND feature_6 > -1.358 AND feature_0 > 1.227,2.703,0.01,1.44,4.14,5,0.68,0.41,2.536,3.0,0.52,CT on D,0.6,
feature_6 <= -0.394 AND feature_3 <= 0.162 AND feature_1 > -0.682 AND feature_0 > -0.088 AND feature_0 <= 1.424 AND feature_2 <= -0.074,2.438,0.03,0.07,2.5,6,0.61,0.38,1.588,5.0,0.34,CT on D,0.6,
feature_6 <= -0.394 AND feature_3 <= 0.162 AND feature_1 > -0.682 AND feature_0 > -0.088 AND feature_0 > 1.424,3.973,0.01,0.51,4.48,5,1.0,0.8,2.924,4.0,0.8,CT on D,0.8,
feature_6 > -0.394 AND feature_0 > -1.483 AND feature_0 > 0.282 AND feature_1 > 1.19 AND feature_6 <= 0.408,3.835,0.01,1.45,5.29,5,0.97,0.77,2.844,3.0,0.78,CT on D,0.8,
feature_6 > -0.394 AND feature_0 > -1.483 AND feature_0 > 0.282 AND feature_1 > 1.19,2.886,0.03,1.9,4.78,4,0.73,0.59,2.808,3.0,0.77,CT on D,0.8,
feature_6 <= -0.394 AND feature_3 > 0.162 AND feature_3 > 0.451 AND feature_6 > -1.358 AND feature_0 > 1.227,2.703,0.01,1.44,4.14,5,0.68,0.55,2.536,3.0,0.7,CT on D,0.8,
feature_6 <= -0.394 AND feature_3 <= 0.162 AND feature_1 > -0.682 AND feature_0 > -0.088 AND feature_0 <= 1.424 AND feature_2 <= -0.074,2.438,0.03,0.07,2.5,6,0.61,0.5,1.588,5.0,0.44,CT on D,0.8,
feature_6 <= -0.394 AND feature_3 <= 0.162 AND feature_1 > -0.682 AND feature_0 > -0.088 AND feature_0 > 1.424,3.973,0.01,0.51,4.48,5,1.0,1.0,2.924,4.0,1.0,CT on D,1.0,
feature_6 > -0.394 AND feature_0 > -1.483 AND feature_0 > 0.282 AND feature_1 > 1.19 AND feature_6 <= 0.408,3.835,0.01,1.45,5.29,5,0.97,0.97,2.844,3.0,0.97,CT on D,1.0,
feature_6 > -0.394 AND feature_0 > -1.483 AND feature_0 > 0.282 AND feature_1 > 1.19,2.886,0.03,1.9,4.78,4,0.73,0.73,2.808,3.0,0.96,CT on D,1.0,
feature_6 <= -0.394 AND feature_3 > 0.162 AND feature_3 > 0.451 AND feature_6 > -1.358 AND feature_0 > 1.227,2.703,0.01,1.44,4.14,5,0.68,0.68,2.536,3.0,0.87,CT on D,1.0,
feature_6 <= -0.394 AND feature_3 <= 0.162 AND feature_1 > -0.682 AND feature_0 > -0.088 AND feature_0 <= 1.424 AND feature_2 <= -0.074,2.438,0.03,0.07,2.5,6,0.61,0.61,1.588,5.0,0.54,CT on D,1.0,
feature_6 > -0.395,0.784,0.65,0.91,1.69,1,0.2,0.65,0.792,1.0,0.65,CT on P,0.0,
feature_6 > -0.395 AND feature_0 > -1.331,0.968,0.59,0.85,1.82,2,0.24,0.59,0.969,2.0,0.59,CT on P,0.0,
feature_6 <= -0.395,0.64,0.35,1.04,1.68,1,0.16,0.35,0.831,1.0,0.35,CT on P,0.0,
feature_6 > -0.395 AND feature_0 > -1.331 AND feature_0 <= 0.283,0.461,0.34,0.81,1.27,3,0.12,0.34,0.374,2.0,0.34,CT on P,0.0,
feature_6 > -0.395 AND feature_0 > -1.331 AND feature_0 > 0.283,1.659,0.25,0.92,2.58,3,0.41,0.25,1.779,2.0,0.25,CT on P,0.0,
feature_6 > -0.395,0.784,0.65,0.91,1.69,1,0.2,0.56,0.792,1.0,0.61,CT on P,0.2,
feature_6 > -0.395 AND feature_0 > -1.331,0.968,0.59,0.85,1.82,2,0.24,0.52,0.969,2.0,0.58,CT on P,0.2,
feature_6 <= -0.395,0.64,0.35,1.04,1.68,1,0.16,0.31,0.831,1.0,0.37,CT on P,0.2,
feature_6 > -0.395 AND feature_0 > -1.331 AND feature_0 <= 0.283,0.461,0.34,0.81,1.27,3,0.12,0.3,0.374,2.0,0.31,CT on P,0.2,
feature_6 > -0.395 AND feature_0 > -1.331 AND feature_0 > 0.283,1.659,0.25,0.92,2.58,3,0.41,0.28,1.779,2.0,0.4,CT on P,0.2,
feature_6 > -0.395,0.784,0.65,0.91,1.69,1,0.2,0.47,0.792,1.0,0.5,CT on P,0.4,
feature_6 > -0.395 AND feature_0 > -1.331,0.968,0.59,0.85,1.82,2,0.24,0.45,0.969,2.0,0.48,CT on P,0.4,
feature_6 > -0.395 AND feature_0 > -1.331 AND feature_0 > 0.283 AND feature_1 > 1.211 AND feature_6 <= 0.408,4.007,0.01,1.55,5.55,5,1.0,0.41,2.848,3.0,0.38,CT on P,0.4,
feature_6 <= -0.395 AND feature_1 > 0.276 AND feature_4 <= 0.46 AND feature_0 > -0.591 AND feature_0 > 1.218,3.57,0.01,0.99,4.56,5,0.89,0.36,3.013,4.0,0.41,CT on P,0.4,
feature_6 > -0.395 AND feature_0 > -1.331 AND feature_0 > 0.283,1.659,0.25,0.92,2.58,3,0.41,0.32,1.779,2.0,0.39,CT on P,0.4,
feature_6 > -0.395 AND feature_0 > -1.331 AND feature_0 > 0.283 AND feature_1 > 1.211 AND feature_6 <= 0.408,4.007,0.01,1.55,5.55,5,1.0,0.6,2.848,3.0,0.57,CT on P,0.6,
feature_6 <= -0.395 AND feature_1 > 0.276 AND feature_4 <= 0.46 AND feature_0 > -0.591 AND feature_0 > 1.218,3.57,0.01,0.99,4.56,5,0.89,0.54,3.013,4.0,0.6,CT on P,0.6,
feature_6 > -0.395 AND feature_0 > -1.331 AND feature_0 > 0.283 AND feature_1 > 1.211,2.974,0.03,1.92,4.9,4,0.74,0.46,2.806,3.0,0.57,CT on P,0.6,
feature_6 > -0.395 AND feature_0 > -1.331,0.968,0.59,0.85,1.82,2,0.24,0.38,0.969,2.0,0.43,CT on P,0.6,
feature_6 > -0.395,0.784,0.65,0.91,1.69,1,0.2,0.38,0.792,1.0,0.42,CT on P,0.6,
feature_6 > -0.395 AND feature_0 > -1.331 AND feature_0 > 0.283 AND feature_1 > 1.211 AND feature_6 <= 0.408,4.007,0.01,1.55,5.55,5,1.0,0.8,2.848,3.0,0.76,CT on P,0.8,
feature_6 <= -0.395 AND feature_1 > 0.276 AND feature_4 <= 0.46 AND feature_0 > -0.591 AND feature_0 > 1.218,3.57,0.01,0.99,4.56,5,0.89,0.71,3.013,4.0,0.8,CT on P,0.8,
feature_6 > -0.395 AND feature_0 > -1.331 AND feature_0 > 0.283 AND feature_1 > 1.211,2.974,0.03,1.92,4.9,4,0.74,0.6,2.806,3.0,0.75,CT on P,0.8,
feature_6 <= -0.395 AND feature_1 > 0.276 AND feature_4 <= 0.46 AND feature_0 > -0.591 AND feature_0 <= 1.218 AND feature_1 > 1.21,2.367,0.02,0.76,3.13,6,0.59,0.48,2.111,4.0,0.56,CT on P,0.8,
feature_6 > -0.395 AND feature_0 <= -1.331 AND feature_9 > -0.747 AND feature_5 <= -0.664,2.074,0.01,2.06,-0.01,4,0.52,0.42,0.995,4.0,0.27,CT on P,0.8,
feature_6 > -0.395 AND feature_0 > -1.331 AND feature_0 > 0.283 AND feature_1 > 1.211 AND feature_6 <= 0.408,4.007,0.01,1.55,5.55,5,1.0,1.0,2.848,3.0,0.95,CT on P,1.0,
feature_6 <= -0.395 AND feature_1 > 0.276 AND feature_4 <= 0.46 AND feature_0 > -0.591 AND feature_0 > 1.218,3.57,0.01,0.99,4.56,5,0.89,0.89,3.013,4.0,1.0,CT on P,1.0,
feature_6 > -0.395 AND feature_0 > -1.331 AND feature_0 > 0.283 AND feature_1 > 1.211,2.974,0.03,1.92,4.9,4,0.74,0.74,2.806,3.0,0.93,CT on P,1.0,
feature_6 <= -0.395 AND feature_1 > 0.276 AND feature_4 <= 0.46 AND feature_0 > -0.591 AND feature_0 <= 1.218 AND feature_1 > 1.21,2.367,0.02,0.76,3.13,6,0.59,0.59,2.111,4.0,0.7,CT on P,1.0,
feature_6 > -0.395 AND feature_0 <= -1.331 AND feature_9 > -0.747 AND feature_5 <= -0.664,2.074,0.01,2.06,-0.01,4,0.52,0.52,0.995,4.0,0.33,CT on P,1.0,
feature_0 <= 1.615,0.803,0.87,,,1,0.05,0.87,0.684,1.0,0.87,CF,0.0,6.17
feature_0 > -1.513,0.614,0.87,,,1,0.04,0.87,0.939,1.0,0.87,CF,0.0,6.17
feature_0 <= 1.45,0.568,0.86,,,1,0.04,0.86,0.648,1.0,0.86,CF,0.0,6.17
feature_0 <= 1.383,0.538,0.85,,,1,0.03,0.85,0.634,1.0,0.85,CF,0.0,6.17
feature_0 <= 1.36,0.445,0.84,,,1,0.03,0.84,0.629,1.0,0.84,CF,0.0,6.17
feature_0 <= 1.615,0.803,0.87,,,1,0.05,0.71,0.684,1.0,0.83,CF,0.2,6.17
feature_0 > -1.513,0.614,0.87,,,1,0.04,0.7,0.939,1.0,0.88,CF,0.2,6.17
feature_0 <= 1.45,0.568,0.86,,,1,0.04,0.7,0.648,1.0,0.82,CF,0.2,6.17
feature_0 <= 1.383,0.538,0.85,,,1,0.03,0.69,0.634,1.0,0.81,CF,0.2,6.17
feature_0 > -1.271,0.916,0.84,,,1,0.06,0.68,1.001,1.0,0.87,CF,0.2,6.17
feature_0 <= 1.615,0.803,0.87,,,1,0.05,0.54,0.684,1.0,0.8,CF,0.4,6.17
feature_0 > -1.513,0.614,0.87,,,1,0.04,0.54,0.939,1.0,0.9,CF,0.4,6.17
feature_0 <= 1.45,0.568,0.86,,,1,0.04,0.53,0.648,1.0,0.77,CF,0.4,6.17
feature_0 > -1.271,0.916,0.84,,,1,0.06,0.53,1.001,1.0,0.9,CF,0.4,6.17
feature_0 <= 1.383,0.538,0.85,,,1,0.03,0.52,0.634,1.0,0.76,CF,0.4,6.17
feature_0 <= -0.276 AND feature_2 > 1.647 AND feature_6 > 0.162 AND feature_9 <= -0.67,15.501,0.0,,,4,1.0,0.6,0.392,4.0,0.23,CF,0.6,6.17
feature_0 <= 1.615,0.803,0.87,,,1,0.05,0.38,0.684,1.0,0.76,CF,0.6,6.17
feature_0 > -1.513,0.614,0.87,,,1,0.04,0.37,0.939,1.0,0.91,CF,0.6,6.17
feature_0 > -1.271,0.916,0.84,,,1,0.06,0.37,1.001,1.0,0.94,CF,0.6,6.17
feature_0 <= 1.45,0.568,0.86,,,1,0.04,0.37,0.648,1.0,0.73,CF,0.6,6.17
feature_0 <= -0.276 AND feature_2 > 1.647 AND feature_6 > 0.162 AND feature_9 <= -0.67,15.501,0.0,,,4,1.0,0.8,0.392,4.0,0.1,CF,0.8,6.17
feature_0 > 0.484 AND feature_1 > 0.257 AND feature_0 > 1.691 AND feature_6 <= -0.921,7.034,0.0,,,4,0.45,0.36,3.298,3.0,0.8,CF,0.8,6.17
feature_0 > -0.827 AND feature_0 > 1.546 AND feature_3 <= 1.191 AND feature_3 <= -1.589,6.662,0.0,,,4,0.43,0.34,2.865,2.0,0.69,CF,0.8,6.17
feature_0 > 0.342 AND feature_1 > 1.004 AND feature_4 <= -0.01 AND feature_6 <= -0.85,6.05,0.01,,,4,0.39,0.31,2.908,4.0,0.71,CF,0.8,6.17
feature_0 > -0.058 AND feature_1 > 1.167 AND feature_5 > 1.228,5.983,0.01,,,3,0.39,0.31,2.642,3.0,0.64,CF,0.8,6.17
feature_0 <= -0.276 AND feature_2 > 1.647 AND feature_6 > 0.162 AND feature_9 <= -0.67,15.501,0.0,,,4,1.0,1.0,0.392,4.0,0.12,CF,1.0,6.17
feature_0 > 0.484 AND feature_1 > 0.257 AND feature_0 > 1.691 AND feature_6 <= -0.921,7.034,0.0,,,4,0.45,0.45,3.298,3.0,1.0,CF,1.0,6.17
feature_0 > -0.827 AND feature_0 > 1.546 AND feature_3 <= 1.191 AND feature_3 <= -1.589,6.662,0.0,,,4,0.43,0.43,2.865,2.0,0.87,CF,1.0,6.17
feature_0 > 0.342 AND feature_1 > 1.004 AND feature_4 <= -0.01 AND feature_6 <= -0.85,6.05,0.01,,,4,0.39,0.39,2.908,4.0,0.88,CF,1.0,6.17
feature_0 > -0.058 AND feature_1 > 1.167 AND feature_5 > 1.228,5.983,0.01,,,3,0.39,0.39,2.642,3.0,0.8,CF,1.0,6.17
feature_0 <= 0.139,0.226,0.53,,,1,0.1,0.53,0.085,1.0,0.53,CF SingleTree,0.0,0.57
feature_0 > 0.139,1.38,0.43,,,1,0.61,0.43,1.69,1.0,0.43,CF SingleTree,0.0,0.57
feature_0 <= 0.139 AND feature_0 > -0.816,0.432,0.34,,,2,0.19,0.34,0.475,1.0,0.34,CF SingleTree,0.0,0.57
feature_0 > 0.139 AND feature_0 <= 1.205,1.196,0.32,,,2,0.53,0.32,1.406,1.0,0.32,CF SingleTree,0.0,0.57
feature_0 > 0.139 AND feature_0 <= 1.205 AND feature_1 <= 0.898,1.08,0.27,,,3,0.48,0.27,1.213,2.0,0.27,CF SingleTree,0.0,0.57
feature_0 > 0.139,1.38,0.43,,,1,0.61,0.47,1.69,1.0,0.54,CF SingleTree,0.2,0.57
feature_0 <= 0.139,0.226,0.53,,,1,0.1,0.44,0.085,1.0,0.43,CF SingleTree,0.2,0.57
feature_0 > 0.139 AND feature_0 <= 1.205,1.196,0.32,,,2,0.53,0.36,1.406,1.0,0.42,CF SingleTree,0.2,0.57
feature_0 > 0.139 AND feature_0 <= 1.205 AND feature_1 <= 0.898,1.08,0.27,,,3,0.48,0.31,1.213,2.0,0.36,CF SingleTree,0.2,0.57
feature_0 <= 0.139 AND feature_0 > -0.816,0.432,0.34,,,2,0.19,0.31,0.475,1.0,0.33,CF SingleTree,0.2,0.57
feature_0 > 0.139,1.38,0.43,,,1,0.61,0.5,1.69,1.0,0.46,CF SingleTree,0.4,0.57
feature_0 > 0.139 AND feature_0 > 1.205 AND feature_0 > 1.503 AND feature_1 > 0.377,2.25,0.03,,,4,1.0,0.42,3.288,2.0,0.42,CF SingleTree,0.4,0.57
feature_0 > 0.139 AND feature_0 > 1.205 AND feature_0 > 1.503,2.062,0.07,,,3,0.92,0.41,2.749,1.0,0.38,CF SingleTree,0.4,0.57
feature_0 > 0.139 AND feature_0 > 1.205,1.913,0.11,,,2,0.85,0.41,2.513,1.0,0.37,CF SingleTree,0.4,0.57
feature_0 > 0.139 AND feature_0 <= 1.205,1.196,0.32,,,2,0.53,0.4,1.406,1.0,0.36,CF SingleTree,0.4,0.57
feature_0 > 0.139 AND feature_0 > 1.205 AND feature_0 > 1.503 AND feature_1 > 0.377,2.25,0.03,,,4,1.0,0.61,3.288,2.0,0.61,CF SingleTree,0.6,0.57
feature_0 > 0.139 AND feature_0 > 1.205 AND feature_0 > 1.503,2.062,0.07,,,3,0.92,0.58,2.749,1.0,0.53,CF SingleTree,0.6,0.57
feature_0 > 0.139 AND feature_0 > 1.205,1.913,0.11,,,2,0.85,0.55,2.513,1.0,0.5,CF SingleTree,0.6,0.57
feature_0 > 0.139 AND feature_0 > 1.205 AND feature_0 > 1.503 AND feature_1 <= 0.377,1.96,0.05,,,4,0.87,0.54,2.458,2.0,0.47,CF SingleTree,0.6,0.57
feature_0 > 0.139,1.38,0.43,,,1,0.61,0.54,1.69,1.0,0.48,CF SingleTree,0.6,0.57
feature_0 > 0.139 AND feature_0 > 1.205 AND feature_0 > 1.503 AND feature_1 > 0.377,2.25,0.03,,,4,1.0,0.81,3.288,2.0,0.81,CF SingleTree,0.8,0.57
feature_0 > 0.139 AND feature_0 > 1.205 AND feature_0 > 1.503,2.062,0.07,,,3,0.92,0.75,2.749,1.0,0.68,CF SingleTree,0.8,0.57
feature_0 > 0.139 AND feature_0 > 1.205 AND feature_0 > 1.503 AND feature_1 <= 0.377,1.96,0.05,,,4,0.87,0.71,2.458,2.0,0.61,CF SingleTree,0.8,0.57
feature_0 > 0.139 AND feature_0 > 1.205,1.913,0.11,,,2,0.85,0.7,2.513,1.0,0.63,CF SingleTree,0.8,0.57
feature_0 > 0.139 AND feature_0 > 1.205 AND feature_0 <= 1.503 AND feature_1 > 0.415,1.896,0.02,,,4,0.84,0.68,2.68,2.0,0.66,CF SingleTree,0.8,0.57
feature_0 > 0.139 AND feature_0 > 1.205 AND feature_0 > 1.503 AND feature_1 > 0.377,2.25,0.03,,,4,1.0,1.0,3.288,2.0,1.0,CF SingleTree,1.0,0.57
feature_0 > 0.139 AND feature_0 > 1.205 AND feature_0 > 1.503,2.062,0.07,,,3,0.92,0.92,2.749,1.0,0.84,CF SingleTree,1.0,0.57
feature_0 > 0.139 AND feature_0 > 1.205 AND feature_0 > 1.503 AND feature_1 <= 0.377,1.96,0.05,,,4,0.87,0.87,2.458,2.0,0.75,CF SingleTree,1.0,0.57
feature_0 > 0.139 AND feature_0 > 1.205,1.913,0.11,,,2,0.85,0.85,2.513,1.0,0.76,CF SingleTree,1.0,0.57
feature_0 > 0.139 AND feature_0 > 1.205 AND feature_0 <= 1.503 AND feature_1 > 0.415,1.896,0.02,,,4,0.84,0.84,2.68,2.0,0.82,CF SingleTree,1.0,0.57
feature_5 <= 2.072,0.692,0.71,1.1,1.79,1,0.18,0.71,0.816,1.0,0.71,CT on D,0.0,
feature_5 <= 2.072 AND feature_0 <= 0.384,0.128,0.5,1.15,1.27,2,0.03,0.5,0.227,2.0,0.5,CT on D,0.0,
feature_5 <= 2.072 AND feature_0 <= 0.384 AND feature_0 > -0.739,0.565,0.35,1.0,1.56,3,0.15,0.35,0.652,2.0,0.35,CT on D,0.0,
feature_5 <= 2.072 AND feature_0 > 0.384,1.713,0.31,1.01,2.72,2,0.44,0.31,1.884,2.0,0.31,CT on D,0.0,
feature_5 <= 2.072 AND feature_0 > 0.384 AND feature_1 <= 1.631,1.607,0.29,0.92,2.53,3,0.41,0.29,1.793,3.0,0.29,CT on D,0.0,
feature_5 <= 2.072,0.692,0.71,1.1,1.79,1,0.18,0.6,0.816,1.0,0.65,CT on D,0.2,
feature_5 <= 2.072 AND feature_0 <= 0.384,0.128,0.5,1.15,1.27,2,0.03,0.41,0.227,2.0,0.42,CT on D,0.2,
feature_5 <= 2.072 AND feature_0 > 0.384,1.713,0.31,1.01,2.72,2,0.44,0.34,1.884,2.0,0.45,CT on D,0.2,
feature_5 <= 2.072 AND feature_0 > 0.384 AND feature_1 <= 1.631,1.607,0.29,0.92,2.53,3,0.41,0.31,1.793,3.0,0.42,CT on D,0.2,
feature_5 <= 2.072 AND feature_0 > 0.384 AND feature_1 <= 1.631 AND feature_1 > -1.58,1.698,0.28,0.92,2.62,4,0.44,0.31,1.831,3.0,0.42,CT on D,0.2,
feature_5 <= 2.072,0.692,0.71,1.1,1.79,1,0.18,0.5,0.816,1.0,0.52,CT on D,0.4,
feature_5 <= 2.072 AND feature_0 > 0.384 AND feature_1 > 1.631 AND feature_2 <= 0.099,3.895,0.01,2.18,6.08,4,1.0,0.41,3.344,4.0,0.41,CT on D,0.4,
feature_5 <= 2.072 AND feature_0 > 0.384,1.713,0.31,1.01,2.72,2,0.44,0.36,1.884,2.0,0.41,CT on D,0.4,
feature_5 <= 2.072 AND feature_0 > 0.384 AND feature_1 > 1.631,3.35,0.02,2.36,5.71,3,0.86,0.36,3.291,3.0,0.41,CT on D,0.4,
feature_5 <= 2.072 AND feature_0 > 0.384 AND feature_1 <= 1.631 AND feature_1 > -1.58,1.698,0.28,0.92,2.62,4,0.44,0.34,1.831,3.0,0.39,CT on D,0.4,
feature_5 <= 2.072 AND feature_0 > 0.384 AND feature_1 > 1.631 AND feature_2 <= 0.099,3.895,0.01,2.18,6.08,4,1.0,0.6,3.344,4.0,0.6,CT on D,0.6,
feature_5 <= 2.072 AND feature_0 > 0.384 AND feature_1 > 1.631,3.35,0.02,2.36,5.71,3,0.86,0.52,3.291,3.0,0.6,CT on D,0.6,
feature_5 <= 2.072 AND feature_0 > 0.384 AND feature_1 > 1.631 AND feature_2 > 0.099,2.844,0.01,2.52,5.36,4,0.73,0.44,3.243,4.0,0.59,CT on D,0.6,
feature_5 <= 2.072 AND feature_0 > 0.384 AND feature_1 <= 1.631 AND feature_1 > -1.58 AND feature_5 > 0.331 AND feature_1 > 0.041,2.691,0.05,1.07,3.76,6,0.69,0.43,2.203,3.0,0.42,CT on D,0.6,
feature_5 <= 2.072 AND feature_0 <= 0.384 AND feature_0 > -0.739 AND feature_1 > -0.802 AND feature_1 > 1.026 AND feature_1 > 1.846,2.794,0.01,1.17,3.96,6,0.72,0.43,2.169,3.0,0.39,CT on D,0.6,
feature_5 <= 2.072 AND feature_0 > 0.384 AND feature_1 > 1.631 AND feature_2 <= 0.099,3.895,0.01,2.18,6.08,4,1.0,0.8,3.344,4.0,0.8,CT on D,0.8,
feature_5 <= 2.072 AND feature_0 > 0.384 AND feature_1 > 1.631,3.35,0.02,2.36,5.71,3,0.86,0.69,3.291,3.0,0.79,CT on D,0.8,
feature_5 <= 2.072 AND feature_0 > 0.384 AND feature_1 > 1.631 AND feature_2 > 0.099,2.844,0.01,2.52,5.36,4,0.73,0.59,3.243,4.0,0.78,CT on D,0.8,
feature_5 <= 2.072 AND feature_0 <= 0.384 AND feature_0 > -0.739 AND feature_1 > -0.802 AND feature_1 > 1.026 AND feature_1 > 1.846,2.794,0.01,1.17,3.96,6,0.72,0.58,2.169,3.0,0.52,CT on D,0.8,
feature_5 <= 2.072 AND feature_0 > 0.384 AND feature_1 <= 1.631 AND feature_1 > -1.58 AND feature_5 > 0.331 AND feature_1 > 0.041,2.691,0.05,1.07,3.76,6,0.69,0.56,2.203,3.0,0.54,CT on D,0.8,
feature_5 <= 2.072 AND feature_0 > 0.384 AND feature_1 > 1.631 AND feature_2 <= 0.099,3.895,0.01,2.18,6.08,4,1.0,1.0,3.344,4.0,1.0,CT on D,1.0,
feature_5 <= 2.072 AND feature_0 > 0.384 AND feature_1 > 1.631,3.35,0.02,2.36,5.71,3,0.86,0.86,3.291,3.0,0.98,CT on D,1.0,
feature_5 <= 2.072 AND feature_0 > 0.384 AND feature_1 > 1.631 AND feature_2 > 0.099,2.844,0.01,2.52,5.36,4,0.73,0.73,3.243,4.0,0.97,CT on D,1.0,
feature_5 <= 2.072 AND feature_0 <= 0.384 AND feature_0 > -0.739 AND feature_1 > -0.802 AND feature_1 > 1.026 AND feature_1 > 1.846,2.794,0.01,1.17,3.96,6,0.72,0.72,2.169,3.0,0.65,CT on D,1.0,
feature_5 <= 2.072 AND feature_0 > 0.384 AND feature_1 <= 1.631 AND feature_1 > -1.58 AND feature_5 > 0.331 AND feature_1 > 0.041,2.691,0.05,1.07,3.76,6,0.69,0.69,2.203,3.0,0.66,CT on D,1.0,
feature_5 <= 0.681,0.622,0.75,1.29,1.91,1,0.18,0.75,0.823,1.0,0.75,CT on P,0.0,
feature_5 <= 0.681 AND feature_0 <= 0.685,0.207,0.56,1.26,1.47,2,0.06,0.56,0.382,2.0,0.56,CT on P,0.0,
feature_5 <= 0.681 AND feature_0 <= 0.685 AND feature_1 <= 0.138,0.29,0.31,1.33,1.04,3,0.08,0.31,0.031,3.0,0.31,CT on P,0.0,
feature_5 > 0.681,0.749,0.25,1.26,2.01,1,0.22,0.25,0.8,1.0,0.25,CT on P,0.0,
feature_5 <= 0.681 AND feature_0 <= 0.685 AND feature_1 > 0.138,0.827,0.25,1.18,2.01,3,0.24,0.25,0.823,3.0,0.25,CT on P,0.0,
feature_5 <= 0.681,0.622,0.75,1.29,1.91,1,0.18,0.64,0.823,1.0,0.68,CT on P,0.2,
feature_5 <= 0.681 AND feature_0 <= 0.685,0.207,0.56,1.26,1.47,2,0.06,0.46,0.382,2.0,0.48,CT on P,0.2,
feature_5 <= 0.681 AND feature_0 > 0.685,1.809,0.2,1.37,3.18,2,0.53,0.27,2.113,2.0,0.36,CT on P,0.2,
feature_5 <= 0.681 AND feature_0 <= 0.685 AND feature_1 <= 0.138,0.29,0.31,1.33,1.04,3,0.08,0.26,0.031,3.0,0.25,CT on P,0.2,
feature_5 <= 0.681 AND feature_0 <= 0.685 AND feature_1 > 0.138,0.827,0.25,1.18,2.01,3,0.24,0.25,0.823,3.0,0.28,CT on P,0.2,
feature_5 <= 0.681,0.622,0.75,1.29,1.91,1,0.18,0.52,0.823,1.0,0.59,CT on P,0.4,
feature_5 <= 0.681 AND feature_0 > 0.685 AND feature_0 > 1.119 AND feature_9 > -1.07 AND feature_5 > -0.163 AND feature_4 > -0.146,3.414,0.02,1.26,4.67,6,1.0,0.41,2.399,4.0,0.41,CT on P,0.4,
feature_5 <= 0.681 AND feature_0 > 0.685 AND feature_0 > 1.119 AND feature_9 > -1.07 AND feature_5 > -0.163,2.985,0.04,1.1,4.08,5,0.87,0.37,2.414,3.0,0.42,CT on P,0.4,
feature_5 <= 0.681 AND feature_0 <= 0.685 AND feature_1 > 0.138 AND feature_0 > -0.459 AND feature_7 > 0.664 AND feature_6 > 0.241,3.067,0.01,-0.03,3.04,6,0.9,0.37,1.419,5.0,0.24,CT on P,0.4,
feature_5 <= 0.681 AND feature_0 <= 0.685,0.207,0.56,1.26,1.47,2,0.06,0.36,0.382,2.0,0.4,CT on P,0.4,
feature_5 <= 0.681 AND feature_0 > 0.685 AND feature_0 > 1.119 AND feature_9 > -1.07 AND feature_5 > -0.163 AND feature_4 > -0.146,3.414,0.02,1.26,4.67,6,1.0,0.61,2.399,4.0,0.58,CT on P,0.6,
feature_5 <= 0.681 AND feature_0 <= 0.685 AND feature_1 > 0.138 AND feature_0 > -0.459 AND feature_7 > 0.664 AND feature_6 > 0.241,3.067,0.01,-0.03,3.04,6,0.9,0.54,1.419,5.0,0.34,CT on P,0.6,
feature_5 <= 0.681 AND feature_0 > 0.685 AND feature_0 > 1.119 AND feature_9 > -1.07 AND feature_5 > -0.163,2.985,0.04,1.1,4.08,5,0.87,0.54,2.414,3.0,0.59,CT on P,0.6,
feature_5 <= 0.681 AND feature_0 > 0.685 AND feature_0 > 1.119 AND feature_9 > -1.07 AND feature_5 <= -0.163 AND feature_3 <= -0.03,2.793,0.01,0.46,3.25,6,0.82,0.49,2.536,4.0,0.6,CT on P,0.6,
feature_5 <= 0.681 AND feature_0 > 0.685 AND feature_0 > 1.119 AND feature_9 > -1.07,2.408,0.09,1.45,3.86,4,0.71,0.46,2.471,3.0,0.62,CT on P,0.6,
feature_5 <= 0.681 AND feature_0 > 0.685 AND feature_0 > 1.119 AND feature_9 > -1.07 AND feature_5 > -0.163 AND feature_4 > -0.146,3.414,0.02,1.26,4.67,6,1.0,0.8,2.399,4.0,0.76,CT on P,0.8,
feature_5 <= 0.681 AND feature_0 <= 0.685 AND feature_1 > 0.138 AND feature_0 > -0.459 AND feature_7 > 0.664 AND feature_6 > 0.241,3.067,0.01,-0.03,3.04,6,0.9,0.72,1.419,5.0,0.45,CT on P,0.8,
feature_5 <= 0.681 AND feature_0 > 0.685 AND feature_0 > 1.119 AND feature_9 > -1.07 AND feature_5 > -0.163,2.985,0.04,1.1,4.08,5,0.87,0.71,2.414,3.0,0.77,CT on P,0.8,
feature_5 <= 0.681 AND feature_0 > 0.685 AND feature_0 > 1.119 AND feature_9 > -1.07 AND feature_5 <= -0.163 AND feature_3 <= -0.03,2.793,0.01,0.46,3.25,6,0.82,0.66,2.536,4.0,0.8,CT on P,0.8,
feature_5 <= 0.681 AND feature_0 > 0.685 AND feature_0 > 1.119 AND feature_9 > -1.07,2.408,0.09,1.45,3.86,4,0.71,0.58,2.471,3.0,0.8,CT on P,0.8,
feature_5 <= 0.681 AND feature_0 > 0.685 AND feature_0 > 1.119 AND feature_9 > -1.07 AND feature_5 > -0.163 AND feature_4 > -0.146,3.414,0.02,1.26,4.67,6,1.0,1.0,2.399,4.0,0.95,CT on P,1.0,
feature_5 <= 0.681 AND feature_0 <= 0.685 AND feature_1 > 0.138 AND feature_0 > -0.459 AND feature_7 > 0.664 AND feature_6 > 0.241,3.067,0.01,-0.03,3.04,6,0.9,0.9,1.419,5.0,0.56,CT on P,1.0,
feature_5 <= 0.681 AND feature_0 > 0.685 AND feature_0 > 1.119 AND feature_9 > -1.07 AND feature_5 > -0.163,2.985,0.04,1.1,4.08,5,0.87,0.87,2.414,3.0,0.95,CT on P,1.0,
feature_5 <= 0.681 AND feature_0 > 0.685 AND feature_0 > 1.119 AND feature_9 > -1.07 AND feature_5 <= -0.163 AND feature_3 <= -0.03,2.793,0.01,0.46,3.25,6,0.82,0.82,2.536,4.0,1.0,CT on P,1.0,
feature_5 <= 0.681 AND feature_0 > 0.685 AND feature_0 <= 1.119 AND feature_5 <= -0.923,2.467,0.02,0.56,3.03,4,0.72,0.72,1.745,2.0,0.69,CT on P,1.0,
feature_0 <= 1.567,0.658,0.69,,,1,0.01,0.69,0.683,1.0,0.69,CF,0.0,6.27
feature_0 <= 1.554,0.656,0.68,,,1,0.01,0.68,0.68,1.0,0.68,CF,0.0,6.27
feature_0 <= 1.348,0.814,0.67,,,1,0.01,0.67,0.632,1.0,0.67,CF,0.0,6.27
feature_0 <= 1.392,0.559,0.67,,,1,0.01,0.67,0.643,1.0,0.67,CF,0.0,6.27
feature_0 <= 1.168,0.509,0.65,,,1,0.01,0.65,0.577,1.0,0.65,CF,0.0,6.27
feature_0 <= 1.567,0.658,0.69,,,1,0.01,0.55,0.683,1.0,0.75,CF,0.2,6.27
feature_0 <= 1.554,0.656,0.68,,,1,0.01,0.55,0.68,1.0,0.74,CF,0.2,6.27
feature_0 <= 1.348,0.814,0.67,,,1,0.01,0.54,0.632,1.0,0.72,CF,0.2,6.27
feature_0 <= 1.392,0.559,0.67,,,1,0.01,0.54,0.643,1.0,0.72,CF,0.2,6.27
feature_0 <= 1.168,0.509,0.65,,,1,0.01,0.52,0.577,1.0,0.69,CF,0.2,6.27
feature_0 <= 1.567,0.658,0.69,,,1,0.01,0.42,0.683,1.0,0.69,CF,0.4,6.27
feature_0 <= 1.554,0.656,0.68,,,1,0.01,0.41,0.68,1.0,0.68,CF,0.4,6.27
feature_0 <= 1.348,0.814,0.67,,,1,0.01,0.41,0.632,1.0,0.66,CF,0.4,6.27
feature_0 <= 1.392,0.559,0.67,,,1,0.01,0.4,0.643,1.0,0.66,CF,0.4,6.27
feature_0 > -0.283 AND feature_4 > 1.436 AND feature_7 > 0.922 AND feature_0 <= 0.229,77.949,0.0,,,4,1.0,0.4,0.983,3.0,0.4,CF,0.4,6.27
feature_0 > -0.283 AND feature_4 > 1.436 AND feature_7 > 0.922 AND feature_0 <= 0.229,77.949,0.0,,,4,1.0,0.6,0.983,3.0,0.6,CF,0.6,6.27
feature_0 <= 1.567,0.658,0.69,,,1,0.01,0.28,0.683,1.0,0.69,CF,0.6,6.27
feature_0 <= 1.554,0.656,0.68,,,1,0.01,0.28,0.68,1.0,0.69,CF,0.6,6.27
feature_0 <= 1.348,0.814,0.67,,,1,0.01,0.27,0.632,1.0,0.65,CF,0.6,6.27
feature_0 <= 1.392,0.559,0.67,,,1,0.01,0.27,0.643,1.0,0.66,CF,0.6,6.27
feature_0 > -0.283 AND feature_4 > 1.436 AND feature_7 > 0.922 AND feature_0 <= 0.229,77.949,0.0,,,4,1.0,0.8,0.983,3.0,0.62,CF,0.8,6.27
feature_0 <= 0.108 AND feature_2 > 0.237 AND feature_0 <= -1.755 AND feature_8 > 0.874,18.881,0.0,,,4,0.24,0.19,1.275,3.0,0.8,CF,0.8,6.27
feature_0 <= 1.567,0.658,0.69,,,1,0.01,0.14,0.683,1.0,0.57,CF,0.8,6.27
feature_0 <= 1.554,0.656,0.68,,,1,0.01,0.14,0.68,1.0,0.56,CF,0.8,6.27
feature_0 <= 1.348,0.814,0.67,,,1,0.01,0.14,0.632,1.0,0.53,CF,0.8,6.27
feature_0 > -0.283 AND feature_4 > 1.436 AND feature_7 > 0.922 AND feature_0 <= 0.229,77.949,0.0,,,4,1.0,1.0,0.983,3.0,0.31,CF,1.0,6.27
feature_0 <= 0.108 AND feature_2 > 0.237 AND feature_0 <= -1.755 AND feature_8 > 0.874,18.881,0.0,,,4,0.24,0.24,1.275,3.0,0.41,CF,1.0,6.27
feature_0 > 0.817 AND feature_3 > 0.366 AND feature_2 <= -1.229 AND feature_1 <= -0.171,6.743,0.01,,,4,0.09,0.09,1.799,4.0,0.57,CF,1.0,6.27
feature_0 > 0.115 AND feature_1 > 1.404 AND feature_3 > 0.478 AND feature_8 <= 0.228,5.269,0.01,,,4,0.07,0.07,3.143,4.0,1.0,CF,1.0,6.27
feature_0 > 0.827 AND feature_1 <= 1.06 AND feature_0 <= 1.524 AND feature_8 > 1.567,5.018,0.01,,,4,0.06,0.06,1.788,3.0,0.57,CF,1.0,6.27
feature_0 > -0.201,1.243,0.47,,,1,0.52,0.47,1.511,1.0,0.47,CF SingleTree,0.0,0.58
feature_0 <= -0.201,0.055,0.36,,,1,0.02,0.36,0.143,1.0,0.36,CF SingleTree,0.0,0.58
feature_0 > -0.201 AND feature_0 <= 0.959,0.99,0.35,,,2,0.41,0.35,1.164,1.0,0.35,CF SingleTree,0.0,0.58
feature_0 > -0.201 AND feature_0 <= 0.959 AND feature_1 <= 1.044,0.908,0.31,,,3,0.38,0.31,0.996,2.0,0.31,CF SingleTree,0.0,0.58
feature_0 <= -0.201 AND feature_0 <= -0.509,0.163,0.27,,,2,0.07,0.27,0.354,1.0,0.27,CF SingleTree,0.0,0.58
feature_0 > -0.201,1.243,0.47,,,1,0.52,0.48,1.511,1.0,0.5,CF SingleTree,0.2,0.58
feature_0 > -0.201 AND feature_0 <= 0.959,0.99,0.35,,,2,0.41,0.36,1.164,1.0,0.38,CF SingleTree,0.2,0.58
feature_0 > -0.201 AND feature_0 <= 0.959 AND feature_1 <= 1.044,0.908,0.31,,,3,0.38,0.32,0.996,2.0,0.33,CF SingleTree,0.2,0.58
feature_0 <= -0.201,0.055,0.36,,,1,0.02,0.29,0.143,1.0,0.3,CF SingleTree,0.2,0.58
feature_0 > -0.201 AND feature_0 > 0.959,1.854,0.16,,,2,0.77,0.28,2.35,1.0,0.33,CF SingleTree,0.2,0.58
feature_0 > -0.201,1.243,0.47,,,1,0.52,0.49,1.511,1.0,0.44,CF SingleTree,0.4,0.58
feature_0 > -0.201 AND feature_0 > 0.959 AND feature_0 > 1.539 AND feature_1 > 1.067,2.394,0.01,,,4,1.0,0.41,3.795,2.0,0.41,CF SingleTree,0.4,0.58
feature_0 > -0.201 AND feature_0 > 0.959,1.854,0.16,,,2,0.77,0.41,2.35,1.0,0.34,CF SingleTree,0.4,0.58
feature_0 > -0.201 AND feature_0 > 0.959 AND feature_0 > 1.539,2.095,0.06,,,3,0.88,0.39,2.839,1.0,0.34,CF SingleTree,0.4,0.58
feature_0 > -0.201 AND feature_0 > 0.959 AND feature_0 <= 1.539 AND feature_1 > 1.101,2.222,0.02,,,4,0.93,0.38,3.029,2.0,0.33,CF SingleTree,0.4,0.58
feature_0 > -0.201 AND feature_0 > 0.959 AND feature_0 > 1.539 AND feature_1 > 1.067,2.394,0.01,,,4,1.0,0.6,3.795,2.0,0.6,CF SingleTree,0.6,0.58
feature_0 > -0.201 AND feature_0 > 0.959 AND feature_0 <= 1.539 AND feature_1 > 1.101,2.222,0.02,,,4,0.93,0.56,3.029,2.0,0.49,CF SingleTree,0.6,0.58
feature_0 > -0.201 AND feature_0 > 0.959 AND feature_0 > 1.539,2.095,0.06,,,3,0.88,0.55,2.839,1.0,0.47,CF SingleTree,0.6,0.58
feature_0 > -0.201 AND feature_0 > 0.959 AND feature_0 > 1.539 AND feature_1 <= 1.067,2.035,0.05,,,4,0.85,0.53,2.65,2.0,0.44,CF SingleTree,0.6,0.58
feature_0 > -0.201 AND feature_0 > 0.959,1.854,0.16,,,2,0.77,0.53,2.35,1.0,0.44,CF SingleTree,0.6,0.58
feature_0 > -0.201 AND feature_0 > 0.959 AND feature_0 > 1.539 AND feature_1 > 1.067,2.394,0.01,,,4,1.0,0.8,3.795,2.0,0.8,CF SingleTree,0.8,0.58
feature_0 > -0.201 AND feature_0 > 0.959 AND feature_0 <= 1.539 AND feature_1 > 1.101,2.222,0.02,,,4,0.93,0.75,3.029,2.0,0.64,CF SingleTree,0.8,0.58
feature_0 > -0.201 AND feature_0 > 0.959 AND feature_0 > 1.539,2.095,0.06,,,3,0.88,0.71,2.839,1.0,0.61,CF SingleTree,0.8,0.58
feature_0 > -0.201 AND feature_0 > 0.959 AND feature_0 > 1.539 AND feature_1 <= 1.067,2.035,0.05,,,4,0.85,0.69,2.65,2.0,0.57,CF SingleTree,0.8,0.58
feature_0 > -0.201 AND feature_0 > 0.959,1.854,0.16,,,2,0.77,0.65,2.35,1.0,0.53,CF SingleTree,0.8,0.58
feature_0 > -0.201 AND feature_0 > 0.959 AND feature_0 > 1.539 AND feature_1 > 1.067,2.394,0.01,,,4,1.0,1.0,3.795,2.0,1.0,CF SingleTree,1.0,0.58
feature_0 > -0.201 AND feature_0 > 0.959 AND feature_0 <= 1.539 AND feature_1 > 1.101,2.222,0.02,,,4,0.93,0.93,3.029,2.0,0.8,CF SingleTree,1.0,0.58
feature_0 > -0.201 AND feature_0 > 0.959 AND feature_0 > 1.539,2.095,0.06,,,3,0.88,0.88,2.839,1.0,0.75,CF SingleTree,1.0,0.58
feature_0 > -0.201 AND feature_0 > 0.959 AND feature_0 > 1.539 AND feature_1 <= 1.067,2.035,0.05,,,4,0.85,0.85,2.65,2.0,0.7,CF SingleTree,1.0,0.58
feature_0 > -0.201 AND feature_0 > 0.959,1.854,0.16,,,2,0.77,0.77,2.35,1.0,0.62,CF SingleTree,1.0,0.58
