condition,t_est,distance,T0,T1,depth,norm_cate,score,t,features,true_score,algorithm,sigma,execution_time
feature_2 > -1.159 AND feature_0 > -0.023 AND feature_0 > 0.844 AND feature_1 > 0.214 AND feature_0 > 1.399 AND feature_5 <= 0.059,3.378,0.02,1.59,4.97,6,1.0,0.61,3.13,4.0,0.61,CT on D,0.5,
feature_2 > -1.159 AND feature_0 > -0.023 AND feature_0 > 0.844 AND feature_1 > 0.214 AND feature_0 > 1.399,3.17,0.03,1.63,4.8,5,0.94,0.58,3.06,3.0,0.6,CT on D,0.5,
feature_2 > -1.159 AND feature_0 > -0.023 AND feature_0 > 0.844 AND feature_1 > 0.214 AND feature_0 <= 1.399 AND feature_1 > 1.052,2.917,0.02,1.73,4.65,6,0.86,0.53,2.83,3.0,0.55,CT on D,0.5,
feature_2 > -1.159 AND feature_0 > -0.023 AND feature_0 > 0.844 AND feature_1 > 0.214 AND feature_0 > 1.399 AND feature_5 > 0.059,2.923,0.01,1.67,4.59,6,0.87,0.52,2.977,4.0,0.57,CT on D,0.5,
feature_2 > -1.159 AND feature_0 > -0.023 AND feature_0 > 0.844 AND feature_1 > 0.214,2.762,0.08,1.45,4.21,4,0.82,0.52,2.643,3.0,0.54,CT on D,0.5,
feature_0 <= 2.171 AND feature_0 > 0.014 AND feature_0 > 1.219 AND feature_1 > 0.231 AND feature_5 <= 0.375 AND feature_1 > 0.79,3.724,0.01,1.55,5.27,6,1.0,0.6,3.159,3.0,0.58,CT on P,0.5,
feature_0 <= 2.171 AND feature_0 > 0.014 AND feature_0 > 1.219 AND feature_1 > 0.231 AND feature_5 <= 0.375,3.332,0.02,1.32,4.65,5,0.89,0.54,2.849,3.0,0.53,CT on P,0.5,
feature_0 > 2.171,3.326,0.01,1.32,4.64,1,0.89,0.54,3.275,1.0,0.6,CT on P,0.5,
feature_0 <= 2.171,0.759,0.99,1.04,1.8,1,0.2,0.52,0.762,1.0,0.54,CT on P,0.5,
feature_0 <= 2.171 AND feature_0 > 0.014 AND feature_0 > 1.219 AND feature_1 > 0.231,3.078,0.04,1.43,4.51,4,0.83,0.51,2.84,2.0,0.54,CT on P,0.5,
feature_0 > 0.444 AND feature_1 > 0.782 AND feature_2 <= -0.926 AND feature_0 <= 0.62,6.294,0.0,,,4,1.0,0.6,2.17,3.0,0.34,CF,0.5,4.65
feature_0 > -0.131 AND feature_1 > 0.757 AND feature_0 > 1.086 AND feature_1 > 1.298,4.509,0.01,,,4,0.72,0.43,3.433,2.0,0.54,CF,0.5,4.65
feature_0 > 0.35 AND feature_1 > 0.198 AND feature_0 > 1.352 AND feature_1 > 1.418,4.468,0.01,,,4,0.71,0.43,3.777,2.0,0.59,CF,0.5,4.65
feature_0 > 0.335 AND feature_1 > 0.288 AND feature_0 > 1.494 AND feature_1 > 1.439,4.36,0.0,,,4,0.69,0.42,3.877,2.0,0.6,CF,0.5,4.65
feature_0 > 0.332 AND feature_1 > 0.559 AND feature_2 <= -0.217 AND feature_1 > 1.97,4.022,0.0,,,4,0.64,0.38,3.367,3.0,0.52,CF,0.5,4.65
feature_0 > -0.011 AND feature_0 > 0.889 AND feature_1 > 0.221 AND feature_0 > 1.227,2.628,0.04,,,4,1.0,0.62,2.946,2.0,0.62,CF SingleTree,0.5,0.62
feature_0 > -0.011 AND feature_0 > 0.889 AND feature_1 > 0.221,2.462,0.08,,,3,0.94,0.59,2.683,2.0,0.58,CF SingleTree,0.5,0.62
feature_0 > -0.011 AND feature_0 > 0.889,2.096,0.18,,,2,0.8,0.55,2.24,1.0,0.53,CF SingleTree,0.5,0.62
feature_0 > -0.011,1.522,0.45,,,1,0.58,0.53,1.595,1.0,0.5,CF SingleTree,0.5,0.62
feature_0 > -0.011 AND feature_0 > 0.889 AND feature_1 > 0.221 AND feature_0 <= 1.227,2.25,0.03,,,4,0.86,0.53,2.344,2.0,0.49,CF SingleTree,0.5,0.62
feature_8 <= 0.311 AND feature_0 > -2.099 AND feature_0 > -0.189 AND feature_0 > 0.718 AND feature_1 > 0.763 AND feature_0 > 1.244,3.479,0.01,1.78,5.26,6,1.0,0.6,3.285,3.0,0.6,CT on D,0.5,
feature_8 <= 0.311 AND feature_0 > -2.099 AND feature_0 > -0.189 AND feature_0 > 0.718 AND feature_1 > 0.763,3.092,0.03,1.62,4.71,5,0.89,0.55,2.883,3.0,0.54,CT on D,0.5,
feature_8 > 0.311 AND feature_2 <= 0.484 AND feature_3 <= 0.576 AND feature_4 > -1.572 AND feature_0 > -0.122 AND feature_1 > 1.186,2.796,0.01,1.33,4.12,6,0.8,0.49,2.535,6.0,0.47,CT on D,0.5,
feature_8 <= 0.311 AND feature_0 > -2.099 AND feature_0 > -0.189 AND feature_0 > 0.718 AND feature_1 > 0.763 AND feature_0 <= 1.244,2.772,0.02,1.48,4.25,6,0.8,0.49,2.552,3.0,0.47,CT on D,0.5,
feature_8 <= 0.311 AND feature_0 > -2.099 AND feature_0 > -0.189 AND feature_0 > 0.718,2.149,0.15,0.98,3.12,4,0.62,0.43,2.096,2.0,0.44,CT on D,0.5,
feature_8 <= 0.372 AND feature_0 <= 1.979 AND feature_0 > -0.417 AND feature_1 > 0.527 AND feature_0 > 0.854 AND feature_5 > 0.351,3.337,0.01,1.41,4.75,6,1.0,0.6,2.695,4.0,0.52,CT on P,0.5,
feature_8 <= 0.372 AND feature_0 > 1.979,3.102,0.02,1.5,4.6,2,0.93,0.57,3.146,2.0,0.61,CT on P,0.5,
feature_8 <= 0.372 AND feature_0 <= 1.979 AND feature_0 > -0.417 AND feature_1 > 0.527 AND feature_0 > 0.854,2.84,0.04,1.56,4.4,5,0.85,0.53,2.696,3.0,0.53,CT on P,0.5,
feature_8 <= 0.372 AND feature_0 <= 1.979 AND feature_0 > -0.417 AND feature_1 > 0.527 AND feature_0 > 0.854 AND feature_5 <= 0.351,2.512,0.02,1.66,4.18,6,0.75,0.46,2.696,4.0,0.52,CT on P,0.5,
feature_8 <= 0.372 AND feature_0 <= 1.979 AND feature_0 > -0.417 AND feature_1 > 0.527 AND feature_0 <= 0.854 AND feature_1 > 1.4,2.42,0.03,1.38,3.8,6,0.73,0.45,2.174,3.0,0.43,CT on P,0.5,
feature_0 > -0.199 AND feature_1 > 0.631 AND feature_0 > 1.185 AND feature_1 > 1.897,5.212,0.0,,,4,1.0,0.6,3.95,2.0,0.57,CF,0.5,5.17
feature_0 > 0.024 AND feature_1 > 0.756 AND feature_2 <= -0.481 AND feature_0 > 1.696,4.976,0.0,,,4,0.95,0.57,3.645,3.0,0.52,CF,0.5,5.17
feature_0 > 0.424 AND feature_1 > 1.108 AND feature_1 > 2.181 AND feature_0 > 1.246,4.901,0.0,,,4,0.94,0.56,4.189,2.0,0.6,CF,0.5,5.17
feature_0 > -0.09 AND feature_1 > 0.47 AND feature_1 > 1.713 AND feature_0 > 1.467,4.897,0.0,,,4,0.94,0.56,4.122,2.0,0.59,CF,0.5,5.17
feature_0 > -0.162 AND feature_1 > 1.094 AND feature_0 > 1.717,4.859,0.01,,,3,0.93,0.56,3.962,2.0,0.57,CF,0.5,5.17
feature_0 > -0.141 AND feature_0 > 1.047 AND feature_1 > 0.584 AND feature_0 > 1.244,2.847,0.03,,,4,1.0,0.61,3.218,2.0,0.61,CF SingleTree,0.5,0.55
feature_0 > -0.141 AND feature_0 > 1.047 AND feature_1 > 0.584,2.722,0.04,,,3,0.96,0.59,3.04,2.0,0.58,CF SingleTree,0.5,0.55
feature_0 > -0.141 AND feature_0 > 1.047,2.191,0.15,,,2,0.77,0.52,2.361,1.0,0.5,CF SingleTree,0.5,0.55
feature_0 > -0.141 AND feature_0 > 1.047 AND feature_1 > 0.584 AND feature_0 <= 1.244,2.435,0.01,,,4,0.86,0.52,2.633,2.0,0.49,CF SingleTree,0.5,0.55
feature_0 > -0.141,1.465,0.52,,,1,0.51,0.52,1.537,1.0,0.49,CF SingleTree,0.5,0.55
feature_3 > -0.969 AND feature_0 > 0.023 AND feature_0 > 1.171 AND feature_1 > 1.262,3.533,0.01,2.27,5.8,4,1.0,0.6,3.585,3.0,0.6,CT on D,0.5,
feature_3 > -0.969 AND feature_0 > 0.023 AND feature_0 > 1.171 AND feature_1 <= 1.262 AND feature_1 > -0.27 AND feature_0 > 1.908,2.898,0.01,1.82,4.72,6,0.82,0.5,3.186,3.0,0.54,CT on D,0.5,
feature_3 > -0.969 AND feature_0 > 0.023 AND feature_0 <= 1.171 AND feature_1 > 0.177 AND feature_4 <= 0.374 AND feature_1 > 1.293,2.649,0.01,1.29,3.94,6,0.75,0.45,2.45,4.0,0.41,CT on D,0.5,
feature_3 > -0.969 AND feature_0 > 0.023 AND feature_0 > 1.171 AND feature_1 <= 1.262 AND feature_1 > -0.27,2.484,0.05,1.55,4.04,5,0.7,0.44,2.615,3.0,0.46,CT on D,0.5,
feature_3 > -0.969 AND feature_0 > 0.023 AND feature_0 > 1.171,2.349,0.09,1.31,3.65,3,0.66,0.43,2.488,2.0,0.45,CT on D,0.5,
feature_7 <= 1.107 AND feature_0 > 0.126 AND feature_0 > 0.986 AND feature_5 > 0.787,2.932,0.03,1.2,4.13,4,1.0,0.61,2.327,3.0,0.46,CT on P,0.5,
feature_7 <= 1.107 AND feature_0 > 0.126 AND feature_0 > 0.986 AND feature_5 <= 0.787 AND feature_1 > 0.178 AND feature_0 > 1.319,2.857,0.02,2.15,5.01,6,0.97,0.59,3.096,4.0,0.61,CT on P,0.5,
feature_7 <= 1.107 AND feature_0 > 0.126 AND feature_0 > 0.986,2.353,0.14,1.44,3.8,3,0.8,0.54,2.344,2.0,0.51,CT on P,0.5,
feature_7 <= 1.107 AND feature_0 > 0.126 AND feature_0 > 0.986 AND feature_5 <= 0.787 AND feature_1 > 0.178,2.481,0.05,2.11,4.59,5,0.85,0.53,2.808,4.0,0.56,CT on P,0.5,
feature_7 <= 1.107,0.793,0.86,1.37,2.17,1,0.27,0.51,0.803,1.0,0.5,CT on P,0.5,
feature_0 > 0.257 AND feature_1 > 1.056 AND feature_0 > 1.43 AND feature_3 <= -0.698,9.904,0.0,,,4,1.0,0.6,3.856,3.0,0.54,CF,0.5,6.15
feature_0 > 0.181 AND feature_1 > 1.262 AND feature_0 > 1.587 AND feature_3 <= 0.285,5.793,0.0,,,4,0.58,0.35,4.053,3.0,0.57,CF,0.5,6.15
feature_0 > 0.175 AND feature_1 > 0.791 AND feature_0 > 1.737 AND feature_7 > 0.337,5.72,0.0,,,4,0.58,0.35,3.836,3.0,0.54,CF,0.5,6.15
feature_0 > -0.083 AND feature_1 > 1.234 AND feature_0 > 1.261 AND feature_8 <= -0.835,5.047,0.0,,,4,0.51,0.31,3.806,3.0,0.54,CF,0.5,6.15
feature_0 > 0.151 AND feature_1 > 1.254 AND feature_0 > 1.77 AND feature_9 > -0.212,4.897,0.0,,,4,0.49,0.3,4.267,3.0,0.6,CF,0.5,6.15
feature_0 > -0.08 AND feature_0 > 0.908 AND feature_1 > 0.778 AND feature_0 > 1.336,2.899,0.02,,,4,1.0,0.61,3.45,2.0,0.61,CF SingleTree,0.5,0.56
feature_0 > -0.08 AND feature_0 > 0.908 AND feature_1 > 0.778,2.626,0.04,,,3,0.91,0.56,3.085,2.0,0.55,CF SingleTree,0.5,0.56
feature_0 > -0.08 AND feature_0 > 0.908 AND feature_1 > 0.778 AND feature_0 <= 1.336,2.326,0.02,,,4,0.8,0.49,2.682,2.0,0.47,CF SingleTree,0.5,0.56
feature_0 > -0.08 AND feature_0 > 0.908,2.04,0.15,,,2,0.7,0.48,2.276,1.0,0.46,CF SingleTree,0.5,0.56
feature_0 > -0.08 AND feature_0 <= 0.908 AND feature_1 > 1.102 AND feature_1 > 1.473,2.195,0.02,,,4,0.76,0.46,2.445,2.0,0.43,CF SingleTree,0.5,0.56
feature_4 > -1.673 AND feature_0 > 1.49 AND feature_1 > 1.028,3.32,0.01,2.26,5.58,3,1.0,0.6,3.706,3.0,0.6,CT on D,0.5,
feature_4 > -1.673 AND feature_0 > 1.49 AND feature_1 <= 1.028 AND feature_0 > 2.044,3.241,0.01,1.14,4.38,4,0.98,0.59,3.033,3.0,0.5,CT on D,0.5,
feature_4 > -1.673 AND feature_0 > 1.49,2.686,0.06,1.22,3.9,2,0.81,0.51,2.703,2.0,0.46,CT on D,0.5,
feature_4 > -1.673 AND feature_0 > 1.49 AND feature_1 <= 1.028 AND feature_0 <= 2.044 AND feature_5 > -0.317 AND feature_0 > 1.698,2.772,0.01,0.84,3.62,6,0.83,0.5,2.488,4.0,0.41,CT on D,0.5,
feature_4 > -1.673 AND feature_0 > 1.49 AND feature_1 <= 1.028,2.595,0.05,1.03,3.63,3,0.78,0.49,2.53,3.0,0.43,CT on D,0.5,
feature_9 > -1.975 AND feature_0 > 0.29 AND feature_0 > 1.494 AND feature_0 > 2.015,3.405,0.02,1.3,4.71,4,1.0,0.61,3.196,2.0,0.61,CT on P,0.5,
feature_9 > -1.975 AND feature_0 > 0.29 AND feature_0 > 1.494 AND feature_0 <= 2.015 AND feature_8 > -0.499 AND feature_8 <= 0.348,3.174,0.02,0.67,3.84,6,0.93,0.57,2.495,3.0,0.48,CT on P,0.5,
feature_9 > -1.975,0.819,0.98,0.77,1.59,1,0.24,0.54,0.816,1.0,0.55,CT on P,0.5,
feature_9 > -1.975 AND feature_0 > 0.29 AND feature_0 > 1.494,2.767,0.07,1.13,3.9,3,0.81,0.52,2.709,2.0,0.54,CT on P,0.5,
feature_9 > -1.975 AND feature_0 > 0.29 AND feature_0 > 1.494 AND feature_0 <= 2.015 AND feature_8 > -0.499,2.727,0.04,0.99,3.72,5,0.8,0.5,2.521,3.0,0.49,CT on P,0.5,
feature_0 <= -0.218 AND feature_0 <= -1.138 AND feature_1 <= -1.356 AND feature_9 > 0.455,11.468,0.0,,,4,1.0,0.6,1.428,3.0,0.22,CF,0.5,5.09
feature_0 > 0.158 AND feature_1 > 0.705 AND feature_0 > 1.1 AND feature_1 > 1.788,5.715,0.0,,,4,0.5,0.3,3.962,2.0,0.6,CF,0.5,5.09
feature_0 > -0.561,1.286,0.57,,,1,0.11,0.3,1.303,1.0,0.43,CF,0.5,5.09
feature_0 > -0.571,1.271,0.57,,,1,0.11,0.29,1.296,1.0,0.42,CF,0.5,5.09
feature_0 > -0.407,1.385,0.54,,,1,0.12,0.29,1.379,1.0,0.42,CF,0.5,5.09
feature_0 > -0.016 AND feature_0 > 0.967 AND feature_1 > 0.523 AND feature_0 > 1.204,2.895,0.03,,,4,1.0,0.61,3.156,2.0,0.61,CF SingleTree,0.5,0.52
feature_0 > -0.016 AND feature_0 > 0.967 AND feature_1 > 0.523,2.764,0.05,,,3,0.95,0.59,2.962,2.0,0.58,CF SingleTree,0.5,0.52
feature_0 > -0.016 AND feature_0 > 0.967 AND feature_1 > 0.523 AND feature_0 <= 1.204,2.484,0.02,,,4,0.86,0.52,2.546,2.0,0.49,CF SingleTree,0.5,0.52
feature_0 > -0.016 AND feature_0 > 0.967,2.141,0.15,,,2,0.74,0.5,2.305,1.0,0.5,CF SingleTree,0.5,0.52
feature_0 > -0.016,1.516,0.43,,,1,0.52,0.49,1.611,1.0,0.48,CF SingleTree,0.5,0.52
feature_8 > -1.455 AND feature_0 > -0.63 AND feature_0 > 0.711 AND feature_0 > 1.181 AND feature_1 > 0.76 AND feature_1 > 1.173,3.997,0.01,2.09,6.09,6,1.0,0.6,3.612,3.0,0.6,CT on D,0.5,
feature_8 > -1.455 AND feature_0 > -0.63 AND feature_0 > 0.711 AND feature_0 > 1.181 AND feature_1 > 0.76,3.57,0.02,1.76,5.33,5,0.89,0.54,3.233,3.0,0.55,CT on D,0.5,
feature_8 > -1.455 AND feature_0 > -0.63 AND feature_0 > 0.711 AND feature_0 > 1.181 AND feature_1 <= 0.76 AND feature_0 > 2.212,3.264,0.01,1.08,4.35,6,0.82,0.49,3.084,3.0,0.52,CT on D,0.5,
feature_8 > -1.455 AND feature_0 > -0.63 AND feature_0 > 0.711 AND feature_0 > 1.181 AND feature_1 > 0.76 AND feature_1 <= 1.173,3.184,0.01,1.45,4.64,6,0.8,0.48,2.892,3.0,0.48,CT on D,0.5,
feature_8 > -1.455,0.791,0.83,0.99,1.78,1,0.2,0.45,0.804,1.0,0.47,CT on D,0.5,
feature_8 > -0.726 AND feature_0 > -0.477 AND feature_0 > 1.016 AND feature_1 > 0.612 AND feature_0 > 1.431,3.715,0.02,1.6,5.32,5,1.0,0.61,3.333,3.0,0.61,CT on P,0.5,
feature_8 > -0.726 AND feature_0 > -0.477 AND feature_0 > 1.016 AND feature_1 > 0.612,3.161,0.03,1.6,4.76,4,0.85,0.52,3.026,3.0,0.56,CT on P,0.5,
feature_8 > -0.726 AND feature_0 > -0.477 AND feature_0 > 1.016 AND feature_1 <= 0.612 AND feature_0 > 1.293 AND feature_3 <= -0.701,2.861,0.02,0.14,3.0,6,0.77,0.47,2.368,4.0,0.43,CT on P,0.5,
feature_8 > -0.726 AND feature_0 > -0.477 AND feature_0 > 1.016,2.402,0.12,0.86,3.26,3,0.65,0.44,2.343,2.0,0.47,CT on P,0.5,
feature_8 > -0.726,0.775,0.77,0.85,1.62,1,0.21,0.43,0.807,1.0,0.45,CT on P,0.5,
feature_0 <= 0.179 AND feature_1 <= -1.104 AND feature_0 <= -1.788 AND feature_1 > -1.448,27.585,0.0,,,4,1.0,0.6,2.051,2.0,0.6,CF,0.5,5.46
feature_0 <= 0.792,0.417,0.72,,,1,0.02,0.3,0.419,1.0,0.41,CF,0.5,5.46
feature_0 <= 0.706,0.406,0.7,,,1,0.01,0.29,0.381,1.0,0.39,CF,0.5,5.46
feature_0 > -0.462,1.416,0.62,,,1,0.05,0.28,1.339,1.0,0.64,CF,0.5,5.46
feature_0 > -0.462,1.295,0.62,,,1,0.05,0.28,1.339,1.0,0.64,CF,0.5,5.46
feature_0 > -0.164 AND feature_0 > 1.05 AND feature_1 > 0.534 AND feature_1 > 1.054,2.948,0.02,,,4,1.0,0.61,3.364,2.0,0.61,CF SingleTree,0.5,0.54
feature_0 > -0.164 AND feature_0 > 1.05 AND feature_1 > 0.534,2.736,0.04,,,3,0.93,0.57,3.005,2.0,0.55,CF SingleTree,0.5,0.54
feature_0 > -0.164 AND feature_0 > 1.05 AND feature_1 > 0.534 AND feature_1 <= 1.054,2.555,0.02,,,4,0.87,0.53,2.701,2.0,0.49,CF SingleTree,0.5,0.54
feature_0 > -0.164 AND feature_0 > 1.05,2.248,0.14,,,2,0.76,0.51,2.376,1.0,0.48,CF SingleTree,0.5,0.54
feature_0 > -0.164,1.44,0.52,,,1,0.49,0.5,1.506,1.0,0.48,CF SingleTree,0.5,0.54
feature_2 > -1.712 AND feature_0 > 0.369 AND feature_1 > 0.788 AND feature_0 > 1.582,3.893,0.01,2.01,5.91,4,1.0,0.6,3.597,3.0,0.6,CT on D,0.5,
feature_2 > -1.712 AND feature_0 > 0.369 AND feature_1 > 0.788 AND feature_0 <= 1.582 AND feature_0 > 0.758 AND feature_1 > 1.536,3.316,0.01,2.2,5.51,6,0.85,0.52,3.227,3.0,0.54,CT on D,0.5,
feature_2 > -1.712 AND feature_0 > 0.369 AND feature_1 > 0.788 AND feature_0 <= 1.582 AND feature_0 > 0.758,2.973,0.04,1.61,4.58,5,0.76,0.47,2.708,3.0,0.47,CT on D,0.5,
feature_2 > -1.712 AND feature_0 > 0.369 AND feature_1 > 0.788,2.892,0.07,1.61,4.51,3,0.74,0.47,2.673,3.0,0.47,CT on D,0.5,
feature_2 > -1.712 AND feature_0 > 0.369 AND feature_1 > 0.788 AND feature_0 <= 1.582 AND feature_0 > 0.758 AND feature_1 <= 1.536,2.843,0.03,1.39,4.23,6,0.73,0.45,2.511,3.0,0.43,CT on D,0.5,
feature_0 > 0.476 AND feature_1 > 1.578,3.578,0.02,1.82,5.39,2,1.0,0.61,3.304,2.0,0.61,CT on P,0.5,
feature_0 > 0.476 AND feature_1 <= 1.578 AND feature_0 > 1.815,3.028,0.03,0.78,3.81,3,0.85,0.52,2.926,2.0,0.54,CT on P,0.5,
feature_0 > 0.476,1.937,0.32,0.63,2.57,1,0.54,0.45,1.953,1.0,0.48,CT on P,0.5,
feature_0 > 0.476 AND feature_1 <= 1.578,1.837,0.3,0.56,2.4,2,0.51,0.43,1.87,2.0,0.46,CT on P,0.5,
feature_0 > 0.476 AND feature_1 <= 1.578 AND feature_0 <= 1.815 AND feature_1 > -1.092 AND feature_6 > 0.784 AND feature_1 > 0.434,2.396,0.02,0.95,3.34,6,0.67,0.41,2.308,3.0,0.43,CT on P,0.5,
feature_0 > 0.342 AND feature_1 > 0.536 AND feature_1 > 1.892 AND feature_0 > 1.314,6.315,0.0,,,4,1.0,0.6,4.256,2.0,0.6,CF,0.5,7.02
feature_0 > 0.272 AND feature_1 <= 0.523 AND feature_0 > 1.573 AND feature_0 > 2.656,4.786,0.0,,,4,0.76,0.45,3.588,2.0,0.51,CF,0.5,7.02
feature_0 > 0.089 AND feature_1 > 0.71 AND feature_1 > 1.881 AND feature_2 > -0.028,4.696,0.01,,,4,0.74,0.45,3.353,3.0,0.48,CF,0.5,7.02
feature_0 > -0.462 AND feature_1 > 1.307 AND feature_1 > 2.076 AND feature_0 > 0.897,4.684,0.0,,,4,0.74,0.45,3.992,2.0,0.56,CF,0.5,7.02
feature_0 > -0.083 AND feature_1 > 0.456 AND feature_0 > 0.644 AND feature_1 > 1.787,4.595,0.01,,,4,0.73,0.44,3.533,2.0,0.5,CF,0.5,7.02
feature_0 > 0.064 AND feature_1 > 0.556 AND feature_0 > 0.849 AND feature_1 > 1.579,3.147,0.01,,,4,1.0,0.6,3.575,2.0,0.6,CF SingleTree,0.5,0.55
feature_0 > 0.064 AND feature_1 > 0.556 AND feature_0 > 0.849,2.589,0.06,,,3,0.82,0.52,2.865,2.0,0.5,CF SingleTree,0.5,0.55
feature_0 > 0.064 AND feature_1 > 0.556 AND feature_0 > 0.849 AND feature_1 <= 1.579,2.458,0.05,,,4,0.78,0.49,2.697,2.0,0.47,CF SingleTree,0.5,0.55
feature_0 > 0.064 AND feature_1 <= 0.556 AND feature_0 > 1.508 AND feature_0 > 1.809,2.385,0.02,,,4,0.76,0.46,2.737,2.0,0.47,CF SingleTree,0.5,0.55
feature_0 > 0.064 AND feature_1 > 0.556,2.143,0.13,,,2,0.68,0.46,2.318,2.0,0.44,CF SingleTree,0.5,0.55
feature_1 > -1.131 AND feature_0 > 0.426 AND feature_0 > 1.021 AND feature_1 > 1.39,3.505,0.01,2.02,5.53,4,1.0,0.6,3.547,2.0,0.6,CT on D,0.5,
feature_1 > -1.131 AND feature_0 > 0.426 AND feature_0 <= 1.021 AND feature_1 > 1.117 AND feature_1 > 1.53,3.092,0.01,1.69,4.79,5,0.88,0.53,2.851,2.0,0.49,CT on D,0.5,
feature_1 > -1.131 AND feature_0 > 0.426 AND feature_0 > 1.021 AND feature_1 <= 1.39 AND feature_5 <= 0.393 AND feature_7 <= -0.409,2.926,0.03,0.85,3.78,6,0.83,0.51,2.264,4.0,0.39,CT on D,0.5,
feature_1 > -1.131 AND feature_0 > 0.426 AND feature_0 > 1.021,2.554,0.13,1.11,3.66,3,0.73,0.49,2.41,2.0,0.46,CT on D,0.5,
feature_1 > -1.131 AND feature_0 > 0.426 AND feature_0 > 1.021 AND feature_1 <= 1.39 AND feature_5 <= 0.393,2.634,0.08,0.93,3.57,5,0.75,0.48,2.291,3.0,0.42,CT on D,0.5,
feature_2 <= 0.812 AND feature_0 > 1.188 AND feature_5 <= 1.173 AND feature_5 <= 0.652 AND feature_7 <= -0.975,3.309,0.01,0.74,4.05,5,1.0,0.6,2.45,4.0,0.6,CT on P,0.5,
feature_2 <= 0.812 AND feature_0 > 1.188 AND feature_5 <= 1.173 AND feature_5 <= 0.652 AND feature_7 > -0.975 AND feature_6 > 0.115,2.967,0.03,0.87,3.84,6,0.9,0.55,2.466,5.0,0.61,CT on P,0.5,
feature_2 <= 0.812 AND feature_0 > 1.188 AND feature_5 <= 1.173 AND feature_5 <= 0.652,2.832,0.08,0.87,3.7,4,0.86,0.55,2.446,3.0,0.63,CT on P,0.5,
feature_2 <= 0.812 AND feature_0 > 1.188 AND feature_5 <= 1.173,2.726,0.09,0.93,3.65,3,0.82,0.53,2.462,3.0,0.64,CT on P,0.5,
feature_2 <= 0.812,0.798,0.94,0.8,1.59,1,0.24,0.52,0.777,1.0,0.57,CT on P,0.5,
feature_0 > 0.053 AND feature_1 > 1.154 AND feature_0 > 1.361 AND feature_6 > 0.541,4.985,0.0,,,4,1.0,0.6,3.822,3.0,0.59,CF,0.5,6.32
feature_0 > 0.101 AND feature_1 > 0.695 AND feature_0 > 1.142 AND feature_1 > 1.709,4.453,0.01,,,4,0.89,0.54,3.86,2.0,0.6,CF,0.5,6.32
feature_0 > 0.393 AND feature_1 > 0.18 AND feature_0 > 1.243 AND feature_1 > 1.162,4.436,0.01,,,4,0.89,0.54,3.65,2.0,0.57,CF,0.5,6.32
feature_0 > 0.233 AND feature_1 > 0.585 AND feature_0 > 1.349 AND feature_1 > 1.404,4.396,0.01,,,4,0.88,0.53,3.88,2.0,0.6,CF,0.5,6.32
feature_0 > 0.362 AND feature_1 > 0.261 AND feature_0 > 2.012 AND feature_2 <= 0.311,4.217,0.01,,,4,0.85,0.51,3.727,3.0,0.58,CF,0.5,6.32
feature_0 > 0.33 AND feature_1 > 0.641 AND feature_0 > 1.233 AND feature_1 > 1.405,3.21,0.01,,,4,1.0,0.6,3.792,2.0,0.6,CF SingleTree,0.5,0.55
feature_0 > 0.33 AND feature_1 > 0.641 AND feature_0 > 1.233,2.971,0.03,,,3,0.93,0.57,3.283,2.0,0.53,CF SingleTree,0.5,0.55
feature_0 > 0.33 AND feature_1 > 0.641 AND feature_0 > 1.233 AND feature_1 <= 1.405,2.836,0.02,,,4,0.88,0.54,2.997,2.0,0.48,CF SingleTree,0.5,0.55
feature_0 > 0.33 AND feature_1 > 0.641,2.384,0.09,,,2,0.74,0.48,2.536,2.0,0.44,CF SingleTree,0.5,0.55
feature_0 > 0.33 AND feature_1 > 0.641 AND feature_0 <= 1.233 AND feature_1 > 1.324,2.449,0.03,,,4,0.76,0.47,2.698,2.0,0.44,CF SingleTree,0.5,0.55
feature_2 <= 1.891 AND feature_0 > -0.232 AND feature_0 > 1.06 AND feature_1 > 0.154 AND feature_0 > 1.7 AND feature_1 > 0.748,3.845,0.01,2.08,5.93,6,1.0,0.6,3.665,3.0,0.6,CT on D,0.5,
feature_2 <= 1.891 AND feature_0 > -0.232 AND feature_0 > 1.06 AND feature_1 > 0.154 AND feature_0 > 1.7,3.626,0.02,1.76,5.38,5,0.94,0.57,3.377,3.0,0.56,CT on D,0.5,
feature_2 <= 1.891 AND feature_0 > -0.232 AND feature_0 > 1.06 AND feature_1 > 0.154 AND feature_0 > 1.7 AND feature_1 <= 0.748,3.442,0.01,1.41,4.86,6,0.9,0.54,3.086,3.0,0.51,CT on D,0.5,
feature_2 <= 1.891 AND feature_0 > -0.232 AND feature_0 > 1.06 AND feature_1 > 0.154,2.937,0.06,1.63,4.56,4,0.76,0.48,2.872,3.0,0.49,CT on D,0.5,
feature_2 <= 1.891 AND feature_0 > -0.232 AND feature_0 > 1.06 AND feature_1 > 0.154 AND feature_0 <= 1.7 AND feature_1 > 0.901,2.997,0.02,1.86,4.86,6,0.78,0.48,3.02,3.0,0.5,CT on D,0.5,
feature_8 > -1.816 AND feature_0 > -0.017 AND feature_0 > 0.595 AND feature_1 > 0.16 AND feature_1 > 0.91 AND feature_0 > 1.141,3.548,0.02,1.47,5.02,6,1.0,0.61,3.328,3.0,0.61,CT on P,0.5,
feature_8 > -1.816,0.791,0.97,0.61,1.4,1,0.22,0.52,0.803,1.0,0.53,CT on P,0.5,
feature_8 > -1.816 AND feature_0 > -0.017 AND feature_0 > 0.595 AND feature_1 > 0.16 AND feature_1 > 0.91,2.836,0.06,1.33,4.16,5,0.8,0.5,2.859,3.0,0.54,CT on P,0.5,
feature_8 > -1.816 AND feature_0 > -0.017 AND feature_0 > 0.595 AND feature_1 > 0.16,2.579,0.12,1.02,3.59,4,0.73,0.48,2.494,3.0,0.5,CT on P,0.5,
feature_8 > -1.816 AND feature_0 > -0.017 AND feature_0 > 0.595 AND feature_1 > 0.16 AND feature_1 <= 0.91 AND feature_5 <= -0.419,2.705,0.02,0.6,3.3,6,0.76,0.47,2.246,4.0,0.41,CT on P,0.5,
feature_0 > -0.144 AND feature_1 > 1.181 AND feature_1 > 1.739 AND feature_0 > 0.981,4.443,0.01,,,4,1.0,0.6,3.78,2.0,0.54,CF,0.5,5.07
feature_0 > -0.547 AND feature_0 > 1.119 AND feature_1 > 0.297 AND feature_0 > 1.851,4.423,0.01,,,4,1.0,0.6,3.61,2.0,0.52,CF,0.5,5.07
feature_0 > -0.142 AND feature_1 > 0.66 AND feature_0 > 1.179 AND feature_1 > 2.319,4.31,0.0,,,4,0.97,0.58,4.199,2.0,0.6,CF,0.5,5.07
feature_0 > 0.362 AND feature_1 > 0.596 AND feature_0 > 1.623 AND feature_2 <= -0.651,4.207,0.0,,,4,0.95,0.57,3.568,3.0,0.51,CF,0.5,5.07
feature_0 > -0.534 AND feature_1 > 1.034 AND feature_0 > 0.964 AND feature_4 > 0.974,4.168,0.01,,,4,0.94,0.57,3.135,3.0,0.45,CF,0.5,5.07
feature_0 > -0.351 AND feature_0 > 0.94 AND feature_1 > 0.202 AND feature_0 > 1.319,2.78,0.03,,,4,1.0,0.61,3.11,2.0,0.61,CF SingleTree,0.5,0.55
feature_0 > -0.351 AND feature_0 > 0.94 AND feature_1 > 0.202,2.541,0.07,,,3,0.91,0.58,2.789,2.0,0.57,CF SingleTree,0.5,0.55
feature_0 > -0.351 AND feature_0 > 0.94,2.095,0.15,,,2,0.75,0.51,2.301,1.0,0.5,CF SingleTree,0.5,0.55
feature_0 > -0.351 AND feature_0 > 0.94 AND feature_1 > 0.202 AND feature_0 <= 1.319,2.267,0.03,,,4,0.82,0.5,2.42,2.0,0.48,CF SingleTree,0.5,0.55
feature_0 > -0.351,1.333,0.41,,,1,0.48,0.45,1.4,1.0,0.43,CF SingleTree,0.5,0.55
feature_5 <= 2.263 AND feature_0 > 0.077 AND feature_0 > 1.903 AND feature_1 > 0.107,3.69,0.01,1.8,5.49,4,1.0,0.6,3.493,3.0,0.6,CT on D,0.5,
feature_5 <= 2.263 AND feature_0 > 0.077 AND feature_0 > 1.903,3.26,0.03,1.19,4.45,3,0.88,0.54,3.063,2.0,0.54,CT on D,0.5,
feature_5 <= 2.263 AND feature_0 > 0.077 AND feature_0 > 1.903 AND feature_1 <= 0.107,2.898,0.01,0.68,3.58,4,0.79,0.48,2.701,3.0,0.47,CT on D,0.5,
feature_5 <= 2.263,0.777,0.86,1.0,1.78,1,0.21,0.47,0.813,1.0,0.48,CT on D,0.5,
feature_5 <= 2.263 AND feature_0 > 0.077,1.58,0.44,0.93,2.51,2,0.43,0.43,1.654,2.0,0.46,CT on D,0.5,
feature_4 > -1.408 AND feature_0 > 0.038 AND feature_0 > 1.765 AND feature_1 > 0.177,3.65,0.01,1.85,5.5,4,1.0,0.6,3.465,3.0,0.6,CT on P,0.5,
feature_4 > -1.408 AND feature_0 > 0.038 AND feature_0 > 1.765,3.139,0.03,1.19,4.33,3,0.86,0.53,2.955,2.0,0.52,CT on P,0.5,
feature_4 > -1.408,0.794,0.92,1.04,1.84,1,0.22,0.5,0.815,1.0,0.51,CT on P,0.5,
feature_4 > -1.408 AND feature_0 > 0.038 AND feature_0 > 1.765 AND feature_1 <= 0.177,2.782,0.02,0.72,3.51,4,0.76,0.47,2.614,3.0,0.46,CT on P,0.5,
feature_4 > -1.408 AND feature_0 > 0.038,1.567,0.45,0.96,2.53,2,0.43,0.44,1.634,2.0,0.46,CT on P,0.5,
feature_0 > 0.271 AND feature_1 > 0.391 AND feature_1 > 1.997 AND feature_2 > 0.134,4.845,0.0,,,4,1.0,0.6,3.276,3.0,0.5,CF,0.5,5.19
feature_0 > 0.212 AND feature_1 > 0.883 AND feature_0 > 1.927 AND feature_2 <= 0.006,4.842,0.0,,,4,1.0,0.6,3.86,3.0,0.59,CF,0.5,5.19
feature_0 > 0.212 AND feature_1 > 0.883 AND feature_0 > 1.927,4.758,0.0,,,3,0.98,0.59,3.883,2.0,0.6,CF,0.5,5.19
feature_0 > 0.212 AND feature_1 > 0.883 AND feature_0 > 1.927 AND feature_2 > 0.006,4.543,0.0,,,4,0.94,0.56,3.909,3.0,0.6,CF,0.5,5.19
feature_0 > 0.274 AND feature_1 <= 0.858 AND feature_0 > 1.859 AND feature_0 > 2.566,4.52,0.0,,,4,0.93,0.56,3.438,2.0,0.53,CF,0.5,5.19
feature_0 > 0.213 AND feature_0 > 1.071 AND feature_1 > 0.783 AND feature_0 > 1.398,2.907,0.02,,,4,1.0,0.61,3.428,2.0,0.61,CF SingleTree,0.5,0.55
feature_0 > 0.213 AND feature_0 > 1.071 AND feature_1 > 0.783,2.764,0.03,,,3,0.95,0.58,3.152,2.0,0.56,CF SingleTree,0.5,0.55
feature_0 > 0.213 AND feature_0 > 1.071 AND feature_1 > 0.783 AND feature_0 <= 1.398,2.564,0.01,,,4,0.88,0.53,2.765,2.0,0.49,CF SingleTree,0.5,0.55
feature_0 > 0.213 AND feature_0 > 1.071 AND feature_1 <= 0.783 AND feature_0 > 1.699,2.372,0.03,,,4,0.82,0.5,2.678,2.0,0.48,CF SingleTree,0.5,0.55
feature_0 > 0.213 AND feature_0 > 1.071,2.14,0.14,,,2,0.74,0.5,2.372,1.0,0.47,CF SingleTree,0.5,0.55
feature_0 > -1.423 AND feature_0 > 0.401 AND feature_0 > 1.318 AND feature_0 > 2.031 AND feature_9 > -0.025,3.507,0.01,1.45,4.96,5,1.0,0.6,3.279,2.0,0.6,CT on D,0.5,
feature_0 > -1.423 AND feature_0 > 0.401 AND feature_0 > 1.318 AND feature_0 > 2.031,3.138,0.02,1.51,4.65,4,0.89,0.54,3.233,1.0,0.6,CT on D,0.5,
feature_0 > -1.423 AND feature_0 > 0.401 AND feature_0 > 1.318 AND feature_0 <= 2.031 AND feature_9 <= -0.427 AND feature_1 > 0.041,2.995,0.01,1.55,4.54,6,0.85,0.52,2.762,3.0,0.51,CT on D,0.5,
feature_0 > -1.423 AND feature_0 > 0.401 AND feature_0 > 1.318 AND feature_0 <= 2.031 AND feature_9 > -0.427 AND feature_6 > 0.12,2.891,0.02,0.87,3.76,6,0.82,0.5,2.459,3.0,0.46,CT on D,0.5,
feature_0 > -1.423 AND feature_0 > 0.401 AND feature_0 > 1.318,2.718,0.09,1.14,3.85,3,0.78,0.5,2.616,1.0,0.51,CT on D,0.5,
feature_9 > -2.206 AND feature_0 > 0.248 AND feature_0 > 1.225 AND feature_0 > 2.056,3.12,0.02,1.67,4.79,4,1.0,0.61,3.249,2.0,0.61,CT on P,0.5,
feature_9 > -2.206 AND feature_0 > 0.248 AND feature_0 <= 1.225 AND feature_1 > 1.122 AND feature_4 > 0.491,2.993,0.02,2.11,5.1,5,0.96,0.58,2.504,4.0,0.47,CT on P,0.5,
feature_9 > -2.206 AND feature_0 > 0.248 AND feature_0 > 1.225 AND feature_0 <= 2.056 AND feature_3 > 0.889,2.873,0.02,2.13,5.01,5,0.92,0.56,2.33,3.0,0.44,CT on P,0.5,
feature_9 > -2.206,0.856,0.98,1.22,2.08,1,0.27,0.56,0.815,1.0,0.54,CT on P,0.5,
feature_9 > -2.206 AND feature_0 > 0.248 AND feature_0 > 1.225,2.641,0.1,1.3,3.94,3,0.85,0.55,2.537,2.0,0.51,CT on P,0.5,
feature_0 > -0.143 AND feature_1 > 1.166 AND feature_1 > 2.403,4.808,0.0,,,3,1.0,0.6,3.519,2.0,0.58,CF,0.5,5.18
feature_0 > 0.12 AND feature_1 > 0.864 AND feature_0 > 1.604 AND feature_4 <= -0.888,4.801,0.0,,,4,1.0,0.6,3.667,3.0,0.6,CF,0.5,5.18
feature_0 > 0.034 AND feature_1 <= 0.472 AND feature_0 > 1.03 AND feature_0 > 2.393,4.113,0.01,,,4,0.86,0.52,3.256,2.0,0.54,CF,0.5,5.18
feature_0 > -0.154 AND feature_0 > 1.536 AND feature_1 > 0.119 AND feature_3 <= -1.128,4.108,0.0,,,4,0.85,0.51,3.255,3.0,0.53,CF,0.5,5.18
feature_0 > -0.393 AND feature_0 > 0.962 AND feature_1 > 0.031 AND feature_0 > 1.753,3.794,0.02,,,4,0.79,0.48,3.381,2.0,0.56,CF,0.5,5.18
feature_0 > 0.11 AND feature_0 > 0.987 AND feature_1 > 0.483 AND feature_0 > 1.515,2.819,0.02,,,4,1.0,0.61,3.34,2.0,0.61,CF SingleTree,0.5,0.56
feature_0 > 0.11 AND feature_0 > 0.987 AND feature_1 > 0.483,2.579,0.05,,,3,0.91,0.57,2.919,2.0,0.54,CF SingleTree,0.5,0.56
feature_0 > 0.11 AND feature_0 > 0.987 AND feature_1 > 0.483 AND feature_0 <= 1.515,2.426,0.03,,,4,0.86,0.53,2.647,2.0,0.49,CF SingleTree,0.5,0.56
feature_0 > 0.11 AND feature_0 > 0.987,2.136,0.15,,,2,0.76,0.51,2.338,1.0,0.48,CF SingleTree,0.5,0.56
feature_0 > 0.11 AND feature_0 > 0.987 AND feature_1 <= 0.483 AND feature_0 > 1.55,2.312,0.04,,,4,0.82,0.51,2.548,2.0,0.47,CF SingleTree,0.5,0.56
feature_2 > -1.159 AND feature_0 > -0.089 AND feature_0 > 0.846 AND feature_1 > 0.214 AND feature_7 <= -0.245 AND feature_0 > 1.122,3.415,0.02,1.29,4.7,6,1.0,0.61,2.89,4.0,0.58,CT on D,1.0,
feature_2 > -1.159 AND feature_0 > -0.089 AND feature_0 > 0.846 AND feature_1 > 0.214 AND feature_7 <= -0.245,3.177,0.04,1.23,4.41,5,0.93,0.57,2.654,4.0,0.54,CT on D,1.0,
feature_2 > -1.159 AND feature_0 > -0.089 AND feature_0 > 0.846 AND feature_1 > 0.214 AND feature_7 > -0.245 AND feature_0 > 1.377,3.071,0.02,1.69,4.77,6,0.9,0.55,3.028,4.0,0.61,CT on D,1.0,
feature_2 > -1.159 AND feature_0 > -0.089 AND feature_0 > 0.846 AND feature_1 > 0.214,2.822,0.08,1.42,4.25,4,0.83,0.53,2.645,3.0,0.56,CT on D,1.0,
feature_2 > -1.159,0.798,0.94,1.02,1.81,1,0.23,0.52,0.796,1.0,0.53,CT on D,1.0,
feature_0 <= 2.171 AND feature_0 > 0.002 AND feature_0 > 1.219 AND feature_1 > 0.231 AND feature_7 <= -0.034,3.596,0.02,1.25,4.84,5,1.0,0.61,2.87,3.0,0.53,CT on P,1.0,
feature_0 > 2.171,3.27,0.01,1.38,4.65,1,0.91,0.55,3.275,1.0,0.6,CT on P,1.0,
feature_0 <= 2.171 AND feature_0 > 0.002 AND feature_0 > 1.219 AND feature_1 > 0.231,3.121,0.04,1.41,4.53,4,0.87,0.54,2.84,2.0,0.54,CT on P,1.0,
feature_0 <= 2.171,0.778,0.99,1.03,1.81,1,0.22,0.53,0.762,1.0,0.54,CT on P,1.0,
feature_0 <= 2.171 AND feature_0 > 0.002 AND feature_0 <= 1.219 AND feature_1 > 1.175 AND feature_0 > 0.779,2.793,0.01,1.57,4.36,5,0.78,0.47,2.786,2.0,0.51,CT on P,1.0,
feature_0 > 0.444 AND feature_1 > 0.782 AND feature_2 <= -0.926 AND feature_0 <= 0.62,6.29,0.0,,,4,1.0,0.6,2.17,3.0,0.37,CF,1.0,5.03
feature_0 > 0.551 AND feature_1 > 1.136 AND feature_3 <= -1.237,5.123,0.0,,,3,0.81,0.49,2.922,3.0,0.5,CF,1.0,5.03
feature_0 > -0.083 AND feature_1 > 0.744 AND feature_0 > 0.551 AND feature_3 <= -1.276,4.22,0.01,,,4,0.67,0.41,2.737,3.0,0.47,CF,1.0,5.03
feature_0 > -0.625 AND feature_1 > 1.277 AND feature_0 > 1.178,4.122,0.01,,,3,0.66,0.4,3.515,2.0,0.6,CF,1.0,5.03
feature_0 > 0.325 AND feature_1 > 0.535 AND feature_0 > 1.504 AND feature_8 <= 0.504,4.071,0.01,,,4,0.65,0.39,3.3,3.0,0.57,CF,1.0,5.03
feature_0 > 0.011 AND feature_0 > 0.843 AND feature_1 > 0.214 AND feature_0 > 1.314,2.629,0.04,,,4,1.0,0.62,3.018,2.0,0.62,CF SingleTree,1.0,0.55
feature_0 > 0.011 AND feature_0 > 0.843 AND feature_1 > 0.214,2.422,0.08,,,3,0.92,0.58,2.654,2.0,0.56,CF SingleTree,1.0,0.55
feature_0 > 0.011 AND feature_0 > 0.843,2.052,0.19,,,2,0.78,0.54,2.202,1.0,0.51,CF SingleTree,1.0,0.55
feature_0 > 0.011 AND feature_0 > 0.843 AND feature_1 > 0.214 AND feature_0 <= 1.314,2.251,0.05,,,4,0.86,0.53,2.356,2.0,0.49,CF SingleTree,1.0,0.55
feature_0 > 0.011,1.534,0.44,,,1,0.58,0.53,1.606,1.0,0.5,CF SingleTree,1.0,0.55
feature_8 <= 0.311 AND feature_0 > -2.099 AND feature_0 > -0.307 AND feature_1 > 0.52 AND feature_0 > 0.803 AND feature_1 > 0.751,3.177,0.03,1.61,4.79,6,1.0,0.61,2.944,3.0,0.61,CT on D,1.0,
feature_8 <= 0.311 AND feature_0 > -2.099 AND feature_0 > -0.307 AND feature_1 > 0.52 AND feature_0 > 0.803,2.903,0.04,1.53,4.43,5,0.91,0.56,2.775,3.0,0.58,CT on D,1.0,
feature_8 > 0.311 AND feature_2 <= 0.484 AND feature_3 <= 0.576 AND feature_4 > -1.572 AND feature_0 > -0.122 AND feature_1 > 1.186,2.935,0.01,1.21,4.15,6,0.92,0.56,2.535,6.0,0.52,CT on D,1.0,
feature_8 <= 0.311 AND feature_0 > -2.099 AND feature_0 > -0.307 AND feature_1 > 0.52,2.295,0.12,1.23,3.52,4,0.72,0.48,2.085,3.0,0.47,CT on D,1.0,
feature_8 > 0.311 AND feature_2 > 0.484 AND feature_5 <= -0.236 AND feature_0 > -0.168 AND feature_0 > 0.744,2.499,0.01,0.84,3.34,5,0.79,0.48,2.082,4.0,0.43,CT on D,1.0,
feature_8 <= 0.372 AND feature_0 <= 1.979 AND feature_0 > -0.417 AND feature_1 > 0.527 AND feature_0 > 0.854 AND feature_5 > 0.351,3.433,0.01,1.43,4.86,6,1.0,0.6,2.695,4.0,0.52,CT on P,1.0,
feature_8 <= 0.372 AND feature_0 > 1.979,3.093,0.02,1.5,4.6,2,0.9,0.55,3.146,2.0,0.61,CT on P,1.0,
feature_8 <= 0.372 AND feature_0 <= 1.979 AND feature_0 > -0.417 AND feature_1 > 0.527 AND feature_0 > 0.854,2.847,0.04,1.55,4.39,5,0.83,0.51,2.696,3.0,0.53,CT on P,1.0,
feature_8 <= 0.372 AND feature_0 <= 1.979 AND feature_0 > -0.417 AND feature_1 > 0.527 AND feature_0 <= 0.854 AND feature_1 > 1.4,2.589,0.03,1.29,3.88,6,0.75,0.46,2.174,3.0,0.43,CT on P,1.0,
feature_8 <= 0.372 AND feature_0 <= 1.979 AND feature_0 > -0.417 AND feature_1 > 0.527,2.235,0.13,1.2,3.44,4,0.65,0.44,1.958,3.0,0.43,CT on P,1.0,
feature_0 > -0.055 AND feature_1 > 0.629 AND feature_0 > 1.705 AND feature_1 <= 1.156,5.485,0.01,,,4,1.0,0.6,3.317,2.0,0.48,CF,1.0,4.88
feature_0 > 0.303 AND feature_1 > 0.473 AND feature_0 > 1.879 AND feature_0 > 2.282,4.888,0.0,,,4,0.89,0.53,4.166,2.0,0.6,CF,1.0,4.88
feature_0 > -0.667 AND feature_1 > 1.497 AND feature_0 > 0.884 AND feature_7 <= 0.264,4.796,0.01,,,4,0.87,0.53,3.521,3.0,0.51,CF,1.0,4.88
feature_0 > 0.039 AND feature_1 > 0.697 AND feature_0 > 1.173 AND feature_1 > 2.023,4.631,0.0,,,4,0.84,0.51,4.01,2.0,0.58,CF,1.0,4.88
feature_0 > -0.638 AND feature_1 > 1.534 AND feature_0 > 0.828 AND feature_5 <= -0.769,4.497,0.0,,,4,0.82,0.49,3.455,3.0,0.5,CF,1.0,4.88
feature_0 > -0.287 AND feature_0 > 0.98 AND feature_1 > 0.476 AND feature_0 > 1.241,2.623,0.03,,,4,1.0,0.61,3.139,2.0,0.61,CF SingleTree,1.0,0.54
feature_0 > -0.287 AND feature_0 > 0.98 AND feature_1 > 0.476,2.51,0.05,,,3,0.96,0.59,2.919,2.0,0.58,CF SingleTree,1.0,0.54
feature_0 > -0.287,1.401,0.57,,,1,0.53,0.55,1.456,1.0,0.51,CF SingleTree,1.0,0.54
feature_0 > -0.287 AND feature_0 > 0.98,2.084,0.17,,,2,0.79,0.54,2.313,1.0,0.51,CF SingleTree,1.0,0.54
feature_0 > -0.287 AND feature_0 > 0.98 AND feature_1 > 0.476 AND feature_0 <= 1.241,2.316,0.02,,,4,0.88,0.54,2.545,2.0,0.49,CF SingleTree,1.0,0.54
feature_3 > -0.969 AND feature_0 > 0.152 AND feature_0 > 1.171 AND feature_1 > 1.262,3.5,0.01,2.27,5.77,4,1.0,0.6,3.585,3.0,0.6,CT on D,1.0,
feature_3 > -0.969 AND feature_0 > 0.152 AND feature_0 <= 1.171 AND feature_1 > -0.279 AND feature_8 > 0.453 AND feature_0 > 0.824,2.61,0.01,1.19,3.8,6,0.75,0.45,2.106,4.0,0.36,CT on D,1.0,
feature_3 > -0.969 AND feature_0 > 0.152 AND feature_0 > 1.171 AND feature_1 <= 1.262 AND feature_1 > -0.27 AND feature_7 <= 0.603,2.54,0.03,1.51,4.05,6,0.73,0.45,2.617,4.0,0.45,CT on D,1.0,
feature_3 > -0.969 AND feature_0 <= 0.152 AND feature_0 <= -1.316 AND feature_1 <= 0.382 AND feature_3 <= 0.695 AND feature_0 <= -1.863,2.529,0.01,2.3,-0.23,6,0.72,0.44,1.766,3.0,0.3,CT on D,1.0,
feature_3 <= -0.969 AND feature_8 > -0.584 AND feature_3 > -1.83 AND feature_0 > 0.985,2.48,0.02,0.5,2.98,4,0.71,0.43,2.378,3.0,0.41,CT on D,1.0,
feature_7 <= 1.107 AND feature_0 > 0.12 AND feature_0 > 0.986 AND feature_5 > 0.787,2.894,0.03,1.16,4.05,4,1.0,0.61,2.327,3.0,0.48,CT on P,1.0,
feature_7 <= 1.107 AND feature_0 > 0.12 AND feature_0 > 0.986 AND feature_5 <= 0.787 AND feature_0 > 1.84,2.625,0.03,1.74,4.37,5,0.91,0.56,3.013,3.0,0.61,CT on P,1.0,
feature_7 <= 1.107 AND feature_0 > 0.12 AND feature_0 > 0.986,2.353,0.14,1.46,3.81,3,0.81,0.54,2.344,2.0,0.52,CT on P,1.0,
feature_7 <= 1.107,0.778,0.86,1.38,2.16,1,0.27,0.51,0.803,1.0,0.5,CT on P,1.0,
feature_7 <= 1.107 AND feature_0 > 0.12 AND feature_0 > 0.986 AND feature_5 <= 0.787,2.223,0.11,1.53,3.75,4,0.77,0.5,2.348,3.0,0.51,CT on P,1.0,
feature_0 > 0.262 AND feature_1 > 1.477 AND feature_1 > 1.682 AND feature_0 <= 0.49,13.869,0.0,,,4,1.0,0.6,2.635,2.0,0.6,CF,1.0,6.59
feature_0 <= -0.002 AND feature_0 <= -1.556 AND feature_1 > 0.664 AND feature_6 <= -0.286,7.421,0.0,,,4,0.54,0.32,0.544,3.0,0.12,CF,1.0,6.59
feature_0 > -0.983,1.06,0.47,,,1,0.08,0.23,1.101,1.0,0.44,CF,1.0,6.59
feature_0 > -1.041,0.956,0.48,,,1,0.07,0.23,1.081,1.0,0.44,CF,1.0,6.59
feature_0 > -0.906,1.047,0.47,,,1,0.08,0.23,1.13,1.0,0.45,CF,1.0,6.59
feature_0 > -0.08 AND feature_0 > 0.881 AND feature_1 > 1.011 AND feature_0 > 1.336,2.75,0.01,,,4,1.0,0.6,3.589,2.0,0.6,CF SingleTree,1.0,0.56
feature_0 > -0.08 AND feature_0 > 0.881 AND feature_1 > 1.011,2.562,0.03,,,3,0.93,0.57,3.199,2.0,0.55,CF SingleTree,1.0,0.56
feature_0 > -0.08 AND feature_0 > 0.881 AND feature_1 > 1.011 AND feature_0 <= 1.336,2.374,0.02,,,4,0.86,0.53,2.806,2.0,0.48,CF SingleTree,1.0,0.56
feature_0 > -0.08 AND feature_0 > 0.881,1.958,0.16,,,2,0.71,0.49,2.252,1.0,0.44,CF SingleTree,1.0,0.56
feature_0 > -0.08 AND feature_0 <= 0.881 AND feature_1 > 1.102 AND feature_1 > 1.473,2.163,0.02,,,4,0.79,0.48,2.423,2.0,0.41,CF SingleTree,1.0,0.56
feature_4 > -1.673 AND feature_0 > 1.49 AND feature_1 <= 1.028 AND feature_1 > -1.004 AND feature_0 > 1.978,3.395,0.01,1.37,4.77,5,1.0,0.6,3.112,3.0,0.51,CT on D,1.0,
feature_4 > -1.673 AND feature_0 > 1.49 AND feature_1 > 1.028,3.388,0.01,2.18,5.56,3,1.0,0.6,3.706,3.0,0.6,CT on D,1.0,
feature_4 > -1.673 AND feature_0 > 1.49 AND feature_1 <= 1.028 AND feature_1 > -1.004,2.849,0.05,1.14,3.99,4,0.84,0.52,2.63,3.0,0.45,CT on D,1.0,
feature_4 > -1.673 AND feature_0 > 1.49,2.731,0.06,1.19,3.92,2,0.8,0.51,2.703,2.0,0.46,CT on D,1.0,
feature_4 > -1.673 AND feature_0 > 1.49 AND feature_1 <= 1.028 AND feature_1 > -1.004 AND feature_0 <= 1.978 AND feature_2 > -0.607,2.777,0.02,0.95,3.73,6,0.82,0.5,2.413,4.0,0.4,CT on D,1.0,
feature_9 > -1.975 AND feature_0 > 0.29 AND feature_0 > 1.494 AND feature_0 > 2.015,3.423,0.02,1.29,4.71,4,1.0,0.61,3.196,2.0,0.61,CT on P,1.0,
feature_9 > -1.975 AND feature_0 > 0.29 AND feature_0 > 1.494 AND feature_0 <= 2.015 AND feature_8 > -0.499 AND feature_8 <= 0.348,3.321,0.02,0.54,3.87,6,0.97,0.59,2.495,3.0,0.48,CT on P,1.0,
feature_9 > -1.975,0.828,0.98,0.77,1.6,1,0.24,0.54,0.816,1.0,0.55,CT on P,1.0,
feature_9 > -1.975 AND feature_0 > 0.29 AND feature_0 > 1.494,2.805,0.07,1.09,3.9,3,0.82,0.52,2.709,2.0,0.54,CT on P,1.0,
feature_9 > -1.975 AND feature_0 > 0.29 AND feature_0 > 1.494 AND feature_0 <= 2.015 AND feature_8 > -0.499,2.834,0.04,0.9,3.73,5,0.83,0.51,2.521,3.0,0.49,CT on P,1.0,
feature_0 <= -0.218 AND feature_0 <= -1.131 AND feature_1 <= -1.356 AND feature_9 > 0.455,17.763,0.0,,,4,1.0,0.6,1.428,3.0,0.6,CF,1.0,5.57
feature_0 > -0.682,1.186,0.6,,,1,0.07,0.28,1.239,1.0,0.76,CF,1.0,5.57
feature_0 <= 0.896,0.59,0.65,,,1,0.03,0.28,0.491,1.0,0.47,CF,1.0,5.57
feature_0 > -0.568,1.299,0.57,,,1,0.07,0.27,1.298,1.0,0.77,CF,1.0,5.57
feature_0 > -0.557,1.299,0.57,,,1,0.07,0.27,1.306,1.0,0.78,CF,1.0,5.57
feature_0 > -0.016 AND feature_0 > 0.788 AND feature_1 > 0.54 AND feature_0 > 1.343,2.879,0.03,,,4,1.0,0.61,3.255,2.0,0.61,CF SingleTree,1.0,0.54
feature_0 > -0.016 AND feature_0 > 0.788 AND feature_1 > 0.54,2.586,0.06,,,3,0.9,0.56,2.826,2.0,0.54,CF SingleTree,1.0,0.54
feature_0 > -0.016 AND feature_0 > 0.788 AND feature_1 > 0.54 AND feature_0 <= 1.343,2.356,0.04,,,4,0.82,0.51,2.493,2.0,0.48,CF SingleTree,1.0,0.54
feature_0 > -0.016 AND feature_0 > 0.788,2.011,0.19,,,2,0.7,0.5,2.173,1.0,0.48,CF SingleTree,1.0,0.54
feature_0 > -0.016,1.508,0.43,,,1,0.52,0.49,1.611,1.0,0.47,CF SingleTree,1.0,0.54
feature_8 > -1.455 AND feature_0 > -0.63 AND feature_0 > 1.015 AND feature_1 > 0.765 AND feature_1 > 1.324,3.944,0.01,2.02,5.96,5,1.0,0.6,3.528,3.0,0.6,CT on D,1.0,
feature_8 > -1.455 AND feature_0 > -0.63 AND feature_0 > 1.015 AND feature_1 > 0.765,3.429,0.03,1.73,5.15,4,0.87,0.53,3.123,3.0,0.54,CT on D,1.0,
feature_8 > -1.455 AND feature_0 > -0.63 AND feature_0 > 1.015 AND feature_1 <= 0.765 AND feature_0 > 2.212,3.465,0.01,0.97,4.43,5,0.88,0.53,3.084,3.0,0.53,CT on D,1.0,
feature_8 > -1.455 AND feature_0 > -0.63 AND feature_0 > 1.015 AND feature_1 > 0.765 AND feature_1 <= 1.324,3.093,0.02,1.53,4.63,5,0.78,0.48,2.859,3.0,0.49,CT on D,1.0,
feature_8 > -1.455,0.788,0.83,0.99,1.78,1,0.2,0.45,0.804,1.0,0.47,CT on D,1.0,
feature_8 > -0.726 AND feature_0 > -0.477 AND feature_0 > 1.016 AND feature_0 > 1.849 AND feature_7 <= -0.007,3.754,0.01,0.71,4.47,5,1.0,0.6,3.009,3.0,0.6,CT on P,1.0,
feature_8 > -0.726 AND feature_0 > -0.477 AND feature_0 > 1.016 AND feature_0 > 1.849,3.383,0.03,0.86,4.24,4,0.9,0.55,3.001,2.0,0.61,CT on P,1.0,
feature_8 > -0.726 AND feature_0 > -0.477 AND feature_0 > 1.016 AND feature_0 <= 1.849 AND feature_1 > 0.497 AND feature_9 > 0.091,3.139,0.01,1.3,4.44,6,0.84,0.51,2.777,4.0,0.56,CT on P,1.0,
feature_8 > -0.726 AND feature_0 > -0.477 AND feature_0 > 1.016 AND feature_0 > 1.849 AND feature_7 > -0.007,2.941,0.01,1.04,3.98,5,0.78,0.47,2.993,3.0,0.6,CT on P,1.0,
feature_8 > -0.726 AND feature_0 > -0.477 AND feature_0 > 1.016 AND feature_0 <= 1.849 AND feature_1 > 0.497,2.74,0.03,1.49,4.23,5,0.73,0.45,2.791,3.0,0.57,CT on P,1.0,
feature_0 > 0.352 AND feature_1 > 1.115 AND feature_0 > 1.273 AND feature_9 > 0.125,4.973,0.01,,,4,1.0,0.6,3.487,3.0,0.53,CF,1.0,5.59
feature_0 > 0.626 AND feature_1 > 0.995 AND feature_2 > 0.081 AND feature_7 <= -1.333,4.974,0.0,,,4,1.0,0.6,3.13,4.0,0.48,CF,1.0,5.59
feature_0 > 0.225 AND feature_1 > 1.1 AND feature_2 > 0.073 AND feature_7 <= -1.154,4.949,0.0,,,4,0.99,0.6,2.85,4.0,0.43,CF,1.0,5.59
feature_0 > -0.185 AND feature_1 > 0.834 AND feature_0 > 1.432 AND feature_1 > 1.406,4.756,0.01,,,4,0.96,0.58,3.944,2.0,0.6,CF,1.0,5.59
feature_0 > 0.227 AND feature_1 > 1.568 AND feature_1 > 1.939 AND feature_0 > 0.748,4.588,0.01,,,4,0.92,0.56,3.744,2.0,0.57,CF,1.0,5.59
feature_0 > -0.212 AND feature_0 > 1.024 AND feature_1 > 0.537 AND feature_1 > 1.054,2.908,0.02,,,4,1.0,0.61,3.349,2.0,0.61,CF SingleTree,1.0,0.6
feature_0 > -0.212 AND feature_0 > 1.024 AND feature_1 > 0.537,2.7,0.04,,,3,0.93,0.57,2.993,2.0,0.55,CF SingleTree,1.0,0.6
feature_0 > -0.212 AND feature_0 > 1.024 AND feature_1 > 0.537 AND feature_1 <= 1.054,2.52,0.02,,,4,0.87,0.53,2.685,2.0,0.49,CF SingleTree,1.0,0.6
feature_0 > -0.212 AND feature_0 > 1.024,2.25,0.15,,,2,0.77,0.52,2.356,1.0,0.48,CF SingleTree,1.0,0.6
feature_0 > -0.212,1.412,0.54,,,1,0.49,0.51,1.478,1.0,0.48,CF SingleTree,1.0,0.6
feature_2 > -1.712 AND feature_0 > -0.286 AND feature_1 > 0.463 AND feature_0 > 0.487 AND feature_0 > 1.598,3.741,0.02,1.86,5.6,5,1.0,0.61,3.453,3.0,0.61,CT on D,1.0,
feature_2 > -1.712 AND feature_0 > -0.286 AND feature_1 > 0.463 AND feature_0 > 0.487,2.744,0.09,1.57,4.31,4,0.73,0.48,2.584,3.0,0.49,CT on D,1.0,
feature_2 > -1.712 AND feature_0 > -0.286 AND feature_1 > 0.463 AND feature_0 > 0.487 AND feature_0 <= 1.598 AND feature_1 > 0.781,2.78,0.05,1.59,4.37,6,0.74,0.47,2.55,3.0,0.46,CT on D,1.0,
feature_2 > -1.712 AND feature_0 > -0.286 AND feature_1 > 0.463 AND feature_0 > 0.487 AND feature_0 <= 1.598,2.517,0.08,1.5,4.02,5,0.67,0.44,2.386,3.0,0.45,CT on D,1.0,
feature_2 > -1.712 AND feature_0 > -0.286 AND feature_1 <= 0.463 AND feature_0 > 0.895 AND feature_1 > -0.635 AND feature_7 <= -0.388,2.645,0.02,0.88,3.53,6,0.71,0.43,2.124,4.0,0.38,CT on D,1.0,
feature_0 > 0.476 AND feature_1 > 1.578,3.743,0.02,1.85,5.59,2,1.0,0.61,3.304,2.0,0.61,CT on P,1.0,
feature_0 > 0.476 AND feature_1 <= 1.578 AND feature_0 > 1.756,2.997,0.03,0.72,3.72,3,0.8,0.49,2.867,2.0,0.53,CT on P,1.0,
feature_0 > 0.476,1.924,0.32,0.66,2.58,1,0.51,0.44,1.953,1.0,0.48,CT on P,1.0,
feature_0 > 0.476 AND feature_1 <= 1.578,1.814,0.3,0.59,2.4,2,0.48,0.41,1.87,2.0,0.46,CT on P,1.0,
feature_0 > 0.476 AND feature_1 <= 1.578 AND feature_0 <= 1.756 AND feature_1 > -1.139 AND feature_4 > -1.2 AND feature_1 > -0.635,1.91,0.18,0.71,2.62,6,0.51,0.38,1.899,3.0,0.42,CT on P,1.0,
feature_0 > 0.822 AND feature_1 > 0.533 AND feature_1 > 1.566 AND feature_7 <= -0.003,6.166,0.01,,,4,1.0,0.6,3.707,3.0,0.53,CF,1.0,6.6
feature_0 > 0.329 AND feature_1 > 0.725 AND feature_0 > 1.26 AND feature_1 > 1.902,5.716,0.0,,,4,0.93,0.56,4.245,2.0,0.6,CF,1.0,6.6
feature_0 > 0.089 AND feature_1 > 0.71 AND feature_1 > 1.858 AND feature_2 > -0.028,5.198,0.01,,,4,0.84,0.51,3.315,3.0,0.47,CF,1.0,6.6
feature_0 > 0.062 AND feature_1 > 0.564 AND feature_0 > 1.132 AND feature_1 > 1.798,5.177,0.0,,,4,0.84,0.5,4.063,2.0,0.57,CF,1.0,6.6
feature_0 > 0.822 AND feature_1 > 0.533 AND feature_1 > 1.566,5.061,0.01,,,3,0.82,0.5,3.567,2.0,0.51,CF,1.0,6.6
feature_0 > 0.016 AND feature_1 > 0.536 AND feature_0 > 0.829 AND feature_1 > 1.579,3.188,0.01,,,4,1.0,0.6,3.567,2.0,0.6,CF SingleTree,1.0,0.57
feature_0 > 0.016 AND feature_1 > 0.536 AND feature_0 > 0.829,2.556,0.07,,,3,0.8,0.51,2.856,2.0,0.51,CF SingleTree,1.0,0.57
feature_0 > 0.016 AND feature_1 > 0.536 AND feature_0 > 0.829 AND feature_1 <= 1.579,2.411,0.05,,,4,0.76,0.47,2.69,2.0,0.47,CF SingleTree,1.0,0.57
feature_0 > 0.016 AND feature_1 > 0.536,2.081,0.14,,,2,0.65,0.45,2.28,2.0,0.44,CF SingleTree,1.0,0.57
feature_0 > 0.016 AND feature_1 <= 0.536 AND feature_0 > 1.508 AND feature_0 > 1.805,2.257,0.02,,,4,0.71,0.43,2.721,2.0,0.47,CF SingleTree,1.0,0.57
feature_1 > -1.131 AND feature_0 > 0.426 AND feature_0 > 1.002 AND feature_1 > 1.38,3.629,0.01,1.86,5.49,4,1.0,0.6,3.522,2.0,0.6,CT on D,1.0,
feature_1 > -1.131 AND feature_0 > 0.426 AND feature_0 <= 1.002 AND feature_1 > 1.195 AND feature_1 > 1.527,3.149,0.01,1.61,4.76,5,0.87,0.52,2.849,2.0,0.49,CT on D,1.0,
feature_1 > -1.131 AND feature_0 > 0.426 AND feature_0 > 1.002 AND feature_1 <= 1.38 AND feature_7 <= -0.522 AND feature_9 <= -0.007,3.057,0.02,0.76,3.81,6,0.84,0.51,2.322,4.0,0.4,CT on D,1.0,
feature_1 > -1.131 AND feature_0 > 0.426 AND feature_0 > 1.002 AND feature_1 <= 1.38 AND feature_7 <= -0.522,2.811,0.04,0.91,3.73,5,0.77,0.48,2.291,3.0,0.41,CT on D,1.0,
feature_1 > -1.131 AND feature_0 > 0.426 AND feature_0 > 1.002,2.539,0.13,1.08,3.62,3,0.7,0.47,2.397,2.0,0.46,CT on D,1.0,
feature_2 <= 0.812 AND feature_0 > 1.188 AND feature_1 > 1.124,3.592,0.01,1.88,5.48,3,1.0,0.6,3.496,3.0,0.6,CT on P,1.0,
feature_2 <= 0.812 AND feature_0 > 1.188 AND feature_1 <= 1.124 AND feature_5 <= 0.392 AND feature_7 <= -0.714,3.155,0.01,0.5,3.66,5,0.88,0.53,2.283,5.0,0.4,CT on P,1.0,
feature_2 <= 0.812,0.813,0.94,0.79,1.6,1,0.23,0.51,0.777,1.0,0.51,CT on P,1.0,
feature_2 <= 0.812 AND feature_0 > 1.188,2.683,0.1,0.89,3.57,2,0.75,0.49,2.457,2.0,0.46,CT on P,1.0,
feature_2 <= 0.812 AND feature_0 > 1.188 AND feature_1 <= 1.124 AND feature_5 <= 0.392,2.733,0.06,0.69,3.43,4,0.76,0.48,2.312,4.0,0.42,CT on P,1.0,
feature_0 > 0.475 AND feature_1 > 0.603 AND feature_0 <= 0.697 AND feature_2 <= -0.649,15.789,0.01,,,4,1.0,0.6,2.111,3.0,0.6,CF,1.0,7.72
feature_0 <= 0.997,0.501,0.73,,,1,0.03,0.31,0.497,1.0,0.43,CF,1.0,7.72
feature_0 > -0.667,1.173,0.65,,,1,0.07,0.3,1.21,1.0,0.6,CF,1.0,7.72
feature_0 > -0.636,1.276,0.64,,,1,0.08,0.3,1.225,1.0,0.6,CF,1.0,7.72
feature_0 <= 0.806,0.579,0.69,,,1,0.04,0.3,0.419,1.0,0.4,CF,1.0,7.72
feature_0 > 0.336 AND feature_1 > 0.714 AND feature_0 > 1.175 AND feature_0 > 1.384,2.983,0.02,,,4,1.0,0.61,3.454,2.0,0.61,CF SingleTree,1.0,0.56
feature_0 > 0.336 AND feature_1 > 0.714 AND feature_0 > 1.175,2.889,0.03,,,3,0.97,0.59,3.279,2.0,0.58,CF SingleTree,1.0,0.56
feature_0 > 0.336 AND feature_1 > 0.714 AND feature_0 > 1.175 AND feature_0 <= 1.384,2.653,0.01,,,4,0.89,0.54,2.844,2.0,0.5,CF SingleTree,1.0,0.56
feature_0 > 0.336 AND feature_1 > 0.714,2.42,0.09,,,2,0.81,0.52,2.584,2.0,0.48,CF SingleTree,1.0,0.56
feature_0 > 0.336 AND feature_1 <= 0.714 AND feature_0 > 1.395 AND feature_0 > 1.608,2.417,0.04,,,4,0.81,0.5,2.593,2.0,0.47,CF SingleTree,1.0,0.56
feature_2 <= 1.891 AND feature_0 > -0.472 AND feature_0 > 1.065 AND feature_1 > 0.168 AND feature_0 > 1.692,3.603,0.02,1.77,5.38,5,1.0,0.61,3.379,3.0,0.61,CT on D,1.0,
feature_2 <= 1.891 AND feature_0 > -0.472 AND feature_0 > 1.065 AND feature_1 > 0.168 AND feature_0 <= 1.692 AND feature_1 > 0.901,3.166,0.02,1.78,4.95,6,0.88,0.54,3.016,3.0,0.54,CT on D,1.0,
feature_2 <= 1.891 AND feature_0 > -0.472 AND feature_0 > 1.065 AND feature_1 > 0.168,2.986,0.06,1.63,4.61,4,0.83,0.52,2.884,3.0,0.54,CT on D,1.0,
feature_2 <= 1.891 AND feature_0 > -0.472 AND feature_0 > 1.065 AND feature_1 > 0.168 AND feature_0 <= 1.692,2.683,0.04,1.56,4.24,5,0.74,0.46,2.641,3.0,0.48,CT on D,1.0,
feature_2 <= 1.891 AND feature_0 > -0.472 AND feature_0 <= 1.065 AND feature_1 > 0.641 AND feature_1 > 1.443 AND feature_5 > -0.408,2.665,0.02,1.41,4.08,6,0.74,0.45,2.26,4.0,0.41,CT on D,1.0,
feature_8 > -1.816 AND feature_0 > -0.017 AND feature_0 > 0.595 AND feature_1 > 0.19 AND feature_4 > -0.537 AND feature_0 > 1.362,3.24,0.02,1.44,4.68,6,1.0,0.61,3.146,4.0,0.61,CT on P,1.0,
feature_8 > -1.816 AND feature_0 > -0.017 AND feature_0 > 0.595 AND feature_1 > 0.19 AND feature_4 <= -0.537,3.038,0.04,0.7,3.74,5,0.94,0.58,2.513,4.0,0.5,CT on P,1.0,
feature_8 > -1.816 AND feature_0 > -0.017 AND feature_0 > 0.595 AND feature_1 > 0.19,2.666,0.12,0.99,3.65,4,0.82,0.54,2.503,3.0,0.53,CT on P,1.0,
feature_8 > -1.816,0.787,0.97,0.6,1.39,1,0.24,0.53,0.803,1.0,0.54,CT on P,1.0,
feature_8 > -1.816 AND feature_0 > -0.017 AND feature_0 > 0.595 AND feature_1 > 0.19 AND feature_4 > -0.537,2.509,0.08,1.11,3.62,5,0.77,0.5,2.499,4.0,0.51,CT on P,1.0,
feature_0 <= -0.509 AND feature_1 <= -0.099 AND feature_2 > 1.734 AND feature_2 > 2.133,10.621,0.0,,,4,1.0,0.6,0.774,3.0,0.14,CF,1.0,6.61
feature_0 > 0.592 AND feature_1 > 0.388 AND feature_0 > 1.383 AND feature_5 > 1.062,4.725,0.01,,,4,0.44,0.27,3.26,3.0,0.57,CF,1.0,6.61
feature_0 > -0.563 AND feature_0 > 1.119 AND feature_1 > -0.016 AND feature_0 > 1.842,4.587,0.02,,,4,0.43,0.27,3.428,2.0,0.61,CF,1.0,6.61
feature_0 > -0.727,1.28,0.46,,,1,0.12,0.26,1.209,1.0,0.4,CF,1.0,6.61
feature_0 > -0.551,1.417,0.44,,,1,0.13,0.26,1.3,1.0,0.4,CF,1.0,6.61
feature_0 > -0.485 AND feature_0 > 0.988 AND feature_1 > 0.212 AND feature_0 > 1.307,2.764,0.04,,,4,1.0,0.62,3.105,2.0,0.62,CF SingleTree,1.0,0.56
feature_0 > -0.485 AND feature_0 > 0.988 AND feature_1 > 0.212,2.552,0.06,,,3,0.92,0.58,2.84,2.0,0.57,CF SingleTree,1.0,0.56
feature_0 > -0.485 AND feature_0 > 0.988,2.106,0.14,,,2,0.76,0.51,2.345,1.0,0.51,CF SingleTree,1.0,0.56
feature_0 > -0.485 AND feature_0 > 0.988 AND feature_1 > 0.212 AND feature_0 <= 1.307,2.247,0.03,,,4,0.81,0.5,2.456,2.0,0.49,CF SingleTree,1.0,0.56
feature_0 > -0.485 AND feature_0 > 0.988 AND feature_1 <= 0.212 AND feature_0 > 1.296,2.005,0.05,,,4,0.73,0.46,2.248,2.0,0.45,CF SingleTree,1.0,0.56
feature_5 <= 2.263 AND feature_0 > 0.077 AND feature_0 > 1.903 AND feature_1 > 0.083,3.703,0.01,1.78,5.48,4,1.0,0.6,3.48,3.0,0.6,CT on D,1.0,
feature_5 <= 2.263 AND feature_0 > 0.077 AND feature_0 > 1.903,3.307,0.03,1.17,4.48,3,0.89,0.55,3.063,2.0,0.54,CT on D,1.0,
feature_5 <= 2.263 AND feature_0 > 0.077 AND feature_0 > 1.903 AND feature_1 <= 0.083,2.964,0.01,0.65,3.61,4,0.8,0.48,2.701,3.0,0.47,CT on D,1.0,
feature_5 <= 2.263,0.781,0.86,1.01,1.79,1,0.21,0.47,0.813,1.0,0.48,CT on D,1.0,
feature_5 <= 2.263 AND feature_0 > 0.077,1.573,0.44,0.94,2.51,2,0.42,0.43,1.654,2.0,0.46,CT on D,1.0,
feature_4 > -1.408 AND feature_0 > 0.038 AND feature_1 > 0.118 AND feature_0 > 1.827,3.814,0.01,1.76,5.58,4,1.0,0.6,3.448,3.0,0.6,CT on P,1.0,
feature_4 > -1.408,0.798,0.92,1.05,1.85,1,0.21,0.49,0.815,1.0,0.51,CT on P,1.0,
feature_4 > -1.408 AND feature_0 > 0.038 AND feature_1 <= 0.118 AND feature_0 > 1.363 AND feature_0 > 1.737,2.809,0.02,0.64,3.45,5,0.74,0.45,2.562,3.0,0.45,CT on P,1.0,
feature_4 > -1.408 AND feature_0 > 0.038,1.56,0.45,0.97,2.53,2,0.41,0.43,1.634,2.0,0.46,CT on P,1.0,
feature_4 > -1.408 AND feature_0 > 0.038 AND feature_1 > 0.118 AND feature_0 <= 1.827 AND feature_1 > 0.818 AND feature_0 > 0.233,2.39,0.08,1.66,4.05,6,0.63,0.41,2.43,3.0,0.45,CT on P,1.0,
feature_0 > 0.212 AND feature_1 > 0.883 AND feature_0 > 1.927 AND feature_7 <= 0.63,6.188,0.0,,,4,1.0,0.6,3.744,3.0,0.58,CF,1.0,6.53
feature_0 > 0.342 AND feature_1 > 0.865 AND feature_0 > 1.28 AND feature_9 <= -0.631,5.848,0.0,,,4,0.95,0.57,3.373,3.0,0.52,CF,1.0,6.53
feature_0 > 0.726 AND feature_1 > 0.193 AND feature_0 > 2.055 AND feature_8 > 0.179,5.651,0.0,,,4,0.91,0.55,3.677,3.0,0.57,CF,1.0,6.53
feature_0 > 0.212 AND feature_1 > 0.883 AND feature_0 > 1.927,5.208,0.0,,,3,0.84,0.5,3.883,2.0,0.6,CF,1.0,6.53
feature_0 > 0.925 AND feature_1 > 0.148 AND feature_1 > 1.514 AND feature_5 > 0.383,5.045,0.0,,,4,0.82,0.49,3.575,3.0,0.55,CF,1.0,6.53
feature_0 > 0.275 AND feature_0 > 1.066 AND feature_1 > 0.783 AND feature_0 > 1.604,2.992,0.01,,,4,1.0,0.6,3.591,2.0,0.6,CF SingleTree,1.0,0.56
feature_0 > 0.275 AND feature_0 > 1.066 AND feature_1 > 0.783,2.808,0.03,,,3,0.94,0.58,3.147,2.0,0.54,CF SingleTree,1.0,0.56
feature_0 > 0.275 AND feature_0 > 1.066 AND feature_1 > 0.783 AND feature_0 <= 1.604,2.697,0.02,,,4,0.9,0.55,2.881,2.0,0.49,CF SingleTree,1.0,0.56
feature_0 > 0.275 AND feature_0 > 1.066 AND feature_1 <= 0.783 AND feature_0 > 1.664,2.363,0.04,,,4,0.79,0.49,2.648,2.0,0.46,CF SingleTree,1.0,0.56
feature_0 > 0.275 AND feature_0 > 1.066,2.133,0.14,,,2,0.71,0.48,2.369,1.0,0.45,CF SingleTree,1.0,0.56
feature_0 > -1.423 AND feature_0 > 0.401 AND feature_0 > 0.849 AND feature_1 > 0.616 AND feature_0 > 1.561,3.49,0.01,1.97,5.46,5,1.0,0.6,3.477,2.0,0.6,CT on D,1.0,
feature_0 > -1.423 AND feature_0 > 0.401 AND feature_0 > 0.849 AND feature_1 > 0.616 AND feature_0 <= 1.561 AND feature_5 <= 0.321,3.168,0.03,1.49,4.66,6,0.91,0.56,2.679,3.0,0.47,CT on D,1.0,
feature_0 > -1.423 AND feature_0 > 0.401 AND feature_0 > 0.849 AND feature_1 > 0.616,3.029,0.06,1.69,4.72,4,0.87,0.54,2.885,2.0,0.52,CT on D,1.0,
feature_0 > -1.423 AND feature_0 > 0.401 AND feature_0 > 0.849 AND feature_1 > 0.616 AND feature_0 <= 1.561,2.85,0.04,1.58,4.43,5,0.82,0.51,2.655,2.0,0.47,CT on D,1.0,
feature_0 > -1.423 AND feature_0 > 0.401 AND feature_0 > 0.849 AND feature_1 <= 0.616 AND feature_0 > 1.385 AND feature_2 <= 0.078,2.855,0.03,0.62,3.48,6,0.82,0.5,2.413,3.0,0.43,CT on D,1.0,
feature_9 > -2.206 AND feature_0 > 0.248 AND feature_0 > 1.225 AND feature_2 <= -0.082 AND feature_9 > -0.585 AND feature_4 <= 0.248,3.507,0.01,0.51,4.02,6,1.0,0.6,2.607,4.0,0.6,CT on P,1.0,
feature_9 > -2.206 AND feature_0 > 0.248 AND feature_0 > 1.225 AND feature_2 <= -0.082 AND feature_9 > -0.585,3.124,0.03,0.98,4.11,5,0.89,0.55,2.547,3.0,0.6,CT on P,1.0,
feature_9 > -2.206,0.852,0.98,1.24,2.09,1,0.24,0.54,0.815,1.0,0.58,CT on P,1.0,
feature_9 > -2.206 AND feature_0 > 0.248 AND feature_0 > 1.225 AND feature_2 > -0.082 AND feature_8 > 0.52,2.99,0.02,0.99,3.98,5,0.85,0.52,2.523,4.0,0.59,CT on P,1.0,
feature_9 > -2.206 AND feature_0 > 0.248 AND feature_0 > 1.225 AND feature_2 <= -0.082,2.906,0.05,1.05,3.96,4,0.83,0.52,2.542,3.0,0.61,CT on P,1.0,
feature_0 > 0.12 AND feature_1 > 0.838 AND feature_0 > 1.569 AND feature_2 > 0.46,6.138,0.0,,,4,1.0,0.6,3.504,3.0,0.58,CF,1.0,6.59
feature_0 > 0.161 AND feature_0 > 1.419 AND feature_1 > 0.147 AND feature_4 <= -1.439,4.808,0.0,,,4,0.78,0.47,3.262,3.0,0.54,CF,1.0,6.59
feature_0 > 0.186 AND feature_1 > 0.578 AND feature_2 > 0.011 AND feature_0 > 1.793,4.596,0.0,,,4,0.75,0.45,3.513,3.0,0.58,CF,1.0,6.59
feature_0 > 0.135 AND feature_1 > 0.584 AND feature_0 > 1.6 AND feature_6 > 0.498,4.558,0.0,,,4,0.74,0.45,3.645,3.0,0.6,CF,1.0,6.59
feature_0 > 0.166 AND feature_1 > 1.033 AND feature_2 > 0.18 AND feature_0 > 1.05,4.333,0.01,,,4,0.71,0.43,3.196,3.0,0.53,CF,1.0,6.59
feature_0 > 0.13 AND feature_0 > 0.945 AND feature_1 > 0.343 AND feature_0 > 1.444,2.718,0.03,,,4,1.0,0.61,3.209,2.0,0.61,CF SingleTree,1.0,0.55
feature_0 > 0.13 AND feature_0 > 0.945 AND feature_1 > 0.343,2.465,0.07,,,3,0.91,0.57,2.822,2.0,0.56,CF SingleTree,1.0,0.55
feature_0 > 0.13 AND feature_0 > 0.945,2.086,0.16,,,2,0.77,0.52,2.302,1.0,0.49,CF SingleTree,1.0,0.55
feature_0 > 0.13 AND feature_0 > 0.945 AND feature_1 > 0.343 AND feature_0 <= 1.444,2.282,0.04,,,4,0.84,0.52,2.541,2.0,0.49,CF SingleTree,1.0,0.55
feature_0 > 0.13 AND feature_0 > 0.945 AND feature_1 <= 0.343 AND feature_0 > 1.628,2.281,0.03,,,4,0.84,0.52,2.589,2.0,0.5,CF SingleTree,1.0,0.55
feature_2 > -1.159 AND feature_0 > -0.089 AND feature_0 > 0.846 AND feature_1 > 0.214 AND feature_7 <= -0.245 AND feature_0 > 1.083,3.742,0.02,1.02,4.76,6,1.0,0.61,2.86,4.0,0.61,CT on D,2.0,
feature_2 > -1.159 AND feature_0 > -0.089 AND feature_0 > 0.846 AND feature_1 > 0.214 AND feature_7 <= -0.245,3.511,0.04,1.05,4.57,5,0.94,0.58,2.654,4.0,0.57,CT on D,2.0,
feature_2 <= -1.159 AND feature_0 > 0.499 AND feature_1 > 0.492,3.359,0.0,1.13,4.49,3,0.9,0.54,2.623,3.0,0.55,CT on D,2.0,
feature_2 > -1.159,0.836,0.94,1.0,1.83,1,0.22,0.51,0.796,1.0,0.54,CT on D,2.0,
feature_2 > -1.159 AND feature_0 > -0.089 AND feature_0 > 0.846 AND feature_1 > 0.214,2.932,0.08,1.37,4.3,4,0.78,0.5,2.645,3.0,0.59,CT on D,2.0,
feature_0 <= 2.171 AND feature_0 > 0.002 AND feature_0 > 1.275 AND feature_1 > 0.235 AND feature_7 <= -0.024,4.091,0.02,1.07,5.16,5,1.0,0.61,2.905,3.0,0.54,CT on P,2.0,
feature_0 <= 2.171,0.817,0.99,1.01,1.83,1,0.2,0.52,0.762,1.0,0.54,CT on P,2.0,
feature_0 <= 2.171 AND feature_0 > 0.002 AND feature_0 > 1.275 AND feature_1 > 0.235,3.298,0.03,1.38,4.68,4,0.81,0.5,2.879,2.0,0.54,CT on P,2.0,
feature_0 > 2.171,3.16,0.01,1.5,4.66,1,0.77,0.47,3.275,1.0,0.6,CT on P,2.0,
feature_0 <= 2.171 AND feature_0 > 0.002,1.623,0.48,0.87,2.49,2,0.4,0.43,1.553,1.0,0.48,CT on P,2.0,
feature_0 > 0.552 AND feature_1 > 1.117 AND feature_3 <= -1.237,7.011,0.0,,,3,1.0,0.6,2.915,3.0,0.6,CF,2.0,6.87
feature_0 > 0.256 AND feature_1 > 0.966 AND feature_9 > -0.565 AND feature_9 <= -0.419,6.256,0.0,,,4,0.89,0.54,2.574,3.0,0.53,CF,2.0,6.87
feature_0 > -0.149 AND feature_0 <= 0.981 AND feature_1 > 1.369 AND feature_3 <= -1.002,6.126,0.01,,,4,0.87,0.53,2.357,3.0,0.49,CF,2.0,6.87
feature_0 > 0.306 AND feature_1 > 1.05 AND feature_6 <= -1.083 AND feature_7 > -0.581,6.042,0.01,,,4,0.86,0.52,2.696,4.0,0.56,CF,2.0,6.87
feature_0 > 0.543 AND feature_1 > 0.561 AND feature_3 <= -1.276 AND feature_8 <= 0.623,6.024,0.01,,,4,0.86,0.52,2.633,4.0,0.55,CF,2.0,6.87
feature_0 > 0.135 AND feature_0 > 0.814 AND feature_1 > 0.585 AND feature_1 > 1.095,2.652,0.03,,,4,1.0,0.61,3.048,2.0,0.61,CF SingleTree,2.0,0.54
feature_0 > 0.135 AND feature_0 > 0.814 AND feature_1 > 0.585,2.444,0.06,,,3,0.92,0.58,2.814,2.0,0.58,CF SingleTree,2.0,0.54
feature_0 > 0.135 AND feature_0 > 0.814,1.984,0.2,,,2,0.75,0.53,2.181,1.0,0.51,CF SingleTree,2.0,0.54
feature_0 > 0.135,1.611,0.4,,,1,0.61,0.52,1.689,1.0,0.49,CF SingleTree,2.0,0.54
feature_0 > 0.135 AND feature_0 <= 0.814 AND feature_1 > 0.986 AND feature_0 > 0.334,2.26,0.02,,,4,0.85,0.52,2.275,2.0,0.46,CF SingleTree,2.0,0.54
feature_8 > 0.311 AND feature_2 <= 0.484 AND feature_3 <= 0.576 AND feature_4 > -1.572 AND feature_0 > -0.122 AND feature_1 > 1.181,3.216,0.01,0.97,4.18,6,1.0,0.6,2.531,6.0,0.57,CT on D,2.0,
feature_8 <= 0.311 AND feature_0 > -2.099 AND feature_0 > -0.307 AND feature_1 > 0.52 AND feature_0 > 0.432 AND feature_1 > 0.759,3.063,0.05,1.38,4.44,6,0.95,0.59,2.672,3.0,0.62,CT on D,2.0,
feature_8 <= 0.311 AND feature_0 > -2.099 AND feature_0 > -0.307 AND feature_1 > 0.52 AND feature_0 > 0.432,2.829,0.07,1.32,4.15,5,0.88,0.56,2.516,3.0,0.59,CT on D,2.0,
feature_8 <= 0.311 AND feature_0 > -2.099 AND feature_0 > -0.307 AND feature_1 > 0.52 AND feature_0 <= 0.432 AND feature_5 <= -0.748,2.715,0.01,0.85,3.56,6,0.84,0.51,1.576,4.0,0.36,CT on D,2.0,
feature_8 <= 0.311 AND feature_0 > -2.099 AND feature_0 > -0.307 AND feature_1 > 0.52,2.474,0.12,1.13,3.6,4,0.77,0.51,2.085,3.0,0.52,CT on D,2.0,
feature_8 <= 0.372 AND feature_0 <= 1.979 AND feature_0 > -0.417 AND feature_1 > 0.527 AND feature_9 > -0.383 AND feature_0 > 0.803,3.432,0.02,1.1,4.54,6,1.0,0.61,2.662,4.0,0.52,CT on P,2.0,
feature_8 <= 0.372 AND feature_0 > 1.979,3.075,0.02,1.51,4.59,2,0.9,0.55,3.146,2.0,0.61,CT on P,2.0,
feature_8 <= 0.372 AND feature_0 <= 1.979 AND feature_0 > -0.417 AND feature_1 > 0.527 AND feature_9 > -0.383,2.643,0.08,0.95,3.59,5,0.77,0.49,1.949,4.0,0.4,CT on P,2.0,
feature_8 <= 0.372 AND feature_0 <= 1.979 AND feature_0 > -0.417 AND feature_1 > 0.527,2.439,0.13,1.1,3.54,4,0.71,0.48,1.958,3.0,0.43,CT on P,2.0,
feature_8 <= 0.372 AND feature_0 <= 1.979 AND feature_0 > -0.417 AND feature_1 > 0.527 AND feature_9 <= -0.383 AND feature_1 > 0.817,2.37,0.03,1.25,3.62,6,0.69,0.43,2.111,4.0,0.41,CT on P,2.0,
feature_0 <= -0.345 AND feature_1 <= 0.369 AND feature_0 <= -1.964 AND feature_2 > 0.659,25.568,0.0,,,4,1.0,0.6,1.882,3.0,0.6,CF,2.0,5.79
feature_0 > -1.014,1.078,0.76,,,1,0.04,0.33,1.109,1.0,0.66,CF,2.0,5.79
feature_0 > -0.952,1.102,0.74,,,1,0.04,0.32,1.135,1.0,0.66,CF,2.0,5.79
feature_0 > -0.955,1.088,0.74,,,1,0.04,0.32,1.133,1.0,0.66,CF,2.0,5.79
feature_0 <= 1.044,0.646,0.75,,,1,0.03,0.32,0.549,1.0,0.48,CF,2.0,5.79
feature_0 > -0.291 AND feature_0 > 0.894 AND feature_1 > 0.44 AND feature_1 > 0.78,2.35,0.04,,,4,1.0,0.62,3.052,2.0,0.62,CF SingleTree,2.0,0.54
feature_0 > -0.291 AND feature_0 > 0.894 AND feature_1 > 0.44,2.245,0.06,,,3,0.96,0.6,2.828,2.0,0.58,CF SingleTree,2.0,0.54
feature_0 > -0.291,1.391,0.57,,,1,0.59,0.58,1.454,1.0,0.51,CF SingleTree,2.0,0.54
feature_0 > -0.291 AND feature_0 > 0.894,1.874,0.19,,,2,0.8,0.55,2.239,1.0,0.52,CF SingleTree,2.0,0.54
feature_0 > -0.291 AND feature_0 > 0.894 AND feature_1 > 0.44 AND feature_1 <= 0.78,2.047,0.02,,,4,0.87,0.53,2.408,2.0,0.48,CF SingleTree,2.0,0.54
feature_3 > -0.969 AND feature_0 > 0.152 AND feature_0 > 1.816 AND feature_1 > 0.243,3.321,0.01,2.04,5.36,4,1.0,0.6,3.498,3.0,0.6,CT on D,2.0,
feature_3 > -0.969 AND feature_0 > 0.152 AND feature_0 <= 1.816 AND feature_1 > -0.273 AND feature_0 > 1.395 AND feature_7 <= 0.169,3.003,0.01,1.63,4.64,6,0.9,0.55,2.702,4.0,0.47,CT on D,2.0,
feature_3 > -0.969 AND feature_0 <= 0.152 AND feature_0 <= -1.332 AND feature_1 <= 0.286 AND feature_0 <= -1.84,2.787,0.02,2.54,-0.25,5,0.84,0.51,1.808,3.0,0.32,CT on D,2.0,
feature_3 <= -0.969 AND feature_8 > -0.584 AND feature_3 > -1.83 AND feature_0 > 1.134,2.778,0.01,0.45,3.23,4,0.84,0.51,2.458,3.0,0.43,CT on D,2.0,
feature_3 > -0.969 AND feature_0 > 0.152 AND feature_0 <= 1.816 AND feature_1 > -0.273 AND feature_0 > 1.395,2.68,0.02,1.77,4.45,5,0.81,0.49,2.672,3.0,0.47,CT on D,2.0,
feature_7 <= 1.107 AND feature_0 > 0.12 AND feature_0 > 0.986 AND feature_3 <= 0.884 AND feature_0 > 1.606 AND feature_2 > -0.081,3.339,0.02,1.17,4.51,6,1.0,0.61,2.809,4.0,0.6,CT on P,2.0,
feature_7 <= 1.107 AND feature_0 > 0.12 AND feature_0 > 0.986 AND feature_3 <= 0.884 AND feature_0 > 1.606,3.135,0.04,1.13,4.26,5,0.94,0.58,2.838,3.0,0.61,CT on P,2.0,
feature_7 <= 1.107 AND feature_0 > 0.12 AND feature_0 > 0.986 AND feature_3 <= 0.884 AND feature_0 > 1.606 AND feature_2 <= -0.081,2.928,0.02,1.08,4.01,6,0.88,0.53,2.869,4.0,0.61,CT on P,2.0,
feature_7 <= 1.107 AND feature_0 > 0.12 AND feature_0 > 0.986 AND feature_3 <= 0.884,2.527,0.11,1.1,3.62,4,0.76,0.5,2.337,3.0,0.53,CT on P,2.0,
feature_7 <= 1.107 AND feature_0 > 0.12 AND feature_0 <= 0.986 AND feature_1 > 0.11 AND feature_9 <= -0.832,2.699,0.02,1.16,3.86,5,0.81,0.49,1.778,4.0,0.38,CT on P,2.0,
feature_0 > 0.262 AND feature_1 > 1.416 AND feature_1 > 1.682 AND feature_0 <= 0.49,24.737,0.0,,,4,1.0,0.6,2.635,2.0,0.6,CF,2.0,7.1
feature_0 > -1.024,1.093,0.48,,,1,0.04,0.22,1.087,1.0,0.44,CF,2.0,7.1
feature_0 > -1.121,1.071,0.48,,,1,0.04,0.22,1.053,1.0,0.43,CF,2.0,7.1
feature_0 > -0.983,1.025,0.47,,,1,0.04,0.21,1.101,1.0,0.44,CF,2.0,7.1
feature_0 > -1.041,0.856,0.48,,,1,0.03,0.21,1.081,1.0,0.44,CF,2.0,7.1
feature_0 > -0.173 AND feature_0 > 0.81 AND feature_1 > 1.12 AND feature_1 > 1.49,2.463,0.01,,,4,1.0,0.6,3.467,2.0,0.6,CF SingleTree,2.0,0.56
feature_0 > -0.173 AND feature_0 > 0.81 AND feature_1 > 1.12,2.283,0.03,,,3,0.93,0.57,3.202,2.0,0.57,CF SingleTree,2.0,0.56
feature_0 > -0.173 AND feature_0 > 0.81 AND feature_1 > 1.12 AND feature_1 <= 1.49,2.103,0.01,,,4,0.85,0.52,2.938,2.0,0.51,CF SingleTree,2.0,0.56
feature_0 > -0.173 AND feature_0 > 0.81,1.776,0.17,,,2,0.72,0.5,2.198,1.0,0.45,CF SingleTree,2.0,0.56
feature_0 > -0.173 AND feature_0 > 0.81 AND feature_1 <= 1.12 AND feature_0 > 1.287,1.851,0.08,,,4,0.75,0.48,2.418,2.0,0.45,CF SingleTree,2.0,0.56
feature_4 > -1.673 AND feature_0 > 1.49 AND feature_1 > -1.049 AND feature_1 > 0.543 AND feature_8 <= 0.208,4.156,0.01,1.74,5.9,5,1.0,0.6,3.475,4.0,0.6,CT on D,2.0,
feature_4 > -1.673 AND feature_0 > 1.49 AND feature_1 > -1.049 AND feature_1 > 0.543,3.787,0.02,1.79,5.57,4,0.91,0.55,3.389,3.0,0.59,CT on D,2.0,
feature_4 > -1.673 AND feature_0 > 1.49 AND feature_1 > -1.049 AND feature_1 <= 0.543 AND feature_2 > -0.674 AND feature_0 > 1.783,3.446,0.01,0.78,4.22,6,0.83,0.5,2.77,4.0,0.48,CT on D,2.0,
feature_4 > -1.673 AND feature_0 > 1.49 AND feature_1 > -1.049 AND feature_1 > 0.543 AND feature_8 > 0.208,3.417,0.01,1.83,5.25,5,0.82,0.5,3.302,4.0,0.57,CT on D,2.0,
feature_4 > -1.673 AND feature_0 > 1.49 AND feature_1 > -1.049,3.047,0.05,1.25,4.3,3,0.73,0.46,2.813,3.0,0.51,CT on D,2.0,
feature_9 > -1.975 AND feature_0 > 0.29 AND feature_0 > 1.494 AND feature_8 > -0.43 AND feature_8 <= 0.327,3.86,0.02,0.33,4.19,5,1.0,0.61,2.688,3.0,0.6,CT on P,2.0,
feature_9 > -1.975,0.846,0.98,0.77,1.62,1,0.22,0.52,0.816,1.0,0.57,CT on P,2.0,
feature_9 > -1.975 AND feature_0 > 0.29 AND feature_0 > 1.494 AND feature_8 > -0.43,3.186,0.04,0.84,4.02,4,0.83,0.51,2.701,3.0,0.61,CT on P,2.0,
feature_9 > -1.975 AND feature_0 > 0.29 AND feature_0 > 1.494,2.883,0.07,1.02,3.91,3,0.75,0.48,2.709,2.0,0.63,CT on P,2.0,
feature_9 > -1.975 AND feature_0 > 0.29 AND feature_0 <= 1.494 AND feature_1 > -0.506 AND feature_2 <= -0.065 AND feature_7 <= -0.33,2.836,0.05,0.5,3.33,6,0.73,0.46,1.852,5.0,0.43,CT on P,2.0,
feature_0 > -0.089 AND feature_1 > 0.691 AND feature_0 > 1.363 AND feature_3 > 0.719,6.847,0.0,,,4,1.0,0.6,3.37,3.0,0.48,CF,2.0,6.65
feature_0 > 0.768 AND feature_1 > 1.112 AND feature_2 > 0.333 AND feature_8 > -0.498,6.044,0.0,,,4,0.88,0.53,3.147,4.0,0.45,CF,2.0,6.65
feature_0 > 0.761 AND feature_1 > 1.368 AND feature_9 > 0.143 AND feature_0 > 0.958,5.863,0.01,,,4,0.86,0.52,3.473,3.0,0.5,CF,2.0,6.65
feature_0 > -0.332 AND feature_1 > 1.346 AND feature_0 > 1.72,5.861,0.0,,,3,0.86,0.51,4.176,2.0,0.6,CF,2.0,6.65
feature_0 > 0.232 AND feature_1 > 0.629 AND feature_0 > 1.11 AND feature_2 > 0.723,5.715,0.0,,,4,0.83,0.5,3.178,3.0,0.46,CF,2.0,6.65
feature_0 > -0.016 AND feature_0 > 0.76 AND feature_1 > 0.541 AND feature_0 > 1.343,2.679,0.03,,,4,1.0,0.61,3.255,2.0,0.61,CF SingleTree,2.0,0.53
feature_0 > -0.016 AND feature_0 > 0.76 AND feature_1 > 0.541,2.439,0.06,,,3,0.91,0.57,2.806,2.0,0.54,CF SingleTree,2.0,0.53
feature_0 > -0.016 AND feature_0 > 0.76 AND feature_1 > 0.541 AND feature_0 <= 1.343,2.263,0.04,,,4,0.84,0.52,2.482,2.0,0.47,CF SingleTree,2.0,0.53
feature_0 > -0.016 AND feature_0 > 0.76,1.925,0.2,,,2,0.72,0.51,2.15,1.0,0.48,CF SingleTree,2.0,0.53
feature_0 > -0.016,1.485,0.43,,,1,0.55,0.5,1.611,1.0,0.47,CF SingleTree,2.0,0.53
feature_8 > -1.455 AND feature_0 > 0.631 AND feature_0 > 1.178 AND feature_1 > 0.747 AND feature_2 <= 0.11,4.107,0.01,1.4,5.51,5,1.0,0.6,3.13,4.0,0.57,CT on D,2.0,
feature_8 > -1.455 AND feature_0 > 0.631 AND feature_0 > 1.178 AND feature_1 > 0.747,3.829,0.03,1.6,5.43,4,0.93,0.57,3.215,3.0,0.59,CT on D,2.0,
feature_8 > -1.455 AND feature_0 > 0.631 AND feature_0 > 1.178 AND feature_1 <= 0.747 AND feature_0 > 2.212,3.866,0.01,0.73,4.6,5,0.94,0.57,3.084,3.0,0.56,CT on D,2.0,
feature_8 > -1.455 AND feature_0 > 0.631 AND feature_0 > 1.178 AND feature_1 > 0.747 AND feature_2 > 0.11,3.48,0.01,1.85,5.33,5,0.85,0.51,3.322,4.0,0.6,CT on D,2.0,
feature_8 > -1.455 AND feature_0 > 0.631 AND feature_0 <= 1.178 AND feature_1 > 0.513 AND feature_0 > 0.795 AND feature_6 > 0.219,3.238,0.01,1.26,4.5,6,0.79,0.48,2.429,4.0,0.44,CT on D,2.0,
feature_8 > -0.726 AND feature_0 > -0.477 AND feature_0 > 1.016 AND feature_0 > 1.854 AND feature_7 <= 0.001,4.228,0.01,0.53,4.76,5,1.0,0.6,3.013,3.0,0.6,CT on P,2.0,
feature_8 > -0.726 AND feature_0 > -0.477 AND feature_0 > 1.016 AND feature_0 > 1.854,3.752,0.03,0.7,4.45,4,0.89,0.54,3.008,2.0,0.61,CT on P,2.0,
feature_8 > -0.726 AND feature_0 > -0.477 AND feature_0 > 1.016 AND feature_0 <= 1.854 AND feature_5 <= -0.953,3.236,0.02,0.13,3.36,5,0.77,0.47,2.172,3.0,0.44,CT on P,2.0,
feature_8 > -0.726 AND feature_0 > -0.477 AND feature_0 > 1.016 AND feature_0 > 1.854 AND feature_7 > 0.001,3.173,0.01,0.9,4.08,5,0.75,0.45,3.002,3.0,0.6,CT on P,2.0,
feature_8 > -0.726 AND feature_0 > -0.477 AND feature_0 > 1.016,2.594,0.12,0.77,3.36,3,0.61,0.42,2.343,2.0,0.51,CT on P,2.0,
feature_0 > 0.386 AND feature_1 > 0.487 AND feature_0 > 2.113 AND feature_2 <= 0.147,10.142,0.0,,,4,1.0,0.6,3.862,3.0,0.6,CF,2.0,6.81
feature_0 > 0.91 AND feature_1 > 0.213 AND feature_1 <= 1.802 AND feature_6 <= -1.599,9.304,0.0,,,4,0.92,0.55,2.79,3.0,0.43,CF,2.0,6.81
feature_0 > 0.401 AND feature_1 > 1.628 AND feature_4 > 1.281,7.498,0.0,,,3,0.74,0.44,3.243,3.0,0.5,CF,2.0,6.81
feature_0 > -1.007,1.185,0.76,,,1,0.12,0.37,1.085,1.0,0.47,CF,2.0,6.81
feature_0 > -0.985,1.159,0.76,,,1,0.11,0.37,1.094,1.0,0.47,CF,2.0,6.81
feature_0 > -0.114 AND feature_0 > 1.024 AND feature_1 > 0.323 AND feature_0 > 1.165,2.627,0.05,,,4,1.0,0.62,2.984,2.0,0.62,CF SingleTree,2.0,0.65
feature_0 > -0.114 AND feature_0 > 1.024 AND feature_1 > 0.323,2.547,0.06,,,3,0.97,0.61,2.888,2.0,0.6,CF SingleTree,2.0,0.65
feature_0 > -0.114 AND feature_0 > 1.024,2.269,0.15,,,2,0.86,0.58,2.356,1.0,0.53,CF SingleTree,2.0,0.65
feature_0 > -0.114 AND feature_0 > 1.024 AND feature_1 <= 0.323 AND feature_0 > 1.164,2.204,0.08,,,4,0.84,0.54,2.139,2.0,0.46,CF SingleTree,2.0,0.65
feature_0 > -0.114,1.438,0.51,,,1,0.55,0.53,1.533,1.0,0.51,CF SingleTree,2.0,0.65
feature_2 > -1.712 AND feature_0 > -0.286 AND feature_1 > 0.463 AND feature_0 > 1.589,3.882,0.02,1.77,5.65,4,1.0,0.61,3.435,3.0,0.61,CT on D,2.0,
feature_2 > -1.712 AND feature_0 > -0.286 AND feature_1 > 0.463 AND feature_0 <= 1.589 AND feature_1 > 1.936,3.469,0.01,1.79,5.26,5,0.89,0.54,2.99,3.0,0.53,CT on D,2.0,
feature_2 > -1.712 AND feature_0 > -0.286 AND feature_1 <= 0.463 AND feature_0 > 0.359 AND feature_0 > 1.601 AND feature_1 > -0.106,2.97,0.01,1.44,4.41,6,0.77,0.46,2.84,3.0,0.5,CT on D,2.0,
feature_2 > -1.712 AND feature_0 > -0.286 AND feature_1 > 0.463,2.266,0.17,1.33,3.6,3,0.58,0.42,2.065,3.0,0.43,CT on D,2.0,
feature_2 > -1.712 AND feature_0 <= -0.286 AND feature_1 <= 1.883 AND feature_0 <= -1.766 AND feature_2 <= 0.039,2.522,0.02,1.54,-0.98,5,0.65,0.4,1.391,3.0,0.25,CT on D,2.0,
feature_0 > 0.476 AND feature_1 > 1.578,4.074,0.02,1.91,5.98,2,1.0,0.61,3.304,2.0,0.61,CT on P,2.0,
feature_0 > 0.476 AND feature_1 <= 1.578 AND feature_0 > 1.756,3.114,0.03,0.68,3.8,3,0.76,0.47,2.867,2.0,0.53,CT on P,2.0,
feature_0 > 0.476,1.899,0.32,0.71,2.61,1,0.47,0.41,1.953,1.0,0.48,CT on P,2.0,
feature_0 > 0.476 AND feature_1 <= 1.578,1.766,0.3,0.64,2.4,2,0.43,0.38,1.87,2.0,0.46,CT on P,2.0,
feature_0 <= 0.476 AND feature_0 > -0.216 AND feature_4 <= 0.082 AND feature_1 > -0.699 AND feature_4 > -1.388 AND feature_8 <= -0.276,2.355,0.04,-0.44,1.92,6,0.58,0.36,1.091,4.0,0.21,CT on P,2.0,
feature_0 > -0.244 AND feature_1 > 1.458 AND feature_6 > -0.85 AND feature_7 > 1.182,31.215,0.0,,,4,1.0,0.6,2.65,4.0,0.6,CF,2.0,7.12
feature_0 > -1.182,1.121,0.52,,,1,0.04,0.23,1.031,1.0,0.44,CF,2.0,7.12
feature_0 > -1.002,1.15,0.5,,,1,0.04,0.22,1.095,1.0,0.45,CF,2.0,7.12
feature_0 > -1.024,1.084,0.5,,,1,0.03,0.22,1.088,1.0,0.45,CF,2.0,7.12
feature_0 > -1.058,0.955,0.5,,,1,0.03,0.22,1.077,1.0,0.44,CF,2.0,7.12
feature_0 > -0.119 AND feature_1 > 0.506 AND feature_0 > 0.829 AND feature_1 > 1.579,3.119,0.01,,,4,1.0,0.6,3.567,2.0,0.6,CF SingleTree,2.0,0.57
feature_0 > -0.119 AND feature_1 > 0.506 AND feature_0 > 0.829,2.435,0.07,,,3,0.78,0.5,2.84,2.0,0.51,CF SingleTree,2.0,0.57
feature_0 > -0.119 AND feature_1 > 0.506 AND feature_0 > 0.829 AND feature_1 <= 1.579,2.284,0.05,,,4,0.73,0.46,2.677,2.0,0.47,CF SingleTree,2.0,0.57
feature_0 > -0.119 AND feature_1 > 0.506,1.946,0.15,,,2,0.62,0.43,2.179,2.0,0.43,CF SingleTree,2.0,0.57
feature_0 > -0.119,1.352,0.38,,,1,0.43,0.41,1.538,1.0,0.41,CF SingleTree,2.0,0.57
feature_1 > -1.131 AND feature_0 > 0.426 AND feature_1 > 0.954 AND feature_0 > 0.601 AND feature_1 > 1.403 AND feature_5 <= 0.2,4.134,0.01,1.2,5.34,6,1.0,0.6,3.23,3.0,0.6,CT on D,2.0,
feature_1 > -1.131 AND feature_0 > 0.426 AND feature_1 > 0.954 AND feature_0 > 0.601 AND feature_1 > 1.403,3.626,0.02,1.64,5.27,5,0.88,0.53,3.242,2.0,0.61,CT on D,2.0,
feature_1 > -1.131 AND feature_0 > 0.426 AND feature_1 > 0.954 AND feature_0 > 0.601 AND feature_1 <= 1.403 AND feature_4 > -0.069,3.408,0.01,1.41,4.82,6,0.82,0.5,2.517,3.0,0.47,CT on D,2.0,
feature_1 > -1.131 AND feature_0 > 0.426 AND feature_1 > 0.954 AND feature_0 > 0.601,3.233,0.05,1.52,4.76,4,0.78,0.49,2.911,2.0,0.56,CT on D,2.0,
feature_1 > -1.131 AND feature_0 > 0.426 AND feature_1 <= 0.954 AND feature_0 > 1.069 AND feature_5 <= 0.494 AND feature_6 <= -0.538,3.3,0.02,0.43,3.73,6,0.8,0.49,2.255,4.0,0.43,CT on D,2.0,
feature_2 <= 0.812 AND feature_0 > 1.188 AND feature_1 > 1.124,3.957,0.01,1.55,5.5,3,1.0,0.6,3.496,3.0,0.6,CT on P,2.0,
feature_2 <= 0.812 AND feature_0 > 1.188 AND feature_1 <= 1.124 AND feature_7 <= -0.502 AND feature_9 <= -0.163,3.742,0.01,0.27,4.01,5,0.95,0.57,2.37,5.0,0.41,CT on P,2.0,
feature_2 <= 0.812 AND feature_0 > 1.188 AND feature_1 <= 1.124 AND feature_7 > -0.502 AND feature_3 <= 0.535 AND feature_6 > 0.293,3.275,0.02,-0.01,3.27,6,0.83,0.5,2.28,6.0,0.4,CT on P,2.0,
feature_2 <= 0.812,0.844,0.94,0.77,1.61,1,0.21,0.5,0.777,1.0,0.51,CT on P,2.0,
feature_2 <= 0.812 AND feature_0 > 1.188 AND feature_1 <= 1.124 AND feature_7 <= -0.502,3.065,0.03,0.48,3.54,4,0.77,0.48,2.319,4.0,0.41,CT on P,2.0,
feature_0 > 0.424 AND feature_1 > 0.611 AND feature_0 <= 0.697 AND feature_2 <= -0.967,25.991,0.0,,,4,1.0,0.6,2.092,3.0,0.6,CF,2.0,6.94
feature_0 <= 0.845 AND feature_2 <= 0.773,0.643,0.74,,,2,0.02,0.31,0.433,2.0,0.42,CF,2.0,6.94
feature_0 > -0.876,1.192,0.7,,,1,0.05,0.31,1.118,1.0,0.6,CF,2.0,6.94
feature_0 <= 0.994,0.611,0.73,,,1,0.02,0.31,0.496,1.0,0.43,CF,2.0,6.94
feature_0 <= 0.997,0.521,0.73,,,1,0.02,0.3,0.497,1.0,0.43,CF,2.0,6.94
feature_0 > 0.361 AND feature_1 > 0.714 AND feature_0 > 0.774 AND feature_0 > 1.344,2.814,0.02,,,4,1.0,0.61,3.412,2.0,0.61,CF SingleTree,2.0,0.57
feature_0 > 0.361 AND feature_1 > 0.714 AND feature_0 > 0.774,2.597,0.05,,,3,0.92,0.57,2.907,2.0,0.53,CF SingleTree,2.0,0.57
feature_0 > 0.361 AND feature_1 > 0.714 AND feature_0 > 0.774 AND feature_0 <= 1.344,2.458,0.03,,,4,0.87,0.54,2.584,2.0,0.47,CF SingleTree,2.0,0.57
feature_0 > 0.361 AND feature_1 > 0.714,2.355,0.08,,,2,0.84,0.53,2.603,2.0,0.49,CF SingleTree,2.0,0.57
feature_0 > 0.361,1.743,0.33,,,1,0.62,0.5,1.827,1.0,0.45,CF SingleTree,2.0,0.57
feature_2 <= 1.891 AND feature_0 > -0.472 AND feature_0 > 1.068 AND feature_1 > 0.169 AND feature_3 <= -0.251 AND feature_0 > 1.491,3.886,0.02,0.9,4.78,6,1.0,0.61,3.232,4.0,0.61,CT on D,2.0,
feature_2 <= 1.891 AND feature_0 > -0.472 AND feature_0 > 1.068 AND feature_1 > 0.169 AND feature_3 <= -0.251,3.575,0.04,0.77,4.35,5,0.92,0.57,2.891,4.0,0.55,CT on D,2.0,
feature_2 <= 1.891 AND feature_0 > -0.472 AND feature_0 > 1.068 AND feature_1 > 0.169 AND feature_3 <= -0.251 AND feature_0 <= 1.491,3.259,0.02,0.65,3.91,6,0.84,0.51,2.543,4.0,0.48,CT on D,2.0,
feature_2 <= 1.891 AND feature_0 > -0.472 AND feature_0 > 1.068 AND feature_1 > 0.169,3.09,0.05,1.57,4.66,4,0.8,0.5,2.889,3.0,0.56,CT on D,2.0,
feature_2 <= 1.891 AND feature_0 > -0.472 AND feature_0 > 1.068 AND feature_1 > 0.169 AND feature_3 > -0.251 AND feature_0 > 1.296,3.185,0.01,1.96,5.14,6,0.82,0.5,3.067,4.0,0.57,CT on D,2.0,
feature_8 > -1.816 AND feature_0 > 0.592 AND feature_1 > 0.198 AND feature_0 > 1.394,3.522,0.03,1.29,4.81,4,1.0,0.61,3.15,3.0,0.61,CT on P,2.0,
feature_8 > -1.816 AND feature_0 > 0.592 AND feature_1 > 0.198 AND feature_0 <= 1.394 AND feature_2 > 0.176 AND feature_4 <= -0.077,3.437,0.02,0.21,3.64,6,0.98,0.59,2.239,5.0,0.43,CT on P,2.0,
feature_8 > -1.816 AND feature_0 > 0.592 AND feature_1 <= 0.198 AND feature_6 > 1.097,3.243,0.02,-0.49,2.76,4,0.92,0.56,1.686,4.0,0.33,CT on P,2.0,
feature_8 > -1.816 AND feature_0 > 0.592 AND feature_1 > 0.198 AND feature_0 <= 1.394 AND feature_2 > 0.176,3.086,0.04,0.51,3.59,5,0.88,0.54,2.26,4.0,0.45,CT on P,2.0,
feature_8 > -1.816 AND feature_0 > 0.592 AND feature_1 > 0.198,2.828,0.12,0.89,3.72,3,0.8,0.53,2.504,3.0,0.52,CT on P,2.0,
feature_0 > -0.462 AND feature_1 > 1.568 AND feature_7 <= -1.466,7.062,0.0,,,3,1.0,0.6,2.569,3.0,0.43,CF,2.0,6.74
feature_0 > -0.397 AND feature_1 > 1.424 AND feature_0 > 1.051 AND feature_3 <= 0.31,6.132,0.01,,,4,0.87,0.52,3.61,3.0,0.6,CF,2.0,6.74
feature_0 <= 0.592 AND feature_0 <= -0.726 AND feature_3 > 0.73 AND feature_8 > 1.202,5.515,0.0,,,4,0.78,0.47,0.531,3.0,0.09,CF,2.0,6.74
feature_0 > -0.33 AND feature_1 > 1.397 AND feature_2 <= 0.847 AND feature_8 > 1.507,5.3,0.0,,,4,0.75,0.45,2.629,4.0,0.44,CF,2.0,6.74
feature_0 > -0.462 AND feature_1 > 1.568 AND feature_7 > -1.466 AND feature_1 <= 1.63,4.987,0.0,,,4,0.71,0.42,2.266,3.0,0.38,CF,2.0,6.74
feature_0 > -0.485 AND feature_0 > 1.093 AND feature_1 > 0.202 AND feature_0 > 1.319,2.564,0.03,,,4,1.0,0.61,3.11,2.0,0.61,CF SingleTree,2.0,0.59
feature_0 > -0.485 AND feature_0 > 1.093 AND feature_1 > 0.202,2.443,0.05,,,3,0.95,0.59,2.923,2.0,0.58,CF SingleTree,2.0,0.59
feature_0 > -0.485 AND feature_0 > 1.093,2.091,0.12,,,2,0.82,0.54,2.437,1.0,0.52,CF SingleTree,2.0,0.59
feature_0 > -0.485 AND feature_0 > 1.093 AND feature_1 > 0.202 AND feature_0 <= 1.319,2.188,0.02,,,4,0.85,0.52,2.531,2.0,0.5,CF SingleTree,2.0,0.59
feature_0 > -0.485 AND feature_0 <= 1.093 AND feature_1 > 1.082 AND feature_0 > 0.163,2.008,0.04,,,4,0.78,0.49,2.366,2.0,0.47,CF SingleTree,2.0,0.59
feature_5 <= 2.263 AND feature_0 > 0.077 AND feature_0 > 1.903 AND feature_6 <= 0.036,3.772,0.01,0.88,4.65,4,1.0,0.6,3.024,3.0,0.59,CT on D,2.0,
feature_5 <= 2.263 AND feature_0 > 0.077 AND feature_0 > 1.903,3.4,0.03,1.14,4.54,3,0.9,0.55,3.063,2.0,0.61,CT on D,2.0,
feature_5 <= 2.263 AND feature_0 > 0.077 AND feature_0 > 1.903 AND feature_6 > 0.036,3.068,0.02,1.37,4.44,4,0.81,0.5,3.097,3.0,0.61,CT on D,2.0,
feature_5 <= 2.263 AND feature_0 <= 0.077 AND feature_1 > 1.5 AND feature_6 > 0.079,2.938,0.02,0.8,3.73,4,0.78,0.48,1.406,4.0,0.28,CT on D,2.0,
feature_5 <= 2.263,0.789,0.86,1.02,1.81,1,0.21,0.47,0.813,1.0,0.5,CT on D,2.0,
feature_4 > -1.408 AND feature_0 > 0.038 AND feature_1 > -0.082 AND feature_0 > 1.758,3.81,0.02,1.67,5.48,4,1.0,0.61,3.34,3.0,0.61,CT on P,2.0,
feature_4 > -1.408,0.806,0.92,1.06,1.87,1,0.21,0.49,0.815,1.0,0.51,CT on P,2.0,
feature_4 > -1.408 AND feature_0 > 0.038 AND feature_1 > -0.082 AND feature_0 <= 1.758 AND feature_1 > 0.819 AND feature_9 <= -0.203,2.836,0.04,1.36,4.2,6,0.74,0.46,2.292,4.0,0.43,CT on P,2.0,
feature_4 > -1.408 AND feature_0 > 0.038 AND feature_1 <= -0.082 AND feature_0 > 1.363 AND feature_0 > 1.737,2.781,0.02,0.57,3.35,5,0.73,0.45,2.521,3.0,0.46,CT on P,2.0,
feature_4 > -1.408 AND feature_0 > 0.038,1.547,0.45,0.99,2.54,2,0.41,0.42,1.634,2.0,0.47,CT on P,2.0,
feature_0 > 0.323 AND feature_0 > 2.024 AND feature_7 > 0.538 AND feature_4 <= -0.213,35.977,0.0,,,4,1.0,0.6,3.324,3.0,0.6,CF,2.0,7.46
feature_0 > -1.287,1.01,0.8,,,1,0.03,0.34,1.001,1.0,0.5,CF,2.0,7.46
feature_0 > -1.142,0.921,0.78,,,1,0.03,0.33,1.042,1.0,0.5,CF,2.0,7.46
feature_0 <= 1.224,0.659,0.79,,,1,0.02,0.33,0.604,1.0,0.43,CF,2.0,7.46
feature_0 > -0.997,0.987,0.75,,,1,0.03,0.32,1.092,1.0,0.5,CF,2.0,7.46
feature_0 > 0.443 AND feature_1 > 0.843 AND feature_0 > 0.905 AND feature_0 > 1.099,2.814,0.03,,,4,1.0,0.61,3.199,2.0,0.61,CF SingleTree,2.0,0.6
feature_0 > 0.443 AND feature_1 > 0.843 AND feature_0 > 0.905,2.734,0.04,,,3,0.97,0.6,3.051,2.0,0.59,CF SingleTree,2.0,0.6
feature_0 > 0.443 AND feature_1 > 0.843,2.47,0.07,,,2,0.88,0.55,2.728,2.0,0.54,CF SingleTree,2.0,0.6
feature_0 > 0.443 AND feature_1 > 0.843 AND feature_0 > 0.905 AND feature_0 <= 1.099,2.497,0.01,,,4,0.89,0.54,2.605,2.0,0.49,CF SingleTree,2.0,0.6
feature_0 > 0.443,1.718,0.32,,,1,0.61,0.49,1.9,1.0,0.48,CF SingleTree,2.0,0.6
feature_0 > -1.423 AND feature_0 > 0.401 AND feature_0 > 0.864 AND feature_1 > 0.616 AND feature_5 <= 0.188 AND feature_5 <= -0.831,3.798,0.01,1.23,5.03,6,1.0,0.6,2.946,3.0,0.6,CT on D,2.0,
feature_0 > -1.423 AND feature_0 > 0.401 AND feature_0 > 0.864 AND feature_1 > 0.616 AND feature_5 <= 0.188,3.384,0.03,1.54,4.92,5,0.89,0.55,2.92,3.0,0.61,CT on D,2.0,
feature_0 > -1.423 AND feature_0 > 0.401 AND feature_0 > 0.864 AND feature_1 > 0.616 AND feature_5 > 0.188 AND feature_7 <= -0.194,3.281,0.01,1.59,4.88,6,0.86,0.52,2.926,4.0,0.6,CT on D,2.0,
feature_0 > -1.423 AND feature_0 > 0.401 AND feature_0 > 0.864 AND feature_1 > 0.616 AND feature_5 <= 0.188 AND feature_5 > -0.831,3.158,0.02,1.71,4.87,6,0.83,0.51,2.905,3.0,0.6,CT on D,2.0,
feature_0 > -1.423 AND feature_0 > 0.401 AND feature_0 > 0.864 AND feature_1 <= 0.616 AND feature_0 > 1.385 AND feature_2 <= -0.146,3.112,0.02,0.45,3.56,6,0.82,0.5,2.409,3.0,0.5,CT on D,2.0,
feature_9 > -2.206 AND feature_0 > -0.534 AND feature_0 > 0.248 AND feature_0 > 1.464 AND feature_9 > -0.024 AND feature_9 <= 0.711,3.712,0.02,1.12,4.83,6,1.0,0.61,2.813,2.0,0.61,CT on P,2.0,
feature_9 > -2.206 AND feature_0 > -0.534 AND feature_0 > 0.248 AND feature_0 > 1.464 AND feature_9 > -0.024,3.447,0.03,1.28,4.72,5,0.93,0.57,2.787,2.0,0.61,CT on P,2.0,
feature_9 > -2.206,0.842,0.98,1.26,2.11,1,0.23,0.53,0.815,1.0,0.57,CT on P,2.0,
feature_9 > -2.206 AND feature_0 > -0.534 AND feature_0 > 0.248 AND feature_0 > 1.464 AND feature_9 > -0.024 AND feature_9 > 0.711,3.136,0.02,1.46,4.59,6,0.84,0.51,2.759,2.0,0.6,CT on P,2.0,
feature_9 > -2.206 AND feature_0 > -0.534,1.367,0.7,1.17,2.54,2,0.37,0.5,1.308,2.0,0.56,CT on P,2.0,
feature_0 > -0.337 AND feature_1 <= 0.444 AND feature_0 > 1.503 AND feature_8 > 0.865,9.213,0.01,,,4,1.0,0.6,2.431,3.0,0.43,CF,2.0,6.59
feature_0 > 0.125 AND feature_0 > 1.374 AND feature_4 <= -1.243 AND feature_0 > 1.847,7.783,0.0,,,4,0.84,0.51,3.169,2.0,0.55,CF,2.0,6.59
feature_0 > 0.183 AND feature_0 > 1.739 AND feature_9 > -0.316 AND feature_8 > 1.082,7.58,0.0,,,4,0.82,0.49,2.929,3.0,0.51,CF,2.0,6.59
feature_0 > 0.127 AND feature_1 > 0.541 AND feature_0 > 1.567 AND feature_4 <= -0.655,6.653,0.0,,,4,0.72,0.43,3.43,3.0,0.6,CF,2.0,6.59
feature_0 > 0.108 AND feature_1 > 0.716 AND feature_0 > 1.324 AND feature_4 <= -0.549,6.088,0.0,,,4,0.66,0.4,3.328,3.0,0.58,CF,2.0,6.59
feature_0 > 0.138 AND feature_0 > 0.863 AND feature_1 > 0.334 AND feature_0 > 1.444,2.584,0.03,,,4,1.0,0.61,3.202,2.0,0.61,CF SingleTree,2.0,0.56
feature_0 > 0.138 AND feature_0 > 0.863 AND feature_1 > 0.334,2.321,0.07,,,3,0.9,0.57,2.758,2.0,0.54,CF SingleTree,2.0,0.56
feature_0 > 0.138 AND feature_0 > 0.863,2.021,0.18,,,2,0.78,0.54,2.23,1.0,0.49,CF SingleTree,2.0,0.56
feature_0 > 0.138 AND feature_0 > 0.863 AND feature_1 <= 0.334 AND feature_0 > 1.708,2.23,0.03,,,4,0.86,0.53,2.666,2.0,0.51,CF SingleTree,2.0,0.56
feature_0 > 0.138 AND feature_0 > 0.863 AND feature_1 > 0.334 AND feature_0 <= 1.444,2.164,0.05,,,4,0.84,0.52,2.493,2.0,0.49,CF SingleTree,2.0,0.56
feature_2 > -1.159 AND feature_0 > -0.089 AND feature_0 > 0.846 AND feature_1 > 0.214 AND feature_7 <= -0.245 AND feature_7 > -0.637,4.956,0.01,-0.04,4.92,6,1.0,0.6,2.654,4.0,0.6,CT on D,3.0,
feature_2 > -1.159,0.873,0.94,0.98,1.85,1,0.18,0.48,0.796,1.0,0.56,CT on D,3.0,
feature_2 > -1.159 AND feature_0 > -0.089 AND feature_0 > 0.846 AND feature_1 > 0.214 AND feature_7 <= -0.245,3.845,0.04,0.88,4.72,5,0.78,0.48,2.654,4.0,0.62,CT on D,3.0,
feature_2 <= -1.159 AND feature_0 > 0.499 AND feature_1 > 0.492,3.664,0.0,0.99,4.65,3,0.74,0.44,2.623,3.0,0.59,CT on D,3.0,
feature_2 > -1.159 AND feature_0 > -0.089 AND feature_0 <= 0.846 AND feature_1 > 1.369 AND feature_3 <= -0.439,3.521,0.01,1.04,4.56,5,0.71,0.43,2.304,4.0,0.52,CT on D,3.0,
feature_0 <= 2.171 AND feature_0 > 0.002 AND feature_0 > 1.275 AND feature_1 > -0.678 AND feature_7 <= 0.261 AND feature_1 > 0.201,3.913,0.02,1.07,4.99,6,1.0,0.61,2.885,3.0,0.54,CT on P,3.0,
feature_0 <= 2.171 AND feature_0 > 0.002 AND feature_0 > 1.275 AND feature_1 > -0.678 AND feature_7 <= 0.261,3.481,0.04,0.77,4.25,5,0.89,0.55,2.583,3.0,0.49,CT on P,3.0,
feature_0 <= 2.171,0.857,0.99,0.99,1.85,1,0.22,0.53,0.762,1.0,0.54,CT on P,3.0,
feature_0 <= 2.171 AND feature_0 > 0.002 AND feature_0 > 1.275 AND feature_1 > -0.678,2.992,0.06,1.02,4.01,4,0.76,0.48,2.574,2.0,0.5,CT on P,3.0,
feature_0 > 2.171,3.049,0.01,1.63,4.68,1,0.78,0.47,3.275,1.0,0.6,CT on P,3.0,
feature_0 <= -0.02 AND feature_1 > 1.647 AND feature_4 <= -0.55 AND feature_9 > -0.299,20.29,0.0,,,4,1.0,0.6,1.479,4.0,0.6,CF,3.0,6.4
feature_0 <= 1.287,0.881,0.76,,,1,0.04,0.33,0.609,1.0,0.55,CF,3.0,6.4
feature_1 <= 1.094,0.76,0.73,,,1,0.04,0.31,0.643,1.0,0.55,CF,3.0,6.4
feature_0 > -0.95,1.053,0.7,,,1,0.05,0.31,1.107,1.0,0.73,CF,3.0,6.4
feature_0 > -0.909,1.041,0.69,,,1,0.05,0.31,1.125,1.0,0.73,CF,3.0,6.4
feature_0 > 0.188 AND feature_0 > 0.771 AND feature_1 > 0.955 AND feature_1 > 1.405,2.725,0.01,,,4,1.0,0.6,3.254,2.0,0.6,CF SingleTree,3.0,0.6
feature_0 > 0.188 AND feature_0 > 0.771 AND feature_1 > 0.955,2.55,0.04,,,3,0.94,0.58,2.945,2.0,0.56,CF SingleTree,3.0,0.6
feature_0 > 0.188 AND feature_0 > 0.771 AND feature_1 > 0.955 AND feature_1 <= 1.405,2.415,0.02,,,4,0.89,0.54,2.705,2.0,0.51,CF SingleTree,3.0,0.6
feature_0 > 0.188,1.647,0.38,,,1,0.6,0.51,1.723,1.0,0.47,CF SingleTree,3.0,0.6
feature_0 > 0.188 AND feature_0 > 0.771,1.95,0.21,,,2,0.72,0.51,2.147,1.0,0.48,CF SingleTree,3.0,0.6
feature_8 <= 0.311 AND feature_0 <= 2.014 AND feature_0 > -0.368 AND feature_1 > 0.5 AND feature_5 > 0.379 AND feature_0 > 0.691,3.998,0.02,1.25,5.25,6,1.0,0.61,2.597,4.0,0.49,CT on D,3.0,
feature_8 > 0.311 AND feature_2 <= 0.484 AND feature_3 <= 0.576 AND feature_4 > -1.572 AND feature_0 > -0.122 AND feature_1 > 1.181,3.51,0.01,0.73,4.24,6,0.88,0.53,2.531,6.0,0.48,CT on D,3.0,
feature_8 <= 0.311 AND feature_0 <= 2.014 AND feature_0 > -0.368 AND feature_1 > 0.5 AND feature_5 > 0.379,3.089,0.04,0.82,3.91,5,0.77,0.48,1.982,4.0,0.39,CT on D,3.0,
feature_8 <= 0.311 AND feature_0 <= 2.014 AND feature_0 > -0.368 AND feature_1 > 0.5 AND feature_5 <= 0.379 AND feature_5 <= -0.867,3.077,0.02,0.69,3.76,6,0.77,0.47,1.956,4.0,0.37,CT on D,3.0,
feature_8 <= 0.311 AND feature_0 > 2.014,2.922,0.01,1.5,4.42,2,0.73,0.44,3.203,2.0,0.6,CT on D,3.0,
feature_8 <= 0.372 AND feature_0 <= 1.965 AND feature_0 > -0.417 AND feature_1 > 0.527 AND feature_9 > -0.382 AND feature_0 > 0.671,3.652,0.03,0.95,4.6,6,1.0,0.61,2.567,4.0,0.5,CT on P,3.0,
feature_8 <= 0.372 AND feature_0 <= 1.965 AND feature_0 > -0.417 AND feature_1 > 0.527 AND feature_9 > -0.382,2.956,0.08,0.77,3.72,5,0.81,0.52,1.949,4.0,0.4,CT on P,3.0,
feature_8 <= 0.372 AND feature_0 > 1.965,3.092,0.02,1.51,4.6,2,0.85,0.52,3.138,2.0,0.61,CT on P,3.0,
feature_8 <= 0.372 AND feature_0 <= 1.965 AND feature_0 > -0.417 AND feature_1 > 0.527,2.646,0.13,0.99,3.63,4,0.72,0.49,1.955,3.0,0.43,CT on P,3.0,
feature_8 <= 0.372 AND feature_0 <= 1.965 AND feature_0 > -0.417 AND feature_1 > 0.527 AND feature_9 > -0.382 AND feature_0 <= 0.671,2.564,0.05,0.67,3.23,6,0.7,0.44,1.593,4.0,0.32,CT on P,3.0,
feature_0 <= 0.665 AND feature_4 > 0.958 AND feature_3 <= -0.507 AND feature_1 > 1.494,59.459,0.0,,,4,1.0,0.6,1.612,4.0,0.6,CF,3.0,5.34
feature_1 > -1.373,0.889,0.81,,,1,0.01,0.33,0.885,1.0,0.65,CF,3.0,5.34
feature_0 > -1.131,1.141,0.78,,,1,0.02,0.32,1.066,1.0,0.71,CF,3.0,5.34
feature_0 > -1.016,1.075,0.76,,,1,0.02,0.31,1.109,1.0,0.72,CF,3.0,5.34
feature_0 > -0.971,1.281,0.75,,,1,0.02,0.31,1.126,1.0,0.72,CF,3.0,5.34
feature_0 > -0.291 AND feature_0 > 0.394 AND feature_1 > 0.468 AND feature_1 > 1.095,2.167,0.05,,,4,1.0,0.62,2.866,2.0,0.62,CF SingleTree,3.0,0.63
feature_0 > -0.291,1.373,0.57,,,1,0.63,0.61,1.454,1.0,0.53,CF SingleTree,3.0,0.63
feature_0 > -0.291 AND feature_0 > 0.394 AND feature_1 > 0.468,2.012,0.12,,,3,0.93,0.61,2.467,2.0,0.56,CF SingleTree,3.0,0.63
feature_0 > -0.291 AND feature_0 > 0.394,1.632,0.34,,,2,0.75,0.59,1.865,1.0,0.53,CF SingleTree,3.0,0.63
feature_0 > -0.291 AND feature_0 > 0.394 AND feature_1 > 0.468 AND feature_1 <= 1.095,1.9,0.07,,,4,0.88,0.55,2.179,2.0,0.48,CF SingleTree,3.0,0.63
feature_3 > -0.969 AND feature_0 > 0.15 AND feature_0 <= 1.816 AND feature_1 <= -0.273 AND feature_6 <= -0.888 AND feature_4 > 0.233,3.311,0.02,0.1,3.41,6,1.0,0.61,1.165,5.0,0.27,CT on D,3.0,
feature_3 > -0.969 AND feature_0 > 0.15 AND feature_0 > 1.816 AND feature_0 <= 2.025,3.186,0.01,0.95,4.13,4,0.96,0.58,2.702,2.0,0.6,CT on D,3.0,
feature_3 > -0.969 AND feature_0 <= 0.15 AND feature_0 <= -0.657 AND feature_0 <= -1.838 AND feature_1 <= 0.257,3.027,0.02,2.65,-0.37,5,0.91,0.56,1.814,3.0,0.41,CT on D,3.0,
feature_3 > -0.969 AND feature_0 > 0.15 AND feature_0 <= 1.816 AND feature_1 > -0.273 AND feature_9 <= -1.35,3.01,0.02,0.16,3.17,5,0.91,0.55,1.839,4.0,0.42,CT on D,3.0,
feature_3 <= -0.969 AND feature_8 > -0.584 AND feature_3 > -1.83 AND feature_0 > 1.134,2.939,0.01,0.4,3.34,4,0.89,0.54,2.458,3.0,0.55,CT on D,3.0,
feature_7 <= 1.107 AND feature_0 > 0.12 AND feature_0 > 0.985 AND feature_3 <= 1.007 AND feature_5 <= -0.892,3.646,0.02,0.74,4.39,5,1.0,0.61,2.385,4.0,0.61,CT on P,3.0,
feature_7 <= 1.107 AND feature_0 > 0.12 AND feature_0 <= 0.985 AND feature_1 > -0.687 AND feature_9 <= -1.239,3.101,0.02,0.42,3.53,5,0.85,0.52,1.533,4.0,0.39,CT on P,3.0,
feature_7 <= 1.107 AND feature_0 > 0.12 AND feature_0 > 0.985 AND feature_3 <= 1.007,2.564,0.12,1.15,3.71,4,0.7,0.47,2.339,3.0,0.64,CT on P,3.0,
feature_7 <= 1.107 AND feature_0 > 0.12 AND feature_0 > 0.985 AND feature_3 <= 1.007 AND feature_5 > -0.892 AND feature_1 <= 0.064,2.726,0.05,0.55,3.27,6,0.75,0.47,1.961,5.0,0.51,CT on P,3.0,
feature_7 <= 1.107,0.714,0.86,1.42,2.13,1,0.2,0.46,0.803,1.0,0.55,CT on P,3.0,
feature_0 > 0.823 AND feature_1 > 1.489 AND feature_9 <= -0.382,70.07,0.0,,,3,1.0,0.6,3.493,3.0,0.6,CF,3.0,6.85
feature_1 <= 1.385,0.667,0.5,,,1,0.01,0.21,0.689,1.0,0.32,CF,3.0,6.85
feature_0 > -1.121,1.11,0.48,,,1,0.02,0.2,1.053,1.0,0.37,CF,3.0,6.85
feature_0 > -1.024,1.106,0.48,,,1,0.02,0.2,1.087,1.0,0.38,CF,3.0,6.85
feature_0 > -1.036,1.08,0.48,,,1,0.02,0.2,1.083,1.0,0.38,CF,3.0,6.85
feature_0 > -0.05 AND feature_0 > 0.821 AND feature_1 > 1.302 AND feature_1 > 1.513,2.323,0.01,,,4,1.0,0.6,3.489,2.0,0.6,CF SingleTree,3.0,0.61
feature_0 > -0.05 AND feature_0 > 0.821 AND feature_1 > 1.302,2.196,0.02,,,3,0.95,0.58,3.356,2.0,0.59,CF SingleTree,3.0,0.61
feature_0 > -0.05 AND feature_0 > 0.821 AND feature_1 > 1.302 AND feature_1 <= 1.513,1.97,0.01,,,4,0.85,0.51,3.125,2.0,0.54,CF SingleTree,3.0,0.61
feature_0 > -0.05 AND feature_0 > 0.821,1.663,0.17,,,2,0.72,0.5,2.209,1.0,0.45,CF SingleTree,3.0,0.61
feature_0 > -0.05 AND feature_0 > 0.821 AND feature_1 <= 1.302 AND feature_0 > 1.35,1.735,0.08,,,4,0.75,0.48,2.497,2.0,0.46,CF SingleTree,3.0,0.61
feature_4 > -1.673 AND feature_0 > 1.49 AND feature_1 > -1.049 AND feature_1 > 0.543 AND feature_8 <= 0.208,4.493,0.01,1.61,6.1,5,1.0,0.6,3.475,4.0,0.6,CT on D,3.0,
feature_4 > -1.673 AND feature_0 > 1.49 AND feature_1 > -1.049 AND feature_1 > 0.543,4.079,0.02,1.65,5.73,4,0.91,0.55,3.389,3.0,0.59,CT on D,3.0,
feature_4 > -1.673 AND feature_0 > 1.49 AND feature_1 > -1.049 AND feature_1 > 0.543 AND feature_8 > 0.208,3.666,0.01,1.69,5.35,5,0.82,0.49,3.302,4.0,0.57,CT on D,3.0,
feature_4 > -1.673 AND feature_0 > 1.49 AND feature_1 > -1.049 AND feature_1 <= 0.543 AND feature_2 > -0.674 AND feature_8 > -0.435,3.565,0.01,0.53,4.1,6,0.79,0.48,2.486,5.0,0.43,CT on D,3.0,
feature_4 > -1.673 AND feature_0 > 1.49 AND feature_1 > -1.049,3.198,0.05,1.17,4.37,3,0.71,0.45,2.813,3.0,0.51,CT on D,3.0,
feature_9 > -1.975 AND feature_0 > 0.29 AND feature_0 > 1.494 AND feature_8 > -0.43 AND feature_2 > -0.161,4.436,0.02,0.41,4.85,5,1.0,0.61,2.701,4.0,0.61,CT on P,3.0,
feature_9 > -1.975,0.863,0.98,0.77,1.63,1,0.19,0.51,0.816,1.0,0.57,CT on P,3.0,
feature_9 > -1.975 AND feature_0 > 0.29 AND feature_0 > 1.494 AND feature_8 > -0.43,3.37,0.04,0.69,4.06,4,0.76,0.47,2.701,3.0,0.61,CT on P,3.0,
feature_9 > -1.975 AND feature_0 > 0.29 AND feature_0 <= 1.494 AND feature_2 <= -0.446 AND feature_1 > -0.669 AND feature_7 <= -0.582,3.365,0.03,0.08,3.44,6,0.76,0.47,1.852,5.0,0.42,CT on P,3.0,
feature_9 > -1.975 AND feature_0 > 0.29 AND feature_0 > 1.494,2.961,0.07,0.95,3.91,3,0.67,0.43,2.709,2.0,0.63,CT on P,3.0,
feature_0 > -0.06 AND feature_1 > 1.025 AND feature_2 > 1.434 AND feature_9 > 0.174,45.946,0.0,,,4,1.0,0.6,2.448,4.0,0.6,CF,3.0,6.42
feature_0 > -1.258,1.148,0.69,,,1,0.02,0.29,1.013,1.0,0.52,CF,3.0,6.42
feature_0 > -1.288,1.065,0.69,,,1,0.02,0.29,1.004,1.0,0.52,CF,3.0,6.42
feature_0 > -1.077,1.092,0.67,,,1,0.02,0.28,1.074,1.0,0.53,CF,3.0,6.42
feature_0 > -0.927,1.207,0.65,,,1,0.03,0.28,1.129,1.0,0.54,CF,3.0,6.42
feature_0 > -0.132 AND feature_0 > 0.76 AND feature_1 > 0.655 AND feature_0 > 1.335,2.526,0.02,,,4,1.0,0.61,3.328,2.0,0.61,CF SingleTree,3.0,0.59
feature_0 > -0.132 AND feature_0 > 0.76 AND feature_1 > 0.655,2.356,0.05,,,3,0.93,0.58,2.882,2.0,0.54,CF SingleTree,3.0,0.59
feature_0 > -0.132 AND feature_0 > 0.76 AND feature_1 > 0.655 AND feature_0 <= 1.335,2.231,0.03,,,4,0.88,0.54,2.552,2.0,0.47,CF SingleTree,3.0,0.59
feature_0 > -0.132,1.413,0.47,,,1,0.56,0.52,1.54,1.0,0.47,CF SingleTree,3.0,0.59
feature_0 > -0.132 AND feature_0 > 0.76,1.833,0.2,,,2,0.73,0.52,2.15,1.0,0.47,CF SingleTree,3.0,0.59
feature_8 > -1.455 AND feature_0 > 0.631 AND feature_0 > 1.178 AND feature_1 > 0.747 AND feature_9 > 0.073,4.576,0.01,1.1,5.68,5,1.0,0.6,3.156,4.0,0.58,CT on D,3.0,
feature_8 > -1.455 AND feature_0 > 0.631 AND feature_0 > 1.178 AND feature_1 <= 0.747 AND feature_0 > 2.212,4.268,0.01,0.5,4.77,5,0.93,0.56,3.084,3.0,0.57,CT on D,3.0,
feature_8 > -1.455 AND feature_0 > 0.631 AND feature_0 > 1.178 AND feature_1 > 0.747,4.012,0.03,1.5,5.52,4,0.88,0.54,3.215,3.0,0.6,CT on D,3.0,
feature_8 > -1.455 AND feature_0 > 0.631 AND feature_0 > 1.178 AND feature_1 > 0.747 AND feature_9 <= 0.073,3.562,0.01,1.82,5.39,5,0.78,0.47,3.263,4.0,0.6,CT on D,3.0,
feature_8 > -1.455 AND feature_0 > 0.631 AND feature_0 > 1.178 AND feature_1 <= 0.747 AND feature_0 <= 2.212 AND feature_6 > 0.813,3.394,0.02,-0.25,3.15,6,0.74,0.45,2.163,4.0,0.41,CT on D,3.0,
feature_8 > -0.726 AND feature_0 > -0.477 AND feature_0 > 1.03 AND feature_0 > 1.854 AND feature_7 <= 0.001,4.718,0.01,0.33,5.04,5,1.0,0.6,3.013,3.0,0.6,CT on P,3.0,
feature_8 > -0.726 AND feature_0 > -0.477 AND feature_0 > 1.03 AND feature_0 > 1.854,4.121,0.03,0.52,4.64,4,0.87,0.54,3.008,2.0,0.61,CT on P,3.0,
feature_8 > -0.726 AND feature_0 > -0.477 AND feature_0 > 1.03 AND feature_0 <= 1.854 AND feature_2 > -0.637 AND feature_5 <= -0.901,3.846,0.01,-0.23,3.62,6,0.82,0.49,2.162,4.0,0.43,CT on P,3.0,
feature_8 > -0.726 AND feature_0 > -0.477 AND feature_0 > 1.03 AND feature_0 <= 1.854 AND feature_2 <= -0.637 AND feature_7 > -0.032,3.611,0.01,-0.46,3.15,6,0.77,0.46,2.103,4.0,0.42,CT on P,3.0,
feature_8 > -0.726 AND feature_0 > -0.477 AND feature_0 > 1.03 AND feature_0 > 1.854 AND feature_7 > 0.001,3.396,0.01,0.75,4.15,5,0.72,0.44,3.002,3.0,0.6,CT on P,3.0,
feature_0 > 0.91 AND feature_1 > 0.213 AND feature_1 <= 1.802 AND feature_6 <= -1.599,11.784,0.0,,,4,1.0,0.6,2.79,3.0,0.42,CF,3.0,6.43
feature_0 > -1.007 AND feature_1 > 1.252 AND feature_0 > 1.432 AND feature_5 <= -0.266,9.375,0.0,,,4,0.8,0.48,3.946,3.0,0.6,CF,3.0,6.43
feature_0 > 0.386 AND feature_1 > 0.483 AND feature_9 > 1.312 AND feature_1 <= 0.607,8.757,0.0,,,4,0.74,0.45,2.267,3.0,0.34,CF,3.0,6.43
feature_3 <= 1.615,0.949,0.94,,,1,0.08,0.42,0.798,1.0,0.5,CF,3.0,6.43
feature_0 > 0.964 AND feature_2 > -0.848 AND feature_0 > 1.918 AND feature_9 <= -1.252,8.184,0.0,,,4,0.69,0.42,3.231,3.0,0.49,CF,3.0,6.43
feature_0 > -0.114 AND feature_0 > 1.002 AND feature_1 > 0.488 AND feature_0 > 1.164,2.5,0.04,,,4,1.0,0.62,3.057,2.0,0.62,CF SingleTree,3.0,0.6
feature_0 > -0.114 AND feature_0 > 1.002 AND feature_1 > 0.488,2.434,0.05,,,3,0.97,0.6,2.946,2.0,0.6,CF SingleTree,3.0,0.6
feature_0 > -0.114 AND feature_0 > 1.002,2.192,0.16,,,2,0.88,0.59,2.334,1.0,0.52,CF SingleTree,3.0,0.6
feature_0 > -0.114 AND feature_0 > 1.002 AND feature_1 <= 0.488 AND feature_0 > 1.162,2.171,0.08,,,4,0.87,0.55,2.183,2.0,0.46,CF SingleTree,3.0,0.6
feature_0 > -0.114,1.424,0.51,,,1,0.57,0.55,1.533,1.0,0.5,CF SingleTree,3.0,0.6
feature_2 > -1.712 AND feature_0 > 1.669 AND feature_1 > 0.736,4.464,0.01,1.67,6.14,3,1.0,0.6,3.609,3.0,0.6,CT on D,3.0,
feature_2 > -1.712 AND feature_0 <= 1.669 AND feature_0 > -0.11 AND feature_1 > 0.463 AND feature_1 > 1.923,4.344,0.01,1.72,6.07,5,0.97,0.59,3.134,3.0,0.53,CT on D,3.0,
feature_2 > -1.712 AND feature_0 > 1.669 AND feature_1 <= 0.736 AND feature_5 > 0.506,3.615,0.01,0.93,4.54,4,0.81,0.49,2.675,4.0,0.45,CT on D,3.0,
feature_2 > -1.712 AND feature_0 <= 1.669 AND feature_0 > -0.11 AND feature_1 > 0.463 AND feature_1 <= 1.923 AND feature_7 > 1.051,3.244,0.02,0.67,3.91,6,0.73,0.44,1.948,4.0,0.33,CT on D,3.0,
feature_2 > -1.712 AND feature_0 > 1.669,2.827,0.05,1.47,4.3,2,0.63,0.4,2.861,2.0,0.5,CT on D,3.0,
feature_0 > 0.476 AND feature_1 > 1.578,4.406,0.02,1.97,6.38,2,1.0,0.61,3.304,2.0,0.61,CT on P,3.0,
feature_0 > 0.476 AND feature_1 <= 1.578 AND feature_0 > 1.756,3.23,0.03,0.64,3.87,3,0.73,0.45,2.867,2.0,0.53,CT on P,3.0,
feature_0 <= 0.476 AND feature_1 > 0.492 AND feature_4 <= -0.4 AND feature_3 <= -0.594 AND feature_6 > 0.133,3.145,0.02,-1.15,1.99,5,0.71,0.44,0.809,5.0,0.15,CT on P,3.0,
feature_0 > 0.476,1.873,0.32,0.76,2.64,1,0.43,0.38,1.953,1.0,0.48,CT on P,3.0,
feature_0 > 0.476 AND feature_1 <= 1.578 AND feature_0 <= 1.756 AND feature_4 > -1.357 AND feature_1 > -0.641 AND feature_4 > 0.413,2.544,0.07,0.69,3.24,6,0.58,0.37,1.909,3.0,0.37,CT on P,3.0,
feature_0 <= 0.221 AND feature_1 > 0.321 AND feature_8 <= -1.323 AND feature_2 > 1.242,39.709,0.0,,,4,1.0,0.6,0.424,4.0,0.27,CF,3.0,6.45
feature_0 > -1.505 AND feature_0 <= 0.791 AND feature_2 <= 1.621 AND feature_3 <= 0.381,0.735,0.61,,,4,0.02,0.26,0.583,3.0,0.61,CF,3.0,6.45
feature_0 > -1.505,1.124,0.53,,,1,0.03,0.23,0.948,1.0,0.81,CF,3.0,6.45
feature_0 > -1.595,0.834,0.54,,,1,0.02,0.23,0.931,1.0,0.81,CF,3.0,6.45
feature_0 <= 1.636,0.745,0.54,,,1,0.02,0.23,0.703,1.0,0.66,CF,3.0,6.45
feature_0 > -0.206 AND feature_1 > 0.523 AND feature_0 > 0.644 AND feature_1 > 1.579,2.735,0.02,,,4,1.0,0.61,3.417,2.0,0.61,CF SingleTree,3.0,0.59
feature_0 > -0.206 AND feature_1 > 0.523 AND feature_0 > 0.644,2.229,0.08,,,3,0.81,0.52,2.717,2.0,0.51,CF SingleTree,3.0,0.59
feature_0 > -0.206 AND feature_1 > 0.523 AND feature_0 > 0.644 AND feature_1 <= 1.579,2.113,0.07,,,4,0.77,0.49,2.556,2.0,0.48,CF SingleTree,3.0,0.59
feature_0 > -0.206 AND feature_1 > 0.523,1.856,0.16,,,2,0.68,0.47,2.139,2.0,0.44,CF SingleTree,3.0,0.59
feature_0 > -0.206,1.263,0.39,,,1,0.46,0.43,1.488,1.0,0.42,CF SingleTree,3.0,0.59
feature_1 > -1.131 AND feature_0 > 0.426 AND feature_1 > 0.954 AND feature_8 > 0.326 AND feature_3 <= 0.003,4.203,0.01,0.36,4.56,5,1.0,0.6,2.833,4.0,0.6,CT on D,3.0,
feature_1 > -1.131 AND feature_0 > 0.426 AND feature_1 > 0.954 AND feature_8 <= 0.326 AND feature_8 <= -0.991,3.952,0.01,1.05,5.0,5,0.94,0.57,2.842,3.0,0.6,CT on D,3.0,
feature_1 > -1.131 AND feature_0 > 0.426 AND feature_1 <= 0.954 AND feature_0 > 1.069 AND feature_7 <= -0.694 AND feature_9 <= -0.017,3.883,0.01,0.24,4.13,6,0.92,0.56,2.326,4.0,0.49,CT on D,3.0,
feature_1 > -1.131 AND feature_0 > 0.426 AND feature_1 > 0.954 AND feature_8 > 0.326,3.836,0.02,0.98,4.82,4,0.91,0.56,2.856,3.0,0.61,CT on D,3.0,
feature_1 > -1.131 AND feature_0 > 0.426 AND feature_1 <= 0.954 AND feature_0 > 1.069 AND feature_7 > -0.694 AND feature_9 > 1.038,3.551,0.01,0.1,3.65,6,0.84,0.51,2.208,4.0,0.47,CT on D,3.0,
feature_2 <= 0.812 AND feature_0 > 1.188 AND feature_1 > 1.124,4.321,0.01,1.21,5.53,3,1.0,0.6,3.496,3.0,0.6,CT on P,3.0,
feature_2 <= 0.812 AND feature_0 <= 1.188 AND feature_1 > -0.093 AND feature_0 > 0.394 AND feature_1 > 0.991 AND feature_9 > 0.337,4.27,0.01,0.25,4.52,6,0.99,0.6,2.412,4.0,0.42,CT on P,3.0,
feature_2 <= 0.812,0.874,0.94,0.75,1.62,1,0.2,0.5,0.777,1.0,0.51,CT on P,3.0,
feature_2 <= 0.812 AND feature_0 > 1.188 AND feature_1 <= 1.124 AND feature_6 <= 0.762 AND feature_7 <= -0.493,3.425,0.02,0.19,3.61,5,0.79,0.48,2.309,5.0,0.4,CT on P,3.0,
feature_2 <= 0.812 AND feature_0 > 1.188 AND feature_1 <= 1.124 AND feature_6 > 0.762,3.419,0.02,0.45,3.87,4,0.79,0.48,2.322,4.0,0.41,CT on P,3.0,
feature_0 > 1.452 AND feature_1 > 0.584 AND feature_9 > -0.485 AND feature_7 <= -0.728,8.908,0.0,,,4,1.0,0.6,3.573,4.0,0.6,CF,3.0,7.44
feature_0 > 1.452 AND feature_1 > 0.584 AND feature_9 <= -0.485 AND feature_0 <= 1.78,8.231,0.0,,,4,0.92,0.55,3.028,3.0,0.51,CF,3.0,7.44
feature_0 > 0.525 AND feature_1 > 1.193 AND feature_4 <= -1.05 AND feature_7 > 0.615,8.021,0.0,,,4,0.9,0.54,2.952,4.0,0.5,CF,3.0,7.44
feature_0 > 0.434 AND feature_1 > 1.31 AND feature_3 > -0.047 AND feature_5 <= -0.565,7.525,0.0,,,4,0.84,0.51,3.259,4.0,0.55,CF,3.0,7.44
feature_0 > 0.571 AND feature_1 > 1.56 AND feature_1 > 1.94 AND feature_6 <= -0.104,7.349,0.0,,,4,0.82,0.49,3.507,3.0,0.59,CF,3.0,7.44
feature_0 > 0.394 AND feature_1 > 0.714 AND feature_0 > 0.767 AND feature_1 > 1.049,2.564,0.03,,,4,1.0,0.61,3.114,2.0,0.61,CF SingleTree,3.0,0.6
feature_0 > 0.394 AND feature_1 > 0.714 AND feature_0 > 0.767,2.427,0.05,,,3,0.95,0.59,2.902,2.0,0.58,CF SingleTree,3.0,0.6
feature_0 > 0.394 AND feature_1 > 0.714,2.217,0.08,,,2,0.86,0.55,2.626,2.0,0.54,CF SingleTree,3.0,0.6
feature_0 > 0.394,1.713,0.32,,,1,0.67,0.53,1.848,1.0,0.48,CF SingleTree,3.0,0.6
feature_0 > 0.394 AND feature_1 > 0.714 AND feature_0 > 0.767 AND feature_1 <= 1.049,2.185,0.02,,,4,0.85,0.52,2.532,2.0,0.5,CF SingleTree,3.0,0.6
feature_2 <= 1.891 AND feature_0 > -0.457 AND feature_0 > 1.197 AND feature_1 > 0.184 AND feature_3 <= -0.274,3.999,0.03,0.59,4.59,5,1.0,0.61,2.981,4.0,0.61,CT on D,3.0,
feature_2 <= 1.891 AND feature_0 > -0.457 AND feature_0 > 1.197 AND feature_1 > 0.184 AND feature_3 > -0.274 AND feature_8 <= -0.131,3.73,0.0,1.68,5.41,6,0.93,0.56,2.981,5.0,0.6,CT on D,3.0,
feature_2 <= 1.891 AND feature_0 > -0.457 AND feature_0 > 1.197 AND feature_1 <= 0.184 AND feature_4 <= -0.179 AND feature_4 > -0.735,3.499,0.01,-0.68,2.82,6,0.87,0.53,2.141,4.0,0.43,CT on D,3.0,
feature_2 <= 1.891 AND feature_0 > -0.457 AND feature_0 <= 1.197 AND feature_1 > 0.629 AND feature_1 > 1.443 AND feature_5 > -0.379,3.341,0.02,1.32,4.66,6,0.84,0.51,2.317,4.0,0.47,CT on D,3.0,
feature_2 <= 1.891 AND feature_0 > -0.457 AND feature_0 > 1.197 AND feature_1 > 0.184,3.254,0.04,1.65,4.9,4,0.81,0.5,2.985,3.0,0.62,CT on D,3.0,
feature_8 > -1.816 AND feature_0 > 0.592 AND feature_1 <= 0.198 AND feature_6 > 1.097,4.021,0.02,-0.9,3.12,4,1.0,0.61,1.686,4.0,0.35,CT on P,3.0,
feature_8 > -1.816 AND feature_0 > 0.592 AND feature_1 > 0.198 AND feature_4 > -0.537 AND feature_3 <= -0.245 AND feature_0 > 1.18,4.015,0.02,0.58,4.6,6,1.0,0.61,2.967,5.0,0.61,CT on P,3.0,
feature_8 > -1.816 AND feature_0 > 0.592 AND feature_1 > 0.198 AND feature_4 <= -0.537,3.83,0.04,0.38,4.21,4,0.95,0.59,2.515,4.0,0.52,CT on P,3.0,
feature_8 > -1.816,0.769,0.97,0.58,1.35,1,0.19,0.5,0.803,1.0,0.55,CT on P,3.0,
feature_8 > -1.816 AND feature_0 > 0.592 AND feature_1 > 0.198,2.988,0.12,0.8,3.79,3,0.74,0.49,2.504,3.0,0.55,CT on P,3.0,
feature_0 <= 0.348 AND feature_2 > 0.643 AND feature_1 <= -1.482 AND feature_9 <= -1.041,27.98,0.0,,,4,1.0,0.6,0.416,4.0,0.11,CF,3.0,7.87
feature_0 > -0.589 AND feature_4 > 1.608 AND feature_1 > 0.972 AND feature_3 > -0.26,17.826,0.0,,,4,0.64,0.38,2.224,4.0,0.6,CF,3.0,7.87
feature_0 <= 1.307,0.934,0.51,,,1,0.03,0.22,0.618,1.0,0.37,CF,3.0,7.87
feature_0 > -1.182,1.04,0.5,,,1,0.04,0.22,1.032,1.0,0.48,CF,3.0,7.87
feature_0 <= 1.135,0.866,0.5,,,1,0.03,0.22,0.566,1.0,0.35,CF,3.0,7.87
feature_0 > -0.522 AND feature_0 > 1.093 AND feature_1 > -0.016 AND feature_0 > 1.275,2.409,0.05,,,4,1.0,0.62,2.959,2.0,0.62,CF SingleTree,3.0,0.64
feature_0 > -0.522 AND feature_0 > 1.093 AND feature_1 > -0.016,2.297,0.06,,,3,0.95,0.6,2.822,2.0,0.6,CF SingleTree,3.0,0.64
feature_0 > -0.522 AND feature_0 > 1.093,1.994,0.12,,,2,0.83,0.54,2.437,1.0,0.54,CF SingleTree,3.0,0.64
feature_0 > -0.522,1.312,0.43,,,1,0.54,0.5,1.315,1.0,0.44,CF SingleTree,3.0,0.64
feature_0 > -0.522 AND feature_0 > 1.093 AND feature_1 > -0.016 AND feature_0 <= 1.275,1.965,0.02,,,4,0.82,0.5,2.414,2.0,0.5,CF SingleTree,3.0,0.64
feature_5 <= 2.263 AND feature_0 > 0.077 AND feature_1 <= 0.713 AND feature_0 > 1.363 AND feature_0 > 1.906 AND feature_6 <= 0.146,4.504,0.01,0.4,4.9,6,1.0,0.6,2.865,4.0,0.6,CT on D,3.0,
feature_5 <= 2.263 AND feature_0 > 0.077 AND feature_1 > 0.713 AND feature_0 > 0.232 AND feature_8 <= -0.753 AND feature_9 <= 0.092,4.096,0.01,1.07,5.16,6,0.91,0.55,2.438,5.0,0.51,CT on D,3.0,
feature_5 <= 2.263 AND feature_0 > 0.077 AND feature_1 <= 0.713 AND feature_0 > 1.363 AND feature_0 > 1.906,3.516,0.02,0.75,4.27,5,0.78,0.48,2.85,3.0,0.6,CT on D,3.0,
feature_5 <= 2.263 AND feature_0 > 0.077 AND feature_1 > 0.713 AND feature_0 > 0.232 AND feature_8 <= -0.753,3.483,0.02,0.95,4.43,5,0.77,0.47,2.441,4.0,0.52,CT on D,3.0,
feature_5 <= 2.263 AND feature_0 <= 0.077 AND feature_1 > 1.504 AND feature_6 > 0.079,3.448,0.02,0.65,4.1,4,0.77,0.47,1.406,4.0,0.3,CT on D,3.0,
feature_4 > -1.408 AND feature_0 > 0.038 AND feature_1 > -0.082 AND feature_0 > 1.758,3.949,0.02,1.63,5.58,4,1.0,0.61,3.34,3.0,0.61,CT on P,3.0,
feature_4 > -1.408 AND feature_0 > 0.038 AND feature_1 > -0.082 AND feature_0 <= 1.758 AND feature_1 > 0.819 AND feature_6 <= -0.895,3.669,0.02,1.17,4.84,6,0.93,0.57,2.327,4.0,0.43,CT on P,3.0,
feature_4 > -1.408,0.814,0.92,1.07,1.89,1,0.21,0.49,0.815,1.0,0.51,CT on P,3.0,
feature_4 > -1.408 AND feature_0 > 0.038 AND feature_1 <= -0.082 AND feature_0 > 1.737,2.807,0.02,0.57,3.38,4,0.71,0.43,2.521,3.0,0.46,CT on P,3.0,
feature_4 > -1.408 AND feature_0 > 0.038 AND feature_1 > -0.082 AND feature_0 <= 1.758 AND feature_1 > 0.819,2.579,0.09,1.52,4.1,5,0.65,0.43,2.305,3.0,0.45,CT on P,3.0,
feature_0 > 0.322 AND feature_0 > 2.024 AND feature_7 > 0.538 AND feature_4 <= -0.213,46.582,0.0,,,4,1.0,0.6,3.324,3.0,0.6,CF,3.0,8.77
feature_0 <= 1.473,0.663,0.82,,,1,0.01,0.34,0.674,1.0,0.45,CF,3.0,8.77
feature_0 > -1.287,1.031,0.8,,,1,0.02,0.33,1.001,1.0,0.5,CF,3.0,8.77
feature_0 > -1.142,1.213,0.78,,,1,0.03,0.33,1.042,1.0,0.5,CF,3.0,8.77
feature_0 <= 1.226,0.697,0.79,,,1,0.01,0.32,0.605,1.0,0.43,CF,3.0,8.77
feature_0 > 0.443 AND feature_1 > 0.843 AND feature_0 > 0.905 AND feature_0 > 1.44,2.835,0.02,,,4,1.0,0.61,3.47,2.0,0.61,CF SingleTree,3.0,0.62
feature_0 > 0.443 AND feature_1 > 0.843 AND feature_0 > 0.905,2.679,0.04,,,3,0.94,0.58,3.051,2.0,0.54,CF SingleTree,3.0,0.62
feature_0 > 0.443 AND feature_1 > 0.843 AND feature_0 > 0.905 AND feature_0 <= 1.44,2.559,0.02,,,4,0.9,0.55,2.726,2.0,0.48,CF SingleTree,3.0,0.62
feature_0 > 0.443 AND feature_1 > 0.843,2.382,0.07,,,2,0.84,0.53,2.728,2.0,0.5,CF SingleTree,3.0,0.62
feature_0 > 0.443,1.682,0.32,,,1,0.59,0.48,1.9,1.0,0.46,CF SingleTree,3.0,0.62
feature_0 > -1.423 AND feature_0 > 0.864 AND feature_0 > 1.698 AND feature_3 > -0.331 AND feature_9 > -0.069,4.39,0.01,0.96,5.35,5,1.0,0.6,3.034,3.0,0.6,CT on D,3.0,
feature_0 > -1.423 AND feature_0 > 0.864 AND feature_0 > 1.698 AND feature_3 > -0.331,3.562,0.03,1.52,5.08,4,0.81,0.5,2.975,2.0,0.6,CT on D,3.0,
feature_0 > -1.423 AND feature_0 > 0.864 AND feature_0 <= 1.698 AND feature_0 <= 0.908,3.492,0.01,0.25,3.74,4,0.8,0.48,1.703,1.0,0.34,CT on D,3.0,
feature_0 > -1.423 AND feature_0 > 0.864 AND feature_0 <= 1.698 AND feature_0 > 0.908 AND feature_1 > 0.625 AND feature_5 <= 0.372,3.259,0.03,1.62,4.88,6,0.74,0.46,2.751,3.0,0.56,CT on D,3.0,
feature_0 <= -1.423 AND feature_8 > -1.009 AND feature_1 <= 0.915 AND feature_9 > -0.124 AND feature_1 <= -0.384,3.312,0.01,2.41,-0.9,5,0.75,0.46,1.538,4.0,0.31,CT on D,3.0,
feature_9 > -2.206 AND feature_0 > -0.534 AND feature_0 > 1.464 AND feature_9 > -0.024 AND feature_9 <= 0.711,4.048,0.02,0.97,5.02,5,1.0,0.61,2.813,2.0,0.61,CT on P,3.0,
feature_9 > -2.206 AND feature_0 > -0.534 AND feature_0 > 1.464 AND feature_9 > -0.024,3.659,0.03,1.21,4.87,4,0.9,0.55,2.787,2.0,0.61,CT on P,3.0,
feature_9 > -2.206,0.833,0.98,1.29,2.12,1,0.21,0.52,0.815,1.0,0.57,CT on P,3.0,
feature_9 > -2.206 AND feature_0 > -0.534 AND feature_0 > 1.464 AND feature_9 > -0.024 AND feature_9 > 0.711,3.205,0.02,1.5,4.71,5,0.79,0.48,2.759,2.0,0.6,CT on P,3.0,
feature_9 > -2.206 AND feature_0 > -0.534,1.367,0.7,1.19,2.56,2,0.34,0.48,1.308,2.0,0.56,CT on P,3.0,
feature_0 > -0.337 AND feature_1 <= 0.444 AND feature_0 > 1.503 AND feature_8 > 0.865,12.566,0.01,,,4,1.0,0.6,2.431,3.0,0.52,CF,3.0,7.81
feature_0 > 0.19 AND feature_0 > 1.494 AND feature_4 <= -0.942 AND feature_6 > 0.527,8.741,0.0,,,4,0.7,0.42,2.836,3.0,0.6,CF,3.0,7.81
feature_0 > 0.144 AND feature_1 <= 0.715 AND feature_3 <= -1.63 AND feature_7 <= -1.084,7.802,0.0,,,4,0.62,0.37,1.365,4.0,0.29,CF,3.0,7.81
feature_0 > -1.421,1.142,0.66,,,1,0.09,0.32,0.97,1.0,0.47,CF,3.0,7.81
feature_0 > -1.425,1.067,0.66,,,1,0.08,0.31,0.968,1.0,0.47,CF,3.0,7.81
feature_0 > 0.201 AND feature_0 > 0.863 AND feature_0 > 1.379 AND feature_1 > -0.055,2.356,0.04,,,4,1.0,0.62,2.994,2.0,0.62,CF SingleTree,3.0,0.59
feature_0 > 0.201 AND feature_0 > 0.863 AND feature_0 > 1.379,2.214,0.08,,,3,0.94,0.6,2.671,1.0,0.57,CF SingleTree,3.0,0.59
feature_0 > 0.201 AND feature_0 > 0.863,2.008,0.18,,,2,0.85,0.58,2.23,1.0,0.52,CF SingleTree,3.0,0.59
feature_0 > 0.201,1.557,0.37,,,1,0.66,0.54,1.726,1.0,0.49,CF SingleTree,3.0,0.59
feature_0 > 0.201 AND feature_0 > 0.863 AND feature_0 <= 1.379 AND feature_1 > 0.297,2.04,0.04,,,4,0.87,0.54,2.447,2.0,0.51,CF SingleTree,3.0,0.59
feature_2 > -1.159 AND feature_0 > -0.089 AND feature_0 > 0.846 AND feature_1 > 0.215 AND feature_7 <= -0.243 AND feature_6 > 0.04,4.925,0.02,0.69,5.61,6,1.0,0.61,2.65,5.0,0.61,CT on D,4.0,
feature_2 > -1.159 AND feature_0 > -0.089 AND feature_0 > 0.846 AND feature_1 > 0.215 AND feature_7 <= -0.243,4.181,0.04,0.7,4.88,5,0.85,0.53,2.649,4.0,0.62,CT on D,4.0,
feature_2 > -1.159 AND feature_0 > -0.089 AND feature_0 <= 0.846 AND feature_1 > 1.369 AND feature_3 <= -0.439,3.969,0.01,1.0,4.97,5,0.81,0.49,2.304,4.0,0.53,CT on D,4.0,
feature_2 > -1.159,0.911,0.94,0.96,1.87,1,0.18,0.49,0.796,1.0,0.56,CT on D,4.0,
feature_2 <= -1.159 AND feature_0 > 0.499 AND feature_1 > 0.259,3.873,0.0,0.79,4.67,3,0.79,0.47,2.501,3.0,0.57,CT on D,4.0,
feature_0 <= 2.171 AND feature_0 > 0.002 AND feature_1 > -0.865 AND feature_0 > 1.438 AND feature_1 > 0.122 AND feature_7 <= -0.049,5.513,0.01,0.59,6.1,6,1.0,0.6,2.959,3.0,0.6,CT on P,4.0,
feature_0 <= 2.171,0.896,0.99,0.97,1.87,1,0.16,0.49,0.762,1.0,0.55,CT on P,4.0,
feature_0 <= 2.171 AND feature_0 > 0.002 AND feature_1 > -0.865 AND feature_0 > 1.438 AND feature_1 > 0.122,4.233,0.03,1.07,5.3,5,0.77,0.47,2.941,2.0,0.61,CT on P,4.0,
feature_0 <= 2.171 AND feature_0 > 0.002 AND feature_1 > -0.865 AND feature_0 > 1.438,3.32,0.05,0.92,4.24,4,0.6,0.38,2.656,2.0,0.56,CT on P,4.0,
feature_0 <= 2.171 AND feature_0 > 0.002,1.716,0.48,0.81,2.53,2,0.31,0.38,1.553,1.0,0.51,CT on P,4.0,
feature_0 <= -0.02 AND feature_1 > 1.647 AND feature_4 <= -0.55 AND feature_9 > -0.299,26.965,0.0,,,4,1.0,0.6,1.479,4.0,0.29,CF,4.0,7.64
feature_0 > 0.612 AND feature_1 > 1.094 AND feature_8 <= -0.066 AND feature_6 <= -1.192,15.145,0.0,,,4,0.56,0.34,3.095,4.0,0.6,CF,4.0,7.64
feature_0 > -1.507,0.962,0.78,,,1,0.04,0.33,0.933,1.0,0.49,CF,4.0,7.64
feature_0 <= 1.287,0.984,0.76,,,1,0.04,0.33,0.609,1.0,0.42,CF,4.0,7.64
feature_1 <= 1.277,0.658,0.75,,,1,0.02,0.31,0.672,1.0,0.43,CF,4.0,7.64
feature_0 > 0.188 AND feature_0 > 0.728 AND feature_1 > 0.955 AND feature_1 > 1.414,2.619,0.02,,,4,1.0,0.61,3.229,2.0,0.61,CF SingleTree,4.0,0.65
feature_0 > 0.188 AND feature_0 > 0.728 AND feature_1 > 0.955,2.437,0.04,,,3,0.93,0.57,2.912,2.0,0.56,CF SingleTree,4.0,0.65
feature_0 > 0.188 AND feature_0 > 0.728 AND feature_1 > 0.955 AND feature_1 <= 1.414,2.301,0.02,,,4,0.88,0.54,2.673,2.0,0.5,CF SingleTree,4.0,0.65
feature_0 > 0.188,1.658,0.38,,,1,0.63,0.53,1.723,1.0,0.47,CF SingleTree,4.0,0.65
feature_0 > 0.188 AND feature_0 > 0.728,1.928,0.22,,,2,0.74,0.53,2.116,1.0,0.48,CF SingleTree,4.0,0.65
feature_8 <= 0.311 AND feature_0 <= 2.014 AND feature_0 > -0.368 AND feature_1 > 0.5 AND feature_5 > 0.379 AND feature_0 > 0.691,4.327,0.02,1.22,5.55,6,1.0,0.61,2.597,4.0,0.61,CT on D,4.0,
feature_8 > 0.311 AND feature_2 <= 0.484 AND feature_3 <= 0.576 AND feature_4 > -1.572 AND feature_0 > -0.122 AND feature_1 > 1.084,3.603,0.02,0.58,4.18,6,0.83,0.51,2.43,6.0,0.57,CT on D,4.0,
feature_8 <= 0.311 AND feature_0 <= 2.014 AND feature_0 > -0.368 AND feature_1 > 0.5 AND feature_5 > 0.379,3.383,0.04,0.7,4.08,5,0.78,0.49,1.982,4.0,0.47,CT on D,4.0,
feature_8 <= 0.311 AND feature_0 <= 2.014 AND feature_0 > -0.368 AND feature_1 > 0.5 AND feature_5 <= 0.379 AND feature_5 <= -0.867,3.417,0.02,0.51,3.93,6,0.79,0.48,1.956,4.0,0.46,CT on D,4.0,
feature_8 <= 0.311 AND feature_0 <= 2.014 AND feature_0 > -0.368 AND feature_1 > 0.5,2.805,0.12,0.87,3.68,4,0.65,0.44,1.98,3.0,0.51,CT on D,4.0,
feature_8 <= 0.372 AND feature_0 <= 1.965 AND feature_0 > -0.417 AND feature_1 > 0.527 AND feature_9 > -0.382 AND feature_6 <= -0.836,4.462,0.02,-0.16,4.3,6,1.0,0.61,1.99,5.0,0.39,CT on P,4.0,
feature_8 <= 0.372 AND feature_0 <= 1.965 AND feature_0 > -0.417 AND feature_1 > 0.527 AND feature_9 > -0.382,3.268,0.08,0.6,3.87,5,0.73,0.47,1.949,4.0,0.4,CT on P,4.0,
feature_8 <= 0.372 AND feature_0 <= 1.965 AND feature_0 > -0.417 AND feature_1 > 0.527,2.85,0.13,0.88,3.73,4,0.64,0.44,1.955,3.0,0.43,CT on P,4.0,
feature_8 > 0.372 AND feature_2 <= 0.484 AND feature_3 > 0.576 AND feature_0 <= -0.14 AND feature_1 <= -0.16,3.164,0.01,3.12,-0.05,5,0.71,0.43,0.485,5.0,0.1,CT on P,4.0,
feature_8 <= 0.372 AND feature_0 > 1.965,3.102,0.02,1.51,4.61,2,0.7,0.43,3.138,2.0,0.61,CT on P,4.0,
feature_0 > -0.384 AND feature_4 > 1.682 AND feature_0 > 0.562 AND feature_0 > 1.466,12.117,0.0,,,4,1.0,0.6,2.76,2.0,0.6,CF,4.0,7.08
feature_0 > -0.309 AND feature_4 > 1.668 AND feature_0 > 0.71 AND feature_1 <= -0.223,11.599,0.0,,,4,0.96,0.57,1.736,3.0,0.38,CF,4.0,7.08
feature_0 > -0.65 AND feature_4 > 1.614 AND feature_6 <= 0.796 AND feature_3 > 1.214,10.519,0.0,,,4,0.87,0.52,1.312,4.0,0.29,CF,4.0,7.08
feature_0 > 0.913 AND feature_1 <= 0.101 AND feature_7 <= -0.964 AND feature_2 > 0.963,9.811,0.0,,,4,0.81,0.49,1.831,4.0,0.4,CF,4.0,7.08
feature_0 > -0.399 AND feature_1 <= 0.719 AND feature_1 <= -1.328 AND feature_3 <= -0.96,8.437,0.01,,,4,0.7,0.42,0.622,3.0,0.14,CF,4.0,7.08
feature_0 > -0.291,1.345,0.57,,,1,0.67,0.63,1.454,1.0,0.53,CF SingleTree,4.0,0.64
feature_0 > -0.291 AND feature_0 > 0.394 AND feature_1 > 0.475 AND feature_1 > 1.124,2.007,0.05,,,4,1.0,0.62,2.899,2.0,0.62,CF SingleTree,4.0,0.64
feature_0 > -0.291 AND feature_0 > 0.394,1.596,0.34,,,2,0.8,0.61,1.865,1.0,0.52,CF SingleTree,4.0,0.64
feature_0 > -0.291 AND feature_0 > 0.394 AND feature_1 > 0.475,1.882,0.12,,,3,0.94,0.61,2.471,2.0,0.56,CF SingleTree,4.0,0.64
feature_0 > -0.291 AND feature_0 > 0.394 AND feature_1 > 0.475 AND feature_1 <= 1.124,1.8,0.07,,,4,0.9,0.57,2.189,2.0,0.48,CF SingleTree,4.0,0.64
feature_3 > -0.969 AND feature_0 > 0.15 AND feature_9 <= -1.469 AND feature_1 > 0.146,4.255,0.01,0.07,4.32,4,1.0,0.6,2.159,4.0,0.53,CT on D,4.0,
feature_3 > -0.969 AND feature_0 > 0.15 AND feature_9 > -1.469 AND feature_9 > -0.158 AND feature_1 <= -1.48,3.389,0.02,-1.14,2.25,5,0.8,0.49,1.052,4.0,0.26,CT on D,4.0,
feature_3 > -0.969 AND feature_0 <= 0.15 AND feature_0 <= -0.657 AND feature_0 <= -1.838 AND feature_1 <= 0.257,3.228,0.02,2.75,-0.48,5,0.76,0.46,1.814,3.0,0.45,CT on D,4.0,
feature_3 > -0.969 AND feature_0 > 0.15 AND feature_9 > -1.469 AND feature_9 <= -0.158 AND feature_1 > -0.971 AND feature_8 > 0.812,3.054,0.03,0.47,3.53,6,0.72,0.44,1.808,5.0,0.45,CT on D,4.0,
feature_3 <= -0.969 AND feature_8 > -0.584 AND feature_3 > -1.83 AND feature_0 > 1.134,3.101,0.01,0.36,3.46,4,0.73,0.44,2.458,3.0,0.6,CT on D,4.0,
feature_7 <= 1.107 AND feature_0 > 0.118 AND feature_3 <= -0.496 AND feature_2 > -0.659 AND feature_9 <= 0.394 AND feature_4 > 0.75,5.03,0.03,-0.36,4.68,6,1.0,0.61,1.773,6.0,0.61,CT on P,4.0,
feature_7 <= 1.107 AND feature_0 > 0.118 AND feature_3 <= -0.496 AND feature_2 > -0.659 AND feature_9 <= 0.394,3.851,0.06,-0.3,3.55,5,0.77,0.48,1.754,5.0,0.62,CT on P,4.0,
feature_7 > 1.107 AND feature_9 <= 0.755 AND feature_2 > -0.681 AND feature_0 > -0.255 AND feature_0 <= 0.641,3.856,0.03,-0.17,3.69,5,0.77,0.47,0.96,4.0,0.34,CT on P,4.0,
feature_7 <= 1.107 AND feature_0 > 0.118 AND feature_3 <= -0.496 AND feature_2 > -0.659,3.305,0.09,-0.16,3.15,4,0.66,0.43,1.723,4.0,0.62,CT on P,4.0,
feature_7 <= 1.107,0.682,0.86,1.43,2.11,1,0.14,0.43,0.803,1.0,0.62,CT on P,4.0,
feature_0 > -0.045 AND feature_1 > 1.65 AND feature_1 <= 1.714,10.567,0.0,,,3,1.0,0.6,2.534,2.0,0.47,CF,4.0,8.27
feature_0 > -0.081 AND feature_1 > 1.514 AND feature_2 > 0.246 AND feature_2 > 1.328,9.836,0.0,,,4,0.93,0.56,2.787,3.0,0.52,CF,4.0,8.27
feature_0 > 0.256 AND feature_1 > 1.581 AND feature_4 <= 0.138 AND feature_5 > 0.127,9.204,0.0,,,4,0.87,0.52,3.218,4.0,0.6,CF,4.0,8.27
feature_0 > -0.251 AND feature_1 > 1.597 AND feature_2 <= -0.271 AND feature_2 <= -0.854,7.072,0.01,,,4,0.67,0.41,2.785,3.0,0.52,CF,4.0,8.27
feature_0 > 0.256 AND feature_1 > 1.581 AND feature_4 <= 0.138,6.467,0.0,,,3,0.61,0.37,3.195,3.0,0.6,CF,4.0,8.27
feature_0 > -0.07 AND feature_0 > 0.81 AND feature_1 > 1.26 AND feature_1 > 1.495,2.006,0.01,,,4,1.0,0.6,3.463,2.0,0.6,CF SingleTree,4.0,0.63
feature_0 > -0.07 AND feature_0 > 0.81 AND feature_1 > 1.26,1.908,0.02,,,3,0.95,0.58,3.307,2.0,0.58,CF SingleTree,4.0,0.63
feature_0 > -0.07 AND feature_0 > 0.81 AND feature_1 > 1.26 AND feature_1 <= 1.495,1.745,0.01,,,4,0.87,0.53,3.05,2.0,0.53,CF SingleTree,4.0,0.63
feature_0 > -0.07 AND feature_0 > 0.81,1.5,0.17,,,2,0.75,0.52,2.198,1.0,0.45,CF SingleTree,4.0,0.63
feature_0 > -0.07,1.193,0.36,,,1,0.59,0.5,1.551,1.0,0.41,CF SingleTree,4.0,0.63
feature_4 > -1.673 AND feature_0 > 1.514 AND feature_1 > -0.743 AND feature_1 > 0.549,4.489,0.02,1.38,5.86,4,1.0,0.61,3.424,3.0,0.61,CT on D,4.0,
feature_4 > -1.673 AND feature_0 > 1.514 AND feature_1 > -0.743,3.475,0.05,1.12,4.59,3,0.77,0.48,2.882,3.0,0.53,CT on D,4.0,
feature_4 > -1.673 AND feature_0 > 1.514 AND feature_1 > -0.743 AND feature_1 <= 0.549 AND feature_5 <= 0.279,3.483,0.02,0.77,4.25,5,0.78,0.47,2.606,4.0,0.46,CT on D,4.0,
feature_4 > -1.673 AND feature_0 > 1.514,3.037,0.06,1.01,4.05,2,0.68,0.43,2.728,2.0,0.5,CT on D,4.0,
feature_4 > -1.673 AND feature_0 <= 1.514 AND feature_0 > -0.312 AND feature_1 > -0.649 AND feature_5 > -0.609 AND feature_1 > 1.333,3.001,0.04,1.62,4.62,6,0.67,0.42,2.418,4.0,0.44,CT on D,4.0,
feature_9 > -1.975 AND feature_0 > 0.29 AND feature_0 > 1.496 AND feature_8 > -0.43 AND feature_2 > -0.187,4.983,0.02,0.18,5.16,5,1.0,0.61,2.699,4.0,0.61,CT on P,4.0,
feature_9 > -1.975,0.881,0.98,0.77,1.65,1,0.18,0.5,0.816,1.0,0.57,CT on P,4.0,
feature_9 > -1.975 AND feature_0 > 0.29 AND feature_0 <= 1.496 AND feature_2 <= -0.446 AND feature_4 <= 0.352 AND feature_9 > -0.277,3.611,0.05,-0.4,3.21,6,0.72,0.45,1.609,4.0,0.38,CT on P,4.0,
feature_9 > -1.975 AND feature_0 > 0.29 AND feature_0 > 1.496 AND feature_8 > -0.43,3.565,0.04,0.52,4.08,4,0.72,0.45,2.702,3.0,0.61,CT on P,4.0,
feature_9 > -1.975 AND feature_0 > 0.29 AND feature_0 > 1.496,3.043,0.07,0.87,3.92,3,0.61,0.39,2.71,2.0,0.63,CT on P,4.0,
feature_0 > 0.121 AND feature_0 > 1.241 AND feature_0 <= 1.298 AND feature_3 <= -0.423,22.763,0.0,,,4,1.0,0.6,2.219,2.0,0.6,CF,4.0,7.76
feature_0 <= 0.353 AND feature_3 > 1.355 AND feature_5 > 0.993 AND feature_9 <= -0.299,12.295,0.0,,,4,0.54,0.32,0.002,4.0,0.0,CF,4.0,7.76
feature_0 > -1.323,1.234,0.7,,,1,0.05,0.31,0.993,1.0,0.55,CF,4.0,7.76
feature_0 > -1.293,1.198,0.69,,,1,0.05,0.31,1.003,1.0,0.55,CF,4.0,7.76
feature_0 > -1.288,1.109,0.69,,,1,0.05,0.31,1.004,1.0,0.55,CF,4.0,7.76
feature_0 > -0.298 AND feature_0 > 0.756 AND feature_1 > 0.655 AND feature_0 > 1.335,2.381,0.02,,,4,1.0,0.61,3.328,2.0,0.61,CF SingleTree,4.0,0.65
feature_0 > -0.298 AND feature_0 > 0.756 AND feature_1 > 0.655,2.233,0.05,,,3,0.94,0.58,2.875,2.0,0.54,CF SingleTree,4.0,0.65
feature_0 > -0.298 AND feature_0 > 0.756 AND feature_1 > 0.655 AND feature_0 <= 1.335,2.126,0.03,,,4,0.89,0.55,2.546,2.0,0.47,CF SingleTree,4.0,0.65
feature_0 > -0.298,1.332,0.51,,,1,0.56,0.54,1.444,1.0,0.46,CF SingleTree,4.0,0.65
feature_0 > -0.298 AND feature_0 > 0.756,1.791,0.2,,,2,0.75,0.53,2.147,1.0,0.47,CF SingleTree,4.0,0.65
feature_8 > -1.455 AND feature_0 > 1.015 AND feature_0 > 1.178 AND feature_2 <= -0.196 AND feature_4 <= 0.551 AND feature_9 <= 0.407,4.867,0.02,-1.23,3.64,6,1.0,0.61,2.483,5.0,0.61,CT on D,4.0,
feature_8 > -1.455 AND feature_0 > 1.015 AND feature_0 > 1.178 AND feature_2 <= -0.196 AND feature_4 <= 0.551,4.384,0.04,-0.83,3.56,5,0.9,0.56,2.467,4.0,0.61,CT on D,4.0,
feature_8 > -1.455 AND feature_0 > 1.015 AND feature_0 > 1.178 AND feature_2 > -0.196 AND feature_4 > 0.623,3.94,0.02,1.18,5.12,5,0.81,0.49,2.449,4.0,0.6,CT on D,4.0,
feature_8 > -1.455 AND feature_0 > 1.015 AND feature_0 > 1.178 AND feature_2 <= -0.196,3.837,0.05,-0.19,3.64,4,0.79,0.49,2.451,3.0,0.61,CT on D,4.0,
feature_8 > -1.455 AND feature_0 > 1.015 AND feature_0 > 1.178,3.233,0.11,0.6,3.84,3,0.66,0.44,2.468,2.0,0.64,CT on D,4.0,
feature_8 > -0.726 AND feature_0 > -0.477 AND feature_0 > 1.03 AND feature_0 > 1.854 AND feature_0 <= 2.094,5.46,0.01,-0.33,5.13,5,1.0,0.6,2.774,2.0,0.53,CT on P,4.0,
feature_8 > -0.726 AND feature_0 > -0.477 AND feature_0 > 1.03 AND feature_0 > 1.854,4.491,0.03,0.34,4.83,4,0.82,0.51,3.008,2.0,0.58,CT on P,4.0,
feature_8 > -0.726 AND feature_0 > -0.477 AND feature_0 > 1.03 AND feature_0 <= 1.854 AND feature_2 <= -0.409 AND feature_7 > -0.365,4.18,0.02,-0.78,3.4,6,0.77,0.47,2.17,4.0,0.42,CT on P,4.0,
feature_8 > -0.726 AND feature_0 > -0.477 AND feature_0 > 1.03 AND feature_0 <= 1.854 AND feature_2 > -0.409 AND feature_5 <= -0.671,3.918,0.01,-0.3,3.62,6,0.72,0.43,2.164,4.0,0.41,CT on P,4.0,
feature_8 > -0.726 AND feature_0 > -0.477 AND feature_0 > 1.03 AND feature_0 > 1.854 AND feature_0 > 2.094,3.722,0.01,0.87,4.59,5,0.68,0.41,3.187,2.0,0.6,CT on P,4.0,
feature_0 > 0.91 AND feature_1 > 0.221 AND feature_1 <= 1.802 AND feature_6 <= -1.599,14.266,0.0,,,4,1.0,0.6,2.79,3.0,0.42,CF,4.0,8.34
feature_0 > 0.401 AND feature_1 > 1.641 AND feature_4 > 1.068,12.251,0.0,,,3,0.86,0.52,3.24,3.0,0.49,CF,4.0,8.34
feature_0 > -1.007 AND feature_1 > 1.232 AND feature_0 > 1.432 AND feature_5 <= -0.266,11.092,0.0,,,4,0.78,0.47,3.946,3.0,0.6,CF,4.0,8.34
feature_3 <= 1.615,0.992,0.94,,,1,0.07,0.42,0.798,1.0,0.5,CF,4.0,8.34
feature_0 > -1.626 AND feature_3 <= 1.336,1.055,0.93,,,2,0.07,0.42,0.913,2.0,0.51,CF,4.0,8.34
feature_0 > -0.114 AND feature_0 > 0.995 AND feature_0 > 1.141 AND feature_1 > 0.786,2.499,0.03,,,4,1.0,0.61,3.244,2.0,0.61,CF SingleTree,4.0,0.66
feature_0 > -0.114 AND feature_0 > 0.995 AND feature_0 > 1.141,2.255,0.13,,,3,0.9,0.59,2.441,1.0,0.5,CF SingleTree,4.0,0.66
feature_0 > -0.114 AND feature_0 > 0.995,2.171,0.16,,,2,0.87,0.59,2.33,1.0,0.49,CF SingleTree,4.0,0.66
feature_0 > -0.114 AND feature_0 > 0.995 AND feature_0 > 1.141 AND feature_1 <= 0.786,2.193,0.1,,,4,0.88,0.57,2.236,2.0,0.45,CF SingleTree,4.0,0.66
feature_0 > -0.114 AND feature_0 > 0.995 AND feature_0 <= 1.141 AND feature_1 > 1.246,2.285,0.0,,,4,0.91,0.55,3.026,2.0,0.56,CF SingleTree,4.0,0.66
feature_2 > -1.712 AND feature_0 > 1.669 AND feature_1 > 0.769,4.716,0.01,1.56,6.28,3,1.0,0.6,3.628,3.0,0.6,CT on D,4.0,
feature_2 > -1.712 AND feature_0 <= 1.669 AND feature_0 > -0.365 AND feature_1 > 0.376 AND feature_1 > 1.91,4.106,0.01,1.56,5.67,5,0.87,0.53,2.993,3.0,0.5,CT on D,4.0,
feature_2 > -1.712 AND feature_0 > 1.669 AND feature_1 <= 0.769 AND feature_5 > 0.535,3.89,0.01,0.92,4.81,4,0.82,0.5,2.685,4.0,0.45,CT on D,4.0,
feature_2 <= -1.712 AND feature_4 <= 0.536 AND feature_4 <= -0.734,3.474,0.01,-0.35,3.12,3,0.74,0.45,0.752,2.0,0.13,CT on D,4.0,
feature_2 > -1.712 AND feature_0 > 1.669,2.85,0.05,1.51,4.36,2,0.6,0.38,2.861,2.0,0.49,CT on D,4.0,
feature_0 > 0.476 AND feature_1 > 1.578,4.737,0.02,2.03,6.77,2,1.0,0.61,3.304,2.0,0.61,CT on P,4.0,
feature_0 > 0.476 AND feature_1 <= 1.578 AND feature_0 > 1.69 AND feature_3 > -0.61,3.913,0.02,0.11,4.02,4,0.83,0.5,2.806,3.0,0.52,CT on P,4.0,
feature_0 <= 0.476 AND feature_1 > 0.492 AND feature_4 <= -0.4 AND feature_3 <= -0.594 AND feature_6 > 0.133,3.911,0.02,-1.7,2.21,5,0.83,0.5,0.809,5.0,0.15,CT on P,4.0,
feature_0 > 0.476 AND feature_1 <= 1.578 AND feature_0 <= 1.69 AND feature_1 > -0.572 AND feature_4 > 0.413 AND feature_6 > -0.283,3.448,0.04,0.14,3.59,6,0.73,0.45,1.902,4.0,0.36,CT on P,4.0,
feature_0 > 0.476 AND feature_1 <= 1.578 AND feature_0 > 1.69,3.189,0.04,0.68,3.87,3,0.67,0.42,2.806,2.0,0.53,CT on P,4.0,
feature_1 > 0.533 AND feature_3 <= -0.908 AND feature_4 <= -1.365 AND feature_8 <= 0.097,11.142,0.01,,,4,1.0,0.6,1.225,4.0,0.44,CF,4.0,7.41
feature_0 <= -0.266 AND feature_1 > 1.61 AND feature_1 > 2.479,8.657,0.0,,,3,0.78,0.47,1.662,2.0,0.59,CF,4.0,7.41
feature_1 <= -1.183 AND feature_2 <= 1.124 AND feature_0 > 0.32 AND feature_3 > 1.15,7.78,0.0,,,4,0.7,0.42,1.264,4.0,0.45,CF,4.0,7.41
feature_1 > 0.763 AND feature_4 <= -0.537 AND feature_6 <= 0.026 AND feature_9 <= -0.754,7.614,0.01,,,4,0.68,0.41,1.692,4.0,0.6,CF,4.0,7.41
feature_1 > 0.533 AND feature_3 <= -0.908 AND feature_4 <= -1.365,7.529,0.01,,,3,0.68,0.41,1.358,3.0,0.49,CF,4.0,7.41
feature_0 > -0.245 AND feature_1 > 0.454 AND feature_0 > 0.728 AND feature_1 > 1.544,2.461,0.02,,,4,1.0,0.61,3.462,2.0,0.61,CF SingleTree,4.0,0.65
feature_0 > -0.245 AND feature_1 > 0.454 AND feature_0 > 0.728,2.074,0.08,,,3,0.84,0.54,2.757,2.0,0.51,CF SingleTree,4.0,0.65
feature_0 > -0.245 AND feature_1 > 0.454 AND feature_0 > 0.728 AND feature_1 <= 1.544,1.987,0.06,,,4,0.81,0.51,2.597,2.0,0.47,CF SingleTree,4.0,0.65
feature_0 > -0.245 AND feature_1 > 0.454,1.73,0.17,,,2,0.7,0.49,2.078,2.0,0.43,CF SingleTree,4.0,0.65
feature_0 > -0.245,1.184,0.4,,,1,0.48,0.45,1.464,1.0,0.41,CF SingleTree,4.0,0.65
feature_1 > -1.131 AND feature_0 > 0.426 AND feature_1 > 0.954 AND feature_8 > 0.326 AND feature_5 <= 0.064,4.695,0.01,0.11,4.8,5,1.0,0.6,2.823,4.0,0.6,CT on D,4.0,
feature_1 > -1.131 AND feature_0 > 0.426 AND feature_1 > 0.954 AND feature_8 <= 0.326 AND feature_8 <= -0.991,4.244,0.01,0.82,5.06,5,0.9,0.55,2.842,3.0,0.6,CT on D,4.0,
feature_1 > -1.131 AND feature_0 > 0.426 AND feature_1 > 0.954 AND feature_8 > 0.326,4.199,0.02,0.71,4.91,4,0.89,0.54,2.856,3.0,0.61,CT on D,4.0,
feature_1 > -1.131 AND feature_0 > 0.426 AND feature_1 <= 0.954 AND feature_0 > 1.069 AND feature_7 <= -0.694 AND feature_9 <= -0.017,4.184,0.01,0.09,4.27,6,0.89,0.54,2.326,4.0,0.49,CT on D,4.0,
feature_1 > -1.131 AND feature_0 > 0.426 AND feature_1 <= 0.954 AND feature_0 > 1.069 AND feature_7 > -0.694 AND feature_9 > 1.038,3.859,0.01,-0.1,3.76,6,0.82,0.5,2.208,4.0,0.47,CT on D,4.0,
feature_2 <= 0.812 AND feature_0 <= 1.188 AND feature_1 > -0.093 AND feature_0 > 0.394 AND feature_1 > 0.991 AND feature_9 > 0.337,4.854,0.01,-0.19,4.67,6,1.0,0.6,2.412,4.0,0.42,CT on P,4.0,
feature_2 <= 0.812 AND feature_0 > 1.188 AND feature_1 > 1.124,4.685,0.01,0.87,5.56,3,0.97,0.58,3.496,3.0,0.6,CT on P,4.0,
feature_2 <= 0.812,0.904,0.94,0.73,1.63,1,0.19,0.49,0.777,1.0,0.51,CT on P,4.0,
feature_2 <= 0.812 AND feature_0 > 1.188 AND feature_1 <= 1.124 AND feature_6 > 0.762,3.672,0.02,0.35,4.02,4,0.76,0.46,2.322,4.0,0.41,CT on P,4.0,
feature_2 <= 0.812 AND feature_0 > 1.188 AND feature_1 <= 1.124 AND feature_6 <= 0.762 AND feature_7 <= -0.493,3.616,0.02,0.03,3.65,5,0.74,0.45,2.309,5.0,0.4,CT on P,4.0,
feature_0 > 0.787 AND feature_2 > -1.243 AND feature_2 <= -0.847 AND feature_3 <= -0.924,10.087,0.0,,,4,1.0,0.6,2.048,3.0,0.31,CF,4.0,8.19
feature_0 > 0.787 AND feature_2 <= -1.243 AND feature_7 > -0.281 AND feature_7 > 1.186,9.952,0.0,,,4,0.99,0.59,2.343,3.0,0.36,CF,4.0,8.19
feature_0 > 1.452 AND feature_1 > 0.553 AND feature_9 > -0.485 AND feature_7 <= -0.728,9.773,0.0,,,4,0.97,0.58,3.573,4.0,0.54,CF,4.0,8.19
feature_0 > 0.36 AND feature_1 > 1.309 AND feature_7 > 0.532 AND feature_1 > 1.559,7.708,0.01,,,4,0.76,0.46,3.204,3.0,0.49,CF,4.0,8.19
feature_0 > 0.994 AND feature_6 > -0.819 AND feature_1 > 1.283 AND feature_1 > 1.919,6.751,0.0,,,4,0.67,0.4,3.959,3.0,0.6,CF,4.0,8.19
feature_0 > 0.394 AND feature_0 > 0.867 AND feature_1 > 0.854 AND feature_1 > 1.371,2.436,0.02,,,4,1.0,0.61,3.403,2.0,0.61,CF SingleTree,4.0,0.64
feature_0 > 0.394 AND feature_0 > 0.867 AND feature_1 > 0.854,2.294,0.04,,,3,0.94,0.58,3.046,2.0,0.55,CF SingleTree,4.0,0.64
feature_0 > 0.394 AND feature_0 > 0.867 AND feature_1 > 0.854 AND feature_1 <= 1.371,2.171,0.02,,,4,0.89,0.54,2.739,2.0,0.49,CF SingleTree,4.0,0.64
feature_0 > 0.394 AND feature_0 > 0.867,1.878,0.18,,,2,0.77,0.53,2.205,1.0,0.46,CF SingleTree,4.0,0.64
feature_0 > 0.394,1.642,0.32,,,1,0.67,0.53,1.848,1.0,0.45,CF SingleTree,4.0,0.64
feature_2 <= 1.891 AND feature_0 > -0.457 AND feature_0 > 1.197 AND feature_4 <= -0.286 AND feature_6 > 0.543,4.986,0.01,-0.45,4.54,5,1.0,0.6,2.513,4.0,0.51,CT on D,4.0,
feature_2 <= 1.891 AND feature_0 > -0.457 AND feature_0 <= 1.197 AND feature_1 > 0.629 AND feature_4 > 0.758 AND feature_6 > -0.364,3.861,0.02,0.99,4.85,6,0.77,0.47,1.838,5.0,0.38,CT on D,4.0,
feature_2 <= 1.891 AND feature_0 > -0.457 AND feature_0 > 1.197 AND feature_4 > -0.286 AND feature_8 <= -0.173 AND feature_0 <= 1.636,3.821,0.02,0.09,3.91,6,0.77,0.47,2.255,4.0,0.46,CT on D,4.0,
feature_2 <= 1.891 AND feature_0 > -0.457 AND feature_0 > 1.197 AND feature_4 <= -0.286 AND feature_6 <= 0.543 AND feature_1 > 0.122,3.727,0.01,1.03,4.76,6,0.75,0.45,2.987,5.0,0.6,CT on D,4.0,
feature_2 <= 1.891 AND feature_0 > -0.457 AND feature_0 > 1.197 AND feature_4 <= -0.286,3.541,0.04,0.26,3.8,4,0.71,0.44,2.501,3.0,0.52,CT on D,4.0,
feature_8 > -1.816 AND feature_0 > 0.592 AND feature_1 <= 0.198 AND feature_6 > 1.097,4.8,0.02,-1.32,3.48,4,1.0,0.61,1.686,4.0,0.35,CT on P,4.0,
feature_8 > -1.816 AND feature_0 > 0.592 AND feature_1 > 0.198 AND feature_4 > -0.537 AND feature_3 <= -0.245 AND feature_0 > 1.18,4.336,0.02,0.36,4.7,6,0.9,0.55,2.967,5.0,0.61,CT on P,4.0,
feature_8 > -1.816 AND feature_0 > 0.592 AND feature_1 > 0.198 AND feature_4 <= -0.537,4.234,0.04,0.21,4.44,4,0.88,0.55,2.515,4.0,0.52,CT on P,4.0,
feature_8 > -1.816,0.76,0.97,0.57,1.33,1,0.16,0.48,0.803,1.0,0.55,CT on P,4.0,
feature_8 > -1.816 AND feature_0 > 0.592 AND feature_1 > 0.198,3.147,0.12,0.71,3.85,3,0.66,0.44,2.504,3.0,0.55,CT on P,4.0,
feature_0 > 1.307 AND feature_9 <= 0.648 AND feature_1 <= -1.203 AND feature_7 > 0.326,58.54,0.0,,,4,1.0,0.6,2.163,4.0,0.6,CF,4.0,8.34
feature_0 <= 1.135 AND feature_3 <= 0.703,0.905,0.65,,,2,0.02,0.27,0.571,2.0,0.42,CF,4.0,8.34
feature_0 <= 1.307,1.034,0.51,,,1,0.02,0.21,0.618,1.0,0.38,CF,4.0,8.34
feature_0 > -1.205,1.338,0.5,,,1,0.02,0.21,1.023,1.0,0.48,CF,4.0,8.34
feature_0 > -1.176,1.268,0.5,,,1,0.02,0.21,1.034,1.0,0.49,CF,4.0,8.34
feature_0 > -0.536 AND feature_0 > 0.927 AND feature_1 > 0.052 AND feature_0 > 1.275,2.119,0.05,,,4,1.0,0.62,2.987,2.0,0.62,CF SingleTree,4.0,0.68
feature_0 > -0.536 AND feature_0 > 0.927 AND feature_1 > 0.052,1.963,0.08,,,3,0.93,0.59,2.702,2.0,0.57,CF SingleTree,4.0,0.68
feature_0 > -0.536 AND feature_0 > 0.927,1.719,0.15,,,2,0.81,0.55,2.289,1.0,0.52,CF SingleTree,4.0,0.68
feature_0 > -0.536,1.295,0.43,,,1,0.61,0.54,1.308,1.0,0.43,CF SingleTree,4.0,0.68
feature_0 > -0.536 AND feature_0 > 0.927 AND feature_1 > 0.052 AND feature_0 <= 1.275,1.751,0.04,,,4,0.83,0.51,2.315,2.0,0.48,CF SingleTree,4.0,0.68
feature_5 <= 2.263 AND feature_0 > 0.077 AND feature_1 > 0.713 AND feature_0 > 0.232 AND feature_8 <= -0.753 AND feature_6 <= 0.145,6.009,0.01,0.46,6.47,6,1.0,0.6,2.446,5.0,0.52,CT on D,4.0,
feature_5 <= 2.263 AND feature_0 > 0.077 AND feature_1 <= 0.713 AND feature_0 > 1.363 AND feature_0 > 1.906 AND feature_6 <= 0.146,4.941,0.01,0.23,5.17,6,0.82,0.5,2.865,4.0,0.6,CT on D,4.0,
feature_5 <= 2.263,0.807,0.86,1.03,1.84,1,0.13,0.42,0.813,1.0,0.51,CT on D,4.0,
feature_5 <= 2.263 AND feature_0 <= 0.077 AND feature_1 > 1.504 AND feature_6 > 0.079,3.959,0.02,0.51,4.47,4,0.66,0.4,1.406,4.0,0.3,CT on D,4.0,
feature_5 <= 2.263 AND feature_0 > 0.077 AND feature_1 > 0.713 AND feature_0 > 0.232 AND feature_8 <= -0.753,3.857,0.02,0.72,4.57,5,0.64,0.39,2.441,4.0,0.52,CT on D,4.0,
feature_4 > -1.408 AND feature_0 > 0.038 AND feature_1 > -0.082 AND feature_0 <= 1.758 AND feature_1 > 0.819 AND feature_6 <= -0.895,4.182,0.02,0.99,5.17,6,1.0,0.61,2.327,4.0,0.43,CT on P,4.0,
feature_4 > -1.408 AND feature_0 > 0.038 AND feature_1 > -0.082 AND feature_0 > 1.758,4.088,0.02,1.59,5.68,4,0.98,0.59,3.34,3.0,0.61,CT on P,4.0,
feature_4 > -1.408,0.823,0.92,1.09,1.91,1,0.2,0.49,0.815,1.0,0.51,CT on P,4.0,
feature_4 > -1.408 AND feature_0 <= 0.038 AND feature_1 > 1.337 AND feature_7 > -0.175,2.996,0.02,0.53,3.53,4,0.72,0.44,1.172,4.0,0.22,CT on P,4.0,
feature_4 > -1.408 AND feature_0 > 0.038 AND feature_1 > -0.082 AND feature_0 <= 1.758 AND feature_1 > 0.819,2.723,0.09,1.48,4.2,5,0.65,0.43,2.305,3.0,0.45,CT on P,4.0,
feature_0 > 0.322 AND feature_0 > 2.024 AND feature_7 > 0.538 AND feature_4 <= -0.213,57.494,0.0,,,4,1.0,0.6,3.324,3.0,0.6,CF,4.0,8.21
feature_2 <= 1.555,0.881,0.83,,,1,0.02,0.34,0.812,1.0,0.48,CF,4.0,8.21
feature_1 > -1.481,1.132,0.82,,,1,0.02,0.34,0.866,1.0,0.48,CF,4.0,8.21
feature_0 <= 1.507,0.909,0.82,,,1,0.02,0.34,0.681,1.0,0.45,CF,4.0,8.21
feature_0 <= 1.473,0.66,0.82,,,1,0.01,0.33,0.674,1.0,0.45,CF,4.0,8.21
feature_0 > 0.469 AND feature_0 > 0.901 AND feature_1 > 0.332 AND feature_1 > 0.848,2.569,0.04,,,4,1.0,0.62,3.042,2.0,0.62,CF SingleTree,4.0,0.72
feature_0 > 0.469 AND feature_0 > 0.901 AND feature_1 > 0.332,2.38,0.07,,,3,0.93,0.58,2.772,2.0,0.57,CF SingleTree,4.0,0.72
feature_0 > 0.469 AND feature_0 > 0.901,1.935,0.18,,,2,0.75,0.52,2.23,1.0,0.51,CF SingleTree,4.0,0.72
feature_0 > 0.469 AND feature_0 > 0.901 AND feature_1 > 0.332 AND feature_1 <= 0.848,2.159,0.03,,,4,0.84,0.52,2.456,2.0,0.5,CF SingleTree,4.0,0.72
feature_0 > 0.469,1.646,0.31,,,1,0.64,0.51,1.918,1.0,0.5,CF SingleTree,4.0,0.72
feature_0 > -1.423 AND feature_0 > 0.864 AND feature_7 <= -0.559 AND feature_6 <= -0.451,4.159,0.02,0.17,4.33,4,1.0,0.61,2.251,3.0,0.5,CT on D,4.0,
feature_0 > -1.423 AND feature_0 > 0.864 AND feature_7 > -0.559 AND feature_9 > -0.992 AND feature_4 <= -1.05,3.927,0.0,0.18,4.11,5,0.94,0.57,2.276,4.0,0.49,CT on D,4.0,
feature_0 > -1.423 AND feature_0 > 0.864 AND feature_7 <= -0.559 AND feature_6 > -0.451 AND feature_0 > 1.37,3.686,0.01,1.03,4.72,5,0.89,0.54,2.761,3.0,0.6,CT on D,4.0,
feature_0 <= -1.423 AND feature_8 <= 0.431 AND feature_0 <= -1.974,3.501,0.02,2.83,-0.67,3,0.84,0.51,1.52,2.0,0.34,CT on D,4.0,
feature_0 > -1.423 AND feature_0 > 0.864 AND feature_7 <= -0.559,3.161,0.06,0.79,3.95,3,0.76,0.48,2.258,2.0,0.51,CT on D,4.0,
feature_9 > -2.206 AND feature_0 > -0.534 AND feature_0 > 1.464 AND feature_9 > -0.024 AND feature_9 <= 0.711,4.383,0.02,0.81,5.2,5,1.0,0.61,2.813,2.0,0.61,CT on P,4.0,
feature_9 > -2.206 AND feature_0 > -0.534 AND feature_0 > 1.464 AND feature_9 > -0.024,3.872,0.03,1.15,5.02,4,0.88,0.54,2.787,2.0,0.61,CT on P,4.0,
feature_9 > -2.206,0.823,0.98,1.32,2.14,1,0.19,0.5,0.815,1.0,0.57,CT on P,4.0,
feature_9 > -2.206 AND feature_0 > -0.534,1.366,0.7,1.22,2.58,2,0.31,0.47,1.308,2.0,0.56,CT on P,4.0,
feature_9 > -2.206 AND feature_0 > -0.534 AND feature_0 <= 1.464 AND feature_1 > 0.587 AND feature_3 <= 0.824 AND feature_6 <= -0.659,3.22,0.04,0.76,3.98,6,0.73,0.46,1.776,5.0,0.39,CT on P,4.0,
feature_0 > 1.406 AND feature_2 > 0.547 AND feature_9 <= -0.369 AND feature_3 <= -0.226,47.572,0.0,,,4,1.0,0.6,2.687,4.0,0.6,CF,4.0,8.17
feature_0 <= 0.882 AND feature_0 > -1.658 AND feature_4 > -0.747,0.699,0.7,,,3,0.01,0.29,0.614,2.0,0.42,CF,4.0,8.17
feature_0 > -1.581,0.995,0.67,,,1,0.02,0.28,0.935,1.0,0.48,CF,4.0,8.17
feature_0 > -1.558,0.973,0.67,,,1,0.02,0.28,0.939,1.0,0.48,CF,4.0,8.17
feature_0 > -1.542,0.947,0.67,,,1,0.02,0.28,0.942,1.0,0.48,CF,4.0,8.17
feature_0 > 0.439 AND feature_0 > 0.878 AND feature_0 > 1.41 AND feature_1 > -0.238,2.286,0.05,,,4,1.0,0.62,2.965,2.0,0.62,CF SingleTree,4.0,0.69
feature_0 > 0.439 AND feature_0 > 0.878 AND feature_0 > 1.41,2.182,0.07,,,3,0.95,0.6,2.693,1.0,0.57,CF SingleTree,4.0,0.69
feature_0 > 0.439 AND feature_0 > 0.878,1.988,0.18,,,2,0.87,0.59,2.243,1.0,0.53,CF SingleTree,4.0,0.69
feature_0 > 0.439,1.657,0.29,,,1,0.72,0.55,1.89,1.0,0.5,CF SingleTree,4.0,0.69
feature_0 > 0.439 AND feature_0 > 0.878 AND feature_0 > 1.41 AND feature_1 <= -0.238,2.016,0.03,,,4,0.88,0.54,2.256,2.0,0.47,CF SingleTree,4.0,0.69
feature_2 > -1.159 AND feature_0 > -0.089 AND feature_0 > 0.846 AND feature_1 > 0.215 AND feature_7 <= -0.243 AND feature_7 > -0.637,6.265,0.01,-0.94,5.32,6,1.0,0.6,2.656,4.0,0.6,CT on D,5.0,
feature_2 > -1.159,0.948,0.94,0.94,1.89,1,0.15,0.47,0.796,1.0,0.56,CT on D,5.0,
feature_2 > -1.159 AND feature_0 > -0.089 AND feature_0 > 0.846 AND feature_1 > 0.215 AND feature_7 <= -0.243,4.519,0.04,0.52,5.04,5,0.72,0.45,2.649,4.0,0.61,CT on D,5.0,
feature_2 > -1.159 AND feature_0 > -0.089 AND feature_0 <= 0.846 AND feature_1 > 1.369 AND feature_3 <= -0.439,4.417,0.01,0.95,5.37,5,0.71,0.43,2.304,4.0,0.52,CT on D,5.0,
feature_2 <= -1.159 AND feature_0 > 0.499 AND feature_1 > 0.259,4.169,0.0,0.68,4.85,3,0.67,0.4,2.501,3.0,0.56,CT on D,5.0,
feature_0 <= 2.171 AND feature_0 > 0.002 AND feature_1 > -0.865 AND feature_0 > 1.438 AND feature_1 > 0.122 AND feature_7 <= -0.049,6.088,0.01,0.34,6.43,6,1.0,0.6,2.959,3.0,0.6,CT on P,5.0,
feature_0 <= 2.171,0.935,0.99,0.95,1.88,1,0.15,0.49,0.762,1.0,0.55,CT on P,5.0,
feature_0 <= 2.171 AND feature_0 > 0.002 AND feature_1 > -0.865 AND feature_0 > 1.438 AND feature_1 > 0.122,4.524,0.03,0.94,5.47,5,0.74,0.46,2.941,2.0,0.61,CT on P,5.0,
feature_0 <= 2.171 AND feature_0 <= 0.002 AND feature_1 > 0.841 AND feature_9 > -0.552 AND feature_1 <= 0.989,3.863,0.01,-0.34,3.53,5,0.63,0.38,0.476,3.0,0.1,CT on P,5.0,
feature_0 <= 2.171 AND feature_0 > 0.002,1.763,0.48,0.78,2.54,2,0.29,0.37,1.553,1.0,0.51,CT on P,5.0,
feature_1 > 1.277 AND feature_8 <= -1.625 AND feature_6 <= -0.515,18.021,0.0,,,3,1.0,0.6,2.174,3.0,0.4,CF,5.0,7.49
feature_0 > 0.612 AND feature_1 > 1.094 AND feature_8 <= -0.066 AND feature_6 <= -1.192,17.782,0.0,,,4,0.99,0.59,3.095,4.0,0.56,CF,5.0,7.49
feature_0 > 0.325 AND feature_4 > 0.532 AND feature_0 > 1.952 AND feature_0 > 2.383,13.571,0.0,,,4,0.75,0.45,3.292,2.0,0.6,CF,5.0,7.49
feature_0 > 0.387 AND feature_1 > 1.426 AND feature_8 > -1.184 AND feature_9 <= -0.609,11.65,0.01,,,4,0.65,0.39,2.948,4.0,0.54,CF,5.0,7.49
feature_0 > -1.507,0.993,0.78,,,1,0.06,0.35,0.933,1.0,0.48,CF,5.0,7.49
feature_0 > 0.188 AND feature_0 > 0.771 AND feature_1 > 0.944 AND feature_1 > 1.486,2.544,0.01,,,4,1.0,0.6,3.294,2.0,0.6,CF SingleTree,5.0,0.69
feature_0 > 0.188 AND feature_0 > 0.771 AND feature_1 > 0.944,2.355,0.04,,,3,0.93,0.57,2.936,2.0,0.55,CF SingleTree,5.0,0.69
feature_0 > 0.188 AND feature_0 > 0.771 AND feature_1 > 0.944 AND feature_1 <= 1.486,2.242,0.02,,,4,0.88,0.54,2.723,2.0,0.5,CF SingleTree,5.0,0.69
feature_0 > 0.188 AND feature_0 > 0.771,1.882,0.21,,,2,0.74,0.53,2.147,1.0,0.48,CF SingleTree,5.0,0.69
feature_0 > 0.188,1.593,0.38,,,1,0.63,0.53,1.723,1.0,0.47,CF SingleTree,5.0,0.69
feature_8 <= 0.311 AND feature_0 <= 2.014 AND feature_0 > -0.368 AND feature_1 > 0.5 AND feature_5 > 0.379 AND feature_9 > -0.574,4.178,0.03,0.36,4.53,6,1.0,0.61,1.98,5.0,0.5,CT on D,5.0,
feature_8 > 0.311 AND feature_2 <= 0.484 AND feature_3 <= 0.576 AND feature_4 > -1.572 AND feature_0 > -0.122 AND feature_1 > 1.084,3.906,0.02,0.36,4.27,6,0.93,0.57,2.43,6.0,0.61,CT on D,5.0,
feature_8 <= 0.311 AND feature_0 <= 2.014 AND feature_0 > -0.368 AND feature_1 > 0.5 AND feature_5 <= 0.379 AND feature_5 <= -0.867,3.756,0.02,0.34,4.1,6,0.9,0.55,1.956,4.0,0.49,CT on D,5.0,
feature_8 <= 0.311 AND feature_0 <= 2.014 AND feature_0 > -0.368 AND feature_1 > 0.5 AND feature_5 > 0.379,3.676,0.04,0.57,4.25,5,0.88,0.54,1.982,4.0,0.51,CT on D,5.0,
feature_8 <= 0.311 AND feature_0 <= 2.014 AND feature_0 <= -0.368 AND feature_1 > 0.933 AND feature_9 > -0.096 AND feature_8 > -0.431,3.485,0.01,-0.72,2.76,6,0.83,0.5,0.652,4.0,0.16,CT on D,5.0,
feature_8 <= 0.372 AND feature_0 <= 1.965 AND feature_0 > -0.417 AND feature_1 > 0.527 AND feature_9 > -0.382 AND feature_6 <= -0.836,5.096,0.02,-0.52,4.58,6,1.0,0.61,1.99,5.0,0.61,CT on P,5.0,
feature_8 <= 0.372 AND feature_0 <= 1.965 AND feature_0 > -0.417 AND feature_1 > 0.527 AND feature_9 > -0.382,3.58,0.08,0.43,4.01,5,0.7,0.45,1.949,4.0,0.62,CT on P,5.0,
feature_8 > 0.372 AND feature_2 <= 0.484 AND feature_3 > 0.576 AND feature_0 <= -0.14 AND feature_1 <= 0.003,3.539,0.01,3.31,-0.23,5,0.69,0.42,0.434,5.0,0.13,CT on P,5.0,
feature_8 <= 0.372 AND feature_0 <= 1.965 AND feature_0 > -0.417 AND feature_1 > 0.527,3.054,0.13,0.78,3.83,4,0.6,0.41,1.955,3.0,0.64,CT on P,5.0,
feature_8 <= 0.372 AND feature_0 <= 1.965 AND feature_0 > -0.417 AND feature_1 > 0.527 AND feature_9 > -0.382 AND feature_6 > -0.836,3.109,0.06,0.72,3.83,6,0.61,0.39,1.936,5.0,0.61,CT on P,5.0,
feature_0 > -0.384 AND feature_4 > 1.682 AND feature_0 > 0.562 AND feature_0 > 1.466,13.868,0.0,,,4,1.0,0.6,2.76,2.0,0.6,CF,5.0,6.69
feature_0 > 0.664 AND feature_2 <= -0.006 AND feature_9 <= -0.542 AND feature_6 > 1.104,11.429,0.01,,,4,0.82,0.5,2.022,4.0,0.44,CF,5.0,6.69
feature_0 > -0.309 AND feature_4 > 1.668 AND feature_0 > 0.71 AND feature_1 <= -0.223,11.114,0.0,,,4,0.8,0.48,1.736,3.0,0.38,CF,5.0,6.69
feature_4 > 0.923 AND feature_0 > 0.895 AND feature_9 > -1.107 AND feature_4 > 1.598,10.265,0.01,,,4,0.74,0.45,2.342,3.0,0.51,CF,5.0,6.69
feature_0 > -0.399 AND feature_1 <= -1.328 AND feature_3 <= -0.96,10.245,0.01,,,3,0.74,0.45,0.622,3.0,0.14,CF,5.0,6.69
feature_0 > -0.287,1.306,0.57,,,1,0.7,0.65,1.456,1.0,0.53,CF SingleTree,5.0,0.73
feature_0 > -0.287 AND feature_0 > 0.393,1.544,0.35,,,2,0.82,0.63,1.864,1.0,0.53,CF SingleTree,5.0,0.73
feature_0 > -0.287 AND feature_0 > 0.393 AND feature_1 > 0.475 AND feature_0 > 0.922,1.872,0.06,,,4,1.0,0.62,2.877,2.0,0.62,CF SingleTree,5.0,0.73
feature_0 > -0.287 AND feature_0 > 0.393 AND feature_1 > 0.475,1.761,0.12,,,3,0.94,0.61,2.471,2.0,0.56,CF SingleTree,5.0,0.73
feature_0 > -0.287 AND feature_0 > 0.393 AND feature_1 <= 0.475,1.44,0.24,,,3,0.77,0.56,1.574,2.0,0.42,CF SingleTree,5.0,0.73
feature_3 > -0.969 AND feature_0 > 0.15 AND feature_9 <= -1.469 AND feature_1 > 0.146,4.665,0.01,-0.21,4.46,4,1.0,0.6,2.159,4.0,0.53,CT on D,5.0,
feature_3 > -0.969 AND feature_0 > 0.15 AND feature_9 > -1.469 AND feature_9 > -0.158 AND feature_1 <= -1.48,3.967,0.02,-1.6,2.37,5,0.85,0.52,1.052,4.0,0.26,CT on D,5.0,
feature_3 > -0.969 AND feature_0 > 0.15 AND feature_9 > -1.469 AND feature_9 <= -0.158 AND feature_1 > -0.971 AND feature_8 > 0.812,3.341,0.03,0.29,3.63,6,0.72,0.44,1.808,5.0,0.45,CT on D,5.0,
feature_3 <= -0.969 AND feature_8 > -0.584 AND feature_3 > -1.83 AND feature_0 > 1.134,3.263,0.01,0.31,3.57,4,0.7,0.42,2.458,3.0,0.6,CT on D,5.0,
feature_3 > -0.969 AND feature_0 <= 0.15 AND feature_0 <= -0.657 AND feature_2 > -0.18 AND feature_6 > -1.277 AND feature_0 <= -1.913,3.233,0.01,3.21,-0.02,6,0.69,0.42,1.455,4.0,0.36,CT on D,5.0,
feature_7 <= 1.107 AND feature_0 > 0.118 AND feature_3 <= -0.496 AND feature_2 > -0.659 AND feature_9 <= 0.394 AND feature_4 > 0.75,5.73,0.03,-0.64,5.09,6,1.0,0.61,1.773,6.0,0.61,CT on P,5.0,
feature_7 > 1.107 AND feature_9 <= 0.755 AND feature_2 > -0.681 AND feature_0 > -0.265 AND feature_0 <= 0.641,4.423,0.03,-0.4,4.03,5,0.77,0.48,0.959,4.0,0.34,CT on P,5.0,
feature_7 <= 1.107 AND feature_0 > 0.118 AND feature_3 <= -0.496 AND feature_2 > -0.659 AND feature_9 <= 0.394,4.283,0.06,-0.52,3.77,5,0.75,0.47,1.754,5.0,0.62,CT on P,5.0,
feature_7 <= 1.107 AND feature_0 > 0.118 AND feature_3 <= -0.496 AND feature_2 > -0.659,3.646,0.09,-0.34,3.31,4,0.64,0.42,1.723,4.0,0.62,CT on P,5.0,
feature_7 <= 1.107,0.651,0.86,1.45,2.1,1,0.11,0.41,0.803,1.0,0.62,CT on P,5.0,
feature_0 <= -0.05 AND feature_4 > 0.114 AND feature_7 <= -0.933 AND feature_7 > -0.972,36.453,0.0,,,4,1.0,0.6,0.113,3.0,0.06,CF,5.0,7.34
feature_4 > -0.267,0.607,0.86,,,1,0.02,0.35,0.804,1.0,0.77,CF,5.0,7.34
feature_4 > -0.267 AND feature_9 <= 1.445,0.584,0.81,,,2,0.02,0.33,0.806,2.0,0.75,CF,5.0,7.34
feature_4 > -0.267 AND feature_9 <= 1.445 AND feature_3 <= 1.318,0.657,0.74,,,3,0.02,0.31,0.804,3.0,0.72,CF,5.0,7.34
feature_4 > -0.267 AND feature_9 <= 1.445 AND feature_3 <= 1.318 AND feature_0 > -0.906,0.959,0.62,,,4,0.03,0.26,1.134,4.0,0.85,CF,5.0,7.34
feature_0 > -0.14 AND feature_0 > 0.81 AND feature_1 > 1.455 AND feature_9 > -0.195,1.816,0.01,,,4,1.0,0.6,3.469,3.0,0.6,CF SingleTree,5.0,0.8
feature_0 > -0.14 AND feature_0 > 0.81 AND feature_1 > 1.455,1.759,0.02,,,3,0.97,0.59,3.431,2.0,0.6,CF SingleTree,5.0,0.8
feature_0 > -0.14 AND feature_0 > 0.81 AND feature_1 > 1.455 AND feature_9 <= -0.195,1.671,0.01,,,4,0.92,0.56,3.371,3.0,0.59,CF SingleTree,5.0,0.8
feature_0 > -0.14 AND feature_0 > 0.81,1.377,0.17,,,2,0.76,0.52,2.198,1.0,0.45,CF SingleTree,5.0,0.8
feature_0 > -0.14,1.101,0.37,,,1,0.61,0.51,1.508,1.0,0.41,CF SingleTree,5.0,0.8
feature_4 > -1.673 AND feature_0 > 1.514 AND feature_1 > -0.743 AND feature_1 <= 0.549 AND feature_5 <= 0.319 AND feature_2 > 0.058,5.848,0.0,-0.34,5.51,6,1.0,0.6,2.633,5.0,0.46,CT on D,5.0,
feature_4 > -1.673 AND feature_0 > 1.514 AND feature_1 > -0.743 AND feature_1 > 0.549,4.807,0.02,1.2,6.0,4,0.82,0.5,3.424,3.0,0.61,CT on D,5.0,
feature_4 > -1.673 AND feature_0 > 1.514 AND feature_1 > -0.743,3.655,0.05,1.02,4.68,3,0.62,0.4,2.882,3.0,0.53,CT on D,5.0,
feature_4 > -1.673 AND feature_0 > 1.514 AND feature_1 > -0.743 AND feature_1 <= 0.549 AND feature_5 <= 0.319,3.701,0.02,0.7,4.4,5,0.63,0.39,2.599,4.0,0.46,CT on D,5.0,
feature_4 > -1.673,0.899,0.72,1.02,1.92,1,0.15,0.38,0.82,1.0,0.43,CT on D,5.0,
feature_9 > -1.975 AND feature_0 > 0.29 AND feature_0 > 1.496 AND feature_8 > -0.43 AND feature_2 > -0.187,5.534,0.02,-0.08,5.45,5,1.0,0.61,2.699,4.0,0.61,CT on P,5.0,
feature_9 > -1.975,0.899,0.98,0.77,1.67,1,0.16,0.49,0.816,1.0,0.57,CT on P,5.0,
feature_9 > -1.975 AND feature_0 > 0.29 AND feature_0 <= 1.496 AND feature_2 <= -0.446 AND feature_4 <= 0.352 AND feature_9 > -0.277,4.056,0.05,-0.57,3.49,6,0.73,0.46,1.609,4.0,0.38,CT on P,5.0,
feature_9 > -1.975 AND feature_0 > 0.29 AND feature_0 > 1.496 AND feature_8 > -0.43,3.753,0.04,0.36,4.11,4,0.68,0.42,2.702,3.0,0.62,CT on P,5.0,
feature_9 > -1.975 AND feature_0 > 0.29 AND feature_0 <= 1.496 AND feature_2 <= -0.446 AND feature_4 <= 0.352,3.111,0.08,-0.06,3.05,5,0.56,0.37,1.614,4.0,0.39,CT on P,5.0,
feature_0 <= 0.669 AND feature_0 <= -1.324 AND feature_0 > -1.455 AND feature_6 > 0.62,44.779,0.0,,,4,1.0,0.6,0.572,2.0,0.15,CF,5.0,7.82
feature_2 <= 0.774,0.822,0.95,,,1,0.02,0.39,0.813,1.0,0.6,CF,5.0,7.82
feature_0 > 0.121 AND feature_0 > 1.241 AND feature_0 <= 1.298 AND feature_3 <= -0.423,27.545,0.0,,,4,0.62,0.37,2.219,2.0,0.6,CF,5.0,7.82
feature_2 <= 0.774 AND feature_0 <= 0.77,0.474,0.75,,,2,0.01,0.31,0.445,2.0,0.42,CF,5.0,7.82
feature_0 > -1.388,1.216,0.7,,,1,0.03,0.3,0.978,1.0,0.54,CF,5.0,7.82
feature_0 > -0.233 AND feature_0 > 0.752 AND feature_1 > 0.54 AND feature_0 > 1.328,2.185,0.03,,,4,1.0,0.61,3.238,2.0,0.61,CF SingleTree,5.0,0.77
feature_0 > -0.233 AND feature_0 > 0.752 AND feature_1 > 0.54,2.034,0.06,,,3,0.93,0.58,2.796,2.0,0.54,CF SingleTree,5.0,0.77
feature_0 > -0.233 AND feature_0 > 0.752,1.756,0.2,,,2,0.8,0.56,2.144,1.0,0.48,CF SingleTree,5.0,0.77
feature_0 > -0.233,1.331,0.49,,,1,0.61,0.56,1.483,1.0,0.47,CF SingleTree,5.0,0.77
feature_0 > -0.233 AND feature_0 > 0.752 AND feature_1 > 0.54 AND feature_0 <= 1.328,1.92,0.04,,,4,0.88,0.54,2.467,2.0,0.47,CF SingleTree,5.0,0.77
feature_8 > -1.455 AND feature_0 > 1.015 AND feature_0 > 1.178 AND feature_2 <= -0.196 AND feature_4 <= 0.551 AND feature_9 <= 0.513,5.409,0.02,-1.64,3.77,6,1.0,0.61,2.483,5.0,0.61,CT on D,5.0,
feature_8 > -1.455 AND feature_0 > 1.015 AND feature_0 > 1.178 AND feature_2 <= -0.196 AND feature_4 <= 0.551,4.87,0.04,-1.23,3.64,5,0.9,0.56,2.467,4.0,0.61,CT on D,5.0,
feature_8 > -1.455 AND feature_0 > 1.015 AND feature_0 > 1.178 AND feature_2 > -0.196 AND feature_4 > 0.623,4.276,0.02,1.02,5.3,5,0.79,0.48,2.449,4.0,0.6,CT on D,5.0,
feature_8 > -1.455 AND feature_0 > 1.015 AND feature_0 > 1.178 AND feature_2 <= -0.196,4.165,0.05,-0.49,3.68,4,0.77,0.48,2.451,3.0,0.61,CT on D,5.0,
feature_8 > -1.455 AND feature_0 > 1.015 AND feature_0 > 1.178,3.411,0.11,0.48,3.89,3,0.63,0.42,2.468,2.0,0.64,CT on D,5.0,
feature_8 > -0.726 AND feature_0 > 1.03 AND feature_0 > 1.854 AND feature_0 <= 2.094,6.08,0.01,-0.62,5.46,4,1.0,0.6,2.774,2.0,0.53,CT on P,5.0,
feature_8 > -0.726 AND feature_0 > 1.03 AND feature_0 > 1.854,4.861,0.03,0.16,5.02,3,0.8,0.49,3.008,2.0,0.58,CT on P,5.0,
feature_8 > -0.726 AND feature_0 > 1.03 AND feature_0 <= 1.854 AND feature_2 <= -0.409 AND feature_7 > -0.365,4.697,0.02,-1.16,3.54,5,0.77,0.47,2.17,4.0,0.42,CT on P,5.0,
feature_8 > -0.726 AND feature_0 > 1.03 AND feature_0 <= 1.854 AND feature_2 > -0.409 AND feature_5 <= -0.671,4.221,0.01,-0.53,3.69,5,0.69,0.42,2.164,4.0,0.41,CT on P,5.0,
feature_8 > -0.726 AND feature_0 > 1.03 AND feature_0 > 1.854 AND feature_0 > 2.094,3.893,0.01,0.78,4.67,4,0.64,0.39,3.187,2.0,0.6,CT on P,5.0,
feature_0 > 0.91 AND feature_1 > 0.221 AND feature_1 <= 1.802 AND feature_6 <= -1.599,16.768,0.0,,,4,1.0,0.6,2.79,3.0,0.46,CF,5.0,7.89
feature_0 > 0.401 AND feature_1 > 1.641 AND feature_4 > 1.068,14.289,0.0,,,3,0.85,0.51,3.24,3.0,0.54,CF,5.0,7.89
feature_0 > -0.289 AND feature_1 <= 1.321 AND feature_0 > 1.844 AND feature_0 <= 1.95,12.935,0.01,,,4,0.77,0.47,2.637,2.0,0.44,CF,5.0,7.89
feature_1 > 1.545 AND feature_0 > 0.751 AND feature_7 <= -0.83,12.086,0.0,,,3,0.72,0.43,3.608,3.0,0.6,CF,5.0,7.89
feature_3 <= 1.615,1.035,0.94,,,1,0.06,0.41,0.798,1.0,0.51,CF,5.0,7.89
feature_0 > 0.887 AND feature_0 > 1.117 AND feature_0 > 1.659 AND feature_1 > 0.611,2.572,0.01,,,4,1.0,0.6,3.569,2.0,0.6,CF SingleTree,5.0,0.78
feature_0 > 0.887 AND feature_0 > 1.117 AND feature_0 > 1.659,2.39,0.05,,,3,0.93,0.58,2.867,1.0,0.5,CF SingleTree,5.0,0.78
feature_0 > 0.887 AND feature_0 > 1.117,2.251,0.13,,,2,0.88,0.58,2.421,1.0,0.46,CF SingleTree,5.0,0.78
feature_0 > 0.887 AND feature_0 > 1.117 AND feature_0 <= 1.659 AND feature_1 > 1.285,2.454,0.01,,,4,0.95,0.58,3.264,2.0,0.55,CF SingleTree,5.0,0.78
feature_0 > 0.887 AND feature_0 > 1.117 AND feature_0 > 1.659 AND feature_1 <= 0.611,2.325,0.04,,,4,0.9,0.56,2.619,2.0,0.46,CF SingleTree,5.0,0.78
feature_2 > -1.712 AND feature_1 > 0.514 AND feature_0 > -0.598 AND feature_0 > 1.59,4.352,0.02,1.39,5.74,4,1.0,0.61,3.455,3.0,0.61,CT on D,5.0,
feature_2 <= -1.712 AND feature_4 <= 0.536 AND feature_4 <= -0.734,4.182,0.01,-0.5,3.68,3,0.96,0.58,0.752,2.0,0.13,CT on D,5.0,
feature_2 > -1.712 AND feature_1 > 0.514 AND feature_0 > -0.598 AND feature_0 <= 1.59 AND feature_7 > 1.051 AND feature_0 > -0.056,4.052,0.02,0.45,4.5,6,0.93,0.57,2.066,4.0,0.37,CT on D,5.0,
feature_2 > -1.712 AND feature_1 > 0.514 AND feature_0 > -0.598 AND feature_0 <= 1.59 AND feature_7 > 1.051,3.521,0.03,0.6,4.12,5,0.81,0.5,1.76,4.0,0.32,CT on D,5.0,
feature_2 > -1.712 AND feature_1 <= 0.514 AND feature_0 > -0.322 AND feature_1 > -0.712 AND feature_0 > 0.858 AND feature_4 > -0.949,2.794,0.07,0.77,3.57,6,0.64,0.41,2.091,4.0,0.39,CT on D,5.0,
feature_0 > 0.476 AND feature_1 > 1.578,5.068,0.02,2.1,7.16,2,1.0,0.61,3.304,2.0,0.61,CT on P,5.0,
feature_0 <= 0.476 AND feature_1 > 0.492 AND feature_4 <= -0.4 AND feature_3 <= -0.594 AND feature_6 > 0.133,4.677,0.02,-2.24,2.43,5,0.92,0.56,0.809,5.0,0.15,CT on P,5.0,
feature_0 > 0.476 AND feature_1 <= 1.578 AND feature_0 > 1.69 AND feature_3 > -0.61,4.213,0.02,-0.1,4.12,4,0.83,0.51,2.806,3.0,0.52,CT on P,5.0,
feature_0 > 0.476 AND feature_1 <= 1.578 AND feature_0 <= 1.69 AND feature_1 > -0.572 AND feature_4 > 0.413 AND feature_6 > -0.283,3.756,0.04,-0.03,3.72,6,0.74,0.46,1.902,4.0,0.36,CT on P,5.0,
feature_0 <= 0.476 AND feature_1 <= 0.492 AND feature_0 > -0.406 AND feature_1 > -1.381 AND feature_4 <= 0.432 AND feature_1 > 0.241,3.711,0.02,-1.05,2.66,6,0.73,0.45,0.94,3.0,0.18,CT on P,5.0,
feature_0 > 1.548 AND feature_6 <= -0.995 AND feature_3 <= 0.455 AND feature_8 > 0.008,32.203,0.01,,,4,1.0,0.6,2.796,4.0,0.6,CF,5.0,7.9
feature_1 > 1.008 AND feature_0 > 0.077 AND feature_0 <= 0.151 AND feature_5 <= -0.061,19.097,0.0,,,4,0.59,0.36,1.829,3.0,0.39,CF,5.0,7.9
feature_0 > -1.502 AND feature_3 <= 0.38,1.22,0.81,,,2,0.04,0.35,0.947,2.0,0.53,CF,5.0,7.9
feature_0 > -1.399 AND feature_3 <= 0.969 AND feature_3 <= 0.458,0.675,0.77,,,3,0.02,0.32,0.964,2.0,0.51,CF,5.0,7.9
feature_0 > -1.502 AND feature_3 <= 0.38 AND feature_9 > -0.911,1.345,0.68,,,3,0.04,0.3,0.952,3.0,0.48,CF,5.0,7.9
feature_0 > -0.245 AND feature_1 > 0.506 AND feature_0 > 0.704 AND feature_0 > 1.571,2.202,0.02,,,4,1.0,0.61,3.431,2.0,0.61,CF SingleTree,5.0,0.74
feature_0 > -0.245 AND feature_1 > 0.506 AND feature_0 > 0.704,1.939,0.08,,,3,0.88,0.56,2.758,2.0,0.51,CF SingleTree,5.0,0.74
feature_0 > -0.245 AND feature_1 > 0.506 AND feature_0 > 0.704 AND feature_0 <= 1.571,1.852,0.06,,,4,0.84,0.53,2.535,2.0,0.47,CF SingleTree,5.0,0.74
feature_0 > -0.245 AND feature_1 > 0.506,1.659,0.16,,,2,0.75,0.52,2.108,2.0,0.43,CF SingleTree,5.0,0.74
feature_0 > -0.245,1.116,0.4,,,1,0.51,0.46,1.464,1.0,0.42,CF SingleTree,5.0,0.74
feature_1 > -1.131 AND feature_0 > 0.426 AND feature_1 > 0.954 AND feature_8 > 0.326 AND feature_5 <= 0.064,5.238,0.01,-0.35,4.89,5,1.0,0.6,2.823,4.0,0.59,CT on D,5.0,
feature_1 > -1.131 AND feature_0 > 0.426 AND feature_1 > 0.954 AND feature_8 > 0.326,4.561,0.02,0.44,5.0,4,0.87,0.53,2.856,3.0,0.6,CT on D,5.0,
feature_1 > -1.131 AND feature_0 > 0.426 AND feature_1 > 0.954 AND feature_8 <= 0.326 AND feature_8 <= -0.991,4.536,0.01,0.59,5.13,5,0.87,0.52,2.842,3.0,0.59,CT on D,5.0,
feature_1 > -1.131 AND feature_0 > 0.426 AND feature_1 <= 0.954 AND feature_0 > 1.069 AND feature_7 <= -0.694 AND feature_9 <= -0.017,4.485,0.01,-0.07,4.41,6,0.86,0.52,2.326,4.0,0.49,CT on D,5.0,
feature_1 > -1.131 AND feature_0 > 0.426 AND feature_1 > 0.954 AND feature_8 > 0.326 AND feature_5 > 0.064,3.897,0.01,1.2,5.1,5,0.74,0.45,2.889,4.0,0.6,CT on D,5.0,
feature_2 <= 0.812 AND feature_0 > 1.188 AND feature_1 > 1.124,5.05,0.01,0.54,5.59,3,1.0,0.6,3.496,3.0,0.6,CT on P,5.0,
feature_2 <= 0.812,0.934,0.94,0.71,1.64,1,0.18,0.49,0.777,1.0,0.51,CT on P,5.0,
feature_2 <= 0.812 AND feature_0 > 1.188 AND feature_1 <= 1.124 AND feature_6 > 0.762,3.925,0.02,0.25,4.17,4,0.78,0.47,2.322,4.0,0.41,CT on P,5.0,
feature_2 <= 0.812 AND feature_0 > 1.188 AND feature_1 <= 1.124 AND feature_6 <= 0.762 AND feature_7 <= -0.493,3.807,0.02,-0.12,3.69,5,0.75,0.46,2.309,5.0,0.4,CT on P,5.0,
feature_2 <= 0.812 AND feature_0 <= 1.188 AND feature_1 > -0.093 AND feature_0 > 0.394 AND feature_3 <= 0.816 AND feature_0 <= 0.678,3.572,0.04,-0.3,3.28,6,0.71,0.44,1.734,4.0,0.31,CT on P,5.0,
feature_0 > 1.334 AND feature_1 > -0.057 AND feature_4 > 1.275,23.124,0.0,,,3,1.0,0.6,2.849,3.0,0.6,CF,5.0,8.2
feature_8 <= 1.604,1.124,0.8,,,1,0.05,0.35,0.779,1.0,0.48,CF,5.0,8.2
feature_0 > -1.405,1.116,0.78,,,1,0.05,0.34,0.942,1.0,0.51,CF,5.0,8.2
feature_0 > -1.423,1.116,0.78,,,1,0.05,0.34,0.935,1.0,0.51,CF,5.0,8.2
feature_0 <= 1.425,0.873,0.79,,,1,0.04,0.34,0.629,1.0,0.45,CF,5.0,8.2
feature_0 > 0.437 AND feature_0 > 0.886 AND feature_1 > 0.854 AND feature_0 > 1.336,2.187,0.02,,,4,1.0,0.61,3.483,2.0,0.61,CF SingleTree,5.0,0.73
feature_0 > 0.437 AND feature_0 > 0.886 AND feature_1 > 0.854,2.083,0.04,,,3,0.95,0.59,3.054,2.0,0.54,CF SingleTree,5.0,0.73
feature_0 > 0.437 AND feature_0 > 0.886 AND feature_1 > 0.854 AND feature_0 <= 1.336,1.995,0.02,,,4,0.91,0.56,2.697,2.0,0.47,CF SingleTree,5.0,0.73
feature_0 > 0.437,1.57,0.31,,,1,0.72,0.55,1.877,1.0,0.45,CF SingleTree,5.0,0.73
feature_0 > 0.437 AND feature_0 > 0.886,1.75,0.18,,,2,0.8,0.55,2.218,1.0,0.45,CF SingleTree,5.0,0.73
feature_2 <= 1.891 AND feature_0 > -0.457 AND feature_1 > 0.649 AND feature_0 > 1.041 AND feature_5 <= 0.361 AND feature_0 > 1.416,5.873,0.01,0.63,6.5,6,1.0,0.6,3.3,4.0,0.6,CT on D,5.0,
feature_2 <= 1.891 AND feature_0 > -0.457 AND feature_1 > 0.649 AND feature_0 <= 1.041 AND feature_4 > 0.758 AND feature_5 <= -0.026,5.371,0.01,0.43,5.8,6,0.91,0.55,1.682,5.0,0.31,CT on D,5.0,
feature_2 <= 1.891 AND feature_0 > -0.457 AND feature_1 > 0.649 AND feature_0 > 1.041 AND feature_5 <= 0.361,4.728,0.02,1.35,6.08,5,0.81,0.49,3.064,4.0,0.57,CT on D,5.0,
feature_2 <= 1.891 AND feature_0 > -0.457 AND feature_1 > 0.649 AND feature_0 > 1.041,3.683,0.04,1.7,5.39,4,0.63,0.39,3.086,3.0,0.58,CT on D,5.0,
feature_2 <= 1.891 AND feature_0 > -0.457 AND feature_1 <= 0.649 AND feature_4 <= -0.35 AND feature_1 > -0.043 AND feature_3 > -0.57,3.531,0.03,-0.95,2.58,6,0.6,0.37,1.398,5.0,0.27,CT on D,5.0,
feature_8 > -1.816 AND feature_0 > 0.592 AND feature_6 > 1.115,5.088,0.03,-1.03,4.05,3,1.0,0.61,1.991,3.0,0.48,CT on P,5.0,
feature_8 > -1.816 AND feature_0 > 0.592 AND feature_6 <= 1.115 AND feature_1 > 0.198 AND feature_2 > 0.161 AND feature_6 > -0.335,4.947,0.03,0.08,5.03,6,0.97,0.6,2.541,5.0,0.61,CT on P,5.0,
feature_8 > -1.816 AND feature_0 > 0.592 AND feature_6 <= 1.115 AND feature_1 > 0.198 AND feature_2 > 0.161,4.266,0.05,0.14,4.41,5,0.84,0.52,2.517,5.0,0.61,CT on P,5.0,
feature_8 > -1.816,0.751,0.97,0.55,1.3,1,0.15,0.48,0.803,1.0,0.58,CT on P,5.0,
feature_8 > -1.816 AND feature_0 > 0.592 AND feature_6 <= 1.115 AND feature_1 > 0.198 AND feature_2 <= 0.161 AND feature_9 <= -0.382,3.583,0.02,0.35,3.93,6,0.7,0.43,2.534,6.0,0.61,CT on P,5.0,
feature_0 > -0.589 AND feature_4 > 1.608 AND feature_6 > 1.476,117.429,0.0,,,3,1.0,0.6,1.32,3.0,0.6,CF,5.0,8.14
feature_0 <= 1.135 AND feature_3 <= 0.703,0.996,0.65,,,2,0.01,0.27,0.571,2.0,0.52,CF,5.0,8.14
feature_0 <= 1.16 AND feature_3 <= 0.879,0.439,0.61,,,2,0.0,0.25,0.58,2.0,0.51,CF,5.0,8.14
feature_0 <= 1.16 AND feature_3 <= 0.879 AND feature_4 > -1.571,0.398,0.59,,,3,0.0,0.24,0.58,3.0,0.5,CF,5.0,8.14
feature_1 > -0.95 AND feature_1 <= 0.895 AND feature_3 <= 0.411,1.124,0.56,,,3,0.01,0.23,0.698,2.0,0.54,CF,5.0,8.14
feature_0 > -0.491 AND feature_0 > 0.499 AND feature_1 > -0.123 AND feature_0 > 1.153,1.962,0.06,,,4,1.0,0.62,2.826,2.0,0.62,CF SingleTree,5.0,0.67
feature_0 > -0.491 AND feature_0 > 0.499 AND feature_1 > -0.123,1.723,0.15,,,3,0.88,0.59,2.307,2.0,0.55,CF SingleTree,5.0,0.67
feature_0 > -0.491 AND feature_0 > 0.499,1.54,0.24,,,2,0.78,0.57,1.969,1.0,0.51,CF SingleTree,5.0,0.67
feature_0 > -0.491,1.287,0.43,,,1,0.66,0.57,1.329,1.0,0.45,CF SingleTree,5.0,0.67
feature_0 > -0.491 AND feature_0 > 0.499 AND feature_1 > -0.123 AND feature_0 <= 1.153,1.565,0.1,,,4,0.8,0.52,1.965,2.0,0.46,CF SingleTree,5.0,0.67
feature_5 <= 2.263 AND feature_0 > 0.077 AND feature_1 > 0.713 AND feature_8 <= -0.725 AND feature_6 <= -0.01,6.189,0.01,0.2,6.39,5,1.0,0.6,2.264,5.0,0.59,CT on D,5.0,
feature_5 <= 2.263 AND feature_0 <= 0.077 AND feature_1 > 1.552 AND feature_6 > 0.052,5.114,0.01,0.03,5.15,4,0.83,0.5,1.462,4.0,0.38,CT on D,5.0,
feature_5 <= 2.263 AND feature_0 > 0.077 AND feature_1 <= 0.713 AND feature_0 > 1.363 AND feature_3 <= -0.188 AND feature_1 <= -0.458,4.493,0.01,-1.06,3.43,6,0.73,0.44,2.201,4.0,0.58,CT on D,5.0,
feature_5 <= 2.263,0.815,0.86,1.04,1.86,1,0.13,0.42,0.813,1.0,0.56,CT on D,5.0,
feature_5 <= 2.263 AND feature_0 > 0.077 AND feature_1 > 0.713 AND feature_8 <= -0.725,3.89,0.03,0.53,4.42,4,0.63,0.39,2.309,4.0,0.61,CT on D,5.0,
feature_4 > -1.408 AND feature_1 > 0.706 AND feature_0 > 0.14 AND feature_9 <= -0.374 AND feature_3 > 0.165,5.75,0.02,0.69,6.44,5,1.0,0.61,2.433,5.0,0.6,CT on P,5.0,
feature_4 > -1.408 AND feature_1 <= 0.706 AND feature_0 > 1.367 AND feature_4 <= -0.023 AND feature_7 <= 0.11,5.036,0.01,-1.02,4.01,5,0.88,0.53,2.421,4.0,0.59,CT on P,5.0,
feature_4 > -1.408 AND feature_1 > 0.706 AND feature_0 <= 0.14 AND feature_1 > 1.537 AND feature_7 > 0.043,4.771,0.01,0.2,4.97,5,0.83,0.5,1.446,4.0,0.35,CT on P,5.0,
feature_4 > -1.408,0.831,0.92,1.1,1.93,1,0.14,0.45,0.815,1.0,0.57,CT on P,5.0,
feature_4 > -1.408 AND feature_1 > 0.706 AND feature_0 > 0.14 AND feature_9 > -0.374 AND feature_8 <= 0.333 AND feature_9 > 0.735,3.939,0.02,1.14,5.08,6,0.69,0.42,2.472,5.0,0.61,CT on P,5.0,
feature_0 > 0.36 AND feature_2 > -0.961 AND feature_0 > 2.034 AND feature_9 > 1.177,122.307,0.0,,,4,1.0,0.6,3.248,3.0,0.6,CF,5.0,8.72
feature_2 <= 1.555,0.884,0.83,,,1,0.01,0.34,0.812,1.0,0.48,CF,5.0,8.72
feature_1 > -1.552,0.652,0.83,,,1,0.01,0.34,0.859,1.0,0.49,CF,5.0,8.72
feature_1 > -1.481,1.213,0.82,,,1,0.01,0.33,0.866,1.0,0.49,CF,5.0,8.72
feature_0 <= 1.507,0.972,0.82,,,1,0.01,0.33,0.681,1.0,0.45,CF,5.0,8.72
feature_0 > 0.535 AND feature_1 > 0.378 AND feature_0 > 0.893 AND feature_1 > 0.918,2.562,0.03,,,4,1.0,0.61,3.09,2.0,0.61,CF SingleTree,5.0,0.74
feature_0 > 0.535 AND feature_1 > 0.378 AND feature_0 > 0.893,2.336,0.07,,,3,0.91,0.58,2.789,2.0,0.57,CF SingleTree,5.0,0.74
feature_0 > 0.535 AND feature_1 > 0.378,2.054,0.1,,,2,0.8,0.52,2.543,2.0,0.53,CF SingleTree,5.0,0.74
feature_0 > 0.535 AND feature_1 > 0.378 AND feature_0 > 0.893 AND feature_1 <= 0.918,2.113,0.03,,,4,0.82,0.51,2.493,2.0,0.5,CF SingleTree,5.0,0.74
feature_0 > 0.535,1.596,0.29,,,1,0.62,0.49,1.966,1.0,0.5,CF SingleTree,5.0,0.74
feature_0 > -1.423 AND feature_0 > 0.864 AND feature_7 <= -0.559 AND feature_6 <= -0.451,4.512,0.02,-0.02,4.5,4,1.0,0.61,2.251,3.0,0.5,CT on D,5.0,
feature_0 > -1.423 AND feature_0 > 0.864 AND feature_7 > -0.559 AND feature_9 > -0.992 AND feature_4 <= -1.05,4.306,0.0,0.11,4.41,5,0.95,0.57,2.276,4.0,0.49,CT on D,5.0,
feature_0 <= -1.423 AND feature_8 <= 0.431 AND feature_0 <= -1.974,3.917,0.02,3.06,-0.86,3,0.87,0.53,1.52,2.0,0.34,CT on D,5.0,
feature_0 > -1.423 AND feature_0 > 0.864 AND feature_7 <= -0.559 AND feature_6 > -0.451 AND feature_0 > 1.37,3.912,0.01,0.96,4.87,5,0.87,0.52,2.761,3.0,0.6,CT on D,5.0,
feature_0 > -1.423 AND feature_0 > 0.864 AND feature_7 <= -0.559 AND feature_6 > -0.451 AND feature_0 <= 1.37 AND feature_1 <= -0.026,3.79,0.01,0.18,3.97,6,0.84,0.51,1.486,4.0,0.33,CT on D,5.0,
feature_0 <= -1.549 AND feature_9 > -0.058 AND feature_8 <= -0.048,5.221,0.02,4.0,-1.23,3,1.0,0.61,1.182,3.0,0.35,CT on P,5.0,
feature_0 > -1.549 AND feature_0 > 0.133 AND feature_4 > 1.675 AND feature_1 > 0.17,4.714,0.01,2.57,7.28,4,0.9,0.55,2.048,3.0,0.6,CT on P,5.0,
feature_0 > -1.549,1.013,0.94,1.28,2.29,1,0.19,0.49,0.941,1.0,0.65,CT on P,5.0,
feature_0 > -1.549 AND feature_0 <= 0.133 AND feature_1 <= 0.692 AND feature_0 > -0.536 AND feature_4 > 0.749 AND feature_4 <= 1.209,3.845,0.03,-0.52,3.33,6,0.74,0.45,0.38,3.0,0.12,CT on P,5.0,
feature_0 <= -1.549 AND feature_9 > -0.058,3.693,0.03,3.19,-0.5,2,0.71,0.44,1.213,2.0,0.37,CT on P,5.0,
feature_0 > 1.406 AND feature_2 > 0.547 AND feature_9 <= -0.369 AND feature_3 <= -0.226,58.577,0.0,,,4,1.0,0.6,2.687,4.0,0.6,CF,5.0,8.2
feature_0 <= 0.882 AND feature_0 > -1.658 AND feature_4 > -0.747,0.712,0.7,,,3,0.01,0.29,0.614,2.0,0.42,CF,5.0,8.2
feature_0 > -1.581,1.017,0.67,,,1,0.02,0.28,0.935,1.0,0.48,CF,5.0,8.2
feature_0 > -1.558,0.985,0.67,,,1,0.02,0.28,0.939,1.0,0.48,CF,5.0,8.2
feature_0 > -1.54,0.973,0.67,,,1,0.02,0.28,0.943,1.0,0.48,CF,5.0,8.2
feature_0 > 0.327 AND feature_0 > 0.866 AND feature_0 > 1.418 AND feature_0 > 1.682,2.194,0.04,,,4,1.0,0.62,2.945,1.0,0.62,CF SingleTree,5.0,0.64
feature_0 > 0.327 AND feature_0 > 0.866 AND feature_0 > 1.418,2.118,0.07,,,3,0.97,0.61,2.699,1.0,0.58,CF SingleTree,5.0,0.64
feature_0 > 0.327 AND feature_0 > 0.866,1.903,0.18,,,2,0.87,0.59,2.233,1.0,0.53,CF SingleTree,5.0,0.64
feature_0 > 0.327 AND feature_0 > 0.866 AND feature_0 > 1.418 AND feature_0 <= 1.682,2.01,0.03,,,4,0.92,0.56,2.354,1.0,0.49,CF SingleTree,5.0,0.64
feature_0 > 0.327,1.536,0.33,,,1,0.7,0.55,1.809,1.0,0.5,CF SingleTree,5.0,0.64
