condition,t_est,distance,T0,T1,depth,norm_cate,score,t,features,true_score,algorithm,s_min,execution_time
feature_2 > -1.159 AND feature_0 > -0.089 AND feature_0 > 0.846 AND feature_1 > 0.214 AND feature_7 <= -0.245 AND feature_7 > -0.637,4.956,0.01,-0.04,4.92,6,1.0,0.6,2.654,4.0,0.6,CT on D,0.1,
feature_2 > -1.159,0.873,0.94,0.98,1.85,1,0.18,0.48,0.796,1.0,0.56,CT on D,0.1,
feature_2 > -1.159 AND feature_0 > -0.089 AND feature_0 > 0.846 AND feature_1 > 0.214 AND feature_7 <= -0.245,3.845,0.04,0.88,4.72,5,0.78,0.48,2.654,4.0,0.62,CT on D,0.1,
feature_2 <= -1.159 AND feature_0 > 0.499 AND feature_1 > 0.492,3.664,0.0,0.99,4.65,3,0.74,0.44,2.623,3.0,0.59,CT on D,0.1,
feature_2 > -1.159 AND feature_0 > -0.089 AND feature_0 <= 0.846 AND feature_1 > 1.369 AND feature_3 <= -0.439,3.521,0.01,1.04,4.56,5,0.71,0.43,2.304,4.0,0.52,CT on D,0.1,
feature_0 <= 2.171 AND feature_0 > 0.002 AND feature_0 > 1.275 AND feature_1 > -0.678 AND feature_7 <= 0.261 AND feature_1 > 0.201,3.913,0.02,1.07,4.99,6,1.0,0.61,2.885,3.0,0.54,CT on P,0.1,
feature_0 <= 2.171 AND feature_0 > 0.002 AND feature_0 > 1.275 AND feature_1 > -0.678 AND feature_7 <= 0.261,3.481,0.04,0.77,4.25,5,0.89,0.55,2.583,3.0,0.49,CT on P,0.1,
feature_0 <= 2.171,0.857,0.99,0.99,1.85,1,0.22,0.53,0.762,1.0,0.54,CT on P,0.1,
feature_0 <= 2.171 AND feature_0 > 0.002 AND feature_0 > 1.275 AND feature_1 > -0.678,2.992,0.06,1.02,4.01,4,0.76,0.48,2.574,2.0,0.5,CT on P,0.1,
feature_0 > 2.171,3.049,0.01,1.63,4.68,1,0.78,0.47,3.275,1.0,0.6,CT on P,0.1,
feature_0 <= -0.02 AND feature_1 > 1.647 AND feature_4 <= -0.55 AND feature_9 > -0.299,20.29,0.0,,,4,1.0,0.6,1.479,4.0,0.6,CF,0.1,9.36
feature_0 <= 1.287,0.881,0.76,,,1,0.04,0.33,0.609,1.0,0.55,CF,0.1,9.36
feature_1 <= 1.094,0.76,0.73,,,1,0.04,0.31,0.643,1.0,0.55,CF,0.1,9.36
feature_0 > -0.95,1.053,0.7,,,1,0.05,0.31,1.107,1.0,0.73,CF,0.1,9.36
feature_0 > -0.909,1.041,0.69,,,1,0.05,0.31,1.125,1.0,0.73,CF,0.1,9.36
feature_0 > 0.188 AND feature_0 > 0.771 AND feature_1 > 0.955 AND feature_1 > 1.405,2.725,0.01,,,4,1.0,0.6,3.254,2.0,0.6,CF SingleTree,0.1,0.78
feature_0 > 0.188 AND feature_0 > 0.771 AND feature_1 > 0.955,2.55,0.04,,,3,0.94,0.58,2.945,2.0,0.56,CF SingleTree,0.1,0.78
feature_0 > 0.188 AND feature_0 > 0.771 AND feature_1 > 0.955 AND feature_1 <= 1.405,2.415,0.02,,,4,0.89,0.54,2.705,2.0,0.51,CF SingleTree,0.1,0.78
feature_0 > 0.188,1.647,0.38,,,1,0.6,0.51,1.723,1.0,0.47,CF SingleTree,0.1,0.78
feature_0 > 0.188 AND feature_0 > 0.771,1.95,0.21,,,2,0.72,0.51,2.147,1.0,0.48,CF SingleTree,0.1,0.78
feature_8 <= 0.311 AND feature_0 <= 2.014 AND feature_0 > -0.368 AND feature_1 > 0.5 AND feature_5 > 0.379 AND feature_0 > 0.691,3.998,0.02,1.25,5.25,6,1.0,0.61,2.597,4.0,0.49,CT on D,0.1,
feature_8 > 0.311 AND feature_2 <= 0.484 AND feature_3 <= 0.576 AND feature_4 > -1.572 AND feature_0 > -0.122 AND feature_1 > 1.181,3.51,0.01,0.73,4.24,6,0.88,0.53,2.531,6.0,0.48,CT on D,0.1,
feature_8 <= 0.311 AND feature_0 <= 2.014 AND feature_0 > -0.368 AND feature_1 > 0.5 AND feature_5 > 0.379,3.089,0.04,0.82,3.91,5,0.77,0.48,1.982,4.0,0.39,CT on D,0.1,
feature_8 <= 0.311 AND feature_0 <= 2.014 AND feature_0 > -0.368 AND feature_1 > 0.5 AND feature_5 <= 0.379 AND feature_5 <= -0.867,3.077,0.02,0.69,3.76,6,0.77,0.47,1.956,4.0,0.37,CT on D,0.1,
feature_8 <= 0.311 AND feature_0 > 2.014,2.922,0.01,1.5,4.42,2,0.73,0.44,3.203,2.0,0.6,CT on D,0.1,
feature_8 <= 0.372 AND feature_0 <= 1.965 AND feature_0 > -0.417 AND feature_1 > 0.527 AND feature_9 > -0.382 AND feature_0 > 0.671,3.652,0.03,0.95,4.6,6,1.0,0.61,2.567,4.0,0.5,CT on P,0.1,
feature_8 <= 0.372 AND feature_0 <= 1.965 AND feature_0 > -0.417 AND feature_1 > 0.527 AND feature_9 > -0.382,2.956,0.08,0.77,3.72,5,0.81,0.52,1.949,4.0,0.4,CT on P,0.1,
feature_8 <= 0.372 AND feature_0 > 1.965,3.092,0.02,1.51,4.6,2,0.85,0.52,3.138,2.0,0.61,CT on P,0.1,
feature_8 <= 0.372 AND feature_0 <= 1.965 AND feature_0 > -0.417 AND feature_1 > 0.527,2.646,0.13,0.99,3.63,4,0.72,0.49,1.955,3.0,0.43,CT on P,0.1,
feature_8 <= 0.372 AND feature_0 <= 1.965 AND feature_0 > -0.417 AND feature_1 > 0.527 AND feature_9 > -0.382 AND feature_0 <= 0.671,2.564,0.05,0.67,3.23,6,0.7,0.44,1.593,4.0,0.32,CT on P,0.1,
feature_0 <= 0.665 AND feature_4 > 0.958 AND feature_3 <= -0.507 AND feature_1 > 1.494,59.459,0.0,,,4,1.0,0.6,1.612,4.0,0.6,CF,0.1,7.78
feature_1 > -1.373,0.889,0.81,,,1,0.01,0.33,0.885,1.0,0.65,CF,0.1,7.78
feature_0 > -1.131,1.141,0.78,,,1,0.02,0.32,1.066,1.0,0.71,CF,0.1,7.78
feature_0 > -1.016,1.075,0.76,,,1,0.02,0.31,1.109,1.0,0.72,CF,0.1,7.78
feature_0 > -0.971,1.281,0.75,,,1,0.02,0.31,1.126,1.0,0.72,CF,0.1,7.78
feature_0 > -0.291 AND feature_0 > 0.394 AND feature_1 > 0.468 AND feature_1 > 1.095,2.167,0.05,,,4,1.0,0.62,2.866,2.0,0.62,CF SingleTree,0.1,0.76
feature_0 > -0.291,1.373,0.57,,,1,0.63,0.61,1.454,1.0,0.53,CF SingleTree,0.1,0.76
feature_0 > -0.291 AND feature_0 > 0.394 AND feature_1 > 0.468,2.012,0.12,,,3,0.93,0.61,2.467,2.0,0.56,CF SingleTree,0.1,0.76
feature_0 > -0.291 AND feature_0 > 0.394,1.632,0.34,,,2,0.75,0.59,1.865,1.0,0.53,CF SingleTree,0.1,0.76
feature_0 > -0.291 AND feature_0 > 0.394 AND feature_1 > 0.468 AND feature_1 <= 1.095,1.9,0.07,,,4,0.88,0.55,2.179,2.0,0.48,CF SingleTree,0.1,0.76
feature_3 > -0.969 AND feature_0 > 0.15 AND feature_0 <= 1.816 AND feature_1 <= -0.273 AND feature_6 <= -0.888 AND feature_4 > 0.233,3.311,0.02,0.1,3.41,6,1.0,0.61,1.165,5.0,0.27,CT on D,0.1,
feature_3 > -0.969 AND feature_0 > 0.15 AND feature_0 > 1.816 AND feature_0 <= 2.025,3.186,0.01,0.95,4.13,4,0.96,0.58,2.702,2.0,0.6,CT on D,0.1,
feature_3 > -0.969 AND feature_0 <= 0.15 AND feature_0 <= -0.657 AND feature_0 <= -1.838 AND feature_1 <= 0.257,3.027,0.02,2.65,-0.37,5,0.91,0.56,1.814,3.0,0.41,CT on D,0.1,
feature_3 > -0.969 AND feature_0 > 0.15 AND feature_0 <= 1.816 AND feature_1 > -0.273 AND feature_9 <= -1.35,3.01,0.02,0.16,3.17,5,0.91,0.55,1.839,4.0,0.42,CT on D,0.1,
feature_3 <= -0.969 AND feature_8 > -0.584 AND feature_3 > -1.83 AND feature_0 > 1.134,2.939,0.01,0.4,3.34,4,0.89,0.54,2.458,3.0,0.55,CT on D,0.1,
feature_7 <= 1.107 AND feature_0 > 0.12 AND feature_0 > 0.985 AND feature_3 <= 1.007 AND feature_5 <= -0.892,3.646,0.02,0.74,4.39,5,1.0,0.61,2.385,4.0,0.61,CT on P,0.1,
feature_7 <= 1.107 AND feature_0 > 0.12 AND feature_0 <= 0.985 AND feature_1 > -0.687 AND feature_9 <= -1.239,3.101,0.02,0.42,3.53,5,0.85,0.52,1.533,4.0,0.39,CT on P,0.1,
feature_7 <= 1.107 AND feature_0 > 0.12 AND feature_0 > 0.985 AND feature_3 <= 1.007,2.564,0.12,1.15,3.71,4,0.7,0.47,2.339,3.0,0.64,CT on P,0.1,
feature_7 <= 1.107 AND feature_0 > 0.12 AND feature_0 > 0.985 AND feature_3 <= 1.007 AND feature_5 > -0.892 AND feature_1 <= 0.064,2.726,0.05,0.55,3.27,6,0.75,0.47,1.961,5.0,0.51,CT on P,0.1,
feature_7 <= 1.107,0.714,0.86,1.42,2.13,1,0.2,0.46,0.803,1.0,0.55,CT on P,0.1,
feature_0 > 0.823 AND feature_1 > 1.489 AND feature_9 <= -0.382,70.07,0.0,,,3,1.0,0.6,3.493,3.0,0.6,CF,0.1,9.37
feature_1 <= 1.385,0.667,0.5,,,1,0.01,0.21,0.689,1.0,0.32,CF,0.1,9.37
feature_0 > -1.121,1.11,0.48,,,1,0.02,0.2,1.053,1.0,0.37,CF,0.1,9.37
feature_0 > -1.024,1.106,0.48,,,1,0.02,0.2,1.087,1.0,0.38,CF,0.1,9.37
feature_0 > -1.036,1.08,0.48,,,1,0.02,0.2,1.083,1.0,0.38,CF,0.1,9.37
feature_0 > -0.05 AND feature_0 > 0.821 AND feature_1 > 1.302 AND feature_1 > 1.513,2.323,0.01,,,4,1.0,0.6,3.489,2.0,0.6,CF SingleTree,0.1,0.72
feature_0 > -0.05 AND feature_0 > 0.821 AND feature_1 > 1.302,2.196,0.02,,,3,0.95,0.58,3.356,2.0,0.59,CF SingleTree,0.1,0.72
feature_0 > -0.05 AND feature_0 > 0.821 AND feature_1 > 1.302 AND feature_1 <= 1.513,1.97,0.01,,,4,0.85,0.51,3.125,2.0,0.54,CF SingleTree,0.1,0.72
feature_0 > -0.05 AND feature_0 > 0.821,1.663,0.17,,,2,0.72,0.5,2.209,1.0,0.45,CF SingleTree,0.1,0.72
feature_0 > -0.05 AND feature_0 > 0.821 AND feature_1 <= 1.302 AND feature_0 > 1.35,1.735,0.08,,,4,0.75,0.48,2.497,2.0,0.46,CF SingleTree,0.1,0.72
feature_4 > -1.673 AND feature_0 > 1.49 AND feature_1 > -1.049 AND feature_1 > 0.543 AND feature_8 <= 0.208,4.493,0.01,1.61,6.1,5,1.0,0.6,3.475,4.0,0.6,CT on D,0.1,
feature_4 > -1.673 AND feature_0 > 1.49 AND feature_1 > -1.049 AND feature_1 > 0.543,4.079,0.02,1.65,5.73,4,0.91,0.55,3.389,3.0,0.59,CT on D,0.1,
feature_4 > -1.673 AND feature_0 > 1.49 AND feature_1 > -1.049 AND feature_1 > 0.543 AND feature_8 > 0.208,3.666,0.01,1.69,5.35,5,0.82,0.49,3.302,4.0,0.57,CT on D,0.1,
feature_4 > -1.673 AND feature_0 > 1.49 AND feature_1 > -1.049 AND feature_1 <= 0.543 AND feature_2 > -0.674 AND feature_8 > -0.435,3.565,0.01,0.53,4.1,6,0.79,0.48,2.486,5.0,0.43,CT on D,0.1,
feature_4 > -1.673 AND feature_0 > 1.49 AND feature_1 > -1.049,3.198,0.04,1.17,4.37,3,0.71,0.44,2.813,3.0,0.5,CT on D,0.1,
feature_4 > 1.304 AND feature_0 > -1.111 AND feature_1 > -0.017 AND feature_5 > -0.308 AND feature_9 > 0.299,2.715,0.09,1.89,4.61,5,1.0,0.64,1.336,5.0,0.52,CT on P,0.1,
feature_4 > 1.304 AND feature_0 > -1.111 AND feature_1 > -0.017 AND feature_5 > -0.308,2.089,0.26,2.08,4.17,4,0.77,0.57,1.389,4.0,0.61,CT on P,0.1,
feature_4 > 1.304 AND feature_0 > -1.111,1.096,0.79,2.24,3.34,2,0.4,0.56,1.09,2.0,0.71,CT on P,0.1,
feature_4 > 1.304,0.8,0.91,2.32,3.12,1,0.29,0.54,0.846,1.0,0.67,CT on P,0.1,
feature_4 > 1.304 AND feature_0 > -1.111 AND feature_1 <= -0.017 AND feature_0 > 0.693,2.145,0.12,1.72,3.86,4,0.79,0.52,1.64,3.0,0.65,CT on P,0.1,
feature_0 > -0.06 AND feature_1 > 1.025 AND feature_2 > 1.434 AND feature_9 > 0.174,28.578,0.0,,,4,1.0,0.6,2.448,4.0,0.6,CF,0.1,24.22
feature_0 <= 0.332 AND feature_4 > 1.408,0.96,0.46,,,2,0.03,0.2,0.24,2.0,0.24,CF,0.1,24.22
feature_0 > -0.517 AND feature_0 <= 1.096 AND feature_1 <= 0.959 AND feature_4 > 1.266,1.031,0.45,,,4,0.04,0.2,0.889,3.0,0.4,CF,0.1,24.22
feature_0 > 0.084 AND feature_1 <= 1.381 AND feature_2 > -1.123 AND feature_4 > 1.303,2.707,0.36,,,4,0.09,0.2,1.554,4.0,0.52,CF,0.1,24.22
feature_0 <= 0.339 AND feature_0 > -1.071 AND feature_1 <= 1.495 AND feature_4 > 1.205,1.559,0.42,,,4,0.05,0.2,0.428,3.0,0.27,CF,0.1,24.22
feature_0 > -0.132 AND feature_0 > 0.76 AND feature_1 > 0.587 AND feature_0 > 1.279,2.478,0.03,,,4,1.0,0.61,3.237,2.0,0.61,CF SingleTree,0.1,0.72
feature_0 > -0.132 AND feature_0 > 0.76 AND feature_1 > 0.587,2.319,0.04,,,3,0.94,0.58,2.832,2.0,0.54,CF SingleTree,0.1,0.72
feature_0 > -0.132 AND feature_0 > 0.76 AND feature_1 > 0.587 AND feature_0 <= 1.279,2.183,0.03,,,4,0.88,0.54,2.483,2.0,0.47,CF SingleTree,0.1,0.72
feature_0 > -0.132 AND feature_0 > 0.76,1.846,0.08,,,2,0.74,0.48,2.15,1.0,0.43,CF SingleTree,0.1,0.72
feature_0 > -0.132 AND feature_0 <= 0.76 AND feature_1 > 0.642 AND feature_0 > 0.336,1.829,0.03,,,4,0.74,0.45,2.078,2.0,0.4,CF SingleTree,0.1,0.72
feature_8 > -1.455 AND feature_0 > 0.631 AND feature_0 > 1.178 AND feature_1 > 0.747 AND feature_9 > 0.073,4.576,0.01,1.1,5.68,5,1.0,0.6,3.156,4.0,0.58,CT on D,0.1,
feature_8 > -1.455 AND feature_0 > 0.631 AND feature_0 > 1.178 AND feature_1 <= 0.747 AND feature_0 > 2.212,4.268,0.01,0.5,4.77,5,0.93,0.56,3.084,3.0,0.57,CT on D,0.1,
feature_8 > -1.455 AND feature_0 > 0.631 AND feature_0 > 1.178 AND feature_1 > 0.747,4.012,0.02,1.5,5.52,4,0.88,0.53,3.215,3.0,0.6,CT on D,0.1,
feature_8 > -1.455 AND feature_0 > 0.631 AND feature_0 > 1.178 AND feature_1 > 0.747 AND feature_9 <= 0.073,3.562,0.01,1.82,5.39,5,0.78,0.47,3.263,4.0,0.6,CT on D,0.1,
feature_8 > -1.455 AND feature_0 > 0.631 AND feature_0 > 1.178 AND feature_1 <= 0.747 AND feature_0 <= 2.212 AND feature_6 > 0.813,3.394,0.02,-0.25,3.15,6,0.74,0.45,2.163,4.0,0.41,CT on D,0.1,
feature_0 > -1.251 AND feature_0 > 1.137 AND feature_2 <= -0.399,4.689,0.04,-0.57,4.12,3,1.0,0.62,2.444,2.0,0.62,CT on P,0.1,
feature_0 > -1.251,1.145,0.91,0.86,2.01,1,0.24,0.51,1.003,1.0,0.61,CT on P,0.1,
feature_0 > -1.251 AND feature_0 > 1.137,3.388,0.13,0.57,3.95,2,0.72,0.49,2.437,1.0,0.65,CT on P,0.1,
feature_0 > -1.251 AND feature_0 <= 1.137 AND feature_1 > 1.612,3.275,0.04,1.11,4.38,3,0.7,0.44,2.145,2.0,0.54,CT on P,0.1,
feature_0 > -1.251 AND feature_0 <= 1.137,0.777,0.78,0.91,1.69,2,0.17,0.41,0.756,1.0,0.5,CT on P,0.1,
feature_0 <= -0.029 AND feature_1 <= -1.373 AND feature_6 > 1.163 AND feature_9 > 0.3,20.159,0.0,,,4,1.0,0.6,0.789,4.0,0.15,CF,0.1,19.14
feature_0 > 0.91 AND feature_1 > 0.213 AND feature_1 <= 1.802 AND feature_6 <= -1.599,11.704,0.0,,,4,0.58,0.35,2.79,3.0,0.52,CF,0.1,19.14
feature_0 > 1.059 AND feature_1 > 0.509 AND feature_2 <= -0.953 AND feature_1 <= 1.078,8.569,0.0,,,4,0.43,0.26,2.652,3.0,0.49,CF,0.1,19.14
feature_0 > -0.112 AND feature_0 > 1.856 AND feature_2 <= -1.007 AND feature_3 > -0.479,8.496,0.0,,,4,0.42,0.25,3.023,3.0,0.56,CF,0.1,19.14
feature_0 > 0.964 AND feature_2 > -0.848 AND feature_0 > 1.918 AND feature_9 <= -1.252,7.645,0.0,,,4,0.38,0.23,3.231,3.0,0.6,CF,0.1,19.14
feature_0 > -0.114 AND feature_0 > 1.024 AND feature_1 > 0.323 AND feature_0 > 1.165,2.493,0.04,,,4,1.0,0.62,2.984,2.0,0.62,CF SingleTree,0.1,0.75
feature_0 > -0.114 AND feature_0 > 1.024 AND feature_1 > 0.323,2.433,0.04,,,3,0.98,0.6,2.888,2.0,0.6,CF SingleTree,0.1,0.75
feature_0 > -0.114 AND feature_0 > 1.024,2.223,0.1,,,2,0.89,0.58,2.356,1.0,0.51,CF SingleTree,0.1,0.75
feature_0 > -0.114 AND feature_0 > 1.024 AND feature_1 <= 0.323 AND feature_0 > 1.205,2.177,0.06,,,4,0.87,0.55,2.172,2.0,0.46,CF SingleTree,0.1,0.75
feature_0 > -0.114 AND feature_0 > 1.024 AND feature_1 <= 0.323,2.095,0.08,,,3,0.84,0.54,2.033,2.0,0.44,CF SingleTree,0.1,0.75
feature_2 > -1.712 AND feature_0 > 1.669 AND feature_1 > 0.736,4.464,0.01,1.67,6.14,3,1.0,0.6,3.609,3.0,0.6,CT on D,0.1,
feature_2 > -1.712 AND feature_0 <= 1.669 AND feature_0 > -0.11 AND feature_1 > 0.463 AND feature_1 > 1.923,4.344,0.01,1.72,6.07,5,0.97,0.59,3.134,3.0,0.53,CT on D,0.1,
feature_2 > -1.712 AND feature_0 > 1.669 AND feature_1 <= 0.736 AND feature_5 > 0.506,3.615,0.01,0.93,4.54,4,0.81,0.49,2.675,4.0,0.45,CT on D,0.1,
feature_2 > -1.712 AND feature_0 <= 1.669 AND feature_0 > -0.11 AND feature_1 > 0.463 AND feature_1 <= 1.923 AND feature_7 > 1.051,3.244,0.0,0.67,3.91,6,0.73,0.44,1.948,4.0,0.32,CT on D,0.1,
feature_2 > -1.712 AND feature_0 > 1.669,2.827,0.04,1.47,4.3,2,0.63,0.4,2.861,2.0,0.49,CT on D,0.1,
feature_5 <= 0.983 AND feature_9 <= 1.47 AND feature_0 > 0.669 AND feature_1 > -0.521 AND feature_4 > -0.047 AND feature_5 > -0.043,4.218,0.03,0.57,4.79,6,1.0,0.61,2.319,5.0,0.61,CT on P,0.1,
feature_5 <= 0.983 AND feature_9 <= 1.47 AND feature_0 > 0.669 AND feature_1 > -0.521 AND feature_4 > -0.047,3.769,0.07,0.7,4.47,5,0.89,0.56,2.323,5.0,0.63,CT on P,0.1,
feature_5 <= 0.983 AND feature_9 <= 1.47 AND feature_0 > 0.669 AND feature_1 > -0.521 AND feature_4 > -0.047 AND feature_5 <= -0.043,3.374,0.04,0.82,4.2,6,0.8,0.5,2.326,5.0,0.62,CT on P,0.1,
feature_5 <= 0.983,0.886,0.84,1.0,1.89,1,0.21,0.46,0.816,1.0,0.55,CT on P,0.1,
feature_5 <= 0.983 AND feature_9 <= 1.47 AND feature_0 > 0.669 AND feature_1 > -0.521,2.849,0.13,0.89,3.74,4,0.68,0.46,2.327,4.0,0.65,CT on P,0.1,
feature_0 <= 0.221 AND feature_1 > 0.321 AND feature_8 <= -1.323 AND feature_2 > 1.242,24.031,0.0,,,4,1.0,0.6,0.424,4.0,0.07,CF,0.1,12.85
feature_0 > 0.089 AND feature_1 > 0.71 AND feature_1 > 1.858 AND feature_9 <= -0.305,11.601,0.01,,,4,0.48,0.29,3.25,3.0,0.52,CF,0.1,12.85
feature_0 <= 0.83 AND feature_1 > 1.049 AND feature_1 > 2.377 AND feature_4 <= -0.355,7.295,0.01,,,4,0.3,0.19,2.189,3.0,0.35,CF,0.1,12.85
feature_0 > -0.388 AND feature_1 > 1.547 AND feature_0 > 1.091,6.988,0.01,,,3,0.29,0.18,3.79,2.0,0.6,CF,0.1,12.85
feature_0 > 0.089 AND feature_1 > 0.71 AND feature_1 > 1.858,6.928,0.01,,,3,0.29,0.18,3.287,2.0,0.52,CF,0.1,12.85
feature_0 > -0.206 AND feature_1 > 0.523 AND feature_0 > 0.644 AND feature_1 > 1.559,2.683,0.01,,,4,1.0,0.6,3.4,2.0,0.6,CF SingleTree,0.1,0.72
feature_0 > -0.206 AND feature_1 > 0.523 AND feature_0 > 0.644,2.211,0.07,,,3,0.82,0.52,2.717,2.0,0.51,CF SingleTree,0.1,0.72
feature_0 > -0.206 AND feature_1 > 0.523 AND feature_0 > 0.644 AND feature_1 <= 1.559,2.098,0.06,,,4,0.78,0.49,2.555,2.0,0.47,CF SingleTree,0.1,0.72
feature_0 > -0.206 AND feature_1 > 0.523,1.856,0.13,,,2,0.69,0.47,2.139,2.0,0.43,CF SingleTree,0.1,0.72
feature_0 > -0.206 AND feature_1 > 0.523 AND feature_0 <= 0.644 AND feature_1 > 1.523,1.873,0.02,,,4,0.7,0.43,2.315,2.0,0.42,CF SingleTree,0.1,0.72
feature_1 > -1.131 AND feature_0 > 0.426 AND feature_1 > 0.954 AND feature_8 > 0.326 AND feature_3 <= 0.003,4.203,0.01,0.36,4.56,5,1.0,0.6,2.833,4.0,0.6,CT on D,0.1,
feature_1 > -1.131 AND feature_0 > 0.426 AND feature_1 > 0.954 AND feature_8 <= 0.326 AND feature_8 <= -0.991,3.952,0.01,1.05,5.0,5,0.94,0.57,2.842,3.0,0.6,CT on D,0.1,
feature_1 > -1.131 AND feature_0 > 0.426 AND feature_1 <= 0.954 AND feature_0 > 1.069 AND feature_7 <= -0.694 AND feature_9 <= -0.017,3.883,0.01,0.24,4.13,6,0.92,0.56,2.326,4.0,0.49,CT on D,0.1,
feature_1 > -1.131 AND feature_0 > 0.426 AND feature_1 > 0.954 AND feature_8 > 0.326,3.836,0.02,0.98,4.82,4,0.91,0.56,2.856,3.0,0.61,CT on D,0.1,
feature_1 > -1.131 AND feature_0 > 0.426 AND feature_1 <= 0.954 AND feature_0 > 1.069 AND feature_7 > -0.694 AND feature_9 > 1.038,3.551,0.01,0.1,3.65,6,0.84,0.51,2.208,4.0,0.47,CT on D,0.1,
feature_2 <= 0.812 AND feature_0 > 1.188 AND feature_1 > 1.124,4.321,0.01,1.21,5.53,3,1.0,0.6,3.496,3.0,0.6,CT on P,0.1,
feature_2 <= 0.812 AND feature_0 <= 1.188 AND feature_1 > -0.093 AND feature_0 > 0.394 AND feature_1 > 0.991 AND feature_9 > 0.337,4.27,0.01,0.25,4.52,6,0.99,0.6,2.412,4.0,0.42,CT on P,0.1,
feature_2 <= 0.812,0.874,0.94,0.75,1.62,1,0.2,0.5,0.777,1.0,0.51,CT on P,0.1,
feature_2 <= 0.812 AND feature_0 > 1.188 AND feature_1 <= 1.124 AND feature_6 <= 0.762 AND feature_7 <= -0.493,3.425,0.02,0.19,3.61,5,0.79,0.48,2.309,5.0,0.4,CT on P,0.1,
feature_2 <= 0.812 AND feature_0 > 1.188 AND feature_1 <= 1.124 AND feature_6 > 0.762,3.419,0.02,0.45,3.87,4,0.79,0.48,2.322,4.0,0.41,CT on P,0.1,
feature_0 > 1.452 AND feature_1 > 0.584 AND feature_9 > -0.485 AND feature_7 <= -0.728,8.908,0.0,,,4,1.0,0.6,3.573,4.0,0.6,CF,0.1,9.36
feature_0 > 1.452 AND feature_1 > 0.584 AND feature_9 <= -0.485 AND feature_0 <= 1.78,8.231,0.0,,,4,0.92,0.55,3.028,3.0,0.51,CF,0.1,9.36
feature_0 > 0.525 AND feature_1 > 1.193 AND feature_4 <= -1.05 AND feature_7 > 0.615,8.021,0.0,,,4,0.9,0.54,2.952,4.0,0.5,CF,0.1,9.36
feature_0 > 0.434 AND feature_1 > 1.31 AND feature_3 > -0.047 AND feature_5 <= -0.565,7.525,0.0,,,4,0.84,0.51,3.259,4.0,0.55,CF,0.1,9.36
feature_0 > 0.571 AND feature_1 > 1.56 AND feature_1 > 1.94 AND feature_6 <= -0.104,7.349,0.0,,,4,0.82,0.49,3.507,3.0,0.59,CF,0.1,9.36
feature_0 > 0.394 AND feature_1 > 0.714 AND feature_0 > 0.767 AND feature_1 > 1.049,2.564,0.03,,,4,1.0,0.61,3.114,2.0,0.61,CF SingleTree,0.1,0.73
feature_0 > 0.394 AND feature_1 > 0.714 AND feature_0 > 0.767,2.427,0.05,,,3,0.95,0.59,2.902,2.0,0.58,CF SingleTree,0.1,0.73
feature_0 > 0.394 AND feature_1 > 0.714,2.217,0.08,,,2,0.86,0.55,2.626,2.0,0.54,CF SingleTree,0.1,0.73
feature_0 > 0.394,1.713,0.32,,,1,0.67,0.53,1.848,1.0,0.48,CF SingleTree,0.1,0.73
feature_0 > 0.394 AND feature_1 > 0.714 AND feature_0 > 0.767 AND feature_1 <= 1.049,2.185,0.02,,,4,0.85,0.52,2.532,2.0,0.5,CF SingleTree,0.1,0.73
feature_2 <= 1.891 AND feature_0 > -0.457 AND feature_0 > 1.197 AND feature_1 > 0.184 AND feature_3 <= -0.274,3.999,0.03,0.59,4.59,5,1.0,0.61,2.981,4.0,0.61,CT on D,0.1,
feature_2 <= 1.891 AND feature_0 > -0.457 AND feature_0 > 1.197 AND feature_1 > 0.184 AND feature_3 > -0.274 AND feature_8 <= -0.131,3.73,0.0,1.68,5.41,6,0.93,0.56,2.981,5.0,0.6,CT on D,0.1,
feature_2 <= 1.891 AND feature_0 > -0.457 AND feature_0 > 1.197 AND feature_1 <= 0.184 AND feature_4 <= -0.179 AND feature_4 > -0.735,3.499,0.01,-0.68,2.82,6,0.87,0.53,2.141,4.0,0.43,CT on D,0.1,
feature_2 <= 1.891 AND feature_0 > -0.457 AND feature_0 <= 1.197 AND feature_1 > 0.629 AND feature_1 > 1.443 AND feature_5 > -0.379,3.341,0.02,1.32,4.66,6,0.84,0.51,2.317,4.0,0.47,CT on D,0.1,
feature_2 <= 1.891 AND feature_0 > -0.457 AND feature_0 > 1.197 AND feature_1 > 0.184,3.254,0.04,1.65,4.9,4,0.81,0.5,2.985,3.0,0.62,CT on D,0.1,
feature_8 > -1.816 AND feature_0 > 0.592 AND feature_1 <= 0.198 AND feature_6 > 1.097,4.021,0.02,-0.9,3.12,4,1.0,0.61,1.686,4.0,0.35,CT on P,0.1,
feature_8 > -1.816 AND feature_0 > 0.592 AND feature_1 > 0.198 AND feature_4 > -0.537 AND feature_3 <= -0.245 AND feature_0 > 1.18,4.015,0.02,0.58,4.6,6,1.0,0.61,2.967,5.0,0.61,CT on P,0.1,
feature_8 > -1.816 AND feature_0 > 0.592 AND feature_1 > 0.198 AND feature_4 <= -0.537,3.83,0.04,0.38,4.21,4,0.95,0.59,2.515,4.0,0.52,CT on P,0.1,
feature_8 > -1.816,0.769,0.97,0.58,1.35,1,0.19,0.5,0.803,1.0,0.55,CT on P,0.1,
feature_8 > -1.816 AND feature_0 > 0.592 AND feature_1 > 0.198,2.988,0.12,0.8,3.79,3,0.74,0.49,2.504,3.0,0.55,CT on P,0.1,
feature_0 <= 0.348 AND feature_2 > 0.643 AND feature_1 <= -1.482 AND feature_9 <= -1.041,27.98,0.0,,,4,1.0,0.6,0.416,4.0,0.11,CF,0.1,9.5
feature_0 > -0.589 AND feature_4 > 1.608 AND feature_1 > 0.972 AND feature_3 > -0.26,17.826,0.0,,,4,0.64,0.38,2.224,4.0,0.6,CF,0.1,9.5
feature_0 <= 1.307,0.934,0.51,,,1,0.03,0.22,0.618,1.0,0.37,CF,0.1,9.5
feature_0 > -1.182,1.04,0.5,,,1,0.04,0.22,1.032,1.0,0.48,CF,0.1,9.5
feature_0 <= 1.135,0.866,0.5,,,1,0.03,0.22,0.566,1.0,0.35,CF,0.1,9.5
feature_0 > -0.522 AND feature_0 > 1.093 AND feature_1 > -0.016 AND feature_0 > 1.275,2.409,0.05,,,4,1.0,0.62,2.959,2.0,0.62,CF SingleTree,0.1,0.73
feature_0 > -0.522 AND feature_0 > 1.093 AND feature_1 > -0.016,2.297,0.06,,,3,0.95,0.6,2.822,2.0,0.6,CF SingleTree,0.1,0.73
feature_0 > -0.522 AND feature_0 > 1.093,1.994,0.12,,,2,0.83,0.54,2.437,1.0,0.54,CF SingleTree,0.1,0.73
feature_0 > -0.522,1.312,0.43,,,1,0.54,0.5,1.315,1.0,0.44,CF SingleTree,0.1,0.73
feature_0 > -0.522 AND feature_0 > 1.093 AND feature_1 > -0.016 AND feature_0 <= 1.275,1.965,0.02,,,4,0.82,0.5,2.414,2.0,0.5,CF SingleTree,0.1,0.73
feature_5 <= 2.263 AND feature_0 > 0.077 AND feature_1 <= 0.713 AND feature_0 > 1.363 AND feature_0 > 1.906 AND feature_6 <= 0.146,4.504,0.01,0.4,4.9,6,1.0,0.6,2.865,4.0,0.6,CT on D,0.1,
feature_5 <= 2.263 AND feature_0 > 0.077 AND feature_1 > 0.713 AND feature_0 > 0.232 AND feature_8 <= -0.753 AND feature_9 <= 0.092,4.096,0.01,1.07,5.16,6,0.91,0.55,2.438,5.0,0.51,CT on D,0.1,
feature_5 <= 2.263 AND feature_0 > 0.077 AND feature_1 <= 0.713 AND feature_0 > 1.363 AND feature_0 > 1.906,3.516,0.02,0.75,4.27,5,0.78,0.48,2.85,3.0,0.6,CT on D,0.1,
feature_5 <= 2.263 AND feature_0 > 0.077 AND feature_1 > 0.713 AND feature_0 > 0.232 AND feature_8 <= -0.753,3.483,0.02,0.95,4.43,5,0.77,0.47,2.441,4.0,0.52,CT on D,0.1,
feature_5 <= 2.263 AND feature_0 <= 0.077 AND feature_1 > 1.504 AND feature_6 > 0.079,3.448,0.02,0.65,4.1,4,0.77,0.47,1.406,4.0,0.3,CT on D,0.1,
feature_4 > -1.408 AND feature_0 > 0.038 AND feature_1 > -0.082 AND feature_0 > 1.758,3.949,0.02,1.63,5.58,4,1.0,0.61,3.34,3.0,0.61,CT on P,0.1,
feature_4 > -1.408 AND feature_0 > 0.038 AND feature_1 > -0.082 AND feature_0 <= 1.758 AND feature_1 > 0.819 AND feature_6 <= -0.895,3.669,0.02,1.17,4.84,6,0.93,0.57,2.327,4.0,0.43,CT on P,0.1,
feature_4 > -1.408,0.814,0.92,1.07,1.89,1,0.21,0.49,0.815,1.0,0.51,CT on P,0.1,
feature_4 > -1.408 AND feature_0 > 0.038 AND feature_1 <= -0.082 AND feature_0 > 1.737,2.807,0.02,0.57,3.38,4,0.71,0.43,2.521,3.0,0.46,CT on P,0.1,
feature_4 > -1.408 AND feature_0 > 0.038 AND feature_1 > -0.082 AND feature_0 <= 1.758 AND feature_1 > 0.819,2.579,0.09,1.52,4.1,5,0.65,0.43,2.305,3.0,0.45,CT on P,0.1,
feature_0 > 0.322 AND feature_0 > 2.024 AND feature_7 > 0.538 AND feature_4 <= -0.213,46.582,0.0,,,4,1.0,0.6,3.324,3.0,0.6,CF,0.1,9.99
feature_0 <= 1.473,0.663,0.82,,,1,0.01,0.34,0.674,1.0,0.45,CF,0.1,9.99
feature_0 > -1.287,1.031,0.8,,,1,0.02,0.33,1.001,1.0,0.5,CF,0.1,9.99
feature_0 > -1.142,1.213,0.78,,,1,0.03,0.33,1.042,1.0,0.5,CF,0.1,9.99
feature_0 <= 1.226,0.697,0.79,,,1,0.01,0.32,0.605,1.0,0.43,CF,0.1,9.99
feature_0 > 0.443 AND feature_1 > 0.843 AND feature_0 > 0.905 AND feature_0 > 1.44,2.835,0.02,,,4,1.0,0.61,3.47,2.0,0.61,CF SingleTree,0.1,0.73
feature_0 > 0.443 AND feature_1 > 0.843 AND feature_0 > 0.905,2.679,0.04,,,3,0.94,0.58,3.051,2.0,0.54,CF SingleTree,0.1,0.73
feature_0 > 0.443 AND feature_1 > 0.843 AND feature_0 > 0.905 AND feature_0 <= 1.44,2.559,0.02,,,4,0.9,0.55,2.726,2.0,0.48,CF SingleTree,0.1,0.73
feature_0 > 0.443 AND feature_1 > 0.843,2.382,0.07,,,2,0.84,0.53,2.728,2.0,0.5,CF SingleTree,0.1,0.73
feature_0 > 0.443,1.682,0.32,,,1,0.59,0.48,1.9,1.0,0.46,CF SingleTree,0.1,0.73
feature_0 > -1.423 AND feature_0 > 0.864 AND feature_0 > 1.698 AND feature_3 > -0.331 AND feature_9 > -0.069,4.39,0.01,0.96,5.35,5,1.0,0.6,3.034,3.0,0.6,CT on D,0.1,
feature_0 > -1.423 AND feature_0 > 0.864 AND feature_0 > 1.698 AND feature_3 > -0.331,3.562,0.03,1.52,5.08,4,0.81,0.5,2.975,2.0,0.6,CT on D,0.1,
feature_0 > -1.423 AND feature_0 > 0.864 AND feature_0 <= 1.698 AND feature_0 <= 0.908,3.492,0.01,0.25,3.74,4,0.8,0.48,1.703,1.0,0.34,CT on D,0.1,
feature_0 > -1.423 AND feature_0 > 0.864 AND feature_0 <= 1.698 AND feature_0 > 0.908 AND feature_1 > 0.625 AND feature_5 <= 0.372,3.259,0.03,1.62,4.88,6,0.74,0.46,2.751,3.0,0.56,CT on D,0.1,
feature_0 <= -1.423 AND feature_8 > -1.009 AND feature_1 <= 0.915 AND feature_9 > -0.124 AND feature_1 <= -0.384,3.312,0.01,2.41,-0.9,5,0.75,0.46,1.538,4.0,0.31,CT on D,0.1,
feature_9 > -2.206 AND feature_0 > -0.534 AND feature_0 > 1.464 AND feature_9 > -0.024 AND feature_9 <= 0.711,4.048,0.02,0.97,5.02,5,1.0,0.61,2.813,2.0,0.61,CT on P,0.1,
feature_9 > -2.206 AND feature_0 > -0.534 AND feature_0 > 1.464 AND feature_9 > -0.024,3.659,0.03,1.21,4.87,4,0.9,0.55,2.787,2.0,0.61,CT on P,0.1,
feature_9 > -2.206,0.833,0.98,1.29,2.12,1,0.21,0.52,0.815,1.0,0.57,CT on P,0.1,
feature_9 > -2.206 AND feature_0 > -0.534 AND feature_0 > 1.464 AND feature_9 > -0.024 AND feature_9 > 0.711,3.205,0.02,1.5,4.71,5,0.79,0.48,2.759,2.0,0.6,CT on P,0.1,
feature_9 > -2.206 AND feature_0 > -0.534,1.367,0.7,1.19,2.56,2,0.34,0.48,1.308,2.0,0.56,CT on P,0.1,
feature_0 > -0.337 AND feature_1 <= 0.444 AND feature_0 > 1.503 AND feature_8 > 0.865,12.566,0.01,,,4,1.0,0.6,2.431,3.0,0.52,CF,0.1,8.71
feature_0 > 0.19 AND feature_0 > 1.494 AND feature_4 <= -0.942 AND feature_6 > 0.527,8.741,0.0,,,4,0.7,0.42,2.836,3.0,0.6,CF,0.1,8.71
feature_0 > 0.144 AND feature_1 <= 0.715 AND feature_3 <= -1.63 AND feature_7 <= -1.084,7.802,0.0,,,4,0.62,0.37,1.365,4.0,0.29,CF,0.1,8.71
feature_0 > -1.421,1.142,0.66,,,1,0.09,0.32,0.97,1.0,0.47,CF,0.1,8.71
feature_0 > -1.425,1.067,0.66,,,1,0.08,0.31,0.968,1.0,0.47,CF,0.1,8.71
feature_0 > 0.201 AND feature_0 > 0.863 AND feature_0 > 1.379 AND feature_1 > -0.055,2.356,0.04,,,4,1.0,0.62,2.994,2.0,0.62,CF SingleTree,0.1,0.71
feature_0 > 0.201 AND feature_0 > 0.863 AND feature_0 > 1.379,2.214,0.08,,,3,0.94,0.6,2.671,1.0,0.57,CF SingleTree,0.1,0.71
feature_0 > 0.201 AND feature_0 > 0.863,2.008,0.18,,,2,0.85,0.58,2.23,1.0,0.52,CF SingleTree,0.1,0.71
feature_0 > 0.201,1.557,0.37,,,1,0.66,0.54,1.726,1.0,0.49,CF SingleTree,0.1,0.71
feature_0 > 0.201 AND feature_0 > 0.863 AND feature_0 <= 1.379 AND feature_1 > 0.297,2.04,0.04,,,4,0.87,0.54,2.447,2.0,0.51,CF SingleTree,0.1,0.71
feature_2 > -1.159 AND feature_0 > -0.089 AND feature_0 > 0.846 AND feature_1 > 0.214 AND feature_7 <= -0.245 AND feature_7 > -0.637,4.956,0.01,-0.04,4.92,6,1.0,0.6,2.654,4.0,0.6,CT on D,0.2,
feature_2 > -1.159,0.873,0.94,0.98,1.85,1,0.18,0.48,0.796,1.0,0.56,CT on D,0.2,
feature_2 > -1.159 AND feature_0 > -0.089 AND feature_0 > 0.846 AND feature_1 > 0.214 AND feature_7 <= -0.245,3.845,0.04,0.88,4.72,5,0.78,0.48,2.654,4.0,0.62,CT on D,0.2,
feature_2 <= -1.159 AND feature_0 > 0.499 AND feature_1 > 0.492,3.664,0.0,0.99,4.65,3,0.74,0.44,2.623,3.0,0.59,CT on D,0.2,
feature_2 > -1.159 AND feature_0 > -0.089 AND feature_0 <= 0.846 AND feature_1 > 1.369 AND feature_3 <= -0.439,3.521,0.01,1.04,4.56,5,0.71,0.43,2.304,4.0,0.52,CT on D,0.2,
feature_0 <= 2.171 AND feature_0 > 0.002 AND feature_0 > 1.275 AND feature_1 > -0.678 AND feature_7 <= 0.261 AND feature_1 > 0.201,3.913,0.02,1.07,4.99,6,1.0,0.61,2.885,3.0,0.54,CT on P,0.2,
feature_0 <= 2.171 AND feature_0 > 0.002 AND feature_0 > 1.275 AND feature_1 > -0.678 AND feature_7 <= 0.261,3.481,0.04,0.77,4.25,5,0.89,0.55,2.583,3.0,0.49,CT on P,0.2,
feature_0 <= 2.171,0.857,0.99,0.99,1.85,1,0.22,0.53,0.762,1.0,0.54,CT on P,0.2,
feature_0 <= 2.171 AND feature_0 > 0.002 AND feature_0 > 1.275 AND feature_1 > -0.678,2.992,0.06,1.02,4.01,4,0.76,0.48,2.574,2.0,0.5,CT on P,0.2,
feature_0 > 2.171,3.049,0.01,1.63,4.68,1,0.78,0.47,3.275,1.0,0.6,CT on P,0.2,
feature_0 <= -0.02 AND feature_1 > 1.647 AND feature_4 <= -0.55 AND feature_9 > -0.299,20.29,0.0,,,4,1.0,0.6,1.479,4.0,0.6,CF,0.2,9.57
feature_0 <= 1.287,0.881,0.76,,,1,0.04,0.33,0.609,1.0,0.55,CF,0.2,9.57
feature_1 <= 1.094,0.76,0.73,,,1,0.04,0.31,0.643,1.0,0.55,CF,0.2,9.57
feature_0 > -0.95,1.053,0.7,,,1,0.05,0.31,1.107,1.0,0.73,CF,0.2,9.57
feature_0 > -0.909,1.041,0.69,,,1,0.05,0.31,1.125,1.0,0.73,CF,0.2,9.57
feature_0 > 0.188 AND feature_0 > 0.771 AND feature_1 > 0.955 AND feature_1 > 1.405,2.725,0.01,,,4,1.0,0.6,3.254,2.0,0.6,CF SingleTree,0.2,0.72
feature_0 > 0.188 AND feature_0 > 0.771 AND feature_1 > 0.955,2.55,0.04,,,3,0.94,0.58,2.945,2.0,0.56,CF SingleTree,0.2,0.72
feature_0 > 0.188 AND feature_0 > 0.771 AND feature_1 > 0.955 AND feature_1 <= 1.405,2.415,0.02,,,4,0.89,0.54,2.705,2.0,0.51,CF SingleTree,0.2,0.72
feature_0 > 0.188,1.647,0.38,,,1,0.6,0.51,1.723,1.0,0.47,CF SingleTree,0.2,0.72
feature_0 > 0.188 AND feature_0 > 0.771,1.95,0.21,,,2,0.72,0.51,2.147,1.0,0.48,CF SingleTree,0.2,0.72
feature_8 <= 0.311 AND feature_0 <= 2.014 AND feature_0 > -0.368 AND feature_1 > 0.5 AND feature_5 > 0.379 AND feature_0 > 0.691,3.998,0.02,1.25,5.25,6,1.0,0.61,2.597,4.0,0.49,CT on D,0.2,
feature_8 > 0.311 AND feature_2 <= 0.484 AND feature_3 <= 0.576 AND feature_4 > -1.572 AND feature_0 > -0.122 AND feature_1 > 1.181,3.51,0.01,0.73,4.24,6,0.88,0.53,2.531,6.0,0.48,CT on D,0.2,
feature_8 <= 0.311 AND feature_0 <= 2.014 AND feature_0 > -0.368 AND feature_1 > 0.5 AND feature_5 > 0.379,3.089,0.04,0.82,3.91,5,0.77,0.48,1.982,4.0,0.39,CT on D,0.2,
feature_8 <= 0.311 AND feature_0 <= 2.014 AND feature_0 > -0.368 AND feature_1 > 0.5 AND feature_5 <= 0.379 AND feature_5 <= -0.867,3.077,0.02,0.69,3.76,6,0.77,0.47,1.956,4.0,0.37,CT on D,0.2,
feature_8 <= 0.311 AND feature_0 > 2.014,2.922,0.01,1.5,4.42,2,0.73,0.44,3.203,2.0,0.6,CT on D,0.2,
feature_8 <= 0.372 AND feature_0 <= 1.965 AND feature_0 > -0.417 AND feature_1 > 0.527 AND feature_9 > -0.382 AND feature_0 > 0.671,3.652,0.03,0.95,4.6,6,1.0,0.61,2.567,4.0,0.5,CT on P,0.2,
feature_8 <= 0.372 AND feature_0 <= 1.965 AND feature_0 > -0.417 AND feature_1 > 0.527 AND feature_9 > -0.382,2.956,0.08,0.77,3.72,5,0.81,0.52,1.949,4.0,0.4,CT on P,0.2,
feature_8 <= 0.372 AND feature_0 > 1.965,3.092,0.02,1.51,4.6,2,0.85,0.52,3.138,2.0,0.61,CT on P,0.2,
feature_8 <= 0.372 AND feature_0 <= 1.965 AND feature_0 > -0.417 AND feature_1 > 0.527,2.646,0.13,0.99,3.63,4,0.72,0.49,1.955,3.0,0.43,CT on P,0.2,
feature_8 <= 0.372 AND feature_0 <= 1.965 AND feature_0 > -0.417 AND feature_1 > 0.527 AND feature_9 > -0.382 AND feature_0 <= 0.671,2.564,0.05,0.67,3.23,6,0.7,0.44,1.593,4.0,0.32,CT on P,0.2,
feature_0 <= 0.665 AND feature_4 > 0.958 AND feature_3 <= -0.507 AND feature_1 > 1.494,59.459,0.0,,,4,1.0,0.6,1.612,4.0,0.6,CF,0.2,7.99
feature_1 > -1.373,0.889,0.81,,,1,0.01,0.33,0.885,1.0,0.65,CF,0.2,7.99
feature_0 > -1.131,1.141,0.78,,,1,0.02,0.32,1.066,1.0,0.71,CF,0.2,7.99
feature_0 > -1.016,1.075,0.76,,,1,0.02,0.31,1.109,1.0,0.72,CF,0.2,7.99
feature_0 > -0.971,1.281,0.75,,,1,0.02,0.31,1.126,1.0,0.72,CF,0.2,7.99
feature_0 > -0.291 AND feature_0 > 0.394 AND feature_1 > 0.468 AND feature_1 > 1.095,2.167,0.05,,,4,1.0,0.62,2.866,2.0,0.62,CF SingleTree,0.2,0.71
feature_0 > -0.291,1.373,0.57,,,1,0.63,0.61,1.454,1.0,0.53,CF SingleTree,0.2,0.71
feature_0 > -0.291 AND feature_0 > 0.394 AND feature_1 > 0.468,2.012,0.12,,,3,0.93,0.61,2.467,2.0,0.56,CF SingleTree,0.2,0.71
feature_0 > -0.291 AND feature_0 > 0.394,1.632,0.34,,,2,0.75,0.59,1.865,1.0,0.53,CF SingleTree,0.2,0.71
feature_0 > -0.291 AND feature_0 > 0.394 AND feature_1 > 0.468 AND feature_1 <= 1.095,1.9,0.07,,,4,0.88,0.55,2.179,2.0,0.48,CF SingleTree,0.2,0.71
feature_3 > -0.969 AND feature_0 > 0.15 AND feature_0 <= 1.816 AND feature_1 <= -0.273 AND feature_6 <= -0.888 AND feature_4 > 0.233,3.311,0.02,0.1,3.41,6,1.0,0.61,1.165,5.0,0.27,CT on D,0.2,
feature_3 > -0.969 AND feature_0 > 0.15 AND feature_0 > 1.816 AND feature_0 <= 2.025,3.186,0.01,0.95,4.13,4,0.96,0.58,2.702,2.0,0.6,CT on D,0.2,
feature_3 > -0.969 AND feature_0 <= 0.15 AND feature_0 <= -0.657 AND feature_0 <= -1.838 AND feature_1 <= 0.257,3.027,0.02,2.65,-0.37,5,0.91,0.56,1.814,3.0,0.41,CT on D,0.2,
feature_3 > -0.969 AND feature_0 > 0.15 AND feature_0 <= 1.816 AND feature_1 > -0.273 AND feature_9 <= -1.35,3.01,0.02,0.16,3.17,5,0.91,0.55,1.839,4.0,0.42,CT on D,0.2,
feature_3 <= -0.969 AND feature_8 > -0.584 AND feature_3 > -1.83 AND feature_0 > 1.134,2.939,0.01,0.4,3.34,4,0.89,0.54,2.458,3.0,0.55,CT on D,0.2,
feature_7 <= 1.107 AND feature_0 > 0.12 AND feature_0 > 0.985 AND feature_3 <= 1.007 AND feature_5 <= -0.892,3.646,0.02,0.74,4.39,5,1.0,0.61,2.385,4.0,0.61,CT on P,0.2,
feature_7 <= 1.107 AND feature_0 > 0.12 AND feature_0 <= 0.985 AND feature_1 > -0.687 AND feature_9 <= -1.239,3.101,0.02,0.42,3.53,5,0.85,0.52,1.533,4.0,0.39,CT on P,0.2,
feature_7 <= 1.107 AND feature_0 > 0.12 AND feature_0 > 0.985 AND feature_3 <= 1.007,2.564,0.12,1.15,3.71,4,0.7,0.47,2.339,3.0,0.64,CT on P,0.2,
feature_7 <= 1.107 AND feature_0 > 0.12 AND feature_0 > 0.985 AND feature_3 <= 1.007 AND feature_5 > -0.892 AND feature_1 <= 0.064,2.726,0.05,0.55,3.27,6,0.75,0.47,1.961,5.0,0.51,CT on P,0.2,
feature_7 <= 1.107,0.714,0.86,1.42,2.13,1,0.2,0.46,0.803,1.0,0.55,CT on P,0.2,
feature_0 > 0.823 AND feature_1 > 1.489 AND feature_9 <= -0.382,70.07,0.0,,,3,1.0,0.6,3.493,3.0,0.6,CF,0.2,9.6
feature_1 <= 1.385,0.667,0.5,,,1,0.01,0.21,0.689,1.0,0.32,CF,0.2,9.6
feature_0 > -1.121,1.11,0.48,,,1,0.02,0.2,1.053,1.0,0.37,CF,0.2,9.6
feature_0 > -1.024,1.106,0.48,,,1,0.02,0.2,1.087,1.0,0.38,CF,0.2,9.6
feature_0 > -1.036,1.08,0.48,,,1,0.02,0.2,1.083,1.0,0.38,CF,0.2,9.6
feature_0 > -0.05 AND feature_0 > 0.821 AND feature_1 > 1.302 AND feature_1 > 1.513,2.323,0.01,,,4,1.0,0.6,3.489,2.0,0.6,CF SingleTree,0.2,0.7
feature_0 > -0.05 AND feature_0 > 0.821 AND feature_1 > 1.302,2.196,0.02,,,3,0.95,0.58,3.356,2.0,0.59,CF SingleTree,0.2,0.7
feature_0 > -0.05 AND feature_0 > 0.821 AND feature_1 > 1.302 AND feature_1 <= 1.513,1.97,0.01,,,4,0.85,0.51,3.125,2.0,0.54,CF SingleTree,0.2,0.7
feature_0 > -0.05 AND feature_0 > 0.821,1.663,0.17,,,2,0.72,0.5,2.209,1.0,0.45,CF SingleTree,0.2,0.7
feature_0 > -0.05 AND feature_0 > 0.821 AND feature_1 <= 1.302 AND feature_0 > 1.35,1.735,0.08,,,4,0.75,0.48,2.497,2.0,0.46,CF SingleTree,0.2,0.7
feature_4 > -1.673 AND feature_0 > 1.49 AND feature_1 > -1.049 AND feature_1 > 0.543 AND feature_8 <= 0.208,4.493,0.01,1.61,6.1,5,1.0,0.6,3.475,4.0,0.6,CT on D,0.2,
feature_4 > -1.673 AND feature_0 > 1.49 AND feature_1 > -1.049 AND feature_1 > 0.543,4.079,0.02,1.65,5.73,4,0.91,0.55,3.389,3.0,0.59,CT on D,0.2,
feature_4 > -1.673 AND feature_0 > 1.49 AND feature_1 > -1.049 AND feature_1 > 0.543 AND feature_8 > 0.208,3.666,0.01,1.69,5.35,5,0.82,0.49,3.302,4.0,0.57,CT on D,0.2,
feature_4 > -1.673 AND feature_0 > 1.49 AND feature_1 > -1.049 AND feature_1 <= 0.543 AND feature_2 > -0.674 AND feature_8 > -0.435,3.565,0.01,0.53,4.1,6,0.79,0.48,2.486,5.0,0.43,CT on D,0.2,
feature_4 > -1.673 AND feature_0 > 1.49 AND feature_1 > -1.049,3.198,0.05,1.17,4.37,3,0.71,0.45,2.813,3.0,0.51,CT on D,0.2,
feature_9 > -1.975 AND feature_0 > 0.29 AND feature_0 > 1.494 AND feature_8 > -0.43 AND feature_2 > -0.161,4.436,0.02,0.41,4.85,5,1.0,0.61,2.701,4.0,0.61,CT on P,0.2,
feature_9 > -1.975,0.863,0.98,0.77,1.63,1,0.19,0.51,0.816,1.0,0.57,CT on P,0.2,
feature_9 > -1.975 AND feature_0 > 0.29 AND feature_0 > 1.494 AND feature_8 > -0.43,3.37,0.04,0.69,4.06,4,0.76,0.47,2.701,3.0,0.61,CT on P,0.2,
feature_9 > -1.975 AND feature_0 > 0.29 AND feature_0 <= 1.494 AND feature_2 <= -0.446 AND feature_1 > -0.669 AND feature_7 <= -0.582,3.365,0.03,0.08,3.44,6,0.76,0.47,1.852,5.0,0.42,CT on P,0.2,
feature_9 > -1.975 AND feature_0 > 0.29 AND feature_0 > 1.494,2.961,0.07,0.95,3.91,3,0.67,0.43,2.709,2.0,0.63,CT on P,0.2,
feature_0 > -0.06 AND feature_1 > 1.025 AND feature_2 > 1.434 AND feature_9 > 0.174,45.946,0.0,,,4,1.0,0.6,2.448,4.0,0.6,CF,0.2,8.89
feature_0 > -1.258,1.148,0.69,,,1,0.02,0.29,1.013,1.0,0.52,CF,0.2,8.89
feature_0 > -1.288,1.065,0.69,,,1,0.02,0.29,1.004,1.0,0.52,CF,0.2,8.89
feature_0 > -1.077,1.092,0.67,,,1,0.02,0.28,1.074,1.0,0.53,CF,0.2,8.89
feature_0 > -0.927,1.207,0.65,,,1,0.03,0.28,1.129,1.0,0.54,CF,0.2,8.89
feature_0 > -0.132 AND feature_0 > 0.76 AND feature_1 > 0.655 AND feature_0 > 1.335,2.526,0.02,,,4,1.0,0.61,3.328,2.0,0.61,CF SingleTree,0.2,0.73
feature_0 > -0.132 AND feature_0 > 0.76 AND feature_1 > 0.655,2.356,0.05,,,3,0.93,0.58,2.882,2.0,0.54,CF SingleTree,0.2,0.73
feature_0 > -0.132 AND feature_0 > 0.76 AND feature_1 > 0.655 AND feature_0 <= 1.335,2.231,0.03,,,4,0.88,0.54,2.552,2.0,0.47,CF SingleTree,0.2,0.73
feature_0 > -0.132,1.413,0.47,,,1,0.56,0.52,1.54,1.0,0.47,CF SingleTree,0.2,0.73
feature_0 > -0.132 AND feature_0 > 0.76,1.833,0.2,,,2,0.73,0.52,2.15,1.0,0.47,CF SingleTree,0.2,0.73
feature_8 > -1.455 AND feature_0 > 0.631 AND feature_0 > 1.178 AND feature_1 > 0.747 AND feature_9 > 0.073,4.576,0.01,1.1,5.68,5,1.0,0.6,3.156,4.0,0.58,CT on D,0.2,
feature_8 > -1.455 AND feature_0 > 0.631 AND feature_0 > 1.178 AND feature_1 <= 0.747 AND feature_0 > 2.212,4.268,0.01,0.5,4.77,5,0.93,0.56,3.084,3.0,0.57,CT on D,0.2,
feature_8 > -1.455 AND feature_0 > 0.631 AND feature_0 > 1.178 AND feature_1 > 0.747,4.012,0.02,1.5,5.52,4,0.88,0.53,3.215,3.0,0.6,CT on D,0.2,
feature_8 > -1.455 AND feature_0 > 0.631 AND feature_0 > 1.178 AND feature_1 > 0.747 AND feature_9 <= 0.073,3.562,0.01,1.82,5.39,5,0.78,0.47,3.263,4.0,0.6,CT on D,0.2,
feature_8 > -1.455 AND feature_0 > 0.631 AND feature_0 > 1.178 AND feature_1 <= 0.747 AND feature_0 <= 2.212 AND feature_6 > 0.813,3.394,0.02,-0.25,3.15,6,0.74,0.45,2.163,4.0,0.41,CT on D,0.2,
feature_0 > -1.251 AND feature_0 > 1.137 AND feature_2 <= -0.399,4.689,0.04,-0.57,4.12,3,1.0,0.62,2.444,2.0,0.62,CT on P,0.2,
feature_0 > -1.251,1.145,0.91,0.86,2.01,1,0.24,0.51,1.003,1.0,0.61,CT on P,0.2,
feature_0 > -1.251 AND feature_0 > 1.137,3.388,0.13,0.57,3.95,2,0.72,0.49,2.437,1.0,0.65,CT on P,0.2,
feature_0 > -1.251 AND feature_0 <= 1.137 AND feature_1 > 1.612,3.275,0.04,1.11,4.38,3,0.7,0.44,2.145,2.0,0.54,CT on P,0.2,
feature_0 > -1.251 AND feature_0 <= 1.137,0.777,0.78,0.91,1.69,2,0.17,0.41,0.756,1.0,0.5,CT on P,0.2,
feature_0 <= -0.029 AND feature_1 <= -1.373 AND feature_6 > 1.163 AND feature_9 > 0.3,20.159,0.0,,,4,1.0,0.6,0.789,4.0,0.15,CF,0.2,19.27
feature_0 > 0.91 AND feature_1 > 0.213 AND feature_1 <= 1.802 AND feature_6 <= -1.599,11.704,0.0,,,4,0.58,0.35,2.79,3.0,0.52,CF,0.2,19.27
feature_0 > 1.059 AND feature_1 > 0.509 AND feature_2 <= -0.953 AND feature_1 <= 1.078,8.569,0.0,,,4,0.43,0.26,2.652,3.0,0.49,CF,0.2,19.27
feature_0 > -0.112 AND feature_0 > 1.856 AND feature_2 <= -1.007 AND feature_3 > -0.479,8.496,0.0,,,4,0.42,0.25,3.023,3.0,0.56,CF,0.2,19.27
feature_0 > 0.964 AND feature_2 > -0.848 AND feature_0 > 1.918 AND feature_9 <= -1.252,7.645,0.0,,,4,0.38,0.23,3.231,3.0,0.6,CF,0.2,19.27
feature_0 > -0.114 AND feature_0 > 1.024 AND feature_1 > 0.323 AND feature_0 > 1.165,2.493,0.04,,,4,1.0,0.62,2.984,2.0,0.62,CF SingleTree,0.2,0.77
feature_0 > -0.114 AND feature_0 > 1.024 AND feature_1 > 0.323,2.433,0.04,,,3,0.98,0.6,2.888,2.0,0.6,CF SingleTree,0.2,0.77
feature_0 > -0.114 AND feature_0 > 1.024,2.223,0.1,,,2,0.89,0.58,2.356,1.0,0.51,CF SingleTree,0.2,0.77
feature_0 > -0.114 AND feature_0 > 1.024 AND feature_1 <= 0.323 AND feature_0 > 1.205,2.177,0.06,,,4,0.87,0.55,2.172,2.0,0.46,CF SingleTree,0.2,0.77
feature_0 > -0.114 AND feature_0 > 1.024 AND feature_1 <= 0.323,2.095,0.08,,,3,0.84,0.54,2.033,2.0,0.44,CF SingleTree,0.2,0.77
feature_2 > -1.712 AND feature_0 > 1.669 AND feature_1 > 0.736,4.464,0.01,1.67,6.14,3,1.0,0.6,3.609,3.0,0.6,CT on D,0.2,
feature_2 > -1.712 AND feature_0 <= 1.669 AND feature_0 > -0.11 AND feature_1 > 0.463 AND feature_1 > 1.923,4.344,0.01,1.72,6.07,5,0.97,0.59,3.134,3.0,0.53,CT on D,0.2,
feature_2 > -1.712 AND feature_0 > 1.669 AND feature_1 <= 0.736 AND feature_5 > 0.506,3.615,0.01,0.93,4.54,4,0.81,0.49,2.675,4.0,0.45,CT on D,0.2,
feature_2 > -1.712 AND feature_0 <= 1.669 AND feature_0 > -0.11 AND feature_1 > 0.463 AND feature_1 <= 1.923 AND feature_7 > 1.051,3.244,0.0,0.67,3.91,6,0.73,0.44,1.948,4.0,0.32,CT on D,0.2,
feature_2 > -1.712 AND feature_0 > 1.669,2.827,0.04,1.47,4.3,2,0.63,0.4,2.861,2.0,0.49,CT on D,0.2,
feature_5 <= 0.983 AND feature_9 <= 1.47 AND feature_0 > 0.669 AND feature_1 > -0.521 AND feature_4 > -0.047 AND feature_5 > -0.043,4.218,0.03,0.57,4.79,6,1.0,0.61,2.319,5.0,0.61,CT on P,0.2,
feature_5 <= 0.983 AND feature_9 <= 1.47 AND feature_0 > 0.669 AND feature_1 > -0.521 AND feature_4 > -0.047,3.769,0.07,0.7,4.47,5,0.89,0.56,2.323,5.0,0.63,CT on P,0.2,
feature_5 <= 0.983 AND feature_9 <= 1.47 AND feature_0 > 0.669 AND feature_1 > -0.521 AND feature_4 > -0.047 AND feature_5 <= -0.043,3.374,0.04,0.82,4.2,6,0.8,0.5,2.326,5.0,0.62,CT on P,0.2,
feature_5 <= 0.983,0.886,0.84,1.0,1.89,1,0.21,0.46,0.816,1.0,0.55,CT on P,0.2,
feature_5 <= 0.983 AND feature_9 <= 1.47 AND feature_0 > 0.669 AND feature_1 > -0.521,2.849,0.13,0.89,3.74,4,0.68,0.46,2.327,4.0,0.65,CT on P,0.2,
feature_0 <= 0.221 AND feature_1 > 0.321 AND feature_8 <= -1.323 AND feature_2 > 1.242,24.031,0.0,,,4,1.0,0.6,0.424,4.0,0.07,CF,0.2,13.0
feature_0 > 0.089 AND feature_1 > 0.71 AND feature_1 > 1.858 AND feature_9 <= -0.305,11.601,0.01,,,4,0.48,0.29,3.25,3.0,0.52,CF,0.2,13.0
feature_0 <= 0.83 AND feature_1 > 1.049 AND feature_1 > 2.377 AND feature_4 <= -0.355,7.295,0.01,,,4,0.3,0.19,2.189,3.0,0.35,CF,0.2,13.0
feature_0 > -0.388 AND feature_1 > 1.547 AND feature_0 > 1.091,6.988,0.01,,,3,0.29,0.18,3.79,2.0,0.6,CF,0.2,13.0
feature_0 > 0.089 AND feature_1 > 0.71 AND feature_1 > 1.858,6.928,0.01,,,3,0.29,0.18,3.287,2.0,0.52,CF,0.2,13.0
feature_0 > -0.206 AND feature_1 > 0.523 AND feature_0 > 0.644 AND feature_1 > 1.559,2.683,0.01,,,4,1.0,0.6,3.4,2.0,0.6,CF SingleTree,0.2,0.72
feature_0 > -0.206 AND feature_1 > 0.523 AND feature_0 > 0.644,2.211,0.07,,,3,0.82,0.52,2.717,2.0,0.51,CF SingleTree,0.2,0.72
feature_0 > -0.206 AND feature_1 > 0.523 AND feature_0 > 0.644 AND feature_1 <= 1.559,2.098,0.06,,,4,0.78,0.49,2.555,2.0,0.47,CF SingleTree,0.2,0.72
feature_0 > -0.206 AND feature_1 > 0.523,1.856,0.13,,,2,0.69,0.47,2.139,2.0,0.43,CF SingleTree,0.2,0.72
feature_0 > -0.206 AND feature_1 > 0.523 AND feature_0 <= 0.644 AND feature_1 > 1.523,1.873,0.02,,,4,0.7,0.43,2.315,2.0,0.42,CF SingleTree,0.2,0.72
feature_1 > -1.131 AND feature_0 > 0.426 AND feature_1 > 0.954 AND feature_8 > 0.326 AND feature_3 <= 0.003,4.203,0.01,0.36,4.56,5,1.0,0.6,2.833,4.0,0.6,CT on D,0.2,
feature_1 > -1.131 AND feature_0 > 0.426 AND feature_1 > 0.954 AND feature_8 <= 0.326 AND feature_8 <= -0.991,3.952,0.01,1.05,5.0,5,0.94,0.57,2.842,3.0,0.6,CT on D,0.2,
feature_1 > -1.131 AND feature_0 > 0.426 AND feature_1 <= 0.954 AND feature_0 > 1.069 AND feature_7 <= -0.694 AND feature_9 <= -0.017,3.883,0.01,0.24,4.13,6,0.92,0.56,2.326,4.0,0.49,CT on D,0.2,
feature_1 > -1.131 AND feature_0 > 0.426 AND feature_1 > 0.954 AND feature_8 > 0.326,3.836,0.02,0.98,4.82,4,0.91,0.56,2.856,3.0,0.61,CT on D,0.2,
feature_1 > -1.131 AND feature_0 > 0.426 AND feature_1 <= 0.954 AND feature_0 > 1.069 AND feature_7 > -0.694 AND feature_9 > 1.038,3.551,0.01,0.1,3.65,6,0.84,0.51,2.208,4.0,0.47,CT on D,0.2,
feature_2 <= 0.812 AND feature_0 > 1.188 AND feature_1 > 1.124,4.321,0.01,1.21,5.53,3,1.0,0.6,3.496,3.0,0.6,CT on P,0.2,
feature_2 <= 0.812 AND feature_0 <= 1.188 AND feature_1 > -0.093 AND feature_0 > 0.394 AND feature_1 > 0.991 AND feature_9 > 0.337,4.27,0.01,0.25,4.52,6,0.99,0.6,2.412,4.0,0.42,CT on P,0.2,
feature_2 <= 0.812,0.874,0.94,0.75,1.62,1,0.2,0.5,0.777,1.0,0.51,CT on P,0.2,
feature_2 <= 0.812 AND feature_0 > 1.188 AND feature_1 <= 1.124 AND feature_6 <= 0.762 AND feature_7 <= -0.493,3.425,0.02,0.19,3.61,5,0.79,0.48,2.309,5.0,0.4,CT on P,0.2,
feature_2 <= 0.812 AND feature_0 > 1.188 AND feature_1 <= 1.124 AND feature_6 > 0.762,3.419,0.02,0.45,3.87,4,0.79,0.48,2.322,4.0,0.41,CT on P,0.2,
feature_0 > 1.452 AND feature_1 > 0.584 AND feature_9 > -0.485 AND feature_7 <= -0.728,8.908,0.0,,,4,1.0,0.6,3.573,4.0,0.6,CF,0.2,9.49
feature_0 > 1.452 AND feature_1 > 0.584 AND feature_9 <= -0.485 AND feature_0 <= 1.78,8.231,0.0,,,4,0.92,0.55,3.028,3.0,0.51,CF,0.2,9.49
feature_0 > 0.525 AND feature_1 > 1.193 AND feature_4 <= -1.05 AND feature_7 > 0.615,8.021,0.0,,,4,0.9,0.54,2.952,4.0,0.5,CF,0.2,9.49
feature_0 > 0.434 AND feature_1 > 1.31 AND feature_3 > -0.047 AND feature_5 <= -0.565,7.525,0.0,,,4,0.84,0.51,3.259,4.0,0.55,CF,0.2,9.49
feature_0 > 0.571 AND feature_1 > 1.56 AND feature_1 > 1.94 AND feature_6 <= -0.104,7.349,0.0,,,4,0.82,0.49,3.507,3.0,0.59,CF,0.2,9.49
feature_0 > 0.394 AND feature_1 > 0.714 AND feature_0 > 0.767 AND feature_1 > 1.049,2.564,0.03,,,4,1.0,0.61,3.114,2.0,0.61,CF SingleTree,0.2,0.71
feature_0 > 0.394 AND feature_1 > 0.714 AND feature_0 > 0.767,2.427,0.05,,,3,0.95,0.59,2.902,2.0,0.58,CF SingleTree,0.2,0.71
feature_0 > 0.394 AND feature_1 > 0.714,2.217,0.08,,,2,0.86,0.55,2.626,2.0,0.54,CF SingleTree,0.2,0.71
feature_0 > 0.394,1.713,0.32,,,1,0.67,0.53,1.848,1.0,0.48,CF SingleTree,0.2,0.71
feature_0 > 0.394 AND feature_1 > 0.714 AND feature_0 > 0.767 AND feature_1 <= 1.049,2.185,0.02,,,4,0.85,0.52,2.532,2.0,0.5,CF SingleTree,0.2,0.71
feature_2 <= 1.891 AND feature_0 > -0.457 AND feature_0 > 1.197 AND feature_1 > 0.184 AND feature_3 <= -0.274,3.999,0.03,0.59,4.59,5,1.0,0.61,2.981,4.0,0.61,CT on D,0.2,
feature_2 <= 1.891 AND feature_0 > -0.457 AND feature_0 > 1.197 AND feature_1 > 0.184 AND feature_3 > -0.274 AND feature_8 <= -0.131,3.73,0.0,1.68,5.41,6,0.93,0.56,2.981,5.0,0.6,CT on D,0.2,
feature_2 <= 1.891 AND feature_0 > -0.457 AND feature_0 > 1.197 AND feature_1 <= 0.184 AND feature_4 <= -0.179 AND feature_4 > -0.735,3.499,0.01,-0.68,2.82,6,0.87,0.53,2.141,4.0,0.43,CT on D,0.2,
feature_2 <= 1.891 AND feature_0 > -0.457 AND feature_0 <= 1.197 AND feature_1 > 0.629 AND feature_1 > 1.443 AND feature_5 > -0.379,3.341,0.02,1.32,4.66,6,0.84,0.51,2.317,4.0,0.47,CT on D,0.2,
feature_2 <= 1.891 AND feature_0 > -0.457 AND feature_0 > 1.197 AND feature_1 > 0.184,3.254,0.04,1.65,4.9,4,0.81,0.5,2.985,3.0,0.62,CT on D,0.2,
feature_8 > -1.816 AND feature_0 > 0.592 AND feature_1 <= 0.198 AND feature_6 > 1.097,4.021,0.02,-0.9,3.12,4,1.0,0.61,1.686,4.0,0.35,CT on P,0.2,
feature_8 > -1.816 AND feature_0 > 0.592 AND feature_1 > 0.198 AND feature_4 > -0.537 AND feature_3 <= -0.245 AND feature_0 > 1.18,4.015,0.02,0.58,4.6,6,1.0,0.61,2.967,5.0,0.61,CT on P,0.2,
feature_8 > -1.816 AND feature_0 > 0.592 AND feature_1 > 0.198 AND feature_4 <= -0.537,3.83,0.04,0.38,4.21,4,0.95,0.59,2.515,4.0,0.52,CT on P,0.2,
feature_8 > -1.816,0.769,0.97,0.58,1.35,1,0.19,0.5,0.803,1.0,0.55,CT on P,0.2,
feature_8 > -1.816 AND feature_0 > 0.592 AND feature_1 > 0.198,2.988,0.12,0.8,3.79,3,0.74,0.49,2.504,3.0,0.55,CT on P,0.2,
feature_0 <= 0.348 AND feature_2 > 0.643 AND feature_1 <= -1.482 AND feature_9 <= -1.041,27.98,0.0,,,4,1.0,0.6,0.416,4.0,0.11,CF,0.2,9.43
feature_0 > -0.589 AND feature_4 > 1.608 AND feature_1 > 0.972 AND feature_3 > -0.26,17.826,0.0,,,4,0.64,0.38,2.224,4.0,0.6,CF,0.2,9.43
feature_0 <= 1.307,0.934,0.51,,,1,0.03,0.22,0.618,1.0,0.37,CF,0.2,9.43
feature_0 > -1.182,1.04,0.5,,,1,0.04,0.22,1.032,1.0,0.48,CF,0.2,9.43
feature_0 <= 1.135,0.866,0.5,,,1,0.03,0.22,0.566,1.0,0.35,CF,0.2,9.43
feature_0 > -0.522 AND feature_0 > 1.093 AND feature_1 > -0.016 AND feature_0 > 1.275,2.409,0.05,,,4,1.0,0.62,2.959,2.0,0.62,CF SingleTree,0.2,0.7
feature_0 > -0.522 AND feature_0 > 1.093 AND feature_1 > -0.016,2.297,0.06,,,3,0.95,0.6,2.822,2.0,0.6,CF SingleTree,0.2,0.7
feature_0 > -0.522 AND feature_0 > 1.093,1.994,0.12,,,2,0.83,0.54,2.437,1.0,0.54,CF SingleTree,0.2,0.7
feature_0 > -0.522,1.312,0.43,,,1,0.54,0.5,1.315,1.0,0.44,CF SingleTree,0.2,0.7
feature_0 > -0.522 AND feature_0 > 1.093 AND feature_1 > -0.016 AND feature_0 <= 1.275,1.965,0.02,,,4,0.82,0.5,2.414,2.0,0.5,CF SingleTree,0.2,0.7
feature_5 <= 2.263 AND feature_0 > 0.077 AND feature_1 <= 0.713 AND feature_0 > 1.363 AND feature_0 > 1.906 AND feature_6 <= 0.146,4.504,0.01,0.4,4.9,6,1.0,0.6,2.865,4.0,0.6,CT on D,0.2,
feature_5 <= 2.263 AND feature_0 > 0.077 AND feature_1 > 0.713 AND feature_0 > 0.232 AND feature_8 <= -0.753 AND feature_9 <= 0.092,4.096,0.01,1.07,5.16,6,0.91,0.55,2.438,5.0,0.51,CT on D,0.2,
feature_5 <= 2.263 AND feature_0 > 0.077 AND feature_1 <= 0.713 AND feature_0 > 1.363 AND feature_0 > 1.906,3.516,0.02,0.75,4.27,5,0.78,0.48,2.85,3.0,0.6,CT on D,0.2,
feature_5 <= 2.263 AND feature_0 > 0.077 AND feature_1 > 0.713 AND feature_0 > 0.232 AND feature_8 <= -0.753,3.483,0.02,0.95,4.43,5,0.77,0.47,2.441,4.0,0.52,CT on D,0.2,
feature_5 <= 2.263 AND feature_0 <= 0.077 AND feature_1 > 1.504 AND feature_6 > 0.079,3.448,0.02,0.65,4.1,4,0.77,0.47,1.406,4.0,0.3,CT on D,0.2,
feature_4 > -1.408 AND feature_0 > 0.038 AND feature_1 > -0.082 AND feature_0 > 1.758,3.949,0.02,1.63,5.58,4,1.0,0.61,3.34,3.0,0.61,CT on P,0.2,
feature_4 > -1.408 AND feature_0 > 0.038 AND feature_1 > -0.082 AND feature_0 <= 1.758 AND feature_1 > 0.819 AND feature_6 <= -0.895,3.669,0.02,1.17,4.84,6,0.93,0.57,2.327,4.0,0.43,CT on P,0.2,
feature_4 > -1.408,0.814,0.92,1.07,1.89,1,0.21,0.49,0.815,1.0,0.51,CT on P,0.2,
feature_4 > -1.408 AND feature_0 > 0.038 AND feature_1 <= -0.082 AND feature_0 > 1.737,2.807,0.02,0.57,3.38,4,0.71,0.43,2.521,3.0,0.46,CT on P,0.2,
feature_4 > -1.408 AND feature_0 > 0.038 AND feature_1 > -0.082 AND feature_0 <= 1.758 AND feature_1 > 0.819,2.579,0.09,1.52,4.1,5,0.65,0.43,2.305,3.0,0.45,CT on P,0.2,
feature_0 > 0.322 AND feature_0 > 2.024 AND feature_7 > 0.538 AND feature_4 <= -0.213,46.582,0.0,,,4,1.0,0.6,3.324,3.0,0.6,CF,0.2,10.03
feature_0 <= 1.473,0.663,0.82,,,1,0.01,0.34,0.674,1.0,0.45,CF,0.2,10.03
feature_0 > -1.287,1.031,0.8,,,1,0.02,0.33,1.001,1.0,0.5,CF,0.2,10.03
feature_0 > -1.142,1.213,0.78,,,1,0.03,0.33,1.042,1.0,0.5,CF,0.2,10.03
feature_0 <= 1.226,0.697,0.79,,,1,0.01,0.32,0.605,1.0,0.43,CF,0.2,10.03
feature_0 > 0.443 AND feature_1 > 0.843 AND feature_0 > 0.905 AND feature_0 > 1.44,2.835,0.02,,,4,1.0,0.61,3.47,2.0,0.61,CF SingleTree,0.2,0.69
feature_0 > 0.443 AND feature_1 > 0.843 AND feature_0 > 0.905,2.679,0.04,,,3,0.94,0.58,3.051,2.0,0.54,CF SingleTree,0.2,0.69
feature_0 > 0.443 AND feature_1 > 0.843 AND feature_0 > 0.905 AND feature_0 <= 1.44,2.559,0.02,,,4,0.9,0.55,2.726,2.0,0.48,CF SingleTree,0.2,0.69
feature_0 > 0.443 AND feature_1 > 0.843,2.382,0.07,,,2,0.84,0.53,2.728,2.0,0.5,CF SingleTree,0.2,0.69
feature_0 > 0.443,1.682,0.32,,,1,0.59,0.48,1.9,1.0,0.46,CF SingleTree,0.2,0.69
feature_0 > -1.423 AND feature_0 > 0.864 AND feature_0 > 1.698 AND feature_3 > -0.331 AND feature_9 > -0.069,4.39,0.01,0.96,5.35,5,1.0,0.6,3.034,3.0,0.6,CT on D,0.2,
feature_0 > -1.423 AND feature_0 > 0.864 AND feature_0 > 1.698 AND feature_3 > -0.331,3.562,0.03,1.52,5.08,4,0.81,0.5,2.975,2.0,0.6,CT on D,0.2,
feature_0 > -1.423 AND feature_0 > 0.864 AND feature_0 <= 1.698 AND feature_0 <= 0.908,3.492,0.01,0.25,3.74,4,0.8,0.48,1.703,1.0,0.34,CT on D,0.2,
feature_0 > -1.423 AND feature_0 > 0.864 AND feature_0 <= 1.698 AND feature_0 > 0.908 AND feature_1 > 0.625 AND feature_5 <= 0.372,3.259,0.03,1.62,4.88,6,0.74,0.46,2.751,3.0,0.56,CT on D,0.2,
feature_0 <= -1.423 AND feature_8 > -1.009 AND feature_1 <= 0.915 AND feature_9 > -0.124 AND feature_1 <= -0.384,3.312,0.01,2.41,-0.9,5,0.75,0.46,1.538,4.0,0.31,CT on D,0.2,
feature_9 > -2.206 AND feature_0 > -0.534 AND feature_0 > 1.464 AND feature_9 > -0.024 AND feature_9 <= 0.711,4.048,0.02,0.97,5.02,5,1.0,0.61,2.813,2.0,0.61,CT on P,0.2,
feature_9 > -2.206 AND feature_0 > -0.534 AND feature_0 > 1.464 AND feature_9 > -0.024,3.659,0.03,1.21,4.87,4,0.9,0.55,2.787,2.0,0.61,CT on P,0.2,
feature_9 > -2.206,0.833,0.98,1.29,2.12,1,0.21,0.52,0.815,1.0,0.57,CT on P,0.2,
feature_9 > -2.206 AND feature_0 > -0.534 AND feature_0 > 1.464 AND feature_9 > -0.024 AND feature_9 > 0.711,3.205,0.02,1.5,4.71,5,0.79,0.48,2.759,2.0,0.6,CT on P,0.2,
feature_9 > -2.206 AND feature_0 > -0.534,1.367,0.7,1.19,2.56,2,0.34,0.48,1.308,2.0,0.56,CT on P,0.2,
feature_0 > -0.337 AND feature_1 <= 0.444 AND feature_0 > 1.503 AND feature_8 > 0.865,12.566,0.01,,,4,1.0,0.6,2.431,3.0,0.52,CF,0.2,8.75
feature_0 > 0.19 AND feature_0 > 1.494 AND feature_4 <= -0.942 AND feature_6 > 0.527,8.741,0.0,,,4,0.7,0.42,2.836,3.0,0.6,CF,0.2,8.75
feature_0 > 0.144 AND feature_1 <= 0.715 AND feature_3 <= -1.63 AND feature_7 <= -1.084,7.802,0.0,,,4,0.62,0.37,1.365,4.0,0.29,CF,0.2,8.75
feature_0 > -1.421,1.142,0.66,,,1,0.09,0.32,0.97,1.0,0.47,CF,0.2,8.75
feature_0 > -1.425,1.067,0.66,,,1,0.08,0.31,0.968,1.0,0.47,CF,0.2,8.75
feature_0 > 0.201 AND feature_0 > 0.863 AND feature_0 > 1.379 AND feature_1 > -0.055,2.356,0.04,,,4,1.0,0.62,2.994,2.0,0.62,CF SingleTree,0.2,0.72
feature_0 > 0.201 AND feature_0 > 0.863 AND feature_0 > 1.379,2.214,0.08,,,3,0.94,0.6,2.671,1.0,0.57,CF SingleTree,0.2,0.72
feature_0 > 0.201 AND feature_0 > 0.863,2.008,0.18,,,2,0.85,0.58,2.23,1.0,0.52,CF SingleTree,0.2,0.72
feature_0 > 0.201,1.557,0.37,,,1,0.66,0.54,1.726,1.0,0.49,CF SingleTree,0.2,0.72
feature_0 > 0.201 AND feature_0 > 0.863 AND feature_0 <= 1.379 AND feature_1 > 0.297,2.04,0.04,,,4,0.87,0.54,2.447,2.0,0.51,CF SingleTree,0.2,0.72
feature_2 > -1.159 AND feature_0 > -0.089 AND feature_0 > 0.846 AND feature_1 > 0.214 AND feature_7 <= -0.245 AND feature_7 > -0.637,4.956,0.01,-0.04,4.92,6,1.0,0.6,2.654,4.0,0.6,CT on D,0.3,
feature_2 > -1.159,0.873,0.94,0.98,1.85,1,0.18,0.48,0.796,1.0,0.56,CT on D,0.3,
feature_2 > -1.159 AND feature_0 > -0.089 AND feature_0 > 0.846 AND feature_1 > 0.214 AND feature_7 <= -0.245,3.845,0.04,0.88,4.72,5,0.78,0.48,2.654,4.0,0.62,CT on D,0.3,
feature_2 <= -1.159 AND feature_0 > 0.499 AND feature_1 > 0.492,3.664,0.0,0.99,4.65,3,0.74,0.44,2.623,3.0,0.59,CT on D,0.3,
feature_2 > -1.159 AND feature_0 > -0.089 AND feature_0 <= 0.846 AND feature_1 > 1.369 AND feature_3 <= -0.439,3.521,0.01,1.04,4.56,5,0.71,0.43,2.304,4.0,0.52,CT on D,0.3,
feature_0 <= 2.171 AND feature_0 > 0.002 AND feature_0 > 1.275 AND feature_1 > -0.678 AND feature_7 <= 0.261 AND feature_1 > 0.201,3.913,0.02,1.07,4.99,6,1.0,0.61,2.885,3.0,0.54,CT on P,0.3,
feature_0 <= 2.171 AND feature_0 > 0.002 AND feature_0 > 1.275 AND feature_1 > -0.678 AND feature_7 <= 0.261,3.481,0.04,0.77,4.25,5,0.89,0.55,2.583,3.0,0.49,CT on P,0.3,
feature_0 <= 2.171,0.857,0.99,0.99,1.85,1,0.22,0.53,0.762,1.0,0.54,CT on P,0.3,
feature_0 <= 2.171 AND feature_0 > 0.002 AND feature_0 > 1.275 AND feature_1 > -0.678,2.992,0.06,1.02,4.01,4,0.76,0.48,2.574,2.0,0.5,CT on P,0.3,
feature_0 > 2.171,3.049,0.01,1.63,4.68,1,0.78,0.47,3.275,1.0,0.6,CT on P,0.3,
feature_0 <= -0.02 AND feature_1 > 1.647 AND feature_4 <= -0.55 AND feature_9 > -0.299,20.29,0.0,,,4,1.0,0.6,1.479,4.0,0.6,CF,0.3,9.55
feature_0 <= 1.287,0.881,0.76,,,1,0.04,0.33,0.609,1.0,0.55,CF,0.3,9.55
feature_1 <= 1.094,0.76,0.73,,,1,0.04,0.31,0.643,1.0,0.55,CF,0.3,9.55
feature_0 > -0.95,1.053,0.7,,,1,0.05,0.31,1.107,1.0,0.73,CF,0.3,9.55
feature_0 > -0.909,1.041,0.69,,,1,0.05,0.31,1.125,1.0,0.73,CF,0.3,9.55
feature_0 > 0.188 AND feature_0 > 0.771 AND feature_1 > 0.955 AND feature_1 > 1.405,2.725,0.01,,,4,1.0,0.6,3.254,2.0,0.6,CF SingleTree,0.3,0.7
feature_0 > 0.188 AND feature_0 > 0.771 AND feature_1 > 0.955,2.55,0.04,,,3,0.94,0.58,2.945,2.0,0.56,CF SingleTree,0.3,0.7
feature_0 > 0.188 AND feature_0 > 0.771 AND feature_1 > 0.955 AND feature_1 <= 1.405,2.415,0.02,,,4,0.89,0.54,2.705,2.0,0.51,CF SingleTree,0.3,0.7
feature_0 > 0.188,1.647,0.38,,,1,0.6,0.51,1.723,1.0,0.47,CF SingleTree,0.3,0.7
feature_0 > 0.188 AND feature_0 > 0.771,1.95,0.21,,,2,0.72,0.51,2.147,1.0,0.48,CF SingleTree,0.3,0.7
feature_8 <= 0.311 AND feature_0 <= 2.014 AND feature_0 > -0.368 AND feature_1 > 0.5 AND feature_5 > 0.379 AND feature_0 > 0.691,3.998,0.02,1.25,5.25,6,1.0,0.61,2.597,4.0,0.49,CT on D,0.3,
feature_8 > 0.311 AND feature_2 <= 0.484 AND feature_3 <= 0.576 AND feature_4 > -1.572 AND feature_0 > -0.122 AND feature_1 > 1.181,3.51,0.01,0.73,4.24,6,0.88,0.53,2.531,6.0,0.48,CT on D,0.3,
feature_8 <= 0.311 AND feature_0 <= 2.014 AND feature_0 > -0.368 AND feature_1 > 0.5 AND feature_5 > 0.379,3.089,0.04,0.82,3.91,5,0.77,0.48,1.982,4.0,0.39,CT on D,0.3,
feature_8 <= 0.311 AND feature_0 <= 2.014 AND feature_0 > -0.368 AND feature_1 > 0.5 AND feature_5 <= 0.379 AND feature_5 <= -0.867,3.077,0.02,0.69,3.76,6,0.77,0.47,1.956,4.0,0.37,CT on D,0.3,
feature_8 <= 0.311 AND feature_0 > 2.014,2.922,0.01,1.5,4.42,2,0.73,0.44,3.203,2.0,0.6,CT on D,0.3,
feature_8 <= 0.372 AND feature_0 <= 1.965 AND feature_0 > -0.417 AND feature_1 > 0.527 AND feature_9 > -0.382 AND feature_0 > 0.671,3.652,0.03,0.95,4.6,6,1.0,0.61,2.567,4.0,0.5,CT on P,0.3,
feature_8 <= 0.372 AND feature_0 <= 1.965 AND feature_0 > -0.417 AND feature_1 > 0.527 AND feature_9 > -0.382,2.956,0.08,0.77,3.72,5,0.81,0.52,1.949,4.0,0.4,CT on P,0.3,
feature_8 <= 0.372 AND feature_0 > 1.965,3.092,0.02,1.51,4.6,2,0.85,0.52,3.138,2.0,0.61,CT on P,0.3,
feature_8 <= 0.372 AND feature_0 <= 1.965 AND feature_0 > -0.417 AND feature_1 > 0.527,2.646,0.13,0.99,3.63,4,0.72,0.49,1.955,3.0,0.43,CT on P,0.3,
feature_8 <= 0.372 AND feature_0 <= 1.965 AND feature_0 > -0.417 AND feature_1 > 0.527 AND feature_9 > -0.382 AND feature_0 <= 0.671,2.564,0.05,0.67,3.23,6,0.7,0.44,1.593,4.0,0.32,CT on P,0.3,
feature_0 <= 0.665 AND feature_4 > 0.958 AND feature_3 <= -0.507 AND feature_1 > 1.494,59.459,0.0,,,4,1.0,0.6,1.612,4.0,0.6,CF,0.3,7.99
feature_1 > -1.373,0.889,0.81,,,1,0.01,0.33,0.885,1.0,0.65,CF,0.3,7.99
feature_0 > -1.131,1.141,0.78,,,1,0.02,0.32,1.066,1.0,0.71,CF,0.3,7.99
feature_0 > -1.016,1.075,0.76,,,1,0.02,0.31,1.109,1.0,0.72,CF,0.3,7.99
feature_0 > -0.971,1.281,0.75,,,1,0.02,0.31,1.126,1.0,0.72,CF,0.3,7.99
feature_0 > -0.291 AND feature_0 > 0.394 AND feature_1 > 0.468 AND feature_1 > 1.095,2.167,0.05,,,4,1.0,0.62,2.866,2.0,0.62,CF SingleTree,0.3,0.74
feature_0 > -0.291,1.373,0.57,,,1,0.63,0.61,1.454,1.0,0.53,CF SingleTree,0.3,0.74
feature_0 > -0.291 AND feature_0 > 0.394 AND feature_1 > 0.468,2.012,0.12,,,3,0.93,0.61,2.467,2.0,0.56,CF SingleTree,0.3,0.74
feature_0 > -0.291 AND feature_0 > 0.394,1.632,0.34,,,2,0.75,0.59,1.865,1.0,0.53,CF SingleTree,0.3,0.74
feature_0 > -0.291 AND feature_0 > 0.394 AND feature_1 > 0.468 AND feature_1 <= 1.095,1.9,0.07,,,4,0.88,0.55,2.179,2.0,0.48,CF SingleTree,0.3,0.74
feature_3 > -0.969 AND feature_0 > 0.15 AND feature_0 <= 1.816 AND feature_1 <= -0.273 AND feature_6 <= -0.888 AND feature_4 > 0.233,3.311,0.02,0.1,3.41,6,1.0,0.61,1.165,5.0,0.27,CT on D,0.3,
feature_3 > -0.969 AND feature_0 > 0.15 AND feature_0 > 1.816 AND feature_0 <= 2.025,3.186,0.01,0.95,4.13,4,0.96,0.58,2.702,2.0,0.6,CT on D,0.3,
feature_3 > -0.969 AND feature_0 <= 0.15 AND feature_0 <= -0.657 AND feature_0 <= -1.838 AND feature_1 <= 0.257,3.027,0.02,2.65,-0.37,5,0.91,0.56,1.814,3.0,0.41,CT on D,0.3,
feature_3 > -0.969 AND feature_0 > 0.15 AND feature_0 <= 1.816 AND feature_1 > -0.273 AND feature_9 <= -1.35,3.01,0.02,0.16,3.17,5,0.91,0.55,1.839,4.0,0.42,CT on D,0.3,
feature_3 <= -0.969 AND feature_8 > -0.584 AND feature_3 > -1.83 AND feature_0 > 1.134,2.939,0.01,0.4,3.34,4,0.89,0.54,2.458,3.0,0.55,CT on D,0.3,
feature_7 <= 1.107 AND feature_0 > 0.12 AND feature_0 > 0.985 AND feature_3 <= 1.007 AND feature_5 <= -0.892,3.646,0.02,0.74,4.39,5,1.0,0.61,2.385,4.0,0.61,CT on P,0.3,
feature_7 <= 1.107 AND feature_0 > 0.12 AND feature_0 <= 0.985 AND feature_1 > -0.687 AND feature_9 <= -1.239,3.101,0.02,0.42,3.53,5,0.85,0.52,1.533,4.0,0.39,CT on P,0.3,
feature_7 <= 1.107 AND feature_0 > 0.12 AND feature_0 > 0.985 AND feature_3 <= 1.007,2.564,0.12,1.15,3.71,4,0.7,0.47,2.339,3.0,0.64,CT on P,0.3,
feature_7 <= 1.107 AND feature_0 > 0.12 AND feature_0 > 0.985 AND feature_3 <= 1.007 AND feature_5 > -0.892 AND feature_1 <= 0.064,2.726,0.05,0.55,3.27,6,0.75,0.47,1.961,5.0,0.51,CT on P,0.3,
feature_7 <= 1.107,0.714,0.86,1.42,2.13,1,0.2,0.46,0.803,1.0,0.55,CT on P,0.3,
feature_0 > 0.823 AND feature_1 > 1.489 AND feature_9 <= -0.382,70.07,0.0,,,3,1.0,0.6,3.493,3.0,0.6,CF,0.3,9.67
feature_1 <= 1.385,0.667,0.5,,,1,0.01,0.21,0.689,1.0,0.32,CF,0.3,9.67
feature_0 > -1.121,1.11,0.48,,,1,0.02,0.2,1.053,1.0,0.37,CF,0.3,9.67
feature_0 > -1.024,1.106,0.48,,,1,0.02,0.2,1.087,1.0,0.38,CF,0.3,9.67
feature_0 > -1.036,1.08,0.48,,,1,0.02,0.2,1.083,1.0,0.38,CF,0.3,9.67
feature_0 > -0.05 AND feature_0 > 0.821 AND feature_1 > 1.302 AND feature_1 > 1.513,2.323,0.01,,,4,1.0,0.6,3.489,2.0,0.6,CF SingleTree,0.3,0.71
feature_0 > -0.05 AND feature_0 > 0.821 AND feature_1 > 1.302,2.196,0.02,,,3,0.95,0.58,3.356,2.0,0.59,CF SingleTree,0.3,0.71
feature_0 > -0.05 AND feature_0 > 0.821 AND feature_1 > 1.302 AND feature_1 <= 1.513,1.97,0.01,,,4,0.85,0.51,3.125,2.0,0.54,CF SingleTree,0.3,0.71
feature_0 > -0.05 AND feature_0 > 0.821,1.663,0.17,,,2,0.72,0.5,2.209,1.0,0.45,CF SingleTree,0.3,0.71
feature_0 > -0.05 AND feature_0 > 0.821 AND feature_1 <= 1.302 AND feature_0 > 1.35,1.735,0.08,,,4,0.75,0.48,2.497,2.0,0.46,CF SingleTree,0.3,0.71
feature_4 > -1.673 AND feature_0 > 1.49 AND feature_1 > -1.049 AND feature_1 > 0.543 AND feature_8 <= 0.208,4.493,0.01,1.61,6.1,5,1.0,0.6,3.475,4.0,0.6,CT on D,0.3,
feature_4 > -1.673 AND feature_0 > 1.49 AND feature_1 > -1.049 AND feature_1 > 0.543,4.079,0.02,1.65,5.73,4,0.91,0.55,3.389,3.0,0.59,CT on D,0.3,
feature_4 > -1.673 AND feature_0 > 1.49 AND feature_1 > -1.049 AND feature_1 > 0.543 AND feature_8 > 0.208,3.666,0.01,1.69,5.35,5,0.82,0.49,3.302,4.0,0.57,CT on D,0.3,
feature_4 > -1.673 AND feature_0 > 1.49 AND feature_1 > -1.049 AND feature_1 <= 0.543 AND feature_2 > -0.674 AND feature_8 > -0.435,3.565,0.01,0.53,4.1,6,0.79,0.48,2.486,5.0,0.43,CT on D,0.3,
feature_4 > -1.673 AND feature_0 > 1.49 AND feature_1 > -1.049,3.198,0.05,1.17,4.37,3,0.71,0.45,2.813,3.0,0.51,CT on D,0.3,
feature_9 > -1.975 AND feature_0 > 0.29 AND feature_0 > 1.494 AND feature_8 > -0.43 AND feature_2 > -0.161,4.436,0.02,0.41,4.85,5,1.0,0.61,2.701,4.0,0.61,CT on P,0.3,
feature_9 > -1.975,0.863,0.98,0.77,1.63,1,0.19,0.51,0.816,1.0,0.57,CT on P,0.3,
feature_9 > -1.975 AND feature_0 > 0.29 AND feature_0 > 1.494 AND feature_8 > -0.43,3.37,0.04,0.69,4.06,4,0.76,0.47,2.701,3.0,0.61,CT on P,0.3,
feature_9 > -1.975 AND feature_0 > 0.29 AND feature_0 <= 1.494 AND feature_2 <= -0.446 AND feature_1 > -0.669 AND feature_7 <= -0.582,3.365,0.03,0.08,3.44,6,0.76,0.47,1.852,5.0,0.42,CT on P,0.3,
feature_9 > -1.975 AND feature_0 > 0.29 AND feature_0 > 1.494,2.961,0.07,0.95,3.91,3,0.67,0.43,2.709,2.0,0.63,CT on P,0.3,
feature_0 > -0.06 AND feature_1 > 1.025 AND feature_2 > 1.434 AND feature_9 > 0.174,45.946,0.0,,,4,1.0,0.6,2.448,4.0,0.6,CF,0.3,9.04
feature_0 > -1.258,1.148,0.69,,,1,0.02,0.29,1.013,1.0,0.52,CF,0.3,9.04
feature_0 > -1.288,1.065,0.69,,,1,0.02,0.29,1.004,1.0,0.52,CF,0.3,9.04
feature_0 > -1.077,1.092,0.67,,,1,0.02,0.28,1.074,1.0,0.53,CF,0.3,9.04
feature_0 > -0.927,1.207,0.65,,,1,0.03,0.28,1.129,1.0,0.54,CF,0.3,9.04
feature_0 > -0.132 AND feature_0 > 0.76 AND feature_1 > 0.655 AND feature_0 > 1.335,2.526,0.02,,,4,1.0,0.61,3.328,2.0,0.61,CF SingleTree,0.3,0.72
feature_0 > -0.132 AND feature_0 > 0.76 AND feature_1 > 0.655,2.356,0.05,,,3,0.93,0.58,2.882,2.0,0.54,CF SingleTree,0.3,0.72
feature_0 > -0.132 AND feature_0 > 0.76 AND feature_1 > 0.655 AND feature_0 <= 1.335,2.231,0.03,,,4,0.88,0.54,2.552,2.0,0.47,CF SingleTree,0.3,0.72
feature_0 > -0.132,1.413,0.47,,,1,0.56,0.52,1.54,1.0,0.47,CF SingleTree,0.3,0.72
feature_0 > -0.132 AND feature_0 > 0.76,1.833,0.2,,,2,0.73,0.52,2.15,1.0,0.47,CF SingleTree,0.3,0.72
feature_8 > -1.455 AND feature_0 > 0.631 AND feature_0 > 1.178 AND feature_1 > 0.747 AND feature_9 > 0.073,4.576,0.01,1.1,5.68,5,1.0,0.6,3.156,4.0,0.58,CT on D,0.3,
feature_8 > -1.455 AND feature_0 > 0.631 AND feature_0 > 1.178 AND feature_1 <= 0.747 AND feature_0 > 2.212,4.268,0.01,0.5,4.77,5,0.93,0.56,3.084,3.0,0.57,CT on D,0.3,
feature_8 > -1.455 AND feature_0 > 0.631 AND feature_0 > 1.178 AND feature_1 > 0.747,4.012,0.03,1.5,5.52,4,0.88,0.54,3.215,3.0,0.6,CT on D,0.3,
feature_8 > -1.455 AND feature_0 > 0.631 AND feature_0 > 1.178 AND feature_1 > 0.747 AND feature_9 <= 0.073,3.562,0.01,1.82,5.39,5,0.78,0.47,3.263,4.0,0.6,CT on D,0.3,
feature_8 > -1.455 AND feature_0 > 0.631 AND feature_0 > 1.178 AND feature_1 <= 0.747 AND feature_0 <= 2.212 AND feature_6 > 0.813,3.394,0.02,-0.25,3.15,6,0.74,0.45,2.163,4.0,0.41,CT on D,0.3,
feature_8 > -0.726 AND feature_0 > -0.477 AND feature_0 > 1.03 AND feature_0 > 1.854 AND feature_7 <= 0.001,4.718,0.01,0.33,5.04,5,1.0,0.6,3.013,3.0,0.6,CT on P,0.3,
feature_8 > -0.726 AND feature_0 > -0.477 AND feature_0 > 1.03 AND feature_0 > 1.854,4.121,0.03,0.52,4.64,4,0.87,0.54,3.008,2.0,0.61,CT on P,0.3,
feature_8 > -0.726 AND feature_0 > -0.477 AND feature_0 > 1.03 AND feature_0 <= 1.854 AND feature_2 > -0.637 AND feature_5 <= -0.901,3.846,0.01,-0.23,3.62,6,0.82,0.49,2.162,4.0,0.43,CT on P,0.3,
feature_8 > -0.726 AND feature_0 > -0.477 AND feature_0 > 1.03 AND feature_0 <= 1.854 AND feature_2 <= -0.637 AND feature_7 > -0.032,3.611,0.01,-0.46,3.15,6,0.77,0.46,2.103,4.0,0.42,CT on P,0.3,
feature_8 > -0.726 AND feature_0 > -0.477 AND feature_0 > 1.03 AND feature_0 > 1.854 AND feature_7 > 0.001,3.396,0.01,0.75,4.15,5,0.72,0.44,3.002,3.0,0.6,CT on P,0.3,
feature_0 > 0.91 AND feature_1 > 0.213 AND feature_1 <= 1.802 AND feature_6 <= -1.599,11.784,0.0,,,4,1.0,0.6,2.79,3.0,0.42,CF,0.3,9.01
feature_0 > -1.007 AND feature_1 > 1.252 AND feature_0 > 1.432 AND feature_5 <= -0.266,9.375,0.0,,,4,0.8,0.48,3.946,3.0,0.6,CF,0.3,9.01
feature_0 > 0.386 AND feature_1 > 0.483 AND feature_9 > 1.312 AND feature_1 <= 0.607,8.757,0.0,,,4,0.74,0.45,2.267,3.0,0.34,CF,0.3,9.01
feature_3 <= 1.615,0.949,0.94,,,1,0.08,0.42,0.798,1.0,0.5,CF,0.3,9.01
feature_0 > 0.964 AND feature_2 > -0.848 AND feature_0 > 1.918 AND feature_9 <= -1.252,8.184,0.0,,,4,0.69,0.42,3.231,3.0,0.49,CF,0.3,9.01
feature_0 > -0.114 AND feature_0 > 1.002 AND feature_1 > 0.488 AND feature_0 > 1.164,2.5,0.04,,,4,1.0,0.62,3.057,2.0,0.62,CF SingleTree,0.3,0.69
feature_0 > -0.114 AND feature_0 > 1.002 AND feature_1 > 0.488,2.434,0.05,,,3,0.97,0.6,2.946,2.0,0.6,CF SingleTree,0.3,0.69
feature_0 > -0.114 AND feature_0 > 1.002,2.192,0.16,,,2,0.88,0.59,2.334,1.0,0.52,CF SingleTree,0.3,0.69
feature_0 > -0.114 AND feature_0 > 1.002 AND feature_1 <= 0.488 AND feature_0 > 1.162,2.171,0.08,,,4,0.87,0.55,2.183,2.0,0.46,CF SingleTree,0.3,0.69
feature_0 > -0.114,1.424,0.51,,,1,0.57,0.55,1.533,1.0,0.5,CF SingleTree,0.3,0.69
feature_2 > -1.712 AND feature_0 > 1.669 AND feature_1 > 0.736,4.464,0.01,1.67,6.14,3,1.0,0.6,3.609,3.0,0.6,CT on D,0.3,
feature_2 > -1.712 AND feature_0 <= 1.669 AND feature_0 > -0.11 AND feature_1 > 0.463 AND feature_1 > 1.923,4.344,0.01,1.72,6.07,5,0.97,0.59,3.134,3.0,0.53,CT on D,0.3,
feature_2 > -1.712 AND feature_0 > 1.669 AND feature_1 <= 0.736 AND feature_5 > 0.506,3.615,0.01,0.93,4.54,4,0.81,0.49,2.675,4.0,0.45,CT on D,0.3,
feature_2 > -1.712 AND feature_0 <= 1.669 AND feature_0 > -0.11 AND feature_1 > 0.463 AND feature_1 <= 1.923 AND feature_7 > 1.051,3.244,0.02,0.67,3.91,6,0.73,0.44,1.948,4.0,0.33,CT on D,0.3,
feature_2 > -1.712 AND feature_0 > 1.669,2.827,0.05,1.47,4.3,2,0.63,0.4,2.861,2.0,0.5,CT on D,0.3,
feature_0 > 0.476 AND feature_1 > 1.578,4.406,0.02,1.97,6.38,2,1.0,0.61,3.304,2.0,0.61,CT on P,0.3,
feature_0 > 0.476 AND feature_1 <= 1.578 AND feature_0 > 1.756,3.23,0.03,0.64,3.87,3,0.73,0.45,2.867,2.0,0.53,CT on P,0.3,
feature_0 <= 0.476 AND feature_1 > 0.492 AND feature_4 <= -0.4 AND feature_3 <= -0.594 AND feature_6 > 0.133,3.145,0.02,-1.15,1.99,5,0.71,0.44,0.809,5.0,0.15,CT on P,0.3,
feature_0 > 0.476,1.873,0.32,0.76,2.64,1,0.43,0.38,1.953,1.0,0.48,CT on P,0.3,
feature_0 > 0.476 AND feature_1 <= 1.578 AND feature_0 <= 1.756 AND feature_4 > -1.357 AND feature_1 > -0.641 AND feature_4 > 0.413,2.544,0.07,0.69,3.24,6,0.58,0.37,1.909,3.0,0.37,CT on P,0.3,
feature_0 <= 0.221 AND feature_1 > 0.321 AND feature_8 <= -1.323 AND feature_2 > 1.242,39.709,0.0,,,4,1.0,0.6,0.424,4.0,0.27,CF,0.3,8.95
feature_0 > -1.505 AND feature_0 <= 0.791 AND feature_2 <= 1.621 AND feature_3 <= 0.381,0.735,0.61,,,4,0.02,0.26,0.583,3.0,0.61,CF,0.3,8.95
feature_0 > -1.505,1.124,0.53,,,1,0.03,0.23,0.948,1.0,0.81,CF,0.3,8.95
feature_0 > -1.595,0.834,0.54,,,1,0.02,0.23,0.931,1.0,0.81,CF,0.3,8.95
feature_0 <= 1.636,0.745,0.54,,,1,0.02,0.23,0.703,1.0,0.66,CF,0.3,8.95
feature_0 > -0.206 AND feature_1 > 0.523 AND feature_0 > 0.644 AND feature_1 > 1.579,2.735,0.02,,,4,1.0,0.61,3.417,2.0,0.61,CF SingleTree,0.3,0.71
feature_0 > -0.206 AND feature_1 > 0.523 AND feature_0 > 0.644,2.229,0.08,,,3,0.81,0.52,2.717,2.0,0.51,CF SingleTree,0.3,0.71
feature_0 > -0.206 AND feature_1 > 0.523 AND feature_0 > 0.644 AND feature_1 <= 1.579,2.113,0.07,,,4,0.77,0.49,2.556,2.0,0.48,CF SingleTree,0.3,0.71
feature_0 > -0.206 AND feature_1 > 0.523,1.856,0.16,,,2,0.68,0.47,2.139,2.0,0.44,CF SingleTree,0.3,0.71
feature_0 > -0.206,1.263,0.39,,,1,0.46,0.43,1.488,1.0,0.42,CF SingleTree,0.3,0.71
feature_1 > -1.131 AND feature_0 > 0.426 AND feature_1 > 0.954 AND feature_8 > 0.326 AND feature_3 <= 0.003,4.203,0.01,0.36,4.56,5,1.0,0.6,2.833,4.0,0.6,CT on D,0.3,
feature_1 > -1.131 AND feature_0 > 0.426 AND feature_1 > 0.954 AND feature_8 <= 0.326 AND feature_8 <= -0.991,3.952,0.01,1.05,5.0,5,0.94,0.57,2.842,3.0,0.6,CT on D,0.3,
feature_1 > -1.131 AND feature_0 > 0.426 AND feature_1 <= 0.954 AND feature_0 > 1.069 AND feature_7 <= -0.694 AND feature_9 <= -0.017,3.883,0.01,0.24,4.13,6,0.92,0.56,2.326,4.0,0.49,CT on D,0.3,
feature_1 > -1.131 AND feature_0 > 0.426 AND feature_1 > 0.954 AND feature_8 > 0.326,3.836,0.02,0.98,4.82,4,0.91,0.56,2.856,3.0,0.61,CT on D,0.3,
feature_1 > -1.131 AND feature_0 > 0.426 AND feature_1 <= 0.954 AND feature_0 > 1.069 AND feature_7 > -0.694 AND feature_9 > 1.038,3.551,0.01,0.1,3.65,6,0.84,0.51,2.208,4.0,0.47,CT on D,0.3,
feature_2 <= 0.812 AND feature_0 > 1.188 AND feature_1 > 1.124,4.321,0.01,1.21,5.53,3,1.0,0.6,3.496,3.0,0.6,CT on P,0.3,
feature_2 <= 0.812 AND feature_0 <= 1.188 AND feature_1 > -0.093 AND feature_0 > 0.394 AND feature_1 > 0.991 AND feature_9 > 0.337,4.27,0.01,0.25,4.52,6,0.99,0.6,2.412,4.0,0.42,CT on P,0.3,
feature_2 <= 0.812,0.874,0.94,0.75,1.62,1,0.2,0.5,0.777,1.0,0.51,CT on P,0.3,
feature_2 <= 0.812 AND feature_0 > 1.188 AND feature_1 <= 1.124 AND feature_6 <= 0.762 AND feature_7 <= -0.493,3.425,0.02,0.19,3.61,5,0.79,0.48,2.309,5.0,0.4,CT on P,0.3,
feature_2 <= 0.812 AND feature_0 > 1.188 AND feature_1 <= 1.124 AND feature_6 > 0.762,3.419,0.02,0.45,3.87,4,0.79,0.48,2.322,4.0,0.41,CT on P,0.3,
feature_0 > 1.452 AND feature_1 > 0.584 AND feature_9 > -0.485 AND feature_7 <= -0.728,8.908,0.0,,,4,1.0,0.6,3.573,4.0,0.6,CF,0.3,9.48
feature_0 > 1.452 AND feature_1 > 0.584 AND feature_9 <= -0.485 AND feature_0 <= 1.78,8.231,0.0,,,4,0.92,0.55,3.028,3.0,0.51,CF,0.3,9.48
feature_0 > 0.525 AND feature_1 > 1.193 AND feature_4 <= -1.05 AND feature_7 > 0.615,8.021,0.0,,,4,0.9,0.54,2.952,4.0,0.5,CF,0.3,9.48
feature_0 > 0.434 AND feature_1 > 1.31 AND feature_3 > -0.047 AND feature_5 <= -0.565,7.525,0.0,,,4,0.84,0.51,3.259,4.0,0.55,CF,0.3,9.48
feature_0 > 0.571 AND feature_1 > 1.56 AND feature_1 > 1.94 AND feature_6 <= -0.104,7.349,0.0,,,4,0.82,0.49,3.507,3.0,0.59,CF,0.3,9.48
feature_0 > 0.394 AND feature_1 > 0.714 AND feature_0 > 0.767 AND feature_1 > 1.049,2.564,0.03,,,4,1.0,0.61,3.114,2.0,0.61,CF SingleTree,0.3,0.72
feature_0 > 0.394 AND feature_1 > 0.714 AND feature_0 > 0.767,2.427,0.05,,,3,0.95,0.59,2.902,2.0,0.58,CF SingleTree,0.3,0.72
feature_0 > 0.394 AND feature_1 > 0.714,2.217,0.08,,,2,0.86,0.55,2.626,2.0,0.54,CF SingleTree,0.3,0.72
feature_0 > 0.394,1.713,0.32,,,1,0.67,0.53,1.848,1.0,0.48,CF SingleTree,0.3,0.72
feature_0 > 0.394 AND feature_1 > 0.714 AND feature_0 > 0.767 AND feature_1 <= 1.049,2.185,0.02,,,4,0.85,0.52,2.532,2.0,0.5,CF SingleTree,0.3,0.72
feature_2 <= 1.891 AND feature_0 > -0.457 AND feature_0 > 1.197 AND feature_1 > 0.184 AND feature_3 <= -0.274,3.999,0.03,0.59,4.59,5,1.0,0.61,2.981,4.0,0.61,CT on D,0.3,
feature_2 <= 1.891 AND feature_0 > -0.457 AND feature_0 > 1.197 AND feature_1 > 0.184 AND feature_3 > -0.274 AND feature_8 <= -0.131,3.73,0.0,1.68,5.41,6,0.93,0.56,2.981,5.0,0.6,CT on D,0.3,
feature_2 <= 1.891 AND feature_0 > -0.457 AND feature_0 > 1.197 AND feature_1 <= 0.184 AND feature_4 <= -0.179 AND feature_4 > -0.735,3.499,0.01,-0.68,2.82,6,0.87,0.53,2.141,4.0,0.43,CT on D,0.3,
feature_2 <= 1.891 AND feature_0 > -0.457 AND feature_0 <= 1.197 AND feature_1 > 0.629 AND feature_1 > 1.443 AND feature_5 > -0.379,3.341,0.02,1.32,4.66,6,0.84,0.51,2.317,4.0,0.47,CT on D,0.3,
feature_2 <= 1.891 AND feature_0 > -0.457 AND feature_0 > 1.197 AND feature_1 > 0.184,3.254,0.04,1.65,4.9,4,0.81,0.5,2.985,3.0,0.62,CT on D,0.3,
feature_8 > -1.816 AND feature_0 > 0.592 AND feature_1 <= 0.198 AND feature_6 > 1.097,4.021,0.02,-0.9,3.12,4,1.0,0.61,1.686,4.0,0.35,CT on P,0.3,
feature_8 > -1.816 AND feature_0 > 0.592 AND feature_1 > 0.198 AND feature_4 > -0.537 AND feature_3 <= -0.245 AND feature_0 > 1.18,4.015,0.02,0.58,4.6,6,1.0,0.61,2.967,5.0,0.61,CT on P,0.3,
feature_8 > -1.816 AND feature_0 > 0.592 AND feature_1 > 0.198 AND feature_4 <= -0.537,3.83,0.04,0.38,4.21,4,0.95,0.59,2.515,4.0,0.52,CT on P,0.3,
feature_8 > -1.816,0.769,0.97,0.58,1.35,1,0.19,0.5,0.803,1.0,0.55,CT on P,0.3,
feature_8 > -1.816 AND feature_0 > 0.592 AND feature_1 > 0.198,2.988,0.12,0.8,3.79,3,0.74,0.49,2.504,3.0,0.55,CT on P,0.3,
feature_0 <= 0.348 AND feature_2 > 0.643 AND feature_1 <= -1.482 AND feature_9 <= -1.041,27.98,0.0,,,4,1.0,0.6,0.416,4.0,0.11,CF,0.3,9.33
feature_0 > -0.589 AND feature_4 > 1.608 AND feature_1 > 0.972 AND feature_3 > -0.26,17.826,0.0,,,4,0.64,0.38,2.224,4.0,0.6,CF,0.3,9.33
feature_0 <= 1.307,0.934,0.51,,,1,0.03,0.22,0.618,1.0,0.37,CF,0.3,9.33
feature_0 > -1.182,1.04,0.5,,,1,0.04,0.22,1.032,1.0,0.48,CF,0.3,9.33
feature_0 <= 1.135,0.866,0.5,,,1,0.03,0.22,0.566,1.0,0.35,CF,0.3,9.33
feature_0 > -0.522 AND feature_0 > 1.093 AND feature_1 > -0.016 AND feature_0 > 1.275,2.409,0.05,,,4,1.0,0.62,2.959,2.0,0.62,CF SingleTree,0.3,0.72
feature_0 > -0.522 AND feature_0 > 1.093 AND feature_1 > -0.016,2.297,0.06,,,3,0.95,0.6,2.822,2.0,0.6,CF SingleTree,0.3,0.72
feature_0 > -0.522 AND feature_0 > 1.093,1.994,0.12,,,2,0.83,0.54,2.437,1.0,0.54,CF SingleTree,0.3,0.72
feature_0 > -0.522,1.312,0.43,,,1,0.54,0.5,1.315,1.0,0.44,CF SingleTree,0.3,0.72
feature_0 > -0.522 AND feature_0 > 1.093 AND feature_1 > -0.016 AND feature_0 <= 1.275,1.965,0.02,,,4,0.82,0.5,2.414,2.0,0.5,CF SingleTree,0.3,0.72
feature_5 <= 2.263 AND feature_0 > 0.077 AND feature_1 <= 0.713 AND feature_0 > 1.363 AND feature_0 > 1.906 AND feature_6 <= 0.146,4.504,0.01,0.4,4.9,6,1.0,0.6,2.865,4.0,0.6,CT on D,0.3,
feature_5 <= 2.263 AND feature_0 > 0.077 AND feature_1 > 0.713 AND feature_0 > 0.232 AND feature_8 <= -0.753 AND feature_9 <= 0.092,4.096,0.01,1.07,5.16,6,0.91,0.55,2.438,5.0,0.51,CT on D,0.3,
feature_5 <= 2.263 AND feature_0 > 0.077 AND feature_1 <= 0.713 AND feature_0 > 1.363 AND feature_0 > 1.906,3.516,0.02,0.75,4.27,5,0.78,0.48,2.85,3.0,0.6,CT on D,0.3,
feature_5 <= 2.263 AND feature_0 > 0.077 AND feature_1 > 0.713 AND feature_0 > 0.232 AND feature_8 <= -0.753,3.483,0.02,0.95,4.43,5,0.77,0.47,2.441,4.0,0.52,CT on D,0.3,
feature_5 <= 2.263 AND feature_0 <= 0.077 AND feature_1 > 1.504 AND feature_6 > 0.079,3.448,0.02,0.65,4.1,4,0.77,0.47,1.406,4.0,0.3,CT on D,0.3,
feature_4 > -1.408 AND feature_0 > 0.038 AND feature_1 > -0.082 AND feature_0 > 1.758,3.949,0.02,1.63,5.58,4,1.0,0.61,3.34,3.0,0.61,CT on P,0.3,
feature_4 > -1.408 AND feature_0 > 0.038 AND feature_1 > -0.082 AND feature_0 <= 1.758 AND feature_1 > 0.819 AND feature_6 <= -0.895,3.669,0.02,1.17,4.84,6,0.93,0.57,2.327,4.0,0.43,CT on P,0.3,
feature_4 > -1.408,0.814,0.92,1.07,1.89,1,0.21,0.49,0.815,1.0,0.51,CT on P,0.3,
feature_4 > -1.408 AND feature_0 > 0.038 AND feature_1 <= -0.082 AND feature_0 > 1.737,2.807,0.02,0.57,3.38,4,0.71,0.43,2.521,3.0,0.46,CT on P,0.3,
feature_4 > -1.408 AND feature_0 > 0.038 AND feature_1 > -0.082 AND feature_0 <= 1.758 AND feature_1 > 0.819,2.579,0.09,1.52,4.1,5,0.65,0.43,2.305,3.0,0.45,CT on P,0.3,
feature_0 > 0.322 AND feature_0 > 2.024 AND feature_7 > 0.538 AND feature_4 <= -0.213,46.582,0.0,,,4,1.0,0.6,3.324,3.0,0.6,CF,0.3,10.02
feature_0 <= 1.473,0.663,0.82,,,1,0.01,0.34,0.674,1.0,0.45,CF,0.3,10.02
feature_0 > -1.287,1.031,0.8,,,1,0.02,0.33,1.001,1.0,0.5,CF,0.3,10.02
feature_0 > -1.142,1.213,0.78,,,1,0.03,0.33,1.042,1.0,0.5,CF,0.3,10.02
feature_0 <= 1.226,0.697,0.79,,,1,0.01,0.32,0.605,1.0,0.43,CF,0.3,10.02
feature_0 > 0.443 AND feature_1 > 0.843 AND feature_0 > 0.905 AND feature_0 > 1.44,2.835,0.02,,,4,1.0,0.61,3.47,2.0,0.61,CF SingleTree,0.3,0.71
feature_0 > 0.443 AND feature_1 > 0.843 AND feature_0 > 0.905,2.679,0.04,,,3,0.94,0.58,3.051,2.0,0.54,CF SingleTree,0.3,0.71
feature_0 > 0.443 AND feature_1 > 0.843 AND feature_0 > 0.905 AND feature_0 <= 1.44,2.559,0.02,,,4,0.9,0.55,2.726,2.0,0.48,CF SingleTree,0.3,0.71
feature_0 > 0.443 AND feature_1 > 0.843,2.382,0.07,,,2,0.84,0.53,2.728,2.0,0.5,CF SingleTree,0.3,0.71
feature_0 > 0.443,1.682,0.32,,,1,0.59,0.48,1.9,1.0,0.46,CF SingleTree,0.3,0.71
feature_0 > -1.423 AND feature_0 > 0.864 AND feature_0 > 1.698 AND feature_3 > -0.331 AND feature_9 > -0.069,4.39,0.01,0.96,5.35,5,1.0,0.6,3.034,3.0,0.6,CT on D,0.3,
feature_0 > -1.423 AND feature_0 > 0.864 AND feature_0 > 1.698 AND feature_3 > -0.331,3.562,0.03,1.52,5.08,4,0.81,0.5,2.975,2.0,0.6,CT on D,0.3,
feature_0 > -1.423 AND feature_0 > 0.864 AND feature_0 <= 1.698 AND feature_0 <= 0.908,3.492,0.01,0.25,3.74,4,0.8,0.48,1.703,1.0,0.34,CT on D,0.3,
feature_0 > -1.423 AND feature_0 > 0.864 AND feature_0 <= 1.698 AND feature_0 > 0.908 AND feature_1 > 0.625 AND feature_5 <= 0.372,3.259,0.03,1.62,4.88,6,0.74,0.46,2.751,3.0,0.56,CT on D,0.3,
feature_0 <= -1.423 AND feature_8 > -1.009 AND feature_1 <= 0.915 AND feature_9 > -0.124 AND feature_1 <= -0.384,3.312,0.01,2.41,-0.9,5,0.75,0.46,1.538,4.0,0.31,CT on D,0.3,
feature_9 > -2.206 AND feature_0 > -0.534 AND feature_0 > 1.464 AND feature_9 > -0.024 AND feature_9 <= 0.711,4.048,0.02,0.97,5.02,5,1.0,0.61,2.813,2.0,0.61,CT on P,0.3,
feature_9 > -2.206 AND feature_0 > -0.534 AND feature_0 > 1.464 AND feature_9 > -0.024,3.659,0.03,1.21,4.87,4,0.9,0.55,2.787,2.0,0.61,CT on P,0.3,
feature_9 > -2.206,0.833,0.98,1.29,2.12,1,0.21,0.52,0.815,1.0,0.57,CT on P,0.3,
feature_9 > -2.206 AND feature_0 > -0.534 AND feature_0 > 1.464 AND feature_9 > -0.024 AND feature_9 > 0.711,3.205,0.02,1.5,4.71,5,0.79,0.48,2.759,2.0,0.6,CT on P,0.3,
feature_9 > -2.206 AND feature_0 > -0.534,1.367,0.7,1.19,2.56,2,0.34,0.48,1.308,2.0,0.56,CT on P,0.3,
feature_0 > -0.337 AND feature_1 <= 0.444 AND feature_0 > 1.503 AND feature_8 > 0.865,12.566,0.01,,,4,1.0,0.6,2.431,3.0,0.52,CF,0.3,8.66
feature_0 > 0.19 AND feature_0 > 1.494 AND feature_4 <= -0.942 AND feature_6 > 0.527,8.741,0.0,,,4,0.7,0.42,2.836,3.0,0.6,CF,0.3,8.66
feature_0 > 0.144 AND feature_1 <= 0.715 AND feature_3 <= -1.63 AND feature_7 <= -1.084,7.802,0.0,,,4,0.62,0.37,1.365,4.0,0.29,CF,0.3,8.66
feature_0 > -1.421,1.142,0.66,,,1,0.09,0.32,0.97,1.0,0.47,CF,0.3,8.66
feature_0 > -1.425,1.067,0.66,,,1,0.08,0.31,0.968,1.0,0.47,CF,0.3,8.66
feature_0 > 0.201 AND feature_0 > 0.863 AND feature_0 > 1.379 AND feature_1 > -0.055,2.356,0.04,,,4,1.0,0.62,2.994,2.0,0.62,CF SingleTree,0.3,0.72
feature_0 > 0.201 AND feature_0 > 0.863 AND feature_0 > 1.379,2.214,0.08,,,3,0.94,0.6,2.671,1.0,0.57,CF SingleTree,0.3,0.72
feature_0 > 0.201 AND feature_0 > 0.863,2.008,0.18,,,2,0.85,0.58,2.23,1.0,0.52,CF SingleTree,0.3,0.72
feature_0 > 0.201,1.557,0.37,,,1,0.66,0.54,1.726,1.0,0.49,CF SingleTree,0.3,0.72
feature_0 > 0.201 AND feature_0 > 0.863 AND feature_0 <= 1.379 AND feature_1 > 0.297,2.04,0.04,,,4,0.87,0.54,2.447,2.0,0.51,CF SingleTree,0.3,0.72
feature_2 > -1.159 AND feature_0 > -0.089 AND feature_0 > 0.846 AND feature_1 > 0.214 AND feature_7 <= -0.245 AND feature_7 > -0.637,4.956,0.01,-0.04,4.92,6,1.0,0.6,2.654,4.0,0.6,CT on D,0.4,
feature_2 > -1.159,0.873,0.94,0.98,1.85,1,0.18,0.48,0.796,1.0,0.56,CT on D,0.4,
feature_2 > -1.159 AND feature_0 > -0.089 AND feature_0 > 0.846 AND feature_1 > 0.214 AND feature_7 <= -0.245,3.845,0.04,0.88,4.72,5,0.78,0.48,2.654,4.0,0.62,CT on D,0.4,
feature_2 <= -1.159 AND feature_0 > 0.499 AND feature_1 > 0.492,3.664,0.0,0.99,4.65,3,0.74,0.44,2.623,3.0,0.59,CT on D,0.4,
feature_2 > -1.159 AND feature_0 > -0.089 AND feature_0 <= 0.846 AND feature_1 > 1.369 AND feature_3 <= -0.439,3.521,0.01,1.04,4.56,5,0.71,0.43,2.304,4.0,0.52,CT on D,0.4,
feature_0 <= 2.171 AND feature_0 > 0.002 AND feature_0 > 1.275 AND feature_1 > -0.678 AND feature_7 <= 0.261 AND feature_1 > 0.201,3.913,0.02,1.07,4.99,6,1.0,0.61,2.885,3.0,0.54,CT on P,0.4,
feature_0 <= 2.171 AND feature_0 > 0.002 AND feature_0 > 1.275 AND feature_1 > -0.678 AND feature_7 <= 0.261,3.481,0.04,0.77,4.25,5,0.89,0.55,2.583,3.0,0.49,CT on P,0.4,
feature_0 <= 2.171,0.857,0.99,0.99,1.85,1,0.22,0.53,0.762,1.0,0.54,CT on P,0.4,
feature_0 <= 2.171 AND feature_0 > 0.002 AND feature_0 > 1.275 AND feature_1 > -0.678,2.992,0.06,1.02,4.01,4,0.76,0.48,2.574,2.0,0.5,CT on P,0.4,
feature_0 > 2.171,3.049,0.01,1.63,4.68,1,0.78,0.47,3.275,1.0,0.6,CT on P,0.4,
feature_0 <= -0.02 AND feature_1 > 1.647 AND feature_4 <= -0.55 AND feature_9 > -0.299,20.29,0.0,,,4,1.0,0.6,1.479,4.0,0.6,CF,0.4,9.51
feature_0 <= 1.287,0.881,0.76,,,1,0.04,0.33,0.609,1.0,0.55,CF,0.4,9.51
feature_1 <= 1.094,0.76,0.73,,,1,0.04,0.31,0.643,1.0,0.55,CF,0.4,9.51
feature_0 > -0.95,1.053,0.7,,,1,0.05,0.31,1.107,1.0,0.73,CF,0.4,9.51
feature_0 > -0.909,1.041,0.69,,,1,0.05,0.31,1.125,1.0,0.73,CF,0.4,9.51
feature_0 > 0.188 AND feature_0 > 0.771 AND feature_1 > 0.955 AND feature_1 > 1.405,2.725,0.01,,,4,1.0,0.6,3.254,2.0,0.6,CF SingleTree,0.4,0.71
feature_0 > 0.188 AND feature_0 > 0.771 AND feature_1 > 0.955,2.55,0.04,,,3,0.94,0.58,2.945,2.0,0.56,CF SingleTree,0.4,0.71
feature_0 > 0.188 AND feature_0 > 0.771 AND feature_1 > 0.955 AND feature_1 <= 1.405,2.415,0.02,,,4,0.89,0.54,2.705,2.0,0.51,CF SingleTree,0.4,0.71
feature_0 > 0.188,1.647,0.38,,,1,0.6,0.51,1.723,1.0,0.47,CF SingleTree,0.4,0.71
feature_0 > 0.188 AND feature_0 > 0.771,1.95,0.21,,,2,0.72,0.51,2.147,1.0,0.48,CF SingleTree,0.4,0.71
feature_8 <= 0.311 AND feature_0 <= 2.014 AND feature_0 > -0.368 AND feature_1 > 0.5 AND feature_5 > 0.379 AND feature_0 > 0.691,3.998,0.02,1.25,5.25,6,1.0,0.61,2.597,4.0,0.49,CT on D,0.4,
feature_8 > 0.311 AND feature_2 <= 0.484 AND feature_3 <= 0.576 AND feature_4 > -1.572 AND feature_0 > -0.122 AND feature_1 > 1.181,3.51,0.01,0.73,4.24,6,0.88,0.53,2.531,6.0,0.48,CT on D,0.4,
feature_8 <= 0.311 AND feature_0 <= 2.014 AND feature_0 > -0.368 AND feature_1 > 0.5 AND feature_5 > 0.379,3.089,0.04,0.82,3.91,5,0.77,0.48,1.982,4.0,0.39,CT on D,0.4,
feature_8 <= 0.311 AND feature_0 <= 2.014 AND feature_0 > -0.368 AND feature_1 > 0.5 AND feature_5 <= 0.379 AND feature_5 <= -0.867,3.077,0.02,0.69,3.76,6,0.77,0.47,1.956,4.0,0.37,CT on D,0.4,
feature_8 <= 0.311 AND feature_0 > 2.014,2.922,0.01,1.5,4.42,2,0.73,0.44,3.203,2.0,0.6,CT on D,0.4,
feature_8 <= 0.372 AND feature_0 <= 1.965 AND feature_0 > -0.417 AND feature_1 > 0.527 AND feature_9 > -0.382 AND feature_0 > 0.671,3.652,0.03,0.95,4.6,6,1.0,0.61,2.567,4.0,0.5,CT on P,0.4,
feature_8 <= 0.372 AND feature_0 <= 1.965 AND feature_0 > -0.417 AND feature_1 > 0.527 AND feature_9 > -0.382,2.956,0.08,0.77,3.72,5,0.81,0.52,1.949,4.0,0.4,CT on P,0.4,
feature_8 <= 0.372 AND feature_0 > 1.965,3.092,0.02,1.51,4.6,2,0.85,0.52,3.138,2.0,0.61,CT on P,0.4,
feature_8 <= 0.372 AND feature_0 <= 1.965 AND feature_0 > -0.417 AND feature_1 > 0.527,2.646,0.13,0.99,3.63,4,0.72,0.49,1.955,3.0,0.43,CT on P,0.4,
feature_8 <= 0.372 AND feature_0 <= 1.965 AND feature_0 > -0.417 AND feature_1 > 0.527 AND feature_9 > -0.382 AND feature_0 <= 0.671,2.564,0.05,0.67,3.23,6,0.7,0.44,1.593,4.0,0.32,CT on P,0.4,
feature_0 <= 0.665 AND feature_4 > 0.958 AND feature_3 <= -0.507 AND feature_1 > 1.494,59.459,0.0,,,4,1.0,0.6,1.612,4.0,0.6,CF,0.4,7.96
feature_1 > -1.373,0.889,0.81,,,1,0.01,0.33,0.885,1.0,0.65,CF,0.4,7.96
feature_0 > -1.131,1.141,0.78,,,1,0.02,0.32,1.066,1.0,0.71,CF,0.4,7.96
feature_0 > -1.016,1.075,0.76,,,1,0.02,0.31,1.109,1.0,0.72,CF,0.4,7.96
feature_0 > -0.971,1.281,0.75,,,1,0.02,0.31,1.126,1.0,0.72,CF,0.4,7.96
feature_0 > -0.291 AND feature_0 > 0.394 AND feature_1 > 0.468 AND feature_1 > 1.095,2.167,0.05,,,4,1.0,0.62,2.866,2.0,0.62,CF SingleTree,0.4,0.73
feature_0 > -0.291,1.373,0.57,,,1,0.63,0.61,1.454,1.0,0.53,CF SingleTree,0.4,0.73
feature_0 > -0.291 AND feature_0 > 0.394 AND feature_1 > 0.468,2.012,0.12,,,3,0.93,0.61,2.467,2.0,0.56,CF SingleTree,0.4,0.73
feature_0 > -0.291 AND feature_0 > 0.394,1.632,0.34,,,2,0.75,0.59,1.865,1.0,0.53,CF SingleTree,0.4,0.73
feature_0 > -0.291 AND feature_0 > 0.394 AND feature_1 > 0.468 AND feature_1 <= 1.095,1.9,0.07,,,4,0.88,0.55,2.179,2.0,0.48,CF SingleTree,0.4,0.73
feature_3 > -0.969 AND feature_0 > 0.15 AND feature_0 <= 1.816 AND feature_1 <= -0.273 AND feature_6 <= -0.888 AND feature_4 > 0.233,3.311,0.02,0.1,3.41,6,1.0,0.61,1.165,5.0,0.27,CT on D,0.4,
feature_3 > -0.969 AND feature_0 > 0.15 AND feature_0 > 1.816 AND feature_0 <= 2.025,3.186,0.01,0.95,4.13,4,0.96,0.58,2.702,2.0,0.6,CT on D,0.4,
feature_3 > -0.969 AND feature_0 <= 0.15 AND feature_0 <= -0.657 AND feature_0 <= -1.838 AND feature_1 <= 0.257,3.027,0.02,2.65,-0.37,5,0.91,0.56,1.814,3.0,0.41,CT on D,0.4,
feature_3 > -0.969 AND feature_0 > 0.15 AND feature_0 <= 1.816 AND feature_1 > -0.273 AND feature_9 <= -1.35,3.01,0.02,0.16,3.17,5,0.91,0.55,1.839,4.0,0.42,CT on D,0.4,
feature_3 <= -0.969 AND feature_8 > -0.584 AND feature_3 > -1.83 AND feature_0 > 1.134,2.939,0.01,0.4,3.34,4,0.89,0.54,2.458,3.0,0.55,CT on D,0.4,
feature_7 <= 1.107 AND feature_0 > 0.12 AND feature_0 > 0.985 AND feature_3 <= 1.007 AND feature_5 <= -0.892,3.646,0.02,0.74,4.39,5,1.0,0.61,2.385,4.0,0.61,CT on P,0.4,
feature_7 <= 1.107 AND feature_0 > 0.12 AND feature_0 <= 0.985 AND feature_1 > -0.687 AND feature_9 <= -1.239,3.101,0.02,0.42,3.53,5,0.85,0.52,1.533,4.0,0.39,CT on P,0.4,
feature_7 <= 1.107 AND feature_0 > 0.12 AND feature_0 > 0.985 AND feature_3 <= 1.007,2.564,0.12,1.15,3.71,4,0.7,0.47,2.339,3.0,0.64,CT on P,0.4,
feature_7 <= 1.107 AND feature_0 > 0.12 AND feature_0 > 0.985 AND feature_3 <= 1.007 AND feature_5 > -0.892 AND feature_1 <= 0.064,2.726,0.05,0.55,3.27,6,0.75,0.47,1.961,5.0,0.51,CT on P,0.4,
feature_7 <= 1.107,0.714,0.86,1.42,2.13,1,0.2,0.46,0.803,1.0,0.55,CT on P,0.4,
feature_0 > 0.823 AND feature_1 > 1.489 AND feature_9 <= -0.382,70.07,0.0,,,3,1.0,0.6,3.493,3.0,0.6,CF,0.4,9.61
feature_1 <= 1.385,0.667,0.5,,,1,0.01,0.21,0.689,1.0,0.32,CF,0.4,9.61
feature_0 > -1.121,1.11,0.48,,,1,0.02,0.2,1.053,1.0,0.37,CF,0.4,9.61
feature_0 > -1.024,1.106,0.48,,,1,0.02,0.2,1.087,1.0,0.38,CF,0.4,9.61
feature_0 > -1.036,1.08,0.48,,,1,0.02,0.2,1.083,1.0,0.38,CF,0.4,9.61
feature_0 > -0.05 AND feature_0 > 0.821 AND feature_1 > 1.302 AND feature_1 > 1.513,2.323,0.01,,,4,1.0,0.6,3.489,2.0,0.6,CF SingleTree,0.4,0.75
feature_0 > -0.05 AND feature_0 > 0.821 AND feature_1 > 1.302,2.196,0.02,,,3,0.95,0.58,3.356,2.0,0.59,CF SingleTree,0.4,0.75
feature_0 > -0.05 AND feature_0 > 0.821 AND feature_1 > 1.302 AND feature_1 <= 1.513,1.97,0.01,,,4,0.85,0.51,3.125,2.0,0.54,CF SingleTree,0.4,0.75
feature_0 > -0.05 AND feature_0 > 0.821,1.663,0.17,,,2,0.72,0.5,2.209,1.0,0.45,CF SingleTree,0.4,0.75
feature_0 > -0.05 AND feature_0 > 0.821 AND feature_1 <= 1.302 AND feature_0 > 1.35,1.735,0.08,,,4,0.75,0.48,2.497,2.0,0.46,CF SingleTree,0.4,0.75
feature_4 > -1.673 AND feature_0 > 1.49 AND feature_1 > -1.049 AND feature_1 > 0.543 AND feature_8 <= 0.208,4.493,0.01,1.61,6.1,5,1.0,0.6,3.475,4.0,0.6,CT on D,0.4,
feature_4 > -1.673 AND feature_0 > 1.49 AND feature_1 > -1.049 AND feature_1 > 0.543,4.079,0.02,1.65,5.73,4,0.91,0.55,3.389,3.0,0.59,CT on D,0.4,
feature_4 > -1.673 AND feature_0 > 1.49 AND feature_1 > -1.049 AND feature_1 > 0.543 AND feature_8 > 0.208,3.666,0.01,1.69,5.35,5,0.82,0.49,3.302,4.0,0.57,CT on D,0.4,
feature_4 > -1.673 AND feature_0 > 1.49 AND feature_1 > -1.049 AND feature_1 <= 0.543 AND feature_2 > -0.674 AND feature_8 > -0.435,3.565,0.01,0.53,4.1,6,0.79,0.48,2.486,5.0,0.43,CT on D,0.4,
feature_4 > -1.673 AND feature_0 > 1.49 AND feature_1 > -1.049,3.198,0.05,1.17,4.37,3,0.71,0.45,2.813,3.0,0.51,CT on D,0.4,
feature_9 > -1.975 AND feature_0 > 0.29 AND feature_0 > 1.494 AND feature_8 > -0.43 AND feature_2 > -0.161,4.436,0.02,0.41,4.85,5,1.0,0.61,2.701,4.0,0.61,CT on P,0.4,
feature_9 > -1.975,0.863,0.98,0.77,1.63,1,0.19,0.51,0.816,1.0,0.57,CT on P,0.4,
feature_9 > -1.975 AND feature_0 > 0.29 AND feature_0 > 1.494 AND feature_8 > -0.43,3.37,0.04,0.69,4.06,4,0.76,0.47,2.701,3.0,0.61,CT on P,0.4,
feature_9 > -1.975 AND feature_0 > 0.29 AND feature_0 <= 1.494 AND feature_2 <= -0.446 AND feature_1 > -0.669 AND feature_7 <= -0.582,3.365,0.03,0.08,3.44,6,0.76,0.47,1.852,5.0,0.42,CT on P,0.4,
feature_9 > -1.975 AND feature_0 > 0.29 AND feature_0 > 1.494,2.961,0.07,0.95,3.91,3,0.67,0.43,2.709,2.0,0.63,CT on P,0.4,
feature_0 > -0.06 AND feature_1 > 1.025 AND feature_2 > 1.434 AND feature_9 > 0.174,45.946,0.0,,,4,1.0,0.6,2.448,4.0,0.6,CF,0.4,8.98
feature_0 > -1.258,1.148,0.69,,,1,0.02,0.29,1.013,1.0,0.52,CF,0.4,8.98
feature_0 > -1.288,1.065,0.69,,,1,0.02,0.29,1.004,1.0,0.52,CF,0.4,8.98
feature_0 > -1.077,1.092,0.67,,,1,0.02,0.28,1.074,1.0,0.53,CF,0.4,8.98
feature_0 > -0.927,1.207,0.65,,,1,0.03,0.28,1.129,1.0,0.54,CF,0.4,8.98
feature_0 > -0.132 AND feature_0 > 0.76 AND feature_1 > 0.655 AND feature_0 > 1.335,2.526,0.02,,,4,1.0,0.61,3.328,2.0,0.61,CF SingleTree,0.4,0.76
feature_0 > -0.132 AND feature_0 > 0.76 AND feature_1 > 0.655,2.356,0.05,,,3,0.93,0.58,2.882,2.0,0.54,CF SingleTree,0.4,0.76
feature_0 > -0.132 AND feature_0 > 0.76 AND feature_1 > 0.655 AND feature_0 <= 1.335,2.231,0.03,,,4,0.88,0.54,2.552,2.0,0.47,CF SingleTree,0.4,0.76
feature_0 > -0.132,1.413,0.47,,,1,0.56,0.52,1.54,1.0,0.47,CF SingleTree,0.4,0.76
feature_0 > -0.132 AND feature_0 > 0.76,1.833,0.2,,,2,0.73,0.52,2.15,1.0,0.47,CF SingleTree,0.4,0.76
feature_8 > -1.455 AND feature_0 > 0.631 AND feature_0 > 1.178 AND feature_1 > 0.747 AND feature_9 > 0.073,4.576,0.01,1.1,5.68,5,1.0,0.6,3.156,4.0,0.58,CT on D,0.4,
feature_8 > -1.455 AND feature_0 > 0.631 AND feature_0 > 1.178 AND feature_1 <= 0.747 AND feature_0 > 2.212,4.268,0.01,0.5,4.77,5,0.93,0.56,3.084,3.0,0.57,CT on D,0.4,
feature_8 > -1.455 AND feature_0 > 0.631 AND feature_0 > 1.178 AND feature_1 > 0.747,4.012,0.03,1.5,5.52,4,0.88,0.54,3.215,3.0,0.6,CT on D,0.4,
feature_8 > -1.455 AND feature_0 > 0.631 AND feature_0 > 1.178 AND feature_1 > 0.747 AND feature_9 <= 0.073,3.562,0.01,1.82,5.39,5,0.78,0.47,3.263,4.0,0.6,CT on D,0.4,
feature_8 > -1.455 AND feature_0 > 0.631 AND feature_0 > 1.178 AND feature_1 <= 0.747 AND feature_0 <= 2.212 AND feature_6 > 0.813,3.394,0.02,-0.25,3.15,6,0.74,0.45,2.163,4.0,0.41,CT on D,0.4,
feature_8 > -0.726 AND feature_0 > -0.477 AND feature_0 > 1.03 AND feature_0 > 1.854 AND feature_7 <= 0.001,4.718,0.01,0.33,5.04,5,1.0,0.6,3.013,3.0,0.6,CT on P,0.4,
feature_8 > -0.726 AND feature_0 > -0.477 AND feature_0 > 1.03 AND feature_0 > 1.854,4.121,0.03,0.52,4.64,4,0.87,0.54,3.008,2.0,0.61,CT on P,0.4,
feature_8 > -0.726 AND feature_0 > -0.477 AND feature_0 > 1.03 AND feature_0 <= 1.854 AND feature_2 > -0.637 AND feature_5 <= -0.901,3.846,0.01,-0.23,3.62,6,0.82,0.49,2.162,4.0,0.43,CT on P,0.4,
feature_8 > -0.726 AND feature_0 > -0.477 AND feature_0 > 1.03 AND feature_0 <= 1.854 AND feature_2 <= -0.637 AND feature_7 > -0.032,3.611,0.01,-0.46,3.15,6,0.77,0.46,2.103,4.0,0.42,CT on P,0.4,
feature_8 > -0.726 AND feature_0 > -0.477 AND feature_0 > 1.03 AND feature_0 > 1.854 AND feature_7 > 0.001,3.396,0.01,0.75,4.15,5,0.72,0.44,3.002,3.0,0.6,CT on P,0.4,
feature_0 > 0.91 AND feature_1 > 0.213 AND feature_1 <= 1.802 AND feature_6 <= -1.599,11.784,0.0,,,4,1.0,0.6,2.79,3.0,0.42,CF,0.4,8.95
feature_0 > -1.007 AND feature_1 > 1.252 AND feature_0 > 1.432 AND feature_5 <= -0.266,9.375,0.0,,,4,0.8,0.48,3.946,3.0,0.6,CF,0.4,8.95
feature_0 > 0.386 AND feature_1 > 0.483 AND feature_9 > 1.312 AND feature_1 <= 0.607,8.757,0.0,,,4,0.74,0.45,2.267,3.0,0.34,CF,0.4,8.95
feature_3 <= 1.615,0.949,0.94,,,1,0.08,0.42,0.798,1.0,0.5,CF,0.4,8.95
feature_0 > 0.964 AND feature_2 > -0.848 AND feature_0 > 1.918 AND feature_9 <= -1.252,8.184,0.0,,,4,0.69,0.42,3.231,3.0,0.49,CF,0.4,8.95
feature_0 > -0.114 AND feature_0 > 1.002 AND feature_1 > 0.488 AND feature_0 > 1.164,2.5,0.04,,,4,1.0,0.62,3.057,2.0,0.62,CF SingleTree,0.4,0.75
feature_0 > -0.114 AND feature_0 > 1.002 AND feature_1 > 0.488,2.434,0.05,,,3,0.97,0.6,2.946,2.0,0.6,CF SingleTree,0.4,0.75
feature_0 > -0.114 AND feature_0 > 1.002,2.192,0.16,,,2,0.88,0.59,2.334,1.0,0.52,CF SingleTree,0.4,0.75
feature_0 > -0.114 AND feature_0 > 1.002 AND feature_1 <= 0.488 AND feature_0 > 1.162,2.171,0.08,,,4,0.87,0.55,2.183,2.0,0.46,CF SingleTree,0.4,0.75
feature_0 > -0.114,1.424,0.51,,,1,0.57,0.55,1.533,1.0,0.5,CF SingleTree,0.4,0.75
feature_2 > -1.712 AND feature_0 > 1.669 AND feature_1 > 0.736,4.464,0.01,1.67,6.14,3,1.0,0.6,3.609,3.0,0.6,CT on D,0.4,
feature_2 > -1.712 AND feature_0 <= 1.669 AND feature_0 > -0.11 AND feature_1 > 0.463 AND feature_1 > 1.923,4.344,0.01,1.72,6.07,5,0.97,0.59,3.134,3.0,0.53,CT on D,0.4,
feature_2 > -1.712 AND feature_0 > 1.669 AND feature_1 <= 0.736 AND feature_5 > 0.506,3.615,0.01,0.93,4.54,4,0.81,0.49,2.675,4.0,0.45,CT on D,0.4,
feature_2 > -1.712 AND feature_0 <= 1.669 AND feature_0 > -0.11 AND feature_1 > 0.463 AND feature_1 <= 1.923 AND feature_7 > 1.051,3.244,0.02,0.67,3.91,6,0.73,0.44,1.948,4.0,0.33,CT on D,0.4,
feature_2 > -1.712 AND feature_0 > 1.669,2.827,0.05,1.47,4.3,2,0.63,0.4,2.861,2.0,0.5,CT on D,0.4,
feature_0 > 0.476 AND feature_1 > 1.578,4.406,0.02,1.97,6.38,2,1.0,0.61,3.304,2.0,0.61,CT on P,0.4,
feature_0 > 0.476 AND feature_1 <= 1.578 AND feature_0 > 1.756,3.23,0.03,0.64,3.87,3,0.73,0.45,2.867,2.0,0.53,CT on P,0.4,
feature_0 <= 0.476 AND feature_1 > 0.492 AND feature_4 <= -0.4 AND feature_3 <= -0.594 AND feature_6 > 0.133,3.145,0.02,-1.15,1.99,5,0.71,0.44,0.809,5.0,0.15,CT on P,0.4,
feature_0 > 0.476,1.873,0.32,0.76,2.64,1,0.43,0.38,1.953,1.0,0.48,CT on P,0.4,
feature_0 > 0.476 AND feature_1 <= 1.578 AND feature_0 <= 1.756 AND feature_4 > -1.357 AND feature_1 > -0.641 AND feature_4 > 0.413,2.544,0.07,0.69,3.24,6,0.58,0.37,1.909,3.0,0.37,CT on P,0.4,
feature_0 <= 0.221 AND feature_1 > 0.321 AND feature_8 <= -1.323 AND feature_2 > 1.242,39.709,0.0,,,4,1.0,0.6,0.424,4.0,0.27,CF,0.4,8.91
feature_0 > -1.505 AND feature_0 <= 0.791 AND feature_2 <= 1.621 AND feature_3 <= 0.381,0.735,0.61,,,4,0.02,0.26,0.583,3.0,0.61,CF,0.4,8.91
feature_0 > -1.505,1.124,0.53,,,1,0.03,0.23,0.948,1.0,0.81,CF,0.4,8.91
feature_0 > -1.595,0.834,0.54,,,1,0.02,0.23,0.931,1.0,0.81,CF,0.4,8.91
feature_0 <= 1.636,0.745,0.54,,,1,0.02,0.23,0.703,1.0,0.66,CF,0.4,8.91
feature_0 > -0.206 AND feature_1 > 0.523 AND feature_0 > 0.644 AND feature_1 > 1.579,2.735,0.02,,,4,1.0,0.61,3.417,2.0,0.61,CF SingleTree,0.4,0.77
feature_0 > -0.206 AND feature_1 > 0.523 AND feature_0 > 0.644,2.229,0.08,,,3,0.81,0.52,2.717,2.0,0.51,CF SingleTree,0.4,0.77
feature_0 > -0.206 AND feature_1 > 0.523 AND feature_0 > 0.644 AND feature_1 <= 1.579,2.113,0.07,,,4,0.77,0.49,2.556,2.0,0.48,CF SingleTree,0.4,0.77
feature_0 > -0.206 AND feature_1 > 0.523,1.856,0.16,,,2,0.68,0.47,2.139,2.0,0.44,CF SingleTree,0.4,0.77
feature_0 > -0.206,1.263,0.39,,,1,0.46,0.43,1.488,1.0,0.42,CF SingleTree,0.4,0.77
feature_1 > -1.131 AND feature_0 > 0.426 AND feature_1 > 0.954 AND feature_8 > 0.326 AND feature_3 <= 0.003,4.203,0.01,0.36,4.56,5,1.0,0.6,2.833,4.0,0.6,CT on D,0.4,
feature_1 > -1.131 AND feature_0 > 0.426 AND feature_1 > 0.954 AND feature_8 <= 0.326 AND feature_8 <= -0.991,3.952,0.01,1.05,5.0,5,0.94,0.57,2.842,3.0,0.6,CT on D,0.4,
feature_1 > -1.131 AND feature_0 > 0.426 AND feature_1 <= 0.954 AND feature_0 > 1.069 AND feature_7 <= -0.694 AND feature_9 <= -0.017,3.883,0.01,0.24,4.13,6,0.92,0.56,2.326,4.0,0.49,CT on D,0.4,
feature_1 > -1.131 AND feature_0 > 0.426 AND feature_1 > 0.954 AND feature_8 > 0.326,3.836,0.02,0.98,4.82,4,0.91,0.56,2.856,3.0,0.61,CT on D,0.4,
feature_1 > -1.131 AND feature_0 > 0.426 AND feature_1 <= 0.954 AND feature_0 > 1.069 AND feature_7 > -0.694 AND feature_9 > 1.038,3.551,0.01,0.1,3.65,6,0.84,0.51,2.208,4.0,0.47,CT on D,0.4,
feature_2 <= 0.812 AND feature_0 > 1.188 AND feature_1 > 1.124,4.321,0.01,1.21,5.53,3,1.0,0.6,3.496,3.0,0.6,CT on P,0.4,
feature_2 <= 0.812 AND feature_0 <= 1.188 AND feature_1 > -0.093 AND feature_0 > 0.394 AND feature_1 > 0.991 AND feature_9 > 0.337,4.27,0.01,0.25,4.52,6,0.99,0.6,2.412,4.0,0.42,CT on P,0.4,
feature_2 <= 0.812,0.874,0.94,0.75,1.62,1,0.2,0.5,0.777,1.0,0.51,CT on P,0.4,
feature_2 <= 0.812 AND feature_0 > 1.188 AND feature_1 <= 1.124 AND feature_6 <= 0.762 AND feature_7 <= -0.493,3.425,0.02,0.19,3.61,5,0.79,0.48,2.309,5.0,0.4,CT on P,0.4,
feature_2 <= 0.812 AND feature_0 > 1.188 AND feature_1 <= 1.124 AND feature_6 > 0.762,3.419,0.02,0.45,3.87,4,0.79,0.48,2.322,4.0,0.41,CT on P,0.4,
feature_0 > 1.452 AND feature_1 > 0.584 AND feature_9 > -0.485 AND feature_7 <= -0.728,8.908,0.0,,,4,1.0,0.6,3.573,4.0,0.6,CF,0.4,9.45
feature_0 > 1.452 AND feature_1 > 0.584 AND feature_9 <= -0.485 AND feature_0 <= 1.78,8.231,0.0,,,4,0.92,0.55,3.028,3.0,0.51,CF,0.4,9.45
feature_0 > 0.525 AND feature_1 > 1.193 AND feature_4 <= -1.05 AND feature_7 > 0.615,8.021,0.0,,,4,0.9,0.54,2.952,4.0,0.5,CF,0.4,9.45
feature_0 > 0.434 AND feature_1 > 1.31 AND feature_3 > -0.047 AND feature_5 <= -0.565,7.525,0.0,,,4,0.84,0.51,3.259,4.0,0.55,CF,0.4,9.45
feature_0 > 0.571 AND feature_1 > 1.56 AND feature_1 > 1.94 AND feature_6 <= -0.104,7.349,0.0,,,4,0.82,0.49,3.507,3.0,0.59,CF,0.4,9.45
feature_0 > 0.394 AND feature_1 > 0.714 AND feature_0 > 0.767 AND feature_1 > 1.049,2.564,0.03,,,4,1.0,0.61,3.114,2.0,0.61,CF SingleTree,0.4,0.78
feature_0 > 0.394 AND feature_1 > 0.714 AND feature_0 > 0.767,2.427,0.05,,,3,0.95,0.59,2.902,2.0,0.58,CF SingleTree,0.4,0.78
feature_0 > 0.394 AND feature_1 > 0.714,2.217,0.08,,,2,0.86,0.55,2.626,2.0,0.54,CF SingleTree,0.4,0.78
feature_0 > 0.394,1.713,0.32,,,1,0.67,0.53,1.848,1.0,0.48,CF SingleTree,0.4,0.78
feature_0 > 0.394 AND feature_1 > 0.714 AND feature_0 > 0.767 AND feature_1 <= 1.049,2.185,0.02,,,4,0.85,0.52,2.532,2.0,0.5,CF SingleTree,0.4,0.78
feature_2 <= 1.891 AND feature_0 > -0.457 AND feature_0 > 1.197 AND feature_1 > 0.184 AND feature_3 <= -0.274,3.999,0.03,0.59,4.59,5,1.0,0.61,2.981,4.0,0.61,CT on D,0.4,
feature_2 <= 1.891 AND feature_0 > -0.457 AND feature_0 > 1.197 AND feature_1 > 0.184 AND feature_3 > -0.274 AND feature_8 <= -0.131,3.73,0.0,1.68,5.41,6,0.93,0.56,2.981,5.0,0.6,CT on D,0.4,
feature_2 <= 1.891 AND feature_0 > -0.457 AND feature_0 > 1.197 AND feature_1 <= 0.184 AND feature_4 <= -0.179 AND feature_4 > -0.735,3.499,0.01,-0.68,2.82,6,0.87,0.53,2.141,4.0,0.43,CT on D,0.4,
feature_2 <= 1.891 AND feature_0 > -0.457 AND feature_0 <= 1.197 AND feature_1 > 0.629 AND feature_1 > 1.443 AND feature_5 > -0.379,3.341,0.02,1.32,4.66,6,0.84,0.51,2.317,4.0,0.47,CT on D,0.4,
feature_2 <= 1.891 AND feature_0 > -0.457 AND feature_0 > 1.197 AND feature_1 > 0.184,3.254,0.04,1.65,4.9,4,0.81,0.5,2.985,3.0,0.62,CT on D,0.4,
feature_8 > -1.816 AND feature_0 > 0.592 AND feature_1 <= 0.198 AND feature_6 > 1.097,4.021,0.02,-0.9,3.12,4,1.0,0.61,1.686,4.0,0.35,CT on P,0.4,
feature_8 > -1.816 AND feature_0 > 0.592 AND feature_1 > 0.198 AND feature_4 > -0.537 AND feature_3 <= -0.245 AND feature_0 > 1.18,4.015,0.02,0.58,4.6,6,1.0,0.61,2.967,5.0,0.61,CT on P,0.4,
feature_8 > -1.816 AND feature_0 > 0.592 AND feature_1 > 0.198 AND feature_4 <= -0.537,3.83,0.04,0.38,4.21,4,0.95,0.59,2.515,4.0,0.52,CT on P,0.4,
feature_8 > -1.816,0.769,0.97,0.58,1.35,1,0.19,0.5,0.803,1.0,0.55,CT on P,0.4,
feature_8 > -1.816 AND feature_0 > 0.592 AND feature_1 > 0.198,2.988,0.12,0.8,3.79,3,0.74,0.49,2.504,3.0,0.55,CT on P,0.4,
feature_0 <= 0.348 AND feature_2 > 0.643 AND feature_1 <= -1.482 AND feature_9 <= -1.041,27.98,0.0,,,4,1.0,0.6,0.416,4.0,0.11,CF,0.4,9.41
feature_0 > -0.589 AND feature_4 > 1.608 AND feature_1 > 0.972 AND feature_3 > -0.26,17.826,0.0,,,4,0.64,0.38,2.224,4.0,0.6,CF,0.4,9.41
feature_0 <= 1.307,0.934,0.51,,,1,0.03,0.22,0.618,1.0,0.37,CF,0.4,9.41
feature_0 > -1.182,1.04,0.5,,,1,0.04,0.22,1.032,1.0,0.48,CF,0.4,9.41
feature_0 <= 1.135,0.866,0.5,,,1,0.03,0.22,0.566,1.0,0.35,CF,0.4,9.41
feature_0 > -0.522 AND feature_0 > 1.093 AND feature_1 > -0.016 AND feature_0 > 1.275,2.409,0.05,,,4,1.0,0.62,2.959,2.0,0.62,CF SingleTree,0.4,0.75
feature_0 > -0.522 AND feature_0 > 1.093 AND feature_1 > -0.016,2.297,0.06,,,3,0.95,0.6,2.822,2.0,0.6,CF SingleTree,0.4,0.75
feature_0 > -0.522 AND feature_0 > 1.093,1.994,0.12,,,2,0.83,0.54,2.437,1.0,0.54,CF SingleTree,0.4,0.75
feature_0 > -0.522,1.312,0.43,,,1,0.54,0.5,1.315,1.0,0.44,CF SingleTree,0.4,0.75
feature_0 > -0.522 AND feature_0 > 1.093 AND feature_1 > -0.016 AND feature_0 <= 1.275,1.965,0.02,,,4,0.82,0.5,2.414,2.0,0.5,CF SingleTree,0.4,0.75
feature_5 <= 2.263 AND feature_0 > 0.077 AND feature_1 <= 0.713 AND feature_0 > 1.363 AND feature_0 > 1.906 AND feature_6 <= 0.146,4.504,0.01,0.4,4.9,6,1.0,0.6,2.865,4.0,0.6,CT on D,0.4,
feature_5 <= 2.263 AND feature_0 > 0.077 AND feature_1 > 0.713 AND feature_0 > 0.232 AND feature_8 <= -0.753 AND feature_9 <= 0.092,4.096,0.01,1.07,5.16,6,0.91,0.55,2.438,5.0,0.51,CT on D,0.4,
feature_5 <= 2.263 AND feature_0 > 0.077 AND feature_1 <= 0.713 AND feature_0 > 1.363 AND feature_0 > 1.906,3.516,0.02,0.75,4.27,5,0.78,0.48,2.85,3.0,0.6,CT on D,0.4,
feature_5 <= 2.263 AND feature_0 > 0.077 AND feature_1 > 0.713 AND feature_0 > 0.232 AND feature_8 <= -0.753,3.483,0.02,0.95,4.43,5,0.77,0.47,2.441,4.0,0.52,CT on D,0.4,
feature_5 <= 2.263 AND feature_0 <= 0.077 AND feature_1 > 1.504 AND feature_6 > 0.079,3.448,0.02,0.65,4.1,4,0.77,0.47,1.406,4.0,0.3,CT on D,0.4,
feature_4 > -1.408 AND feature_0 > 0.038 AND feature_1 > -0.082 AND feature_0 > 1.758,3.949,0.02,1.63,5.58,4,1.0,0.61,3.34,3.0,0.61,CT on P,0.4,
feature_4 > -1.408 AND feature_0 > 0.038 AND feature_1 > -0.082 AND feature_0 <= 1.758 AND feature_1 > 0.819 AND feature_6 <= -0.895,3.669,0.02,1.17,4.84,6,0.93,0.57,2.327,4.0,0.43,CT on P,0.4,
feature_4 > -1.408,0.814,0.92,1.07,1.89,1,0.21,0.49,0.815,1.0,0.51,CT on P,0.4,
feature_4 > -1.408 AND feature_0 > 0.038 AND feature_1 <= -0.082 AND feature_0 > 1.737,2.807,0.02,0.57,3.38,4,0.71,0.43,2.521,3.0,0.46,CT on P,0.4,
feature_4 > -1.408 AND feature_0 > 0.038 AND feature_1 > -0.082 AND feature_0 <= 1.758 AND feature_1 > 0.819,2.579,0.09,1.52,4.1,5,0.65,0.43,2.305,3.0,0.45,CT on P,0.4,
feature_0 > 0.322 AND feature_0 > 2.024 AND feature_7 > 0.538 AND feature_4 <= -0.213,46.582,0.0,,,4,1.0,0.6,3.324,3.0,0.6,CF,0.4,9.9
feature_0 <= 1.473,0.663,0.82,,,1,0.01,0.34,0.674,1.0,0.45,CF,0.4,9.9
feature_0 > -1.287,1.031,0.8,,,1,0.02,0.33,1.001,1.0,0.5,CF,0.4,9.9
feature_0 > -1.142,1.213,0.78,,,1,0.03,0.33,1.042,1.0,0.5,CF,0.4,9.9
feature_0 <= 1.226,0.697,0.79,,,1,0.01,0.32,0.605,1.0,0.43,CF,0.4,9.9
feature_0 > 0.443 AND feature_1 > 0.843 AND feature_0 > 0.905 AND feature_0 > 1.44,2.835,0.02,,,4,1.0,0.61,3.47,2.0,0.61,CF SingleTree,0.4,0.74
feature_0 > 0.443 AND feature_1 > 0.843 AND feature_0 > 0.905,2.679,0.04,,,3,0.94,0.58,3.051,2.0,0.54,CF SingleTree,0.4,0.74
feature_0 > 0.443 AND feature_1 > 0.843 AND feature_0 > 0.905 AND feature_0 <= 1.44,2.559,0.02,,,4,0.9,0.55,2.726,2.0,0.48,CF SingleTree,0.4,0.74
feature_0 > 0.443 AND feature_1 > 0.843,2.382,0.07,,,2,0.84,0.53,2.728,2.0,0.5,CF SingleTree,0.4,0.74
feature_0 > 0.443,1.682,0.32,,,1,0.59,0.48,1.9,1.0,0.46,CF SingleTree,0.4,0.74
feature_0 > -1.423 AND feature_0 > 0.864 AND feature_0 > 1.698 AND feature_3 > -0.331 AND feature_9 > -0.069,4.39,0.01,0.96,5.35,5,1.0,0.6,3.034,3.0,0.6,CT on D,0.4,
feature_0 > -1.423 AND feature_0 > 0.864 AND feature_0 > 1.698 AND feature_3 > -0.331,3.562,0.03,1.52,5.08,4,0.81,0.5,2.975,2.0,0.6,CT on D,0.4,
feature_0 > -1.423 AND feature_0 > 0.864 AND feature_0 <= 1.698 AND feature_0 <= 0.908,3.492,0.01,0.25,3.74,4,0.8,0.48,1.703,1.0,0.34,CT on D,0.4,
feature_0 > -1.423 AND feature_0 > 0.864 AND feature_0 <= 1.698 AND feature_0 > 0.908 AND feature_1 > 0.625 AND feature_5 <= 0.372,3.259,0.03,1.62,4.88,6,0.74,0.46,2.751,3.0,0.56,CT on D,0.4,
feature_0 <= -1.423 AND feature_8 > -1.009 AND feature_1 <= 0.915 AND feature_9 > -0.124 AND feature_1 <= -0.384,3.312,0.01,2.41,-0.9,5,0.75,0.46,1.538,4.0,0.31,CT on D,0.4,
feature_9 > -2.206 AND feature_0 > -0.534 AND feature_0 > 1.464 AND feature_9 > -0.024 AND feature_9 <= 0.711,4.048,0.02,0.97,5.02,5,1.0,0.61,2.813,2.0,0.61,CT on P,0.4,
feature_9 > -2.206 AND feature_0 > -0.534 AND feature_0 > 1.464 AND feature_9 > -0.024,3.659,0.03,1.21,4.87,4,0.9,0.55,2.787,2.0,0.61,CT on P,0.4,
feature_9 > -2.206,0.833,0.98,1.29,2.12,1,0.21,0.52,0.815,1.0,0.57,CT on P,0.4,
feature_9 > -2.206 AND feature_0 > -0.534 AND feature_0 > 1.464 AND feature_9 > -0.024 AND feature_9 > 0.711,3.205,0.02,1.5,4.71,5,0.79,0.48,2.759,2.0,0.6,CT on P,0.4,
feature_9 > -2.206 AND feature_0 > -0.534,1.367,0.7,1.19,2.56,2,0.34,0.48,1.308,2.0,0.56,CT on P,0.4,
feature_0 > -0.337 AND feature_1 <= 0.444 AND feature_0 > 1.503 AND feature_8 > 0.865,12.566,0.01,,,4,1.0,0.6,2.431,3.0,0.52,CF,0.4,8.69
feature_0 > 0.19 AND feature_0 > 1.494 AND feature_4 <= -0.942 AND feature_6 > 0.527,8.741,0.0,,,4,0.7,0.42,2.836,3.0,0.6,CF,0.4,8.69
feature_0 > 0.144 AND feature_1 <= 0.715 AND feature_3 <= -1.63 AND feature_7 <= -1.084,7.802,0.0,,,4,0.62,0.37,1.365,4.0,0.29,CF,0.4,8.69
feature_0 > -1.421,1.142,0.66,,,1,0.09,0.32,0.97,1.0,0.47,CF,0.4,8.69
feature_0 > -1.425,1.067,0.66,,,1,0.08,0.31,0.968,1.0,0.47,CF,0.4,8.69
feature_0 > 0.201 AND feature_0 > 0.863 AND feature_0 > 1.379 AND feature_1 > -0.055,2.356,0.04,,,4,1.0,0.62,2.994,2.0,0.62,CF SingleTree,0.4,0.72
feature_0 > 0.201 AND feature_0 > 0.863 AND feature_0 > 1.379,2.214,0.08,,,3,0.94,0.6,2.671,1.0,0.57,CF SingleTree,0.4,0.72
feature_0 > 0.201 AND feature_0 > 0.863,2.008,0.18,,,2,0.85,0.58,2.23,1.0,0.52,CF SingleTree,0.4,0.72
feature_0 > 0.201,1.557,0.37,,,1,0.66,0.54,1.726,1.0,0.49,CF SingleTree,0.4,0.72
feature_0 > 0.201 AND feature_0 > 0.863 AND feature_0 <= 1.379 AND feature_1 > 0.297,2.04,0.04,,,4,0.87,0.54,2.447,2.0,0.51,CF SingleTree,0.4,0.72
feature_2 > -1.159 AND feature_0 > -0.089 AND feature_0 > 0.846 AND feature_1 > 0.214 AND feature_7 <= -0.245 AND feature_7 > -0.637,4.956,0.01,-0.04,4.92,6,1.0,0.6,2.654,4.0,0.6,CT on D,0.5,
feature_2 > -1.159,0.873,0.94,0.98,1.85,1,0.18,0.48,0.796,1.0,0.56,CT on D,0.5,
feature_2 > -1.159 AND feature_0 > -0.089 AND feature_0 > 0.846 AND feature_1 > 0.214 AND feature_7 <= -0.245,3.845,0.04,0.88,4.72,5,0.78,0.48,2.654,4.0,0.62,CT on D,0.5,
feature_2 <= -1.159 AND feature_0 > 0.499 AND feature_1 > 0.492,3.664,0.0,0.99,4.65,3,0.74,0.44,2.623,3.0,0.59,CT on D,0.5,
feature_2 > -1.159 AND feature_0 > -0.089 AND feature_0 <= 0.846 AND feature_1 > 1.369 AND feature_3 <= -0.439,3.521,0.01,1.04,4.56,5,0.71,0.43,2.304,4.0,0.52,CT on D,0.5,
feature_0 <= 2.171 AND feature_0 > 0.002 AND feature_0 > 1.275 AND feature_1 > -0.678 AND feature_7 <= 0.261 AND feature_1 > 0.201,3.913,0.02,1.07,4.99,6,1.0,0.61,2.885,3.0,0.54,CT on P,0.5,
feature_0 <= 2.171 AND feature_0 > 0.002 AND feature_0 > 1.275 AND feature_1 > -0.678 AND feature_7 <= 0.261,3.481,0.04,0.77,4.25,5,0.89,0.55,2.583,3.0,0.49,CT on P,0.5,
feature_0 <= 2.171,0.857,0.99,0.99,1.85,1,0.22,0.53,0.762,1.0,0.54,CT on P,0.5,
feature_0 <= 2.171 AND feature_0 > 0.002 AND feature_0 > 1.275 AND feature_1 > -0.678,2.992,0.06,1.02,4.01,4,0.76,0.48,2.574,2.0,0.5,CT on P,0.5,
feature_0 > 2.171,3.049,0.01,1.63,4.68,1,0.78,0.47,3.275,1.0,0.6,CT on P,0.5,
feature_0 <= -0.02 AND feature_1 > 1.647 AND feature_4 <= -0.55 AND feature_9 > -0.299,20.29,0.0,,,4,1.0,0.6,1.479,4.0,0.6,CF,0.5,9.75
feature_0 <= 1.287,0.881,0.76,,,1,0.04,0.33,0.609,1.0,0.55,CF,0.5,9.75
feature_1 <= 1.094,0.76,0.73,,,1,0.04,0.31,0.643,1.0,0.55,CF,0.5,9.75
feature_0 > -0.95,1.053,0.7,,,1,0.05,0.31,1.107,1.0,0.73,CF,0.5,9.75
feature_0 > -0.909,1.041,0.69,,,1,0.05,0.31,1.125,1.0,0.73,CF,0.5,9.75
feature_0 > 0.188 AND feature_0 > 0.771 AND feature_1 > 0.955 AND feature_1 > 1.405,2.725,0.01,,,4,1.0,0.6,3.254,2.0,0.6,CF SingleTree,0.5,0.73
feature_0 > 0.188 AND feature_0 > 0.771 AND feature_1 > 0.955,2.55,0.04,,,3,0.94,0.58,2.945,2.0,0.56,CF SingleTree,0.5,0.73
feature_0 > 0.188 AND feature_0 > 0.771 AND feature_1 > 0.955 AND feature_1 <= 1.405,2.415,0.02,,,4,0.89,0.54,2.705,2.0,0.51,CF SingleTree,0.5,0.73
feature_0 > 0.188,1.647,0.38,,,1,0.6,0.51,1.723,1.0,0.47,CF SingleTree,0.5,0.73
feature_0 > 0.188 AND feature_0 > 0.771,1.95,0.21,,,2,0.72,0.51,2.147,1.0,0.48,CF SingleTree,0.5,0.73
feature_8 <= 0.311 AND feature_0 <= 2.014 AND feature_0 > -0.368 AND feature_1 > 0.5 AND feature_5 > 0.379 AND feature_0 > 0.691,3.998,0.02,1.25,5.25,6,1.0,0.61,2.597,4.0,0.49,CT on D,0.5,
feature_8 > 0.311 AND feature_2 <= 0.484 AND feature_3 <= 0.576 AND feature_4 > -1.572 AND feature_0 > -0.122 AND feature_1 > 1.181,3.51,0.01,0.73,4.24,6,0.88,0.53,2.531,6.0,0.48,CT on D,0.5,
feature_8 <= 0.311 AND feature_0 <= 2.014 AND feature_0 > -0.368 AND feature_1 > 0.5 AND feature_5 > 0.379,3.089,0.04,0.82,3.91,5,0.77,0.48,1.982,4.0,0.39,CT on D,0.5,
feature_8 <= 0.311 AND feature_0 <= 2.014 AND feature_0 > -0.368 AND feature_1 > 0.5 AND feature_5 <= 0.379 AND feature_5 <= -0.867,3.077,0.02,0.69,3.76,6,0.77,0.47,1.956,4.0,0.37,CT on D,0.5,
feature_8 <= 0.311 AND feature_0 > 2.014,2.922,0.01,1.5,4.42,2,0.73,0.44,3.203,2.0,0.6,CT on D,0.5,
feature_8 <= 0.372 AND feature_0 <= 1.965 AND feature_0 > -0.417 AND feature_1 > 0.527 AND feature_9 > -0.382 AND feature_0 > 0.671,3.652,0.03,0.95,4.6,6,1.0,0.61,2.567,4.0,0.5,CT on P,0.5,
feature_8 <= 0.372 AND feature_0 <= 1.965 AND feature_0 > -0.417 AND feature_1 > 0.527 AND feature_9 > -0.382,2.956,0.08,0.77,3.72,5,0.81,0.52,1.949,4.0,0.4,CT on P,0.5,
feature_8 <= 0.372 AND feature_0 > 1.965,3.092,0.02,1.51,4.6,2,0.85,0.52,3.138,2.0,0.61,CT on P,0.5,
feature_8 <= 0.372 AND feature_0 <= 1.965 AND feature_0 > -0.417 AND feature_1 > 0.527,2.646,0.13,0.99,3.63,4,0.72,0.49,1.955,3.0,0.43,CT on P,0.5,
feature_8 <= 0.372 AND feature_0 <= 1.965 AND feature_0 > -0.417 AND feature_1 > 0.527 AND feature_9 > -0.382 AND feature_0 <= 0.671,2.564,0.05,0.67,3.23,6,0.7,0.44,1.593,4.0,0.32,CT on P,0.5,
feature_0 <= 0.665 AND feature_4 > 0.958 AND feature_3 <= -0.507 AND feature_1 > 1.494,59.459,0.0,,,4,1.0,0.6,1.612,4.0,0.6,CF,0.5,8.04
feature_1 > -1.373,0.889,0.81,,,1,0.01,0.33,0.885,1.0,0.65,CF,0.5,8.04
feature_0 > -1.131,1.141,0.78,,,1,0.02,0.32,1.066,1.0,0.71,CF,0.5,8.04
feature_0 > -1.016,1.075,0.76,,,1,0.02,0.31,1.109,1.0,0.72,CF,0.5,8.04
feature_0 > -0.971,1.281,0.75,,,1,0.02,0.31,1.126,1.0,0.72,CF,0.5,8.04
feature_0 > -0.291 AND feature_0 > 0.394 AND feature_1 > 0.468 AND feature_1 > 1.095,2.167,0.05,,,4,1.0,0.62,2.866,2.0,0.62,CF SingleTree,0.5,0.79
feature_0 > -0.291,1.373,0.57,,,1,0.63,0.61,1.454,1.0,0.53,CF SingleTree,0.5,0.79
feature_0 > -0.291 AND feature_0 > 0.394 AND feature_1 > 0.468,2.012,0.12,,,3,0.93,0.61,2.467,2.0,0.56,CF SingleTree,0.5,0.79
feature_0 > -0.291 AND feature_0 > 0.394,1.632,0.34,,,2,0.75,0.59,1.865,1.0,0.53,CF SingleTree,0.5,0.79
feature_0 > -0.291 AND feature_0 > 0.394 AND feature_1 > 0.468 AND feature_1 <= 1.095,1.9,0.07,,,4,0.88,0.55,2.179,2.0,0.48,CF SingleTree,0.5,0.79
feature_3 > -0.969 AND feature_0 > 0.15 AND feature_0 <= 1.816 AND feature_1 <= -0.273 AND feature_6 <= -0.888 AND feature_4 > 0.233,3.311,0.02,0.1,3.41,6,1.0,0.61,1.165,5.0,0.27,CT on D,0.5,
feature_3 > -0.969 AND feature_0 > 0.15 AND feature_0 > 1.816 AND feature_0 <= 2.025,3.186,0.01,0.95,4.13,4,0.96,0.58,2.702,2.0,0.6,CT on D,0.5,
feature_3 > -0.969 AND feature_0 <= 0.15 AND feature_0 <= -0.657 AND feature_0 <= -1.838 AND feature_1 <= 0.257,3.027,0.02,2.65,-0.37,5,0.91,0.56,1.814,3.0,0.41,CT on D,0.5,
feature_3 > -0.969 AND feature_0 > 0.15 AND feature_0 <= 1.816 AND feature_1 > -0.273 AND feature_9 <= -1.35,3.01,0.02,0.16,3.17,5,0.91,0.55,1.839,4.0,0.42,CT on D,0.5,
feature_3 <= -0.969 AND feature_8 > -0.584 AND feature_3 > -1.83 AND feature_0 > 1.134,2.939,0.01,0.4,3.34,4,0.89,0.54,2.458,3.0,0.55,CT on D,0.5,
feature_7 <= 1.107 AND feature_0 > 0.12 AND feature_0 > 0.985 AND feature_3 <= 1.007 AND feature_5 <= -0.892,3.646,0.02,0.74,4.39,5,1.0,0.61,2.385,4.0,0.61,CT on P,0.5,
feature_7 <= 1.107 AND feature_0 > 0.12 AND feature_0 <= 0.985 AND feature_1 > -0.687 AND feature_9 <= -1.239,3.101,0.02,0.42,3.53,5,0.85,0.52,1.533,4.0,0.39,CT on P,0.5,
feature_7 <= 1.107 AND feature_0 > 0.12 AND feature_0 > 0.985 AND feature_3 <= 1.007,2.564,0.12,1.15,3.71,4,0.7,0.47,2.339,3.0,0.64,CT on P,0.5,
feature_7 <= 1.107 AND feature_0 > 0.12 AND feature_0 > 0.985 AND feature_3 <= 1.007 AND feature_5 > -0.892 AND feature_1 <= 0.064,2.726,0.05,0.55,3.27,6,0.75,0.47,1.961,5.0,0.51,CT on P,0.5,
feature_7 <= 1.107,0.714,0.86,1.42,2.13,1,0.2,0.46,0.803,1.0,0.55,CT on P,0.5,
feature_0 > 0.823 AND feature_1 > 1.489 AND feature_9 <= -0.382,70.07,0.0,,,3,1.0,0.6,3.493,3.0,0.6,CF,0.5,9.68
feature_1 <= 1.385,0.667,0.5,,,1,0.01,0.21,0.689,1.0,0.32,CF,0.5,9.68
feature_0 > -1.121,1.11,0.48,,,1,0.02,0.2,1.053,1.0,0.37,CF,0.5,9.68
feature_0 > -1.024,1.106,0.48,,,1,0.02,0.2,1.087,1.0,0.38,CF,0.5,9.68
feature_0 > -1.036,1.08,0.48,,,1,0.02,0.2,1.083,1.0,0.38,CF,0.5,9.68
feature_0 > -0.05 AND feature_0 > 0.821 AND feature_1 > 1.302 AND feature_1 > 1.513,2.323,0.01,,,4,1.0,0.6,3.489,2.0,0.6,CF SingleTree,0.5,0.76
feature_0 > -0.05 AND feature_0 > 0.821 AND feature_1 > 1.302,2.196,0.02,,,3,0.95,0.58,3.356,2.0,0.59,CF SingleTree,0.5,0.76
feature_0 > -0.05 AND feature_0 > 0.821 AND feature_1 > 1.302 AND feature_1 <= 1.513,1.97,0.01,,,4,0.85,0.51,3.125,2.0,0.54,CF SingleTree,0.5,0.76
feature_0 > -0.05 AND feature_0 > 0.821,1.663,0.17,,,2,0.72,0.5,2.209,1.0,0.45,CF SingleTree,0.5,0.76
feature_0 > -0.05 AND feature_0 > 0.821 AND feature_1 <= 1.302 AND feature_0 > 1.35,1.735,0.08,,,4,0.75,0.48,2.497,2.0,0.46,CF SingleTree,0.5,0.76
feature_4 > -1.673 AND feature_0 > 1.49 AND feature_1 > -1.049 AND feature_1 > 0.543 AND feature_8 <= 0.208,4.493,0.01,1.61,6.1,5,1.0,0.6,3.475,4.0,0.6,CT on D,0.5,
feature_4 > -1.673 AND feature_0 > 1.49 AND feature_1 > -1.049 AND feature_1 > 0.543,4.079,0.02,1.65,5.73,4,0.91,0.55,3.389,3.0,0.59,CT on D,0.5,
feature_4 > -1.673 AND feature_0 > 1.49 AND feature_1 > -1.049 AND feature_1 > 0.543 AND feature_8 > 0.208,3.666,0.01,1.69,5.35,5,0.82,0.49,3.302,4.0,0.57,CT on D,0.5,
feature_4 > -1.673 AND feature_0 > 1.49 AND feature_1 > -1.049 AND feature_1 <= 0.543 AND feature_2 > -0.674 AND feature_8 > -0.435,3.565,0.01,0.53,4.1,6,0.79,0.48,2.486,5.0,0.43,CT on D,0.5,
feature_4 > -1.673 AND feature_0 > 1.49 AND feature_1 > -1.049,3.198,0.05,1.17,4.37,3,0.71,0.45,2.813,3.0,0.51,CT on D,0.5,
feature_9 > -1.975 AND feature_0 > 0.29 AND feature_0 > 1.494 AND feature_8 > -0.43 AND feature_2 > -0.161,4.436,0.02,0.41,4.85,5,1.0,0.61,2.701,4.0,0.61,CT on P,0.5,
feature_9 > -1.975,0.863,0.98,0.77,1.63,1,0.19,0.51,0.816,1.0,0.57,CT on P,0.5,
feature_9 > -1.975 AND feature_0 > 0.29 AND feature_0 > 1.494 AND feature_8 > -0.43,3.37,0.04,0.69,4.06,4,0.76,0.47,2.701,3.0,0.61,CT on P,0.5,
feature_9 > -1.975 AND feature_0 > 0.29 AND feature_0 <= 1.494 AND feature_2 <= -0.446 AND feature_1 > -0.669 AND feature_7 <= -0.582,3.365,0.03,0.08,3.44,6,0.76,0.47,1.852,5.0,0.42,CT on P,0.5,
feature_9 > -1.975 AND feature_0 > 0.29 AND feature_0 > 1.494,2.961,0.07,0.95,3.91,3,0.67,0.43,2.709,2.0,0.63,CT on P,0.5,
feature_0 > -0.06 AND feature_1 > 1.025 AND feature_2 > 1.434 AND feature_9 > 0.174,45.946,0.0,,,4,1.0,0.6,2.448,4.0,0.6,CF,0.5,9.07
feature_0 > -1.258,1.148,0.69,,,1,0.02,0.29,1.013,1.0,0.52,CF,0.5,9.07
feature_0 > -1.288,1.065,0.69,,,1,0.02,0.29,1.004,1.0,0.52,CF,0.5,9.07
feature_0 > -1.077,1.092,0.67,,,1,0.02,0.28,1.074,1.0,0.53,CF,0.5,9.07
feature_0 > -0.927,1.207,0.65,,,1,0.03,0.28,1.129,1.0,0.54,CF,0.5,9.07
feature_0 > -0.132 AND feature_0 > 0.76 AND feature_1 > 0.655 AND feature_0 > 1.335,2.526,0.02,,,4,1.0,0.61,3.328,2.0,0.61,CF SingleTree,0.5,0.78
feature_0 > -0.132 AND feature_0 > 0.76 AND feature_1 > 0.655,2.356,0.05,,,3,0.93,0.58,2.882,2.0,0.54,CF SingleTree,0.5,0.78
feature_0 > -0.132 AND feature_0 > 0.76 AND feature_1 > 0.655 AND feature_0 <= 1.335,2.231,0.03,,,4,0.88,0.54,2.552,2.0,0.47,CF SingleTree,0.5,0.78
feature_0 > -0.132,1.413,0.47,,,1,0.56,0.52,1.54,1.0,0.47,CF SingleTree,0.5,0.78
feature_0 > -0.132 AND feature_0 > 0.76,1.833,0.2,,,2,0.73,0.52,2.15,1.0,0.47,CF SingleTree,0.5,0.78
feature_8 > -1.455 AND feature_0 > 0.631 AND feature_0 > 1.178 AND feature_1 > 0.747 AND feature_9 > 0.073,4.576,0.01,1.1,5.68,5,1.0,0.6,3.156,4.0,0.58,CT on D,0.5,
feature_8 > -1.455 AND feature_0 > 0.631 AND feature_0 > 1.178 AND feature_1 <= 0.747 AND feature_0 > 2.212,4.268,0.01,0.5,4.77,5,0.93,0.56,3.084,3.0,0.57,CT on D,0.5,
feature_8 > -1.455 AND feature_0 > 0.631 AND feature_0 > 1.178 AND feature_1 > 0.747,4.012,0.03,1.5,5.52,4,0.88,0.54,3.215,3.0,0.6,CT on D,0.5,
feature_8 > -1.455 AND feature_0 > 0.631 AND feature_0 > 1.178 AND feature_1 > 0.747 AND feature_9 <= 0.073,3.562,0.01,1.82,5.39,5,0.78,0.47,3.263,4.0,0.6,CT on D,0.5,
feature_8 > -1.455 AND feature_0 > 0.631 AND feature_0 > 1.178 AND feature_1 <= 0.747 AND feature_0 <= 2.212 AND feature_6 > 0.813,3.394,0.02,-0.25,3.15,6,0.74,0.45,2.163,4.0,0.41,CT on D,0.5,
feature_8 > -0.726 AND feature_0 > -0.477 AND feature_0 > 1.03 AND feature_0 > 1.854 AND feature_7 <= 0.001,4.718,0.01,0.33,5.04,5,1.0,0.6,3.013,3.0,0.6,CT on P,0.5,
feature_8 > -0.726 AND feature_0 > -0.477 AND feature_0 > 1.03 AND feature_0 > 1.854,4.121,0.03,0.52,4.64,4,0.87,0.54,3.008,2.0,0.61,CT on P,0.5,
feature_8 > -0.726 AND feature_0 > -0.477 AND feature_0 > 1.03 AND feature_0 <= 1.854 AND feature_2 > -0.637 AND feature_5 <= -0.901,3.846,0.01,-0.23,3.62,6,0.82,0.49,2.162,4.0,0.43,CT on P,0.5,
feature_8 > -0.726 AND feature_0 > -0.477 AND feature_0 > 1.03 AND feature_0 <= 1.854 AND feature_2 <= -0.637 AND feature_7 > -0.032,3.611,0.01,-0.46,3.15,6,0.77,0.46,2.103,4.0,0.42,CT on P,0.5,
feature_8 > -0.726 AND feature_0 > -0.477 AND feature_0 > 1.03 AND feature_0 > 1.854 AND feature_7 > 0.001,3.396,0.01,0.75,4.15,5,0.72,0.44,3.002,3.0,0.6,CT on P,0.5,
feature_0 > 0.91 AND feature_1 > 0.213 AND feature_1 <= 1.802 AND feature_6 <= -1.599,11.784,0.0,,,4,1.0,0.6,2.79,3.0,0.42,CF,0.5,9.01
feature_0 > -1.007 AND feature_1 > 1.252 AND feature_0 > 1.432 AND feature_5 <= -0.266,9.375,0.0,,,4,0.8,0.48,3.946,3.0,0.6,CF,0.5,9.01
feature_0 > 0.386 AND feature_1 > 0.483 AND feature_9 > 1.312 AND feature_1 <= 0.607,8.757,0.0,,,4,0.74,0.45,2.267,3.0,0.34,CF,0.5,9.01
feature_3 <= 1.615,0.949,0.94,,,1,0.08,0.42,0.798,1.0,0.5,CF,0.5,9.01
feature_0 > 0.964 AND feature_2 > -0.848 AND feature_0 > 1.918 AND feature_9 <= -1.252,8.184,0.0,,,4,0.69,0.42,3.231,3.0,0.49,CF,0.5,9.01
feature_0 > -0.114 AND feature_0 > 1.002 AND feature_1 > 0.488 AND feature_0 > 1.164,2.5,0.04,,,4,1.0,0.62,3.057,2.0,0.62,CF SingleTree,0.5,0.76
feature_0 > -0.114 AND feature_0 > 1.002 AND feature_1 > 0.488,2.434,0.05,,,3,0.97,0.6,2.946,2.0,0.6,CF SingleTree,0.5,0.76
feature_0 > -0.114 AND feature_0 > 1.002,2.192,0.16,,,2,0.88,0.59,2.334,1.0,0.52,CF SingleTree,0.5,0.76
feature_0 > -0.114 AND feature_0 > 1.002 AND feature_1 <= 0.488 AND feature_0 > 1.162,2.171,0.08,,,4,0.87,0.55,2.183,2.0,0.46,CF SingleTree,0.5,0.76
feature_0 > -0.114,1.424,0.51,,,1,0.57,0.55,1.533,1.0,0.5,CF SingleTree,0.5,0.76
feature_2 > -1.712 AND feature_0 > 1.669 AND feature_1 > 0.736,4.464,0.01,1.67,6.14,3,1.0,0.6,3.609,3.0,0.6,CT on D,0.5,
feature_2 > -1.712 AND feature_0 <= 1.669 AND feature_0 > -0.11 AND feature_1 > 0.463 AND feature_1 > 1.923,4.344,0.01,1.72,6.07,5,0.97,0.59,3.134,3.0,0.53,CT on D,0.5,
feature_2 > -1.712 AND feature_0 > 1.669 AND feature_1 <= 0.736 AND feature_5 > 0.506,3.615,0.01,0.93,4.54,4,0.81,0.49,2.675,4.0,0.45,CT on D,0.5,
feature_2 > -1.712 AND feature_0 <= 1.669 AND feature_0 > -0.11 AND feature_1 > 0.463 AND feature_1 <= 1.923 AND feature_7 > 1.051,3.244,0.02,0.67,3.91,6,0.73,0.44,1.948,4.0,0.33,CT on D,0.5,
feature_2 > -1.712 AND feature_0 > 1.669,2.827,0.05,1.47,4.3,2,0.63,0.4,2.861,2.0,0.5,CT on D,0.5,
feature_0 > 0.476 AND feature_1 > 1.578,4.406,0.02,1.97,6.38,2,1.0,0.61,3.304,2.0,0.61,CT on P,0.5,
feature_0 > 0.476 AND feature_1 <= 1.578 AND feature_0 > 1.756,3.23,0.03,0.64,3.87,3,0.73,0.45,2.867,2.0,0.53,CT on P,0.5,
feature_0 <= 0.476 AND feature_1 > 0.492 AND feature_4 <= -0.4 AND feature_3 <= -0.594 AND feature_6 > 0.133,3.145,0.02,-1.15,1.99,5,0.71,0.44,0.809,5.0,0.15,CT on P,0.5,
feature_0 > 0.476,1.873,0.32,0.76,2.64,1,0.43,0.38,1.953,1.0,0.48,CT on P,0.5,
feature_0 > 0.476 AND feature_1 <= 1.578 AND feature_0 <= 1.756 AND feature_4 > -1.357 AND feature_1 > -0.641 AND feature_4 > 0.413,2.544,0.07,0.69,3.24,6,0.58,0.37,1.909,3.0,0.37,CT on P,0.5,
feature_0 <= 0.221 AND feature_1 > 0.321 AND feature_8 <= -1.323 AND feature_2 > 1.242,39.709,0.0,,,4,1.0,0.6,0.424,4.0,0.27,CF,0.5,9.02
feature_0 > -1.505 AND feature_0 <= 0.791 AND feature_2 <= 1.621 AND feature_3 <= 0.381,0.735,0.61,,,4,0.02,0.26,0.583,3.0,0.61,CF,0.5,9.02
feature_0 > -1.505,1.124,0.53,,,1,0.03,0.23,0.948,1.0,0.81,CF,0.5,9.02
feature_0 > -1.595,0.834,0.54,,,1,0.02,0.23,0.931,1.0,0.81,CF,0.5,9.02
feature_0 <= 1.636,0.745,0.54,,,1,0.02,0.23,0.703,1.0,0.66,CF,0.5,9.02
feature_0 > -0.206 AND feature_1 > 0.523 AND feature_0 > 0.644 AND feature_1 > 1.579,2.735,0.02,,,4,1.0,0.61,3.417,2.0,0.61,CF SingleTree,0.5,0.75
feature_0 > -0.206 AND feature_1 > 0.523 AND feature_0 > 0.644,2.229,0.08,,,3,0.81,0.52,2.717,2.0,0.51,CF SingleTree,0.5,0.75
feature_0 > -0.206 AND feature_1 > 0.523 AND feature_0 > 0.644 AND feature_1 <= 1.579,2.113,0.07,,,4,0.77,0.49,2.556,2.0,0.48,CF SingleTree,0.5,0.75
feature_0 > -0.206 AND feature_1 > 0.523,1.856,0.16,,,2,0.68,0.47,2.139,2.0,0.44,CF SingleTree,0.5,0.75
feature_0 > -0.206,1.263,0.39,,,1,0.46,0.43,1.488,1.0,0.42,CF SingleTree,0.5,0.75
feature_1 > -1.131 AND feature_0 > 0.426 AND feature_1 > 0.954 AND feature_8 > 0.326 AND feature_3 <= 0.003,4.203,0.01,0.36,4.56,5,1.0,0.6,2.833,4.0,0.6,CT on D,0.5,
feature_1 > -1.131 AND feature_0 > 0.426 AND feature_1 > 0.954 AND feature_8 <= 0.326 AND feature_8 <= -0.991,3.952,0.01,1.05,5.0,5,0.94,0.57,2.842,3.0,0.6,CT on D,0.5,
feature_1 > -1.131 AND feature_0 > 0.426 AND feature_1 <= 0.954 AND feature_0 > 1.069 AND feature_7 <= -0.694 AND feature_9 <= -0.017,3.883,0.01,0.24,4.13,6,0.92,0.56,2.326,4.0,0.49,CT on D,0.5,
feature_1 > -1.131 AND feature_0 > 0.426 AND feature_1 > 0.954 AND feature_8 > 0.326,3.836,0.02,0.98,4.82,4,0.91,0.56,2.856,3.0,0.61,CT on D,0.5,
feature_1 > -1.131 AND feature_0 > 0.426 AND feature_1 <= 0.954 AND feature_0 > 1.069 AND feature_7 > -0.694 AND feature_9 > 1.038,3.551,0.01,0.1,3.65,6,0.84,0.51,2.208,4.0,0.47,CT on D,0.5,
feature_2 <= 0.812 AND feature_0 > 1.188 AND feature_1 > 1.124,4.321,0.01,1.21,5.53,3,1.0,0.6,3.496,3.0,0.6,CT on P,0.5,
feature_2 <= 0.812 AND feature_0 <= 1.188 AND feature_1 > -0.093 AND feature_0 > 0.394 AND feature_1 > 0.991 AND feature_9 > 0.337,4.27,0.01,0.25,4.52,6,0.99,0.6,2.412,4.0,0.42,CT on P,0.5,
feature_2 <= 0.812,0.874,0.94,0.75,1.62,1,0.2,0.5,0.777,1.0,0.51,CT on P,0.5,
feature_2 <= 0.812 AND feature_0 > 1.188 AND feature_1 <= 1.124 AND feature_6 <= 0.762 AND feature_7 <= -0.493,3.425,0.02,0.19,3.61,5,0.79,0.48,2.309,5.0,0.4,CT on P,0.5,
feature_2 <= 0.812 AND feature_0 > 1.188 AND feature_1 <= 1.124 AND feature_6 > 0.762,3.419,0.02,0.45,3.87,4,0.79,0.48,2.322,4.0,0.41,CT on P,0.5,
feature_0 > 1.452 AND feature_1 > 0.584 AND feature_9 > -0.485 AND feature_7 <= -0.728,8.908,0.0,,,4,1.0,0.6,3.573,4.0,0.6,CF,0.5,9.49
feature_0 > 1.452 AND feature_1 > 0.584 AND feature_9 <= -0.485 AND feature_0 <= 1.78,8.231,0.0,,,4,0.92,0.55,3.028,3.0,0.51,CF,0.5,9.49
feature_0 > 0.525 AND feature_1 > 1.193 AND feature_4 <= -1.05 AND feature_7 > 0.615,8.021,0.0,,,4,0.9,0.54,2.952,4.0,0.5,CF,0.5,9.49
feature_0 > 0.434 AND feature_1 > 1.31 AND feature_3 > -0.047 AND feature_5 <= -0.565,7.525,0.0,,,4,0.84,0.51,3.259,4.0,0.55,CF,0.5,9.49
feature_0 > 0.571 AND feature_1 > 1.56 AND feature_1 > 1.94 AND feature_6 <= -0.104,7.349,0.0,,,4,0.82,0.49,3.507,3.0,0.59,CF,0.5,9.49
feature_0 > 0.394 AND feature_1 > 0.714 AND feature_0 > 0.767 AND feature_1 > 1.049,2.564,0.03,,,4,1.0,0.61,3.114,2.0,0.61,CF SingleTree,0.5,0.77
feature_0 > 0.394 AND feature_1 > 0.714 AND feature_0 > 0.767,2.427,0.05,,,3,0.95,0.59,2.902,2.0,0.58,CF SingleTree,0.5,0.77
feature_0 > 0.394 AND feature_1 > 0.714,2.217,0.08,,,2,0.86,0.55,2.626,2.0,0.54,CF SingleTree,0.5,0.77
feature_0 > 0.394,1.713,0.32,,,1,0.67,0.53,1.848,1.0,0.48,CF SingleTree,0.5,0.77
feature_0 > 0.394 AND feature_1 > 0.714 AND feature_0 > 0.767 AND feature_1 <= 1.049,2.185,0.02,,,4,0.85,0.52,2.532,2.0,0.5,CF SingleTree,0.5,0.77
feature_2 <= 1.891 AND feature_0 > -0.457 AND feature_0 > 1.197 AND feature_1 > 0.184 AND feature_3 <= -0.274,3.999,0.03,0.59,4.59,5,1.0,0.61,2.981,4.0,0.61,CT on D,0.5,
feature_2 <= 1.891 AND feature_0 > -0.457 AND feature_0 > 1.197 AND feature_1 > 0.184 AND feature_3 > -0.274 AND feature_8 <= -0.131,3.73,0.0,1.68,5.41,6,0.93,0.56,2.981,5.0,0.6,CT on D,0.5,
feature_2 <= 1.891 AND feature_0 > -0.457 AND feature_0 > 1.197 AND feature_1 <= 0.184 AND feature_4 <= -0.179 AND feature_4 > -0.735,3.499,0.01,-0.68,2.82,6,0.87,0.53,2.141,4.0,0.43,CT on D,0.5,
feature_2 <= 1.891 AND feature_0 > -0.457 AND feature_0 <= 1.197 AND feature_1 > 0.629 AND feature_1 > 1.443 AND feature_5 > -0.379,3.341,0.02,1.32,4.66,6,0.84,0.51,2.317,4.0,0.47,CT on D,0.5,
feature_2 <= 1.891 AND feature_0 > -0.457 AND feature_0 > 1.197 AND feature_1 > 0.184,3.254,0.04,1.65,4.9,4,0.81,0.5,2.985,3.0,0.62,CT on D,0.5,
feature_8 > -1.816 AND feature_0 > 0.592 AND feature_1 <= 0.198 AND feature_6 > 1.097,4.021,0.02,-0.9,3.12,4,1.0,0.61,1.686,4.0,0.35,CT on P,0.5,
feature_8 > -1.816 AND feature_0 > 0.592 AND feature_1 > 0.198 AND feature_4 > -0.537 AND feature_3 <= -0.245 AND feature_0 > 1.18,4.015,0.02,0.58,4.6,6,1.0,0.61,2.967,5.0,0.61,CT on P,0.5,
feature_8 > -1.816 AND feature_0 > 0.592 AND feature_1 > 0.198 AND feature_4 <= -0.537,3.83,0.04,0.38,4.21,4,0.95,0.59,2.515,4.0,0.52,CT on P,0.5,
feature_8 > -1.816,0.769,0.97,0.58,1.35,1,0.19,0.5,0.803,1.0,0.55,CT on P,0.5,
feature_8 > -1.816 AND feature_0 > 0.592 AND feature_1 > 0.198,2.988,0.12,0.8,3.79,3,0.74,0.49,2.504,3.0,0.55,CT on P,0.5,
feature_0 <= 0.348 AND feature_2 > 0.643 AND feature_1 <= -1.482 AND feature_9 <= -1.041,27.98,0.0,,,4,1.0,0.6,0.416,4.0,0.11,CF,0.5,9.33
feature_0 > -0.589 AND feature_4 > 1.608 AND feature_1 > 0.972 AND feature_3 > -0.26,17.826,0.0,,,4,0.64,0.38,2.224,4.0,0.6,CF,0.5,9.33
feature_0 <= 1.307,0.934,0.51,,,1,0.03,0.22,0.618,1.0,0.37,CF,0.5,9.33
feature_0 > -1.182,1.04,0.5,,,1,0.04,0.22,1.032,1.0,0.48,CF,0.5,9.33
feature_0 <= 1.135,0.866,0.5,,,1,0.03,0.22,0.566,1.0,0.35,CF,0.5,9.33
feature_0 > -0.522 AND feature_0 > 1.093 AND feature_1 > -0.016 AND feature_0 > 1.275,2.409,0.05,,,4,1.0,0.62,2.959,2.0,0.62,CF SingleTree,0.5,0.77
feature_0 > -0.522 AND feature_0 > 1.093 AND feature_1 > -0.016,2.297,0.06,,,3,0.95,0.6,2.822,2.0,0.6,CF SingleTree,0.5,0.77
feature_0 > -0.522 AND feature_0 > 1.093,1.994,0.12,,,2,0.83,0.54,2.437,1.0,0.54,CF SingleTree,0.5,0.77
feature_0 > -0.522,1.312,0.43,,,1,0.54,0.5,1.315,1.0,0.44,CF SingleTree,0.5,0.77
feature_0 > -0.522 AND feature_0 > 1.093 AND feature_1 > -0.016 AND feature_0 <= 1.275,1.965,0.02,,,4,0.82,0.5,2.414,2.0,0.5,CF SingleTree,0.5,0.77
feature_5 <= 2.263 AND feature_0 > 0.077 AND feature_1 <= 0.713 AND feature_0 > 1.363 AND feature_0 > 1.906 AND feature_6 <= 0.146,4.504,0.01,0.4,4.9,6,1.0,0.6,2.865,4.0,0.6,CT on D,0.5,
feature_5 <= 2.263 AND feature_0 > 0.077 AND feature_1 > 0.713 AND feature_0 > 0.232 AND feature_8 <= -0.753 AND feature_9 <= 0.092,4.096,0.01,1.07,5.16,6,0.91,0.55,2.438,5.0,0.51,CT on D,0.5,
feature_5 <= 2.263 AND feature_0 > 0.077 AND feature_1 <= 0.713 AND feature_0 > 1.363 AND feature_0 > 1.906,3.516,0.02,0.75,4.27,5,0.78,0.48,2.85,3.0,0.6,CT on D,0.5,
feature_5 <= 2.263 AND feature_0 > 0.077 AND feature_1 > 0.713 AND feature_0 > 0.232 AND feature_8 <= -0.753,3.483,0.02,0.95,4.43,5,0.77,0.47,2.441,4.0,0.52,CT on D,0.5,
feature_5 <= 2.263 AND feature_0 <= 0.077 AND feature_1 > 1.504 AND feature_6 > 0.079,3.448,0.02,0.65,4.1,4,0.77,0.47,1.406,4.0,0.3,CT on D,0.5,
feature_4 > -1.408 AND feature_0 > 0.038 AND feature_1 > -0.082 AND feature_0 > 1.758,3.949,0.02,1.63,5.58,4,1.0,0.61,3.34,3.0,0.61,CT on P,0.5,
feature_4 > -1.408 AND feature_0 > 0.038 AND feature_1 > -0.082 AND feature_0 <= 1.758 AND feature_1 > 0.819 AND feature_6 <= -0.895,3.669,0.02,1.17,4.84,6,0.93,0.57,2.327,4.0,0.43,CT on P,0.5,
feature_4 > -1.408,0.814,0.92,1.07,1.89,1,0.21,0.49,0.815,1.0,0.51,CT on P,0.5,
feature_4 > -1.408 AND feature_0 > 0.038 AND feature_1 <= -0.082 AND feature_0 > 1.737,2.807,0.02,0.57,3.38,4,0.71,0.43,2.521,3.0,0.46,CT on P,0.5,
feature_4 > -1.408 AND feature_0 > 0.038 AND feature_1 > -0.082 AND feature_0 <= 1.758 AND feature_1 > 0.819,2.579,0.09,1.52,4.1,5,0.65,0.43,2.305,3.0,0.45,CT on P,0.5,
feature_0 > 0.322 AND feature_0 > 2.024 AND feature_7 > 0.538 AND feature_4 <= -0.213,46.582,0.0,,,4,1.0,0.6,3.324,3.0,0.6,CF,0.5,9.92
feature_0 <= 1.473,0.663,0.82,,,1,0.01,0.34,0.674,1.0,0.45,CF,0.5,9.92
feature_0 > -1.287,1.031,0.8,,,1,0.02,0.33,1.001,1.0,0.5,CF,0.5,9.92
feature_0 > -1.142,1.213,0.78,,,1,0.03,0.33,1.042,1.0,0.5,CF,0.5,9.92
feature_0 <= 1.226,0.697,0.79,,,1,0.01,0.32,0.605,1.0,0.43,CF,0.5,9.92
feature_0 > 0.443 AND feature_1 > 0.843 AND feature_0 > 0.905 AND feature_0 > 1.44,2.835,0.02,,,4,1.0,0.61,3.47,2.0,0.61,CF SingleTree,0.5,0.74
feature_0 > 0.443 AND feature_1 > 0.843 AND feature_0 > 0.905,2.679,0.04,,,3,0.94,0.58,3.051,2.0,0.54,CF SingleTree,0.5,0.74
feature_0 > 0.443 AND feature_1 > 0.843 AND feature_0 > 0.905 AND feature_0 <= 1.44,2.559,0.02,,,4,0.9,0.55,2.726,2.0,0.48,CF SingleTree,0.5,0.74
feature_0 > 0.443 AND feature_1 > 0.843,2.382,0.07,,,2,0.84,0.53,2.728,2.0,0.5,CF SingleTree,0.5,0.74
feature_0 > 0.443,1.682,0.32,,,1,0.59,0.48,1.9,1.0,0.46,CF SingleTree,0.5,0.74
feature_0 > -1.423 AND feature_0 > 0.864 AND feature_0 > 1.698 AND feature_3 > -0.331 AND feature_9 > -0.069,4.39,0.01,0.96,5.35,5,1.0,0.6,3.034,3.0,0.6,CT on D,0.5,
feature_0 > -1.423 AND feature_0 > 0.864 AND feature_0 > 1.698 AND feature_3 > -0.331,3.562,0.03,1.52,5.08,4,0.81,0.5,2.975,2.0,0.6,CT on D,0.5,
feature_0 > -1.423 AND feature_0 > 0.864 AND feature_0 <= 1.698 AND feature_0 <= 0.908,3.492,0.01,0.25,3.74,4,0.8,0.48,1.703,1.0,0.34,CT on D,0.5,
feature_0 > -1.423 AND feature_0 > 0.864 AND feature_0 <= 1.698 AND feature_0 > 0.908 AND feature_1 > 0.625 AND feature_5 <= 0.372,3.259,0.03,1.62,4.88,6,0.74,0.46,2.751,3.0,0.56,CT on D,0.5,
feature_0 <= -1.423 AND feature_8 > -1.009 AND feature_1 <= 0.915 AND feature_9 > -0.124 AND feature_1 <= -0.384,3.312,0.01,2.41,-0.9,5,0.75,0.46,1.538,4.0,0.31,CT on D,0.5,
feature_9 > -2.206 AND feature_0 > -0.534 AND feature_0 > 1.464 AND feature_9 > -0.024 AND feature_9 <= 0.711,4.048,0.02,0.97,5.02,5,1.0,0.61,2.813,2.0,0.61,CT on P,0.5,
feature_9 > -2.206 AND feature_0 > -0.534 AND feature_0 > 1.464 AND feature_9 > -0.024,3.659,0.03,1.21,4.87,4,0.9,0.55,2.787,2.0,0.61,CT on P,0.5,
feature_9 > -2.206,0.833,0.98,1.29,2.12,1,0.21,0.52,0.815,1.0,0.57,CT on P,0.5,
feature_9 > -2.206 AND feature_0 > -0.534 AND feature_0 > 1.464 AND feature_9 > -0.024 AND feature_9 > 0.711,3.205,0.02,1.5,4.71,5,0.79,0.48,2.759,2.0,0.6,CT on P,0.5,
feature_9 > -2.206 AND feature_0 > -0.534,1.367,0.7,1.19,2.56,2,0.34,0.48,1.308,2.0,0.56,CT on P,0.5,
feature_0 > -0.337 AND feature_1 <= 0.444 AND feature_0 > 1.503 AND feature_8 > 0.865,12.566,0.01,,,4,1.0,0.6,2.431,3.0,0.52,CF,0.5,8.68
feature_0 > 0.19 AND feature_0 > 1.494 AND feature_4 <= -0.942 AND feature_6 > 0.527,8.741,0.0,,,4,0.7,0.42,2.836,3.0,0.6,CF,0.5,8.68
feature_0 > 0.144 AND feature_1 <= 0.715 AND feature_3 <= -1.63 AND feature_7 <= -1.084,7.802,0.0,,,4,0.62,0.37,1.365,4.0,0.29,CF,0.5,8.68
feature_0 > -1.421,1.142,0.66,,,1,0.09,0.32,0.97,1.0,0.47,CF,0.5,8.68
feature_0 > -1.425,1.067,0.66,,,1,0.08,0.31,0.968,1.0,0.47,CF,0.5,8.68
feature_0 > 0.201 AND feature_0 > 0.863 AND feature_0 > 1.379 AND feature_1 > -0.055,2.356,0.04,,,4,1.0,0.62,2.994,2.0,0.62,CF SingleTree,0.5,0.75
feature_0 > 0.201 AND feature_0 > 0.863 AND feature_0 > 1.379,2.214,0.08,,,3,0.94,0.6,2.671,1.0,0.57,CF SingleTree,0.5,0.75
feature_0 > 0.201 AND feature_0 > 0.863,2.008,0.18,,,2,0.85,0.58,2.23,1.0,0.52,CF SingleTree,0.5,0.75
feature_0 > 0.201,1.557,0.37,,,1,0.66,0.54,1.726,1.0,0.49,CF SingleTree,0.5,0.75
feature_0 > 0.201 AND feature_0 > 0.863 AND feature_0 <= 1.379 AND feature_1 > 0.297,2.04,0.04,,,4,0.87,0.54,2.447,2.0,0.51,CF SingleTree,0.5,0.75
