condition,t_est,distance,T0,T1,depth,norm_cate,score,t,features,true_score,algorithm,k,execution_time
feature_2 > -1.159 AND feature_0 > -0.089 AND feature_0 > 0.846 AND feature_1 > 0.214 AND feature_7 <= -0.245 AND feature_7 > -0.637,4.956,0.01,-0.04,4.92,6,1.0,0.6,2.654,4.0,0.6,CT on D,1,
feature_2 > -1.159 AND feature_0 > -0.089 AND feature_0 > 0.846 AND feature_1 > 0.214 AND feature_7 <= -0.245 AND feature_7 > -0.637,4.956,0.01,-0.04,4.92,6,1.0,0.6,2.654,4.0,0.6,CT on D,3,
feature_2 > -1.159,0.873,0.94,0.98,1.85,1,0.18,0.48,0.796,1.0,0.56,CT on D,3,
feature_2 > -1.159 AND feature_0 > -0.089 AND feature_0 > 0.846 AND feature_1 > 0.214 AND feature_7 <= -0.245,3.845,0.04,0.88,4.72,5,0.78,0.48,2.654,4.0,0.62,CT on D,3,
feature_2 > -1.159 AND feature_0 > -0.089 AND feature_0 > 0.846 AND feature_1 > 0.214 AND feature_7 <= -0.245 AND feature_7 > -0.637,4.956,0.01,-0.04,4.92,6,1.0,0.6,2.654,4.0,0.6,CT on D,5,
feature_2 > -1.159,0.873,0.94,0.98,1.85,1,0.18,0.48,0.796,1.0,0.56,CT on D,5,
feature_2 > -1.159 AND feature_0 > -0.089 AND feature_0 > 0.846 AND feature_1 > 0.214 AND feature_7 <= -0.245,3.845,0.04,0.88,4.72,5,0.78,0.48,2.654,4.0,0.62,CT on D,5,
feature_2 <= -1.159 AND feature_0 > 0.499 AND feature_1 > 0.492,3.664,0.0,0.99,4.65,3,0.74,0.44,2.623,3.0,0.59,CT on D,5,
feature_2 > -1.159 AND feature_0 > -0.089 AND feature_0 <= 0.846 AND feature_1 > 1.369 AND feature_3 <= -0.439,3.521,0.01,1.04,4.56,5,0.71,0.43,2.304,4.0,0.52,CT on D,5,
feature_2 > -1.159 AND feature_0 > -0.089 AND feature_0 > 0.846 AND feature_1 > 0.214 AND feature_7 <= -0.245 AND feature_7 > -0.637,4.956,0.01,-0.04,4.92,6,1.0,0.6,2.654,4.0,0.6,CT on D,7,
feature_2 > -1.159,0.873,0.94,0.98,1.85,1,0.18,0.48,0.796,1.0,0.56,CT on D,7,
feature_2 > -1.159 AND feature_0 > -0.089 AND feature_0 > 0.846 AND feature_1 > 0.214 AND feature_7 <= -0.245,3.845,0.04,0.88,4.72,5,0.78,0.48,2.654,4.0,0.62,CT on D,7,
feature_2 <= -1.159 AND feature_0 > 0.499 AND feature_1 > 0.492,3.664,0.0,0.99,4.65,3,0.74,0.44,2.623,3.0,0.59,CT on D,7,
feature_2 > -1.159 AND feature_0 > -0.089 AND feature_0 <= 0.846 AND feature_1 > 1.369 AND feature_3 <= -0.439,3.521,0.01,1.04,4.56,5,0.71,0.43,2.304,4.0,0.52,CT on D,7,
feature_2 > -1.159 AND feature_0 > -0.089,1.659,0.51,0.85,2.5,2,0.33,0.4,1.541,2.0,0.55,CT on D,7,
feature_2 > -1.159 AND feature_0 > -0.089 AND feature_0 > 0.846 AND feature_1 > 0.214,3.041,0.08,1.31,4.35,4,0.61,0.4,2.645,3.0,0.63,CT on D,7,
feature_2 > -1.159 AND feature_0 > -0.089 AND feature_0 > 0.846 AND feature_1 > 0.214 AND feature_7 <= -0.245 AND feature_7 > -0.637,4.956,0.01,-0.04,4.92,6,1.0,0.6,2.654,4.0,0.6,CT on D,10,
feature_2 > -1.159,0.873,0.94,0.98,1.85,1,0.18,0.48,0.796,1.0,0.56,CT on D,10,
feature_2 > -1.159 AND feature_0 > -0.089 AND feature_0 > 0.846 AND feature_1 > 0.214 AND feature_7 <= -0.245,3.845,0.04,0.88,4.72,5,0.78,0.48,2.654,4.0,0.62,CT on D,10,
feature_2 <= -1.159 AND feature_0 > 0.499 AND feature_1 > 0.492,3.664,0.0,0.99,4.65,3,0.74,0.44,2.623,3.0,0.59,CT on D,10,
feature_2 > -1.159 AND feature_0 > -0.089 AND feature_0 <= 0.846 AND feature_1 > 1.369 AND feature_3 <= -0.439,3.521,0.01,1.04,4.56,5,0.71,0.43,2.304,4.0,0.52,CT on D,10,
feature_2 > -1.159 AND feature_0 > -0.089,1.659,0.51,0.85,2.5,2,0.33,0.4,1.541,2.0,0.55,CT on D,10,
feature_2 > -1.159 AND feature_0 > -0.089 AND feature_0 > 0.846 AND feature_1 > 0.214,3.041,0.08,1.31,4.35,4,0.61,0.4,2.645,3.0,0.63,CT on D,10,
feature_2 > -1.159 AND feature_0 > -0.089 AND feature_0 > 0.846 AND feature_1 > 0.214 AND feature_7 <= -0.245 AND feature_7 <= -0.637,3.227,0.02,1.38,4.61,6,0.65,0.4,2.654,4.0,0.61,CT on D,10,
feature_2 > -1.159 AND feature_0 > -0.089 AND feature_0 > 0.846 AND feature_1 > 0.214 AND feature_7 > -0.245 AND feature_6 <= 0.046,2.992,0.03,1.35,4.34,6,0.6,0.37,2.628,5.0,0.61,CT on D,10,
feature_2 > -1.159 AND feature_0 > -0.089 AND feature_0 > 0.846,2.324,0.19,0.97,3.3,3,0.47,0.36,2.194,2.0,0.57,CT on D,10,
feature_0 <= 2.171 AND feature_0 > 0.002 AND feature_0 > 1.275 AND feature_1 > -0.678 AND feature_7 <= 0.261 AND feature_1 > 0.201,3.913,0.02,1.07,4.99,6,1.0,0.61,2.885,3.0,0.61,CT on P,1,
feature_0 <= 2.171 AND feature_0 > 0.002 AND feature_0 > 1.275 AND feature_1 > -0.678 AND feature_7 <= 0.261 AND feature_1 > 0.201,3.913,0.02,1.07,4.99,6,1.0,0.61,2.885,3.0,0.61,CT on P,3,
feature_0 <= 2.171 AND feature_0 > 0.002 AND feature_0 > 1.275 AND feature_1 > -0.678 AND feature_7 <= 0.261,3.481,0.04,0.77,4.25,5,0.89,0.55,2.583,3.0,0.55,CT on P,3,
feature_0 <= 2.171,0.857,0.99,0.99,1.85,1,0.22,0.53,0.762,1.0,0.55,CT on P,3,
feature_0 <= 2.171 AND feature_0 > 0.002 AND feature_0 > 1.275 AND feature_1 > -0.678 AND feature_7 <= 0.261 AND feature_1 > 0.201,3.913,0.02,1.07,4.99,6,1.0,0.61,2.885,3.0,0.54,CT on P,5,
feature_0 <= 2.171 AND feature_0 > 0.002 AND feature_0 > 1.275 AND feature_1 > -0.678 AND feature_7 <= 0.261,3.481,0.04,0.77,4.25,5,0.89,0.55,2.583,3.0,0.49,CT on P,5,
feature_0 <= 2.171,0.857,0.99,0.99,1.85,1,0.22,0.53,0.762,1.0,0.54,CT on P,5,
feature_0 <= 2.171 AND feature_0 > 0.002 AND feature_0 > 1.275 AND feature_1 > -0.678,2.992,0.06,1.02,4.01,4,0.76,0.48,2.574,2.0,0.5,CT on P,5,
feature_0 > 2.171,3.049,0.01,1.63,4.68,1,0.78,0.47,3.275,1.0,0.6,CT on P,5,
feature_0 <= 2.171 AND feature_0 > 0.002 AND feature_0 > 1.275 AND feature_1 > -0.678 AND feature_7 <= 0.261 AND feature_1 > 0.201,3.913,0.02,1.07,4.99,6,1.0,0.61,2.885,3.0,0.54,CT on P,7,
feature_0 <= 2.171 AND feature_0 > 0.002 AND feature_0 > 1.275 AND feature_1 > -0.678 AND feature_7 <= 0.261,3.481,0.04,0.77,4.25,5,0.89,0.55,2.583,3.0,0.49,CT on P,7,
feature_0 <= 2.171,0.857,0.99,0.99,1.85,1,0.22,0.53,0.762,1.0,0.54,CT on P,7,
feature_0 <= 2.171 AND feature_0 > 0.002 AND feature_0 > 1.275 AND feature_1 > -0.678,2.992,0.06,1.02,4.01,4,0.76,0.48,2.574,2.0,0.5,CT on P,7,
feature_0 > 2.171,3.049,0.01,1.63,4.68,1,0.78,0.47,3.275,1.0,0.6,CT on P,7,
feature_0 <= 2.171 AND feature_0 > 0.002 AND feature_0 > 1.275 AND feature_1 > -0.678 AND feature_7 <= 0.261 AND feature_1 <= 0.201,2.944,0.02,0.4,3.34,6,0.75,0.46,2.2,3.0,0.41,CT on P,7,
feature_0 <= 2.171 AND feature_0 > 0.002,1.67,0.48,0.84,2.51,2,0.43,0.45,1.553,1.0,0.48,CT on P,7,
feature_0 <= 2.171 AND feature_0 > 0.002 AND feature_0 > 1.275 AND feature_1 > -0.678 AND feature_7 <= 0.261 AND feature_1 > 0.201,3.913,0.02,1.07,4.99,6,1.0,0.61,2.885,3.0,0.54,CT on P,10,
feature_0 <= 2.171 AND feature_0 > 0.002 AND feature_0 > 1.275 AND feature_1 > -0.678 AND feature_7 <= 0.261,3.481,0.04,0.77,4.25,5,0.89,0.55,2.583,3.0,0.49,CT on P,10,
feature_0 <= 2.171,0.857,0.99,0.99,1.85,1,0.22,0.53,0.762,1.0,0.54,CT on P,10,
feature_0 <= 2.171 AND feature_0 > 0.002 AND feature_0 > 1.275 AND feature_1 > -0.678,2.992,0.06,1.02,4.01,4,0.76,0.48,2.574,2.0,0.5,CT on P,10,
feature_0 > 2.171,3.049,0.01,1.63,4.68,1,0.78,0.47,3.275,1.0,0.6,CT on P,10,
feature_0 <= 2.171 AND feature_0 > 0.002 AND feature_0 > 1.275 AND feature_1 > -0.678 AND feature_7 <= 0.261 AND feature_1 <= 0.201,2.944,0.02,0.4,3.34,6,0.75,0.46,2.2,3.0,0.41,CT on P,10,
feature_0 <= 2.171 AND feature_0 > 0.002,1.67,0.48,0.84,2.51,2,0.43,0.45,1.553,1.0,0.48,CT on P,10,
feature_0 <= 2.171 AND feature_0 > 0.002 AND feature_0 > 1.275,2.584,0.09,0.87,3.46,3,0.66,0.43,2.404,1.0,0.48,CT on P,10,
feature_0 <= 2.171 AND feature_0 > 0.002 AND feature_0 <= 1.275 AND feature_1 > -0.908 AND feature_3 <= 1.577 AND feature_7 <= 1.548,1.786,0.29,0.67,2.46,6,0.46,0.39,1.497,4.0,0.39,CT on P,10,
feature_0 <= 2.171 AND feature_0 > 0.002 AND feature_0 <= 1.275 AND feature_1 > -0.908 AND feature_3 <= 1.577,1.71,0.31,0.71,2.42,5,0.44,0.39,1.495,3.0,0.4,CT on P,10,
feature_0 <= -0.02 AND feature_1 > 1.647 AND feature_4 <= -0.55 AND feature_9 > -0.299,20.29,0.0,,,4,1.0,0.6,1.479,4.0,0.6,CF,1,5.3
feature_0 <= -0.02 AND feature_1 > 1.647 AND feature_4 <= -0.55 AND feature_9 > -0.299,20.29,0.0,,,4,1.0,0.6,1.479,4.0,0.6,CF,3,5.3
feature_0 <= 1.287,0.881,0.76,,,1,0.04,0.33,0.609,1.0,0.55,CF,3,5.3
feature_1 <= 1.094,0.76,0.73,,,1,0.04,0.31,0.643,1.0,0.55,CF,3,5.3
feature_0 <= -0.02 AND feature_1 > 1.647 AND feature_4 <= -0.55 AND feature_9 > -0.299,20.29,0.0,,,4,1.0,0.6,1.479,4.0,0.6,CF,5,5.3
feature_0 <= 1.287,0.881,0.76,,,1,0.04,0.33,0.609,1.0,0.55,CF,5,5.3
feature_1 <= 1.094,0.76,0.73,,,1,0.04,0.31,0.643,1.0,0.55,CF,5,5.3
feature_0 > -0.95,1.053,0.7,,,1,0.05,0.31,1.107,1.0,0.73,CF,5,5.3
feature_0 > -0.909,1.041,0.69,,,1,0.05,0.31,1.125,1.0,0.73,CF,5,5.3
feature_0 <= -0.02 AND feature_1 > 1.647 AND feature_4 <= -0.55 AND feature_9 > -0.299,20.29,0.0,,,4,1.0,0.6,1.479,4.0,0.6,CF,7,5.3
feature_0 <= 1.287,0.881,0.76,,,1,0.04,0.33,0.609,1.0,0.55,CF,7,5.3
feature_1 <= 1.094,0.76,0.73,,,1,0.04,0.31,0.643,1.0,0.55,CF,7,5.3
feature_0 > -0.95,1.053,0.7,,,1,0.05,0.31,1.107,1.0,0.73,CF,7,5.3
feature_0 > -0.909,1.041,0.69,,,1,0.05,0.31,1.125,1.0,0.73,CF,7,5.3
feature_0 > -0.902,0.939,0.69,,,1,0.05,0.3,1.127,1.0,0.73,CF,7,5.3
feature_0 <= 0.931,0.69,0.7,,,1,0.03,0.3,0.491,1.0,0.48,CF,7,5.3
feature_0 <= -0.02 AND feature_1 > 1.647 AND feature_4 <= -0.55 AND feature_9 > -0.299,20.29,0.0,,,4,1.0,0.6,1.479,4.0,0.6,CF,10,5.3
feature_0 <= 1.287,0.881,0.76,,,1,0.04,0.33,0.609,1.0,0.55,CF,10,5.3
feature_1 <= 1.094,0.76,0.73,,,1,0.04,0.31,0.643,1.0,0.55,CF,10,5.3
feature_0 > -0.95,1.053,0.7,,,1,0.05,0.31,1.107,1.0,0.73,CF,10,5.3
feature_0 > -0.909,1.041,0.69,,,1,0.05,0.31,1.125,1.0,0.73,CF,10,5.3
feature_0 > -0.902,0.939,0.69,,,1,0.05,0.3,1.127,1.0,0.73,CF,10,5.3
feature_0 <= 0.931,0.69,0.7,,,1,0.03,0.3,0.491,1.0,0.48,CF,10,5.3
feature_0 > -0.641,1.354,0.64,,,1,0.07,0.3,1.241,1.0,0.76,CF,10,5.3
feature_0 > -0.648,1.162,0.64,,,1,0.06,0.29,1.237,1.0,0.76,CF,10,5.3
feature_0 <= 0.846,0.485,0.68,,,1,0.02,0.29,0.454,1.0,0.46,CF,10,5.3
feature_0 > 0.188 AND feature_0 > 0.771 AND feature_1 > 0.955 AND feature_1 > 1.405,2.725,0.01,,,4,1.0,0.6,3.254,2.0,0.6,CF SingleTree,1,0.57
feature_0 > 0.188 AND feature_0 > 0.771 AND feature_1 > 0.955 AND feature_1 > 1.405,2.725,0.01,,,4,1.0,0.6,3.254,2.0,0.6,CF SingleTree,3,0.57
feature_0 > 0.188 AND feature_0 > 0.771 AND feature_1 > 0.955,2.55,0.04,,,3,0.94,0.58,2.945,2.0,0.56,CF SingleTree,3,0.57
feature_0 > 0.188 AND feature_0 > 0.771 AND feature_1 > 0.955 AND feature_1 <= 1.405,2.415,0.02,,,4,0.89,0.54,2.705,2.0,0.51,CF SingleTree,3,0.57
feature_0 > 0.188 AND feature_0 > 0.771 AND feature_1 > 0.955 AND feature_1 > 1.405,2.725,0.01,,,4,1.0,0.6,3.254,2.0,0.6,CF SingleTree,5,0.57
feature_0 > 0.188 AND feature_0 > 0.771 AND feature_1 > 0.955,2.55,0.04,,,3,0.94,0.58,2.945,2.0,0.56,CF SingleTree,5,0.57
feature_0 > 0.188 AND feature_0 > 0.771 AND feature_1 > 0.955 AND feature_1 <= 1.405,2.415,0.02,,,4,0.89,0.54,2.705,2.0,0.51,CF SingleTree,5,0.57
feature_0 > 0.188,1.647,0.38,,,1,0.6,0.51,1.723,1.0,0.47,CF SingleTree,5,0.57
feature_0 > 0.188 AND feature_0 > 0.771,1.95,0.21,,,2,0.72,0.51,2.147,1.0,0.48,CF SingleTree,5,0.57
feature_0 > 0.188 AND feature_0 > 0.771 AND feature_1 > 0.955 AND feature_1 > 1.405,2.725,0.01,,,4,1.0,0.6,3.254,2.0,0.6,CF SingleTree,7,0.57
feature_0 > 0.188 AND feature_0 > 0.771 AND feature_1 > 0.955,2.55,0.04,,,3,0.94,0.58,2.945,2.0,0.56,CF SingleTree,7,0.57
feature_0 > 0.188 AND feature_0 > 0.771 AND feature_1 > 0.955 AND feature_1 <= 1.405,2.415,0.02,,,4,0.89,0.54,2.705,2.0,0.51,CF SingleTree,7,0.57
feature_0 > 0.188,1.647,0.38,,,1,0.6,0.51,1.723,1.0,0.47,CF SingleTree,7,0.57
feature_0 > 0.188 AND feature_0 > 0.771,1.95,0.21,,,2,0.72,0.51,2.147,1.0,0.48,CF SingleTree,7,0.57
feature_0 > 0.188 AND feature_0 <= 0.771 AND feature_1 > 0.974 AND feature_0 > 0.373,2.16,0.02,,,4,0.79,0.48,2.282,2.0,0.43,CF SingleTree,7,0.57
feature_0 > 0.188 AND feature_0 > 0.771 AND feature_1 <= 0.955,1.827,0.18,,,3,0.67,0.47,1.982,2.0,0.44,CF SingleTree,7,0.57
feature_0 > 0.188 AND feature_0 > 0.771 AND feature_1 > 0.955 AND feature_1 > 1.405,2.725,0.01,,,4,1.0,0.6,3.254,2.0,0.6,CF SingleTree,10,0.57
feature_0 > 0.188 AND feature_0 > 0.771 AND feature_1 > 0.955,2.55,0.04,,,3,0.94,0.58,2.945,2.0,0.56,CF SingleTree,10,0.57
feature_0 > 0.188 AND feature_0 > 0.771 AND feature_1 > 0.955 AND feature_1 <= 1.405,2.415,0.02,,,4,0.89,0.54,2.705,2.0,0.51,CF SingleTree,10,0.57
feature_0 > 0.188,1.647,0.38,,,1,0.6,0.51,1.723,1.0,0.47,CF SingleTree,10,0.57
feature_0 > 0.188 AND feature_0 > 0.771,1.95,0.21,,,2,0.72,0.51,2.147,1.0,0.48,CF SingleTree,10,0.57
feature_0 > 0.188 AND feature_0 <= 0.771 AND feature_1 > 0.974 AND feature_0 > 0.373,2.16,0.02,,,4,0.79,0.48,2.282,2.0,0.43,CF SingleTree,10,0.57
feature_0 > 0.188 AND feature_0 > 0.771 AND feature_1 <= 0.955,1.827,0.18,,,3,0.67,0.47,1.982,2.0,0.44,CF SingleTree,10,0.57
feature_0 > 0.188 AND feature_0 > 0.771 AND feature_1 <= 0.955 AND feature_1 > 0.169,2.004,0.06,,,4,0.74,0.47,2.353,2.0,0.46,CF SingleTree,10,0.57
feature_0 > 0.188 AND feature_0 <= 0.771 AND feature_1 > 0.974,2.02,0.03,,,3,0.74,0.46,2.162,2.0,0.41,CF SingleTree,10,0.57
feature_0 > 0.188 AND feature_0 > 0.771 AND feature_1 <= 0.955 AND feature_1 <= 0.169,1.74,0.12,,,4,0.64,0.43,1.8,2.0,0.38,CF SingleTree,10,0.57
feature_8 <= 0.311 AND feature_0 <= 2.014 AND feature_0 > -0.368 AND feature_1 > 0.5 AND feature_5 > 0.379 AND feature_0 > 0.691,3.998,0.02,1.25,5.25,6,1.0,0.61,2.597,4.0,0.61,CT on D,1,
feature_8 <= 0.311 AND feature_0 <= 2.014 AND feature_0 > -0.368 AND feature_1 > 0.5 AND feature_5 > 0.379 AND feature_0 > 0.691,3.998,0.02,1.25,5.25,6,1.0,0.61,2.597,4.0,0.61,CT on D,3,
feature_8 > 0.311 AND feature_2 <= 0.484 AND feature_3 <= 0.576 AND feature_4 > -1.572 AND feature_0 > -0.122 AND feature_1 > 1.181,3.51,0.01,0.73,4.24,6,0.88,0.53,2.531,6.0,0.59,CT on D,3,
feature_8 <= 0.311 AND feature_0 <= 2.014 AND feature_0 > -0.368 AND feature_1 > 0.5 AND feature_5 > 0.379,3.089,0.04,0.82,3.91,5,0.77,0.48,1.982,4.0,0.47,CT on D,3,
feature_8 <= 0.311 AND feature_0 <= 2.014 AND feature_0 > -0.368 AND feature_1 > 0.5 AND feature_5 > 0.379 AND feature_0 > 0.691,3.998,0.02,1.25,5.25,6,1.0,0.61,2.597,4.0,0.49,CT on D,5,
feature_8 > 0.311 AND feature_2 <= 0.484 AND feature_3 <= 0.576 AND feature_4 > -1.572 AND feature_0 > -0.122 AND feature_1 > 1.181,3.51,0.01,0.73,4.24,6,0.88,0.53,2.531,6.0,0.48,CT on D,5,
feature_8 <= 0.311 AND feature_0 <= 2.014 AND feature_0 > -0.368 AND feature_1 > 0.5 AND feature_5 > 0.379,3.089,0.04,0.82,3.91,5,0.77,0.48,1.982,4.0,0.39,CT on D,5,
feature_8 <= 0.311 AND feature_0 <= 2.014 AND feature_0 > -0.368 AND feature_1 > 0.5 AND feature_5 <= 0.379 AND feature_5 <= -0.867,3.077,0.02,0.69,3.76,6,0.77,0.47,1.956,4.0,0.37,CT on D,5,
feature_8 <= 0.311 AND feature_0 > 2.014,2.922,0.01,1.5,4.42,2,0.73,0.44,3.203,2.0,0.6,CT on D,5,
feature_8 <= 0.311 AND feature_0 <= 2.014 AND feature_0 > -0.368 AND feature_1 > 0.5 AND feature_5 > 0.379 AND feature_0 > 0.691,3.998,0.02,1.25,5.25,6,1.0,0.61,2.597,4.0,0.49,CT on D,7,
feature_8 > 0.311 AND feature_2 <= 0.484 AND feature_3 <= 0.576 AND feature_4 > -1.572 AND feature_0 > -0.122 AND feature_1 > 1.181,3.51,0.01,0.73,4.24,6,0.88,0.53,2.531,6.0,0.48,CT on D,7,
feature_8 <= 0.311 AND feature_0 <= 2.014 AND feature_0 > -0.368 AND feature_1 > 0.5 AND feature_5 > 0.379,3.089,0.04,0.82,3.91,5,0.77,0.48,1.982,4.0,0.39,CT on D,7,
feature_8 <= 0.311 AND feature_0 <= 2.014 AND feature_0 > -0.368 AND feature_1 > 0.5 AND feature_5 <= 0.379 AND feature_5 <= -0.867,3.077,0.02,0.69,3.76,6,0.77,0.47,1.956,4.0,0.37,CT on D,7,
feature_8 <= 0.311 AND feature_0 > 2.014,2.922,0.01,1.5,4.42,2,0.73,0.44,3.203,2.0,0.6,CT on D,7,
feature_8 <= 0.311 AND feature_0 <= 2.014 AND feature_0 > -0.368 AND feature_1 > 0.5,2.615,0.12,0.97,3.58,4,0.65,0.44,1.98,3.0,0.42,CT on D,7,
feature_8 <= 0.311 AND feature_0 <= 2.014 AND feature_0 > -0.368 AND feature_1 <= 0.5 AND feature_0 > 1.119 AND feature_5 > -0.057,2.78,0.03,0.32,3.1,6,0.7,0.43,2.013,4.0,0.39,CT on D,7,
feature_8 <= 0.311 AND feature_0 <= 2.014 AND feature_0 > -0.368 AND feature_1 > 0.5 AND feature_5 > 0.379 AND feature_0 > 0.691,3.998,0.02,1.25,5.25,6,1.0,0.61,2.597,4.0,0.49,CT on D,10,
feature_8 > 0.311 AND feature_2 <= 0.484 AND feature_3 <= 0.576 AND feature_4 > -1.572 AND feature_0 > -0.122 AND feature_1 > 1.181,3.51,0.01,0.73,4.24,6,0.88,0.53,2.531,6.0,0.48,CT on D,10,
feature_8 <= 0.311 AND feature_0 <= 2.014 AND feature_0 > -0.368 AND feature_1 > 0.5 AND feature_5 > 0.379,3.089,0.04,0.82,3.91,5,0.77,0.48,1.982,4.0,0.39,CT on D,10,
feature_8 <= 0.311 AND feature_0 <= 2.014 AND feature_0 > -0.368 AND feature_1 > 0.5 AND feature_5 <= 0.379 AND feature_5 <= -0.867,3.077,0.02,0.69,3.76,6,0.77,0.47,1.956,4.0,0.37,CT on D,10,
feature_8 <= 0.311 AND feature_0 > 2.014,2.922,0.01,1.5,4.42,2,0.73,0.44,3.203,2.0,0.6,CT on D,10,
feature_8 <= 0.311 AND feature_0 <= 2.014 AND feature_0 > -0.368 AND feature_1 > 0.5,2.615,0.12,0.97,3.58,4,0.65,0.44,1.98,3.0,0.42,CT on D,10,
feature_8 <= 0.311 AND feature_0 <= 2.014 AND feature_0 > -0.368 AND feature_1 <= 0.5 AND feature_0 > 1.119 AND feature_5 > -0.057,2.78,0.03,0.32,3.1,6,0.7,0.43,2.013,4.0,0.39,CT on D,10,
feature_8 <= 0.311 AND feature_0 <= 2.014 AND feature_0 > -0.368 AND feature_1 > 0.5 AND feature_5 > 0.379 AND feature_0 <= 0.691,2.517,0.03,0.55,3.06,6,0.63,0.39,1.594,4.0,0.31,CT on D,10,
feature_8 <= 0.311 AND feature_0 <= 2.014 AND feature_0 > -0.368 AND feature_1 > 0.5 AND feature_5 <= 0.379,2.369,0.08,1.05,3.42,5,0.59,0.39,1.978,4.0,0.4,CT on D,10,
feature_8 <= 0.311 AND feature_0 <= 2.014 AND feature_0 > -0.368,1.572,0.36,0.78,2.35,3,0.39,0.38,1.358,2.0,0.4,CT on D,10,
feature_8 <= 0.372 AND feature_0 <= 1.965 AND feature_0 > -0.417 AND feature_1 > 0.527 AND feature_9 > -0.382 AND feature_0 > 0.671,3.652,0.03,0.95,4.6,6,1.0,0.61,2.567,4.0,0.61,CT on P,1,
feature_8 <= 0.372 AND feature_0 <= 1.965 AND feature_0 > -0.417 AND feature_1 > 0.527 AND feature_9 > -0.382 AND feature_0 > 0.671,3.652,0.03,0.95,4.6,6,1.0,0.61,2.567,4.0,0.5,CT on P,3,
feature_8 <= 0.372 AND feature_0 <= 1.965 AND feature_0 > -0.417 AND feature_1 > 0.527 AND feature_9 > -0.382,2.956,0.08,0.77,3.72,5,0.81,0.52,1.949,4.0,0.4,CT on P,3,
feature_8 <= 0.372 AND feature_0 > 1.965,3.092,0.02,1.51,4.6,2,0.85,0.52,3.138,2.0,0.61,CT on P,3,
feature_8 <= 0.372 AND feature_0 <= 1.965 AND feature_0 > -0.417 AND feature_1 > 0.527 AND feature_9 > -0.382 AND feature_0 > 0.671,3.652,0.03,0.95,4.6,6,1.0,0.61,2.567,4.0,0.5,CT on P,5,
feature_8 <= 0.372 AND feature_0 <= 1.965 AND feature_0 > -0.417 AND feature_1 > 0.527 AND feature_9 > -0.382,2.956,0.08,0.77,3.72,5,0.81,0.52,1.949,4.0,0.4,CT on P,5,
feature_8 <= 0.372 AND feature_0 > 1.965,3.092,0.02,1.51,4.6,2,0.85,0.52,3.138,2.0,0.61,CT on P,5,
feature_8 <= 0.372 AND feature_0 <= 1.965 AND feature_0 > -0.417 AND feature_1 > 0.527,2.646,0.13,0.99,3.63,4,0.72,0.49,1.955,3.0,0.43,CT on P,5,
feature_8 <= 0.372 AND feature_0 <= 1.965 AND feature_0 > -0.417 AND feature_1 > 0.527 AND feature_9 > -0.382 AND feature_0 <= 0.671,2.564,0.05,0.67,3.23,6,0.7,0.44,1.593,4.0,0.32,CT on P,5,
feature_8 <= 0.372 AND feature_0 <= 1.965 AND feature_0 > -0.417 AND feature_1 > 0.527 AND feature_9 > -0.382 AND feature_0 > 0.671,3.652,0.03,0.95,4.6,6,1.0,0.61,2.567,4.0,0.5,CT on P,7,
feature_8 <= 0.372 AND feature_0 <= 1.965 AND feature_0 > -0.417 AND feature_1 > 0.527 AND feature_9 > -0.382,2.956,0.08,0.77,3.72,5,0.81,0.52,1.949,4.0,0.4,CT on P,7,
feature_8 <= 0.372 AND feature_0 > 1.965,3.092,0.02,1.51,4.6,2,0.85,0.52,3.138,2.0,0.61,CT on P,7,
feature_8 <= 0.372 AND feature_0 <= 1.965 AND feature_0 > -0.417 AND feature_1 > 0.527,2.646,0.13,0.99,3.63,4,0.72,0.49,1.955,3.0,0.43,CT on P,7,
feature_8 <= 0.372 AND feature_0 <= 1.965 AND feature_0 > -0.417 AND feature_1 > 0.527 AND feature_9 > -0.382 AND feature_0 <= 0.671,2.564,0.05,0.67,3.23,6,0.7,0.44,1.593,4.0,0.32,CT on P,7,
feature_8 > 0.372 AND feature_2 <= 0.484 AND feature_3 > 0.576 AND feature_0 <= -0.14 AND feature_1 <= -0.16,2.538,0.01,2.79,0.25,5,0.69,0.42,0.485,5.0,0.1,CT on P,7,
feature_8 <= 0.372 AND feature_0 <= 1.965 AND feature_0 > -0.417,1.533,0.41,0.88,2.42,3,0.42,0.42,1.321,2.0,0.42,CT on P,7,
feature_8 <= 0.372 AND feature_0 <= 1.965 AND feature_0 > -0.417 AND feature_1 > 0.527 AND feature_9 > -0.382 AND feature_0 > 0.671,3.652,0.03,0.95,4.6,6,1.0,0.61,2.567,4.0,0.5,CT on P,10,
feature_8 <= 0.372 AND feature_0 <= 1.965 AND feature_0 > -0.417 AND feature_1 > 0.527 AND feature_9 > -0.382,2.956,0.08,0.77,3.72,5,0.81,0.52,1.949,4.0,0.4,CT on P,10,
feature_8 <= 0.372 AND feature_0 > 1.965,3.092,0.02,1.51,4.6,2,0.85,0.52,3.138,2.0,0.61,CT on P,10,
feature_8 <= 0.372 AND feature_0 <= 1.965 AND feature_0 > -0.417 AND feature_1 > 0.527,2.646,0.13,0.99,3.63,4,0.72,0.49,1.955,3.0,0.43,CT on P,10,
feature_8 <= 0.372 AND feature_0 <= 1.965 AND feature_0 > -0.417 AND feature_1 > 0.527 AND feature_9 > -0.382 AND feature_0 <= 0.671,2.564,0.05,0.67,3.23,6,0.7,0.44,1.593,4.0,0.32,CT on P,10,
feature_8 > 0.372 AND feature_2 <= 0.484 AND feature_3 > 0.576 AND feature_0 <= -0.14 AND feature_1 <= -0.16,2.538,0.01,2.79,0.25,5,0.69,0.42,0.485,5.0,0.1,CT on P,10,
feature_8 <= 0.372 AND feature_0 <= 1.965 AND feature_0 > -0.417,1.533,0.41,0.88,2.42,3,0.42,0.42,1.321,2.0,0.42,CT on P,10,
feature_8 <= 0.372 AND feature_0 <= 1.965 AND feature_0 > -0.417 AND feature_1 > 0.527 AND feature_9 <= -0.382 AND feature_1 > 0.817,2.435,0.03,1.19,3.62,6,0.67,0.41,2.107,4.0,0.41,CT on P,10,
feature_8 > 0.372 AND feature_2 <= 0.484 AND feature_3 <= 0.576 AND feature_4 <= 1.614 AND feature_0 > -0.092 AND feature_1 > -0.624,2.337,0.07,0.26,2.6,6,0.64,0.41,1.688,6.0,0.35,CT on P,10,
feature_8 <= 0.372,0.939,0.64,1.0,1.94,1,0.26,0.41,0.824,1.0,0.41,CT on P,10,
feature_0 <= 0.665 AND feature_4 > 0.958 AND feature_3 <= -0.507 AND feature_1 > 1.494,59.459,0.0,,,4,1.0,0.6,1.612,4.0,0.6,CF,1,4.66
feature_0 <= 0.665 AND feature_4 > 0.958 AND feature_3 <= -0.507 AND feature_1 > 1.494,59.459,0.0,,,4,1.0,0.6,1.612,4.0,0.6,CF,3,4.66
feature_1 > -1.373,0.889,0.81,,,1,0.01,0.33,0.885,1.0,0.65,CF,3,4.66
feature_0 > -1.131,1.141,0.78,,,1,0.02,0.32,1.066,1.0,0.71,CF,3,4.66
feature_0 <= 0.665 AND feature_4 > 0.958 AND feature_3 <= -0.507 AND feature_1 > 1.494,59.459,0.0,,,4,1.0,0.6,1.612,4.0,0.6,CF,5,4.66
feature_1 > -1.373,0.889,0.81,,,1,0.01,0.33,0.885,1.0,0.65,CF,5,4.66
feature_0 > -1.131,1.141,0.78,,,1,0.02,0.32,1.066,1.0,0.71,CF,5,4.66
feature_0 > -1.016,1.075,0.76,,,1,0.02,0.31,1.109,1.0,0.72,CF,5,4.66
feature_0 > -0.971,1.281,0.75,,,1,0.02,0.31,1.126,1.0,0.72,CF,5,4.66
feature_0 <= 0.665 AND feature_4 > 0.958 AND feature_3 <= -0.507 AND feature_1 > 1.494,59.459,0.0,,,4,1.0,0.6,1.612,4.0,0.6,CF,7,4.66
feature_1 > -1.373,0.889,0.81,,,1,0.01,0.33,0.885,1.0,0.65,CF,7,4.66
feature_0 > -1.131,1.141,0.78,,,1,0.02,0.32,1.066,1.0,0.71,CF,7,4.66
feature_0 > -1.016,1.075,0.76,,,1,0.02,0.31,1.109,1.0,0.72,CF,7,4.66
feature_0 > -0.971,1.281,0.75,,,1,0.02,0.31,1.126,1.0,0.72,CF,7,4.66
feature_0 > -0.966,1.226,0.75,,,1,0.02,0.31,1.128,1.0,0.72,CF,7,4.66
feature_0 > -0.971,1.197,0.75,,,1,0.02,0.31,1.126,1.0,0.72,CF,7,4.66
feature_0 <= 0.665 AND feature_4 > 0.958 AND feature_3 <= -0.507 AND feature_1 > 1.494,59.459,0.0,,,4,1.0,0.6,1.612,4.0,0.6,CF,10,4.66
feature_1 > -1.373,0.889,0.81,,,1,0.01,0.33,0.885,1.0,0.65,CF,10,4.66
feature_0 > -1.131,1.141,0.78,,,1,0.02,0.32,1.066,1.0,0.71,CF,10,4.66
feature_0 > -1.016,1.075,0.76,,,1,0.02,0.31,1.109,1.0,0.72,CF,10,4.66
feature_0 > -0.971,1.281,0.75,,,1,0.02,0.31,1.126,1.0,0.72,CF,10,4.66
feature_0 > -0.966,1.226,0.75,,,1,0.02,0.31,1.128,1.0,0.72,CF,10,4.66
feature_0 > -0.971,1.197,0.75,,,1,0.02,0.31,1.126,1.0,0.72,CF,10,4.66
feature_0 > -0.959,1.047,0.75,,,1,0.02,0.31,1.131,1.0,0.72,CF,10,4.66
feature_0 <= 1.004,0.721,0.75,,,1,0.01,0.31,0.535,1.0,0.5,CF,10,4.66
feature_0 > -0.952,1.113,0.74,,,1,0.02,0.31,1.135,1.0,0.72,CF,10,4.66
feature_0 > -0.291 AND feature_0 > 0.394 AND feature_1 > 0.468 AND feature_1 > 1.095,2.167,0.05,,,4,1.0,0.62,2.866,2.0,0.62,CF SingleTree,1,0.58
feature_0 > -0.291 AND feature_0 > 0.394 AND feature_1 > 0.468 AND feature_1 > 1.095,2.167,0.05,,,4,1.0,0.62,2.866,2.0,0.62,CF SingleTree,3,0.58
feature_0 > -0.291,1.373,0.57,,,1,0.63,0.61,1.454,1.0,0.53,CF SingleTree,3,0.58
feature_0 > -0.291 AND feature_0 > 0.394 AND feature_1 > 0.468,2.012,0.12,,,3,0.93,0.61,2.467,2.0,0.56,CF SingleTree,3,0.58
feature_0 > -0.291 AND feature_0 > 0.394 AND feature_1 > 0.468 AND feature_1 > 1.095,2.167,0.05,,,4,1.0,0.62,2.866,2.0,0.62,CF SingleTree,5,0.58
feature_0 > -0.291,1.373,0.57,,,1,0.63,0.61,1.454,1.0,0.53,CF SingleTree,5,0.58
feature_0 > -0.291 AND feature_0 > 0.394 AND feature_1 > 0.468,2.012,0.12,,,3,0.93,0.61,2.467,2.0,0.56,CF SingleTree,5,0.58
feature_0 > -0.291 AND feature_0 > 0.394,1.632,0.34,,,2,0.75,0.59,1.865,1.0,0.53,CF SingleTree,5,0.58
feature_0 > -0.291 AND feature_0 > 0.394 AND feature_1 > 0.468 AND feature_1 <= 1.095,1.9,0.07,,,4,0.88,0.55,2.179,2.0,0.48,CF SingleTree,5,0.58
feature_0 > -0.291 AND feature_0 > 0.394 AND feature_1 > 0.468 AND feature_1 > 1.095,2.167,0.05,,,4,1.0,0.62,2.866,2.0,0.62,CF SingleTree,7,0.58
feature_0 > -0.291,1.373,0.57,,,1,0.63,0.61,1.454,1.0,0.53,CF SingleTree,7,0.58
feature_0 > -0.291 AND feature_0 > 0.394 AND feature_1 > 0.468,2.012,0.12,,,3,0.93,0.61,2.467,2.0,0.56,CF SingleTree,7,0.58
feature_0 > -0.291 AND feature_0 > 0.394,1.632,0.34,,,2,0.75,0.59,1.865,1.0,0.53,CF SingleTree,7,0.58
feature_0 > -0.291 AND feature_0 > 0.394 AND feature_1 > 0.468 AND feature_1 <= 1.095,1.9,0.07,,,4,0.88,0.55,2.179,2.0,0.48,CF SingleTree,7,0.58
feature_0 > -0.291 AND feature_0 > 0.394 AND feature_1 <= 0.468 AND feature_0 > 0.991,1.645,0.11,,,4,0.76,0.5,2.026,2.0,0.47,CF SingleTree,7,0.58
feature_0 > -0.291 AND feature_0 > 0.394 AND feature_1 <= 0.468,1.448,0.24,,,3,0.67,0.5,1.574,2.0,0.43,CF SingleTree,7,0.58
feature_0 > -0.291 AND feature_0 > 0.394 AND feature_1 > 0.468 AND feature_1 > 1.095,2.167,0.05,,,4,1.0,0.62,2.866,2.0,0.62,CF SingleTree,10,0.58
feature_0 > -0.291,1.373,0.57,,,1,0.63,0.61,1.454,1.0,0.53,CF SingleTree,10,0.58
feature_0 > -0.291 AND feature_0 > 0.394 AND feature_1 > 0.468,2.012,0.12,,,3,0.93,0.61,2.467,2.0,0.56,CF SingleTree,10,0.58
feature_0 > -0.291 AND feature_0 > 0.394,1.632,0.34,,,2,0.75,0.59,1.865,1.0,0.53,CF SingleTree,10,0.58
feature_0 > -0.291 AND feature_0 > 0.394 AND feature_1 > 0.468 AND feature_1 <= 1.095,1.9,0.07,,,4,0.88,0.55,2.179,2.0,0.48,CF SingleTree,10,0.58
feature_0 > -0.291 AND feature_0 > 0.394 AND feature_1 <= 0.468 AND feature_0 > 0.991,1.645,0.11,,,4,0.76,0.5,2.026,2.0,0.47,CF SingleTree,10,0.58
feature_0 > -0.291 AND feature_0 > 0.394 AND feature_1 <= 0.468,1.448,0.24,,,3,0.67,0.5,1.574,2.0,0.43,CF SingleTree,10,0.58
feature_0 > -0.291 AND feature_0 <= 0.394 AND feature_1 > 0.703 AND feature_0 > 0.037,1.643,0.03,,,4,0.76,0.47,1.788,2.0,0.39,CF SingleTree,10,0.58
feature_0 > -0.291 AND feature_0 <= 0.394 AND feature_1 > 0.703,1.45,0.06,,,3,0.67,0.43,1.618,2.0,0.36,CF SingleTree,10,0.58
feature_0 > -0.291 AND feature_0 > 0.394 AND feature_1 <= 0.468 AND feature_0 <= 0.991,1.276,0.13,,,4,0.59,0.41,1.178,2.0,0.3,CF SingleTree,10,0.58
feature_3 > -0.969 AND feature_0 > 0.15 AND feature_0 <= 1.816 AND feature_1 <= -0.273 AND feature_6 <= -0.888 AND feature_4 > 0.233,3.311,0.02,0.1,3.41,6,1.0,0.61,1.165,5.0,0.61,CT on D,1,
feature_3 > -0.969 AND feature_0 > 0.15 AND feature_0 <= 1.816 AND feature_1 <= -0.273 AND feature_6 <= -0.888 AND feature_4 > 0.233,3.311,0.02,0.1,3.41,6,1.0,0.61,1.165,5.0,0.27,CT on D,3,
feature_3 > -0.969 AND feature_0 > 0.15 AND feature_0 > 1.816 AND feature_0 <= 2.025,3.186,0.01,0.95,4.13,4,0.96,0.58,2.702,2.0,0.6,CT on D,3,
feature_3 > -0.969 AND feature_0 <= 0.15 AND feature_0 <= -0.657 AND feature_0 <= -1.838 AND feature_1 <= 0.257,3.027,0.02,2.65,-0.37,5,0.91,0.56,1.814,3.0,0.41,CT on D,3,
feature_3 > -0.969 AND feature_0 > 0.15 AND feature_0 <= 1.816 AND feature_1 <= -0.273 AND feature_6 <= -0.888 AND feature_4 > 0.233,3.311,0.02,0.1,3.41,6,1.0,0.61,1.165,5.0,0.27,CT on D,5,
feature_3 > -0.969 AND feature_0 > 0.15 AND feature_0 > 1.816 AND feature_0 <= 2.025,3.186,0.01,0.95,4.13,4,0.96,0.58,2.702,2.0,0.6,CT on D,5,
feature_3 > -0.969 AND feature_0 <= 0.15 AND feature_0 <= -0.657 AND feature_0 <= -1.838 AND feature_1 <= 0.257,3.027,0.02,2.65,-0.37,5,0.91,0.56,1.814,3.0,0.41,CT on D,5,
feature_3 > -0.969 AND feature_0 > 0.15 AND feature_0 <= 1.816 AND feature_1 > -0.273 AND feature_9 <= -1.35,3.01,0.02,0.16,3.17,5,0.91,0.55,1.839,4.0,0.42,CT on D,5,
feature_3 <= -0.969 AND feature_8 > -0.584 AND feature_3 > -1.83 AND feature_0 > 1.134,2.939,0.01,0.4,3.34,4,0.89,0.54,2.458,3.0,0.55,CT on D,5,
feature_3 > -0.969 AND feature_0 > 0.15 AND feature_0 <= 1.816 AND feature_1 <= -0.273 AND feature_6 <= -0.888 AND feature_4 > 0.233,3.311,0.02,0.1,3.41,6,1.0,0.61,1.165,5.0,0.24,CT on D,7,
feature_3 > -0.969 AND feature_0 > 0.15 AND feature_0 > 1.816 AND feature_0 <= 2.025,3.186,0.01,0.95,4.13,4,0.96,0.58,2.702,2.0,0.55,CT on D,7,
feature_3 > -0.969 AND feature_0 <= 0.15 AND feature_0 <= -0.657 AND feature_0 <= -1.838 AND feature_1 <= 0.257,3.027,0.02,2.65,-0.37,5,0.91,0.56,1.814,3.0,0.37,CT on D,7,
feature_3 > -0.969 AND feature_0 > 0.15 AND feature_0 <= 1.816 AND feature_1 > -0.273 AND feature_9 <= -1.35,3.01,0.02,0.16,3.17,5,0.91,0.55,1.839,4.0,0.38,CT on D,7,
feature_3 <= -0.969 AND feature_8 > -0.584 AND feature_3 > -1.83 AND feature_0 > 1.134,2.939,0.01,0.4,3.34,4,0.89,0.54,2.458,3.0,0.5,CT on D,7,
feature_3 > -0.969 AND feature_0 > 0.15 AND feature_0 > 1.816,2.431,0.03,1.65,4.08,3,0.73,0.45,2.977,2.0,0.61,CT on D,7,
feature_3 > -0.969 AND feature_0 <= 0.15 AND feature_0 > -0.657 AND feature_1 > 1.524,2.452,0.02,1.21,3.66,4,0.74,0.45,1.886,3.0,0.39,CT on D,7,
feature_3 > -0.969 AND feature_0 > 0.15 AND feature_0 <= 1.816 AND feature_1 <= -0.273 AND feature_6 <= -0.888 AND feature_4 > 0.233,3.311,0.02,0.1,3.41,6,1.0,0.61,1.165,5.0,0.24,CT on D,10,
feature_3 > -0.969 AND feature_0 > 0.15 AND feature_0 > 1.816 AND feature_0 <= 2.025,3.186,0.01,0.95,4.13,4,0.96,0.58,2.702,2.0,0.55,CT on D,10,
feature_3 > -0.969 AND feature_0 <= 0.15 AND feature_0 <= -0.657 AND feature_0 <= -1.838 AND feature_1 <= 0.257,3.027,0.02,2.65,-0.37,5,0.91,0.56,1.814,3.0,0.37,CT on D,10,
feature_3 > -0.969 AND feature_0 > 0.15 AND feature_0 <= 1.816 AND feature_1 > -0.273 AND feature_9 <= -1.35,3.01,0.02,0.16,3.17,5,0.91,0.55,1.839,4.0,0.38,CT on D,10,
feature_3 <= -0.969 AND feature_8 > -0.584 AND feature_3 > -1.83 AND feature_0 > 1.134,2.939,0.01,0.4,3.34,4,0.89,0.54,2.458,3.0,0.5,CT on D,10,
feature_3 > -0.969 AND feature_0 > 0.15 AND feature_0 > 1.816,2.431,0.03,1.65,4.08,3,0.73,0.45,2.977,2.0,0.61,CT on D,10,
feature_3 > -0.969 AND feature_0 <= 0.15 AND feature_0 > -0.657 AND feature_1 > 1.524,2.452,0.02,1.21,3.66,4,0.74,0.45,1.886,3.0,0.39,CT on D,10,
feature_3 > -0.969 AND feature_0 > 0.15 AND feature_0 <= 1.816 AND feature_1 <= -0.273 AND feature_6 <= -0.888,2.234,0.03,0.04,2.28,5,0.67,0.42,1.155,4.0,0.24,CT on D,10,
feature_3 > -0.969 AND feature_0 > 0.15,1.659,0.28,1.03,2.69,2,0.5,0.41,1.689,2.0,0.45,CT on D,10,
feature_3 > -0.969 AND feature_0 > 0.15 AND feature_0 <= 1.816 AND feature_1 > -0.273 AND feature_9 > -1.35 AND feature_8 > -0.021,2.066,0.09,1.08,3.15,6,0.62,0.41,1.857,5.0,0.41,CT on D,10,
feature_7 <= 1.107 AND feature_0 > 0.12 AND feature_0 > 0.985 AND feature_3 <= 1.007 AND feature_5 <= -0.892,3.646,0.02,0.74,4.39,5,1.0,0.61,2.385,4.0,0.61,CT on P,1,
feature_7 <= 1.107 AND feature_0 > 0.12 AND feature_0 > 0.985 AND feature_3 <= 1.007 AND feature_5 <= -0.892,3.646,0.02,0.74,4.39,5,1.0,0.61,2.385,4.0,0.61,CT on P,3,
feature_7 <= 1.107 AND feature_0 > 0.12 AND feature_0 <= 0.985 AND feature_1 > -0.687 AND feature_9 <= -1.239,3.101,0.02,0.42,3.53,5,0.85,0.52,1.533,4.0,0.39,CT on P,3,
feature_7 <= 1.107 AND feature_0 > 0.12 AND feature_0 > 0.985 AND feature_3 <= 1.007,2.564,0.12,1.15,3.71,4,0.7,0.47,2.339,3.0,0.64,CT on P,3,
feature_7 <= 1.107 AND feature_0 > 0.12 AND feature_0 > 0.985 AND feature_3 <= 1.007 AND feature_5 <= -0.892,3.646,0.02,0.74,4.39,5,1.0,0.61,2.385,4.0,0.61,CT on P,5,
feature_7 <= 1.107 AND feature_0 > 0.12 AND feature_0 <= 0.985 AND feature_1 > -0.687 AND feature_9 <= -1.239,3.101,0.02,0.42,3.53,5,0.85,0.52,1.533,4.0,0.39,CT on P,5,
feature_7 <= 1.107 AND feature_0 > 0.12 AND feature_0 > 0.985 AND feature_3 <= 1.007,2.564,0.12,1.15,3.71,4,0.7,0.47,2.339,3.0,0.64,CT on P,5,
feature_7 <= 1.107 AND feature_0 > 0.12 AND feature_0 > 0.985 AND feature_3 <= 1.007 AND feature_5 > -0.892 AND feature_1 <= 0.064,2.726,0.05,0.55,3.27,6,0.75,0.47,1.961,5.0,0.51,CT on P,5,
feature_7 <= 1.107,0.714,0.86,1.42,2.13,1,0.2,0.46,0.803,1.0,0.55,CT on P,5,
feature_7 <= 1.107 AND feature_0 > 0.12 AND feature_0 > 0.985 AND feature_3 <= 1.007 AND feature_5 <= -0.892,3.646,0.02,0.74,4.39,5,1.0,0.61,2.385,4.0,0.61,CT on P,7,
feature_7 <= 1.107 AND feature_0 > 0.12 AND feature_0 <= 0.985 AND feature_1 > -0.687 AND feature_9 <= -1.239,3.101,0.02,0.42,3.53,5,0.85,0.52,1.533,4.0,0.39,CT on P,7,
feature_7 <= 1.107 AND feature_0 > 0.12 AND feature_0 > 0.985 AND feature_3 <= 1.007,2.564,0.12,1.15,3.71,4,0.7,0.47,2.339,3.0,0.64,CT on P,7,
feature_7 <= 1.107 AND feature_0 > 0.12 AND feature_0 > 0.985 AND feature_3 <= 1.007 AND feature_5 > -0.892 AND feature_1 <= 0.064,2.726,0.05,0.55,3.27,6,0.75,0.47,1.961,5.0,0.51,CT on P,7,
feature_7 <= 1.107,0.714,0.86,1.42,2.13,1,0.2,0.46,0.803,1.0,0.55,CT on P,7,
feature_7 <= 1.107 AND feature_0 > 0.12,1.751,0.39,1.24,2.99,2,0.48,0.44,1.675,2.0,0.58,CT on P,7,
feature_7 <= 1.107 AND feature_0 > 0.12 AND feature_0 > 0.985,2.354,0.14,1.53,3.88,3,0.65,0.44,2.344,2.0,0.65,CT on P,7,
feature_7 <= 1.107 AND feature_0 > 0.12 AND feature_0 > 0.985 AND feature_3 <= 1.007 AND feature_5 <= -0.892,3.646,0.02,0.74,4.39,5,1.0,0.61,2.385,4.0,0.61,CT on P,10,
feature_7 <= 1.107 AND feature_0 > 0.12 AND feature_0 <= 0.985 AND feature_1 > -0.687 AND feature_9 <= -1.239,3.101,0.02,0.42,3.53,5,0.85,0.52,1.533,4.0,0.39,CT on P,10,
feature_7 <= 1.107 AND feature_0 > 0.12 AND feature_0 > 0.985 AND feature_3 <= 1.007,2.564,0.12,1.15,3.71,4,0.7,0.47,2.339,3.0,0.64,CT on P,10,
feature_7 <= 1.107 AND feature_0 > 0.12 AND feature_0 > 0.985 AND feature_3 <= 1.007 AND feature_5 > -0.892 AND feature_1 <= 0.064,2.726,0.05,0.55,3.27,6,0.75,0.47,1.961,5.0,0.51,CT on P,10,
feature_7 <= 1.107,0.714,0.86,1.42,2.13,1,0.2,0.46,0.803,1.0,0.55,CT on P,10,
feature_7 <= 1.107 AND feature_0 > 0.12,1.751,0.39,1.24,2.99,2,0.48,0.44,1.675,2.0,0.58,CT on P,10,
feature_7 <= 1.107 AND feature_0 > 0.12 AND feature_0 > 0.985,2.354,0.14,1.53,3.88,3,0.65,0.44,2.344,2.0,0.65,CT on P,10,
feature_7 <= 1.107 AND feature_0 > 0.12 AND feature_0 > 0.985 AND feature_3 <= 1.007 AND feature_5 > -0.892,2.307,0.09,1.25,3.55,5,0.63,0.42,2.329,4.0,0.62,CT on P,10,
feature_7 > 1.107 AND feature_9 <= 0.755 AND feature_8 <= 0.745 AND feature_0 > -0.443 AND feature_8 > -0.699,2.31,0.04,1.1,3.41,5,0.63,0.4,1.311,4.0,0.35,CT on P,10,
feature_7 <= 1.107 AND feature_0 > 0.12 AND feature_0 <= 0.985 AND feature_1 > -0.687 AND feature_9 > -1.239 AND feature_3 <= -0.577,2.243,0.05,0.12,2.36,6,0.62,0.39,1.582,5.0,0.42,CT on P,10,
feature_0 > 0.823 AND feature_1 > 1.489 AND feature_9 <= -0.382,70.07,0.0,,,3,1.0,0.6,3.493,3.0,0.6,CF,1,5.53
feature_0 > 0.823 AND feature_1 > 1.489 AND feature_9 <= -0.382,70.07,0.0,,,3,1.0,0.6,3.493,3.0,0.6,CF,3,5.53
feature_1 <= 1.385,0.667,0.5,,,1,0.01,0.21,0.689,1.0,0.32,CF,3,5.53
feature_0 > -1.121,1.11,0.48,,,1,0.02,0.2,1.053,1.0,0.37,CF,3,5.53
feature_0 > 0.823 AND feature_1 > 1.489 AND feature_9 <= -0.382,70.07,0.0,,,3,1.0,0.6,3.493,3.0,0.6,CF,5,5.53
feature_1 <= 1.385,0.667,0.5,,,1,0.01,0.21,0.689,1.0,0.32,CF,5,5.53
feature_0 > -1.121,1.11,0.48,,,1,0.02,0.2,1.053,1.0,0.37,CF,5,5.53
feature_0 > -1.024,1.106,0.48,,,1,0.02,0.2,1.087,1.0,0.38,CF,5,5.53
feature_0 > -1.036,1.08,0.48,,,1,0.02,0.2,1.083,1.0,0.38,CF,5,5.53
feature_0 > 0.823 AND feature_1 > 1.489 AND feature_9 <= -0.382,70.07,0.0,,,3,1.0,0.6,3.493,3.0,0.6,CF,7,5.53
feature_1 <= 1.385,0.667,0.5,,,1,0.01,0.21,0.689,1.0,0.32,CF,7,5.53
feature_0 > -1.121,1.11,0.48,,,1,0.02,0.2,1.053,1.0,0.37,CF,7,5.53
feature_0 > -1.024,1.106,0.48,,,1,0.02,0.2,1.087,1.0,0.38,CF,7,5.53
feature_0 > -1.036,1.08,0.48,,,1,0.02,0.2,1.083,1.0,0.38,CF,7,5.53
feature_0 > -1.112,1.035,0.48,,,1,0.01,0.2,1.055,1.0,0.37,CF,7,5.53
feature_0 > -1.017,0.977,0.48,,,1,0.01,0.2,1.09,1.0,0.38,CF,7,5.53
feature_0 > 0.823 AND feature_1 > 1.489 AND feature_9 <= -0.382,70.07,0.0,,,3,1.0,0.6,3.493,3.0,0.6,CF,10,5.53
feature_1 <= 1.385,0.667,0.5,,,1,0.01,0.21,0.689,1.0,0.32,CF,10,5.53
feature_0 > -1.121,1.11,0.48,,,1,0.02,0.2,1.053,1.0,0.37,CF,10,5.53
feature_0 > -1.024,1.106,0.48,,,1,0.02,0.2,1.087,1.0,0.38,CF,10,5.53
feature_0 > -1.036,1.08,0.48,,,1,0.02,0.2,1.083,1.0,0.38,CF,10,5.53
feature_0 > -1.112,1.035,0.48,,,1,0.01,0.2,1.055,1.0,0.37,CF,10,5.53
feature_0 > -1.017,0.977,0.48,,,1,0.01,0.2,1.09,1.0,0.38,CF,10,5.53
feature_0 > -1.045,0.952,0.48,,,1,0.01,0.2,1.08,1.0,0.38,CF,10,5.53
feature_0 > -1.041,0.755,0.48,,,1,0.01,0.2,1.081,1.0,0.38,CF,10,5.53
feature_0 <= 1.064,0.699,0.48,,,1,0.01,0.2,0.539,1.0,0.28,CF,10,5.53
feature_0 > -0.05 AND feature_0 > 0.821 AND feature_1 > 1.302 AND feature_1 > 1.513,2.323,0.01,,,4,1.0,0.6,3.489,2.0,0.6,CF SingleTree,1,0.56
feature_0 > -0.05 AND feature_0 > 0.821 AND feature_1 > 1.302 AND feature_1 > 1.513,2.323,0.01,,,4,1.0,0.6,3.489,2.0,0.6,CF SingleTree,3,0.56
feature_0 > -0.05 AND feature_0 > 0.821 AND feature_1 > 1.302,2.196,0.02,,,3,0.95,0.58,3.356,2.0,0.59,CF SingleTree,3,0.56
feature_0 > -0.05 AND feature_0 > 0.821 AND feature_1 > 1.302 AND feature_1 <= 1.513,1.97,0.01,,,4,0.85,0.51,3.125,2.0,0.54,CF SingleTree,3,0.56
feature_0 > -0.05 AND feature_0 > 0.821 AND feature_1 > 1.302 AND feature_1 > 1.513,2.323,0.01,,,4,1.0,0.6,3.489,2.0,0.6,CF SingleTree,5,0.56
feature_0 > -0.05 AND feature_0 > 0.821 AND feature_1 > 1.302,2.196,0.02,,,3,0.95,0.58,3.356,2.0,0.59,CF SingleTree,5,0.56
feature_0 > -0.05 AND feature_0 > 0.821 AND feature_1 > 1.302 AND feature_1 <= 1.513,1.97,0.01,,,4,0.85,0.51,3.125,2.0,0.54,CF SingleTree,5,0.56
feature_0 > -0.05 AND feature_0 > 0.821,1.663,0.17,,,2,0.72,0.5,2.209,1.0,0.45,CF SingleTree,5,0.56
feature_0 > -0.05 AND feature_0 > 0.821 AND feature_1 <= 1.302 AND feature_0 > 1.35,1.735,0.08,,,4,0.75,0.48,2.497,2.0,0.46,CF SingleTree,5,0.56
feature_0 > -0.05 AND feature_0 > 0.821 AND feature_1 > 1.302 AND feature_1 > 1.513,2.323,0.01,,,4,1.0,0.6,3.489,2.0,0.6,CF SingleTree,7,0.56
feature_0 > -0.05 AND feature_0 > 0.821 AND feature_1 > 1.302,2.196,0.02,,,3,0.95,0.58,3.356,2.0,0.59,CF SingleTree,7,0.56
feature_0 > -0.05 AND feature_0 > 0.821 AND feature_1 > 1.302 AND feature_1 <= 1.513,1.97,0.01,,,4,0.85,0.51,3.125,2.0,0.54,CF SingleTree,7,0.56
feature_0 > -0.05 AND feature_0 > 0.821,1.663,0.17,,,2,0.72,0.5,2.209,1.0,0.45,CF SingleTree,7,0.56
feature_0 > -0.05 AND feature_0 > 0.821 AND feature_1 <= 1.302 AND feature_0 > 1.35,1.735,0.08,,,4,0.75,0.48,2.497,2.0,0.46,CF SingleTree,7,0.56
feature_0 > -0.05 AND feature_0 > 0.821 AND feature_1 <= 1.302,1.603,0.16,,,3,0.69,0.48,2.079,2.0,0.42,CF SingleTree,7,0.56
feature_0 > -0.05 AND feature_0 <= 0.821 AND feature_1 > 1.387 AND feature_0 > 0.182,1.788,0.02,,,4,0.77,0.47,2.474,2.0,0.43,CF SingleTree,7,0.56
feature_0 > -0.05 AND feature_0 > 0.821 AND feature_1 > 1.302 AND feature_1 > 1.513,2.323,0.01,,,4,1.0,0.6,3.489,2.0,0.6,CF SingleTree,10,0.56
feature_0 > -0.05 AND feature_0 > 0.821 AND feature_1 > 1.302,2.196,0.02,,,3,0.95,0.58,3.356,2.0,0.59,CF SingleTree,10,0.56
feature_0 > -0.05 AND feature_0 > 0.821 AND feature_1 > 1.302 AND feature_1 <= 1.513,1.97,0.01,,,4,0.85,0.51,3.125,2.0,0.54,CF SingleTree,10,0.56
feature_0 > -0.05 AND feature_0 > 0.821,1.663,0.17,,,2,0.72,0.5,2.209,1.0,0.45,CF SingleTree,10,0.56
feature_0 > -0.05 AND feature_0 > 0.821 AND feature_1 <= 1.302 AND feature_0 > 1.35,1.735,0.08,,,4,0.75,0.48,2.497,2.0,0.46,CF SingleTree,10,0.56
feature_0 > -0.05 AND feature_0 > 0.821 AND feature_1 <= 1.302,1.603,0.16,,,3,0.69,0.48,2.079,2.0,0.42,CF SingleTree,10,0.56
feature_0 > -0.05 AND feature_0 <= 0.821 AND feature_1 > 1.387 AND feature_0 > 0.182,1.788,0.02,,,4,0.77,0.47,2.474,2.0,0.43,CF SingleTree,10,0.56
feature_0 > -0.05,1.271,0.35,,,1,0.55,0.47,1.562,1.0,0.41,CF SingleTree,10,0.56
feature_0 > -0.05 AND feature_0 <= 0.821 AND feature_1 > 1.387,1.648,0.03,,,3,0.71,0.44,2.335,2.0,0.41,CF SingleTree,10,0.56
feature_0 > -0.05 AND feature_0 > 0.821 AND feature_1 <= 1.302 AND feature_0 <= 1.35,1.5,0.09,,,4,0.65,0.42,1.753,2.0,0.34,CF SingleTree,10,0.56
feature_4 > -1.673 AND feature_0 > 1.49 AND feature_1 > -1.049 AND feature_1 > 0.543 AND feature_8 <= 0.208,4.493,0.01,1.61,6.1,5,1.0,0.6,3.475,4.0,0.6,CT on D,1,
feature_4 > -1.673 AND feature_0 > 1.49 AND feature_1 > -1.049 AND feature_1 > 0.543 AND feature_8 <= 0.208,4.493,0.01,1.61,6.1,5,1.0,0.6,3.475,4.0,0.6,CT on D,3,
feature_4 > -1.673 AND feature_0 > 1.49 AND feature_1 > -1.049 AND feature_1 > 0.543,4.079,0.02,1.65,5.73,4,0.91,0.55,3.389,3.0,0.59,CT on D,3,
feature_4 > -1.673 AND feature_0 > 1.49 AND feature_1 > -1.049 AND feature_1 > 0.543 AND feature_8 > 0.208,3.666,0.01,1.69,5.35,5,0.82,0.49,3.302,4.0,0.57,CT on D,3,
feature_4 > -1.673 AND feature_0 > 1.49 AND feature_1 > -1.049 AND feature_1 > 0.543 AND feature_8 <= 0.208,4.493,0.01,1.61,6.1,5,1.0,0.6,3.475,4.0,0.6,CT on D,5,
feature_4 > -1.673 AND feature_0 > 1.49 AND feature_1 > -1.049 AND feature_1 > 0.543,4.079,0.02,1.65,5.73,4,0.91,0.55,3.389,3.0,0.59,CT on D,5,
feature_4 > -1.673 AND feature_0 > 1.49 AND feature_1 > -1.049 AND feature_1 > 0.543 AND feature_8 > 0.208,3.666,0.01,1.69,5.35,5,0.82,0.49,3.302,4.0,0.57,CT on D,5,
feature_4 > -1.673 AND feature_0 > 1.49 AND feature_1 > -1.049 AND feature_1 <= 0.543 AND feature_2 > -0.674 AND feature_8 > -0.435,3.565,0.01,0.53,4.1,6,0.79,0.48,2.486,5.0,0.43,CT on D,5,
feature_4 > -1.673 AND feature_0 > 1.49 AND feature_1 > -1.049,3.198,0.05,1.17,4.37,3,0.71,0.45,2.813,3.0,0.51,CT on D,5,
feature_4 > -1.673 AND feature_0 > 1.49 AND feature_1 > -1.049 AND feature_1 > 0.543 AND feature_8 <= 0.208,4.493,0.01,1.61,6.1,5,1.0,0.6,3.475,4.0,0.6,CT on D,7,
feature_4 > -1.673 AND feature_0 > 1.49 AND feature_1 > -1.049 AND feature_1 > 0.543,4.079,0.02,1.65,5.73,4,0.91,0.55,3.389,3.0,0.59,CT on D,7,
feature_4 > -1.673 AND feature_0 > 1.49 AND feature_1 > -1.049 AND feature_1 > 0.543 AND feature_8 > 0.208,3.666,0.01,1.69,5.35,5,0.82,0.49,3.302,4.0,0.57,CT on D,7,
feature_4 > -1.673 AND feature_0 > 1.49 AND feature_1 > -1.049 AND feature_1 <= 0.543 AND feature_2 > -0.674 AND feature_8 > -0.435,3.565,0.01,0.53,4.1,6,0.79,0.48,2.486,5.0,0.43,CT on D,7,
feature_4 > -1.673 AND feature_0 > 1.49 AND feature_1 > -1.049,3.198,0.05,1.17,4.37,3,0.71,0.45,2.813,3.0,0.51,CT on D,7,
feature_4 > -1.673 AND feature_0 > 1.49 AND feature_1 > -1.049 AND feature_1 <= 0.543 AND feature_2 > -0.674,3.111,0.02,0.81,3.92,5,0.69,0.42,2.512,4.0,0.44,CT on D,7,
feature_4 > -1.673 AND feature_0 > 1.49,2.912,0.06,1.08,3.99,2,0.65,0.41,2.703,2.0,0.49,CT on D,7,
feature_4 > -1.673 AND feature_0 > 1.49 AND feature_1 > -1.049 AND feature_1 > 0.543 AND feature_8 <= 0.208,4.493,0.01,1.61,6.1,5,1.0,0.6,3.475,4.0,0.6,CT on D,10,
feature_4 > -1.673 AND feature_0 > 1.49 AND feature_1 > -1.049 AND feature_1 > 0.543,4.079,0.02,1.65,5.73,4,0.91,0.55,3.389,3.0,0.59,CT on D,10,
feature_4 > -1.673 AND feature_0 > 1.49 AND feature_1 > -1.049 AND feature_1 > 0.543 AND feature_8 > 0.208,3.666,0.01,1.69,5.35,5,0.82,0.49,3.302,4.0,0.57,CT on D,10,
feature_4 > -1.673 AND feature_0 > 1.49 AND feature_1 > -1.049 AND feature_1 <= 0.543 AND feature_2 > -0.674 AND feature_8 > -0.435,3.565,0.01,0.53,4.1,6,0.79,0.48,2.486,5.0,0.43,CT on D,10,
feature_4 > -1.673 AND feature_0 > 1.49 AND feature_1 > -1.049,3.198,0.05,1.17,4.37,3,0.71,0.45,2.813,3.0,0.51,CT on D,10,
feature_4 > -1.673 AND feature_0 > 1.49 AND feature_1 > -1.049 AND feature_1 <= 0.543 AND feature_2 > -0.674,3.111,0.02,0.81,3.92,5,0.69,0.42,2.512,4.0,0.44,CT on D,10,
feature_4 > -1.673 AND feature_0 > 1.49,2.912,0.06,1.08,3.99,2,0.65,0.41,2.703,2.0,0.49,CT on D,10,
feature_4 > -1.673 AND feature_0 <= 1.49 AND feature_0 > -0.312 AND feature_1 > -0.65 AND feature_1 > 1.012 AND feature_7 > 0.686,2.991,0.02,1.04,4.03,6,0.67,0.41,2.257,4.0,0.4,CT on D,10,
feature_4 > -1.673,0.864,0.72,1.02,1.88,1,0.19,0.4,0.82,1.0,0.43,CT on D,10,
feature_4 > -1.673 AND feature_0 > 1.49 AND feature_1 > -1.049 AND feature_1 <= 0.543,2.744,0.04,0.93,3.67,4,0.61,0.38,2.516,3.0,0.45,CT on D,10,
feature_9 > -1.975 AND feature_0 > 0.29 AND feature_0 > 1.494 AND feature_8 > -0.43 AND feature_2 > -0.161,4.436,0.02,0.41,4.85,5,1.0,0.61,2.701,4.0,0.61,CT on P,1,
feature_9 > -1.975 AND feature_0 > 0.29 AND feature_0 > 1.494 AND feature_8 > -0.43 AND feature_2 > -0.161,4.436,0.02,0.41,4.85,5,1.0,0.61,2.701,4.0,0.61,CT on P,3,
feature_9 > -1.975,0.863,0.98,0.77,1.63,1,0.19,0.51,0.816,1.0,0.57,CT on P,3,
feature_9 > -1.975 AND feature_0 > 0.29 AND feature_0 > 1.494 AND feature_8 > -0.43,3.37,0.04,0.69,4.06,4,0.76,0.47,2.701,3.0,0.62,CT on P,3,
feature_9 > -1.975 AND feature_0 > 0.29 AND feature_0 > 1.494 AND feature_8 > -0.43 AND feature_2 > -0.161,4.436,0.02,0.41,4.85,5,1.0,0.61,2.701,4.0,0.61,CT on P,5,
feature_9 > -1.975,0.863,0.98,0.77,1.63,1,0.19,0.51,0.816,1.0,0.57,CT on P,5,
feature_9 > -1.975 AND feature_0 > 0.29 AND feature_0 > 1.494 AND feature_8 > -0.43,3.37,0.04,0.69,4.06,4,0.76,0.47,2.701,3.0,0.61,CT on P,5,
feature_9 > -1.975 AND feature_0 > 0.29 AND feature_0 <= 1.494 AND feature_2 <= -0.446 AND feature_1 > -0.669 AND feature_7 <= -0.582,3.365,0.03,0.08,3.44,6,0.76,0.47,1.852,5.0,0.42,CT on P,5,
feature_9 > -1.975 AND feature_0 > 0.29 AND feature_0 > 1.494,2.961,0.07,0.95,3.91,3,0.67,0.43,2.709,2.0,0.63,CT on P,5,
feature_9 > -1.975 AND feature_0 > 0.29 AND feature_0 > 1.494 AND feature_8 > -0.43 AND feature_2 > -0.161,4.436,0.02,0.41,4.85,5,1.0,0.61,2.701,4.0,0.61,CT on P,7,
feature_9 > -1.975,0.863,0.98,0.77,1.63,1,0.19,0.51,0.816,1.0,0.57,CT on P,7,
feature_9 > -1.975 AND feature_0 > 0.29 AND feature_0 > 1.494 AND feature_8 > -0.43,3.37,0.04,0.69,4.06,4,0.76,0.47,2.701,3.0,0.61,CT on P,7,
feature_9 > -1.975 AND feature_0 > 0.29 AND feature_0 <= 1.494 AND feature_2 <= -0.446 AND feature_1 > -0.669 AND feature_7 <= -0.582,3.365,0.03,0.08,3.44,6,0.76,0.47,1.852,5.0,0.42,CT on P,7,
feature_9 > -1.975 AND feature_0 > 0.29 AND feature_0 > 1.494,2.961,0.07,0.95,3.91,3,0.67,0.43,2.709,2.0,0.63,CT on P,7,
feature_9 > -1.975 AND feature_0 > 0.29,1.926,0.37,0.78,2.71,2,0.43,0.41,1.816,2.0,0.55,CT on P,7,
feature_9 > -1.975 AND feature_0 <= 0.29 AND feature_1 > -0.159 AND feature_0 > -1.108 AND feature_1 > 1.559 AND feature_6 > 0.017,2.845,0.02,0.91,3.76,6,0.64,0.39,1.707,4.0,0.39,CT on P,7,
feature_9 > -1.975 AND feature_0 > 0.29 AND feature_0 > 1.494 AND feature_8 > -0.43 AND feature_2 > -0.161,4.436,0.02,0.41,4.85,5,1.0,0.61,2.701,4.0,0.61,CT on P,10,
feature_9 > -1.975,0.863,0.98,0.77,1.63,1,0.19,0.51,0.816,1.0,0.57,CT on P,10,
feature_9 > -1.975 AND feature_0 > 0.29 AND feature_0 > 1.494 AND feature_8 > -0.43,3.37,0.04,0.69,4.06,4,0.76,0.47,2.701,3.0,0.61,CT on P,10,
feature_9 > -1.975 AND feature_0 > 0.29 AND feature_0 <= 1.494 AND feature_2 <= -0.446 AND feature_1 > -0.669 AND feature_7 <= -0.582,3.365,0.03,0.08,3.44,6,0.76,0.47,1.852,5.0,0.42,CT on P,10,
feature_9 > -1.975 AND feature_0 > 0.29 AND feature_0 > 1.494,2.961,0.07,0.95,3.91,3,0.67,0.43,2.709,2.0,0.63,CT on P,10,
feature_9 > -1.975 AND feature_0 > 0.29,1.926,0.37,0.78,2.71,2,0.43,0.41,1.816,2.0,0.55,CT on P,10,
feature_9 > -1.975 AND feature_0 <= 0.29 AND feature_1 > -0.159 AND feature_0 > -1.108 AND feature_1 > 1.559 AND feature_6 > 0.017,2.845,0.02,0.91,3.76,6,0.64,0.39,1.707,4.0,0.39,CT on P,10,
feature_9 > -1.975 AND feature_0 > 0.29 AND feature_0 <= 1.494 AND feature_2 <= -0.446 AND feature_1 > -0.669,2.49,0.1,0.68,3.17,5,0.56,0.38,1.783,4.0,0.43,CT on P,10,
feature_9 > -1.975 AND feature_0 > 0.29 AND feature_0 > 1.494 AND feature_8 > -0.43 AND feature_2 <= -0.161,2.664,0.03,0.87,3.53,5,0.6,0.37,2.702,4.0,0.61,CT on P,10,
feature_9 > -1.975 AND feature_0 > 0.29 AND feature_0 <= 1.494 AND feature_2 > -0.446 AND feature_1 > -0.247 AND feature_2 <= -0.034,2.52,0.04,0.81,3.33,6,0.57,0.36,1.92,4.0,0.44,CT on P,10,
feature_0 > -0.06 AND feature_1 > 1.025 AND feature_2 > 1.434 AND feature_9 > 0.174,45.946,0.0,,,4,1.0,0.6,2.448,4.0,0.6,CF,1,5.24
feature_0 > -0.06 AND feature_1 > 1.025 AND feature_2 > 1.434 AND feature_9 > 0.174,45.946,0.0,,,4,1.0,0.6,2.448,4.0,0.6,CF,3,5.24
feature_0 > -1.258,1.148,0.69,,,1,0.02,0.29,1.013,1.0,0.52,CF,3,5.24
feature_0 > -1.288,1.065,0.69,,,1,0.02,0.29,1.004,1.0,0.52,CF,3,5.24
feature_0 > -0.06 AND feature_1 > 1.025 AND feature_2 > 1.434 AND feature_9 > 0.174,45.946,0.0,,,4,1.0,0.6,2.448,4.0,0.6,CF,5,5.24
feature_0 > -1.258,1.148,0.69,,,1,0.02,0.29,1.013,1.0,0.52,CF,5,5.24
feature_0 > -1.288,1.065,0.69,,,1,0.02,0.29,1.004,1.0,0.52,CF,5,5.24
feature_0 > -1.077,1.092,0.67,,,1,0.02,0.28,1.074,1.0,0.53,CF,5,5.24
feature_0 > -0.927,1.207,0.65,,,1,0.03,0.28,1.129,1.0,0.54,CF,5,5.24
feature_0 > -0.06 AND feature_1 > 1.025 AND feature_2 > 1.434 AND feature_9 > 0.174,45.946,0.0,,,4,1.0,0.6,2.448,4.0,0.6,CF,7,5.24
feature_0 > -1.258,1.148,0.69,,,1,0.02,0.29,1.013,1.0,0.52,CF,7,5.24
feature_0 > -1.288,1.065,0.69,,,1,0.02,0.29,1.004,1.0,0.52,CF,7,5.24
feature_0 > -1.077,1.092,0.67,,,1,0.02,0.28,1.074,1.0,0.53,CF,7,5.24
feature_0 > -0.927,1.207,0.65,,,1,0.03,0.28,1.129,1.0,0.54,CF,7,5.24
feature_0 <= 0.766 AND feature_0 > -1.322 AND feature_2 <= 0.858,0.621,0.66,,,3,0.01,0.27,0.625,2.0,0.42,CF,7,5.24
feature_0 <= 0.976,0.554,0.66,,,1,0.01,0.27,0.518,1.0,0.39,CF,7,5.24
feature_0 > -0.06 AND feature_1 > 1.025 AND feature_2 > 1.434 AND feature_9 > 0.174,45.946,0.0,,,4,1.0,0.6,2.448,4.0,0.6,CF,10,5.24
feature_0 > -1.258,1.148,0.69,,,1,0.02,0.29,1.013,1.0,0.52,CF,10,5.24
feature_0 > -1.288,1.065,0.69,,,1,0.02,0.29,1.004,1.0,0.52,CF,10,5.24
feature_0 > -1.077,1.092,0.67,,,1,0.02,0.28,1.074,1.0,0.53,CF,10,5.24
feature_0 > -0.927,1.207,0.65,,,1,0.03,0.28,1.129,1.0,0.54,CF,10,5.24
feature_0 <= 0.766 AND feature_0 > -1.322 AND feature_2 <= 0.858,0.621,0.66,,,3,0.01,0.27,0.625,2.0,0.42,CF,10,5.24
feature_0 <= 0.976,0.554,0.66,,,1,0.01,0.27,0.518,1.0,0.39,CF,10,5.24
feature_0 <= 0.896,0.769,0.65,,,1,0.02,0.27,0.491,1.0,0.38,CF,10,5.24
feature_0 <= 0.916,0.52,0.65,,,1,0.01,0.27,0.497,1.0,0.38,CF,10,5.24
feature_0 > -0.8,1.051,0.62,,,1,0.02,0.26,1.186,1.0,0.54,CF,10,5.24
feature_0 > -0.132 AND feature_0 > 0.76 AND feature_1 > 0.655 AND feature_0 > 1.335,2.526,0.02,,,4,1.0,0.61,3.328,2.0,0.61,CF SingleTree,1,0.56
feature_0 > -0.132 AND feature_0 > 0.76 AND feature_1 > 0.655 AND feature_0 > 1.335,2.526,0.02,,,4,1.0,0.61,3.328,2.0,0.61,CF SingleTree,3,0.56
feature_0 > -0.132 AND feature_0 > 0.76 AND feature_1 > 0.655,2.356,0.05,,,3,0.93,0.58,2.882,2.0,0.54,CF SingleTree,3,0.56
feature_0 > -0.132 AND feature_0 > 0.76 AND feature_1 > 0.655 AND feature_0 <= 1.335,2.231,0.03,,,4,0.88,0.54,2.552,2.0,0.47,CF SingleTree,3,0.56
feature_0 > -0.132 AND feature_0 > 0.76 AND feature_1 > 0.655 AND feature_0 > 1.335,2.526,0.02,,,4,1.0,0.61,3.328,2.0,0.61,CF SingleTree,5,0.56
feature_0 > -0.132 AND feature_0 > 0.76 AND feature_1 > 0.655,2.356,0.05,,,3,0.93,0.58,2.882,2.0,0.54,CF SingleTree,5,0.56
feature_0 > -0.132 AND feature_0 > 0.76 AND feature_1 > 0.655 AND feature_0 <= 1.335,2.231,0.03,,,4,0.88,0.54,2.552,2.0,0.47,CF SingleTree,5,0.56
feature_0 > -0.132,1.413,0.47,,,1,0.56,0.52,1.54,1.0,0.47,CF SingleTree,5,0.56
feature_0 > -0.132 AND feature_0 > 0.76,1.833,0.2,,,2,0.73,0.52,2.15,1.0,0.47,CF SingleTree,5,0.56
feature_0 > -0.132 AND feature_0 > 0.76 AND feature_1 > 0.655 AND feature_0 > 1.335,2.526,0.02,,,4,1.0,0.61,3.328,2.0,0.61,CF SingleTree,7,0.56
feature_0 > -0.132 AND feature_0 > 0.76 AND feature_1 > 0.655,2.356,0.05,,,3,0.93,0.58,2.882,2.0,0.54,CF SingleTree,7,0.56
feature_0 > -0.132 AND feature_0 > 0.76 AND feature_1 > 0.655 AND feature_0 <= 1.335,2.231,0.03,,,4,0.88,0.54,2.552,2.0,0.47,CF SingleTree,7,0.56
feature_0 > -0.132,1.413,0.47,,,1,0.56,0.52,1.54,1.0,0.47,CF SingleTree,7,0.56
feature_0 > -0.132 AND feature_0 > 0.76,1.833,0.2,,,2,0.73,0.52,2.15,1.0,0.47,CF SingleTree,7,0.56
feature_0 > -0.132 AND feature_0 > 0.76 AND feature_1 <= 0.655,1.658,0.15,,,3,0.66,0.45,1.907,2.0,0.4,CF SingleTree,7,0.56
feature_0 > -0.132 AND feature_0 > 0.76 AND feature_1 <= 0.655 AND feature_1 > -0.09,1.805,0.06,,,4,0.71,0.45,2.204,2.0,0.42,CF SingleTree,7,0.56
feature_0 > -0.132 AND feature_0 > 0.76 AND feature_1 > 0.655 AND feature_0 > 1.335,2.526,0.02,,,4,1.0,0.61,3.328,2.0,0.61,CF SingleTree,10,0.56
feature_0 > -0.132 AND feature_0 > 0.76 AND feature_1 > 0.655,2.356,0.05,,,3,0.93,0.58,2.882,2.0,0.54,CF SingleTree,10,0.56
feature_0 > -0.132 AND feature_0 > 0.76 AND feature_1 > 0.655 AND feature_0 <= 1.335,2.231,0.03,,,4,0.88,0.54,2.552,2.0,0.47,CF SingleTree,10,0.56
feature_0 > -0.132,1.413,0.47,,,1,0.56,0.52,1.54,1.0,0.47,CF SingleTree,10,0.56
feature_0 > -0.132 AND feature_0 > 0.76,1.833,0.2,,,2,0.73,0.52,2.15,1.0,0.47,CF SingleTree,10,0.56
feature_0 > -0.132 AND feature_0 > 0.76 AND feature_1 <= 0.655,1.658,0.15,,,3,0.66,0.45,1.907,2.0,0.4,CF SingleTree,10,0.56
feature_0 > -0.132 AND feature_0 > 0.76 AND feature_1 <= 0.655 AND feature_1 > -0.09,1.805,0.06,,,4,0.71,0.45,2.204,2.0,0.42,CF SingleTree,10,0.56
feature_0 > -0.132 AND feature_0 <= 0.76 AND feature_1 > 0.659 AND feature_0 > 0.336,1.815,0.04,,,4,0.72,0.45,2.083,2.0,0.39,CF SingleTree,10,0.56
feature_0 > -0.132 AND feature_0 > 0.76 AND feature_1 <= 0.655 AND feature_1 <= -0.09,1.563,0.09,,,4,0.62,0.41,1.715,2.0,0.35,CF SingleTree,10,0.56
feature_0 > -0.132 AND feature_0 <= 0.76 AND feature_1 > 0.659,1.487,0.09,,,3,0.59,0.39,1.831,2.0,0.37,CF SingleTree,10,0.56
feature_8 > -1.455 AND feature_0 > 0.631 AND feature_0 > 1.178 AND feature_1 > 0.747 AND feature_9 > 0.073,4.576,0.01,1.1,5.68,5,1.0,0.6,3.156,4.0,0.6,CT on D,1,
feature_8 > -1.455 AND feature_0 > 0.631 AND feature_0 > 1.178 AND feature_1 > 0.747 AND feature_9 > 0.073,4.576,0.01,1.1,5.68,5,1.0,0.6,3.156,4.0,0.59,CT on D,3,
feature_8 > -1.455 AND feature_0 > 0.631 AND feature_0 > 1.178 AND feature_1 <= 0.747 AND feature_0 > 2.212,4.268,0.01,0.5,4.77,5,0.93,0.56,3.084,3.0,0.58,CT on D,3,
feature_8 > -1.455 AND feature_0 > 0.631 AND feature_0 > 1.178 AND feature_1 > 0.747,4.012,0.03,1.5,5.52,4,0.88,0.54,3.215,3.0,0.61,CT on D,3,
feature_8 > -1.455 AND feature_0 > 0.631 AND feature_0 > 1.178 AND feature_1 > 0.747 AND feature_9 > 0.073,4.576,0.01,1.1,5.68,5,1.0,0.6,3.156,4.0,0.58,CT on D,5,
feature_8 > -1.455 AND feature_0 > 0.631 AND feature_0 > 1.178 AND feature_1 <= 0.747 AND feature_0 > 2.212,4.268,0.01,0.5,4.77,5,0.93,0.56,3.084,3.0,0.57,CT on D,5,
feature_8 > -1.455 AND feature_0 > 0.631 AND feature_0 > 1.178 AND feature_1 > 0.747,4.012,0.03,1.5,5.52,4,0.88,0.54,3.215,3.0,0.6,CT on D,5,
feature_8 > -1.455 AND feature_0 > 0.631 AND feature_0 > 1.178 AND feature_1 > 0.747 AND feature_9 <= 0.073,3.562,0.01,1.82,5.39,5,0.78,0.47,3.263,4.0,0.6,CT on D,5,
feature_8 > -1.455 AND feature_0 > 0.631 AND feature_0 > 1.178 AND feature_1 <= 0.747 AND feature_0 <= 2.212 AND feature_6 > 0.813,3.394,0.02,-0.25,3.15,6,0.74,0.45,2.163,4.0,0.41,CT on D,5,
feature_8 > -1.455 AND feature_0 > 0.631 AND feature_0 > 1.178 AND feature_1 > 0.747 AND feature_9 > 0.073,4.576,0.01,1.1,5.68,5,1.0,0.6,3.156,4.0,0.58,CT on D,7,
feature_8 > -1.455 AND feature_0 > 0.631 AND feature_0 > 1.178 AND feature_1 <= 0.747 AND feature_0 > 2.212,4.268,0.01,0.5,4.77,5,0.93,0.56,3.084,3.0,0.57,CT on D,7,
feature_8 > -1.455 AND feature_0 > 0.631 AND feature_0 > 1.178 AND feature_1 > 0.747,4.012,0.03,1.5,5.52,4,0.88,0.54,3.215,3.0,0.6,CT on D,7,
feature_8 > -1.455 AND feature_0 > 0.631 AND feature_0 > 1.178 AND feature_1 > 0.747 AND feature_9 <= 0.073,3.562,0.01,1.82,5.39,5,0.78,0.47,3.263,4.0,0.6,CT on D,7,
feature_8 > -1.455 AND feature_0 > 0.631 AND feature_0 > 1.178 AND feature_1 <= 0.747 AND feature_0 <= 2.212 AND feature_6 > 0.813,3.394,0.02,-0.25,3.15,6,0.74,0.45,2.163,4.0,0.41,CT on D,7,
feature_8 > -1.455 AND feature_0 > 0.631 AND feature_0 > 1.178,3.055,0.11,0.72,3.78,3,0.67,0.44,2.468,2.0,0.5,CT on D,7,
feature_8 > -1.455 AND feature_0 > 0.631 AND feature_0 <= 1.178 AND feature_1 > 0.727 AND feature_6 > 0.154,3.359,0.01,1.26,4.62,5,0.73,0.44,2.45,4.0,0.45,CT on D,7,
feature_8 > -1.455 AND feature_0 > 0.631 AND feature_0 > 1.178 AND feature_1 > 0.747 AND feature_9 > 0.073,4.576,0.01,1.1,5.68,5,1.0,0.6,3.156,4.0,0.58,CT on D,10,
feature_8 > -1.455 AND feature_0 > 0.631 AND feature_0 > 1.178 AND feature_1 <= 0.747 AND feature_0 > 2.212,4.268,0.01,0.5,4.77,5,0.93,0.56,3.084,3.0,0.57,CT on D,10,
feature_8 > -1.455 AND feature_0 > 0.631 AND feature_0 > 1.178 AND feature_1 > 0.747,4.012,0.03,1.5,5.52,4,0.88,0.54,3.215,3.0,0.6,CT on D,10,
feature_8 > -1.455 AND feature_0 > 0.631 AND feature_0 > 1.178 AND feature_1 > 0.747 AND feature_9 <= 0.073,3.562,0.01,1.82,5.39,5,0.78,0.47,3.263,4.0,0.6,CT on D,10,
feature_8 > -1.455 AND feature_0 > 0.631 AND feature_0 > 1.178 AND feature_1 <= 0.747 AND feature_0 <= 2.212 AND feature_6 > 0.813,3.394,0.02,-0.25,3.15,6,0.74,0.45,2.163,4.0,0.41,CT on D,10,
feature_8 > -1.455 AND feature_0 > 0.631 AND feature_0 > 1.178,3.055,0.11,0.72,3.78,3,0.67,0.44,2.468,2.0,0.5,CT on D,10,
feature_8 > -1.455 AND feature_0 > 0.631 AND feature_0 <= 1.178 AND feature_1 > 0.727 AND feature_6 > 0.154,3.359,0.01,1.26,4.62,5,0.73,0.44,2.45,4.0,0.45,CT on D,10,
feature_8 > -1.455,0.776,0.83,0.99,1.77,1,0.17,0.43,0.804,1.0,0.48,CT on D,10,
feature_8 > -1.455 AND feature_0 > 0.631 AND feature_0 > 1.178 AND feature_1 <= 0.747,2.786,0.09,0.5,3.29,4,0.61,0.4,2.257,3.0,0.45,CT on D,10,
feature_8 > -1.455 AND feature_0 <= 0.631 AND feature_0 > -0.692 AND feature_1 > -0.163 AND feature_9 <= -1.794,3.004,0.01,-0.12,2.88,5,0.66,0.4,1.035,4.0,0.19,CT on D,10,
feature_8 > -0.726 AND feature_0 > -0.477 AND feature_0 > 1.03 AND feature_0 > 1.854 AND feature_7 <= 0.001,4.718,0.01,0.33,5.04,5,1.0,0.6,3.013,3.0,0.6,CT on P,1,
feature_8 > -0.726 AND feature_0 > -0.477 AND feature_0 > 1.03 AND feature_0 > 1.854 AND feature_7 <= 0.001,4.718,0.01,0.33,5.04,5,1.0,0.6,3.013,3.0,0.6,CT on P,3,
feature_8 > -0.726 AND feature_0 > -0.477 AND feature_0 > 1.03 AND feature_0 > 1.854,4.121,0.03,0.52,4.64,4,0.87,0.54,3.008,2.0,0.61,CT on P,3,
feature_8 > -0.726 AND feature_0 > -0.477 AND feature_0 > 1.03 AND feature_0 <= 1.854 AND feature_2 > -0.637 AND feature_5 <= -0.901,3.846,0.01,-0.23,3.62,6,0.82,0.49,2.162,4.0,0.43,CT on P,3,
feature_8 > -0.726 AND feature_0 > -0.477 AND feature_0 > 1.03 AND feature_0 > 1.854 AND feature_7 <= 0.001,4.718,0.01,0.33,5.04,5,1.0,0.6,3.013,3.0,0.6,CT on P,5,
feature_8 > -0.726 AND feature_0 > -0.477 AND feature_0 > 1.03 AND feature_0 > 1.854,4.121,0.03,0.52,4.64,4,0.87,0.54,3.008,2.0,0.61,CT on P,5,
feature_8 > -0.726 AND feature_0 > -0.477 AND feature_0 > 1.03 AND feature_0 <= 1.854 AND feature_2 > -0.637 AND feature_5 <= -0.901,3.846,0.01,-0.23,3.62,6,0.82,0.49,2.162,4.0,0.43,CT on P,5,
feature_8 > -0.726 AND feature_0 > -0.477 AND feature_0 > 1.03 AND feature_0 <= 1.854 AND feature_2 <= -0.637 AND feature_7 > -0.032,3.611,0.01,-0.46,3.15,6,0.77,0.46,2.103,4.0,0.42,CT on P,5,
feature_8 > -0.726 AND feature_0 > -0.477 AND feature_0 > 1.03 AND feature_0 > 1.854 AND feature_7 > 0.001,3.396,0.01,0.75,4.15,5,0.72,0.44,3.002,3.0,0.6,CT on P,5,
feature_8 > -0.726 AND feature_0 > -0.477 AND feature_0 > 1.03 AND feature_0 > 1.854 AND feature_7 <= 0.001,4.718,0.01,0.33,5.04,5,1.0,0.6,3.013,3.0,0.6,CT on P,7,
feature_8 > -0.726 AND feature_0 > -0.477 AND feature_0 > 1.03 AND feature_0 > 1.854,4.121,0.03,0.52,4.64,4,0.87,0.54,3.008,2.0,0.61,CT on P,7,
feature_8 > -0.726 AND feature_0 > -0.477 AND feature_0 > 1.03 AND feature_0 <= 1.854 AND feature_2 > -0.637 AND feature_5 <= -0.901,3.846,0.01,-0.23,3.62,6,0.82,0.49,2.162,4.0,0.43,CT on P,7,
feature_8 > -0.726 AND feature_0 > -0.477 AND feature_0 > 1.03 AND feature_0 <= 1.854 AND feature_2 <= -0.637 AND feature_7 > -0.032,3.611,0.01,-0.46,3.15,6,0.77,0.46,2.103,4.0,0.42,CT on P,7,
feature_8 > -0.726 AND feature_0 > -0.477 AND feature_0 > 1.03 AND feature_0 > 1.854 AND feature_7 > 0.001,3.396,0.01,0.75,4.15,5,0.72,0.44,3.002,3.0,0.6,CT on P,7,
feature_8 > -0.726,0.737,0.77,0.84,1.57,1,0.16,0.4,0.807,1.0,0.47,CT on P,7,
feature_8 > -0.726 AND feature_0 > -0.477 AND feature_0 > 1.03,2.75,0.12,0.69,3.44,3,0.58,0.4,2.356,2.0,0.52,CT on P,7,
feature_8 > -0.726 AND feature_0 > -0.477 AND feature_0 > 1.03 AND feature_0 > 1.854 AND feature_7 <= 0.001,4.718,0.01,0.33,5.04,5,1.0,0.6,3.013,3.0,0.6,CT on P,10,
feature_8 > -0.726 AND feature_0 > -0.477 AND feature_0 > 1.03 AND feature_0 > 1.854,4.121,0.03,0.52,4.64,4,0.87,0.54,3.008,2.0,0.61,CT on P,10,
feature_8 > -0.726 AND feature_0 > -0.477 AND feature_0 > 1.03 AND feature_0 <= 1.854 AND feature_2 > -0.637 AND feature_5 <= -0.901,3.846,0.01,-0.23,3.62,6,0.82,0.49,2.162,4.0,0.43,CT on P,10,
feature_8 > -0.726 AND feature_0 > -0.477 AND feature_0 > 1.03 AND feature_0 <= 1.854 AND feature_2 <= -0.637 AND feature_7 > -0.032,3.611,0.01,-0.46,3.15,6,0.77,0.46,2.103,4.0,0.42,CT on P,10,
feature_8 > -0.726 AND feature_0 > -0.477 AND feature_0 > 1.03 AND feature_0 > 1.854 AND feature_7 > 0.001,3.396,0.01,0.75,4.15,5,0.72,0.44,3.002,3.0,0.6,CT on P,10,
feature_8 > -0.726,0.737,0.77,0.84,1.57,1,0.16,0.4,0.807,1.0,0.47,CT on P,10,
feature_8 > -0.726 AND feature_0 > -0.477 AND feature_0 > 1.03,2.75,0.12,0.69,3.44,3,0.58,0.4,2.356,2.0,0.52,CT on P,10,
feature_8 > -0.726 AND feature_0 > -0.477 AND feature_0 > 1.03 AND feature_0 <= 1.854 AND feature_2 <= -0.637,2.982,0.02,0.11,3.09,5,0.63,0.39,2.157,3.0,0.44,CT on P,10,
feature_8 > -0.726 AND feature_0 > -0.477,1.356,0.52,0.69,2.05,2,0.29,0.38,1.331,2.0,0.47,CT on P,10,
feature_8 <= -0.726 AND feature_0 > 0.676 AND feature_5 <= -0.242,2.698,0.02,0.72,3.42,3,0.57,0.35,2.132,3.0,0.43,CT on P,10,
feature_0 > 0.91 AND feature_1 > 0.213 AND feature_1 <= 1.802 AND feature_6 <= -1.599,11.784,0.0,,,4,1.0,0.6,2.79,3.0,0.6,CF,1,4.97
feature_0 > 0.91 AND feature_1 > 0.213 AND feature_1 <= 1.802 AND feature_6 <= -1.599,11.784,0.0,,,4,1.0,0.6,2.79,3.0,0.42,CF,3,4.97
feature_0 > -1.007 AND feature_1 > 1.252 AND feature_0 > 1.432 AND feature_5 <= -0.266,9.375,0.0,,,4,0.8,0.48,3.946,3.0,0.6,CF,3,4.97
feature_0 > 0.386 AND feature_1 > 0.483 AND feature_9 > 1.312 AND feature_1 <= 0.607,8.757,0.0,,,4,0.74,0.45,2.267,3.0,0.34,CF,3,4.97
feature_0 > 0.91 AND feature_1 > 0.213 AND feature_1 <= 1.802 AND feature_6 <= -1.599,11.784,0.0,,,4,1.0,0.6,2.79,3.0,0.42,CF,5,4.97
feature_0 > -1.007 AND feature_1 > 1.252 AND feature_0 > 1.432 AND feature_5 <= -0.266,9.375,0.0,,,4,0.8,0.48,3.946,3.0,0.6,CF,5,4.97
feature_0 > 0.386 AND feature_1 > 0.483 AND feature_9 > 1.312 AND feature_1 <= 0.607,8.757,0.0,,,4,0.74,0.45,2.267,3.0,0.34,CF,5,4.97
feature_3 <= 1.615,0.949,0.94,,,1,0.08,0.42,0.798,1.0,0.5,CF,5,4.97
feature_0 > 0.964 AND feature_2 > -0.848 AND feature_0 > 1.918 AND feature_9 <= -1.252,8.184,0.0,,,4,0.69,0.42,3.231,3.0,0.49,CF,5,4.97
feature_0 > 0.91 AND feature_1 > 0.213 AND feature_1 <= 1.802 AND feature_6 <= -1.599,11.784,0.0,,,4,1.0,0.6,2.79,3.0,0.42,CF,7,4.97
feature_0 > -1.007 AND feature_1 > 1.252 AND feature_0 > 1.432 AND feature_5 <= -0.266,9.375,0.0,,,4,0.8,0.48,3.946,3.0,0.6,CF,7,4.97
feature_0 > 0.386 AND feature_1 > 0.483 AND feature_9 > 1.312 AND feature_1 <= 0.607,8.757,0.0,,,4,0.74,0.45,2.267,3.0,0.34,CF,7,4.97
feature_3 <= 1.615,0.949,0.94,,,1,0.08,0.42,0.798,1.0,0.5,CF,7,4.97
feature_0 > 0.964 AND feature_2 > -0.848 AND feature_0 > 1.918 AND feature_9 <= -1.252,8.184,0.0,,,4,0.69,0.42,3.231,3.0,0.49,CF,7,4.97
feature_0 > -1.125,1.311,0.78,,,1,0.11,0.38,1.042,1.0,0.47,CF,7,4.97
feature_0 > 0.984 AND feature_2 > 1.333 AND feature_0 > 1.439 AND feature_0 <= 1.722,7.411,0.0,,,4,0.63,0.38,2.48,2.0,0.38,CF,7,4.97
feature_0 > 0.91 AND feature_1 > 0.213 AND feature_1 <= 1.802 AND feature_6 <= -1.599,11.784,0.0,,,4,1.0,0.6,2.79,3.0,0.42,CF,10,4.97
feature_0 > -1.007 AND feature_1 > 1.252 AND feature_0 > 1.432 AND feature_5 <= -0.266,9.375,0.0,,,4,0.8,0.48,3.946,3.0,0.6,CF,10,4.97
feature_0 > 0.386 AND feature_1 > 0.483 AND feature_9 > 1.312 AND feature_1 <= 0.607,8.757,0.0,,,4,0.74,0.45,2.267,3.0,0.34,CF,10,4.97
feature_3 <= 1.615,0.949,0.94,,,1,0.08,0.42,0.798,1.0,0.5,CF,10,4.97
feature_0 > 0.964 AND feature_2 > -0.848 AND feature_0 > 1.918 AND feature_9 <= -1.252,8.184,0.0,,,4,0.69,0.42,3.231,3.0,0.49,CF,10,4.97
feature_0 > -1.125,1.311,0.78,,,1,0.11,0.38,1.042,1.0,0.47,CF,10,4.97
feature_0 > 0.984 AND feature_2 > 1.333 AND feature_0 > 1.439 AND feature_0 <= 1.722,7.411,0.0,,,4,0.63,0.38,2.48,2.0,0.38,CF,10,4.97
feature_0 > 1.028 AND feature_6 <= 1.202 AND feature_2 <= -0.909 AND feature_9 <= -0.788,7.323,0.01,,,4,0.62,0.38,2.507,4.0,0.39,CF,10,4.97
feature_0 > -1.003,1.314,0.76,,,1,0.11,0.37,1.087,1.0,0.47,CF,10,4.97
feature_0 > -1.242,0.95,0.8,,,1,0.08,0.37,1.005,1.0,0.47,CF,10,4.97
feature_0 > -0.114 AND feature_0 > 1.002 AND feature_1 > 0.488 AND feature_0 > 1.164,2.5,0.04,,,4,1.0,0.62,3.057,2.0,0.62,CF SingleTree,1,0.59
feature_0 > -0.114 AND feature_0 > 1.002 AND feature_1 > 0.488 AND feature_0 > 1.164,2.5,0.04,,,4,1.0,0.62,3.057,2.0,0.62,CF SingleTree,3,0.59
feature_0 > -0.114 AND feature_0 > 1.002 AND feature_1 > 0.488,2.434,0.05,,,3,0.97,0.6,2.946,2.0,0.6,CF SingleTree,3,0.59
feature_0 > -0.114 AND feature_0 > 1.002,2.192,0.16,,,2,0.88,0.59,2.334,1.0,0.52,CF SingleTree,3,0.59
feature_0 > -0.114 AND feature_0 > 1.002 AND feature_1 > 0.488 AND feature_0 > 1.164,2.5,0.04,,,4,1.0,0.62,3.057,2.0,0.62,CF SingleTree,5,0.59
feature_0 > -0.114 AND feature_0 > 1.002 AND feature_1 > 0.488,2.434,0.05,,,3,0.97,0.6,2.946,2.0,0.6,CF SingleTree,5,0.59
feature_0 > -0.114 AND feature_0 > 1.002,2.192,0.16,,,2,0.88,0.59,2.334,1.0,0.52,CF SingleTree,5,0.59
feature_0 > -0.114 AND feature_0 > 1.002 AND feature_1 <= 0.488 AND feature_0 > 1.162,2.171,0.08,,,4,0.87,0.55,2.183,2.0,0.46,CF SingleTree,5,0.59
feature_0 > -0.114,1.424,0.51,,,1,0.57,0.55,1.533,1.0,0.5,CF SingleTree,5,0.59
feature_0 > -0.114 AND feature_0 > 1.002 AND feature_1 > 0.488 AND feature_0 > 1.164,2.5,0.04,,,4,1.0,0.62,3.057,2.0,0.62,CF SingleTree,7,0.59
feature_0 > -0.114 AND feature_0 > 1.002 AND feature_1 > 0.488,2.434,0.05,,,3,0.97,0.6,2.946,2.0,0.6,CF SingleTree,7,0.59
feature_0 > -0.114 AND feature_0 > 1.002,2.192,0.16,,,2,0.88,0.59,2.334,1.0,0.52,CF SingleTree,7,0.59
feature_0 > -0.114 AND feature_0 > 1.002 AND feature_1 <= 0.488 AND feature_0 > 1.162,2.171,0.08,,,4,0.87,0.55,2.183,2.0,0.46,CF SingleTree,7,0.59
feature_0 > -0.114,1.424,0.51,,,1,0.57,0.55,1.533,1.0,0.5,CF SingleTree,7,0.59
feature_0 > -0.114 AND feature_0 > 1.002 AND feature_1 <= 0.488,2.082,0.11,,,3,0.83,0.54,2.057,2.0,0.45,CF SingleTree,7,0.59
feature_0 > -0.114 AND feature_0 > 1.002 AND feature_1 > 0.488 AND feature_0 <= 1.164,2.184,0.01,,,4,0.87,0.53,2.522,2.0,0.5,CF SingleTree,7,0.59
feature_0 > -0.114 AND feature_0 > 1.002 AND feature_1 > 0.488 AND feature_0 > 1.164,2.5,0.04,,,4,1.0,0.62,3.057,2.0,0.62,CF SingleTree,10,0.59
feature_0 > -0.114 AND feature_0 > 1.002 AND feature_1 > 0.488,2.434,0.05,,,3,0.97,0.6,2.946,2.0,0.6,CF SingleTree,10,0.59
feature_0 > -0.114 AND feature_0 > 1.002,2.192,0.16,,,2,0.88,0.59,2.334,1.0,0.52,CF SingleTree,10,0.59
feature_0 > -0.114 AND feature_0 > 1.002 AND feature_1 <= 0.488 AND feature_0 > 1.162,2.171,0.08,,,4,0.87,0.55,2.183,2.0,0.46,CF SingleTree,10,0.59
feature_0 > -0.114,1.424,0.51,,,1,0.57,0.55,1.533,1.0,0.5,CF SingleTree,10,0.59
feature_0 > -0.114 AND feature_0 > 1.002 AND feature_1 <= 0.488,2.082,0.11,,,3,0.83,0.54,2.057,2.0,0.45,CF SingleTree,10,0.59
feature_0 > -0.114 AND feature_0 > 1.002 AND feature_1 > 0.488 AND feature_0 <= 1.164,2.184,0.01,,,4,0.87,0.53,2.522,2.0,0.5,CF SingleTree,10,0.59
feature_0 > -0.114 AND feature_0 > 1.002 AND feature_1 <= 0.488 AND feature_0 <= 1.162,1.773,0.02,,,4,0.71,0.43,1.617,2.0,0.33,CF SingleTree,10,0.59
feature_0 > -0.114 AND feature_0 <= 1.002 AND feature_0 > 0.372 AND feature_1 > 1.083,1.71,0.03,,,4,0.68,0.42,2.471,2.0,0.5,CF SingleTree,10,0.59
feature_0 > -0.114 AND feature_0 <= 1.002,1.103,0.37,,,2,0.44,0.41,1.197,1.0,0.38,CF SingleTree,10,0.59
feature_2 > -1.712 AND feature_0 > 1.669 AND feature_1 > 0.736,4.464,0.01,1.67,6.14,3,1.0,0.6,3.609,3.0,0.6,CT on D,1,
feature_2 > -1.712 AND feature_0 > 1.669 AND feature_1 > 0.736,4.464,0.01,1.67,6.14,3,1.0,0.6,3.609,3.0,0.6,CT on D,3,
feature_2 > -1.712 AND feature_0 <= 1.669 AND feature_0 > -0.11 AND feature_1 > 0.463 AND feature_1 > 1.923,4.344,0.01,1.72,6.07,5,0.97,0.59,3.134,3.0,0.53,CT on D,3,
feature_2 > -1.712 AND feature_0 > 1.669 AND feature_1 <= 0.736 AND feature_5 > 0.506,3.615,0.01,0.93,4.54,4,0.81,0.49,2.675,4.0,0.45,CT on D,3,
feature_2 > -1.712 AND feature_0 > 1.669 AND feature_1 > 0.736,4.464,0.01,1.67,6.14,3,1.0,0.6,3.609,3.0,0.6,CT on D,5,
feature_2 > -1.712 AND feature_0 <= 1.669 AND feature_0 > -0.11 AND feature_1 > 0.463 AND feature_1 > 1.923,4.344,0.01,1.72,6.07,5,0.97,0.59,3.134,3.0,0.53,CT on D,5,
feature_2 > -1.712 AND feature_0 > 1.669 AND feature_1 <= 0.736 AND feature_5 > 0.506,3.615,0.01,0.93,4.54,4,0.81,0.49,2.675,4.0,0.45,CT on D,5,
feature_2 > -1.712 AND feature_0 <= 1.669 AND feature_0 > -0.11 AND feature_1 > 0.463 AND feature_1 <= 1.923 AND feature_7 > 1.051,3.244,0.02,0.67,3.91,6,0.73,0.44,1.948,4.0,0.33,CT on D,5,
feature_2 > -1.712 AND feature_0 > 1.669,2.827,0.05,1.47,4.3,2,0.63,0.4,2.861,2.0,0.5,CT on D,5,
feature_2 > -1.712 AND feature_0 > 1.669 AND feature_1 > 0.736,4.464,0.01,1.67,6.14,3,1.0,0.6,3.609,3.0,0.6,CT on D,7,
feature_2 > -1.712 AND feature_0 <= 1.669 AND feature_0 > -0.11 AND feature_1 > 0.463 AND feature_1 > 1.923,4.344,0.01,1.72,6.07,5,0.97,0.59,3.134,3.0,0.53,CT on D,7,
feature_2 > -1.712 AND feature_0 > 1.669 AND feature_1 <= 0.736 AND feature_5 > 0.506,3.615,0.01,0.93,4.54,4,0.81,0.49,2.675,4.0,0.45,CT on D,7,
feature_2 > -1.712 AND feature_0 <= 1.669 AND feature_0 > -0.11 AND feature_1 > 0.463 AND feature_1 <= 1.923 AND feature_7 > 1.051,3.244,0.02,0.67,3.91,6,0.73,0.44,1.948,4.0,0.33,CT on D,7,
feature_2 > -1.712 AND feature_0 > 1.669,2.827,0.05,1.47,4.3,2,0.63,0.4,2.861,2.0,0.5,CT on D,7,
feature_2 > -1.712 AND feature_0 <= 1.669 AND feature_0 > -0.11 AND feature_1 > 0.463,2.291,0.14,1.33,3.62,4,0.51,0.36,2.026,3.0,0.39,CT on D,7,
feature_2 <= -1.712 AND feature_4 <= 0.536 AND feature_4 <= -0.698,2.544,0.01,-0.07,2.48,3,0.57,0.35,0.753,2.0,0.13,CT on D,7,
feature_2 > -1.712 AND feature_0 > 1.669 AND feature_1 > 0.736,4.464,0.01,1.67,6.14,3,1.0,0.6,3.609,3.0,0.6,CT on D,10,
feature_2 > -1.712 AND feature_0 <= 1.669 AND feature_0 > -0.11 AND feature_1 > 0.463 AND feature_1 > 1.923,4.344,0.01,1.72,6.07,5,0.97,0.59,3.134,3.0,0.53,CT on D,10,
feature_2 > -1.712 AND feature_0 > 1.669 AND feature_1 <= 0.736 AND feature_5 > 0.506,3.615,0.01,0.93,4.54,4,0.81,0.49,2.675,4.0,0.45,CT on D,10,
feature_2 > -1.712 AND feature_0 <= 1.669 AND feature_0 > -0.11 AND feature_1 > 0.463 AND feature_1 <= 1.923 AND feature_7 > 1.051,3.244,0.02,0.67,3.91,6,0.73,0.44,1.948,4.0,0.33,CT on D,10,
feature_2 > -1.712 AND feature_0 > 1.669,2.827,0.05,1.47,4.3,2,0.63,0.4,2.861,2.0,0.5,CT on D,10,
feature_2 > -1.712 AND feature_0 <= 1.669 AND feature_0 > -0.11 AND feature_1 > 0.463,2.291,0.14,1.33,3.62,4,0.51,0.36,2.026,3.0,0.39,CT on D,10,
feature_2 <= -1.712 AND feature_4 <= 0.536 AND feature_4 <= -0.698,2.544,0.01,-0.07,2.48,3,0.57,0.35,0.753,2.0,0.13,CT on D,10,
feature_2 > -1.712 AND feature_0 <= 1.669 AND feature_0 > -0.11 AND feature_1 > 0.463 AND feature_1 <= 1.923,2.128,0.13,1.3,3.43,5,0.48,0.34,1.938,3.0,0.37,CT on D,10,
feature_2 > -1.712 AND feature_0 <= 1.669 AND feature_0 <= -0.11 AND feature_1 > 0.556 AND feature_0 > -0.598 AND feature_7 > -0.113,2.412,0.02,0.85,3.26,6,0.54,0.33,1.113,4.0,0.19,CT on D,10,
feature_2 > -1.712 AND feature_0 > 1.669 AND feature_1 <= 0.736,2.348,0.04,1.41,3.76,3,0.53,0.33,2.638,3.0,0.45,CT on D,10,
feature_0 > 0.476 AND feature_1 > 1.578,4.406,0.02,1.97,6.38,2,1.0,0.61,3.304,2.0,0.61,CT on P,1,
feature_0 > 0.476 AND feature_1 > 1.578,4.406,0.02,1.97,6.38,2,1.0,0.61,3.304,2.0,0.61,CT on P,3,
feature_0 > 0.476 AND feature_1 <= 1.578 AND feature_0 > 1.756,3.23,0.03,0.64,3.87,3,0.73,0.45,2.867,2.0,0.53,CT on P,3,
feature_0 <= 0.476 AND feature_1 > 0.492 AND feature_4 <= -0.4 AND feature_3 <= -0.594 AND feature_6 > 0.133,3.145,0.02,-1.15,1.99,5,0.71,0.44,0.809,5.0,0.15,CT on P,3,
feature_0 > 0.476 AND feature_1 > 1.578,4.406,0.02,1.97,6.38,2,1.0,0.61,3.304,2.0,0.61,CT on P,5,
feature_0 > 0.476 AND feature_1 <= 1.578 AND feature_0 > 1.756,3.23,0.03,0.64,3.87,3,0.73,0.45,2.867,2.0,0.53,CT on P,5,
feature_0 <= 0.476 AND feature_1 > 0.492 AND feature_4 <= -0.4 AND feature_3 <= -0.594 AND feature_6 > 0.133,3.145,0.02,-1.15,1.99,5,0.71,0.44,0.809,5.0,0.15,CT on P,5,
feature_0 > 0.476,1.873,0.32,0.76,2.64,1,0.43,0.38,1.953,1.0,0.48,CT on P,5,
feature_0 > 0.476 AND feature_1 <= 1.578 AND feature_0 <= 1.756 AND feature_4 > -1.357 AND feature_1 > -0.641 AND feature_4 > 0.413,2.544,0.07,0.69,3.24,6,0.58,0.37,1.909,3.0,0.37,CT on P,5,
feature_0 > 0.476 AND feature_1 > 1.578,4.406,0.02,1.97,6.38,2,1.0,0.61,3.304,2.0,0.61,CT on P,7,
feature_0 > 0.476 AND feature_1 <= 1.578 AND feature_0 > 1.756,3.23,0.03,0.64,3.87,3,0.73,0.45,2.867,2.0,0.53,CT on P,7,
feature_0 <= 0.476 AND feature_1 > 0.492 AND feature_4 <= -0.4 AND feature_3 <= -0.594 AND feature_6 > 0.133,3.145,0.02,-1.15,1.99,5,0.71,0.44,0.809,5.0,0.15,CT on P,7,
feature_0 > 0.476,1.873,0.32,0.76,2.64,1,0.43,0.38,1.953,1.0,0.48,CT on P,7,
feature_0 > 0.476 AND feature_1 <= 1.578 AND feature_0 <= 1.756 AND feature_4 > -1.357 AND feature_1 > -0.641 AND feature_4 > 0.413,2.544,0.07,0.69,3.24,6,0.58,0.37,1.909,3.0,0.37,CT on P,7,
feature_0 > 0.476 AND feature_1 <= 1.578,1.719,0.3,0.69,2.41,2,0.39,0.35,1.87,2.0,0.46,CT on P,7,
feature_0 <= 0.476 AND feature_1 > 0.492 AND feature_4 <= -0.4 AND feature_3 <= -0.594,2.341,0.04,-0.38,1.96,4,0.53,0.33,0.845,4.0,0.17,CT on P,7,
feature_0 > 0.476 AND feature_1 > 1.578,4.406,0.02,1.97,6.38,2,1.0,0.61,3.304,2.0,0.61,CT on P,10,
feature_0 > 0.476 AND feature_1 <= 1.578 AND feature_0 > 1.756,3.23,0.03,0.64,3.87,3,0.73,0.45,2.867,2.0,0.53,CT on P,10,
feature_0 <= 0.476 AND feature_1 > 0.492 AND feature_4 <= -0.4 AND feature_3 <= -0.594 AND feature_6 > 0.133,3.145,0.02,-1.15,1.99,5,0.71,0.44,0.809,5.0,0.15,CT on P,10,
feature_0 > 0.476,1.873,0.32,0.76,2.64,1,0.43,0.38,1.953,1.0,0.48,CT on P,10,
feature_0 > 0.476 AND feature_1 <= 1.578 AND feature_0 <= 1.756 AND feature_4 > -1.357 AND feature_1 > -0.641 AND feature_4 > 0.413,2.544,0.07,0.69,3.24,6,0.58,0.37,1.909,3.0,0.37,CT on P,10,
feature_0 > 0.476 AND feature_1 <= 1.578,1.719,0.3,0.69,2.41,2,0.39,0.35,1.87,2.0,0.46,CT on P,10,
feature_0 <= 0.476 AND feature_1 > 0.492 AND feature_4 <= -0.4 AND feature_3 <= -0.594,2.341,0.04,-0.38,1.96,4,0.53,0.33,0.845,4.0,0.17,CT on P,10,
feature_0 <= 0.476 AND feature_1 <= 0.492 AND feature_0 > -0.406 AND feature_1 > -0.535 AND feature_4 <= 0.137 AND feature_0 > 0.201,2.361,0.03,-0.84,1.52,6,0.54,0.33,1.011,3.0,0.2,CT on P,10,
feature_0 > 0.476 AND feature_1 <= 1.578 AND feature_0 <= 1.756 AND feature_4 > -1.357 AND feature_1 > -0.641,1.883,0.18,0.82,2.71,5,0.43,0.33,1.896,3.0,0.42,CT on P,10,
feature_0 > 0.476 AND feature_1 <= 1.578 AND feature_0 <= 1.756 AND feature_4 > -1.357,1.615,0.25,0.68,2.3,4,0.37,0.32,1.729,3.0,0.41,CT on P,10,
feature_0 <= 0.221 AND feature_1 > 0.321 AND feature_8 <= -1.323 AND feature_2 > 1.242,39.709,0.0,,,4,1.0,0.6,0.424,4.0,0.6,CF,1,4.91
feature_0 <= 0.221 AND feature_1 > 0.321 AND feature_8 <= -1.323 AND feature_2 > 1.242,39.709,0.0,,,4,1.0,0.6,0.424,4.0,0.27,CF,3,4.91
feature_0 > -1.505 AND feature_0 <= 0.791 AND feature_2 <= 1.621 AND feature_3 <= 0.381,0.735,0.61,,,4,0.02,0.26,0.583,3.0,0.61,CF,3,4.91
feature_0 > -1.505,1.124,0.53,,,1,0.03,0.23,0.948,1.0,0.81,CF,3,4.91
feature_0 <= 0.221 AND feature_1 > 0.321 AND feature_8 <= -1.323 AND feature_2 > 1.242,39.709,0.0,,,4,1.0,0.6,0.424,4.0,0.27,CF,5,4.91
feature_0 > -1.505 AND feature_0 <= 0.791 AND feature_2 <= 1.621 AND feature_3 <= 0.381,0.735,0.61,,,4,0.02,0.26,0.583,3.0,0.61,CF,5,4.91
feature_0 > -1.505,1.124,0.53,,,1,0.03,0.23,0.948,1.0,0.81,CF,5,4.91
feature_0 > -1.595,0.834,0.54,,,1,0.02,0.23,0.931,1.0,0.81,CF,5,4.91
feature_0 <= 1.636,0.745,0.54,,,1,0.02,0.23,0.703,1.0,0.66,CF,5,4.91
feature_0 <= 0.221 AND feature_1 > 0.321 AND feature_8 <= -1.323 AND feature_2 > 1.242,39.709,0.0,,,4,1.0,0.6,0.424,4.0,0.25,CF,7,4.91
feature_0 > -1.505 AND feature_0 <= 0.791 AND feature_2 <= 1.621 AND feature_3 <= 0.381,0.735,0.61,,,4,0.02,0.26,0.583,3.0,0.58,CF,7,4.91
feature_0 > -1.505,1.124,0.53,,,1,0.03,0.23,0.948,1.0,0.76,CF,7,4.91
feature_0 > -1.595,0.834,0.54,,,1,0.02,0.23,0.931,1.0,0.76,CF,7,4.91
feature_0 <= 1.636,0.745,0.54,,,1,0.02,0.23,0.703,1.0,0.63,CF,7,4.91
feature_0 <= 1.579,0.924,0.53,,,1,0.02,0.23,0.688,1.0,0.61,CF,7,4.91
feature_0 > -1.182,1.162,0.52,,,1,0.03,0.23,1.031,1.0,0.81,CF,7,4.91
feature_0 <= 0.221 AND feature_1 > 0.321 AND feature_8 <= -1.323 AND feature_2 > 1.242,39.709,0.0,,,4,1.0,0.6,0.424,4.0,0.25,CF,10,4.91
feature_0 > -1.505 AND feature_0 <= 0.791 AND feature_2 <= 1.621 AND feature_3 <= 0.381,0.735,0.61,,,4,0.02,0.26,0.583,3.0,0.58,CF,10,4.91
feature_0 > -1.505,1.124,0.53,,,1,0.03,0.23,0.948,1.0,0.76,CF,10,4.91
feature_0 > -1.595,0.834,0.54,,,1,0.02,0.23,0.931,1.0,0.76,CF,10,4.91
feature_0 <= 1.636,0.745,0.54,,,1,0.02,0.23,0.703,1.0,0.63,CF,10,4.91
feature_0 <= 1.579,0.924,0.53,,,1,0.02,0.23,0.688,1.0,0.61,CF,10,4.91
feature_0 > -1.182,1.162,0.52,,,1,0.03,0.23,1.031,1.0,0.81,CF,10,4.91
feature_0 <= 1.579 AND feature_0 > -1.586,1.038,0.52,,,2,0.03,0.22,0.807,1.0,0.68,CF,10,4.91
feature_0 <= 0.672 AND feature_3 <= 0.979,0.47,0.54,,,2,0.01,0.22,0.383,2.0,0.44,CF,10,4.91
feature_0 <= 1.514,0.686,0.53,,,1,0.02,0.22,0.674,1.0,0.6,CF,10,4.91
feature_0 > -0.206 AND feature_1 > 0.523 AND feature_0 > 0.644 AND feature_1 > 1.579,2.735,0.02,,,4,1.0,0.61,3.417,2.0,0.61,CF SingleTree,1,0.57
feature_0 > -0.206 AND feature_1 > 0.523 AND feature_0 > 0.644 AND feature_1 > 1.579,2.735,0.02,,,4,1.0,0.61,3.417,2.0,0.61,CF SingleTree,3,0.57
feature_0 > -0.206 AND feature_1 > 0.523 AND feature_0 > 0.644,2.229,0.08,,,3,0.81,0.52,2.717,2.0,0.51,CF SingleTree,3,0.57
feature_0 > -0.206 AND feature_1 > 0.523 AND feature_0 > 0.644 AND feature_1 <= 1.579,2.113,0.07,,,4,0.77,0.49,2.556,2.0,0.48,CF SingleTree,3,0.57
feature_0 > -0.206 AND feature_1 > 0.523 AND feature_0 > 0.644 AND feature_1 > 1.579,2.735,0.02,,,4,1.0,0.61,3.417,2.0,0.61,CF SingleTree,5,0.57
feature_0 > -0.206 AND feature_1 > 0.523 AND feature_0 > 0.644,2.229,0.08,,,3,0.81,0.52,2.717,2.0,0.51,CF SingleTree,5,0.57
feature_0 > -0.206 AND feature_1 > 0.523 AND feature_0 > 0.644 AND feature_1 <= 1.579,2.113,0.07,,,4,0.77,0.49,2.556,2.0,0.48,CF SingleTree,5,0.57
feature_0 > -0.206 AND feature_1 > 0.523,1.856,0.16,,,2,0.68,0.47,2.139,2.0,0.44,CF SingleTree,5,0.57
feature_0 > -0.206,1.263,0.39,,,1,0.46,0.43,1.488,1.0,0.42,CF SingleTree,5,0.57
feature_0 > -0.206 AND feature_1 > 0.523 AND feature_0 > 0.644 AND feature_1 > 1.579,2.735,0.02,,,4,1.0,0.61,3.417,2.0,0.61,CF SingleTree,7,0.57
feature_0 > -0.206 AND feature_1 > 0.523 AND feature_0 > 0.644,2.229,0.08,,,3,0.81,0.52,2.717,2.0,0.51,CF SingleTree,7,0.57
feature_0 > -0.206 AND feature_1 > 0.523 AND feature_0 > 0.644 AND feature_1 <= 1.579,2.113,0.07,,,4,0.77,0.49,2.556,2.0,0.48,CF SingleTree,7,0.57
feature_0 > -0.206 AND feature_1 > 0.523,1.856,0.16,,,2,0.68,0.47,2.139,2.0,0.44,CF SingleTree,7,0.57
feature_0 > -0.206,1.263,0.39,,,1,0.46,0.43,1.488,1.0,0.42,CF SingleTree,7,0.57
feature_0 > -0.206 AND feature_1 > 0.523 AND feature_0 <= 0.644 AND feature_1 > 1.516,1.844,0.02,,,4,0.67,0.41,2.309,2.0,0.41,CF SingleTree,7,0.57
feature_0 > -0.206 AND feature_1 > 0.523 AND feature_0 <= 0.644,1.532,0.09,,,3,0.56,0.37,1.64,2.0,0.32,CF SingleTree,7,0.57
feature_0 > -0.206 AND feature_1 > 0.523 AND feature_0 > 0.644 AND feature_1 > 1.579,2.735,0.02,,,4,1.0,0.61,3.417,2.0,0.61,CF SingleTree,10,0.57
feature_0 > -0.206 AND feature_1 > 0.523 AND feature_0 > 0.644,2.229,0.08,,,3,0.81,0.52,2.717,2.0,0.51,CF SingleTree,10,0.57
feature_0 > -0.206 AND feature_1 > 0.523 AND feature_0 > 0.644 AND feature_1 <= 1.579,2.113,0.07,,,4,0.77,0.49,2.556,2.0,0.48,CF SingleTree,10,0.57
feature_0 > -0.206 AND feature_1 > 0.523,1.856,0.16,,,2,0.68,0.47,2.139,2.0,0.44,CF SingleTree,10,0.57
feature_0 > -0.206,1.263,0.39,,,1,0.46,0.43,1.488,1.0,0.42,CF SingleTree,10,0.57
feature_0 > -0.206 AND feature_1 > 0.523 AND feature_0 <= 0.644 AND feature_1 > 1.516,1.844,0.02,,,4,0.67,0.41,2.309,2.0,0.41,CF SingleTree,10,0.57
feature_0 > -0.206 AND feature_1 > 0.523 AND feature_0 <= 0.644,1.532,0.09,,,3,0.56,0.37,1.64,2.0,0.32,CF SingleTree,10,0.57
feature_0 > -0.206 AND feature_1 <= 0.523 AND feature_0 > 0.83 AND feature_0 > 1.612,1.611,0.04,,,4,0.59,0.37,2.54,2.0,0.46,CF SingleTree,10,0.57
feature_0 > -0.206 AND feature_1 > 0.523 AND feature_0 <= 0.644 AND feature_1 <= 1.516,1.46,0.07,,,4,0.53,0.35,1.484,2.0,0.29,CF SingleTree,10,0.57
feature_0 > -0.206 AND feature_1 <= 0.523,1.001,0.3,,,2,0.37,0.34,1.2,2.0,0.33,CF SingleTree,10,0.57
feature_1 > -1.131 AND feature_0 > 0.426 AND feature_1 > 0.954 AND feature_8 > 0.326 AND feature_3 <= 0.003,4.203,0.01,0.36,4.56,5,1.0,0.6,2.833,4.0,0.6,CT on D,1,
feature_1 > -1.131 AND feature_0 > 0.426 AND feature_1 > 0.954 AND feature_8 > 0.326 AND feature_3 <= 0.003,4.203,0.01,0.36,4.56,5,1.0,0.6,2.833,4.0,0.6,CT on D,3,
feature_1 > -1.131 AND feature_0 > 0.426 AND feature_1 > 0.954 AND feature_8 <= 0.326 AND feature_8 <= -0.991,3.952,0.01,1.05,5.0,5,0.94,0.57,2.842,3.0,0.6,CT on D,3,
feature_1 > -1.131 AND feature_0 > 0.426 AND feature_1 <= 0.954 AND feature_0 > 1.069 AND feature_7 <= -0.694 AND feature_9 <= -0.017,3.883,0.01,0.24,4.13,6,0.92,0.56,2.326,4.0,0.5,CT on D,3,
feature_1 > -1.131 AND feature_0 > 0.426 AND feature_1 > 0.954 AND feature_8 > 0.326 AND feature_3 <= 0.003,4.203,0.01,0.36,4.56,5,1.0,0.6,2.833,4.0,0.6,CT on D,5,
feature_1 > -1.131 AND feature_0 > 0.426 AND feature_1 > 0.954 AND feature_8 <= 0.326 AND feature_8 <= -0.991,3.952,0.01,1.05,5.0,5,0.94,0.57,2.842,3.0,0.6,CT on D,5,
feature_1 > -1.131 AND feature_0 > 0.426 AND feature_1 <= 0.954 AND feature_0 > 1.069 AND feature_7 <= -0.694 AND feature_9 <= -0.017,3.883,0.01,0.24,4.13,6,0.92,0.56,2.326,4.0,0.49,CT on D,5,
feature_1 > -1.131 AND feature_0 > 0.426 AND feature_1 > 0.954 AND feature_8 > 0.326,3.836,0.02,0.98,4.82,4,0.91,0.56,2.856,3.0,0.61,CT on D,5,
feature_1 > -1.131 AND feature_0 > 0.426 AND feature_1 <= 0.954 AND feature_0 > 1.069 AND feature_7 > -0.694 AND feature_9 > 1.038,3.551,0.01,0.1,3.65,6,0.84,0.51,2.208,4.0,0.47,CT on D,5,
feature_1 > -1.131 AND feature_0 > 0.426 AND feature_1 > 0.954 AND feature_8 > 0.326 AND feature_3 <= 0.003,4.203,0.01,0.36,4.56,5,1.0,0.6,2.833,4.0,0.59,CT on D,7,
feature_1 > -1.131 AND feature_0 > 0.426 AND feature_1 > 0.954 AND feature_8 <= 0.326 AND feature_8 <= -0.991,3.952,0.01,1.05,5.0,5,0.94,0.57,2.842,3.0,0.6,CT on D,7,
feature_1 > -1.131 AND feature_0 > 0.426 AND feature_1 <= 0.954 AND feature_0 > 1.069 AND feature_7 <= -0.694 AND feature_9 <= -0.017,3.883,0.01,0.24,4.13,6,0.92,0.56,2.326,4.0,0.49,CT on D,7,
feature_1 > -1.131 AND feature_0 > 0.426 AND feature_1 > 0.954 AND feature_8 > 0.326,3.836,0.02,0.98,4.82,4,0.91,0.56,2.856,3.0,0.6,CT on D,7,
feature_1 > -1.131 AND feature_0 > 0.426 AND feature_1 <= 0.954 AND feature_0 > 1.069 AND feature_7 > -0.694 AND feature_9 > 1.038,3.551,0.01,0.1,3.65,6,0.84,0.51,2.208,4.0,0.46,CT on D,7,
feature_1 > -1.131 AND feature_0 > 0.426 AND feature_1 > 0.954 AND feature_8 > 0.326 AND feature_3 > 0.003,3.477,0.01,1.59,5.07,5,0.83,0.5,2.879,4.0,0.6,CT on D,7,
feature_1 > -1.131 AND feature_0 > 0.426 AND feature_1 <= 0.954 AND feature_0 > 1.069 AND feature_7 <= -0.694,3.305,0.02,0.5,3.81,5,0.79,0.48,2.285,3.0,0.48,CT on D,7,
feature_1 > -1.131 AND feature_0 > 0.426 AND feature_1 > 0.954 AND feature_8 > 0.326 AND feature_3 <= 0.003,4.203,0.01,0.36,4.56,5,1.0,0.6,2.833,4.0,0.59,CT on D,10,
feature_1 > -1.131 AND feature_0 > 0.426 AND feature_1 > 0.954 AND feature_8 <= 0.326 AND feature_8 <= -0.991,3.952,0.01,1.05,5.0,5,0.94,0.57,2.842,3.0,0.6,CT on D,10,
feature_1 > -1.131 AND feature_0 > 0.426 AND feature_1 <= 0.954 AND feature_0 > 1.069 AND feature_7 <= -0.694 AND feature_9 <= -0.017,3.883,0.01,0.24,4.13,6,0.92,0.56,2.326,4.0,0.49,CT on D,10,
feature_1 > -1.131 AND feature_0 > 0.426 AND feature_1 > 0.954 AND feature_8 > 0.326,3.836,0.02,0.98,4.82,4,0.91,0.56,2.856,3.0,0.6,CT on D,10,
feature_1 > -1.131 AND feature_0 > 0.426 AND feature_1 <= 0.954 AND feature_0 > 1.069 AND feature_7 > -0.694 AND feature_9 > 1.038,3.551,0.01,0.1,3.65,6,0.84,0.51,2.208,4.0,0.46,CT on D,10,
feature_1 > -1.131 AND feature_0 > 0.426 AND feature_1 > 0.954 AND feature_8 > 0.326 AND feature_3 > 0.003,3.477,0.01,1.59,5.07,5,0.83,0.5,2.879,4.0,0.6,CT on D,10,
feature_1 > -1.131 AND feature_0 > 0.426 AND feature_1 <= 0.954 AND feature_0 > 1.069 AND feature_7 <= -0.694,3.305,0.02,0.5,3.81,5,0.79,0.48,2.285,3.0,0.48,CT on D,10,
feature_1 > -1.131 AND feature_0 > 0.426 AND feature_1 > 0.954,3.178,0.06,1.31,4.48,3,0.76,0.48,2.782,2.0,0.6,CT on D,10,
feature_1 > -1.131 AND feature_0 > 0.426 AND feature_1 > 0.954 AND feature_8 <= 0.326 AND feature_8 > -0.991 AND feature_2 > 0.135,3.129,0.01,1.57,4.7,6,0.74,0.45,2.726,4.0,0.57,CT on D,10,
feature_1 > -1.131,0.949,0.74,0.95,1.9,1,0.23,0.43,0.866,1.0,0.48,CT on D,10,
feature_2 <= 0.812 AND feature_0 > 1.188 AND feature_1 > 1.124,4.321,0.01,1.21,5.53,3,1.0,0.6,3.496,3.0,0.6,CT on P,1,
feature_2 <= 0.812 AND feature_0 > 1.188 AND feature_1 > 1.124,4.321,0.01,1.21,5.53,3,1.0,0.6,3.496,3.0,0.6,CT on P,3,
feature_2 <= 0.812 AND feature_0 <= 1.188 AND feature_1 > -0.093 AND feature_0 > 0.394 AND feature_1 > 0.991 AND feature_9 > 0.337,4.27,0.01,0.25,4.52,6,0.99,0.6,2.412,4.0,0.42,CT on P,3,
feature_2 <= 0.812,0.874,0.94,0.75,1.62,1,0.2,0.5,0.777,1.0,0.51,CT on P,3,
feature_2 <= 0.812 AND feature_0 > 1.188 AND feature_1 > 1.124,4.321,0.01,1.21,5.53,3,1.0,0.6,3.496,3.0,0.6,CT on P,5,
feature_2 <= 0.812 AND feature_0 <= 1.188 AND feature_1 > -0.093 AND feature_0 > 0.394 AND feature_1 > 0.991 AND feature_9 > 0.337,4.27,0.01,0.25,4.52,6,0.99,0.6,2.412,4.0,0.42,CT on P,5,
feature_2 <= 0.812,0.874,0.94,0.75,1.62,1,0.2,0.5,0.777,1.0,0.51,CT on P,5,
feature_2 <= 0.812 AND feature_0 > 1.188 AND feature_1 <= 1.124 AND feature_6 <= 0.762 AND feature_7 <= -0.493,3.425,0.02,0.19,3.61,5,0.79,0.48,2.309,5.0,0.4,CT on P,5,
feature_2 <= 0.812 AND feature_0 > 1.188 AND feature_1 <= 1.124 AND feature_6 > 0.762,3.419,0.02,0.45,3.87,4,0.79,0.48,2.322,4.0,0.41,CT on P,5,
feature_2 <= 0.812 AND feature_0 > 1.188 AND feature_1 > 1.124,4.321,0.01,1.21,5.53,3,1.0,0.6,3.496,3.0,0.6,CT on P,7,
feature_2 <= 0.812 AND feature_0 <= 1.188 AND feature_1 > -0.093 AND feature_0 > 0.394 AND feature_1 > 0.991 AND feature_9 > 0.337,4.27,0.01,0.25,4.52,6,0.99,0.6,2.412,4.0,0.42,CT on P,7,
feature_2 <= 0.812,0.874,0.94,0.75,1.62,1,0.2,0.5,0.777,1.0,0.51,CT on P,7,
feature_2 <= 0.812 AND feature_0 > 1.188 AND feature_1 <= 1.124 AND feature_6 <= 0.762 AND feature_7 <= -0.493,3.425,0.02,0.19,3.61,5,0.79,0.48,2.309,5.0,0.4,CT on P,7,
feature_2 <= 0.812 AND feature_0 > 1.188 AND feature_1 <= 1.124 AND feature_6 > 0.762,3.419,0.02,0.45,3.87,4,0.79,0.48,2.322,4.0,0.41,CT on P,7,
feature_2 <= 0.812 AND feature_0 <= 1.188 AND feature_1 > -0.093 AND feature_0 > 0.394 AND feature_1 > 0.991,3.056,0.04,1.05,4.11,5,0.71,0.44,2.475,3.0,0.44,CT on P,7,
feature_2 <= 0.812 AND feature_0 > 1.188,2.851,0.1,0.7,3.56,2,0.66,0.44,2.457,2.0,0.46,CT on P,7,
feature_2 <= 0.812 AND feature_0 > 1.188 AND feature_1 > 1.124,4.321,0.01,1.21,5.53,3,1.0,0.6,3.496,3.0,0.6,CT on P,10,
feature_2 <= 0.812 AND feature_0 <= 1.188 AND feature_1 > -0.093 AND feature_0 > 0.394 AND feature_1 > 0.991 AND feature_9 > 0.337,4.27,0.01,0.25,4.52,6,0.99,0.6,2.412,4.0,0.42,CT on P,10,
feature_2 <= 0.812,0.874,0.94,0.75,1.62,1,0.2,0.5,0.777,1.0,0.51,CT on P,10,
feature_2 <= 0.812 AND feature_0 > 1.188 AND feature_1 <= 1.124 AND feature_6 <= 0.762 AND feature_7 <= -0.493,3.425,0.02,0.19,3.61,5,0.79,0.48,2.309,5.0,0.4,CT on P,10,
feature_2 <= 0.812 AND feature_0 > 1.188 AND feature_1 <= 1.124 AND feature_6 > 0.762,3.419,0.02,0.45,3.87,4,0.79,0.48,2.322,4.0,0.41,CT on P,10,
feature_2 <= 0.812 AND feature_0 <= 1.188 AND feature_1 > -0.093 AND feature_0 > 0.394 AND feature_1 > 0.991,3.056,0.04,1.05,4.11,5,0.71,0.44,2.475,3.0,0.44,CT on P,10,
feature_2 <= 0.812 AND feature_0 > 1.188,2.851,0.1,0.7,3.56,2,0.66,0.44,2.457,2.0,0.46,CT on P,10,
feature_2 <= 0.812 AND feature_0 > 1.188 AND feature_1 <= 1.124 AND feature_6 <= 0.762 AND feature_7 > -0.493 AND feature_4 <= -0.394,3.065,0.02,-0.04,3.02,6,0.71,0.43,2.265,6.0,0.4,CT on P,10,
feature_2 <= 0.812 AND feature_0 <= 1.188,0.626,0.84,0.75,1.38,2,0.14,0.42,0.567,2.0,0.43,CT on P,10,
feature_2 <= 0.812 AND feature_0 > 1.188 AND feature_1 <= 1.124,2.631,0.09,0.63,3.26,3,0.61,0.4,2.306,3.0,0.43,CT on P,10,
feature_0 > 1.452 AND feature_1 > 0.584 AND feature_9 > -0.485 AND feature_7 <= -0.728,8.908,0.0,,,4,1.0,0.6,3.573,4.0,0.6,CF,1,5.14
feature_0 > 1.452 AND feature_1 > 0.584 AND feature_9 > -0.485 AND feature_7 <= -0.728,8.908,0.0,,,4,1.0,0.6,3.573,4.0,0.6,CF,3,5.14
feature_0 > 1.452 AND feature_1 > 0.584 AND feature_9 <= -0.485 AND feature_0 <= 1.78,8.231,0.0,,,4,0.92,0.55,3.028,3.0,0.51,CF,3,5.14
feature_0 > 0.525 AND feature_1 > 1.193 AND feature_4 <= -1.05 AND feature_7 > 0.615,8.021,0.0,,,4,0.9,0.54,2.952,4.0,0.5,CF,3,5.14
feature_0 > 1.452 AND feature_1 > 0.584 AND feature_9 > -0.485 AND feature_7 <= -0.728,8.908,0.0,,,4,1.0,0.6,3.573,4.0,0.6,CF,5,5.14
feature_0 > 1.452 AND feature_1 > 0.584 AND feature_9 <= -0.485 AND feature_0 <= 1.78,8.231,0.0,,,4,0.92,0.55,3.028,3.0,0.51,CF,5,5.14
feature_0 > 0.525 AND feature_1 > 1.193 AND feature_4 <= -1.05 AND feature_7 > 0.615,8.021,0.0,,,4,0.9,0.54,2.952,4.0,0.5,CF,5,5.14
feature_0 > 0.434 AND feature_1 > 1.31 AND feature_3 > -0.047 AND feature_5 <= -0.565,7.525,0.0,,,4,0.84,0.51,3.259,4.0,0.55,CF,5,5.14
feature_0 > 0.571 AND feature_1 > 1.56 AND feature_1 > 1.94 AND feature_6 <= -0.104,7.349,0.0,,,4,0.82,0.49,3.507,3.0,0.59,CF,5,5.14
feature_0 > 1.452 AND feature_1 > 0.584 AND feature_9 > -0.485 AND feature_7 <= -0.728,8.908,0.0,,,4,1.0,0.6,3.573,4.0,0.6,CF,7,5.14
feature_0 > 1.452 AND feature_1 > 0.584 AND feature_9 <= -0.485 AND feature_0 <= 1.78,8.231,0.0,,,4,0.92,0.55,3.028,3.0,0.51,CF,7,5.14
feature_0 > 0.525 AND feature_1 > 1.193 AND feature_4 <= -1.05 AND feature_7 > 0.615,8.021,0.0,,,4,0.9,0.54,2.952,4.0,0.5,CF,7,5.14
feature_0 > 0.434 AND feature_1 > 1.31 AND feature_3 > -0.047 AND feature_5 <= -0.565,7.525,0.0,,,4,0.84,0.51,3.259,4.0,0.55,CF,7,5.14
feature_0 > 0.571 AND feature_1 > 1.56 AND feature_1 > 1.94 AND feature_6 <= -0.104,7.349,0.0,,,4,0.82,0.49,3.507,3.0,0.59,CF,7,5.14
feature_0 > -0.26 AND feature_0 > 1.387 AND feature_8 > -0.939 AND feature_7 <= -0.64,5.814,0.02,,,4,0.65,0.4,2.666,3.0,0.46,CF,7,5.14
feature_0 > 0.883 AND feature_1 > 0.916 AND feature_6 > -0.895 AND feature_3 > 0.415,5.855,0.01,,,4,0.66,0.4,3.038,4.0,0.51,CF,7,5.14
feature_0 > 1.452 AND feature_1 > 0.584 AND feature_9 > -0.485 AND feature_7 <= -0.728,8.908,0.0,,,4,1.0,0.6,3.573,4.0,0.6,CF,10,5.14
feature_0 > 1.452 AND feature_1 > 0.584 AND feature_9 <= -0.485 AND feature_0 <= 1.78,8.231,0.0,,,4,0.92,0.55,3.028,3.0,0.51,CF,10,5.14
feature_0 > 0.525 AND feature_1 > 1.193 AND feature_4 <= -1.05 AND feature_7 > 0.615,8.021,0.0,,,4,0.9,0.54,2.952,4.0,0.5,CF,10,5.14
feature_0 > 0.434 AND feature_1 > 1.31 AND feature_3 > -0.047 AND feature_5 <= -0.565,7.525,0.0,,,4,0.84,0.51,3.259,4.0,0.55,CF,10,5.14
feature_0 > 0.571 AND feature_1 > 1.56 AND feature_1 > 1.94 AND feature_6 <= -0.104,7.349,0.0,,,4,0.82,0.49,3.507,3.0,0.59,CF,10,5.14
feature_0 > -0.26 AND feature_0 > 1.387 AND feature_8 > -0.939 AND feature_7 <= -0.64,5.814,0.02,,,4,0.65,0.4,2.666,3.0,0.46,CF,10,5.14
feature_0 > 0.883 AND feature_1 > 0.916 AND feature_6 > -0.895 AND feature_3 > 0.415,5.855,0.01,,,4,0.66,0.4,3.038,4.0,0.51,CF,10,5.14
feature_0 > 0.577 AND feature_1 > 0.659 AND feature_4 > 0.995 AND feature_1 > 0.989,5.779,0.01,,,4,0.65,0.39,2.777,3.0,0.47,CF,10,5.14
feature_0 > 0.571 AND feature_1 > 1.56 AND feature_1 > 1.94,5.718,0.01,,,3,0.64,0.39,3.567,2.0,0.6,CF,10,5.14
feature_0 > 0.778 AND feature_0 > 1.432 AND feature_1 > -0.168 AND feature_5 > 0.059,5.619,0.02,,,4,0.63,0.39,3.019,3.0,0.51,CF,10,5.14
feature_0 > 0.394 AND feature_1 > 0.714 AND feature_0 > 0.767 AND feature_1 > 1.049,2.564,0.03,,,4,1.0,0.61,3.114,2.0,0.61,CF SingleTree,1,0.56
feature_0 > 0.394 AND feature_1 > 0.714 AND feature_0 > 0.767 AND feature_1 > 1.049,2.564,0.03,,,4,1.0,0.61,3.114,2.0,0.61,CF SingleTree,3,0.56
feature_0 > 0.394 AND feature_1 > 0.714 AND feature_0 > 0.767,2.427,0.05,,,3,0.95,0.59,2.902,2.0,0.58,CF SingleTree,3,0.56
feature_0 > 0.394 AND feature_1 > 0.714,2.217,0.08,,,2,0.86,0.55,2.626,2.0,0.54,CF SingleTree,3,0.56
feature_0 > 0.394 AND feature_1 > 0.714 AND feature_0 > 0.767 AND feature_1 > 1.049,2.564,0.03,,,4,1.0,0.61,3.114,2.0,0.61,CF SingleTree,5,0.56
feature_0 > 0.394 AND feature_1 > 0.714 AND feature_0 > 0.767,2.427,0.05,,,3,0.95,0.59,2.902,2.0,0.58,CF SingleTree,5,0.56
feature_0 > 0.394 AND feature_1 > 0.714,2.217,0.08,,,2,0.86,0.55,2.626,2.0,0.54,CF SingleTree,5,0.56
feature_0 > 0.394,1.713,0.32,,,1,0.67,0.53,1.848,1.0,0.48,CF SingleTree,5,0.56
feature_0 > 0.394 AND feature_1 > 0.714 AND feature_0 > 0.767 AND feature_1 <= 1.049,2.185,0.02,,,4,0.85,0.52,2.532,2.0,0.5,CF SingleTree,5,0.56
feature_0 > 0.394 AND feature_1 > 0.714 AND feature_0 > 0.767 AND feature_1 > 1.049,2.564,0.03,,,4,1.0,0.61,3.114,2.0,0.61,CF SingleTree,7,0.56
feature_0 > 0.394 AND feature_1 > 0.714 AND feature_0 > 0.767,2.427,0.05,,,3,0.95,0.59,2.902,2.0,0.58,CF SingleTree,7,0.56
feature_0 > 0.394 AND feature_1 > 0.714,2.217,0.08,,,2,0.86,0.55,2.626,2.0,0.54,CF SingleTree,7,0.56
feature_0 > 0.394,1.713,0.32,,,1,0.67,0.53,1.848,1.0,0.48,CF SingleTree,7,0.56
feature_0 > 0.394 AND feature_1 > 0.714 AND feature_0 > 0.767 AND feature_1 <= 1.049,2.185,0.02,,,4,0.85,0.52,2.532,2.0,0.5,CF SingleTree,7,0.56
feature_0 > 0.394 AND feature_1 <= 0.714 AND feature_0 > 0.865 AND feature_0 > 1.393,1.99,0.06,,,4,0.78,0.49,2.395,2.0,0.49,CF SingleTree,7,0.56
feature_0 > 0.394 AND feature_1 <= 0.714 AND feature_0 > 0.865,1.804,0.14,,,3,0.7,0.48,1.963,2.0,0.43,CF SingleTree,7,0.56
feature_0 > 0.394 AND feature_1 > 0.714 AND feature_0 > 0.767 AND feature_1 > 1.049,2.564,0.03,,,4,1.0,0.61,3.114,2.0,0.61,CF SingleTree,10,0.56
feature_0 > 0.394 AND feature_1 > 0.714 AND feature_0 > 0.767,2.427,0.05,,,3,0.95,0.59,2.902,2.0,0.58,CF SingleTree,10,0.56
feature_0 > 0.394 AND feature_1 > 0.714,2.217,0.08,,,2,0.86,0.55,2.626,2.0,0.54,CF SingleTree,10,0.56
feature_0 > 0.394,1.713,0.32,,,1,0.67,0.53,1.848,1.0,0.48,CF SingleTree,10,0.56
feature_0 > 0.394 AND feature_1 > 0.714 AND feature_0 > 0.767 AND feature_1 <= 1.049,2.185,0.02,,,4,0.85,0.52,2.532,2.0,0.5,CF SingleTree,10,0.56
feature_0 > 0.394 AND feature_1 <= 0.714 AND feature_0 > 0.865 AND feature_0 > 1.393,1.99,0.06,,,4,0.78,0.49,2.395,2.0,0.49,CF SingleTree,10,0.56
feature_0 > 0.394 AND feature_1 <= 0.714 AND feature_0 > 0.865,1.804,0.14,,,3,0.7,0.48,1.963,2.0,0.43,CF SingleTree,10,0.56
feature_0 > 0.394 AND feature_1 > 0.714 AND feature_0 <= 0.767 AND feature_0 > 0.601,2.025,0.01,,,4,0.79,0.48,2.22,2.0,0.43,CF SingleTree,10,0.56
feature_0 > 0.394 AND feature_1 <= 0.714,1.557,0.25,,,2,0.61,0.46,1.606,2.0,0.41,CF SingleTree,10,0.56
feature_0 > 0.394 AND feature_1 > 0.714 AND feature_0 <= 0.767,1.85,0.03,,,3,0.72,0.44,2.144,2.0,0.43,CF SingleTree,10,0.56
feature_2 <= 1.891 AND feature_0 > -0.457 AND feature_0 > 1.197 AND feature_1 > 0.184 AND feature_3 <= -0.274,3.999,0.03,0.59,4.59,5,1.0,0.61,2.981,4.0,0.61,CT on D,1,
feature_2 <= 1.891 AND feature_0 > -0.457 AND feature_0 > 1.197 AND feature_1 > 0.184 AND feature_3 <= -0.274,3.999,0.03,0.59,4.59,5,1.0,0.61,2.981,4.0,0.61,CT on D,3,
feature_2 <= 1.891 AND feature_0 > -0.457 AND feature_0 > 1.197 AND feature_1 > 0.184 AND feature_3 > -0.274 AND feature_8 <= -0.131,3.73,0.0,1.68,5.41,6,0.93,0.56,2.981,5.0,0.6,CT on D,3,
feature_2 <= 1.891 AND feature_0 > -0.457 AND feature_0 > 1.197 AND feature_1 <= 0.184 AND feature_4 <= -0.179 AND feature_4 > -0.735,3.499,0.01,-0.68,2.82,6,0.87,0.53,2.141,4.0,0.43,CT on D,3,
feature_2 <= 1.891 AND feature_0 > -0.457 AND feature_0 > 1.197 AND feature_1 > 0.184 AND feature_3 <= -0.274,3.999,0.03,0.59,4.59,5,1.0,0.61,2.981,4.0,0.61,CT on D,5,
feature_2 <= 1.891 AND feature_0 > -0.457 AND feature_0 > 1.197 AND feature_1 > 0.184 AND feature_3 > -0.274 AND feature_8 <= -0.131,3.73,0.0,1.68,5.41,6,0.93,0.56,2.981,5.0,0.6,CT on D,5,
feature_2 <= 1.891 AND feature_0 > -0.457 AND feature_0 > 1.197 AND feature_1 <= 0.184 AND feature_4 <= -0.179 AND feature_4 > -0.735,3.499,0.01,-0.68,2.82,6,0.87,0.53,2.141,4.0,0.43,CT on D,5,
feature_2 <= 1.891 AND feature_0 > -0.457 AND feature_0 <= 1.197 AND feature_1 > 0.629 AND feature_1 > 1.443 AND feature_5 > -0.379,3.341,0.02,1.32,4.66,6,0.84,0.51,2.317,4.0,0.47,CT on D,5,
feature_2 <= 1.891 AND feature_0 > -0.457 AND feature_0 > 1.197 AND feature_1 > 0.184,3.254,0.04,1.65,4.9,4,0.81,0.5,2.985,3.0,0.62,CT on D,5,
feature_2 <= 1.891 AND feature_0 > -0.457 AND feature_0 > 1.197 AND feature_1 > 0.184 AND feature_3 <= -0.274,3.999,0.03,0.59,4.59,5,1.0,0.61,2.981,4.0,0.61,CT on D,7,
feature_2 <= 1.891 AND feature_0 > -0.457 AND feature_0 > 1.197 AND feature_1 > 0.184 AND feature_3 > -0.274 AND feature_8 <= -0.131,3.73,0.0,1.68,5.41,6,0.93,0.56,2.981,5.0,0.6,CT on D,7,
feature_2 <= 1.891 AND feature_0 > -0.457 AND feature_0 > 1.197 AND feature_1 <= 0.184 AND feature_4 <= -0.179 AND feature_4 > -0.735,3.499,0.01,-0.68,2.82,6,0.87,0.53,2.141,4.0,0.43,CT on D,7,
feature_2 <= 1.891 AND feature_0 > -0.457 AND feature_0 <= 1.197 AND feature_1 > 0.629 AND feature_1 > 1.443 AND feature_5 > -0.379,3.341,0.02,1.32,4.66,6,0.84,0.51,2.317,4.0,0.47,CT on D,7,
feature_2 <= 1.891 AND feature_0 > -0.457 AND feature_0 > 1.197 AND feature_1 > 0.184,3.254,0.04,1.65,4.9,4,0.81,0.5,2.985,3.0,0.62,CT on D,7,
feature_2 <= 1.891 AND feature_0 > -0.457 AND feature_0 > 1.197 AND feature_1 <= 0.184 AND feature_4 <= -0.179,3.028,0.02,-0.27,2.76,5,0.76,0.46,2.144,4.0,0.44,CT on D,7,
feature_2 <= 1.891 AND feature_0 > -0.457 AND feature_0 > 1.197,2.613,0.1,0.97,3.58,3,0.65,0.43,2.52,2.0,0.55,CT on D,7,
feature_2 <= 1.891 AND feature_0 > -0.457 AND feature_0 > 1.197 AND feature_1 > 0.184 AND feature_3 <= -0.274,3.999,0.03,0.59,4.59,5,1.0,0.61,2.981,4.0,0.61,CT on D,10,
feature_2 <= 1.891 AND feature_0 > -0.457 AND feature_0 > 1.197 AND feature_1 > 0.184 AND feature_3 > -0.274 AND feature_8 <= -0.131,3.73,0.0,1.68,5.41,6,0.93,0.56,2.981,5.0,0.6,CT on D,10,
feature_2 <= 1.891 AND feature_0 > -0.457 AND feature_0 > 1.197 AND feature_1 <= 0.184 AND feature_4 <= -0.179 AND feature_4 > -0.735,3.499,0.01,-0.68,2.82,6,0.87,0.53,2.141,4.0,0.43,CT on D,10,
feature_2 <= 1.891 AND feature_0 > -0.457 AND feature_0 <= 1.197 AND feature_1 > 0.629 AND feature_1 > 1.443 AND feature_5 > -0.379,3.341,0.02,1.32,4.66,6,0.84,0.51,2.317,4.0,0.47,CT on D,10,
feature_2 <= 1.891 AND feature_0 > -0.457 AND feature_0 > 1.197 AND feature_1 > 0.184,3.254,0.04,1.65,4.9,4,0.81,0.5,2.985,3.0,0.62,CT on D,10,
feature_2 <= 1.891 AND feature_0 > -0.457 AND feature_0 > 1.197 AND feature_1 <= 0.184 AND feature_4 <= -0.179,3.028,0.02,-0.27,2.76,5,0.76,0.46,2.144,4.0,0.44,CT on D,10,
feature_2 <= 1.891 AND feature_0 > -0.457 AND feature_0 > 1.197,2.613,0.1,0.97,3.58,3,0.65,0.43,2.52,2.0,0.55,CT on D,10,
feature_2 <= 1.891 AND feature_0 > -0.457 AND feature_0 > 1.197 AND feature_1 > 0.184 AND feature_3 > -0.274,2.838,0.01,2.24,5.07,5,0.71,0.43,2.987,4.0,0.6,CT on D,10,
feature_2 <= 1.891 AND feature_0 > -0.457 AND feature_0 <= 1.197 AND feature_1 > 0.629 AND feature_1 > 1.443,2.695,0.04,1.64,4.34,5,0.67,0.42,2.335,3.0,0.49,CT on D,10,
feature_2 <= 1.891 AND feature_0 > -0.457 AND feature_0 > 1.197 AND feature_1 <= 0.184 AND feature_4 <= -0.179 AND feature_4 <= -0.735,2.645,0.01,0.06,2.7,6,0.66,0.4,2.148,4.0,0.44,CT on D,10,
feature_8 > -1.816 AND feature_0 > 0.592 AND feature_1 <= 0.198 AND feature_6 > 1.097,4.021,0.02,-0.9,3.12,4,1.0,0.61,1.686,4.0,0.61,CT on P,1,
feature_8 > -1.816 AND feature_0 > 0.592 AND feature_1 <= 0.198 AND feature_6 > 1.097,4.021,0.02,-0.9,3.12,4,1.0,0.61,1.686,4.0,0.35,CT on P,3,
feature_8 > -1.816 AND feature_0 > 0.592 AND feature_1 > 0.198 AND feature_4 > -0.537 AND feature_3 <= -0.245 AND feature_0 > 1.18,4.015,0.02,0.58,4.6,6,1.0,0.61,2.967,5.0,0.61,CT on P,3,
feature_8 > -1.816 AND feature_0 > 0.592 AND feature_1 > 0.198 AND feature_4 <= -0.537,3.83,0.04,0.38,4.21,4,0.95,0.59,2.515,4.0,0.52,CT on P,3,
feature_8 > -1.816 AND feature_0 > 0.592 AND feature_1 <= 0.198 AND feature_6 > 1.097,4.021,0.02,-0.9,3.12,4,1.0,0.61,1.686,4.0,0.35,CT on P,5,
feature_8 > -1.816 AND feature_0 > 0.592 AND feature_1 > 0.198 AND feature_4 > -0.537 AND feature_3 <= -0.245 AND feature_0 > 1.18,4.015,0.02,0.58,4.6,6,1.0,0.61,2.967,5.0,0.61,CT on P,5,
feature_8 > -1.816 AND feature_0 > 0.592 AND feature_1 > 0.198 AND feature_4 <= -0.537,3.83,0.04,0.38,4.21,4,0.95,0.59,2.515,4.0,0.52,CT on P,5,
feature_8 > -1.816,0.769,0.97,0.58,1.35,1,0.19,0.5,0.803,1.0,0.55,CT on P,5,
feature_8 > -1.816 AND feature_0 > 0.592 AND feature_1 > 0.198,2.988,0.12,0.8,3.79,3,0.74,0.49,2.504,3.0,0.55,CT on P,5,
feature_8 > -1.816 AND feature_0 > 0.592 AND feature_1 <= 0.198 AND feature_6 > 1.097,4.021,0.02,-0.9,3.12,4,1.0,0.61,1.686,4.0,0.35,CT on P,7,
feature_8 > -1.816 AND feature_0 > 0.592 AND feature_1 > 0.198 AND feature_4 > -0.537 AND feature_3 <= -0.245 AND feature_0 > 1.18,4.015,0.02,0.58,4.6,6,1.0,0.61,2.967,5.0,0.61,CT on P,7,
feature_8 > -1.816 AND feature_0 > 0.592 AND feature_1 > 0.198 AND feature_4 <= -0.537,3.83,0.04,0.38,4.21,4,0.95,0.59,2.515,4.0,0.52,CT on P,7,
feature_8 > -1.816,0.769,0.97,0.58,1.35,1,0.19,0.5,0.803,1.0,0.55,CT on P,7,
feature_8 > -1.816 AND feature_0 > 0.592 AND feature_1 > 0.198,2.988,0.12,0.8,3.79,3,0.74,0.49,2.504,3.0,0.55,CT on P,7,
feature_8 > -1.816 AND feature_0 > 0.592 AND feature_1 > 0.198 AND feature_4 > -0.537 AND feature_3 <= -0.245,3.049,0.06,0.66,3.7,5,0.76,0.48,2.48,5.0,0.53,CT on P,7,
feature_8 > -1.816 AND feature_0 > 0.592 AND feature_1 > 0.198 AND feature_4 > -0.537,2.632,0.08,0.98,3.61,4,0.65,0.42,2.5,4.0,0.54,CT on P,7,
feature_8 > -1.816 AND feature_0 > 0.592 AND feature_1 <= 0.198 AND feature_6 > 1.097,4.021,0.02,-0.9,3.12,4,1.0,0.61,1.686,4.0,0.35,CT on P,10,
feature_8 > -1.816 AND feature_0 > 0.592 AND feature_1 > 0.198 AND feature_4 > -0.537 AND feature_3 <= -0.245 AND feature_0 > 1.18,4.015,0.02,0.58,4.6,6,1.0,0.61,2.967,5.0,0.61,CT on P,10,
feature_8 > -1.816 AND feature_0 > 0.592 AND feature_1 > 0.198 AND feature_4 <= -0.537,3.83,0.04,0.38,4.21,4,0.95,0.59,2.515,4.0,0.52,CT on P,10,
feature_8 > -1.816,0.769,0.97,0.58,1.35,1,0.19,0.5,0.803,1.0,0.55,CT on P,10,
feature_8 > -1.816 AND feature_0 > 0.592 AND feature_1 > 0.198,2.988,0.12,0.8,3.79,3,0.74,0.49,2.504,3.0,0.55,CT on P,10,
feature_8 > -1.816 AND feature_0 > 0.592 AND feature_1 > 0.198 AND feature_4 > -0.537 AND feature_3 <= -0.245,3.049,0.06,0.66,3.7,5,0.76,0.48,2.48,5.0,0.53,CT on P,10,
feature_8 > -1.816 AND feature_0 > 0.592 AND feature_1 > 0.198 AND feature_4 > -0.537,2.632,0.08,0.98,3.61,4,0.65,0.42,2.5,4.0,0.54,CT on P,10,
feature_8 > -1.816 AND feature_0 > 0.592,2.148,0.26,0.48,2.63,2,0.53,0.42,2.037,2.0,0.52,CT on P,10,
feature_8 > -1.816 AND feature_0 > 0.592 AND feature_1 > 0.198 AND feature_4 > -0.537 AND feature_3 <= -0.245 AND feature_0 <= 1.18,2.436,0.04,0.7,3.14,6,0.61,0.38,2.173,5.0,0.46,CT on P,10,
feature_8 > -1.816 AND feature_0 <= 0.592 AND feature_0 > -0.295 AND feature_7 > 0.697 AND feature_8 > 0.561,2.38,0.02,-0.22,2.16,5,0.59,0.36,1.027,3.0,0.22,CT on P,10,
feature_0 <= 0.348 AND feature_2 > 0.643 AND feature_1 <= -1.482 AND feature_9 <= -1.041,27.98,0.0,,,4,1.0,0.6,0.416,4.0,0.6,CF,1,5.13
feature_0 <= 0.348 AND feature_2 > 0.643 AND feature_1 <= -1.482 AND feature_9 <= -1.041,27.98,0.0,,,4,1.0,0.6,0.416,4.0,0.11,CF,3,5.13
feature_0 > -0.589 AND feature_4 > 1.608 AND feature_1 > 0.972 AND feature_3 > -0.26,17.826,0.0,,,4,0.64,0.38,2.224,4.0,0.6,CF,3,5.13
feature_0 <= 1.307,0.934,0.51,,,1,0.03,0.22,0.618,1.0,0.37,CF,3,5.13
feature_0 <= 0.348 AND feature_2 > 0.643 AND feature_1 <= -1.482 AND feature_9 <= -1.041,27.98,0.0,,,4,1.0,0.6,0.416,4.0,0.11,CF,5,5.13
feature_0 > -0.589 AND feature_4 > 1.608 AND feature_1 > 0.972 AND feature_3 > -0.26,17.826,0.0,,,4,0.64,0.38,2.224,4.0,0.6,CF,5,5.13
feature_0 <= 1.307,0.934,0.51,,,1,0.03,0.22,0.618,1.0,0.37,CF,5,5.13
feature_0 > -1.182,1.04,0.5,,,1,0.04,0.22,1.032,1.0,0.48,CF,5,5.13
feature_0 <= 1.135,0.866,0.5,,,1,0.03,0.22,0.566,1.0,0.35,CF,5,5.13
feature_0 <= 0.348 AND feature_2 > 0.643 AND feature_1 <= -1.482 AND feature_9 <= -1.041,27.98,0.0,,,4,1.0,0.6,0.416,4.0,0.11,CF,7,5.13
feature_0 > -0.589 AND feature_4 > 1.608 AND feature_1 > 0.972 AND feature_3 > -0.26,17.826,0.0,,,4,0.64,0.38,2.224,4.0,0.6,CF,7,5.13
feature_0 <= 1.307,0.934,0.51,,,1,0.03,0.22,0.618,1.0,0.37,CF,7,5.13
feature_0 > -1.182,1.04,0.5,,,1,0.04,0.22,1.032,1.0,0.48,CF,7,5.13
feature_0 <= 1.135,0.866,0.5,,,1,0.03,0.22,0.566,1.0,0.35,CF,7,5.13
feature_0 > -1.182 AND feature_1 > -1.421,1.113,0.48,,,2,0.04,0.22,1.09,2.0,0.49,CF,7,5.13
feature_0 <= 1.084,0.677,0.5,,,1,0.02,0.21,0.55,1.0,0.35,CF,7,5.13
feature_0 <= 0.348 AND feature_2 > 0.643 AND feature_1 <= -1.482 AND feature_9 <= -1.041,27.98,0.0,,,4,1.0,0.6,0.416,4.0,0.11,CF,10,5.13
feature_0 > -0.589 AND feature_4 > 1.608 AND feature_1 > 0.972 AND feature_3 > -0.26,17.826,0.0,,,4,0.64,0.38,2.224,4.0,0.6,CF,10,5.13
feature_0 <= 1.307,0.934,0.51,,,1,0.03,0.22,0.618,1.0,0.37,CF,10,5.13
feature_0 > -1.182,1.04,0.5,,,1,0.04,0.22,1.032,1.0,0.48,CF,10,5.13
feature_0 <= 1.135,0.866,0.5,,,1,0.03,0.22,0.566,1.0,0.35,CF,10,5.13
feature_0 > -1.182 AND feature_1 > -1.421,1.113,0.48,,,2,0.04,0.22,1.09,2.0,0.49,CF,10,5.13
feature_0 <= 1.084,0.677,0.5,,,1,0.02,0.21,0.55,1.0,0.35,CF,10,5.13
feature_0 > -0.656,1.499,0.45,,,1,0.05,0.21,1.241,1.0,0.51,CF,10,5.13
feature_0 > -0.805,1.123,0.47,,,1,0.04,0.21,1.172,1.0,0.5,CF,10,5.13
feature_0 <= 1.032,0.677,0.49,,,1,0.02,0.21,0.531,1.0,0.34,CF,10,5.13
feature_0 > -0.522 AND feature_0 > 1.093 AND feature_1 > -0.016 AND feature_0 > 1.275,2.409,0.05,,,4,1.0,0.62,2.959,2.0,0.62,CF SingleTree,1,0.59
feature_0 > -0.522 AND feature_0 > 1.093 AND feature_1 > -0.016 AND feature_0 > 1.275,2.409,0.05,,,4,1.0,0.62,2.959,2.0,0.62,CF SingleTree,3,0.59
feature_0 > -0.522 AND feature_0 > 1.093 AND feature_1 > -0.016,2.297,0.06,,,3,0.95,0.6,2.822,2.0,0.6,CF SingleTree,3,0.59
feature_0 > -0.522 AND feature_0 > 1.093,1.994,0.12,,,2,0.83,0.54,2.437,1.0,0.54,CF SingleTree,3,0.59
feature_0 > -0.522 AND feature_0 > 1.093 AND feature_1 > -0.016 AND feature_0 > 1.275,2.409,0.05,,,4,1.0,0.62,2.959,2.0,0.62,CF SingleTree,5,0.59
feature_0 > -0.522 AND feature_0 > 1.093 AND feature_1 > -0.016,2.297,0.06,,,3,0.95,0.6,2.822,2.0,0.6,CF SingleTree,5,0.59
feature_0 > -0.522 AND feature_0 > 1.093,1.994,0.12,,,2,0.83,0.54,2.437,1.0,0.54,CF SingleTree,5,0.59
feature_0 > -0.522,1.312,0.43,,,1,0.54,0.5,1.315,1.0,0.44,CF SingleTree,5,0.59
feature_0 > -0.522 AND feature_0 > 1.093 AND feature_1 > -0.016 AND feature_0 <= 1.275,1.965,0.02,,,4,0.82,0.5,2.414,2.0,0.5,CF SingleTree,5,0.59
feature_0 > -0.522 AND feature_0 > 1.093 AND feature_1 > -0.016 AND feature_0 > 1.275,2.409,0.05,,,4,1.0,0.62,2.959,2.0,0.62,CF SingleTree,7,0.59
feature_0 > -0.522 AND feature_0 > 1.093 AND feature_1 > -0.016,2.297,0.06,,,3,0.95,0.6,2.822,2.0,0.6,CF SingleTree,7,0.59
feature_0 > -0.522 AND feature_0 > 1.093,1.994,0.12,,,2,0.83,0.54,2.437,1.0,0.54,CF SingleTree,7,0.59
feature_0 > -0.522,1.312,0.43,,,1,0.54,0.5,1.315,1.0,0.44,CF SingleTree,7,0.59
feature_0 > -0.522 AND feature_0 > 1.093 AND feature_1 > -0.016 AND feature_0 <= 1.275,1.965,0.02,,,4,0.82,0.5,2.414,2.0,0.5,CF SingleTree,7,0.59
feature_0 > -0.522 AND feature_0 > 1.093 AND feature_1 <= -0.016 AND feature_0 > 1.317,1.78,0.04,,,4,0.74,0.46,2.205,2.0,0.46,CF SingleTree,7,0.59
feature_0 > -0.522 AND feature_0 <= 1.093 AND feature_1 > 0.711 AND feature_0 > -0.134,1.649,0.1,,,4,0.68,0.45,1.976,2.0,0.44,CF SingleTree,7,0.59
feature_0 > -0.522 AND feature_0 > 1.093 AND feature_1 > -0.016 AND feature_0 > 1.275,2.409,0.05,,,4,1.0,0.62,2.959,2.0,0.62,CF SingleTree,10,0.59
feature_0 > -0.522 AND feature_0 > 1.093 AND feature_1 > -0.016,2.297,0.06,,,3,0.95,0.6,2.822,2.0,0.6,CF SingleTree,10,0.59
feature_0 > -0.522 AND feature_0 > 1.093,1.994,0.12,,,2,0.83,0.54,2.437,1.0,0.54,CF SingleTree,10,0.59
feature_0 > -0.522,1.312,0.43,,,1,0.54,0.5,1.315,1.0,0.44,CF SingleTree,10,0.59
feature_0 > -0.522 AND feature_0 > 1.093 AND feature_1 > -0.016 AND feature_0 <= 1.275,1.965,0.02,,,4,0.82,0.5,2.414,2.0,0.5,CF SingleTree,10,0.59
feature_0 > -0.522 AND feature_0 > 1.093 AND feature_1 <= -0.016 AND feature_0 > 1.317,1.78,0.04,,,4,0.74,0.46,2.205,2.0,0.46,CF SingleTree,10,0.59
feature_0 > -0.522 AND feature_0 <= 1.093 AND feature_1 > 0.711 AND feature_0 > -0.134,1.649,0.1,,,4,0.68,0.45,1.976,2.0,0.44,CF SingleTree,10,0.59
feature_0 > -0.522 AND feature_0 <= 1.093,1.149,0.38,,,2,0.48,0.44,1.048,1.0,0.36,CF SingleTree,10,0.59
feature_0 > -0.522 AND feature_0 > 1.093 AND feature_1 <= -0.016,1.657,0.06,,,3,0.69,0.44,2.01,2.0,0.43,CF SingleTree,10,0.59
feature_0 > -0.522 AND feature_0 <= 1.093 AND feature_1 > 0.711,1.504,0.13,,,3,0.62,0.43,1.78,2.0,0.41,CF SingleTree,10,0.59
feature_5 <= 2.263 AND feature_0 > 0.077 AND feature_1 <= 0.713 AND feature_0 > 1.363 AND feature_0 > 1.906 AND feature_6 <= 0.146,4.504,0.01,0.4,4.9,6,1.0,0.6,2.865,4.0,0.6,CT on D,1,
feature_5 <= 2.263 AND feature_0 > 0.077 AND feature_1 <= 0.713 AND feature_0 > 1.363 AND feature_0 > 1.906 AND feature_6 <= 0.146,4.504,0.01,0.4,4.9,6,1.0,0.6,2.865,4.0,0.6,CT on D,3,
feature_5 <= 2.263 AND feature_0 > 0.077 AND feature_1 > 0.713 AND feature_0 > 0.232 AND feature_8 <= -0.753 AND feature_9 <= 0.092,4.096,0.01,1.07,5.16,6,0.91,0.55,2.438,5.0,0.51,CT on D,3,
feature_5 <= 2.263 AND feature_0 > 0.077 AND feature_1 <= 0.713 AND feature_0 > 1.363 AND feature_0 > 1.906,3.516,0.02,0.75,4.27,5,0.78,0.48,2.85,3.0,0.6,CT on D,3,
feature_5 <= 2.263 AND feature_0 > 0.077 AND feature_1 <= 0.713 AND feature_0 > 1.363 AND feature_0 > 1.906 AND feature_6 <= 0.146,4.504,0.01,0.4,4.9,6,1.0,0.6,2.865,4.0,0.6,CT on D,5,
feature_5 <= 2.263 AND feature_0 > 0.077 AND feature_1 > 0.713 AND feature_0 > 0.232 AND feature_8 <= -0.753 AND feature_9 <= 0.092,4.096,0.01,1.07,5.16,6,0.91,0.55,2.438,5.0,0.51,CT on D,5,
feature_5 <= 2.263 AND feature_0 > 0.077 AND feature_1 <= 0.713 AND feature_0 > 1.363 AND feature_0 > 1.906,3.516,0.02,0.75,4.27,5,0.78,0.48,2.85,3.0,0.6,CT on D,5,
feature_5 <= 2.263 AND feature_0 > 0.077 AND feature_1 > 0.713 AND feature_0 > 0.232 AND feature_8 <= -0.753,3.483,0.02,0.95,4.43,5,0.77,0.47,2.441,4.0,0.52,CT on D,5,
feature_5 <= 2.263 AND feature_0 <= 0.077 AND feature_1 > 1.504 AND feature_6 > 0.079,3.448,0.02,0.65,4.1,4,0.77,0.47,1.406,4.0,0.3,CT on D,5,
feature_5 <= 2.263 AND feature_0 > 0.077 AND feature_1 <= 0.713 AND feature_0 > 1.363 AND feature_0 > 1.906 AND feature_6 <= 0.146,4.504,0.01,0.4,4.9,6,1.0,0.6,2.865,4.0,0.6,CT on D,7,
feature_5 <= 2.263 AND feature_0 > 0.077 AND feature_1 > 0.713 AND feature_0 > 0.232 AND feature_8 <= -0.753 AND feature_9 <= 0.092,4.096,0.01,1.07,5.16,6,0.91,0.55,2.438,5.0,0.51,CT on D,7,
feature_5 <= 2.263 AND feature_0 > 0.077 AND feature_1 <= 0.713 AND feature_0 > 1.363 AND feature_0 > 1.906,3.516,0.02,0.75,4.27,5,0.78,0.48,2.85,3.0,0.6,CT on D,7,
feature_5 <= 2.263 AND feature_0 > 0.077 AND feature_1 > 0.713 AND feature_0 > 0.232 AND feature_8 <= -0.753,3.483,0.02,0.95,4.43,5,0.77,0.47,2.441,4.0,0.52,CT on D,7,
feature_5 <= 2.263 AND feature_0 <= 0.077 AND feature_1 > 1.504 AND feature_6 > 0.079,3.448,0.02,0.65,4.1,4,0.77,0.47,1.406,4.0,0.3,CT on D,7,
feature_5 <= 2.263,0.798,0.86,1.03,1.82,1,0.18,0.45,0.813,1.0,0.51,CT on D,7,
feature_5 <= 2.263 AND feature_0 <= 0.077 AND feature_1 <= 1.504 AND feature_0 <= -1.98 AND feature_3 <= -0.04,3.242,0.01,1.69,-1.56,5,0.72,0.44,1.763,4.0,0.37,CT on D,7,
feature_5 <= 2.263 AND feature_0 > 0.077 AND feature_1 <= 0.713 AND feature_0 > 1.363 AND feature_0 > 1.906 AND feature_6 <= 0.146,4.504,0.01,0.4,4.9,6,1.0,0.6,2.865,4.0,0.6,CT on D,10,
feature_5 <= 2.263 AND feature_0 > 0.077 AND feature_1 > 0.713 AND feature_0 > 0.232 AND feature_8 <= -0.753 AND feature_9 <= 0.092,4.096,0.01,1.07,5.16,6,0.91,0.55,2.438,5.0,0.51,CT on D,10,
feature_5 <= 2.263 AND feature_0 > 0.077 AND feature_1 <= 0.713 AND feature_0 > 1.363 AND feature_0 > 1.906,3.516,0.02,0.75,4.27,5,0.78,0.48,2.85,3.0,0.6,CT on D,10,
feature_5 <= 2.263 AND feature_0 > 0.077 AND feature_1 > 0.713 AND feature_0 > 0.232 AND feature_8 <= -0.753,3.483,0.02,0.95,4.43,5,0.77,0.47,2.441,4.0,0.52,CT on D,10,
feature_5 <= 2.263 AND feature_0 <= 0.077 AND feature_1 > 1.504 AND feature_6 > 0.079,3.448,0.02,0.65,4.1,4,0.77,0.47,1.406,4.0,0.3,CT on D,10,
feature_5 <= 2.263,0.798,0.86,1.03,1.82,1,0.18,0.45,0.813,1.0,0.51,CT on D,10,
feature_5 <= 2.263 AND feature_0 <= 0.077 AND feature_1 <= 1.504 AND feature_0 <= -1.98 AND feature_3 <= -0.04,3.242,0.01,1.69,-1.56,5,0.72,0.44,1.763,4.0,0.37,CT on D,10,
feature_5 <= 2.263 AND feature_0 > 0.077 AND feature_1 > 0.713 AND feature_0 > 0.232,2.609,0.1,1.53,4.14,4,0.58,0.39,2.484,3.0,0.56,CT on D,10,
feature_5 <= 2.263 AND feature_0 > 0.077 AND feature_1 > 0.713 AND feature_0 > 0.232 AND feature_8 <= -0.753 AND feature_9 > 0.092,2.869,0.01,0.84,3.71,6,0.64,0.39,2.444,5.0,0.52,CT on D,10,
feature_5 <= 2.263 AND feature_0 > 0.077,1.547,0.44,0.97,2.52,2,0.34,0.38,1.654,2.0,0.52,CT on D,10,
feature_4 > -1.408 AND feature_0 > 0.038 AND feature_1 > -0.082 AND feature_0 > 1.758,3.949,0.02,1.63,5.58,4,1.0,0.61,3.34,3.0,0.61,CT on P,1,
feature_4 > -1.408 AND feature_0 > 0.038 AND feature_1 > -0.082 AND feature_0 > 1.758,3.949,0.02,1.63,5.58,4,1.0,0.61,3.34,3.0,0.61,CT on P,3,
feature_4 > -1.408 AND feature_0 > 0.038 AND feature_1 > -0.082 AND feature_0 <= 1.758 AND feature_1 > 0.819 AND feature_6 <= -0.895,3.669,0.02,1.17,4.84,6,0.93,0.57,2.327,4.0,0.43,CT on P,3,
feature_4 > -1.408,0.814,0.92,1.07,1.89,1,0.21,0.49,0.815,1.0,0.51,CT on P,3,
feature_4 > -1.408 AND feature_0 > 0.038 AND feature_1 > -0.082 AND feature_0 > 1.758,3.949,0.02,1.63,5.58,4,1.0,0.61,3.34,3.0,0.61,CT on P,5,
feature_4 > -1.408 AND feature_0 > 0.038 AND feature_1 > -0.082 AND feature_0 <= 1.758 AND feature_1 > 0.819 AND feature_6 <= -0.895,3.669,0.02,1.17,4.84,6,0.93,0.57,2.327,4.0,0.43,CT on P,5,
feature_4 > -1.408,0.814,0.92,1.07,1.89,1,0.21,0.49,0.815,1.0,0.51,CT on P,5,
feature_4 > -1.408 AND feature_0 > 0.038 AND feature_1 <= -0.082 AND feature_0 > 1.737,2.807,0.02,0.57,3.38,4,0.71,0.43,2.521,3.0,0.46,CT on P,5,
feature_4 > -1.408 AND feature_0 > 0.038 AND feature_1 > -0.082 AND feature_0 <= 1.758 AND feature_1 > 0.819,2.579,0.09,1.52,4.1,5,0.65,0.43,2.305,3.0,0.45,CT on P,5,
feature_4 > -1.408 AND feature_0 > 0.038 AND feature_1 > -0.082 AND feature_0 > 1.758,3.949,0.02,1.63,5.58,4,1.0,0.61,3.34,3.0,0.61,CT on P,7,
feature_4 > -1.408 AND feature_0 > 0.038 AND feature_1 > -0.082 AND feature_0 <= 1.758 AND feature_1 > 0.819 AND feature_6 <= -0.895,3.669,0.02,1.17,4.84,6,0.93,0.57,2.327,4.0,0.43,CT on P,7,
feature_4 > -1.408,0.814,0.92,1.07,1.89,1,0.21,0.49,0.815,1.0,0.51,CT on P,7,
feature_4 > -1.408 AND feature_0 > 0.038 AND feature_1 <= -0.082 AND feature_0 > 1.737,2.807,0.02,0.57,3.38,4,0.71,0.43,2.521,3.0,0.46,CT on P,7,
feature_4 > -1.408 AND feature_0 > 0.038 AND feature_1 > -0.082 AND feature_0 <= 1.758 AND feature_1 > 0.819,2.579,0.09,1.52,4.1,5,0.65,0.43,2.305,3.0,0.45,CT on P,7,
feature_4 > -1.408 AND feature_0 > 0.038 AND feature_1 > -0.082,2.089,0.24,1.32,3.41,3,0.53,0.41,1.984,3.0,0.45,CT on P,7,
feature_4 > -1.408 AND feature_0 > 0.038,1.534,0.45,1.01,2.54,2,0.39,0.41,1.634,2.0,0.47,CT on P,7,
feature_4 > -1.408 AND feature_0 > 0.038 AND feature_1 > -0.082 AND feature_0 > 1.758,3.949,0.02,1.63,5.58,4,1.0,0.61,3.34,3.0,0.61,CT on P,10,
feature_4 > -1.408 AND feature_0 > 0.038 AND feature_1 > -0.082 AND feature_0 <= 1.758 AND feature_1 > 0.819 AND feature_6 <= -0.895,3.669,0.02,1.17,4.84,6,0.93,0.57,2.327,4.0,0.43,CT on P,10,
feature_4 > -1.408,0.814,0.92,1.07,1.89,1,0.21,0.49,0.815,1.0,0.51,CT on P,10,
feature_4 > -1.408 AND feature_0 > 0.038 AND feature_1 <= -0.082 AND feature_0 > 1.737,2.807,0.02,0.57,3.38,4,0.71,0.43,2.521,3.0,0.46,CT on P,10,
feature_4 > -1.408 AND feature_0 > 0.038 AND feature_1 > -0.082 AND feature_0 <= 1.758 AND feature_1 > 0.819,2.579,0.09,1.52,4.1,5,0.65,0.43,2.305,3.0,0.45,CT on P,10,
feature_4 > -1.408 AND feature_0 > 0.038 AND feature_1 > -0.082,2.089,0.24,1.32,3.41,3,0.53,0.41,1.984,3.0,0.45,CT on P,10,
feature_4 > -1.408 AND feature_0 > 0.038,1.534,0.45,1.01,2.54,2,0.39,0.41,1.634,2.0,0.47,CT on P,10,
feature_4 > -1.408 AND feature_0 <= 0.038 AND feature_1 > 1.337 AND feature_7 > -0.175,2.642,0.02,0.68,3.32,4,0.67,0.41,1.172,4.0,0.22,CT on P,10,
feature_4 <= -1.408 AND feature_1 > -0.514 AND feature_0 > 0.553,2.594,0.02,-0.18,2.42,3,0.66,0.4,2.129,3.0,0.39,CT on P,10,
feature_4 > -1.408 AND feature_0 > 0.038 AND feature_1 > -0.082 AND feature_0 <= 1.758 AND feature_1 > 0.819 AND feature_6 > -0.895,2.341,0.07,1.6,3.94,6,0.59,0.38,2.3,4.0,0.44,CT on P,10,
feature_0 > 0.322 AND feature_0 > 2.024 AND feature_7 > 0.538 AND feature_4 <= -0.213,46.582,0.0,,,4,1.0,0.6,3.324,3.0,0.6,CF,1,5.53
feature_0 > 0.322 AND feature_0 > 2.024 AND feature_7 > 0.538 AND feature_4 <= -0.213,46.582,0.0,,,4,1.0,0.6,3.324,3.0,0.6,CF,3,5.53
feature_0 <= 1.473,0.663,0.82,,,1,0.01,0.34,0.674,1.0,0.45,CF,3,5.53
feature_0 > -1.287,1.031,0.8,,,1,0.02,0.33,1.001,1.0,0.5,CF,3,5.53
feature_0 > 0.322 AND feature_0 > 2.024 AND feature_7 > 0.538 AND feature_4 <= -0.213,46.582,0.0,,,4,1.0,0.6,3.324,3.0,0.6,CF,5,5.53
feature_0 <= 1.473,0.663,0.82,,,1,0.01,0.34,0.674,1.0,0.45,CF,5,5.53
feature_0 > -1.287,1.031,0.8,,,1,0.02,0.33,1.001,1.0,0.5,CF,5,5.53
feature_0 > -1.142,1.213,0.78,,,1,0.03,0.33,1.042,1.0,0.5,CF,5,5.53
feature_0 <= 1.226,0.697,0.79,,,1,0.01,0.32,0.605,1.0,0.43,CF,5,5.53
feature_0 > 0.322 AND feature_0 > 2.024 AND feature_7 > 0.538 AND feature_4 <= -0.213,46.582,0.0,,,4,1.0,0.6,3.324,3.0,0.6,CF,7,5.53
feature_0 <= 1.473,0.663,0.82,,,1,0.01,0.34,0.674,1.0,0.45,CF,7,5.53
feature_0 > -1.287,1.031,0.8,,,1,0.02,0.33,1.001,1.0,0.5,CF,7,5.53
feature_0 > -1.142,1.213,0.78,,,1,0.03,0.33,1.042,1.0,0.5,CF,7,5.53
feature_0 <= 1.226,0.697,0.79,,,1,0.01,0.32,0.605,1.0,0.43,CF,7,5.53
feature_0 > -1.154,1.0,0.78,,,1,0.02,0.32,1.04,1.0,0.5,CF,7,5.53
feature_0 > -1.142,0.882,0.78,,,1,0.02,0.32,1.042,1.0,0.5,CF,7,5.53
feature_0 > 0.322 AND feature_0 > 2.024 AND feature_7 > 0.538 AND feature_4 <= -0.213,46.582,0.0,,,4,1.0,0.6,3.324,3.0,0.6,CF,10,5.53
feature_0 <= 1.473,0.663,0.82,,,1,0.01,0.34,0.674,1.0,0.45,CF,10,5.53
feature_0 > -1.287,1.031,0.8,,,1,0.02,0.33,1.001,1.0,0.5,CF,10,5.53
feature_0 > -1.142,1.213,0.78,,,1,0.03,0.33,1.042,1.0,0.5,CF,10,5.53
feature_0 <= 1.226,0.697,0.79,,,1,0.01,0.32,0.605,1.0,0.43,CF,10,5.53
feature_0 > -1.154,1.0,0.78,,,1,0.02,0.32,1.04,1.0,0.5,CF,10,5.53
feature_0 > -1.142,0.882,0.78,,,1,0.02,0.32,1.042,1.0,0.5,CF,10,5.53
feature_1 <= 1.216,0.796,0.78,,,1,0.02,0.32,0.677,1.0,0.43,CF,10,5.53
feature_1 <= 1.214,0.715,0.78,,,1,0.02,0.32,0.677,1.0,0.43,CF,10,5.53
feature_0 > -1.087,0.969,0.77,,,1,0.02,0.32,1.06,1.0,0.5,CF,10,5.53
feature_0 > 0.443 AND feature_1 > 0.843 AND feature_0 > 0.905 AND feature_0 > 1.44,2.835,0.02,,,4,1.0,0.61,3.47,2.0,0.61,CF SingleTree,1,0.56
feature_0 > 0.443 AND feature_1 > 0.843 AND feature_0 > 0.905 AND feature_0 > 1.44,2.835,0.02,,,4,1.0,0.61,3.47,2.0,0.61,CF SingleTree,3,0.56
feature_0 > 0.443 AND feature_1 > 0.843 AND feature_0 > 0.905,2.679,0.04,,,3,0.94,0.58,3.051,2.0,0.54,CF SingleTree,3,0.56
feature_0 > 0.443 AND feature_1 > 0.843 AND feature_0 > 0.905 AND feature_0 <= 1.44,2.559,0.02,,,4,0.9,0.55,2.726,2.0,0.48,CF SingleTree,3,0.56
feature_0 > 0.443 AND feature_1 > 0.843 AND feature_0 > 0.905 AND feature_0 > 1.44,2.835,0.02,,,4,1.0,0.61,3.47,2.0,0.61,CF SingleTree,5,0.56
feature_0 > 0.443 AND feature_1 > 0.843 AND feature_0 > 0.905,2.679,0.04,,,3,0.94,0.58,3.051,2.0,0.54,CF SingleTree,5,0.56
feature_0 > 0.443 AND feature_1 > 0.843 AND feature_0 > 0.905 AND feature_0 <= 1.44,2.559,0.02,,,4,0.9,0.55,2.726,2.0,0.48,CF SingleTree,5,0.56
feature_0 > 0.443 AND feature_1 > 0.843,2.382,0.07,,,2,0.84,0.53,2.728,2.0,0.5,CF SingleTree,5,0.56
feature_0 > 0.443,1.682,0.32,,,1,0.59,0.48,1.9,1.0,0.46,CF SingleTree,5,0.56
feature_0 > 0.443 AND feature_1 > 0.843 AND feature_0 > 0.905 AND feature_0 > 1.44,2.835,0.02,,,4,1.0,0.61,3.47,2.0,0.61,CF SingleTree,7,0.56
feature_0 > 0.443 AND feature_1 > 0.843 AND feature_0 > 0.905,2.679,0.04,,,3,0.94,0.58,3.051,2.0,0.54,CF SingleTree,7,0.56
feature_0 > 0.443 AND feature_1 > 0.843 AND feature_0 > 0.905 AND feature_0 <= 1.44,2.559,0.02,,,4,0.9,0.55,2.726,2.0,0.48,CF SingleTree,7,0.56
feature_0 > 0.443 AND feature_1 > 0.843,2.382,0.07,,,2,0.84,0.53,2.728,2.0,0.5,CF SingleTree,7,0.56
feature_0 > 0.443,1.682,0.32,,,1,0.59,0.48,1.9,1.0,0.46,CF SingleTree,7,0.56
feature_0 > 0.443 AND feature_1 > 0.843 AND feature_0 <= 0.905 AND feature_1 > 1.35,2.248,0.01,,,4,0.79,0.48,2.673,2.0,0.47,CF SingleTree,7,0.56
feature_0 > 0.443 AND feature_1 <= 0.843 AND feature_0 > 0.903 AND feature_1 > 0.134,2.115,0.04,,,4,0.75,0.46,2.383,2.0,0.43,CF SingleTree,7,0.56
feature_0 > 0.443 AND feature_1 > 0.843 AND feature_0 > 0.905 AND feature_0 > 1.44,2.835,0.02,,,4,1.0,0.61,3.47,2.0,0.61,CF SingleTree,10,0.56
feature_0 > 0.443 AND feature_1 > 0.843 AND feature_0 > 0.905,2.679,0.04,,,3,0.94,0.58,3.051,2.0,0.54,CF SingleTree,10,0.56
feature_0 > 0.443 AND feature_1 > 0.843 AND feature_0 > 0.905 AND feature_0 <= 1.44,2.559,0.02,,,4,0.9,0.55,2.726,2.0,0.48,CF SingleTree,10,0.56
feature_0 > 0.443 AND feature_1 > 0.843,2.382,0.07,,,2,0.84,0.53,2.728,2.0,0.5,CF SingleTree,10,0.56
feature_0 > 0.443,1.682,0.32,,,1,0.59,0.48,1.9,1.0,0.46,CF SingleTree,10,0.56
feature_0 > 0.443 AND feature_1 > 0.843 AND feature_0 <= 0.905 AND feature_1 > 1.35,2.248,0.01,,,4,0.79,0.48,2.673,2.0,0.47,CF SingleTree,10,0.56
feature_0 > 0.443 AND feature_1 <= 0.843 AND feature_0 > 0.903 AND feature_1 > 0.134,2.115,0.04,,,4,0.75,0.46,2.383,2.0,0.43,CF SingleTree,10,0.56
feature_0 > 0.443 AND feature_1 <= 0.843 AND feature_0 > 0.903,1.802,0.15,,,3,0.64,0.44,2.029,2.0,0.41,CF SingleTree,10,0.56
feature_0 > 0.443 AND feature_1 > 0.843 AND feature_0 <= 0.905,2.009,0.03,,,3,0.71,0.44,2.324,2.0,0.41,CF SingleTree,10,0.56
feature_0 > 0.443 AND feature_1 <= 0.843,1.507,0.26,,,2,0.53,0.42,1.693,2.0,0.4,CF SingleTree,10,0.56
feature_0 > -1.423 AND feature_0 > 0.864 AND feature_0 > 1.698 AND feature_3 > -0.331 AND feature_9 > -0.069,4.39,0.01,0.96,5.35,5,1.0,0.6,3.034,3.0,0.6,CT on D,1,
feature_0 > -1.423 AND feature_0 > 0.864 AND feature_0 > 1.698 AND feature_3 > -0.331 AND feature_9 > -0.069,4.39,0.01,0.96,5.35,5,1.0,0.6,3.034,3.0,0.6,CT on D,3,
feature_0 > -1.423 AND feature_0 > 0.864 AND feature_0 > 1.698 AND feature_3 > -0.331,3.562,0.03,1.52,5.08,4,0.81,0.5,2.975,2.0,0.6,CT on D,3,
feature_0 > -1.423 AND feature_0 > 0.864 AND feature_0 <= 1.698 AND feature_0 <= 0.908,3.492,0.01,0.25,3.74,4,0.8,0.48,1.703,1.0,0.34,CT on D,3,
feature_0 > -1.423 AND feature_0 > 0.864 AND feature_0 > 1.698 AND feature_3 > -0.331 AND feature_9 > -0.069,4.39,0.01,0.96,5.35,5,1.0,0.6,3.034,3.0,0.6,CT on D,5,
feature_0 > -1.423 AND feature_0 > 0.864 AND feature_0 > 1.698 AND feature_3 > -0.331,3.562,0.03,1.52,5.08,4,0.81,0.5,2.975,2.0,0.6,CT on D,5,
feature_0 > -1.423 AND feature_0 > 0.864 AND feature_0 <= 1.698 AND feature_0 <= 0.908,3.492,0.01,0.25,3.74,4,0.8,0.48,1.703,1.0,0.34,CT on D,5,
feature_0 > -1.423 AND feature_0 > 0.864 AND feature_0 <= 1.698 AND feature_0 > 0.908 AND feature_1 > 0.625 AND feature_5 <= 0.372,3.259,0.03,1.62,4.88,6,0.74,0.46,2.751,3.0,0.56,CT on D,5,
feature_0 <= -1.423 AND feature_8 > -1.009 AND feature_1 <= 0.915 AND feature_9 > -0.124 AND feature_1 <= -0.384,3.312,0.01,2.41,-0.9,5,0.75,0.46,1.538,4.0,0.31,CT on D,5,
feature_0 > -1.423 AND feature_0 > 0.864 AND feature_0 > 1.698 AND feature_3 > -0.331 AND feature_9 > -0.069,4.39,0.01,0.96,5.35,5,1.0,0.6,3.034,3.0,0.6,CT on D,7,
feature_0 > -1.423 AND feature_0 > 0.864 AND feature_0 > 1.698 AND feature_3 > -0.331,3.562,0.03,1.52,5.08,4,0.81,0.5,2.975,2.0,0.6,CT on D,7,
feature_0 > -1.423 AND feature_0 > 0.864 AND feature_0 <= 1.698 AND feature_0 <= 0.908,3.492,0.01,0.25,3.74,4,0.8,0.48,1.703,1.0,0.34,CT on D,7,
feature_0 > -1.423 AND feature_0 > 0.864 AND feature_0 <= 1.698 AND feature_0 > 0.908 AND feature_1 > 0.625 AND feature_5 <= 0.372,3.259,0.03,1.62,4.88,6,0.74,0.46,2.751,3.0,0.56,CT on D,7,
feature_0 <= -1.423 AND feature_8 > -1.009 AND feature_1 <= 0.915 AND feature_9 > -0.124 AND feature_1 <= -0.384,3.312,0.01,2.41,-0.9,5,0.75,0.46,1.538,4.0,0.31,CT on D,7,
feature_0 > -1.423 AND feature_0 > 0.864 AND feature_0 > 1.698,3.086,0.04,1.3,4.39,3,0.7,0.44,2.955,1.0,0.6,CT on D,7,
feature_0 > -1.423 AND feature_0 > 0.864,2.472,0.18,1.0,3.47,2,0.56,0.41,2.231,1.0,0.51,CT on D,7,
feature_0 > -1.423 AND feature_0 > 0.864 AND feature_0 > 1.698 AND feature_3 > -0.331 AND feature_9 > -0.069,4.39,0.01,0.96,5.35,5,1.0,0.6,3.034,3.0,0.6,CT on D,10,
feature_0 > -1.423 AND feature_0 > 0.864 AND feature_0 > 1.698 AND feature_3 > -0.331,3.562,0.03,1.52,5.08,4,0.81,0.5,2.975,2.0,0.6,CT on D,10,
feature_0 > -1.423 AND feature_0 > 0.864 AND feature_0 <= 1.698 AND feature_0 <= 0.908,3.492,0.01,0.25,3.74,4,0.8,0.48,1.703,1.0,0.34,CT on D,10,
feature_0 > -1.423 AND feature_0 > 0.864 AND feature_0 <= 1.698 AND feature_0 > 0.908 AND feature_1 > 0.625 AND feature_5 <= 0.372,3.259,0.03,1.62,4.88,6,0.74,0.46,2.751,3.0,0.56,CT on D,10,
feature_0 <= -1.423 AND feature_8 > -1.009 AND feature_1 <= 0.915 AND feature_9 > -0.124 AND feature_1 <= -0.384,3.312,0.01,2.41,-0.9,5,0.75,0.46,1.538,4.0,0.31,CT on D,10,
feature_0 > -1.423 AND feature_0 > 0.864 AND feature_0 > 1.698,3.086,0.04,1.3,4.39,3,0.7,0.44,2.955,1.0,0.6,CT on D,10,
feature_0 > -1.423 AND feature_0 > 0.864,2.472,0.18,1.0,3.47,2,0.56,0.41,2.231,1.0,0.51,CT on D,10,
feature_0 > -1.423,1.01,0.66,0.97,1.98,1,0.23,0.4,0.969,1.0,0.46,CT on D,10,
feature_0 > -1.423 AND feature_0 > 0.864 AND feature_0 <= 1.698 AND feature_0 > 0.908 AND feature_1 > 0.625,2.763,0.04,1.78,4.54,5,0.63,0.39,2.744,2.0,0.56,CT on D,10,
feature_0 > -1.423 AND feature_0 > 0.864 AND feature_0 <= 1.698,2.298,0.14,0.91,3.21,3,0.52,0.37,2.025,1.0,0.46,CT on D,10,
feature_9 > -2.206 AND feature_0 > -0.534 AND feature_0 > 1.464 AND feature_9 > -0.024 AND feature_9 <= 0.711,4.048,0.02,0.97,5.02,5,1.0,0.61,2.813,2.0,0.61,CT on P,1,
feature_9 > -2.206 AND feature_0 > -0.534 AND feature_0 > 1.464 AND feature_9 > -0.024 AND feature_9 <= 0.711,4.048,0.02,0.97,5.02,5,1.0,0.61,2.813,2.0,0.61,CT on P,3,
feature_9 > -2.206 AND feature_0 > -0.534 AND feature_0 > 1.464 AND feature_9 > -0.024,3.659,0.03,1.21,4.87,4,0.9,0.55,2.787,2.0,0.61,CT on P,3,
feature_9 > -2.206,0.833,0.98,1.29,2.12,1,0.21,0.52,0.815,1.0,0.57,CT on P,3,
feature_9 > -2.206 AND feature_0 > -0.534 AND feature_0 > 1.464 AND feature_9 > -0.024 AND feature_9 <= 0.711,4.048,0.02,0.97,5.02,5,1.0,0.61,2.813,2.0,0.61,CT on P,5,
feature_9 > -2.206 AND feature_0 > -0.534 AND feature_0 > 1.464 AND feature_9 > -0.024,3.659,0.03,1.21,4.87,4,0.9,0.55,2.787,2.0,0.61,CT on P,5,
feature_9 > -2.206,0.833,0.98,1.29,2.12,1,0.21,0.52,0.815,1.0,0.57,CT on P,5,
feature_9 > -2.206 AND feature_0 > -0.534 AND feature_0 > 1.464 AND feature_9 > -0.024 AND feature_9 > 0.711,3.205,0.02,1.5,4.71,5,0.79,0.48,2.759,2.0,0.6,CT on P,5,
feature_9 > -2.206 AND feature_0 > -0.534,1.367,0.7,1.19,2.56,2,0.34,0.48,1.308,2.0,0.56,CT on P,5,
feature_9 > -2.206 AND feature_0 > -0.534 AND feature_0 > 1.464 AND feature_9 > -0.024 AND feature_9 <= 0.711,4.048,0.02,0.97,5.02,5,1.0,0.61,2.813,2.0,0.61,CT on P,7,
feature_9 > -2.206 AND feature_0 > -0.534 AND feature_0 > 1.464 AND feature_9 > -0.024,3.659,0.03,1.21,4.87,4,0.9,0.55,2.787,2.0,0.61,CT on P,7,
feature_9 > -2.206,0.833,0.98,1.29,2.12,1,0.21,0.52,0.815,1.0,0.57,CT on P,7,
feature_9 > -2.206 AND feature_0 > -0.534 AND feature_0 > 1.464 AND feature_9 > -0.024 AND feature_9 > 0.711,3.205,0.02,1.5,4.71,5,0.79,0.48,2.759,2.0,0.6,CT on P,7,
feature_9 > -2.206 AND feature_0 > -0.534,1.367,0.7,1.19,2.56,2,0.34,0.48,1.308,2.0,0.56,CT on P,7,
feature_9 > -2.206 AND feature_0 > -0.534 AND feature_0 > 1.464,2.799,0.07,1.46,4.26,3,0.69,0.44,2.742,2.0,0.61,CT on P,7,
feature_9 > -2.206 AND feature_0 > -0.534 AND feature_0 <= 1.464,1.215,0.63,1.16,2.38,3,0.3,0.43,1.155,2.0,0.5,CT on P,7,
feature_9 > -2.206 AND feature_0 > -0.534 AND feature_0 > 1.464 AND feature_9 > -0.024 AND feature_9 <= 0.711,4.048,0.02,0.97,5.02,5,1.0,0.61,2.813,2.0,0.56,CT on P,10,
feature_9 > -2.206 AND feature_0 > -0.534 AND feature_0 > 1.464 AND feature_9 > -0.024,3.659,0.03,1.21,4.87,4,0.9,0.55,2.787,2.0,0.56,CT on P,10,
feature_9 > -2.206,0.833,0.98,1.29,2.12,1,0.21,0.52,0.815,1.0,0.55,CT on P,10,
feature_9 > -2.206 AND feature_0 > -0.534 AND feature_0 > 1.464 AND feature_9 > -0.024 AND feature_9 > 0.711,3.205,0.02,1.5,4.71,5,0.79,0.48,2.759,2.0,0.55,CT on P,10,
feature_9 > -2.206 AND feature_0 > -0.534,1.367,0.7,1.19,2.56,2,0.34,0.48,1.308,2.0,0.54,CT on P,10,
feature_9 > -2.206 AND feature_0 > -0.534 AND feature_0 > 1.464,2.799,0.07,1.46,4.26,3,0.69,0.44,2.742,2.0,0.57,CT on P,10,
feature_9 > -2.206 AND feature_0 > -0.534 AND feature_0 <= 1.464,1.215,0.63,1.16,2.38,3,0.3,0.43,1.155,2.0,0.48,CT on P,10,
feature_9 > -2.206 AND feature_0 > -0.534 AND feature_0 <= 1.464 AND feature_1 > 0.587 AND feature_0 > 0.249 AND feature_8 > -0.827,2.569,0.08,1.7,4.27,6,0.63,0.41,2.225,4.0,0.47,CT on P,10,
feature_9 > -2.206 AND feature_0 > -0.534 AND feature_0 <= 1.464 AND feature_1 > 0.587 AND feature_0 <= 0.249 AND feature_3 <= -0.611,2.678,0.02,0.43,3.11,6,0.66,0.4,1.37,4.0,0.28,CT on P,10,
feature_9 > -2.206 AND feature_0 > -0.534 AND feature_0 > 1.464 AND feature_9 <= -0.024 AND feature_1 > 0.001,2.59,0.02,2.09,4.68,5,0.64,0.39,3.037,3.0,0.61,CT on P,10,
feature_0 > -0.337 AND feature_1 <= 0.444 AND feature_0 > 1.503 AND feature_8 > 0.865,12.566,0.01,,,4,1.0,0.6,2.431,3.0,0.6,CF,1,4.76
feature_0 > -0.337 AND feature_1 <= 0.444 AND feature_0 > 1.503 AND feature_8 > 0.865,12.566,0.01,,,4,1.0,0.6,2.431,3.0,0.52,CF,3,4.76
feature_0 > 0.19 AND feature_0 > 1.494 AND feature_4 <= -0.942 AND feature_6 > 0.527,8.741,0.0,,,4,0.7,0.42,2.836,3.0,0.6,CF,3,4.76
feature_0 > 0.144 AND feature_1 <= 0.715 AND feature_3 <= -1.63 AND feature_7 <= -1.084,7.802,0.0,,,4,0.62,0.37,1.365,4.0,0.29,CF,3,4.76
feature_0 > -0.337 AND feature_1 <= 0.444 AND feature_0 > 1.503 AND feature_8 > 0.865,12.566,0.01,,,4,1.0,0.6,2.431,3.0,0.52,CF,5,4.76
feature_0 > 0.19 AND feature_0 > 1.494 AND feature_4 <= -0.942 AND feature_6 > 0.527,8.741,0.0,,,4,0.7,0.42,2.836,3.0,0.6,CF,5,4.76
feature_0 > 0.144 AND feature_1 <= 0.715 AND feature_3 <= -1.63 AND feature_7 <= -1.084,7.802,0.0,,,4,0.62,0.37,1.365,4.0,0.29,CF,5,4.76
feature_0 > -1.421,1.142,0.66,,,1,0.09,0.32,0.97,1.0,0.47,CF,5,4.76
feature_0 > -1.425,1.067,0.66,,,1,0.08,0.31,0.968,1.0,0.47,CF,5,4.76
feature_0 > -0.337 AND feature_1 <= 0.444 AND feature_0 > 1.503 AND feature_8 > 0.865,12.566,0.01,,,4,1.0,0.6,2.431,3.0,0.52,CF,7,4.76
feature_0 > 0.19 AND feature_0 > 1.494 AND feature_4 <= -0.942 AND feature_6 > 0.527,8.741,0.0,,,4,0.7,0.42,2.836,3.0,0.6,CF,7,4.76
feature_0 > 0.144 AND feature_1 <= 0.715 AND feature_3 <= -1.63 AND feature_7 <= -1.084,7.802,0.0,,,4,0.62,0.37,1.365,4.0,0.29,CF,7,4.76
feature_0 > -1.421,1.142,0.66,,,1,0.09,0.32,0.97,1.0,0.47,CF,7,4.76
feature_0 > -1.425,1.067,0.66,,,1,0.08,0.31,0.968,1.0,0.47,CF,7,4.76
feature_0 > -1.45,1.004,0.66,,,1,0.08,0.31,0.961,1.0,0.47,CF,7,4.76
feature_0 > -1.542,0.914,0.67,,,1,0.07,0.31,0.942,1.0,0.47,CF,7,4.76
feature_0 > -0.337 AND feature_1 <= 0.444 AND feature_0 > 1.503 AND feature_8 > 0.865,12.566,0.01,,,4,1.0,0.6,2.431,3.0,0.52,CF,10,4.76
feature_0 > 0.19 AND feature_0 > 1.494 AND feature_4 <= -0.942 AND feature_6 > 0.527,8.741,0.0,,,4,0.7,0.42,2.836,3.0,0.6,CF,10,4.76
feature_0 > 0.144 AND feature_1 <= 0.715 AND feature_3 <= -1.63 AND feature_7 <= -1.084,7.802,0.0,,,4,0.62,0.37,1.365,4.0,0.29,CF,10,4.76
feature_0 > -1.421,1.142,0.66,,,1,0.09,0.32,0.97,1.0,0.47,CF,10,4.76
feature_0 > -1.425,1.067,0.66,,,1,0.08,0.31,0.968,1.0,0.47,CF,10,4.76
feature_0 > -1.45,1.004,0.66,,,1,0.08,0.31,0.961,1.0,0.47,CF,10,4.76
feature_0 > -1.542,0.914,0.67,,,1,0.07,0.31,0.942,1.0,0.47,CF,10,4.76
feature_0 > -0.843,1.414,0.6,,,1,0.11,0.31,1.166,1.0,0.49,CF,10,4.76
feature_0 > -1.165,1.045,0.64,,,1,0.08,0.31,1.045,1.0,0.48,CF,10,4.76
feature_0 > -1.425 AND feature_0 <= 1.623,0.964,0.64,,,2,0.08,0.3,0.859,1.0,0.44,CF,10,4.76
feature_0 > 0.201 AND feature_0 > 0.863 AND feature_0 > 1.379 AND feature_1 > -0.055,2.356,0.04,,,4,1.0,0.62,2.994,2.0,0.62,CF SingleTree,1,0.56
feature_0 > 0.201 AND feature_0 > 0.863 AND feature_0 > 1.379 AND feature_1 > -0.055,2.356,0.04,,,4,1.0,0.62,2.994,2.0,0.62,CF SingleTree,3,0.56
feature_0 > 0.201 AND feature_0 > 0.863 AND feature_0 > 1.379,2.214,0.08,,,3,0.94,0.6,2.671,1.0,0.57,CF SingleTree,3,0.56
feature_0 > 0.201 AND feature_0 > 0.863,2.008,0.18,,,2,0.85,0.58,2.23,1.0,0.52,CF SingleTree,3,0.56
feature_0 > 0.201 AND feature_0 > 0.863 AND feature_0 > 1.379 AND feature_1 > -0.055,2.356,0.04,,,4,1.0,0.62,2.994,2.0,0.62,CF SingleTree,5,0.56
feature_0 > 0.201 AND feature_0 > 0.863 AND feature_0 > 1.379,2.214,0.08,,,3,0.94,0.6,2.671,1.0,0.57,CF SingleTree,5,0.56
feature_0 > 0.201 AND feature_0 > 0.863,2.008,0.18,,,2,0.85,0.58,2.23,1.0,0.52,CF SingleTree,5,0.56
feature_0 > 0.201,1.557,0.37,,,1,0.66,0.54,1.726,1.0,0.49,CF SingleTree,5,0.56
feature_0 > 0.201 AND feature_0 > 0.863 AND feature_0 <= 1.379 AND feature_1 > 0.297,2.04,0.04,,,4,0.87,0.54,2.447,2.0,0.51,CF SingleTree,5,0.56
feature_0 > 0.201 AND feature_0 > 0.863 AND feature_0 > 1.379 AND feature_1 > -0.055,2.356,0.04,,,4,1.0,0.62,2.994,2.0,0.62,CF SingleTree,7,0.56
feature_0 > 0.201 AND feature_0 > 0.863 AND feature_0 > 1.379,2.214,0.08,,,3,0.94,0.6,2.671,1.0,0.57,CF SingleTree,7,0.56
feature_0 > 0.201 AND feature_0 > 0.863,2.008,0.18,,,2,0.85,0.58,2.23,1.0,0.52,CF SingleTree,7,0.56
feature_0 > 0.201,1.557,0.37,,,1,0.66,0.54,1.726,1.0,0.49,CF SingleTree,7,0.56
feature_0 > 0.201 AND feature_0 > 0.863 AND feature_0 <= 1.379 AND feature_1 > 0.297,2.04,0.04,,,4,0.87,0.54,2.447,2.0,0.51,CF SingleTree,7,0.56
feature_0 > 0.201 AND feature_0 > 0.863 AND feature_0 > 1.379 AND feature_1 <= -0.055,2.039,0.04,,,4,0.87,0.54,2.271,2.0,0.47,CF SingleTree,7,0.56
feature_0 > 0.201 AND feature_0 > 0.863 AND feature_0 <= 1.379,1.858,0.11,,,3,0.79,0.52,1.912,1.0,0.43,CF SingleTree,7,0.56
feature_0 > 0.201 AND feature_0 > 0.863 AND feature_0 > 1.379 AND feature_1 > -0.055,2.356,0.04,,,4,1.0,0.62,2.994,2.0,0.62,CF SingleTree,10,0.56
feature_0 > 0.201 AND feature_0 > 0.863 AND feature_0 > 1.379,2.214,0.08,,,3,0.94,0.6,2.671,1.0,0.57,CF SingleTree,10,0.56
feature_0 > 0.201 AND feature_0 > 0.863,2.008,0.18,,,2,0.85,0.58,2.23,1.0,0.52,CF SingleTree,10,0.56
feature_0 > 0.201,1.557,0.37,,,1,0.66,0.54,1.726,1.0,0.49,CF SingleTree,10,0.56
feature_0 > 0.201 AND feature_0 > 0.863 AND feature_0 <= 1.379 AND feature_1 > 0.297,2.04,0.04,,,4,0.87,0.54,2.447,2.0,0.51,CF SingleTree,10,0.56
feature_0 > 0.201 AND feature_0 > 0.863 AND feature_0 > 1.379 AND feature_1 <= -0.055,2.039,0.04,,,4,0.87,0.54,2.271,2.0,0.47,CF SingleTree,10,0.56
feature_0 > 0.201 AND feature_0 > 0.863 AND feature_0 <= 1.379,1.858,0.11,,,3,0.79,0.52,1.912,1.0,0.43,CF SingleTree,10,0.56
feature_0 > 0.201 AND feature_0 > 0.863 AND feature_0 <= 1.379 AND feature_1 <= 0.297,1.742,0.07,,,4,0.74,0.47,1.57,2.0,0.34,CF SingleTree,10,0.56
feature_0 > 0.201 AND feature_0 <= 0.863 AND feature_1 > 0.333 AND feature_0 > 0.541,1.54,0.04,,,4,0.65,0.41,2.037,2.0,0.42,CF SingleTree,10,0.56
feature_0 > 0.201 AND feature_0 <= 0.863 AND feature_1 > 0.333,1.4,0.09,,,3,0.59,0.39,1.858,2.0,0.41,CF SingleTree,10,0.56
feature_1 > 0.346 AND feature_6 > -0.35 AND feature_4 > -1.335 AND feature_0 > 0.64 AND feature_1 > 1.201,3.822,0.02,1.41,5.24,5,1.0,0.61,3.127,4.0,0.61,CT on D,1,
feature_1 > 0.346 AND feature_6 > -0.35 AND feature_4 > -1.335 AND feature_0 > 0.64 AND feature_1 > 1.201,3.822,0.02,1.41,5.24,5,1.0,0.61,3.127,4.0,0.61,CT on D,3,
feature_1 > 0.346 AND feature_6 <= -0.35 AND feature_0 > 0.498 AND feature_4 > 0.372,3.699,0.02,1.7,5.4,4,0.97,0.59,2.439,4.0,0.48,CT on D,3,
feature_1 <= 0.346 AND feature_0 > -1.092 AND feature_0 <= 1.835 AND feature_9 > 0.731 AND feature_0 > 0.413 AND feature_6 > 0.28,3.406,0.01,-0.73,2.68,6,0.89,0.54,1.467,4.0,0.29,CT on D,3,
feature_1 > 0.346 AND feature_6 > -0.35 AND feature_4 > -1.335 AND feature_0 > 0.64 AND feature_1 > 1.201,3.822,0.02,1.41,5.24,5,1.0,0.61,3.127,4.0,0.61,CT on D,5,
feature_1 > 0.346 AND feature_6 <= -0.35 AND feature_0 > 0.498 AND feature_4 > 0.372,3.699,0.02,1.7,5.4,4,0.97,0.59,2.439,4.0,0.48,CT on D,5,
feature_1 <= 0.346 AND feature_0 > -1.092 AND feature_0 <= 1.835 AND feature_9 > 0.731 AND feature_0 > 0.413 AND feature_6 > 0.28,3.406,0.01,-0.73,2.68,6,0.89,0.54,1.467,4.0,0.29,CT on D,5,
feature_1 <= 0.346 AND feature_0 > -1.092 AND feature_0 > 1.835 AND feature_6 <= 0.172,3.055,0.01,1.09,4.15,4,0.8,0.48,2.785,3.0,0.54,CT on D,5,
feature_1 <= 0.346 AND feature_0 <= -1.092 AND feature_0 <= -2.081,3.047,0.01,2.63,-0.41,3,0.8,0.48,1.908,2.0,0.37,CT on D,5,
feature_1 > 0.346 AND feature_6 > -0.35 AND feature_4 > -1.335 AND feature_0 > 0.64 AND feature_1 > 1.201,3.822,0.02,1.41,5.24,5,1.0,0.61,3.127,4.0,0.61,CT on D,7,
feature_1 > 0.346 AND feature_6 <= -0.35 AND feature_0 > 0.498 AND feature_4 > 0.372,3.699,0.02,1.7,5.4,4,0.97,0.59,2.439,4.0,0.48,CT on D,7,
feature_1 <= 0.346 AND feature_0 > -1.092 AND feature_0 <= 1.835 AND feature_9 > 0.731 AND feature_0 > 0.413 AND feature_6 > 0.28,3.406,0.01,-0.73,2.68,6,0.89,0.54,1.467,4.0,0.29,CT on D,7,
feature_1 <= 0.346 AND feature_0 > -1.092 AND feature_0 > 1.835 AND feature_6 <= 0.172,3.055,0.01,1.09,4.15,4,0.8,0.48,2.785,3.0,0.54,CT on D,7,
feature_1 <= 0.346 AND feature_0 <= -1.092 AND feature_0 <= -2.081,3.047,0.01,2.63,-0.41,3,0.8,0.48,1.908,2.0,0.37,CT on D,7,
feature_1 > 0.346 AND feature_6 > -0.35 AND feature_4 > -1.335 AND feature_0 > 0.64,2.684,0.07,1.55,4.23,4,0.7,0.45,2.595,4.0,0.53,CT on D,7,
feature_1 > 0.346 AND feature_6 <= -0.35 AND feature_0 > 0.498 AND feature_4 <= 0.372 AND feature_5 > -0.526,2.775,0.02,0.91,3.68,5,0.73,0.44,2.443,5.0,0.48,CT on D,7,
feature_1 > 0.346 AND feature_6 > -0.35 AND feature_4 > -1.335 AND feature_0 > 0.64 AND feature_1 > 1.201,3.822,0.02,1.41,5.24,5,1.0,0.61,3.127,4.0,0.61,CT on D,10,
feature_1 > 0.346 AND feature_6 <= -0.35 AND feature_0 > 0.498 AND feature_4 > 0.372,3.699,0.02,1.7,5.4,4,0.97,0.59,2.439,4.0,0.48,CT on D,10,
feature_1 <= 0.346 AND feature_0 > -1.092 AND feature_0 <= 1.835 AND feature_9 > 0.731 AND feature_0 > 0.413 AND feature_6 > 0.28,3.406,0.01,-0.73,2.68,6,0.89,0.54,1.467,4.0,0.29,CT on D,10,
feature_1 <= 0.346 AND feature_0 > -1.092 AND feature_0 > 1.835 AND feature_6 <= 0.172,3.055,0.01,1.09,4.15,4,0.8,0.48,2.785,3.0,0.54,CT on D,10,
feature_1 <= 0.346 AND feature_0 <= -1.092 AND feature_0 <= -2.081,3.047,0.01,2.63,-0.41,3,0.8,0.48,1.908,2.0,0.37,CT on D,10,
feature_1 > 0.346 AND feature_6 > -0.35 AND feature_4 > -1.335 AND feature_0 > 0.64,2.684,0.07,1.55,4.23,4,0.7,0.45,2.595,4.0,0.53,CT on D,10,
feature_1 > 0.346 AND feature_6 <= -0.35 AND feature_0 > 0.498 AND feature_4 <= 0.372 AND feature_5 > -0.526,2.775,0.02,0.91,3.68,5,0.73,0.44,2.443,5.0,0.48,CT on D,10,
feature_1 > 0.346 AND feature_6 <= -0.35 AND feature_0 > 0.498,2.586,0.06,1.41,3.99,3,0.68,0.43,2.448,3.0,0.49,CT on D,10,
feature_1 > 0.346 AND feature_6 > -0.35 AND feature_4 > -1.335 AND feature_0 > 0.64 AND feature_1 <= 1.201 AND feature_2 > -0.281,2.61,0.03,1.25,3.86,6,0.68,0.42,2.355,5.0,0.46,CT on D,10,
feature_1 > 0.346,1.276,0.47,1.21,2.48,1,0.33,0.39,1.354,1.0,0.45,CT on D,10,
feature_1 > 0.578 AND feature_6 <= -0.35 AND feature_0 > 0.478 AND feature_4 > 0.417,4.014,0.01,2.09,6.1,4,1.0,0.6,2.593,4.0,0.6,CT on P,1,
feature_1 > 0.578 AND feature_6 <= -0.35 AND feature_0 > 0.478 AND feature_4 > 0.417,4.014,0.01,2.09,6.1,4,1.0,0.6,2.593,4.0,0.47,CT on P,3,
feature_1 > 0.578 AND feature_6 > -0.35 AND feature_0 > 1.408,3.816,0.02,2.02,5.83,3,0.95,0.58,3.337,3.0,0.61,CT on P,3,
feature_1 <= 0.578 AND feature_4 <= 1.626 AND feature_0 <= -1.487 AND feature_0 <= -2.061,3.345,0.01,2.27,-1.07,4,0.83,0.5,1.863,3.0,0.34,CT on P,3,
feature_1 > 0.578 AND feature_6 <= -0.35 AND feature_0 > 0.478 AND feature_4 > 0.417,4.014,0.01,2.09,6.1,4,1.0,0.6,2.593,4.0,0.47,CT on P,5,
feature_1 > 0.578 AND feature_6 > -0.35 AND feature_0 > 1.408,3.816,0.02,2.02,5.83,3,0.95,0.58,3.337,3.0,0.61,CT on P,5,
feature_1 <= 0.578 AND feature_4 <= 1.626 AND feature_0 <= -1.487 AND feature_0 <= -2.061,3.345,0.01,2.27,-1.07,4,0.83,0.5,1.863,3.0,0.34,CT on P,5,
feature_1 <= 0.578 AND feature_4 <= 1.626 AND feature_0 > -1.487 AND feature_0 > 0.752 AND feature_5 > 1.219,3.2,0.02,0.34,3.54,5,0.8,0.49,1.911,4.0,0.35,CT on P,5,
feature_1 > 0.578 AND feature_6 > -0.35 AND feature_0 <= 1.408 AND feature_7 > 0.2 AND feature_0 > 0.606,2.965,0.02,0.98,3.95,5,0.74,0.45,2.384,4.0,0.44,CT on P,5,
feature_1 > 0.578 AND feature_6 <= -0.35 AND feature_0 > 0.478 AND feature_4 > 0.417,4.014,0.01,2.09,6.1,4,1.0,0.6,2.593,4.0,0.47,CT on P,7,
feature_1 > 0.578 AND feature_6 > -0.35 AND feature_0 > 1.408,3.816,0.02,2.02,5.83,3,0.95,0.58,3.337,3.0,0.61,CT on P,7,
feature_1 <= 0.578 AND feature_4 <= 1.626 AND feature_0 <= -1.487 AND feature_0 <= -2.061,3.345,0.01,2.27,-1.07,4,0.83,0.5,1.863,3.0,0.34,CT on P,7,
feature_1 <= 0.578 AND feature_4 <= 1.626 AND feature_0 > -1.487 AND feature_0 > 0.752 AND feature_5 > 1.219,3.2,0.02,0.34,3.54,5,0.8,0.49,1.911,4.0,0.35,CT on P,7,
feature_1 > 0.578 AND feature_6 > -0.35 AND feature_0 <= 1.408 AND feature_7 > 0.2 AND feature_0 > 0.606,2.965,0.02,0.98,3.95,5,0.74,0.45,2.384,4.0,0.44,CT on P,7,
feature_1 > 0.578 AND feature_6 > -0.35 AND feature_0 <= 1.408 AND feature_7 > 0.2 AND feature_0 <= 0.606 AND feature_5 <= -0.148,2.608,0.03,0.46,3.07,6,0.65,0.4,1.089,5.0,0.21,CT on P,7,
feature_1 > 0.578 AND feature_6 <= -0.35 AND feature_0 > 0.478,2.439,0.04,1.51,3.95,3,0.61,0.38,2.579,3.0,0.48,CT on P,7,
feature_1 > 0.578 AND feature_6 <= -0.35 AND feature_0 > 0.478 AND feature_4 > 0.417,4.014,0.01,2.09,6.1,4,1.0,0.6,2.593,4.0,0.47,CT on P,10,
feature_1 > 0.578 AND feature_6 > -0.35 AND feature_0 > 1.408,3.816,0.02,2.02,5.83,3,0.95,0.58,3.337,3.0,0.61,CT on P,10,
feature_1 <= 0.578 AND feature_4 <= 1.626 AND feature_0 <= -1.487 AND feature_0 <= -2.061,3.345,0.01,2.27,-1.07,4,0.83,0.5,1.863,3.0,0.34,CT on P,10,
feature_1 <= 0.578 AND feature_4 <= 1.626 AND feature_0 > -1.487 AND feature_0 > 0.752 AND feature_5 > 1.219,3.2,0.02,0.34,3.54,5,0.8,0.49,1.911,4.0,0.35,CT on P,10,
feature_1 > 0.578 AND feature_6 > -0.35 AND feature_0 <= 1.408 AND feature_7 > 0.2 AND feature_0 > 0.606,2.965,0.02,0.98,3.95,5,0.74,0.45,2.384,4.0,0.44,CT on P,10,
feature_1 > 0.578 AND feature_6 > -0.35 AND feature_0 <= 1.408 AND feature_7 > 0.2 AND feature_0 <= 0.606 AND feature_5 <= -0.148,2.608,0.03,0.46,3.07,6,0.65,0.4,1.089,5.0,0.21,CT on P,10,
feature_1 > 0.578 AND feature_6 <= -0.35 AND feature_0 > 0.478,2.439,0.04,1.51,3.95,3,0.61,0.38,2.579,3.0,0.48,CT on P,10,
feature_1 > 0.578 AND feature_6 <= -0.35 AND feature_0 <= 0.478 AND feature_9 > 0.246 AND feature_9 <= 0.849,2.415,0.02,0.46,2.88,5,0.6,0.37,1.18,4.0,0.22,CT on P,10,
feature_1 <= 0.578 AND feature_4 <= 1.626 AND feature_0 > -1.487 AND feature_0 > 0.752 AND feature_5 <= 1.219 AND feature_8 > 0.93,2.414,0.02,0.92,3.34,6,0.6,0.37,1.823,5.0,0.34,CT on P,10,
feature_1 > 0.578,1.436,0.36,1.24,2.67,1,0.36,0.36,1.477,1.0,0.41,CT on P,10,
feature_0 <= 0.56 AND feature_1 > 0.773 AND feature_2 > 1.342 AND feature_2 > 2.366,33.388,0.0,,,4,1.0,0.6,0.928,3.0,0.6,CF,1,5.03
feature_0 <= 0.56 AND feature_1 > 0.773 AND feature_2 > 1.342 AND feature_2 > 2.366,33.388,0.0,,,4,1.0,0.6,0.928,3.0,0.6,CF,3,5.03
feature_0 > -1.591,1.037,0.75,,,1,0.03,0.32,0.921,1.0,0.9,CF,3,5.03
feature_0 <= 0.933 AND feature_1 > -1.107,0.543,0.76,,,2,0.02,0.31,0.582,2.0,0.68,CF,3,5.03
feature_0 <= 0.56 AND feature_1 > 0.773 AND feature_2 > 1.342 AND feature_2 > 2.366,33.388,0.0,,,4,1.0,0.6,0.928,3.0,0.6,CF,5,5.03
feature_0 > -1.591,1.037,0.75,,,1,0.03,0.32,0.921,1.0,0.9,CF,5,5.03
feature_0 <= 0.933 AND feature_1 > -1.107,0.543,0.76,,,2,0.02,0.31,0.582,2.0,0.68,CF,5,5.03
feature_0 <= 1.403,0.64,0.73,,,1,0.02,0.3,0.638,1.0,0.7,CF,5,5.03
feature_0 <= 1.39,0.64,0.73,,,1,0.02,0.3,0.634,1.0,0.7,CF,5,5.03
feature_0 <= 0.56 AND feature_1 > 0.773 AND feature_2 > 1.342 AND feature_2 > 2.366,33.388,0.0,,,4,1.0,0.6,0.928,3.0,0.6,CF,7,5.03
feature_0 > -1.591,1.037,0.75,,,1,0.03,0.32,0.921,1.0,0.9,CF,7,5.03
feature_0 <= 0.933 AND feature_1 > -1.107,0.543,0.76,,,2,0.02,0.31,0.582,2.0,0.68,CF,7,5.03
feature_0 <= 1.403,0.64,0.73,,,1,0.02,0.3,0.638,1.0,0.7,CF,7,5.03
feature_0 <= 1.39,0.64,0.73,,,1,0.02,0.3,0.634,1.0,0.7,CF,7,5.03
feature_0 <= 1.354,0.455,0.73,,,1,0.01,0.3,0.627,1.0,0.7,CF,7,5.03
feature_0 <= 1.328,0.417,0.73,,,1,0.01,0.3,0.62,1.0,0.69,CF,7,5.03
feature_0 <= 0.56 AND feature_1 > 0.773 AND feature_2 > 1.342 AND feature_2 > 2.366,33.388,0.0,,,4,1.0,0.6,0.928,3.0,0.53,CF,10,5.03
feature_0 > -1.591,1.037,0.75,,,1,0.03,0.32,0.921,1.0,0.83,CF,10,5.03
feature_0 <= 0.933 AND feature_1 > -1.107,0.543,0.76,,,2,0.02,0.31,0.582,2.0,0.64,CF,10,5.03
feature_0 <= 1.403,0.64,0.73,,,1,0.02,0.3,0.638,1.0,0.66,CF,10,5.03
feature_0 <= 1.39,0.64,0.73,,,1,0.02,0.3,0.634,1.0,0.66,CF,10,5.03
feature_0 <= 1.354,0.455,0.73,,,1,0.01,0.3,0.627,1.0,0.65,CF,10,5.03
feature_0 <= 1.328,0.417,0.73,,,1,0.01,0.3,0.62,1.0,0.65,CF,10,5.03
feature_0 > -1.135,1.036,0.7,,,1,0.03,0.3,1.038,1.0,0.88,CF,10,5.03
feature_0 <= 1.275,0.581,0.72,,,1,0.02,0.3,0.607,1.0,0.64,CF,10,5.03
feature_0 > -1.115,0.946,0.7,,,1,0.03,0.3,1.045,1.0,0.88,CF,10,5.03
feature_0 > 0.683 AND feature_0 > 1.055 AND feature_1 > 0.636 AND feature_0 > 1.319,2.556,0.03,,,4,1.0,0.61,3.313,2.0,0.61,CF SingleTree,1,0.55
feature_0 > 0.683 AND feature_0 > 1.055 AND feature_1 > 0.636 AND feature_0 > 1.319,2.556,0.03,,,4,1.0,0.61,3.313,2.0,0.61,CF SingleTree,3,0.55
feature_0 > 0.683 AND feature_0 > 1.055 AND feature_1 > 0.636,2.444,0.05,,,3,0.96,0.59,3.107,2.0,0.58,CF SingleTree,3,0.55
feature_0 > 0.683 AND feature_0 > 1.055,2.072,0.14,,,2,0.81,0.54,2.398,1.0,0.49,CF SingleTree,3,0.55
feature_0 > 0.683 AND feature_0 > 1.055 AND feature_1 > 0.636 AND feature_0 > 1.319,2.556,0.03,,,4,1.0,0.61,3.313,2.0,0.61,CF SingleTree,5,0.55
feature_0 > 0.683 AND feature_0 > 1.055 AND feature_1 > 0.636,2.444,0.05,,,3,0.96,0.59,3.107,2.0,0.58,CF SingleTree,5,0.55
feature_0 > 0.683 AND feature_0 > 1.055,2.072,0.14,,,2,0.81,0.54,2.398,1.0,0.49,CF SingleTree,5,0.55
feature_0 > 0.683 AND feature_0 > 1.055 AND feature_1 > 0.636 AND feature_0 <= 1.319,2.237,0.02,,,4,0.88,0.53,2.726,2.0,0.5,CF SingleTree,5,0.55
feature_0 > 0.683,1.83,0.23,,,1,0.72,0.52,2.09,1.0,0.47,CF SingleTree,5,0.55
feature_0 > 0.683 AND feature_0 > 1.055 AND feature_1 > 0.636 AND feature_0 > 1.319,2.556,0.03,,,4,1.0,0.61,3.313,2.0,0.61,CF SingleTree,7,0.55
feature_0 > 0.683 AND feature_0 > 1.055 AND feature_1 > 0.636,2.444,0.05,,,3,0.96,0.59,3.107,2.0,0.58,CF SingleTree,7,0.55
feature_0 > 0.683 AND feature_0 > 1.055,2.072,0.14,,,2,0.81,0.54,2.398,1.0,0.49,CF SingleTree,7,0.55
feature_0 > 0.683 AND feature_0 > 1.055 AND feature_1 > 0.636 AND feature_0 <= 1.319,2.237,0.02,,,4,0.88,0.53,2.726,2.0,0.5,CF SingleTree,7,0.55
feature_0 > 0.683,1.83,0.23,,,1,0.72,0.52,2.09,1.0,0.47,CF SingleTree,7,0.55
feature_0 > 0.683 AND feature_0 > 1.055 AND feature_1 <= 0.636 AND feature_0 > 1.276,2.042,0.06,,,4,0.8,0.5,2.325,2.0,0.45,CF SingleTree,7,0.55
feature_0 > 0.683 AND feature_0 <= 1.055 AND feature_1 > 0.782 AND feature_0 > 0.914,2.118,0.01,,,4,0.83,0.5,2.529,2.0,0.46,CF SingleTree,7,0.55
feature_0 > 0.683 AND feature_0 > 1.055 AND feature_1 > 0.636 AND feature_0 > 1.319,2.556,0.03,,,4,1.0,0.61,3.313,2.0,0.61,CF SingleTree,10,0.55
feature_0 > 0.683 AND feature_0 > 1.055 AND feature_1 > 0.636,2.444,0.05,,,3,0.96,0.59,3.107,2.0,0.58,CF SingleTree,10,0.55
feature_0 > 0.683 AND feature_0 > 1.055,2.072,0.14,,,2,0.81,0.54,2.398,1.0,0.49,CF SingleTree,10,0.55
feature_0 > 0.683 AND feature_0 > 1.055 AND feature_1 > 0.636 AND feature_0 <= 1.319,2.237,0.02,,,4,0.88,0.53,2.726,2.0,0.5,CF SingleTree,10,0.55
feature_0 > 0.683,1.83,0.23,,,1,0.72,0.52,2.09,1.0,0.47,CF SingleTree,10,0.55
feature_0 > 0.683 AND feature_0 > 1.055 AND feature_1 <= 0.636 AND feature_0 > 1.276,2.042,0.06,,,4,0.8,0.5,2.325,2.0,0.45,CF SingleTree,10,0.55
feature_0 > 0.683 AND feature_0 <= 1.055 AND feature_1 > 0.782 AND feature_0 > 0.914,2.118,0.01,,,4,0.83,0.5,2.529,2.0,0.46,CF SingleTree,10,0.55
feature_0 > 0.683 AND feature_0 > 1.055 AND feature_1 <= 0.636,1.936,0.09,,,3,0.76,0.49,2.141,2.0,0.42,CF SingleTree,10,0.55
feature_0 > 0.683 AND feature_0 <= 1.055 AND feature_1 > 0.782,1.954,0.03,,,3,0.76,0.47,2.43,2.0,0.45,CF SingleTree,10,0.55
feature_0 > 0.683 AND feature_0 <= 1.055 AND feature_1 > 0.782 AND feature_0 <= 0.914,1.872,0.02,,,4,0.73,0.45,2.38,2.0,0.44,CF SingleTree,10,0.55
feature_7 <= 1.921 AND feature_0 > -0.527 AND feature_0 > 2.152,4.357,0.01,0.93,5.28,3,1.0,0.6,3.327,2.0,0.6,CT on D,1,
feature_7 <= 1.921 AND feature_0 > -0.527 AND feature_0 > 2.152,4.357,0.01,0.93,5.28,3,1.0,0.6,3.327,2.0,0.6,CT on D,3,
feature_7 <= 1.921 AND feature_0 > -0.527 AND feature_0 <= 2.152 AND feature_1 <= 0.698 AND feature_0 > 1.534 AND feature_7 > 0.268,3.784,0.01,0.14,3.92,6,0.87,0.53,2.364,3.0,0.43,CT on D,3,
feature_7 <= 1.921 AND feature_0 > -0.527 AND feature_0 <= 2.152 AND feature_1 > 0.698 AND feature_1 > 1.407 AND feature_2 <= 0.219,3.058,0.04,1.45,4.51,6,0.7,0.44,2.528,4.0,0.47,CT on D,3,
feature_7 <= 1.921 AND feature_0 > -0.527 AND feature_0 > 2.152,4.357,0.01,0.93,5.28,3,1.0,0.6,3.327,2.0,0.6,CT on D,5,
feature_7 <= 1.921 AND feature_0 > -0.527 AND feature_0 <= 2.152 AND feature_1 <= 0.698 AND feature_0 > 1.534 AND feature_7 > 0.268,3.784,0.01,0.14,3.92,6,0.87,0.53,2.364,3.0,0.43,CT on D,5,
feature_7 <= 1.921 AND feature_0 > -0.527 AND feature_0 <= 2.152 AND feature_1 > 0.698 AND feature_1 > 1.407 AND feature_2 <= 0.219,3.058,0.04,1.45,4.51,6,0.7,0.44,2.528,4.0,0.47,CT on D,5,
feature_7 <= 1.921 AND feature_0 > -0.527 AND feature_0 <= 2.152 AND feature_1 > 0.698 AND feature_1 > 1.407,2.666,0.06,1.7,4.36,5,0.61,0.39,2.505,3.0,0.48,CT on D,5,
feature_7 <= 1.921 AND feature_0 > -0.527,1.352,0.48,0.86,2.21,2,0.31,0.38,1.32,2.0,0.43,CT on D,5,
feature_7 <= 1.921 AND feature_0 > -0.527 AND feature_0 > 2.152,4.357,0.01,0.93,5.28,3,1.0,0.6,3.327,2.0,0.6,CT on D,7,
feature_7 <= 1.921 AND feature_0 > -0.527 AND feature_0 <= 2.152 AND feature_1 <= 0.698 AND feature_0 > 1.534 AND feature_7 > 0.268,3.784,0.01,0.14,3.92,6,0.87,0.53,2.364,3.0,0.43,CT on D,7,
feature_7 <= 1.921 AND feature_0 > -0.527 AND feature_0 <= 2.152 AND feature_1 > 0.698 AND feature_1 > 1.407 AND feature_2 <= 0.219,3.058,0.04,1.45,4.51,6,0.7,0.44,2.528,4.0,0.47,CT on D,7,
feature_7 <= 1.921 AND feature_0 > -0.527 AND feature_0 <= 2.152 AND feature_1 > 0.698 AND feature_1 > 1.407,2.666,0.06,1.7,4.36,5,0.61,0.39,2.505,3.0,0.48,CT on D,7,
feature_7 <= 1.921 AND feature_0 > -0.527,1.352,0.48,0.86,2.21,2,0.31,0.38,1.32,2.0,0.43,CT on D,7,
feature_7 <= 1.921 AND feature_0 <= -0.527 AND feature_1 <= 0.718 AND feature_0 <= -1.982,2.674,0.02,2.19,-0.49,4,0.61,0.38,1.785,3.0,0.33,CT on D,7,
feature_7 <= 1.921 AND feature_0 > -0.527 AND feature_0 <= 2.152,1.281,0.48,0.86,2.14,3,0.29,0.37,1.272,2.0,0.42,CT on D,7,
feature_7 <= 1.921 AND feature_0 > -0.527 AND feature_0 > 2.152,4.357,0.01,0.93,5.28,3,1.0,0.6,3.327,2.0,0.6,CT on D,10,
feature_7 <= 1.921 AND feature_0 > -0.527 AND feature_0 <= 2.152 AND feature_1 <= 0.698 AND feature_0 > 1.534 AND feature_7 > 0.268,3.784,0.01,0.14,3.92,6,0.87,0.53,2.364,3.0,0.43,CT on D,10,
feature_7 <= 1.921 AND feature_0 > -0.527 AND feature_0 <= 2.152 AND feature_1 > 0.698 AND feature_1 > 1.407 AND feature_2 <= 0.219,3.058,0.04,1.45,4.51,6,0.7,0.44,2.528,4.0,0.47,CT on D,10,
feature_7 <= 1.921 AND feature_0 > -0.527 AND feature_0 <= 2.152 AND feature_1 > 0.698 AND feature_1 > 1.407,2.666,0.06,1.7,4.36,5,0.61,0.39,2.505,3.0,0.48,CT on D,10,
feature_7 <= 1.921 AND feature_0 > -0.527,1.352,0.48,0.86,2.21,2,0.31,0.38,1.32,2.0,0.43,CT on D,10,
feature_7 <= 1.921 AND feature_0 <= -0.527 AND feature_1 <= 0.718 AND feature_0 <= -1.982,2.674,0.02,2.19,-0.49,4,0.61,0.38,1.785,3.0,0.33,CT on D,10,
feature_7 <= 1.921 AND feature_0 > -0.527 AND feature_0 <= 2.152,1.281,0.48,0.86,2.14,3,0.29,0.37,1.272,2.0,0.42,CT on D,10,
feature_7 <= 1.921,0.827,0.61,1.0,1.83,1,0.19,0.36,0.825,1.0,0.39,CT on D,10,
feature_7 <= 1.921 AND feature_0 > -0.527 AND feature_0 <= 2.152 AND feature_1 <= 0.698 AND feature_0 > 1.534,2.425,0.03,0.88,3.3,5,0.56,0.35,2.349,3.0,0.44,CT on D,10,
feature_7 <= 1.921 AND feature_0 > -0.527 AND feature_0 <= 2.152 AND feature_1 > 0.698,2.067,0.15,1.32,3.39,4,0.47,0.34,2.022,3.0,0.42,CT on D,10,
feature_0 > -0.803 AND feature_1 <= 1.644 AND feature_1 > 0.401 AND feature_0 > 1.147 AND feature_3 <= -0.185,4.538,0.02,0.88,5.41,5,1.0,0.61,2.892,3.0,0.61,CT on P,1,
feature_0 > -0.803 AND feature_1 <= 1.644 AND feature_1 > 0.401 AND feature_0 > 1.147 AND feature_3 <= -0.185,4.538,0.02,0.88,5.41,5,1.0,0.61,2.892,3.0,0.61,CT on P,3,
feature_0 > -0.803,1.169,0.79,0.88,2.05,1,0.26,0.47,1.189,1.0,0.56,CT on P,3,
feature_0 > -0.803 AND feature_1 > 1.644 AND feature_4 <= -0.376,3.492,0.02,0.68,4.17,3,0.77,0.47,2.57,3.0,0.54,CT on P,3,
feature_0 > -0.803 AND feature_1 <= 1.644 AND feature_1 > 0.401 AND feature_0 > 1.147 AND feature_3 <= -0.185,4.538,0.02,0.88,5.41,5,1.0,0.61,2.892,3.0,0.6,CT on P,5,
feature_0 > -0.803,1.169,0.79,0.88,2.05,1,0.26,0.47,1.189,1.0,0.56,CT on P,5,
feature_0 > -0.803 AND feature_1 > 1.644 AND feature_4 <= -0.376,3.492,0.02,0.68,4.17,3,0.77,0.47,2.57,3.0,0.54,CT on P,5,
feature_0 > -0.803 AND feature_1 <= 1.644 AND feature_1 > 0.401 AND feature_0 > 1.147,3.382,0.04,1.48,4.86,4,0.75,0.46,2.908,2.0,0.62,CT on P,5,
feature_0 > -0.803 AND feature_1 <= 1.644,1.077,0.75,0.84,1.91,2,0.24,0.44,1.11,2.0,0.53,CT on P,5,
feature_0 > -0.803 AND feature_1 <= 1.644 AND feature_1 > 0.401 AND feature_0 > 1.147 AND feature_3 <= -0.185,4.538,0.02,0.88,5.41,5,1.0,0.61,2.892,3.0,0.6,CT on P,7,
feature_0 > -0.803,1.169,0.79,0.88,2.05,1,0.26,0.47,1.189,1.0,0.56,CT on P,7,
feature_0 > -0.803 AND feature_1 > 1.644 AND feature_4 <= -0.376,3.492,0.02,0.68,4.17,3,0.77,0.47,2.57,3.0,0.54,CT on P,7,
feature_0 > -0.803 AND feature_1 <= 1.644 AND feature_1 > 0.401 AND feature_0 > 1.147,3.382,0.04,1.48,4.86,4,0.75,0.46,2.908,2.0,0.61,CT on P,7,
feature_0 > -0.803 AND feature_1 <= 1.644,1.077,0.75,0.84,1.91,2,0.24,0.44,1.11,2.0,0.53,CT on P,7,
feature_0 > -0.803 AND feature_1 > 1.644,2.844,0.04,1.62,4.46,2,0.63,0.39,2.613,2.0,0.55,CT on P,7,
feature_0 > -0.803 AND feature_1 <= 1.644 AND feature_1 > 0.401 AND feature_0 > 1.147 AND feature_3 > -0.185,2.462,0.02,1.97,4.43,5,0.54,0.33,2.921,3.0,0.61,CT on P,7,
feature_0 > -0.803 AND feature_1 <= 1.644 AND feature_1 > 0.401 AND feature_0 > 1.147 AND feature_3 <= -0.185,4.538,0.02,0.88,5.41,5,1.0,0.61,2.892,3.0,0.6,CT on P,10,
feature_0 > -0.803,1.169,0.79,0.88,2.05,1,0.26,0.47,1.189,1.0,0.56,CT on P,10,
feature_0 > -0.803 AND feature_1 > 1.644 AND feature_4 <= -0.376,3.492,0.02,0.68,4.17,3,0.77,0.47,2.57,3.0,0.54,CT on P,10,
feature_0 > -0.803 AND feature_1 <= 1.644 AND feature_1 > 0.401 AND feature_0 > 1.147,3.382,0.04,1.48,4.86,4,0.75,0.46,2.908,2.0,0.61,CT on P,10,
feature_0 > -0.803 AND feature_1 <= 1.644,1.077,0.75,0.84,1.91,2,0.24,0.44,1.11,2.0,0.53,CT on P,10,
feature_0 > -0.803 AND feature_1 > 1.644,2.844,0.04,1.62,4.46,2,0.63,0.39,2.613,2.0,0.55,CT on P,10,
feature_0 > -0.803 AND feature_1 <= 1.644 AND feature_1 > 0.401 AND feature_0 > 1.147 AND feature_3 > -0.185,2.462,0.02,1.97,4.43,5,0.54,0.33,2.921,3.0,0.61,CT on P,10,
feature_0 > -0.803 AND feature_1 > 1.644 AND feature_4 > -0.376,2.428,0.03,2.23,4.66,3,0.54,0.33,2.636,3.0,0.55,CT on P,10,
feature_0 > -0.803 AND feature_1 <= 1.644 AND feature_1 <= 0.401,0.852,0.51,0.65,1.51,3,0.19,0.32,0.878,2.0,0.38,CT on P,10,
feature_0 > -0.803 AND feature_1 <= 1.644 AND feature_1 <= 0.401 AND feature_0 > -0.425,1.062,0.43,0.58,1.64,4,0.23,0.31,1.051,2.0,0.39,CT on P,10,
feature_0 <= -0.534 AND feature_9 <= -0.779 AND feature_4 > 0.979 AND feature_7 > 0.448,65.676,0.0,,,4,1.0,0.6,0.386,4.0,0.6,CF,1,6.07
feature_0 <= -0.534 AND feature_9 <= -0.779 AND feature_4 > 0.979 AND feature_7 > 0.448,65.676,0.0,,,4,1.0,0.6,0.386,4.0,0.31,CF,3,6.07
feature_0 <= 1.116 AND feature_0 > -1.332 AND feature_8 > -1.074,0.762,0.61,,,3,0.01,0.25,0.745,2.0,0.84,CF,3,6.07
feature_0 <= 1.481,0.73,0.6,,,1,0.01,0.25,0.676,1.0,0.78,CF,3,6.07
feature_0 <= -0.534 AND feature_9 <= -0.779 AND feature_4 > 0.979 AND feature_7 > 0.448,65.676,0.0,,,4,1.0,0.6,0.386,4.0,0.31,CF,5,6.07
feature_0 <= 1.116 AND feature_0 > -1.332 AND feature_8 > -1.074,0.762,0.61,,,3,0.01,0.25,0.745,2.0,0.84,CF,5,6.07
feature_0 <= 1.481,0.73,0.6,,,1,0.01,0.25,0.676,1.0,0.78,CF,5,6.07
feature_0 <= 1.485,0.571,0.6,,,1,0.01,0.25,0.678,1.0,0.79,CF,5,6.07
feature_0 <= 1.357,0.843,0.59,,,1,0.01,0.24,0.644,1.0,0.75,CF,5,6.07
feature_0 <= -0.534 AND feature_9 <= -0.779 AND feature_4 > 0.979 AND feature_7 > 0.448,65.676,0.0,,,4,1.0,0.6,0.386,4.0,0.31,CF,7,6.07
feature_0 <= 1.116 AND feature_0 > -1.332 AND feature_8 > -1.074,0.762,0.61,,,3,0.01,0.25,0.745,2.0,0.84,CF,7,6.07
feature_0 <= 1.481,0.73,0.6,,,1,0.01,0.25,0.676,1.0,0.78,CF,7,6.07
feature_0 <= 1.485,0.571,0.6,,,1,0.01,0.25,0.678,1.0,0.79,CF,7,6.07
feature_0 <= 1.357,0.843,0.59,,,1,0.01,0.24,0.644,1.0,0.75,CF,7,6.07
feature_0 <= 1.313,0.785,0.59,,,1,0.01,0.24,0.632,1.0,0.74,CF,7,6.07
feature_0 <= 1.303,0.739,0.59,,,1,0.01,0.24,0.629,1.0,0.74,CF,7,6.07
feature_0 <= -0.534 AND feature_9 <= -0.779 AND feature_4 > 0.979 AND feature_7 > 0.448,65.676,0.0,,,4,1.0,0.6,0.386,4.0,0.31,CF,10,6.07
feature_0 <= 1.116 AND feature_0 > -1.332 AND feature_8 > -1.074,0.762,0.61,,,3,0.01,0.25,0.745,2.0,0.84,CF,10,6.07
feature_0 <= 1.481,0.73,0.6,,,1,0.01,0.25,0.676,1.0,0.78,CF,10,6.07
feature_0 <= 1.485,0.571,0.6,,,1,0.01,0.25,0.678,1.0,0.79,CF,10,6.07
feature_0 <= 1.357,0.843,0.59,,,1,0.01,0.24,0.644,1.0,0.75,CF,10,6.07
feature_0 <= 1.313,0.785,0.59,,,1,0.01,0.24,0.632,1.0,0.74,CF,10,6.07
feature_0 <= 1.303,0.739,0.59,,,1,0.01,0.24,0.629,1.0,0.74,CF,10,6.07
feature_0 <= 1.319,0.694,0.59,,,1,0.01,0.24,0.633,1.0,0.75,CF,10,6.07
feature_0 <= 1.302,0.679,0.59,,,1,0.01,0.24,0.629,1.0,0.74,CF,10,6.07
feature_0 <= 1.32,0.641,0.59,,,1,0.01,0.24,0.634,1.0,0.75,CF,10,6.07
feature_0 > 0.367 AND feature_0 > 1.33 AND feature_1 > 0.622 AND feature_1 > 1.09,3.246,0.01,,,4,1.0,0.6,3.653,2.0,0.6,CF SingleTree,1,0.59
feature_0 > 0.367 AND feature_0 > 1.33 AND feature_1 > 0.622 AND feature_1 > 1.09,3.246,0.01,,,4,1.0,0.6,3.653,2.0,0.6,CF SingleTree,3,0.59
feature_0 > 0.367 AND feature_0 > 1.33 AND feature_1 > 0.622,3.051,0.03,,,3,0.94,0.58,3.318,2.0,0.56,CF SingleTree,3,0.59
feature_0 > 0.367 AND feature_0 > 1.33 AND feature_1 > 0.622 AND feature_1 <= 1.09,2.867,0.01,,,4,0.88,0.53,3.002,2.0,0.5,CF SingleTree,3,0.59
feature_0 > 0.367 AND feature_0 > 1.33 AND feature_1 > 0.622 AND feature_1 > 1.09,3.246,0.01,,,4,1.0,0.6,3.653,2.0,0.6,CF SingleTree,5,0.59
feature_0 > 0.367 AND feature_0 > 1.33 AND feature_1 > 0.622,3.051,0.03,,,3,0.94,0.58,3.318,2.0,0.56,CF SingleTree,5,0.59
feature_0 > 0.367 AND feature_0 > 1.33 AND feature_1 > 0.622 AND feature_1 <= 1.09,2.867,0.01,,,4,0.88,0.53,3.002,2.0,0.5,CF SingleTree,5,0.59
feature_0 > 0.367 AND feature_0 > 1.33,2.455,0.09,,,2,0.76,0.49,2.631,1.0,0.47,CF SingleTree,5,0.59
feature_0 > 0.367 AND feature_0 > 1.33 AND feature_1 <= 0.622 AND feature_0 > 1.85,2.553,0.02,,,4,0.79,0.48,2.791,2.0,0.47,CF SingleTree,5,0.59
feature_0 > 0.367 AND feature_0 > 1.33 AND feature_1 > 0.622 AND feature_1 > 1.09,3.246,0.01,,,4,1.0,0.6,3.653,2.0,0.6,CF SingleTree,7,0.59
feature_0 > 0.367 AND feature_0 > 1.33 AND feature_1 > 0.622,3.051,0.03,,,3,0.94,0.58,3.318,2.0,0.56,CF SingleTree,7,0.59
feature_0 > 0.367 AND feature_0 > 1.33 AND feature_1 > 0.622 AND feature_1 <= 1.09,2.867,0.01,,,4,0.88,0.53,3.002,2.0,0.5,CF SingleTree,7,0.59
feature_0 > 0.367 AND feature_0 > 1.33,2.455,0.09,,,2,0.76,0.49,2.631,1.0,0.47,CF SingleTree,7,0.59
feature_0 > 0.367 AND feature_0 > 1.33 AND feature_1 <= 0.622 AND feature_0 > 1.85,2.553,0.02,,,4,0.79,0.48,2.791,2.0,0.47,CF SingleTree,7,0.59
feature_0 > 0.367 AND feature_0 > 1.33 AND feature_1 <= 0.622,2.205,0.06,,,3,0.68,0.43,2.342,2.0,0.41,CF SingleTree,7,0.59
feature_0 > 0.367,1.689,0.29,,,1,0.52,0.43,1.87,1.0,0.42,CF SingleTree,7,0.59
feature_0 > 0.367 AND feature_0 > 1.33 AND feature_1 > 0.622 AND feature_1 > 1.09,3.246,0.01,,,4,1.0,0.6,3.653,2.0,0.6,CF SingleTree,10,0.59
feature_0 > 0.367 AND feature_0 > 1.33 AND feature_1 > 0.622,3.051,0.03,,,3,0.94,0.58,3.318,2.0,0.56,CF SingleTree,10,0.59
feature_0 > 0.367 AND feature_0 > 1.33 AND feature_1 > 0.622 AND feature_1 <= 1.09,2.867,0.01,,,4,0.88,0.53,3.002,2.0,0.5,CF SingleTree,10,0.59
feature_0 > 0.367 AND feature_0 > 1.33,2.455,0.09,,,2,0.76,0.49,2.631,1.0,0.47,CF SingleTree,10,0.59
feature_0 > 0.367 AND feature_0 > 1.33 AND feature_1 <= 0.622 AND feature_0 > 1.85,2.553,0.02,,,4,0.79,0.48,2.791,2.0,0.47,CF SingleTree,10,0.59
feature_0 > 0.367 AND feature_0 > 1.33 AND feature_1 <= 0.622,2.205,0.06,,,3,0.68,0.43,2.342,2.0,0.41,CF SingleTree,10,0.59
feature_0 > 0.367,1.689,0.29,,,1,0.52,0.43,1.87,1.0,0.42,CF SingleTree,10,0.59
feature_0 > 0.367 AND feature_0 <= 1.33 AND feature_1 > 0.806 AND feature_0 > 0.913,2.244,0.02,,,4,0.69,0.42,2.73,2.0,0.46,CF SingleTree,10,0.59
feature_0 > 0.367 AND feature_0 > 1.33 AND feature_1 <= 0.622 AND feature_0 <= 1.85,2.026,0.04,,,4,0.62,0.39,2.111,2.0,0.36,CF SingleTree,10,0.59
feature_0 > 0.367 AND feature_0 <= 1.33 AND feature_1 > 0.806,1.97,0.05,,,3,0.61,0.38,2.403,2.0,0.41,CF SingleTree,10,0.59
feature_3 > -1.067 AND feature_0 > 1.225 AND feature_1 > -1.065 AND feature_1 > 0.224 AND feature_6 <= -0.085,4.275,0.02,1.42,5.7,5,1.0,0.61,3.041,4.0,0.61,CT on D,1,
feature_3 > -1.067 AND feature_0 > 1.225 AND feature_1 > -1.065 AND feature_1 > 0.224 AND feature_6 <= -0.085,4.275,0.02,1.42,5.7,5,1.0,0.61,3.041,4.0,0.61,CT on D,3,
feature_3 > -1.067 AND feature_0 > 1.225 AND feature_1 > -1.065 AND feature_1 > 0.224,3.658,0.04,1.74,5.4,4,0.86,0.53,3.038,3.0,0.62,CT on D,3,
feature_3 > -1.067 AND feature_0 > 1.225 AND feature_1 > -1.065 AND feature_1 <= 0.224 AND feature_7 <= 0.485 AND feature_7 > -0.102,3.418,0.01,0.24,3.66,6,0.8,0.48,2.265,4.0,0.45,CT on D,3,
feature_3 > -1.067 AND feature_0 > 1.225 AND feature_1 > -1.065 AND feature_1 > 0.224 AND feature_6 <= -0.085,4.275,0.02,1.42,5.7,5,1.0,0.61,3.041,4.0,0.61,CT on D,5,
feature_3 > -1.067 AND feature_0 > 1.225 AND feature_1 > -1.065 AND feature_1 > 0.224,3.658,0.04,1.74,5.4,4,0.86,0.53,3.038,3.0,0.62,CT on D,5,
feature_3 > -1.067 AND feature_0 > 1.225 AND feature_1 > -1.065 AND feature_1 <= 0.224 AND feature_7 <= 0.485 AND feature_7 > -0.102,3.418,0.01,0.24,3.66,6,0.8,0.48,2.265,4.0,0.45,CT on D,5,
feature_3 <= -1.067 AND feature_1 > -0.67 AND feature_9 <= 1.009 AND feature_1 > 0.949 AND feature_2 > -0.002,3.197,0.01,0.37,3.57,5,0.75,0.45,1.452,4.0,0.29,CT on D,5,
feature_3 > -1.067 AND feature_0 > 1.225 AND feature_1 > -1.065 AND feature_1 > 0.224 AND feature_6 > -0.085,3.111,0.02,2.03,5.14,5,0.73,0.44,3.035,4.0,0.61,CT on D,5,
feature_3 > -1.067 AND feature_0 > 1.225 AND feature_1 > -1.065 AND feature_1 > 0.224 AND feature_6 <= -0.085,4.275,0.02,1.42,5.7,5,1.0,0.61,3.041,4.0,0.61,CT on D,7,
feature_3 > -1.067 AND feature_0 > 1.225 AND feature_1 > -1.065 AND feature_1 > 0.224,3.658,0.04,1.74,5.4,4,0.86,0.53,3.038,3.0,0.62,CT on D,7,
feature_3 > -1.067 AND feature_0 > 1.225 AND feature_1 > -1.065 AND feature_1 <= 0.224 AND feature_7 <= 0.485 AND feature_7 > -0.102,3.418,0.01,0.24,3.66,6,0.8,0.48,2.265,4.0,0.45,CT on D,7,
feature_3 <= -1.067 AND feature_1 > -0.67 AND feature_9 <= 1.009 AND feature_1 > 0.949 AND feature_2 > -0.002,3.197,0.01,0.37,3.57,5,0.75,0.45,1.452,4.0,0.29,CT on D,7,
feature_3 > -1.067 AND feature_0 > 1.225 AND feature_1 > -1.065 AND feature_1 > 0.224 AND feature_6 > -0.085,3.111,0.02,2.03,5.14,5,0.73,0.44,3.035,4.0,0.61,CT on D,7,
feature_3 > -1.067 AND feature_0 > 1.225 AND feature_1 > -1.065,2.853,0.08,1.43,4.29,3,0.67,0.43,2.602,3.0,0.55,CT on D,7,
feature_3 > -1.067 AND feature_0 > 1.225,2.777,0.09,1.28,4.06,2,0.65,0.43,2.508,2.0,0.53,CT on D,7,
feature_3 > -1.067 AND feature_0 > 1.225 AND feature_1 > -1.065 AND feature_1 > 0.224 AND feature_6 <= -0.085,4.275,0.02,1.42,5.7,5,1.0,0.61,3.041,4.0,0.61,CT on D,10,
feature_3 > -1.067 AND feature_0 > 1.225 AND feature_1 > -1.065 AND feature_1 > 0.224,3.658,0.04,1.74,5.4,4,0.86,0.53,3.038,3.0,0.62,CT on D,10,
feature_3 > -1.067 AND feature_0 > 1.225 AND feature_1 > -1.065 AND feature_1 <= 0.224 AND feature_7 <= 0.485 AND feature_7 > -0.102,3.418,0.01,0.24,3.66,6,0.8,0.48,2.265,4.0,0.45,CT on D,10,
feature_3 <= -1.067 AND feature_1 > -0.67 AND feature_9 <= 1.009 AND feature_1 > 0.949 AND feature_2 > -0.002,3.197,0.01,0.37,3.57,5,0.75,0.45,1.452,4.0,0.29,CT on D,10,
feature_3 > -1.067 AND feature_0 > 1.225 AND feature_1 > -1.065 AND feature_1 > 0.224 AND feature_6 > -0.085,3.111,0.02,2.03,5.14,5,0.73,0.44,3.035,4.0,0.61,CT on D,10,
feature_3 > -1.067 AND feature_0 > 1.225 AND feature_1 > -1.065,2.853,0.08,1.43,4.29,3,0.67,0.43,2.602,3.0,0.55,CT on D,10,
feature_3 > -1.067 AND feature_0 > 1.225,2.777,0.09,1.28,4.06,2,0.65,0.43,2.508,2.0,0.53,CT on D,10,
feature_3 <= -1.067 AND feature_1 > -0.67 AND feature_9 <= 1.009 AND feature_1 > 0.949,2.936,0.02,0.34,3.28,4,0.69,0.42,1.619,3.0,0.33,CT on D,10,
feature_3 <= -1.067 AND feature_1 > -0.67 AND feature_9 <= 1.009 AND feature_1 > 0.949 AND feature_2 <= -0.002,2.689,0.01,0.31,3.0,5,0.63,0.38,1.776,4.0,0.35,CT on D,10,
feature_3 > -1.067 AND feature_0 > 1.225 AND feature_1 > -1.065 AND feature_1 <= 0.224 AND feature_7 <= 0.485,2.632,0.03,1.05,3.68,5,0.62,0.38,2.22,4.0,0.45,CT on D,10,
feature_3 > -0.769 AND feature_0 > -0.535 AND feature_1 > 0.715 AND feature_4 <= -0.709 AND feature_7 <= 0.122,3.928,0.02,0.22,4.15,5,1.0,0.61,2.17,5.0,0.61,CT on P,1,
feature_3 > -0.769 AND feature_0 > -0.535 AND feature_1 > 0.715 AND feature_4 <= -0.709 AND feature_7 <= 0.122,3.928,0.02,0.22,4.15,5,1.0,0.61,2.17,5.0,0.53,CT on P,3,
feature_3 <= -0.769 AND feature_1 > -0.812 AND feature_4 <= 1.36 AND feature_0 > -0.195 AND feature_1 > 0.203 AND feature_0 > 0.588,3.675,0.02,0.48,4.15,6,0.94,0.57,2.495,4.0,0.61,CT on P,3,
feature_3 > -0.769 AND feature_0 > -0.535 AND feature_1 > 0.715 AND feature_4 <= -0.709,3.534,0.03,0.42,3.95,4,0.9,0.55,2.091,4.0,0.51,CT on P,3,
feature_3 > -0.769 AND feature_0 > -0.535 AND feature_1 > 0.715 AND feature_4 <= -0.709 AND feature_7 <= 0.122,3.928,0.02,0.22,4.15,5,1.0,0.61,2.17,5.0,0.53,CT on P,5,
feature_3 <= -0.769 AND feature_1 > -0.812 AND feature_4 <= 1.36 AND feature_0 > -0.195 AND feature_1 > 0.203 AND feature_0 > 0.588,3.675,0.02,0.48,4.15,6,0.94,0.57,2.495,4.0,0.61,CT on P,5,
feature_3 > -0.769 AND feature_0 > -0.535 AND feature_1 > 0.715 AND feature_4 <= -0.709,3.534,0.03,0.42,3.95,4,0.9,0.55,2.091,4.0,0.51,CT on P,5,
feature_3 > -0.769 AND feature_0 > -0.535 AND feature_1 > 0.715 AND feature_4 <= -0.709 AND feature_7 > 0.122,3.095,0.01,0.63,3.73,5,0.79,0.48,2.003,5.0,0.49,CT on P,5,
feature_3 > -0.769,0.917,0.79,1.1,2.02,1,0.23,0.46,0.791,1.0,0.51,CT on P,5,
feature_3 > -0.769 AND feature_0 > -0.535 AND feature_1 > 0.715 AND feature_4 <= -0.709 AND feature_7 <= 0.122,3.928,0.02,0.22,4.15,5,1.0,0.61,2.17,5.0,0.53,CT on P,7,
feature_3 <= -0.769 AND feature_1 > -0.812 AND feature_4 <= 1.36 AND feature_0 > -0.195 AND feature_1 > 0.203 AND feature_0 > 0.588,3.675,0.02,0.48,4.15,6,0.94,0.57,2.495,4.0,0.61,CT on P,7,
feature_3 > -0.769 AND feature_0 > -0.535 AND feature_1 > 0.715 AND feature_4 <= -0.709,3.534,0.03,0.42,3.95,4,0.9,0.55,2.091,4.0,0.51,CT on P,7,
feature_3 > -0.769 AND feature_0 > -0.535 AND feature_1 > 0.715 AND feature_4 <= -0.709 AND feature_7 > 0.122,3.095,0.01,0.63,3.73,5,0.79,0.48,2.003,5.0,0.49,CT on P,7,
feature_3 > -0.769,0.917,0.79,1.1,2.02,1,0.23,0.46,0.791,1.0,0.51,CT on P,7,
feature_3 > -0.769 AND feature_0 > -0.535,1.476,0.55,1.01,2.48,2,0.38,0.45,1.286,2.0,0.53,CT on P,7,
feature_3 <= -0.769 AND feature_1 > -0.812 AND feature_4 <= 1.36 AND feature_0 > -0.195 AND feature_1 > 0.203,2.709,0.05,0.37,3.08,5,0.69,0.43,1.96,4.0,0.49,CT on P,7,
feature_3 > -0.769 AND feature_0 > -0.535 AND feature_1 > 0.715 AND feature_4 <= -0.709 AND feature_7 <= 0.122,3.928,0.02,0.22,4.15,5,1.0,0.61,2.17,5.0,0.53,CT on P,10,
feature_3 <= -0.769 AND feature_1 > -0.812 AND feature_4 <= 1.36 AND feature_0 > -0.195 AND feature_1 > 0.203 AND feature_0 > 0.588,3.675,0.02,0.48,4.15,6,0.94,0.57,2.495,4.0,0.61,CT on P,10,
feature_3 > -0.769 AND feature_0 > -0.535 AND feature_1 > 0.715 AND feature_4 <= -0.709,3.534,0.03,0.42,3.95,4,0.9,0.55,2.091,4.0,0.51,CT on P,10,
feature_3 > -0.769 AND feature_0 > -0.535 AND feature_1 > 0.715 AND feature_4 <= -0.709 AND feature_7 > 0.122,3.095,0.01,0.63,3.73,5,0.79,0.48,2.003,5.0,0.49,CT on P,10,
feature_3 > -0.769,0.917,0.79,1.1,2.02,1,0.23,0.46,0.791,1.0,0.51,CT on P,10,
feature_3 > -0.769 AND feature_0 > -0.535,1.476,0.55,1.01,2.48,2,0.38,0.45,1.286,2.0,0.53,CT on P,10,
feature_3 <= -0.769 AND feature_1 > -0.812 AND feature_4 <= 1.36 AND feature_0 > -0.195 AND feature_1 > 0.203,2.709,0.05,0.37,3.08,5,0.69,0.43,1.96,4.0,0.49,CT on P,10,
feature_3 > -0.769 AND feature_0 > -0.535 AND feature_1 > 0.715 AND feature_4 > -0.709 AND feature_8 <= 0.96 AND feature_3 <= 1.114,2.63,0.06,0.96,3.59,6,0.67,0.43,2.013,5.0,0.51,CT on P,10,
feature_3 > -0.769 AND feature_0 > -0.535 AND feature_1 > 0.715,2.392,0.13,1.33,3.72,3,0.61,0.42,2.041,3.0,0.54,CT on P,10,
feature_3 > -0.769 AND feature_0 > -0.535 AND feature_1 <= 0.715 AND feature_0 > 0.559 AND feature_5 <= 1.538 AND feature_1 > -0.46,2.493,0.08,0.97,3.47,6,0.63,0.41,1.96,4.0,0.5,CT on P,10,
feature_0 <= 1.046 AND feature_1 <= -1.399 AND feature_9 <= 0.205 AND feature_9 <= -1.553,23.233,0.0,,,4,1.0,0.6,0.212,3.0,0.6,CF,1,5.84
feature_0 <= 1.046 AND feature_1 <= -1.399 AND feature_9 <= 0.205 AND feature_9 <= -1.553,23.233,0.0,,,4,1.0,0.6,0.212,3.0,0.22,CF,3,5.84
feature_0 <= 1.175,0.782,0.65,,,1,0.03,0.28,0.577,1.0,0.86,CF,3,5.84
feature_0 <= 1.17,0.696,0.65,,,1,0.03,0.28,0.575,1.0,0.86,CF,3,5.84
feature_0 <= 1.046 AND feature_1 <= -1.399 AND feature_9 <= 0.205 AND feature_9 <= -1.553,23.233,0.0,,,4,1.0,0.6,0.212,3.0,0.11,CF,5,5.84
feature_0 <= 1.175,0.782,0.65,,,1,0.03,0.28,0.577,1.0,0.56,CF,5,5.84
feature_0 <= 1.17,0.696,0.65,,,1,0.03,0.28,0.575,1.0,0.56,CF,5,5.84
feature_0 <= 1.232,0.653,0.65,,,1,0.03,0.28,0.596,1.0,0.57,CF,5,5.84
feature_0 > -0.791,1.206,0.6,,,1,0.05,0.27,1.165,1.0,0.84,CF,5,5.84
feature_0 <= 1.046 AND feature_1 <= -1.399 AND feature_9 <= 0.205 AND feature_9 <= -1.553,23.233,0.0,,,4,1.0,0.6,0.212,3.0,0.1,CF,7,5.84
feature_0 <= 1.175,0.782,0.65,,,1,0.03,0.28,0.577,1.0,0.54,CF,7,5.84
feature_0 <= 1.17,0.696,0.65,,,1,0.03,0.28,0.575,1.0,0.54,CF,7,5.84
feature_0 <= 1.232,0.653,0.65,,,1,0.03,0.28,0.596,1.0,0.55,CF,7,5.84
feature_0 > -0.791,1.206,0.6,,,1,0.05,0.27,1.165,1.0,0.81,CF,7,5.84
feature_0 > -0.653,1.427,0.58,,,1,0.06,0.27,1.229,1.0,0.83,CF,7,5.84
feature_0 <= 1.046,0.617,0.63,,,1,0.03,0.27,0.533,1.0,0.51,CF,7,5.84
feature_0 <= 1.046 AND feature_1 <= -1.399 AND feature_9 <= 0.205 AND feature_9 <= -1.553,23.233,0.0,,,4,1.0,0.6,0.212,3.0,0.1,CF,10,5.84
feature_0 <= 1.175,0.782,0.65,,,1,0.03,0.28,0.577,1.0,0.54,CF,10,5.84
feature_0 <= 1.17,0.696,0.65,,,1,0.03,0.28,0.575,1.0,0.54,CF,10,5.84
feature_0 <= 1.232,0.653,0.65,,,1,0.03,0.28,0.596,1.0,0.55,CF,10,5.84
feature_0 > -0.791,1.206,0.6,,,1,0.05,0.27,1.165,1.0,0.8,CF,10,5.84
feature_0 > -0.653,1.427,0.58,,,1,0.06,0.27,1.229,1.0,0.82,CF,10,5.84
feature_0 <= 1.046,0.617,0.63,,,1,0.03,0.27,0.533,1.0,0.51,CF,10,5.84
feature_0 > -0.656,1.389,0.58,,,1,0.06,0.27,1.228,1.0,0.82,CF,10,5.84
feature_0 > -0.636,1.454,0.57,,,1,0.06,0.27,1.237,1.0,0.82,CF,10,5.84
feature_0 > -0.619,1.437,0.57,,,1,0.06,0.27,1.247,1.0,0.83,CF,10,5.84
feature_0 > -0.122 AND feature_1 > 0.711 AND feature_0 > 0.346 AND feature_0 > 1.185,2.855,0.03,,,4,1.0,0.61,3.243,2.0,0.61,CF SingleTree,1,0.55
feature_0 > -0.122 AND feature_1 > 0.711 AND feature_0 > 0.346 AND feature_0 > 1.185,2.855,0.03,,,4,1.0,0.61,3.243,2.0,0.61,CF SingleTree,3,0.55
feature_0 > -0.122 AND feature_1 > 0.711 AND feature_0 > 0.346,2.497,0.08,,,3,0.87,0.56,2.608,2.0,0.51,CF SingleTree,3,0.55
feature_0 > -0.122 AND feature_1 > 0.711 AND feature_0 > 0.346 AND feature_0 <= 1.185,2.323,0.06,,,4,0.81,0.51,2.299,2.0,0.45,CF SingleTree,3,0.55
feature_0 > -0.122 AND feature_1 > 0.711 AND feature_0 > 0.346 AND feature_0 > 1.185,2.855,0.03,,,4,1.0,0.61,3.243,2.0,0.61,CF SingleTree,5,0.55
feature_0 > -0.122 AND feature_1 > 0.711 AND feature_0 > 0.346,2.497,0.08,,,3,0.87,0.56,2.608,2.0,0.51,CF SingleTree,5,0.55
feature_0 > -0.122 AND feature_1 > 0.711 AND feature_0 > 0.346 AND feature_0 <= 1.185,2.323,0.06,,,4,0.81,0.51,2.299,2.0,0.45,CF SingleTree,5,0.55
feature_0 > -0.122 AND feature_1 > 0.711,2.201,0.12,,,2,0.77,0.51,2.278,2.0,0.47,CF SingleTree,5,0.55
feature_0 > -0.122,1.518,0.45,,,1,0.53,0.5,1.512,1.0,0.46,CF SingleTree,5,0.55
feature_0 > -0.122 AND feature_1 > 0.711 AND feature_0 > 0.346 AND feature_0 > 1.185,2.855,0.03,,,4,1.0,0.61,3.243,2.0,0.61,CF SingleTree,7,0.55
feature_0 > -0.122 AND feature_1 > 0.711 AND feature_0 > 0.346,2.497,0.08,,,3,0.87,0.56,2.608,2.0,0.51,CF SingleTree,7,0.55
feature_0 > -0.122 AND feature_1 > 0.711 AND feature_0 > 0.346 AND feature_0 <= 1.185,2.323,0.06,,,4,0.81,0.51,2.299,2.0,0.45,CF SingleTree,7,0.55
feature_0 > -0.122 AND feature_1 > 0.711,2.201,0.12,,,2,0.77,0.51,2.278,2.0,0.47,CF SingleTree,7,0.55
feature_0 > -0.122,1.518,0.45,,,1,0.53,0.5,1.512,1.0,0.46,CF SingleTree,7,0.55
feature_0 > -0.122 AND feature_1 <= 0.711 AND feature_0 > 0.786 AND feature_0 > 1.884,2.115,0.02,,,4,0.74,0.45,2.82,2.0,0.53,CF SingleTree,7,0.55
feature_0 > -0.122 AND feature_1 <= 0.711,1.31,0.36,,,2,0.46,0.42,1.278,2.0,0.38,CF SingleTree,7,0.55
feature_0 > -0.122 AND feature_1 > 0.711 AND feature_0 > 0.346 AND feature_0 > 1.185,2.855,0.03,,,4,1.0,0.61,3.243,2.0,0.61,CF SingleTree,10,0.55
feature_0 > -0.122 AND feature_1 > 0.711 AND feature_0 > 0.346,2.497,0.08,,,3,0.87,0.56,2.608,2.0,0.51,CF SingleTree,10,0.55
feature_0 > -0.122 AND feature_1 > 0.711 AND feature_0 > 0.346 AND feature_0 <= 1.185,2.323,0.06,,,4,0.81,0.51,2.299,2.0,0.45,CF SingleTree,10,0.55
feature_0 > -0.122 AND feature_1 > 0.711,2.201,0.12,,,2,0.77,0.51,2.278,2.0,0.47,CF SingleTree,10,0.55
feature_0 > -0.122,1.518,0.45,,,1,0.53,0.5,1.512,1.0,0.46,CF SingleTree,10,0.55
feature_0 > -0.122 AND feature_1 <= 0.711 AND feature_0 > 0.786 AND feature_0 > 1.884,2.115,0.02,,,4,0.74,0.45,2.82,2.0,0.53,CF SingleTree,10,0.55
feature_0 > -0.122 AND feature_1 <= 0.711,1.31,0.36,,,2,0.46,0.42,1.278,2.0,0.38,CF SingleTree,10,0.55
feature_0 > -0.122 AND feature_1 <= 0.711 AND feature_0 > 0.786,1.661,0.15,,,3,0.58,0.41,1.921,2.0,0.42,CF SingleTree,10,0.55
feature_0 > -0.122 AND feature_1 > 0.711 AND feature_0 <= 0.346 AND feature_0 > 0.146,1.853,0.02,,,4,0.65,0.4,1.786,2.0,0.34,CF SingleTree,10,0.55
feature_0 > -0.122 AND feature_1 <= 0.711 AND feature_0 > 0.786 AND feature_0 <= 1.884,1.585,0.13,,,4,0.56,0.39,1.773,2.0,0.38,CF SingleTree,10,0.55
feature_8 <= 0.65 AND feature_0 > 0.022 AND feature_1 > 0.553 AND feature_5 <= 0.639 AND feature_0 > 0.515 AND feature_1 > 0.976,3.852,0.04,1.38,5.23,6,1.0,0.62,2.927,4.0,0.62,CT on D,1,
feature_8 <= 0.65 AND feature_0 > 0.022 AND feature_1 > 0.553 AND feature_5 <= 0.639 AND feature_0 > 0.515 AND feature_1 > 0.976,3.852,0.04,1.38,5.23,6,1.0,0.62,2.927,4.0,0.62,CT on D,3,
feature_8 <= 0.65 AND feature_0 > 0.022 AND feature_1 > 0.553 AND feature_5 <= 0.639 AND feature_0 > 0.515,3.315,0.07,1.2,4.51,5,0.86,0.54,2.657,4.0,0.57,CT on D,3,
feature_8 <= 0.65,0.73,0.97,1.02,1.75,1,0.19,0.5,0.799,1.0,0.55,CT on D,3,
feature_8 <= 0.65 AND feature_0 > 0.022 AND feature_1 > 0.553 AND feature_5 <= 0.639 AND feature_0 > 0.515 AND feature_1 > 0.976,3.852,0.04,1.38,5.23,6,1.0,0.62,2.927,4.0,0.62,CT on D,5,
feature_8 <= 0.65 AND feature_0 > 0.022 AND feature_1 > 0.553 AND feature_5 <= 0.639 AND feature_0 > 0.515,3.315,0.07,1.2,4.51,5,0.86,0.54,2.657,4.0,0.57,CT on D,5,
feature_8 <= 0.65,0.73,0.97,1.02,1.75,1,0.19,0.5,0.799,1.0,0.55,CT on D,5,
feature_8 <= 0.65 AND feature_0 > 0.022 AND feature_1 > 0.553 AND feature_5 <= 0.639,2.723,0.11,1.07,3.79,4,0.71,0.47,2.308,4.0,0.52,CT on D,5,
feature_8 > 0.65 AND feature_0 > 0.357 AND feature_2 > -0.255 AND feature_6 <= 0.954 AND feature_1 > 0.871,2.912,0.0,1.47,4.38,5,0.76,0.45,2.539,5.0,0.52,CT on D,5,
feature_8 <= 0.65 AND feature_0 > 0.022 AND feature_1 > 0.553 AND feature_5 <= 0.639 AND feature_0 > 0.515 AND feature_1 > 0.976,3.852,0.04,1.38,5.23,6,1.0,0.62,2.927,4.0,0.62,CT on D,7,
feature_8 <= 0.65 AND feature_0 > 0.022 AND feature_1 > 0.553 AND feature_5 <= 0.639 AND feature_0 > 0.515,3.315,0.07,1.2,4.51,5,0.86,0.54,2.657,4.0,0.57,CT on D,7,
feature_8 <= 0.65,0.73,0.97,1.02,1.75,1,0.19,0.5,0.799,1.0,0.55,CT on D,7,
feature_8 <= 0.65 AND feature_0 > 0.022 AND feature_1 > 0.553 AND feature_5 <= 0.639,2.723,0.11,1.07,3.79,4,0.71,0.47,2.308,4.0,0.52,CT on D,7,
feature_8 > 0.65 AND feature_0 > 0.357 AND feature_2 > -0.255 AND feature_6 <= 0.954 AND feature_1 > 0.871,2.912,0.0,1.47,4.38,5,0.76,0.45,2.539,5.0,0.52,CT on D,7,
feature_8 <= 0.65 AND feature_0 > 0.022,1.582,0.48,0.91,2.49,2,0.41,0.44,1.622,2.0,0.52,CT on D,7,
feature_8 <= 0.65 AND feature_0 > 0.022 AND feature_1 > 0.553,2.396,0.14,1.34,3.73,3,0.62,0.43,2.313,3.0,0.53,CT on D,7,
feature_8 <= 0.65 AND feature_0 > 0.022 AND feature_1 > 0.553 AND feature_5 <= 0.639 AND feature_0 > 0.515 AND feature_1 > 0.976,3.852,0.04,1.38,5.23,6,1.0,0.62,2.927,4.0,0.62,CT on D,10,
feature_8 <= 0.65 AND feature_0 > 0.022 AND feature_1 > 0.553 AND feature_5 <= 0.639 AND feature_0 > 0.515,3.315,0.07,1.2,4.51,5,0.86,0.54,2.657,4.0,0.57,CT on D,10,
feature_8 <= 0.65,0.73,0.97,1.02,1.75,1,0.19,0.5,0.799,1.0,0.55,CT on D,10,
feature_8 <= 0.65 AND feature_0 > 0.022 AND feature_1 > 0.553 AND feature_5 <= 0.639,2.723,0.11,1.07,3.79,4,0.71,0.47,2.308,4.0,0.52,CT on D,10,
feature_8 > 0.65 AND feature_0 > 0.357 AND feature_2 > -0.255 AND feature_6 <= 0.954 AND feature_1 > 0.871,2.912,0.0,1.47,4.38,5,0.76,0.45,2.539,5.0,0.52,CT on D,10,
feature_8 <= 0.65 AND feature_0 > 0.022,1.582,0.48,0.91,2.49,2,0.41,0.44,1.622,2.0,0.52,CT on D,10,
feature_8 <= 0.65 AND feature_0 > 0.022 AND feature_1 > 0.553,2.396,0.14,1.34,3.73,3,0.62,0.43,2.313,3.0,0.53,CT on D,10,
feature_8 <= 0.65 AND feature_0 > 0.022 AND feature_1 > 0.553 AND feature_5 <= 0.639 AND feature_0 > 0.515 AND feature_1 <= 0.976,2.636,0.03,0.97,3.61,6,0.68,0.42,2.319,4.0,0.49,CT on D,10,
feature_8 > 0.65 AND feature_0 > 0.357 AND feature_2 > -0.255 AND feature_6 > 0.954,2.694,0.0,0.18,2.87,4,0.7,0.42,1.9,4.0,0.39,CT on D,10,
feature_8 <= 0.65 AND feature_0 > 0.022 AND feature_1 <= 0.553 AND feature_0 > 0.84 AND feature_7 > -0.714 AND feature_7 <= 0.09,2.551,0.05,0.35,2.9,6,0.66,0.42,1.921,4.0,0.41,CT on D,10,
feature_4 > -2.059 AND feature_0 > 0.857 AND feature_1 > 0.988 AND feature_8 <= -0.337,5.029,0.02,1.46,6.49,4,1.0,0.61,3.234,4.0,0.61,CT on P,1,
feature_4 > -2.059 AND feature_0 > 0.857 AND feature_1 > 0.988 AND feature_8 <= -0.337,5.029,0.02,1.46,6.49,4,1.0,0.61,3.234,4.0,0.61,CT on P,3,
feature_4 > -2.059 AND feature_0 > 0.857 AND feature_1 > 0.988,4.111,0.03,1.62,5.73,3,0.82,0.5,3.181,3.0,0.6,CT on P,3,
feature_4 > -2.059,0.746,0.98,1.02,1.76,1,0.15,0.48,0.805,1.0,0.54,CT on P,3,
feature_4 > -2.059 AND feature_0 > 0.857 AND feature_1 > 0.988 AND feature_8 <= -0.337,5.029,0.02,1.46,6.49,4,1.0,0.61,3.234,4.0,0.61,CT on P,5,
feature_4 > -2.059 AND feature_0 > 0.857 AND feature_1 > 0.988,4.111,0.03,1.62,5.73,3,0.82,0.5,3.181,3.0,0.6,CT on P,5,
feature_4 > -2.059,0.746,0.98,1.02,1.76,1,0.15,0.48,0.805,1.0,0.54,CT on P,5,
feature_4 > -2.059 AND feature_0 <= 0.857 AND feature_0 > -0.806 AND feature_1 > 0.76 AND feature_5 <= 0.637 AND feature_0 > 0.561,3.466,0.01,1.14,4.61,6,0.69,0.42,2.303,4.0,0.43,CT on P,5,
feature_4 > -2.059 AND feature_0 > 0.857 AND feature_1 > 0.988 AND feature_8 > -0.337,3.281,0.02,1.76,5.04,4,0.65,0.4,3.154,4.0,0.59,CT on P,5,
feature_4 > -2.059 AND feature_0 > 0.857 AND feature_1 > 0.988 AND feature_8 <= -0.337,5.029,0.02,1.46,6.49,4,1.0,0.61,3.234,4.0,0.61,CT on P,7,
feature_4 > -2.059 AND feature_0 > 0.857 AND feature_1 > 0.988,4.111,0.03,1.62,5.73,3,0.82,0.5,3.181,3.0,0.6,CT on P,7,
feature_4 > -2.059,0.746,0.98,1.02,1.76,1,0.15,0.48,0.805,1.0,0.54,CT on P,7,
feature_4 > -2.059 AND feature_0 <= 0.857 AND feature_0 > -0.806 AND feature_1 > 0.76 AND feature_5 <= 0.637 AND feature_0 > 0.561,3.466,0.01,1.14,4.61,6,0.69,0.42,2.303,4.0,0.43,CT on P,7,
feature_4 > -2.059 AND feature_0 > 0.857 AND feature_1 > 0.988 AND feature_8 > -0.337,3.281,0.02,1.76,5.04,4,0.65,0.4,3.154,4.0,0.59,CT on P,7,
feature_4 > -2.059 AND feature_0 > 0.857 AND feature_1 <= 0.988 AND feature_7 > -0.594 AND feature_3 <= 0.604 AND feature_8 <= -0.072,2.839,0.06,-0.02,2.82,6,0.56,0.36,2.054,6.0,0.41,CT on P,7,
feature_4 > -2.059 AND feature_0 <= 0.857,0.374,0.79,1.05,1.42,2,0.07,0.36,0.465,2.0,0.4,CT on P,7,
feature_4 > -2.059 AND feature_0 > 0.857 AND feature_1 > 0.988 AND feature_8 <= -0.337,5.029,0.02,1.46,6.49,4,1.0,0.61,3.234,4.0,0.61,CT on P,10,
feature_4 > -2.059 AND feature_0 > 0.857 AND feature_1 > 0.988,4.111,0.03,1.62,5.73,3,0.82,0.5,3.181,3.0,0.6,CT on P,10,
feature_4 > -2.059,0.746,0.98,1.02,1.76,1,0.15,0.48,0.805,1.0,0.54,CT on P,10,
feature_4 > -2.059 AND feature_0 <= 0.857 AND feature_0 > -0.806 AND feature_1 > 0.76 AND feature_5 <= 0.637 AND feature_0 > 0.561,3.466,0.01,1.14,4.61,6,0.69,0.42,2.303,4.0,0.43,CT on P,10,
feature_4 > -2.059 AND feature_0 > 0.857 AND feature_1 > 0.988 AND feature_8 > -0.337,3.281,0.02,1.76,5.04,4,0.65,0.4,3.154,4.0,0.59,CT on P,10,
feature_4 > -2.059 AND feature_0 > 0.857 AND feature_1 <= 0.988 AND feature_7 > -0.594 AND feature_3 <= 0.604 AND feature_8 <= -0.072,2.839,0.06,-0.02,2.82,6,0.56,0.36,2.054,6.0,0.41,CT on P,10,
feature_4 > -2.059 AND feature_0 <= 0.857,0.374,0.79,1.05,1.42,2,0.07,0.36,0.465,2.0,0.4,CT on P,10,
feature_4 > -2.059 AND feature_0 <= 0.857 AND feature_0 <= -0.806 AND feature_1 <= -0.975 AND feature_5 <= -0.019,2.921,0.02,2.35,-0.57,5,0.58,0.36,1.118,4.0,0.22,CT on P,10,
feature_4 > -2.059 AND feature_0 > 0.857,2.321,0.19,0.9,3.22,2,0.46,0.35,2.248,2.0,0.49,CT on P,10,
feature_4 > -2.059 AND feature_0 > 0.857 AND feature_1 <= 0.988 AND feature_7 > -0.594 AND feature_3 <= 0.604,2.539,0.08,0.24,2.78,5,0.5,0.33,2.067,5.0,0.42,CT on P,10,
feature_0 > 0.463 AND feature_1 > 0.986 AND feature_1 > 2.122 AND feature_0 > 1.48,58.161,0.0,,,4,1.0,0.6,4.46,2.0,0.6,CF,1,5.37
feature_0 > 0.463 AND feature_1 > 0.986 AND feature_1 > 2.122 AND feature_0 > 1.48,58.161,0.0,,,4,1.0,0.6,4.46,2.0,0.6,CF,3,5.37
feature_0 <= 1.373,0.357,0.67,,,1,0.01,0.27,0.631,1.0,0.35,CF,3,5.37
feature_0 <= 1.153,0.627,0.65,,,1,0.01,0.27,0.566,1.0,0.34,CF,3,5.37
feature_0 > 0.463 AND feature_1 > 0.986 AND feature_1 > 2.122 AND feature_0 > 1.48,58.161,0.0,,,4,1.0,0.6,4.46,2.0,0.6,CF,5,5.37
feature_0 <= 1.373,0.357,0.67,,,1,0.01,0.27,0.631,1.0,0.35,CF,5,5.37
feature_0 <= 1.153,0.627,0.65,,,1,0.01,0.27,0.566,1.0,0.34,CF,5,5.37
feature_0 <= 1.159,0.518,0.65,,,1,0.01,0.27,0.568,1.0,0.34,CF,5,5.37
feature_0 > -1.079,0.891,0.64,,,1,0.02,0.27,1.071,1.0,0.4,CF,5,5.37
feature_0 > 0.463 AND feature_1 > 0.986 AND feature_1 > 2.122 AND feature_0 > 1.48,58.161,0.0,,,4,1.0,0.6,4.46,2.0,0.6,CF,7,5.37
feature_0 <= 1.373,0.357,0.67,,,1,0.01,0.27,0.631,1.0,0.35,CF,7,5.37
feature_0 <= 1.153,0.627,0.65,,,1,0.01,0.27,0.566,1.0,0.34,CF,7,5.37
feature_0 <= 1.159,0.518,0.65,,,1,0.01,0.27,0.568,1.0,0.34,CF,7,5.37
feature_0 > -1.079,0.891,0.64,,,1,0.02,0.27,1.071,1.0,0.4,CF,7,5.37
feature_0 <= 1.237,0.479,0.65,,,1,0.01,0.26,0.588,1.0,0.34,CF,7,5.37
feature_0 > -0.986,1.132,0.63,,,1,0.02,0.26,1.103,1.0,0.4,CF,7,5.37
feature_0 > 0.463 AND feature_1 > 0.986 AND feature_1 > 2.122 AND feature_0 > 1.48,58.161,0.0,,,4,1.0,0.6,4.46,2.0,0.6,CF,10,5.37
feature_0 <= 1.373,0.357,0.67,,,1,0.01,0.27,0.631,1.0,0.35,CF,10,5.37
feature_0 <= 1.153,0.627,0.65,,,1,0.01,0.27,0.566,1.0,0.34,CF,10,5.37
feature_0 <= 1.159,0.518,0.65,,,1,0.01,0.27,0.568,1.0,0.34,CF,10,5.37
feature_0 > -1.079,0.891,0.64,,,1,0.02,0.27,1.071,1.0,0.4,CF,10,5.37
feature_0 <= 1.237,0.479,0.65,,,1,0.01,0.26,0.588,1.0,0.34,CF,10,5.37
feature_0 > -0.986,1.132,0.63,,,1,0.02,0.26,1.103,1.0,0.4,CF,10,5.37
feature_0 > -0.905,1.089,0.62,,,1,0.02,0.26,1.135,1.0,0.4,CF,10,5.37
feature_0 > -0.899,1.088,0.61,,,1,0.02,0.26,1.138,1.0,0.4,CF,10,5.37
feature_0 > -0.835,1.082,0.61,,,1,0.02,0.26,1.166,1.0,0.4,CF,10,5.37
feature_0 > 0.038 AND feature_0 > 0.477 AND feature_1 > 0.825 AND feature_1 > 1.539,2.422,0.02,,,4,1.0,0.61,3.303,2.0,0.61,CF SingleTree,1,0.54
feature_0 > 0.038 AND feature_0 > 0.477 AND feature_1 > 0.825 AND feature_1 > 1.539,2.422,0.02,,,4,1.0,0.61,3.303,2.0,0.61,CF SingleTree,3,0.54
feature_0 > 0.038 AND feature_0 > 0.477 AND feature_1 > 0.825,2.065,0.07,,,3,0.85,0.54,2.776,2.0,0.53,CF SingleTree,3,0.54
feature_0 > 0.038 AND feature_0 > 0.477,1.618,0.27,,,2,0.67,0.51,1.955,1.0,0.46,CF SingleTree,3,0.54
feature_0 > 0.038 AND feature_0 > 0.477 AND feature_1 > 0.825 AND feature_1 > 1.539,2.422,0.02,,,4,1.0,0.61,3.303,2.0,0.61,CF SingleTree,5,0.54
feature_0 > 0.038 AND feature_0 > 0.477 AND feature_1 > 0.825,2.065,0.07,,,3,0.85,0.54,2.776,2.0,0.53,CF SingleTree,5,0.54
feature_0 > 0.038 AND feature_0 > 0.477,1.618,0.27,,,2,0.67,0.51,1.955,1.0,0.46,CF SingleTree,5,0.54
feature_0 > 0.038,1.385,0.4,,,1,0.57,0.5,1.635,1.0,0.46,CF SingleTree,5,0.54
feature_0 > 0.038 AND feature_0 > 0.477 AND feature_1 > 0.825 AND feature_1 <= 1.539,1.919,0.05,,,4,0.79,0.5,2.56,2.0,0.49,CF SingleTree,5,0.54
feature_0 > 0.038 AND feature_0 > 0.477 AND feature_1 > 0.825 AND feature_1 > 1.539,2.422,0.02,,,4,1.0,0.61,3.303,2.0,0.61,CF SingleTree,7,0.54
feature_0 > 0.038 AND feature_0 > 0.477 AND feature_1 > 0.825,2.065,0.07,,,3,0.85,0.54,2.776,2.0,0.53,CF SingleTree,7,0.54
feature_0 > 0.038 AND feature_0 > 0.477,1.618,0.27,,,2,0.67,0.51,1.955,1.0,0.46,CF SingleTree,7,0.54
feature_0 > 0.038,1.385,0.4,,,1,0.57,0.5,1.635,1.0,0.46,CF SingleTree,7,0.54
feature_0 > 0.038 AND feature_0 > 0.477 AND feature_1 > 0.825 AND feature_1 <= 1.539,1.919,0.05,,,4,0.79,0.5,2.56,2.0,0.49,CF SingleTree,7,0.54
feature_0 > 0.038 AND feature_0 > 0.477 AND feature_1 <= 0.825,1.492,0.22,,,3,0.62,0.46,1.723,2.0,0.4,CF SingleTree,7,0.54
feature_0 > 0.038 AND feature_0 > 0.477 AND feature_1 <= 0.825 AND feature_0 > 1.206,1.693,0.09,,,4,0.7,0.46,2.286,2.0,0.45,CF SingleTree,7,0.54
feature_0 > 0.038 AND feature_0 > 0.477 AND feature_1 > 0.825 AND feature_1 > 1.539,2.422,0.02,,,4,1.0,0.61,3.303,2.0,0.61,CF SingleTree,10,0.54
feature_0 > 0.038 AND feature_0 > 0.477 AND feature_1 > 0.825,2.065,0.07,,,3,0.85,0.54,2.776,2.0,0.53,CF SingleTree,10,0.54
feature_0 > 0.038 AND feature_0 > 0.477,1.618,0.27,,,2,0.67,0.51,1.955,1.0,0.46,CF SingleTree,10,0.54
feature_0 > 0.038,1.385,0.4,,,1,0.57,0.5,1.635,1.0,0.46,CF SingleTree,10,0.54
feature_0 > 0.038 AND feature_0 > 0.477 AND feature_1 > 0.825 AND feature_1 <= 1.539,1.919,0.05,,,4,0.79,0.5,2.56,2.0,0.49,CF SingleTree,10,0.54
feature_0 > 0.038 AND feature_0 > 0.477 AND feature_1 <= 0.825,1.492,0.22,,,3,0.62,0.46,1.723,2.0,0.4,CF SingleTree,10,0.54
feature_0 > 0.038 AND feature_0 > 0.477 AND feature_1 <= 0.825 AND feature_0 > 1.206,1.693,0.09,,,4,0.7,0.46,2.286,2.0,0.45,CF SingleTree,10,0.54
feature_0 > 0.038 AND feature_0 > 0.477 AND feature_1 <= 0.825 AND feature_0 <= 1.206,1.372,0.14,,,4,0.57,0.4,1.389,2.0,0.31,CF SingleTree,10,0.54
feature_0 > 0.038 AND feature_0 <= 0.477 AND feature_0 > 0.286 AND feature_1 > 0.803,1.464,0.01,,,4,0.6,0.37,2.034,2.0,0.37,CF SingleTree,10,0.54
feature_0 > 0.038 AND feature_0 <= 0.477 AND feature_0 > 0.286,1.143,0.07,,,3,0.47,0.31,1.185,1.0,0.24,CF SingleTree,10,0.54
feature_3 <= -0.33 AND feature_2 <= 0.394 AND feature_5 <= 0.669 AND feature_0 > -1.05 AND feature_0 > 0.344 AND feature_3 <= -1.291,3.135,0.0,-0.03,3.1,6,1.0,0.6,1.864,4.0,0.6,CT on D,1,
feature_3 <= -0.33 AND feature_2 <= 0.394 AND feature_5 <= 0.669 AND feature_0 > -1.05 AND feature_0 > 0.344 AND feature_3 <= -1.291,3.135,0.0,-0.03,3.1,6,1.0,0.6,1.864,4.0,0.6,CT on D,3,
feature_3 <= -0.33 AND feature_2 <= 0.394 AND feature_5 <= 0.669 AND feature_0 <= -1.05 AND feature_6 <= -0.32,2.483,0.02,1.32,-1.16,5,0.79,0.48,0.69,5.0,0.23,CT on D,3,
feature_3 <= -0.33 AND feature_2 <= 0.394 AND feature_5 > 0.669 AND feature_2 > -0.869 AND feature_0 > -0.739 AND feature_0 > -0.055,2.203,0.0,0.34,2.55,6,0.7,0.42,1.688,4.0,0.54,CT on D,3,
feature_3 <= -0.33 AND feature_2 <= 0.394 AND feature_5 <= 0.669 AND feature_0 > -1.05 AND feature_0 > 0.344 AND feature_3 <= -1.291,3.135,0.0,-0.03,3.1,6,1.0,0.6,1.864,4.0,0.6,CT on D,5,
feature_3 <= -0.33 AND feature_2 <= 0.394 AND feature_5 <= 0.669 AND feature_0 <= -1.05 AND feature_6 <= -0.32,2.483,0.02,1.32,-1.16,5,0.79,0.48,0.69,5.0,0.23,CT on D,5,
feature_3 <= -0.33 AND feature_2 <= 0.394 AND feature_5 > 0.669 AND feature_2 > -0.869 AND feature_0 > -0.739 AND feature_0 > -0.055,2.203,0.0,0.34,2.55,6,0.7,0.42,1.688,4.0,0.54,CT on D,5,
feature_3 > -0.33 AND feature_3 <= 2.258 AND feature_0 <= -0.535 AND feature_1 <= -0.506 AND feature_8 <= -0.179 AND feature_8 > -0.868,2.063,0.03,2.49,0.43,6,0.66,0.41,0.938,4.0,0.31,CT on D,5,
feature_3 <= -0.33 AND feature_2 <= 0.394 AND feature_5 <= 0.669 AND feature_0 > -1.05 AND feature_0 > 0.344,2.11,0.0,0.35,2.46,5,0.67,0.4,1.841,4.0,0.59,CT on D,5,
feature_3 <= -0.33 AND feature_2 <= 0.394 AND feature_5 <= 0.669 AND feature_0 > -1.05 AND feature_0 > 0.344 AND feature_3 <= -1.291,3.135,0.0,-0.03,3.1,6,1.0,0.6,1.864,4.0,0.59,CT on D,7,
feature_3 <= -0.33 AND feature_2 <= 0.394 AND feature_5 <= 0.669 AND feature_0 <= -1.05 AND feature_6 <= -0.32,2.483,0.02,1.32,-1.16,5,0.79,0.48,0.69,5.0,0.22,CT on D,7,
feature_3 <= -0.33 AND feature_2 <= 0.394 AND feature_5 > 0.669 AND feature_2 > -0.869 AND feature_0 > -0.739 AND feature_0 > -0.055,2.203,0.0,0.34,2.55,6,0.7,0.42,1.688,4.0,0.53,CT on D,7,
feature_3 > -0.33 AND feature_3 <= 2.258 AND feature_0 <= -0.535 AND feature_1 <= -0.506 AND feature_8 <= -0.179 AND feature_8 > -0.868,2.063,0.03,2.49,0.43,6,0.66,0.41,0.938,4.0,0.31,CT on D,7,
feature_3 <= -0.33 AND feature_2 <= 0.394 AND feature_5 <= 0.669 AND feature_0 > -1.05 AND feature_0 > 0.344,2.11,0.0,0.35,2.46,5,0.67,0.4,1.841,4.0,0.58,CT on D,7,
feature_3 > -0.33 AND feature_3 <= 2.258 AND feature_0 > -0.535 AND feature_1 > 0.05 AND feature_0 > -0.219 AND feature_9 <= 0.758,1.997,0.01,1.25,3.25,6,0.64,0.39,1.908,4.0,0.6,CT on D,7,
feature_3 > -0.33 AND feature_3 <= 2.258 AND feature_0 > -0.535 AND feature_1 > 0.05 AND feature_0 > -0.219,1.851,0.01,1.34,3.19,5,0.59,0.36,1.911,3.0,0.6,CT on D,7,
feature_3 <= -0.33 AND feature_2 <= 0.394 AND feature_5 <= 0.669 AND feature_0 > -1.05 AND feature_0 > 0.344 AND feature_3 <= -1.291,3.135,0.0,-0.03,3.1,6,1.0,0.6,1.864,4.0,0.59,CT on D,10,
feature_3 <= -0.33 AND feature_2 <= 0.394 AND feature_5 <= 0.669 AND feature_0 <= -1.05 AND feature_6 <= -0.32,2.483,0.02,1.32,-1.16,5,0.79,0.48,0.69,5.0,0.22,CT on D,10,
feature_3 <= -0.33 AND feature_2 <= 0.394 AND feature_5 > 0.669 AND feature_2 > -0.869 AND feature_0 > -0.739 AND feature_0 > -0.055,2.203,0.0,0.34,2.55,6,0.7,0.42,1.688,4.0,0.53,CT on D,10,
feature_3 > -0.33 AND feature_3 <= 2.258 AND feature_0 <= -0.535 AND feature_1 <= -0.506 AND feature_8 <= -0.179 AND feature_8 > -0.868,2.063,0.03,2.49,0.43,6,0.66,0.41,0.938,4.0,0.31,CT on D,10,
feature_3 <= -0.33 AND feature_2 <= 0.394 AND feature_5 <= 0.669 AND feature_0 > -1.05 AND feature_0 > 0.344,2.11,0.0,0.35,2.46,5,0.67,0.4,1.841,4.0,0.58,CT on D,10,
feature_3 > -0.33 AND feature_3 <= 2.258 AND feature_0 > -0.535 AND feature_1 > 0.05 AND feature_0 > -0.219 AND feature_9 <= 0.758,1.997,0.01,1.25,3.25,6,0.64,0.39,1.908,4.0,0.6,CT on D,10,
feature_3 > -0.33 AND feature_3 <= 2.258 AND feature_0 > -0.535 AND feature_1 > 0.05 AND feature_0 > -0.219,1.851,0.01,1.34,3.19,5,0.59,0.36,1.911,3.0,0.6,CT on D,10,
feature_3 <= -0.33 AND feature_2 > 0.394 AND feature_3 > -0.66 AND feature_3 <= -0.449 AND feature_2 <= 0.81,1.842,0.01,0.77,2.61,5,0.59,0.36,0.761,2.0,0.24,CT on D,10,
feature_3 <= -0.33 AND feature_2 <= 0.394 AND feature_5 > 0.669 AND feature_2 > -0.869 AND feature_0 > -0.739,1.805,0.02,0.29,2.1,5,0.58,0.35,1.291,4.0,0.41,CT on D,10,
feature_3 > -0.33 AND feature_3 <= 2.258 AND feature_0 > -0.535 AND feature_1 > 0.05,1.675,0.06,1.27,2.95,4,0.53,0.34,1.738,3.0,0.57,CT on D,10,
feature_3 <= -0.33 AND feature_5 <= 0.736 AND feature_5 > -1.199 AND feature_0 <= -0.791 AND feature_6 <= -0.604,2.359,0.03,1.76,-0.6,5,1.0,0.61,0.572,4.0,0.61,CT on P,1,
feature_3 <= -0.33 AND feature_5 <= 0.736 AND feature_5 > -1.199 AND feature_0 <= -0.791 AND feature_6 <= -0.604,2.359,0.03,1.76,-0.6,5,1.0,0.61,0.572,4.0,0.38,CT on P,3,
feature_3 > -0.33 AND feature_4 > -1.57 AND feature_0 <= -0.664 AND feature_1 > -0.506 AND feature_8 > 0.524 AND feature_0 <= -1.442,2.033,0.02,2.63,0.6,6,0.86,0.53,0.803,5.0,0.53,CT on P,3,
feature_3 > -0.33 AND feature_4 > -1.57 AND feature_0 <= -0.664 AND feature_1 <= -0.506 AND feature_8 <= -0.441,1.787,0.04,2.06,0.27,5,0.76,0.47,0.925,5.0,0.62,CT on P,3,
feature_3 <= -0.33 AND feature_5 <= 0.736 AND feature_5 > -1.199 AND feature_0 <= -0.791 AND feature_6 <= -0.604,2.359,0.03,1.76,-0.6,5,1.0,0.61,0.572,4.0,0.27,CT on P,5,
feature_3 > -0.33 AND feature_4 > -1.57 AND feature_0 <= -0.664 AND feature_1 > -0.506 AND feature_8 > 0.524 AND feature_0 <= -1.442,2.033,0.02,2.63,0.6,6,0.86,0.53,0.803,5.0,0.38,CT on P,5,
feature_3 > -0.33 AND feature_4 > -1.57 AND feature_0 <= -0.664 AND feature_1 <= -0.506 AND feature_8 <= -0.441,1.787,0.04,2.06,0.27,5,0.76,0.47,0.925,5.0,0.44,CT on P,5,
feature_3 > -0.33 AND feature_4 > -1.57 AND feature_0 > -0.664 AND feature_5 > 1.112,1.781,0.03,0.22,2.0,4,0.75,0.46,1.311,4.0,0.61,CT on P,5,
feature_3 > -0.33 AND feature_4 > -1.57 AND feature_0 <= -0.664 AND feature_1 <= -0.506 AND feature_8 > -0.441 AND feature_6 <= -0.151,1.394,0.04,1.84,0.45,6,0.59,0.37,0.967,6.0,0.46,CT on P,5,
feature_3 <= -0.33 AND feature_5 <= 0.736 AND feature_5 > -1.199 AND feature_0 <= -0.791 AND feature_6 <= -0.604,2.359,0.03,1.76,-0.6,5,1.0,0.61,0.572,4.0,0.27,CT on P,7,
feature_3 > -0.33 AND feature_4 > -1.57 AND feature_0 <= -0.664 AND feature_1 > -0.506 AND feature_8 > 0.524 AND feature_0 <= -1.442,2.033,0.02,2.63,0.6,6,0.86,0.53,0.803,5.0,0.38,CT on P,7,
feature_3 > -0.33 AND feature_4 > -1.57 AND feature_0 <= -0.664 AND feature_1 <= -0.506 AND feature_8 <= -0.441,1.787,0.04,2.06,0.27,5,0.76,0.47,0.925,5.0,0.44,CT on P,7,
feature_3 > -0.33 AND feature_4 > -1.57 AND feature_0 > -0.664 AND feature_5 > 1.112,1.781,0.03,0.22,2.0,4,0.75,0.46,1.311,4.0,0.61,CT on P,7,
feature_3 > -0.33 AND feature_4 > -1.57 AND feature_0 <= -0.664 AND feature_1 <= -0.506 AND feature_8 > -0.441 AND feature_6 <= -0.151,1.394,0.04,1.84,0.45,6,0.59,0.37,0.967,6.0,0.46,CT on P,7,
feature_3 <= -0.33 AND feature_5 <= 0.736 AND feature_5 > -1.199 AND feature_0 > -0.791 AND feature_2 > 0.758,1.367,0.03,0.76,2.13,5,0.58,0.36,1.174,4.0,0.55,CT on P,7,
feature_3 <= -0.33 AND feature_5 <= 0.736 AND feature_5 > -1.199 AND feature_0 <= -0.791 AND feature_6 > -0.604 AND feature_1 <= -0.256,1.363,0.03,1.03,-0.33,6,0.58,0.36,1.042,5.0,0.49,CT on P,7,
feature_3 <= -0.33 AND feature_5 <= 0.736 AND feature_5 > -1.199 AND feature_0 <= -0.791 AND feature_6 <= -0.604,2.359,0.03,1.76,-0.6,5,1.0,0.61,0.572,4.0,0.27,CT on P,10,
feature_3 > -0.33 AND feature_4 > -1.57 AND feature_0 <= -0.664 AND feature_1 > -0.506 AND feature_8 > 0.524 AND feature_0 <= -1.442,2.033,0.02,2.63,0.6,6,0.86,0.53,0.803,5.0,0.38,CT on P,10,
feature_3 > -0.33 AND feature_4 > -1.57 AND feature_0 <= -0.664 AND feature_1 <= -0.506 AND feature_8 <= -0.441,1.787,0.04,2.06,0.27,5,0.76,0.47,0.925,5.0,0.44,CT on P,10,
feature_3 > -0.33 AND feature_4 > -1.57 AND feature_0 > -0.664 AND feature_5 > 1.112,1.781,0.03,0.22,2.0,4,0.75,0.46,1.311,4.0,0.61,CT on P,10,
feature_3 > -0.33 AND feature_4 > -1.57 AND feature_0 <= -0.664 AND feature_1 <= -0.506 AND feature_8 > -0.441 AND feature_6 <= -0.151,1.394,0.04,1.84,0.45,6,0.59,0.37,0.967,6.0,0.46,CT on P,10,
feature_3 <= -0.33 AND feature_5 <= 0.736 AND feature_5 > -1.199 AND feature_0 > -0.791 AND feature_2 > 0.758,1.367,0.03,0.76,2.13,5,0.58,0.36,1.174,4.0,0.55,CT on P,10,
feature_3 <= -0.33 AND feature_5 <= 0.736 AND feature_5 > -1.199 AND feature_0 <= -0.791 AND feature_6 > -0.604 AND feature_1 <= -0.256,1.363,0.03,1.03,-0.33,6,0.58,0.36,1.042,5.0,0.49,CT on P,10,
feature_3 > -0.33 AND feature_4 > -1.57 AND feature_0 <= -0.664 AND feature_1 <= -0.506,1.126,0.11,1.75,0.63,4,0.48,0.33,0.948,4.0,0.48,CT on P,10,
feature_3 <= -0.33 AND feature_5 <= 0.736 AND feature_5 > -1.199 AND feature_0 <= -0.791,1.061,0.12,1.11,0.04,4,0.45,0.32,0.578,3.0,0.31,CT on P,10,
feature_3 <= -0.33 AND feature_5 <= 0.736 AND feature_5 <= -1.199,1.001,0.05,0.13,1.13,3,0.42,0.27,0.733,2.0,0.36,CT on P,10,
feature_0 > -0.778 AND feature_1 > 1.618 AND feature_3 <= -0.756 AND feature_3 <= -1.643,12.672,0.0,,,4,1.0,0.6,2.564,3.0,0.6,CF,1,6.76
feature_0 > -0.778 AND feature_1 > 1.618 AND feature_3 <= -0.756 AND feature_3 <= -1.643,12.672,0.0,,,4,1.0,0.6,2.564,3.0,0.43,CF,3,6.76
feature_0 <= -1.02 AND feature_1 > 1.084 AND feature_7 <= -0.588 AND feature_6 <= -0.089,11.754,0.01,,,4,0.93,0.56,0.257,4.0,0.05,CF,3,6.76
feature_0 > 0.998 AND feature_1 > 1.195 AND feature_8 <= -0.603 AND feature_7 <= -0.263,11.033,0.0,,,4,0.87,0.52,3.589,4.0,0.6,CF,3,6.76
feature_0 > -0.778 AND feature_1 > 1.618 AND feature_3 <= -0.756 AND feature_3 <= -1.643,12.672,0.0,,,4,1.0,0.6,2.564,3.0,0.37,CF,5,6.76
feature_0 <= -1.02 AND feature_1 > 1.084 AND feature_7 <= -0.588 AND feature_6 <= -0.089,11.754,0.01,,,4,0.93,0.56,0.257,4.0,0.04,CF,5,6.76
feature_0 > 0.998 AND feature_1 > 1.195 AND feature_8 <= -0.603 AND feature_7 <= -0.263,11.033,0.0,,,4,0.87,0.52,3.589,4.0,0.51,CF,5,6.76
feature_0 > 0.802 AND feature_1 > 1.699 AND feature_3 <= 0.042 AND feature_6 <= -0.081,10.05,0.0,,,4,0.79,0.48,3.692,4.0,0.53,CF,5,6.76
feature_0 > -0.64 AND feature_0 > 1.774 AND feature_1 > 1.491,9.159,0.0,,,3,0.72,0.43,4.185,2.0,0.6,CF,5,6.76
feature_0 > -0.778 AND feature_1 > 1.618 AND feature_3 <= -0.756 AND feature_3 <= -1.643,12.672,0.0,,,4,1.0,0.6,2.564,3.0,0.37,CF,7,6.76
feature_0 <= -1.02 AND feature_1 > 1.084 AND feature_7 <= -0.588 AND feature_6 <= -0.089,11.754,0.01,,,4,0.93,0.56,0.257,4.0,0.04,CF,7,6.76
feature_0 > 0.998 AND feature_1 > 1.195 AND feature_8 <= -0.603 AND feature_7 <= -0.263,11.033,0.0,,,4,0.87,0.52,3.589,4.0,0.51,CF,7,6.76
feature_0 > 0.802 AND feature_1 > 1.699 AND feature_3 <= 0.042 AND feature_6 <= -0.081,10.05,0.0,,,4,0.79,0.48,3.692,4.0,0.53,CF,7,6.76
feature_0 > -0.64 AND feature_0 > 1.774 AND feature_1 > 1.491,9.159,0.0,,,3,0.72,0.43,4.185,2.0,0.6,CF,7,6.76
feature_0 > -0.893 AND feature_3 > 1.606 AND feature_4 <= -1.12 AND feature_9 > -0.587,8.902,0.0,,,4,0.7,0.42,1.166,4.0,0.17,CF,7,6.76
feature_0 > 1.283 AND feature_1 > 1.237 AND feature_0 > 1.611 AND feature_0 > 1.898,8.724,0.0,,,4,0.69,0.41,4.203,2.0,0.6,CF,7,6.76
feature_0 > -0.778 AND feature_1 > 1.618 AND feature_3 <= -0.756 AND feature_3 <= -1.643,12.672,0.0,,,4,1.0,0.6,2.564,3.0,0.37,CF,10,6.76
feature_0 <= -1.02 AND feature_1 > 1.084 AND feature_7 <= -0.588 AND feature_6 <= -0.089,11.754,0.01,,,4,0.93,0.56,0.257,4.0,0.04,CF,10,6.76
feature_0 > 0.998 AND feature_1 > 1.195 AND feature_8 <= -0.603 AND feature_7 <= -0.263,11.033,0.0,,,4,0.87,0.52,3.589,4.0,0.51,CF,10,6.76
feature_0 > 0.802 AND feature_1 > 1.699 AND feature_3 <= 0.042 AND feature_6 <= -0.081,10.05,0.0,,,4,0.79,0.48,3.692,4.0,0.53,CF,10,6.76
feature_0 > -0.64 AND feature_0 > 1.774 AND feature_1 > 1.491,9.159,0.0,,,3,0.72,0.43,4.185,2.0,0.6,CF,10,6.76
feature_0 > -0.893 AND feature_3 > 1.606 AND feature_4 <= -1.12 AND feature_9 > -0.587,8.902,0.0,,,4,0.7,0.42,1.166,4.0,0.17,CF,10,6.76
feature_0 > 1.283 AND feature_1 > 1.237 AND feature_0 > 1.611 AND feature_0 > 1.898,8.724,0.0,,,4,0.69,0.41,4.203,2.0,0.6,CF,10,6.76
feature_0 <= -0.182,0.155,1.0,,,1,0.01,0.41,0.122,1.0,0.42,CF,10,6.76
feature_0 <= -0.172,0.192,0.99,,,1,0.02,0.41,0.115,1.0,0.41,CF,10,6.76
feature_0 <= -0.214,0.079,0.97,,,1,0.01,0.39,0.146,1.0,0.41,CF,10,6.76
feature_0 > -0.595 AND feature_0 > 0.548 AND feature_1 > 0.136 AND feature_0 > 1.027,2.001,0.0,,,4,1.0,0.6,2.854,2.0,0.6,CF SingleTree,1,0.55
feature_0 > -0.595 AND feature_0 > 0.548 AND feature_1 > 0.136 AND feature_0 > 1.027,2.001,0.0,,,4,1.0,0.6,2.854,2.0,0.6,CF SingleTree,3,0.55
feature_0 > -0.595 AND feature_0 > 0.548 AND feature_1 > 0.136,1.829,0.0,,,3,0.91,0.55,2.47,2.0,0.52,CF SingleTree,3,0.55
feature_0 > -0.595 AND feature_0 > 0.548 AND feature_1 > 0.136 AND feature_0 <= 1.027,1.629,0.0,,,4,0.81,0.49,2.026,2.0,0.43,CF SingleTree,3,0.55
feature_0 > -0.595 AND feature_0 > 0.548 AND feature_1 > 0.136 AND feature_0 > 1.027,2.001,0.0,,,4,1.0,0.6,2.854,2.0,0.6,CF SingleTree,5,0.55
feature_0 > -0.595 AND feature_0 > 0.548 AND feature_1 > 0.136,1.829,0.0,,,3,0.91,0.55,2.47,2.0,0.52,CF SingleTree,5,0.55
feature_0 > -0.595 AND feature_0 > 0.548 AND feature_1 > 0.136 AND feature_0 <= 1.027,1.629,0.0,,,4,0.81,0.49,2.026,2.0,0.43,CF SingleTree,5,0.55
feature_0 > -0.595 AND feature_0 > 0.548,1.581,0.0,,,2,0.79,0.47,2.0,1.0,0.42,CF SingleTree,5,0.55
feature_0 > -0.595 AND feature_0 > 0.548 AND feature_1 <= 0.136 AND feature_0 > 1.082,1.576,0.0,,,4,0.79,0.47,2.038,2.0,0.43,CF SingleTree,5,0.55
feature_0 > -0.595 AND feature_0 > 0.548 AND feature_1 > 0.136 AND feature_0 > 1.027,2.001,0.0,,,4,1.0,0.6,2.854,2.0,0.6,CF SingleTree,7,0.55
feature_0 > -0.595 AND feature_0 > 0.548 AND feature_1 > 0.136,1.829,0.0,,,3,0.91,0.55,2.47,2.0,0.52,CF SingleTree,7,0.55
feature_0 > -0.595 AND feature_0 > 0.548 AND feature_1 > 0.136 AND feature_0 <= 1.027,1.629,0.0,,,4,0.81,0.49,2.026,2.0,0.43,CF SingleTree,7,0.55
feature_0 > -0.595 AND feature_0 > 0.548,1.581,0.0,,,2,0.79,0.47,2.0,1.0,0.42,CF SingleTree,7,0.55
feature_0 > -0.595 AND feature_0 > 0.548 AND feature_1 <= 0.136 AND feature_0 > 1.082,1.576,0.0,,,4,0.79,0.47,2.038,2.0,0.43,CF SingleTree,7,0.55
feature_0 > -0.595,1.2,0.15,,,1,0.6,0.42,1.284,1.0,0.33,CF SingleTree,7,0.55
feature_0 > -0.595 AND feature_0 > 0.548 AND feature_1 <= 0.136,1.377,0.0,,,3,0.69,0.41,1.613,2.0,0.34,CF SingleTree,7,0.55
feature_0 > -0.595 AND feature_0 > 0.548 AND feature_1 > 0.136 AND feature_0 > 1.027,2.001,0.0,,,4,1.0,0.6,2.854,2.0,0.6,CF SingleTree,10,0.55
feature_0 > -0.595 AND feature_0 > 0.548 AND feature_1 > 0.136,1.829,0.0,,,3,0.91,0.55,2.47,2.0,0.52,CF SingleTree,10,0.55
feature_0 > -0.595 AND feature_0 > 0.548 AND feature_1 > 0.136 AND feature_0 <= 1.027,1.629,0.0,,,4,0.81,0.49,2.026,2.0,0.43,CF SingleTree,10,0.55
feature_0 > -0.595 AND feature_0 > 0.548,1.581,0.0,,,2,0.79,0.47,2.0,1.0,0.42,CF SingleTree,10,0.55
feature_0 > -0.595 AND feature_0 > 0.548 AND feature_1 <= 0.136 AND feature_0 > 1.082,1.576,0.0,,,4,0.79,0.47,2.038,2.0,0.43,CF SingleTree,10,0.55
feature_0 > -0.595,1.2,0.15,,,1,0.6,0.42,1.284,1.0,0.33,CF SingleTree,10,0.55
feature_0 > -0.595 AND feature_0 > 0.548 AND feature_1 <= 0.136,1.377,0.0,,,3,0.69,0.41,1.613,2.0,0.34,CF SingleTree,10,0.55
feature_0 > -0.595 AND feature_0 <= 0.548 AND feature_0 > 0.019 AND feature_1 > 0.473,1.276,0.0,,,4,0.64,0.38,1.691,2.0,0.36,CF SingleTree,10,0.55
feature_0 > -0.595 AND feature_0 <= 0.548,0.932,0.21,,,2,0.47,0.36,0.779,1.0,0.25,CF SingleTree,10,0.55
feature_0 > -0.595 AND feature_0 <= 0.548 AND feature_0 <= 0.019,0.808,0.3,,,3,0.4,0.36,0.52,1.0,0.23,CF SingleTree,10,0.55
feature_7 <= 1.869 AND feature_0 > 0.519 AND feature_0 > 1.223 AND feature_1 > 0.16 AND feature_8 <= -0.763,4.57,0.01,0.97,5.54,5,1.0,0.6,2.996,4.0,0.6,CT on D,1,
feature_7 <= 1.869 AND feature_0 > 0.519 AND feature_0 > 1.223 AND feature_1 > 0.16 AND feature_8 <= -0.763,4.57,0.01,0.97,5.54,5,1.0,0.6,2.996,4.0,0.6,CT on D,3,
feature_7 <= 1.869 AND feature_0 > 0.519 AND feature_0 > 1.223 AND feature_1 > 0.16 AND feature_8 > -0.763 AND feature_4 > 0.414,3.674,0.01,2.19,5.87,6,0.8,0.49,2.963,5.0,0.6,CT on D,3,
feature_7 <= 1.869 AND feature_0 > 0.519 AND feature_0 <= 1.223 AND feature_9 <= 0.32 AND feature_8 <= 0.92 AND feature_1 > 1.32,3.468,0.01,1.3,4.77,6,0.76,0.46,2.811,5.0,0.57,CT on D,3,
feature_7 <= 1.869 AND feature_0 > 0.519 AND feature_0 > 1.223 AND feature_1 > 0.16 AND feature_8 <= -0.763,4.57,0.01,0.97,5.54,5,1.0,0.6,2.996,4.0,0.6,CT on D,5,
feature_7 <= 1.869 AND feature_0 > 0.519 AND feature_0 > 1.223 AND feature_1 > 0.16 AND feature_8 > -0.763 AND feature_4 > 0.414,3.674,0.01,2.19,5.87,6,0.8,0.49,2.963,5.0,0.6,CT on D,5,
feature_7 <= 1.869 AND feature_0 > 0.519 AND feature_0 <= 1.223 AND feature_9 <= 0.32 AND feature_8 <= 0.92 AND feature_1 > 1.32,3.468,0.01,1.3,4.77,6,0.76,0.46,2.811,5.0,0.57,CT on D,5,
feature_7 <= 1.869,0.825,0.86,0.98,1.81,1,0.18,0.45,0.829,1.0,0.51,CT on D,5,
feature_7 <= 1.869 AND feature_0 > 0.519 AND feature_0 > 1.223 AND feature_1 > 0.16,3.255,0.05,1.61,4.87,4,0.71,0.45,2.948,3.0,0.61,CT on D,5,
feature_7 <= 1.869 AND feature_0 > 0.519 AND feature_0 > 1.223 AND feature_1 > 0.16 AND feature_8 <= -0.763,4.57,0.01,0.97,5.54,5,1.0,0.6,2.996,4.0,0.6,CT on D,7,
feature_7 <= 1.869 AND feature_0 > 0.519 AND feature_0 > 1.223 AND feature_1 > 0.16 AND feature_8 > -0.763 AND feature_4 > 0.414,3.674,0.01,2.19,5.87,6,0.8,0.49,2.963,5.0,0.6,CT on D,7,
feature_7 <= 1.869 AND feature_0 > 0.519 AND feature_0 <= 1.223 AND feature_9 <= 0.32 AND feature_8 <= 0.92 AND feature_1 > 1.32,3.468,0.01,1.3,4.77,6,0.76,0.46,2.811,5.0,0.57,CT on D,7,
feature_7 <= 1.869,0.825,0.86,0.98,1.81,1,0.18,0.45,0.829,1.0,0.51,CT on D,7,
feature_7 <= 1.869 AND feature_0 > 0.519 AND feature_0 > 1.223 AND feature_1 > 0.16,3.255,0.05,1.61,4.87,4,0.71,0.45,2.948,3.0,0.61,CT on D,7,
feature_7 <= 1.869 AND feature_0 <= 0.519 AND feature_0 > -0.669 AND feature_1 > 0.887 AND feature_7 <= -1.084,3.089,0.01,0.54,3.62,5,0.68,0.41,1.602,3.0,0.32,CT on D,7,
feature_7 <= 1.869 AND feature_0 > 0.519 AND feature_0 > 1.223 AND feature_1 > 0.16 AND feature_8 > -0.763,2.795,0.04,1.84,4.63,5,0.61,0.38,2.932,4.0,0.6,CT on D,7,
feature_7 <= 1.869 AND feature_0 > 0.519 AND feature_0 > 1.223 AND feature_1 > 0.16 AND feature_8 <= -0.763,4.57,0.01,0.97,5.54,5,1.0,0.6,2.996,4.0,0.6,CT on D,10,
feature_7 <= 1.869 AND feature_0 > 0.519 AND feature_0 > 1.223 AND feature_1 > 0.16 AND feature_8 > -0.763 AND feature_4 > 0.414,3.674,0.01,2.19,5.87,6,0.8,0.49,2.963,5.0,0.6,CT on D,10,
feature_7 <= 1.869 AND feature_0 > 0.519 AND feature_0 <= 1.223 AND feature_9 <= 0.32 AND feature_8 <= 0.92 AND feature_1 > 1.32,3.468,0.01,1.3,4.77,6,0.76,0.46,2.811,5.0,0.57,CT on D,10,
feature_7 <= 1.869,0.825,0.86,0.98,1.81,1,0.18,0.45,0.829,1.0,0.51,CT on D,10,
feature_7 <= 1.869 AND feature_0 > 0.519 AND feature_0 > 1.223 AND feature_1 > 0.16,3.255,0.05,1.61,4.87,4,0.71,0.45,2.948,3.0,0.61,CT on D,10,
feature_7 <= 1.869 AND feature_0 <= 0.519 AND feature_0 > -0.669 AND feature_1 > 0.887 AND feature_7 <= -1.084,3.089,0.01,0.54,3.62,5,0.68,0.41,1.602,3.0,0.32,CT on D,10,
feature_7 <= 1.869 AND feature_0 > 0.519 AND feature_0 > 1.223 AND feature_1 > 0.16 AND feature_8 > -0.763,2.795,0.04,1.84,4.63,5,0.61,0.38,2.932,4.0,0.6,CT on D,10,
feature_7 <= 1.869 AND feature_0 > 0.519 AND feature_0 > 1.223,2.578,0.11,1.11,3.69,3,0.56,0.38,2.505,2.0,0.55,CT on D,10,
feature_7 <= 1.869 AND feature_0 > 0.519 AND feature_0 > 1.223 AND feature_1 <= 0.16 AND feature_1 > -0.895 AND feature_6 <= 0.415,2.753,0.03,0.67,3.42,6,0.6,0.37,2.254,4.0,0.46,CT on D,10,
feature_7 <= 1.869 AND feature_0 > 0.519,1.914,0.29,1.0,2.91,2,0.42,0.37,1.965,2.0,0.51,CT on D,10,
feature_6 > -1.512 AND feature_0 > -0.869 AND feature_1 > -0.346 AND feature_4 > 1.57 AND feature_2 > -0.197,3.833,0.02,2.0,5.83,5,1.0,0.61,1.469,5.0,0.61,CT on P,1,
feature_6 > -1.512 AND feature_0 > -0.869 AND feature_1 > -0.346 AND feature_4 > 1.57 AND feature_2 > -0.197,3.833,0.02,2.0,5.83,5,1.0,0.61,1.469,5.0,0.6,CT on P,3,
feature_6 > -1.512,0.89,0.93,0.94,1.83,1,0.23,0.51,0.826,1.0,0.7,CT on P,3,
feature_6 > -1.512 AND feature_0 > -0.869 AND feature_1 > -0.346 AND feature_4 > 1.57,3.158,0.03,1.82,4.98,4,0.82,0.51,1.499,4.0,0.61,CT on P,3,
feature_6 > -1.512 AND feature_0 > -0.869 AND feature_1 > -0.346 AND feature_4 > 1.57 AND feature_2 > -0.197,3.833,0.02,2.0,5.83,5,1.0,0.61,1.469,5.0,0.3,CT on P,5,
feature_6 > -1.512,0.89,0.93,0.94,1.83,1,0.23,0.51,0.826,1.0,0.54,CT on P,5,
feature_6 > -1.512 AND feature_0 > -0.869 AND feature_1 > -0.346 AND feature_4 > 1.57,3.158,0.03,1.82,4.98,4,0.82,0.51,1.499,4.0,0.31,CT on P,5,
feature_6 > -1.512 AND feature_0 > -0.869,1.256,0.76,0.83,2.09,2,0.33,0.5,1.163,2.0,0.54,CT on P,5,
feature_6 > -1.512 AND feature_0 > -0.869 AND feature_1 > -0.346 AND feature_4 <= 1.57 AND feature_0 > 0.495 AND feature_0 > 1.494,2.961,0.04,1.42,4.38,6,0.77,0.48,2.978,4.0,0.62,CT on P,5,
feature_6 > -1.512 AND feature_0 > -0.869 AND feature_1 > -0.346 AND feature_4 > 1.57 AND feature_2 > -0.197,3.833,0.02,2.0,5.83,5,1.0,0.61,1.469,5.0,0.3,CT on P,7,
feature_6 > -1.512,0.89,0.93,0.94,1.83,1,0.23,0.51,0.826,1.0,0.54,CT on P,7,
feature_6 > -1.512 AND feature_0 > -0.869 AND feature_1 > -0.346 AND feature_4 > 1.57,3.158,0.03,1.82,4.98,4,0.82,0.51,1.499,4.0,0.31,CT on P,7,
feature_6 > -1.512 AND feature_0 > -0.869,1.256,0.76,0.83,2.09,2,0.33,0.5,1.163,2.0,0.54,CT on P,7,
feature_6 > -1.512 AND feature_0 > -0.869 AND feature_1 > -0.346 AND feature_4 <= 1.57 AND feature_0 > 0.495 AND feature_0 > 1.494,2.961,0.04,1.42,4.38,6,0.77,0.48,2.978,4.0,0.62,CT on P,7,
feature_6 > -1.512 AND feature_0 > -0.869 AND feature_1 <= -0.346 AND feature_0 > 0.724 AND feature_2 <= -0.33 AND feature_6 <= -0.063,2.962,0.01,-0.94,2.03,6,0.77,0.47,1.686,4.0,0.34,CT on P,7,
feature_6 > -1.512 AND feature_0 > -0.869 AND feature_1 > -0.346,1.613,0.48,0.9,2.51,3,0.42,0.44,1.422,3.0,0.48,CT on P,7,
feature_6 > -1.512 AND feature_0 > -0.869 AND feature_1 > -0.346 AND feature_4 > 1.57 AND feature_2 > -0.197,3.833,0.02,2.0,5.83,5,1.0,0.61,1.469,5.0,0.3,CT on P,10,
feature_6 > -1.512,0.89,0.93,0.94,1.83,1,0.23,0.51,0.826,1.0,0.54,CT on P,10,
feature_6 > -1.512 AND feature_0 > -0.869 AND feature_1 > -0.346 AND feature_4 > 1.57,3.158,0.03,1.82,4.98,4,0.82,0.51,1.499,4.0,0.31,CT on P,10,
feature_6 > -1.512 AND feature_0 > -0.869,1.256,0.76,0.83,2.09,2,0.33,0.5,1.163,2.0,0.54,CT on P,10,
feature_6 > -1.512 AND feature_0 > -0.869 AND feature_1 > -0.346 AND feature_4 <= 1.57 AND feature_0 > 0.495 AND feature_0 > 1.494,2.961,0.04,1.42,4.38,6,0.77,0.48,2.978,4.0,0.62,CT on P,10,
feature_6 > -1.512 AND feature_0 > -0.869 AND feature_1 <= -0.346 AND feature_0 > 0.724 AND feature_2 <= -0.33 AND feature_6 <= -0.063,2.962,0.01,-0.94,2.03,6,0.77,0.47,1.686,4.0,0.34,CT on P,10,
feature_6 > -1.512 AND feature_0 > -0.869 AND feature_1 > -0.346,1.613,0.48,0.9,2.51,3,0.42,0.44,1.422,3.0,0.48,CT on P,10,
feature_6 > -1.512 AND feature_0 > -0.869 AND feature_1 > -0.346 AND feature_4 <= 1.57,1.517,0.46,0.84,2.36,4,0.4,0.42,1.418,4.0,0.47,CT on P,10,
feature_6 <= -1.512 AND feature_7 > -0.658 AND feature_5 > -0.274 AND feature_0 > 0.378,2.547,0.01,0.25,2.8,4,0.66,0.4,1.872,4.0,0.38,CT on P,10,
feature_6 > -1.512 AND feature_0 > -0.869 AND feature_1 > -0.346 AND feature_4 <= 1.57 AND feature_0 > 0.495,2.118,0.17,1.21,3.33,5,0.55,0.4,2.217,4.0,0.51,CT on P,10,
feature_0 > 0.562 AND feature_0 > 1.829 AND feature_4 > 0.525 AND feature_1 > -0.268,9.026,0.01,,,4,1.0,0.6,3.29,3.0,0.6,CF,1,4.41
feature_0 > 0.562 AND feature_0 > 1.829 AND feature_4 > 0.525 AND feature_1 > -0.268,9.026,0.01,,,4,1.0,0.6,3.29,3.0,0.57,CF,3,4.41
feature_0 > 0.936 AND feature_0 > 2.015 AND feature_9 > 0.5 AND feature_0 <= 2.252,7.05,0.0,,,4,0.78,0.47,2.915,2.0,0.5,CF,3,4.41
feature_0 > -0.731 AND feature_0 > 1.637 AND feature_1 > 0.004 AND feature_0 > 2.02,6.112,0.01,,,4,0.68,0.41,3.498,2.0,0.6,CF,3,4.41
feature_0 > 0.562 AND feature_0 > 1.829 AND feature_4 > 0.525 AND feature_1 > -0.268,9.026,0.01,,,4,1.0,0.6,3.29,3.0,0.57,CF,5,4.41
feature_0 > 0.936 AND feature_0 > 2.015 AND feature_9 > 0.5 AND feature_0 <= 2.252,7.05,0.0,,,4,0.78,0.47,2.915,2.0,0.5,CF,5,4.41
feature_0 > -0.731 AND feature_0 > 1.637 AND feature_1 > 0.004 AND feature_0 > 2.02,6.112,0.01,,,4,0.68,0.41,3.498,2.0,0.6,CF,5,4.41
feature_0 > -1.612,1.033,0.84,,,1,0.11,0.4,0.937,1.0,0.5,CF,5,4.41
feature_0 > -1.462,1.033,0.83,,,1,0.11,0.4,0.971,1.0,0.5,CF,5,4.41
feature_0 > 0.562 AND feature_0 > 1.829 AND feature_4 > 0.525 AND feature_1 > -0.268,9.026,0.01,,,4,1.0,0.6,3.29,3.0,0.57,CF,7,4.41
feature_0 > 0.936 AND feature_0 > 2.015 AND feature_9 > 0.5 AND feature_0 <= 2.252,7.05,0.0,,,4,0.78,0.47,2.915,2.0,0.5,CF,7,4.41
feature_0 > -0.731 AND feature_0 > 1.637 AND feature_1 > 0.004 AND feature_0 > 2.02,6.112,0.01,,,4,0.68,0.41,3.498,2.0,0.6,CF,7,4.41
feature_0 > -1.612,1.033,0.84,,,1,0.11,0.4,0.937,1.0,0.5,CF,7,4.41
feature_0 > -1.462,1.033,0.83,,,1,0.11,0.4,0.971,1.0,0.5,CF,7,4.41
feature_0 > -1.117,1.364,0.77,,,1,0.15,0.4,1.074,1.0,0.49,CF,7,4.41
feature_0 > 0.562 AND feature_0 > 1.829 AND feature_4 > 0.525,5.937,0.01,,,3,0.66,0.4,3.023,2.0,0.52,CF,7,4.41
feature_0 > 0.562 AND feature_0 > 1.829 AND feature_4 > 0.525 AND feature_1 > -0.268,9.026,0.01,,,4,1.0,0.6,3.29,3.0,0.57,CF,10,4.41
feature_0 > 0.936 AND feature_0 > 2.015 AND feature_9 > 0.5 AND feature_0 <= 2.252,7.05,0.0,,,4,0.78,0.47,2.915,2.0,0.5,CF,10,4.41
feature_0 > -0.731 AND feature_0 > 1.637 AND feature_1 > 0.004 AND feature_0 > 2.02,6.112,0.01,,,4,0.68,0.41,3.498,2.0,0.6,CF,10,4.41
feature_0 > -1.612,1.033,0.84,,,1,0.11,0.4,0.937,1.0,0.5,CF,10,4.41
feature_0 > -1.462,1.033,0.83,,,1,0.11,0.4,0.971,1.0,0.5,CF,10,4.41
feature_0 > -1.117,1.364,0.77,,,1,0.15,0.4,1.074,1.0,0.49,CF,10,4.41
feature_0 > 0.562 AND feature_0 > 1.829 AND feature_4 > 0.525,5.937,0.01,,,3,0.66,0.4,3.023,2.0,0.52,CF,10,4.41
feature_0 > -1.053,1.396,0.76,,,1,0.15,0.4,1.097,1.0,0.49,CF,10,4.41
feature_0 > -1.169,1.194,0.79,,,1,0.13,0.4,1.053,1.0,0.5,CF,10,4.41
feature_0 > 0.352 AND feature_1 <= 1.371 AND feature_0 > 1.886 AND feature_5 <= 0.24,5.801,0.02,,,4,0.64,0.39,2.981,3.0,0.52,CF,10,4.41
feature_0 > 0.17 AND feature_0 > 0.999 AND feature_1 > -0.033 AND feature_0 > 1.43,2.318,0.04,,,4,1.0,0.62,3.051,2.0,0.62,CF SingleTree,1,0.63
feature_0 > 0.17 AND feature_0 > 0.999 AND feature_1 > -0.033 AND feature_0 > 1.43,2.318,0.04,,,4,1.0,0.62,3.051,2.0,0.62,CF SingleTree,3,0.63
feature_0 > 0.17 AND feature_0 > 0.999 AND feature_1 > -0.033,2.113,0.08,,,3,0.91,0.58,2.704,2.0,0.56,CF SingleTree,3,0.63
feature_0 > 0.17 AND feature_0 > 0.999,1.926,0.16,,,2,0.83,0.56,2.332,1.0,0.52,CF SingleTree,3,0.63
feature_0 > 0.17 AND feature_0 > 0.999 AND feature_1 > -0.033 AND feature_0 > 1.43,2.318,0.04,,,4,1.0,0.62,3.051,2.0,0.62,CF SingleTree,5,0.63
feature_0 > 0.17 AND feature_0 > 0.999 AND feature_1 > -0.033,2.113,0.08,,,3,0.91,0.58,2.704,2.0,0.56,CF SingleTree,5,0.63
feature_0 > 0.17 AND feature_0 > 0.999,1.926,0.16,,,2,0.83,0.56,2.332,1.0,0.52,CF SingleTree,5,0.63
feature_0 > 0.17,1.504,0.41,,,1,0.65,0.55,1.726,1.0,0.5,CF SingleTree,5,0.63
feature_0 > 0.17 AND feature_0 > 0.999 AND feature_1 > -0.033 AND feature_0 <= 1.43,1.917,0.04,,,4,0.83,0.51,2.373,2.0,0.48,CF SingleTree,5,0.63
feature_0 > 0.17 AND feature_0 > 0.999 AND feature_1 > -0.033 AND feature_0 > 1.43,2.318,0.04,,,4,1.0,0.62,3.051,2.0,0.62,CF SingleTree,7,0.63
feature_0 > 0.17 AND feature_0 > 0.999 AND feature_1 > -0.033,2.113,0.08,,,3,0.91,0.58,2.704,2.0,0.56,CF SingleTree,7,0.63
feature_0 > 0.17 AND feature_0 > 0.999,1.926,0.16,,,2,0.83,0.56,2.332,1.0,0.52,CF SingleTree,7,0.63
feature_0 > 0.17,1.504,0.41,,,1,0.65,0.55,1.726,1.0,0.5,CF SingleTree,7,0.63
feature_0 > 0.17 AND feature_0 > 0.999 AND feature_1 > -0.033 AND feature_0 <= 1.43,1.917,0.04,,,4,0.83,0.51,2.373,2.0,0.48,CF SingleTree,7,0.63
feature_0 > 0.17 AND feature_0 > 0.999 AND feature_1 <= -0.033 AND feature_0 > 1.314,1.829,0.05,,,4,0.79,0.49,2.208,2.0,0.45,CF SingleTree,7,0.63
feature_0 > 0.17 AND feature_0 > 0.999 AND feature_1 <= -0.033,1.728,0.08,,,3,0.75,0.48,1.943,2.0,0.41,CF SingleTree,7,0.63
feature_0 > 0.17 AND feature_0 > 0.999 AND feature_1 > -0.033 AND feature_0 > 1.43,2.318,0.04,,,4,1.0,0.62,3.051,2.0,0.62,CF SingleTree,10,0.63
feature_0 > 0.17 AND feature_0 > 0.999 AND feature_1 > -0.033,2.113,0.08,,,3,0.91,0.58,2.704,2.0,0.56,CF SingleTree,10,0.63
feature_0 > 0.17 AND feature_0 > 0.999,1.926,0.16,,,2,0.83,0.56,2.332,1.0,0.52,CF SingleTree,10,0.63
feature_0 > 0.17,1.504,0.41,,,1,0.65,0.55,1.726,1.0,0.5,CF SingleTree,10,0.63
feature_0 > 0.17 AND feature_0 > 0.999 AND feature_1 > -0.033 AND feature_0 <= 1.43,1.917,0.04,,,4,0.83,0.51,2.373,2.0,0.48,CF SingleTree,10,0.63
feature_0 > 0.17 AND feature_0 > 0.999 AND feature_1 <= -0.033 AND feature_0 > 1.314,1.829,0.05,,,4,0.79,0.49,2.208,2.0,0.45,CF SingleTree,10,0.63
feature_0 > 0.17 AND feature_0 > 0.999 AND feature_1 <= -0.033,1.728,0.08,,,3,0.75,0.48,1.943,2.0,0.41,CF SingleTree,10,0.63
feature_0 > 0.17 AND feature_0 <= 0.999,1.254,0.26,,,2,0.54,0.43,1.365,1.0,0.37,CF SingleTree,10,0.63
feature_0 > 0.17 AND feature_0 > 0.999 AND feature_1 <= -0.033 AND feature_0 <= 1.314,1.58,0.03,,,4,0.68,0.42,1.554,2.0,0.32,CF SingleTree,10,0.63
feature_0 > 0.17 AND feature_0 <= 0.999 AND feature_1 > -0.045 AND feature_0 > 0.453,1.473,0.09,,,4,0.64,0.42,1.909,2.0,0.41,CF SingleTree,10,0.63
feature_8 <= 1.932 AND feature_0 > -0.638 AND feature_0 > 0.629 AND feature_1 > 1.413 AND feature_4 <= -0.225,4.583,0.01,0.73,5.31,5,1.0,0.6,3.203,4.0,0.6,CT on D,1,
feature_8 <= 1.932 AND feature_0 > -0.638 AND feature_0 > 0.629 AND feature_1 > 1.413 AND feature_4 <= -0.225,4.583,0.01,0.73,5.31,5,1.0,0.6,3.203,4.0,0.6,CT on D,3,
feature_8 <= 1.932 AND feature_0 > -0.638 AND feature_0 > 0.629 AND feature_1 > 1.413,3.835,0.02,1.63,5.47,4,0.84,0.51,3.183,3.0,0.6,CT on D,3,
feature_8 <= 1.932,0.859,0.77,0.97,1.83,1,0.19,0.42,0.812,1.0,0.46,CT on D,3,
feature_8 <= 1.932 AND feature_0 > -0.638 AND feature_0 > 0.629 AND feature_1 > 1.413 AND feature_4 <= -0.225,4.583,0.01,0.73,5.31,5,1.0,0.6,3.203,4.0,0.6,CT on D,5,
feature_8 <= 1.932 AND feature_0 > -0.638 AND feature_0 > 0.629 AND feature_1 > 1.413,3.835,0.02,1.63,5.47,4,0.84,0.51,3.183,3.0,0.6,CT on D,5,
feature_8 <= 1.932,0.859,0.77,0.97,1.83,1,0.19,0.42,0.812,1.0,0.46,CT on D,5,
feature_8 <= 1.932 AND feature_0 > -0.638,1.33,0.6,0.82,2.15,2,0.29,0.41,1.246,2.0,0.47,CT on D,5,
feature_8 <= 1.932 AND feature_0 > -0.638 AND feature_0 > 0.629 AND feature_1 > 1.413 AND feature_4 > -0.225,3.056,0.01,2.58,5.63,5,0.67,0.4,3.162,4.0,0.6,CT on D,5,
feature_8 <= 1.932 AND feature_0 > -0.638 AND feature_0 > 0.629 AND feature_1 > 1.413 AND feature_4 <= -0.225,4.583,0.01,0.73,5.31,5,1.0,0.6,3.203,4.0,0.6,CT on D,7,
feature_8 <= 1.932 AND feature_0 > -0.638 AND feature_0 > 0.629 AND feature_1 > 1.413,3.835,0.02,1.63,5.47,4,0.84,0.51,3.183,3.0,0.6,CT on D,7,
feature_8 <= 1.932,0.859,0.77,0.97,1.83,1,0.19,0.42,0.812,1.0,0.46,CT on D,7,
feature_8 <= 1.932 AND feature_0 > -0.638,1.33,0.6,0.82,2.15,2,0.29,0.41,1.246,2.0,0.47,CT on D,7,
feature_8 <= 1.932 AND feature_0 > -0.638 AND feature_0 > 0.629 AND feature_1 > 1.413 AND feature_4 > -0.225,3.056,0.01,2.58,5.63,5,0.67,0.4,3.162,4.0,0.6,CT on D,7,
feature_8 <= 1.932 AND feature_0 <= -0.638 AND feature_0 <= -1.721 AND feature_1 <= -0.365,3.053,0.01,2.76,-0.29,4,0.67,0.4,1.763,3.0,0.33,CT on D,7,
feature_8 <= 1.932 AND feature_0 > -0.638 AND feature_0 > 0.629 AND feature_1 <= 1.413 AND feature_0 <= 0.901 AND feature_1 > 0.761,2.858,0.01,0.66,3.52,6,0.62,0.38,2.129,3.0,0.4,CT on D,7,
feature_8 <= 1.932 AND feature_0 > -0.638 AND feature_0 > 0.629 AND feature_1 > 1.413 AND feature_4 <= -0.225,4.583,0.01,0.73,5.31,5,1.0,0.6,3.203,4.0,0.6,CT on D,10,
feature_8 <= 1.932 AND feature_0 > -0.638 AND feature_0 > 0.629 AND feature_1 > 1.413,3.835,0.02,1.63,5.47,4,0.84,0.51,3.183,3.0,0.6,CT on D,10,
feature_8 <= 1.932,0.859,0.77,0.97,1.83,1,0.19,0.42,0.812,1.0,0.46,CT on D,10,
feature_8 <= 1.932 AND feature_0 > -0.638,1.33,0.6,0.82,2.15,2,0.29,0.41,1.246,2.0,0.47,CT on D,10,
feature_8 <= 1.932 AND feature_0 > -0.638 AND feature_0 > 0.629 AND feature_1 > 1.413 AND feature_4 > -0.225,3.056,0.01,2.58,5.63,5,0.67,0.4,3.162,4.0,0.6,CT on D,10,
feature_8 <= 1.932 AND feature_0 <= -0.638 AND feature_0 <= -1.721 AND feature_1 <= -0.365,3.053,0.01,2.76,-0.29,4,0.67,0.4,1.763,3.0,0.33,CT on D,10,
feature_8 <= 1.932 AND feature_0 > -0.638 AND feature_0 > 0.629 AND feature_1 <= 1.413 AND feature_0 <= 0.901 AND feature_1 > 0.761,2.858,0.01,0.66,3.52,6,0.62,0.38,2.129,3.0,0.4,CT on D,10,
feature_8 <= 1.932 AND feature_0 > -0.638 AND feature_0 > 0.629,2.101,0.24,0.92,3.02,3,0.46,0.37,2.028,2.0,0.48,CT on D,10,
feature_8 <= 1.932 AND feature_0 > -0.638 AND feature_0 > 0.629 AND feature_1 <= 1.413 AND feature_0 > 0.901 AND feature_7 > 0.184,2.596,0.07,0.72,3.32,6,0.57,0.37,2.121,4.0,0.43,CT on D,10,
feature_8 <= 1.932 AND feature_0 > -0.638 AND feature_0 > 0.629 AND feature_1 <= 1.413,1.955,0.23,0.86,2.82,4,0.43,0.35,1.93,3.0,0.45,CT on D,10,
feature_0 > 2.05,4.192,0.02,1.31,5.5,1,1.0,0.61,3.204,1.0,0.61,CT on P,1,
feature_0 > 2.05,4.192,0.02,1.31,5.5,1,1.0,0.61,3.204,1.0,0.61,CT on P,3,
feature_0 <= 2.05 AND feature_0 > -0.059 AND feature_0 > 0.554 AND feature_6 <= 0.057 AND feature_1 > 0.663 AND feature_6 <= -0.542,3.666,0.02,1.43,5.1,6,0.87,0.53,2.593,3.0,0.49,CT on P,3,
feature_0 <= 2.05,0.796,0.98,0.97,1.76,1,0.19,0.51,0.76,1.0,0.53,CT on P,3,
feature_0 > 2.05,4.192,0.02,1.31,5.5,1,1.0,0.61,3.204,1.0,0.61,CT on P,5,
feature_0 <= 2.05 AND feature_0 > -0.059 AND feature_0 > 0.554 AND feature_6 <= 0.057 AND feature_1 > 0.663 AND feature_6 <= -0.542,3.666,0.02,1.43,5.1,6,0.87,0.53,2.593,3.0,0.49,CT on P,5,
feature_0 <= 2.05,0.796,0.98,0.97,1.76,1,0.19,0.51,0.76,1.0,0.53,CT on P,5,
feature_0 <= 2.05 AND feature_0 > -0.059 AND feature_0 > 0.554 AND feature_6 <= 0.057 AND feature_1 > 0.663,3.333,0.03,1.3,4.63,5,0.8,0.49,2.596,3.0,0.5,CT on P,5,
feature_0 <= 2.05 AND feature_0 > -0.059,1.532,0.5,0.82,2.35,2,0.37,0.42,1.499,1.0,0.48,CT on P,5,
feature_0 > 2.05,4.192,0.02,1.31,5.5,1,1.0,0.61,3.204,1.0,0.61,CT on P,7,
feature_0 <= 2.05 AND feature_0 > -0.059 AND feature_0 > 0.554 AND feature_6 <= 0.057 AND feature_1 > 0.663 AND feature_6 <= -0.542,3.666,0.02,1.43,5.1,6,0.87,0.53,2.593,3.0,0.49,CT on P,7,
feature_0 <= 2.05,0.796,0.98,0.97,1.76,1,0.19,0.51,0.76,1.0,0.53,CT on P,7,
feature_0 <= 2.05 AND feature_0 > -0.059 AND feature_0 > 0.554 AND feature_6 <= 0.057 AND feature_1 > 0.663,3.333,0.03,1.3,4.63,5,0.8,0.49,2.596,3.0,0.5,CT on P,7,
feature_0 <= 2.05 AND feature_0 > -0.059,1.532,0.5,0.82,2.35,2,0.37,0.42,1.499,1.0,0.48,CT on P,7,
feature_0 <= 2.05 AND feature_0 > -0.059 AND feature_0 > 0.554 AND feature_6 <= 0.057 AND feature_1 > 0.663 AND feature_6 > -0.542,2.872,0.01,1.11,3.98,6,0.69,0.42,2.6,3.0,0.49,CT on P,7,
feature_0 <= 2.05 AND feature_0 > -0.059 AND feature_0 > 0.554 AND feature_6 <= 0.057,2.419,0.14,0.72,3.14,4,0.58,0.4,1.855,2.0,0.4,CT on P,7,
feature_0 > 2.05,4.192,0.02,1.31,5.5,1,1.0,0.61,3.204,1.0,0.61,CT on P,10,
feature_0 <= 2.05 AND feature_0 > -0.059 AND feature_0 > 0.554 AND feature_6 <= 0.057 AND feature_1 > 0.663 AND feature_6 <= -0.542,3.666,0.02,1.43,5.1,6,0.87,0.53,2.593,3.0,0.49,CT on P,10,
feature_0 <= 2.05,0.796,0.98,0.97,1.76,1,0.19,0.51,0.76,1.0,0.53,CT on P,10,
feature_0 <= 2.05 AND feature_0 > -0.059 AND feature_0 > 0.554 AND feature_6 <= 0.057 AND feature_1 > 0.663,3.333,0.03,1.3,4.63,5,0.8,0.49,2.596,3.0,0.5,CT on P,10,
feature_0 <= 2.05 AND feature_0 > -0.059,1.532,0.5,0.82,2.35,2,0.37,0.42,1.499,1.0,0.48,CT on P,10,
feature_0 <= 2.05 AND feature_0 > -0.059 AND feature_0 > 0.554 AND feature_6 <= 0.057 AND feature_1 > 0.663 AND feature_6 > -0.542,2.872,0.01,1.11,3.98,6,0.69,0.42,2.6,3.0,0.49,CT on P,10,
feature_0 <= 2.05 AND feature_0 > -0.059 AND feature_0 > 0.554 AND feature_6 <= 0.057,2.419,0.14,0.72,3.14,4,0.58,0.4,1.855,2.0,0.4,CT on P,10,
feature_0 <= 2.05 AND feature_0 > -0.059 AND feature_0 <= 0.554 AND feature_9 <= -1.284 AND feature_5 > 0.129,2.718,0.01,-0.43,2.29,5,0.65,0.39,1.068,3.0,0.2,CT on P,10,
feature_0 <= 2.05 AND feature_0 > -0.059 AND feature_0 > 0.554,1.956,0.27,0.86,2.81,3,0.47,0.39,1.879,1.0,0.46,CT on P,10,
feature_0 <= 2.05 AND feature_0 <= -0.059 AND feature_0 <= -1.038 AND feature_1 <= -0.215 AND feature_4 <= 0.262 AND feature_2 <= 0.429,2.651,0.02,1.55,-1.1,6,0.63,0.39,1.21,4.0,0.23,CT on P,10,
feature_0 > 0.818 AND feature_1 > -0.791 AND feature_1 > 1.513 AND feature_7 > 0.51,12.698,0.0,,,4,1.0,0.6,3.538,3.0,0.6,CF,1,5.41
feature_0 > 0.818 AND feature_1 > -0.791 AND feature_1 > 1.513 AND feature_7 > 0.51,12.698,0.0,,,4,1.0,0.6,3.538,3.0,0.6,CF,3,5.41
feature_0 > 0.113 AND feature_0 > 1.652 AND feature_8 <= -1.183 AND feature_7 > 0.02,9.882,0.0,,,4,0.78,0.47,2.818,3.0,0.48,CF,3,5.41
feature_0 > 0.57 AND feature_0 > 1.794 AND feature_0 > 2.26 AND feature_6 > 1.066,9.263,0.0,,,4,0.73,0.44,3.5,2.0,0.59,CF,3,5.41
feature_0 > 0.818 AND feature_1 > -0.791 AND feature_1 > 1.513 AND feature_7 > 0.51,12.698,0.0,,,4,1.0,0.6,3.538,3.0,0.6,CF,5,5.41
feature_0 > 0.113 AND feature_0 > 1.652 AND feature_8 <= -1.183 AND feature_7 > 0.02,9.882,0.0,,,4,0.78,0.47,2.818,3.0,0.48,CF,5,5.41
feature_0 > 0.57 AND feature_0 > 1.794 AND feature_0 > 2.26 AND feature_6 > 1.066,9.263,0.0,,,4,0.73,0.44,3.5,2.0,0.59,CF,5,5.41
feature_0 > 0.949 AND feature_0 <= 2.107 AND feature_6 > 1.621 AND feature_6 > 1.824,8.691,0.01,,,4,0.68,0.41,2.028,2.0,0.35,CF,5,5.41
feature_0 > -0.595 AND feature_1 > 1.189 AND feature_0 > 0.399 AND feature_9 <= -1.638,8.481,0.0,,,4,0.67,0.4,2.635,3.0,0.45,CF,5,5.41
feature_0 > 0.818 AND feature_1 > -0.791 AND feature_1 > 1.513 AND feature_7 > 0.51,12.698,0.0,,,4,1.0,0.6,3.538,3.0,0.58,CF,7,5.41
feature_0 > 0.113 AND feature_0 > 1.652 AND feature_8 <= -1.183 AND feature_7 > 0.02,9.882,0.0,,,4,0.78,0.47,2.818,3.0,0.47,CF,7,5.41
feature_0 > 0.57 AND feature_0 > 1.794 AND feature_0 > 2.26 AND feature_6 > 1.066,9.263,0.0,,,4,0.73,0.44,3.5,2.0,0.58,CF,7,5.41
feature_0 > 0.949 AND feature_0 <= 2.107 AND feature_6 > 1.621 AND feature_6 > 1.824,8.691,0.01,,,4,0.68,0.41,2.028,2.0,0.34,CF,7,5.41
feature_0 > -0.595 AND feature_1 > 1.189 AND feature_0 > 0.399 AND feature_9 <= -1.638,8.481,0.0,,,4,0.67,0.4,2.635,3.0,0.44,CF,7,5.41
feature_0 > 0.417 AND feature_0 > 2.03 AND feature_1 > 0.687 AND feature_0 <= 2.345,7.6,0.0,,,4,0.6,0.36,3.629,2.0,0.6,CF,7,5.41
feature_0 > 0.942 AND feature_9 <= 0.53 AND feature_2 <= -0.604 AND feature_4 > 1.17,7.305,0.01,,,4,0.58,0.35,2.271,4.0,0.38,CF,7,5.41
feature_0 > 0.818 AND feature_1 > -0.791 AND feature_1 > 1.513 AND feature_7 > 0.51,12.698,0.0,,,4,1.0,0.6,3.538,3.0,0.58,CF,10,5.41
feature_0 > 0.113 AND feature_0 > 1.652 AND feature_8 <= -1.183 AND feature_7 > 0.02,9.882,0.0,,,4,0.78,0.47,2.818,3.0,0.47,CF,10,5.41
feature_0 > 0.57 AND feature_0 > 1.794 AND feature_0 > 2.26 AND feature_6 > 1.066,9.263,0.0,,,4,0.73,0.44,3.5,2.0,0.58,CF,10,5.41
feature_0 > 0.949 AND feature_0 <= 2.107 AND feature_6 > 1.621 AND feature_6 > 1.824,8.691,0.01,,,4,0.68,0.41,2.028,2.0,0.34,CF,10,5.41
feature_0 > -0.595 AND feature_1 > 1.189 AND feature_0 > 0.399 AND feature_9 <= -1.638,8.481,0.0,,,4,0.67,0.4,2.635,3.0,0.44,CF,10,5.41
feature_0 > 0.417 AND feature_0 > 2.03 AND feature_1 > 0.687 AND feature_0 <= 2.345,7.6,0.0,,,4,0.6,0.36,3.629,2.0,0.6,CF,10,5.41
feature_0 > 0.942 AND feature_9 <= 0.53 AND feature_2 <= -0.604 AND feature_4 > 1.17,7.305,0.01,,,4,0.58,0.35,2.271,4.0,0.38,CF,10,5.41
feature_0 > 1.422 AND feature_9 <= -1.08 AND feature_5 > -0.506 AND feature_8 > -0.453,7.087,0.01,,,4,0.56,0.34,2.785,4.0,0.46,CF,10,5.41
feature_0 <= 1.338,0.726,0.74,,,1,0.06,0.33,0.632,1.0,0.4,CF,10,5.41
feature_0 > -0.967,1.097,0.68,,,1,0.09,0.32,1.105,1.0,0.45,CF,10,5.41
feature_0 > -0.462 AND feature_0 > 0.894 AND feature_0 > 1.71 AND feature_0 > 2.026,2.966,0.02,,,4,1.0,0.61,3.19,1.0,0.61,CF SingleTree,1,0.6
feature_0 > -0.462 AND feature_0 > 0.894 AND feature_0 > 1.71 AND feature_0 > 2.026,2.966,0.02,,,4,1.0,0.61,3.19,1.0,0.61,CF SingleTree,3,0.6
feature_0 > -0.462 AND feature_0 > 0.894 AND feature_0 > 1.71,2.788,0.04,,,3,0.94,0.58,2.939,1.0,0.57,CF SingleTree,3,0.6
feature_0 > -0.462 AND feature_0 > 0.894 AND feature_0 > 1.71 AND feature_0 <= 2.026,2.59,0.02,,,4,0.87,0.53,2.659,1.0,0.51,CF SingleTree,3,0.6
feature_0 > -0.462 AND feature_0 > 0.894 AND feature_0 > 1.71 AND feature_0 > 2.026,2.966,0.02,,,4,1.0,0.61,3.19,1.0,0.61,CF SingleTree,5,0.6
feature_0 > -0.462 AND feature_0 > 0.894 AND feature_0 > 1.71,2.788,0.04,,,3,0.94,0.58,2.939,1.0,0.57,CF SingleTree,5,0.6
feature_0 > -0.462 AND feature_0 > 0.894 AND feature_0 > 1.71 AND feature_0 <= 2.026,2.59,0.02,,,4,0.87,0.53,2.659,1.0,0.51,CF SingleTree,5,0.6
feature_0 > -0.462,1.331,0.58,,,1,0.45,0.5,1.333,1.0,0.48,CF SingleTree,5,0.6
feature_0 > -0.462 AND feature_0 > 0.894,2.065,0.18,,,2,0.7,0.49,2.239,1.0,0.49,CF SingleTree,5,0.6
feature_0 > -0.462 AND feature_0 > 0.894 AND feature_0 > 1.71 AND feature_0 > 2.026,2.966,0.02,,,4,1.0,0.61,3.19,1.0,0.61,CF SingleTree,7,0.6
feature_0 > -0.462 AND feature_0 > 0.894 AND feature_0 > 1.71,2.788,0.04,,,3,0.94,0.58,2.939,1.0,0.57,CF SingleTree,7,0.6
feature_0 > -0.462 AND feature_0 > 0.894 AND feature_0 > 1.71 AND feature_0 <= 2.026,2.59,0.02,,,4,0.87,0.53,2.659,1.0,0.51,CF SingleTree,7,0.6
feature_0 > -0.462,1.331,0.58,,,1,0.45,0.5,1.333,1.0,0.48,CF SingleTree,7,0.6
feature_0 > -0.462 AND feature_0 > 0.894,2.065,0.18,,,2,0.7,0.49,2.239,1.0,0.49,CF SingleTree,7,0.6
feature_0 > -0.462 AND feature_0 > 0.894 AND feature_0 <= 1.71 AND feature_1 > 0.323,2.118,0.06,,,4,0.71,0.45,2.549,2.0,0.5,CF SingleTree,7,0.6
feature_0 > -0.462 AND feature_0 > 0.894 AND feature_0 <= 1.71,1.86,0.14,,,3,0.63,0.43,2.042,1.0,0.44,CF SingleTree,7,0.6
feature_0 > -0.462 AND feature_0 > 0.894 AND feature_0 > 1.71 AND feature_0 > 2.026,2.966,0.02,,,4,1.0,0.61,3.19,1.0,0.61,CF SingleTree,10,0.6
feature_0 > -0.462 AND feature_0 > 0.894 AND feature_0 > 1.71,2.788,0.04,,,3,0.94,0.58,2.939,1.0,0.57,CF SingleTree,10,0.6
feature_0 > -0.462 AND feature_0 > 0.894 AND feature_0 > 1.71 AND feature_0 <= 2.026,2.59,0.02,,,4,0.87,0.53,2.659,1.0,0.51,CF SingleTree,10,0.6
feature_0 > -0.462,1.331,0.58,,,1,0.45,0.5,1.333,1.0,0.48,CF SingleTree,10,0.6
feature_0 > -0.462 AND feature_0 > 0.894,2.065,0.18,,,2,0.7,0.49,2.239,1.0,0.49,CF SingleTree,10,0.6
feature_0 > -0.462 AND feature_0 > 0.894 AND feature_0 <= 1.71 AND feature_1 > 0.323,2.118,0.06,,,4,0.71,0.45,2.549,2.0,0.5,CF SingleTree,10,0.6
feature_0 > -0.462 AND feature_0 > 0.894 AND feature_0 <= 1.71,1.86,0.14,,,3,0.63,0.43,2.042,1.0,0.44,CF SingleTree,10,0.6
feature_0 > -0.462 AND feature_0 <= 0.894,1.05,0.44,,,2,0.35,0.39,0.987,1.0,0.36,CF SingleTree,10,0.6
feature_0 > -0.462 AND feature_0 > 0.894 AND feature_0 <= 1.71 AND feature_1 <= 0.323,1.694,0.09,,,4,0.57,0.38,1.714,2.0,0.36,CF SingleTree,10,0.6
feature_0 > -0.462 AND feature_0 <= 0.894 AND feature_1 > 0.323 AND feature_0 > 0.14,1.564,0.09,,,4,0.53,0.35,1.862,2.0,0.39,CF SingleTree,10,0.6
feature_7 > 0.938 AND feature_3 > -0.366 AND feature_3 <= 1.156 AND feature_0 > -0.787 AND feature_0 > 0.156 AND feature_1 > 0.563,4.099,0.02,0.97,5.07,6,1.0,0.61,2.402,4.0,0.61,CT on D,1,
feature_7 > 0.938 AND feature_3 > -0.366 AND feature_3 <= 1.156 AND feature_0 > -0.787 AND feature_0 > 0.156 AND feature_1 > 0.563,4.099,0.02,0.97,5.07,6,1.0,0.61,2.402,4.0,0.45,CT on D,3,
feature_7 <= 0.938 AND feature_0 > -0.87 AND feature_0 > 0.515 AND feature_1 > 0.43 AND feature_0 > 1.36 AND feature_5 <= -0.075,4.106,0.01,1.57,5.67,6,1.0,0.6,3.273,4.0,0.6,CT on D,3,
feature_7 <= 0.938 AND feature_0 > -0.87 AND feature_0 > 0.515 AND feature_1 <= 0.43 AND feature_0 > 1.464 AND feature_8 <= -0.576,3.916,0.01,0.3,4.22,6,0.95,0.58,2.434,4.0,0.45,CT on D,3,
feature_7 > 0.938 AND feature_3 > -0.366 AND feature_3 <= 1.156 AND feature_0 > -0.787 AND feature_0 > 0.156 AND feature_1 > 0.563,4.099,0.02,0.97,5.07,6,1.0,0.61,2.402,4.0,0.45,CT on D,5,
feature_7 <= 0.938 AND feature_0 > -0.87 AND feature_0 > 0.515 AND feature_1 > 0.43 AND feature_0 > 1.36 AND feature_5 <= -0.075,4.106,0.01,1.57,5.67,6,1.0,0.6,3.273,4.0,0.6,CT on D,5,
feature_7 <= 0.938 AND feature_0 > -0.87 AND feature_0 > 0.515 AND feature_1 <= 0.43 AND feature_0 > 1.464 AND feature_8 <= -0.576,3.916,0.01,0.3,4.22,6,0.95,0.58,2.434,4.0,0.45,CT on D,5,
feature_7 <= 0.938 AND feature_0 > -0.87 AND feature_0 > 0.515 AND feature_1 > 0.43 AND feature_0 > 1.36,3.389,0.02,1.81,5.2,5,0.83,0.5,3.235,3.0,0.6,CT on D,5,
feature_7 <= 0.938 AND feature_0 > -0.87 AND feature_0 <= 0.515 AND feature_1 > 1.118 AND feature_2 > 0.868,2.971,0.01,0.27,3.24,5,0.72,0.44,1.641,4.0,0.3,CT on D,5,
feature_7 > 0.938 AND feature_3 > -0.366 AND feature_3 <= 1.156 AND feature_0 > -0.787 AND feature_0 > 0.156 AND feature_1 > 0.563,4.099,0.02,0.97,5.07,6,1.0,0.61,2.402,4.0,0.45,CT on D,7,
feature_7 <= 0.938 AND feature_0 > -0.87 AND feature_0 > 0.515 AND feature_1 > 0.43 AND feature_0 > 1.36 AND feature_5 <= -0.075,4.106,0.01,1.57,5.67,6,1.0,0.6,3.273,4.0,0.6,CT on D,7,
feature_7 <= 0.938 AND feature_0 > -0.87 AND feature_0 > 0.515 AND feature_1 <= 0.43 AND feature_0 > 1.464 AND feature_8 <= -0.576,3.916,0.01,0.3,4.22,6,0.95,0.58,2.434,4.0,0.45,CT on D,7,
feature_7 <= 0.938 AND feature_0 > -0.87 AND feature_0 > 0.515 AND feature_1 > 0.43 AND feature_0 > 1.36,3.389,0.02,1.81,5.2,5,0.83,0.5,3.235,3.0,0.6,CT on D,7,
feature_7 <= 0.938 AND feature_0 > -0.87 AND feature_0 <= 0.515 AND feature_1 > 1.118 AND feature_2 > 0.868,2.971,0.01,0.27,3.24,5,0.72,0.44,1.641,4.0,0.3,CT on D,7,
feature_7 <= 0.938 AND feature_0 > -0.87 AND feature_0 > 0.515 AND feature_1 > 0.43 AND feature_0 <= 1.36 AND feature_3 > -0.452,2.734,0.06,1.45,4.18,6,0.67,0.42,2.316,4.0,0.45,CT on D,7,
feature_7 <= 0.938 AND feature_0 > -0.87 AND feature_0 > 0.515 AND feature_1 > 0.43,2.644,0.08,1.6,4.24,4,0.64,0.42,2.583,3.0,0.51,CT on D,7,
feature_7 > 0.938 AND feature_3 > -0.366 AND feature_3 <= 1.156 AND feature_0 > -0.787 AND feature_0 > 0.156 AND feature_1 > 0.563,4.099,0.02,0.97,5.07,6,1.0,0.61,2.402,4.0,0.45,CT on D,10,
feature_7 <= 0.938 AND feature_0 > -0.87 AND feature_0 > 0.515 AND feature_1 > 0.43 AND feature_0 > 1.36 AND feature_5 <= -0.075,4.106,0.01,1.57,5.67,6,1.0,0.6,3.273,4.0,0.6,CT on D,10,
feature_7 <= 0.938 AND feature_0 > -0.87 AND feature_0 > 0.515 AND feature_1 <= 0.43 AND feature_0 > 1.464 AND feature_8 <= -0.576,3.916,0.01,0.3,4.22,6,0.95,0.58,2.434,4.0,0.45,CT on D,10,
feature_7 <= 0.938 AND feature_0 > -0.87 AND feature_0 > 0.515 AND feature_1 > 0.43 AND feature_0 > 1.36,3.389,0.02,1.81,5.2,5,0.83,0.5,3.235,3.0,0.6,CT on D,10,
feature_7 <= 0.938 AND feature_0 > -0.87 AND feature_0 <= 0.515 AND feature_1 > 1.118 AND feature_2 > 0.868,2.971,0.01,0.27,3.24,5,0.72,0.44,1.641,4.0,0.3,CT on D,10,
feature_7 <= 0.938 AND feature_0 > -0.87 AND feature_0 > 0.515 AND feature_1 > 0.43 AND feature_0 <= 1.36 AND feature_3 > -0.452,2.734,0.06,1.45,4.18,6,0.67,0.42,2.316,4.0,0.45,CT on D,10,
feature_7 <= 0.938 AND feature_0 > -0.87 AND feature_0 > 0.515 AND feature_1 > 0.43,2.644,0.08,1.6,4.24,4,0.64,0.42,2.583,3.0,0.51,CT on D,10,
feature_7 <= 0.938 AND feature_0 > -0.87 AND feature_0 > 0.515 AND feature_1 <= 0.43 AND feature_0 > 1.464,2.511,0.04,0.85,3.36,5,0.61,0.38,2.401,3.0,0.46,CT on D,10,
feature_7 <= 0.938 AND feature_0 > -0.87 AND feature_0 > 0.515 AND feature_1 > 0.43 AND feature_0 > 1.36 AND feature_5 > -0.075,2.53,0.01,2.1,4.63,6,0.62,0.37,3.189,4.0,0.59,CT on D,10,
feature_7 > 0.938 AND feature_3 > -0.366 AND feature_3 <= 1.156 AND feature_0 > -0.787 AND feature_0 > 0.156,2.355,0.06,0.87,3.22,5,0.57,0.37,1.776,3.0,0.35,CT on D,10,
feature_2 > -0.818 AND feature_0 > -0.206 AND feature_1 > 1.116 AND feature_6 > 0.234,4.987,0.02,0.58,5.57,4,1.0,0.61,2.513,4.0,0.61,CT on P,1,
feature_2 > -0.818 AND feature_0 > -0.206 AND feature_1 > 1.116 AND feature_6 > 0.234,4.987,0.02,0.58,5.57,4,1.0,0.61,2.513,4.0,0.6,CT on P,3,
feature_2 > -0.818 AND feature_0 > -0.206 AND feature_1 <= 1.116 AND feature_3 <= 1.659 AND feature_0 > 1.467 AND feature_7 > 0.196,3.708,0.02,1.0,4.71,6,0.74,0.45,2.536,5.0,0.61,CT on P,3,
feature_2 > -0.818 AND feature_0 > -0.206 AND feature_1 > 1.116,3.388,0.06,1.42,4.81,3,0.68,0.43,2.459,3.0,0.61,CT on P,3,
feature_2 > -0.818 AND feature_0 > -0.206 AND feature_1 > 1.116 AND feature_6 > 0.234,4.987,0.02,0.58,5.57,4,1.0,0.61,2.513,4.0,0.6,CT on P,5,
feature_2 > -0.818 AND feature_0 > -0.206 AND feature_1 <= 1.116 AND feature_3 <= 1.659 AND feature_0 > 1.467 AND feature_7 > 0.196,3.708,0.02,1.0,4.71,6,0.74,0.45,2.536,5.0,0.61,CT on P,5,
feature_2 > -0.818 AND feature_0 > -0.206 AND feature_1 > 1.116,3.388,0.06,1.42,4.81,3,0.68,0.43,2.459,3.0,0.61,CT on P,5,
feature_2 > -0.818,0.889,0.79,1.33,2.22,1,0.18,0.42,0.803,1.0,0.51,CT on P,5,
feature_2 > -0.818 AND feature_0 <= -0.206 AND feature_1 <= 0.062 AND feature_0 <= -1.721,3.231,0.02,2.68,-0.56,4,0.65,0.4,1.674,3.0,0.4,CT on P,5,
feature_2 > -0.818 AND feature_0 > -0.206 AND feature_1 > 1.116 AND feature_6 > 0.234,4.987,0.02,0.58,5.57,4,1.0,0.61,2.513,4.0,0.6,CT on P,7,
feature_2 > -0.818 AND feature_0 > -0.206 AND feature_1 <= 1.116 AND feature_3 <= 1.659 AND feature_0 > 1.467 AND feature_7 > 0.196,3.708,0.02,1.0,4.71,6,0.74,0.45,2.536,5.0,0.61,CT on P,7,
feature_2 > -0.818 AND feature_0 > -0.206 AND feature_1 > 1.116,3.388,0.06,1.42,4.81,3,0.68,0.43,2.459,3.0,0.61,CT on P,7,
feature_2 > -0.818,0.889,0.79,1.33,2.22,1,0.18,0.42,0.803,1.0,0.51,CT on P,7,
feature_2 > -0.818 AND feature_0 <= -0.206 AND feature_1 <= 0.062 AND feature_0 <= -1.721,3.231,0.02,2.68,-0.56,4,0.65,0.4,1.674,3.0,0.4,CT on P,7,
feature_2 > -0.818 AND feature_0 > -0.206 AND feature_1 > 1.116 AND feature_6 <= 0.234 AND feature_6 > -0.686,3.187,0.02,1.5,4.69,5,0.64,0.39,2.375,4.0,0.57,CT on P,7,
feature_2 > -0.818 AND feature_0 > -0.206,1.632,0.46,1.31,2.94,2,0.33,0.38,1.476,2.0,0.53,CT on P,7,
feature_2 > -0.818 AND feature_0 > -0.206 AND feature_1 > 1.116 AND feature_6 > 0.234,4.987,0.02,0.58,5.57,4,1.0,0.61,2.513,4.0,0.6,CT on P,10,
feature_2 > -0.818 AND feature_0 > -0.206 AND feature_1 <= 1.116 AND feature_3 <= 1.659 AND feature_0 > 1.467 AND feature_7 > 0.196,3.708,0.02,1.0,4.71,6,0.74,0.45,2.536,5.0,0.61,CT on P,10,
feature_2 > -0.818 AND feature_0 > -0.206 AND feature_1 > 1.116,3.388,0.06,1.42,4.81,3,0.68,0.43,2.459,3.0,0.61,CT on P,10,
feature_2 > -0.818,0.889,0.79,1.33,2.22,1,0.18,0.42,0.803,1.0,0.51,CT on P,10,
feature_2 > -0.818 AND feature_0 <= -0.206 AND feature_1 <= 0.062 AND feature_0 <= -1.721,3.231,0.02,2.68,-0.56,4,0.65,0.4,1.674,3.0,0.4,CT on P,10,
feature_2 > -0.818 AND feature_0 > -0.206 AND feature_1 > 1.116 AND feature_6 <= 0.234 AND feature_6 > -0.686,3.187,0.02,1.5,4.69,5,0.64,0.39,2.375,4.0,0.57,CT on P,10,
feature_2 > -0.818 AND feature_0 > -0.206,1.632,0.46,1.31,2.94,2,0.33,0.38,1.476,2.0,0.53,CT on P,10,
feature_2 > -0.818 AND feature_0 > -0.206 AND feature_1 <= 1.116 AND feature_3 <= 1.659 AND feature_0 > 1.467,2.8,0.05,1.44,4.25,5,0.56,0.36,2.529,4.0,0.62,CT on P,10,
feature_2 > -0.818 AND feature_0 > -0.206 AND feature_1 <= 1.116 AND feature_3 <= 1.659,1.489,0.37,1.11,2.6,4,0.3,0.33,1.323,4.0,0.46,CT on P,10,
feature_2 > -0.818 AND feature_0 > -0.206 AND feature_1 <= 1.116,1.355,0.4,1.29,2.65,3,0.27,0.32,1.321,3.0,0.47,CT on P,10,
feature_0 > -0.906 AND feature_1 > 1.146 AND feature_9 > 1.446 AND feature_4 <= -0.667,25.511,0.0,,,4,1.0,0.6,2.22,4.0,0.6,CF,1,6.04
feature_0 > -0.906 AND feature_1 > 1.146 AND feature_9 > 1.446 AND feature_4 <= -0.667,25.511,0.0,,,4,1.0,0.6,2.22,4.0,0.6,CF,3,6.04
feature_0 > -0.364 AND feature_3 > -1.657 AND feature_3 > -0.245,1.544,0.64,,,3,0.06,0.29,1.391,2.0,0.63,CF,3,6.04
feature_0 > -0.364 AND feature_3 > -1.657 AND feature_3 > -0.245 AND feature_0 <= 1.563,1.383,0.59,,,4,0.05,0.27,1.249,2.0,0.57,CF,3,6.04
feature_0 > -0.906 AND feature_1 > 1.146 AND feature_9 > 1.446 AND feature_4 <= -0.667,25.511,0.0,,,4,1.0,0.6,2.22,4.0,0.6,CF,5,6.04
feature_0 > -0.364 AND feature_3 > -1.657 AND feature_3 > -0.245,1.544,0.64,,,3,0.06,0.29,1.391,2.0,0.63,CF,5,6.04
feature_0 > -0.364 AND feature_3 > -1.657 AND feature_3 > -0.245 AND feature_0 <= 1.563,1.383,0.59,,,4,0.05,0.27,1.249,2.0,0.57,CF,5,6.04
feature_0 <= 1.474,0.849,0.56,,,1,0.03,0.24,0.668,1.0,0.4,CF,5,6.04
feature_0 > -1.14,1.183,0.54,,,1,0.05,0.24,1.047,1.0,0.5,CF,5,6.04
feature_0 > -0.906 AND feature_1 > 1.146 AND feature_9 > 1.446 AND feature_4 <= -0.667,25.511,0.0,,,4,1.0,0.6,2.22,4.0,0.6,CF,7,6.04
feature_0 > -0.364 AND feature_3 > -1.657 AND feature_3 > -0.245,1.544,0.64,,,3,0.06,0.29,1.391,2.0,0.63,CF,7,6.04
feature_0 > -0.364 AND feature_3 > -1.657 AND feature_3 > -0.245 AND feature_0 <= 1.563,1.383,0.59,,,4,0.05,0.27,1.249,2.0,0.57,CF,7,6.04
feature_0 <= 1.474,0.849,0.56,,,1,0.03,0.24,0.668,1.0,0.4,CF,7,6.04
feature_0 > -1.14,1.183,0.54,,,1,0.05,0.24,1.047,1.0,0.5,CF,7,6.04
feature_0 > -1.051,1.313,0.53,,,1,0.05,0.24,1.078,1.0,0.5,CF,7,6.04
feature_0 > -1.432,0.961,0.55,,,1,0.04,0.24,0.958,1.0,0.48,CF,7,6.04
feature_0 > -0.906 AND feature_1 > 1.146 AND feature_9 > 1.446 AND feature_4 <= -0.667,25.511,0.0,,,4,1.0,0.6,2.22,4.0,0.6,CF,10,6.04
feature_0 > -0.364 AND feature_3 > -1.657 AND feature_3 > -0.245,1.544,0.64,,,3,0.06,0.29,1.391,2.0,0.63,CF,10,6.04
feature_0 > -0.364 AND feature_3 > -1.657 AND feature_3 > -0.245 AND feature_0 <= 1.563,1.383,0.59,,,4,0.05,0.27,1.249,2.0,0.57,CF,10,6.04
feature_0 <= 1.474,0.849,0.56,,,1,0.03,0.24,0.668,1.0,0.4,CF,10,6.04
feature_0 > -1.14,1.183,0.54,,,1,0.05,0.24,1.047,1.0,0.5,CF,10,6.04
feature_0 > -1.051,1.313,0.53,,,1,0.05,0.24,1.078,1.0,0.5,CF,10,6.04
feature_0 > -1.432,0.961,0.55,,,1,0.04,0.24,0.958,1.0,0.48,CF,10,6.04
feature_0 > -1.115,1.092,0.54,,,1,0.04,0.24,1.055,1.0,0.5,CF,10,6.04
feature_0 > -1.115,1.055,0.54,,,1,0.04,0.24,1.055,1.0,0.5,CF,10,6.04
feature_0 > -1.044,1.22,0.53,,,1,0.05,0.24,1.082,1.0,0.5,CF,10,6.04
feature_0 > 0.066 AND feature_0 > 1.468 AND feature_0 > 1.808 AND feature_1 > 0.435,2.771,0.01,,,4,1.0,0.6,3.581,2.0,0.6,CF SingleTree,1,0.57
feature_0 > 0.066 AND feature_0 > 1.468 AND feature_0 > 1.808 AND feature_1 > 0.435,2.771,0.01,,,4,1.0,0.6,3.581,2.0,0.6,CF SingleTree,3,0.57
feature_0 > 0.066 AND feature_0 > 1.468 AND feature_0 <= 1.808 AND feature_1 > 1.148,2.638,0.0,,,4,0.95,0.57,3.456,2.0,0.58,CF SingleTree,3,0.57
feature_0 > 0.066 AND feature_0 > 1.468 AND feature_0 > 1.808,2.56,0.04,,,3,0.92,0.57,3.016,1.0,0.52,CF SingleTree,3,0.57
feature_0 > 0.066 AND feature_0 > 1.468 AND feature_0 > 1.808 AND feature_1 > 0.435,2.771,0.01,,,4,1.0,0.6,3.581,2.0,0.6,CF SingleTree,5,0.57
feature_0 > 0.066 AND feature_0 > 1.468 AND feature_0 <= 1.808 AND feature_1 > 1.148,2.638,0.0,,,4,0.95,0.57,3.456,2.0,0.58,CF SingleTree,5,0.57
feature_0 > 0.066 AND feature_0 > 1.468 AND feature_0 > 1.808,2.56,0.04,,,3,0.92,0.57,3.016,1.0,0.52,CF SingleTree,5,0.57
feature_0 > 0.066 AND feature_0 > 1.468 AND feature_0 > 1.808 AND feature_1 <= 0.435,2.441,0.02,,,4,0.88,0.54,2.699,2.0,0.46,CF SingleTree,5,0.57
feature_0 > 0.066 AND feature_0 > 1.468,2.326,0.07,,,2,0.84,0.53,2.718,1.0,0.48,CF SingleTree,5,0.57
feature_0 > 0.066 AND feature_0 > 1.468 AND feature_0 > 1.808 AND feature_1 > 0.435,2.771,0.01,,,4,1.0,0.6,3.581,2.0,0.6,CF SingleTree,7,0.57
feature_0 > 0.066 AND feature_0 > 1.468 AND feature_0 <= 1.808 AND feature_1 > 1.148,2.638,0.0,,,4,0.95,0.57,3.456,2.0,0.58,CF SingleTree,7,0.57
feature_0 > 0.066 AND feature_0 > 1.468 AND feature_0 > 1.808,2.56,0.04,,,3,0.92,0.57,3.016,1.0,0.52,CF SingleTree,7,0.57
feature_0 > 0.066 AND feature_0 > 1.468 AND feature_0 > 1.808 AND feature_1 <= 0.435,2.441,0.02,,,4,0.88,0.54,2.699,2.0,0.46,CF SingleTree,7,0.57
feature_0 > 0.066 AND feature_0 > 1.468,2.326,0.07,,,2,0.84,0.53,2.718,1.0,0.48,CF SingleTree,7,0.57
feature_0 > 0.066 AND feature_0 <= 1.468 AND feature_1 > 1.158 AND feature_0 > 0.588,2.339,0.03,,,4,0.84,0.52,2.856,2.0,0.49,CF SingleTree,7,0.57
feature_0 > 0.066 AND feature_0 <= 1.468 AND feature_1 > 1.158,2.12,0.05,,,3,0.77,0.48,2.483,2.0,0.44,CF SingleTree,7,0.57
feature_0 > 0.066 AND feature_0 > 1.468 AND feature_0 > 1.808 AND feature_1 > 0.435,2.771,0.01,,,4,1.0,0.6,3.581,2.0,0.6,CF SingleTree,10,0.57
feature_0 > 0.066 AND feature_0 > 1.468 AND feature_0 <= 1.808 AND feature_1 > 1.148,2.638,0.0,,,4,0.95,0.57,3.456,2.0,0.58,CF SingleTree,10,0.57
feature_0 > 0.066 AND feature_0 > 1.468 AND feature_0 > 1.808,2.56,0.04,,,3,0.92,0.57,3.016,1.0,0.52,CF SingleTree,10,0.57
feature_0 > 0.066 AND feature_0 > 1.468 AND feature_0 > 1.808 AND feature_1 <= 0.435,2.441,0.02,,,4,0.88,0.54,2.699,2.0,0.46,CF SingleTree,10,0.57
feature_0 > 0.066 AND feature_0 > 1.468,2.326,0.07,,,2,0.84,0.53,2.718,1.0,0.48,CF SingleTree,10,0.57
feature_0 > 0.066 AND feature_0 <= 1.468 AND feature_1 > 1.158 AND feature_0 > 0.588,2.339,0.03,,,4,0.84,0.52,2.856,2.0,0.49,CF SingleTree,10,0.57
feature_0 > 0.066 AND feature_0 <= 1.468 AND feature_1 > 1.158,2.12,0.05,,,3,0.77,0.48,2.483,2.0,0.44,CF SingleTree,10,0.57
feature_0 > 0.066 AND feature_0 > 1.468 AND feature_0 <= 1.808,2.111,0.03,,,3,0.76,0.47,2.442,1.0,0.42,CF SingleTree,10,0.57
feature_0 > 0.066 AND feature_0 > 1.468 AND feature_0 <= 1.808 AND feature_1 <= 1.148,2.029,0.03,,,4,0.73,0.45,2.285,2.0,0.39,CF SingleTree,10,0.57
feature_0 > 0.066,1.322,0.36,,,1,0.48,0.43,1.643,1.0,0.42,CF SingleTree,10,0.57
feature_7 <= 1.133 AND feature_0 > 0.003 AND feature_0 > 1.415 AND feature_1 > 0.916,4.228,0.01,1.91,6.14,4,1.0,0.6,3.566,3.0,0.6,CT on D,1,
feature_7 <= 1.133 AND feature_0 > 0.003 AND feature_0 > 1.415 AND feature_1 > 0.916,4.228,0.01,1.91,6.14,4,1.0,0.6,3.566,3.0,0.6,CT on D,3,
feature_7 <= 1.133 AND feature_0 > 0.003 AND feature_0 > 1.415 AND feature_1 <= 0.916 AND feature_0 <= 1.546,3.796,0.01,0.21,4.01,5,0.9,0.54,2.107,3.0,0.36,CT on D,3,
feature_7 > 1.133 AND feature_6 > -0.615 AND feature_4 > -0.823 AND feature_0 > 0.136 AND feature_8 <= -0.019,3.138,0.01,0.62,3.75,5,0.74,0.45,1.676,5.0,0.29,CT on D,3,
feature_7 <= 1.133 AND feature_0 > 0.003 AND feature_0 > 1.415 AND feature_1 > 0.916,4.228,0.01,1.91,6.14,4,1.0,0.6,3.566,3.0,0.6,CT on D,5,
feature_7 <= 1.133 AND feature_0 > 0.003 AND feature_0 > 1.415 AND feature_1 <= 0.916 AND feature_0 <= 1.546,3.796,0.01,0.21,4.01,5,0.9,0.54,2.107,3.0,0.36,CT on D,5,
feature_7 > 1.133 AND feature_6 > -0.615 AND feature_4 > -0.823 AND feature_0 > 0.136 AND feature_8 <= -0.019,3.138,0.01,0.62,3.75,5,0.74,0.45,1.676,5.0,0.29,CT on D,5,
feature_7 <= 1.133 AND feature_0 > 0.003 AND feature_0 > 1.415,2.889,0.06,1.11,4.0,3,0.68,0.43,2.656,2.0,0.47,CT on D,5,
feature_7 <= 1.133 AND feature_0 > 0.003 AND feature_0 > 1.415 AND feature_1 <= 0.916 AND feature_0 > 1.546 AND feature_6 > 0.158,2.911,0.02,0.93,3.84,6,0.69,0.42,2.563,4.0,0.44,CT on D,5,
feature_7 <= 1.133 AND feature_0 > 0.003 AND feature_0 > 1.415 AND feature_1 > 0.916,4.228,0.01,1.91,6.14,4,1.0,0.6,3.566,3.0,0.6,CT on D,7,
feature_7 <= 1.133 AND feature_0 > 0.003 AND feature_0 > 1.415 AND feature_1 <= 0.916 AND feature_0 <= 1.546,3.796,0.01,0.21,4.01,5,0.9,0.54,2.107,3.0,0.36,CT on D,7,
feature_7 > 1.133 AND feature_6 > -0.615 AND feature_4 > -0.823 AND feature_0 > 0.136 AND feature_8 <= -0.019,3.138,0.01,0.62,3.75,5,0.74,0.45,1.676,5.0,0.29,CT on D,7,
feature_7 <= 1.133 AND feature_0 > 0.003 AND feature_0 > 1.415,2.889,0.06,1.11,4.0,3,0.68,0.43,2.656,2.0,0.47,CT on D,7,
feature_7 <= 1.133 AND feature_0 > 0.003 AND feature_0 > 1.415 AND feature_1 <= 0.916 AND feature_0 > 1.546 AND feature_6 > 0.158,2.911,0.02,0.93,3.84,6,0.69,0.42,2.563,4.0,0.44,CT on D,7,
feature_7 <= 1.133 AND feature_0 > 0.003 AND feature_0 > 1.415 AND feature_1 <= 0.916,2.588,0.05,0.93,3.52,4,0.61,0.39,2.452,3.0,0.43,CT on D,7,
feature_7 <= 1.133,0.844,0.66,0.94,1.78,1,0.2,0.38,0.784,1.0,0.4,CT on D,7,
feature_7 <= 1.133 AND feature_0 > 0.003 AND feature_0 > 1.415 AND feature_1 > 0.916,4.228,0.01,1.91,6.14,4,1.0,0.6,3.566,3.0,0.6,CT on D,10,
feature_7 <= 1.133 AND feature_0 > 0.003 AND feature_0 > 1.415 AND feature_1 <= 0.916 AND feature_0 <= 1.546,3.796,0.01,0.21,4.01,5,0.9,0.54,2.107,3.0,0.36,CT on D,10,
feature_7 > 1.133 AND feature_6 > -0.615 AND feature_4 > -0.823 AND feature_0 > 0.136 AND feature_8 <= -0.019,3.138,0.01,0.62,3.75,5,0.74,0.45,1.676,5.0,0.29,CT on D,10,
feature_7 <= 1.133 AND feature_0 > 0.003 AND feature_0 > 1.415,2.889,0.06,1.11,4.0,3,0.68,0.43,2.656,2.0,0.47,CT on D,10,
feature_7 <= 1.133 AND feature_0 > 0.003 AND feature_0 > 1.415 AND feature_1 <= 0.916 AND feature_0 > 1.546 AND feature_6 > 0.158,2.911,0.02,0.93,3.84,6,0.69,0.42,2.563,4.0,0.44,CT on D,10,
feature_7 <= 1.133 AND feature_0 > 0.003 AND feature_0 > 1.415 AND feature_1 <= 0.916,2.588,0.05,0.93,3.52,4,0.61,0.39,2.452,3.0,0.43,CT on D,10,
feature_7 <= 1.133,0.844,0.66,0.94,1.78,1,0.2,0.38,0.784,1.0,0.4,CT on D,10,
feature_7 <= 1.133 AND feature_0 > 0.003,1.657,0.37,0.85,2.5,2,0.39,0.38,1.588,2.0,0.42,CT on D,10,
feature_7 <= 1.133 AND feature_0 > 0.003 AND feature_0 <= 1.415 AND feature_8 > -1.703 AND feature_1 > 0.646 AND feature_6 <= 0.377,2.516,0.06,0.93,3.45,6,0.6,0.38,2.091,5.0,0.38,CT on D,10,
feature_7 <= 1.133 AND feature_0 <= 0.003 AND feature_1 > 0.7 AND feature_5 > -0.891 AND feature_4 <= -0.778 AND feature_3 > 0.113,2.597,0.01,-0.29,2.3,6,0.61,0.37,0.78,6.0,0.14,CT on D,10,
feature_5 <= 1.105 AND feature_0 > 2.002,3.677,0.02,1.66,5.33,2,1.0,0.61,3.151,2.0,0.61,CT on P,1,
feature_5 <= 1.105 AND feature_0 > 2.002,3.677,0.02,1.66,5.33,2,1.0,0.61,3.151,2.0,0.61,CT on P,3,
feature_5 <= 1.105 AND feature_0 <= 2.002 AND feature_0 > 0.048 AND feature_8 > -1.843 AND feature_3 > -0.386 AND feature_0 > 1.445,2.979,0.04,1.27,4.25,6,0.81,0.5,2.489,4.0,0.49,CT on P,3,
feature_5 <= 1.105,0.938,0.87,1.04,1.98,1,0.26,0.5,0.78,1.0,0.5,CT on P,3,
feature_5 <= 1.105 AND feature_0 > 2.002,3.677,0.02,1.66,5.33,2,1.0,0.61,3.151,2.0,0.61,CT on P,5,
feature_5 <= 1.105 AND feature_0 <= 2.002 AND feature_0 > 0.048 AND feature_8 > -1.843 AND feature_3 > -0.386 AND feature_0 > 1.445,2.979,0.04,1.27,4.25,6,0.81,0.5,2.489,4.0,0.49,CT on P,5,
feature_5 <= 1.105,0.938,0.87,1.04,1.98,1,0.26,0.5,0.78,1.0,0.5,CT on P,5,
feature_5 <= 1.105 AND feature_0 <= 2.002,0.889,0.85,1.03,1.92,2,0.24,0.49,0.731,2.0,0.48,CT on P,5,
feature_5 <= 1.105 AND feature_0 <= 2.002 AND feature_0 > 0.048 AND feature_8 > -1.843 AND feature_3 > -0.386,1.923,0.33,0.93,2.85,5,0.52,0.45,1.565,4.0,0.43,CT on P,5,
feature_5 <= 1.105 AND feature_0 > 2.002,3.677,0.02,1.66,5.33,2,1.0,0.61,3.151,2.0,0.61,CT on P,7,
feature_5 <= 1.105 AND feature_0 <= 2.002 AND feature_0 > 0.048 AND feature_8 > -1.843 AND feature_3 > -0.386 AND feature_0 > 1.445,2.979,0.04,1.27,4.25,6,0.81,0.5,2.489,4.0,0.49,CT on P,7,
feature_5 <= 1.105,0.938,0.87,1.04,1.98,1,0.26,0.5,0.78,1.0,0.5,CT on P,7,
feature_5 <= 1.105 AND feature_0 <= 2.002,0.889,0.85,1.03,1.92,2,0.24,0.49,0.731,2.0,0.48,CT on P,7,
feature_5 <= 1.105 AND feature_0 <= 2.002 AND feature_0 > 0.048 AND feature_8 > -1.843 AND feature_3 > -0.386,1.923,0.33,0.93,2.85,5,0.52,0.45,1.565,4.0,0.43,CT on P,7,
feature_5 <= 1.105 AND feature_0 <= 2.002 AND feature_0 > 0.048 AND feature_8 > -1.843,1.802,0.37,0.92,2.72,4,0.49,0.44,1.561,3.0,0.45,CT on P,7,
feature_5 <= 1.105 AND feature_0 <= 2.002 AND feature_0 > 0.048,1.73,0.39,0.95,2.68,3,0.47,0.44,1.561,2.0,0.45,CT on P,7,
feature_5 <= 1.105 AND feature_0 > 2.002,3.677,0.02,1.66,5.33,2,1.0,0.61,3.151,2.0,0.61,CT on P,10,
feature_5 <= 1.105 AND feature_0 <= 2.002 AND feature_0 > 0.048 AND feature_8 > -1.843 AND feature_3 > -0.386 AND feature_0 > 1.445,2.979,0.04,1.27,4.25,6,0.81,0.5,2.489,4.0,0.49,CT on P,10,
feature_5 <= 1.105,0.938,0.87,1.04,1.98,1,0.26,0.5,0.78,1.0,0.5,CT on P,10,
feature_5 <= 1.105 AND feature_0 <= 2.002,0.889,0.85,1.03,1.92,2,0.24,0.49,0.731,2.0,0.48,CT on P,10,
feature_5 <= 1.105 AND feature_0 <= 2.002 AND feature_0 > 0.048 AND feature_8 > -1.843 AND feature_3 > -0.386,1.923,0.33,0.93,2.85,5,0.52,0.45,1.565,4.0,0.43,CT on P,10,
feature_5 <= 1.105 AND feature_0 <= 2.002 AND feature_0 > 0.048 AND feature_8 > -1.843,1.802,0.37,0.92,2.72,4,0.49,0.44,1.561,3.0,0.45,CT on P,10,
feature_5 <= 1.105 AND feature_0 <= 2.002 AND feature_0 > 0.048,1.73,0.39,0.95,2.68,3,0.47,0.44,1.561,2.0,0.45,CT on P,10,
feature_5 <= 1.105 AND feature_0 <= 2.002 AND feature_0 > 0.048 AND feature_8 > -1.843 AND feature_3 > -0.386 AND feature_0 <= 1.445,1.783,0.29,0.89,2.67,6,0.48,0.41,1.441,4.0,0.39,CT on P,10,
feature_5 > 1.105 AND feature_1 > -0.248 AND feature_5 > 1.229 AND feature_0 > 0.682,2.334,0.02,2.04,4.37,4,0.63,0.39,2.359,3.0,0.46,CT on P,10,
feature_5 <= 1.105 AND feature_0 <= 2.002 AND feature_0 <= 0.048 AND feature_1 > 1.282 AND feature_0 > -0.808 AND feature_8 > 0.033,2.228,0.02,1.28,3.51,6,0.61,0.37,1.515,4.0,0.3,CT on P,10,
feature_0 > 0.124 AND feature_1 > 1.446 AND feature_6 <= -0.372 AND feature_8 <= 0.093,22.199,0.01,,,4,1.0,0.6,3.009,4.0,0.6,CF,1,5.23
feature_0 > 0.124 AND feature_1 > 1.446 AND feature_6 <= -0.372 AND feature_8 <= 0.093,22.199,0.01,,,4,1.0,0.6,3.009,4.0,0.55,CF,3,5.23
feature_0 > -0.671 AND feature_1 > 1.559 AND feature_0 > 0.389 AND feature_8 <= -0.117,15.779,0.01,,,4,0.71,0.43,3.288,3.0,0.6,CF,3,5.23
feature_0 > -1.468,0.931,0.69,,,1,0.04,0.3,0.93,1.0,0.45,CF,3,5.23
feature_0 > 0.124 AND feature_1 > 1.446 AND feature_6 <= -0.372 AND feature_8 <= 0.093,22.199,0.01,,,4,1.0,0.6,3.009,4.0,0.55,CF,5,5.23
feature_0 > -0.671 AND feature_1 > 1.559 AND feature_0 > 0.389 AND feature_8 <= -0.117,15.779,0.01,,,4,0.71,0.43,3.288,3.0,0.6,CF,5,5.23
feature_0 > -1.468,0.931,0.69,,,1,0.04,0.3,0.93,1.0,0.45,CF,5,5.23
feature_0 <= 1.456,0.667,0.69,,,1,0.03,0.29,0.638,1.0,0.39,CF,5,5.23
feature_0 <= 1.41,0.743,0.68,,,1,0.03,0.29,0.628,1.0,0.39,CF,5,5.23
feature_0 > 0.124 AND feature_1 > 1.446 AND feature_6 <= -0.372 AND feature_8 <= 0.093,22.199,0.01,,,4,1.0,0.6,3.009,4.0,0.55,CF,7,5.23
feature_0 > -0.671 AND feature_1 > 1.559 AND feature_0 > 0.389 AND feature_8 <= -0.117,15.779,0.01,,,4,0.71,0.43,3.288,3.0,0.6,CF,7,5.23
feature_0 > -1.468,0.931,0.69,,,1,0.04,0.3,0.93,1.0,0.45,CF,7,5.23
feature_0 <= 1.456,0.667,0.69,,,1,0.03,0.29,0.638,1.0,0.39,CF,7,5.23
feature_0 <= 1.41,0.743,0.68,,,1,0.03,0.29,0.628,1.0,0.39,CF,7,5.23
feature_0 <= 1.407,0.688,0.68,,,1,0.03,0.29,0.628,1.0,0.39,CF,7,5.23
feature_0 <= 1.22,0.82,0.67,,,1,0.04,0.29,0.575,1.0,0.37,CF,7,5.23
feature_0 > 0.124 AND feature_1 > 1.446 AND feature_6 <= -0.372 AND feature_8 <= 0.093,22.199,0.01,,,4,1.0,0.6,3.009,4.0,0.55,CF,10,5.23
feature_0 > -0.671 AND feature_1 > 1.559 AND feature_0 > 0.389 AND feature_8 <= -0.117,15.779,0.01,,,4,0.71,0.43,3.288,3.0,0.6,CF,10,5.23
feature_0 > -1.468,0.931,0.69,,,1,0.04,0.3,0.93,1.0,0.45,CF,10,5.23
feature_0 <= 1.456,0.667,0.69,,,1,0.03,0.29,0.638,1.0,0.39,CF,10,5.23
feature_0 <= 1.41,0.743,0.68,,,1,0.03,0.29,0.628,1.0,0.39,CF,10,5.23
feature_0 <= 1.407,0.688,0.68,,,1,0.03,0.29,0.628,1.0,0.39,CF,10,5.23
feature_0 <= 1.22,0.82,0.67,,,1,0.04,0.29,0.575,1.0,0.37,CF,10,5.23
feature_0 <= 1.361,0.634,0.68,,,1,0.03,0.29,0.616,1.0,0.38,CF,10,5.23
feature_0 > -1.079,0.969,0.65,,,1,0.04,0.29,1.041,1.0,0.45,CF,10,5.23
feature_0 > -1.005,1.116,0.64,,,1,0.05,0.29,1.067,1.0,0.45,CF,10,5.23
feature_0 > 0.12 AND feature_0 > 1.085 AND feature_1 > 0.775 AND feature_1 > 1.487,2.602,0.01,,,4,1.0,0.6,3.774,2.0,0.6,CF SingleTree,1,0.6
feature_0 > 0.12 AND feature_0 > 1.085 AND feature_1 > 0.775 AND feature_1 > 1.487,2.602,0.01,,,4,1.0,0.6,3.774,2.0,0.6,CF SingleTree,3,0.6
feature_0 > 0.12 AND feature_0 > 1.085 AND feature_1 > 0.775,2.396,0.03,,,3,0.92,0.56,3.24,2.0,0.53,CF SingleTree,3,0.6
feature_0 > 0.12 AND feature_0 > 1.085 AND feature_1 > 0.775 AND feature_1 <= 1.487,2.295,0.02,,,4,0.88,0.54,2.98,2.0,0.48,CF SingleTree,3,0.6
feature_0 > 0.12 AND feature_0 > 1.085 AND feature_1 > 0.775 AND feature_1 > 1.487,2.602,0.01,,,4,1.0,0.6,3.774,2.0,0.6,CF SingleTree,5,0.6
feature_0 > 0.12 AND feature_0 > 1.085 AND feature_1 > 0.775,2.396,0.03,,,3,0.92,0.56,3.24,2.0,0.53,CF SingleTree,5,0.6
feature_0 > 0.12 AND feature_0 > 1.085 AND feature_1 > 0.775 AND feature_1 <= 1.487,2.295,0.02,,,4,0.88,0.54,2.98,2.0,0.48,CF SingleTree,5,0.6
feature_0 > 0.12 AND feature_0 > 1.085,2.037,0.13,,,2,0.78,0.52,2.379,1.0,0.43,CF SingleTree,5,0.6
feature_0 > 0.12,1.544,0.38,,,1,0.59,0.51,1.678,1.0,0.42,CF SingleTree,5,0.6
feature_0 > 0.12 AND feature_0 > 1.085 AND feature_1 > 0.775 AND feature_1 > 1.487,2.602,0.01,,,4,1.0,0.6,3.774,2.0,0.6,CF SingleTree,7,0.6
feature_0 > 0.12 AND feature_0 > 1.085 AND feature_1 > 0.775,2.396,0.03,,,3,0.92,0.56,3.24,2.0,0.53,CF SingleTree,7,0.6
feature_0 > 0.12 AND feature_0 > 1.085 AND feature_1 > 0.775 AND feature_1 <= 1.487,2.295,0.02,,,4,0.88,0.54,2.98,2.0,0.48,CF SingleTree,7,0.6
feature_0 > 0.12 AND feature_0 > 1.085,2.037,0.13,,,2,0.78,0.52,2.379,1.0,0.43,CF SingleTree,7,0.6
feature_0 > 0.12,1.544,0.38,,,1,0.59,0.51,1.678,1.0,0.42,CF SingleTree,7,0.6
feature_0 > 0.12 AND feature_0 <= 1.085 AND feature_1 > 1.23 AND feature_0 > 0.755,2.169,0.01,,,4,0.83,0.5,2.871,2.0,0.46,CF SingleTree,7,0.6
feature_0 > 0.12 AND feature_0 > 1.085 AND feature_1 <= 0.775 AND feature_0 > 1.411,2.074,0.06,,,4,0.8,0.5,2.422,2.0,0.41,CF SingleTree,7,0.6
feature_0 > 0.12 AND feature_0 > 1.085 AND feature_1 > 0.775 AND feature_1 > 1.487,2.602,0.01,,,4,1.0,0.6,3.774,2.0,0.6,CF SingleTree,10,0.6
feature_0 > 0.12 AND feature_0 > 1.085 AND feature_1 > 0.775,2.396,0.03,,,3,0.92,0.56,3.24,2.0,0.53,CF SingleTree,10,0.6
feature_0 > 0.12 AND feature_0 > 1.085 AND feature_1 > 0.775 AND feature_1 <= 1.487,2.295,0.02,,,4,0.88,0.54,2.98,2.0,0.48,CF SingleTree,10,0.6
feature_0 > 0.12 AND feature_0 > 1.085,2.037,0.13,,,2,0.78,0.52,2.379,1.0,0.43,CF SingleTree,10,0.6
feature_0 > 0.12,1.544,0.38,,,1,0.59,0.51,1.678,1.0,0.42,CF SingleTree,10,0.6
feature_0 > 0.12 AND feature_0 <= 1.085 AND feature_1 > 1.23 AND feature_0 > 0.755,2.169,0.01,,,4,0.83,0.5,2.871,2.0,0.46,CF SingleTree,10,0.6
feature_0 > 0.12 AND feature_0 > 1.085 AND feature_1 <= 0.775 AND feature_0 > 1.411,2.074,0.06,,,4,0.8,0.5,2.422,2.0,0.41,CF SingleTree,10,0.6
feature_0 > 0.12 AND feature_0 > 1.085 AND feature_1 <= 0.775,1.944,0.1,,,3,0.75,0.49,2.156,2.0,0.38,CF SingleTree,10,0.6
feature_0 > 0.12 AND feature_0 <= 1.085 AND feature_1 > 1.23,1.896,0.03,,,3,0.73,0.45,2.46,2.0,0.4,CF SingleTree,10,0.6
feature_0 > 0.12 AND feature_0 > 1.085 AND feature_1 <= 0.775 AND feature_0 <= 1.411,1.78,0.05,,,4,0.68,0.43,1.824,2.0,0.31,CF SingleTree,10,0.6
feature_0 > -2.044 AND feature_0 > 0.759 AND feature_1 > -0.15 AND feature_6 <= 1.293 AND feature_7 <= -0.592 AND feature_4 > 0.036,4.057,0.03,0.91,4.96,6,1.0,0.61,2.441,5.0,0.61,CT on D,1,
feature_0 > -2.044 AND feature_0 > 0.759 AND feature_1 > -0.15 AND feature_6 <= 1.293 AND feature_7 <= -0.592 AND feature_4 > 0.036,4.057,0.03,0.91,4.96,6,1.0,0.61,2.441,5.0,0.61,CT on D,3,
feature_0 > -2.044 AND feature_0 > 0.759 AND feature_1 > -0.15 AND feature_6 > 1.293,4.012,0.03,0.73,4.74,4,0.99,0.61,2.462,3.0,0.61,CT on D,3,
feature_0 > -2.044 AND feature_0 > 0.759 AND feature_1 > -0.15 AND feature_6 <= 1.293 AND feature_7 <= -0.592,3.296,0.06,0.91,4.2,5,0.81,0.51,2.445,4.0,0.62,CT on D,3,
feature_0 > -2.044 AND feature_0 > 0.759 AND feature_1 > -0.15 AND feature_6 <= 1.293 AND feature_7 <= -0.592 AND feature_4 > 0.036,4.057,0.03,0.91,4.96,6,1.0,0.61,2.441,5.0,0.6,CT on D,5,
feature_0 > -2.044 AND feature_0 > 0.759 AND feature_1 > -0.15 AND feature_6 > 1.293,4.012,0.03,0.73,4.74,4,0.99,0.61,2.462,3.0,0.61,CT on D,5,
feature_0 > -2.044 AND feature_0 > 0.759 AND feature_1 > -0.15 AND feature_6 <= 1.293 AND feature_7 <= -0.592,3.296,0.06,0.91,4.2,5,0.81,0.51,2.445,4.0,0.61,CT on D,5,
feature_0 > -2.044 AND feature_0 > 0.759,2.279,0.43,0.99,3.27,2,0.56,0.51,2.141,1.0,0.69,CT on D,5,
feature_0 > -2.044 AND feature_0 > 0.759 AND feature_1 > -0.15,2.749,0.24,1.35,4.1,3,0.68,0.5,2.486,2.0,0.7,CT on D,5,
feature_0 > -2.044 AND feature_0 > 0.759 AND feature_1 > -0.15 AND feature_6 <= 1.293 AND feature_7 <= -0.592 AND feature_4 > 0.036,4.057,0.03,0.91,4.96,6,1.0,0.61,2.441,5.0,0.59,CT on D,7,
feature_0 > -2.044 AND feature_0 > 0.759 AND feature_1 > -0.15 AND feature_6 > 1.293,4.012,0.03,0.73,4.74,4,0.99,0.61,2.462,3.0,0.6,CT on D,7,
feature_0 > -2.044 AND feature_0 > 0.759 AND feature_1 > -0.15 AND feature_6 <= 1.293 AND feature_7 <= -0.592,3.296,0.06,0.91,4.2,5,0.81,0.51,2.445,4.0,0.6,CT on D,7,
feature_0 > -2.044 AND feature_0 > 0.759,2.279,0.43,0.99,3.27,2,0.56,0.51,2.141,1.0,0.68,CT on D,7,
feature_0 > -2.044 AND feature_0 > 0.759 AND feature_1 > -0.15,2.749,0.24,1.35,4.1,3,0.68,0.5,2.486,2.0,0.69,CT on D,7,
feature_0 > -2.044 AND feature_0 > 0.759 AND feature_1 > -0.15 AND feature_6 <= 1.293,2.592,0.21,1.42,4.02,4,0.64,0.47,2.489,3.0,0.67,CT on D,7,
feature_0 > -2.044 AND feature_0 > 0.759 AND feature_1 > -0.15 AND feature_6 <= 1.293 AND feature_7 > -0.592 AND feature_6 > 0.404,3.009,0.04,1.08,4.09,6,0.74,0.46,2.531,4.0,0.62,CT on D,7,
feature_0 > -2.044 AND feature_0 > 0.759 AND feature_1 > -0.15 AND feature_6 <= 1.293 AND feature_7 <= -0.592 AND feature_4 > 0.036,4.057,0.03,0.91,4.96,6,1.0,0.61,2.441,5.0,0.59,CT on D,10,
feature_0 > -2.044 AND feature_0 > 0.759 AND feature_1 > -0.15 AND feature_6 > 1.293,4.012,0.03,0.73,4.74,4,0.99,0.61,2.462,3.0,0.6,CT on D,10,
feature_0 > -2.044 AND feature_0 > 0.759 AND feature_1 > -0.15 AND feature_6 <= 1.293 AND feature_7 <= -0.592,3.296,0.06,0.91,4.2,5,0.81,0.51,2.445,4.0,0.6,CT on D,10,
feature_0 > -2.044 AND feature_0 > 0.759,2.279,0.43,0.99,3.27,2,0.56,0.51,2.141,1.0,0.68,CT on D,10,
feature_0 > -2.044 AND feature_0 > 0.759 AND feature_1 > -0.15,2.749,0.24,1.35,4.1,3,0.68,0.5,2.486,2.0,0.69,CT on D,10,
feature_0 > -2.044 AND feature_0 > 0.759 AND feature_1 > -0.15 AND feature_6 <= 1.293,2.592,0.21,1.42,4.02,4,0.64,0.47,2.489,3.0,0.67,CT on D,10,
feature_0 > -2.044 AND feature_0 > 0.759 AND feature_1 > -0.15 AND feature_6 <= 1.293 AND feature_7 > -0.592 AND feature_6 > 0.404,3.009,0.04,1.08,4.09,6,0.74,0.46,2.531,4.0,0.62,CT on D,10,
feature_0 > -2.044 AND feature_0 > 0.759 AND feature_1 <= -0.15 AND feature_2 > -1.164 AND feature_5 <= -1.006,2.922,0.03,-0.18,2.74,5,0.72,0.44,1.662,4.0,0.41,CT on D,10,
feature_0 > -2.044 AND feature_0 > 0.759 AND feature_1 > -0.15 AND feature_6 <= 1.293 AND feature_7 > -0.592,2.311,0.15,1.63,3.94,5,0.57,0.4,2.507,4.0,0.65,CT on D,10,
feature_0 > -2.044 AND feature_0 > 0.759 AND feature_1 > -0.15 AND feature_6 <= 1.293 AND feature_7 <= -0.592 AND feature_4 <= 0.036,2.516,0.03,0.91,3.42,6,0.62,0.38,2.448,5.0,0.59,CT on D,10,
feature_4 > -1.181 AND feature_0 > 0.64 AND feature_6 > 1.168 AND feature_8 <= 0.288,3.752,0.03,0.56,4.31,4,1.0,0.61,2.142,4.0,0.61,CT on P,1,
feature_4 > -1.181 AND feature_0 > 0.64 AND feature_6 > 1.168 AND feature_8 <= 0.288,3.752,0.03,0.56,4.31,4,1.0,0.61,2.142,4.0,0.61,CT on P,3,
feature_4 > -1.181,1.519,0.88,0.98,2.5,1,0.4,0.59,0.813,1.0,0.58,CT on P,3,
feature_4 > -1.181 AND feature_0 > 0.64 AND feature_6 > 1.168,3.157,0.05,0.5,3.65,3,0.84,0.52,2.08,3.0,0.6,CT on P,3,
feature_4 > -1.181 AND feature_0 > 0.64 AND feature_6 > 1.168 AND feature_8 <= 0.288,3.752,0.03,0.56,4.31,4,1.0,0.61,2.142,4.0,0.61,CT on P,5,
feature_4 > -1.181,1.519,0.88,0.98,2.5,1,0.4,0.59,0.813,1.0,0.58,CT on P,5,
feature_4 > -1.181 AND feature_0 > 0.64 AND feature_6 > 1.168,3.157,0.05,0.5,3.65,3,0.84,0.52,2.08,3.0,0.6,CT on P,5,
feature_4 > -1.181 AND feature_0 > 0.64,2.179,0.44,0.99,3.17,2,0.58,0.52,2.042,2.0,0.75,CT on P,5,
feature_4 <= -1.181 AND feature_1 > -0.237 AND feature_4 > -1.412,3.114,0.02,-0.09,3.03,3,0.83,0.51,1.014,2.0,0.29,CT on P,5,
feature_4 > -1.181 AND feature_0 > 0.64 AND feature_6 > 1.168 AND feature_8 <= 0.288,3.752,0.03,0.56,4.31,4,1.0,0.61,2.142,4.0,0.55,CT on P,7,
feature_4 > -1.181,1.519,0.88,0.98,2.5,1,0.4,0.59,0.813,1.0,0.56,CT on P,7,
feature_4 > -1.181 AND feature_0 > 0.64 AND feature_6 > 1.168,3.157,0.05,0.5,3.65,3,0.84,0.52,2.08,3.0,0.55,CT on P,7,
feature_4 > -1.181 AND feature_0 > 0.64,2.179,0.44,0.99,3.17,2,0.58,0.52,2.042,2.0,0.69,CT on P,7,
feature_4 <= -1.181 AND feature_1 > -0.237 AND feature_4 > -1.412,3.114,0.02,-0.09,3.03,3,0.83,0.51,1.014,2.0,0.26,CT on P,7,
feature_4 > -1.181 AND feature_0 > 0.64 AND feature_6 <= 1.168 AND feature_9 <= 1.621 AND feature_5 > -1.424,2.215,0.34,0.95,3.17,5,0.59,0.49,2.027,5.0,0.65,CT on P,7,
feature_4 > -1.181 AND feature_0 > 0.64 AND feature_6 <= 1.168 AND feature_9 <= 1.621 AND feature_5 > -1.424 AND feature_0 > 1.034,2.587,0.19,0.98,3.57,6,0.69,0.49,2.374,5.0,0.68,CT on P,7,
feature_4 > -1.181 AND feature_0 > 0.64 AND feature_6 > 1.168 AND feature_8 <= 0.288,3.752,0.03,0.56,4.31,4,1.0,0.61,2.142,4.0,0.55,CT on P,10,
feature_4 > -1.181,1.519,0.88,0.98,2.5,1,0.4,0.59,0.813,1.0,0.56,CT on P,10,
feature_4 > -1.181 AND feature_0 > 0.64 AND feature_6 > 1.168,3.157,0.05,0.5,3.65,3,0.84,0.52,2.08,3.0,0.55,CT on P,10,
feature_4 > -1.181 AND feature_0 > 0.64,2.179,0.44,0.99,3.17,2,0.58,0.52,2.042,2.0,0.69,CT on P,10,
feature_4 <= -1.181 AND feature_1 > -0.237 AND feature_4 > -1.412,3.114,0.02,-0.09,3.03,3,0.83,0.51,1.014,2.0,0.26,CT on P,10,
feature_4 > -1.181 AND feature_0 > 0.64 AND feature_6 <= 1.168 AND feature_9 <= 1.621 AND feature_5 > -1.424,2.215,0.34,0.95,3.17,5,0.59,0.49,2.027,5.0,0.65,CT on P,10,
feature_4 > -1.181 AND feature_0 > 0.64 AND feature_6 <= 1.168 AND feature_9 <= 1.621 AND feature_5 > -1.424 AND feature_0 > 1.034,2.587,0.19,0.98,3.57,6,0.69,0.49,2.374,5.0,0.68,CT on P,10,
feature_4 > -1.181 AND feature_0 > 0.64 AND feature_6 <= 1.168 AND feature_9 <= 1.621,2.136,0.36,0.99,3.13,4,0.57,0.49,2.028,4.0,0.66,CT on P,10,
feature_4 > -1.181 AND feature_0 > 0.64 AND feature_6 <= 1.168,2.048,0.38,1.06,3.11,3,0.55,0.48,2.037,3.0,0.67,CT on P,10,
feature_4 > -1.181 AND feature_0 <= 0.64 AND feature_9 <= 1.636 AND feature_1 <= -0.394 AND feature_0 > 0.389 AND feature_9 > -0.017,2.235,0.02,-0.29,1.95,6,0.6,0.37,0.838,4.0,0.22,CT on P,10,
feature_0 > 0.339 AND feature_1 > 0.822 AND feature_1 > 1.476 AND feature_4 <= -0.704,14.651,0.01,,,4,1.0,0.6,3.032,3.0,0.6,CF,1,4.24
feature_0 > 0.339 AND feature_1 > 0.822 AND feature_1 > 1.476 AND feature_4 <= -0.704,14.651,0.01,,,4,1.0,0.6,3.032,3.0,0.6,CF,3,4.24
feature_0 > -0.136,1.522,0.95,,,1,0.1,0.44,1.511,1.0,0.68,CF,3,4.24
feature_0 > -0.002,1.592,0.94,,,1,0.11,0.44,1.602,1.0,0.69,CF,3,4.24
feature_0 > 0.339 AND feature_1 > 0.822 AND feature_1 > 1.476 AND feature_4 <= -0.704,14.651,0.01,,,4,1.0,0.6,3.032,3.0,0.6,CF,5,4.24
feature_0 > -0.136,1.522,0.95,,,1,0.1,0.44,1.511,1.0,0.68,CF,5,4.24
feature_0 > -0.002,1.592,0.94,,,1,0.11,0.44,1.602,1.0,0.69,CF,5,4.24
feature_0 > 0.057,1.641,0.9,,,1,0.11,0.43,1.641,1.0,0.68,CF,5,4.24
feature_0 > 0.015,1.324,0.93,,,1,0.09,0.43,1.614,1.0,0.69,CF,5,4.24
feature_0 > 0.339 AND feature_1 > 0.822 AND feature_1 > 1.476 AND feature_4 <= -0.704,14.651,0.01,,,4,1.0,0.6,3.032,3.0,0.6,CF,7,4.24
feature_0 > -0.136,1.522,0.95,,,1,0.1,0.44,1.511,1.0,0.68,CF,7,4.24
feature_0 > -0.002,1.592,0.94,,,1,0.11,0.44,1.602,1.0,0.69,CF,7,4.24
feature_0 > 0.057,1.641,0.9,,,1,0.11,0.43,1.641,1.0,0.68,CF,7,4.24
feature_0 > 0.015,1.324,0.93,,,1,0.09,0.43,1.614,1.0,0.69,CF,7,4.24
feature_0 > 0.093,1.867,0.87,,,1,0.13,0.42,1.665,1.0,0.68,CF,7,4.24
feature_0 > -0.213,1.417,0.9,,,1,0.1,0.42,1.465,1.0,0.65,CF,7,4.24
feature_0 > 0.339 AND feature_1 > 0.822 AND feature_1 > 1.476 AND feature_4 <= -0.704,14.651,0.01,,,4,1.0,0.6,3.032,3.0,0.6,CF,10,4.24
feature_0 > -0.136,1.522,0.95,,,1,0.1,0.44,1.511,1.0,0.68,CF,10,4.24
feature_0 > -0.002,1.592,0.94,,,1,0.11,0.44,1.602,1.0,0.69,CF,10,4.24
feature_0 > 0.057,1.641,0.9,,,1,0.11,0.43,1.641,1.0,0.68,CF,10,4.24
feature_0 > 0.015,1.324,0.93,,,1,0.09,0.43,1.614,1.0,0.69,CF,10,4.24
feature_0 > 0.093,1.867,0.87,,,1,0.13,0.42,1.665,1.0,0.68,CF,10,4.24
feature_0 > -0.213,1.417,0.9,,,1,0.1,0.42,1.465,1.0,0.65,CF,10,4.24
feature_0 > 0.087,1.585,0.87,,,1,0.11,0.41,1.661,1.0,0.68,CF,10,4.24
feature_0 > -0.242,1.43,0.88,,,1,0.1,0.41,1.448,1.0,0.64,CF,10,4.24
feature_0 > 0.115,1.652,0.85,,,1,0.11,0.41,1.681,1.0,0.67,CF,10,4.24
feature_0 > 0.288,1.631,0.73,,,1,0.67,0.69,1.798,1.0,0.89,CF SingleTree,1,0.6
feature_0 > 0.288,1.631,0.73,,,1,0.67,0.69,1.798,1.0,0.63,CF SingleTree,3,0.6
feature_0 > 0.288 AND feature_1 > 0.412 AND feature_0 > 0.795 AND feature_1 > 1.103,2.444,0.05,,,4,1.0,0.62,3.17,2.0,0.62,CF SingleTree,3,0.6
feature_0 > 0.288 AND feature_1 > 0.412 AND feature_0 > 0.795,2.252,0.14,,,3,0.92,0.61,2.755,2.0,0.58,CF SingleTree,3,0.6
feature_0 > 0.288,1.631,0.73,,,1,0.67,0.69,1.798,1.0,0.63,CF SingleTree,5,0.6
feature_0 > 0.288 AND feature_1 > 0.412 AND feature_0 > 0.795 AND feature_1 > 1.103,2.444,0.05,,,4,1.0,0.62,3.17,2.0,0.62,CF SingleTree,5,0.6
feature_0 > 0.288 AND feature_1 > 0.412 AND feature_0 > 0.795,2.252,0.14,,,3,0.92,0.61,2.755,2.0,0.58,CF SingleTree,5,0.6
feature_0 > 0.288 AND feature_1 > 0.412,2.017,0.25,,,2,0.83,0.6,2.389,2.0,0.55,CF SingleTree,5,0.6
feature_0 > 0.288 AND feature_1 > 0.412 AND feature_0 > 0.795 AND feature_1 <= 1.103,2.134,0.09,,,4,0.87,0.56,2.499,2.0,0.51,CF SingleTree,5,0.6
feature_0 > 0.288,1.631,0.73,,,1,0.67,0.69,1.798,1.0,0.63,CF SingleTree,7,0.6
feature_0 > 0.288 AND feature_1 > 0.412 AND feature_0 > 0.795 AND feature_1 > 1.103,2.444,0.05,,,4,1.0,0.62,3.17,2.0,0.62,CF SingleTree,7,0.6
feature_0 > 0.288 AND feature_1 > 0.412 AND feature_0 > 0.795,2.252,0.14,,,3,0.92,0.61,2.755,2.0,0.58,CF SingleTree,7,0.6
feature_0 > 0.288 AND feature_1 > 0.412,2.017,0.25,,,2,0.83,0.6,2.389,2.0,0.55,CF SingleTree,7,0.6
feature_0 > 0.288 AND feature_1 > 0.412 AND feature_0 > 0.795 AND feature_1 <= 1.103,2.134,0.09,,,4,0.87,0.56,2.499,2.0,0.51,CF SingleTree,7,0.6
feature_0 > 0.288 AND feature_1 <= 0.412,1.426,0.47,,,2,0.58,0.54,1.482,2.0,0.47,CF SingleTree,7,0.6
feature_0 > 0.288 AND feature_1 <= 0.412 AND feature_0 > 0.799,1.628,0.26,,,3,0.67,0.5,1.856,2.0,0.46,CF SingleTree,7,0.6
feature_0 > 0.288,1.631,0.73,,,1,0.67,0.69,1.798,1.0,0.63,CF SingleTree,10,0.6
feature_0 > 0.288 AND feature_1 > 0.412 AND feature_0 > 0.795 AND feature_1 > 1.103,2.444,0.05,,,4,1.0,0.62,3.17,2.0,0.62,CF SingleTree,10,0.6
feature_0 > 0.288 AND feature_1 > 0.412 AND feature_0 > 0.795,2.252,0.14,,,3,0.92,0.61,2.755,2.0,0.58,CF SingleTree,10,0.6
feature_0 > 0.288 AND feature_1 > 0.412,2.017,0.25,,,2,0.83,0.6,2.389,2.0,0.55,CF SingleTree,10,0.6
feature_0 > 0.288 AND feature_1 > 0.412 AND feature_0 > 0.795 AND feature_1 <= 1.103,2.134,0.09,,,4,0.87,0.56,2.499,2.0,0.51,CF SingleTree,10,0.6
feature_0 > 0.288 AND feature_1 <= 0.412,1.426,0.47,,,2,0.58,0.54,1.482,2.0,0.47,CF SingleTree,10,0.6
feature_0 > 0.288 AND feature_1 <= 0.412 AND feature_0 > 0.799,1.628,0.26,,,3,0.67,0.5,1.856,2.0,0.46,CF SingleTree,10,0.6
feature_0 > 0.288 AND feature_1 > 0.412 AND feature_0 <= 0.795 AND feature_1 > 1.18,1.927,0.04,,,4,0.79,0.49,2.372,2.0,0.46,CF SingleTree,10,0.6
feature_0 > 0.288 AND feature_1 <= 0.412 AND feature_0 > 0.799 AND feature_1 > -0.032,1.839,0.07,,,4,0.75,0.48,2.124,2.0,0.43,CF SingleTree,10,0.6
feature_0 > 0.288 AND feature_1 > 0.412 AND feature_0 <= 0.795,1.707,0.11,,,3,0.7,0.46,1.908,2.0,0.41,CF SingleTree,10,0.6
feature_3 > -1.117 AND feature_0 > -0.402 AND feature_0 > 1.206 AND feature_1 > 0.696 AND feature_0 > 1.576,4.363,0.01,2.14,6.5,5,1.0,0.6,3.485,3.0,0.6,CT on D,1,
feature_3 > -1.117 AND feature_0 > -0.402 AND feature_0 > 1.206 AND feature_1 > 0.696 AND feature_0 > 1.576,4.363,0.01,2.14,6.5,5,1.0,0.6,3.485,3.0,0.6,CT on D,3,
feature_3 > -1.117 AND feature_0 > -0.402 AND feature_0 > 1.206 AND feature_1 > 0.696,3.841,0.02,2.15,5.99,4,0.88,0.54,3.211,3.0,0.56,CT on D,3,
feature_3 > -1.117 AND feature_0 > -0.402 AND feature_0 > 1.206 AND feature_1 > 0.696 AND feature_0 <= 1.576,3.352,0.01,2.15,5.5,5,0.77,0.46,2.954,3.0,0.51,CT on D,3,
feature_3 > -1.117 AND feature_0 > -0.402 AND feature_0 > 1.206 AND feature_1 > 0.696 AND feature_0 > 1.576,4.363,0.01,2.14,6.5,5,1.0,0.6,3.485,3.0,0.6,CT on D,5,
feature_3 > -1.117 AND feature_0 > -0.402 AND feature_0 > 1.206 AND feature_1 > 0.696,3.841,0.02,2.15,5.99,4,0.88,0.54,3.211,3.0,0.56,CT on D,5,
feature_3 > -1.117 AND feature_0 > -0.402 AND feature_0 > 1.206 AND feature_1 > 0.696 AND feature_0 <= 1.576,3.352,0.01,2.15,5.5,5,0.77,0.46,2.954,3.0,0.51,CT on D,5,
feature_3 > -1.117 AND feature_0 > -0.402 AND feature_0 > 1.206 AND feature_1 <= 0.696 AND feature_0 > 2.039,3.228,0.01,1.04,4.26,5,0.74,0.45,2.965,3.0,0.51,CT on D,5,
feature_3 > -1.117 AND feature_0 > -0.402 AND feature_0 <= 1.206 AND feature_1 > -0.457 AND feature_2 <= 0.126 AND feature_1 > 1.244,2.984,0.03,1.0,3.99,6,0.68,0.42,2.197,4.0,0.39,CT on D,5,
feature_3 > -1.117 AND feature_0 > -0.402 AND feature_0 > 1.206 AND feature_1 > 0.696 AND feature_0 > 1.576,4.363,0.01,2.14,6.5,5,1.0,0.6,3.485,3.0,0.6,CT on D,7,
feature_3 > -1.117 AND feature_0 > -0.402 AND feature_0 > 1.206 AND feature_1 > 0.696,3.841,0.02,2.15,5.99,4,0.88,0.54,3.211,3.0,0.56,CT on D,7,
feature_3 > -1.117 AND feature_0 > -0.402 AND feature_0 > 1.206 AND feature_1 > 0.696 AND feature_0 <= 1.576,3.352,0.01,2.15,5.5,5,0.77,0.46,2.954,3.0,0.51,CT on D,7,
feature_3 > -1.117 AND feature_0 > -0.402 AND feature_0 > 1.206 AND feature_1 <= 0.696 AND feature_0 > 2.039,3.228,0.01,1.04,4.26,5,0.74,0.45,2.965,3.0,0.51,CT on D,7,
feature_3 > -1.117 AND feature_0 > -0.402 AND feature_0 <= 1.206 AND feature_1 > -0.457 AND feature_2 <= 0.126 AND feature_1 > 1.244,2.984,0.03,1.0,3.99,6,0.68,0.42,2.197,4.0,0.39,CT on D,7,
feature_3 > -1.117 AND feature_0 > -0.402 AND feature_0 <= 1.206 AND feature_1 <= -0.457 AND feature_0 > 0.569 AND feature_0 <= 0.729,2.927,0.01,-0.54,2.39,6,0.67,0.41,0.982,3.0,0.17,CT on D,7,
feature_3 > -1.117 AND feature_0 > -0.402 AND feature_0 > 1.206,2.689,0.09,1.23,3.92,3,0.62,0.41,2.491,2.0,0.46,CT on D,7,
feature_3 > -1.117 AND feature_0 > -0.402 AND feature_0 > 1.206 AND feature_1 > 0.696 AND feature_0 > 1.576,4.363,0.01,2.14,6.5,5,1.0,0.6,3.485,3.0,0.6,CT on D,10,
feature_3 > -1.117 AND feature_0 > -0.402 AND feature_0 > 1.206 AND feature_1 > 0.696,3.841,0.02,2.15,5.99,4,0.88,0.54,3.211,3.0,0.56,CT on D,10,
feature_3 > -1.117 AND feature_0 > -0.402 AND feature_0 > 1.206 AND feature_1 > 0.696 AND feature_0 <= 1.576,3.352,0.01,2.15,5.5,5,0.77,0.46,2.954,3.0,0.51,CT on D,10,
feature_3 > -1.117 AND feature_0 > -0.402 AND feature_0 > 1.206 AND feature_1 <= 0.696 AND feature_0 > 2.039,3.228,0.01,1.04,4.26,5,0.74,0.45,2.965,3.0,0.51,CT on D,10,
feature_3 > -1.117 AND feature_0 > -0.402 AND feature_0 <= 1.206 AND feature_1 > -0.457 AND feature_2 <= 0.126 AND feature_1 > 1.244,2.984,0.03,1.0,3.99,6,0.68,0.42,2.197,4.0,0.39,CT on D,10,
feature_3 > -1.117 AND feature_0 > -0.402 AND feature_0 <= 1.206 AND feature_1 <= -0.457 AND feature_0 > 0.569 AND feature_0 <= 0.729,2.927,0.01,-0.54,2.39,6,0.67,0.41,0.982,3.0,0.17,CT on D,10,
feature_3 > -1.117 AND feature_0 > -0.402 AND feature_0 > 1.206,2.689,0.09,1.23,3.92,3,0.62,0.41,2.491,2.0,0.46,CT on D,10,
feature_3 <= -1.117 AND feature_8 <= -0.487 AND feature_0 > -0.206 AND feature_0 > 0.619,2.851,0.01,0.26,3.12,4,0.65,0.4,2.057,3.0,0.36,CT on D,10,
feature_3 > -1.117 AND feature_0 > -0.402 AND feature_0 > 1.206 AND feature_1 <= 0.696 AND feature_0 <= 2.039 AND feature_4 <= -0.248,2.721,0.02,0.37,3.1,6,0.62,0.38,2.134,4.0,0.38,CT on D,10,
feature_3 <= -1.117 AND feature_8 > -0.487 AND feature_0 > 0.993,2.555,0.02,0.88,3.43,3,0.59,0.36,2.321,3.0,0.41,CT on D,10,
feature_4 <= 0.491 AND feature_9 <= 1.905 AND feature_0 > 0.346 AND feature_0 > 1.412 AND feature_3 <= 0.238,3.317,0.03,0.29,3.6,5,1.0,0.61,2.645,4.0,0.61,CT on P,1,
feature_4 <= 0.491 AND feature_9 <= 1.905 AND feature_0 > 0.346 AND feature_0 > 1.412 AND feature_3 <= 0.238,3.317,0.03,0.29,3.6,5,1.0,0.61,2.645,4.0,0.61,CT on P,3,
feature_4 > 0.491 AND feature_0 > 0.494 AND feature_0 > 0.739 AND feature_0 > 1.411,3.266,0.02,1.28,4.54,4,0.98,0.6,2.653,2.0,0.6,CT on P,3,
feature_4 <= 0.491 AND feature_9 <= 1.905 AND feature_0 > 0.346 AND feature_0 > 1.412,2.865,0.05,0.92,3.79,4,0.86,0.54,2.673,3.0,0.62,CT on P,3,
feature_4 <= 0.491 AND feature_9 <= 1.905 AND feature_0 > 0.346 AND feature_0 > 1.412 AND feature_3 <= 0.238,3.317,0.03,0.29,3.6,5,1.0,0.61,2.645,4.0,0.61,CT on P,5,
feature_4 > 0.491 AND feature_0 > 0.494 AND feature_0 > 0.739 AND feature_0 > 1.411,3.266,0.02,1.28,4.54,4,0.98,0.6,2.653,2.0,0.6,CT on P,5,
feature_4 <= 0.491 AND feature_9 <= 1.905 AND feature_0 > 0.346 AND feature_0 > 1.412,2.865,0.05,0.92,3.79,4,0.86,0.54,2.673,3.0,0.62,CT on P,5,
feature_4 <= 0.491 AND feature_9 <= 1.905 AND feature_0 > 0.346,1.934,0.25,0.68,2.61,3,0.58,0.45,1.848,3.0,0.51,CT on P,5,
feature_4 > 0.491 AND feature_0 > 0.494 AND feature_0 > 0.739,2.302,0.07,1.58,3.88,3,0.69,0.44,2.1,2.0,0.5,CT on P,5,
feature_4 <= 0.491 AND feature_9 <= 1.905 AND feature_0 > 0.346 AND feature_0 > 1.412 AND feature_3 <= 0.238,3.317,0.03,0.29,3.6,5,1.0,0.61,2.645,4.0,0.61,CT on P,7,
feature_4 > 0.491 AND feature_0 > 0.494 AND feature_0 > 0.739 AND feature_0 > 1.411,3.266,0.02,1.28,4.54,4,0.98,0.6,2.653,2.0,0.6,CT on P,7,
feature_4 <= 0.491 AND feature_9 <= 1.905 AND feature_0 > 0.346 AND feature_0 > 1.412,2.865,0.05,0.92,3.79,4,0.86,0.54,2.673,3.0,0.62,CT on P,7,
feature_4 <= 0.491 AND feature_9 <= 1.905 AND feature_0 > 0.346,1.934,0.25,0.68,2.61,3,0.58,0.45,1.848,3.0,0.51,CT on P,7,
feature_4 > 0.491 AND feature_0 > 0.494 AND feature_0 > 0.739,2.302,0.07,1.58,3.88,3,0.69,0.44,2.1,2.0,0.5,CT on P,7,
feature_4 > 0.491 AND feature_0 > 0.494,2.219,0.1,1.58,3.8,2,0.67,0.44,1.934,2.0,0.47,CT on P,7,
feature_4 <= 0.491,0.903,0.69,0.72,1.62,1,0.27,0.44,0.817,1.0,0.46,CT on P,7,
feature_4 <= 0.491 AND feature_9 <= 1.905 AND feature_0 > 0.346 AND feature_0 > 1.412 AND feature_3 <= 0.238,3.317,0.03,0.29,3.6,5,1.0,0.61,2.645,4.0,0.61,CT on P,10,
feature_4 > 0.491 AND feature_0 > 0.494 AND feature_0 > 0.739 AND feature_0 > 1.411,3.266,0.02,1.28,4.54,4,0.98,0.6,2.653,2.0,0.6,CT on P,10,
feature_4 <= 0.491 AND feature_9 <= 1.905 AND feature_0 > 0.346 AND feature_0 > 1.412,2.865,0.05,0.92,3.79,4,0.86,0.54,2.673,3.0,0.62,CT on P,10,
feature_4 <= 0.491 AND feature_9 <= 1.905 AND feature_0 > 0.346,1.934,0.25,0.68,2.61,3,0.58,0.45,1.848,3.0,0.51,CT on P,10,
feature_4 > 0.491 AND feature_0 > 0.494 AND feature_0 > 0.739,2.302,0.07,1.58,3.88,3,0.69,0.44,2.1,2.0,0.5,CT on P,10,
feature_4 > 0.491 AND feature_0 > 0.494,2.219,0.1,1.58,3.8,2,0.67,0.44,1.934,2.0,0.47,CT on P,10,
feature_4 <= 0.491,0.903,0.69,0.72,1.62,1,0.27,0.44,0.817,1.0,0.46,CT on P,10,
feature_4 > 0.491 AND feature_0 > 0.494 AND feature_0 > 0.739 AND feature_0 <= 1.411 AND feature_0 <= 1.063,2.36,0.03,1.33,3.69,5,0.71,0.44,1.676,2.0,0.39,CT on P,10,
feature_4 <= 0.491 AND feature_9 <= 1.905 AND feature_0 > 0.346 AND feature_0 <= 1.412 AND feature_8 > 0.765,2.319,0.04,0.46,2.78,5,0.7,0.44,1.658,4.0,0.39,CT on P,10,
feature_4 <= 0.491 AND feature_9 <= 1.905 AND feature_0 > 0.346 AND feature_0 <= 1.412 AND feature_8 > 0.765 AND feature_3 > 0.032,2.331,0.02,0.3,2.63,6,0.7,0.43,1.65,5.0,0.38,CT on P,10,
feature_0 > -0.033 AND feature_0 > 1.529 AND feature_1 > 1.104 AND feature_9 <= 0.333,11.544,0.01,,,4,1.0,0.6,3.734,3.0,0.6,CF,1,6.35
feature_0 > -0.033 AND feature_0 > 1.529 AND feature_1 > 1.104 AND feature_9 <= 0.333,11.544,0.01,,,4,1.0,0.6,3.734,3.0,0.6,CF,3,6.35
feature_0 > -0.033 AND feature_0 > 1.529 AND feature_1 > 1.104,10.933,0.01,,,3,0.95,0.57,3.727,2.0,0.6,CF,3,6.35
feature_0 > -0.033 AND feature_0 > 1.529 AND feature_1 > 1.104 AND feature_9 > 0.333,10.195,0.0,,,4,0.88,0.53,3.716,3.0,0.6,CF,3,6.35
feature_0 > -0.033 AND feature_0 > 1.529 AND feature_1 > 1.104 AND feature_9 <= 0.333,11.544,0.01,,,4,1.0,0.6,3.734,3.0,0.6,CF,5,6.35
feature_0 > -0.033 AND feature_0 > 1.529 AND feature_1 > 1.104,10.933,0.01,,,3,0.95,0.57,3.727,2.0,0.6,CF,5,6.35
feature_0 > -0.033 AND feature_0 > 1.529 AND feature_1 > 1.104 AND feature_9 > 0.333,10.195,0.0,,,4,0.88,0.53,3.716,3.0,0.6,CF,5,6.35
feature_0 <= -0.826 AND feature_1 > 1.288 AND feature_6 <= 0.535 AND feature_4 > 0.846,8.222,0.0,,,4,0.71,0.43,0.713,4.0,0.11,CF,5,6.35
feature_0 <= -0.071 AND feature_0 <= -0.919 AND feature_8 <= -1.651 AND feature_0 > -1.33,8.199,0.0,,,4,0.71,0.43,0.359,2.0,0.06,CF,5,6.35
feature_0 > -0.033 AND feature_0 > 1.529 AND feature_1 > 1.104 AND feature_9 <= 0.333,11.544,0.01,,,4,1.0,0.6,3.734,3.0,0.6,CF,7,6.35
feature_0 > -0.033 AND feature_0 > 1.529 AND feature_1 > 1.104,10.933,0.01,,,3,0.95,0.57,3.727,2.0,0.6,CF,7,6.35
feature_0 > -0.033 AND feature_0 > 1.529 AND feature_1 > 1.104 AND feature_9 > 0.333,10.195,0.0,,,4,0.88,0.53,3.716,3.0,0.6,CF,7,6.35
feature_0 <= -0.826 AND feature_1 > 1.288 AND feature_6 <= 0.535 AND feature_4 > 0.846,8.222,0.0,,,4,0.71,0.43,0.713,4.0,0.11,CF,7,6.35
feature_0 <= -0.071 AND feature_0 <= -0.919 AND feature_8 <= -1.651 AND feature_0 > -1.33,8.199,0.0,,,4,0.71,0.43,0.359,2.0,0.06,CF,7,6.35
feature_0 <= -0.74 AND feature_3 <= -1.483 AND feature_9 <= -0.324 AND feature_5 > 0.479,7.459,0.0,,,4,0.65,0.39,0.607,4.0,0.1,CF,7,6.35
feature_0 > 0.867 AND feature_1 > 0.969 AND feature_9 > 1.472,7.42,0.0,,,3,0.64,0.39,3.024,3.0,0.49,CF,7,6.35
feature_0 > -0.033 AND feature_0 > 1.529 AND feature_1 > 1.104 AND feature_9 <= 0.333,11.544,0.01,,,4,1.0,0.6,3.734,3.0,0.6,CF,10,6.35
feature_0 > -0.033 AND feature_0 > 1.529 AND feature_1 > 1.104,10.933,0.01,,,3,0.95,0.57,3.727,2.0,0.6,CF,10,6.35
feature_0 > -0.033 AND feature_0 > 1.529 AND feature_1 > 1.104 AND feature_9 > 0.333,10.195,0.0,,,4,0.88,0.53,3.716,3.0,0.6,CF,10,6.35
feature_0 <= -0.826 AND feature_1 > 1.288 AND feature_6 <= 0.535 AND feature_4 > 0.846,8.222,0.0,,,4,0.71,0.43,0.713,4.0,0.11,CF,10,6.35
feature_0 <= -0.071 AND feature_0 <= -0.919 AND feature_8 <= -1.651 AND feature_0 > -1.33,8.199,0.0,,,4,0.71,0.43,0.359,2.0,0.06,CF,10,6.35
feature_0 <= -0.74 AND feature_3 <= -1.483 AND feature_9 <= -0.324 AND feature_5 > 0.479,7.459,0.0,,,4,0.65,0.39,0.607,4.0,0.1,CF,10,6.35
feature_0 > 0.867 AND feature_1 > 0.969 AND feature_9 > 1.472,7.42,0.0,,,3,0.64,0.39,3.024,3.0,0.49,CF,10,6.35
feature_0 > 0.354 AND feature_1 > 0.747 AND feature_7 > 1.588 AND feature_5 > -0.212,7.375,0.0,,,4,0.64,0.38,2.91,4.0,0.47,CF,10,6.35
feature_0 > -0.351 AND feature_0 > 1.393 AND feature_1 > 0.927 AND feature_2 <= 0.264,6.033,0.01,,,4,0.52,0.32,3.489,3.0,0.56,CF,10,6.35
feature_0 > -0.101 AND feature_0 > 1.205 AND feature_1 > 0.486 AND feature_2 <= -0.638,5.616,0.01,,,4,0.49,0.3,3.021,3.0,0.49,CF,10,6.35
feature_0 > -0.032 AND feature_0 > 1.169 AND feature_1 > 0.689 AND feature_0 > 1.498,3.022,0.02,,,4,1.0,0.61,3.412,2.0,0.61,CF SingleTree,1,0.59
feature_0 > -0.032 AND feature_0 > 1.169 AND feature_1 > 0.689 AND feature_0 > 1.498,3.022,0.02,,,4,1.0,0.61,3.412,2.0,0.61,CF SingleTree,3,0.59
feature_0 > -0.032 AND feature_0 > 1.169 AND feature_1 > 0.689,2.875,0.03,,,3,0.95,0.58,3.154,2.0,0.57,CF SingleTree,3,0.59
feature_0 > -0.032 AND feature_0 > 1.169 AND feature_1 > 0.689 AND feature_0 <= 1.498,2.709,0.02,,,4,0.9,0.55,2.861,2.0,0.51,CF SingleTree,3,0.59
feature_0 > -0.032 AND feature_0 > 1.169 AND feature_1 > 0.689 AND feature_0 > 1.498,3.022,0.02,,,4,1.0,0.61,3.412,2.0,0.61,CF SingleTree,5,0.59
feature_0 > -0.032 AND feature_0 > 1.169 AND feature_1 > 0.689,2.875,0.03,,,3,0.95,0.58,3.154,2.0,0.57,CF SingleTree,5,0.59
feature_0 > -0.032 AND feature_0 > 1.169 AND feature_1 > 0.689 AND feature_0 <= 1.498,2.709,0.02,,,4,0.9,0.55,2.861,2.0,0.51,CF SingleTree,5,0.59
feature_0 > -0.032 AND feature_0 > 1.169,2.259,0.11,,,2,0.75,0.49,2.455,1.0,0.48,CF SingleTree,5,0.59
feature_0 > -0.032 AND feature_0 > 1.169 AND feature_1 <= 0.689 AND feature_0 > 1.524,2.23,0.05,,,4,0.74,0.46,2.541,2.0,0.47,CF SingleTree,5,0.59
feature_0 > -0.032 AND feature_0 > 1.169 AND feature_1 > 0.689 AND feature_0 > 1.498,3.022,0.02,,,4,1.0,0.61,3.412,2.0,0.61,CF SingleTree,7,0.59
feature_0 > -0.032 AND feature_0 > 1.169 AND feature_1 > 0.689,2.875,0.03,,,3,0.95,0.58,3.154,2.0,0.57,CF SingleTree,7,0.59
feature_0 > -0.032 AND feature_0 > 1.169 AND feature_1 > 0.689 AND feature_0 <= 1.498,2.709,0.02,,,4,0.9,0.55,2.861,2.0,0.51,CF SingleTree,7,0.59
feature_0 > -0.032 AND feature_0 > 1.169,2.259,0.11,,,2,0.75,0.49,2.455,1.0,0.48,CF SingleTree,7,0.59
feature_0 > -0.032 AND feature_0 > 1.169 AND feature_1 <= 0.689 AND feature_0 > 1.524,2.23,0.05,,,4,0.74,0.46,2.541,2.0,0.47,CF SingleTree,7,0.59
feature_0 > -0.032 AND feature_0 <= 1.169 AND feature_1 > 0.726 AND feature_0 > 0.797,2.243,0.02,,,4,0.74,0.45,2.489,2.0,0.45,CF SingleTree,7,0.59
feature_0 > -0.032 AND feature_0 > 1.169 AND feature_1 <= 0.689,2.058,0.09,,,3,0.68,0.44,2.228,2.0,0.43,CF SingleTree,7,0.59
feature_0 > -0.032 AND feature_0 > 1.169 AND feature_1 > 0.689 AND feature_0 > 1.498,3.022,0.02,,,4,1.0,0.61,3.412,2.0,0.61,CF SingleTree,10,0.59
feature_0 > -0.032 AND feature_0 > 1.169 AND feature_1 > 0.689,2.875,0.03,,,3,0.95,0.58,3.154,2.0,0.57,CF SingleTree,10,0.59
feature_0 > -0.032 AND feature_0 > 1.169 AND feature_1 > 0.689 AND feature_0 <= 1.498,2.709,0.02,,,4,0.9,0.55,2.861,2.0,0.51,CF SingleTree,10,0.59
feature_0 > -0.032 AND feature_0 > 1.169,2.259,0.11,,,2,0.75,0.49,2.455,1.0,0.48,CF SingleTree,10,0.59
feature_0 > -0.032 AND feature_0 > 1.169 AND feature_1 <= 0.689 AND feature_0 > 1.524,2.23,0.05,,,4,0.74,0.46,2.541,2.0,0.47,CF SingleTree,10,0.59
feature_0 > -0.032 AND feature_0 <= 1.169 AND feature_1 > 0.726 AND feature_0 > 0.797,2.243,0.02,,,4,0.74,0.45,2.489,2.0,0.45,CF SingleTree,10,0.59
feature_0 > -0.032 AND feature_0 > 1.169 AND feature_1 <= 0.689,2.058,0.09,,,3,0.68,0.44,2.228,2.0,0.43,CF SingleTree,10,0.59
feature_0 > -0.032,1.552,0.33,,,1,0.51,0.44,1.591,1.0,0.41,CF SingleTree,10,0.59
feature_0 > -0.032 AND feature_0 > 1.169 AND feature_1 <= 0.689 AND feature_0 <= 1.524,1.875,0.05,,,4,0.62,0.39,1.894,2.0,0.35,CF SingleTree,10,0.59
feature_0 > -0.032 AND feature_0 <= 1.169 AND feature_1 > 0.726,1.765,0.09,,,3,0.58,0.39,2.06,2.0,0.4,CF SingleTree,10,0.59
feature_0 > -1.323 AND feature_1 > 0.731 AND feature_0 > 1.204 AND feature_2 > 0.191,4.815,0.0,1.56,6.38,4,1.0,0.6,3.328,3.0,0.6,CT on D,1,
feature_0 > -1.323 AND feature_1 > 0.731 AND feature_0 > 1.204 AND feature_2 > 0.191,4.815,0.0,1.56,6.38,4,1.0,0.6,3.328,3.0,0.6,CT on D,3,
feature_0 <= -1.323 AND feature_1 <= -0.664 AND feature_0 <= -1.641,3.759,0.04,2.72,-1.04,3,0.78,0.48,1.826,2.0,0.34,CT on D,3,
feature_0 > -1.323 AND feature_1 > 0.731 AND feature_0 > 1.204,3.493,0.0,2.16,5.65,3,0.73,0.44,3.34,2.0,0.6,CT on D,3,
feature_0 > -1.323 AND feature_1 > 0.731 AND feature_0 > 1.204 AND feature_2 > 0.191,4.815,0.0,1.56,6.38,4,1.0,0.6,3.328,3.0,0.6,CT on D,5,
feature_0 <= -1.323 AND feature_1 <= -0.664 AND feature_0 <= -1.641,3.759,0.04,2.72,-1.04,3,0.78,0.48,1.826,2.0,0.34,CT on D,5,
feature_0 > -1.323 AND feature_1 > 0.731 AND feature_0 > 1.204,3.493,0.0,2.16,5.65,3,0.73,0.44,3.34,2.0,0.6,CT on D,5,
feature_0 > -1.323 AND feature_1 > 0.731 AND feature_0 <= 1.204 AND feature_7 > 0.44 AND feature_8 > 0.263 AND feature_2 > -0.112,3.373,0.0,0.74,4.12,6,0.7,0.42,1.554,5.0,0.28,CT on D,5,
feature_0 > -1.323 AND feature_1 > 0.731 AND feature_0 <= 1.204 AND feature_7 > 0.44 AND feature_8 > 0.263,3.184,0.0,0.45,3.63,5,0.66,0.4,1.563,4.0,0.28,CT on D,5,
feature_0 > -1.323 AND feature_1 > 0.731 AND feature_0 > 1.204 AND feature_2 > 0.191,4.815,0.0,1.56,6.38,4,1.0,0.6,3.328,3.0,0.6,CT on D,7,
feature_0 <= -1.323 AND feature_1 <= -0.664 AND feature_0 <= -1.641,3.759,0.04,2.72,-1.04,3,0.78,0.48,1.826,2.0,0.34,CT on D,7,
feature_0 > -1.323 AND feature_1 > 0.731 AND feature_0 > 1.204,3.493,0.0,2.16,5.65,3,0.73,0.44,3.34,2.0,0.6,CT on D,7,
feature_0 > -1.323 AND feature_1 > 0.731 AND feature_0 <= 1.204 AND feature_7 > 0.44 AND feature_8 > 0.263 AND feature_2 > -0.112,3.373,0.0,0.74,4.12,6,0.7,0.42,1.554,5.0,0.28,CT on D,7,
feature_0 > -1.323 AND feature_1 > 0.731 AND feature_0 <= 1.204 AND feature_7 > 0.44 AND feature_8 > 0.263,3.184,0.0,0.45,3.63,5,0.66,0.4,1.563,4.0,0.28,CT on D,7,
feature_0 > -1.323 AND feature_1 > 0.731 AND feature_0 <= 1.204 AND feature_7 <= 0.44 AND feature_0 > -0.176 AND feature_2 <= -0.867,3.182,0.0,1.01,4.19,6,0.66,0.4,2.029,4.0,0.36,CT on D,7,
feature_0 > -1.323 AND feature_1 <= 0.731 AND feature_0 > -1.149 AND feature_0 > 1.634 AND feature_1 > -0.468 AND feature_6 <= -0.019,3.139,0.0,0.78,3.92,6,0.65,0.39,2.79,3.0,0.5,CT on D,7,
feature_0 > -1.323 AND feature_1 > 0.731 AND feature_0 > 1.204 AND feature_2 > 0.191,4.815,0.0,1.56,6.38,4,1.0,0.6,3.328,3.0,0.6,CT on D,10,
feature_0 <= -1.323 AND feature_1 <= -0.664 AND feature_0 <= -1.641,3.759,0.04,2.72,-1.04,3,0.78,0.48,1.826,2.0,0.34,CT on D,10,
feature_0 > -1.323 AND feature_1 > 0.731 AND feature_0 > 1.204,3.493,0.0,2.16,5.65,3,0.73,0.44,3.34,2.0,0.6,CT on D,10,
feature_0 > -1.323 AND feature_1 > 0.731 AND feature_0 <= 1.204 AND feature_7 > 0.44 AND feature_8 > 0.263 AND feature_2 > -0.112,3.373,0.0,0.74,4.12,6,0.7,0.42,1.554,5.0,0.28,CT on D,10,
feature_0 > -1.323 AND feature_1 > 0.731 AND feature_0 <= 1.204 AND feature_7 > 0.44 AND feature_8 > 0.263,3.184,0.0,0.45,3.63,5,0.66,0.4,1.563,4.0,0.28,CT on D,10,
feature_0 > -1.323 AND feature_1 > 0.731 AND feature_0 <= 1.204 AND feature_7 <= 0.44 AND feature_0 > -0.176 AND feature_2 <= -0.867,3.182,0.0,1.01,4.19,6,0.66,0.4,2.029,4.0,0.36,CT on D,10,
feature_0 > -1.323 AND feature_1 <= 0.731 AND feature_0 > -1.149 AND feature_0 > 1.634 AND feature_1 > -0.468 AND feature_6 <= -0.019,3.139,0.0,0.78,3.92,6,0.65,0.39,2.79,3.0,0.5,CT on D,10,
feature_0 <= -1.323 AND feature_1 <= -0.664,2.825,0.06,2.27,-0.55,2,0.59,0.38,1.556,2.0,0.3,CT on D,10,
feature_0 > -1.323 AND feature_1 > 0.731 AND feature_0 <= 1.204 AND feature_7 > 0.44 AND feature_8 > 0.263 AND feature_2 <= -0.112,2.972,0.0,0.11,3.08,6,0.62,0.37,1.573,5.0,0.28,CT on D,10,
feature_0 > -1.323 AND feature_1 <= 0.731 AND feature_0 > -1.149 AND feature_0 <= 1.634 AND feature_1 <= -0.394,0.47,0.75,0.91,1.38,5,0.1,0.36,0.443,2.0,0.38,CT on D,10,
feature_3 > -1.888 AND feature_0 > -1.792 AND feature_0 > 1.161 AND feature_5 <= 0.728 AND feature_6 <= 0.584 AND feature_4 <= 0.035,2.8,0.04,-0.31,2.49,6,1.0,0.62,2.42,5.0,0.62,CT on P,1,
feature_3 > -1.888 AND feature_0 > -1.792 AND feature_0 > 1.161 AND feature_5 <= 0.728 AND feature_6 <= 0.584 AND feature_4 <= 0.035,2.8,0.04,-0.31,2.49,6,1.0,0.62,2.42,5.0,0.61,CT on P,3,
feature_3 > -1.888 AND feature_0 <= -1.792,2.704,0.04,2.13,-0.58,2,0.97,0.6,1.423,2.0,0.36,CT on P,3,
feature_3 > -1.888 AND feature_0 > -1.792 AND feature_0 > 1.161 AND feature_5 <= 0.728 AND feature_6 <= 0.584,2.367,0.07,-0.0,2.36,5,0.85,0.54,2.449,4.0,0.63,CT on P,3,
feature_3 > -1.888 AND feature_0 > -1.792 AND feature_0 > 1.161 AND feature_5 <= 0.728 AND feature_6 <= 0.584 AND feature_4 <= 0.035,2.8,0.04,-0.31,2.49,6,1.0,0.62,2.42,5.0,0.61,CT on P,5,
feature_3 > -1.888 AND feature_0 <= -1.792,2.704,0.04,2.13,-0.58,2,0.97,0.6,1.423,2.0,0.36,CT on P,5,
feature_3 > -1.888 AND feature_0 > -1.792 AND feature_0 > 1.161 AND feature_5 <= 0.728 AND feature_6 <= 0.584,2.367,0.07,-0.0,2.36,5,0.85,0.54,2.449,4.0,0.63,CT on P,5,
feature_3 > -1.888 AND feature_0 > -1.792 AND feature_0 <= 1.161 AND feature_2 > 0.077 AND feature_0 <= -1.176,2.255,0.04,2.48,0.22,5,0.81,0.5,0.653,3.0,0.18,CT on P,5,
feature_3 > -1.888 AND feature_0 > -1.792 AND feature_0 > 1.161 AND feature_5 <= 0.728,2.082,0.1,0.22,2.31,4,0.74,0.49,2.459,3.0,0.64,CT on P,5,
feature_3 > -1.888 AND feature_0 > -1.792 AND feature_0 > 1.161 AND feature_5 <= 0.728 AND feature_6 <= 0.584 AND feature_4 <= 0.035,2.8,0.04,-0.31,2.49,6,1.0,0.62,2.42,5.0,0.61,CT on P,7,
feature_3 > -1.888 AND feature_0 <= -1.792,2.704,0.04,2.13,-0.58,2,0.97,0.6,1.423,2.0,0.36,CT on P,7,
feature_3 > -1.888 AND feature_0 > -1.792 AND feature_0 > 1.161 AND feature_5 <= 0.728 AND feature_6 <= 0.584,2.367,0.07,-0.0,2.36,5,0.85,0.54,2.449,4.0,0.63,CT on P,7,
feature_3 > -1.888 AND feature_0 > -1.792 AND feature_0 <= 1.161 AND feature_2 > 0.077 AND feature_0 <= -1.176,2.255,0.04,2.48,0.22,5,0.81,0.5,0.653,3.0,0.18,CT on P,7,
feature_3 > -1.888 AND feature_0 > -1.792 AND feature_0 > 1.161 AND feature_5 <= 0.728,2.082,0.1,0.22,2.31,4,0.74,0.49,2.459,3.0,0.64,CT on P,7,
feature_3 > -1.888 AND feature_0 > -1.792,0.466,0.93,0.93,1.4,2,0.17,0.47,0.894,2.0,0.59,CT on P,7,
feature_3 > -1.888,0.345,0.97,0.98,1.32,1,0.12,0.46,0.81,1.0,0.59,CT on P,7,
feature_3 > -1.888 AND feature_0 > -1.792 AND feature_0 > 1.161 AND feature_5 <= 0.728 AND feature_6 <= 0.584 AND feature_4 <= 0.035,2.8,0.04,-0.31,2.49,6,1.0,0.62,2.42,5.0,0.6,CT on P,10,
feature_3 > -1.888 AND feature_0 <= -1.792,2.704,0.04,2.13,-0.58,2,0.97,0.6,1.423,2.0,0.36,CT on P,10,
feature_3 > -1.888 AND feature_0 > -1.792 AND feature_0 > 1.161 AND feature_5 <= 0.728 AND feature_6 <= 0.584,2.367,0.07,-0.0,2.36,5,0.85,0.54,2.449,4.0,0.62,CT on P,10,
feature_3 > -1.888 AND feature_0 > -1.792 AND feature_0 <= 1.161 AND feature_2 > 0.077 AND feature_0 <= -1.176,2.255,0.04,2.48,0.22,5,0.81,0.5,0.653,3.0,0.17,CT on P,10,
feature_3 > -1.888 AND feature_0 > -1.792 AND feature_0 > 1.161 AND feature_5 <= 0.728,2.082,0.1,0.22,2.31,4,0.74,0.49,2.459,3.0,0.63,CT on P,10,
feature_3 > -1.888 AND feature_0 > -1.792,0.466,0.93,0.93,1.4,2,0.17,0.47,0.894,2.0,0.59,CT on P,10,
feature_3 > -1.888,0.345,0.97,0.98,1.32,1,0.12,0.46,0.81,1.0,0.58,CT on P,10,
feature_3 > -1.888 AND feature_0 > -1.792 AND feature_0 > 1.161,1.671,0.13,0.39,2.06,3,0.6,0.41,2.459,2.0,0.65,CT on P,10,
feature_3 > -1.888 AND feature_0 > -1.792 AND feature_0 > 1.161 AND feature_5 <= 0.728 AND feature_6 <= 0.584 AND feature_4 > 0.035,1.78,0.03,0.42,2.2,6,0.64,0.39,2.485,5.0,0.61,CT on P,10,
feature_3 > -1.888 AND feature_0 > -1.792 AND feature_0 <= 1.161,0.275,0.8,1.02,1.29,3,0.1,0.38,0.661,2.0,0.48,CT on P,10,
feature_0 > -0.293 AND feature_1 > 1.318 AND feature_0 <= 0.658 AND feature_0 > 0.567,13.762,0.0,,,4,1.0,0.6,2.457,2.0,0.6,CF,1,5.32
feature_0 > -0.293 AND feature_1 > 1.318 AND feature_0 <= 0.658 AND feature_0 > 0.567,13.762,0.0,,,4,1.0,0.6,2.457,2.0,0.52,CF,3,5.32
feature_0 > 0.128 AND feature_1 > 1.14 AND feature_5 > 1.094 AND feature_4 > 0.126,10.477,0.0,,,4,0.76,0.46,2.846,4.0,0.6,CF,3,5.32
feature_0 > -0.101 AND feature_1 > 1.162 AND feature_4 <= -1.295 AND feature_2 <= -0.882,7.8,0.0,,,4,0.57,0.34,2.843,4.0,0.6,CF,3,5.32
feature_0 > -0.293 AND feature_1 > 1.318 AND feature_0 <= 0.658 AND feature_0 > 0.567,13.762,0.0,,,4,1.0,0.6,2.457,2.0,0.47,CF,5,5.32
feature_0 > 0.128 AND feature_1 > 1.14 AND feature_5 > 1.094 AND feature_4 > 0.126,10.477,0.0,,,4,0.76,0.46,2.846,4.0,0.55,CF,5,5.32
feature_0 > -0.101 AND feature_1 > 1.162 AND feature_4 <= -1.295 AND feature_2 <= -0.882,7.8,0.0,,,4,0.57,0.34,2.843,4.0,0.54,CF,5,5.32
feature_0 > -0.099 AND feature_1 > 1.48 AND feature_3 <= -1.131,7.203,0.0,,,3,0.52,0.31,2.772,3.0,0.53,CF,5,5.32
feature_0 > 0.429 AND feature_1 > 1.572 AND feature_5 > 1.005,6.344,0.0,,,3,0.46,0.28,3.133,3.0,0.6,CF,5,5.32
feature_0 > -0.293 AND feature_1 > 1.318 AND feature_0 <= 0.658 AND feature_0 > 0.567,13.762,0.0,,,4,1.0,0.6,2.457,2.0,0.47,CF,7,5.32
feature_0 > 0.128 AND feature_1 > 1.14 AND feature_5 > 1.094 AND feature_4 > 0.126,10.477,0.0,,,4,0.76,0.46,2.846,4.0,0.55,CF,7,5.32
feature_0 > -0.101 AND feature_1 > 1.162 AND feature_4 <= -1.295 AND feature_2 <= -0.882,7.8,0.0,,,4,0.57,0.34,2.843,4.0,0.54,CF,7,5.32
feature_0 > -0.099 AND feature_1 > 1.48 AND feature_3 <= -1.131,7.203,0.0,,,3,0.52,0.31,2.772,3.0,0.53,CF,7,5.32
feature_0 > 0.429 AND feature_1 > 1.572 AND feature_5 > 1.005,6.344,0.0,,,3,0.46,0.28,3.133,3.0,0.6,CF,7,5.32
feature_0 > -1.139 AND feature_2 <= 1.29 AND feature_1 <= 0.154,0.849,0.58,,,3,0.06,0.27,0.695,3.0,0.37,CF,7,5.32
feature_0 > 0.146 AND feature_2 > 1.41 AND feature_4 <= -0.045 AND feature_4 <= -1.412,6.021,0.0,,,4,0.44,0.26,1.684,3.0,0.32,CF,7,5.32
feature_0 > -0.293 AND feature_1 > 1.318 AND feature_0 <= 0.658 AND feature_0 > 0.567,13.762,0.0,,,4,1.0,0.6,2.457,2.0,0.47,CF,10,5.32
feature_0 > 0.128 AND feature_1 > 1.14 AND feature_5 > 1.094 AND feature_4 > 0.126,10.477,0.0,,,4,0.76,0.46,2.846,4.0,0.55,CF,10,5.32
feature_0 > -0.101 AND feature_1 > 1.162 AND feature_4 <= -1.295 AND feature_2 <= -0.882,7.8,0.0,,,4,0.57,0.34,2.843,4.0,0.54,CF,10,5.32
feature_0 > -0.099 AND feature_1 > 1.48 AND feature_3 <= -1.131,7.203,0.0,,,3,0.52,0.31,2.772,3.0,0.53,CF,10,5.32
feature_0 > 0.429 AND feature_1 > 1.572 AND feature_5 > 1.005,6.344,0.0,,,3,0.46,0.28,3.133,3.0,0.6,CF,10,5.32
feature_0 > -1.139 AND feature_2 <= 1.29 AND feature_1 <= 0.154,0.849,0.58,,,3,0.06,0.27,0.695,3.0,0.37,CF,10,5.32
feature_0 > 0.146 AND feature_2 > 1.41 AND feature_4 <= -0.045 AND feature_4 <= -1.412,6.021,0.0,,,4,0.44,0.26,1.684,3.0,0.32,CF,10,5.32
feature_0 > -0.042 AND feature_1 <= 0.81 AND feature_1 <= -0.319,1.209,0.51,,,3,0.09,0.26,1.134,2.0,0.42,CF,10,5.32
feature_0 > -0.071 AND feature_1 <= -0.03,1.483,0.47,,,2,0.11,0.25,1.163,2.0,0.41,CF,10,5.32
feature_0 > -0.234 AND feature_1 <= -0.033,1.102,0.51,,,2,0.08,0.25,1.068,2.0,0.41,CF,10,5.32
feature_0 > -0.031 AND feature_0 > 0.475 AND feature_1 > 0.483 AND feature_1 > 0.884,2.516,0.0,,,4,1.0,0.6,2.78,2.0,0.6,CF SingleTree,1,0.59
feature_0 > -0.031 AND feature_0 > 0.475 AND feature_1 > 0.483 AND feature_1 > 0.884,2.516,0.0,,,4,1.0,0.6,2.78,2.0,0.6,CF SingleTree,3,0.59
feature_0 > -0.031 AND feature_0 > 0.475 AND feature_1 > 0.483,2.352,0.0,,,3,0.93,0.56,2.571,2.0,0.55,CF SingleTree,3,0.59
feature_0 > -0.031 AND feature_0 > 0.475,1.81,0.22,,,2,0.72,0.52,1.928,1.0,0.5,CF SingleTree,3,0.59
feature_0 > -0.031 AND feature_0 > 0.475 AND feature_1 > 0.483 AND feature_1 > 0.884,2.516,0.0,,,4,1.0,0.6,2.78,2.0,0.6,CF SingleTree,5,0.59
feature_0 > -0.031 AND feature_0 > 0.475 AND feature_1 > 0.483,2.352,0.0,,,3,0.93,0.56,2.571,2.0,0.55,CF SingleTree,5,0.59
feature_0 > -0.031 AND feature_0 > 0.475,1.81,0.22,,,2,0.72,0.52,1.928,1.0,0.5,CF SingleTree,5,0.59
feature_0 > -0.031 AND feature_0 > 0.475 AND feature_1 > 0.483 AND feature_1 <= 0.884,2.073,0.0,,,4,0.82,0.49,2.214,2.0,0.48,CF SingleTree,5,0.59
feature_0 > -0.031,1.541,0.28,,,1,0.61,0.48,1.581,1.0,0.45,CF SingleTree,5,0.59
feature_0 > -0.031 AND feature_0 > 0.475 AND feature_1 > 0.483 AND feature_1 > 0.884,2.516,0.0,,,4,1.0,0.6,2.78,2.0,0.6,CF SingleTree,7,0.59
feature_0 > -0.031 AND feature_0 > 0.475 AND feature_1 > 0.483,2.352,0.0,,,3,0.93,0.56,2.571,2.0,0.55,CF SingleTree,7,0.59
feature_0 > -0.031 AND feature_0 > 0.475,1.81,0.22,,,2,0.72,0.52,1.928,1.0,0.5,CF SingleTree,7,0.59
feature_0 > -0.031 AND feature_0 > 0.475 AND feature_1 > 0.483 AND feature_1 <= 0.884,2.073,0.0,,,4,0.82,0.49,2.214,2.0,0.48,CF SingleTree,7,0.59
feature_0 > -0.031,1.541,0.28,,,1,0.61,0.48,1.581,1.0,0.45,CF SingleTree,7,0.59
feature_0 > -0.031 AND feature_0 > 0.475 AND feature_1 <= 0.483,1.567,0.26,,,3,0.62,0.48,1.641,2.0,0.46,CF SingleTree,7,0.59
feature_0 > -0.031 AND feature_0 > 0.475 AND feature_1 <= 0.483 AND feature_0 > 0.97,1.696,0.15,,,4,0.67,0.46,2.013,2.0,0.49,CF SingleTree,7,0.59
feature_0 > -0.031 AND feature_0 > 0.475 AND feature_1 > 0.483 AND feature_1 > 0.884,2.516,0.0,,,4,1.0,0.6,2.78,2.0,0.6,CF SingleTree,10,0.59
feature_0 > -0.031 AND feature_0 > 0.475 AND feature_1 > 0.483,2.352,0.0,,,3,0.93,0.56,2.571,2.0,0.55,CF SingleTree,10,0.59
feature_0 > -0.031 AND feature_0 > 0.475,1.81,0.22,,,2,0.72,0.52,1.928,1.0,0.5,CF SingleTree,10,0.59
feature_0 > -0.031 AND feature_0 > 0.475 AND feature_1 > 0.483 AND feature_1 <= 0.884,2.073,0.0,,,4,0.82,0.49,2.214,2.0,0.48,CF SingleTree,10,0.59
feature_0 > -0.031,1.541,0.28,,,1,0.61,0.48,1.581,1.0,0.45,CF SingleTree,10,0.59
feature_0 > -0.031 AND feature_0 > 0.475 AND feature_1 <= 0.483,1.567,0.26,,,3,0.62,0.48,1.641,2.0,0.46,CF SingleTree,10,0.59
feature_0 > -0.031 AND feature_0 > 0.475 AND feature_1 <= 0.483 AND feature_0 > 0.97,1.696,0.15,,,4,0.67,0.46,2.013,2.0,0.49,CF SingleTree,10,0.59
feature_0 > -0.031 AND feature_0 <= 0.475 AND feature_1 > 0.828 AND feature_0 > 0.255,1.863,0.0,,,4,0.74,0.44,1.991,2.0,0.43,CF SingleTree,10,0.59
feature_0 > -0.031 AND feature_0 > 0.475 AND feature_1 <= 0.483 AND feature_0 <= 0.97,1.426,0.13,,,4,0.57,0.39,1.232,2.0,0.32,CF SingleTree,10,0.59
feature_0 > -0.031 AND feature_0 <= 0.475 AND feature_1 > 0.828,1.552,0.0,,,3,0.62,0.37,1.825,2.0,0.39,CF SingleTree,10,0.59
feature_4 > -2.295 AND feature_0 > 0.719 AND feature_0 > 1.88 AND feature_4 <= -0.368,4.827,0.01,-0.02,4.81,4,1.0,0.6,3.031,2.0,0.6,CT on D,1,
feature_4 > -2.295 AND feature_0 > 0.719 AND feature_0 > 1.88 AND feature_4 <= -0.368,4.827,0.01,-0.02,4.81,4,1.0,0.6,3.031,2.0,0.6,CT on D,3,
feature_4 > -2.295 AND feature_0 > 0.719 AND feature_0 <= 1.88 AND feature_1 > 1.002 AND feature_3 > -0.25,3.703,0.02,1.9,5.6,5,0.77,0.47,2.922,4.0,0.59,CT on D,3,
feature_4 > -2.295 AND feature_0 > 0.719 AND feature_0 > 1.88,3.66,0.03,0.94,4.6,3,0.76,0.47,3.007,2.0,0.61,CT on D,3,
feature_4 > -2.295 AND feature_0 > 0.719 AND feature_0 > 1.88 AND feature_4 <= -0.368,4.827,0.01,-0.02,4.81,4,1.0,0.6,3.031,2.0,0.6,CT on D,5,
feature_4 > -2.295 AND feature_0 > 0.719 AND feature_0 <= 1.88 AND feature_1 > 1.002 AND feature_3 > -0.25,3.703,0.02,1.9,5.6,5,0.77,0.47,2.922,4.0,0.59,CT on D,5,
feature_4 > -2.295 AND feature_0 > 0.719 AND feature_0 > 1.88,3.66,0.03,0.94,4.6,3,0.76,0.47,3.007,2.0,0.61,CT on D,5,
feature_4 > -2.295,0.858,0.77,0.97,1.83,1,0.18,0.41,0.797,1.0,0.47,CT on D,5,
feature_4 > -2.295 AND feature_0 > 0.719 AND feature_0 <= 1.88 AND feature_1 > 1.002,3.173,0.03,2.0,5.17,4,0.66,0.41,2.913,3.0,0.59,CT on D,5,
feature_4 > -2.295 AND feature_0 > 0.719 AND feature_0 > 1.88 AND feature_4 <= -0.368,4.827,0.01,-0.02,4.81,4,1.0,0.6,3.031,2.0,0.6,CT on D,7,
feature_4 > -2.295 AND feature_0 > 0.719 AND feature_0 <= 1.88 AND feature_1 > 1.002 AND feature_3 > -0.25,3.703,0.02,1.9,5.6,5,0.77,0.47,2.922,4.0,0.59,CT on D,7,
feature_4 > -2.295 AND feature_0 > 0.719 AND feature_0 > 1.88,3.66,0.03,0.94,4.6,3,0.76,0.47,3.007,2.0,0.61,CT on D,7,
feature_4 > -2.295,0.858,0.77,0.97,1.83,1,0.18,0.41,0.797,1.0,0.47,CT on D,7,
feature_4 > -2.295 AND feature_0 > 0.719 AND feature_0 <= 1.88 AND feature_1 > 1.002,3.173,0.03,2.0,5.17,4,0.66,0.41,2.913,3.0,0.59,CT on D,7,
feature_4 > -2.295 AND feature_0 <= 0.719 AND feature_1 <= 0.06 AND feature_0 <= -0.909 AND feature_3 > 0.476 AND feature_6 <= -0.095,3.237,0.01,3.33,0.09,6,0.67,0.41,1.043,5.0,0.21,CT on D,7,
feature_4 > -2.295 AND feature_0 > 0.719 AND feature_0 > 1.88 AND feature_4 > -0.368,2.997,0.02,1.48,4.47,4,0.62,0.38,2.993,2.0,0.6,CT on D,7,
feature_4 > -2.295 AND feature_0 > 0.719 AND feature_0 > 1.88 AND feature_4 <= -0.368,4.827,0.01,-0.02,4.81,4,1.0,0.6,3.031,2.0,0.6,CT on D,10,
feature_4 > -2.295 AND feature_0 > 0.719 AND feature_0 <= 1.88 AND feature_1 > 1.002 AND feature_3 > -0.25,3.703,0.02,1.9,5.6,5,0.77,0.47,2.922,4.0,0.59,CT on D,10,
feature_4 > -2.295 AND feature_0 > 0.719 AND feature_0 > 1.88,3.66,0.03,0.94,4.6,3,0.76,0.47,3.007,2.0,0.61,CT on D,10,
feature_4 > -2.295,0.858,0.77,0.97,1.83,1,0.18,0.41,0.797,1.0,0.47,CT on D,10,
feature_4 > -2.295 AND feature_0 > 0.719 AND feature_0 <= 1.88 AND feature_1 > 1.002,3.173,0.03,2.0,5.17,4,0.66,0.41,2.913,3.0,0.59,CT on D,10,
feature_4 > -2.295 AND feature_0 <= 0.719 AND feature_1 <= 0.06 AND feature_0 <= -0.909 AND feature_3 > 0.476 AND feature_6 <= -0.095,3.237,0.01,3.33,0.09,6,0.67,0.41,1.043,5.0,0.21,CT on D,10,
feature_4 > -2.295 AND feature_0 > 0.719 AND feature_0 > 1.88 AND feature_4 > -0.368,2.997,0.02,1.48,4.47,4,0.62,0.38,2.993,2.0,0.6,CT on D,10,
feature_4 > -2.295 AND feature_0 <= 0.719 AND feature_1 > 0.06 AND feature_0 > -0.001 AND feature_2 > -0.862 AND feature_3 <= -1.216,2.75,0.01,0.06,2.81,6,0.57,0.35,1.586,5.0,0.32,CT on D,10,
feature_4 > -2.295 AND feature_0 > 0.719,2.056,0.22,1.03,3.09,2,0.43,0.34,2.089,2.0,0.5,CT on D,10,
feature_4 > -2.295 AND feature_0 <= 0.719 AND feature_1 <= 0.06 AND feature_0 <= -0.909 AND feature_3 > 0.476,2.563,0.03,2.94,0.37,5,0.53,0.33,1.059,4.0,0.22,CT on D,10,
feature_5 <= 1.982 AND feature_1 > 0.583 AND feature_0 > 0.469 AND feature_8 > -0.212 AND feature_0 > 1.285,4.305,0.02,1.13,5.43,5,1.0,0.61,3.212,4.0,0.61,CT on P,1,
feature_5 <= 1.982 AND feature_1 > 0.583 AND feature_0 > 0.469 AND feature_8 > -0.212 AND feature_0 > 1.285,4.305,0.02,1.13,5.43,5,1.0,0.61,3.212,4.0,0.61,CT on P,3,
feature_5 <= 1.982 AND feature_1 <= 0.583 AND feature_0 > -0.697 AND feature_0 > 1.904,3.652,0.02,0.56,4.21,4,0.85,0.52,2.777,3.0,0.53,CT on P,3,
feature_5 <= 1.982,0.812,0.97,1.12,1.93,1,0.19,0.5,0.796,1.0,0.54,CT on P,3,
feature_5 <= 1.982 AND feature_1 > 0.583 AND feature_0 > 0.469 AND feature_8 > -0.212 AND feature_0 > 1.285,4.305,0.02,1.13,5.43,5,1.0,0.61,3.212,4.0,0.61,CT on P,5,
feature_5 <= 1.982 AND feature_1 <= 0.583 AND feature_0 > -0.697 AND feature_0 > 1.904,3.652,0.02,0.56,4.21,4,0.85,0.52,2.777,3.0,0.53,CT on P,5,
feature_5 <= 1.982,0.812,0.97,1.12,1.93,1,0.19,0.5,0.796,1.0,0.54,CT on P,5,
feature_5 <= 1.982 AND feature_1 > 0.583 AND feature_0 > 0.469 AND feature_8 > -0.212,3.068,0.05,1.27,4.33,4,0.71,0.45,2.581,4.0,0.5,CT on P,5,
feature_5 <= 1.982 AND feature_1 > 0.583 AND feature_0 > 0.469 AND feature_8 > -0.212 AND feature_0 <= 1.285 AND feature_1 > 1.015,3.15,0.02,1.31,4.46,6,0.73,0.45,2.564,4.0,0.49,CT on P,5,
feature_5 <= 1.982 AND feature_1 > 0.583 AND feature_0 > 0.469 AND feature_8 > -0.212 AND feature_0 > 1.285,4.305,0.02,1.13,5.43,5,1.0,0.61,3.212,4.0,0.61,CT on P,7,
feature_5 <= 1.982 AND feature_1 <= 0.583 AND feature_0 > -0.697 AND feature_0 > 1.904,3.652,0.02,0.56,4.21,4,0.85,0.52,2.777,3.0,0.53,CT on P,7,
feature_5 <= 1.982,0.812,0.97,1.12,1.93,1,0.19,0.5,0.796,1.0,0.54,CT on P,7,
feature_5 <= 1.982 AND feature_1 > 0.583 AND feature_0 > 0.469 AND feature_8 > -0.212,3.068,0.05,1.27,4.33,4,0.71,0.45,2.581,4.0,0.5,CT on P,7,
feature_5 <= 1.982 AND feature_1 > 0.583 AND feature_0 > 0.469 AND feature_8 > -0.212 AND feature_0 <= 1.285 AND feature_1 > 1.015,3.15,0.02,1.31,4.46,6,0.73,0.45,2.564,4.0,0.49,CT on P,7,
feature_5 <= 1.982 AND feature_1 > 0.583 AND feature_0 > 0.469,2.638,0.09,1.53,4.17,3,0.61,0.4,2.585,3.0,0.52,CT on P,7,
feature_5 <= 1.982 AND feature_1 <= 0.583 AND feature_0 <= -0.697 AND feature_1 <= -0.512 AND feature_0 <= -1.37 AND feature_7 > -0.04,2.732,0.01,3.02,0.29,6,0.63,0.38,1.566,4.0,0.3,CT on P,7,
feature_5 <= 1.982 AND feature_1 > 0.583 AND feature_0 > 0.469 AND feature_8 > -0.212 AND feature_0 > 1.285,4.305,0.02,1.13,5.43,5,1.0,0.61,3.212,4.0,0.61,CT on P,10,
feature_5 <= 1.982 AND feature_1 <= 0.583 AND feature_0 > -0.697 AND feature_0 > 1.904,3.652,0.02,0.56,4.21,4,0.85,0.52,2.777,3.0,0.53,CT on P,10,
feature_5 <= 1.982,0.812,0.97,1.12,1.93,1,0.19,0.5,0.796,1.0,0.54,CT on P,10,
feature_5 <= 1.982 AND feature_1 > 0.583 AND feature_0 > 0.469 AND feature_8 > -0.212,3.068,0.05,1.27,4.33,4,0.71,0.45,2.581,4.0,0.5,CT on P,10,
feature_5 <= 1.982 AND feature_1 > 0.583 AND feature_0 > 0.469 AND feature_8 > -0.212 AND feature_0 <= 1.285 AND feature_1 > 1.015,3.15,0.02,1.31,4.46,6,0.73,0.45,2.564,4.0,0.49,CT on P,10,
feature_5 <= 1.982 AND feature_1 > 0.583 AND feature_0 > 0.469,2.638,0.09,1.53,4.17,3,0.61,0.4,2.585,3.0,0.52,CT on P,10,
feature_5 <= 1.982 AND feature_1 <= 0.583 AND feature_0 <= -0.697 AND feature_1 <= -0.512 AND feature_0 <= -1.37 AND feature_7 > -0.04,2.732,0.01,3.02,0.29,6,0.63,0.38,1.566,4.0,0.3,CT on P,10,
feature_5 <= 1.982 AND feature_1 > 0.583 AND feature_0 > 0.469 AND feature_8 <= -0.212 AND feature_1 <= 1.078,2.564,0.02,1.05,3.62,5,0.6,0.37,2.316,4.0,0.44,CT on P,10,
feature_5 <= 1.982 AND feature_1 > 0.583 AND feature_0 > 0.469 AND feature_8 > -0.212 AND feature_0 <= 1.285,2.503,0.04,1.33,3.83,5,0.58,0.36,2.274,4.0,0.44,CT on P,10,
feature_5 <= 1.982 AND feature_1 <= 0.583 AND feature_0 > -0.697,1.035,0.53,0.9,1.93,3,0.24,0.36,0.955,3.0,0.39,CT on P,10,
feature_0 <= -0.975 AND feature_1 <= -1.248 AND feature_6 <= -0.871,65.812,0.0,,,3,1.0,0.6,1.339,3.0,0.6,CF,1,5.46
feature_0 <= -0.975 AND feature_1 <= -1.248 AND feature_6 <= -0.871,65.812,0.0,,,3,1.0,0.6,1.339,3.0,0.6,CF,3,5.46
feature_0 <= 1.44,0.727,0.73,,,1,0.01,0.3,0.645,1.0,0.58,CF,3,5.46
feature_0 <= 1.368,0.467,0.72,,,1,0.01,0.29,0.625,1.0,0.57,CF,3,5.46
feature_0 <= -0.975 AND feature_1 <= -1.248 AND feature_6 <= -0.871,65.812,0.0,,,3,1.0,0.6,1.339,3.0,0.6,CF,5,5.46
feature_0 <= 1.44,0.727,0.73,,,1,0.01,0.3,0.645,1.0,0.58,CF,5,5.46
feature_0 <= 1.368,0.467,0.72,,,1,0.01,0.29,0.625,1.0,0.57,CF,5,5.46
feature_0 <= 1.262,0.499,0.71,,,1,0.01,0.29,0.592,1.0,0.55,CF,5,5.46
feature_0 > -1.121,0.889,0.69,,,1,0.01,0.28,1.045,1.0,0.74,CF,5,5.46
feature_0 <= -0.975 AND feature_1 <= -1.248 AND feature_6 <= -0.871,65.812,0.0,,,3,1.0,0.6,1.339,3.0,0.6,CF,7,5.46
feature_0 <= 1.44,0.727,0.73,,,1,0.01,0.3,0.645,1.0,0.58,CF,7,5.46
feature_0 <= 1.368,0.467,0.72,,,1,0.01,0.29,0.625,1.0,0.57,CF,7,5.46
feature_0 <= 1.262,0.499,0.71,,,1,0.01,0.29,0.592,1.0,0.55,CF,7,5.46
feature_0 > -1.121,0.889,0.69,,,1,0.01,0.28,1.045,1.0,0.74,CF,7,5.46
feature_0 > -1.061,1.162,0.68,,,1,0.02,0.28,1.063,1.0,0.75,CF,7,5.46
feature_0 <= 1.081,0.708,0.69,,,1,0.01,0.28,0.537,1.0,0.52,CF,7,5.46
feature_0 <= -0.975 AND feature_1 <= -1.248 AND feature_6 <= -0.871,65.812,0.0,,,3,1.0,0.6,1.339,3.0,0.6,CF,10,5.46
feature_0 <= 1.44,0.727,0.73,,,1,0.01,0.3,0.645,1.0,0.58,CF,10,5.46
feature_0 <= 1.368,0.467,0.72,,,1,0.01,0.29,0.625,1.0,0.57,CF,10,5.46
feature_0 <= 1.262,0.499,0.71,,,1,0.01,0.29,0.592,1.0,0.55,CF,10,5.46
feature_0 > -1.121,0.889,0.69,,,1,0.01,0.28,1.045,1.0,0.74,CF,10,5.46
feature_0 > -1.061,1.162,0.68,,,1,0.02,0.28,1.063,1.0,0.75,CF,10,5.46
feature_0 <= 1.081,0.708,0.69,,,1,0.01,0.28,0.537,1.0,0.52,CF,10,5.46
feature_0 <= 1.059,0.676,0.69,,,1,0.01,0.28,0.53,1.0,0.51,CF,10,5.46
feature_0 <= 1.07,0.439,0.69,,,1,0.01,0.28,0.533,1.0,0.51,CF,10,5.46
feature_0 > -0.947,1.225,0.67,,,1,0.02,0.28,1.103,1.0,0.76,CF,10,5.46
feature_0 > 0.254 AND feature_0 > 1.136 AND feature_1 > 0.635 AND feature_1 > 1.031,2.703,0.02,,,4,1.0,0.61,3.371,2.0,0.61,CF SingleTree,1,0.57
feature_0 > 0.254 AND feature_0 > 1.136 AND feature_1 > 0.635 AND feature_1 > 1.031,2.703,0.02,,,4,1.0,0.61,3.371,2.0,0.61,CF SingleTree,3,0.57
feature_0 > 0.254 AND feature_0 > 1.136 AND feature_1 > 0.635,2.53,0.03,,,3,0.94,0.57,3.133,2.0,0.57,CF SingleTree,3,0.57
feature_0 > 0.254 AND feature_0 > 1.136 AND feature_1 <= 0.635 AND feature_0 > 1.949,2.362,0.02,,,4,0.87,0.53,2.832,2.0,0.51,CF SingleTree,3,0.57
feature_0 > 0.254 AND feature_0 > 1.136 AND feature_1 > 0.635 AND feature_1 > 1.031,2.703,0.02,,,4,1.0,0.61,3.371,2.0,0.61,CF SingleTree,5,0.57
feature_0 > 0.254 AND feature_0 > 1.136 AND feature_1 > 0.635,2.53,0.03,,,3,0.94,0.57,3.133,2.0,0.57,CF SingleTree,5,0.57
feature_0 > 0.254 AND feature_0 > 1.136 AND feature_1 <= 0.635 AND feature_0 > 1.949,2.362,0.02,,,4,0.87,0.53,2.832,2.0,0.51,CF SingleTree,5,0.57
feature_0 > 0.254 AND feature_0 > 1.136 AND feature_1 > 0.635 AND feature_1 <= 1.031,2.301,0.02,,,4,0.85,0.52,2.818,2.0,0.51,CF SingleTree,5,0.57
feature_0 > 0.254 AND feature_0 > 1.136,2.046,0.13,,,2,0.76,0.51,2.422,1.0,0.48,CF SingleTree,5,0.57
feature_0 > 0.254 AND feature_0 > 1.136 AND feature_1 > 0.635 AND feature_1 > 1.031,2.703,0.02,,,4,1.0,0.61,3.371,2.0,0.61,CF SingleTree,7,0.57
feature_0 > 0.254 AND feature_0 > 1.136 AND feature_1 > 0.635,2.53,0.03,,,3,0.94,0.57,3.133,2.0,0.57,CF SingleTree,7,0.57
feature_0 > 0.254 AND feature_0 > 1.136 AND feature_1 <= 0.635 AND feature_0 > 1.949,2.362,0.02,,,4,0.87,0.53,2.832,2.0,0.51,CF SingleTree,7,0.57
feature_0 > 0.254 AND feature_0 > 1.136 AND feature_1 > 0.635 AND feature_1 <= 1.031,2.301,0.02,,,4,0.85,0.52,2.818,2.0,0.51,CF SingleTree,7,0.57
feature_0 > 0.254 AND feature_0 > 1.136,2.046,0.13,,,2,0.76,0.51,2.422,1.0,0.48,CF SingleTree,7,0.57
feature_0 > 0.254,1.551,0.37,,,1,0.57,0.49,1.754,1.0,0.46,CF SingleTree,7,0.57
feature_0 > 0.254 AND feature_0 <= 1.136 AND feature_1 > 0.786 AND feature_1 > 1.245,2.019,0.03,,,4,0.75,0.46,2.519,2.0,0.46,CF SingleTree,7,0.57
feature_0 > 0.254 AND feature_0 > 1.136 AND feature_1 > 0.635 AND feature_1 > 1.031,2.703,0.02,,,4,1.0,0.61,3.371,2.0,0.61,CF SingleTree,10,0.57
feature_0 > 0.254 AND feature_0 > 1.136 AND feature_1 > 0.635,2.53,0.03,,,3,0.94,0.57,3.133,2.0,0.57,CF SingleTree,10,0.57
feature_0 > 0.254 AND feature_0 > 1.136 AND feature_1 <= 0.635 AND feature_0 > 1.949,2.362,0.02,,,4,0.87,0.53,2.832,2.0,0.51,CF SingleTree,10,0.57
feature_0 > 0.254 AND feature_0 > 1.136 AND feature_1 > 0.635 AND feature_1 <= 1.031,2.301,0.02,,,4,0.85,0.52,2.818,2.0,0.51,CF SingleTree,10,0.57
feature_0 > 0.254 AND feature_0 > 1.136,2.046,0.13,,,2,0.76,0.51,2.422,1.0,0.48,CF SingleTree,10,0.57
feature_0 > 0.254,1.551,0.37,,,1,0.57,0.49,1.754,1.0,0.46,CF SingleTree,10,0.57
feature_0 > 0.254 AND feature_0 <= 1.136 AND feature_1 > 0.786 AND feature_1 > 1.245,2.019,0.03,,,4,0.75,0.46,2.519,2.0,0.46,CF SingleTree,10,0.57
feature_0 > 0.254 AND feature_0 > 1.136 AND feature_1 <= 0.635,1.869,0.09,,,3,0.69,0.45,2.161,2.0,0.42,CF SingleTree,10,0.57
feature_0 > 0.254 AND feature_0 <= 1.136 AND feature_1 > 0.786,1.827,0.06,,,3,0.68,0.43,2.221,2.0,0.42,CF SingleTree,10,0.57
feature_0 > 0.254 AND feature_0 > 1.136 AND feature_1 <= 0.635 AND feature_0 <= 1.949,1.761,0.08,,,4,0.65,0.42,2.013,2.0,0.39,CF SingleTree,10,0.57
feature_0 > 0.658 AND feature_0 > 0.923 AND feature_9 > -1.506 AND feature_4 <= 0.375 AND feature_1 > 0.663 AND feature_0 > 1.325,4.339,0.01,1.09,5.43,6,1.0,0.6,3.399,4.0,0.6,CT on D,1,
feature_0 > 0.658 AND feature_0 > 0.923 AND feature_9 > -1.506 AND feature_4 <= 0.375 AND feature_1 > 0.663 AND feature_0 > 1.325,4.339,0.01,1.09,5.43,6,1.0,0.6,3.399,4.0,0.6,CT on D,3,
feature_0 > 0.658 AND feature_0 > 0.923 AND feature_9 > -1.506 AND feature_4 <= 0.375 AND feature_1 > 0.663,3.621,0.03,1.01,4.63,5,0.83,0.51,3.029,4.0,0.55,CT on D,3,
feature_0 > 0.658 AND feature_0 <= 0.923 AND feature_2 > -0.292 AND feature_9 <= 0.545 AND feature_5 <= -0.477,3.544,0.01,0.15,3.69,5,0.82,0.49,1.629,4.0,0.29,CT on D,3,
feature_0 > 0.658 AND feature_0 > 0.923 AND feature_9 > -1.506 AND feature_4 <= 0.375 AND feature_1 > 0.663 AND feature_0 > 1.325,4.339,0.01,1.09,5.43,6,1.0,0.6,3.399,4.0,0.6,CT on D,5,
feature_0 > 0.658 AND feature_0 > 0.923 AND feature_9 > -1.506 AND feature_4 <= 0.375 AND feature_1 > 0.663,3.621,0.03,1.01,4.63,5,0.83,0.51,3.029,4.0,0.55,CT on D,5,
feature_0 > 0.658 AND feature_0 <= 0.923 AND feature_2 > -0.292 AND feature_9 <= 0.545 AND feature_5 <= -0.477,3.544,0.01,0.15,3.69,5,0.82,0.49,1.629,4.0,0.29,CT on D,5,
feature_0 > 0.658 AND feature_0 <= 0.923 AND feature_2 <= -0.292 AND feature_7 > 0.266,3.346,0.01,-0.11,3.23,4,0.77,0.47,1.606,3.0,0.29,CT on D,5,
feature_0 > 0.658 AND feature_0 > 0.923 AND feature_9 > -1.506 AND feature_4 <= 0.375 AND feature_1 <= 0.663 AND feature_0 > 1.523,3.173,0.03,0.26,3.43,6,0.73,0.45,2.479,4.0,0.45,CT on D,5,
feature_0 > 0.658 AND feature_0 > 0.923 AND feature_9 > -1.506 AND feature_4 <= 0.375 AND feature_1 > 0.663 AND feature_0 > 1.325,4.339,0.01,1.09,5.43,6,1.0,0.6,3.399,4.0,0.6,CT on D,7,
feature_0 > 0.658 AND feature_0 > 0.923 AND feature_9 > -1.506 AND feature_4 <= 0.375 AND feature_1 > 0.663,3.621,0.03,1.01,4.63,5,0.83,0.51,3.029,4.0,0.55,CT on D,7,
feature_0 > 0.658 AND feature_0 <= 0.923 AND feature_2 > -0.292 AND feature_9 <= 0.545 AND feature_5 <= -0.477,3.544,0.01,0.15,3.69,5,0.82,0.49,1.629,4.0,0.29,CT on D,7,
feature_0 > 0.658 AND feature_0 <= 0.923 AND feature_2 <= -0.292 AND feature_7 > 0.266,3.346,0.01,-0.11,3.23,4,0.77,0.47,1.606,3.0,0.29,CT on D,7,
feature_0 > 0.658 AND feature_0 > 0.923 AND feature_9 > -1.506 AND feature_4 <= 0.375 AND feature_1 <= 0.663 AND feature_0 > 1.523,3.173,0.03,0.26,3.43,6,0.73,0.45,2.479,4.0,0.45,CT on D,7,
feature_0 <= 0.658 AND feature_0 > -1.383 AND feature_1 > 0.487 AND feature_0 <= -0.081 AND feature_1 > 1.541 AND feature_5 > -0.152,3.076,0.01,0.62,3.69,6,0.71,0.43,1.468,3.0,0.26,CT on D,7,
feature_0 <= 0.658 AND feature_0 <= -1.383 AND feature_1 <= -0.542 AND feature_2 <= -0.281,2.945,0.01,1.95,-1.0,4,0.68,0.41,1.497,3.0,0.27,CT on D,7,
feature_0 > 0.658 AND feature_0 > 0.923 AND feature_9 > -1.506 AND feature_4 <= 0.375 AND feature_1 > 0.663 AND feature_0 > 1.325,4.339,0.01,1.09,5.43,6,1.0,0.6,3.399,4.0,0.6,CT on D,10,
feature_0 > 0.658 AND feature_0 > 0.923 AND feature_9 > -1.506 AND feature_4 <= 0.375 AND feature_1 > 0.663,3.621,0.03,1.01,4.63,5,0.83,0.51,3.029,4.0,0.55,CT on D,10,
feature_0 > 0.658 AND feature_0 <= 0.923 AND feature_2 > -0.292 AND feature_9 <= 0.545 AND feature_5 <= -0.477,3.544,0.01,0.15,3.69,5,0.82,0.49,1.629,4.0,0.29,CT on D,10,
feature_0 > 0.658 AND feature_0 <= 0.923 AND feature_2 <= -0.292 AND feature_7 > 0.266,3.346,0.01,-0.11,3.23,4,0.77,0.47,1.606,3.0,0.29,CT on D,10,
feature_0 > 0.658 AND feature_0 > 0.923 AND feature_9 > -1.506 AND feature_4 <= 0.375 AND feature_1 <= 0.663 AND feature_0 > 1.523,3.173,0.03,0.26,3.43,6,0.73,0.45,2.479,4.0,0.45,CT on D,10,
feature_0 <= 0.658 AND feature_0 > -1.383 AND feature_1 > 0.487 AND feature_0 <= -0.081 AND feature_1 > 1.541 AND feature_5 > -0.152,3.076,0.01,0.62,3.69,6,0.71,0.43,1.468,3.0,0.26,CT on D,10,
feature_0 <= 0.658 AND feature_0 <= -1.383 AND feature_1 <= -0.542 AND feature_2 <= -0.281,2.945,0.01,1.95,-1.0,4,0.68,0.41,1.497,3.0,0.27,CT on D,10,
feature_0 > 0.658 AND feature_0 > 0.923 AND feature_9 > -1.506 AND feature_4 <= 0.375 AND feature_1 > 0.663 AND feature_0 <= 1.325,2.795,0.01,0.92,3.71,6,0.64,0.39,2.601,4.0,0.46,CT on D,10,
feature_0 > 0.658,2.081,0.24,0.95,3.03,1,0.48,0.38,2.048,1.0,0.46,CT on D,10,
feature_0 > 0.658 AND feature_0 > 0.923 AND feature_9 > -1.506 AND feature_4 <= 0.375,2.348,0.1,0.66,3.0,4,0.54,0.36,2.257,3.0,0.44,CT on D,10,
feature_0 > 0.639 AND feature_0 > 0.923 AND feature_0 <= 2.122 AND feature_4 <= -1.429,3.858,0.01,-0.94,2.92,4,1.0,0.6,2.069,2.0,0.6,CT on P,1,
feature_0 > 0.639 AND feature_0 > 0.923 AND feature_0 <= 2.122 AND feature_4 <= -1.429,3.858,0.01,-0.94,2.92,4,1.0,0.6,2.069,2.0,0.6,CT on P,3,
feature_0 <= 0.639 AND feature_0 > -0.154 AND feature_1 > 0.558 AND feature_9 > -0.105 AND feature_5 > -0.093 AND feature_7 > -0.071,3.611,0.01,0.03,3.64,6,0.94,0.57,1.791,5.0,0.52,CT on P,3,
feature_0 > 0.639 AND feature_0 <= 0.923 AND feature_2 <= -0.292 AND feature_7 > 0.266,3.453,0.01,-0.09,3.36,4,0.9,0.54,1.597,3.0,0.47,CT on P,3,
feature_0 > 0.639 AND feature_0 > 0.923 AND feature_0 <= 2.122 AND feature_4 <= -1.429,3.858,0.01,-0.94,2.92,4,1.0,0.6,2.069,2.0,0.38,CT on P,5,
feature_0 <= 0.639 AND feature_0 > -0.154 AND feature_1 > 0.558 AND feature_9 > -0.105 AND feature_5 > -0.093 AND feature_7 > -0.071,3.611,0.01,0.03,3.64,6,0.94,0.57,1.791,5.0,0.33,CT on P,5,
feature_0 > 0.639 AND feature_0 <= 0.923 AND feature_2 <= -0.292 AND feature_7 > 0.266,3.453,0.01,-0.09,3.36,4,0.9,0.54,1.597,3.0,0.29,CT on P,5,
feature_0 > 0.639 AND feature_0 > 0.923 AND feature_0 > 2.122,3.115,0.01,1.84,4.96,3,0.81,0.49,3.331,1.0,0.6,CT on P,5,
feature_0 <= 0.639 AND feature_0 > -0.154 AND feature_1 > 0.558 AND feature_9 > -0.105 AND feature_5 > -0.093,3.085,0.02,0.3,3.39,5,0.8,0.49,1.77,4.0,0.33,CT on P,5,
feature_0 > 0.639 AND feature_0 > 0.923 AND feature_0 <= 2.122 AND feature_4 <= -1.429,3.858,0.01,-0.94,2.92,4,1.0,0.6,2.069,2.0,0.38,CT on P,7,
feature_0 <= 0.639 AND feature_0 > -0.154 AND feature_1 > 0.558 AND feature_9 > -0.105 AND feature_5 > -0.093 AND feature_7 > -0.071,3.611,0.01,0.03,3.64,6,0.94,0.57,1.791,5.0,0.33,CT on P,7,
feature_0 > 0.639 AND feature_0 <= 0.923 AND feature_2 <= -0.292 AND feature_7 > 0.266,3.453,0.01,-0.09,3.36,4,0.9,0.54,1.597,3.0,0.29,CT on P,7,
feature_0 > 0.639 AND feature_0 > 0.923 AND feature_0 > 2.122,3.115,0.01,1.84,4.96,3,0.81,0.49,3.331,1.0,0.6,CT on P,7,
feature_0 <= 0.639 AND feature_0 > -0.154 AND feature_1 > 0.558 AND feature_9 > -0.105 AND feature_5 > -0.093,3.085,0.02,0.3,3.39,5,0.8,0.49,1.77,4.0,0.33,CT on P,7,
feature_0 <= 0.639 AND feature_0 <= -0.154 AND feature_1 <= 0.425 AND feature_0 <= -1.483 AND feature_2 <= 0.056 AND feature_8 > -0.094,2.784,0.02,2.07,-0.71,6,0.72,0.44,1.44,4.0,0.27,CT on P,7,
feature_0 > 0.639 AND feature_0 > 0.923 AND feature_0 <= 2.122 AND feature_4 > -1.429 AND feature_1 > -0.213 AND feature_7 <= 0.523,2.653,0.06,1.18,3.84,6,0.69,0.44,2.472,4.0,0.47,CT on P,7,
feature_0 > 0.639 AND feature_0 > 0.923 AND feature_0 <= 2.122 AND feature_4 <= -1.429,3.858,0.01,-0.94,2.92,4,1.0,0.6,2.069,2.0,0.38,CT on P,10,
feature_0 <= 0.639 AND feature_0 > -0.154 AND feature_1 > 0.558 AND feature_9 > -0.105 AND feature_5 > -0.093 AND feature_7 > -0.071,3.611,0.01,0.03,3.64,6,0.94,0.57,1.791,5.0,0.33,CT on P,10,
feature_0 > 0.639 AND feature_0 <= 0.923 AND feature_2 <= -0.292 AND feature_7 > 0.266,3.453,0.01,-0.09,3.36,4,0.9,0.54,1.597,3.0,0.29,CT on P,10,
feature_0 > 0.639 AND feature_0 > 0.923 AND feature_0 > 2.122,3.115,0.01,1.84,4.96,3,0.81,0.49,3.331,1.0,0.6,CT on P,10,
feature_0 <= 0.639 AND feature_0 > -0.154 AND feature_1 > 0.558 AND feature_9 > -0.105 AND feature_5 > -0.093,3.085,0.02,0.3,3.39,5,0.8,0.49,1.77,4.0,0.33,CT on P,10,
feature_0 <= 0.639 AND feature_0 <= -0.154 AND feature_1 <= 0.425 AND feature_0 <= -1.483 AND feature_2 <= 0.056 AND feature_8 > -0.094,2.784,0.02,2.07,-0.71,6,0.72,0.44,1.44,4.0,0.27,CT on P,10,
feature_0 > 0.639 AND feature_0 > 0.923 AND feature_0 <= 2.122 AND feature_4 > -1.429 AND feature_1 > -0.213 AND feature_7 <= 0.523,2.653,0.06,1.18,3.84,6,0.69,0.44,2.472,4.0,0.47,CT on P,10,
feature_0 <= 0.639 AND feature_0 > -0.154 AND feature_1 > 0.558 AND feature_9 > -0.105,2.565,0.05,0.56,3.12,4,0.66,0.42,1.738,3.0,0.33,CT on P,10,
feature_0 > 0.639,2.031,0.25,0.9,2.93,1,0.53,0.42,2.034,1.0,0.47,CT on P,10,
feature_0 > 0.639 AND feature_0 <= 0.923 AND feature_2 > -0.292 AND feature_9 <= 0.49 AND feature_5 <= -0.513,2.627,0.01,0.4,3.03,5,0.68,0.41,1.645,4.0,0.3,CT on P,10,
feature_0 > 0.051 AND feature_2 <= -1.53 AND feature_4 <= -0.881 AND feature_9 > 0.07,46.643,0.0,,,4,1.0,0.6,1.657,4.0,0.6,CF,1,6.09
feature_0 > 0.051 AND feature_2 <= -1.53 AND feature_4 <= -0.881 AND feature_9 > 0.07,46.643,0.0,,,4,1.0,0.6,1.657,4.0,0.6,CF,3,6.09
feature_0 <= 1.46,0.919,0.86,,,1,0.02,0.36,0.649,1.0,0.58,CF,3,6.09
feature_0 <= 1.316,0.794,0.84,,,1,0.02,0.35,0.612,1.0,0.56,CF,3,6.09
feature_0 > 0.051 AND feature_2 <= -1.53 AND feature_4 <= -0.881 AND feature_9 > 0.07,46.643,0.0,,,4,1.0,0.6,1.657,4.0,0.6,CF,5,6.09
feature_0 <= 1.46,0.919,0.86,,,1,0.02,0.36,0.649,1.0,0.58,CF,5,6.09
feature_0 <= 1.316,0.794,0.84,,,1,0.02,0.35,0.612,1.0,0.56,CF,5,6.09
feature_0 > -1.286,1.048,0.83,,,1,0.02,0.35,0.985,1.0,0.69,CF,5,6.09
feature_0 <= 1.331,0.724,0.84,,,1,0.02,0.35,0.616,1.0,0.56,CF,5,6.09
feature_0 > 0.051 AND feature_2 <= -1.53 AND feature_4 <= -0.881 AND feature_9 > 0.07,46.643,0.0,,,4,1.0,0.6,1.657,4.0,0.6,CF,7,6.09
feature_0 <= 1.46,0.919,0.86,,,1,0.02,0.36,0.649,1.0,0.58,CF,7,6.09
feature_0 <= 1.316,0.794,0.84,,,1,0.02,0.35,0.612,1.0,0.56,CF,7,6.09
feature_0 > -1.286,1.048,0.83,,,1,0.02,0.35,0.985,1.0,0.69,CF,7,6.09
feature_0 <= 1.331,0.724,0.84,,,1,0.02,0.35,0.616,1.0,0.56,CF,7,6.09
feature_0 > -1.051 AND feature_2 <= 1.629,1.221,0.82,,,2,0.03,0.34,1.055,2.0,0.71,CF,7,6.09
feature_0 > -1.272,1.109,0.82,,,1,0.02,0.34,0.989,1.0,0.69,CF,7,6.09
feature_0 > 0.051 AND feature_2 <= -1.53 AND feature_4 <= -0.881 AND feature_9 > 0.07,46.643,0.0,,,4,1.0,0.6,1.657,4.0,0.6,CF,10,6.09
feature_0 <= 1.46,0.919,0.86,,,1,0.02,0.36,0.649,1.0,0.58,CF,10,6.09
feature_0 <= 1.316,0.794,0.84,,,1,0.02,0.35,0.612,1.0,0.56,CF,10,6.09
feature_0 > -1.286,1.048,0.83,,,1,0.02,0.35,0.985,1.0,0.69,CF,10,6.09
feature_0 <= 1.331,0.724,0.84,,,1,0.02,0.35,0.616,1.0,0.56,CF,10,6.09
feature_0 > -1.051 AND feature_2 <= 1.629,1.221,0.82,,,2,0.03,0.34,1.055,2.0,0.71,CF,10,6.09
feature_0 > -1.272,1.109,0.82,,,1,0.02,0.34,0.989,1.0,0.69,CF,10,6.09
feature_0 > -1.286 AND feature_2 <= 0.978,1.021,0.82,,,2,0.02,0.34,0.973,2.0,0.68,CF,10,6.09
feature_0 <= 1.157,0.836,0.82,,,1,0.02,0.34,0.572,1.0,0.54,CF,10,6.09
feature_0 > -1.267,0.834,0.82,,,1,0.02,0.34,0.99,1.0,0.69,CF,10,6.09
feature_0 > -0.057 AND feature_0 > 1.272 AND feature_1 > 0.751 AND feature_0 > 1.492,2.395,0.01,,,4,1.0,0.6,3.598,2.0,0.6,CF SingleTree,1,0.61
feature_0 > -0.057 AND feature_0 > 1.272 AND feature_1 > 0.751 AND feature_0 > 1.492,2.395,0.01,,,4,1.0,0.6,3.598,2.0,0.6,CF SingleTree,3,0.61
feature_0 > -0.057 AND feature_0 > 1.272 AND feature_1 > 0.751,2.311,0.02,,,3,0.96,0.59,3.384,2.0,0.57,CF SingleTree,3,0.61
feature_0 > -0.057,1.45,0.49,,,1,0.61,0.56,1.551,1.0,0.45,CF SingleTree,3,0.61
feature_0 > -0.057 AND feature_0 > 1.272 AND feature_1 > 0.751 AND feature_0 > 1.492,2.395,0.01,,,4,1.0,0.6,3.598,2.0,0.6,CF SingleTree,5,0.61
feature_0 > -0.057 AND feature_0 > 1.272 AND feature_1 > 0.751,2.311,0.02,,,3,0.96,0.59,3.384,2.0,0.57,CF SingleTree,5,0.61
feature_0 > -0.057,1.45,0.49,,,1,0.61,0.56,1.551,1.0,0.45,CF SingleTree,5,0.61
feature_0 > -0.057 AND feature_0 > 1.272 AND feature_1 > 0.751 AND feature_0 <= 1.492,2.177,0.01,,,4,0.91,0.55,3.032,2.0,0.51,CF SingleTree,5,0.61
feature_0 > -0.057 AND feature_0 > 1.272,1.98,0.09,,,2,0.83,0.53,2.556,1.0,0.46,CF SingleTree,5,0.61
feature_0 > -0.057 AND feature_0 > 1.272 AND feature_1 > 0.751 AND feature_0 > 1.492,2.395,0.01,,,4,1.0,0.6,3.598,2.0,0.6,CF SingleTree,7,0.61
feature_0 > -0.057 AND feature_0 > 1.272 AND feature_1 > 0.751,2.311,0.02,,,3,0.96,0.59,3.384,2.0,0.57,CF SingleTree,7,0.61
feature_0 > -0.057,1.45,0.49,,,1,0.61,0.56,1.551,1.0,0.45,CF SingleTree,7,0.61
feature_0 > -0.057 AND feature_0 > 1.272 AND feature_1 > 0.751 AND feature_0 <= 1.492,2.177,0.01,,,4,0.91,0.55,3.032,2.0,0.51,CF SingleTree,7,0.61
feature_0 > -0.057 AND feature_0 > 1.272,1.98,0.09,,,2,0.83,0.53,2.556,1.0,0.46,CF SingleTree,7,0.61
feature_0 > -0.057 AND feature_0 > 1.272 AND feature_1 <= 0.751 AND feature_0 > 1.462,1.972,0.05,,,4,0.82,0.51,2.442,2.0,0.43,CF SingleTree,7,0.61
feature_0 > -0.057 AND feature_0 <= 1.272 AND feature_1 > 0.855 AND feature_0 > 0.516,1.939,0.04,,,4,0.81,0.5,2.507,2.0,0.43,CF SingleTree,7,0.61
feature_0 > -0.057 AND feature_0 > 1.272 AND feature_1 > 0.751 AND feature_0 > 1.492,2.395,0.01,,,4,1.0,0.6,3.598,2.0,0.6,CF SingleTree,10,0.61
feature_0 > -0.057 AND feature_0 > 1.272 AND feature_1 > 0.751,2.311,0.02,,,3,0.96,0.59,3.384,2.0,0.57,CF SingleTree,10,0.61
feature_0 > -0.057,1.45,0.49,,,1,0.61,0.56,1.551,1.0,0.45,CF SingleTree,10,0.61
feature_0 > -0.057 AND feature_0 > 1.272 AND feature_1 > 0.751 AND feature_0 <= 1.492,2.177,0.01,,,4,0.91,0.55,3.032,2.0,0.51,CF SingleTree,10,0.61
feature_0 > -0.057 AND feature_0 > 1.272,1.98,0.09,,,2,0.83,0.53,2.556,1.0,0.46,CF SingleTree,10,0.61
feature_0 > -0.057 AND feature_0 > 1.272 AND feature_1 <= 0.751 AND feature_0 > 1.462,1.972,0.05,,,4,0.82,0.51,2.442,2.0,0.43,CF SingleTree,10,0.61
feature_0 > -0.057 AND feature_0 <= 1.272 AND feature_1 > 0.855 AND feature_0 > 0.516,1.939,0.04,,,4,0.81,0.5,2.507,2.0,0.43,CF SingleTree,10,0.61
feature_0 > -0.057 AND feature_0 > 1.272 AND feature_1 <= 0.751,1.882,0.07,,,3,0.79,0.5,2.31,2.0,0.41,CF SingleTree,10,0.61
feature_0 > -0.057 AND feature_0 <= 1.272,1.331,0.4,,,2,0.56,0.49,1.324,1.0,0.38,CF SingleTree,10,0.61
feature_0 > -0.057 AND feature_0 <= 1.272 AND feature_1 > 0.855,1.747,0.08,,,3,0.73,0.47,2.173,2.0,0.39,CF SingleTree,10,0.61
feature_2 > -1.156 AND feature_0 > 1.387 AND feature_1 <= 0.898 AND feature_0 > 1.75 AND feature_9 > 0.329,4.317,0.01,0.61,4.92,5,1.0,0.6,2.757,4.0,0.6,CT on D,1,
feature_2 > -1.156 AND feature_0 > 1.387 AND feature_1 <= 0.898 AND feature_0 > 1.75 AND feature_9 > 0.329,4.317,0.01,0.61,4.92,5,1.0,0.6,2.757,4.0,0.48,CT on D,3,
feature_2 > -1.156 AND feature_0 > 1.387 AND feature_1 > 0.898,4.145,0.01,1.45,5.59,3,0.96,0.58,3.462,3.0,0.6,CT on D,3,
feature_2 <= -1.156 AND feature_0 > 0.342 AND feature_0 > 0.638 AND feature_0 > 0.948 AND feature_5 > -0.016,3.687,0.01,0.47,4.15,5,0.85,0.52,2.317,3.0,0.41,CT on D,3,
feature_2 > -1.156 AND feature_0 > 1.387 AND feature_1 <= 0.898 AND feature_0 > 1.75 AND feature_9 > 0.329,4.317,0.01,0.61,4.92,5,1.0,0.6,2.757,4.0,0.48,CT on D,5,
feature_2 > -1.156 AND feature_0 > 1.387 AND feature_1 > 0.898,4.145,0.01,1.45,5.59,3,0.96,0.58,3.462,3.0,0.6,CT on D,5,
feature_2 <= -1.156 AND feature_0 > 0.342 AND feature_0 > 0.638 AND feature_0 > 0.948 AND feature_5 > -0.016,3.687,0.01,0.47,4.15,5,0.85,0.52,2.317,3.0,0.41,CT on D,5,
feature_2 > -1.156 AND feature_0 <= 1.387 AND feature_0 > -0.807 AND feature_1 > 0.488 AND feature_8 <= -1.015 AND feature_5 > -0.211,3.563,0.02,-0.06,3.51,6,0.83,0.5,1.534,5.0,0.27,CT on D,5,
feature_2 > -1.156,0.845,0.83,0.88,1.73,1,0.2,0.45,0.792,1.0,0.47,CT on D,5,
feature_2 > -1.156 AND feature_0 > 1.387 AND feature_1 <= 0.898 AND feature_0 > 1.75 AND feature_9 > 0.329,4.317,0.01,0.61,4.92,5,1.0,0.6,2.757,4.0,0.48,CT on D,7,
feature_2 > -1.156 AND feature_0 > 1.387 AND feature_1 > 0.898,4.145,0.01,1.45,5.59,3,0.96,0.58,3.462,3.0,0.6,CT on D,7,
feature_2 <= -1.156 AND feature_0 > 0.342 AND feature_0 > 0.638 AND feature_0 > 0.948 AND feature_5 > -0.016,3.687,0.01,0.47,4.15,5,0.85,0.52,2.317,3.0,0.41,CT on D,7,
feature_2 > -1.156 AND feature_0 <= 1.387 AND feature_0 > -0.807 AND feature_1 > 0.488 AND feature_8 <= -1.015 AND feature_5 > -0.211,3.563,0.02,-0.06,3.51,6,0.83,0.5,1.534,5.0,0.27,CT on D,7,
feature_2 > -1.156,0.845,0.83,0.88,1.73,1,0.2,0.45,0.792,1.0,0.47,CT on D,7,
feature_2 > -1.156 AND feature_0 > 1.387 AND feature_1 <= 0.898 AND feature_0 > 1.75,3.055,0.03,0.99,4.05,4,0.71,0.44,2.746,3.0,0.49,CT on D,7,
feature_2 > -1.156 AND feature_0 > 1.387,2.93,0.07,1.0,3.93,2,0.68,0.44,2.652,2.0,0.49,CT on D,7,
feature_2 > -1.156 AND feature_0 > 1.387 AND feature_1 <= 0.898 AND feature_0 > 1.75 AND feature_9 > 0.329,4.317,0.01,0.61,4.92,5,1.0,0.6,2.757,4.0,0.48,CT on D,10,
feature_2 > -1.156 AND feature_0 > 1.387 AND feature_1 > 0.898,4.145,0.01,1.45,5.59,3,0.96,0.58,3.462,3.0,0.6,CT on D,10,
feature_2 <= -1.156 AND feature_0 > 0.342 AND feature_0 > 0.638 AND feature_0 > 0.948 AND feature_5 > -0.016,3.687,0.01,0.47,4.15,5,0.85,0.52,2.317,3.0,0.41,CT on D,10,
feature_2 > -1.156 AND feature_0 <= 1.387 AND feature_0 > -0.807 AND feature_1 > 0.488 AND feature_8 <= -1.015 AND feature_5 > -0.211,3.563,0.02,-0.06,3.51,6,0.83,0.5,1.534,5.0,0.27,CT on D,10,
feature_2 > -1.156,0.845,0.83,0.88,1.73,1,0.2,0.45,0.792,1.0,0.47,CT on D,10,
feature_2 > -1.156 AND feature_0 > 1.387 AND feature_1 <= 0.898 AND feature_0 > 1.75,3.055,0.03,0.99,4.05,4,0.71,0.44,2.746,3.0,0.49,CT on D,10,
feature_2 > -1.156 AND feature_0 > 1.387,2.93,0.07,1.0,3.93,2,0.68,0.44,2.652,2.0,0.49,CT on D,10,
feature_2 <= -1.156 AND feature_0 > 0.342 AND feature_0 > 0.638 AND feature_0 > 0.948,2.928,0.02,0.77,3.7,4,0.68,0.41,2.283,2.0,0.4,CT on D,10,
feature_2 > -1.156 AND feature_0 <= 1.387,0.67,0.77,0.87,1.54,2,0.16,0.4,0.638,2.0,0.42,CT on D,10,
feature_2 > -1.156 AND feature_0 > 1.387 AND feature_1 <= 0.898,2.618,0.05,0.89,3.51,3,0.61,0.38,2.454,3.0,0.45,CT on D,10,
feature_8 <= 0.983 AND feature_0 > 0.856 AND feature_1 <= 1.351 AND feature_0 > 1.341 AND feature_7 > -0.288 AND feature_2 > 0.51,4.101,0.01,0.54,4.64,6,1.0,0.6,2.429,5.0,0.6,CT on P,1,
feature_8 <= 0.983 AND feature_0 > 0.856 AND feature_1 <= 1.351 AND feature_0 > 1.341 AND feature_7 > -0.288 AND feature_2 > 0.51,4.101,0.01,0.54,4.64,6,1.0,0.6,2.429,5.0,0.43,CT on P,3,
feature_8 <= 0.983 AND feature_0 > 0.856 AND feature_1 > 1.351,4.018,0.01,1.79,5.81,3,0.98,0.59,3.43,3.0,0.6,CT on P,3,
feature_8 <= 0.983 AND feature_0 > 0.856 AND feature_1 <= 1.351 AND feature_0 <= 1.341 AND feature_7 > 1.086,3.573,0.01,-0.38,3.19,5,0.87,0.53,1.722,4.0,0.31,CT on P,3,
feature_8 <= 0.983 AND feature_0 > 0.856 AND feature_1 <= 1.351 AND feature_0 > 1.341 AND feature_7 > -0.288 AND feature_2 > 0.51,4.101,0.01,0.54,4.64,6,1.0,0.6,2.429,5.0,0.43,CT on P,5,
feature_8 <= 0.983 AND feature_0 > 0.856 AND feature_1 > 1.351,4.018,0.01,1.79,5.81,3,0.98,0.59,3.43,3.0,0.6,CT on P,5,
feature_8 <= 0.983 AND feature_0 > 0.856 AND feature_1 <= 1.351 AND feature_0 <= 1.341 AND feature_7 > 1.086,3.573,0.01,-0.38,3.19,5,0.87,0.53,1.722,4.0,0.31,CT on P,5,
feature_8 > 0.983 AND feature_6 > 0.406 AND feature_1 > 0.665,3.362,0.02,-0.06,3.31,3,0.82,0.5,1.553,3.0,0.28,CT on P,5,
feature_8 <= 0.983 AND feature_0 > 0.856 AND feature_1 <= 1.351 AND feature_0 > 1.341 AND feature_7 > -0.288,3.246,0.04,0.68,3.92,5,0.79,0.49,2.473,4.0,0.45,CT on P,5,
feature_8 <= 0.983 AND feature_0 > 0.856 AND feature_1 <= 1.351 AND feature_0 > 1.341 AND feature_7 > -0.288 AND feature_2 > 0.51,4.101,0.01,0.54,4.64,6,1.0,0.6,2.429,5.0,0.43,CT on P,7,
feature_8 <= 0.983 AND feature_0 > 0.856 AND feature_1 > 1.351,4.018,0.01,1.79,5.81,3,0.98,0.59,3.43,3.0,0.6,CT on P,7,
feature_8 <= 0.983 AND feature_0 > 0.856 AND feature_1 <= 1.351 AND feature_0 <= 1.341 AND feature_7 > 1.086,3.573,0.01,-0.38,3.19,5,0.87,0.53,1.722,4.0,0.31,CT on P,7,
feature_8 > 0.983 AND feature_6 > 0.406 AND feature_1 > 0.665,3.362,0.02,-0.06,3.31,3,0.82,0.5,1.553,3.0,0.28,CT on P,7,
feature_8 <= 0.983 AND feature_0 > 0.856 AND feature_1 <= 1.351 AND feature_0 > 1.341 AND feature_7 > -0.288,3.246,0.04,0.68,3.92,5,0.79,0.49,2.473,4.0,0.45,CT on P,7,
feature_8 <= 0.983 AND feature_0 <= 0.856 AND feature_0 > -0.782 AND feature_1 > 1.238 AND feature_1 <= 1.539,3.031,0.02,0.14,3.17,5,0.74,0.45,1.639,3.0,0.29,CT on P,7,
feature_8 <= 0.983,0.802,0.83,0.88,1.68,1,0.2,0.45,0.793,1.0,0.47,CT on P,7,
feature_8 <= 0.983 AND feature_0 > 0.856 AND feature_1 <= 1.351 AND feature_0 > 1.341 AND feature_7 > -0.288 AND feature_2 > 0.51,4.101,0.01,0.54,4.64,6,1.0,0.6,2.429,5.0,0.43,CT on P,10,
feature_8 <= 0.983 AND feature_0 > 0.856 AND feature_1 > 1.351,4.018,0.01,1.79,5.81,3,0.98,0.59,3.43,3.0,0.6,CT on P,10,
feature_8 <= 0.983 AND feature_0 > 0.856 AND feature_1 <= 1.351 AND feature_0 <= 1.341 AND feature_7 > 1.086,3.573,0.01,-0.38,3.19,5,0.87,0.53,1.722,4.0,0.31,CT on P,10,
feature_8 > 0.983 AND feature_6 > 0.406 AND feature_1 > 0.665,3.362,0.02,-0.06,3.31,3,0.82,0.5,1.553,3.0,0.28,CT on P,10,
feature_8 <= 0.983 AND feature_0 > 0.856 AND feature_1 <= 1.351 AND feature_0 > 1.341 AND feature_7 > -0.288,3.246,0.04,0.68,3.92,5,0.79,0.49,2.473,4.0,0.45,CT on P,10,
feature_8 <= 0.983 AND feature_0 <= 0.856 AND feature_0 > -0.782 AND feature_1 > 1.238 AND feature_1 <= 1.539,3.031,0.02,0.14,3.17,5,0.74,0.45,1.639,3.0,0.29,CT on P,10,
feature_8 <= 0.983,0.802,0.83,0.88,1.68,1,0.2,0.45,0.793,1.0,0.47,CT on P,10,
feature_8 <= 0.983 AND feature_0 > 0.856 AND feature_1 <= 1.351 AND feature_0 > 1.341 AND feature_7 > -0.288 AND feature_2 <= 0.51,2.922,0.03,0.73,3.65,6,0.71,0.44,2.49,5.0,0.45,CT on P,10,
feature_8 <= 0.983 AND feature_0 > 0.856 AND feature_1 <= 1.351 AND feature_0 > 1.341,2.748,0.06,0.88,3.63,4,0.67,0.43,2.496,3.0,0.46,CT on P,10,
feature_8 <= 0.983 AND feature_0 > 0.856,2.329,0.15,0.88,3.21,2,0.57,0.4,2.193,2.0,0.44,CT on P,10,
feature_0 > 0.504 AND feature_2 <= -1.592 AND feature_1 <= 0.646 AND feature_8 <= -0.574,46.023,0.0,,,4,1.0,0.6,1.538,4.0,0.6,CF,1,6.05
feature_0 > 0.504 AND feature_2 <= -1.592 AND feature_1 <= 0.646 AND feature_8 <= -0.574,46.023,0.0,,,4,1.0,0.6,1.538,4.0,0.6,CF,3,6.05
feature_0 <= 1.298,0.962,0.87,,,1,0.02,0.36,0.617,1.0,0.59,CF,3,6.05
feature_0 <= 1.313,0.63,0.87,,,1,0.01,0.36,0.621,1.0,0.59,CF,3,6.05
feature_0 > 0.504 AND feature_2 <= -1.592 AND feature_1 <= 0.646 AND feature_8 <= -0.574,46.023,0.0,,,4,1.0,0.6,1.538,4.0,0.6,CF,5,6.05
feature_0 <= 1.298,0.962,0.87,,,1,0.02,0.36,0.617,1.0,0.59,CF,5,6.05
feature_0 <= 1.313,0.63,0.87,,,1,0.01,0.36,0.621,1.0,0.59,CF,5,6.05
feature_0 <= 1.021,0.828,0.82,,,1,0.02,0.34,0.535,1.0,0.54,CF,5,6.05
feature_0 <= 0.957,0.761,0.81,,,1,0.02,0.33,0.513,1.0,0.52,CF,5,6.05
feature_0 > 0.504 AND feature_2 <= -1.592 AND feature_1 <= 0.646 AND feature_8 <= -0.574,46.023,0.0,,,4,1.0,0.6,1.538,4.0,0.6,CF,7,6.05
feature_0 <= 1.298,0.962,0.87,,,1,0.02,0.36,0.617,1.0,0.59,CF,7,6.05
feature_0 <= 1.313,0.63,0.87,,,1,0.01,0.36,0.621,1.0,0.59,CF,7,6.05
feature_0 <= 1.021,0.828,0.82,,,1,0.02,0.34,0.535,1.0,0.54,CF,7,6.05
feature_0 <= 0.957,0.761,0.81,,,1,0.02,0.33,0.513,1.0,0.52,CF,7,6.05
feature_0 <= 0.963,0.714,0.81,,,1,0.02,0.33,0.515,1.0,0.52,CF,7,6.05
feature_0 <= 0.984,0.654,0.81,,,1,0.01,0.33,0.523,1.0,0.53,CF,7,6.05
feature_0 > 0.504 AND feature_2 <= -1.592 AND feature_1 <= 0.646 AND feature_8 <= -0.574,46.023,0.0,,,4,1.0,0.6,1.538,4.0,0.6,CF,10,6.05
feature_0 <= 1.298,0.962,0.87,,,1,0.02,0.36,0.617,1.0,0.59,CF,10,6.05
feature_0 <= 1.313,0.63,0.87,,,1,0.01,0.36,0.621,1.0,0.59,CF,10,6.05
feature_0 <= 1.021,0.828,0.82,,,1,0.02,0.34,0.535,1.0,0.54,CF,10,6.05
feature_0 <= 0.957,0.761,0.81,,,1,0.02,0.33,0.513,1.0,0.52,CF,10,6.05
feature_0 <= 0.963,0.714,0.81,,,1,0.02,0.33,0.515,1.0,0.52,CF,10,6.05
feature_0 <= 0.984,0.654,0.81,,,1,0.01,0.33,0.523,1.0,0.53,CF,10,6.05
feature_0 <= 0.97,0.517,0.81,,,1,0.01,0.33,0.517,1.0,0.53,CF,10,6.05
feature_0 <= 0.983,0.456,0.81,,,1,0.01,0.33,0.522,1.0,0.53,CF,10,6.05
feature_0 <= 0.974,0.448,0.81,,,1,0.01,0.33,0.518,1.0,0.53,CF,10,6.05
feature_0 > 0.501 AND feature_0 > 0.958 AND feature_1 > 0.381 AND feature_0 > 1.22,2.487,0.04,,,4,1.0,0.62,3.077,2.0,0.62,CF SingleTree,1,0.6
feature_0 > 0.501 AND feature_0 > 0.958 AND feature_1 > 0.381 AND feature_0 > 1.22,2.487,0.04,,,4,1.0,0.62,3.077,2.0,0.62,CF SingleTree,3,0.6
feature_0 > 0.501 AND feature_0 > 0.958 AND feature_1 > 0.381,2.383,0.05,,,3,0.96,0.59,2.881,2.0,0.58,CF SingleTree,3,0.6
feature_0 > 0.501 AND feature_0 > 0.958,1.994,0.16,,,2,0.8,0.55,2.281,1.0,0.51,CF SingleTree,3,0.6
feature_0 > 0.501 AND feature_0 > 0.958 AND feature_1 > 0.381 AND feature_0 > 1.22,2.487,0.04,,,4,1.0,0.62,3.077,2.0,0.62,CF SingleTree,5,0.6
feature_0 > 0.501 AND feature_0 > 0.958 AND feature_1 > 0.381,2.383,0.05,,,3,0.96,0.59,2.881,2.0,0.58,CF SingleTree,5,0.6
feature_0 > 0.501 AND feature_0 > 0.958,1.994,0.16,,,2,0.8,0.55,2.281,1.0,0.51,CF SingleTree,5,0.6
feature_0 > 0.501,1.729,0.29,,,1,0.7,0.53,1.917,1.0,0.49,CF SingleTree,5,0.6
feature_0 > 0.501 AND feature_0 > 0.958 AND feature_1 > 0.381 AND feature_0 <= 1.22,2.165,0.02,,,4,0.87,0.53,2.467,2.0,0.49,CF SingleTree,5,0.6
feature_0 > 0.501 AND feature_0 > 0.958 AND feature_1 > 0.381 AND feature_0 > 1.22,2.487,0.04,,,4,1.0,0.62,3.077,2.0,0.62,CF SingleTree,7,0.6
feature_0 > 0.501 AND feature_0 > 0.958 AND feature_1 > 0.381,2.383,0.05,,,3,0.96,0.59,2.881,2.0,0.58,CF SingleTree,7,0.6
feature_0 > 0.501 AND feature_0 > 0.958,1.994,0.16,,,2,0.8,0.55,2.281,1.0,0.51,CF SingleTree,7,0.6
feature_0 > 0.501,1.729,0.29,,,1,0.7,0.53,1.917,1.0,0.49,CF SingleTree,7,0.6
feature_0 > 0.501 AND feature_0 > 0.958 AND feature_1 > 0.381 AND feature_0 <= 1.22,2.165,0.02,,,4,0.87,0.53,2.467,2.0,0.49,CF SingleTree,7,0.6
feature_0 > 0.501 AND feature_0 > 0.958 AND feature_1 <= 0.381 AND feature_0 > 1.617,1.939,0.03,,,4,0.78,0.48,2.504,2.0,0.5,CF SingleTree,7,0.6
feature_0 > 0.501 AND feature_0 > 0.958 AND feature_1 <= 0.381,1.788,0.1,,,3,0.72,0.47,1.964,2.0,0.42,CF SingleTree,7,0.6
feature_0 > 0.501 AND feature_0 > 0.958 AND feature_1 > 0.381 AND feature_0 > 1.22,2.487,0.04,,,4,1.0,0.62,3.077,2.0,0.62,CF SingleTree,10,0.6
feature_0 > 0.501 AND feature_0 > 0.958 AND feature_1 > 0.381,2.383,0.05,,,3,0.96,0.59,2.881,2.0,0.58,CF SingleTree,10,0.6
feature_0 > 0.501 AND feature_0 > 0.958,1.994,0.16,,,2,0.8,0.55,2.281,1.0,0.51,CF SingleTree,10,0.6
feature_0 > 0.501,1.729,0.29,,,1,0.7,0.53,1.917,1.0,0.49,CF SingleTree,10,0.6
feature_0 > 0.501 AND feature_0 > 0.958 AND feature_1 > 0.381 AND feature_0 <= 1.22,2.165,0.02,,,4,0.87,0.53,2.467,2.0,0.49,CF SingleTree,10,0.6
feature_0 > 0.501 AND feature_0 > 0.958 AND feature_1 <= 0.381 AND feature_0 > 1.617,1.939,0.03,,,4,0.78,0.48,2.504,2.0,0.5,CF SingleTree,10,0.6
feature_0 > 0.501 AND feature_0 > 0.958 AND feature_1 <= 0.381,1.788,0.1,,,3,0.72,0.47,1.964,2.0,0.42,CF SingleTree,10,0.6
feature_0 > 0.501 AND feature_0 <= 0.958 AND feature_1 > 0.514 AND feature_0 > 0.757,1.905,0.02,,,4,0.77,0.47,2.314,2.0,0.46,CF SingleTree,10,0.6
feature_0 > 0.501 AND feature_0 > 0.958 AND feature_1 <= 0.381 AND feature_0 <= 1.617,1.722,0.07,,,4,0.69,0.44,1.727,2.0,0.36,CF SingleTree,10,0.6
feature_0 > 0.501 AND feature_0 <= 0.958 AND feature_1 > 0.514,1.752,0.04,,,3,0.7,0.44,2.149,2.0,0.44,CF SingleTree,10,0.6
feature_5 > -0.542 AND feature_0 > 0.295 AND feature_0 > 0.844 AND feature_1 > 0.597 AND feature_7 > -0.059,4.576,0.02,0.56,5.13,5,1.0,0.61,2.917,4.0,0.61,CT on D,1,
feature_5 > -0.542 AND feature_0 > 0.295 AND feature_0 > 0.844 AND feature_1 > 0.597 AND feature_7 > -0.059,4.576,0.02,0.56,5.13,5,1.0,0.61,2.917,4.0,0.6,CT on D,3,
feature_5 <= -0.542 AND feature_0 > -0.28 AND feature_6 > -1.049 AND feature_0 > 1.681,3.92,0.01,0.54,4.46,4,0.86,0.52,2.967,3.0,0.6,CT on D,3,
feature_5 > -0.542 AND feature_0 > 0.295 AND feature_0 > 0.844 AND feature_1 > 0.597,3.729,0.03,1.11,4.84,4,0.81,0.5,2.917,3.0,0.6,CT on D,3,
feature_5 > -0.542 AND feature_0 > 0.295 AND feature_0 > 0.844 AND feature_1 > 0.597 AND feature_7 > -0.059,4.576,0.02,0.56,5.13,5,1.0,0.61,2.917,4.0,0.6,CT on D,5,
feature_5 <= -0.542 AND feature_0 > -0.28 AND feature_6 > -1.049 AND feature_0 > 1.681,3.92,0.01,0.54,4.46,4,0.86,0.52,2.967,3.0,0.6,CT on D,5,
feature_5 > -0.542 AND feature_0 > 0.295 AND feature_0 > 0.844 AND feature_1 > 0.597,3.729,0.03,1.11,4.84,4,0.81,0.5,2.917,3.0,0.6,CT on D,5,
feature_5 > -0.542 AND feature_0 > 0.295 AND feature_0 > 0.844 AND feature_1 <= 0.597 AND feature_5 <= -0.294,3.667,0.01,-0.16,3.51,5,0.8,0.48,2.01,3.0,0.41,CT on D,5,
feature_5 > -0.542 AND feature_0 > 0.295 AND feature_0 <= 0.844 AND feature_6 <= 0.445 AND feature_5 > 0.292 AND feature_1 > 0.078,3.128,0.02,0.58,3.71,6,0.68,0.42,1.807,4.0,0.37,CT on D,5,
feature_5 > -0.542 AND feature_0 > 0.295 AND feature_0 > 0.844 AND feature_1 > 0.597 AND feature_7 > -0.059,4.576,0.02,0.56,5.13,5,1.0,0.61,2.917,4.0,0.6,CT on D,7,
feature_5 <= -0.542 AND feature_0 > -0.28 AND feature_6 > -1.049 AND feature_0 > 1.681,3.92,0.01,0.54,4.46,4,0.86,0.52,2.967,3.0,0.6,CT on D,7,
feature_5 > -0.542 AND feature_0 > 0.295 AND feature_0 > 0.844 AND feature_1 > 0.597,3.729,0.03,1.11,4.84,4,0.81,0.5,2.917,3.0,0.6,CT on D,7,
feature_5 > -0.542 AND feature_0 > 0.295 AND feature_0 > 0.844 AND feature_1 <= 0.597 AND feature_5 <= -0.294,3.667,0.01,-0.16,3.51,5,0.8,0.48,2.01,3.0,0.41,CT on D,7,
feature_5 > -0.542 AND feature_0 > 0.295 AND feature_0 <= 0.844 AND feature_6 <= 0.445 AND feature_5 > 0.292 AND feature_1 > 0.078,3.128,0.02,0.58,3.71,6,0.68,0.42,1.807,4.0,0.37,CT on D,7,
feature_5 > -0.542 AND feature_0 > 0.295 AND feature_0 > 0.844,2.61,0.12,0.71,3.32,3,0.57,0.39,2.215,2.0,0.5,CT on D,7,
feature_5 > -0.542 AND feature_0 > 0.295 AND feature_0 > 0.844 AND feature_1 > 0.597 AND feature_7 <= -0.059,2.855,0.02,1.67,4.53,5,0.62,0.38,2.916,4.0,0.6,CT on D,7,
feature_5 > -0.542 AND feature_0 > 0.295 AND feature_0 > 0.844 AND feature_1 > 0.597 AND feature_7 > -0.059,4.576,0.02,0.56,5.13,5,1.0,0.61,2.917,4.0,0.6,CT on D,10,
feature_5 <= -0.542 AND feature_0 > -0.28 AND feature_6 > -1.049 AND feature_0 > 1.681,3.92,0.01,0.54,4.46,4,0.86,0.52,2.967,3.0,0.6,CT on D,10,
feature_5 > -0.542 AND feature_0 > 0.295 AND feature_0 > 0.844 AND feature_1 > 0.597,3.729,0.03,1.11,4.84,4,0.81,0.5,2.917,3.0,0.6,CT on D,10,
feature_5 > -0.542 AND feature_0 > 0.295 AND feature_0 > 0.844 AND feature_1 <= 0.597 AND feature_5 <= -0.294,3.667,0.01,-0.16,3.51,5,0.8,0.48,2.01,3.0,0.41,CT on D,10,
feature_5 > -0.542 AND feature_0 > 0.295 AND feature_0 <= 0.844 AND feature_6 <= 0.445 AND feature_5 > 0.292 AND feature_1 > 0.078,3.128,0.02,0.58,3.71,6,0.68,0.42,1.807,4.0,0.37,CT on D,10,
feature_5 > -0.542 AND feature_0 > 0.295 AND feature_0 > 0.844,2.61,0.12,0.71,3.32,3,0.57,0.39,2.215,2.0,0.5,CT on D,10,
feature_5 > -0.542 AND feature_0 > 0.295 AND feature_0 > 0.844 AND feature_1 > 0.597 AND feature_7 <= -0.059,2.855,0.02,1.67,4.53,5,0.62,0.38,2.916,4.0,0.6,CT on D,10,
feature_5 > -0.542 AND feature_0 > 0.295,2.02,0.19,0.79,2.81,2,0.44,0.34,1.817,2.0,0.44,CT on D,10,
feature_5 > -0.542 AND feature_0 > 0.295 AND feature_0 > 0.844 AND feature_1 <= 0.597 AND feature_5 > -0.294 AND feature_9 > -0.719,2.265,0.07,0.54,2.8,6,0.49,0.32,1.948,4.0,0.42,CT on D,10,
feature_5 > -0.542 AND feature_0 > 0.295 AND feature_0 > 0.844 AND feature_1 <= 0.597,2.196,0.09,0.56,2.76,4,0.48,0.32,1.957,3.0,0.43,CT on D,10,
feature_0 > -1.586 AND feature_0 > -0.105 AND feature_0 > 0.717 AND feature_1 > 0.623 AND feature_3 > 0.153,3.625,0.03,1.88,5.51,5,1.0,0.61,2.824,3.0,0.61,CT on P,1,
feature_0 > -1.586 AND feature_0 > -0.105 AND feature_0 > 0.717 AND feature_1 > 0.623 AND feature_3 > 0.153,3.625,0.03,1.88,5.51,5,1.0,0.61,2.824,3.0,0.61,CT on P,3,
feature_0 > -1.586 AND feature_0 > -0.105 AND feature_0 > 0.717 AND feature_1 > 0.623,3.389,0.06,1.24,4.62,4,0.93,0.58,2.828,2.0,0.62,CT on P,3,
feature_0 > -1.586 AND feature_0 > -0.105 AND feature_0 > 0.717 AND feature_1 > 0.623 AND feature_3 <= 0.153,3.211,0.03,0.74,3.95,5,0.89,0.54,2.831,3.0,0.61,CT on P,3,
feature_0 > -1.586 AND feature_0 > -0.105 AND feature_0 > 0.717 AND feature_1 > 0.623 AND feature_3 > 0.153,3.625,0.03,1.88,5.51,5,1.0,0.61,2.824,3.0,0.61,CT on P,5,
feature_0 > -1.586 AND feature_0 > -0.105 AND feature_0 > 0.717 AND feature_1 > 0.623,3.389,0.06,1.24,4.62,4,0.93,0.58,2.828,2.0,0.62,CT on P,5,
feature_0 > -1.586 AND feature_0 > -0.105 AND feature_0 > 0.717 AND feature_1 > 0.623 AND feature_3 <= 0.153,3.211,0.03,0.74,3.95,5,0.89,0.54,2.831,3.0,0.61,CT on P,5,
feature_0 > -1.586,0.968,0.94,0.98,1.95,1,0.27,0.54,0.928,1.0,0.57,CT on P,5,
feature_0 > -1.586 AND feature_0 > -0.105,1.787,0.54,0.76,2.54,2,0.49,0.51,1.539,1.0,0.54,CT on P,5,
feature_0 > -1.586 AND feature_0 > -0.105 AND feature_0 > 0.717 AND feature_1 > 0.623 AND feature_3 > 0.153,3.625,0.03,1.88,5.51,5,1.0,0.61,2.824,3.0,0.61,CT on P,7,
feature_0 > -1.586 AND feature_0 > -0.105 AND feature_0 > 0.717 AND feature_1 > 0.623,3.389,0.06,1.24,4.62,4,0.93,0.58,2.828,2.0,0.62,CT on P,7,
feature_0 > -1.586 AND feature_0 > -0.105 AND feature_0 > 0.717 AND feature_1 > 0.623 AND feature_3 <= 0.153,3.211,0.03,0.74,3.95,5,0.89,0.54,2.831,3.0,0.61,CT on P,7,
feature_0 > -1.586,0.968,0.94,0.98,1.95,1,0.27,0.54,0.928,1.0,0.57,CT on P,7,
feature_0 > -1.586 AND feature_0 > -0.105,1.787,0.54,0.76,2.54,2,0.49,0.51,1.539,1.0,0.54,CT on P,7,
feature_0 > -1.586 AND feature_0 > -0.105 AND feature_0 > 0.717 AND feature_1 <= 0.623 AND feature_0 > 1.527,2.916,0.04,0.78,3.7,5,0.8,0.5,2.526,2.0,0.55,CT on P,7,
feature_0 > -1.586 AND feature_0 > -0.105 AND feature_0 > 0.717,2.384,0.23,0.8,3.19,3,0.66,0.49,2.113,1.0,0.54,CT on P,7,
feature_0 > -1.586 AND feature_0 > -0.105 AND feature_0 > 0.717 AND feature_1 > 0.623 AND feature_3 > 0.153,3.625,0.03,1.88,5.51,5,1.0,0.61,2.824,3.0,0.61,CT on P,10,
feature_0 > -1.586 AND feature_0 > -0.105 AND feature_0 > 0.717 AND feature_1 > 0.623,3.389,0.06,1.24,4.62,4,0.93,0.58,2.828,2.0,0.62,CT on P,10,
feature_0 > -1.586 AND feature_0 > -0.105 AND feature_0 > 0.717 AND feature_1 > 0.623 AND feature_3 <= 0.153,3.211,0.03,0.74,3.95,5,0.89,0.54,2.831,3.0,0.61,CT on P,10,
feature_0 > -1.586,0.968,0.94,0.98,1.95,1,0.27,0.54,0.928,1.0,0.57,CT on P,10,
feature_0 > -1.586 AND feature_0 > -0.105,1.787,0.54,0.76,2.54,2,0.49,0.51,1.539,1.0,0.54,CT on P,10,
feature_0 > -1.586 AND feature_0 > -0.105 AND feature_0 > 0.717 AND feature_1 <= 0.623 AND feature_0 > 1.527,2.916,0.04,0.78,3.7,5,0.8,0.5,2.526,2.0,0.55,CT on P,10,
feature_0 > -1.586 AND feature_0 > -0.105 AND feature_0 > 0.717,2.384,0.23,0.8,3.19,3,0.66,0.49,2.113,1.0,0.54,CT on P,10,
feature_0 > -1.586 AND feature_0 > -0.105 AND feature_0 > 0.717 AND feature_1 <= 0.623,2.031,0.17,0.65,2.68,4,0.56,0.4,1.85,2.0,0.46,CT on P,10,
feature_0 > -1.586 AND feature_0 > -0.105 AND feature_0 <= 0.717 AND feature_3 > -1.297 AND feature_5 <= 0.12 AND feature_1 > -0.468,2.064,0.11,0.69,2.75,6,0.57,0.39,1.35,4.0,0.33,CT on P,10,
feature_0 > -1.586 AND feature_0 > -0.105 AND feature_0 > 0.717 AND feature_1 <= 0.623 AND feature_0 <= 1.527 AND feature_4 > -0.137,2.112,0.07,0.6,2.71,6,0.58,0.38,1.591,3.0,0.37,CT on P,10,
feature_0 <= 0.154 AND feature_1 <= -0.162 AND feature_6 <= -1.421 AND feature_0 <= -0.976,11.404,0.01,,,4,1.0,0.6,1.125,3.0,0.6,CF,1,8.39
feature_0 <= 0.154 AND feature_1 <= -0.162 AND feature_6 <= -1.421 AND feature_0 <= -0.976,11.404,0.01,,,4,1.0,0.6,1.125,3.0,0.2,CF,3,8.39
feature_0 > -0.099 AND feature_0 > 1.976 AND feature_3 <= -1.444,10.464,0.0,,,3,0.92,0.55,3.212,2.0,0.56,CF,3,8.39
feature_0 > 0.804 AND feature_1 > 1.234 AND feature_7 <= 0.949 AND feature_8 <= -0.911,9.909,0.01,,,4,0.87,0.53,3.428,4.0,0.6,CF,3,8.39
feature_0 <= 0.154 AND feature_1 <= -0.162 AND feature_6 <= -1.421 AND feature_0 <= -0.976,11.404,0.01,,,4,1.0,0.6,1.125,3.0,0.18,CF,5,8.39
feature_0 > -0.099 AND feature_0 > 1.976 AND feature_3 <= -1.444,10.464,0.0,,,3,0.92,0.55,3.212,2.0,0.5,CF,5,8.39
feature_0 > 0.804 AND feature_1 > 1.234 AND feature_7 <= 0.949 AND feature_8 <= -0.911,9.909,0.01,,,4,0.87,0.53,3.428,4.0,0.54,CF,5,8.39
feature_0 > 0.034 AND feature_1 > 0.85 AND feature_9 <= -1.602 AND feature_4 <= -0.559,9.041,0.0,,,4,0.79,0.48,2.601,4.0,0.4,CF,5,8.39
feature_0 > -0.028 AND feature_1 > 1.414 AND feature_0 > 1.264 AND feature_5 > -0.426,8.698,0.0,,,4,0.76,0.46,3.868,3.0,0.6,CF,5,8.39
feature_0 <= 0.154 AND feature_1 <= -0.162 AND feature_6 <= -1.421 AND feature_0 <= -0.976,11.404,0.01,,,4,1.0,0.6,1.125,3.0,0.18,CF,7,8.39
feature_0 > -0.099 AND feature_0 > 1.976 AND feature_3 <= -1.444,10.464,0.0,,,3,0.92,0.55,3.212,2.0,0.49,CF,7,8.39
feature_0 > 0.804 AND feature_1 > 1.234 AND feature_7 <= 0.949 AND feature_8 <= -0.911,9.909,0.01,,,4,0.87,0.53,3.428,4.0,0.53,CF,7,8.39
feature_0 > 0.034 AND feature_1 > 0.85 AND feature_9 <= -1.602 AND feature_4 <= -0.559,9.041,0.0,,,4,0.79,0.48,2.601,4.0,0.4,CF,7,8.39
feature_0 > -0.028 AND feature_1 > 1.414 AND feature_0 > 1.264 AND feature_5 > -0.426,8.698,0.0,,,4,0.76,0.46,3.868,3.0,0.59,CF,7,8.39
feature_0 > 0.123 AND feature_1 > 0.794 AND feature_0 > 0.467 AND feature_0 > 1.914,8.279,0.01,,,4,0.73,0.44,3.908,2.0,0.6,CF,7,8.39
feature_0 > 0.133 AND feature_3 > 1.514 AND feature_1 <= -0.815 AND feature_2 <= -0.073,8.073,0.0,,,4,0.71,0.42,1.111,4.0,0.17,CF,7,8.39
feature_0 <= 0.154 AND feature_1 <= -0.162 AND feature_6 <= -1.421 AND feature_0 <= -0.976,11.404,0.01,,,4,1.0,0.6,1.125,3.0,0.18,CF,10,8.39
feature_0 > -0.099 AND feature_0 > 1.976 AND feature_3 <= -1.444,10.464,0.0,,,3,0.92,0.55,3.212,2.0,0.49,CF,10,8.39
feature_0 > 0.804 AND feature_1 > 1.234 AND feature_7 <= 0.949 AND feature_8 <= -0.911,9.909,0.01,,,4,0.87,0.53,3.428,4.0,0.53,CF,10,8.39
feature_0 > 0.034 AND feature_1 > 0.85 AND feature_9 <= -1.602 AND feature_4 <= -0.559,9.041,0.0,,,4,0.79,0.48,2.601,4.0,0.4,CF,10,8.39
feature_0 > -0.028 AND feature_1 > 1.414 AND feature_0 > 1.264 AND feature_5 > -0.426,8.698,0.0,,,4,0.76,0.46,3.868,3.0,0.59,CF,10,8.39
feature_0 > 0.123 AND feature_1 > 0.794 AND feature_0 > 0.467 AND feature_0 > 1.914,8.279,0.01,,,4,0.73,0.44,3.908,2.0,0.6,CF,10,8.39
feature_0 > 0.133 AND feature_3 > 1.514 AND feature_1 <= -0.815 AND feature_2 <= -0.073,8.073,0.0,,,4,0.71,0.42,1.111,4.0,0.17,CF,10,8.39
feature_0 > 0.458 AND feature_0 > 2.097 AND feature_4 <= 0.526 AND feature_3 <= -0.147,6.89,0.01,,,4,0.6,0.37,3.374,3.0,0.52,CF,10,8.39
feature_0 > 0.772 AND feature_4 > 1.074 AND feature_9 <= -0.784 AND feature_2 > -0.342,6.922,0.0,,,4,0.61,0.36,2.21,4.0,0.34,CF,10,8.39
feature_0 > 0.056 AND feature_4 > 0.815 AND feature_1 > 1.331 AND feature_2 > -0.517,6.5,0.01,,,4,0.57,0.35,2.754,4.0,0.43,CF,10,8.39
feature_0 > 0.083 AND feature_0 > 0.901 AND feature_1 > 0.842 AND feature_0 > 1.67,2.916,0.01,,,4,1.0,0.6,3.701,2.0,0.6,CF SingleTree,1,0.62
feature_0 > 0.083 AND feature_0 > 0.901 AND feature_1 > 0.842 AND feature_0 > 1.67,2.916,0.01,,,4,1.0,0.6,3.701,2.0,0.6,CF SingleTree,3,0.62
feature_0 > 0.083 AND feature_0 > 0.901 AND feature_1 > 0.842,2.66,0.03,,,3,0.91,0.56,3.091,2.0,0.51,CF SingleTree,3,0.62
feature_0 > 0.083 AND feature_0 > 0.901 AND feature_1 <= 0.842 AND feature_0 > 1.825,2.547,0.03,,,4,0.87,0.54,2.829,2.0,0.47,CF SingleTree,3,0.62
feature_0 > 0.083 AND feature_0 > 0.901 AND feature_1 > 0.842 AND feature_0 > 1.67,2.916,0.01,,,4,1.0,0.6,3.701,2.0,0.6,CF SingleTree,5,0.62
feature_0 > 0.083 AND feature_0 > 0.901 AND feature_1 > 0.842,2.66,0.03,,,3,0.91,0.56,3.091,2.0,0.51,CF SingleTree,5,0.62
feature_0 > 0.083 AND feature_0 > 0.901 AND feature_1 <= 0.842 AND feature_0 > 1.825,2.547,0.03,,,4,0.87,0.54,2.829,2.0,0.47,CF SingleTree,5,0.62
feature_0 > 0.083 AND feature_0 > 0.901 AND feature_1 > 0.842 AND feature_0 <= 1.67,2.554,0.02,,,4,0.88,0.53,2.837,2.0,0.47,CF SingleTree,5,0.62
feature_0 > 0.083 AND feature_0 > 0.901,2.123,0.14,,,2,0.73,0.49,2.264,1.0,0.42,CF SingleTree,5,0.62
feature_0 > 0.083 AND feature_0 > 0.901 AND feature_1 > 0.842 AND feature_0 > 1.67,2.916,0.01,,,4,1.0,0.6,3.701,2.0,0.6,CF SingleTree,7,0.62
feature_0 > 0.083 AND feature_0 > 0.901 AND feature_1 > 0.842,2.66,0.03,,,3,0.91,0.56,3.091,2.0,0.51,CF SingleTree,7,0.62
feature_0 > 0.083 AND feature_0 > 0.901 AND feature_1 <= 0.842 AND feature_0 > 1.825,2.547,0.03,,,4,0.87,0.54,2.829,2.0,0.47,CF SingleTree,7,0.62
feature_0 > 0.083 AND feature_0 > 0.901 AND feature_1 > 0.842 AND feature_0 <= 1.67,2.554,0.02,,,4,0.88,0.53,2.837,2.0,0.47,CF SingleTree,7,0.62
feature_0 > 0.083 AND feature_0 > 0.901,2.123,0.14,,,2,0.73,0.49,2.264,1.0,0.42,CF SingleTree,7,0.62
feature_0 > 0.083 AND feature_0 <= 0.901 AND feature_1 > 0.998 AND feature_0 > 0.393,2.224,0.02,,,4,0.76,0.47,2.385,2.0,0.39,CF SingleTree,7,0.62
feature_0 > 0.083 AND feature_0 > 0.901 AND feature_1 <= 0.842,1.983,0.12,,,3,0.68,0.46,2.05,2.0,0.38,CF SingleTree,7,0.62
feature_0 > 0.083 AND feature_0 > 0.901 AND feature_1 > 0.842 AND feature_0 > 1.67,2.916,0.01,,,4,1.0,0.6,3.701,2.0,0.6,CF SingleTree,10,0.62
feature_0 > 0.083 AND feature_0 > 0.901 AND feature_1 > 0.842,2.66,0.03,,,3,0.91,0.56,3.091,2.0,0.51,CF SingleTree,10,0.62
feature_0 > 0.083 AND feature_0 > 0.901 AND feature_1 <= 0.842 AND feature_0 > 1.825,2.547,0.03,,,4,0.87,0.54,2.829,2.0,0.47,CF SingleTree,10,0.62
feature_0 > 0.083 AND feature_0 > 0.901 AND feature_1 > 0.842 AND feature_0 <= 1.67,2.554,0.02,,,4,0.88,0.53,2.837,2.0,0.47,CF SingleTree,10,0.62
feature_0 > 0.083 AND feature_0 > 0.901,2.123,0.14,,,2,0.73,0.49,2.264,1.0,0.42,CF SingleTree,10,0.62
feature_0 > 0.083 AND feature_0 <= 0.901 AND feature_1 > 0.998 AND feature_0 > 0.393,2.224,0.02,,,4,0.76,0.47,2.385,2.0,0.39,CF SingleTree,10,0.62
feature_0 > 0.083 AND feature_0 > 0.901 AND feature_1 <= 0.842,1.983,0.12,,,3,0.68,0.46,2.05,2.0,0.38,CF SingleTree,10,0.62
feature_0 > 0.083,1.684,0.27,,,1,0.58,0.45,1.667,1.0,0.38,CF SingleTree,10,0.62
feature_0 > 0.083 AND feature_0 <= 0.901 AND feature_1 > 0.998,2.035,0.04,,,3,0.7,0.43,2.197,2.0,0.37,CF SingleTree,10,0.62
feature_0 > 0.083 AND feature_0 > 0.901 AND feature_1 <= 0.842 AND feature_0 <= 1.825,1.854,0.1,,,4,0.64,0.42,1.871,2.0,0.34,CF SingleTree,10,0.62
feature_7 <= 0.749 AND feature_1 > -0.88 AND feature_0 > -0.656 AND feature_0 > 0.812 AND feature_1 > 0.372 AND feature_4 > -0.538,3.485,0.04,1.46,4.94,6,1.0,0.62,2.79,4.0,0.62,CT on D,1,
feature_7 <= 0.749 AND feature_1 > -0.88 AND feature_0 > -0.656 AND feature_0 > 0.812 AND feature_1 > 0.372 AND feature_4 > -0.538,3.485,0.04,1.46,4.94,6,1.0,0.62,2.79,4.0,0.62,CT on D,3,
feature_7 > 0.749 AND feature_4 <= 0.429 AND feature_3 > -1.103 AND feature_0 > -0.048 AND feature_1 > 0.724,3.416,0.02,0.58,3.99,5,0.98,0.6,2.29,5.0,0.5,CT on D,3,
feature_7 <= 0.749 AND feature_1 > -0.88 AND feature_0 > -0.656 AND feature_0 > 0.812 AND feature_1 > 0.372,3.153,0.06,1.4,4.55,5,0.9,0.57,2.771,3.0,0.62,CT on D,3,
feature_7 <= 0.749 AND feature_1 > -0.88 AND feature_0 > -0.656 AND feature_0 > 0.812 AND feature_1 > 0.372 AND feature_4 > -0.538,3.485,0.04,1.46,4.94,6,1.0,0.62,2.79,4.0,0.62,CT on D,5,
feature_7 > 0.749 AND feature_4 <= 0.429 AND feature_3 > -1.103 AND feature_0 > -0.048 AND feature_1 > 0.724,3.416,0.02,0.58,3.99,5,0.98,0.6,2.29,5.0,0.5,CT on D,5,
feature_7 <= 0.749 AND feature_1 > -0.88 AND feature_0 > -0.656 AND feature_0 > 0.812 AND feature_1 > 0.372,3.153,0.06,1.4,4.55,5,0.9,0.57,2.771,3.0,0.62,CT on D,5,
feature_7 <= 0.749 AND feature_1 > -0.88 AND feature_0 > -0.656 AND feature_0 > 0.812,2.494,0.13,1.11,3.6,4,0.72,0.48,2.324,3.0,0.55,CT on D,5,
feature_7 <= 0.749 AND feature_1 > -0.88 AND feature_0 > -0.656 AND feature_0 <= 0.812 AND feature_1 > 0.516 AND feature_1 > 1.471,2.465,0.03,1.69,4.16,6,0.71,0.44,2.125,3.0,0.47,CT on D,5,
feature_7 <= 0.749 AND feature_1 > -0.88 AND feature_0 > -0.656 AND feature_0 > 0.812 AND feature_1 > 0.372 AND feature_4 > -0.538,3.485,0.04,1.46,4.94,6,1.0,0.62,2.79,4.0,0.62,CT on D,7,
feature_7 > 0.749 AND feature_4 <= 0.429 AND feature_3 > -1.103 AND feature_0 > -0.048 AND feature_1 > 0.724,3.416,0.02,0.58,3.99,5,0.98,0.6,2.29,5.0,0.5,CT on D,7,
feature_7 <= 0.749 AND feature_1 > -0.88 AND feature_0 > -0.656 AND feature_0 > 0.812 AND feature_1 > 0.372,3.153,0.06,1.4,4.55,5,0.9,0.57,2.771,3.0,0.62,CT on D,7,
feature_7 <= 0.749 AND feature_1 > -0.88 AND feature_0 > -0.656 AND feature_0 > 0.812,2.494,0.13,1.11,3.6,4,0.72,0.48,2.324,3.0,0.55,CT on D,7,
feature_7 <= 0.749 AND feature_1 > -0.88 AND feature_0 > -0.656 AND feature_0 <= 0.812 AND feature_1 > 0.516 AND feature_1 > 1.471,2.465,0.03,1.69,4.16,6,0.71,0.44,2.125,3.0,0.47,CT on D,7,
feature_7 <= 0.749,0.837,0.73,0.99,1.83,1,0.24,0.44,0.812,1.0,0.47,CT on D,7,
feature_7 <= 0.749 AND feature_1 > -0.88 AND feature_0 > -0.656 AND feature_0 > 0.812 AND feature_1 <= 0.372 AND feature_1 <= 0.033,2.398,0.05,0.39,2.79,6,0.69,0.43,1.891,3.0,0.43,CT on D,7,
feature_7 <= 0.749 AND feature_1 > -0.88 AND feature_0 > -0.656 AND feature_0 > 0.812 AND feature_1 > 0.372 AND feature_4 > -0.538,3.485,0.04,1.46,4.94,6,1.0,0.62,2.79,4.0,0.62,CT on D,10,
feature_7 > 0.749 AND feature_4 <= 0.429 AND feature_3 > -1.103 AND feature_0 > -0.048 AND feature_1 > 0.724,3.416,0.02,0.58,3.99,5,0.98,0.6,2.29,5.0,0.5,CT on D,10,
feature_7 <= 0.749 AND feature_1 > -0.88 AND feature_0 > -0.656 AND feature_0 > 0.812 AND feature_1 > 0.372,3.153,0.06,1.4,4.55,5,0.9,0.57,2.771,3.0,0.62,CT on D,10,
feature_7 <= 0.749 AND feature_1 > -0.88 AND feature_0 > -0.656 AND feature_0 > 0.812,2.494,0.13,1.11,3.6,4,0.72,0.48,2.324,3.0,0.55,CT on D,10,
feature_7 <= 0.749 AND feature_1 > -0.88 AND feature_0 > -0.656 AND feature_0 <= 0.812 AND feature_1 > 0.516 AND feature_1 > 1.471,2.465,0.03,1.69,4.16,6,0.71,0.44,2.125,3.0,0.47,CT on D,10,
feature_7 <= 0.749,0.837,0.73,0.99,1.83,1,0.24,0.44,0.812,1.0,0.47,CT on D,10,
feature_7 <= 0.749 AND feature_1 > -0.88 AND feature_0 > -0.656 AND feature_0 > 0.812 AND feature_1 <= 0.372 AND feature_1 <= 0.033,2.398,0.05,0.39,2.79,6,0.69,0.43,1.891,3.0,0.43,CT on D,10,
feature_7 <= 0.749 AND feature_1 > -0.88 AND feature_0 > -0.656,1.404,0.46,0.98,2.39,3,0.4,0.43,1.372,3.0,0.48,CT on D,10,
feature_7 <= 0.749 AND feature_1 > -0.88 AND feature_0 <= -0.656 AND feature_0 <= -1.643 AND feature_7 <= -0.573,2.418,0.01,2.17,-0.25,5,0.69,0.42,1.183,3.0,0.26,CT on D,10,
feature_7 <= 0.749 AND feature_1 > -0.88 AND feature_0 > -0.656 AND feature_0 > 0.812 AND feature_1 > 0.372 AND feature_4 <= -0.538,2.324,0.02,1.25,3.58,6,0.67,0.41,2.722,4.0,0.59,CT on D,10,
feature_2 <= 0.451 AND feature_9 > -1.15 AND feature_0 > -0.346 AND feature_1 > 0.429 AND feature_0 > 0.532 AND feature_0 > 1.364,4.054,0.02,1.4,5.45,6,1.0,0.61,3.209,4.0,0.61,CT on P,1,
feature_2 <= 0.451 AND feature_9 > -1.15 AND feature_0 > -0.346 AND feature_1 > 0.429 AND feature_0 > 0.532 AND feature_0 > 1.364,4.054,0.02,1.4,5.45,6,1.0,0.61,3.209,4.0,0.61,CT on P,3,
feature_2 <= 0.451 AND feature_9 > -1.15 AND feature_0 > -0.346 AND feature_1 <= 0.429 AND feature_0 > 1.863,3.497,0.01,0.32,3.82,5,0.86,0.52,2.773,4.0,0.52,CT on P,3,
feature_2 > 0.451 AND feature_2 > 0.76 AND feature_4 > 0.816 AND feature_8 <= 0.492 AND feature_0 > 0.521,3.41,0.01,1.45,4.86,5,0.84,0.51,2.013,4.0,0.38,CT on P,3,
feature_2 <= 0.451 AND feature_9 > -1.15 AND feature_0 > -0.346 AND feature_1 > 0.429 AND feature_0 > 0.532 AND feature_0 > 1.364,4.054,0.02,1.4,5.45,6,1.0,0.61,3.209,4.0,0.61,CT on P,5,
feature_2 <= 0.451 AND feature_9 > -1.15 AND feature_0 > -0.346 AND feature_1 <= 0.429 AND feature_0 > 1.863,3.497,0.01,0.32,3.82,5,0.86,0.52,2.773,4.0,0.52,CT on P,5,
feature_2 > 0.451 AND feature_2 > 0.76 AND feature_4 > 0.816 AND feature_8 <= 0.492 AND feature_0 > 0.521,3.41,0.01,1.45,4.86,5,0.84,0.51,2.013,4.0,0.38,CT on P,5,
feature_2 <= 0.451 AND feature_9 > -1.15 AND feature_0 > -0.346 AND feature_1 > 0.429 AND feature_0 > 0.532,3.236,0.06,1.01,4.24,5,0.8,0.5,2.532,4.0,0.5,CT on P,5,
feature_2 <= 0.451 AND feature_9 <= -1.15 AND feature_9 > -1.432 AND feature_1 > 0.412,3.006,0.01,0.35,3.36,4,0.74,0.45,1.276,3.0,0.24,CT on P,5,
feature_2 <= 0.451 AND feature_9 > -1.15 AND feature_0 > -0.346 AND feature_1 > 0.429 AND feature_0 > 0.532 AND feature_0 > 1.364,4.054,0.02,1.4,5.45,6,1.0,0.61,3.209,4.0,0.61,CT on P,7,
feature_2 <= 0.451 AND feature_9 > -1.15 AND feature_0 > -0.346 AND feature_1 <= 0.429 AND feature_0 > 1.863,3.497,0.01,0.32,3.82,5,0.86,0.52,2.773,4.0,0.52,CT on P,7,
feature_2 > 0.451 AND feature_2 > 0.76 AND feature_4 > 0.816 AND feature_8 <= 0.492 AND feature_0 > 0.521,3.41,0.01,1.45,4.86,5,0.84,0.51,2.013,4.0,0.38,CT on P,7,
feature_2 <= 0.451 AND feature_9 > -1.15 AND feature_0 > -0.346 AND feature_1 > 0.429 AND feature_0 > 0.532,3.236,0.06,1.01,4.24,5,0.8,0.5,2.532,4.0,0.5,CT on P,7,
feature_2 <= 0.451 AND feature_9 <= -1.15 AND feature_9 > -1.432 AND feature_1 > 0.412,3.006,0.01,0.35,3.36,4,0.74,0.45,1.276,3.0,0.24,CT on P,7,
feature_2 <= 0.451 AND feature_9 > -1.15 AND feature_0 > -0.346 AND feature_1 > 0.429 AND feature_0 > 0.532 AND feature_0 <= 1.364,2.91,0.04,0.85,3.76,6,0.72,0.45,2.262,4.0,0.44,CT on P,7,
feature_2 > 0.451 AND feature_2 <= 0.76 AND feature_1 > -0.294 AND feature_3 <= 0.713 AND feature_6 <= 0.628 AND feature_1 > 0.687,2.983,0.01,0.57,3.55,6,0.74,0.45,1.625,4.0,0.31,CT on P,7,
feature_2 <= 0.451 AND feature_9 > -1.15 AND feature_0 > -0.346 AND feature_1 > 0.429 AND feature_0 > 0.532 AND feature_0 > 1.364,4.054,0.02,1.4,5.45,6,1.0,0.61,3.209,4.0,0.61,CT on P,10,
feature_2 <= 0.451 AND feature_9 > -1.15 AND feature_0 > -0.346 AND feature_1 <= 0.429 AND feature_0 > 1.863,3.497,0.01,0.32,3.82,5,0.86,0.52,2.773,4.0,0.52,CT on P,10,
feature_2 > 0.451 AND feature_2 > 0.76 AND feature_4 > 0.816 AND feature_8 <= 0.492 AND feature_0 > 0.521,3.41,0.01,1.45,4.86,5,0.84,0.51,2.013,4.0,0.38,CT on P,10,
feature_2 <= 0.451 AND feature_9 > -1.15 AND feature_0 > -0.346 AND feature_1 > 0.429 AND feature_0 > 0.532,3.236,0.06,1.01,4.24,5,0.8,0.5,2.532,4.0,0.5,CT on P,10,
feature_2 <= 0.451 AND feature_9 <= -1.15 AND feature_9 > -1.432 AND feature_1 > 0.412,3.006,0.01,0.35,3.36,4,0.74,0.45,1.276,3.0,0.24,CT on P,10,
feature_2 <= 0.451 AND feature_9 > -1.15 AND feature_0 > -0.346 AND feature_1 > 0.429 AND feature_0 > 0.532 AND feature_0 <= 1.364,2.91,0.04,0.85,3.76,6,0.72,0.45,2.262,4.0,0.44,CT on P,10,
feature_2 > 0.451 AND feature_2 <= 0.76 AND feature_1 > -0.294 AND feature_3 <= 0.713 AND feature_6 <= 0.628 AND feature_1 > 0.687,2.983,0.01,0.57,3.55,6,0.74,0.45,1.625,4.0,0.31,CT on P,10,
feature_2 <= 0.451,0.849,0.67,0.8,1.65,1,0.21,0.39,0.812,1.0,0.42,CT on P,10,
feature_2 <= 0.451 AND feature_9 > -1.15 AND feature_0 > -0.346 AND feature_1 > 0.429,2.296,0.13,1.02,3.32,4,0.57,0.39,1.994,4.0,0.42,CT on P,10,
feature_2 > 0.451 AND feature_2 > 0.76 AND feature_4 <= 0.816 AND feature_0 > 0.371 AND feature_4 <= 0.332 AND feature_4 > -0.611,2.506,0.03,0.99,3.5,6,0.62,0.38,1.902,3.0,0.37,CT on P,10,
feature_0 > 1.145 AND feature_1 > 1.452 AND feature_3 <= 0.714 AND feature_1 <= 1.904,16.798,0.0,,,4,1.0,0.6,3.512,3.0,0.6,CF,1,6.88
feature_0 > 1.145 AND feature_1 > 1.452 AND feature_3 <= 0.714 AND feature_1 <= 1.904,16.798,0.0,,,4,1.0,0.6,3.512,3.0,0.59,CF,3,6.88
feature_0 > -1.174,1.064,0.81,,,1,0.06,0.36,1.041,1.0,0.5,CF,3,6.88
feature_0 > -0.467 AND feature_1 > 1.426 AND feature_0 > 1.09 AND feature_8 <= -0.32,9.876,0.0,,,4,0.59,0.35,3.56,3.0,0.6,CF,3,6.88
feature_0 > 1.145 AND feature_1 > 1.452 AND feature_3 <= 0.714 AND feature_1 <= 1.904,16.798,0.0,,,4,1.0,0.6,3.512,3.0,0.59,CF,5,6.88
feature_0 > -1.174,1.064,0.81,,,1,0.06,0.36,1.041,1.0,0.5,CF,5,6.88
feature_0 > -0.467 AND feature_1 > 1.426 AND feature_0 > 1.09 AND feature_8 <= -0.32,9.876,0.0,,,4,0.59,0.35,3.56,3.0,0.6,CF,5,6.88
feature_0 <= 1.147,0.643,0.81,,,1,0.04,0.35,0.573,1.0,0.42,CF,5,6.88
feature_0 <= 1.161,0.611,0.81,,,1,0.04,0.35,0.577,1.0,0.42,CF,5,6.88
feature_0 > 1.145 AND feature_1 > 1.452 AND feature_3 <= 0.714 AND feature_1 <= 1.904,16.798,0.0,,,4,1.0,0.6,3.512,3.0,0.59,CF,7,6.88
feature_0 > -1.174,1.064,0.81,,,1,0.06,0.36,1.041,1.0,0.5,CF,7,6.88
feature_0 > -0.467 AND feature_1 > 1.426 AND feature_0 > 1.09 AND feature_8 <= -0.32,9.876,0.0,,,4,0.59,0.35,3.56,3.0,0.6,CF,7,6.88
feature_0 <= 1.147,0.643,0.81,,,1,0.04,0.35,0.573,1.0,0.42,CF,7,6.88
feature_0 <= 1.161,0.611,0.81,,,1,0.04,0.35,0.577,1.0,0.42,CF,7,6.88
feature_0 <= 1.119,0.573,0.81,,,1,0.03,0.34,0.563,1.0,0.42,CF,7,6.88
feature_0 <= 1.111,0.653,0.8,,,1,0.04,0.34,0.56,1.0,0.41,CF,7,6.88
feature_0 > 1.145 AND feature_1 > 1.452 AND feature_3 <= 0.714 AND feature_1 <= 1.904,16.798,0.0,,,4,1.0,0.6,3.512,3.0,0.59,CF,10,6.88
feature_0 > -1.174,1.064,0.81,,,1,0.06,0.36,1.041,1.0,0.5,CF,10,6.88
feature_0 > -0.467 AND feature_1 > 1.426 AND feature_0 > 1.09 AND feature_8 <= -0.32,9.876,0.0,,,4,0.59,0.35,3.56,3.0,0.6,CF,10,6.88
feature_0 <= 1.147,0.643,0.81,,,1,0.04,0.35,0.573,1.0,0.42,CF,10,6.88
feature_0 <= 1.161,0.611,0.81,,,1,0.04,0.35,0.577,1.0,0.42,CF,10,6.88
feature_0 <= 1.119,0.573,0.81,,,1,0.03,0.34,0.563,1.0,0.42,CF,10,6.88
feature_0 <= 1.111,0.653,0.8,,,1,0.04,0.34,0.56,1.0,0.41,CF,10,6.88
feature_0 <= 1.109,0.616,0.8,,,1,0.04,0.34,0.56,1.0,0.41,CF,10,6.88
feature_0 > -0.846,1.261,0.74,,,1,0.08,0.34,1.163,1.0,0.49,CF,10,6.88
feature_0 <= 1.061,0.662,0.79,,,1,0.04,0.34,0.543,1.0,0.41,CF,10,6.88
feature_0 > -0.237 AND feature_1 > 0.922 AND feature_0 > 0.404 AND feature_0 > 1.099,2.918,0.02,,,4,1.0,0.61,3.289,2.0,0.61,CF SingleTree,1,0.56
feature_0 > -0.237 AND feature_1 > 0.922 AND feature_0 > 0.404 AND feature_0 > 1.099,2.918,0.02,,,4,1.0,0.61,3.289,2.0,0.61,CF SingleTree,3,0.56
feature_0 > -0.237 AND feature_1 > 0.922 AND feature_0 > 0.404,2.594,0.06,,,3,0.89,0.56,2.763,2.0,0.53,CF SingleTree,3,0.56
feature_0 > -0.237 AND feature_1 > 0.922 AND feature_0 > 0.404 AND feature_0 <= 1.099,2.372,0.04,,,4,0.81,0.5,2.403,2.0,0.45,CF SingleTree,3,0.56
feature_0 > -0.237 AND feature_1 > 0.922 AND feature_0 > 0.404 AND feature_0 > 1.099,2.918,0.02,,,4,1.0,0.61,3.289,2.0,0.61,CF SingleTree,5,0.56
feature_0 > -0.237 AND feature_1 > 0.922 AND feature_0 > 0.404,2.594,0.06,,,3,0.89,0.56,2.763,2.0,0.53,CF SingleTree,5,0.56
feature_0 > -0.237 AND feature_1 > 0.922 AND feature_0 > 0.404 AND feature_0 <= 1.099,2.372,0.04,,,4,0.81,0.5,2.403,2.0,0.45,CF SingleTree,5,0.56
feature_0 > -0.237,1.34,0.56,,,1,0.46,0.5,1.47,1.0,0.49,CF SingleTree,5,0.56
feature_0 > -0.237 AND feature_1 > 0.922,2.147,0.1,,,2,0.74,0.48,2.331,2.0,0.47,CF SingleTree,5,0.56
feature_0 > -0.237 AND feature_1 > 0.922 AND feature_0 > 0.404 AND feature_0 > 1.099,2.918,0.02,,,4,1.0,0.61,3.289,2.0,0.61,CF SingleTree,7,0.56
feature_0 > -0.237 AND feature_1 > 0.922 AND feature_0 > 0.404,2.594,0.06,,,3,0.89,0.56,2.763,2.0,0.53,CF SingleTree,7,0.56
feature_0 > -0.237 AND feature_1 > 0.922 AND feature_0 > 0.404 AND feature_0 <= 1.099,2.372,0.04,,,4,0.81,0.5,2.403,2.0,0.45,CF SingleTree,7,0.56
feature_0 > -0.237,1.34,0.56,,,1,0.46,0.5,1.47,1.0,0.49,CF SingleTree,7,0.56
feature_0 > -0.237 AND feature_1 > 0.922,2.147,0.1,,,2,0.74,0.48,2.331,2.0,0.47,CF SingleTree,7,0.56
feature_0 > -0.237 AND feature_1 <= 0.922,1.165,0.46,,,2,0.4,0.42,1.283,2.0,0.42,CF SingleTree,7,0.56
feature_0 > -0.237 AND feature_1 <= 0.922 AND feature_0 > 0.58,1.489,0.23,,,3,0.51,0.4,1.814,2.0,0.42,CF SingleTree,7,0.56
feature_0 > -0.237 AND feature_1 > 0.922 AND feature_0 > 0.404 AND feature_0 > 1.099,2.918,0.02,,,4,1.0,0.61,3.289,2.0,0.61,CF SingleTree,10,0.56
feature_0 > -0.237 AND feature_1 > 0.922 AND feature_0 > 0.404,2.594,0.06,,,3,0.89,0.56,2.763,2.0,0.53,CF SingleTree,10,0.56
feature_0 > -0.237 AND feature_1 > 0.922 AND feature_0 > 0.404 AND feature_0 <= 1.099,2.372,0.04,,,4,0.81,0.5,2.403,2.0,0.45,CF SingleTree,10,0.56
feature_0 > -0.237,1.34,0.56,,,1,0.46,0.5,1.47,1.0,0.49,CF SingleTree,10,0.56
feature_0 > -0.237 AND feature_1 > 0.922,2.147,0.1,,,2,0.74,0.48,2.331,2.0,0.47,CF SingleTree,10,0.56
feature_0 > -0.237 AND feature_1 <= 0.922,1.165,0.46,,,2,0.4,0.42,1.283,2.0,0.42,CF SingleTree,10,0.56
feature_0 > -0.237 AND feature_1 <= 0.922 AND feature_0 > 0.58,1.489,0.23,,,3,0.51,0.4,1.814,2.0,0.42,CF SingleTree,10,0.56
feature_0 > -0.237 AND feature_1 > 0.922 AND feature_0 <= 0.404 AND feature_0 > 0.193,1.86,0.01,,,4,0.64,0.39,1.981,2.0,0.37,CF SingleTree,10,0.56
feature_0 > -0.237 AND feature_1 <= 0.922 AND feature_0 > 0.58 AND feature_0 > 1.15,1.673,0.1,,,4,0.57,0.38,2.263,2.0,0.45,CF SingleTree,10,0.56
feature_0 > -0.237 AND feature_1 > 0.922 AND feature_0 <= 0.404,1.536,0.04,,,3,0.53,0.33,1.742,2.0,0.33,CF SingleTree,10,0.56
feature_9 > -1.076 AND feature_0 > -0.546 AND feature_0 > 0.926 AND feature_1 > 0.75 AND feature_2 <= 0.161,4.828,0.02,0.86,5.69,5,1.0,0.61,3.021,4.0,0.61,CT on D,1,
feature_9 > -1.076 AND feature_0 > -0.546 AND feature_0 > 0.926 AND feature_1 > 0.75 AND feature_2 <= 0.161,4.828,0.02,0.86,5.69,5,1.0,0.61,3.021,4.0,0.61,CT on D,3,
feature_9 > -1.076 AND feature_0 > -0.546 AND feature_0 > 0.926 AND feature_1 > 0.75,3.909,0.03,1.27,5.18,4,0.81,0.5,3.018,3.0,0.61,CT on D,3,
feature_9 <= -1.076 AND feature_0 > -0.538 AND feature_1 > -1.296 AND feature_0 > 0.042 AND feature_9 > -1.205,3.195,0.01,0.24,3.43,5,0.66,0.4,1.504,3.0,0.3,CT on D,3,
feature_9 > -1.076 AND feature_0 > -0.546 AND feature_0 > 0.926 AND feature_1 > 0.75 AND feature_2 <= 0.161,4.828,0.02,0.86,5.69,5,1.0,0.61,3.021,4.0,0.61,CT on D,5,
feature_9 > -1.076 AND feature_0 > -0.546 AND feature_0 > 0.926 AND feature_1 > 0.75,3.909,0.03,1.27,5.18,4,0.81,0.5,3.018,3.0,0.61,CT on D,5,
feature_9 <= -1.076 AND feature_0 > -0.538 AND feature_1 > -1.296 AND feature_0 > 0.042 AND feature_9 > -1.205,3.195,0.01,0.24,3.43,5,0.66,0.4,1.504,3.0,0.3,CT on D,5,
feature_9 > -1.076 AND feature_0 > -0.546 AND feature_0 > 0.926 AND feature_1 > 0.75 AND feature_2 > 0.161,2.805,0.01,1.75,4.55,5,0.58,0.35,3.014,4.0,0.6,CT on D,5,
feature_9 > -1.076 AND feature_0 <= -0.546 AND feature_0 <= -1.5 AND feature_6 > 0.86,2.814,0.0,2.44,-0.38,4,0.58,0.35,1.082,3.0,0.21,CT on D,5,
feature_9 > -1.076 AND feature_0 > -0.546 AND feature_0 > 0.926 AND feature_1 > 0.75 AND feature_2 <= 0.161,4.828,0.02,0.86,5.69,5,1.0,0.61,3.021,4.0,0.61,CT on D,7,
feature_9 > -1.076 AND feature_0 > -0.546 AND feature_0 > 0.926 AND feature_1 > 0.75,3.909,0.03,1.27,5.18,4,0.81,0.5,3.018,3.0,0.61,CT on D,7,
feature_9 <= -1.076 AND feature_0 > -0.538 AND feature_1 > -1.296 AND feature_0 > 0.042 AND feature_9 > -1.205,3.195,0.01,0.24,3.43,5,0.66,0.4,1.504,3.0,0.3,CT on D,7,
feature_9 > -1.076 AND feature_0 > -0.546 AND feature_0 > 0.926 AND feature_1 > 0.75 AND feature_2 > 0.161,2.805,0.01,1.75,4.55,5,0.58,0.35,3.014,4.0,0.6,CT on D,7,
feature_9 > -1.076 AND feature_0 <= -0.546 AND feature_0 <= -1.5 AND feature_6 > 0.86,2.814,0.0,2.44,-0.38,4,0.58,0.35,1.082,3.0,0.21,CT on D,7,
feature_9 > -1.076 AND feature_0 > -0.546,1.282,0.47,0.83,2.11,2,0.27,0.35,1.278,2.0,0.44,CT on D,7,
feature_9 > -1.076 AND feature_0 > -0.546 AND feature_0 > 0.926 AND feature_1 <= 0.75 AND feature_2 <= 1.119 AND feature_5 > 0.713,2.723,0.02,0.29,3.01,6,0.56,0.35,2.036,5.0,0.41,CT on D,7,
feature_9 > -1.076 AND feature_0 > -0.546 AND feature_0 > 0.926 AND feature_1 > 0.75 AND feature_2 <= 0.161,4.828,0.02,0.86,5.69,5,1.0,0.61,3.021,4.0,0.61,CT on D,10,
feature_9 > -1.076 AND feature_0 > -0.546 AND feature_0 > 0.926 AND feature_1 > 0.75,3.909,0.03,1.27,5.18,4,0.81,0.5,3.018,3.0,0.61,CT on D,10,
feature_9 <= -1.076 AND feature_0 > -0.538 AND feature_1 > -1.296 AND feature_0 > 0.042 AND feature_9 > -1.205,3.195,0.01,0.24,3.43,5,0.66,0.4,1.504,3.0,0.3,CT on D,10,
feature_9 > -1.076 AND feature_0 > -0.546 AND feature_0 > 0.926 AND feature_1 > 0.75 AND feature_2 > 0.161,2.805,0.01,1.75,4.55,5,0.58,0.35,3.014,4.0,0.6,CT on D,10,
feature_9 > -1.076 AND feature_0 <= -0.546 AND feature_0 <= -1.5 AND feature_6 > 0.86,2.814,0.0,2.44,-0.38,4,0.58,0.35,1.082,3.0,0.21,CT on D,10,
feature_9 > -1.076 AND feature_0 > -0.546,1.282,0.47,0.83,2.11,2,0.27,0.35,1.278,2.0,0.44,CT on D,10,
feature_9 > -1.076 AND feature_0 > -0.546 AND feature_0 > 0.926 AND feature_1 <= 0.75 AND feature_2 <= 1.119 AND feature_5 > 0.713,2.723,0.02,0.29,3.01,6,0.56,0.35,2.036,5.0,0.41,CT on D,10,
feature_9 > -1.076 AND feature_0 > -0.546 AND feature_0 > 0.926,2.293,0.14,0.85,3.15,3,0.47,0.34,2.241,2.0,0.5,CT on D,10,
feature_9 <= -1.076 AND feature_0 > -0.538 AND feature_1 <= -1.296,2.686,0.01,0.07,2.76,3,0.56,0.34,0.504,3.0,0.1,CT on D,10,
feature_9 > -1.076,0.814,0.59,0.94,1.75,1,0.17,0.34,0.81,1.0,0.4,CT on D,10,
feature_8 > -0.814 AND feature_0 > -0.252 AND feature_0 > 0.825 AND feature_2 <= 0.769 AND feature_1 > 0.726,3.587,0.03,1.19,4.77,5,1.0,0.61,2.881,4.0,0.61,CT on P,1,
feature_8 > -0.814 AND feature_0 > -0.252 AND feature_0 > 0.825 AND feature_2 <= 0.769 AND feature_1 > 0.726,3.587,0.03,1.19,4.77,5,1.0,0.61,2.881,4.0,0.61,CT on P,3,
feature_8 > -0.814 AND feature_0 > -0.252 AND feature_0 <= 0.825 AND feature_1 > 0.911 AND feature_0 <= 0.452 AND feature_6 > -0.314,3.294,0.02,0.64,3.93,6,0.92,0.56,1.751,4.0,0.37,CT on P,3,
feature_8 > -0.814 AND feature_0 > -0.252 AND feature_0 > 0.825 AND feature_2 <= 0.769 AND feature_1 <= 0.726 AND feature_2 > 0.389,3.213,0.02,0.34,3.55,6,0.9,0.55,1.972,4.0,0.42,CT on P,3,
feature_8 > -0.814 AND feature_0 > -0.252 AND feature_0 > 0.825 AND feature_2 <= 0.769 AND feature_1 > 0.726,3.587,0.03,1.19,4.77,5,1.0,0.61,2.881,4.0,0.61,CT on P,5,
feature_8 > -0.814 AND feature_0 > -0.252 AND feature_0 <= 0.825 AND feature_1 > 0.911 AND feature_0 <= 0.452 AND feature_6 > -0.314,3.294,0.02,0.64,3.93,6,0.92,0.56,1.751,4.0,0.37,CT on P,5,
feature_8 > -0.814 AND feature_0 > -0.252 AND feature_0 > 0.825 AND feature_2 <= 0.769 AND feature_1 <= 0.726 AND feature_2 > 0.389,3.213,0.02,0.34,3.55,6,0.9,0.55,1.972,4.0,0.42,CT on P,5,
feature_8 <= -0.814 AND feature_3 > -0.617 AND feature_0 > 1.061,3.107,0.02,0.95,4.05,3,0.87,0.53,2.391,3.0,0.51,CT on P,5,
feature_8 > -0.814 AND feature_0 <= -0.252 AND feature_1 > -0.053 AND feature_0 > -1.174 AND feature_5 > -1.198 AND feature_8 > 1.14,2.928,0.02,-1.03,1.89,6,0.82,0.5,0.554,4.0,0.12,CT on P,5,
feature_8 > -0.814 AND feature_0 > -0.252 AND feature_0 > 0.825 AND feature_2 <= 0.769 AND feature_1 > 0.726,3.587,0.03,1.19,4.77,5,1.0,0.61,2.881,4.0,0.61,CT on P,7,
feature_8 > -0.814 AND feature_0 > -0.252 AND feature_0 <= 0.825 AND feature_1 > 0.911 AND feature_0 <= 0.452 AND feature_6 > -0.314,3.294,0.02,0.64,3.93,6,0.92,0.56,1.751,4.0,0.37,CT on P,7,
feature_8 > -0.814 AND feature_0 > -0.252 AND feature_0 > 0.825 AND feature_2 <= 0.769 AND feature_1 <= 0.726 AND feature_2 > 0.389,3.213,0.02,0.34,3.55,6,0.9,0.55,1.972,4.0,0.42,CT on P,7,
feature_8 <= -0.814 AND feature_3 > -0.617 AND feature_0 > 1.061,3.107,0.02,0.95,4.05,3,0.87,0.53,2.391,3.0,0.51,CT on P,7,
feature_8 > -0.814 AND feature_0 <= -0.252 AND feature_1 > -0.053 AND feature_0 > -1.174 AND feature_5 > -1.198 AND feature_8 > 1.14,2.928,0.02,-1.03,1.89,6,0.82,0.5,0.554,4.0,0.12,CT on P,7,
feature_8 > -0.814,0.948,0.78,0.93,1.88,1,0.26,0.47,0.806,1.0,0.48,CT on P,7,
feature_8 > -0.814 AND feature_0 > -0.252 AND feature_0 > 0.825 AND feature_2 <= 0.769,2.509,0.12,0.82,3.33,4,0.7,0.47,2.159,3.0,0.5,CT on P,7,
feature_8 > -0.814 AND feature_0 > -0.252 AND feature_0 > 0.825 AND feature_2 <= 0.769 AND feature_1 > 0.726,3.587,0.03,1.19,4.77,5,1.0,0.61,2.881,4.0,0.61,CT on P,10,
feature_8 > -0.814 AND feature_0 > -0.252 AND feature_0 <= 0.825 AND feature_1 > 0.911 AND feature_0 <= 0.452 AND feature_6 > -0.314,3.294,0.02,0.64,3.93,6,0.92,0.56,1.751,4.0,0.37,CT on P,10,
feature_8 > -0.814 AND feature_0 > -0.252 AND feature_0 > 0.825 AND feature_2 <= 0.769 AND feature_1 <= 0.726 AND feature_2 > 0.389,3.213,0.02,0.34,3.55,6,0.9,0.55,1.972,4.0,0.42,CT on P,10,
feature_8 <= -0.814 AND feature_3 > -0.617 AND feature_0 > 1.061,3.107,0.02,0.95,4.05,3,0.87,0.53,2.391,3.0,0.51,CT on P,10,
feature_8 > -0.814 AND feature_0 <= -0.252 AND feature_1 > -0.053 AND feature_0 > -1.174 AND feature_5 > -1.198 AND feature_8 > 1.14,2.928,0.02,-1.03,1.89,6,0.82,0.5,0.554,4.0,0.12,CT on P,10,
feature_8 > -0.814,0.948,0.78,0.93,1.88,1,0.26,0.47,0.806,1.0,0.48,CT on P,10,
feature_8 > -0.814 AND feature_0 > -0.252 AND feature_0 > 0.825 AND feature_2 <= 0.769,2.509,0.12,0.82,3.33,4,0.7,0.47,2.159,3.0,0.5,CT on P,10,
feature_8 > -0.814 AND feature_0 > -0.252,1.457,0.47,0.93,2.39,2,0.41,0.43,1.426,2.0,0.48,CT on P,10,
feature_8 > -0.814 AND feature_0 > -0.252 AND feature_0 <= 0.825 AND feature_1 > 0.911 AND feature_0 <= 0.452,2.401,0.04,0.77,3.17,5,0.67,0.42,1.754,3.0,0.38,CT on P,10,
feature_8 > -0.814 AND feature_0 > -0.252 AND feature_0 > 0.825,2.111,0.16,1.02,3.13,3,0.59,0.42,2.153,2.0,0.51,CT on P,10,
feature_0 > 0.535 AND feature_1 <= 0.062 AND feature_3 <= -1.082 AND feature_7 > 1.154,13.377,0.0,,,4,1.0,0.6,1.682,4.0,0.6,CF,1,5.71
feature_0 > 0.535 AND feature_1 <= 0.062 AND feature_3 <= -1.082 AND feature_7 > 1.154,13.377,0.0,,,4,1.0,0.6,1.682,4.0,0.39,CF,3,5.71
feature_0 > 1.05 AND feature_1 > -0.487 AND feature_8 > 1.481 AND feature_7 > -0.578,9.751,0.0,,,4,0.73,0.44,2.565,4.0,0.6,CF,3,5.71
feature_1 > 1.349 AND feature_8 <= 0.561 AND feature_2 <= -0.984 AND feature_6 <= -0.652,8.909,0.0,,,4,0.67,0.4,2.195,4.0,0.51,CF,3,5.71
feature_0 > 0.535 AND feature_1 <= 0.062 AND feature_3 <= -1.082 AND feature_7 > 1.154,13.377,0.0,,,4,1.0,0.6,1.682,4.0,0.39,CF,5,5.71
feature_0 > 1.05 AND feature_1 > -0.487 AND feature_8 > 1.481 AND feature_7 > -0.578,9.751,0.0,,,4,0.73,0.44,2.565,4.0,0.6,CF,5,5.71
feature_1 > 1.349 AND feature_8 <= 0.561 AND feature_2 <= -0.984 AND feature_6 <= -0.652,8.909,0.0,,,4,0.67,0.4,2.195,4.0,0.51,CF,5,5.71
feature_0 > 0.751 AND feature_1 <= 0.847 AND feature_7 > 0.882 AND feature_8 > 1.362,8.529,0.0,,,4,0.64,0.38,1.834,4.0,0.43,CF,5,5.71
feature_0 > -1.037 AND feature_6 <= 0.661,0.91,0.77,,,2,0.07,0.35,1.064,2.0,0.56,CF,5,5.71
feature_0 > 0.535 AND feature_1 <= 0.062 AND feature_3 <= -1.082 AND feature_7 > 1.154,13.377,0.0,,,4,1.0,0.6,1.682,4.0,0.28,CF,7,5.71
feature_0 > 1.05 AND feature_1 > -0.487 AND feature_8 > 1.481 AND feature_7 > -0.578,9.751,0.0,,,4,0.73,0.44,2.565,4.0,0.43,CF,7,5.71
feature_1 > 1.349 AND feature_8 <= 0.561 AND feature_2 <= -0.984 AND feature_6 <= -0.652,8.909,0.0,,,4,0.67,0.4,2.195,4.0,0.36,CF,7,5.71
feature_0 > 0.751 AND feature_1 <= 0.847 AND feature_7 > 0.882 AND feature_8 > 1.362,8.529,0.0,,,4,0.64,0.38,1.834,4.0,0.3,CF,7,5.71
feature_0 > -1.037 AND feature_6 <= 0.661,0.91,0.77,,,2,0.07,0.35,1.064,2.0,0.48,CF,7,5.71
feature_0 > 0.914 AND feature_1 > 0.055 AND feature_1 > 1.515 AND feature_3 > -0.644,7.082,0.01,,,4,0.53,0.32,3.619,3.0,0.6,CF,7,5.71
feature_0 > -1.04,1.408,0.6,,,1,0.11,0.3,1.058,1.0,0.42,CF,7,5.71
feature_0 > 0.535 AND feature_1 <= 0.062 AND feature_3 <= -1.082 AND feature_7 > 1.154,13.377,0.0,,,4,1.0,0.6,1.682,4.0,0.28,CF,10,5.71
feature_0 > 1.05 AND feature_1 > -0.487 AND feature_8 > 1.481 AND feature_7 > -0.578,9.751,0.0,,,4,0.73,0.44,2.565,4.0,0.43,CF,10,5.71
feature_1 > 1.349 AND feature_8 <= 0.561 AND feature_2 <= -0.984 AND feature_6 <= -0.652,8.909,0.0,,,4,0.67,0.4,2.195,4.0,0.36,CF,10,5.71
feature_0 > 0.751 AND feature_1 <= 0.847 AND feature_7 > 0.882 AND feature_8 > 1.362,8.529,0.0,,,4,0.64,0.38,1.834,4.0,0.3,CF,10,5.71
feature_0 > -1.037 AND feature_6 <= 0.661,0.91,0.77,,,2,0.07,0.35,1.064,2.0,0.48,CF,10,5.71
feature_0 > 0.914 AND feature_1 > 0.055 AND feature_1 > 1.515 AND feature_3 > -0.644,7.082,0.01,,,4,0.53,0.32,3.619,3.0,0.6,CF,10,5.71
feature_0 > -1.04,1.408,0.6,,,1,0.11,0.3,1.058,1.0,0.42,CF,10,5.71
feature_0 > -1.517,0.927,0.64,,,1,0.07,0.3,0.929,1.0,0.41,CF,10,5.71
feature_0 > 0.751 AND feature_1 > 0.847 AND feature_5 <= -1.037,6.509,0.01,,,3,0.49,0.3,2.953,3.0,0.49,CF,10,5.71
feature_0 > -1.275,1.069,0.62,,,1,0.08,0.3,0.985,1.0,0.41,CF,10,5.71
feature_0 > 0.136 AND feature_1 > 0.592 AND feature_0 > 0.829 AND feature_1 > 1.211,2.667,0.02,,,4,1.0,0.61,3.245,2.0,0.61,CF SingleTree,1,0.6
feature_0 > 0.136 AND feature_1 > 0.592 AND feature_0 > 0.829 AND feature_1 > 1.211,2.667,0.02,,,4,1.0,0.61,3.245,2.0,0.61,CF SingleTree,3,0.6
feature_0 > 0.136 AND feature_1 > 0.592 AND feature_0 > 0.829,2.389,0.05,,,3,0.9,0.56,2.845,2.0,0.55,CF SingleTree,3,0.6
feature_0 > 0.136 AND feature_1 > 0.592 AND feature_0 > 0.829 AND feature_1 <= 1.211,2.212,0.03,,,4,0.83,0.51,2.59,2.0,0.49,CF SingleTree,3,0.6
feature_0 > 0.136 AND feature_1 > 0.592 AND feature_0 > 0.829 AND feature_1 > 1.211,2.667,0.02,,,4,1.0,0.61,3.245,2.0,0.61,CF SingleTree,5,0.6
feature_0 > 0.136 AND feature_1 > 0.592 AND feature_0 > 0.829,2.389,0.05,,,3,0.9,0.56,2.845,2.0,0.55,CF SingleTree,5,0.6
feature_0 > 0.136 AND feature_1 > 0.592 AND feature_0 > 0.829 AND feature_1 <= 1.211,2.212,0.03,,,4,0.83,0.51,2.59,2.0,0.49,CF SingleTree,5,0.6
feature_0 > 0.136 AND feature_1 > 0.592,1.894,0.11,,,2,0.71,0.47,2.351,2.0,0.48,CF SingleTree,5,0.6
feature_0 > 0.136,1.359,0.36,,,1,0.51,0.45,1.667,1.0,0.45,CF SingleTree,5,0.6
feature_0 > 0.136 AND feature_1 > 0.592 AND feature_0 > 0.829 AND feature_1 > 1.211,2.667,0.02,,,4,1.0,0.61,3.245,2.0,0.61,CF SingleTree,7,0.6
feature_0 > 0.136 AND feature_1 > 0.592 AND feature_0 > 0.829,2.389,0.05,,,3,0.9,0.56,2.845,2.0,0.55,CF SingleTree,7,0.6
feature_0 > 0.136 AND feature_1 > 0.592 AND feature_0 > 0.829 AND feature_1 <= 1.211,2.212,0.03,,,4,0.83,0.51,2.59,2.0,0.49,CF SingleTree,7,0.6
feature_0 > 0.136 AND feature_1 > 0.592,1.894,0.11,,,2,0.71,0.47,2.351,2.0,0.48,CF SingleTree,7,0.6
feature_0 > 0.136,1.359,0.36,,,1,0.51,0.45,1.667,1.0,0.45,CF SingleTree,7,0.6
feature_0 > 0.136 AND feature_1 <= 0.592 AND feature_0 > 0.911 AND feature_1 > 0.045,1.768,0.04,,,4,0.66,0.41,2.27,2.0,0.44,CF SingleTree,7,0.6
feature_0 > 0.136 AND feature_1 > 0.592 AND feature_0 <= 0.829 AND feature_1 > 1.22,1.737,0.03,,,4,0.65,0.4,2.358,2.0,0.45,CF SingleTree,7,0.6
feature_0 > 0.136 AND feature_1 > 0.592 AND feature_0 > 0.829 AND feature_1 > 1.211,2.667,0.02,,,4,1.0,0.61,3.245,2.0,0.61,CF SingleTree,10,0.6
feature_0 > 0.136 AND feature_1 > 0.592 AND feature_0 > 0.829,2.389,0.05,,,3,0.9,0.56,2.845,2.0,0.55,CF SingleTree,10,0.6
feature_0 > 0.136 AND feature_1 > 0.592 AND feature_0 > 0.829 AND feature_1 <= 1.211,2.212,0.03,,,4,0.83,0.51,2.59,2.0,0.49,CF SingleTree,10,0.6
feature_0 > 0.136 AND feature_1 > 0.592,1.894,0.11,,,2,0.71,0.47,2.351,2.0,0.48,CF SingleTree,10,0.6
feature_0 > 0.136,1.359,0.36,,,1,0.51,0.45,1.667,1.0,0.45,CF SingleTree,10,0.6
feature_0 > 0.136 AND feature_1 <= 0.592 AND feature_0 > 0.911 AND feature_1 > 0.045,1.768,0.04,,,4,0.66,0.41,2.27,2.0,0.44,CF SingleTree,10,0.6
feature_0 > 0.136 AND feature_1 > 0.592 AND feature_0 <= 0.829 AND feature_1 > 1.22,1.737,0.03,,,4,0.65,0.4,2.358,2.0,0.45,CF SingleTree,10,0.6
feature_0 > 0.136 AND feature_1 <= 0.592 AND feature_0 > 0.911,1.504,0.12,,,3,0.56,0.39,1.986,2.0,0.42,CF SingleTree,10,0.6
feature_0 > 0.136 AND feature_1 <= 0.592,1.165,0.28,,,2,0.44,0.37,1.418,2.0,0.37,CF SingleTree,10,0.6
feature_0 > 0.136 AND feature_1 > 0.592 AND feature_0 <= 0.829,1.498,0.06,,,3,0.56,0.36,1.956,2.0,0.39,CF SingleTree,10,0.6
feature_6 <= -0.394 AND feature_3 <= 0.162 AND feature_1 > -0.682 AND feature_0 > -0.088 AND feature_0 > 1.424,3.973,0.01,0.51,4.48,5,1.0,0.6,2.924,4.0,0.6,CT on D,1,
feature_6 <= -0.394 AND feature_3 <= 0.162 AND feature_1 > -0.682 AND feature_0 > -0.088 AND feature_0 > 1.424,3.973,0.01,0.51,4.48,5,1.0,0.6,2.924,4.0,0.6,CT on D,3,
feature_6 > -0.394 AND feature_0 > -1.483 AND feature_0 > 0.282 AND feature_1 > 1.19 AND feature_6 <= 0.408,3.835,0.01,1.45,5.29,5,0.97,0.58,2.844,3.0,0.59,CT on D,3,
feature_6 > -0.394 AND feature_0 > -1.483 AND feature_0 > 0.282 AND feature_1 > 1.19,2.886,0.03,1.9,4.78,4,0.73,0.45,2.808,3.0,0.59,CT on D,3,
feature_6 <= -0.394 AND feature_3 <= 0.162 AND feature_1 > -0.682 AND feature_0 > -0.088 AND feature_0 > 1.424,3.973,0.01,0.51,4.48,5,1.0,0.6,2.924,4.0,0.6,CT on D,5,
feature_6 > -0.394 AND feature_0 > -1.483 AND feature_0 > 0.282 AND feature_1 > 1.19 AND feature_6 <= 0.408,3.835,0.01,1.45,5.29,5,0.97,0.58,2.844,3.0,0.59,CT on D,5,
feature_6 > -0.394 AND feature_0 > -1.483 AND feature_0 > 0.282 AND feature_1 > 1.19,2.886,0.03,1.9,4.78,4,0.73,0.45,2.808,3.0,0.59,CT on D,5,
feature_6 <= -0.394 AND feature_3 > 0.162 AND feature_3 > 0.451 AND feature_6 > -1.358 AND feature_0 > 1.227,2.703,0.01,1.44,4.14,5,0.68,0.41,2.536,3.0,0.52,CT on D,5,
feature_6 <= -0.394 AND feature_3 <= 0.162 AND feature_1 > -0.682 AND feature_0 > -0.088 AND feature_0 <= 1.424 AND feature_2 <= -0.074,2.438,0.03,0.07,2.5,6,0.61,0.38,1.588,5.0,0.34,CT on D,5,
feature_6 <= -0.394 AND feature_3 <= 0.162 AND feature_1 > -0.682 AND feature_0 > -0.088 AND feature_0 > 1.424,3.973,0.01,0.51,4.48,5,1.0,0.6,2.924,4.0,0.6,CT on D,7,
feature_6 > -0.394 AND feature_0 > -1.483 AND feature_0 > 0.282 AND feature_1 > 1.19 AND feature_6 <= 0.408,3.835,0.01,1.45,5.29,5,0.97,0.58,2.844,3.0,0.59,CT on D,7,
feature_6 > -0.394 AND feature_0 > -1.483 AND feature_0 > 0.282 AND feature_1 > 1.19,2.886,0.03,1.9,4.78,4,0.73,0.45,2.808,3.0,0.59,CT on D,7,
feature_6 <= -0.394 AND feature_3 > 0.162 AND feature_3 > 0.451 AND feature_6 > -1.358 AND feature_0 > 1.227,2.703,0.01,1.44,4.14,5,0.68,0.41,2.536,3.0,0.52,CT on D,7,
feature_6 <= -0.394 AND feature_3 <= 0.162 AND feature_1 > -0.682 AND feature_0 > -0.088 AND feature_0 <= 1.424 AND feature_2 <= -0.074,2.438,0.03,0.07,2.5,6,0.61,0.38,1.588,5.0,0.34,CT on D,7,
feature_6 > -0.394 AND feature_0 > -1.483,0.926,0.57,0.96,1.88,2,0.23,0.37,0.93,2.0,0.42,CT on D,7,
feature_6 > -0.394,0.788,0.61,1.01,1.8,1,0.2,0.36,0.792,1.0,0.41,CT on D,7,
feature_6 <= -0.394 AND feature_3 <= 0.162 AND feature_1 > -0.682 AND feature_0 > -0.088 AND feature_0 > 1.424,3.973,0.01,0.51,4.48,5,1.0,0.6,2.924,4.0,0.6,CT on D,10,
feature_6 > -0.394 AND feature_0 > -1.483 AND feature_0 > 0.282 AND feature_1 > 1.19 AND feature_6 <= 0.408,3.835,0.01,1.45,5.29,5,0.97,0.58,2.844,3.0,0.59,CT on D,10,
feature_6 > -0.394 AND feature_0 > -1.483 AND feature_0 > 0.282 AND feature_1 > 1.19,2.886,0.03,1.9,4.78,4,0.73,0.45,2.808,3.0,0.59,CT on D,10,
feature_6 <= -0.394 AND feature_3 > 0.162 AND feature_3 > 0.451 AND feature_6 > -1.358 AND feature_0 > 1.227,2.703,0.01,1.44,4.14,5,0.68,0.41,2.536,3.0,0.52,CT on D,10,
feature_6 <= -0.394 AND feature_3 <= 0.162 AND feature_1 > -0.682 AND feature_0 > -0.088 AND feature_0 <= 1.424 AND feature_2 <= -0.074,2.438,0.03,0.07,2.5,6,0.61,0.38,1.588,5.0,0.34,CT on D,10,
feature_6 > -0.394 AND feature_0 > -1.483,0.926,0.57,0.96,1.88,2,0.23,0.37,0.93,2.0,0.42,CT on D,10,
feature_6 > -0.394,0.788,0.61,1.01,1.8,1,0.2,0.36,0.792,1.0,0.41,CT on D,10,
feature_6 > -0.394 AND feature_0 > -1.483 AND feature_0 <= 0.282 AND feature_1 > 0.504 AND feature_5 > -1.124 AND feature_6 > 1.279,2.313,0.01,0.19,2.51,6,0.58,0.35,1.002,4.0,0.21,CT on D,10,
feature_6 > -0.394 AND feature_0 > -1.483 AND feature_0 > 0.282,1.64,0.24,0.98,2.62,3,0.41,0.34,1.775,2.0,0.46,CT on D,10,
feature_6 <= -0.394 AND feature_3 <= 0.162 AND feature_1 > -0.682 AND feature_0 > -0.088,2.02,0.08,0.62,2.64,4,0.51,0.34,1.779,4.0,0.4,CT on D,10,
feature_6 > -0.395 AND feature_0 > -1.331 AND feature_0 > 0.283 AND feature_1 > 1.211 AND feature_6 <= 0.408,4.007,0.01,1.55,5.55,5,1.0,0.6,2.848,3.0,0.6,CT on P,1,
feature_6 > -0.395 AND feature_0 > -1.331 AND feature_0 > 0.283 AND feature_1 > 1.211 AND feature_6 <= 0.408,4.007,0.01,1.55,5.55,5,1.0,0.6,2.848,3.0,0.57,CT on P,3,
feature_6 <= -0.395 AND feature_1 > 0.276 AND feature_4 <= 0.46 AND feature_0 > -0.591 AND feature_0 > 1.218,3.57,0.01,0.99,4.56,5,0.89,0.54,3.013,4.0,0.6,CT on P,3,
feature_6 > -0.395 AND feature_0 > -1.331 AND feature_0 > 0.283 AND feature_1 > 1.211,2.974,0.03,1.92,4.9,4,0.74,0.46,2.806,3.0,0.57,CT on P,3,
feature_6 > -0.395 AND feature_0 > -1.331 AND feature_0 > 0.283 AND feature_1 > 1.211 AND feature_6 <= 0.408,4.007,0.01,1.55,5.55,5,1.0,0.6,2.848,3.0,0.57,CT on P,5,
feature_6 <= -0.395 AND feature_1 > 0.276 AND feature_4 <= 0.46 AND feature_0 > -0.591 AND feature_0 > 1.218,3.57,0.01,0.99,4.56,5,0.89,0.54,3.013,4.0,0.6,CT on P,5,
feature_6 > -0.395 AND feature_0 > -1.331 AND feature_0 > 0.283 AND feature_1 > 1.211,2.974,0.03,1.92,4.9,4,0.74,0.46,2.806,3.0,0.57,CT on P,5,
feature_6 > -0.395 AND feature_0 > -1.331,0.968,0.59,0.85,1.82,2,0.24,0.38,0.969,2.0,0.43,CT on P,5,
feature_6 > -0.395,0.784,0.65,0.91,1.69,1,0.2,0.38,0.792,1.0,0.42,CT on P,5,
feature_6 > -0.395 AND feature_0 > -1.331 AND feature_0 > 0.283 AND feature_1 > 1.211 AND feature_6 <= 0.408,4.007,0.01,1.55,5.55,5,1.0,0.6,2.848,3.0,0.57,CT on P,7,
feature_6 <= -0.395 AND feature_1 > 0.276 AND feature_4 <= 0.46 AND feature_0 > -0.591 AND feature_0 > 1.218,3.57,0.01,0.99,4.56,5,0.89,0.54,3.013,4.0,0.6,CT on P,7,
feature_6 > -0.395 AND feature_0 > -1.331 AND feature_0 > 0.283 AND feature_1 > 1.211,2.974,0.03,1.92,4.9,4,0.74,0.46,2.806,3.0,0.57,CT on P,7,
feature_6 > -0.395 AND feature_0 > -1.331,0.968,0.59,0.85,1.82,2,0.24,0.38,0.969,2.0,0.43,CT on P,7,
feature_6 > -0.395,0.784,0.65,0.91,1.69,1,0.2,0.38,0.792,1.0,0.42,CT on P,7,
feature_6 <= -0.395 AND feature_1 > 0.276 AND feature_4 <= 0.46 AND feature_0 > -0.591 AND feature_0 <= 1.218 AND feature_1 > 1.21,2.367,0.02,0.76,3.13,6,0.59,0.36,2.111,4.0,0.43,CT on P,7,
feature_6 > -0.395 AND feature_0 > -1.331 AND feature_0 > 0.283,1.659,0.25,0.92,2.58,3,0.41,0.35,1.779,2.0,0.45,CT on P,7,
feature_6 > -0.395 AND feature_0 > -1.331 AND feature_0 > 0.283 AND feature_1 > 1.211 AND feature_6 <= 0.408,4.007,0.01,1.55,5.55,5,1.0,0.6,2.848,3.0,0.57,CT on P,10,
feature_6 <= -0.395 AND feature_1 > 0.276 AND feature_4 <= 0.46 AND feature_0 > -0.591 AND feature_0 > 1.218,3.57,0.01,0.99,4.56,5,0.89,0.54,3.013,4.0,0.6,CT on P,10,
feature_6 > -0.395 AND feature_0 > -1.331 AND feature_0 > 0.283 AND feature_1 > 1.211,2.974,0.03,1.92,4.9,4,0.74,0.46,2.806,3.0,0.57,CT on P,10,
feature_6 > -0.395 AND feature_0 > -1.331,0.968,0.59,0.85,1.82,2,0.24,0.38,0.969,2.0,0.43,CT on P,10,
feature_6 > -0.395,0.784,0.65,0.91,1.69,1,0.2,0.38,0.792,1.0,0.42,CT on P,10,
feature_6 <= -0.395 AND feature_1 > 0.276 AND feature_4 <= 0.46 AND feature_0 > -0.591 AND feature_0 <= 1.218 AND feature_1 > 1.21,2.367,0.02,0.76,3.13,6,0.59,0.36,2.111,4.0,0.43,CT on P,10,
feature_6 > -0.395 AND feature_0 > -1.331 AND feature_0 > 0.283,1.659,0.25,0.92,2.58,3,0.41,0.35,1.779,2.0,0.45,CT on P,10,
feature_6 > -0.395 AND feature_0 > -1.331 AND feature_0 > 0.283 AND feature_1 <= 1.211 AND feature_7 > -1.577,1.598,0.21,0.77,2.36,5,0.4,0.32,1.659,4.0,0.41,CT on P,10,
feature_6 > -0.395 AND feature_0 > -1.331 AND feature_0 > 0.283 AND feature_1 <= 1.211 AND feature_7 > -1.577 AND feature_0 > 0.818,1.856,0.11,1.0,2.85,6,0.46,0.32,2.058,4.0,0.45,CT on P,10,
feature_6 > -0.395 AND feature_0 <= -1.331 AND feature_9 > -0.747 AND feature_5 <= -0.664,2.074,0.01,2.06,-0.01,4,0.52,0.31,0.995,4.0,0.2,CT on P,10,
feature_0 <= -0.276 AND feature_2 > 1.647 AND feature_6 > 0.162 AND feature_9 <= -0.67,15.501,0.0,,,4,1.0,0.6,0.392,4.0,0.6,CF,1,5.41
feature_0 <= -0.276 AND feature_2 > 1.647 AND feature_6 > 0.162 AND feature_9 <= -0.67,15.501,0.0,,,4,1.0,0.6,0.392,4.0,0.25,CF,3,5.41
feature_0 <= 1.615,0.803,0.87,,,1,0.05,0.38,0.684,1.0,0.79,CF,3,5.41
feature_0 > -1.513,0.614,0.87,,,1,0.04,0.37,0.939,1.0,0.95,CF,3,5.41
feature_0 <= -0.276 AND feature_2 > 1.647 AND feature_6 > 0.162 AND feature_9 <= -0.67,15.501,0.0,,,4,1.0,0.6,0.392,4.0,0.23,CF,5,5.41
feature_0 <= 1.615,0.803,0.87,,,1,0.05,0.38,0.684,1.0,0.76,CF,5,5.41
feature_0 > -1.513,0.614,0.87,,,1,0.04,0.37,0.939,1.0,0.91,CF,5,5.41
feature_0 > -1.271,0.916,0.84,,,1,0.06,0.37,1.001,1.0,0.94,CF,5,5.41
feature_0 <= 1.45,0.568,0.86,,,1,0.04,0.37,0.648,1.0,0.73,CF,5,5.41
feature_0 <= -0.276 AND feature_2 > 1.647 AND feature_6 > 0.162 AND feature_9 <= -0.67,15.501,0.0,,,4,1.0,0.6,0.392,4.0,0.22,CF,7,5.41
feature_0 <= 1.615,0.803,0.87,,,1,0.05,0.38,0.684,1.0,0.74,CF,7,5.41
feature_0 > -1.513,0.614,0.87,,,1,0.04,0.37,0.939,1.0,0.88,CF,7,5.41
feature_0 > -1.271,0.916,0.84,,,1,0.06,0.37,1.001,1.0,0.9,CF,7,5.41
feature_0 <= 1.45,0.568,0.86,,,1,0.04,0.37,0.648,1.0,0.71,CF,7,5.41
feature_0 > -1.087,1.129,0.8,,,1,0.07,0.36,1.057,1.0,0.92,CF,7,5.41
feature_0 <= 1.237,0.789,0.83,,,1,0.05,0.36,0.594,1.0,0.67,CF,7,5.41
feature_0 <= -0.276 AND feature_2 > 1.647 AND feature_6 > 0.162 AND feature_9 <= -0.67,15.501,0.0,,,4,1.0,0.6,0.392,4.0,0.22,CF,10,5.41
feature_0 <= 1.615,0.803,0.87,,,1,0.05,0.38,0.684,1.0,0.73,CF,10,5.41
feature_0 > -1.513,0.614,0.87,,,1,0.04,0.37,0.939,1.0,0.87,CF,10,5.41
feature_0 > -1.271,0.916,0.84,,,1,0.06,0.37,1.001,1.0,0.89,CF,10,5.41
feature_0 <= 1.45,0.568,0.86,,,1,0.04,0.37,0.648,1.0,0.7,CF,10,5.41
feature_0 > -1.087,1.129,0.8,,,1,0.07,0.36,1.057,1.0,0.9,CF,10,5.41
feature_0 <= 1.237,0.789,0.83,,,1,0.05,0.36,0.594,1.0,0.66,CF,10,5.41
feature_0 <= 1.383,0.538,0.85,,,1,0.03,0.36,0.634,1.0,0.69,CF,10,5.41
feature_0 > -1.065,0.959,0.8,,,1,0.06,0.36,1.064,1.0,0.91,CF,10,5.41
feature_0 > -1.011,1.046,0.79,,,1,0.07,0.36,1.085,1.0,0.92,CF,10,5.41
feature_0 > 0.139 AND feature_0 > 1.205 AND feature_0 > 1.503 AND feature_1 > 0.377,2.25,0.03,,,4,1.0,0.61,3.288,2.0,0.61,CF SingleTree,1,0.55
feature_0 > 0.139 AND feature_0 > 1.205 AND feature_0 > 1.503 AND feature_1 > 0.377,2.25,0.03,,,4,1.0,0.61,3.288,2.0,0.61,CF SingleTree,3,0.55
feature_0 > 0.139 AND feature_0 > 1.205 AND feature_0 > 1.503,2.062,0.07,,,3,0.92,0.58,2.749,1.0,0.53,CF SingleTree,3,0.55
feature_0 > 0.139 AND feature_0 > 1.205,1.913,0.11,,,2,0.85,0.55,2.513,1.0,0.5,CF SingleTree,3,0.55
feature_0 > 0.139 AND feature_0 > 1.205 AND feature_0 > 1.503 AND feature_1 > 0.377,2.25,0.03,,,4,1.0,0.61,3.288,2.0,0.61,CF SingleTree,5,0.55
feature_0 > 0.139 AND feature_0 > 1.205 AND feature_0 > 1.503,2.062,0.07,,,3,0.92,0.58,2.749,1.0,0.53,CF SingleTree,5,0.55
feature_0 > 0.139 AND feature_0 > 1.205,1.913,0.11,,,2,0.85,0.55,2.513,1.0,0.5,CF SingleTree,5,0.55
feature_0 > 0.139 AND feature_0 > 1.205 AND feature_0 > 1.503 AND feature_1 <= 0.377,1.96,0.05,,,4,0.87,0.54,2.458,2.0,0.47,CF SingleTree,5,0.55
feature_0 > 0.139,1.38,0.43,,,1,0.61,0.54,1.69,1.0,0.48,CF SingleTree,5,0.55
feature_0 > 0.139 AND feature_0 > 1.205 AND feature_0 > 1.503 AND feature_1 > 0.377,2.25,0.03,,,4,1.0,0.61,3.288,2.0,0.61,CF SingleTree,7,0.55
feature_0 > 0.139 AND feature_0 > 1.205 AND feature_0 > 1.503,2.062,0.07,,,3,0.92,0.58,2.749,1.0,0.53,CF SingleTree,7,0.55
feature_0 > 0.139 AND feature_0 > 1.205,1.913,0.11,,,2,0.85,0.55,2.513,1.0,0.5,CF SingleTree,7,0.55
feature_0 > 0.139 AND feature_0 > 1.205 AND feature_0 > 1.503 AND feature_1 <= 0.377,1.96,0.05,,,4,0.87,0.54,2.458,2.0,0.47,CF SingleTree,7,0.55
feature_0 > 0.139,1.38,0.43,,,1,0.61,0.54,1.69,1.0,0.48,CF SingleTree,7,0.55
feature_0 > 0.139 AND feature_0 > 1.205 AND feature_0 <= 1.503 AND feature_1 > 0.415,1.896,0.02,,,4,0.84,0.51,2.68,2.0,0.5,CF SingleTree,7,0.55
feature_0 > 0.139 AND feature_0 <= 1.205 AND feature_1 > 0.898 AND feature_1 > 1.225,1.819,0.04,,,4,0.81,0.5,2.5,2.0,0.47,CF SingleTree,7,0.55
feature_0 > 0.139 AND feature_0 > 1.205 AND feature_0 > 1.503 AND feature_1 > 0.377,2.25,0.03,,,4,1.0,0.61,3.288,2.0,0.61,CF SingleTree,10,0.55
feature_0 > 0.139 AND feature_0 > 1.205 AND feature_0 > 1.503,2.062,0.07,,,3,0.92,0.58,2.749,1.0,0.53,CF SingleTree,10,0.55
feature_0 > 0.139 AND feature_0 > 1.205,1.913,0.11,,,2,0.85,0.55,2.513,1.0,0.5,CF SingleTree,10,0.55
feature_0 > 0.139 AND feature_0 > 1.205 AND feature_0 > 1.503 AND feature_1 <= 0.377,1.96,0.05,,,4,0.87,0.54,2.458,2.0,0.47,CF SingleTree,10,0.55
feature_0 > 0.139,1.38,0.43,,,1,0.61,0.54,1.69,1.0,0.48,CF SingleTree,10,0.55
feature_0 > 0.139 AND feature_0 > 1.205 AND feature_0 <= 1.503 AND feature_1 > 0.415,1.896,0.02,,,4,0.84,0.51,2.68,2.0,0.5,CF SingleTree,10,0.55
feature_0 > 0.139 AND feature_0 <= 1.205 AND feature_1 > 0.898 AND feature_1 > 1.225,1.819,0.04,,,4,0.81,0.5,2.5,2.0,0.47,CF SingleTree,10,0.55
feature_0 > 0.139 AND feature_0 <= 1.205 AND feature_1 > 0.898,1.722,0.06,,,3,0.77,0.48,2.281,2.0,0.44,CF SingleTree,10,0.55
feature_0 > 0.139 AND feature_0 > 1.205 AND feature_0 <= 1.503,1.678,0.05,,,3,0.75,0.47,2.14,1.0,0.41,CF SingleTree,10,0.55
feature_0 > 0.139 AND feature_0 <= 1.205,1.196,0.32,,,2,0.53,0.45,1.406,1.0,0.38,CF SingleTree,10,0.55
feature_5 <= 2.072 AND feature_0 > 0.384 AND feature_1 > 1.631 AND feature_2 <= 0.099,3.895,0.01,2.18,6.08,4,1.0,0.6,3.344,4.0,0.6,CT on D,1,
feature_5 <= 2.072 AND feature_0 > 0.384 AND feature_1 > 1.631 AND feature_2 <= 0.099,3.895,0.01,2.18,6.08,4,1.0,0.6,3.344,4.0,0.6,CT on D,3,
feature_5 <= 2.072 AND feature_0 > 0.384 AND feature_1 > 1.631,3.35,0.02,2.36,5.71,3,0.86,0.52,3.291,3.0,0.6,CT on D,3,
feature_5 <= 2.072 AND feature_0 > 0.384 AND feature_1 > 1.631 AND feature_2 > 0.099,2.844,0.01,2.52,5.36,4,0.73,0.44,3.243,4.0,0.59,CT on D,3,
feature_5 <= 2.072 AND feature_0 > 0.384 AND feature_1 > 1.631 AND feature_2 <= 0.099,3.895,0.01,2.18,6.08,4,1.0,0.6,3.344,4.0,0.6,CT on D,5,
feature_5 <= 2.072 AND feature_0 > 0.384 AND feature_1 > 1.631,3.35,0.02,2.36,5.71,3,0.86,0.52,3.291,3.0,0.6,CT on D,5,
feature_5 <= 2.072 AND feature_0 > 0.384 AND feature_1 > 1.631 AND feature_2 > 0.099,2.844,0.01,2.52,5.36,4,0.73,0.44,3.243,4.0,0.59,CT on D,5,
feature_5 <= 2.072 AND feature_0 > 0.384 AND feature_1 <= 1.631 AND feature_1 > -1.58 AND feature_5 > 0.331 AND feature_1 > 0.041,2.691,0.05,1.07,3.76,6,0.69,0.43,2.203,3.0,0.42,CT on D,5,
feature_5 <= 2.072 AND feature_0 <= 0.384 AND feature_0 > -0.739 AND feature_1 > -0.802 AND feature_1 > 1.026 AND feature_1 > 1.846,2.794,0.01,1.17,3.96,6,0.72,0.43,2.169,3.0,0.39,CT on D,5,
feature_5 <= 2.072 AND feature_0 > 0.384 AND feature_1 > 1.631 AND feature_2 <= 0.099,3.895,0.01,2.18,6.08,4,1.0,0.6,3.344,4.0,0.6,CT on D,7,
feature_5 <= 2.072 AND feature_0 > 0.384 AND feature_1 > 1.631,3.35,0.02,2.36,5.71,3,0.86,0.52,3.291,3.0,0.6,CT on D,7,
feature_5 <= 2.072 AND feature_0 > 0.384 AND feature_1 > 1.631 AND feature_2 > 0.099,2.844,0.01,2.52,5.36,4,0.73,0.44,3.243,4.0,0.59,CT on D,7,
feature_5 <= 2.072 AND feature_0 > 0.384 AND feature_1 <= 1.631 AND feature_1 > -1.58 AND feature_5 > 0.331 AND feature_1 > 0.041,2.691,0.05,1.07,3.76,6,0.69,0.43,2.203,3.0,0.42,CT on D,7,
feature_5 <= 2.072 AND feature_0 <= 0.384 AND feature_0 > -0.739 AND feature_1 > -0.802 AND feature_1 > 1.026 AND feature_1 > 1.846,2.794,0.01,1.17,3.96,6,0.72,0.43,2.169,3.0,0.39,CT on D,7,
feature_5 <= 2.072,0.692,0.71,1.1,1.79,1,0.18,0.39,0.816,1.0,0.43,CT on D,7,
feature_5 <= 2.072 AND feature_0 > 0.384,1.713,0.31,1.01,2.72,2,0.44,0.39,1.884,2.0,0.46,CT on D,7,
feature_5 <= 2.072 AND feature_0 > 0.384 AND feature_1 > 1.631 AND feature_2 <= 0.099,3.895,0.01,2.18,6.08,4,1.0,0.6,3.344,4.0,0.6,CT on D,10,
feature_5 <= 2.072 AND feature_0 > 0.384 AND feature_1 > 1.631,3.35,0.02,2.36,5.71,3,0.86,0.52,3.291,3.0,0.6,CT on D,10,
feature_5 <= 2.072 AND feature_0 > 0.384 AND feature_1 > 1.631 AND feature_2 > 0.099,2.844,0.01,2.52,5.36,4,0.73,0.44,3.243,4.0,0.59,CT on D,10,
feature_5 <= 2.072 AND feature_0 > 0.384 AND feature_1 <= 1.631 AND feature_1 > -1.58 AND feature_5 > 0.331 AND feature_1 > 0.041,2.691,0.05,1.07,3.76,6,0.69,0.43,2.203,3.0,0.42,CT on D,10,
feature_5 <= 2.072 AND feature_0 <= 0.384 AND feature_0 > -0.739 AND feature_1 > -0.802 AND feature_1 > 1.026 AND feature_1 > 1.846,2.794,0.01,1.17,3.96,6,0.72,0.43,2.169,3.0,0.39,CT on D,10,
feature_5 <= 2.072,0.692,0.71,1.1,1.79,1,0.18,0.39,0.816,1.0,0.43,CT on D,10,
feature_5 <= 2.072 AND feature_0 > 0.384,1.713,0.31,1.01,2.72,2,0.44,0.39,1.884,2.0,0.46,CT on D,10,
feature_5 <= 2.072 AND feature_0 > 0.384 AND feature_1 <= 1.631 AND feature_1 > -1.58 AND feature_5 > 0.331,2.208,0.11,0.81,3.01,5,0.57,0.38,1.834,3.0,0.37,CT on D,10,
feature_5 <= 2.072 AND feature_0 > 0.384 AND feature_1 <= 1.631 AND feature_1 > -1.58,1.698,0.28,0.92,2.62,4,0.44,0.37,1.831,3.0,0.44,CT on D,10,
feature_5 <= 2.072 AND feature_0 > 0.384 AND feature_1 <= 1.631 AND feature_1 > -1.58 AND feature_5 <= 0.331 AND feature_0 > 1.066,2.203,0.08,1.03,3.23,6,0.57,0.37,2.37,3.0,0.46,CT on D,10,
feature_5 <= 0.681 AND feature_0 > 0.685 AND feature_0 > 1.119 AND feature_9 > -1.07 AND feature_5 > -0.163 AND feature_4 > -0.146,3.414,0.02,1.26,4.67,6,1.0,0.61,2.399,4.0,0.61,CT on P,1,
feature_5 <= 0.681 AND feature_0 > 0.685 AND feature_0 > 1.119 AND feature_9 > -1.07 AND feature_5 > -0.163 AND feature_4 > -0.146,3.414,0.02,1.26,4.67,6,1.0,0.61,2.399,4.0,0.6,CT on P,3,
feature_5 <= 0.681 AND feature_0 <= 0.685 AND feature_1 > 0.138 AND feature_0 > -0.459 AND feature_7 > 0.664 AND feature_6 > 0.241,3.067,0.01,-0.03,3.04,6,0.9,0.54,1.419,5.0,0.36,CT on P,3,
feature_5 <= 0.681 AND feature_0 > 0.685 AND feature_0 > 1.119 AND feature_9 > -1.07 AND feature_5 > -0.163,2.985,0.04,1.1,4.08,5,0.87,0.54,2.414,3.0,0.62,CT on P,3,
feature_5 <= 0.681 AND feature_0 > 0.685 AND feature_0 > 1.119 AND feature_9 > -1.07 AND feature_5 > -0.163 AND feature_4 > -0.146,3.414,0.02,1.26,4.67,6,1.0,0.61,2.399,4.0,0.58,CT on P,5,
feature_5 <= 0.681 AND feature_0 <= 0.685 AND feature_1 > 0.138 AND feature_0 > -0.459 AND feature_7 > 0.664 AND feature_6 > 0.241,3.067,0.01,-0.03,3.04,6,0.9,0.54,1.419,5.0,0.34,CT on P,5,
feature_5 <= 0.681 AND feature_0 > 0.685 AND feature_0 > 1.119 AND feature_9 > -1.07 AND feature_5 > -0.163,2.985,0.04,1.1,4.08,5,0.87,0.54,2.414,3.0,0.59,CT on P,5,
feature_5 <= 0.681 AND feature_0 > 0.685 AND feature_0 > 1.119 AND feature_9 > -1.07 AND feature_5 <= -0.163 AND feature_3 <= -0.03,2.793,0.01,0.46,3.25,6,0.82,0.49,2.536,4.0,0.6,CT on P,5,
feature_5 <= 0.681 AND feature_0 > 0.685 AND feature_0 > 1.119 AND feature_9 > -1.07,2.408,0.09,1.45,3.86,4,0.71,0.46,2.471,3.0,0.62,CT on P,5,
feature_5 <= 0.681 AND feature_0 > 0.685 AND feature_0 > 1.119 AND feature_9 > -1.07 AND feature_5 > -0.163 AND feature_4 > -0.146,3.414,0.02,1.26,4.67,6,1.0,0.61,2.399,4.0,0.58,CT on P,7,
feature_5 <= 0.681 AND feature_0 <= 0.685 AND feature_1 > 0.138 AND feature_0 > -0.459 AND feature_7 > 0.664 AND feature_6 > 0.241,3.067,0.01,-0.03,3.04,6,0.9,0.54,1.419,5.0,0.34,CT on P,7,
feature_5 <= 0.681 AND feature_0 > 0.685 AND feature_0 > 1.119 AND feature_9 > -1.07 AND feature_5 > -0.163,2.985,0.04,1.1,4.08,5,0.87,0.54,2.414,3.0,0.59,CT on P,7,
feature_5 <= 0.681 AND feature_0 > 0.685 AND feature_0 > 1.119 AND feature_9 > -1.07 AND feature_5 <= -0.163 AND feature_3 <= -0.03,2.793,0.01,0.46,3.25,6,0.82,0.49,2.536,4.0,0.6,CT on P,7,
feature_5 <= 0.681 AND feature_0 > 0.685 AND feature_0 > 1.119 AND feature_9 > -1.07,2.408,0.09,1.45,3.86,4,0.71,0.46,2.471,3.0,0.62,CT on P,7,
feature_5 <= 0.681 AND feature_0 > 0.685 AND feature_0 <= 1.119 AND feature_5 <= -0.923,2.467,0.02,0.56,3.03,4,0.72,0.44,1.745,2.0,0.42,CT on P,7,
feature_5 <= 0.681 AND feature_0 <= 0.685 AND feature_1 > 0.138 AND feature_0 > -0.459 AND feature_7 > 0.664,2.401,0.03,0.42,2.82,5,0.7,0.43,1.397,4.0,0.34,CT on P,7,
feature_5 <= 0.681 AND feature_0 > 0.685 AND feature_0 > 1.119 AND feature_9 > -1.07 AND feature_5 > -0.163 AND feature_4 > -0.146,3.414,0.02,1.26,4.67,6,1.0,0.61,2.399,4.0,0.58,CT on P,10,
feature_5 <= 0.681 AND feature_0 <= 0.685 AND feature_1 > 0.138 AND feature_0 > -0.459 AND feature_7 > 0.664 AND feature_6 > 0.241,3.067,0.01,-0.03,3.04,6,0.9,0.54,1.419,5.0,0.34,CT on P,10,
feature_5 <= 0.681 AND feature_0 > 0.685 AND feature_0 > 1.119 AND feature_9 > -1.07 AND feature_5 > -0.163,2.985,0.04,1.1,4.08,5,0.87,0.54,2.414,3.0,0.59,CT on P,10,
feature_5 <= 0.681 AND feature_0 > 0.685 AND feature_0 > 1.119 AND feature_9 > -1.07 AND feature_5 <= -0.163 AND feature_3 <= -0.03,2.793,0.01,0.46,3.25,6,0.82,0.49,2.536,4.0,0.6,CT on P,10,
feature_5 <= 0.681 AND feature_0 > 0.685 AND feature_0 > 1.119 AND feature_9 > -1.07,2.408,0.09,1.45,3.86,4,0.71,0.46,2.471,3.0,0.62,CT on P,10,
feature_5 <= 0.681 AND feature_0 > 0.685 AND feature_0 <= 1.119 AND feature_5 <= -0.923,2.467,0.02,0.56,3.03,4,0.72,0.44,1.745,2.0,0.42,CT on P,10,
feature_5 <= 0.681 AND feature_0 <= 0.685 AND feature_1 > 0.138 AND feature_0 > -0.459 AND feature_7 > 0.664,2.401,0.03,0.42,2.82,5,0.7,0.43,1.397,4.0,0.34,CT on P,10,
feature_5 <= 0.681 AND feature_0 > 0.685 AND feature_0 > 1.119,2.211,0.1,1.5,3.71,3,0.65,0.43,2.48,2.0,0.63,CT on P,10,
feature_5 <= 0.681 AND feature_0 > 0.685 AND feature_0 > 1.119 AND feature_9 > -1.07 AND feature_5 > -0.163 AND feature_4 <= -0.146,2.378,0.02,0.87,3.25,6,0.7,0.43,2.436,4.0,0.58,CT on P,10,
feature_5 > 0.681 AND feature_1 > -0.527 AND feature_6 <= 1.114 AND feature_0 > -0.801 AND feature_3 <= 0.735 AND feature_2 > 0.341,2.317,0.03,0.48,2.79,6,0.68,0.42,1.414,6.0,0.35,CT on P,10,
feature_0 > -0.283 AND feature_4 > 1.436 AND feature_7 > 0.922 AND feature_0 <= 0.229,77.949,0.0,,,4,1.0,0.6,0.983,3.0,0.6,CF,1,5.97
feature_0 > -0.283 AND feature_4 > 1.436 AND feature_7 > 0.922 AND feature_0 <= 0.229,77.949,0.0,,,4,1.0,0.6,0.983,3.0,0.6,CF,3,5.97
feature_0 <= 1.567,0.658,0.69,,,1,0.01,0.28,0.683,1.0,0.69,CF,3,5.97
feature_0 <= 1.554,0.656,0.68,,,1,0.01,0.28,0.68,1.0,0.69,CF,3,5.97
feature_0 > -0.283 AND feature_4 > 1.436 AND feature_7 > 0.922 AND feature_0 <= 0.229,77.949,0.0,,,4,1.0,0.6,0.983,3.0,0.6,CF,5,5.97
feature_0 <= 1.567,0.658,0.69,,,1,0.01,0.28,0.683,1.0,0.69,CF,5,5.97
feature_0 <= 1.554,0.656,0.68,,,1,0.01,0.28,0.68,1.0,0.69,CF,5,5.97
feature_0 <= 1.348,0.814,0.67,,,1,0.01,0.27,0.632,1.0,0.65,CF,5,5.97
feature_0 <= 1.392,0.559,0.67,,,1,0.01,0.27,0.643,1.0,0.66,CF,5,5.97
feature_0 > -0.283 AND feature_4 > 1.436 AND feature_7 > 0.922 AND feature_0 <= 0.229,77.949,0.0,,,4,1.0,0.6,0.983,3.0,0.6,CF,7,5.97
feature_0 <= 1.567,0.658,0.69,,,1,0.01,0.28,0.683,1.0,0.69,CF,7,5.97
feature_0 <= 1.554,0.656,0.68,,,1,0.01,0.28,0.68,1.0,0.69,CF,7,5.97
feature_0 <= 1.348,0.814,0.67,,,1,0.01,0.27,0.632,1.0,0.65,CF,7,5.97
feature_0 <= 1.392,0.559,0.67,,,1,0.01,0.27,0.643,1.0,0.66,CF,7,5.97
feature_0 <= 1.168,0.509,0.65,,,1,0.01,0.26,0.577,1.0,0.61,CF,7,5.97
feature_0 <= 1.069,0.434,0.64,,,1,0.01,0.26,0.542,1.0,0.59,CF,7,5.97
feature_0 > -0.283 AND feature_4 > 1.436 AND feature_7 > 0.922 AND feature_0 <= 0.229,77.949,0.0,,,4,1.0,0.6,0.983,3.0,0.6,CF,10,5.97
feature_0 <= 1.567,0.658,0.69,,,1,0.01,0.28,0.683,1.0,0.69,CF,10,5.97
feature_0 <= 1.554,0.656,0.68,,,1,0.01,0.28,0.68,1.0,0.69,CF,10,5.97
feature_0 <= 1.348,0.814,0.67,,,1,0.01,0.27,0.632,1.0,0.65,CF,10,5.97
feature_0 <= 1.392,0.559,0.67,,,1,0.01,0.27,0.643,1.0,0.66,CF,10,5.97
feature_0 <= 1.168,0.509,0.65,,,1,0.01,0.26,0.577,1.0,0.61,CF,10,5.97
feature_0 <= 1.069,0.434,0.64,,,1,0.01,0.26,0.542,1.0,0.59,CF,10,5.97
feature_0 <= 1.113,0.319,0.64,,,1,0.0,0.26,0.556,1.0,0.6,CF,10,5.97
feature_0 <= 1.011,0.586,0.63,,,1,0.01,0.26,0.522,1.0,0.57,CF,10,5.97
feature_0 <= 1.038,0.545,0.63,,,1,0.01,0.26,0.533,1.0,0.58,CF,10,5.97
feature_0 > -0.201 AND feature_0 > 0.959 AND feature_0 > 1.539 AND feature_1 > 1.067,2.394,0.01,,,4,1.0,0.6,3.795,2.0,0.6,CF SingleTree,1,0.55
feature_0 > -0.201 AND feature_0 > 0.959 AND feature_0 > 1.539 AND feature_1 > 1.067,2.394,0.01,,,4,1.0,0.6,3.795,2.0,0.6,CF SingleTree,3,0.55
feature_0 > -0.201 AND feature_0 > 0.959 AND feature_0 <= 1.539 AND feature_1 > 1.101,2.222,0.02,,,4,0.93,0.56,3.029,2.0,0.49,CF SingleTree,3,0.55
feature_0 > -0.201 AND feature_0 > 0.959 AND feature_0 > 1.539,2.095,0.06,,,3,0.88,0.55,2.839,1.0,0.47,CF SingleTree,3,0.55
feature_0 > -0.201 AND feature_0 > 0.959 AND feature_0 > 1.539 AND feature_1 > 1.067,2.394,0.01,,,4,1.0,0.6,3.795,2.0,0.6,CF SingleTree,5,0.55
feature_0 > -0.201 AND feature_0 > 0.959 AND feature_0 <= 1.539 AND feature_1 > 1.101,2.222,0.02,,,4,0.93,0.56,3.029,2.0,0.49,CF SingleTree,5,0.55
feature_0 > -0.201 AND feature_0 > 0.959 AND feature_0 > 1.539,2.095,0.06,,,3,0.88,0.55,2.839,1.0,0.47,CF SingleTree,5,0.55
feature_0 > -0.201 AND feature_0 > 0.959 AND feature_0 > 1.539 AND feature_1 <= 1.067,2.035,0.05,,,4,0.85,0.53,2.65,2.0,0.44,CF SingleTree,5,0.55
feature_0 > -0.201 AND feature_0 > 0.959,1.854,0.16,,,2,0.77,0.53,2.35,1.0,0.44,CF SingleTree,5,0.55
feature_0 > -0.201 AND feature_0 > 0.959 AND feature_0 > 1.539 AND feature_1 > 1.067,2.394,0.01,,,4,1.0,0.6,3.795,2.0,0.6,CF SingleTree,7,0.55
feature_0 > -0.201 AND feature_0 > 0.959 AND feature_0 <= 1.539 AND feature_1 > 1.101,2.222,0.02,,,4,0.93,0.56,3.029,2.0,0.49,CF SingleTree,7,0.55
feature_0 > -0.201 AND feature_0 > 0.959 AND feature_0 > 1.539,2.095,0.06,,,3,0.88,0.55,2.839,1.0,0.47,CF SingleTree,7,0.55
feature_0 > -0.201 AND feature_0 > 0.959 AND feature_0 > 1.539 AND feature_1 <= 1.067,2.035,0.05,,,4,0.85,0.53,2.65,2.0,0.44,CF SingleTree,7,0.55
feature_0 > -0.201 AND feature_0 > 0.959,1.854,0.16,,,2,0.77,0.53,2.35,1.0,0.44,CF SingleTree,7,0.55
feature_0 > -0.201,1.243,0.47,,,1,0.52,0.5,1.511,1.0,0.43,CF SingleTree,7,0.55
feature_0 > -0.201 AND feature_0 > 0.959 AND feature_0 <= 1.539,1.705,0.1,,,3,0.71,0.47,2.048,1.0,0.36,CF SingleTree,7,0.55
feature_0 > -0.201 AND feature_0 > 0.959 AND feature_0 > 1.539 AND feature_1 > 1.067,2.394,0.01,,,4,1.0,0.6,3.795,2.0,0.6,CF SingleTree,10,0.55
feature_0 > -0.201 AND feature_0 > 0.959 AND feature_0 <= 1.539 AND feature_1 > 1.101,2.222,0.02,,,4,0.93,0.56,3.029,2.0,0.49,CF SingleTree,10,0.55
feature_0 > -0.201 AND feature_0 > 0.959 AND feature_0 > 1.539,2.095,0.06,,,3,0.88,0.55,2.839,1.0,0.47,CF SingleTree,10,0.55
feature_0 > -0.201 AND feature_0 > 0.959 AND feature_0 > 1.539 AND feature_1 <= 1.067,2.035,0.05,,,4,0.85,0.53,2.65,2.0,0.44,CF SingleTree,10,0.55
feature_0 > -0.201 AND feature_0 > 0.959,1.854,0.16,,,2,0.77,0.53,2.35,1.0,0.44,CF SingleTree,10,0.55
feature_0 > -0.201,1.243,0.47,,,1,0.52,0.5,1.511,1.0,0.43,CF SingleTree,10,0.55
feature_0 > -0.201 AND feature_0 > 0.959 AND feature_0 <= 1.539,1.705,0.1,,,3,0.71,0.47,2.048,1.0,0.36,CF SingleTree,10,0.55
feature_0 > -0.201 AND feature_0 > 0.959 AND feature_0 <= 1.539 AND feature_1 <= 1.101,1.618,0.09,,,4,0.68,0.44,1.884,2.0,0.33,CF SingleTree,10,0.55
feature_0 > -0.201 AND feature_0 <= 0.959 AND feature_1 > 1.044 AND feature_1 > 1.555,1.679,0.02,,,4,0.7,0.43,2.442,2.0,0.39,CF SingleTree,10,0.55
feature_0 > -0.201 AND feature_0 <= 0.959,0.99,0.35,,,2,0.41,0.39,1.164,1.0,0.32,CF SingleTree,10,0.55
