id,condition,combined,features,t_est,depth,algorithm,parents,t,t_r,topK_algorithm,variant,topK_execution_time,ct_execution_time,total_execution_time,total_subgroups,rows,overlap,K,t_error,t_r_error,sigma
749,feature_0 > -0.084 AND feature_0 > 0.889 AND feature_1 > 0.172 AND feature_0 > 1.314 AND feature_1 > 0.969 AND feature_2 <= -0.016 AND feature_1 > 1.305,"{'feature_0': (1.314, 3.845), 'feature_1': (1.305, 3.852), 'feature_2': (-3.74, -0.016)}",3,3.013,7,[Pretrained] CF,"[354, 614, 694, 724, 746, 747]",3.605,3.568,OptRes,[Pretrained] CF OptRes,0.004,0,0.004,752,30,0.06679389312977099,5,0.5920000000000001,0.03699999999999992,0.5
746,feature_0 > -0.084 AND feature_0 > 0.889 AND feature_1 > 0.172 AND feature_0 > 1.314 AND feature_1 > 0.969,"{'feature_0': (1.314, 3.845), 'feature_1': (0.969, 3.852)}",2,2.886,5,[Pretrained] CF,"[354, 614, 694, 724]",3.421,3.421,OptRes,[Pretrained] CF OptRes,0.004,0,0.004,752,116,0.19083969465648853,5,0.5349999999999997,0.0,0.5
748,feature_0 > -0.084 AND feature_0 > 0.889 AND feature_1 > 0.172 AND feature_0 > 1.314 AND feature_1 > 0.969 AND feature_2 <= -0.016 AND feature_1 <= 1.305,"{'feature_0': (1.314, 3.845), 'feature_1': (0.969, 1.305), 'feature_2': (-3.74, -0.016)}",3,2.886,7,[Pretrained] CF,"[354, 614, 694, 724, 746, 747]",3.056,3.07,OptRes,[Pretrained] CF OptRes,0.004,0,0.004,752,29,0.061068702290076333,5,0.16999999999999993,0.01399999999999979,0.5
752,feature_0 > -0.084 AND feature_0 > 0.889 AND feature_1 > 0.172 AND feature_0 > 1.314 AND feature_1 > 0.969 AND feature_2 > -0.016 AND feature_1 > 1.421,"{'feature_0': (1.314, 3.845), 'feature_1': (1.421, 3.852), 'feature_2': (-0.016, 4.02)}",3,2.858,7,[Pretrained] CF,"[354, 614, 694, 724, 746, 750]",3.764,3.788,OptRes,[Pretrained] CF OptRes,0.004,0,0.004,752,30,0.06297709923664122,5,0.9059999999999997,0.02400000000000002,0.5
716,feature_0 > -0.084 AND feature_0 > 0.889 AND feature_1 > 0.172 AND feature_0 <= 1.314 AND feature_1 > 1.109 AND feature_2 <= -0.56,"{'feature_0': (0.889, 1.314), 'feature_1': (1.109, 3.852), 'feature_2': (-3.74, -0.56)}",3,2.817,6,[Pretrained] CF,"[354, 614, 694, 695, 715]",2.844,2.858,OptRes,[Pretrained] CF OptRes,0.004,0,0.004,752,37,0.0,5,0.02699999999999969,0.014000000000000234,0.5
752,feature_0 > -0.084 AND feature_0 > 0.889 AND feature_1 > 0.172 AND feature_0 > 1.314 AND feature_1 > 0.969 AND feature_2 > -0.016 AND feature_1 > 1.421,"{'feature_0': (1.314, 3.845), 'feature_1': (1.421, 3.852), 'feature_2': (-0.016, 4.02)}",3,2.858,7,[Pretrained] CF,"[354, 614, 694, 724, 746, 750]",3.764,3.788,ResOve,[Pretrained] CF ResOve,0.11,0,0.11,752,30,0.0,5,0.9059999999999997,0.02400000000000002,0.5
748,feature_0 > -0.084 AND feature_0 > 0.889 AND feature_1 > 0.172 AND feature_0 > 1.314 AND feature_1 > 0.969 AND feature_2 <= -0.016 AND feature_1 <= 1.305,"{'feature_0': (1.314, 3.845), 'feature_1': (0.969, 1.305), 'feature_2': (-3.74, -0.016)}",3,2.886,7,[Pretrained] CF,"[354, 614, 694, 724, 746, 747]",3.056,3.07,ResOve,[Pretrained] CF ResOve,0.11,0,0.11,752,29,0.0,5,0.16999999999999993,0.01399999999999979,0.5
742,feature_0 > -0.084 AND feature_0 > 0.889 AND feature_1 > 0.172 AND feature_0 > 1.314 AND feature_1 <= 0.969 AND feature_0 > 1.553 AND feature_0 > 1.864 AND feature_2 <= -0.157 AND feature_1 > 0.575,"{'feature_0': (1.864, 3.845), 'feature_1': (0.575, 0.969), 'feature_2': (-3.74, -0.157)}",3,2.816,9,[Pretrained] CF,"[354, 614, 694, 724, 725, 733, 739, 740]",3.316,3.296,ResOve,[Pretrained] CF ResOve,0.11,0,0.11,752,27,0.0,5,0.5,0.020000000000000018,0.5
751,feature_0 > -0.084 AND feature_0 > 0.889 AND feature_1 > 0.172 AND feature_0 > 1.314 AND feature_1 > 0.969 AND feature_2 > -0.016 AND feature_1 <= 1.421,"{'feature_0': (1.314, 3.845), 'feature_1': (0.969, 1.421), 'feature_2': (-0.016, 4.02)}",3,2.769,7,[Pretrained] CF,"[354, 614, 694, 724, 746, 750]",3.223,3.225,ResOve,[Pretrained] CF ResOve,0.11,0,0.11,752,27,0.0,5,0.45399999999999974,0.002000000000000224,0.5
716,feature_0 > -0.084 AND feature_0 > 0.889 AND feature_1 > 0.172 AND feature_0 <= 1.314 AND feature_1 > 1.109 AND feature_2 <= -0.56,"{'feature_0': (0.889, 1.314), 'feature_1': (1.109, 3.852), 'feature_2': (-3.74, -0.56)}",3,2.817,6,[Pretrained] CF,"[354, 614, 694, 695, 715]",2.844,2.858,ResOve,[Pretrained] CF ResOve,0.11,0,0.11,752,37,0.0,5,0.02699999999999969,0.014000000000000234,0.5
749,feature_0 > -0.084 AND feature_0 > 0.889 AND feature_1 > 0.172 AND feature_0 > 1.314 AND feature_1 > 0.969 AND feature_2 <= -0.016 AND feature_1 > 1.305,"{'feature_0': (1.314, 3.845), 'feature_1': (1.305, 3.852), 'feature_2': (-3.74, -0.016)}",3,3.013,7,[Pretrained] CF,"[354, 614, 694, 724, 746, 747]",3.605,3.568,NoOve,[Pretrained] CF NoOve,0.01,0,0.01,752,30,0.0,5,0.5920000000000001,0.03699999999999992,0.5
748,feature_0 > -0.084 AND feature_0 > 0.889 AND feature_1 > 0.172 AND feature_0 > 1.314 AND feature_1 > 0.969 AND feature_2 <= -0.016 AND feature_1 <= 1.305,"{'feature_0': (1.314, 3.845), 'feature_1': (0.969, 1.305), 'feature_2': (-3.74, -0.016)}",3,2.886,7,[Pretrained] CF,"[354, 614, 694, 724, 746, 747]",3.056,3.07,NoOve,[Pretrained] CF NoOve,0.01,0,0.01,752,29,0.0,5,0.16999999999999993,0.01399999999999979,0.5
752,feature_0 > -0.084 AND feature_0 > 0.889 AND feature_1 > 0.172 AND feature_0 > 1.314 AND feature_1 > 0.969 AND feature_2 > -0.016 AND feature_1 > 1.421,"{'feature_0': (1.314, 3.845), 'feature_1': (1.421, 3.852), 'feature_2': (-0.016, 4.02)}",3,2.858,7,[Pretrained] CF,"[354, 614, 694, 724, 746, 750]",3.764,3.788,NoOve,[Pretrained] CF NoOve,0.01,0,0.01,752,30,0.0,5,0.9059999999999997,0.02400000000000002,0.5
751,feature_0 > -0.084 AND feature_0 > 0.889 AND feature_1 > 0.172 AND feature_0 > 1.314 AND feature_1 > 0.969 AND feature_2 > -0.016 AND feature_1 <= 1.421,"{'feature_0': (1.314, 3.845), 'feature_1': (0.969, 1.421), 'feature_2': (-0.016, 4.02)}",3,2.769,7,[Pretrained] CF,"[354, 614, 694, 724, 746, 750]",3.223,3.225,NoOve,[Pretrained] CF NoOve,0.01,0,0.01,752,27,0.0,5,0.45399999999999974,0.002000000000000224,0.5
739,feature_0 > -0.084 AND feature_0 > 0.889 AND feature_1 > 0.172 AND feature_0 > 1.314 AND feature_1 <= 0.969 AND feature_0 > 1.553 AND feature_0 > 1.864,"{'feature_0': (1.864, 3.845), 'feature_1': (0.172, 0.969)}",2,2.724,7,[Pretrained] CF,"[354, 614, 694, 724, 725, 733]",3.199,3.179,NoOve,[Pretrained] CF NoOve,0.01,0,0.01,752,93,0.0,5,0.47499999999999964,0.020000000000000018,0.5
749,feature_0 > -0.084 AND feature_0 > 0.889 AND feature_1 > 0.172 AND feature_0 > 1.314 AND feature_1 > 0.969 AND feature_2 <= -0.016 AND feature_1 > 1.305,"{'feature_0': (1.314, 3.845), 'feature_1': (1.305, 3.852), 'feature_2': (-3.74, -0.016)}",3,3.013,7,[Pretrained] CF,"[354, 614, 694, 724, 746, 747]",3.605,3.576,OptRes,[Pretrained] CF OptRes,0.003,0,0.003,752,27,0.06679389312977099,5,0.5920000000000001,0.028999999999999915,0.5
746,feature_0 > -0.084 AND feature_0 > 0.889 AND feature_1 > 0.172 AND feature_0 > 1.314 AND feature_1 > 0.969,"{'feature_0': (1.314, 3.845), 'feature_1': (0.969, 3.852)}",2,2.886,5,[Pretrained] CF,"[354, 614, 694, 724]",3.421,3.353,OptRes,[Pretrained] CF OptRes,0.003,0,0.003,752,108,0.19083969465648853,5,0.5349999999999997,0.06799999999999962,0.5
748,feature_0 > -0.084 AND feature_0 > 0.889 AND feature_1 > 0.172 AND feature_0 > 1.314 AND feature_1 > 0.969 AND feature_2 <= -0.016 AND feature_1 <= 1.305,"{'feature_0': (1.314, 3.845), 'feature_1': (0.969, 1.305), 'feature_2': (-3.74, -0.016)}",3,2.886,7,[Pretrained] CF,"[354, 614, 694, 724, 746, 747]",3.056,3.025,OptRes,[Pretrained] CF OptRes,0.003,0,0.003,752,28,0.061068702290076333,5,0.16999999999999993,0.03100000000000014,0.5
752,feature_0 > -0.084 AND feature_0 > 0.889 AND feature_1 > 0.172 AND feature_0 > 1.314 AND feature_1 > 0.969 AND feature_2 > -0.016 AND feature_1 > 1.421,"{'feature_0': (1.314, 3.845), 'feature_1': (1.421, 3.852), 'feature_2': (-0.016, 4.02)}",3,2.858,7,[Pretrained] CF,"[354, 614, 694, 724, 746, 750]",3.764,3.682,OptRes,[Pretrained] CF OptRes,0.003,0,0.003,752,25,0.06297709923664122,5,0.9059999999999997,0.08199999999999985,0.5
716,feature_0 > -0.084 AND feature_0 > 0.889 AND feature_1 > 0.172 AND feature_0 <= 1.314 AND feature_1 > 1.109 AND feature_2 <= -0.56,"{'feature_0': (0.889, 1.314), 'feature_1': (1.109, 3.852), 'feature_2': (-3.74, -0.56)}",3,2.817,6,[Pretrained] CF,"[354, 614, 694, 695, 715]",2.844,2.828,OptRes,[Pretrained] CF OptRes,0.003,0,0.003,752,33,0.0,5,0.02699999999999969,0.016000000000000014,0.5
752,feature_0 > -0.084 AND feature_0 > 0.889 AND feature_1 > 0.172 AND feature_0 > 1.314 AND feature_1 > 0.969 AND feature_2 > -0.016 AND feature_1 > 1.421,"{'feature_0': (1.314, 3.845), 'feature_1': (1.421, 3.852), 'feature_2': (-0.016, 4.02)}",3,2.858,7,[Pretrained] CF,"[354, 614, 694, 724, 746, 750]",3.764,3.682,ResOve,[Pretrained] CF ResOve,0.109,0,0.109,752,25,0.0,5,0.9059999999999997,0.08199999999999985,0.5
748,feature_0 > -0.084 AND feature_0 > 0.889 AND feature_1 > 0.172 AND feature_0 > 1.314 AND feature_1 > 0.969 AND feature_2 <= -0.016 AND feature_1 <= 1.305,"{'feature_0': (1.314, 3.845), 'feature_1': (0.969, 1.305), 'feature_2': (-3.74, -0.016)}",3,2.886,7,[Pretrained] CF,"[354, 614, 694, 724, 746, 747]",3.056,3.025,ResOve,[Pretrained] CF ResOve,0.109,0,0.109,752,28,0.0,5,0.16999999999999993,0.03100000000000014,0.5
742,feature_0 > -0.084 AND feature_0 > 0.889 AND feature_1 > 0.172 AND feature_0 > 1.314 AND feature_1 <= 0.969 AND feature_0 > 1.553 AND feature_0 > 1.864 AND feature_2 <= -0.157 AND feature_1 > 0.575,"{'feature_0': (1.864, 3.845), 'feature_1': (0.575, 0.969), 'feature_2': (-3.74, -0.157)}",3,2.816,9,[Pretrained] CF,"[354, 614, 694, 724, 725, 733, 739, 740]",3.316,3.326,ResOve,[Pretrained] CF ResOve,0.109,0,0.109,752,25,0.0,5,0.5,0.010000000000000231,0.5
751,feature_0 > -0.084 AND feature_0 > 0.889 AND feature_1 > 0.172 AND feature_0 > 1.314 AND feature_1 > 0.969 AND feature_2 > -0.016 AND feature_1 <= 1.421,"{'feature_0': (1.314, 3.845), 'feature_1': (0.969, 1.421), 'feature_2': (-0.016, 4.02)}",3,2.769,7,[Pretrained] CF,"[354, 614, 694, 724, 746, 750]",3.223,3.173,ResOve,[Pretrained] CF ResOve,0.109,0,0.109,752,28,0.0,5,0.45399999999999974,0.04999999999999982,0.5
716,feature_0 > -0.084 AND feature_0 > 0.889 AND feature_1 > 0.172 AND feature_0 <= 1.314 AND feature_1 > 1.109 AND feature_2 <= -0.56,"{'feature_0': (0.889, 1.314), 'feature_1': (1.109, 3.852), 'feature_2': (-3.74, -0.56)}",3,2.817,6,[Pretrained] CF,"[354, 614, 694, 695, 715]",2.844,2.828,ResOve,[Pretrained] CF ResOve,0.109,0,0.109,752,33,0.0,5,0.02699999999999969,0.016000000000000014,0.5
749,feature_0 > -0.084 AND feature_0 > 0.889 AND feature_1 > 0.172 AND feature_0 > 1.314 AND feature_1 > 0.969 AND feature_2 <= -0.016 AND feature_1 > 1.305,"{'feature_0': (1.314, 3.845), 'feature_1': (1.305, 3.852), 'feature_2': (-3.74, -0.016)}",3,3.013,7,[Pretrained] CF,"[354, 614, 694, 724, 746, 747]",3.605,3.576,NoOve,[Pretrained] CF NoOve,0.01,0,0.01,752,27,0.0,5,0.5920000000000001,0.028999999999999915,0.5
748,feature_0 > -0.084 AND feature_0 > 0.889 AND feature_1 > 0.172 AND feature_0 > 1.314 AND feature_1 > 0.969 AND feature_2 <= -0.016 AND feature_1 <= 1.305,"{'feature_0': (1.314, 3.845), 'feature_1': (0.969, 1.305), 'feature_2': (-3.74, -0.016)}",3,2.886,7,[Pretrained] CF,"[354, 614, 694, 724, 746, 747]",3.056,3.025,NoOve,[Pretrained] CF NoOve,0.01,0,0.01,752,28,0.0,5,0.16999999999999993,0.03100000000000014,0.5
752,feature_0 > -0.084 AND feature_0 > 0.889 AND feature_1 > 0.172 AND feature_0 > 1.314 AND feature_1 > 0.969 AND feature_2 > -0.016 AND feature_1 > 1.421,"{'feature_0': (1.314, 3.845), 'feature_1': (1.421, 3.852), 'feature_2': (-0.016, 4.02)}",3,2.858,7,[Pretrained] CF,"[354, 614, 694, 724, 746, 750]",3.764,3.682,NoOve,[Pretrained] CF NoOve,0.01,0,0.01,752,25,0.0,5,0.9059999999999997,0.08199999999999985,0.5
751,feature_0 > -0.084 AND feature_0 > 0.889 AND feature_1 > 0.172 AND feature_0 > 1.314 AND feature_1 > 0.969 AND feature_2 > -0.016 AND feature_1 <= 1.421,"{'feature_0': (1.314, 3.845), 'feature_1': (0.969, 1.421), 'feature_2': (-0.016, 4.02)}",3,2.769,7,[Pretrained] CF,"[354, 614, 694, 724, 746, 750]",3.223,3.173,NoOve,[Pretrained] CF NoOve,0.01,0,0.01,752,28,0.0,5,0.45399999999999974,0.04999999999999982,0.5
739,feature_0 > -0.084 AND feature_0 > 0.889 AND feature_1 > 0.172 AND feature_0 > 1.314 AND feature_1 <= 0.969 AND feature_0 > 1.553 AND feature_0 > 1.864,"{'feature_0': (1.864, 3.845), 'feature_1': (0.172, 0.969)}",2,2.724,7,[Pretrained] CF,"[354, 614, 694, 724, 725, 733]",3.199,3.208,NoOve,[Pretrained] CF NoOve,0.01,0,0.01,752,95,0.0,5,0.47499999999999964,0.009000000000000341,0.5
747,feature_0 > -0.084 AND feature_0 > 0.889 AND feature_1 > 0.172 AND feature_0 > 1.314 AND feature_1 > 0.969 AND feature_2 <= -0.016,"{'feature_0': (1.314, 3.845), 'feature_1': (0.969, 3.852), 'feature_2': (-3.74, -0.016)}",3,2.952,6,[Pretrained] CF,"[354, 614, 694, 724, 746]",3.343,3.189,OptRes,[Pretrained] CF OptRes,0.006,0,0.006,752,28,0.04240506329113924,5,0.391,0.15399999999999991,0.5
750,feature_0 > -0.084 AND feature_0 > 0.889 AND feature_1 > 0.172 AND feature_0 > 1.314 AND feature_1 > 0.969 AND feature_2 > -0.016,"{'feature_0': (1.314, 3.845), 'feature_1': (0.969, 3.852), 'feature_2': (-0.016, 4.02)}",3,2.816,6,[Pretrained] CF,"[354, 614, 694, 724, 746]",3.502,3.572,OptRes,[Pretrained] CF OptRes,0.006,0,0.006,752,27,0.04050632911392405,5,0.6859999999999999,0.07000000000000028,0.5
739,feature_0 > -0.084 AND feature_0 > 0.889 AND feature_1 > 0.172 AND feature_0 > 1.314 AND feature_1 <= 0.969 AND feature_0 > 1.553 AND feature_0 > 1.864,"{'feature_0': (1.864, 3.845), 'feature_1': (0.172, 0.969)}",2,2.724,7,[Pretrained] CF,"[354, 614, 694, 724, 725, 733]",3.199,3.225,OptRes,[Pretrained] CF OptRes,0.006,0,0.006,752,34,0.06518987341772152,5,0.47499999999999964,0.026000000000000245,0.5
724,feature_0 > -0.084 AND feature_0 > 0.889 AND feature_1 > 0.172 AND feature_0 > 1.314,"{'feature_0': (1.314, 3.845), 'feature_1': (0.172, 3.852)}",2,2.694,4,[Pretrained] CF,"[354, 614, 694]",3.001,3.03,OptRes,[Pretrained] CF OptRes,0.006,0,0.006,752,140,0.14810126582278482,5,0.30699999999999994,0.028999999999999915,0.5
715,feature_0 > -0.084 AND feature_0 > 0.889 AND feature_1 > 0.172 AND feature_0 <= 1.314 AND feature_1 > 1.109,"{'feature_0': (0.889, 1.314), 'feature_1': (1.109, 3.852)}",2,2.659,5,[Pretrained] CF,"[354, 614, 694, 695]",2.849,2.866,OptRes,[Pretrained] CF OptRes,0.006,0,0.006,752,43,0.0,5,0.1900000000000004,0.016999999999999904,0.5
750,feature_0 > -0.084 AND feature_0 > 0.889 AND feature_1 > 0.172 AND feature_0 > 1.314 AND feature_1 > 0.969 AND feature_2 > -0.016,"{'feature_0': (1.314, 3.845), 'feature_1': (0.969, 3.852), 'feature_2': (-0.016, 4.02)}",3,2.816,6,[Pretrained] CF,"[354, 614, 694, 724, 746]",3.502,3.572,ResOve,[Pretrained] CF ResOve,0.13,0,0.13,752,27,0.12213740458015267,5,0.6859999999999999,0.07000000000000028,0.5
747,feature_0 > -0.084 AND feature_0 > 0.889 AND feature_1 > 0.172 AND feature_0 > 1.314 AND feature_1 > 0.969 AND feature_2 <= -0.016,"{'feature_0': (1.314, 3.845), 'feature_1': (0.969, 3.852), 'feature_2': (-3.74, -0.016)}",3,2.952,6,[Pretrained] CF,"[354, 614, 694, 724, 746]",3.343,3.189,ResOve,[Pretrained] CF ResOve,0.13,0,0.13,752,28,0.12786259541984732,5,0.391,0.15399999999999991,0.5
734,feature_0 > -0.084 AND feature_0 > 0.889 AND feature_1 > 0.172 AND feature_0 > 1.314 AND feature_1 <= 0.969 AND feature_0 > 1.553 AND feature_0 <= 1.864,"{'feature_0': (1.553, 1.864), 'feature_1': (0.172, 0.969)}",2,2.598,7,[Pretrained] CF,"[354, 614, 694, 724, 725, 733]",2.676,2.67,ResOve,[Pretrained] CF ResOve,0.13,0,0.13,752,24,0.0,5,0.07800000000000029,0.006000000000000227,0.5
746,feature_0 > -0.084 AND feature_0 > 0.889 AND feature_1 > 0.172 AND feature_0 > 1.314 AND feature_1 > 0.969,"{'feature_0': (1.314, 3.845), 'feature_1': (0.969, 3.852)}",2,2.886,5,[Pretrained] CF,"[354, 614, 694, 724]",3.421,3.377,ResOve,[Pretrained] CF ResOve,0.13,0,0.13,752,55,0.25,5,0.5349999999999997,0.04400000000000004,0.5
717,feature_0 > -0.084 AND feature_0 > 0.889 AND feature_1 > 0.172 AND feature_0 <= 1.314 AND feature_1 > 1.109 AND feature_2 > -0.56,"{'feature_0': (0.889, 1.314), 'feature_1': (1.109, 3.852), 'feature_2': (-0.56, 4.02)}",3,2.593,6,[Pretrained] CF,"[354, 614, 694, 695, 715]",2.851,2.875,ResOve,[Pretrained] CF ResOve,0.13,0,0.13,752,30,0.0,5,0.258,0.02400000000000002,0.5
747,feature_0 > -0.084 AND feature_0 > 0.889 AND feature_1 > 0.172 AND feature_0 > 1.314 AND feature_1 > 0.969 AND feature_2 <= -0.016,"{'feature_0': (1.314, 3.845), 'feature_1': (0.969, 3.852), 'feature_2': (-3.74, -0.016)}",3,2.952,6,[Pretrained] CF,"[354, 614, 694, 724, 746]",3.343,3.189,NoOve,[Pretrained] CF NoOve,0.04,0,0.04,752,28,0.0,5,0.391,0.15399999999999991,0.5
750,feature_0 > -0.084 AND feature_0 > 0.889 AND feature_1 > 0.172 AND feature_0 > 1.314 AND feature_1 > 0.969 AND feature_2 > -0.016,"{'feature_0': (1.314, 3.845), 'feature_1': (0.969, 3.852), 'feature_2': (-0.016, 4.02)}",3,2.816,6,[Pretrained] CF,"[354, 614, 694, 724, 746]",3.502,3.572,NoOve,[Pretrained] CF NoOve,0.04,0,0.04,752,27,0.0,5,0.6859999999999999,0.07000000000000028,0.5
733,feature_0 > -0.084 AND feature_0 > 0.889 AND feature_1 > 0.172 AND feature_0 > 1.314 AND feature_1 <= 0.969 AND feature_0 > 1.553,"{'feature_0': (1.553, 3.845), 'feature_1': (0.172, 0.969)}",2,2.673,6,[Pretrained] CF,"[354, 614, 694, 724, 725]",2.984,2.995,NoOve,[Pretrained] CF NoOve,0.04,0,0.04,752,58,0.0,5,0.31099999999999994,0.01100000000000012,0.5
717,feature_0 > -0.084 AND feature_0 > 0.889 AND feature_1 > 0.172 AND feature_0 <= 1.314 AND feature_1 > 1.109 AND feature_2 > -0.56,"{'feature_0': (0.889, 1.314), 'feature_1': (1.109, 3.852), 'feature_2': (-0.56, 4.02)}",3,2.593,6,[Pretrained] CF,"[354, 614, 694, 695, 715]",2.851,2.875,NoOve,[Pretrained] CF NoOve,0.04,0,0.04,752,30,0.0,5,0.258,0.02400000000000002,0.5
687,feature_0 > -0.084 AND feature_0 > 0.889 AND feature_1 <= 0.172 AND feature_0 > 1.535 AND feature_0 > 1.86 AND feature_0 > 2.109,"{'feature_0': (2.109, 3.845), 'feature_1': (-3.98, 0.172)}",2,2.464,6,[Pretrained] CF,"[354, 614, 615, 667, 681]",2.946,2.992,NoOve,[Pretrained] CF NoOve,0.04,0,0.04,752,32,0.0,5,0.4820000000000002,0.04599999999999982,0.5
749,feature_0 > -0.084 AND feature_0 > 0.889 AND feature_1 > 0.172 AND feature_0 > 1.314 AND feature_1 > 0.969 AND feature_2 <= -0.016 AND feature_1 > 1.305,"{'feature_0': (1.314, 3.845), 'feature_1': (1.305, 3.852), 'feature_2': (-3.74, -0.016)}",3,3.013,7,[Pretrained] CF,"[354, 614, 694, 724, 746, 747]",3.605,3.605,OptRes,[Pretrained] CF OptRes,0.003,0,0.003,752,35,0.06679389312977099,5,0.5920000000000001,0.0,0.5
746,feature_0 > -0.084 AND feature_0 > 0.889 AND feature_1 > 0.172 AND feature_0 > 1.314 AND feature_1 > 0.969,"{'feature_0': (1.314, 3.845), 'feature_1': (0.969, 3.852)}",2,2.886,5,[Pretrained] CF,"[354, 614, 694, 724]",3.421,3.421,OptRes,[Pretrained] CF OptRes,0.003,0,0.003,752,131,0.19083969465648853,5,0.5349999999999997,0.0,0.5
748,feature_0 > -0.084 AND feature_0 > 0.889 AND feature_1 > 0.172 AND feature_0 > 1.314 AND feature_1 > 0.969 AND feature_2 <= -0.016 AND feature_1 <= 1.305,"{'feature_0': (1.314, 3.845), 'feature_1': (0.969, 1.305), 'feature_2': (-3.74, -0.016)}",3,2.886,7,[Pretrained] CF,"[354, 614, 694, 724, 746, 747]",3.056,3.056,OptRes,[Pretrained] CF OptRes,0.003,0,0.003,752,32,0.061068702290076333,5,0.16999999999999993,0.0,0.5
752,feature_0 > -0.084 AND feature_0 > 0.889 AND feature_1 > 0.172 AND feature_0 > 1.314 AND feature_1 > 0.969 AND feature_2 > -0.016 AND feature_1 > 1.421,"{'feature_0': (1.314, 3.845), 'feature_1': (1.421, 3.852), 'feature_2': (-0.016, 4.02)}",3,2.858,7,[Pretrained] CF,"[354, 614, 694, 724, 746, 750]",3.764,3.764,OptRes,[Pretrained] CF OptRes,0.003,0,0.003,752,33,0.06297709923664122,5,0.9059999999999997,0.0,0.5
716,feature_0 > -0.084 AND feature_0 > 0.889 AND feature_1 > 0.172 AND feature_0 <= 1.314 AND feature_1 > 1.109 AND feature_2 <= -0.56,"{'feature_0': (0.889, 1.314), 'feature_1': (1.109, 3.852), 'feature_2': (-3.74, -0.56)}",3,2.817,6,[Pretrained] CF,"[354, 614, 694, 695, 715]",2.844,2.844,OptRes,[Pretrained] CF OptRes,0.003,0,0.003,752,39,0.0,5,0.02699999999999969,0.0,0.5
752,feature_0 > -0.084 AND feature_0 > 0.889 AND feature_1 > 0.172 AND feature_0 > 1.314 AND feature_1 > 0.969 AND feature_2 > -0.016 AND feature_1 > 1.421,"{'feature_0': (1.314, 3.845), 'feature_1': (1.421, 3.852), 'feature_2': (-0.016, 4.02)}",3,2.858,7,[Pretrained] CF,"[354, 614, 694, 724, 746, 750]",3.764,3.764,ResOve,[Pretrained] CF ResOve,0.059,0,0.059,752,33,0.0,5,0.9059999999999997,0.0,0.5
742,feature_0 > -0.084 AND feature_0 > 0.889 AND feature_1 > 0.172 AND feature_0 > 1.314 AND feature_1 <= 0.969 AND feature_0 > 1.553 AND feature_0 > 1.864 AND feature_2 <= -0.157 AND feature_1 > 0.575,"{'feature_0': (1.864, 3.845), 'feature_1': (0.575, 0.969), 'feature_2': (-3.74, -0.157)}",3,2.816,9,[Pretrained] CF,"[354, 614, 694, 724, 725, 733, 739, 740]",3.316,3.316,ResOve,[Pretrained] CF ResOve,0.059,0,0.059,752,29,0.0,5,0.5,0.0,0.5
716,feature_0 > -0.084 AND feature_0 > 0.889 AND feature_1 > 0.172 AND feature_0 <= 1.314 AND feature_1 > 1.109 AND feature_2 <= -0.56,"{'feature_0': (0.889, 1.314), 'feature_1': (1.109, 3.852), 'feature_2': (-3.74, -0.56)}",3,2.817,6,[Pretrained] CF,"[354, 614, 694, 695, 715]",2.844,2.844,ResOve,[Pretrained] CF ResOve,0.059,0,0.059,752,39,0.0,5,0.02699999999999969,0.0,0.5
751,feature_0 > -0.084 AND feature_0 > 0.889 AND feature_1 > 0.172 AND feature_0 > 1.314 AND feature_1 > 0.969 AND feature_2 > -0.016 AND feature_1 <= 1.421,"{'feature_0': (1.314, 3.845), 'feature_1': (0.969, 1.421), 'feature_2': (-0.016, 4.02)}",3,2.769,7,[Pretrained] CF,"[354, 614, 694, 724, 746, 750]",3.223,3.223,ResOve,[Pretrained] CF ResOve,0.059,0,0.059,752,31,0.0,5,0.45399999999999974,0.0,0.5
749,feature_0 > -0.084 AND feature_0 > 0.889 AND feature_1 > 0.172 AND feature_0 > 1.314 AND feature_1 > 0.969 AND feature_2 <= -0.016 AND feature_1 > 1.305,"{'feature_0': (1.314, 3.845), 'feature_1': (1.305, 3.852), 'feature_2': (-3.74, -0.016)}",3,3.013,7,[Pretrained] CF,"[354, 614, 694, 724, 746, 747]",3.605,3.605,ResOve,[Pretrained] CF ResOve,0.059,0,0.059,752,35,0.0,5,0.5920000000000001,0.0,0.5
749,feature_0 > -0.084 AND feature_0 > 0.889 AND feature_1 > 0.172 AND feature_0 > 1.314 AND feature_1 > 0.969 AND feature_2 <= -0.016 AND feature_1 > 1.305,"{'feature_0': (1.314, 3.845), 'feature_1': (1.305, 3.852), 'feature_2': (-3.74, -0.016)}",3,3.013,7,[Pretrained] CF,"[354, 614, 694, 724, 746, 747]",3.605,3.605,NoOve,[Pretrained] CF NoOve,0.008,0,0.008,752,35,0.0,5,0.5920000000000001,0.0,0.5
748,feature_0 > -0.084 AND feature_0 > 0.889 AND feature_1 > 0.172 AND feature_0 > 1.314 AND feature_1 > 0.969 AND feature_2 <= -0.016 AND feature_1 <= 1.305,"{'feature_0': (1.314, 3.845), 'feature_1': (0.969, 1.305), 'feature_2': (-3.74, -0.016)}",3,2.886,7,[Pretrained] CF,"[354, 614, 694, 724, 746, 747]",3.056,3.056,NoOve,[Pretrained] CF NoOve,0.008,0,0.008,752,32,0.0,5,0.16999999999999993,0.0,0.5
752,feature_0 > -0.084 AND feature_0 > 0.889 AND feature_1 > 0.172 AND feature_0 > 1.314 AND feature_1 > 0.969 AND feature_2 > -0.016 AND feature_1 > 1.421,"{'feature_0': (1.314, 3.845), 'feature_1': (1.421, 3.852), 'feature_2': (-0.016, 4.02)}",3,2.858,7,[Pretrained] CF,"[354, 614, 694, 724, 746, 750]",3.764,3.764,NoOve,[Pretrained] CF NoOve,0.008,0,0.008,752,33,0.0,5,0.9059999999999997,0.0,0.5
751,feature_0 > -0.084 AND feature_0 > 0.889 AND feature_1 > 0.172 AND feature_0 > 1.314 AND feature_1 > 0.969 AND feature_2 > -0.016 AND feature_1 <= 1.421,"{'feature_0': (1.314, 3.845), 'feature_1': (0.969, 1.421), 'feature_2': (-0.016, 4.02)}",3,2.769,7,[Pretrained] CF,"[354, 614, 694, 724, 746, 750]",3.223,3.223,NoOve,[Pretrained] CF NoOve,0.008,0,0.008,752,31,0.0,5,0.45399999999999974,0.0,0.5
739,feature_0 > -0.084 AND feature_0 > 0.889 AND feature_1 > 0.172 AND feature_0 > 1.314 AND feature_1 <= 0.969 AND feature_0 > 1.553 AND feature_0 > 1.864,"{'feature_0': (1.864, 3.845), 'feature_1': (0.172, 0.969)}",2,2.724,7,[Pretrained] CF,"[354, 614, 694, 724, 725, 733]",3.199,3.199,NoOve,[Pretrained] CF NoOve,0.008,0,0.008,752,103,0.0,5,0.47499999999999964,0.0,0.5
749,feature_0 > -0.084 AND feature_0 > 0.889 AND feature_1 > 0.172 AND feature_0 > 1.314 AND feature_1 > 0.969 AND feature_2 <= -0.016 AND feature_1 > 1.305,"{'feature_0': (1.314, 3.845), 'feature_1': (1.305, 3.852), 'feature_2': (-3.74, -0.016)}",3,3.013,7,[Pretrained] CF,"[354, 614, 694, 724, 746, 747]",3.605,3.628,OptRes,[Pretrained] CF OptRes,0.003,0,0.003,752,30,0.06679389312977099,5,0.5920000000000001,0.02300000000000013,0.5
746,feature_0 > -0.084 AND feature_0 > 0.889 AND feature_1 > 0.172 AND feature_0 > 1.314 AND feature_1 > 0.969,"{'feature_0': (1.314, 3.845), 'feature_1': (0.969, 3.852)}",2,2.886,5,[Pretrained] CF,"[354, 614, 694, 724]",3.421,3.414,OptRes,[Pretrained] CF OptRes,0.003,0,0.003,752,114,0.19083969465648853,5,0.5349999999999997,0.006999999999999673,0.5
748,feature_0 > -0.084 AND feature_0 > 0.889 AND feature_1 > 0.172 AND feature_0 > 1.314 AND feature_1 > 0.969 AND feature_2 <= -0.016 AND feature_1 <= 1.305,"{'feature_0': (1.314, 3.845), 'feature_1': (0.969, 1.305), 'feature_2': (-3.74, -0.016)}",3,2.886,7,[Pretrained] CF,"[354, 614, 694, 724, 746, 747]",3.056,3.075,OptRes,[Pretrained] CF OptRes,0.003,0,0.003,752,30,0.061068702290076333,5,0.16999999999999993,0.019000000000000128,0.5
752,feature_0 > -0.084 AND feature_0 > 0.889 AND feature_1 > 0.172 AND feature_0 > 1.314 AND feature_1 > 0.969 AND feature_2 > -0.016 AND feature_1 > 1.421,"{'feature_0': (1.314, 3.845), 'feature_1': (1.421, 3.852), 'feature_2': (-0.016, 4.02)}",3,2.858,7,[Pretrained] CF,"[354, 614, 694, 724, 746, 750]",3.764,3.766,OptRes,[Pretrained] CF OptRes,0.003,0,0.003,752,28,0.06297709923664122,5,0.9059999999999997,0.002000000000000224,0.5
716,feature_0 > -0.084 AND feature_0 > 0.889 AND feature_1 > 0.172 AND feature_0 <= 1.314 AND feature_1 > 1.109 AND feature_2 <= -0.56,"{'feature_0': (0.889, 1.314), 'feature_1': (1.109, 3.852), 'feature_2': (-3.74, -0.56)}",3,2.817,6,[Pretrained] CF,"[354, 614, 694, 695, 715]",2.844,2.83,OptRes,[Pretrained] CF OptRes,0.003,0,0.003,752,33,0.0,5,0.02699999999999969,0.01399999999999979,0.5
752,feature_0 > -0.084 AND feature_0 > 0.889 AND feature_1 > 0.172 AND feature_0 > 1.314 AND feature_1 > 0.969 AND feature_2 > -0.016 AND feature_1 > 1.421,"{'feature_0': (1.314, 3.845), 'feature_1': (1.421, 3.852), 'feature_2': (-0.016, 4.02)}",3,2.858,7,[Pretrained] CF,"[354, 614, 694, 724, 746, 750]",3.764,3.766,ResOve,[Pretrained] CF ResOve,0.11,0,0.11,752,28,0.0,5,0.9059999999999997,0.002000000000000224,0.5
748,feature_0 > -0.084 AND feature_0 > 0.889 AND feature_1 > 0.172 AND feature_0 > 1.314 AND feature_1 > 0.969 AND feature_2 <= -0.016 AND feature_1 <= 1.305,"{'feature_0': (1.314, 3.845), 'feature_1': (0.969, 1.305), 'feature_2': (-3.74, -0.016)}",3,2.886,7,[Pretrained] CF,"[354, 614, 694, 724, 746, 747]",3.056,3.075,ResOve,[Pretrained] CF ResOve,0.11,0,0.11,752,30,0.0,5,0.16999999999999993,0.019000000000000128,0.5
742,feature_0 > -0.084 AND feature_0 > 0.889 AND feature_1 > 0.172 AND feature_0 > 1.314 AND feature_1 <= 0.969 AND feature_0 > 1.553 AND feature_0 > 1.864 AND feature_2 <= -0.157 AND feature_1 > 0.575,"{'feature_0': (1.864, 3.845), 'feature_1': (0.575, 0.969), 'feature_2': (-3.74, -0.157)}",3,2.816,9,[Pretrained] CF,"[354, 614, 694, 724, 725, 733, 739, 740]",3.316,3.296,ResOve,[Pretrained] CF ResOve,0.11,0,0.11,752,25,0.0,5,0.5,0.020000000000000018,0.5
751,feature_0 > -0.084 AND feature_0 > 0.889 AND feature_1 > 0.172 AND feature_0 > 1.314 AND feature_1 > 0.969 AND feature_2 > -0.016 AND feature_1 <= 1.421,"{'feature_0': (1.314, 3.845), 'feature_1': (0.969, 1.421), 'feature_2': (-0.016, 4.02)}",3,2.769,7,[Pretrained] CF,"[354, 614, 694, 724, 746, 750]",3.223,3.178,ResOve,[Pretrained] CF ResOve,0.11,0,0.11,752,26,0.0,5,0.45399999999999974,0.04499999999999993,0.5
716,feature_0 > -0.084 AND feature_0 > 0.889 AND feature_1 > 0.172 AND feature_0 <= 1.314 AND feature_1 > 1.109 AND feature_2 <= -0.56,"{'feature_0': (0.889, 1.314), 'feature_1': (1.109, 3.852), 'feature_2': (-3.74, -0.56)}",3,2.817,6,[Pretrained] CF,"[354, 614, 694, 695, 715]",2.844,2.83,ResOve,[Pretrained] CF ResOve,0.11,0,0.11,752,33,0.0,5,0.02699999999999969,0.01399999999999979,0.5
749,feature_0 > -0.084 AND feature_0 > 0.889 AND feature_1 > 0.172 AND feature_0 > 1.314 AND feature_1 > 0.969 AND feature_2 <= -0.016 AND feature_1 > 1.305,"{'feature_0': (1.314, 3.845), 'feature_1': (1.305, 3.852), 'feature_2': (-3.74, -0.016)}",3,3.013,7,[Pretrained] CF,"[354, 614, 694, 724, 746, 747]",3.605,3.628,NoOve,[Pretrained] CF NoOve,0.011,0,0.011,752,30,0.0,5,0.5920000000000001,0.02300000000000013,0.5
748,feature_0 > -0.084 AND feature_0 > 0.889 AND feature_1 > 0.172 AND feature_0 > 1.314 AND feature_1 > 0.969 AND feature_2 <= -0.016 AND feature_1 <= 1.305,"{'feature_0': (1.314, 3.845), 'feature_1': (0.969, 1.305), 'feature_2': (-3.74, -0.016)}",3,2.886,7,[Pretrained] CF,"[354, 614, 694, 724, 746, 747]",3.056,3.075,NoOve,[Pretrained] CF NoOve,0.011,0,0.011,752,30,0.0,5,0.16999999999999993,0.019000000000000128,0.5
752,feature_0 > -0.084 AND feature_0 > 0.889 AND feature_1 > 0.172 AND feature_0 > 1.314 AND feature_1 > 0.969 AND feature_2 > -0.016 AND feature_1 > 1.421,"{'feature_0': (1.314, 3.845), 'feature_1': (1.421, 3.852), 'feature_2': (-0.016, 4.02)}",3,2.858,7,[Pretrained] CF,"[354, 614, 694, 724, 746, 750]",3.764,3.766,NoOve,[Pretrained] CF NoOve,0.011,0,0.011,752,28,0.0,5,0.9059999999999997,0.002000000000000224,0.5
751,feature_0 > -0.084 AND feature_0 > 0.889 AND feature_1 > 0.172 AND feature_0 > 1.314 AND feature_1 > 0.969 AND feature_2 > -0.016 AND feature_1 <= 1.421,"{'feature_0': (1.314, 3.845), 'feature_1': (0.969, 1.421), 'feature_2': (-0.016, 4.02)}",3,2.769,7,[Pretrained] CF,"[354, 614, 694, 724, 746, 750]",3.223,3.178,NoOve,[Pretrained] CF NoOve,0.011,0,0.011,752,26,0.0,5,0.45399999999999974,0.04499999999999993,0.5
739,feature_0 > -0.084 AND feature_0 > 0.889 AND feature_1 > 0.172 AND feature_0 > 1.314 AND feature_1 <= 0.969 AND feature_0 > 1.553 AND feature_0 > 1.864,"{'feature_0': (1.864, 3.845), 'feature_1': (0.172, 0.969)}",2,2.724,7,[Pretrained] CF,"[354, 614, 694, 724, 725, 733]",3.199,3.194,NoOve,[Pretrained] CF NoOve,0.011,0,0.011,752,89,0.0,5,0.47499999999999964,0.004999999999999893,0.5
749,feature_0 > -0.084 AND feature_0 > 0.889 AND feature_1 > 0.172 AND feature_0 > 1.314 AND feature_1 > 0.969 AND feature_2 <= -0.016 AND feature_1 > 1.305,"{'feature_0': (1.314, 3.845), 'feature_1': (1.305, 3.852), 'feature_2': (-3.74, -0.016)}",3,3.013,7,[Pretrained] CF,"[354, 614, 694, 724, 746, 747]",3.605,3.592,OptRes,[Pretrained] CF OptRes,0.003,0,0.003,752,31,0.06679389312977099,5,0.5920000000000001,0.0129999999999999,0.5
746,feature_0 > -0.084 AND feature_0 > 0.889 AND feature_1 > 0.172 AND feature_0 > 1.314 AND feature_1 > 0.969,"{'feature_0': (1.314, 3.845), 'feature_1': (0.969, 3.852)}",2,2.886,5,[Pretrained] CF,"[354, 614, 694, 724]",3.421,3.427,OptRes,[Pretrained] CF OptRes,0.003,0,0.003,752,107,0.19083969465648853,5,0.5349999999999997,0.006000000000000227,0.5
748,feature_0 > -0.084 AND feature_0 > 0.889 AND feature_1 > 0.172 AND feature_0 > 1.314 AND feature_1 > 0.969 AND feature_2 <= -0.016 AND feature_1 <= 1.305,"{'feature_0': (1.314, 3.845), 'feature_1': (0.969, 1.305), 'feature_2': (-3.74, -0.016)}",3,2.886,7,[Pretrained] CF,"[354, 614, 694, 724, 746, 747]",3.056,3.011,OptRes,[Pretrained] CF OptRes,0.003,0,0.003,752,24,0.061068702290076333,5,0.16999999999999993,0.04499999999999993,0.5
752,feature_0 > -0.084 AND feature_0 > 0.889 AND feature_1 > 0.172 AND feature_0 > 1.314 AND feature_1 > 0.969 AND feature_2 > -0.016 AND feature_1 > 1.421,"{'feature_0': (1.314, 3.845), 'feature_1': (1.421, 3.852), 'feature_2': (-0.016, 4.02)}",3,2.858,7,[Pretrained] CF,"[354, 614, 694, 724, 746, 750]",3.764,3.791,OptRes,[Pretrained] CF OptRes,0.003,0,0.003,752,26,0.06297709923664122,5,0.9059999999999997,0.027000000000000135,0.5
716,feature_0 > -0.084 AND feature_0 > 0.889 AND feature_1 > 0.172 AND feature_0 <= 1.314 AND feature_1 > 1.109 AND feature_2 <= -0.56,"{'feature_0': (0.889, 1.314), 'feature_1': (1.109, 3.852), 'feature_2': (-3.74, -0.56)}",3,2.817,6,[Pretrained] CF,"[354, 614, 694, 695, 715]",2.844,2.842,OptRes,[Pretrained] CF OptRes,0.003,0,0.003,752,30,0.0,5,0.02699999999999969,0.0019999999999997797,0.5
752,feature_0 > -0.084 AND feature_0 > 0.889 AND feature_1 > 0.172 AND feature_0 > 1.314 AND feature_1 > 0.969 AND feature_2 > -0.016 AND feature_1 > 1.421,"{'feature_0': (1.314, 3.845), 'feature_1': (1.421, 3.852), 'feature_2': (-0.016, 4.02)}",3,2.858,7,[Pretrained] CF,"[354, 614, 694, 724, 746, 750]",3.764,3.791,ResOve,[Pretrained] CF ResOve,0.113,0,0.113,752,26,0.0,5,0.9059999999999997,0.027000000000000135,0.5
748,feature_0 > -0.084 AND feature_0 > 0.889 AND feature_1 > 0.172 AND feature_0 > 1.314 AND feature_1 > 0.969 AND feature_2 <= -0.016 AND feature_1 <= 1.305,"{'feature_0': (1.314, 3.845), 'feature_1': (0.969, 1.305), 'feature_2': (-3.74, -0.016)}",3,2.886,7,[Pretrained] CF,"[354, 614, 694, 724, 746, 747]",3.056,3.011,ResOve,[Pretrained] CF ResOve,0.113,0,0.113,752,24,0.0,5,0.16999999999999993,0.04499999999999993,0.5
742,feature_0 > -0.084 AND feature_0 > 0.889 AND feature_1 > 0.172 AND feature_0 > 1.314 AND feature_1 <= 0.969 AND feature_0 > 1.553 AND feature_0 > 1.864 AND feature_2 <= -0.157 AND feature_1 > 0.575,"{'feature_0': (1.864, 3.845), 'feature_1': (0.575, 0.969), 'feature_2': (-3.74, -0.157)}",3,2.816,9,[Pretrained] CF,"[354, 614, 694, 724, 725, 733, 739, 740]",3.316,3.332,ResOve,[Pretrained] CF ResOve,0.113,0,0.113,752,27,0.0,5,0.5,0.016000000000000014,0.5
751,feature_0 > -0.084 AND feature_0 > 0.889 AND feature_1 > 0.172 AND feature_0 > 1.314 AND feature_1 > 0.969 AND feature_2 > -0.016 AND feature_1 <= 1.421,"{'feature_0': (1.314, 3.845), 'feature_1': (0.969, 1.421), 'feature_2': (-0.016, 4.02)}",3,2.769,7,[Pretrained] CF,"[354, 614, 694, 724, 746, 750]",3.223,3.252,ResOve,[Pretrained] CF ResOve,0.113,0,0.113,752,26,0.0,5,0.45399999999999974,0.028999999999999915,0.5
716,feature_0 > -0.084 AND feature_0 > 0.889 AND feature_1 > 0.172 AND feature_0 <= 1.314 AND feature_1 > 1.109 AND feature_2 <= -0.56,"{'feature_0': (0.889, 1.314), 'feature_1': (1.109, 3.852), 'feature_2': (-3.74, -0.56)}",3,2.817,6,[Pretrained] CF,"[354, 614, 694, 695, 715]",2.844,2.842,ResOve,[Pretrained] CF ResOve,0.113,0,0.113,752,30,0.0,5,0.02699999999999969,0.0019999999999997797,0.5
749,feature_0 > -0.084 AND feature_0 > 0.889 AND feature_1 > 0.172 AND feature_0 > 1.314 AND feature_1 > 0.969 AND feature_2 <= -0.016 AND feature_1 > 1.305,"{'feature_0': (1.314, 3.845), 'feature_1': (1.305, 3.852), 'feature_2': (-3.74, -0.016)}",3,3.013,7,[Pretrained] CF,"[354, 614, 694, 724, 746, 747]",3.605,3.592,NoOve,[Pretrained] CF NoOve,0.012,0,0.012,752,31,0.0,5,0.5920000000000001,0.0129999999999999,0.5
748,feature_0 > -0.084 AND feature_0 > 0.889 AND feature_1 > 0.172 AND feature_0 > 1.314 AND feature_1 > 0.969 AND feature_2 <= -0.016 AND feature_1 <= 1.305,"{'feature_0': (1.314, 3.845), 'feature_1': (0.969, 1.305), 'feature_2': (-3.74, -0.016)}",3,2.886,7,[Pretrained] CF,"[354, 614, 694, 724, 746, 747]",3.056,3.011,NoOve,[Pretrained] CF NoOve,0.012,0,0.012,752,24,0.0,5,0.16999999999999993,0.04499999999999993,0.5
752,feature_0 > -0.084 AND feature_0 > 0.889 AND feature_1 > 0.172 AND feature_0 > 1.314 AND feature_1 > 0.969 AND feature_2 > -0.016 AND feature_1 > 1.421,"{'feature_0': (1.314, 3.845), 'feature_1': (1.421, 3.852), 'feature_2': (-0.016, 4.02)}",3,2.858,7,[Pretrained] CF,"[354, 614, 694, 724, 746, 750]",3.764,3.791,NoOve,[Pretrained] CF NoOve,0.012,0,0.012,752,26,0.0,5,0.9059999999999997,0.027000000000000135,0.5
751,feature_0 > -0.084 AND feature_0 > 0.889 AND feature_1 > 0.172 AND feature_0 > 1.314 AND feature_1 > 0.969 AND feature_2 > -0.016 AND feature_1 <= 1.421,"{'feature_0': (1.314, 3.845), 'feature_1': (0.969, 1.421), 'feature_2': (-0.016, 4.02)}",3,2.769,7,[Pretrained] CF,"[354, 614, 694, 724, 746, 750]",3.223,3.252,NoOve,[Pretrained] CF NoOve,0.012,0,0.012,752,26,0.0,5,0.45399999999999974,0.028999999999999915,0.5
739,feature_0 > -0.084 AND feature_0 > 0.889 AND feature_1 > 0.172 AND feature_0 > 1.314 AND feature_1 <= 0.969 AND feature_0 > 1.553 AND feature_0 > 1.864,"{'feature_0': (1.864, 3.845), 'feature_1': (0.172, 0.969)}",2,2.724,7,[Pretrained] CF,"[354, 614, 694, 724, 725, 733]",3.199,3.204,NoOve,[Pretrained] CF NoOve,0.012,0,0.012,752,91,0.0,5,0.47499999999999964,0.0050000000000003375,0.5
747,feature_0 > -0.084 AND feature_0 > 0.889 AND feature_1 > 0.172 AND feature_0 > 1.314 AND feature_1 > 0.969 AND feature_2 <= -0.016,"{'feature_0': (1.314, 3.845), 'feature_1': (0.969, 3.852), 'feature_2': (-3.74, -0.016)}",3,2.952,6,[Pretrained] CF,"[354, 614, 694, 724, 746]",3.343,3.276,OptRes,[Pretrained] CF OptRes,0.006,0,0.006,752,34,0.04240506329113924,5,0.391,0.06700000000000017,0.5
750,feature_0 > -0.084 AND feature_0 > 0.889 AND feature_1 > 0.172 AND feature_0 > 1.314 AND feature_1 > 0.969 AND feature_2 > -0.016,"{'feature_0': (1.314, 3.845), 'feature_1': (0.969, 3.852), 'feature_2': (-0.016, 4.02)}",3,2.816,6,[Pretrained] CF,"[354, 614, 694, 724, 746]",3.502,3.426,OptRes,[Pretrained] CF OptRes,0.006,0,0.006,752,27,0.04050632911392405,5,0.6859999999999999,0.07599999999999962,0.5
740,feature_0 > -0.084 AND feature_0 > 0.889 AND feature_1 > 0.172 AND feature_0 > 1.314 AND feature_1 <= 0.969 AND feature_0 > 1.553 AND feature_0 > 1.864 AND feature_2 <= -0.157,"{'feature_0': (1.864, 3.845), 'feature_1': (0.172, 0.969), 'feature_2': (-3.74, -0.157)}",3,2.774,8,[Pretrained] CF,"[354, 614, 694, 724, 725, 733, 739]",3.192,3.135,OptRes,[Pretrained] CF OptRes,0.006,0,0.006,752,21,0.03291139240506329,5,0.41800000000000015,0.057000000000000384,0.5
724,feature_0 > -0.084 AND feature_0 > 0.889 AND feature_1 > 0.172 AND feature_0 > 1.314,"{'feature_0': (1.314, 3.845), 'feature_1': (0.172, 3.852)}",2,2.694,4,[Pretrained] CF,"[354, 614, 694]",3.001,2.956,OptRes,[Pretrained] CF OptRes,0.006,0,0.006,752,188,0.14810126582278482,5,0.30699999999999994,0.04499999999999993,0.5
743,feature_0 > -0.084 AND feature_0 > 0.889 AND feature_1 > 0.172 AND feature_0 > 1.314 AND feature_1 <= 0.969 AND feature_0 > 1.553 AND feature_0 > 1.864 AND feature_2 > -0.157,"{'feature_0': (1.864, 3.845), 'feature_1': (0.172, 0.969), 'feature_2': (-0.157, 4.02)}",3,2.675,8,[Pretrained] CF,"[354, 614, 694, 724, 725, 733, 739]",3.207,3.154,OptRes,[Pretrained] CF OptRes,0.006,0,0.006,752,27,0.032278481012658226,5,0.532,0.052999999999999936,0.5
750,feature_0 > -0.084 AND feature_0 > 0.889 AND feature_1 > 0.172 AND feature_0 > 1.314 AND feature_1 > 0.969 AND feature_2 > -0.016,"{'feature_0': (1.314, 3.845), 'feature_1': (0.969, 3.852), 'feature_2': (-0.016, 4.02)}",3,2.816,6,[Pretrained] CF,"[354, 614, 694, 724, 746]",3.502,3.426,ResOve,[Pretrained] CF ResOve,0.12,0,0.12,752,27,0.0,5,0.6859999999999999,0.07599999999999962,0.5
747,feature_0 > -0.084 AND feature_0 > 0.889 AND feature_1 > 0.172 AND feature_0 > 1.314 AND feature_1 > 0.969 AND feature_2 <= -0.016,"{'feature_0': (1.314, 3.845), 'feature_1': (0.969, 3.852), 'feature_2': (-3.74, -0.016)}",3,2.952,6,[Pretrained] CF,"[354, 614, 694, 724, 746]",3.343,3.276,ResOve,[Pretrained] CF ResOve,0.12,0,0.12,752,34,0.0,5,0.391,0.06700000000000017,0.5
743,feature_0 > -0.084 AND feature_0 > 0.889 AND feature_1 > 0.172 AND feature_0 > 1.314 AND feature_1 <= 0.969 AND feature_0 > 1.553 AND feature_0 > 1.864 AND feature_2 > -0.157,"{'feature_0': (1.864, 3.845), 'feature_1': (0.172, 0.969), 'feature_2': (-0.157, 4.02)}",3,2.675,8,[Pretrained] CF,"[354, 614, 694, 724, 725, 733, 739]",3.207,3.154,ResOve,[Pretrained] CF ResOve,0.12,0,0.12,752,27,0.0,5,0.532,0.052999999999999936,0.5
734,feature_0 > -0.084 AND feature_0 > 0.889 AND feature_1 > 0.172 AND feature_0 > 1.314 AND feature_1 <= 0.969 AND feature_0 > 1.553 AND feature_0 <= 1.864,"{'feature_0': (1.553, 1.864), 'feature_1': (0.172, 0.969)}",2,2.598,7,[Pretrained] CF,"[354, 614, 694, 724, 725, 733]",2.676,2.641,ResOve,[Pretrained] CF ResOve,0.12,0,0.12,752,39,0.0,5,0.07800000000000029,0.03500000000000014,0.5
715,feature_0 > -0.084 AND feature_0 > 0.889 AND feature_1 > 0.172 AND feature_0 <= 1.314 AND feature_1 > 1.109,"{'feature_0': (0.889, 1.314), 'feature_1': (1.109, 3.852)}",2,2.659,5,[Pretrained] CF,"[354, 614, 694, 695]",2.849,2.837,ResOve,[Pretrained] CF ResOve,0.12,0,0.12,752,60,0.0,5,0.1900000000000004,0.01200000000000001,0.5
747,feature_0 > -0.084 AND feature_0 > 0.889 AND feature_1 > 0.172 AND feature_0 > 1.314 AND feature_1 > 0.969 AND feature_2 <= -0.016,"{'feature_0': (1.314, 3.845), 'feature_1': (0.969, 3.852), 'feature_2': (-3.74, -0.016)}",3,2.952,6,[Pretrained] CF,"[354, 614, 694, 724, 746]",3.343,3.276,NoOve,[Pretrained] CF NoOve,0.023,0,0.023,752,34,0.0,5,0.391,0.06700000000000017,0.5
750,feature_0 > -0.084 AND feature_0 > 0.889 AND feature_1 > 0.172 AND feature_0 > 1.314 AND feature_1 > 0.969 AND feature_2 > -0.016,"{'feature_0': (1.314, 3.845), 'feature_1': (0.969, 3.852), 'feature_2': (-0.016, 4.02)}",3,2.816,6,[Pretrained] CF,"[354, 614, 694, 724, 746]",3.502,3.426,NoOve,[Pretrained] CF NoOve,0.023,0,0.023,752,27,0.0,5,0.6859999999999999,0.07599999999999962,0.5
733,feature_0 > -0.084 AND feature_0 > 0.889 AND feature_1 > 0.172 AND feature_0 > 1.314 AND feature_1 <= 0.969 AND feature_0 > 1.553,"{'feature_0': (1.553, 3.845), 'feature_1': (0.172, 0.969)}",2,2.673,6,[Pretrained] CF,"[354, 614, 694, 724, 725]",2.984,2.92,NoOve,[Pretrained] CF NoOve,0.023,0,0.023,752,87,0.0,5,0.31099999999999994,0.06400000000000006,0.5
717,feature_0 > -0.084 AND feature_0 > 0.889 AND feature_1 > 0.172 AND feature_0 <= 1.314 AND feature_1 > 1.109 AND feature_2 > -0.56,"{'feature_0': (0.889, 1.314), 'feature_1': (1.109, 3.852), 'feature_2': (-0.56, 4.02)}",3,2.593,6,[Pretrained] CF,"[354, 614, 694, 695, 715]",2.851,2.844,NoOve,[Pretrained] CF NoOve,0.023,0,0.023,752,42,0.0,5,0.258,0.007000000000000117,0.5
687,feature_0 > -0.084 AND feature_0 > 0.889 AND feature_1 <= 0.172 AND feature_0 > 1.535 AND feature_0 > 1.86 AND feature_0 > 2.109,"{'feature_0': (2.109, 3.845), 'feature_1': (-3.98, 0.172)}",2,2.464,6,[Pretrained] CF,"[354, 614, 615, 667, 681]",2.946,2.925,NoOve,[Pretrained] CF NoOve,0.023,0,0.023,752,55,0.0,5,0.4820000000000002,0.02100000000000035,0.5
747,feature_0 > -0.084 AND feature_0 > 0.889 AND feature_1 > 0.172 AND feature_0 > 1.314 AND feature_1 > 0.969 AND feature_2 <= -0.016,"{'feature_0': (1.314, 3.845), 'feature_1': (0.969, 3.852), 'feature_2': (-3.74, -0.016)}",3,2.952,6,[Pretrained] CF,"[354, 614, 694, 724, 746]",3.343,3.29,OptRes,[Pretrained] CF OptRes,0.008,0,0.008,752,23,0.04240506329113924,5,0.391,0.052999999999999936,0.5
739,feature_0 > -0.084 AND feature_0 > 0.889 AND feature_1 > 0.172 AND feature_0 > 1.314 AND feature_1 <= 0.969 AND feature_0 > 1.553 AND feature_0 > 1.864,"{'feature_0': (1.864, 3.845), 'feature_1': (0.172, 0.969)}",2,2.724,7,[Pretrained] CF,"[354, 614, 694, 724, 725, 733]",3.199,3.213,OptRes,[Pretrained] CF OptRes,0.008,0,0.008,752,31,0.06518987341772152,5,0.47499999999999964,0.014000000000000234,0.5
724,feature_0 > -0.084 AND feature_0 > 0.889 AND feature_1 > 0.172 AND feature_0 > 1.314,"{'feature_0': (1.314, 3.845), 'feature_1': (0.172, 3.852)}",2,2.694,4,[Pretrained] CF,"[354, 614, 694]",3.001,3.022,OptRes,[Pretrained] CF OptRes,0.008,0,0.008,752,110,0.1531645569620253,5,0.30699999999999994,0.020999999999999908,0.5
715,feature_0 > -0.084 AND feature_0 > 0.889 AND feature_1 > 0.172 AND feature_0 <= 1.314 AND feature_1 > 1.109,"{'feature_0': (0.889, 1.314), 'feature_1': (1.109, 3.852)}",2,2.659,5,[Pretrained] CF,"[354, 614, 694, 695]",2.849,2.881,OptRes,[Pretrained] CF OptRes,0.008,0,0.008,752,32,0.0,5,0.1900000000000004,0.031999999999999584,0.5
734,feature_0 > -0.084 AND feature_0 > 0.889 AND feature_1 > 0.172 AND feature_0 > 1.314 AND feature_1 <= 0.969 AND feature_0 > 1.553 AND feature_0 <= 1.864,"{'feature_0': (1.553, 1.864), 'feature_1': (0.172, 0.969)}",2,2.598,7,[Pretrained] CF,"[354, 614, 694, 724, 725, 733]",2.676,2.661,OptRes,[Pretrained] CF OptRes,0.008,0,0.008,752,22,0.04556962025316456,5,0.07800000000000029,0.015000000000000124,0.5
747,feature_0 > -0.084 AND feature_0 > 0.889 AND feature_1 > 0.172 AND feature_0 > 1.314 AND feature_1 > 0.969 AND feature_2 <= -0.016,"{'feature_0': (1.314, 3.845), 'feature_1': (0.969, 3.852), 'feature_2': (-3.74, -0.016)}",3,2.952,6,[Pretrained] CF,"[354, 614, 694, 724, 746]",3.343,3.29,ResOve,[Pretrained] CF ResOve,0.146,0,0.146,752,23,0.12786259541984732,5,0.391,0.052999999999999936,0.5
746,feature_0 > -0.084 AND feature_0 > 0.889 AND feature_1 > 0.172 AND feature_0 > 1.314 AND feature_1 > 0.969,"{'feature_0': (1.314, 3.845), 'feature_1': (0.969, 3.852)}",2,2.886,5,[Pretrained] CF,"[354, 614, 694, 724]",3.421,3.369,ResOve,[Pretrained] CF ResOve,0.146,0,0.146,752,38,0.12786259541984732,5,0.5349999999999997,0.0519999999999996,0.5
739,feature_0 > -0.084 AND feature_0 > 0.889 AND feature_1 > 0.172 AND feature_0 > 1.314 AND feature_1 <= 0.969 AND feature_0 > 1.553 AND feature_0 > 1.864,"{'feature_0': (1.864, 3.845), 'feature_1': (0.172, 0.969)}",2,2.724,7,[Pretrained] CF,"[354, 614, 694, 724, 725, 733]",3.199,3.213,ResOve,[Pretrained] CF ResOve,0.146,0,0.146,752,31,0.0,5,0.47499999999999964,0.014000000000000234,0.5
734,feature_0 > -0.084 AND feature_0 > 0.889 AND feature_1 > 0.172 AND feature_0 > 1.314 AND feature_1 <= 0.969 AND feature_0 > 1.553 AND feature_0 <= 1.864,"{'feature_0': (1.553, 1.864), 'feature_1': (0.172, 0.969)}",2,2.598,7,[Pretrained] CF,"[354, 614, 694, 724, 725, 733]",2.676,2.661,ResOve,[Pretrained] CF ResOve,0.146,0,0.146,752,22,0.0,5,0.07800000000000029,0.015000000000000124,0.5
715,feature_0 > -0.084 AND feature_0 > 0.889 AND feature_1 > 0.172 AND feature_0 <= 1.314 AND feature_1 > 1.109,"{'feature_0': (0.889, 1.314), 'feature_1': (1.109, 3.852)}",2,2.659,5,[Pretrained] CF,"[354, 614, 694, 695]",2.849,2.881,ResOve,[Pretrained] CF ResOve,0.146,0,0.146,752,32,0.0,5,0.1900000000000004,0.031999999999999584,0.5
747,feature_0 > -0.084 AND feature_0 > 0.889 AND feature_1 > 0.172 AND feature_0 > 1.314 AND feature_1 > 0.969 AND feature_2 <= -0.016,"{'feature_0': (1.314, 3.845), 'feature_1': (0.969, 3.852), 'feature_2': (-3.74, -0.016)}",3,2.952,6,[Pretrained] CF,"[354, 614, 694, 724, 746]",3.343,3.29,NoOve,[Pretrained] CF NoOve,0.054,0,0.054,752,23,0.0,5,0.391,0.052999999999999936,0.5
733,feature_0 > -0.084 AND feature_0 > 0.889 AND feature_1 > 0.172 AND feature_0 > 1.314 AND feature_1 <= 0.969 AND feature_0 > 1.553,"{'feature_0': (1.553, 3.845), 'feature_1': (0.172, 0.969)}",2,2.673,6,[Pretrained] CF,"[354, 614, 694, 724, 725]",2.984,2.984,NoOve,[Pretrained] CF NoOve,0.054,0,0.054,752,53,0.0,5,0.31099999999999994,0.0,0.5
717,feature_0 > -0.084 AND feature_0 > 0.889 AND feature_1 > 0.172 AND feature_0 <= 1.314 AND feature_1 > 1.109 AND feature_2 > -0.56,"{'feature_0': (0.889, 1.314), 'feature_1': (1.109, 3.852), 'feature_2': (-0.56, 4.02)}",3,2.593,6,[Pretrained] CF,"[354, 614, 694, 695, 715]",2.851,2.882,NoOve,[Pretrained] CF NoOve,0.054,0,0.054,752,22,0.0,5,0.258,0.03100000000000014,0.5
687,feature_0 > -0.084 AND feature_0 > 0.889 AND feature_1 <= 0.172 AND feature_0 > 1.535 AND feature_0 > 1.86 AND feature_0 > 2.109,"{'feature_0': (2.109, 3.845), 'feature_1': (-3.98, 0.172)}",2,2.464,6,[Pretrained] CF,"[354, 614, 615, 667, 681]",2.946,2.865,NoOve,[Pretrained] CF NoOve,0.054,0,0.054,752,36,0.0,5,0.4820000000000002,0.08099999999999996,0.5
605,feature_0 > -0.084 AND feature_0 <= 0.889 AND feature_1 > 0.772 AND feature_1 > 1.261 AND feature_0 > 0.309 AND feature_1 > 1.47,"{'feature_0': (0.309, 0.889), 'feature_1': (1.47, 3.852)}",2,2.422,6,[Pretrained] CF,"[354, 355, 555, 585, 599]",2.569,2.495,NoOve,[Pretrained] CF NoOve,0.054,0,0.054,752,40,0.0,5,0.1469999999999998,0.07399999999999984,0.5
747,feature_0 > -0.084 AND feature_0 > 0.889 AND feature_1 > 0.172 AND feature_0 > 1.314 AND feature_1 > 0.969 AND feature_2 <= -0.016,"{'feature_0': (1.314, 3.845), 'feature_1': (0.969, 3.852), 'feature_2': (-3.74, -0.016)}",3,2.952,6,[Pretrained] CF,"[354, 614, 694, 724, 746]",3.343,3.188,OptRes,[Pretrained] CF OptRes,0.006,0,0.006,752,24,0.04240506329113924,5,0.391,0.1549999999999998,0.5
750,feature_0 > -0.084 AND feature_0 > 0.889 AND feature_1 > 0.172 AND feature_0 > 1.314 AND feature_1 > 0.969 AND feature_2 > -0.016,"{'feature_0': (1.314, 3.845), 'feature_1': (0.969, 3.852), 'feature_2': (-0.016, 4.02)}",3,2.816,6,[Pretrained] CF,"[354, 614, 694, 724, 746]",3.502,3.556,OptRes,[Pretrained] CF OptRes,0.006,0,0.006,752,27,0.04050632911392405,5,0.6859999999999999,0.05400000000000027,0.5
740,feature_0 > -0.084 AND feature_0 > 0.889 AND feature_1 > 0.172 AND feature_0 > 1.314 AND feature_1 <= 0.969 AND feature_0 > 1.553 AND feature_0 > 1.864 AND feature_2 <= -0.157,"{'feature_0': (1.864, 3.845), 'feature_1': (0.172, 0.969), 'feature_2': (-3.74, -0.157)}",3,2.774,8,[Pretrained] CF,"[354, 614, 694, 724, 725, 733, 739]",3.192,3.185,OptRes,[Pretrained] CF OptRes,0.006,0,0.006,752,23,0.03291139240506329,5,0.41800000000000015,0.007000000000000117,0.5
724,feature_0 > -0.084 AND feature_0 > 0.889 AND feature_1 > 0.172 AND feature_0 > 1.314,"{'feature_0': (1.314, 3.845), 'feature_1': (0.172, 3.852)}",2,2.694,4,[Pretrained] CF,"[354, 614, 694]",3.001,2.966,OptRes,[Pretrained] CF OptRes,0.006,0,0.006,752,180,0.14810126582278482,5,0.30699999999999994,0.0349999999999997,0.5
743,feature_0 > -0.084 AND feature_0 > 0.889 AND feature_1 > 0.172 AND feature_0 > 1.314 AND feature_1 <= 0.969 AND feature_0 > 1.553 AND feature_0 > 1.864 AND feature_2 > -0.157,"{'feature_0': (1.864, 3.845), 'feature_1': (0.172, 0.969), 'feature_2': (-0.157, 4.02)}",3,2.675,8,[Pretrained] CF,"[354, 614, 694, 724, 725, 733, 739]",3.207,3.284,OptRes,[Pretrained] CF OptRes,0.006,0,0.006,752,24,0.032278481012658226,5,0.532,0.07699999999999996,0.5
750,feature_0 > -0.084 AND feature_0 > 0.889 AND feature_1 > 0.172 AND feature_0 > 1.314 AND feature_1 > 0.969 AND feature_2 > -0.016,"{'feature_0': (1.314, 3.845), 'feature_1': (0.969, 3.852), 'feature_2': (-0.016, 4.02)}",3,2.816,6,[Pretrained] CF,"[354, 614, 694, 724, 746]",3.502,3.556,ResOve,[Pretrained] CF ResOve,0.163,0,0.163,752,27,0.0,5,0.6859999999999999,0.05400000000000027,0.5
747,feature_0 > -0.084 AND feature_0 > 0.889 AND feature_1 > 0.172 AND feature_0 > 1.314 AND feature_1 > 0.969 AND feature_2 <= -0.016,"{'feature_0': (1.314, 3.845), 'feature_1': (0.969, 3.852), 'feature_2': (-3.74, -0.016)}",3,2.952,6,[Pretrained] CF,"[354, 614, 694, 724, 746]",3.343,3.188,ResOve,[Pretrained] CF ResOve,0.163,0,0.163,752,24,0.0,5,0.391,0.1549999999999998,0.5
740,feature_0 > -0.084 AND feature_0 > 0.889 AND feature_1 > 0.172 AND feature_0 > 1.314 AND feature_1 <= 0.969 AND feature_0 > 1.553 AND feature_0 > 1.864 AND feature_2 <= -0.157,"{'feature_0': (1.864, 3.845), 'feature_1': (0.172, 0.969), 'feature_2': (-3.74, -0.157)}",3,2.774,8,[Pretrained] CF,"[354, 614, 694, 724, 725, 733, 739]",3.192,3.185,ResOve,[Pretrained] CF ResOve,0.163,0,0.163,752,23,0.0,5,0.41800000000000015,0.007000000000000117,0.5
738,feature_0 > -0.084 AND feature_0 > 0.889 AND feature_1 > 0.172 AND feature_0 > 1.314 AND feature_1 <= 0.969 AND feature_0 > 1.553 AND feature_0 <= 1.864 AND feature_1 > 0.532,"{'feature_0': (1.553, 1.864), 'feature_1': (0.532, 0.969)}",2,2.662,8,[Pretrained] CF,"[354, 614, 694, 724, 725, 733, 734]",2.775,2.78,ResOve,[Pretrained] CF ResOve,0.163,0,0.163,752,22,0.0,5,0.11299999999999999,0.004999999999999893,0.5
715,feature_0 > -0.084 AND feature_0 > 0.889 AND feature_1 > 0.172 AND feature_0 <= 1.314 AND feature_1 > 1.109,"{'feature_0': (0.889, 1.314), 'feature_1': (1.109, 3.852)}",2,2.659,5,[Pretrained] CF,"[354, 614, 694, 695]",2.849,2.858,ResOve,[Pretrained] CF ResOve,0.163,0,0.163,752,54,0.0,5,0.1900000000000004,0.008999999999999897,0.5
747,feature_0 > -0.084 AND feature_0 > 0.889 AND feature_1 > 0.172 AND feature_0 > 1.314 AND feature_1 > 0.969 AND feature_2 <= -0.016,"{'feature_0': (1.314, 3.845), 'feature_1': (0.969, 3.852), 'feature_2': (-3.74, -0.016)}",3,2.952,6,[Pretrained] CF,"[354, 614, 694, 724, 746]",3.343,3.188,NoOve,[Pretrained] CF NoOve,0.025,0,0.025,752,24,0.0,5,0.391,0.1549999999999998,0.5
750,feature_0 > -0.084 AND feature_0 > 0.889 AND feature_1 > 0.172 AND feature_0 > 1.314 AND feature_1 > 0.969 AND feature_2 > -0.016,"{'feature_0': (1.314, 3.845), 'feature_1': (0.969, 3.852), 'feature_2': (-0.016, 4.02)}",3,2.816,6,[Pretrained] CF,"[354, 614, 694, 724, 746]",3.502,3.556,NoOve,[Pretrained] CF NoOve,0.025,0,0.025,752,27,0.0,5,0.6859999999999999,0.05400000000000027,0.5
733,feature_0 > -0.084 AND feature_0 > 0.889 AND feature_1 > 0.172 AND feature_0 > 1.314 AND feature_1 <= 0.969 AND feature_0 > 1.553,"{'feature_0': (1.553, 3.845), 'feature_1': (0.172, 0.969)}",2,2.673,6,[Pretrained] CF,"[354, 614, 694, 724, 725]",2.984,2.998,NoOve,[Pretrained] CF NoOve,0.025,0,0.025,752,85,0.0,5,0.31099999999999994,0.014000000000000234,0.5
717,feature_0 > -0.084 AND feature_0 > 0.889 AND feature_1 > 0.172 AND feature_0 <= 1.314 AND feature_1 > 1.109 AND feature_2 > -0.56,"{'feature_0': (0.889, 1.314), 'feature_1': (1.109, 3.852), 'feature_2': (-0.56, 4.02)}",3,2.593,6,[Pretrained] CF,"[354, 614, 694, 695, 715]",2.851,2.871,NoOve,[Pretrained] CF NoOve,0.025,0,0.025,752,39,0.0,5,0.258,0.020000000000000018,0.5
687,feature_0 > -0.084 AND feature_0 > 0.889 AND feature_1 <= 0.172 AND feature_0 > 1.535 AND feature_0 > 1.86 AND feature_0 > 2.109,"{'feature_0': (2.109, 3.845), 'feature_1': (-3.98, 0.172)}",2,2.464,6,[Pretrained] CF,"[354, 614, 615, 667, 681]",2.946,2.963,NoOve,[Pretrained] CF NoOve,0.025,0,0.025,752,46,0.0,5,0.4820000000000002,0.016999999999999904,0.5
747,feature_0 > -0.084 AND feature_0 > 0.889 AND feature_1 > 0.172 AND feature_0 > 1.314 AND feature_1 > 0.969 AND feature_2 <= -0.016,"{'feature_0': (1.314, 3.845), 'feature_1': (0.969, 3.852), 'feature_2': (-3.74, -0.016)}",3,2.952,6,[Pretrained] CF,"[354, 614, 694, 724, 746]",3.343,3.27,OptRes,[Pretrained] CF OptRes,0.006,0,0.006,752,31,0.04240506329113924,5,0.391,0.07299999999999995,0.5
750,feature_0 > -0.084 AND feature_0 > 0.889 AND feature_1 > 0.172 AND feature_0 > 1.314 AND feature_1 > 0.969 AND feature_2 > -0.016,"{'feature_0': (1.314, 3.845), 'feature_1': (0.969, 3.852), 'feature_2': (-0.016, 4.02)}",3,2.816,6,[Pretrained] CF,"[354, 614, 694, 724, 746]",3.502,3.426,OptRes,[Pretrained] CF OptRes,0.006,0,0.006,752,27,0.04050632911392405,5,0.6859999999999999,0.07599999999999962,0.5
739,feature_0 > -0.084 AND feature_0 > 0.889 AND feature_1 > 0.172 AND feature_0 > 1.314 AND feature_1 <= 0.969 AND feature_0 > 1.553 AND feature_0 > 1.864,"{'feature_0': (1.864, 3.845), 'feature_1': (0.172, 0.969)}",2,2.724,7,[Pretrained] CF,"[354, 614, 694, 724, 725, 733]",3.199,3.156,OptRes,[Pretrained] CF OptRes,0.006,0,0.006,752,41,0.18897628118471183,5,0.47499999999999964,0.042999999999999705,0.5
724,feature_0 > -0.084 AND feature_0 > 0.889 AND feature_1 > 0.172 AND feature_0 > 1.314,"{'feature_0': (1.314, 3.845), 'feature_1': (0.172, 3.852)}",2,2.694,4,[Pretrained] CF,"[354, 614, 694]",3.001,2.985,OptRes,[Pretrained] CF OptRes,0.006,0,0.006,752,164,0.18037974683544306,5,0.30699999999999994,0.016000000000000014,0.5
743,feature_0 > -0.084 AND feature_0 > 0.889 AND feature_1 > 0.172 AND feature_0 > 1.314 AND feature_1 <= 0.969 AND feature_0 > 1.553 AND feature_0 > 1.864 AND feature_2 > -0.157,"{'feature_0': (1.864, 3.845), 'feature_1': (0.172, 0.969), 'feature_2': (-0.157, 4.02)}",3,2.675,8,[Pretrained] CF,"[354, 614, 694, 724, 725, 733, 739]",3.207,3.155,OptRes,[Pretrained] CF OptRes,0.006,0,0.006,752,24,0.15606488877964853,5,0.532,0.052000000000000046,0.5
750,feature_0 > -0.084 AND feature_0 > 0.889 AND feature_1 > 0.172 AND feature_0 > 1.314 AND feature_1 > 0.969 AND feature_2 > -0.016,"{'feature_0': (1.314, 3.845), 'feature_1': (0.969, 3.852), 'feature_2': (-0.016, 4.02)}",3,2.816,6,[Pretrained] CF,"[354, 614, 694, 724, 746]",3.502,3.426,ResOve,[Pretrained] CF ResOve,0.122,0,0.122,752,27,0.12213740458015267,5,0.6859999999999999,0.07599999999999962,0.5
747,feature_0 > -0.084 AND feature_0 > 0.889 AND feature_1 > 0.172 AND feature_0 > 1.314 AND feature_1 > 0.969 AND feature_2 <= -0.016,"{'feature_0': (1.314, 3.845), 'feature_1': (0.969, 3.852), 'feature_2': (-3.74, -0.016)}",3,2.952,6,[Pretrained] CF,"[354, 614, 694, 724, 746]",3.343,3.27,ResOve,[Pretrained] CF ResOve,0.122,0,0.122,752,31,0.12786259541984732,5,0.391,0.07299999999999995,0.5
746,feature_0 > -0.084 AND feature_0 > 0.889 AND feature_1 > 0.172 AND feature_0 > 1.314 AND feature_1 > 0.969,"{'feature_0': (1.314, 3.845), 'feature_1': (0.969, 3.852)}",2,2.886,5,[Pretrained] CF,"[354, 614, 694, 724]",3.421,3.343,ResOve,[Pretrained] CF ResOve,0.122,0,0.122,752,58,0.25,5,0.5349999999999997,0.07799999999999985,0.5
739,feature_0 > -0.084 AND feature_0 > 0.889 AND feature_1 > 0.172 AND feature_0 > 1.314 AND feature_1 <= 0.969 AND feature_0 > 1.553 AND feature_0 > 1.864,"{'feature_0': (1.864, 3.845), 'feature_1': (0.172, 0.969)}",2,2.724,7,[Pretrained] CF,"[354, 614, 694, 724, 725, 733]",3.199,3.156,ResOve,[Pretrained] CF ResOve,0.122,0,0.122,752,41,0.0,5,0.47499999999999964,0.042999999999999705,0.5
717,feature_0 > -0.084 AND feature_0 > 0.889 AND feature_1 > 0.172 AND feature_0 <= 1.314 AND feature_1 > 1.109 AND feature_2 > -0.56,"{'feature_0': (0.889, 1.314), 'feature_1': (1.109, 3.852), 'feature_2': (-0.56, 4.02)}",3,2.593,6,[Pretrained] CF,"[354, 614, 694, 695, 715]",2.851,2.849,ResOve,[Pretrained] CF ResOve,0.122,0,0.122,752,36,0.0,5,0.258,0.0019999999999997797,0.5
747,feature_0 > -0.084 AND feature_0 > 0.889 AND feature_1 > 0.172 AND feature_0 > 1.314 AND feature_1 > 0.969 AND feature_2 <= -0.016,"{'feature_0': (1.314, 3.845), 'feature_1': (0.969, 3.852), 'feature_2': (-3.74, -0.016)}",3,2.952,6,[Pretrained] CF,"[354, 614, 694, 724, 746]",3.343,3.27,NoOve,[Pretrained] CF NoOve,0.029,0,0.029,752,31,0.0,5,0.391,0.07299999999999995,0.5
750,feature_0 > -0.084 AND feature_0 > 0.889 AND feature_1 > 0.172 AND feature_0 > 1.314 AND feature_1 > 0.969 AND feature_2 > -0.016,"{'feature_0': (1.314, 3.845), 'feature_1': (0.969, 3.852), 'feature_2': (-0.016, 4.02)}",3,2.816,6,[Pretrained] CF,"[354, 614, 694, 724, 746]",3.502,3.426,NoOve,[Pretrained] CF NoOve,0.029,0,0.029,752,27,0.0,5,0.6859999999999999,0.07599999999999962,0.5
733,feature_0 > -0.084 AND feature_0 > 0.889 AND feature_1 > 0.172 AND feature_0 > 1.314 AND feature_1 <= 0.969 AND feature_0 > 1.553,"{'feature_0': (1.553, 3.845), 'feature_1': (0.172, 0.969)}",2,2.673,6,[Pretrained] CF,"[354, 614, 694, 724, 725]",2.984,2.933,NoOve,[Pretrained] CF NoOve,0.029,0,0.029,752,74,0.0,5,0.31099999999999994,0.051000000000000156,0.5
717,feature_0 > -0.084 AND feature_0 > 0.889 AND feature_1 > 0.172 AND feature_0 <= 1.314 AND feature_1 > 1.109 AND feature_2 > -0.56,"{'feature_0': (0.889, 1.314), 'feature_1': (1.109, 3.852), 'feature_2': (-0.56, 4.02)}",3,2.593,6,[Pretrained] CF,"[354, 614, 694, 695, 715]",2.851,2.849,NoOve,[Pretrained] CF NoOve,0.029,0,0.029,752,36,0.0,5,0.258,0.0019999999999997797,0.5
687,feature_0 > -0.084 AND feature_0 > 0.889 AND feature_1 <= 0.172 AND feature_0 > 1.535 AND feature_0 > 1.86 AND feature_0 > 2.109,"{'feature_0': (2.109, 3.845), 'feature_1': (-3.98, 0.172)}",2,2.464,6,[Pretrained] CF,"[354, 614, 615, 667, 681]",2.946,2.887,NoOve,[Pretrained] CF NoOve,0.029,0,0.029,752,46,0.0,5,0.4820000000000002,0.05900000000000016,0.5
747,feature_0 > -0.084 AND feature_0 > 0.889 AND feature_1 > 0.172 AND feature_0 > 1.314 AND feature_1 > 0.969 AND feature_2 <= -0.016,"{'feature_0': (1.314, 3.845), 'feature_1': (0.969, 3.852), 'feature_2': (-3.74, -0.016)}",3,2.952,6,[Pretrained] CF,"[354, 614, 694, 724, 746]",3.343,3.429,OptRes,[Pretrained] CF OptRes,0.006,0,0.006,752,21,0.04240506329113924,5,0.391,0.08599999999999985,0.5
750,feature_0 > -0.084 AND feature_0 > 0.889 AND feature_1 > 0.172 AND feature_0 > 1.314 AND feature_1 > 0.969 AND feature_2 > -0.016,"{'feature_0': (1.314, 3.845), 'feature_1': (0.969, 3.852), 'feature_2': (-0.016, 4.02)}",3,2.816,6,[Pretrained] CF,"[354, 614, 694, 724, 746]",3.502,3.556,OptRes,[Pretrained] CF OptRes,0.006,0,0.006,752,26,0.04050632911392405,5,0.6859999999999999,0.05400000000000027,0.5
740,feature_0 > -0.084 AND feature_0 > 0.889 AND feature_1 > 0.172 AND feature_0 > 1.314 AND feature_1 <= 0.969 AND feature_0 > 1.553 AND feature_0 > 1.864 AND feature_2 <= -0.157,"{'feature_0': (1.864, 3.845), 'feature_1': (0.172, 0.969), 'feature_2': (-3.74, -0.157)}",3,2.774,8,[Pretrained] CF,"[354, 614, 694, 724, 725, 733, 739]",3.192,3.211,OptRes,[Pretrained] CF OptRes,0.006,0,0.006,752,23,0.03291139240506329,5,0.41800000000000015,0.018999999999999684,0.5
724,feature_0 > -0.084 AND feature_0 > 0.889 AND feature_1 > 0.172 AND feature_0 > 1.314,"{'feature_0': (1.314, 3.845), 'feature_1': (0.172, 3.852)}",2,2.694,4,[Pretrained] CF,"[354, 614, 694]",3.001,2.976,OptRes,[Pretrained] CF OptRes,0.006,0,0.006,752,173,0.14810126582278482,5,0.30699999999999994,0.02499999999999991,0.5
743,feature_0 > -0.084 AND feature_0 > 0.889 AND feature_1 > 0.172 AND feature_0 > 1.314 AND feature_1 <= 0.969 AND feature_0 > 1.553 AND feature_0 > 1.864 AND feature_2 > -0.157,"{'feature_0': (1.864, 3.845), 'feature_1': (0.172, 0.969), 'feature_2': (-0.157, 4.02)}",3,2.675,8,[Pretrained] CF,"[354, 614, 694, 724, 725, 733, 739]",3.207,3.103,OptRes,[Pretrained] CF OptRes,0.006,0,0.006,752,26,0.032278481012658226,5,0.532,0.10399999999999965,0.5
750,feature_0 > -0.084 AND feature_0 > 0.889 AND feature_1 > 0.172 AND feature_0 > 1.314 AND feature_1 > 0.969 AND feature_2 > -0.016,"{'feature_0': (1.314, 3.845), 'feature_1': (0.969, 3.852), 'feature_2': (-0.016, 4.02)}",3,2.816,6,[Pretrained] CF,"[354, 614, 694, 724, 746]",3.502,3.556,ResOve,[Pretrained] CF ResOve,0.137,0,0.137,752,26,0.0,5,0.6859999999999999,0.05400000000000027,0.5
747,feature_0 > -0.084 AND feature_0 > 0.889 AND feature_1 > 0.172 AND feature_0 > 1.314 AND feature_1 > 0.969 AND feature_2 <= -0.016,"{'feature_0': (1.314, 3.845), 'feature_1': (0.969, 3.852), 'feature_2': (-3.74, -0.016)}",3,2.952,6,[Pretrained] CF,"[354, 614, 694, 724, 746]",3.343,3.429,ResOve,[Pretrained] CF ResOve,0.137,0,0.137,752,21,0.0,5,0.391,0.08599999999999985,0.5
740,feature_0 > -0.084 AND feature_0 > 0.889 AND feature_1 > 0.172 AND feature_0 > 1.314 AND feature_1 <= 0.969 AND feature_0 > 1.553 AND feature_0 > 1.864 AND feature_2 <= -0.157,"{'feature_0': (1.864, 3.845), 'feature_1': (0.172, 0.969), 'feature_2': (-3.74, -0.157)}",3,2.774,8,[Pretrained] CF,"[354, 614, 694, 724, 725, 733, 739]",3.192,3.211,ResOve,[Pretrained] CF ResOve,0.137,0,0.137,752,23,0.0,5,0.41800000000000015,0.018999999999999684,0.5
734,feature_0 > -0.084 AND feature_0 > 0.889 AND feature_1 > 0.172 AND feature_0 > 1.314 AND feature_1 <= 0.969 AND feature_0 > 1.553 AND feature_0 <= 1.864,"{'feature_0': (1.553, 1.864), 'feature_1': (0.172, 0.969)}",2,2.598,7,[Pretrained] CF,"[354, 614, 694, 724, 725, 733]",2.676,2.688,ResOve,[Pretrained] CF ResOve,0.137,0,0.137,752,32,0.0,5,0.07800000000000029,0.01200000000000001,0.5
721,feature_0 > -0.084 AND feature_0 > 0.889 AND feature_1 > 0.172 AND feature_0 <= 1.314 AND feature_1 > 1.109 AND feature_2 > -0.56 AND feature_1 > 1.465,"{'feature_0': (0.889, 1.314), 'feature_1': (1.465, 3.852), 'feature_2': (-0.56, 4.02)}",3,2.672,7,[Pretrained] CF,"[354, 614, 694, 695, 715, 717]",3.129,3.106,ResOve,[Pretrained] CF ResOve,0.137,0,0.137,752,22,0.0,5,0.45699999999999985,0.02300000000000013,0.5
747,feature_0 > -0.084 AND feature_0 > 0.889 AND feature_1 > 0.172 AND feature_0 > 1.314 AND feature_1 > 0.969 AND feature_2 <= -0.016,"{'feature_0': (1.314, 3.845), 'feature_1': (0.969, 3.852), 'feature_2': (-3.74, -0.016)}",3,2.952,6,[Pretrained] CF,"[354, 614, 694, 724, 746]",3.343,3.429,NoOve,[Pretrained] CF NoOve,0.035,0,0.035,752,21,0.0,5,0.391,0.08599999999999985,0.5
750,feature_0 > -0.084 AND feature_0 > 0.889 AND feature_1 > 0.172 AND feature_0 > 1.314 AND feature_1 > 0.969 AND feature_2 > -0.016,"{'feature_0': (1.314, 3.845), 'feature_1': (0.969, 3.852), 'feature_2': (-0.016, 4.02)}",3,2.816,6,[Pretrained] CF,"[354, 614, 694, 724, 746]",3.502,3.556,NoOve,[Pretrained] CF NoOve,0.035,0,0.035,752,26,0.0,5,0.6859999999999999,0.05400000000000027,0.5
733,feature_0 > -0.084 AND feature_0 > 0.889 AND feature_1 > 0.172 AND feature_0 > 1.314 AND feature_1 <= 0.969 AND feature_0 > 1.553,"{'feature_0': (1.553, 3.845), 'feature_1': (0.172, 0.969)}",2,2.673,6,[Pretrained] CF,"[354, 614, 694, 724, 725]",2.984,2.97,NoOve,[Pretrained] CF NoOve,0.035,0,0.035,752,81,0.0,5,0.31099999999999994,0.01399999999999979,0.5
717,feature_0 > -0.084 AND feature_0 > 0.889 AND feature_1 > 0.172 AND feature_0 <= 1.314 AND feature_1 > 1.109 AND feature_2 > -0.56,"{'feature_0': (0.889, 1.314), 'feature_1': (1.109, 3.852), 'feature_2': (-0.56, 4.02)}",3,2.593,6,[Pretrained] CF,"[354, 614, 694, 695, 715]",2.851,2.84,NoOve,[Pretrained] CF NoOve,0.035,0,0.035,752,50,0.0,5,0.258,0.01100000000000012,0.5
687,feature_0 > -0.084 AND feature_0 > 0.889 AND feature_1 <= 0.172 AND feature_0 > 1.535 AND feature_0 > 1.86 AND feature_0 > 2.109,"{'feature_0': (2.109, 3.845), 'feature_1': (-3.98, 0.172)}",2,2.464,6,[Pretrained] CF,"[354, 614, 615, 667, 681]",2.946,2.867,NoOve,[Pretrained] CF NoOve,0.035,0,0.035,752,47,0.0,5,0.4820000000000002,0.07900000000000018,0.5
749,feature_0 > -0.084 AND feature_0 > 0.889 AND feature_1 > 0.172 AND feature_0 > 1.314 AND feature_1 > 0.969 AND feature_2 <= -0.016 AND feature_1 > 1.305,"{'feature_0': (1.314, 3.845), 'feature_1': (1.305, 3.852), 'feature_2': (-3.74, -0.016)}",3,3.013,7,[Pretrained] CF,"[354, 614, 694, 724, 746, 747]",3.605,3.663,OptRes,[Pretrained] CF OptRes,0.003,0,0.003,752,21,0.06679389312977099,5,0.5920000000000001,0.05799999999999983,0.5
746,feature_0 > -0.084 AND feature_0 > 0.889 AND feature_1 > 0.172 AND feature_0 > 1.314 AND feature_1 > 0.969,"{'feature_0': (1.314, 3.845), 'feature_1': (0.969, 3.852)}",2,2.886,5,[Pretrained] CF,"[354, 614, 694, 724]",3.421,3.383,OptRes,[Pretrained] CF OptRes,0.003,0,0.003,752,76,0.25,5,0.5349999999999997,0.03799999999999981,0.5
748,feature_0 > -0.084 AND feature_0 > 0.889 AND feature_1 > 0.172 AND feature_0 > 1.314 AND feature_1 > 0.969 AND feature_2 <= -0.016 AND feature_1 <= 1.305,"{'feature_0': (1.314, 3.845), 'feature_1': (0.969, 1.305), 'feature_2': (-3.74, -0.016)}",3,2.886,7,[Pretrained] CF,"[354, 614, 694, 724, 746, 747]",3.056,2.99,OptRes,[Pretrained] CF OptRes,0.003,0,0.003,752,21,0.061068702290076333,5,0.16999999999999993,0.06599999999999984,0.5
716,feature_0 > -0.084 AND feature_0 > 0.889 AND feature_1 > 0.172 AND feature_0 <= 1.314 AND feature_1 > 1.109 AND feature_2 <= -0.56,"{'feature_0': (0.889, 1.314), 'feature_1': (1.109, 3.852), 'feature_2': (-3.74, -0.56)}",3,2.817,6,[Pretrained] CF,"[354, 614, 694, 695, 715]",2.844,2.825,OptRes,[Pretrained] CF OptRes,0.003,0,0.003,752,22,0.0,5,0.02699999999999969,0.018999999999999684,0.5
750,feature_0 > -0.084 AND feature_0 > 0.889 AND feature_1 > 0.172 AND feature_0 > 1.314 AND feature_1 > 0.969 AND feature_2 > -0.016,"{'feature_0': (1.314, 3.845), 'feature_1': (0.969, 3.852), 'feature_2': (-0.016, 4.02)}",3,2.816,6,[Pretrained] CF,"[354, 614, 694, 724, 746]",3.502,3.453,OptRes,[Pretrained] CF OptRes,0.003,0,0.003,752,34,0.12213740458015267,5,0.6859999999999999,0.04899999999999993,0.5
750,feature_0 > -0.084 AND feature_0 > 0.889 AND feature_1 > 0.172 AND feature_0 > 1.314 AND feature_1 > 0.969 AND feature_2 > -0.016,"{'feature_0': (1.314, 3.845), 'feature_1': (0.969, 3.852), 'feature_2': (-0.016, 4.02)}",3,2.816,6,[Pretrained] CF,"[354, 614, 694, 724, 746]",3.502,3.453,ResOve,[Pretrained] CF ResOve,0.085,0,0.085,752,34,0.0,5,0.6859999999999999,0.04899999999999993,0.5
749,feature_0 > -0.084 AND feature_0 > 0.889 AND feature_1 > 0.172 AND feature_0 > 1.314 AND feature_1 > 0.969 AND feature_2 <= -0.016 AND feature_1 > 1.305,"{'feature_0': (1.314, 3.845), 'feature_1': (1.305, 3.852), 'feature_2': (-3.74, -0.016)}",3,3.013,7,[Pretrained] CF,"[354, 614, 694, 724, 746, 747]",3.605,3.663,ResOve,[Pretrained] CF ResOve,0.085,0,0.085,752,21,0.0,5,0.5920000000000001,0.05799999999999983,0.5
748,feature_0 > -0.084 AND feature_0 > 0.889 AND feature_1 > 0.172 AND feature_0 > 1.314 AND feature_1 > 0.969 AND feature_2 <= -0.016 AND feature_1 <= 1.305,"{'feature_0': (1.314, 3.845), 'feature_1': (0.969, 1.305), 'feature_2': (-3.74, -0.016)}",3,2.886,7,[Pretrained] CF,"[354, 614, 694, 724, 746, 747]",3.056,2.99,ResOve,[Pretrained] CF ResOve,0.085,0,0.085,752,21,0.0,5,0.16999999999999993,0.06599999999999984,0.5
716,feature_0 > -0.084 AND feature_0 > 0.889 AND feature_1 > 0.172 AND feature_0 <= 1.314 AND feature_1 > 1.109 AND feature_2 <= -0.56,"{'feature_0': (0.889, 1.314), 'feature_1': (1.109, 3.852), 'feature_2': (-3.74, -0.56)}",3,2.817,6,[Pretrained] CF,"[354, 614, 694, 695, 715]",2.844,2.825,ResOve,[Pretrained] CF ResOve,0.085,0,0.085,752,22,0.0,5,0.02699999999999969,0.018999999999999684,0.5
743,feature_0 > -0.084 AND feature_0 > 0.889 AND feature_1 > 0.172 AND feature_0 > 1.314 AND feature_1 <= 0.969 AND feature_0 > 1.553 AND feature_0 > 1.864 AND feature_2 > -0.157,"{'feature_0': (1.864, 3.845), 'feature_1': (0.172, 0.969), 'feature_2': (-0.157, 4.02)}",3,2.675,8,[Pretrained] CF,"[354, 614, 694, 724, 725, 733, 739]",3.207,3.162,ResOve,[Pretrained] CF ResOve,0.085,0,0.085,752,29,0.0,5,0.532,0.04499999999999993,0.5
747,feature_0 > -0.084 AND feature_0 > 0.889 AND feature_1 > 0.172 AND feature_0 > 1.314 AND feature_1 > 0.969 AND feature_2 <= -0.016,"{'feature_0': (1.314, 3.845), 'feature_1': (0.969, 3.852), 'feature_2': (-3.74, -0.016)}",3,2.952,6,[Pretrained] CF,"[354, 614, 694, 724, 746]",3.343,3.327,NoOve,[Pretrained] CF NoOve,0.019,0,0.019,752,42,0.0,5,0.391,0.016000000000000014,0.5
716,feature_0 > -0.084 AND feature_0 > 0.889 AND feature_1 > 0.172 AND feature_0 <= 1.314 AND feature_1 > 1.109 AND feature_2 <= -0.56,"{'feature_0': (0.889, 1.314), 'feature_1': (1.109, 3.852), 'feature_2': (-3.74, -0.56)}",3,2.817,6,[Pretrained] CF,"[354, 614, 694, 695, 715]",2.844,2.825,NoOve,[Pretrained] CF NoOve,0.019,0,0.019,752,22,0.0,5,0.02699999999999969,0.018999999999999684,0.5
750,feature_0 > -0.084 AND feature_0 > 0.889 AND feature_1 > 0.172 AND feature_0 > 1.314 AND feature_1 > 0.969 AND feature_2 > -0.016,"{'feature_0': (1.314, 3.845), 'feature_1': (0.969, 3.852), 'feature_2': (-0.016, 4.02)}",3,2.816,6,[Pretrained] CF,"[354, 614, 694, 724, 746]",3.502,3.453,NoOve,[Pretrained] CF NoOve,0.019,0,0.019,752,34,0.0,5,0.6859999999999999,0.04899999999999993,0.5
733,feature_0 > -0.084 AND feature_0 > 0.889 AND feature_1 > 0.172 AND feature_0 > 1.314 AND feature_1 <= 0.969 AND feature_0 > 1.553,"{'feature_0': (1.553, 3.845), 'feature_1': (0.172, 0.969)}",2,2.673,6,[Pretrained] CF,"[354, 614, 694, 724, 725]",2.984,2.947,NoOve,[Pretrained] CF NoOve,0.019,0,0.019,752,101,0.0,5,0.31099999999999994,0.03699999999999992,0.5
717,feature_0 > -0.084 AND feature_0 > 0.889 AND feature_1 > 0.172 AND feature_0 <= 1.314 AND feature_1 > 1.109 AND feature_2 > -0.56,"{'feature_0': (0.889, 1.314), 'feature_1': (1.109, 3.852), 'feature_2': (-0.56, 4.02)}",3,2.593,6,[Pretrained] CF,"[354, 614, 694, 695, 715]",2.851,2.824,NoOve,[Pretrained] CF NoOve,0.019,0,0.019,752,49,0.0,5,0.258,0.027000000000000135,0.5
747,feature_0 > -0.084 AND feature_0 > 0.889 AND feature_1 > 0.172 AND feature_0 > 1.314 AND feature_1 > 0.969 AND feature_2 <= -0.016,"{'feature_0': (1.314, 3.845), 'feature_1': (0.969, 3.852), 'feature_2': (-3.74, -0.016)}",3,2.952,6,[Pretrained] CF,"[354, 614, 694, 724, 746]",3.343,3.377,OptRes,[Pretrained] CF OptRes,0.008,0,0.008,752,22,0.04240506329113924,5,0.391,0.03399999999999981,0.5
739,feature_0 > -0.084 AND feature_0 > 0.889 AND feature_1 > 0.172 AND feature_0 > 1.314 AND feature_1 <= 0.969 AND feature_0 > 1.553 AND feature_0 > 1.864,"{'feature_0': (1.864, 3.845), 'feature_1': (0.172, 0.969)}",2,2.724,7,[Pretrained] CF,"[354, 614, 694, 724, 725, 733]",3.199,3.154,OptRes,[Pretrained] CF OptRes,0.008,0,0.008,752,32,0.06518987341772152,5,0.47499999999999964,0.04499999999999993,0.5
724,feature_0 > -0.084 AND feature_0 > 0.889 AND feature_1 > 0.172 AND feature_0 > 1.314,"{'feature_0': (1.314, 3.845), 'feature_1': (0.172, 3.852)}",2,2.694,4,[Pretrained] CF,"[354, 614, 694]",3.001,2.981,OptRes,[Pretrained] CF OptRes,0.008,0,0.008,752,124,0.1531645569620253,5,0.30699999999999994,0.020000000000000018,0.5
715,feature_0 > -0.084 AND feature_0 > 0.889 AND feature_1 > 0.172 AND feature_0 <= 1.314 AND feature_1 > 1.109,"{'feature_0': (0.889, 1.314), 'feature_1': (1.109, 3.852)}",2,2.659,5,[Pretrained] CF,"[354, 614, 694, 695]",2.849,2.799,OptRes,[Pretrained] CF OptRes,0.008,0,0.008,752,36,0.0,5,0.1900000000000004,0.050000000000000266,0.5
734,feature_0 > -0.084 AND feature_0 > 0.889 AND feature_1 > 0.172 AND feature_0 > 1.314 AND feature_1 <= 0.969 AND feature_0 > 1.553 AND feature_0 <= 1.864,"{'feature_0': (1.553, 1.864), 'feature_1': (0.172, 0.969)}",2,2.598,7,[Pretrained] CF,"[354, 614, 694, 724, 725, 733]",2.676,2.677,OptRes,[Pretrained] CF OptRes,0.008,0,0.008,752,23,0.04556962025316456,5,0.07800000000000029,0.0009999999999998899,0.5
747,feature_0 > -0.084 AND feature_0 > 0.889 AND feature_1 > 0.172 AND feature_0 > 1.314 AND feature_1 > 0.969 AND feature_2 <= -0.016,"{'feature_0': (1.314, 3.845), 'feature_1': (0.969, 3.852), 'feature_2': (-3.74, -0.016)}",3,2.952,6,[Pretrained] CF,"[354, 614, 694, 724, 746]",3.343,3.377,ResOve,[Pretrained] CF ResOve,0.133,0,0.133,752,22,0.12786259541984732,5,0.391,0.03399999999999981,0.5
746,feature_0 > -0.084 AND feature_0 > 0.889 AND feature_1 > 0.172 AND feature_0 > 1.314 AND feature_1 > 0.969,"{'feature_0': (1.314, 3.845), 'feature_1': (0.969, 3.852)}",2,2.886,5,[Pretrained] CF,"[354, 614, 694, 724]",3.421,3.445,ResOve,[Pretrained] CF ResOve,0.133,0,0.133,752,40,0.12786259541984732,5,0.5349999999999997,0.02400000000000002,0.5
739,feature_0 > -0.084 AND feature_0 > 0.889 AND feature_1 > 0.172 AND feature_0 > 1.314 AND feature_1 <= 0.969 AND feature_0 > 1.553 AND feature_0 > 1.864,"{'feature_0': (1.864, 3.845), 'feature_1': (0.172, 0.969)}",2,2.724,7,[Pretrained] CF,"[354, 614, 694, 724, 725, 733]",3.199,3.154,ResOve,[Pretrained] CF ResOve,0.133,0,0.133,752,32,0.0,5,0.47499999999999964,0.04499999999999993,0.5
715,feature_0 > -0.084 AND feature_0 > 0.889 AND feature_1 > 0.172 AND feature_0 <= 1.314 AND feature_1 > 1.109,"{'feature_0': (0.889, 1.314), 'feature_1': (1.109, 3.852)}",2,2.659,5,[Pretrained] CF,"[354, 614, 694, 695]",2.849,2.799,ResOve,[Pretrained] CF ResOve,0.133,0,0.133,752,36,0.0,5,0.1900000000000004,0.050000000000000266,0.5
734,feature_0 > -0.084 AND feature_0 > 0.889 AND feature_1 > 0.172 AND feature_0 > 1.314 AND feature_1 <= 0.969 AND feature_0 > 1.553 AND feature_0 <= 1.864,"{'feature_0': (1.553, 1.864), 'feature_1': (0.172, 0.969)}",2,2.598,7,[Pretrained] CF,"[354, 614, 694, 724, 725, 733]",2.676,2.677,ResOve,[Pretrained] CF ResOve,0.133,0,0.133,752,23,0.0,5,0.07800000000000029,0.0009999999999998899,0.5
747,feature_0 > -0.084 AND feature_0 > 0.889 AND feature_1 > 0.172 AND feature_0 > 1.314 AND feature_1 > 0.969 AND feature_2 <= -0.016,"{'feature_0': (1.314, 3.845), 'feature_1': (0.969, 3.852), 'feature_2': (-3.74, -0.016)}",3,2.952,6,[Pretrained] CF,"[354, 614, 694, 724, 746]",3.343,3.377,NoOve,[Pretrained] CF NoOve,0.046,0,0.046,752,22,0.0,5,0.391,0.03399999999999981,0.5
733,feature_0 > -0.084 AND feature_0 > 0.889 AND feature_1 > 0.172 AND feature_0 > 1.314 AND feature_1 <= 0.969 AND feature_0 > 1.553,"{'feature_0': (1.553, 3.845), 'feature_1': (0.172, 0.969)}",2,2.673,6,[Pretrained] CF,"[354, 614, 694, 724, 725]",2.984,2.955,NoOve,[Pretrained] CF NoOve,0.046,0,0.046,752,55,0.0,5,0.31099999999999994,0.028999999999999915,0.5
717,feature_0 > -0.084 AND feature_0 > 0.889 AND feature_1 > 0.172 AND feature_0 <= 1.314 AND feature_1 > 1.109 AND feature_2 > -0.56,"{'feature_0': (0.889, 1.314), 'feature_1': (1.109, 3.852), 'feature_2': (-0.56, 4.02)}",3,2.593,6,[Pretrained] CF,"[354, 614, 694, 695, 715]",2.851,2.781,NoOve,[Pretrained] CF NoOve,0.046,0,0.046,752,24,0.0,5,0.258,0.06999999999999984,0.5
687,feature_0 > -0.084 AND feature_0 > 0.889 AND feature_1 <= 0.172 AND feature_0 > 1.535 AND feature_0 > 1.86 AND feature_0 > 2.109,"{'feature_0': (2.109, 3.845), 'feature_1': (-3.98, 0.172)}",2,2.464,6,[Pretrained] CF,"[354, 614, 615, 667, 681]",2.946,3.079,NoOve,[Pretrained] CF NoOve,0.046,0,0.046,752,27,0.0,5,0.4820000000000002,0.133,0.5
726,feature_0 > -0.084 AND feature_0 > 0.889 AND feature_1 > 0.172 AND feature_0 > 1.314 AND feature_1 <= 0.969 AND feature_0 <= 1.553,"{'feature_0': (1.314, 1.553), 'feature_1': (0.172, 0.969)}",2,2.459,6,[Pretrained] CF,"[354, 614, 694, 724, 725]",2.418,2.389,NoOve,[Pretrained] CF NoOve,0.046,0,0.046,752,29,0.0,5,0.040999999999999925,0.02900000000000036,0.5
749,feature_0 > -0.084 AND feature_0 > 0.889 AND feature_1 > 0.172 AND feature_0 > 1.314 AND feature_1 > 0.969 AND feature_2 <= -0.016 AND feature_1 > 1.305,"{'feature_0': (1.314, 3.845), 'feature_1': (1.305, 3.852), 'feature_2': (-3.74, -0.016)}",3,3.013,7,[Pretrained] CF,"[354, 614, 694, 724, 746, 747]",3.605,3.571,OptRes,[Pretrained] CF OptRes,0.003,0,0.003,752,23,0.06679389312977099,5,0.5920000000000001,0.03399999999999981,0.5
746,feature_0 > -0.084 AND feature_0 > 0.889 AND feature_1 > 0.172 AND feature_0 > 1.314 AND feature_1 > 0.969,"{'feature_0': (1.314, 3.845), 'feature_1': (0.969, 3.852)}",2,2.886,5,[Pretrained] CF,"[354, 614, 694, 724]",3.421,3.365,OptRes,[Pretrained] CF OptRes,0.003,0,0.003,752,99,0.19083969465648853,5,0.5349999999999997,0.055999999999999606,0.5
748,feature_0 > -0.084 AND feature_0 > 0.889 AND feature_1 > 0.172 AND feature_0 > 1.314 AND feature_1 > 0.969 AND feature_2 <= -0.016 AND feature_1 <= 1.305,"{'feature_0': (1.314, 3.845), 'feature_1': (0.969, 1.305), 'feature_2': (-3.74, -0.016)}",3,2.886,7,[Pretrained] CF,"[354, 614, 694, 724, 746, 747]",3.056,3.03,OptRes,[Pretrained] CF OptRes,0.003,0,0.003,752,25,0.061068702290076333,5,0.16999999999999993,0.026000000000000245,0.5
752,feature_0 > -0.084 AND feature_0 > 0.889 AND feature_1 > 0.172 AND feature_0 > 1.314 AND feature_1 > 0.969 AND feature_2 > -0.016 AND feature_1 > 1.421,"{'feature_0': (1.314, 3.845), 'feature_1': (1.421, 3.852), 'feature_2': (-0.016, 4.02)}",3,2.858,7,[Pretrained] CF,"[354, 614, 694, 724, 746, 750]",3.764,3.682,OptRes,[Pretrained] CF OptRes,0.003,0,0.003,752,25,0.06297709923664122,5,0.9059999999999997,0.08199999999999985,0.5
716,feature_0 > -0.084 AND feature_0 > 0.889 AND feature_1 > 0.172 AND feature_0 <= 1.314 AND feature_1 > 1.109 AND feature_2 <= -0.56,"{'feature_0': (0.889, 1.314), 'feature_1': (1.109, 3.852), 'feature_2': (-3.74, -0.56)}",3,2.817,6,[Pretrained] CF,"[354, 614, 694, 695, 715]",2.844,2.814,OptRes,[Pretrained] CF OptRes,0.003,0,0.003,752,25,0.0,5,0.02699999999999969,0.029999999999999805,0.5
752,feature_0 > -0.084 AND feature_0 > 0.889 AND feature_1 > 0.172 AND feature_0 > 1.314 AND feature_1 > 0.969 AND feature_2 > -0.016 AND feature_1 > 1.421,"{'feature_0': (1.314, 3.845), 'feature_1': (1.421, 3.852), 'feature_2': (-0.016, 4.02)}",3,2.858,7,[Pretrained] CF,"[354, 614, 694, 724, 746, 750]",3.764,3.682,ResOve,[Pretrained] CF ResOve,0.113,0,0.113,752,25,0.0,5,0.9059999999999997,0.08199999999999985,0.5
748,feature_0 > -0.084 AND feature_0 > 0.889 AND feature_1 > 0.172 AND feature_0 > 1.314 AND feature_1 > 0.969 AND feature_2 <= -0.016 AND feature_1 <= 1.305,"{'feature_0': (1.314, 3.845), 'feature_1': (0.969, 1.305), 'feature_2': (-3.74, -0.016)}",3,2.886,7,[Pretrained] CF,"[354, 614, 694, 724, 746, 747]",3.056,3.03,ResOve,[Pretrained] CF ResOve,0.113,0,0.113,752,25,0.0,5,0.16999999999999993,0.026000000000000245,0.5
716,feature_0 > -0.084 AND feature_0 > 0.889 AND feature_1 > 0.172 AND feature_0 <= 1.314 AND feature_1 > 1.109 AND feature_2 <= -0.56,"{'feature_0': (0.889, 1.314), 'feature_1': (1.109, 3.852), 'feature_2': (-3.74, -0.56)}",3,2.817,6,[Pretrained] CF,"[354, 614, 694, 695, 715]",2.844,2.814,ResOve,[Pretrained] CF ResOve,0.113,0,0.113,752,25,0.0,5,0.02699999999999969,0.029999999999999805,0.5
751,feature_0 > -0.084 AND feature_0 > 0.889 AND feature_1 > 0.172 AND feature_0 > 1.314 AND feature_1 > 0.969 AND feature_2 > -0.016 AND feature_1 <= 1.421,"{'feature_0': (1.314, 3.845), 'feature_1': (0.969, 1.421), 'feature_2': (-0.016, 4.02)}",3,2.769,7,[Pretrained] CF,"[354, 614, 694, 724, 746, 750]",3.223,3.199,ResOve,[Pretrained] CF ResOve,0.113,0,0.113,752,26,0.0,5,0.45399999999999974,0.02400000000000002,0.5
749,feature_0 > -0.084 AND feature_0 > 0.889 AND feature_1 > 0.172 AND feature_0 > 1.314 AND feature_1 > 0.969 AND feature_2 <= -0.016 AND feature_1 > 1.305,"{'feature_0': (1.314, 3.845), 'feature_1': (1.305, 3.852), 'feature_2': (-3.74, -0.016)}",3,3.013,7,[Pretrained] CF,"[354, 614, 694, 724, 746, 747]",3.605,3.571,ResOve,[Pretrained] CF ResOve,0.113,0,0.113,752,23,0.0,5,0.5920000000000001,0.03399999999999981,0.5
749,feature_0 > -0.084 AND feature_0 > 0.889 AND feature_1 > 0.172 AND feature_0 > 1.314 AND feature_1 > 0.969 AND feature_2 <= -0.016 AND feature_1 > 1.305,"{'feature_0': (1.314, 3.845), 'feature_1': (1.305, 3.852), 'feature_2': (-3.74, -0.016)}",3,3.013,7,[Pretrained] CF,"[354, 614, 694, 724, 746, 747]",3.605,3.571,NoOve,[Pretrained] CF NoOve,0.012,0,0.012,752,23,0.0,5,0.5920000000000001,0.03399999999999981,0.5
748,feature_0 > -0.084 AND feature_0 > 0.889 AND feature_1 > 0.172 AND feature_0 > 1.314 AND feature_1 > 0.969 AND feature_2 <= -0.016 AND feature_1 <= 1.305,"{'feature_0': (1.314, 3.845), 'feature_1': (0.969, 1.305), 'feature_2': (-3.74, -0.016)}",3,2.886,7,[Pretrained] CF,"[354, 614, 694, 724, 746, 747]",3.056,3.03,NoOve,[Pretrained] CF NoOve,0.012,0,0.012,752,25,0.0,5,0.16999999999999993,0.026000000000000245,0.5
752,feature_0 > -0.084 AND feature_0 > 0.889 AND feature_1 > 0.172 AND feature_0 > 1.314 AND feature_1 > 0.969 AND feature_2 > -0.016 AND feature_1 > 1.421,"{'feature_0': (1.314, 3.845), 'feature_1': (1.421, 3.852), 'feature_2': (-0.016, 4.02)}",3,2.858,7,[Pretrained] CF,"[354, 614, 694, 724, 746, 750]",3.764,3.682,NoOve,[Pretrained] CF NoOve,0.012,0,0.012,752,25,0.0,5,0.9059999999999997,0.08199999999999985,0.5
751,feature_0 > -0.084 AND feature_0 > 0.889 AND feature_1 > 0.172 AND feature_0 > 1.314 AND feature_1 > 0.969 AND feature_2 > -0.016 AND feature_1 <= 1.421,"{'feature_0': (1.314, 3.845), 'feature_1': (0.969, 1.421), 'feature_2': (-0.016, 4.02)}",3,2.769,7,[Pretrained] CF,"[354, 614, 694, 724, 746, 750]",3.223,3.199,NoOve,[Pretrained] CF NoOve,0.012,0,0.012,752,26,0.0,5,0.45399999999999974,0.02400000000000002,0.5
739,feature_0 > -0.084 AND feature_0 > 0.889 AND feature_1 > 0.172 AND feature_0 > 1.314 AND feature_1 <= 0.969 AND feature_0 > 1.553 AND feature_0 > 1.864,"{'feature_0': (1.864, 3.845), 'feature_1': (0.172, 0.969)}",2,2.724,7,[Pretrained] CF,"[354, 614, 694, 724, 725, 733]",3.199,3.2,NoOve,[Pretrained] CF NoOve,0.012,0,0.012,752,84,0.0,5,0.47499999999999964,0.001000000000000334,0.5
749,feature_0 > -0.084 AND feature_0 > 0.889 AND feature_1 > 0.172 AND feature_0 > 1.314 AND feature_1 > 0.969 AND feature_2 <= -0.016 AND feature_1 > 1.305,"{'feature_0': (1.314, 3.845), 'feature_1': (1.305, 3.852), 'feature_2': (-3.74, -0.016)}",3,3.013,7,[Pretrained] CF,"[354, 614, 694, 724, 746, 747]",3.605,3.629,OptRes,[Pretrained] CF OptRes,0.003,0,0.003,752,31,0.06679389312977099,5,0.5920000000000001,0.02400000000000002,0.5
746,feature_0 > -0.084 AND feature_0 > 0.889 AND feature_1 > 0.172 AND feature_0 > 1.314 AND feature_1 > 0.969,"{'feature_0': (1.314, 3.845), 'feature_1': (0.969, 3.852)}",2,2.886,5,[Pretrained] CF,"[354, 614, 694, 724]",3.421,3.416,OptRes,[Pretrained] CF OptRes,0.003,0,0.003,752,124,0.19083969465648853,5,0.5349999999999997,0.004999999999999893,0.5
748,feature_0 > -0.084 AND feature_0 > 0.889 AND feature_1 > 0.172 AND feature_0 > 1.314 AND feature_1 > 0.969 AND feature_2 <= -0.016 AND feature_1 <= 1.305,"{'feature_0': (1.314, 3.845), 'feature_1': (0.969, 1.305), 'feature_2': (-3.74, -0.016)}",3,2.886,7,[Pretrained] CF,"[354, 614, 694, 724, 746, 747]",3.056,3.018,OptRes,[Pretrained] CF OptRes,0.003,0,0.003,752,30,0.061068702290076333,5,0.16999999999999993,0.038000000000000256,0.5
752,feature_0 > -0.084 AND feature_0 > 0.889 AND feature_1 > 0.172 AND feature_0 > 1.314 AND feature_1 > 0.969 AND feature_2 > -0.016 AND feature_1 > 1.421,"{'feature_0': (1.314, 3.845), 'feature_1': (1.421, 3.852), 'feature_2': (-0.016, 4.02)}",3,2.858,7,[Pretrained] CF,"[354, 614, 694, 724, 746, 750]",3.764,3.764,OptRes,[Pretrained] CF OptRes,0.003,0,0.003,752,33,0.06297709923664122,5,0.9059999999999997,0.0,0.5
716,feature_0 > -0.084 AND feature_0 > 0.889 AND feature_1 > 0.172 AND feature_0 <= 1.314 AND feature_1 > 1.109 AND feature_2 <= -0.56,"{'feature_0': (0.889, 1.314), 'feature_1': (1.109, 3.852), 'feature_2': (-3.74, -0.56)}",3,2.817,6,[Pretrained] CF,"[354, 614, 694, 695, 715]",2.844,2.822,OptRes,[Pretrained] CF OptRes,0.003,0,0.003,752,34,0.0,5,0.02699999999999969,0.021999999999999797,0.5
752,feature_0 > -0.084 AND feature_0 > 0.889 AND feature_1 > 0.172 AND feature_0 > 1.314 AND feature_1 > 0.969 AND feature_2 > -0.016 AND feature_1 > 1.421,"{'feature_0': (1.314, 3.845), 'feature_1': (1.421, 3.852), 'feature_2': (-0.016, 4.02)}",3,2.858,7,[Pretrained] CF,"[354, 614, 694, 724, 746, 750]",3.764,3.764,ResOve,[Pretrained] CF ResOve,0.119,0,0.119,752,33,0.0,5,0.9059999999999997,0.0,0.5
749,feature_0 > -0.084 AND feature_0 > 0.889 AND feature_1 > 0.172 AND feature_0 > 1.314 AND feature_1 > 0.969 AND feature_2 <= -0.016 AND feature_1 > 1.305,"{'feature_0': (1.314, 3.845), 'feature_1': (1.305, 3.852), 'feature_2': (-3.74, -0.016)}",3,3.013,7,[Pretrained] CF,"[354, 614, 694, 724, 746, 747]",3.605,3.629,ResOve,[Pretrained] CF ResOve,0.119,0,0.119,752,31,0.0,5,0.5920000000000001,0.02400000000000002,0.5
748,feature_0 > -0.084 AND feature_0 > 0.889 AND feature_1 > 0.172 AND feature_0 > 1.314 AND feature_1 > 0.969 AND feature_2 <= -0.016 AND feature_1 <= 1.305,"{'feature_0': (1.314, 3.845), 'feature_1': (0.969, 1.305), 'feature_2': (-3.74, -0.016)}",3,2.886,7,[Pretrained] CF,"[354, 614, 694, 724, 746, 747]",3.056,3.018,ResOve,[Pretrained] CF ResOve,0.119,0,0.119,752,30,0.0,5,0.16999999999999993,0.038000000000000256,0.5
742,feature_0 > -0.084 AND feature_0 > 0.889 AND feature_1 > 0.172 AND feature_0 > 1.314 AND feature_1 <= 0.969 AND feature_0 > 1.553 AND feature_0 > 1.864 AND feature_2 <= -0.157 AND feature_1 > 0.575,"{'feature_0': (1.864, 3.845), 'feature_1': (0.575, 0.969), 'feature_2': (-3.74, -0.157)}",3,2.816,9,[Pretrained] CF,"[354, 614, 694, 724, 725, 733, 739, 740]",3.316,3.319,ResOve,[Pretrained] CF ResOve,0.119,0,0.119,752,27,0.0,5,0.5,0.0030000000000001137,0.5
716,feature_0 > -0.084 AND feature_0 > 0.889 AND feature_1 > 0.172 AND feature_0 <= 1.314 AND feature_1 > 1.109 AND feature_2 <= -0.56,"{'feature_0': (0.889, 1.314), 'feature_1': (1.109, 3.852), 'feature_2': (-3.74, -0.56)}",3,2.817,6,[Pretrained] CF,"[354, 614, 694, 695, 715]",2.844,2.822,ResOve,[Pretrained] CF ResOve,0.119,0,0.119,752,34,0.0,5,0.02699999999999969,0.021999999999999797,0.5
749,feature_0 > -0.084 AND feature_0 > 0.889 AND feature_1 > 0.172 AND feature_0 > 1.314 AND feature_1 > 0.969 AND feature_2 <= -0.016 AND feature_1 > 1.305,"{'feature_0': (1.314, 3.845), 'feature_1': (1.305, 3.852), 'feature_2': (-3.74, -0.016)}",3,3.013,7,[Pretrained] CF,"[354, 614, 694, 724, 746, 747]",3.605,3.629,NoOve,[Pretrained] CF NoOve,0.009,0,0.009,752,31,0.0,5,0.5920000000000001,0.02400000000000002,0.5
748,feature_0 > -0.084 AND feature_0 > 0.889 AND feature_1 > 0.172 AND feature_0 > 1.314 AND feature_1 > 0.969 AND feature_2 <= -0.016 AND feature_1 <= 1.305,"{'feature_0': (1.314, 3.845), 'feature_1': (0.969, 1.305), 'feature_2': (-3.74, -0.016)}",3,2.886,7,[Pretrained] CF,"[354, 614, 694, 724, 746, 747]",3.056,3.018,NoOve,[Pretrained] CF NoOve,0.009,0,0.009,752,30,0.0,5,0.16999999999999993,0.038000000000000256,0.5
752,feature_0 > -0.084 AND feature_0 > 0.889 AND feature_1 > 0.172 AND feature_0 > 1.314 AND feature_1 > 0.969 AND feature_2 > -0.016 AND feature_1 > 1.421,"{'feature_0': (1.314, 3.845), 'feature_1': (1.421, 3.852), 'feature_2': (-0.016, 4.02)}",3,2.858,7,[Pretrained] CF,"[354, 614, 694, 724, 746, 750]",3.764,3.764,NoOve,[Pretrained] CF NoOve,0.009,0,0.009,752,33,0.0,5,0.9059999999999997,0.0,0.5
751,feature_0 > -0.084 AND feature_0 > 0.889 AND feature_1 > 0.172 AND feature_0 > 1.314 AND feature_1 > 0.969 AND feature_2 > -0.016 AND feature_1 <= 1.421,"{'feature_0': (1.314, 3.845), 'feature_1': (0.969, 1.421), 'feature_2': (-0.016, 4.02)}",3,2.769,7,[Pretrained] CF,"[354, 614, 694, 724, 746, 750]",3.223,3.211,NoOve,[Pretrained] CF NoOve,0.009,0,0.009,752,30,0.0,5,0.45399999999999974,0.01200000000000001,0.5
739,feature_0 > -0.084 AND feature_0 > 0.889 AND feature_1 > 0.172 AND feature_0 > 1.314 AND feature_1 <= 0.969 AND feature_0 > 1.553 AND feature_0 > 1.864,"{'feature_0': (1.864, 3.845), 'feature_1': (0.172, 0.969)}",2,2.724,7,[Pretrained] CF,"[354, 614, 694, 724, 725, 733]",3.199,3.202,NoOve,[Pretrained] CF NoOve,0.009,0,0.009,752,100,0.0,5,0.47499999999999964,0.0030000000000001137,0.5
749,feature_0 > -0.084 AND feature_0 > 0.889 AND feature_1 > 0.172 AND feature_0 > 1.314 AND feature_1 > 0.969 AND feature_2 <= -0.016 AND feature_1 > 1.305,"{'feature_0': (1.314, 3.845), 'feature_1': (1.305, 3.852), 'feature_2': (-3.74, -0.016)}",3,3.013,7,[Pretrained] CF,"[354, 614, 694, 724, 746, 747]",3.605,3.628,OptRes,[Pretrained] CF OptRes,0.003,0,0.003,752,31,0.06679389312977099,5,0.5920000000000001,0.02300000000000013,0.5
746,feature_0 > -0.084 AND feature_0 > 0.889 AND feature_1 > 0.172 AND feature_0 > 1.314 AND feature_1 > 0.969,"{'feature_0': (1.314, 3.845), 'feature_1': (0.969, 3.852)}",2,2.886,5,[Pretrained] CF,"[354, 614, 694, 724]",3.421,3.435,OptRes,[Pretrained] CF OptRes,0.003,0,0.003,752,117,0.19083969465648853,5,0.5349999999999997,0.014000000000000234,0.5
748,feature_0 > -0.084 AND feature_0 > 0.889 AND feature_1 > 0.172 AND feature_0 > 1.314 AND feature_1 > 0.969 AND feature_2 <= -0.016 AND feature_1 <= 1.305,"{'feature_0': (1.314, 3.845), 'feature_1': (0.969, 1.305), 'feature_2': (-3.74, -0.016)}",3,2.886,7,[Pretrained] CF,"[354, 614, 694, 724, 746, 747]",3.056,3.064,OptRes,[Pretrained] CF OptRes,0.003,0,0.003,752,27,0.061068702290076333,5,0.16999999999999993,0.008000000000000007,0.5
752,feature_0 > -0.084 AND feature_0 > 0.889 AND feature_1 > 0.172 AND feature_0 > 1.314 AND feature_1 > 0.969 AND feature_2 > -0.016 AND feature_1 > 1.421,"{'feature_0': (1.314, 3.845), 'feature_1': (1.421, 3.852), 'feature_2': (-0.016, 4.02)}",3,2.858,7,[Pretrained] CF,"[354, 614, 694, 724, 746, 750]",3.764,3.801,OptRes,[Pretrained] CF OptRes,0.003,0,0.003,752,29,0.06297709923664122,5,0.9059999999999997,0.037000000000000366,0.5
716,feature_0 > -0.084 AND feature_0 > 0.889 AND feature_1 > 0.172 AND feature_0 <= 1.314 AND feature_1 > 1.109 AND feature_2 <= -0.56,"{'feature_0': (0.889, 1.314), 'feature_1': (1.109, 3.852), 'feature_2': (-3.74, -0.56)}",3,2.817,6,[Pretrained] CF,"[354, 614, 694, 695, 715]",2.844,2.86,OptRes,[Pretrained] CF OptRes,0.003,0,0.003,752,35,0.0,5,0.02699999999999969,0.016000000000000014,0.5
752,feature_0 > -0.084 AND feature_0 > 0.889 AND feature_1 > 0.172 AND feature_0 > 1.314 AND feature_1 > 0.969 AND feature_2 > -0.016 AND feature_1 > 1.421,"{'feature_0': (1.314, 3.845), 'feature_1': (1.421, 3.852), 'feature_2': (-0.016, 4.02)}",3,2.858,7,[Pretrained] CF,"[354, 614, 694, 724, 746, 750]",3.764,3.801,ResOve,[Pretrained] CF ResOve,0.109,0,0.109,752,29,0.0,5,0.9059999999999997,0.037000000000000366,0.5
748,feature_0 > -0.084 AND feature_0 > 0.889 AND feature_1 > 0.172 AND feature_0 > 1.314 AND feature_1 > 0.969 AND feature_2 <= -0.016 AND feature_1 <= 1.305,"{'feature_0': (1.314, 3.845), 'feature_1': (0.969, 1.305), 'feature_2': (-3.74, -0.016)}",3,2.886,7,[Pretrained] CF,"[354, 614, 694, 724, 746, 747]",3.056,3.064,ResOve,[Pretrained] CF ResOve,0.109,0,0.109,752,27,0.0,5,0.16999999999999993,0.008000000000000007,0.5
716,feature_0 > -0.084 AND feature_0 > 0.889 AND feature_1 > 0.172 AND feature_0 <= 1.314 AND feature_1 > 1.109 AND feature_2 <= -0.56,"{'feature_0': (0.889, 1.314), 'feature_1': (1.109, 3.852), 'feature_2': (-3.74, -0.56)}",3,2.817,6,[Pretrained] CF,"[354, 614, 694, 695, 715]",2.844,2.86,ResOve,[Pretrained] CF ResOve,0.109,0,0.109,752,35,0.0,5,0.02699999999999969,0.016000000000000014,0.5
751,feature_0 > -0.084 AND feature_0 > 0.889 AND feature_1 > 0.172 AND feature_0 > 1.314 AND feature_1 > 0.969 AND feature_2 > -0.016 AND feature_1 <= 1.421,"{'feature_0': (1.314, 3.845), 'feature_1': (0.969, 1.421), 'feature_2': (-0.016, 4.02)}",3,2.769,7,[Pretrained] CF,"[354, 614, 694, 724, 746, 750]",3.223,3.216,ResOve,[Pretrained] CF ResOve,0.109,0,0.109,752,30,0.0,5,0.45399999999999974,0.006999999999999673,0.5
749,feature_0 > -0.084 AND feature_0 > 0.889 AND feature_1 > 0.172 AND feature_0 > 1.314 AND feature_1 > 0.969 AND feature_2 <= -0.016 AND feature_1 > 1.305,"{'feature_0': (1.314, 3.845), 'feature_1': (1.305, 3.852), 'feature_2': (-3.74, -0.016)}",3,3.013,7,[Pretrained] CF,"[354, 614, 694, 724, 746, 747]",3.605,3.628,ResOve,[Pretrained] CF ResOve,0.109,0,0.109,752,31,0.0,5,0.5920000000000001,0.02300000000000013,0.5
749,feature_0 > -0.084 AND feature_0 > 0.889 AND feature_1 > 0.172 AND feature_0 > 1.314 AND feature_1 > 0.969 AND feature_2 <= -0.016 AND feature_1 > 1.305,"{'feature_0': (1.314, 3.845), 'feature_1': (1.305, 3.852), 'feature_2': (-3.74, -0.016)}",3,3.013,7,[Pretrained] CF,"[354, 614, 694, 724, 746, 747]",3.605,3.628,NoOve,[Pretrained] CF NoOve,0.01,0,0.01,752,31,0.0,5,0.5920000000000001,0.02300000000000013,0.5
748,feature_0 > -0.084 AND feature_0 > 0.889 AND feature_1 > 0.172 AND feature_0 > 1.314 AND feature_1 > 0.969 AND feature_2 <= -0.016 AND feature_1 <= 1.305,"{'feature_0': (1.314, 3.845), 'feature_1': (0.969, 1.305), 'feature_2': (-3.74, -0.016)}",3,2.886,7,[Pretrained] CF,"[354, 614, 694, 724, 746, 747]",3.056,3.064,NoOve,[Pretrained] CF NoOve,0.01,0,0.01,752,27,0.0,5,0.16999999999999993,0.008000000000000007,0.5
752,feature_0 > -0.084 AND feature_0 > 0.889 AND feature_1 > 0.172 AND feature_0 > 1.314 AND feature_1 > 0.969 AND feature_2 > -0.016 AND feature_1 > 1.421,"{'feature_0': (1.314, 3.845), 'feature_1': (1.421, 3.852), 'feature_2': (-0.016, 4.02)}",3,2.858,7,[Pretrained] CF,"[354, 614, 694, 724, 746, 750]",3.764,3.801,NoOve,[Pretrained] CF NoOve,0.01,0,0.01,752,29,0.0,5,0.9059999999999997,0.037000000000000366,0.5
751,feature_0 > -0.084 AND feature_0 > 0.889 AND feature_1 > 0.172 AND feature_0 > 1.314 AND feature_1 > 0.969 AND feature_2 > -0.016 AND feature_1 <= 1.421,"{'feature_0': (1.314, 3.845), 'feature_1': (0.969, 1.421), 'feature_2': (-0.016, 4.02)}",3,2.769,7,[Pretrained] CF,"[354, 614, 694, 724, 746, 750]",3.223,3.216,NoOve,[Pretrained] CF NoOve,0.01,0,0.01,752,30,0.0,5,0.45399999999999974,0.006999999999999673,0.5
739,feature_0 > -0.084 AND feature_0 > 0.889 AND feature_1 > 0.172 AND feature_0 > 1.314 AND feature_1 <= 0.969 AND feature_0 > 1.553 AND feature_0 > 1.864,"{'feature_0': (1.864, 3.845), 'feature_1': (0.172, 0.969)}",2,2.724,7,[Pretrained] CF,"[354, 614, 694, 724, 725, 733]",3.199,3.203,NoOve,[Pretrained] CF NoOve,0.01,0,0.01,752,96,0.0,5,0.47499999999999964,0.0040000000000000036,0.5
749,feature_0 > -0.084 AND feature_0 > 0.889 AND feature_1 > 0.172 AND feature_0 > 1.314 AND feature_1 > 0.969 AND feature_2 <= -0.016 AND feature_1 > 1.305,"{'feature_0': (1.314, 3.845), 'feature_1': (1.305, 3.852), 'feature_2': (-3.74, -0.016)}",3,3.013,7,[Pretrained] CF,"[354, 614, 694, 724, 746, 747]",3.605,3.628,OptRes,[Pretrained] CF OptRes,0.004,0,0.004,752,30,0.06679389312977099,5,0.5920000000000001,0.02300000000000013,0.5
746,feature_0 > -0.084 AND feature_0 > 0.889 AND feature_1 > 0.172 AND feature_0 > 1.314 AND feature_1 > 0.969,"{'feature_0': (1.314, 3.845), 'feature_1': (0.969, 3.852)}",2,2.886,5,[Pretrained] CF,"[354, 614, 694, 724]",3.421,3.434,OptRes,[Pretrained] CF OptRes,0.004,0,0.004,752,99,0.19083969465648853,5,0.5349999999999997,0.013000000000000345,0.5
748,feature_0 > -0.084 AND feature_0 > 0.889 AND feature_1 > 0.172 AND feature_0 > 1.314 AND feature_1 > 0.969 AND feature_2 <= -0.016 AND feature_1 <= 1.305,"{'feature_0': (1.314, 3.845), 'feature_1': (0.969, 1.305), 'feature_2': (-3.74, -0.016)}",3,2.886,7,[Pretrained] CF,"[354, 614, 694, 724, 746, 747]",3.056,3.127,OptRes,[Pretrained] CF OptRes,0.004,0,0.004,752,23,0.061068702290076333,5,0.16999999999999993,0.07099999999999973,0.5
752,feature_0 > -0.084 AND feature_0 > 0.889 AND feature_1 > 0.172 AND feature_0 > 1.314 AND feature_1 > 0.969 AND feature_2 > -0.016 AND feature_1 > 1.421,"{'feature_0': (1.314, 3.845), 'feature_1': (1.421, 3.852), 'feature_2': (-0.016, 4.02)}",3,2.858,7,[Pretrained] CF,"[354, 614, 694, 724, 746, 750]",3.764,3.76,OptRes,[Pretrained] CF OptRes,0.004,0,0.004,752,23,0.06297709923664122,5,0.9059999999999997,0.0040000000000000036,0.5
716,feature_0 > -0.084 AND feature_0 > 0.889 AND feature_1 > 0.172 AND feature_0 <= 1.314 AND feature_1 > 1.109 AND feature_2 <= -0.56,"{'feature_0': (0.889, 1.314), 'feature_1': (1.109, 3.852), 'feature_2': (-3.74, -0.56)}",3,2.817,6,[Pretrained] CF,"[354, 614, 694, 695, 715]",2.844,2.854,OptRes,[Pretrained] CF OptRes,0.004,0,0.004,752,30,0.0,5,0.02699999999999969,0.010000000000000231,0.5
752,feature_0 > -0.084 AND feature_0 > 0.889 AND feature_1 > 0.172 AND feature_0 > 1.314 AND feature_1 > 0.969 AND feature_2 > -0.016 AND feature_1 > 1.421,"{'feature_0': (1.314, 3.845), 'feature_1': (1.421, 3.852), 'feature_2': (-0.016, 4.02)}",3,2.858,7,[Pretrained] CF,"[354, 614, 694, 724, 746, 750]",3.764,3.76,ResOve,[Pretrained] CF ResOve,0.119,0,0.119,752,23,0.0,5,0.9059999999999997,0.0040000000000000036,0.5
742,feature_0 > -0.084 AND feature_0 > 0.889 AND feature_1 > 0.172 AND feature_0 > 1.314 AND feature_1 <= 0.969 AND feature_0 > 1.553 AND feature_0 > 1.864 AND feature_2 <= -0.157 AND feature_1 > 0.575,"{'feature_0': (1.864, 3.845), 'feature_1': (0.575, 0.969), 'feature_2': (-3.74, -0.157)}",3,2.816,9,[Pretrained] CF,"[354, 614, 694, 724, 725, 733, 739, 740]",3.316,3.318,ResOve,[Pretrained] CF ResOve,0.119,0,0.119,752,22,0.0,5,0.5,0.002000000000000224,0.5
751,feature_0 > -0.084 AND feature_0 > 0.889 AND feature_1 > 0.172 AND feature_0 > 1.314 AND feature_1 > 0.969 AND feature_2 > -0.016 AND feature_1 <= 1.421,"{'feature_0': (1.314, 3.845), 'feature_1': (0.969, 1.421), 'feature_2': (-0.016, 4.02)}",3,2.769,7,[Pretrained] CF,"[354, 614, 694, 724, 746, 750]",3.223,3.161,ResOve,[Pretrained] CF ResOve,0.119,0,0.119,752,23,0.0,5,0.45399999999999974,0.06199999999999983,0.5
749,feature_0 > -0.084 AND feature_0 > 0.889 AND feature_1 > 0.172 AND feature_0 > 1.314 AND feature_1 > 0.969 AND feature_2 <= -0.016 AND feature_1 > 1.305,"{'feature_0': (1.314, 3.845), 'feature_1': (1.305, 3.852), 'feature_2': (-3.74, -0.016)}",3,3.013,7,[Pretrained] CF,"[354, 614, 694, 724, 746, 747]",3.605,3.628,ResOve,[Pretrained] CF ResOve,0.119,0,0.119,752,30,0.0,5,0.5920000000000001,0.02300000000000013,0.5
716,feature_0 > -0.084 AND feature_0 > 0.889 AND feature_1 > 0.172 AND feature_0 <= 1.314 AND feature_1 > 1.109 AND feature_2 <= -0.56,"{'feature_0': (0.889, 1.314), 'feature_1': (1.109, 3.852), 'feature_2': (-3.74, -0.56)}",3,2.817,6,[Pretrained] CF,"[354, 614, 694, 695, 715]",2.844,2.854,ResOve,[Pretrained] CF ResOve,0.119,0,0.119,752,30,0.0,5,0.02699999999999969,0.010000000000000231,0.5
749,feature_0 > -0.084 AND feature_0 > 0.889 AND feature_1 > 0.172 AND feature_0 > 1.314 AND feature_1 > 0.969 AND feature_2 <= -0.016 AND feature_1 > 1.305,"{'feature_0': (1.314, 3.845), 'feature_1': (1.305, 3.852), 'feature_2': (-3.74, -0.016)}",3,3.013,7,[Pretrained] CF,"[354, 614, 694, 724, 746, 747]",3.605,3.628,NoOve,[Pretrained] CF NoOve,0.015,0,0.015,752,30,0.0,5,0.5920000000000001,0.02300000000000013,0.5
748,feature_0 > -0.084 AND feature_0 > 0.889 AND feature_1 > 0.172 AND feature_0 > 1.314 AND feature_1 > 0.969 AND feature_2 <= -0.016 AND feature_1 <= 1.305,"{'feature_0': (1.314, 3.845), 'feature_1': (0.969, 1.305), 'feature_2': (-3.74, -0.016)}",3,2.886,7,[Pretrained] CF,"[354, 614, 694, 724, 746, 747]",3.056,3.127,NoOve,[Pretrained] CF NoOve,0.015,0,0.015,752,23,0.0,5,0.16999999999999993,0.07099999999999973,0.5
752,feature_0 > -0.084 AND feature_0 > 0.889 AND feature_1 > 0.172 AND feature_0 > 1.314 AND feature_1 > 0.969 AND feature_2 > -0.016 AND feature_1 > 1.421,"{'feature_0': (1.314, 3.845), 'feature_1': (1.421, 3.852), 'feature_2': (-0.016, 4.02)}",3,2.858,7,[Pretrained] CF,"[354, 614, 694, 724, 746, 750]",3.764,3.76,NoOve,[Pretrained] CF NoOve,0.015,0,0.015,752,23,0.0,5,0.9059999999999997,0.0040000000000000036,0.5
751,feature_0 > -0.084 AND feature_0 > 0.889 AND feature_1 > 0.172 AND feature_0 > 1.314 AND feature_1 > 0.969 AND feature_2 > -0.016 AND feature_1 <= 1.421,"{'feature_0': (1.314, 3.845), 'feature_1': (0.969, 1.421), 'feature_2': (-0.016, 4.02)}",3,2.769,7,[Pretrained] CF,"[354, 614, 694, 724, 746, 750]",3.223,3.161,NoOve,[Pretrained] CF NoOve,0.015,0,0.015,752,23,0.0,5,0.45399999999999974,0.06199999999999983,0.5
739,feature_0 > -0.084 AND feature_0 > 0.889 AND feature_1 > 0.172 AND feature_0 > 1.314 AND feature_1 <= 0.969 AND feature_0 > 1.553 AND feature_0 > 1.864,"{'feature_0': (1.864, 3.845), 'feature_1': (0.172, 0.969)}",2,2.724,7,[Pretrained] CF,"[354, 614, 694, 724, 725, 733]",3.199,3.193,NoOve,[Pretrained] CF NoOve,0.015,0,0.015,752,74,0.0,5,0.47499999999999964,0.005999999999999783,0.5
747,feature_0 > -0.084 AND feature_0 > 0.889 AND feature_1 > 0.172 AND feature_0 > 1.314 AND feature_1 > 0.969 AND feature_2 <= -0.016,"{'feature_0': (1.314, 3.845), 'feature_1': (0.969, 3.852), 'feature_2': (-3.74, -0.016)}",3,2.952,6,[Pretrained] CF,"[354, 614, 694, 724, 746]",3.343,3.327,OptRes,[Pretrained] CF OptRes,0.004,0,0.004,752,22,0.0,5,0.391,0.016000000000000014,0.5
752,feature_0 > -0.084 AND feature_0 > 0.889 AND feature_1 > 0.172 AND feature_0 > 1.314 AND feature_1 > 0.969 AND feature_2 > -0.016 AND feature_1 > 1.421,"{'feature_0': (1.314, 3.845), 'feature_1': (1.421, 3.852), 'feature_2': (-0.016, 4.02)}",3,2.858,7,[Pretrained] CF,"[354, 614, 694, 724, 746, 750]",3.764,3.754,OptRes,[Pretrained] CF OptRes,0.004,0,0.004,752,30,0.0,5,0.9059999999999997,0.009999999999999787,0.5
751,feature_0 > -0.084 AND feature_0 > 0.889 AND feature_1 > 0.172 AND feature_0 > 1.314 AND feature_1 > 0.969 AND feature_2 > -0.016 AND feature_1 <= 1.421,"{'feature_0': (1.314, 3.845), 'feature_1': (0.969, 1.421), 'feature_2': (-0.016, 4.02)}",3,2.769,7,[Pretrained] CF,"[354, 614, 694, 724, 746, 750]",3.223,3.223,OptRes,[Pretrained] CF OptRes,0.004,0,0.004,752,31,0.0,5,0.45399999999999974,0.0,0.5
739,feature_0 > -0.084 AND feature_0 > 0.889 AND feature_1 > 0.172 AND feature_0 > 1.314 AND feature_1 <= 0.969 AND feature_0 > 1.553 AND feature_0 > 1.864,"{'feature_0': (1.864, 3.845), 'feature_1': (0.172, 0.969)}",2,2.724,7,[Pretrained] CF,"[354, 614, 694, 724, 725, 733]",3.199,3.208,OptRes,[Pretrained] CF OptRes,0.004,0,0.004,752,57,0.06796116504854369,5,0.47499999999999964,0.009000000000000341,0.5
745,feature_0 > -0.084 AND feature_0 > 0.889 AND feature_1 > 0.172 AND feature_0 > 1.314 AND feature_1 <= 0.969 AND feature_0 > 1.553 AND feature_0 > 1.864 AND feature_2 > -0.157 AND feature_0 > 2.119,"{'feature_0': (2.119, 3.845), 'feature_1': (0.172, 0.969), 'feature_2': (-0.157, 4.02)}",3,2.699,9,[Pretrained] CF,"[354, 614, 694, 724, 725, 733, 739, 743]",3.387,3.387,OptRes,[Pretrained] CF OptRes,0.004,0,0.004,752,28,0.06796116504854369,5,0.6880000000000002,0.0,0.5
752,feature_0 > -0.084 AND feature_0 > 0.889 AND feature_1 > 0.172 AND feature_0 > 1.314 AND feature_1 > 0.969 AND feature_2 > -0.016 AND feature_1 > 1.421,"{'feature_0': (1.314, 3.845), 'feature_1': (1.421, 3.852), 'feature_2': (-0.016, 4.02)}",3,2.858,7,[Pretrained] CF,"[354, 614, 694, 724, 746, 750]",3.764,3.754,ResOve,[Pretrained] CF ResOve,0.121,0,0.121,752,30,0.0,5,0.9059999999999997,0.009999999999999787,0.5
751,feature_0 > -0.084 AND feature_0 > 0.889 AND feature_1 > 0.172 AND feature_0 > 1.314 AND feature_1 > 0.969 AND feature_2 > -0.016 AND feature_1 <= 1.421,"{'feature_0': (1.314, 3.845), 'feature_1': (0.969, 1.421), 'feature_2': (-0.016, 4.02)}",3,2.769,7,[Pretrained] CF,"[354, 614, 694, 724, 746, 750]",3.223,3.223,ResOve,[Pretrained] CF ResOve,0.121,0,0.121,752,31,0.0,5,0.45399999999999974,0.0,0.5
747,feature_0 > -0.084 AND feature_0 > 0.889 AND feature_1 > 0.172 AND feature_0 > 1.314 AND feature_1 > 0.969 AND feature_2 <= -0.016,"{'feature_0': (1.314, 3.845), 'feature_1': (0.969, 3.852), 'feature_2': (-3.74, -0.016)}",3,2.952,6,[Pretrained] CF,"[354, 614, 694, 724, 746]",3.343,3.327,ResOve,[Pretrained] CF ResOve,0.121,0,0.121,752,22,0.0,5,0.391,0.016000000000000014,0.5
745,feature_0 > -0.084 AND feature_0 > 0.889 AND feature_1 > 0.172 AND feature_0 > 1.314 AND feature_1 <= 0.969 AND feature_0 > 1.553 AND feature_0 > 1.864 AND feature_2 > -0.157 AND feature_0 > 2.119,"{'feature_0': (2.119, 3.845), 'feature_1': (0.172, 0.969), 'feature_2': (-0.157, 4.02)}",3,2.699,9,[Pretrained] CF,"[354, 614, 694, 724, 725, 733, 739, 743]",3.387,3.387,ResOve,[Pretrained] CF ResOve,0.121,0,0.121,752,28,0.0,5,0.6880000000000002,0.0,0.5
721,feature_0 > -0.084 AND feature_0 > 0.889 AND feature_1 > 0.172 AND feature_0 <= 1.314 AND feature_1 > 1.109 AND feature_2 > -0.56 AND feature_1 > 1.465,"{'feature_0': (0.889, 1.314), 'feature_1': (1.465, 3.852), 'feature_2': (-0.56, 4.02)}",3,2.672,7,[Pretrained] CF,"[354, 614, 694, 695, 715, 717]",3.129,3.141,ResOve,[Pretrained] CF ResOve,0.121,0,0.121,752,38,0.0,5,0.45699999999999985,0.01200000000000001,0.5
752,feature_0 > -0.084 AND feature_0 > 0.889 AND feature_1 > 0.172 AND feature_0 > 1.314 AND feature_1 > 0.969 AND feature_2 > -0.016 AND feature_1 > 1.421,"{'feature_0': (1.314, 3.845), 'feature_1': (1.421, 3.852), 'feature_2': (-0.016, 4.02)}",3,2.858,7,[Pretrained] CF,"[354, 614, 694, 724, 746, 750]",3.764,3.754,NoOve,[Pretrained] CF NoOve,0.017,0,0.017,752,30,0.0,5,0.9059999999999997,0.009999999999999787,0.5
751,feature_0 > -0.084 AND feature_0 > 0.889 AND feature_1 > 0.172 AND feature_0 > 1.314 AND feature_1 > 0.969 AND feature_2 > -0.016 AND feature_1 <= 1.421,"{'feature_0': (1.314, 3.845), 'feature_1': (0.969, 1.421), 'feature_2': (-0.016, 4.02)}",3,2.769,7,[Pretrained] CF,"[354, 614, 694, 724, 746, 750]",3.223,3.223,NoOve,[Pretrained] CF NoOve,0.017,0,0.017,752,31,0.0,5,0.45399999999999974,0.0,0.5
739,feature_0 > -0.084 AND feature_0 > 0.889 AND feature_1 > 0.172 AND feature_0 > 1.314 AND feature_1 <= 0.969 AND feature_0 > 1.553 AND feature_0 > 1.864,"{'feature_0': (1.864, 3.845), 'feature_1': (0.172, 0.969)}",2,2.724,7,[Pretrained] CF,"[354, 614, 694, 724, 725, 733]",3.199,3.208,NoOve,[Pretrained] CF NoOve,0.017,0,0.017,752,57,0.0,5,0.47499999999999964,0.009000000000000341,0.5
721,feature_0 > -0.084 AND feature_0 > 0.889 AND feature_1 > 0.172 AND feature_0 <= 1.314 AND feature_1 > 1.109 AND feature_2 > -0.56 AND feature_1 > 1.465,"{'feature_0': (0.889, 1.314), 'feature_1': (1.465, 3.852), 'feature_2': (-0.56, 4.02)}",3,2.672,7,[Pretrained] CF,"[354, 614, 694, 695, 715, 717]",3.129,3.141,NoOve,[Pretrained] CF NoOve,0.017,0,0.017,752,38,0.0,5,0.45699999999999985,0.01200000000000001,0.5
734,feature_0 > -0.084 AND feature_0 > 0.889 AND feature_1 > 0.172 AND feature_0 > 1.314 AND feature_1 <= 0.969 AND feature_0 > 1.553 AND feature_0 <= 1.864,"{'feature_0': (1.553, 1.864), 'feature_1': (0.172, 0.969)}",2,2.598,7,[Pretrained] CF,"[354, 614, 694, 724, 725, 733]",2.676,2.69,NoOve,[Pretrained] CF NoOve,0.017,0,0.017,752,53,0.0,5,0.07800000000000029,0.01399999999999979,0.5
749,feature_0 > -0.084 AND feature_0 > 0.889 AND feature_1 > 0.172 AND feature_0 > 1.314 AND feature_1 > 0.969 AND feature_2 <= -0.016 AND feature_1 > 1.305,"{'feature_0': (1.314, 3.845), 'feature_1': (1.305, 3.852), 'feature_2': (-3.74, -0.016)}",3,3.013,7,[Pretrained] CF,"[354, 614, 694, 724, 746, 747]",3.605,3.603,OptRes,[Pretrained] CF OptRes,0.003,0,0.003,752,34,0.06679389312977099,5,0.5920000000000001,0.0019999999999997797,0.5
746,feature_0 > -0.084 AND feature_0 > 0.889 AND feature_1 > 0.172 AND feature_0 > 1.314 AND feature_1 > 0.969,"{'feature_0': (1.314, 3.845), 'feature_1': (0.969, 3.852)}",2,2.886,5,[Pretrained] CF,"[354, 614, 694, 724]",3.421,3.329,OptRes,[Pretrained] CF OptRes,0.003,0,0.003,752,67,0.12786259541984732,5,0.5349999999999997,0.09199999999999964,0.5
748,feature_0 > -0.084 AND feature_0 > 0.889 AND feature_1 > 0.172 AND feature_0 > 1.314 AND feature_1 > 0.969 AND feature_2 <= -0.016 AND feature_1 <= 1.305,"{'feature_0': (1.314, 3.845), 'feature_1': (0.969, 1.305), 'feature_2': (-3.74, -0.016)}",3,2.886,7,[Pretrained] CF,"[354, 614, 694, 724, 746, 747]",3.056,3.056,OptRes,[Pretrained] CF OptRes,0.003,0,0.003,752,32,0.061068702290076333,5,0.16999999999999993,0.0,0.5
716,feature_0 > -0.084 AND feature_0 > 0.889 AND feature_1 > 0.172 AND feature_0 <= 1.314 AND feature_1 > 1.109 AND feature_2 <= -0.56,"{'feature_0': (0.889, 1.314), 'feature_1': (1.109, 3.852), 'feature_2': (-3.74, -0.56)}",3,2.817,6,[Pretrained] CF,"[354, 614, 694, 695, 715]",2.844,2.829,OptRes,[Pretrained] CF OptRes,0.003,0,0.003,752,38,0.0,5,0.02699999999999969,0.01499999999999968,0.5
742,feature_0 > -0.084 AND feature_0 > 0.889 AND feature_1 > 0.172 AND feature_0 > 1.314 AND feature_1 <= 0.969 AND feature_0 > 1.553 AND feature_0 > 1.864 AND feature_2 <= -0.157 AND feature_1 > 0.575,"{'feature_0': (1.864, 3.845), 'feature_1': (0.575, 0.969), 'feature_2': (-3.74, -0.157)}",3,2.816,9,[Pretrained] CF,"[354, 614, 694, 724, 725, 733, 739, 740]",3.316,3.316,OptRes,[Pretrained] CF OptRes,0.003,0,0.003,752,29,0.0,5,0.5,0.0,0.5
749,feature_0 > -0.084 AND feature_0 > 0.889 AND feature_1 > 0.172 AND feature_0 > 1.314 AND feature_1 > 0.969 AND feature_2 <= -0.016 AND feature_1 > 1.305,"{'feature_0': (1.314, 3.845), 'feature_1': (1.305, 3.852), 'feature_2': (-3.74, -0.016)}",3,3.013,7,[Pretrained] CF,"[354, 614, 694, 724, 746, 747]",3.605,3.603,ResOve,[Pretrained] CF ResOve,0.122,0,0.122,752,34,0.06679389312977099,5,0.5920000000000001,0.0019999999999997797,0.5
748,feature_0 > -0.084 AND feature_0 > 0.889 AND feature_1 > 0.172 AND feature_0 > 1.314 AND feature_1 > 0.969 AND feature_2 <= -0.016 AND feature_1 <= 1.305,"{'feature_0': (1.314, 3.845), 'feature_1': (0.969, 1.305), 'feature_2': (-3.74, -0.016)}",3,2.886,7,[Pretrained] CF,"[354, 614, 694, 724, 746, 747]",3.056,3.056,ResOve,[Pretrained] CF ResOve,0.122,0,0.122,752,32,0.061068702290076333,5,0.16999999999999993,0.0,0.5
716,feature_0 > -0.084 AND feature_0 > 0.889 AND feature_1 > 0.172 AND feature_0 <= 1.314 AND feature_1 > 1.109 AND feature_2 <= -0.56,"{'feature_0': (0.889, 1.314), 'feature_1': (1.109, 3.852), 'feature_2': (-3.74, -0.56)}",3,2.817,6,[Pretrained] CF,"[354, 614, 694, 695, 715]",2.844,2.829,ResOve,[Pretrained] CF ResOve,0.122,0,0.122,752,38,0.0,5,0.02699999999999969,0.01499999999999968,0.5
746,feature_0 > -0.084 AND feature_0 > 0.889 AND feature_1 > 0.172 AND feature_0 > 1.314 AND feature_1 > 0.969,"{'feature_0': (1.314, 3.845), 'feature_1': (0.969, 3.852)}",2,2.886,5,[Pretrained] CF,"[354, 614, 694, 724]",3.421,3.329,ResOve,[Pretrained] CF ResOve,0.122,0,0.122,752,67,0.12786259541984732,5,0.5349999999999997,0.09199999999999964,0.5
742,feature_0 > -0.084 AND feature_0 > 0.889 AND feature_1 > 0.172 AND feature_0 > 1.314 AND feature_1 <= 0.969 AND feature_0 > 1.553 AND feature_0 > 1.864 AND feature_2 <= -0.157 AND feature_1 > 0.575,"{'feature_0': (1.864, 3.845), 'feature_1': (0.575, 0.969), 'feature_2': (-3.74, -0.157)}",3,2.816,9,[Pretrained] CF,"[354, 614, 694, 724, 725, 733, 739, 740]",3.316,3.316,ResOve,[Pretrained] CF ResOve,0.122,0,0.122,752,29,0.0,5,0.5,0.0,0.5
749,feature_0 > -0.084 AND feature_0 > 0.889 AND feature_1 > 0.172 AND feature_0 > 1.314 AND feature_1 > 0.969 AND feature_2 <= -0.016 AND feature_1 > 1.305,"{'feature_0': (1.314, 3.845), 'feature_1': (1.305, 3.852), 'feature_2': (-3.74, -0.016)}",3,3.013,7,[Pretrained] CF,"[354, 614, 694, 724, 746, 747]",3.605,3.603,NoOve,[Pretrained] CF NoOve,0.019,0,0.019,752,34,0.0,5,0.5920000000000001,0.0019999999999997797,0.5
748,feature_0 > -0.084 AND feature_0 > 0.889 AND feature_1 > 0.172 AND feature_0 > 1.314 AND feature_1 > 0.969 AND feature_2 <= -0.016 AND feature_1 <= 1.305,"{'feature_0': (1.314, 3.845), 'feature_1': (0.969, 1.305), 'feature_2': (-3.74, -0.016)}",3,2.886,7,[Pretrained] CF,"[354, 614, 694, 724, 746, 747]",3.056,3.056,NoOve,[Pretrained] CF NoOve,0.019,0,0.019,752,32,0.0,5,0.16999999999999993,0.0,0.5
739,feature_0 > -0.084 AND feature_0 > 0.889 AND feature_1 > 0.172 AND feature_0 > 1.314 AND feature_1 <= 0.969 AND feature_0 > 1.553 AND feature_0 > 1.864,"{'feature_0': (1.864, 3.845), 'feature_1': (0.172, 0.969)}",2,2.724,7,[Pretrained] CF,"[354, 614, 694, 724, 725, 733]",3.199,3.199,NoOve,[Pretrained] CF NoOve,0.019,0,0.019,752,56,0.0,5,0.47499999999999964,0.0,0.5
734,feature_0 > -0.084 AND feature_0 > 0.889 AND feature_1 > 0.172 AND feature_0 > 1.314 AND feature_1 <= 0.969 AND feature_0 > 1.553 AND feature_0 <= 1.864,"{'feature_0': (1.553, 1.864), 'feature_1': (0.172, 0.969)}",2,2.598,7,[Pretrained] CF,"[354, 614, 694, 724, 725, 733]",2.676,2.633,NoOve,[Pretrained] CF NoOve,0.019,0,0.019,752,32,0.0,5,0.07800000000000029,0.04300000000000015,0.5
730,feature_0 > -0.084 AND feature_0 > 0.889 AND feature_1 > 0.172 AND feature_0 > 1.314 AND feature_1 <= 0.969 AND feature_0 <= 1.553 AND feature_1 > 0.535,"{'feature_0': (1.314, 1.553), 'feature_1': (0.535, 0.969)}",2,2.572,7,[Pretrained] CF,"[354, 614, 694, 724, 725, 726]",2.551,2.549,NoOve,[Pretrained] CF NoOve,0.019,0,0.019,752,23,0.0,5,0.020999999999999908,0.002000000000000224,0.5
741,feature_0 > -0.084 AND feature_0 > 0.889 AND feature_1 > 0.172 AND feature_0 > 1.314 AND feature_1 <= 0.969 AND feature_0 > 1.553 AND feature_0 > 1.864 AND feature_2 <= -0.157 AND feature_1 <= 0.575,"{'feature_0': (1.864, 3.845), 'feature_1': (0.172, 0.575), 'feature_2': (-3.74, -0.157)}",3,2.72,9,[Pretrained] CF,"[354, 614, 694, 724, 725, 733, 739, 740]",3.036,3.036,OptRes,[Pretrained] CF OptRes,0.003,0,0.003,752,23,0.0,5,0.31599999999999984,0.0,0.5
693,feature_0 > -0.084 AND feature_0 > 0.889 AND feature_1 <= 0.172 AND feature_0 > 1.535 AND feature_0 > 1.86 AND feature_0 > 2.109 AND feature_1 > -0.174,"{'feature_0': (2.109, 3.845), 'feature_1': (-0.174, 0.172)}",2,2.578,7,[Pretrained] CF,"[354, 614, 615, 667, 681, 687]",3.143,3.143,OptRes,[Pretrained] CF OptRes,0.003,0,0.003,752,24,0.0594059405940594,5,0.565,0.0,0.5
737,feature_0 > -0.084 AND feature_0 > 0.889 AND feature_1 > 0.172 AND feature_0 > 1.314 AND feature_1 <= 0.969 AND feature_0 > 1.553 AND feature_0 <= 1.864 AND feature_1 <= 0.532 AND feature_1 > 0.373,"{'feature_0': (1.553, 1.864), 'feature_1': (0.373, 0.532)}",2,2.574,9,[Pretrained] CF,"[354, 614, 694, 724, 725, 733, 734, 735]",2.627,2.627,OptRes,[Pretrained] CF OptRes,0.003,0,0.003,752,21,0.0,5,0.052999999999999936,0.0,0.5
690,feature_0 > -0.084 AND feature_0 > 0.889 AND feature_1 <= 0.172 AND feature_0 > 1.535 AND feature_0 > 1.86 AND feature_0 > 2.109 AND feature_1 <= -0.174 AND feature_2 > -0.196,"{'feature_0': (2.109, 3.845), 'feature_1': (-3.98, -0.174), 'feature_2': (-0.196, 4.02)}",3,2.468,8,[Pretrained] CF,"[354, 614, 615, 667, 681, 687, 688]",2.849,2.849,OptRes,[Pretrained] CF OptRes,0.003,0,0.003,752,45,0.11138613861386139,5,0.3810000000000002,0.0,0.5
687,feature_0 > -0.084 AND feature_0 > 0.889 AND feature_1 <= 0.172 AND feature_0 > 1.535 AND feature_0 > 1.86 AND feature_0 > 2.109,"{'feature_0': (2.109, 3.845), 'feature_1': (-3.98, 0.172)}",2,2.464,6,[Pretrained] CF,"[354, 614, 615, 667, 681]",2.946,2.946,OptRes,[Pretrained] CF OptRes,0.003,0,0.003,752,101,0.17079207920792078,5,0.4820000000000002,0.0,0.5
741,feature_0 > -0.084 AND feature_0 > 0.889 AND feature_1 > 0.172 AND feature_0 > 1.314 AND feature_1 <= 0.969 AND feature_0 > 1.553 AND feature_0 > 1.864 AND feature_2 <= -0.157 AND feature_1 <= 0.575,"{'feature_0': (1.864, 3.845), 'feature_1': (0.172, 0.575), 'feature_2': (-3.74, -0.157)}",3,2.72,9,[Pretrained] CF,"[354, 614, 694, 724, 725, 733, 739, 740]",3.036,3.036,ResOve,[Pretrained] CF ResOve,0.079,0,0.079,752,23,0.0,5,0.31599999999999984,0.0,0.5
737,feature_0 > -0.084 AND feature_0 > 0.889 AND feature_1 > 0.172 AND feature_0 > 1.314 AND feature_1 <= 0.969 AND feature_0 > 1.553 AND feature_0 <= 1.864 AND feature_1 <= 0.532 AND feature_1 > 0.373,"{'feature_0': (1.553, 1.864), 'feature_1': (0.373, 0.532)}",2,2.574,9,[Pretrained] CF,"[354, 614, 694, 724, 725, 733, 734, 735]",2.627,2.627,ResOve,[Pretrained] CF ResOve,0.079,0,0.079,752,21,0.0,5,0.052999999999999936,0.0,0.5
693,feature_0 > -0.084 AND feature_0 > 0.889 AND feature_1 <= 0.172 AND feature_0 > 1.535 AND feature_0 > 1.86 AND feature_0 > 2.109 AND feature_1 > -0.174,"{'feature_0': (2.109, 3.845), 'feature_1': (-0.174, 0.172)}",2,2.578,7,[Pretrained] CF,"[354, 614, 615, 667, 681, 687]",3.143,3.143,ResOve,[Pretrained] CF ResOve,0.079,0,0.079,752,24,0.0,5,0.565,0.0,0.5
688,feature_0 > -0.084 AND feature_0 > 0.889 AND feature_1 <= 0.172 AND feature_0 > 1.535 AND feature_0 > 1.86 AND feature_0 > 2.109 AND feature_1 <= -0.174,"{'feature_0': (2.109, 3.845), 'feature_1': (-3.98, -0.174)}",2,2.429,7,[Pretrained] CF,"[354, 614, 615, 667, 681, 687]",2.885,2.885,ResOve,[Pretrained] CF ResOve,0.079,0,0.079,752,77,0.0,5,0.45599999999999996,0.0,0.5
729,feature_0 > -0.084 AND feature_0 > 0.889 AND feature_1 > 0.172 AND feature_0 > 1.314 AND feature_1 <= 0.969 AND feature_0 <= 1.553 AND feature_1 <= 0.535 AND feature_1 > 0.32,"{'feature_0': (1.314, 1.553), 'feature_1': (0.32, 0.535)}",2,2.414,8,[Pretrained] CF,"[354, 614, 694, 724, 725, 726, 727]",2.351,2.351,ResOve,[Pretrained] CF ResOve,0.079,0,0.079,752,25,0.0,5,0.06300000000000017,0.0,0.5
735,feature_0 > -0.084 AND feature_0 > 0.889 AND feature_1 > 0.172 AND feature_0 > 1.314 AND feature_1 <= 0.969 AND feature_0 > 1.553 AND feature_0 <= 1.864 AND feature_1 <= 0.532,"{'feature_0': (1.553, 1.864), 'feature_1': (0.172, 0.532)}",2,2.55,8,[Pretrained] CF,"[354, 614, 694, 724, 725, 733, 734]",2.6,2.6,NoOve,[Pretrained] CF NoOve,0.008,0,0.008,752,41,0.0,5,0.050000000000000266,0.0,0.5
690,feature_0 > -0.084 AND feature_0 > 0.889 AND feature_1 <= 0.172 AND feature_0 > 1.535 AND feature_0 > 1.86 AND feature_0 > 2.109 AND feature_1 <= -0.174 AND feature_2 > -0.196,"{'feature_0': (2.109, 3.845), 'feature_1': (-3.98, -0.174), 'feature_2': (-0.196, 4.02)}",3,2.468,8,[Pretrained] CF,"[354, 614, 615, 667, 681, 687, 688]",2.849,2.849,NoOve,[Pretrained] CF NoOve,0.008,0,0.008,752,45,0.0,5,0.3810000000000002,0.0,0.5
729,feature_0 > -0.084 AND feature_0 > 0.889 AND feature_1 > 0.172 AND feature_0 > 1.314 AND feature_1 <= 0.969 AND feature_0 <= 1.553 AND feature_1 <= 0.535 AND feature_1 > 0.32,"{'feature_0': (1.314, 1.553), 'feature_1': (0.32, 0.535)}",2,2.414,8,[Pretrained] CF,"[354, 614, 694, 724, 725, 726, 727]",2.351,2.351,NoOve,[Pretrained] CF NoOve,0.008,0,0.008,752,25,0.0,5,0.06300000000000017,0.0,0.5
689,feature_0 > -0.084 AND feature_0 > 0.889 AND feature_1 <= 0.172 AND feature_0 > 1.535 AND feature_0 > 1.86 AND feature_0 > 2.109 AND feature_1 <= -0.174 AND feature_2 <= -0.196,"{'feature_0': (2.109, 3.845), 'feature_1': (-3.98, -0.174), 'feature_2': (-3.74, -0.196)}",3,2.374,8,[Pretrained] CF,"[354, 614, 615, 667, 681, 687, 688]",2.936,2.936,NoOve,[Pretrained] CF NoOve,0.008,0,0.008,752,32,0.0,5,0.5619999999999998,0.0,0.5
685,feature_0 > -0.084 AND feature_0 > 0.889 AND feature_1 <= 0.172 AND feature_0 > 1.535 AND feature_0 > 1.86 AND feature_0 <= 2.109 AND feature_1 <= -0.436 AND feature_0 > 1.985,"{'feature_0': (1.985, 2.109), 'feature_1': (-3.98, -0.436)}",2,2.306,8,[Pretrained] CF,"[354, 614, 615, 667, 681, 682, 683]",2.347,2.347,NoOve,[Pretrained] CF NoOve,0.008,0,0.008,752,28,0.0,5,0.040999999999999925,0.0,0.5
741,feature_0 > 0.004 AND feature_0 > 0.885 AND feature_1 > 0.172 AND feature_0 > 1.314 AND feature_1 > 0.873 AND feature_2 <= -0.57 AND feature_1 > 1.185,"{'feature_0': (1.314, 3.845), 'feature_1': (1.185, 3.852), 'feature_2': (-3.74, -0.57)}",3,3.02,7,[Pretrained] CF,"[378, 608, 684, 718, 738, 739]",3.538,3.454,OptRes,[Pretrained] CF OptRes,0.005,0,0.005,748,22,0.04276315789473684,5,0.5179999999999998,0.08399999999999963,1.0
746,feature_0 > 0.004 AND feature_0 > 0.885 AND feature_1 > 0.172 AND feature_0 > 1.314 AND feature_1 > 0.873 AND feature_2 > -0.57 AND feature_1 > 1.373,"{'feature_0': (1.314, 3.845), 'feature_1': (1.373, 3.852), 'feature_2': (-0.57, 4.02)}",3,2.869,7,[Pretrained] CF,"[378, 608, 684, 718, 738, 742]",3.693,3.72,OptRes,[Pretrained] CF OptRes,0.005,0,0.005,748,44,0.0805921052631579,5,0.8239999999999998,0.027000000000000135,1.0
738,feature_0 > 0.004 AND feature_0 > 0.885 AND feature_1 > 0.172 AND feature_0 > 1.314 AND feature_1 > 0.873,"{'feature_0': (1.314, 3.845), 'feature_1': (0.873, 3.852)}",2,2.852,5,[Pretrained] CF,"[378, 608, 684, 718]",3.376,3.378,OptRes,[Pretrained] CF OptRes,0.005,0,0.005,748,133,0.21710526315789475,5,0.524,0.002000000000000224,1.0
710,feature_0 > 0.004 AND feature_0 > 0.885 AND feature_1 > 0.172 AND feature_0 <= 1.314 AND feature_1 > 1.109 AND feature_2 <= -0.585,"{'feature_0': (0.885, 1.314), 'feature_1': (1.109, 3.852), 'feature_2': (-3.74, -0.585)}",3,2.781,6,[Pretrained] CF,"[378, 608, 684, 685, 709]",2.848,2.863,OptRes,[Pretrained] CF OptRes,0.005,0,0.005,748,36,0.0,5,0.06699999999999973,0.015000000000000124,1.0
743,feature_0 > 0.004 AND feature_0 > 0.885 AND feature_1 > 0.172 AND feature_0 > 1.314 AND feature_1 > 0.873 AND feature_2 > -0.57 AND feature_1 <= 1.373,"{'feature_0': (1.314, 3.845), 'feature_1': (0.873, 1.373), 'feature_2': (-0.57, 4.02)}",3,2.754,7,[Pretrained] CF,"[378, 608, 684, 718, 738, 742]",3.135,3.161,OptRes,[Pretrained] CF OptRes,0.005,0,0.005,748,49,0.09375,5,0.3809999999999998,0.026000000000000245,1.0
743,feature_0 > 0.004 AND feature_0 > 0.885 AND feature_1 > 0.172 AND feature_0 > 1.314 AND feature_1 > 0.873 AND feature_2 > -0.57 AND feature_1 <= 1.373,"{'feature_0': (1.314, 3.845), 'feature_1': (0.873, 1.373), 'feature_2': (-0.57, 4.02)}",3,2.754,7,[Pretrained] CF,"[378, 608, 684, 718, 738, 742]",3.135,3.161,ResOve,[Pretrained] CF ResOve,0.152,0,0.152,748,49,0.0,5,0.3809999999999998,0.026000000000000245,1.0
741,feature_0 > 0.004 AND feature_0 > 0.885 AND feature_1 > 0.172 AND feature_0 > 1.314 AND feature_1 > 0.873 AND feature_2 <= -0.57 AND feature_1 > 1.185,"{'feature_0': (1.314, 3.845), 'feature_1': (1.185, 3.852), 'feature_2': (-3.74, -0.57)}",3,3.02,7,[Pretrained] CF,"[378, 608, 684, 718, 738, 739]",3.538,3.454,ResOve,[Pretrained] CF ResOve,0.152,0,0.152,748,22,0.14130434782608695,5,0.5179999999999998,0.08399999999999963,1.0
739,feature_0 > 0.004 AND feature_0 > 0.885 AND feature_1 > 0.172 AND feature_0 > 1.314 AND feature_1 > 0.873 AND feature_2 <= -0.57,"{'feature_0': (1.314, 3.845), 'feature_1': (0.873, 3.852), 'feature_2': (-3.74, -0.57)}",3,2.955,6,[Pretrained] CF,"[378, 608, 684, 718, 738]",3.339,3.268,ResOve,[Pretrained] CF ResOve,0.152,0,0.152,748,40,0.14130434782608695,5,0.3839999999999999,0.07100000000000017,1.0
748,feature_0 > 0.004 AND feature_0 > 0.885 AND feature_1 > 0.172 AND feature_0 > 1.314 AND feature_1 > 0.873 AND feature_2 > -0.57 AND feature_1 > 1.373 AND feature_2 > 0.313,"{'feature_0': (1.314, 3.845), 'feature_1': (1.373, 3.852), 'feature_2': (0.313, 4.02)}",3,2.837,8,[Pretrained] CF,"[378, 608, 684, 718, 738, 742, 746]",3.756,3.792,ResOve,[Pretrained] CF ResOve,0.152,0,0.152,748,25,0.0,5,0.9189999999999996,0.03600000000000003,1.0
710,feature_0 > 0.004 AND feature_0 > 0.885 AND feature_1 > 0.172 AND feature_0 <= 1.314 AND feature_1 > 1.109 AND feature_2 <= -0.585,"{'feature_0': (0.885, 1.314), 'feature_1': (1.109, 3.852), 'feature_2': (-3.74, -0.585)}",3,2.781,6,[Pretrained] CF,"[378, 608, 684, 685, 709]",2.848,2.863,ResOve,[Pretrained] CF ResOve,0.152,0,0.152,748,36,0.0,5,0.06699999999999973,0.015000000000000124,1.0
741,feature_0 > 0.004 AND feature_0 > 0.885 AND feature_1 > 0.172 AND feature_0 > 1.314 AND feature_1 > 0.873 AND feature_2 <= -0.57 AND feature_1 > 1.185,"{'feature_0': (1.314, 3.845), 'feature_1': (1.185, 3.852), 'feature_2': (-3.74, -0.57)}",3,3.02,7,[Pretrained] CF,"[378, 608, 684, 718, 738, 739]",3.538,3.454,NoOve,[Pretrained] CF NoOve,0.01,0,0.01,748,22,0.0,5,0.5179999999999998,0.08399999999999963,1.0
746,feature_0 > 0.004 AND feature_0 > 0.885 AND feature_1 > 0.172 AND feature_0 > 1.314 AND feature_1 > 0.873 AND feature_2 > -0.57 AND feature_1 > 1.373,"{'feature_0': (1.314, 3.845), 'feature_1': (1.373, 3.852), 'feature_2': (-0.57, 4.02)}",3,2.869,7,[Pretrained] CF,"[378, 608, 684, 718, 738, 742]",3.693,3.72,NoOve,[Pretrained] CF NoOve,0.01,0,0.01,748,44,0.0,5,0.8239999999999998,0.027000000000000135,1.0
743,feature_0 > 0.004 AND feature_0 > 0.885 AND feature_1 > 0.172 AND feature_0 > 1.314 AND feature_1 > 0.873 AND feature_2 > -0.57 AND feature_1 <= 1.373,"{'feature_0': (1.314, 3.845), 'feature_1': (0.873, 1.373), 'feature_2': (-0.57, 4.02)}",3,2.754,7,[Pretrained] CF,"[378, 608, 684, 718, 738, 742]",3.135,3.161,NoOve,[Pretrained] CF NoOve,0.01,0,0.01,748,49,0.0,5,0.3809999999999998,0.026000000000000245,1.0
715,feature_0 > 0.004 AND feature_0 > 0.885 AND feature_1 > 0.172 AND feature_0 <= 1.314 AND feature_1 > 1.109 AND feature_2 > -0.585 AND feature_1 > 1.465,"{'feature_0': (0.885, 1.314), 'feature_1': (1.465, 3.852), 'feature_2': (-0.585, 4.02)}",3,2.681,7,[Pretrained] CF,"[378, 608, 684, 685, 709, 711]",3.129,3.153,NoOve,[Pretrained] CF NoOve,0.01,0,0.01,748,35,0.0,5,0.44799999999999995,0.02400000000000002,1.0
726,feature_0 > 0.004 AND feature_0 > 0.885 AND feature_1 > 0.172 AND feature_0 > 1.314 AND feature_1 <= 0.873 AND feature_0 > 1.514 AND feature_2 <= -0.281,"{'feature_0': (1.514, 3.845), 'feature_1': (0.172, 0.873), 'feature_2': (-3.74, -0.281)}",3,2.68,7,[Pretrained] CF,"[378, 608, 684, 718, 719, 725]",2.966,2.967,NoOve,[Pretrained] CF NoOve,0.01,0,0.01,748,63,0.0,5,0.28600000000000003,0.0009999999999998899,1.0
739,feature_0 > 0.004 AND feature_0 > 0.885 AND feature_1 > 0.172 AND feature_0 > 1.314 AND feature_1 > 0.873 AND feature_2 <= -0.57,"{'feature_0': (1.314, 3.845), 'feature_1': (0.873, 3.852), 'feature_2': (-3.74, -0.57)}",3,2.955,6,[Pretrained] CF,"[378, 608, 684, 718, 738]",3.339,3.283,OptRes,[Pretrained] CF OptRes,0.006,0,0.006,748,37,0.0756578947368421,5,0.3839999999999999,0.05600000000000005,1.0
746,feature_0 > 0.004 AND feature_0 > 0.885 AND feature_1 > 0.172 AND feature_0 > 1.314 AND feature_1 > 0.873 AND feature_2 > -0.57 AND feature_1 > 1.373,"{'feature_0': (1.314, 3.845), 'feature_1': (1.373, 3.852), 'feature_2': (-0.57, 4.02)}",3,2.869,7,[Pretrained] CF,"[378, 608, 684, 718, 738, 742]",3.693,3.62,OptRes,[Pretrained] CF OptRes,0.006,0,0.006,748,38,0.0805921052631579,5,0.8239999999999998,0.07299999999999995,1.0
738,feature_0 > 0.004 AND feature_0 > 0.885 AND feature_1 > 0.172 AND feature_0 > 1.314 AND feature_1 > 0.873,"{'feature_0': (1.314, 3.845), 'feature_1': (0.873, 3.852)}",2,2.852,5,[Pretrained] CF,"[378, 608, 684, 718]",3.376,3.317,OptRes,[Pretrained] CF OptRes,0.006,0,0.006,748,128,0.19407894736842105,5,0.524,0.05899999999999972,1.0
744,feature_0 > 0.004 AND feature_0 > 0.885 AND feature_1 > 0.172 AND feature_0 > 1.314 AND feature_1 > 0.873 AND feature_2 > -0.57 AND feature_1 <= 1.373 AND feature_2 <= 0.162,"{'feature_0': (1.314, 3.845), 'feature_1': (0.873, 1.373), 'feature_2': (-0.57, 0.162)}",3,2.8,8,[Pretrained] CF,"[378, 608, 684, 718, 738, 742, 743]",3.123,3.069,OptRes,[Pretrained] CF OptRes,0.006,0,0.006,748,21,0.03782894736842105,5,0.3230000000000004,0.05400000000000027,1.0
710,feature_0 > 0.004 AND feature_0 > 0.885 AND feature_1 > 0.172 AND feature_0 <= 1.314 AND feature_1 > 1.109 AND feature_2 <= -0.585,"{'feature_0': (0.885, 1.314), 'feature_1': (1.109, 3.852), 'feature_2': (-3.74, -0.585)}",3,2.781,6,[Pretrained] CF,"[378, 608, 684, 685, 709]",2.848,2.832,OptRes,[Pretrained] CF OptRes,0.006,0,0.006,748,32,0.0,5,0.06699999999999973,0.016000000000000014,1.0
744,feature_0 > 0.004 AND feature_0 > 0.885 AND feature_1 > 0.172 AND feature_0 > 1.314 AND feature_1 > 0.873 AND feature_2 > -0.57 AND feature_1 <= 1.373 AND feature_2 <= 0.162,"{'feature_0': (1.314, 3.845), 'feature_1': (0.873, 1.373), 'feature_2': (-0.57, 0.162)}",3,2.8,8,[Pretrained] CF,"[378, 608, 684, 718, 738, 742, 743]",3.123,3.069,ResOve,[Pretrained] CF ResOve,0.111,0,0.111,748,21,0.0,5,0.3230000000000004,0.05400000000000027,1.0
739,feature_0 > 0.004 AND feature_0 > 0.885 AND feature_1 > 0.172 AND feature_0 > 1.314 AND feature_1 > 0.873 AND feature_2 <= -0.57,"{'feature_0': (1.314, 3.845), 'feature_1': (0.873, 3.852), 'feature_2': (-3.74, -0.57)}",3,2.955,6,[Pretrained] CF,"[378, 608, 684, 718, 738]",3.339,3.283,ResOve,[Pretrained] CF ResOve,0.111,0,0.111,748,37,0.0,5,0.3839999999999999,0.05600000000000005,1.0
746,feature_0 > 0.004 AND feature_0 > 0.885 AND feature_1 > 0.172 AND feature_0 > 1.314 AND feature_1 > 0.873 AND feature_2 > -0.57 AND feature_1 > 1.373,"{'feature_0': (1.314, 3.845), 'feature_1': (1.373, 3.852), 'feature_2': (-0.57, 4.02)}",3,2.869,7,[Pretrained] CF,"[378, 608, 684, 718, 738, 742]",3.693,3.62,ResOve,[Pretrained] CF ResOve,0.111,0,0.111,748,38,0.0,5,0.8239999999999998,0.07299999999999995,1.0
715,feature_0 > 0.004 AND feature_0 > 0.885 AND feature_1 > 0.172 AND feature_0 <= 1.314 AND feature_1 > 1.109 AND feature_2 > -0.585 AND feature_1 > 1.465,"{'feature_0': (0.885, 1.314), 'feature_1': (1.465, 3.852), 'feature_2': (-0.585, 4.02)}",3,2.681,7,[Pretrained] CF,"[378, 608, 684, 685, 709, 711]",3.129,3.149,ResOve,[Pretrained] CF ResOve,0.111,0,0.111,748,35,0.0,5,0.44799999999999995,0.020000000000000018,1.0
710,feature_0 > 0.004 AND feature_0 > 0.885 AND feature_1 > 0.172 AND feature_0 <= 1.314 AND feature_1 > 1.109 AND feature_2 <= -0.585,"{'feature_0': (0.885, 1.314), 'feature_1': (1.109, 3.852), 'feature_2': (-3.74, -0.585)}",3,2.781,6,[Pretrained] CF,"[378, 608, 684, 685, 709]",2.848,2.832,ResOve,[Pretrained] CF ResOve,0.111,0,0.111,748,32,0.0,5,0.06699999999999973,0.016000000000000014,1.0
739,feature_0 > 0.004 AND feature_0 > 0.885 AND feature_1 > 0.172 AND feature_0 > 1.314 AND feature_1 > 0.873 AND feature_2 <= -0.57,"{'feature_0': (1.314, 3.845), 'feature_1': (0.873, 3.852), 'feature_2': (-3.74, -0.57)}",3,2.955,6,[Pretrained] CF,"[378, 608, 684, 718, 738]",3.339,3.283,NoOve,[Pretrained] CF NoOve,0.009,0,0.009,748,37,0.0,5,0.3839999999999999,0.05600000000000005,1.0
742,feature_0 > 0.004 AND feature_0 > 0.885 AND feature_1 > 0.172 AND feature_0 > 1.314 AND feature_1 > 0.873 AND feature_2 > -0.57,"{'feature_0': (1.314, 3.845), 'feature_1': (0.873, 3.852), 'feature_2': (-0.57, 4.02)}",3,2.807,6,[Pretrained] CF,"[378, 608, 684, 718, 738]",3.393,3.331,NoOve,[Pretrained] CF NoOve,0.009,0,0.009,748,91,0.0,5,0.5859999999999999,0.06199999999999983,1.0
710,feature_0 > 0.004 AND feature_0 > 0.885 AND feature_1 > 0.172 AND feature_0 <= 1.314 AND feature_1 > 1.109 AND feature_2 <= -0.585,"{'feature_0': (0.885, 1.314), 'feature_1': (1.109, 3.852), 'feature_2': (-3.74, -0.585)}",3,2.781,6,[Pretrained] CF,"[378, 608, 684, 685, 709]",2.848,2.832,NoOve,[Pretrained] CF NoOve,0.009,0,0.009,748,32,0.0,5,0.06699999999999973,0.016000000000000014,1.0
725,feature_0 > 0.004 AND feature_0 > 0.885 AND feature_1 > 0.172 AND feature_0 > 1.314 AND feature_1 <= 0.873 AND feature_0 > 1.514,"{'feature_0': (1.514, 3.845), 'feature_1': (0.172, 0.873)}",2,2.617,6,[Pretrained] CF,"[378, 608, 684, 718, 719]",2.921,2.933,NoOve,[Pretrained] CF NoOve,0.009,0,0.009,748,157,0.0,5,0.3039999999999998,0.01200000000000001,1.0
711,feature_0 > 0.004 AND feature_0 > 0.885 AND feature_1 > 0.172 AND feature_0 <= 1.314 AND feature_1 > 1.109 AND feature_2 > -0.585,"{'feature_0': (0.885, 1.314), 'feature_1': (1.109, 3.852), 'feature_2': (-0.585, 4.02)}",3,2.584,6,[Pretrained] CF,"[378, 608, 684, 685, 709]",2.849,2.845,NoOve,[Pretrained] CF NoOve,0.009,0,0.009,748,83,0.0,5,0.2650000000000001,0.0040000000000000036,1.0
746,feature_0 > 0.004 AND feature_0 > 0.885 AND feature_1 > 0.172 AND feature_0 > 1.314 AND feature_1 > 0.873 AND feature_2 > -0.57 AND feature_1 > 1.373,"{'feature_0': (1.314, 3.845), 'feature_1': (1.373, 3.852), 'feature_2': (-0.57, 4.02)}",3,2.869,7,[Pretrained] CF,"[378, 608, 684, 718, 738, 742]",3.693,3.593,OptRes,[Pretrained] CF OptRes,0.008,0,0.008,748,21,0.111604763491006,5,0.8239999999999998,0.10000000000000009,1.0
738,feature_0 > 0.004 AND feature_0 > 0.885 AND feature_1 > 0.172 AND feature_0 > 1.314 AND feature_1 > 0.873,"{'feature_0': (1.314, 3.845), 'feature_1': (0.873, 3.852)}",2,2.852,5,[Pretrained] CF,"[378, 608, 684, 718]",3.376,3.355,OptRes,[Pretrained] CF OptRes,0.008,0,0.008,748,61,0.27054463690872754,5,0.524,0.020999999999999908,1.0
743,feature_0 > 0.004 AND feature_0 > 0.885 AND feature_1 > 0.172 AND feature_0 > 1.314 AND feature_1 > 0.873 AND feature_2 > -0.57 AND feature_1 <= 1.373,"{'feature_0': (1.314, 3.845), 'feature_1': (0.873, 1.373), 'feature_2': (-0.57, 4.02)}",3,2.754,7,[Pretrained] CF,"[378, 608, 684, 718, 738, 742]",3.135,3.163,OptRes,[Pretrained] CF OptRes,0.008,0,0.008,748,25,0.1298259493670886,5,0.3809999999999998,0.028000000000000025,1.0
726,feature_0 > 0.004 AND feature_0 > 0.885 AND feature_1 > 0.172 AND feature_0 > 1.314 AND feature_1 <= 0.873 AND feature_0 > 1.514 AND feature_2 <= -0.281,"{'feature_0': (1.514, 3.845), 'feature_1': (0.172, 0.873), 'feature_2': (-3.74, -0.281)}",3,2.68,7,[Pretrained] CF,"[378, 608, 684, 718, 719, 725]",2.966,2.942,OptRes,[Pretrained] CF OptRes,0.008,0,0.008,748,26,0.04430379746835443,5,0.28600000000000003,0.02400000000000002,1.0
718,feature_0 > 0.004 AND feature_0 > 0.885 AND feature_1 > 0.172 AND feature_0 > 1.314,"{'feature_0': (1.314, 3.845), 'feature_1': (0.172, 3.852)}",2,2.665,4,[Pretrained] CF,"[378, 608, 684]",3.001,3.03,OptRes,[Pretrained] CF OptRes,0.008,0,0.008,748,140,0.20759493670886076,5,0.33599999999999985,0.028999999999999915,1.0
746,feature_0 > 0.004 AND feature_0 > 0.885 AND feature_1 > 0.172 AND feature_0 > 1.314 AND feature_1 > 0.873 AND feature_2 > -0.57 AND feature_1 > 1.373,"{'feature_0': (1.314, 3.845), 'feature_1': (1.373, 3.852), 'feature_2': (-0.57, 4.02)}",3,2.869,7,[Pretrained] CF,"[378, 608, 684, 718, 738, 742]",3.693,3.593,ResOve,[Pretrained] CF ResOve,0.137,0,0.137,748,21,0.0805921052631579,5,0.8239999999999998,0.10000000000000009,1.0
743,feature_0 > 0.004 AND feature_0 > 0.885 AND feature_1 > 0.172 AND feature_0 > 1.314 AND feature_1 > 0.873 AND feature_2 > -0.57 AND feature_1 <= 1.373,"{'feature_0': (1.314, 3.845), 'feature_1': (0.873, 1.373), 'feature_2': (-0.57, 4.02)}",3,2.754,7,[Pretrained] CF,"[378, 608, 684, 718, 738, 742]",3.135,3.163,ResOve,[Pretrained] CF ResOve,0.137,0,0.137,748,25,0.09375,5,0.3809999999999998,0.028000000000000025,1.0
709,feature_0 > 0.004 AND feature_0 > 0.885 AND feature_1 > 0.172 AND feature_0 <= 1.314 AND feature_1 > 1.109,"{'feature_0': (0.885, 1.314), 'feature_1': (1.109, 3.852)}",2,2.641,5,[Pretrained] CF,"[378, 608, 684, 685]",2.849,2.866,ResOve,[Pretrained] CF ResOve,0.137,0,0.137,748,43,0.0,5,0.20800000000000018,0.016999999999999904,1.0
738,feature_0 > 0.004 AND feature_0 > 0.885 AND feature_1 > 0.172 AND feature_0 > 1.314 AND feature_1 > 0.873,"{'feature_0': (1.314, 3.845), 'feature_1': (0.873, 3.852)}",2,2.852,5,[Pretrained] CF,"[378, 608, 684, 718]",3.376,3.355,ResOve,[Pretrained] CF ResOve,0.137,0,0.137,748,61,0.1743421052631579,5,0.524,0.020999999999999908,1.0
726,feature_0 > 0.004 AND feature_0 > 0.885 AND feature_1 > 0.172 AND feature_0 > 1.314 AND feature_1 <= 0.873 AND feature_0 > 1.514 AND feature_2 <= -0.281,"{'feature_0': (1.514, 3.845), 'feature_1': (0.172, 0.873), 'feature_2': (-3.74, -0.281)}",3,2.68,7,[Pretrained] CF,"[378, 608, 684, 718, 719, 725]",2.966,2.942,ResOve,[Pretrained] CF ResOve,0.137,0,0.137,748,26,0.0,5,0.28600000000000003,0.02400000000000002,1.0
746,feature_0 > 0.004 AND feature_0 > 0.885 AND feature_1 > 0.172 AND feature_0 > 1.314 AND feature_1 > 0.873 AND feature_2 > -0.57 AND feature_1 > 1.373,"{'feature_0': (1.314, 3.845), 'feature_1': (1.373, 3.852), 'feature_2': (-0.57, 4.02)}",3,2.869,7,[Pretrained] CF,"[378, 608, 684, 718, 738, 742]",3.693,3.593,NoOve,[Pretrained] CF NoOve,0.035,0,0.035,748,21,0.0,5,0.8239999999999998,0.10000000000000009,1.0
743,feature_0 > 0.004 AND feature_0 > 0.885 AND feature_1 > 0.172 AND feature_0 > 1.314 AND feature_1 > 0.873 AND feature_2 > -0.57 AND feature_1 <= 1.373,"{'feature_0': (1.314, 3.845), 'feature_1': (0.873, 1.373), 'feature_2': (-0.57, 4.02)}",3,2.754,7,[Pretrained] CF,"[378, 608, 684, 718, 738, 742]",3.135,3.163,NoOve,[Pretrained] CF NoOve,0.035,0,0.035,748,25,0.0,5,0.3809999999999998,0.028000000000000025,1.0
726,feature_0 > 0.004 AND feature_0 > 0.885 AND feature_1 > 0.172 AND feature_0 > 1.314 AND feature_1 <= 0.873 AND feature_0 > 1.514 AND feature_2 <= -0.281,"{'feature_0': (1.514, 3.845), 'feature_1': (0.172, 0.873), 'feature_2': (-3.74, -0.281)}",3,2.68,7,[Pretrained] CF,"[378, 608, 684, 718, 719, 725]",2.966,2.942,NoOve,[Pretrained] CF NoOve,0.035,0,0.035,748,26,0.0,5,0.28600000000000003,0.02400000000000002,1.0
731,feature_0 > 0.004 AND feature_0 > 0.885 AND feature_1 > 0.172 AND feature_0 > 1.314 AND feature_1 <= 0.873 AND feature_0 > 1.514 AND feature_2 > -0.281,"{'feature_0': (1.514, 3.845), 'feature_1': (0.172, 0.873), 'feature_2': (-0.281, 4.02)}",3,2.575,7,[Pretrained] CF,"[378, 608, 684, 718, 719, 725]",2.891,2.962,NoOve,[Pretrained] CF NoOve,0.035,0,0.035,748,30,0.0,5,0.31599999999999984,0.07100000000000017,1.0
603,feature_0 > 0.004 AND feature_0 <= 0.885 AND feature_1 > 0.927 AND feature_0 > 0.334 AND feature_1 > 1.311 AND feature_0 > 0.555 AND feature_1 > 1.55,"{'feature_0': (0.555, 0.885), 'feature_1': (1.55, 3.852)}",2,2.554,7,[Pretrained] CF,"[378, 379, 567, 585, 595, 601]",2.747,2.715,NoOve,[Pretrained] CF NoOve,0.035,0,0.035,748,26,0.0,5,0.19300000000000006,0.03200000000000003,1.0
741,feature_0 > 0.004 AND feature_0 > 0.885 AND feature_1 > 0.172 AND feature_0 > 1.314 AND feature_1 > 0.873 AND feature_2 <= -0.57 AND feature_1 > 1.185,"{'feature_0': (1.314, 3.845), 'feature_1': (1.185, 3.852), 'feature_2': (-3.74, -0.57)}",3,3.02,7,[Pretrained] CF,"[378, 608, 684, 718, 738, 739]",3.538,3.538,OptRes,[Pretrained] CF OptRes,0.005,0,0.005,748,26,0.04276315789473684,5,0.5179999999999998,0.0,1.0
746,feature_0 > 0.004 AND feature_0 > 0.885 AND feature_1 > 0.172 AND feature_0 > 1.314 AND feature_1 > 0.873 AND feature_2 > -0.57 AND feature_1 > 1.373,"{'feature_0': (1.314, 3.845), 'feature_1': (1.373, 3.852), 'feature_2': (-0.57, 4.02)}",3,2.869,7,[Pretrained] CF,"[378, 608, 684, 718, 738, 742]",3.693,3.693,OptRes,[Pretrained] CF OptRes,0.005,0,0.005,748,49,0.0805921052631579,5,0.8239999999999998,0.0,1.0
738,feature_0 > 0.004 AND feature_0 > 0.885 AND feature_1 > 0.172 AND feature_0 > 1.314 AND feature_1 > 0.873,"{'feature_0': (1.314, 3.845), 'feature_1': (0.873, 3.852)}",2,2.852,5,[Pretrained] CF,"[378, 608, 684, 718]",3.376,3.376,OptRes,[Pretrained] CF OptRes,0.005,0,0.005,748,152,0.1611842105263158,5,0.524,0.0,1.0
744,feature_0 > 0.004 AND feature_0 > 0.885 AND feature_1 > 0.172 AND feature_0 > 1.314 AND feature_1 > 0.873 AND feature_2 > -0.57 AND feature_1 <= 1.373 AND feature_2 <= 0.162,"{'feature_0': (1.314, 3.845), 'feature_1': (0.873, 1.373), 'feature_2': (-0.57, 0.162)}",3,2.8,8,[Pretrained] CF,"[378, 608, 684, 718, 738, 742, 743]",3.123,3.123,OptRes,[Pretrained] CF OptRes,0.005,0,0.005,748,23,0.03782894736842105,5,0.3230000000000004,0.0,1.0
710,feature_0 > 0.004 AND feature_0 > 0.885 AND feature_1 > 0.172 AND feature_0 <= 1.314 AND feature_1 > 1.109 AND feature_2 <= -0.585,"{'feature_0': (0.885, 1.314), 'feature_1': (1.109, 3.852), 'feature_2': (-3.74, -0.585)}",3,2.781,6,[Pretrained] CF,"[378, 608, 684, 685, 709]",2.848,2.848,OptRes,[Pretrained] CF OptRes,0.005,0,0.005,748,38,0.0,5,0.06699999999999973,0.0,1.0
746,feature_0 > 0.004 AND feature_0 > 0.885 AND feature_1 > 0.172 AND feature_0 > 1.314 AND feature_1 > 0.873 AND feature_2 > -0.57 AND feature_1 > 1.373,"{'feature_0': (1.314, 3.845), 'feature_1': (1.373, 3.852), 'feature_2': (-0.57, 4.02)}",3,2.869,7,[Pretrained] CF,"[378, 608, 684, 718, 738, 742]",3.693,3.693,ResOve,[Pretrained] CF ResOve,0.057,0,0.057,748,49,0.0,5,0.8239999999999998,0.0,1.0
741,feature_0 > 0.004 AND feature_0 > 0.885 AND feature_1 > 0.172 AND feature_0 > 1.314 AND feature_1 > 0.873 AND feature_2 <= -0.57 AND feature_1 > 1.185,"{'feature_0': (1.314, 3.845), 'feature_1': (1.185, 3.852), 'feature_2': (-3.74, -0.57)}",3,3.02,7,[Pretrained] CF,"[378, 608, 684, 718, 738, 739]",3.538,3.538,ResOve,[Pretrained] CF ResOve,0.057,0,0.057,748,26,0.14130434782608695,5,0.5179999999999998,0.0,1.0
739,feature_0 > 0.004 AND feature_0 > 0.885 AND feature_1 > 0.172 AND feature_0 > 1.314 AND feature_1 > 0.873 AND feature_2 <= -0.57,"{'feature_0': (1.314, 3.845), 'feature_1': (0.873, 3.852), 'feature_2': (-3.74, -0.57)}",3,2.955,6,[Pretrained] CF,"[378, 608, 684, 718, 738]",3.339,3.339,ResOve,[Pretrained] CF ResOve,0.057,0,0.057,748,46,0.14130434782608695,5,0.3839999999999999,0.0,1.0
745,feature_0 > 0.004 AND feature_0 > 0.885 AND feature_1 > 0.172 AND feature_0 > 1.314 AND feature_1 > 0.873 AND feature_2 > -0.57 AND feature_1 <= 1.373 AND feature_2 > 0.162,"{'feature_0': (1.314, 3.845), 'feature_1': (0.873, 1.373), 'feature_2': (0.162, 4.02)}",3,2.723,8,[Pretrained] CF,"[378, 608, 684, 718, 738, 742, 743]",3.143,3.143,ResOve,[Pretrained] CF ResOve,0.057,0,0.057,748,34,0.0,5,0.41999999999999993,0.0,1.0
710,feature_0 > 0.004 AND feature_0 > 0.885 AND feature_1 > 0.172 AND feature_0 <= 1.314 AND feature_1 > 1.109 AND feature_2 <= -0.585,"{'feature_0': (0.885, 1.314), 'feature_1': (1.109, 3.852), 'feature_2': (-3.74, -0.585)}",3,2.781,6,[Pretrained] CF,"[378, 608, 684, 685, 709]",2.848,2.848,ResOve,[Pretrained] CF ResOve,0.057,0,0.057,748,38,0.0,5,0.06699999999999973,0.0,1.0
741,feature_0 > 0.004 AND feature_0 > 0.885 AND feature_1 > 0.172 AND feature_0 > 1.314 AND feature_1 > 0.873 AND feature_2 <= -0.57 AND feature_1 > 1.185,"{'feature_0': (1.314, 3.845), 'feature_1': (1.185, 3.852), 'feature_2': (-3.74, -0.57)}",3,3.02,7,[Pretrained] CF,"[378, 608, 684, 718, 738, 739]",3.538,3.538,NoOve,[Pretrained] CF NoOve,0.007,0,0.007,748,26,0.0,5,0.5179999999999998,0.0,1.0
746,feature_0 > 0.004 AND feature_0 > 0.885 AND feature_1 > 0.172 AND feature_0 > 1.314 AND feature_1 > 0.873 AND feature_2 > -0.57 AND feature_1 > 1.373,"{'feature_0': (1.314, 3.845), 'feature_1': (1.373, 3.852), 'feature_2': (-0.57, 4.02)}",3,2.869,7,[Pretrained] CF,"[378, 608, 684, 718, 738, 742]",3.693,3.693,NoOve,[Pretrained] CF NoOve,0.007,0,0.007,748,49,0.0,5,0.8239999999999998,0.0,1.0
743,feature_0 > 0.004 AND feature_0 > 0.885 AND feature_1 > 0.172 AND feature_0 > 1.314 AND feature_1 > 0.873 AND feature_2 > -0.57 AND feature_1 <= 1.373,"{'feature_0': (1.314, 3.845), 'feature_1': (0.873, 1.373), 'feature_2': (-0.57, 4.02)}",3,2.754,7,[Pretrained] CF,"[378, 608, 684, 718, 738, 742]",3.135,3.135,NoOve,[Pretrained] CF NoOve,0.007,0,0.007,748,57,0.0,5,0.3809999999999998,0.0,1.0
715,feature_0 > 0.004 AND feature_0 > 0.885 AND feature_1 > 0.172 AND feature_0 <= 1.314 AND feature_1 > 1.109 AND feature_2 > -0.585 AND feature_1 > 1.465,"{'feature_0': (0.885, 1.314), 'feature_1': (1.465, 3.852), 'feature_2': (-0.585, 4.02)}",3,2.681,7,[Pretrained] CF,"[378, 608, 684, 685, 709, 711]",3.129,3.129,NoOve,[Pretrained] CF NoOve,0.007,0,0.007,748,42,0.0,5,0.44799999999999995,0.0,1.0
726,feature_0 > 0.004 AND feature_0 > 0.885 AND feature_1 > 0.172 AND feature_0 > 1.314 AND feature_1 <= 0.873 AND feature_0 > 1.514 AND feature_2 <= -0.281,"{'feature_0': (1.514, 3.845), 'feature_1': (0.172, 0.873), 'feature_2': (-3.74, -0.281)}",3,2.68,7,[Pretrained] CF,"[378, 608, 684, 718, 719, 725]",2.966,2.966,NoOve,[Pretrained] CF NoOve,0.007,0,0.007,748,70,0.0,5,0.28600000000000003,0.0,1.0
741,feature_0 > 0.004 AND feature_0 > 0.885 AND feature_1 > 0.172 AND feature_0 > 1.314 AND feature_1 > 0.873 AND feature_2 <= -0.57 AND feature_1 > 1.185,"{'feature_0': (1.314, 3.845), 'feature_1': (1.185, 3.852), 'feature_2': (-3.74, -0.57)}",3,3.02,7,[Pretrained] CF,"[378, 608, 684, 718, 738, 739]",3.538,3.529,OptRes,[Pretrained] CF OptRes,0.005,0,0.005,748,23,0.04276315789473684,5,0.5179999999999998,0.008999999999999897,1.0
746,feature_0 > 0.004 AND feature_0 > 0.885 AND feature_1 > 0.172 AND feature_0 > 1.314 AND feature_1 > 0.873 AND feature_2 > -0.57 AND feature_1 > 1.373,"{'feature_0': (1.314, 3.845), 'feature_1': (1.373, 3.852), 'feature_2': (-0.57, 4.02)}",3,2.869,7,[Pretrained] CF,"[378, 608, 684, 718, 738, 742]",3.693,3.713,OptRes,[Pretrained] CF OptRes,0.005,0,0.005,748,41,0.0805921052631579,5,0.8239999999999998,0.020000000000000018,1.0
738,feature_0 > 0.004 AND feature_0 > 0.885 AND feature_1 > 0.172 AND feature_0 > 1.314 AND feature_1 > 0.873,"{'feature_0': (1.314, 3.845), 'feature_1': (0.873, 3.852)}",2,2.852,5,[Pretrained] CF,"[378, 608, 684, 718]",3.376,3.381,OptRes,[Pretrained] CF OptRes,0.005,0,0.005,748,130,0.1611842105263158,5,0.524,0.004999999999999893,1.0
744,feature_0 > 0.004 AND feature_0 > 0.885 AND feature_1 > 0.172 AND feature_0 > 1.314 AND feature_1 > 0.873 AND feature_2 > -0.57 AND feature_1 <= 1.373 AND feature_2 <= 0.162,"{'feature_0': (1.314, 3.845), 'feature_1': (0.873, 1.373), 'feature_2': (-0.57, 0.162)}",3,2.8,8,[Pretrained] CF,"[378, 608, 684, 718, 738, 742, 743]",3.123,3.123,OptRes,[Pretrained] CF OptRes,0.005,0,0.005,748,23,0.03782894736842105,5,0.3230000000000004,0.0,1.0
710,feature_0 > 0.004 AND feature_0 > 0.885 AND feature_1 > 0.172 AND feature_0 <= 1.314 AND feature_1 > 1.109 AND feature_2 <= -0.585,"{'feature_0': (0.885, 1.314), 'feature_1': (1.109, 3.852), 'feature_2': (-3.74, -0.585)}",3,2.781,6,[Pretrained] CF,"[378, 608, 684, 685, 709]",2.848,2.834,OptRes,[Pretrained] CF OptRes,0.005,0,0.005,748,32,0.0,5,0.06699999999999973,0.01399999999999979,1.0
746,feature_0 > 0.004 AND feature_0 > 0.885 AND feature_1 > 0.172 AND feature_0 > 1.314 AND feature_1 > 0.873 AND feature_2 > -0.57 AND feature_1 > 1.373,"{'feature_0': (1.314, 3.845), 'feature_1': (1.373, 3.852), 'feature_2': (-0.57, 4.02)}",3,2.869,7,[Pretrained] CF,"[378, 608, 684, 718, 738, 742]",3.693,3.713,ResOve,[Pretrained] CF ResOve,0.109,0,0.109,748,41,0.0,5,0.8239999999999998,0.020000000000000018,1.0
744,feature_0 > 0.004 AND feature_0 > 0.885 AND feature_1 > 0.172 AND feature_0 > 1.314 AND feature_1 > 0.873 AND feature_2 > -0.57 AND feature_1 <= 1.373 AND feature_2 <= 0.162,"{'feature_0': (1.314, 3.845), 'feature_1': (0.873, 1.373), 'feature_2': (-0.57, 0.162)}",3,2.8,8,[Pretrained] CF,"[378, 608, 684, 718, 738, 742, 743]",3.123,3.123,ResOve,[Pretrained] CF ResOve,0.109,0,0.109,748,23,0.0,5,0.3230000000000004,0.0,1.0
741,feature_0 > 0.004 AND feature_0 > 0.885 AND feature_1 > 0.172 AND feature_0 > 1.314 AND feature_1 > 0.873 AND feature_2 <= -0.57 AND feature_1 > 1.185,"{'feature_0': (1.314, 3.845), 'feature_1': (1.185, 3.852), 'feature_2': (-3.74, -0.57)}",3,3.02,7,[Pretrained] CF,"[378, 608, 684, 718, 738, 739]",3.538,3.529,ResOve,[Pretrained] CF ResOve,0.109,0,0.109,748,23,0.14130434782608695,5,0.5179999999999998,0.008999999999999897,1.0
739,feature_0 > 0.004 AND feature_0 > 0.885 AND feature_1 > 0.172 AND feature_0 > 1.314 AND feature_1 > 0.873 AND feature_2 <= -0.57,"{'feature_0': (1.314, 3.845), 'feature_1': (0.873, 3.852), 'feature_2': (-3.74, -0.57)}",3,2.955,6,[Pretrained] CF,"[378, 608, 684, 718, 738]",3.339,3.349,ResOve,[Pretrained] CF ResOve,0.109,0,0.109,748,40,0.14130434782608695,5,0.3839999999999999,0.010000000000000231,1.0
710,feature_0 > 0.004 AND feature_0 > 0.885 AND feature_1 > 0.172 AND feature_0 <= 1.314 AND feature_1 > 1.109 AND feature_2 <= -0.585,"{'feature_0': (0.885, 1.314), 'feature_1': (1.109, 3.852), 'feature_2': (-3.74, -0.585)}",3,2.781,6,[Pretrained] CF,"[378, 608, 684, 685, 709]",2.848,2.834,ResOve,[Pretrained] CF ResOve,0.109,0,0.109,748,32,0.0,5,0.06699999999999973,0.01399999999999979,1.0
741,feature_0 > 0.004 AND feature_0 > 0.885 AND feature_1 > 0.172 AND feature_0 > 1.314 AND feature_1 > 0.873 AND feature_2 <= -0.57 AND feature_1 > 1.185,"{'feature_0': (1.314, 3.845), 'feature_1': (1.185, 3.852), 'feature_2': (-3.74, -0.57)}",3,3.02,7,[Pretrained] CF,"[378, 608, 684, 718, 738, 739]",3.538,3.529,NoOve,[Pretrained] CF NoOve,0.01,0,0.01,748,23,0.0,5,0.5179999999999998,0.008999999999999897,1.0
746,feature_0 > 0.004 AND feature_0 > 0.885 AND feature_1 > 0.172 AND feature_0 > 1.314 AND feature_1 > 0.873 AND feature_2 > -0.57 AND feature_1 > 1.373,"{'feature_0': (1.314, 3.845), 'feature_1': (1.373, 3.852), 'feature_2': (-0.57, 4.02)}",3,2.869,7,[Pretrained] CF,"[378, 608, 684, 718, 738, 742]",3.693,3.713,NoOve,[Pretrained] CF NoOve,0.01,0,0.01,748,41,0.0,5,0.8239999999999998,0.020000000000000018,1.0
743,feature_0 > 0.004 AND feature_0 > 0.885 AND feature_1 > 0.172 AND feature_0 > 1.314 AND feature_1 > 0.873 AND feature_2 > -0.57 AND feature_1 <= 1.373,"{'feature_0': (1.314, 3.845), 'feature_1': (0.873, 1.373), 'feature_2': (-0.57, 4.02)}",3,2.754,7,[Pretrained] CF,"[378, 608, 684, 718, 738, 742]",3.135,3.129,NoOve,[Pretrained] CF NoOve,0.01,0,0.01,748,49,0.0,5,0.3809999999999998,0.005999999999999783,1.0
715,feature_0 > 0.004 AND feature_0 > 0.885 AND feature_1 > 0.172 AND feature_0 <= 1.314 AND feature_1 > 1.109 AND feature_2 > -0.585 AND feature_1 > 1.465,"{'feature_0': (0.885, 1.314), 'feature_1': (1.465, 3.852), 'feature_2': (-0.585, 4.02)}",3,2.681,7,[Pretrained] CF,"[378, 608, 684, 685, 709, 711]",3.129,3.122,NoOve,[Pretrained] CF NoOve,0.01,0,0.01,748,39,0.0,5,0.44799999999999995,0.007000000000000117,1.0
726,feature_0 > 0.004 AND feature_0 > 0.885 AND feature_1 > 0.172 AND feature_0 > 1.314 AND feature_1 <= 0.873 AND feature_0 > 1.514 AND feature_2 <= -0.281,"{'feature_0': (1.514, 3.845), 'feature_1': (0.172, 0.873), 'feature_2': (-3.74, -0.281)}",3,2.68,7,[Pretrained] CF,"[378, 608, 684, 718, 719, 725]",2.966,2.966,NoOve,[Pretrained] CF NoOve,0.01,0,0.01,748,57,0.0,5,0.28600000000000003,0.0,1.0
741,feature_0 > 0.004 AND feature_0 > 0.885 AND feature_1 > 0.172 AND feature_0 > 1.314 AND feature_1 > 0.873 AND feature_2 <= -0.57 AND feature_1 > 1.185,"{'feature_0': (1.314, 3.845), 'feature_1': (1.185, 3.852), 'feature_2': (-3.74, -0.57)}",3,3.02,7,[Pretrained] CF,"[378, 608, 684, 718, 738, 739]",3.538,3.587,OptRes,[Pretrained] CF OptRes,0.005,0,0.005,748,23,0.04276315789473684,5,0.5179999999999998,0.04900000000000038,1.0
746,feature_0 > 0.004 AND feature_0 > 0.885 AND feature_1 > 0.172 AND feature_0 > 1.314 AND feature_1 > 0.873 AND feature_2 > -0.57 AND feature_1 > 1.373,"{'feature_0': (1.314, 3.845), 'feature_1': (1.373, 3.852), 'feature_2': (-0.57, 4.02)}",3,2.869,7,[Pretrained] CF,"[378, 608, 684, 718, 738, 742]",3.693,3.685,OptRes,[Pretrained] CF OptRes,0.005,0,0.005,748,38,0.0805921052631579,5,0.8239999999999998,0.008000000000000007,1.0
738,feature_0 > 0.004 AND feature_0 > 0.885 AND feature_1 > 0.172 AND feature_0 > 1.314 AND feature_1 > 0.873,"{'feature_0': (1.314, 3.845), 'feature_1': (0.873, 3.852)}",2,2.852,5,[Pretrained] CF,"[378, 608, 684, 718]",3.376,3.389,OptRes,[Pretrained] CF OptRes,0.005,0,0.005,748,124,0.21710526315789475,5,0.524,0.0129999999999999,1.0
710,feature_0 > 0.004 AND feature_0 > 0.885 AND feature_1 > 0.172 AND feature_0 <= 1.314 AND feature_1 > 1.109 AND feature_2 <= -0.585,"{'feature_0': (0.885, 1.314), 'feature_1': (1.109, 3.852), 'feature_2': (-3.74, -0.585)}",3,2.781,6,[Pretrained] CF,"[378, 608, 684, 685, 709]",2.848,2.847,OptRes,[Pretrained] CF OptRes,0.005,0,0.005,748,29,0.0,5,0.06699999999999973,0.0009999999999998899,1.0
743,feature_0 > 0.004 AND feature_0 > 0.885 AND feature_1 > 0.172 AND feature_0 > 1.314 AND feature_1 > 0.873 AND feature_2 > -0.57 AND feature_1 <= 1.373,"{'feature_0': (1.314, 3.845), 'feature_1': (0.873, 1.373), 'feature_2': (-0.57, 4.02)}",3,2.754,7,[Pretrained] CF,"[378, 608, 684, 718, 738, 742]",3.135,3.125,OptRes,[Pretrained] CF OptRes,0.005,0,0.005,748,49,0.09375,5,0.3809999999999998,0.009999999999999787,1.0
739,feature_0 > 0.004 AND feature_0 > 0.885 AND feature_1 > 0.172 AND feature_0 > 1.314 AND feature_1 > 0.873 AND feature_2 <= -0.57,"{'feature_0': (1.314, 3.845), 'feature_1': (0.873, 3.852), 'feature_2': (-3.74, -0.57)}",3,2.955,6,[Pretrained] CF,"[378, 608, 684, 718, 738]",3.339,3.433,ResOve,[Pretrained] CF ResOve,0.117,0,0.117,748,37,0.14130434782608695,5,0.3839999999999999,0.09399999999999986,1.0
748,feature_0 > 0.004 AND feature_0 > 0.885 AND feature_1 > 0.172 AND feature_0 > 1.314 AND feature_1 > 0.873 AND feature_2 > -0.57 AND feature_1 > 1.373 AND feature_2 > 0.313,"{'feature_0': (1.314, 3.845), 'feature_1': (1.373, 3.852), 'feature_2': (0.313, 4.02)}",3,2.837,8,[Pretrained] CF,"[378, 608, 684, 718, 738, 742, 746]",3.756,3.767,ResOve,[Pretrained] CF ResOve,0.117,0,0.117,748,23,0.0,5,0.9189999999999996,0.01100000000000012,1.0
710,feature_0 > 0.004 AND feature_0 > 0.885 AND feature_1 > 0.172 AND feature_0 <= 1.314 AND feature_1 > 1.109 AND feature_2 <= -0.585,"{'feature_0': (0.885, 1.314), 'feature_1': (1.109, 3.852), 'feature_2': (-3.74, -0.585)}",3,2.781,6,[Pretrained] CF,"[378, 608, 684, 685, 709]",2.848,2.847,ResOve,[Pretrained] CF ResOve,0.117,0,0.117,748,29,0.0,5,0.06699999999999973,0.0009999999999998899,1.0
743,feature_0 > 0.004 AND feature_0 > 0.885 AND feature_1 > 0.172 AND feature_0 > 1.314 AND feature_1 > 0.873 AND feature_2 > -0.57 AND feature_1 <= 1.373,"{'feature_0': (1.314, 3.845), 'feature_1': (0.873, 1.373), 'feature_2': (-0.57, 4.02)}",3,2.754,7,[Pretrained] CF,"[378, 608, 684, 718, 738, 742]",3.135,3.125,ResOve,[Pretrained] CF ResOve,0.117,0,0.117,748,49,0.0,5,0.3809999999999998,0.009999999999999787,1.0
741,feature_0 > 0.004 AND feature_0 > 0.885 AND feature_1 > 0.172 AND feature_0 > 1.314 AND feature_1 > 0.873 AND feature_2 <= -0.57 AND feature_1 > 1.185,"{'feature_0': (1.314, 3.845), 'feature_1': (1.185, 3.852), 'feature_2': (-3.74, -0.57)}",3,3.02,7,[Pretrained] CF,"[378, 608, 684, 718, 738, 739]",3.538,3.587,ResOve,[Pretrained] CF ResOve,0.117,0,0.117,748,23,0.14130434782608695,5,0.5179999999999998,0.04900000000000038,1.0
741,feature_0 > 0.004 AND feature_0 > 0.885 AND feature_1 > 0.172 AND feature_0 > 1.314 AND feature_1 > 0.873 AND feature_2 <= -0.57 AND feature_1 > 1.185,"{'feature_0': (1.314, 3.845), 'feature_1': (1.185, 3.852), 'feature_2': (-3.74, -0.57)}",3,3.02,7,[Pretrained] CF,"[378, 608, 684, 718, 738, 739]",3.538,3.587,NoOve,[Pretrained] CF NoOve,0.009,0,0.009,748,23,0.0,5,0.5179999999999998,0.04900000000000038,1.0
746,feature_0 > 0.004 AND feature_0 > 0.885 AND feature_1 > 0.172 AND feature_0 > 1.314 AND feature_1 > 0.873 AND feature_2 > -0.57 AND feature_1 > 1.373,"{'feature_0': (1.314, 3.845), 'feature_1': (1.373, 3.852), 'feature_2': (-0.57, 4.02)}",3,2.869,7,[Pretrained] CF,"[378, 608, 684, 718, 738, 742]",3.693,3.685,NoOve,[Pretrained] CF NoOve,0.009,0,0.009,748,38,0.0,5,0.8239999999999998,0.008000000000000007,1.0
743,feature_0 > 0.004 AND feature_0 > 0.885 AND feature_1 > 0.172 AND feature_0 > 1.314 AND feature_1 > 0.873 AND feature_2 > -0.57 AND feature_1 <= 1.373,"{'feature_0': (1.314, 3.845), 'feature_1': (0.873, 1.373), 'feature_2': (-0.57, 4.02)}",3,2.754,7,[Pretrained] CF,"[378, 608, 684, 718, 738, 742]",3.135,3.125,NoOve,[Pretrained] CF NoOve,0.009,0,0.009,748,49,0.0,5,0.3809999999999998,0.009999999999999787,1.0
715,feature_0 > 0.004 AND feature_0 > 0.885 AND feature_1 > 0.172 AND feature_0 <= 1.314 AND feature_1 > 1.109 AND feature_2 > -0.585 AND feature_1 > 1.465,"{'feature_0': (0.885, 1.314), 'feature_1': (1.465, 3.852), 'feature_2': (-0.585, 4.02)}",3,2.681,7,[Pretrained] CF,"[378, 608, 684, 685, 709, 711]",3.129,3.108,NoOve,[Pretrained] CF NoOve,0.009,0,0.009,748,34,0.0,5,0.44799999999999995,0.020999999999999908,1.0
726,feature_0 > 0.004 AND feature_0 > 0.885 AND feature_1 > 0.172 AND feature_0 > 1.314 AND feature_1 <= 0.873 AND feature_0 > 1.514 AND feature_2 <= -0.281,"{'feature_0': (1.514, 3.845), 'feature_1': (0.172, 0.873), 'feature_2': (-3.74, -0.281)}",3,2.68,7,[Pretrained] CF,"[378, 608, 684, 718, 719, 725]",2.966,2.96,NoOve,[Pretrained] CF NoOve,0.009,0,0.009,748,63,0.0,5,0.28600000000000003,0.006000000000000227,1.0
746,feature_0 > 0.004 AND feature_0 > 0.885 AND feature_1 > 0.172 AND feature_0 > 1.314 AND feature_1 > 0.873 AND feature_2 > -0.57 AND feature_1 > 1.373,"{'feature_0': (1.314, 3.845), 'feature_1': (1.373, 3.852), 'feature_2': (-0.57, 4.02)}",3,2.869,7,[Pretrained] CF,"[378, 608, 684, 718, 738, 742]",3.693,3.557,OptRes,[Pretrained] CF OptRes,0.007,0,0.007,748,21,0.111604763491006,5,0.8239999999999998,0.13600000000000012,1.0
738,feature_0 > 0.004 AND feature_0 > 0.885 AND feature_1 > 0.172 AND feature_0 > 1.314 AND feature_1 > 0.873,"{'feature_0': (1.314, 3.845), 'feature_1': (0.873, 3.852)}",2,2.852,5,[Pretrained] CF,"[378, 608, 684, 718]",3.376,3.304,OptRes,[Pretrained] CF OptRes,0.007,0,0.007,748,69,0.27054463690872754,5,0.524,0.07200000000000006,1.0
743,feature_0 > 0.004 AND feature_0 > 0.885 AND feature_1 > 0.172 AND feature_0 > 1.314 AND feature_1 > 0.873 AND feature_2 > -0.57 AND feature_1 <= 1.373,"{'feature_0': (1.314, 3.845), 'feature_1': (0.873, 1.373), 'feature_2': (-0.57, 4.02)}",3,2.754,7,[Pretrained] CF,"[378, 608, 684, 718, 738, 742]",3.135,3.1,OptRes,[Pretrained] CF OptRes,0.007,0,0.007,748,28,0.1298259493670886,5,0.3809999999999998,0.0349999999999997,1.0
726,feature_0 > 0.004 AND feature_0 > 0.885 AND feature_1 > 0.172 AND feature_0 > 1.314 AND feature_1 <= 0.873 AND feature_0 > 1.514 AND feature_2 <= -0.281,"{'feature_0': (1.514, 3.845), 'feature_1': (0.172, 0.873), 'feature_2': (-3.74, -0.281)}",3,2.68,7,[Pretrained] CF,"[378, 608, 684, 718, 719, 725]",2.966,2.906,OptRes,[Pretrained] CF OptRes,0.007,0,0.007,748,31,0.04430379746835443,5,0.28600000000000003,0.06000000000000005,1.0
718,feature_0 > 0.004 AND feature_0 > 0.885 AND feature_1 > 0.172 AND feature_0 > 1.314,"{'feature_0': (1.314, 3.845), 'feature_1': (0.172, 3.852)}",2,2.665,4,[Pretrained] CF,"[378, 608, 684]",3.001,2.956,OptRes,[Pretrained] CF OptRes,0.007,0,0.007,748,188,0.20759493670886076,5,0.33599999999999985,0.04499999999999993,1.0
746,feature_0 > 0.004 AND feature_0 > 0.885 AND feature_1 > 0.172 AND feature_0 > 1.314 AND feature_1 > 0.873 AND feature_2 > -0.57 AND feature_1 > 1.373,"{'feature_0': (1.314, 3.845), 'feature_1': (1.373, 3.852), 'feature_2': (-0.57, 4.02)}",3,2.869,7,[Pretrained] CF,"[378, 608, 684, 718, 738, 742]",3.693,3.557,ResOve,[Pretrained] CF ResOve,0.12,0,0.12,748,21,0.0805921052631579,5,0.8239999999999998,0.13600000000000012,1.0
743,feature_0 > 0.004 AND feature_0 > 0.885 AND feature_1 > 0.172 AND feature_0 > 1.314 AND feature_1 > 0.873 AND feature_2 > -0.57 AND feature_1 <= 1.373,"{'feature_0': (1.314, 3.845), 'feature_1': (0.873, 1.373), 'feature_2': (-0.57, 4.02)}",3,2.754,7,[Pretrained] CF,"[378, 608, 684, 718, 738, 742]",3.135,3.1,ResOve,[Pretrained] CF ResOve,0.12,0,0.12,748,28,0.09375,5,0.3809999999999998,0.0349999999999997,1.0
709,feature_0 > 0.004 AND feature_0 > 0.885 AND feature_1 > 0.172 AND feature_0 <= 1.314 AND feature_1 > 1.109,"{'feature_0': (0.885, 1.314), 'feature_1': (1.109, 3.852)}",2,2.641,5,[Pretrained] CF,"[378, 608, 684, 685]",2.849,2.837,ResOve,[Pretrained] CF ResOve,0.12,0,0.12,748,60,0.0,5,0.20800000000000018,0.01200000000000001,1.0
738,feature_0 > 0.004 AND feature_0 > 0.885 AND feature_1 > 0.172 AND feature_0 > 1.314 AND feature_1 > 0.873,"{'feature_0': (1.314, 3.845), 'feature_1': (0.873, 3.852)}",2,2.852,5,[Pretrained] CF,"[378, 608, 684, 718]",3.376,3.304,ResOve,[Pretrained] CF ResOve,0.12,0,0.12,748,69,0.1743421052631579,5,0.524,0.07200000000000006,1.0
726,feature_0 > 0.004 AND feature_0 > 0.885 AND feature_1 > 0.172 AND feature_0 > 1.314 AND feature_1 <= 0.873 AND feature_0 > 1.514 AND feature_2 <= -0.281,"{'feature_0': (1.514, 3.845), 'feature_1': (0.172, 0.873), 'feature_2': (-3.74, -0.281)}",3,2.68,7,[Pretrained] CF,"[378, 608, 684, 718, 719, 725]",2.966,2.906,ResOve,[Pretrained] CF ResOve,0.12,0,0.12,748,31,0.0,5,0.28600000000000003,0.06000000000000005,1.0
746,feature_0 > 0.004 AND feature_0 > 0.885 AND feature_1 > 0.172 AND feature_0 > 1.314 AND feature_1 > 0.873 AND feature_2 > -0.57 AND feature_1 > 1.373,"{'feature_0': (1.314, 3.845), 'feature_1': (1.373, 3.852), 'feature_2': (-0.57, 4.02)}",3,2.869,7,[Pretrained] CF,"[378, 608, 684, 718, 738, 742]",3.693,3.557,NoOve,[Pretrained] CF NoOve,0.024,0,0.024,748,21,0.0,5,0.8239999999999998,0.13600000000000012,1.0
743,feature_0 > 0.004 AND feature_0 > 0.885 AND feature_1 > 0.172 AND feature_0 > 1.314 AND feature_1 > 0.873 AND feature_2 > -0.57 AND feature_1 <= 1.373,"{'feature_0': (1.314, 3.845), 'feature_1': (0.873, 1.373), 'feature_2': (-0.57, 4.02)}",3,2.754,7,[Pretrained] CF,"[378, 608, 684, 718, 738, 742]",3.135,3.1,NoOve,[Pretrained] CF NoOve,0.024,0,0.024,748,28,0.0,5,0.3809999999999998,0.0349999999999997,1.0
726,feature_0 > 0.004 AND feature_0 > 0.885 AND feature_1 > 0.172 AND feature_0 > 1.314 AND feature_1 <= 0.873 AND feature_0 > 1.514 AND feature_2 <= -0.281,"{'feature_0': (1.514, 3.845), 'feature_1': (0.172, 0.873), 'feature_2': (-3.74, -0.281)}",3,2.68,7,[Pretrained] CF,"[378, 608, 684, 718, 719, 725]",2.966,2.906,NoOve,[Pretrained] CF NoOve,0.024,0,0.024,748,31,0.0,5,0.28600000000000003,0.06000000000000005,1.0
731,feature_0 > 0.004 AND feature_0 > 0.885 AND feature_1 > 0.172 AND feature_0 > 1.314 AND feature_1 <= 0.873 AND feature_0 > 1.514 AND feature_2 > -0.281,"{'feature_0': (1.514, 3.845), 'feature_1': (0.172, 0.873), 'feature_2': (-0.281, 4.02)}",3,2.575,7,[Pretrained] CF,"[378, 608, 684, 718, 719, 725]",2.891,2.856,NoOve,[Pretrained] CF NoOve,0.024,0,0.024,748,56,0.0,5,0.31599999999999984,0.03500000000000014,1.0
603,feature_0 > 0.004 AND feature_0 <= 0.885 AND feature_1 > 0.927 AND feature_0 > 0.334 AND feature_1 > 1.311 AND feature_0 > 0.555 AND feature_1 > 1.55,"{'feature_0': (0.555, 0.885), 'feature_1': (1.55, 3.852)}",2,2.554,7,[Pretrained] CF,"[378, 379, 567, 585, 595, 601]",2.747,2.739,NoOve,[Pretrained] CF NoOve,0.024,0,0.024,748,36,0.0,5,0.19300000000000006,0.008000000000000007,1.0
738,feature_0 > 0.004 AND feature_0 > 0.885 AND feature_1 > 0.172 AND feature_0 > 1.314 AND feature_1 > 0.873,"{'feature_0': (1.314, 3.845), 'feature_1': (0.873, 3.852)}",2,2.852,5,[Pretrained] CF,"[378, 608, 684, 718]",3.376,3.332,OptRes,[Pretrained] CF OptRes,0.012,0,0.012,748,44,0.09620253164556962,5,0.524,0.04400000000000004,1.0
718,feature_0 > 0.004 AND feature_0 > 0.885 AND feature_1 > 0.172 AND feature_0 > 1.314,"{'feature_0': (1.314, 3.845), 'feature_1': (0.172, 3.852)}",2,2.665,4,[Pretrained] CF,"[378, 608, 684]",3.001,3.022,OptRes,[Pretrained] CF OptRes,0.012,0,0.012,748,110,0.20569620253164556,5,0.33599999999999985,0.020999999999999908,1.0
709,feature_0 > 0.004 AND feature_0 > 0.885 AND feature_1 > 0.172 AND feature_0 <= 1.314 AND feature_1 > 1.109,"{'feature_0': (0.885, 1.314), 'feature_1': (1.109, 3.852)}",2,2.641,5,[Pretrained] CF,"[378, 608, 684, 685]",2.849,2.881,OptRes,[Pretrained] CF OptRes,0.012,0,0.012,748,32,0.0,5,0.20800000000000018,0.031999999999999584,1.0
725,feature_0 > 0.004 AND feature_0 > 0.885 AND feature_1 > 0.172 AND feature_0 > 1.314 AND feature_1 <= 0.873 AND feature_0 > 1.514,"{'feature_0': (1.514, 3.845), 'feature_1': (0.172, 0.873)}",2,2.617,6,[Pretrained] CF,"[378, 608, 684, 718, 719]",2.921,2.932,OptRes,[Pretrained] CF OptRes,0.012,0,0.012,748,51,0.10949367088607595,5,0.3039999999999998,0.01100000000000012,1.0
601,feature_0 > 0.004 AND feature_0 <= 0.885 AND feature_1 > 0.927 AND feature_0 > 0.334 AND feature_1 > 1.311 AND feature_0 > 0.555,"{'feature_0': (0.555, 0.885), 'feature_1': (1.311, 3.852)}",2,2.496,6,[Pretrained] CF,"[378, 379, 567, 585, 595]",2.612,2.55,OptRes,[Pretrained] CF OptRes,0.012,0,0.012,748,31,0.0,5,0.1160000000000001,0.06200000000000028,1.0
742,feature_0 > 0.004 AND feature_0 > 0.885 AND feature_1 > 0.172 AND feature_0 > 1.314 AND feature_1 > 0.873 AND feature_2 > -0.57,"{'feature_0': (1.314, 3.845), 'feature_1': (0.873, 3.852), 'feature_2': (-0.57, 4.02)}",3,2.807,6,[Pretrained] CF,"[378, 608, 684, 718, 738]",3.393,3.349,ResOve,[Pretrained] CF ResOve,0.135,0,0.135,748,29,0.17434210526315788,5,0.5859999999999999,0.043999999999999595,1.0
738,feature_0 > 0.004 AND feature_0 > 0.885 AND feature_1 > 0.172 AND feature_0 > 1.314 AND feature_1 > 0.873,"{'feature_0': (1.314, 3.845), 'feature_1': (0.873, 3.852)}",2,2.852,5,[Pretrained] CF,"[378, 608, 684, 718]",3.376,3.332,ResOve,[Pretrained] CF ResOve,0.135,0,0.135,748,44,0.17434210526315788,5,0.524,0.04400000000000004,1.0
725,feature_0 > 0.004 AND feature_0 > 0.885 AND feature_1 > 0.172 AND feature_0 > 1.314 AND feature_1 <= 0.873 AND feature_0 > 1.514,"{'feature_0': (1.514, 3.845), 'feature_1': (0.172, 0.873)}",2,2.617,6,[Pretrained] CF,"[378, 608, 684, 718, 719]",2.921,2.932,ResOve,[Pretrained] CF ResOve,0.135,0,0.135,748,51,0.14884393063583815,5,0.3039999999999998,0.01100000000000012,1.0
601,feature_0 > 0.004 AND feature_0 <= 0.885 AND feature_1 > 0.927 AND feature_0 > 0.334 AND feature_1 > 1.311 AND feature_0 > 0.555,"{'feature_0': (0.555, 0.885), 'feature_1': (1.311, 3.852)}",2,2.496,6,[Pretrained] CF,"[378, 379, 567, 585, 595]",2.612,2.55,ResOve,[Pretrained] CF ResOve,0.135,0,0.135,748,31,0.0,5,0.1160000000000001,0.06200000000000028,1.0
731,feature_0 > 0.004 AND feature_0 > 0.885 AND feature_1 > 0.172 AND feature_0 > 1.314 AND feature_1 <= 0.873 AND feature_0 > 1.514 AND feature_2 > -0.281,"{'feature_0': (1.514, 3.845), 'feature_1': (0.172, 0.873), 'feature_2': (-0.281, 4.02)}",3,2.575,7,[Pretrained] CF,"[378, 608, 684, 718, 719, 725]",2.891,2.923,ResOve,[Pretrained] CF ResOve,0.135,0,0.135,748,31,0.14884393063583815,5,0.31599999999999984,0.03200000000000003,1.0
742,feature_0 > 0.004 AND feature_0 > 0.885 AND feature_1 > 0.172 AND feature_0 > 1.314 AND feature_1 > 0.873 AND feature_2 > -0.57,"{'feature_0': (1.314, 3.845), 'feature_1': (0.873, 3.852), 'feature_2': (-0.57, 4.02)}",3,2.807,6,[Pretrained] CF,"[378, 608, 684, 718, 738]",3.393,3.349,NoOve,[Pretrained] CF NoOve,0.055,0,0.055,748,29,0.0,5,0.5859999999999999,0.043999999999999595,1.0
725,feature_0 > 0.004 AND feature_0 > 0.885 AND feature_1 > 0.172 AND feature_0 > 1.314 AND feature_1 <= 0.873 AND feature_0 > 1.514,"{'feature_0': (1.514, 3.845), 'feature_1': (0.172, 0.873)}",2,2.617,6,[Pretrained] CF,"[378, 608, 684, 718, 719]",2.921,2.932,NoOve,[Pretrained] CF NoOve,0.055,0,0.055,748,51,0.0,5,0.3039999999999998,0.01100000000000012,1.0
711,feature_0 > 0.004 AND feature_0 > 0.885 AND feature_1 > 0.172 AND feature_0 <= 1.314 AND feature_1 > 1.109 AND feature_2 > -0.585,"{'feature_0': (0.885, 1.314), 'feature_1': (1.109, 3.852), 'feature_2': (-0.585, 4.02)}",3,2.584,6,[Pretrained] CF,"[378, 608, 684, 685, 709]",2.849,2.882,NoOve,[Pretrained] CF NoOve,0.055,0,0.055,748,22,0.0,5,0.2650000000000001,0.03299999999999992,1.0
601,feature_0 > 0.004 AND feature_0 <= 0.885 AND feature_1 > 0.927 AND feature_0 > 0.334 AND feature_1 > 1.311 AND feature_0 > 0.555,"{'feature_0': (0.555, 0.885), 'feature_1': (1.311, 3.852)}",2,2.496,6,[Pretrained] CF,"[378, 379, 567, 585, 595]",2.612,2.55,NoOve,[Pretrained] CF NoOve,0.055,0,0.055,748,31,0.0,5,0.1160000000000001,0.06200000000000028,1.0
596,feature_0 > 0.004 AND feature_0 <= 0.885 AND feature_1 > 0.927 AND feature_0 > 0.334 AND feature_1 > 1.311 AND feature_0 <= 0.555,"{'feature_0': (0.334, 0.555), 'feature_1': (1.311, 3.852)}",2,2.335,6,[Pretrained] CF,"[378, 379, 567, 585, 595]",2.314,2.251,NoOve,[Pretrained] CF NoOve,0.055,0,0.055,748,21,0.0,5,0.020999999999999908,0.06300000000000017,1.0
738,feature_0 > 0.004 AND feature_0 > 0.885 AND feature_1 > 0.172 AND feature_0 > 1.314 AND feature_1 > 0.873,"{'feature_0': (1.314, 3.845), 'feature_1': (0.873, 3.852)}",2,2.852,5,[Pretrained] CF,"[378, 608, 684, 718]",3.376,3.351,OptRes,[Pretrained] CF OptRes,0.007,0,0.007,748,61,0.18995253164556963,5,0.524,0.02499999999999991,1.0
743,feature_0 > 0.004 AND feature_0 > 0.885 AND feature_1 > 0.172 AND feature_0 > 1.314 AND feature_1 > 0.873 AND feature_2 > -0.57 AND feature_1 <= 1.373,"{'feature_0': (1.314, 3.845), 'feature_1': (0.873, 1.373), 'feature_2': (-0.57, 4.02)}",3,2.754,7,[Pretrained] CF,"[378, 608, 684, 718, 738, 742]",3.135,3.184,OptRes,[Pretrained] CF OptRes,0.007,0,0.007,748,24,0.1298259493670886,5,0.3809999999999998,0.04900000000000038,1.0
728,feature_0 > 0.004 AND feature_0 > 0.885 AND feature_1 > 0.172 AND feature_0 > 1.314 AND feature_1 <= 0.873 AND feature_0 > 1.514 AND feature_2 <= -0.281 AND feature_1 > 0.409,"{'feature_0': (1.514, 3.845), 'feature_1': (0.409, 0.873), 'feature_2': (-3.74, -0.281)}",3,2.712,8,[Pretrained] CF,"[378, 608, 684, 718, 719, 725, 726]",3.053,3.031,OptRes,[Pretrained] CF OptRes,0.007,0,0.007,748,23,0.0310126582278481,5,0.34099999999999975,0.021999999999999797,1.0
718,feature_0 > 0.004 AND feature_0 > 0.885 AND feature_1 > 0.172 AND feature_0 > 1.314,"{'feature_0': (1.314, 3.845), 'feature_1': (0.172, 3.852)}",2,2.665,4,[Pretrained] CF,"[378, 608, 684]",3.001,2.966,OptRes,[Pretrained] CF OptRes,0.007,0,0.007,748,180,0.1632911392405063,5,0.33599999999999985,0.0349999999999997,1.0
709,feature_0 > 0.004 AND feature_0 > 0.885 AND feature_1 > 0.172 AND feature_0 <= 1.314 AND feature_1 > 1.109,"{'feature_0': (0.885, 1.314), 'feature_1': (1.109, 3.852)}",2,2.641,5,[Pretrained] CF,"[378, 608, 684, 685]",2.849,2.858,OptRes,[Pretrained] CF OptRes,0.007,0,0.007,748,54,0.0,5,0.20800000000000018,0.008999999999999897,1.0
743,feature_0 > 0.004 AND feature_0 > 0.885 AND feature_1 > 0.172 AND feature_0 > 1.314 AND feature_1 > 0.873 AND feature_2 > -0.57 AND feature_1 <= 1.373,"{'feature_0': (1.314, 3.845), 'feature_1': (0.873, 1.373), 'feature_2': (-0.57, 4.02)}",3,2.754,7,[Pretrained] CF,"[378, 608, 684, 718, 738, 742]",3.135,3.184,ResOve,[Pretrained] CF ResOve,0.137,0,0.137,748,24,0.09375,5,0.3809999999999998,0.04900000000000038,1.0
738,feature_0 > 0.004 AND feature_0 > 0.885 AND feature_1 > 0.172 AND feature_0 > 1.314 AND feature_1 > 0.873,"{'feature_0': (1.314, 3.845), 'feature_1': (0.873, 3.852)}",2,2.852,5,[Pretrained] CF,"[378, 608, 684, 718]",3.376,3.351,ResOve,[Pretrained] CF ResOve,0.137,0,0.137,748,61,0.09375,5,0.524,0.02499999999999991,1.0
734,feature_0 > 0.004 AND feature_0 > 0.885 AND feature_1 > 0.172 AND feature_0 > 1.314 AND feature_1 <= 0.873 AND feature_0 > 1.514 AND feature_2 > -0.281 AND feature_1 > 0.346 AND feature_0 <= 1.929,"{'feature_0': (1.514, 1.929), 'feature_1': (0.346, 0.873), 'feature_2': (-0.281, 4.02)}",3,2.572,9,[Pretrained] CF,"[378, 608, 684, 718, 719, 725, 731, 733]",2.704,2.729,ResOve,[Pretrained] CF ResOve,0.137,0,0.137,748,21,0.0,5,0.13200000000000012,0.02499999999999991,1.0
728,feature_0 > 0.004 AND feature_0 > 0.885 AND feature_1 > 0.172 AND feature_0 > 1.314 AND feature_1 <= 0.873 AND feature_0 > 1.514 AND feature_2 <= -0.281 AND feature_1 > 0.409,"{'feature_0': (1.514, 3.845), 'feature_1': (0.409, 0.873), 'feature_2': (-3.74, -0.281)}",3,2.712,8,[Pretrained] CF,"[378, 608, 684, 718, 719, 725, 726]",3.053,3.031,ResOve,[Pretrained] CF ResOve,0.137,0,0.137,748,23,0.0,5,0.34099999999999975,0.021999999999999797,1.0
711,feature_0 > 0.004 AND feature_0 > 0.885 AND feature_1 > 0.172 AND feature_0 <= 1.314 AND feature_1 > 1.109 AND feature_2 > -0.585,"{'feature_0': (0.885, 1.314), 'feature_1': (1.109, 3.852), 'feature_2': (-0.585, 4.02)}",3,2.584,6,[Pretrained] CF,"[378, 608, 684, 685, 709]",2.849,2.871,ResOve,[Pretrained] CF ResOve,0.137,0,0.137,748,39,0.0,5,0.2650000000000001,0.021999999999999797,1.0
743,feature_0 > 0.004 AND feature_0 > 0.885 AND feature_1 > 0.172 AND feature_0 > 1.314 AND feature_1 > 0.873 AND feature_2 > -0.57 AND feature_1 <= 1.373,"{'feature_0': (1.314, 3.845), 'feature_1': (0.873, 1.373), 'feature_2': (-0.57, 4.02)}",3,2.754,7,[Pretrained] CF,"[378, 608, 684, 718, 738, 742]",3.135,3.184,NoOve,[Pretrained] CF NoOve,0.03,0,0.03,748,24,0.0,5,0.3809999999999998,0.04900000000000038,1.0
726,feature_0 > 0.004 AND feature_0 > 0.885 AND feature_1 > 0.172 AND feature_0 > 1.314 AND feature_1 <= 0.873 AND feature_0 > 1.514 AND feature_2 <= -0.281,"{'feature_0': (1.514, 3.845), 'feature_1': (0.172, 0.873), 'feature_2': (-3.74, -0.281)}",3,2.68,7,[Pretrained] CF,"[378, 608, 684, 718, 719, 725]",2.966,2.952,NoOve,[Pretrained] CF NoOve,0.03,0,0.03,748,34,0.0,5,0.28600000000000003,0.014000000000000234,1.0
731,feature_0 > 0.004 AND feature_0 > 0.885 AND feature_1 > 0.172 AND feature_0 > 1.314 AND feature_1 <= 0.873 AND feature_0 > 1.514 AND feature_2 > -0.281,"{'feature_0': (1.514, 3.845), 'feature_1': (0.172, 0.873), 'feature_2': (-0.281, 4.02)}",3,2.575,7,[Pretrained] CF,"[378, 608, 684, 718, 719, 725]",2.891,2.925,NoOve,[Pretrained] CF NoOve,0.03,0,0.03,748,48,0.0,5,0.31599999999999984,0.03399999999999981,1.0
603,feature_0 > 0.004 AND feature_0 <= 0.885 AND feature_1 > 0.927 AND feature_0 > 0.334 AND feature_1 > 1.311 AND feature_0 > 0.555 AND feature_1 > 1.55,"{'feature_0': (0.555, 0.885), 'feature_1': (1.55, 3.852)}",2,2.554,7,[Pretrained] CF,"[378, 379, 567, 585, 595, 601]",2.747,2.737,NoOve,[Pretrained] CF NoOve,0.03,0,0.03,748,35,0.0,5,0.19300000000000006,0.009999999999999787,1.0
712,feature_0 > 0.004 AND feature_0 > 0.885 AND feature_1 > 0.172 AND feature_0 <= 1.314 AND feature_1 > 1.109 AND feature_2 > -0.585 AND feature_1 <= 1.465,"{'feature_0': (0.885, 1.314), 'feature_1': (1.109, 1.465), 'feature_2': (-0.585, 4.02)}",3,2.506,7,[Pretrained] CF,"[378, 608, 684, 685, 709, 711]",2.623,2.631,NoOve,[Pretrained] CF NoOve,0.03,0,0.03,748,23,0.0,5,0.11700000000000044,0.007999999999999563,1.0
738,feature_0 > 0.004 AND feature_0 > 0.885 AND feature_1 > 0.172 AND feature_0 > 1.314 AND feature_1 > 0.873,"{'feature_0': (1.314, 3.845), 'feature_1': (0.873, 3.852)}",2,2.852,5,[Pretrained] CF,"[378, 608, 684, 718]",3.376,3.313,OptRes,[Pretrained] CF OptRes,0.006,0,0.006,748,65,0.18995253164556963,5,0.524,0.06299999999999972,1.0
743,feature_0 > 0.004 AND feature_0 > 0.885 AND feature_1 > 0.172 AND feature_0 > 1.314 AND feature_1 > 0.873 AND feature_2 > -0.57 AND feature_1 <= 1.373,"{'feature_0': (1.314, 3.845), 'feature_1': (0.873, 1.373), 'feature_2': (-0.57, 4.02)}",3,2.754,7,[Pretrained] CF,"[378, 608, 684, 718, 738, 742]",3.135,3.118,OptRes,[Pretrained] CF OptRes,0.006,0,0.006,748,27,0.1298259493670886,5,0.3809999999999998,0.016999999999999904,1.0
726,feature_0 > 0.004 AND feature_0 > 0.885 AND feature_1 > 0.172 AND feature_0 > 1.314 AND feature_1 <= 0.873 AND feature_0 > 1.514 AND feature_2 <= -0.281,"{'feature_0': (1.514, 3.845), 'feature_1': (0.172, 0.873), 'feature_2': (-3.74, -0.281)}",3,2.68,7,[Pretrained] CF,"[378, 608, 684, 718, 719, 725]",2.966,2.917,OptRes,[Pretrained] CF OptRes,0.006,0,0.006,748,25,0.04430379746835443,5,0.28600000000000003,0.04900000000000038,1.0
718,feature_0 > 0.004 AND feature_0 > 0.885 AND feature_1 > 0.172 AND feature_0 > 1.314,"{'feature_0': (1.314, 3.845), 'feature_1': (0.172, 3.852)}",2,2.665,4,[Pretrained] CF,"[378, 608, 684]",3.001,2.985,OptRes,[Pretrained] CF OptRes,0.006,0,0.006,748,164,0.17658227848101266,5,0.33599999999999985,0.016000000000000014,1.0
709,feature_0 > 0.004 AND feature_0 > 0.885 AND feature_1 > 0.172 AND feature_0 <= 1.314 AND feature_1 > 1.109,"{'feature_0': (0.885, 1.314), 'feature_1': (1.109, 3.852)}",2,2.641,5,[Pretrained] CF,"[378, 608, 684, 685]",2.849,2.839,OptRes,[Pretrained] CF OptRes,0.006,0,0.006,748,54,0.0,5,0.20800000000000018,0.010000000000000231,1.0
743,feature_0 > 0.004 AND feature_0 > 0.885 AND feature_1 > 0.172 AND feature_0 > 1.314 AND feature_1 > 0.873 AND feature_2 > -0.57 AND feature_1 <= 1.373,"{'feature_0': (1.314, 3.845), 'feature_1': (0.873, 1.373), 'feature_2': (-0.57, 4.02)}",3,2.754,7,[Pretrained] CF,"[378, 608, 684, 718, 738, 742]",3.135,3.118,ResOve,[Pretrained] CF ResOve,0.164,0,0.164,748,27,0.13443396226415094,5,0.3809999999999998,0.016999999999999904,1.0
733,feature_0 > 0.004 AND feature_0 > 0.885 AND feature_1 > 0.172 AND feature_0 > 1.314 AND feature_1 <= 0.873 AND feature_0 > 1.514 AND feature_2 > -0.281 AND feature_1 > 0.346,"{'feature_0': (1.514, 3.845), 'feature_1': (0.346, 0.873), 'feature_2': (-0.281, 4.02)}",3,2.598,8,[Pretrained] CF,"[378, 608, 684, 718, 719, 725, 731]",2.901,2.869,ResOve,[Pretrained] CF ResOve,0.164,0,0.164,748,31,0.06893004115226338,5,0.30299999999999994,0.031999999999999584,1.0
604,feature_0 > 0.004 AND feature_0 <= 0.885 AND feature_1 > 0.927 AND feature_0 > 0.334 AND feature_1 > 1.311 AND feature_0 > 0.555 AND feature_1 > 1.55 AND feature_0 <= 0.774,"{'feature_0': (0.555, 0.774), 'feature_1': (1.55, 3.852)}",2,2.502,8,[Pretrained] CF,"[378, 379, 567, 585, 595, 601, 603]",2.727,2.695,ResOve,[Pretrained] CF ResOve,0.164,0,0.164,748,23,0.0,5,0.2250000000000001,0.03200000000000003,1.0
719,feature_0 > 0.004 AND feature_0 > 0.885 AND feature_1 > 0.172 AND feature_0 > 1.314 AND feature_1 <= 0.873,"{'feature_0': (1.314, 3.845), 'feature_1': (0.172, 0.873)}",2,2.548,5,[Pretrained] CF,"[378, 608, 684, 718]",2.767,2.77,ResOve,[Pretrained] CF ResOve,0.164,0,0.164,748,99,0.06893004115226338,5,0.21899999999999986,0.0030000000000001137,1.0
742,feature_0 > 0.004 AND feature_0 > 0.885 AND feature_1 > 0.172 AND feature_0 > 1.314 AND feature_1 > 0.873 AND feature_2 > -0.57,"{'feature_0': (1.314, 3.845), 'feature_1': (0.873, 3.852), 'feature_2': (-0.57, 4.02)}",3,2.807,6,[Pretrained] CF,"[378, 608, 684, 718, 738]",3.393,3.312,ResOve,[Pretrained] CF ResOve,0.164,0,0.164,748,47,0.13443396226415094,5,0.5859999999999999,0.08099999999999996,1.0
743,feature_0 > 0.004 AND feature_0 > 0.885 AND feature_1 > 0.172 AND feature_0 > 1.314 AND feature_1 > 0.873 AND feature_2 > -0.57 AND feature_1 <= 1.373,"{'feature_0': (1.314, 3.845), 'feature_1': (0.873, 1.373), 'feature_2': (-0.57, 4.02)}",3,2.754,7,[Pretrained] CF,"[378, 608, 684, 718, 738, 742]",3.135,3.118,NoOve,[Pretrained] CF NoOve,0.036,0,0.036,748,27,0.0,5,0.3809999999999998,0.016999999999999904,1.0
726,feature_0 > 0.004 AND feature_0 > 0.885 AND feature_1 > 0.172 AND feature_0 > 1.314 AND feature_1 <= 0.873 AND feature_0 > 1.514 AND feature_2 <= -0.281,"{'feature_0': (1.514, 3.845), 'feature_1': (0.172, 0.873), 'feature_2': (-3.74, -0.281)}",3,2.68,7,[Pretrained] CF,"[378, 608, 684, 718, 719, 725]",2.966,2.917,NoOve,[Pretrained] CF NoOve,0.036,0,0.036,748,25,0.0,5,0.28600000000000003,0.04900000000000038,1.0
731,feature_0 > 0.004 AND feature_0 > 0.885 AND feature_1 > 0.172 AND feature_0 > 1.314 AND feature_1 <= 0.873 AND feature_0 > 1.514 AND feature_2 > -0.281,"{'feature_0': (1.514, 3.845), 'feature_1': (0.172, 0.873), 'feature_2': (-0.281, 4.02)}",3,2.575,7,[Pretrained] CF,"[378, 608, 684, 718, 719, 725]",2.891,2.868,NoOve,[Pretrained] CF NoOve,0.036,0,0.036,748,48,0.0,5,0.31599999999999984,0.02300000000000013,1.0
603,feature_0 > 0.004 AND feature_0 <= 0.885 AND feature_1 > 0.927 AND feature_0 > 0.334 AND feature_1 > 1.311 AND feature_0 > 0.555 AND feature_1 > 1.55,"{'feature_0': (0.555, 0.885), 'feature_1': (1.55, 3.852)}",2,2.554,7,[Pretrained] CF,"[378, 379, 567, 585, 595, 601]",2.747,2.738,NoOve,[Pretrained] CF NoOve,0.036,0,0.036,748,34,0.0,5,0.19300000000000006,0.008999999999999897,1.0
712,feature_0 > 0.004 AND feature_0 > 0.885 AND feature_1 > 0.172 AND feature_0 <= 1.314 AND feature_1 > 1.109 AND feature_2 > -0.585 AND feature_1 <= 1.465,"{'feature_0': (0.885, 1.314), 'feature_1': (1.109, 1.465), 'feature_2': (-0.585, 4.02)}",3,2.506,7,[Pretrained] CF,"[378, 608, 684, 685, 709, 711]",2.623,2.62,NoOve,[Pretrained] CF NoOve,0.036,0,0.036,748,23,0.0,5,0.11700000000000044,0.0030000000000001137,1.0
738,feature_0 > 0.004 AND feature_0 > 0.885 AND feature_1 > 0.172 AND feature_0 > 1.314 AND feature_1 > 0.873,"{'feature_0': (1.314, 3.845), 'feature_1': (0.873, 3.852)}",2,2.852,5,[Pretrained] CF,"[378, 608, 684, 718]",3.376,3.416,OptRes,[Pretrained] CF OptRes,0.008,0,0.008,748,60,0.18995253164556963,5,0.524,0.040000000000000036,1.0
743,feature_0 > 0.004 AND feature_0 > 0.885 AND feature_1 > 0.172 AND feature_0 > 1.314 AND feature_1 > 0.873 AND feature_2 > -0.57 AND feature_1 <= 1.373,"{'feature_0': (1.314, 3.845), 'feature_1': (0.873, 1.373), 'feature_2': (-0.57, 4.02)}",3,2.754,7,[Pretrained] CF,"[378, 608, 684, 718, 738, 742]",3.135,3.091,OptRes,[Pretrained] CF OptRes,0.008,0,0.008,748,23,0.1298259493670886,5,0.3809999999999998,0.043999999999999595,1.0
728,feature_0 > 0.004 AND feature_0 > 0.885 AND feature_1 > 0.172 AND feature_0 > 1.314 AND feature_1 <= 0.873 AND feature_0 > 1.514 AND feature_2 <= -0.281 AND feature_1 > 0.409,"{'feature_0': (1.514, 3.845), 'feature_1': (0.409, 0.873), 'feature_2': (-3.74, -0.281)}",3,2.712,8,[Pretrained] CF,"[378, 608, 684, 718, 719, 725, 726]",3.053,3.074,OptRes,[Pretrained] CF OptRes,0.008,0,0.008,748,21,0.0310126582278481,5,0.34099999999999975,0.020999999999999908,1.0
715,feature_0 > 0.004 AND feature_0 > 0.885 AND feature_1 > 0.172 AND feature_0 <= 1.314 AND feature_1 > 1.109 AND feature_2 > -0.585 AND feature_1 > 1.465,"{'feature_0': (0.885, 1.314), 'feature_1': (1.465, 3.852), 'feature_2': (-0.585, 4.02)}",3,2.681,7,[Pretrained] CF,"[378, 608, 684, 685, 709, 711]",3.129,3.106,OptRes,[Pretrained] CF OptRes,0.008,0,0.008,748,22,0.0,5,0.44799999999999995,0.02300000000000013,1.0
718,feature_0 > 0.004 AND feature_0 > 0.885 AND feature_1 > 0.172 AND feature_0 > 1.314,"{'feature_0': (1.314, 3.845), 'feature_1': (0.172, 3.852)}",2,2.665,4,[Pretrained] CF,"[378, 608, 684]",3.001,2.976,OptRes,[Pretrained] CF OptRes,0.008,0,0.008,748,173,0.1632911392405063,5,0.33599999999999985,0.02499999999999991,1.0
743,feature_0 > 0.004 AND feature_0 > 0.885 AND feature_1 > 0.172 AND feature_0 > 1.314 AND feature_1 > 0.873 AND feature_2 > -0.57 AND feature_1 <= 1.373,"{'feature_0': (1.314, 3.845), 'feature_1': (0.873, 1.373), 'feature_2': (-0.57, 4.02)}",3,2.754,7,[Pretrained] CF,"[378, 608, 684, 718, 738, 742]",3.135,3.091,ResOve,[Pretrained] CF ResOve,0.177,0,0.177,748,23,0.09375,5,0.3809999999999998,0.043999999999999595,1.0
738,feature_0 > 0.004 AND feature_0 > 0.885 AND feature_1 > 0.172 AND feature_0 > 1.314 AND feature_1 > 0.873,"{'feature_0': (1.314, 3.845), 'feature_1': (0.873, 3.852)}",2,2.852,5,[Pretrained] CF,"[378, 608, 684, 718]",3.376,3.416,ResOve,[Pretrained] CF ResOve,0.177,0,0.177,748,60,0.09375,5,0.524,0.040000000000000036,1.0
709,feature_0 > 0.004 AND feature_0 > 0.885 AND feature_1 > 0.172 AND feature_0 <= 1.314 AND feature_1 > 1.109,"{'feature_0': (0.885, 1.314), 'feature_1': (1.109, 3.852)}",2,2.641,5,[Pretrained] CF,"[378, 608, 684, 685]",2.849,2.85,ResOve,[Pretrained] CF ResOve,0.177,0,0.177,748,70,0.0,5,0.20800000000000018,0.0009999999999998899,1.0
733,feature_0 > 0.004 AND feature_0 > 0.885 AND feature_1 > 0.172 AND feature_0 > 1.314 AND feature_1 <= 0.873 AND feature_0 > 1.514 AND feature_2 > -0.281 AND feature_1 > 0.346,"{'feature_0': (1.514, 3.845), 'feature_1': (0.346, 0.873), 'feature_2': (-0.281, 4.02)}",3,2.598,8,[Pretrained] CF,"[378, 608, 684, 718, 719, 725, 731]",2.901,2.852,ResOve,[Pretrained] CF ResOve,0.177,0,0.177,748,28,0.0,5,0.30299999999999994,0.04899999999999993,1.0
728,feature_0 > 0.004 AND feature_0 > 0.885 AND feature_1 > 0.172 AND feature_0 > 1.314 AND feature_1 <= 0.873 AND feature_0 > 1.514 AND feature_2 <= -0.281 AND feature_1 > 0.409,"{'feature_0': (1.514, 3.845), 'feature_1': (0.409, 0.873), 'feature_2': (-3.74, -0.281)}",3,2.712,8,[Pretrained] CF,"[378, 608, 684, 718, 719, 725, 726]",3.053,3.074,ResOve,[Pretrained] CF ResOve,0.177,0,0.177,748,21,0.0,5,0.34099999999999975,0.020999999999999908,1.0
743,feature_0 > 0.004 AND feature_0 > 0.885 AND feature_1 > 0.172 AND feature_0 > 1.314 AND feature_1 > 0.873 AND feature_2 > -0.57 AND feature_1 <= 1.373,"{'feature_0': (1.314, 3.845), 'feature_1': (0.873, 1.373), 'feature_2': (-0.57, 4.02)}",3,2.754,7,[Pretrained] CF,"[378, 608, 684, 718, 738, 742]",3.135,3.091,NoOve,[Pretrained] CF NoOve,0.034,0,0.034,748,23,0.0,5,0.3809999999999998,0.043999999999999595,1.0
715,feature_0 > 0.004 AND feature_0 > 0.885 AND feature_1 > 0.172 AND feature_0 <= 1.314 AND feature_1 > 1.109 AND feature_2 > -0.585 AND feature_1 > 1.465,"{'feature_0': (0.885, 1.314), 'feature_1': (1.465, 3.852), 'feature_2': (-0.585, 4.02)}",3,2.681,7,[Pretrained] CF,"[378, 608, 684, 685, 709, 711]",3.129,3.106,NoOve,[Pretrained] CF NoOve,0.034,0,0.034,748,22,0.0,5,0.44799999999999995,0.02300000000000013,1.0
726,feature_0 > 0.004 AND feature_0 > 0.885 AND feature_1 > 0.172 AND feature_0 > 1.314 AND feature_1 <= 0.873 AND feature_0 > 1.514 AND feature_2 <= -0.281,"{'feature_0': (1.514, 3.845), 'feature_1': (0.172, 0.873), 'feature_2': (-3.74, -0.281)}",3,2.68,7,[Pretrained] CF,"[378, 608, 684, 718, 719, 725]",2.966,2.95,NoOve,[Pretrained] CF NoOve,0.034,0,0.034,748,32,0.0,5,0.28600000000000003,0.016000000000000014,1.0
731,feature_0 > 0.004 AND feature_0 > 0.885 AND feature_1 > 0.172 AND feature_0 > 1.314 AND feature_1 <= 0.873 AND feature_0 > 1.514 AND feature_2 > -0.281,"{'feature_0': (1.514, 3.845), 'feature_1': (0.172, 0.873), 'feature_2': (-0.281, 4.02)}",3,2.575,7,[Pretrained] CF,"[378, 608, 684, 718, 719, 725]",2.891,2.851,NoOve,[Pretrained] CF NoOve,0.034,0,0.034,748,46,0.0,5,0.31599999999999984,0.040000000000000036,1.0
603,feature_0 > 0.004 AND feature_0 <= 0.885 AND feature_1 > 0.927 AND feature_0 > 0.334 AND feature_1 > 1.311 AND feature_0 > 0.555 AND feature_1 > 1.55,"{'feature_0': (0.555, 0.885), 'feature_1': (1.55, 3.852)}",2,2.554,7,[Pretrained] CF,"[378, 379, 567, 585, 595, 601]",2.747,2.777,NoOve,[Pretrained] CF NoOve,0.034,0,0.034,748,34,0.0,5,0.19300000000000006,0.03000000000000025,1.0
739,feature_0 > 0.004 AND feature_0 > 0.885 AND feature_1 > 0.172 AND feature_0 > 1.314 AND feature_1 > 0.873 AND feature_2 <= -0.57,"{'feature_0': (1.314, 3.845), 'feature_1': (0.873, 3.852), 'feature_2': (-3.74, -0.57)}",3,2.955,6,[Pretrained] CF,"[378, 608, 684, 718, 738]",3.339,3.357,OptRes,[Pretrained] CF OptRes,0.004,0,0.004,748,27,0.0756578947368421,5,0.3839999999999999,0.018000000000000238,1.0
746,feature_0 > 0.004 AND feature_0 > 0.885 AND feature_1 > 0.172 AND feature_0 > 1.314 AND feature_1 > 0.873 AND feature_2 > -0.57 AND feature_1 > 1.373,"{'feature_0': (1.314, 3.845), 'feature_1': (1.373, 3.852), 'feature_2': (-0.57, 4.02)}",3,2.869,7,[Pretrained] CF,"[378, 608, 684, 718, 738, 742]",3.693,3.621,OptRes,[Pretrained] CF OptRes,0.004,0,0.004,748,26,0.0805921052631579,5,0.8239999999999998,0.07200000000000006,1.0
738,feature_0 > 0.004 AND feature_0 > 0.885 AND feature_1 > 0.172 AND feature_0 > 1.314 AND feature_1 > 0.873,"{'feature_0': (1.314, 3.845), 'feature_1': (0.873, 3.852)}",2,2.852,5,[Pretrained] CF,"[378, 608, 684, 718]",3.376,3.34,OptRes,[Pretrained] CF OptRes,0.004,0,0.004,748,87,0.25,5,0.524,0.03600000000000003,1.0
710,feature_0 > 0.004 AND feature_0 > 0.885 AND feature_1 > 0.172 AND feature_0 <= 1.314 AND feature_1 > 1.109 AND feature_2 <= -0.585,"{'feature_0': (0.885, 1.314), 'feature_1': (1.109, 3.852), 'feature_2': (-3.74, -0.585)}",3,2.781,6,[Pretrained] CF,"[378, 608, 684, 685, 709]",2.848,2.825,OptRes,[Pretrained] CF OptRes,0.004,0,0.004,748,22,0.0,5,0.06699999999999973,0.022999999999999687,1.0
743,feature_0 > 0.004 AND feature_0 > 0.885 AND feature_1 > 0.172 AND feature_0 > 1.314 AND feature_1 > 0.873 AND feature_2 > -0.57 AND feature_1 <= 1.373,"{'feature_0': (1.314, 3.845), 'feature_1': (0.873, 1.373), 'feature_2': (-0.57, 4.02)}",3,2.754,7,[Pretrained] CF,"[378, 608, 684, 718, 738, 742]",3.135,3.113,OptRes,[Pretrained] CF OptRes,0.004,0,0.004,748,34,0.09375,5,0.3809999999999998,0.021999999999999797,1.0
746,feature_0 > 0.004 AND feature_0 > 0.885 AND feature_1 > 0.172 AND feature_0 > 1.314 AND feature_1 > 0.873 AND feature_2 > -0.57 AND feature_1 > 1.373,"{'feature_0': (1.314, 3.845), 'feature_1': (1.373, 3.852), 'feature_2': (-0.57, 4.02)}",3,2.869,7,[Pretrained] CF,"[378, 608, 684, 718, 738, 742]",3.693,3.621,ResOve,[Pretrained] CF ResOve,0.081,0,0.081,748,26,0.0,5,0.8239999999999998,0.07200000000000006,1.0
743,feature_0 > 0.004 AND feature_0 > 0.885 AND feature_1 > 0.172 AND feature_0 > 1.314 AND feature_1 > 0.873 AND feature_2 > -0.57 AND feature_1 <= 1.373,"{'feature_0': (1.314, 3.845), 'feature_1': (0.873, 1.373), 'feature_2': (-0.57, 4.02)}",3,2.754,7,[Pretrained] CF,"[378, 608, 684, 718, 738, 742]",3.135,3.113,ResOve,[Pretrained] CF ResOve,0.081,0,0.081,748,34,0.0,5,0.3809999999999998,0.021999999999999797,1.0
739,feature_0 > 0.004 AND feature_0 > 0.885 AND feature_1 > 0.172 AND feature_0 > 1.314 AND feature_1 > 0.873 AND feature_2 <= -0.57,"{'feature_0': (1.314, 3.845), 'feature_1': (0.873, 3.852), 'feature_2': (-3.74, -0.57)}",3,2.955,6,[Pretrained] CF,"[378, 608, 684, 718, 738]",3.339,3.357,ResOve,[Pretrained] CF ResOve,0.081,0,0.081,748,27,0.0,5,0.3839999999999999,0.018000000000000238,1.0
711,feature_0 > 0.004 AND feature_0 > 0.885 AND feature_1 > 0.172 AND feature_0 <= 1.314 AND feature_1 > 1.109 AND feature_2 > -0.585,"{'feature_0': (0.885, 1.314), 'feature_1': (1.109, 3.852), 'feature_2': (-0.585, 4.02)}",3,2.584,6,[Pretrained] CF,"[378, 608, 684, 685, 709]",2.849,2.824,ResOve,[Pretrained] CF ResOve,0.081,0,0.081,748,49,0.0,5,0.2650000000000001,0.025000000000000355,1.0
710,feature_0 > 0.004 AND feature_0 > 0.885 AND feature_1 > 0.172 AND feature_0 <= 1.314 AND feature_1 > 1.109 AND feature_2 <= -0.585,"{'feature_0': (0.885, 1.314), 'feature_1': (1.109, 3.852), 'feature_2': (-3.74, -0.585)}",3,2.781,6,[Pretrained] CF,"[378, 608, 684, 685, 709]",2.848,2.825,ResOve,[Pretrained] CF ResOve,0.081,0,0.081,748,22,0.0,5,0.06699999999999973,0.022999999999999687,1.0
739,feature_0 > 0.004 AND feature_0 > 0.885 AND feature_1 > 0.172 AND feature_0 > 1.314 AND feature_1 > 0.873 AND feature_2 <= -0.57,"{'feature_0': (1.314, 3.845), 'feature_1': (0.873, 3.852), 'feature_2': (-3.74, -0.57)}",3,2.955,6,[Pretrained] CF,"[378, 608, 684, 718, 738]",3.339,3.357,NoOve,[Pretrained] CF NoOve,0.019,0,0.019,748,27,0.0,5,0.3839999999999999,0.018000000000000238,1.0
742,feature_0 > 0.004 AND feature_0 > 0.885 AND feature_1 > 0.172 AND feature_0 > 1.314 AND feature_1 > 0.873 AND feature_2 > -0.57,"{'feature_0': (1.314, 3.845), 'feature_1': (0.873, 3.852), 'feature_2': (-0.57, 4.02)}",3,2.807,6,[Pretrained] CF,"[378, 608, 684, 718, 738]",3.393,3.333,NoOve,[Pretrained] CF NoOve,0.019,0,0.019,748,60,0.0,5,0.5859999999999999,0.05999999999999961,1.0
710,feature_0 > 0.004 AND feature_0 > 0.885 AND feature_1 > 0.172 AND feature_0 <= 1.314 AND feature_1 > 1.109 AND feature_2 <= -0.585,"{'feature_0': (0.885, 1.314), 'feature_1': (1.109, 3.852), 'feature_2': (-3.74, -0.585)}",3,2.781,6,[Pretrained] CF,"[378, 608, 684, 685, 709]",2.848,2.825,NoOve,[Pretrained] CF NoOve,0.019,0,0.019,748,22,0.0,5,0.06699999999999973,0.022999999999999687,1.0
725,feature_0 > 0.004 AND feature_0 > 0.885 AND feature_1 > 0.172 AND feature_0 > 1.314 AND feature_1 <= 0.873 AND feature_0 > 1.514,"{'feature_0': (1.514, 3.845), 'feature_1': (0.172, 0.873)}",2,2.617,6,[Pretrained] CF,"[378, 608, 684, 718, 719]",2.921,2.901,NoOve,[Pretrained] CF NoOve,0.019,0,0.019,748,98,0.0,5,0.3039999999999998,0.020000000000000018,1.0
711,feature_0 > 0.004 AND feature_0 > 0.885 AND feature_1 > 0.172 AND feature_0 <= 1.314 AND feature_1 > 1.109 AND feature_2 > -0.585,"{'feature_0': (0.885, 1.314), 'feature_1': (1.109, 3.852), 'feature_2': (-0.585, 4.02)}",3,2.584,6,[Pretrained] CF,"[378, 608, 684, 685, 709]",2.849,2.824,NoOve,[Pretrained] CF NoOve,0.019,0,0.019,748,49,0.0,5,0.2650000000000001,0.025000000000000355,1.0
738,feature_0 > 0.004 AND feature_0 > 0.885 AND feature_1 > 0.172 AND feature_0 > 1.314 AND feature_1 > 0.873,"{'feature_0': (1.314, 3.845), 'feature_1': (0.873, 3.852)}",2,2.852,5,[Pretrained] CF,"[378, 608, 684, 718]",3.376,3.375,OptRes,[Pretrained] CF OptRes,0.008,0,0.008,748,47,0.09620253164556962,5,0.524,0.0009999999999998899,1.0
718,feature_0 > 0.004 AND feature_0 > 0.885 AND feature_1 > 0.172 AND feature_0 > 1.314,"{'feature_0': (1.314, 3.845), 'feature_1': (0.172, 3.852)}",2,2.665,4,[Pretrained] CF,"[378, 608, 684]",3.001,2.981,OptRes,[Pretrained] CF OptRes,0.008,0,0.008,748,124,0.2481012658227848,5,0.33599999999999985,0.020000000000000018,1.0
709,feature_0 > 0.004 AND feature_0 > 0.885 AND feature_1 > 0.172 AND feature_0 <= 1.314 AND feature_1 > 1.109,"{'feature_0': (0.885, 1.314), 'feature_1': (1.109, 3.852)}",2,2.641,5,[Pretrained] CF,"[378, 608, 684, 685]",2.849,2.799,OptRes,[Pretrained] CF OptRes,0.008,0,0.008,748,36,0.0,5,0.20800000000000018,0.050000000000000266,1.0
725,feature_0 > 0.004 AND feature_0 > 0.885 AND feature_1 > 0.172 AND feature_0 > 1.314 AND feature_1 <= 0.873 AND feature_0 > 1.514,"{'feature_0': (1.514, 3.845), 'feature_1': (0.172, 0.873)}",2,2.617,6,[Pretrained] CF,"[378, 608, 684, 718, 719]",2.921,2.906,OptRes,[Pretrained] CF OptRes,0.008,0,0.008,748,54,0.20631448013463086,5,0.3039999999999998,0.01499999999999968,1.0
733,feature_0 > 0.004 AND feature_0 > 0.885 AND feature_1 > 0.172 AND feature_0 > 1.314 AND feature_1 <= 0.873 AND feature_0 > 1.514 AND feature_2 > -0.281 AND feature_1 > 0.346,"{'feature_0': (1.514, 3.845), 'feature_1': (0.346, 0.873), 'feature_2': (-0.281, 4.02)}",3,2.598,8,[Pretrained] CF,"[378, 608, 684, 718, 719, 725, 731]",2.901,2.846,OptRes,[Pretrained] CF OptRes,0.008,0,0.008,748,23,0.13922587253969415,5,0.30299999999999994,0.054999999999999716,1.0
742,feature_0 > 0.004 AND feature_0 > 0.885 AND feature_1 > 0.172 AND feature_0 > 1.314 AND feature_1 > 0.873 AND feature_2 > -0.57,"{'feature_0': (1.314, 3.845), 'feature_1': (0.873, 3.852), 'feature_2': (-0.57, 4.02)}",3,2.807,6,[Pretrained] CF,"[378, 608, 684, 718, 738]",3.393,3.406,ResOve,[Pretrained] CF ResOve,0.142,0,0.142,748,35,0.17434210526315788,5,0.5859999999999999,0.013000000000000345,1.0
738,feature_0 > 0.004 AND feature_0 > 0.885 AND feature_1 > 0.172 AND feature_0 > 1.314 AND feature_1 > 0.873,"{'feature_0': (1.314, 3.845), 'feature_1': (0.873, 3.852)}",2,2.852,5,[Pretrained] CF,"[378, 608, 684, 718]",3.376,3.375,ResOve,[Pretrained] CF ResOve,0.142,0,0.142,748,47,0.17434210526315788,5,0.524,0.0009999999999998899,1.0
725,feature_0 > 0.004 AND feature_0 > 0.885 AND feature_1 > 0.172 AND feature_0 > 1.314 AND feature_1 <= 0.873 AND feature_0 > 1.514,"{'feature_0': (1.514, 3.845), 'feature_1': (0.172, 0.873)}",2,2.617,6,[Pretrained] CF,"[378, 608, 684, 718, 719]",2.921,2.906,ResOve,[Pretrained] CF ResOve,0.142,0,0.142,748,54,0.0,5,0.3039999999999998,0.01499999999999968,1.0
711,feature_0 > 0.004 AND feature_0 > 0.885 AND feature_1 > 0.172 AND feature_0 <= 1.314 AND feature_1 > 1.109 AND feature_2 > -0.585,"{'feature_0': (0.885, 1.314), 'feature_1': (1.109, 3.852), 'feature_2': (-0.585, 4.02)}",3,2.584,6,[Pretrained] CF,"[378, 608, 684, 685, 709]",2.849,2.781,ResOve,[Pretrained] CF ResOve,0.142,0,0.142,748,24,0.0,5,0.2650000000000001,0.06800000000000006,1.0
603,feature_0 > 0.004 AND feature_0 <= 0.885 AND feature_1 > 0.927 AND feature_0 > 0.334 AND feature_1 > 1.311 AND feature_0 > 0.555 AND feature_1 > 1.55,"{'feature_0': (0.555, 0.885), 'feature_1': (1.55, 3.852)}",2,2.554,7,[Pretrained] CF,"[378, 379, 567, 585, 595, 601]",2.747,2.826,ResOve,[Pretrained] CF ResOve,0.142,0,0.142,748,25,0.0,5,0.19300000000000006,0.07900000000000018,1.0
742,feature_0 > 0.004 AND feature_0 > 0.885 AND feature_1 > 0.172 AND feature_0 > 1.314 AND feature_1 > 0.873 AND feature_2 > -0.57,"{'feature_0': (1.314, 3.845), 'feature_1': (0.873, 3.852), 'feature_2': (-0.57, 4.02)}",3,2.807,6,[Pretrained] CF,"[378, 608, 684, 718, 738]",3.393,3.406,NoOve,[Pretrained] CF NoOve,0.059,0,0.059,748,35,0.0,5,0.5859999999999999,0.013000000000000345,1.0
725,feature_0 > 0.004 AND feature_0 > 0.885 AND feature_1 > 0.172 AND feature_0 > 1.314 AND feature_1 <= 0.873 AND feature_0 > 1.514,"{'feature_0': (1.514, 3.845), 'feature_1': (0.172, 0.873)}",2,2.617,6,[Pretrained] CF,"[378, 608, 684, 718, 719]",2.921,2.906,NoOve,[Pretrained] CF NoOve,0.059,0,0.059,748,54,0.0,5,0.3039999999999998,0.01499999999999968,1.0
711,feature_0 > 0.004 AND feature_0 > 0.885 AND feature_1 > 0.172 AND feature_0 <= 1.314 AND feature_1 > 1.109 AND feature_2 > -0.585,"{'feature_0': (0.885, 1.314), 'feature_1': (1.109, 3.852), 'feature_2': (-0.585, 4.02)}",3,2.584,6,[Pretrained] CF,"[378, 608, 684, 685, 709]",2.849,2.781,NoOve,[Pretrained] CF NoOve,0.059,0,0.059,748,24,0.0,5,0.2650000000000001,0.06800000000000006,1.0
601,feature_0 > 0.004 AND feature_0 <= 0.885 AND feature_1 > 0.927 AND feature_0 > 0.334 AND feature_1 > 1.311 AND feature_0 > 0.555,"{'feature_0': (0.555, 0.885), 'feature_1': (1.311, 3.852)}",2,2.496,6,[Pretrained] CF,"[378, 379, 567, 585, 595]",2.612,2.662,NoOve,[Pretrained] CF NoOve,0.059,0,0.059,748,40,0.0,5,0.1160000000000001,0.04999999999999982,1.0
720,feature_0 > 0.004 AND feature_0 > 0.885 AND feature_1 > 0.172 AND feature_0 > 1.314 AND feature_1 <= 0.873 AND feature_0 <= 1.514,"{'feature_0': (1.314, 1.514), 'feature_1': (0.172, 0.873)}",2,2.381,6,[Pretrained] CF,"[378, 608, 684, 718, 719]",2.384,2.349,NoOve,[Pretrained] CF NoOve,0.059,0,0.059,748,23,0.0,5,0.0030000000000001137,0.0349999999999997,1.0
739,feature_0 > 0.004 AND feature_0 > 0.885 AND feature_1 > 0.172 AND feature_0 > 1.314 AND feature_1 > 0.873 AND feature_2 <= -0.57,"{'feature_0': (1.314, 3.845), 'feature_1': (0.873, 3.852), 'feature_2': (-3.74, -0.57)}",3,2.955,6,[Pretrained] CF,"[378, 608, 684, 718, 738]",3.339,3.26,OptRes,[Pretrained] CF OptRes,0.005,0,0.005,748,35,0.0756578947368421,5,0.3839999999999999,0.07900000000000018,1.0
746,feature_0 > 0.004 AND feature_0 > 0.885 AND feature_1 > 0.172 AND feature_0 > 1.314 AND feature_1 > 0.873 AND feature_2 > -0.57 AND feature_1 > 1.373,"{'feature_0': (1.314, 3.845), 'feature_1': (1.373, 3.852), 'feature_2': (-0.57, 4.02)}",3,2.869,7,[Pretrained] CF,"[378, 608, 684, 718, 738, 742]",3.693,3.627,OptRes,[Pretrained] CF OptRes,0.005,0,0.005,748,35,0.0805921052631579,5,0.8239999999999998,0.06600000000000028,1.0
738,feature_0 > 0.004 AND feature_0 > 0.885 AND feature_1 > 0.172 AND feature_0 > 1.314 AND feature_1 > 0.873,"{'feature_0': (1.314, 3.845), 'feature_1': (0.873, 3.852)}",2,2.852,5,[Pretrained] CF,"[378, 608, 684, 718]",3.376,3.323,OptRes,[Pretrained] CF OptRes,0.005,0,0.005,748,117,0.25,5,0.524,0.052999999999999936,1.0
710,feature_0 > 0.004 AND feature_0 > 0.885 AND feature_1 > 0.172 AND feature_0 <= 1.314 AND feature_1 > 1.109 AND feature_2 <= -0.585,"{'feature_0': (0.885, 1.314), 'feature_1': (1.109, 3.852), 'feature_2': (-3.74, -0.585)}",3,2.781,6,[Pretrained] CF,"[378, 608, 684, 685, 709]",2.848,2.814,OptRes,[Pretrained] CF OptRes,0.005,0,0.005,748,25,0.0,5,0.06699999999999973,0.03399999999999981,1.0
743,feature_0 > 0.004 AND feature_0 > 0.885 AND feature_1 > 0.172 AND feature_0 > 1.314 AND feature_1 > 0.873 AND feature_2 > -0.57 AND feature_1 <= 1.373,"{'feature_0': (1.314, 3.845), 'feature_1': (0.873, 1.373), 'feature_2': (-0.57, 4.02)}",3,2.754,7,[Pretrained] CF,"[378, 608, 684, 718, 738, 742]",3.135,3.144,OptRes,[Pretrained] CF OptRes,0.005,0,0.005,748,47,0.09375,5,0.3809999999999998,0.009000000000000341,1.0
729,feature_0 > 0.004 AND feature_0 > 0.885 AND feature_1 > 0.172 AND feature_0 > 1.314 AND feature_1 <= 0.873 AND feature_0 > 1.514 AND feature_2 <= -0.281 AND feature_1 > 0.409 AND feature_0 <= 2.065,"{'feature_0': (1.514, 2.065), 'feature_1': (0.409, 0.873), 'feature_2': (-3.74, -0.281)}",3,2.686,9,[Pretrained] CF,"[378, 608, 684, 718, 719, 725, 726, 728]",2.843,2.829,ResOve,[Pretrained] CF ResOve,0.129,0,0.129,748,23,0.0,5,0.15700000000000003,0.01399999999999979,1.0
739,feature_0 > 0.004 AND feature_0 > 0.885 AND feature_1 > 0.172 AND feature_0 > 1.314 AND feature_1 > 0.873 AND feature_2 <= -0.57,"{'feature_0': (1.314, 3.845), 'feature_1': (0.873, 3.852), 'feature_2': (-3.74, -0.57)}",3,2.955,6,[Pretrained] CF,"[378, 608, 684, 718, 738]",3.339,3.26,ResOve,[Pretrained] CF ResOve,0.129,0,0.129,748,35,0.0,5,0.3839999999999999,0.07900000000000018,1.0
710,feature_0 > 0.004 AND feature_0 > 0.885 AND feature_1 > 0.172 AND feature_0 <= 1.314 AND feature_1 > 1.109 AND feature_2 <= -0.585,"{'feature_0': (0.885, 1.314), 'feature_1': (1.109, 3.852), 'feature_2': (-3.74, -0.585)}",3,2.781,6,[Pretrained] CF,"[378, 608, 684, 685, 709]",2.848,2.814,ResOve,[Pretrained] CF ResOve,0.129,0,0.129,748,25,0.0,5,0.06699999999999973,0.03399999999999981,1.0
748,feature_0 > 0.004 AND feature_0 > 0.885 AND feature_1 > 0.172 AND feature_0 > 1.314 AND feature_1 > 0.873 AND feature_2 > -0.57 AND feature_1 > 1.373 AND feature_2 > 0.313,"{'feature_0': (1.314, 3.845), 'feature_1': (1.373, 3.852), 'feature_2': (0.313, 4.02)}",3,2.837,8,[Pretrained] CF,"[378, 608, 684, 718, 738, 742, 746]",3.756,3.701,ResOve,[Pretrained] CF ResOve,0.129,0,0.129,748,22,0.14795918367346939,5,0.9189999999999996,0.054999999999999716,1.0
746,feature_0 > 0.004 AND feature_0 > 0.885 AND feature_1 > 0.172 AND feature_0 > 1.314 AND feature_1 > 0.873 AND feature_2 > -0.57 AND feature_1 > 1.373,"{'feature_0': (1.314, 3.845), 'feature_1': (1.373, 3.852), 'feature_2': (-0.57, 4.02)}",3,2.869,7,[Pretrained] CF,"[378, 608, 684, 718, 738, 742]",3.693,3.627,ResOve,[Pretrained] CF ResOve,0.129,0,0.129,748,35,0.14795918367346939,5,0.8239999999999998,0.06600000000000028,1.0
739,feature_0 > 0.004 AND feature_0 > 0.885 AND feature_1 > 0.172 AND feature_0 > 1.314 AND feature_1 > 0.873 AND feature_2 <= -0.57,"{'feature_0': (1.314, 3.845), 'feature_1': (0.873, 3.852), 'feature_2': (-3.74, -0.57)}",3,2.955,6,[Pretrained] CF,"[378, 608, 684, 718, 738]",3.339,3.26,NoOve,[Pretrained] CF NoOve,0.013,0,0.013,748,35,0.0,5,0.3839999999999999,0.07900000000000018,1.0
742,feature_0 > 0.004 AND feature_0 > 0.885 AND feature_1 > 0.172 AND feature_0 > 1.314 AND feature_1 > 0.873 AND feature_2 > -0.57,"{'feature_0': (1.314, 3.845), 'feature_1': (0.873, 3.852), 'feature_2': (-0.57, 4.02)}",3,2.807,6,[Pretrained] CF,"[378, 608, 684, 718, 738]",3.393,3.35,NoOve,[Pretrained] CF NoOve,0.013,0,0.013,748,82,0.0,5,0.5859999999999999,0.042999999999999705,1.0
710,feature_0 > 0.004 AND feature_0 > 0.885 AND feature_1 > 0.172 AND feature_0 <= 1.314 AND feature_1 > 1.109 AND feature_2 <= -0.585,"{'feature_0': (0.885, 1.314), 'feature_1': (1.109, 3.852), 'feature_2': (-3.74, -0.585)}",3,2.781,6,[Pretrained] CF,"[378, 608, 684, 685, 709]",2.848,2.814,NoOve,[Pretrained] CF NoOve,0.013,0,0.013,748,25,0.0,5,0.06699999999999973,0.03399999999999981,1.0
725,feature_0 > 0.004 AND feature_0 > 0.885 AND feature_1 > 0.172 AND feature_0 > 1.314 AND feature_1 <= 0.873 AND feature_0 > 1.514,"{'feature_0': (1.514, 3.845), 'feature_1': (0.172, 0.873)}",2,2.617,6,[Pretrained] CF,"[378, 608, 684, 718, 719]",2.921,2.931,NoOve,[Pretrained] CF NoOve,0.013,0,0.013,748,141,0.0,5,0.3039999999999998,0.010000000000000231,1.0
711,feature_0 > 0.004 AND feature_0 > 0.885 AND feature_1 > 0.172 AND feature_0 <= 1.314 AND feature_1 > 1.109 AND feature_2 > -0.585,"{'feature_0': (0.885, 1.314), 'feature_1': (1.109, 3.852), 'feature_2': (-0.585, 4.02)}",3,2.584,6,[Pretrained] CF,"[378, 608, 684, 685, 709]",2.849,2.848,NoOve,[Pretrained] CF NoOve,0.013,0,0.013,748,76,0.0,5,0.2650000000000001,0.001000000000000334,1.0
741,feature_0 > 0.004 AND feature_0 > 0.885 AND feature_1 > 0.172 AND feature_0 > 1.314 AND feature_1 > 0.873 AND feature_2 <= -0.57 AND feature_1 > 1.185,"{'feature_0': (1.314, 3.845), 'feature_1': (1.185, 3.852), 'feature_2': (-3.74, -0.57)}",3,3.02,7,[Pretrained] CF,"[378, 608, 684, 718, 738, 739]",3.538,3.56,OptRes,[Pretrained] CF OptRes,0.004,0,0.004,748,22,0.04276315789473684,5,0.5179999999999998,0.02200000000000024,1.0
746,feature_0 > 0.004 AND feature_0 > 0.885 AND feature_1 > 0.172 AND feature_0 > 1.314 AND feature_1 > 0.873 AND feature_2 > -0.57 AND feature_1 > 1.373,"{'feature_0': (1.314, 3.845), 'feature_1': (1.373, 3.852), 'feature_2': (-0.57, 4.02)}",3,2.869,7,[Pretrained] CF,"[378, 608, 684, 718, 738, 742]",3.693,3.705,OptRes,[Pretrained] CF OptRes,0.004,0,0.004,748,47,0.0805921052631579,5,0.8239999999999998,0.01200000000000001,1.0
738,feature_0 > 0.004 AND feature_0 > 0.885 AND feature_1 > 0.172 AND feature_0 > 1.314 AND feature_1 > 0.873,"{'feature_0': (1.314, 3.845), 'feature_1': (0.873, 3.852)}",2,2.852,5,[Pretrained] CF,"[378, 608, 684, 718]",3.376,3.376,OptRes,[Pretrained] CF OptRes,0.004,0,0.004,748,144,0.1611842105263158,5,0.524,0.0,1.0
744,feature_0 > 0.004 AND feature_0 > 0.885 AND feature_1 > 0.172 AND feature_0 > 1.314 AND feature_1 > 0.873 AND feature_2 > -0.57 AND feature_1 <= 1.373 AND feature_2 <= 0.162,"{'feature_0': (1.314, 3.845), 'feature_1': (0.873, 1.373), 'feature_2': (-0.57, 0.162)}",3,2.8,8,[Pretrained] CF,"[378, 608, 684, 718, 738, 742, 743]",3.123,3.123,OptRes,[Pretrained] CF OptRes,0.004,0,0.004,748,23,0.03782894736842105,5,0.3230000000000004,0.0,1.0
710,feature_0 > 0.004 AND feature_0 > 0.885 AND feature_1 > 0.172 AND feature_0 <= 1.314 AND feature_1 > 1.109 AND feature_2 <= -0.585,"{'feature_0': (0.885, 1.314), 'feature_1': (1.109, 3.852), 'feature_2': (-3.74, -0.585)}",3,2.781,6,[Pretrained] CF,"[378, 608, 684, 685, 709]",2.848,2.826,OptRes,[Pretrained] CF OptRes,0.004,0,0.004,748,33,0.0,5,0.06699999999999973,0.021999999999999797,1.0
746,feature_0 > 0.004 AND feature_0 > 0.885 AND feature_1 > 0.172 AND feature_0 > 1.314 AND feature_1 > 0.873 AND feature_2 > -0.57 AND feature_1 > 1.373,"{'feature_0': (1.314, 3.845), 'feature_1': (1.373, 3.852), 'feature_2': (-0.57, 4.02)}",3,2.869,7,[Pretrained] CF,"[378, 608, 684, 718, 738, 742]",3.693,3.705,ResOve,[Pretrained] CF ResOve,0.179,0,0.179,748,47,0.0,5,0.8239999999999998,0.01200000000000001,1.0
739,feature_0 > 0.004 AND feature_0 > 0.885 AND feature_1 > 0.172 AND feature_0 > 1.314 AND feature_1 > 0.873 AND feature_2 <= -0.57,"{'feature_0': (1.314, 3.845), 'feature_1': (0.873, 3.852), 'feature_2': (-3.74, -0.57)}",3,2.955,6,[Pretrained] CF,"[378, 608, 684, 718, 738]",3.339,3.314,ResOve,[Pretrained] CF ResOve,0.179,0,0.179,748,41,0.0,5,0.3839999999999999,0.02499999999999991,1.0
710,feature_0 > 0.004 AND feature_0 > 0.885 AND feature_1 > 0.172 AND feature_0 <= 1.314 AND feature_1 > 1.109 AND feature_2 <= -0.585,"{'feature_0': (0.885, 1.314), 'feature_1': (1.109, 3.852), 'feature_2': (-3.74, -0.585)}",3,2.781,6,[Pretrained] CF,"[378, 608, 684, 685, 709]",2.848,2.826,ResOve,[Pretrained] CF ResOve,0.179,0,0.179,748,33,0.0,5,0.06699999999999973,0.021999999999999797,1.0
745,feature_0 > 0.004 AND feature_0 > 0.885 AND feature_1 > 0.172 AND feature_0 > 1.314 AND feature_1 > 0.873 AND feature_2 > -0.57 AND feature_1 <= 1.373 AND feature_2 > 0.162,"{'feature_0': (1.314, 3.845), 'feature_1': (0.873, 1.373), 'feature_2': (0.162, 4.02)}",3,2.723,8,[Pretrained] CF,"[378, 608, 684, 718, 738, 742, 743]",3.143,3.158,ResOve,[Pretrained] CF ResOve,0.179,0,0.179,748,33,0.0,5,0.41999999999999993,0.015000000000000124,1.0
744,feature_0 > 0.004 AND feature_0 > 0.885 AND feature_1 > 0.172 AND feature_0 > 1.314 AND feature_1 > 0.873 AND feature_2 > -0.57 AND feature_1 <= 1.373 AND feature_2 <= 0.162,"{'feature_0': (1.314, 3.845), 'feature_1': (0.873, 1.373), 'feature_2': (-0.57, 0.162)}",3,2.8,8,[Pretrained] CF,"[378, 608, 684, 718, 738, 742, 743]",3.123,3.123,ResOve,[Pretrained] CF ResOve,0.179,0,0.179,748,23,0.0,5,0.3230000000000004,0.0,1.0
741,feature_0 > 0.004 AND feature_0 > 0.885 AND feature_1 > 0.172 AND feature_0 > 1.314 AND feature_1 > 0.873 AND feature_2 <= -0.57 AND feature_1 > 1.185,"{'feature_0': (1.314, 3.845), 'feature_1': (1.185, 3.852), 'feature_2': (-3.74, -0.57)}",3,3.02,7,[Pretrained] CF,"[378, 608, 684, 718, 738, 739]",3.538,3.56,NoOve,[Pretrained] CF NoOve,0.011,0,0.011,748,22,0.0,5,0.5179999999999998,0.02200000000000024,1.0
746,feature_0 > 0.004 AND feature_0 > 0.885 AND feature_1 > 0.172 AND feature_0 > 1.314 AND feature_1 > 0.873 AND feature_2 > -0.57 AND feature_1 > 1.373,"{'feature_0': (1.314, 3.845), 'feature_1': (1.373, 3.852), 'feature_2': (-0.57, 4.02)}",3,2.869,7,[Pretrained] CF,"[378, 608, 684, 718, 738, 742]",3.693,3.705,NoOve,[Pretrained] CF NoOve,0.011,0,0.011,748,47,0.0,5,0.8239999999999998,0.01200000000000001,1.0
743,feature_0 > 0.004 AND feature_0 > 0.885 AND feature_1 > 0.172 AND feature_0 > 1.314 AND feature_1 > 0.873 AND feature_2 > -0.57 AND feature_1 <= 1.373,"{'feature_0': (1.314, 3.845), 'feature_1': (0.873, 1.373), 'feature_2': (-0.57, 4.02)}",3,2.754,7,[Pretrained] CF,"[378, 608, 684, 718, 738, 742]",3.135,3.144,NoOve,[Pretrained] CF NoOve,0.011,0,0.011,748,56,0.0,5,0.3809999999999998,0.009000000000000341,1.0
715,feature_0 > 0.004 AND feature_0 > 0.885 AND feature_1 > 0.172 AND feature_0 <= 1.314 AND feature_1 > 1.109 AND feature_2 > -0.585 AND feature_1 > 1.465,"{'feature_0': (0.885, 1.314), 'feature_1': (1.465, 3.852), 'feature_2': (-0.585, 4.02)}",3,2.681,7,[Pretrained] CF,"[378, 608, 684, 685, 709, 711]",3.129,3.145,NoOve,[Pretrained] CF NoOve,0.011,0,0.011,748,37,0.0,5,0.44799999999999995,0.016000000000000014,1.0
726,feature_0 > 0.004 AND feature_0 > 0.885 AND feature_1 > 0.172 AND feature_0 > 1.314 AND feature_1 <= 0.873 AND feature_0 > 1.514 AND feature_2 <= -0.281,"{'feature_0': (1.514, 3.845), 'feature_1': (0.172, 0.873), 'feature_2': (-3.74, -0.281)}",3,2.68,7,[Pretrained] CF,"[378, 608, 684, 718, 719, 725]",2.966,2.963,NoOve,[Pretrained] CF NoOve,0.011,0,0.011,748,67,0.0,5,0.28600000000000003,0.0030000000000001137,1.0
741,feature_0 > 0.004 AND feature_0 > 0.885 AND feature_1 > 0.172 AND feature_0 > 1.314 AND feature_1 > 0.873 AND feature_2 <= -0.57 AND feature_1 > 1.185,"{'feature_0': (1.314, 3.845), 'feature_1': (1.185, 3.852), 'feature_2': (-3.74, -0.57)}",3,3.02,7,[Pretrained] CF,"[378, 608, 684, 718, 738, 739]",3.538,3.533,OptRes,[Pretrained] CF OptRes,0.005,0,0.005,748,24,0.04276315789473684,5,0.5179999999999998,0.004999999999999893,1.0
746,feature_0 > 0.004 AND feature_0 > 0.885 AND feature_1 > 0.172 AND feature_0 > 1.314 AND feature_1 > 0.873 AND feature_2 > -0.57 AND feature_1 > 1.373,"{'feature_0': (1.314, 3.845), 'feature_1': (1.373, 3.852), 'feature_2': (-0.57, 4.02)}",3,2.869,7,[Pretrained] CF,"[378, 608, 684, 718, 738, 742]",3.693,3.731,OptRes,[Pretrained] CF OptRes,0.005,0,0.005,748,43,0.0805921052631579,5,0.8239999999999998,0.03799999999999981,1.0
738,feature_0 > 0.004 AND feature_0 > 0.885 AND feature_1 > 0.172 AND feature_0 > 1.314 AND feature_1 > 0.873,"{'feature_0': (1.314, 3.845), 'feature_1': (0.873, 3.852)}",2,2.852,5,[Pretrained] CF,"[378, 608, 684, 718]",3.376,3.39,OptRes,[Pretrained] CF OptRes,0.005,0,0.005,748,137,0.21710526315789475,5,0.524,0.014000000000000234,1.0
710,feature_0 > 0.004 AND feature_0 > 0.885 AND feature_1 > 0.172 AND feature_0 <= 1.314 AND feature_1 > 1.109 AND feature_2 <= -0.585,"{'feature_0': (0.885, 1.314), 'feature_1': (1.109, 3.852), 'feature_2': (-3.74, -0.585)}",3,2.781,6,[Pretrained] CF,"[378, 608, 684, 685, 709]",2.848,2.866,OptRes,[Pretrained] CF OptRes,0.005,0,0.005,748,34,0.0,5,0.06699999999999973,0.018000000000000238,1.0
743,feature_0 > 0.004 AND feature_0 > 0.885 AND feature_1 > 0.172 AND feature_0 > 1.314 AND feature_1 > 0.873 AND feature_2 > -0.57 AND feature_1 <= 1.373,"{'feature_0': (1.314, 3.845), 'feature_1': (0.873, 1.373), 'feature_2': (-0.57, 4.02)}",3,2.754,7,[Pretrained] CF,"[378, 608, 684, 718, 738, 742]",3.135,3.149,OptRes,[Pretrained] CF OptRes,0.005,0,0.005,748,51,0.09375,5,0.3809999999999998,0.014000000000000234,1.0
741,feature_0 > 0.004 AND feature_0 > 0.885 AND feature_1 > 0.172 AND feature_0 > 1.314 AND feature_1 > 0.873 AND feature_2 <= -0.57 AND feature_1 > 1.185,"{'feature_0': (1.314, 3.845), 'feature_1': (1.185, 3.852), 'feature_2': (-3.74, -0.57)}",3,3.02,7,[Pretrained] CF,"[378, 608, 684, 718, 738, 739]",3.538,3.533,ResOve,[Pretrained] CF ResOve,0.107,0,0.107,748,24,0.14130434782608695,5,0.5179999999999998,0.004999999999999893,1.0
739,feature_0 > 0.004 AND feature_0 > 0.885 AND feature_1 > 0.172 AND feature_0 > 1.314 AND feature_1 > 0.873 AND feature_2 <= -0.57,"{'feature_0': (1.314, 3.845), 'feature_1': (0.873, 3.852), 'feature_2': (-3.74, -0.57)}",3,2.955,6,[Pretrained] CF,"[378, 608, 684, 718, 738]",3.339,3.333,ResOve,[Pretrained] CF ResOve,0.107,0,0.107,748,43,0.14130434782608695,5,0.3839999999999999,0.005999999999999783,1.0
746,feature_0 > 0.004 AND feature_0 > 0.885 AND feature_1 > 0.172 AND feature_0 > 1.314 AND feature_1 > 0.873 AND feature_2 > -0.57 AND feature_1 > 1.373,"{'feature_0': (1.314, 3.845), 'feature_1': (1.373, 3.852), 'feature_2': (-0.57, 4.02)}",3,2.869,7,[Pretrained] CF,"[378, 608, 684, 718, 738, 742]",3.693,3.731,ResOve,[Pretrained] CF ResOve,0.107,0,0.107,748,43,0.0,5,0.8239999999999998,0.03799999999999981,1.0
710,feature_0 > 0.004 AND feature_0 > 0.885 AND feature_1 > 0.172 AND feature_0 <= 1.314 AND feature_1 > 1.109 AND feature_2 <= -0.585,"{'feature_0': (0.885, 1.314), 'feature_1': (1.109, 3.852), 'feature_2': (-3.74, -0.585)}",3,2.781,6,[Pretrained] CF,"[378, 608, 684, 685, 709]",2.848,2.866,ResOve,[Pretrained] CF ResOve,0.107,0,0.107,748,34,0.0,5,0.06699999999999973,0.018000000000000238,1.0
726,feature_0 > 0.004 AND feature_0 > 0.885 AND feature_1 > 0.172 AND feature_0 > 1.314 AND feature_1 <= 0.873 AND feature_0 > 1.514 AND feature_2 <= -0.281,"{'feature_0': (1.514, 3.845), 'feature_1': (0.172, 0.873), 'feature_2': (-3.74, -0.281)}",3,2.68,7,[Pretrained] CF,"[378, 608, 684, 718, 719, 725]",2.966,2.973,ResOve,[Pretrained] CF ResOve,0.107,0,0.107,748,67,0.0,5,0.28600000000000003,0.006999999999999673,1.0
741,feature_0 > 0.004 AND feature_0 > 0.885 AND feature_1 > 0.172 AND feature_0 > 1.314 AND feature_1 > 0.873 AND feature_2 <= -0.57 AND feature_1 > 1.185,"{'feature_0': (1.314, 3.845), 'feature_1': (1.185, 3.852), 'feature_2': (-3.74, -0.57)}",3,3.02,7,[Pretrained] CF,"[378, 608, 684, 718, 738, 739]",3.538,3.533,NoOve,[Pretrained] CF NoOve,0.008,0,0.008,748,24,0.0,5,0.5179999999999998,0.004999999999999893,1.0
746,feature_0 > 0.004 AND feature_0 > 0.885 AND feature_1 > 0.172 AND feature_0 > 1.314 AND feature_1 > 0.873 AND feature_2 > -0.57 AND feature_1 > 1.373,"{'feature_0': (1.314, 3.845), 'feature_1': (1.373, 3.852), 'feature_2': (-0.57, 4.02)}",3,2.869,7,[Pretrained] CF,"[378, 608, 684, 718, 738, 742]",3.693,3.731,NoOve,[Pretrained] CF NoOve,0.008,0,0.008,748,43,0.0,5,0.8239999999999998,0.03799999999999981,1.0
743,feature_0 > 0.004 AND feature_0 > 0.885 AND feature_1 > 0.172 AND feature_0 > 1.314 AND feature_1 > 0.873 AND feature_2 > -0.57 AND feature_1 <= 1.373,"{'feature_0': (1.314, 3.845), 'feature_1': (0.873, 1.373), 'feature_2': (-0.57, 4.02)}",3,2.754,7,[Pretrained] CF,"[378, 608, 684, 718, 738, 742]",3.135,3.149,NoOve,[Pretrained] CF NoOve,0.008,0,0.008,748,51,0.0,5,0.3809999999999998,0.014000000000000234,1.0
715,feature_0 > 0.004 AND feature_0 > 0.885 AND feature_1 > 0.172 AND feature_0 <= 1.314 AND feature_1 > 1.109 AND feature_2 > -0.585 AND feature_1 > 1.465,"{'feature_0': (0.885, 1.314), 'feature_1': (1.465, 3.852), 'feature_2': (-0.585, 4.02)}",3,2.681,7,[Pretrained] CF,"[378, 608, 684, 685, 709, 711]",3.129,3.123,NoOve,[Pretrained] CF NoOve,0.008,0,0.008,748,40,0.0,5,0.44799999999999995,0.005999999999999783,1.0
726,feature_0 > 0.004 AND feature_0 > 0.885 AND feature_1 > 0.172 AND feature_0 > 1.314 AND feature_1 <= 0.873 AND feature_0 > 1.514 AND feature_2 <= -0.281,"{'feature_0': (1.514, 3.845), 'feature_1': (0.172, 0.873), 'feature_2': (-3.74, -0.281)}",3,2.68,7,[Pretrained] CF,"[378, 608, 684, 718, 719, 725]",2.966,2.973,NoOve,[Pretrained] CF NoOve,0.008,0,0.008,748,67,0.0,5,0.28600000000000003,0.006999999999999673,1.0
741,feature_0 > 0.004 AND feature_0 > 0.885 AND feature_1 > 0.172 AND feature_0 > 1.314 AND feature_1 > 0.873 AND feature_2 <= -0.57 AND feature_1 > 1.185,"{'feature_0': (1.314, 3.845), 'feature_1': (1.185, 3.852), 'feature_2': (-3.74, -0.57)}",3,3.02,7,[Pretrained] CF,"[378, 608, 684, 718, 738, 739]",3.538,3.563,OptRes,[Pretrained] CF OptRes,0.004,0,0.004,748,22,0.04276315789473684,5,0.5179999999999998,0.025000000000000355,1.0
746,feature_0 > 0.004 AND feature_0 > 0.885 AND feature_1 > 0.172 AND feature_0 > 1.314 AND feature_1 > 0.873 AND feature_2 > -0.57 AND feature_1 > 1.373,"{'feature_0': (1.314, 3.845), 'feature_1': (1.373, 3.852), 'feature_2': (-0.57, 4.02)}",3,2.869,7,[Pretrained] CF,"[378, 608, 684, 718, 738, 742]",3.693,3.701,OptRes,[Pretrained] CF OptRes,0.004,0,0.004,748,36,0.0805921052631579,5,0.8239999999999998,0.008000000000000007,1.0
738,feature_0 > 0.004 AND feature_0 > 0.885 AND feature_1 > 0.172 AND feature_0 > 1.314 AND feature_1 > 0.873,"{'feature_0': (1.314, 3.845), 'feature_1': (0.873, 3.852)}",2,2.852,5,[Pretrained] CF,"[378, 608, 684, 718]",3.376,3.398,OptRes,[Pretrained] CF OptRes,0.004,0,0.004,748,111,0.21710526315789475,5,0.524,0.02200000000000024,1.0
710,feature_0 > 0.004 AND feature_0 > 0.885 AND feature_1 > 0.172 AND feature_0 <= 1.314 AND feature_1 > 1.109 AND feature_2 <= -0.585,"{'feature_0': (0.885, 1.314), 'feature_1': (1.109, 3.852), 'feature_2': (-3.74, -0.585)}",3,2.781,6,[Pretrained] CF,"[378, 608, 684, 685, 709]",2.848,2.86,OptRes,[Pretrained] CF OptRes,0.004,0,0.004,748,29,0.0,5,0.06699999999999973,0.01200000000000001,1.0
743,feature_0 > 0.004 AND feature_0 > 0.885 AND feature_1 > 0.172 AND feature_0 > 1.314 AND feature_1 > 0.873 AND feature_2 > -0.57 AND feature_1 <= 1.373,"{'feature_0': (1.314, 3.845), 'feature_1': (0.873, 1.373), 'feature_2': (-0.57, 4.02)}",3,2.754,7,[Pretrained] CF,"[378, 608, 684, 718, 738, 742]",3.135,3.107,OptRes,[Pretrained] CF OptRes,0.004,0,0.004,748,40,0.09375,5,0.3809999999999998,0.02799999999999958,1.0
746,feature_0 > 0.004 AND feature_0 > 0.885 AND feature_1 > 0.172 AND feature_0 > 1.314 AND feature_1 > 0.873 AND feature_2 > -0.57 AND feature_1 > 1.373,"{'feature_0': (1.314, 3.845), 'feature_1': (1.373, 3.852), 'feature_2': (-0.57, 4.02)}",3,2.869,7,[Pretrained] CF,"[378, 608, 684, 718, 738, 742]",3.693,3.701,ResOve,[Pretrained] CF ResOve,0.103,0,0.103,748,36,0.0,5,0.8239999999999998,0.008000000000000007,1.0
741,feature_0 > 0.004 AND feature_0 > 0.885 AND feature_1 > 0.172 AND feature_0 > 1.314 AND feature_1 > 0.873 AND feature_2 <= -0.57 AND feature_1 > 1.185,"{'feature_0': (1.314, 3.845), 'feature_1': (1.185, 3.852), 'feature_2': (-3.74, -0.57)}",3,3.02,7,[Pretrained] CF,"[378, 608, 684, 718, 738, 739]",3.538,3.563,ResOve,[Pretrained] CF ResOve,0.103,0,0.103,748,22,0.14130434782608695,5,0.5179999999999998,0.025000000000000355,1.0
739,feature_0 > 0.004 AND feature_0 > 0.885 AND feature_1 > 0.172 AND feature_0 > 1.314 AND feature_1 > 0.873 AND feature_2 <= -0.57,"{'feature_0': (1.314, 3.845), 'feature_1': (0.873, 3.852), 'feature_2': (-3.74, -0.57)}",3,2.955,6,[Pretrained] CF,"[378, 608, 684, 718, 738]",3.339,3.42,ResOve,[Pretrained] CF ResOve,0.103,0,0.103,748,35,0.14130434782608695,5,0.3839999999999999,0.08099999999999996,1.0
710,feature_0 > 0.004 AND feature_0 > 0.885 AND feature_1 > 0.172 AND feature_0 <= 1.314 AND feature_1 > 1.109 AND feature_2 <= -0.585,"{'feature_0': (0.885, 1.314), 'feature_1': (1.109, 3.852), 'feature_2': (-3.74, -0.585)}",3,2.781,6,[Pretrained] CF,"[378, 608, 684, 685, 709]",2.848,2.86,ResOve,[Pretrained] CF ResOve,0.103,0,0.103,748,29,0.0,5,0.06699999999999973,0.01200000000000001,1.0
745,feature_0 > 0.004 AND feature_0 > 0.885 AND feature_1 > 0.172 AND feature_0 > 1.314 AND feature_1 > 0.873 AND feature_2 > -0.57 AND feature_1 <= 1.373 AND feature_2 > 0.162,"{'feature_0': (1.314, 3.845), 'feature_1': (0.873, 1.373), 'feature_2': (0.162, 4.02)}",3,2.723,8,[Pretrained] CF,"[378, 608, 684, 718, 738, 742, 743]",3.143,3.061,ResOve,[Pretrained] CF ResOve,0.103,0,0.103,748,21,0.0,5,0.41999999999999993,0.08199999999999985,1.0
741,feature_0 > 0.004 AND feature_0 > 0.885 AND feature_1 > 0.172 AND feature_0 > 1.314 AND feature_1 > 0.873 AND feature_2 <= -0.57 AND feature_1 > 1.185,"{'feature_0': (1.314, 3.845), 'feature_1': (1.185, 3.852), 'feature_2': (-3.74, -0.57)}",3,3.02,7,[Pretrained] CF,"[378, 608, 684, 718, 738, 739]",3.538,3.563,NoOve,[Pretrained] CF NoOve,0.012,0,0.012,748,22,0.0,5,0.5179999999999998,0.025000000000000355,1.0
746,feature_0 > 0.004 AND feature_0 > 0.885 AND feature_1 > 0.172 AND feature_0 > 1.314 AND feature_1 > 0.873 AND feature_2 > -0.57 AND feature_1 > 1.373,"{'feature_0': (1.314, 3.845), 'feature_1': (1.373, 3.852), 'feature_2': (-0.57, 4.02)}",3,2.869,7,[Pretrained] CF,"[378, 608, 684, 718, 738, 742]",3.693,3.701,NoOve,[Pretrained] CF NoOve,0.012,0,0.012,748,36,0.0,5,0.8239999999999998,0.008000000000000007,1.0
743,feature_0 > 0.004 AND feature_0 > 0.885 AND feature_1 > 0.172 AND feature_0 > 1.314 AND feature_1 > 0.873 AND feature_2 > -0.57 AND feature_1 <= 1.373,"{'feature_0': (1.314, 3.845), 'feature_1': (0.873, 1.373), 'feature_2': (-0.57, 4.02)}",3,2.754,7,[Pretrained] CF,"[378, 608, 684, 718, 738, 742]",3.135,3.107,NoOve,[Pretrained] CF NoOve,0.012,0,0.012,748,40,0.0,5,0.3809999999999998,0.02799999999999958,1.0
715,feature_0 > 0.004 AND feature_0 > 0.885 AND feature_1 > 0.172 AND feature_0 <= 1.314 AND feature_1 > 1.109 AND feature_2 > -0.585 AND feature_1 > 1.465,"{'feature_0': (0.885, 1.314), 'feature_1': (1.465, 3.852), 'feature_2': (-0.585, 4.02)}",3,2.681,7,[Pretrained] CF,"[378, 608, 684, 685, 709, 711]",3.129,3.042,NoOve,[Pretrained] CF NoOve,0.012,0,0.012,748,32,0.0,5,0.44799999999999995,0.08700000000000019,1.0
726,feature_0 > 0.004 AND feature_0 > 0.885 AND feature_1 > 0.172 AND feature_0 > 1.314 AND feature_1 <= 0.873 AND feature_0 > 1.514 AND feature_2 <= -0.281,"{'feature_0': (1.514, 3.845), 'feature_1': (0.172, 0.873), 'feature_2': (-3.74, -0.281)}",3,2.68,7,[Pretrained] CF,"[378, 608, 684, 718, 719, 725]",2.966,2.955,NoOve,[Pretrained] CF NoOve,0.012,0,0.012,748,47,0.0,5,0.28600000000000003,0.01100000000000012,1.0
746,feature_0 > 0.004 AND feature_0 > 0.885 AND feature_1 > 0.172 AND feature_0 > 1.314 AND feature_1 > 0.873 AND feature_2 > -0.57 AND feature_1 > 1.373,"{'feature_0': (1.314, 3.845), 'feature_1': (1.373, 3.852), 'feature_2': (-0.57, 4.02)}",3,2.869,7,[Pretrained] CF,"[378, 608, 684, 718, 738, 742]",3.693,3.699,OptRes,[Pretrained] CF OptRes,0.007,0,0.007,748,43,0.111604763491006,5,0.8239999999999998,0.005999999999999783,1.0
738,feature_0 > 0.004 AND feature_0 > 0.885 AND feature_1 > 0.172 AND feature_0 > 1.314 AND feature_1 > 0.873,"{'feature_0': (1.314, 3.845), 'feature_1': (0.873, 3.852)}",2,2.852,5,[Pretrained] CF,"[378, 608, 684, 718]",3.376,3.397,OptRes,[Pretrained] CF OptRes,0.007,0,0.007,748,95,0.27054463690872754,5,0.524,0.020999999999999908,1.0
743,feature_0 > 0.004 AND feature_0 > 0.885 AND feature_1 > 0.172 AND feature_0 > 1.314 AND feature_1 > 0.873 AND feature_2 > -0.57 AND feature_1 <= 1.373,"{'feature_0': (1.314, 3.845), 'feature_1': (0.873, 1.373), 'feature_2': (-0.57, 4.02)}",3,2.754,7,[Pretrained] CF,"[378, 608, 684, 718, 738, 742]",3.135,3.148,OptRes,[Pretrained] CF OptRes,0.007,0,0.007,748,52,0.1298259493670886,5,0.3809999999999998,0.013000000000000345,1.0
715,feature_0 > 0.004 AND feature_0 > 0.885 AND feature_1 > 0.172 AND feature_0 <= 1.314 AND feature_1 > 1.109 AND feature_2 > -0.585 AND feature_1 > 1.465,"{'feature_0': (0.885, 1.314), 'feature_1': (1.465, 3.852), 'feature_2': (-0.585, 4.02)}",3,2.681,7,[Pretrained] CF,"[378, 608, 684, 685, 709, 711]",3.129,3.141,OptRes,[Pretrained] CF OptRes,0.007,0,0.007,748,38,0.0,5,0.44799999999999995,0.01200000000000001,1.0
718,feature_0 > 0.004 AND feature_0 > 0.885 AND feature_1 > 0.172 AND feature_0 > 1.314,"{'feature_0': (1.314, 3.845), 'feature_1': (0.172, 3.852)}",2,2.665,4,[Pretrained] CF,"[378, 608, 684]",3.001,2.981,OptRes,[Pretrained] CF OptRes,0.007,0,0.007,748,256,0.16329113924050634,5,0.33599999999999985,0.020000000000000018,1.0
748,feature_0 > 0.004 AND feature_0 > 0.885 AND feature_1 > 0.172 AND feature_0 > 1.314 AND feature_1 > 0.873 AND feature_2 > -0.57 AND feature_1 > 1.373 AND feature_2 > 0.313,"{'feature_0': (1.314, 3.845), 'feature_1': (1.373, 3.852), 'feature_2': (0.313, 4.02)}",3,2.837,8,[Pretrained] CF,"[378, 608, 684, 718, 738, 742, 746]",3.756,3.746,ResOve,[Pretrained] CF ResOve,0.108,0,0.108,748,27,0.195656552094522,5,0.9189999999999996,0.009999999999999787,1.0
745,feature_0 > 0.004 AND feature_0 > 0.885 AND feature_1 > 0.172 AND feature_0 > 1.314 AND feature_1 > 0.873 AND feature_2 > -0.57 AND feature_1 <= 1.373 AND feature_2 > 0.162,"{'feature_0': (1.314, 3.845), 'feature_1': (0.873, 1.373), 'feature_2': (0.162, 4.02)}",3,2.723,8,[Pretrained] CF,"[378, 608, 684, 718, 738, 742, 743]",3.143,3.143,ResOve,[Pretrained] CF ResOve,0.108,0,0.108,748,34,0.05592105263157895,5,0.41999999999999993,0.0,1.0
738,feature_0 > 0.004 AND feature_0 > 0.885 AND feature_1 > 0.172 AND feature_0 > 1.314 AND feature_1 > 0.873,"{'feature_0': (1.314, 3.845), 'feature_1': (0.873, 3.852)}",2,2.852,5,[Pretrained] CF,"[378, 608, 684, 718]",3.376,3.397,ResOve,[Pretrained] CF ResOve,0.108,0,0.108,748,95,0.1842105263157895,5,0.524,0.020999999999999908,1.0
709,feature_0 > 0.004 AND feature_0 > 0.885 AND feature_1 > 0.172 AND feature_0 <= 1.314 AND feature_1 > 1.109,"{'feature_0': (0.885, 1.314), 'feature_1': (1.109, 3.852)}",2,2.641,5,[Pretrained] CF,"[378, 608, 684, 685]",2.849,2.862,ResOve,[Pretrained] CF ResOve,0.108,0,0.108,748,84,0.0,5,0.20800000000000018,0.0129999999999999,1.0
746,feature_0 > 0.004 AND feature_0 > 0.885 AND feature_1 > 0.172 AND feature_0 > 1.314 AND feature_1 > 0.873 AND feature_2 > -0.57 AND feature_1 > 1.373,"{'feature_0': (1.314, 3.845), 'feature_1': (1.373, 3.852), 'feature_2': (-0.57, 4.02)}",3,2.869,7,[Pretrained] CF,"[378, 608, 684, 718, 738, 742]",3.693,3.699,ResOve,[Pretrained] CF ResOve,0.108,0,0.108,748,43,0.2285512889366273,5,0.8239999999999998,0.005999999999999783,1.0
746,feature_0 > 0.004 AND feature_0 > 0.885 AND feature_1 > 0.172 AND feature_0 > 1.314 AND feature_1 > 0.873 AND feature_2 > -0.57 AND feature_1 > 1.373,"{'feature_0': (1.314, 3.845), 'feature_1': (1.373, 3.852), 'feature_2': (-0.57, 4.02)}",3,2.869,7,[Pretrained] CF,"[378, 608, 684, 718, 738, 742]",3.693,3.699,NoOve,[Pretrained] CF NoOve,0.014,0,0.014,748,43,0.0,5,0.8239999999999998,0.005999999999999783,1.0
743,feature_0 > 0.004 AND feature_0 > 0.885 AND feature_1 > 0.172 AND feature_0 > 1.314 AND feature_1 > 0.873 AND feature_2 > -0.57 AND feature_1 <= 1.373,"{'feature_0': (1.314, 3.845), 'feature_1': (0.873, 1.373), 'feature_2': (-0.57, 4.02)}",3,2.754,7,[Pretrained] CF,"[378, 608, 684, 718, 738, 742]",3.135,3.148,NoOve,[Pretrained] CF NoOve,0.014,0,0.014,748,52,0.0,5,0.3809999999999998,0.013000000000000345,1.0
715,feature_0 > 0.004 AND feature_0 > 0.885 AND feature_1 > 0.172 AND feature_0 <= 1.314 AND feature_1 > 1.109 AND feature_2 > -0.585 AND feature_1 > 1.465,"{'feature_0': (0.885, 1.314), 'feature_1': (1.465, 3.852), 'feature_2': (-0.585, 4.02)}",3,2.681,7,[Pretrained] CF,"[378, 608, 684, 685, 709, 711]",3.129,3.141,NoOve,[Pretrained] CF NoOve,0.014,0,0.014,748,38,0.0,5,0.44799999999999995,0.01200000000000001,1.0
731,feature_0 > 0.004 AND feature_0 > 0.885 AND feature_1 > 0.172 AND feature_0 > 1.314 AND feature_1 <= 0.873 AND feature_0 > 1.514 AND feature_2 > -0.281,"{'feature_0': (1.514, 3.845), 'feature_1': (0.172, 0.873), 'feature_2': (-0.281, 4.02)}",3,2.575,7,[Pretrained] CF,"[378, 608, 684, 718, 719, 725]",2.891,2.891,NoOve,[Pretrained] CF NoOve,0.014,0,0.014,748,103,0.0,5,0.31599999999999984,0.0,1.0
603,feature_0 > 0.004 AND feature_0 <= 0.885 AND feature_1 > 0.927 AND feature_0 > 0.334 AND feature_1 > 1.311 AND feature_0 > 0.555 AND feature_1 > 1.55,"{'feature_0': (0.555, 0.885), 'feature_1': (1.55, 3.852)}",2,2.554,7,[Pretrained] CF,"[378, 379, 567, 585, 595, 601]",2.747,2.726,NoOve,[Pretrained] CF NoOve,0.014,0,0.014,748,37,0.0,5,0.19300000000000006,0.020999999999999908,1.0
741,feature_0 > 0.004 AND feature_0 > 0.885 AND feature_1 > 0.172 AND feature_0 > 1.314 AND feature_1 > 0.873 AND feature_2 <= -0.57 AND feature_1 > 1.185,"{'feature_0': (1.314, 3.845), 'feature_1': (1.185, 3.852), 'feature_2': (-3.74, -0.57)}",3,3.02,7,[Pretrained] CF,"[378, 608, 684, 718, 738, 739]",3.538,3.531,OptRes,[Pretrained] CF OptRes,0.006,0,0.006,748,25,0.059218854097268486,5,0.5179999999999998,0.006999999999999673,1.0
738,feature_0 > 0.004 AND feature_0 > 0.885 AND feature_1 > 0.172 AND feature_0 > 1.314 AND feature_1 > 0.873,"{'feature_0': (1.314, 3.845), 'feature_1': (0.873, 3.852)}",2,2.852,5,[Pretrained] CF,"[378, 608, 684, 718]",3.376,3.304,OptRes,[Pretrained] CF OptRes,0.006,0,0.006,748,78,0.13896568954030647,5,0.524,0.07200000000000006,1.0
710,feature_0 > 0.004 AND feature_0 > 0.885 AND feature_1 > 0.172 AND feature_0 <= 1.314 AND feature_1 > 1.109 AND feature_2 <= -0.585,"{'feature_0': (0.885, 1.314), 'feature_1': (1.109, 3.852), 'feature_2': (-3.74, -0.585)}",3,2.781,6,[Pretrained] CF,"[378, 608, 684, 685, 709]",2.848,2.832,OptRes,[Pretrained] CF OptRes,0.006,0,0.006,748,37,0.0,5,0.06699999999999973,0.016000000000000014,1.0
728,feature_0 > 0.004 AND feature_0 > 0.885 AND feature_1 > 0.172 AND feature_0 > 1.314 AND feature_1 <= 0.873 AND feature_0 > 1.514 AND feature_2 <= -0.281 AND feature_1 > 0.409,"{'feature_0': (1.514, 3.845), 'feature_1': (0.409, 0.873), 'feature_2': (-3.74, -0.281)}",3,2.712,8,[Pretrained] CF,"[378, 608, 684, 718, 719, 725, 726]",3.053,3.053,OptRes,[Pretrained] CF OptRes,0.006,0,0.006,748,49,0.0310126582278481,5,0.34099999999999975,0.0,1.0
718,feature_0 > 0.004 AND feature_0 > 0.885 AND feature_1 > 0.172 AND feature_0 > 1.314,"{'feature_0': (1.314, 3.845), 'feature_1': (0.172, 3.852)}",2,2.665,4,[Pretrained] CF,"[378, 608, 684]",3.001,2.982,OptRes,[Pretrained] CF OptRes,0.006,0,0.006,748,199,0.14367088607594936,5,0.33599999999999985,0.018999999999999684,1.0
742,feature_0 > 0.004 AND feature_0 > 0.885 AND feature_1 > 0.172 AND feature_0 > 1.314 AND feature_1 > 0.873 AND feature_2 > -0.57,"{'feature_0': (1.314, 3.845), 'feature_1': (0.873, 3.852), 'feature_2': (-0.57, 4.02)}",3,2.807,6,[Pretrained] CF,"[378, 608, 684, 718, 738]",3.393,3.268,ResOve,[Pretrained] CF ResOve,0.114,0,0.114,748,33,0.0,5,0.5859999999999999,0.125,1.0
741,feature_0 > 0.004 AND feature_0 > 0.885 AND feature_1 > 0.172 AND feature_0 > 1.314 AND feature_1 > 0.873 AND feature_2 <= -0.57 AND feature_1 > 1.185,"{'feature_0': (1.314, 3.845), 'feature_1': (1.185, 3.852), 'feature_2': (-3.74, -0.57)}",3,3.02,7,[Pretrained] CF,"[378, 608, 684, 718, 738, 739]",3.538,3.531,ResOve,[Pretrained] CF ResOve,0.114,0,0.114,748,25,0.14130434782608695,5,0.5179999999999998,0.006999999999999673,1.0
739,feature_0 > 0.004 AND feature_0 > 0.885 AND feature_1 > 0.172 AND feature_0 > 1.314 AND feature_1 > 0.873 AND feature_2 <= -0.57,"{'feature_0': (1.314, 3.845), 'feature_1': (0.873, 3.852), 'feature_2': (-3.74, -0.57)}",3,2.955,6,[Pretrained] CF,"[378, 608, 684, 718, 738]",3.339,3.331,ResOve,[Pretrained] CF ResOve,0.114,0,0.114,748,45,0.14130434782608695,5,0.3839999999999999,0.008000000000000007,1.0
710,feature_0 > 0.004 AND feature_0 > 0.885 AND feature_1 > 0.172 AND feature_0 <= 1.314 AND feature_1 > 1.109 AND feature_2 <= -0.585,"{'feature_0': (0.885, 1.314), 'feature_1': (1.109, 3.852), 'feature_2': (-3.74, -0.585)}",3,2.781,6,[Pretrained] CF,"[378, 608, 684, 685, 709]",2.848,2.832,ResOve,[Pretrained] CF ResOve,0.114,0,0.114,748,37,0.0,5,0.06699999999999973,0.016000000000000014,1.0
728,feature_0 > 0.004 AND feature_0 > 0.885 AND feature_1 > 0.172 AND feature_0 > 1.314 AND feature_1 <= 0.873 AND feature_0 > 1.514 AND feature_2 <= -0.281 AND feature_1 > 0.409,"{'feature_0': (1.514, 3.845), 'feature_1': (0.409, 0.873), 'feature_2': (-3.74, -0.281)}",3,2.712,8,[Pretrained] CF,"[378, 608, 684, 718, 719, 725, 726]",3.053,3.053,ResOve,[Pretrained] CF ResOve,0.114,0,0.114,748,49,0.0,5,0.34099999999999975,0.0,1.0
739,feature_0 > 0.004 AND feature_0 > 0.885 AND feature_1 > 0.172 AND feature_0 > 1.314 AND feature_1 > 0.873 AND feature_2 <= -0.57,"{'feature_0': (1.314, 3.845), 'feature_1': (0.873, 3.852), 'feature_2': (-3.74, -0.57)}",3,2.955,6,[Pretrained] CF,"[378, 608, 684, 718, 738]",3.339,3.331,NoOve,[Pretrained] CF NoOve,0.025,0,0.025,748,45,0.0,5,0.3839999999999999,0.008000000000000007,1.0
742,feature_0 > 0.004 AND feature_0 > 0.885 AND feature_1 > 0.172 AND feature_0 > 1.314 AND feature_1 > 0.873 AND feature_2 > -0.57,"{'feature_0': (1.314, 3.845), 'feature_1': (0.873, 3.852), 'feature_2': (-0.57, 4.02)}",3,2.807,6,[Pretrained] CF,"[378, 608, 684, 718, 738]",3.393,3.268,NoOve,[Pretrained] CF NoOve,0.025,0,0.025,748,33,0.0,5,0.5859999999999999,0.125,1.0
710,feature_0 > 0.004 AND feature_0 > 0.885 AND feature_1 > 0.172 AND feature_0 <= 1.314 AND feature_1 > 1.109 AND feature_2 <= -0.585,"{'feature_0': (0.885, 1.314), 'feature_1': (1.109, 3.852), 'feature_2': (-3.74, -0.585)}",3,2.781,6,[Pretrained] CF,"[378, 608, 684, 685, 709]",2.848,2.832,NoOve,[Pretrained] CF NoOve,0.025,0,0.025,748,37,0.0,5,0.06699999999999973,0.016000000000000014,1.0
725,feature_0 > 0.004 AND feature_0 > 0.885 AND feature_1 > 0.172 AND feature_0 > 1.314 AND feature_1 <= 0.873 AND feature_0 > 1.514,"{'feature_0': (1.514, 3.845), 'feature_1': (0.172, 0.873)}",2,2.617,6,[Pretrained] CF,"[378, 608, 684, 718, 719]",2.921,2.912,NoOve,[Pretrained] CF NoOve,0.025,0,0.025,748,89,0.0,5,0.3039999999999998,0.008999999999999897,1.0
711,feature_0 > 0.004 AND feature_0 > 0.885 AND feature_1 > 0.172 AND feature_0 <= 1.314 AND feature_1 > 1.109 AND feature_2 > -0.585,"{'feature_0': (0.885, 1.314), 'feature_1': (1.109, 3.852), 'feature_2': (-0.585, 4.02)}",3,2.584,6,[Pretrained] CF,"[378, 608, 684, 685, 709]",2.849,2.719,NoOve,[Pretrained] CF NoOve,0.025,0,0.025,748,27,0.0,5,0.2650000000000001,0.13000000000000034,1.0
727,feature_0 > 0.004 AND feature_0 > 0.885 AND feature_1 > 0.172 AND feature_0 > 1.314 AND feature_1 <= 0.873 AND feature_0 > 1.514 AND feature_2 <= -0.281 AND feature_1 <= 0.409,"{'feature_0': (1.514, 3.845), 'feature_1': (0.172, 0.409), 'feature_2': (-3.74, -0.281)}",3,2.599,8,[Pretrained] CF,"[378, 608, 684, 718, 719, 725, 726]",2.763,2.763,OptRes,[Pretrained] CF OptRes,0.007,0,0.007,748,21,0.0,5,0.1639999999999997,0.0,1.0
732,feature_0 > 0.004 AND feature_0 > 0.885 AND feature_1 > 0.172 AND feature_0 > 1.314 AND feature_1 <= 0.873 AND feature_0 > 1.514 AND feature_2 > -0.281 AND feature_1 <= 0.346,"{'feature_0': (1.514, 3.845), 'feature_1': (0.172, 0.346), 'feature_2': (-0.281, 4.02)}",3,2.531,8,[Pretrained] CF,"[378, 608, 684, 718, 719, 725, 731]",2.873,2.873,OptRes,[Pretrained] CF OptRes,0.007,0,0.007,748,36,0.0,5,0.3420000000000001,0.0,1.0
683,feature_0 > 0.004 AND feature_0 > 0.885 AND feature_1 <= 0.172 AND feature_0 > 1.535 AND feature_0 > 1.75 AND feature_1 > -0.588 AND feature_1 > -0.225 AND feature_0 > 2.219,"{'feature_0': (2.219, 3.845), 'feature_1': (-0.225, 0.172)}",2,2.409,8,[Pretrained] CF,"[378, 608, 609, 661, 669, 677, 681]",3.214,3.214,OptRes,[Pretrained] CF OptRes,0.007,0,0.007,748,23,0.09745762711864407,5,0.8050000000000002,0.0,1.0
681,feature_0 > 0.004 AND feature_0 > 0.885 AND feature_1 <= 0.172 AND feature_0 > 1.535 AND feature_0 > 1.75 AND feature_1 > -0.588 AND feature_1 > -0.225,"{'feature_0': (1.75, 3.845), 'feature_1': (-0.225, 0.172)}",2,2.362,7,[Pretrained] CF,"[378, 608, 609, 661, 669, 677]",2.862,2.862,OptRes,[Pretrained] CF OptRes,0.007,0,0.007,748,59,0.09745762711864407,5,0.5,0.0,1.0
675,feature_0 > 0.004 AND feature_0 > 0.885 AND feature_1 <= 0.172 AND feature_0 > 1.535 AND feature_0 > 1.75 AND feature_1 <= -0.588 AND feature_4 > -0.043 AND feature_3 <= -0.267,"{'feature_0': (1.75, 3.845), 'feature_1': (-3.98, -0.588), 'feature_4': (-0.043, 3.804), 'feature_3': (-3.667, -0.267)}",4,2.298,8,[Pretrained] CF,"[378, 608, 609, 661, 669, 670, 674]",2.571,2.571,OptRes,[Pretrained] CF OptRes,0.007,0,0.007,748,24,0.0,5,0.27300000000000013,0.0,1.0
732,feature_0 > 0.004 AND feature_0 > 0.885 AND feature_1 > 0.172 AND feature_0 > 1.314 AND feature_1 <= 0.873 AND feature_0 > 1.514 AND feature_2 > -0.281 AND feature_1 <= 0.346,"{'feature_0': (1.514, 3.845), 'feature_1': (0.172, 0.346), 'feature_2': (-0.281, 4.02)}",3,2.531,8,[Pretrained] CF,"[378, 608, 684, 718, 719, 725, 731]",2.873,2.873,ResOve,[Pretrained] CF ResOve,0.08,0,0.08,748,36,0.0,5,0.3420000000000001,0.0,1.0
727,feature_0 > 0.004 AND feature_0 > 0.885 AND feature_1 > 0.172 AND feature_0 > 1.314 AND feature_1 <= 0.873 AND feature_0 > 1.514 AND feature_2 <= -0.281 AND feature_1 <= 0.409,"{'feature_0': (1.514, 3.845), 'feature_1': (0.172, 0.409), 'feature_2': (-3.74, -0.281)}",3,2.599,8,[Pretrained] CF,"[378, 608, 684, 718, 719, 725, 726]",2.763,2.763,ResOve,[Pretrained] CF ResOve,0.08,0,0.08,748,21,0.0,5,0.1639999999999997,0.0,1.0
683,feature_0 > 0.004 AND feature_0 > 0.885 AND feature_1 <= 0.172 AND feature_0 > 1.535 AND feature_0 > 1.75 AND feature_1 > -0.588 AND feature_1 > -0.225 AND feature_0 > 2.219,"{'feature_0': (2.219, 3.845), 'feature_1': (-0.225, 0.172)}",2,2.409,8,[Pretrained] CF,"[378, 608, 609, 661, 669, 677, 681]",3.214,3.214,ResOve,[Pretrained] CF ResOve,0.08,0,0.08,748,23,0.0,5,0.8050000000000002,0.0,1.0
675,feature_0 > 0.004 AND feature_0 > 0.885 AND feature_1 <= 0.172 AND feature_0 > 1.535 AND feature_0 > 1.75 AND feature_1 <= -0.588 AND feature_4 > -0.043 AND feature_3 <= -0.267,"{'feature_0': (1.75, 3.845), 'feature_1': (-3.98, -0.588), 'feature_4': (-0.043, 3.804), 'feature_3': (-3.667, -0.267)}",4,2.298,8,[Pretrained] CF,"[378, 608, 609, 661, 669, 670, 674]",2.571,2.571,ResOve,[Pretrained] CF ResOve,0.08,0,0.08,748,24,0.0,5,0.27300000000000013,0.0,1.0
721,feature_0 > 0.004 AND feature_0 > 0.885 AND feature_1 > 0.172 AND feature_0 > 1.314 AND feature_1 <= 0.873 AND feature_0 <= 1.514 AND feature_1 <= 0.319,"{'feature_0': (1.314, 1.514), 'feature_1': (0.172, 0.319)}",2,2.283,7,[Pretrained] CF,"[378, 608, 684, 718, 719, 720]",2.246,2.246,ResOve,[Pretrained] CF ResOve,0.08,0,0.08,748,21,0.0,5,0.03699999999999992,0.0,1.0
727,feature_0 > 0.004 AND feature_0 > 0.885 AND feature_1 > 0.172 AND feature_0 > 1.314 AND feature_1 <= 0.873 AND feature_0 > 1.514 AND feature_2 <= -0.281 AND feature_1 <= 0.409,"{'feature_0': (1.514, 3.845), 'feature_1': (0.172, 0.409), 'feature_2': (-3.74, -0.281)}",3,2.599,8,[Pretrained] CF,"[378, 608, 684, 718, 719, 725, 726]",2.763,2.763,NoOve,[Pretrained] CF NoOve,0.006,0,0.006,748,21,0.0,5,0.1639999999999997,0.0,1.0
732,feature_0 > 0.004 AND feature_0 > 0.885 AND feature_1 > 0.172 AND feature_0 > 1.314 AND feature_1 <= 0.873 AND feature_0 > 1.514 AND feature_2 > -0.281 AND feature_1 <= 0.346,"{'feature_0': (1.514, 3.845), 'feature_1': (0.172, 0.346), 'feature_2': (-0.281, 4.02)}",3,2.531,8,[Pretrained] CF,"[378, 608, 684, 718, 719, 725, 731]",2.873,2.873,NoOve,[Pretrained] CF NoOve,0.006,0,0.006,748,36,0.0,5,0.3420000000000001,0.0,1.0
683,feature_0 > 0.004 AND feature_0 > 0.885 AND feature_1 <= 0.172 AND feature_0 > 1.535 AND feature_0 > 1.75 AND feature_1 > -0.588 AND feature_1 > -0.225 AND feature_0 > 2.219,"{'feature_0': (2.219, 3.845), 'feature_1': (-0.225, 0.172)}",2,2.409,8,[Pretrained] CF,"[378, 608, 609, 661, 669, 677, 681]",3.214,3.214,NoOve,[Pretrained] CF NoOve,0.006,0,0.006,748,23,0.0,5,0.8050000000000002,0.0,1.0
682,feature_0 > 0.004 AND feature_0 > 0.885 AND feature_1 <= 0.172 AND feature_0 > 1.535 AND feature_0 > 1.75 AND feature_1 > -0.588 AND feature_1 > -0.225 AND feature_0 <= 2.219,"{'feature_0': (1.75, 2.219), 'feature_1': (-0.225, 0.172)}",2,2.332,8,[Pretrained] CF,"[378, 608, 609, 661, 669, 677, 681]",2.637,2.637,NoOve,[Pretrained] CF NoOve,0.006,0,0.006,748,36,0.0,5,0.30500000000000016,0.0,1.0
675,feature_0 > 0.004 AND feature_0 > 0.885 AND feature_1 <= 0.172 AND feature_0 > 1.535 AND feature_0 > 1.75 AND feature_1 <= -0.588 AND feature_4 > -0.043 AND feature_3 <= -0.267,"{'feature_0': (1.75, 3.845), 'feature_1': (-3.98, -0.588), 'feature_4': (-0.043, 3.804), 'feature_3': (-3.667, -0.267)}",4,2.298,8,[Pretrained] CF,"[378, 608, 609, 661, 669, 670, 674]",2.571,2.571,NoOve,[Pretrained] CF NoOve,0.006,0,0.006,748,24,0.0,5,0.27300000000000013,0.0,1.0
746,feature_0 > 0.011 AND feature_0 > 0.771 AND feature_1 > 0.333 AND feature_1 > 1.095 AND feature_1 > 1.403 AND feature_0 > 1.349,"{'feature_0': (1.349, 3.845), 'feature_1': (1.403, 3.852)}",2,2.901,6,[Pretrained] CF,"[376, 594, 690, 728, 738]",3.754,3.764,OptRes,[Pretrained] CF OptRes,0.004,0,0.004,748,50,0.09104938271604938,5,0.8530000000000002,0.009999999999999787,2.0
736,feature_0 > 0.011 AND feature_0 > 0.771 AND feature_1 > 0.333 AND feature_1 > 1.095 AND feature_1 <= 1.403 AND feature_0 > 1.286 AND feature_2 <= 0.168,"{'feature_0': (1.286, 3.845), 'feature_1': (1.095, 1.403), 'feature_2': (-3.74, 0.168)}",3,2.842,7,[Pretrained] CF,"[376, 594, 690, 728, 729, 735]",3.066,3.066,OptRes,[Pretrained] CF OptRes,0.004,0,0.004,748,29,0.0,5,0.22399999999999975,0.0,2.0
743,feature_0 > 0.011 AND feature_0 > 0.771 AND feature_1 > 0.333 AND feature_1 > 1.095 AND feature_1 > 1.403 AND feature_0 <= 1.349 AND feature_2 <= 0.322 AND feature_9 > -0.603 AND feature_4 <= 0.346,"{'feature_0': (0.771, 1.349), 'feature_1': (1.403, 3.852), 'feature_2': (-3.74, 0.322), 'feature_9': (-0.603, 3.767), 'feature_4': (-3.533, 0.346)}",5,2.828,9,[Pretrained] CF,"[376, 594, 690, 728, 738, 739, 740, 742]",2.975,2.969,OptRes,[Pretrained] CF OptRes,0.004,0,0.004,748,24,0.1357116920842411,5,0.14700000000000024,0.006000000000000227,2.0
738,feature_0 > 0.011 AND feature_0 > 0.771 AND feature_1 > 0.333 AND feature_1 > 1.095 AND feature_1 > 1.403,"{'feature_0': (0.771, 3.845), 'feature_1': (1.403, 3.852)}",2,2.826,5,[Pretrained] CF,"[376, 594, 690, 728]",3.254,3.246,OptRes,[Pretrained] CF OptRes,0.004,0,0.004,748,143,0.2361111111111111,5,0.42799999999999994,0.008000000000000007,2.0
740,feature_0 > 0.011 AND feature_0 > 0.771 AND feature_1 > 0.333 AND feature_1 > 1.095 AND feature_1 > 1.403 AND feature_0 <= 1.349 AND feature_2 <= 0.322,"{'feature_0': (0.771, 1.349), 'feature_1': (1.403, 3.852), 'feature_2': (-3.74, 0.322)}",3,2.821,7,[Pretrained] CF,"[376, 594, 690, 728, 738, 739]",2.936,2.935,OptRes,[Pretrained] CF OptRes,0.004,0,0.004,748,64,0.2005265068990559,5,0.11499999999999977,0.0009999999999998899,2.0
743,feature_0 > 0.011 AND feature_0 > 0.771 AND feature_1 > 0.333 AND feature_1 > 1.095 AND feature_1 > 1.403 AND feature_0 <= 1.349 AND feature_2 <= 0.322 AND feature_9 > -0.603 AND feature_4 <= 0.346,"{'feature_0': (0.771, 1.349), 'feature_1': (1.403, 3.852), 'feature_2': (-3.74, 0.322), 'feature_9': (-0.603, 3.767), 'feature_4': (-3.533, 0.346)}",5,2.828,9,[Pretrained] CF,"[376, 594, 690, 728, 738, 739, 740, 742]",2.975,2.969,ResOve,[Pretrained] CF ResOve,0.112,0,0.112,748,24,0.09558823529411764,5,0.14700000000000024,0.006000000000000227,2.0
740,feature_0 > 0.011 AND feature_0 > 0.771 AND feature_1 > 0.333 AND feature_1 > 1.095 AND feature_1 > 1.403 AND feature_0 <= 1.349 AND feature_2 <= 0.322,"{'feature_0': (0.771, 1.349), 'feature_1': (1.403, 3.852), 'feature_2': (-3.74, 0.322)}",3,2.821,7,[Pretrained] CF,"[376, 594, 690, 728, 738, 739]",2.936,2.935,ResOve,[Pretrained] CF ResOve,0.112,0,0.112,748,64,0.09558823529411764,5,0.11499999999999977,0.0009999999999998899,2.0
746,feature_0 > 0.011 AND feature_0 > 0.771 AND feature_1 > 0.333 AND feature_1 > 1.095 AND feature_1 > 1.403 AND feature_0 > 1.349,"{'feature_0': (1.349, 3.845), 'feature_1': (1.403, 3.852)}",2,2.901,6,[Pretrained] CF,"[376, 594, 690, 728, 738]",3.754,3.764,ResOve,[Pretrained] CF ResOve,0.112,0,0.112,748,50,0.0,5,0.8530000000000002,0.009999999999999787,2.0
592,feature_0 > 0.011 AND feature_0 <= 0.771 AND feature_1 > 0.97 AND feature_0 > 0.334 AND feature_1 > 1.309 AND feature_1 > 1.465 AND feature_0 > 0.558 AND feature_9 <= -0.405,"{'feature_0': (0.558, 0.771), 'feature_1': (1.465, 3.852), 'feature_9': (-3.581, -0.405)}",3,2.699,8,[Pretrained] CF,"[376, 377, 559, 577, 583, 585, 591]",2.695,2.695,ResOve,[Pretrained] CF ResOve,0.112,0,0.112,748,21,0.0,5,0.0040000000000000036,0.0,2.0
724,feature_0 > 0.011 AND feature_0 > 0.771 AND feature_1 > 0.333 AND feature_1 <= 1.095 AND feature_0 > 1.428 AND feature_2 <= 0.265 AND feature_0 > 1.682 AND feature_1 > 0.722,"{'feature_0': (1.682, 3.845), 'feature_1': (0.722, 1.095), 'feature_2': (-3.74, 0.265)}",3,2.651,8,[Pretrained] CF,"[376, 594, 690, 691, 715, 716, 720]",3.372,3.383,ResOve,[Pretrained] CF ResOve,0.112,0,0.112,748,28,0.0,5,0.7210000000000001,0.01100000000000012,2.0
748,feature_0 > 0.011 AND feature_0 > 0.771 AND feature_1 > 0.333 AND feature_1 > 1.095 AND feature_1 > 1.403 AND feature_0 > 1.349 AND feature_2 > -0.265,"{'feature_0': (1.349, 3.845), 'feature_1': (1.403, 3.852), 'feature_2': (-0.265, 4.02)}",3,2.85,7,[Pretrained] CF,"[376, 594, 690, 728, 738, 746]",3.759,3.804,NoOve,[Pretrained] CF NoOve,0.009,0,0.009,748,34,0.0,5,0.9089999999999998,0.04499999999999993,2.0
736,feature_0 > 0.011 AND feature_0 > 0.771 AND feature_1 > 0.333 AND feature_1 > 1.095 AND feature_1 <= 1.403 AND feature_0 > 1.286 AND feature_2 <= 0.168,"{'feature_0': (1.286, 3.845), 'feature_1': (1.095, 1.403), 'feature_2': (-3.74, 0.168)}",3,2.842,7,[Pretrained] CF,"[376, 594, 690, 728, 729, 735]",3.066,3.066,NoOve,[Pretrained] CF NoOve,0.009,0,0.009,748,29,0.0,5,0.22399999999999975,0.0,2.0
740,feature_0 > 0.011 AND feature_0 > 0.771 AND feature_1 > 0.333 AND feature_1 > 1.095 AND feature_1 > 1.403 AND feature_0 <= 1.349 AND feature_2 <= 0.322,"{'feature_0': (0.771, 1.349), 'feature_1': (1.403, 3.852), 'feature_2': (-3.74, 0.322)}",3,2.821,7,[Pretrained] CF,"[376, 594, 690, 728, 738, 739]",2.936,2.935,NoOve,[Pretrained] CF NoOve,0.009,0,0.009,748,64,0.0,5,0.11499999999999977,0.0009999999999998899,2.0
745,feature_0 > 0.011 AND feature_0 > 0.771 AND feature_1 > 0.333 AND feature_1 > 1.095 AND feature_1 > 1.403 AND feature_0 <= 1.349 AND feature_2 > 0.322,"{'feature_0': (0.771, 1.349), 'feature_1': (1.403, 3.852), 'feature_2': (0.322, 4.02)}",3,2.709,7,[Pretrained] CF,"[376, 594, 690, 728, 738, 739]",3.028,3.04,NoOve,[Pretrained] CF NoOve,0.009,0,0.009,748,29,0.0,5,0.31899999999999995,0.01200000000000001,2.0
591,feature_0 > 0.011 AND feature_0 <= 0.771 AND feature_1 > 0.97 AND feature_0 > 0.334 AND feature_1 > 1.309 AND feature_1 > 1.465 AND feature_0 > 0.558,"{'feature_0': (0.558, 0.771), 'feature_1': (1.465, 3.852)}",2,2.627,7,[Pretrained] CF,"[376, 377, 559, 577, 583, 585]",2.674,2.685,NoOve,[Pretrained] CF NoOve,0.009,0,0.009,748,46,0.0,5,0.04700000000000015,0.01100000000000012,2.0
746,feature_0 > 0.011 AND feature_0 > 0.771 AND feature_1 > 0.333 AND feature_1 > 1.095 AND feature_1 > 1.403 AND feature_0 > 1.349,"{'feature_0': (1.349, 3.845), 'feature_1': (1.403, 3.852)}",2,2.901,6,[Pretrained] CF,"[376, 594, 690, 728, 738]",3.754,3.71,OptRes,[Pretrained] CF OptRes,0.004,0,0.004,748,44,0.09104938271604938,5,0.8530000000000002,0.04400000000000004,2.0
736,feature_0 > 0.011 AND feature_0 > 0.771 AND feature_1 > 0.333 AND feature_1 > 1.095 AND feature_1 <= 1.403 AND feature_0 > 1.286 AND feature_2 <= 0.168,"{'feature_0': (1.286, 3.845), 'feature_1': (1.095, 1.403), 'feature_2': (-3.74, 0.168)}",3,2.842,7,[Pretrained] CF,"[376, 594, 690, 728, 729, 735]",3.066,3.005,OptRes,[Pretrained] CF OptRes,0.004,0,0.004,748,24,0.0,5,0.22399999999999975,0.06099999999999994,2.0
743,feature_0 > 0.011 AND feature_0 > 0.771 AND feature_1 > 0.333 AND feature_1 > 1.095 AND feature_1 > 1.403 AND feature_0 <= 1.349 AND feature_2 <= 0.322 AND feature_9 > -0.603 AND feature_4 <= 0.346,"{'feature_0': (0.771, 1.349), 'feature_1': (1.403, 3.852), 'feature_2': (-3.74, 0.322), 'feature_9': (-0.603, 3.767), 'feature_4': (-3.533, 0.346)}",5,2.828,9,[Pretrained] CF,"[376, 594, 690, 728, 738, 739, 740, 742]",2.975,2.921,OptRes,[Pretrained] CF OptRes,0.004,0,0.004,748,23,0.1357116920842411,5,0.14700000000000024,0.05400000000000027,2.0
738,feature_0 > 0.011 AND feature_0 > 0.771 AND feature_1 > 0.333 AND feature_1 > 1.095 AND feature_1 > 1.403,"{'feature_0': (0.771, 3.845), 'feature_1': (1.403, 3.852)}",2,2.826,5,[Pretrained] CF,"[376, 594, 690, 728]",3.254,3.205,OptRes,[Pretrained] CF OptRes,0.004,0,0.004,748,132,0.2361111111111111,5,0.42799999999999994,0.04899999999999993,2.0
740,feature_0 > 0.011 AND feature_0 > 0.771 AND feature_1 > 0.333 AND feature_1 > 1.095 AND feature_1 > 1.403 AND feature_0 <= 1.349 AND feature_2 <= 0.322,"{'feature_0': (0.771, 1.349), 'feature_1': (1.403, 3.852), 'feature_2': (-3.74, 0.322)}",3,2.821,7,[Pretrained] CF,"[376, 594, 690, 728, 738, 739]",2.936,2.921,OptRes,[Pretrained] CF OptRes,0.004,0,0.004,748,59,0.2005265068990559,5,0.11499999999999977,0.015000000000000124,2.0
743,feature_0 > 0.011 AND feature_0 > 0.771 AND feature_1 > 0.333 AND feature_1 > 1.095 AND feature_1 > 1.403 AND feature_0 <= 1.349 AND feature_2 <= 0.322 AND feature_9 > -0.603 AND feature_4 <= 0.346,"{'feature_0': (0.771, 1.349), 'feature_1': (1.403, 3.852), 'feature_2': (-3.74, 0.322), 'feature_9': (-0.603, 3.767), 'feature_4': (-3.533, 0.346)}",5,2.828,9,[Pretrained] CF,"[376, 594, 690, 728, 738, 739, 740, 742]",2.975,2.921,ResOve,[Pretrained] CF ResOve,0.115,0,0.115,748,23,0.09558823529411764,5,0.14700000000000024,0.05400000000000027,2.0
740,feature_0 > 0.011 AND feature_0 > 0.771 AND feature_1 > 0.333 AND feature_1 > 1.095 AND feature_1 > 1.403 AND feature_0 <= 1.349 AND feature_2 <= 0.322,"{'feature_0': (0.771, 1.349), 'feature_1': (1.403, 3.852), 'feature_2': (-3.74, 0.322)}",3,2.821,7,[Pretrained] CF,"[376, 594, 690, 728, 738, 739]",2.936,2.921,ResOve,[Pretrained] CF ResOve,0.115,0,0.115,748,59,0.09558823529411764,5,0.11499999999999977,0.015000000000000124,2.0
736,feature_0 > 0.011 AND feature_0 > 0.771 AND feature_1 > 0.333 AND feature_1 > 1.095 AND feature_1 <= 1.403 AND feature_0 > 1.286 AND feature_2 <= 0.168,"{'feature_0': (1.286, 3.845), 'feature_1': (1.095, 1.403), 'feature_2': (-3.74, 0.168)}",3,2.842,7,[Pretrained] CF,"[376, 594, 690, 728, 729, 735]",3.066,3.005,ResOve,[Pretrained] CF ResOve,0.115,0,0.115,748,24,0.0,5,0.22399999999999975,0.06099999999999994,2.0
748,feature_0 > 0.011 AND feature_0 > 0.771 AND feature_1 > 0.333 AND feature_1 > 1.095 AND feature_1 > 1.403 AND feature_0 > 1.349 AND feature_2 > -0.265,"{'feature_0': (1.349, 3.845), 'feature_1': (1.403, 3.852), 'feature_2': (-0.265, 4.02)}",3,2.85,7,[Pretrained] CF,"[376, 594, 690, 728, 738, 746]",3.759,3.687,ResOve,[Pretrained] CF ResOve,0.115,0,0.115,748,29,0.0,5,0.9089999999999998,0.07200000000000006,2.0
724,feature_0 > 0.011 AND feature_0 > 0.771 AND feature_1 > 0.333 AND feature_1 <= 1.095 AND feature_0 > 1.428 AND feature_2 <= 0.265 AND feature_0 > 1.682 AND feature_1 > 0.722,"{'feature_0': (1.682, 3.845), 'feature_1': (0.722, 1.095), 'feature_2': (-3.74, 0.265)}",3,2.651,8,[Pretrained] CF,"[376, 594, 690, 691, 715, 716, 720]",3.372,3.366,ResOve,[Pretrained] CF ResOve,0.115,0,0.115,748,30,0.0,5,0.7210000000000001,0.005999999999999783,2.0
748,feature_0 > 0.011 AND feature_0 > 0.771 AND feature_1 > 0.333 AND feature_1 > 1.095 AND feature_1 > 1.403 AND feature_0 > 1.349 AND feature_2 > -0.265,"{'feature_0': (1.349, 3.845), 'feature_1': (1.403, 3.852), 'feature_2': (-0.265, 4.02)}",3,2.85,7,[Pretrained] CF,"[376, 594, 690, 728, 738, 746]",3.759,3.687,NoOve,[Pretrained] CF NoOve,0.01,0,0.01,748,29,0.0,5,0.9089999999999998,0.07200000000000006,2.0
736,feature_0 > 0.011 AND feature_0 > 0.771 AND feature_1 > 0.333 AND feature_1 > 1.095 AND feature_1 <= 1.403 AND feature_0 > 1.286 AND feature_2 <= 0.168,"{'feature_0': (1.286, 3.845), 'feature_1': (1.095, 1.403), 'feature_2': (-3.74, 0.168)}",3,2.842,7,[Pretrained] CF,"[376, 594, 690, 728, 729, 735]",3.066,3.005,NoOve,[Pretrained] CF NoOve,0.01,0,0.01,748,24,0.0,5,0.22399999999999975,0.06099999999999994,2.0
740,feature_0 > 0.011 AND feature_0 > 0.771 AND feature_1 > 0.333 AND feature_1 > 1.095 AND feature_1 > 1.403 AND feature_0 <= 1.349 AND feature_2 <= 0.322,"{'feature_0': (0.771, 1.349), 'feature_1': (1.403, 3.852), 'feature_2': (-3.74, 0.322)}",3,2.821,7,[Pretrained] CF,"[376, 594, 690, 728, 738, 739]",2.936,2.921,NoOve,[Pretrained] CF NoOve,0.01,0,0.01,748,59,0.0,5,0.11499999999999977,0.015000000000000124,2.0
745,feature_0 > 0.011 AND feature_0 > 0.771 AND feature_1 > 0.333 AND feature_1 > 1.095 AND feature_1 > 1.403 AND feature_0 <= 1.349 AND feature_2 > 0.322,"{'feature_0': (0.771, 1.349), 'feature_1': (1.403, 3.852), 'feature_2': (0.322, 4.02)}",3,2.709,7,[Pretrained] CF,"[376, 594, 690, 728, 738, 739]",3.028,3.017,NoOve,[Pretrained] CF NoOve,0.01,0,0.01,748,29,0.0,5,0.31899999999999995,0.01100000000000012,2.0
591,feature_0 > 0.011 AND feature_0 <= 0.771 AND feature_1 > 0.97 AND feature_0 > 0.334 AND feature_1 > 1.309 AND feature_1 > 1.465 AND feature_0 > 0.558,"{'feature_0': (0.558, 0.771), 'feature_1': (1.465, 3.852)}",2,2.627,7,[Pretrained] CF,"[376, 377, 559, 577, 583, 585]",2.674,2.677,NoOve,[Pretrained] CF NoOve,0.01,0,0.01,748,48,0.0,5,0.04700000000000015,0.0030000000000001137,2.0
746,feature_0 > 0.011 AND feature_0 > 0.771 AND feature_1 > 0.333 AND feature_1 > 1.095 AND feature_1 > 1.403 AND feature_0 > 1.349,"{'feature_0': (1.349, 3.845), 'feature_1': (1.403, 3.852)}",2,2.901,6,[Pretrained] CF,"[376, 594, 690, 728, 738]",3.754,3.62,OptRes,[Pretrained] CF OptRes,0.006,0,0.006,748,23,0.09104938271604938,5,0.8530000000000002,0.1339999999999999,2.0
738,feature_0 > 0.011 AND feature_0 > 0.771 AND feature_1 > 0.333 AND feature_1 > 1.095 AND feature_1 > 1.403,"{'feature_0': (0.771, 3.845), 'feature_1': (1.403, 3.852)}",2,2.826,5,[Pretrained] CF,"[376, 594, 690, 728]",3.254,3.288,OptRes,[Pretrained] CF OptRes,0.006,0,0.006,748,54,0.09104938271604938,5,0.42799999999999994,0.03399999999999981,2.0
591,feature_0 > 0.011 AND feature_0 <= 0.771 AND feature_1 > 0.97 AND feature_0 > 0.334 AND feature_1 > 1.309 AND feature_1 > 1.465 AND feature_0 > 0.558,"{'feature_0': (0.558, 0.771), 'feature_1': (1.465, 3.852)}",2,2.627,7,[Pretrained] CF,"[376, 377, 559, 577, 583, 585]",2.674,2.673,OptRes,[Pretrained] CF OptRes,0.006,0,0.006,748,21,0.0,5,0.04700000000000015,0.0009999999999998899,2.0
729,feature_0 > 0.011 AND feature_0 > 0.771 AND feature_1 > 0.333 AND feature_1 > 1.095 AND feature_1 <= 1.403,"{'feature_0': (0.771, 3.845), 'feature_1': (1.095, 1.403)}",2,2.622,5,[Pretrained] CF,"[376, 594, 690, 728]",2.731,2.75,OptRes,[Pretrained] CF OptRes,0.006,0,0.006,748,51,0.0,5,0.10899999999999999,0.019000000000000128,2.0
720,feature_0 > 0.011 AND feature_0 > 0.771 AND feature_1 > 0.333 AND feature_1 <= 1.095 AND feature_0 > 1.428 AND feature_2 <= 0.265 AND feature_0 > 1.682,"{'feature_0': (1.682, 3.845), 'feature_1': (0.333, 1.095), 'feature_2': (-3.74, 0.265)}",3,2.587,7,[Pretrained] CF,"[376, 594, 690, 691, 715, 716]",3.197,3.184,OptRes,[Pretrained] CF OptRes,0.006,0,0.006,748,27,0.0,5,0.6099999999999999,0.0129999999999999,2.0
746,feature_0 > 0.011 AND feature_0 > 0.771 AND feature_1 > 0.333 AND feature_1 > 1.095 AND feature_1 > 1.403 AND feature_0 > 1.349,"{'feature_0': (1.349, 3.845), 'feature_1': (1.403, 3.852)}",2,2.901,6,[Pretrained] CF,"[376, 594, 690, 728, 738]",3.754,3.62,ResOve,[Pretrained] CF ResOve,0.127,0,0.127,748,23,0.09104938271604938,5,0.8530000000000002,0.1339999999999999,2.0
739,feature_0 > 0.011 AND feature_0 > 0.771 AND feature_1 > 0.333 AND feature_1 > 1.095 AND feature_1 > 1.403 AND feature_0 <= 1.349,"{'feature_0': (0.771, 1.349), 'feature_1': (1.403, 3.852)}",2,2.783,6,[Pretrained] CF,"[376, 594, 690, 728, 738]",2.967,3.042,ResOve,[Pretrained] CF ResOve,0.127,0,0.127,748,31,0.15895061728395063,5,0.18400000000000016,0.07499999999999973,2.0
730,feature_0 > 0.011 AND feature_0 > 0.771 AND feature_1 > 0.333 AND feature_1 > 1.095 AND feature_1 <= 1.403 AND feature_0 <= 1.286,"{'feature_0': (0.771, 1.286), 'feature_1': (1.095, 1.403)}",2,2.53,6,[Pretrained] CF,"[376, 594, 690, 728, 729]",2.524,2.495,ResOve,[Pretrained] CF ResOve,0.127,0,0.127,748,33,0.0,5,0.005999999999999783,0.028999999999999915,2.0
591,feature_0 > 0.011 AND feature_0 <= 0.771 AND feature_1 > 0.97 AND feature_0 > 0.334 AND feature_1 > 1.309 AND feature_1 > 1.465 AND feature_0 > 0.558,"{'feature_0': (0.558, 0.771), 'feature_1': (1.465, 3.852)}",2,2.627,7,[Pretrained] CF,"[376, 377, 559, 577, 583, 585]",2.674,2.673,ResOve,[Pretrained] CF ResOve,0.127,0,0.127,748,21,0.0,5,0.04700000000000015,0.0009999999999998899,2.0
738,feature_0 > 0.011 AND feature_0 > 0.771 AND feature_1 > 0.333 AND feature_1 > 1.095 AND feature_1 > 1.403,"{'feature_0': (0.771, 3.845), 'feature_1': (1.403, 3.852)}",2,2.826,5,[Pretrained] CF,"[376, 594, 690, 728]",3.254,3.288,ResOve,[Pretrained] CF ResOve,0.127,0,0.127,748,54,0.25,5,0.42799999999999994,0.03399999999999981,2.0
746,feature_0 > 0.011 AND feature_0 > 0.771 AND feature_1 > 0.333 AND feature_1 > 1.095 AND feature_1 > 1.403 AND feature_0 > 1.349,"{'feature_0': (1.349, 3.845), 'feature_1': (1.403, 3.852)}",2,2.901,6,[Pretrained] CF,"[376, 594, 690, 728, 738]",3.754,3.62,NoOve,[Pretrained] CF NoOve,0.03,0,0.03,748,23,0.0,5,0.8530000000000002,0.1339999999999999,2.0
739,feature_0 > 0.011 AND feature_0 > 0.771 AND feature_1 > 0.333 AND feature_1 > 1.095 AND feature_1 > 1.403 AND feature_0 <= 1.349,"{'feature_0': (0.771, 1.349), 'feature_1': (1.403, 3.852)}",2,2.783,6,[Pretrained] CF,"[376, 594, 690, 728, 738]",2.967,3.042,NoOve,[Pretrained] CF NoOve,0.03,0,0.03,748,31,0.0,5,0.18400000000000016,0.07499999999999973,2.0
585,feature_0 > 0.011 AND feature_0 <= 0.771 AND feature_1 > 0.97 AND feature_0 > 0.334 AND feature_1 > 1.309 AND feature_1 > 1.465,"{'feature_0': (0.334, 0.771), 'feature_1': (1.465, 3.852)}",2,2.559,6,[Pretrained] CF,"[376, 377, 559, 577, 583]",2.539,2.503,NoOve,[Pretrained] CF NoOve,0.03,0,0.03,748,46,0.0,5,0.020000000000000018,0.03600000000000003,2.0
730,feature_0 > 0.011 AND feature_0 > 0.771 AND feature_1 > 0.333 AND feature_1 > 1.095 AND feature_1 <= 1.403 AND feature_0 <= 1.286,"{'feature_0': (0.771, 1.286), 'feature_1': (1.095, 1.403)}",2,2.53,6,[Pretrained] CF,"[376, 594, 690, 728, 729]",2.524,2.495,NoOve,[Pretrained] CF NoOve,0.03,0,0.03,748,33,0.0,5,0.005999999999999783,0.028999999999999915,2.0
716,feature_0 > 0.011 AND feature_0 > 0.771 AND feature_1 > 0.333 AND feature_1 <= 1.095 AND feature_0 > 1.428 AND feature_2 <= 0.265,"{'feature_0': (1.428, 3.845), 'feature_1': (0.333, 1.095), 'feature_2': (-3.74, 0.265)}",3,2.525,6,[Pretrained] CF,"[376, 594, 690, 691, 715]",2.982,3.025,NoOve,[Pretrained] CF NoOve,0.03,0,0.03,748,41,0.0,5,0.4570000000000003,0.042999999999999705,2.0
746,feature_0 > 0.011 AND feature_0 > 0.771 AND feature_1 > 0.333 AND feature_1 > 1.095 AND feature_1 > 1.403 AND feature_0 > 1.349,"{'feature_0': (1.349, 3.845), 'feature_1': (1.403, 3.852)}",2,2.901,6,[Pretrained] CF,"[376, 594, 690, 728, 738]",3.754,3.754,OptRes,[Pretrained] CF OptRes,0.004,0,0.004,748,59,0.09104938271604938,5,0.8530000000000002,0.0,2.0
736,feature_0 > 0.011 AND feature_0 > 0.771 AND feature_1 > 0.333 AND feature_1 > 1.095 AND feature_1 <= 1.403 AND feature_0 > 1.286 AND feature_2 <= 0.168,"{'feature_0': (1.286, 3.845), 'feature_1': (1.095, 1.403), 'feature_2': (-3.74, 0.168)}",3,2.842,7,[Pretrained] CF,"[376, 594, 690, 728, 729, 735]",3.066,3.066,OptRes,[Pretrained] CF OptRes,0.004,0,0.004,748,29,0.0,5,0.22399999999999975,0.0,2.0
743,feature_0 > 0.011 AND feature_0 > 0.771 AND feature_1 > 0.333 AND feature_1 > 1.095 AND feature_1 > 1.403 AND feature_0 <= 1.349 AND feature_2 <= 0.322 AND feature_9 > -0.603 AND feature_4 <= 0.346,"{'feature_0': (0.771, 1.349), 'feature_1': (1.403, 3.852), 'feature_2': (-3.74, 0.322), 'feature_9': (-0.603, 3.767), 'feature_4': (-3.533, 0.346)}",5,2.828,9,[Pretrained] CF,"[376, 594, 690, 728, 738, 739, 740, 742]",2.975,2.975,OptRes,[Pretrained] CF OptRes,0.004,0,0.004,748,26,0.1357116920842411,5,0.14700000000000024,0.0,2.0
738,feature_0 > 0.011 AND feature_0 > 0.771 AND feature_1 > 0.333 AND feature_1 > 1.095 AND feature_1 > 1.403,"{'feature_0': (0.771, 3.845), 'feature_1': (1.403, 3.852)}",2,2.826,5,[Pretrained] CF,"[376, 594, 690, 728]",3.254,3.254,OptRes,[Pretrained] CF OptRes,0.004,0,0.004,748,162,0.2361111111111111,5,0.42799999999999994,0.0,2.0
740,feature_0 > 0.011 AND feature_0 > 0.771 AND feature_1 > 0.333 AND feature_1 > 1.095 AND feature_1 > 1.403 AND feature_0 <= 1.349 AND feature_2 <= 0.322,"{'feature_0': (0.771, 1.349), 'feature_1': (1.403, 3.852), 'feature_2': (-3.74, 0.322)}",3,2.821,7,[Pretrained] CF,"[376, 594, 690, 728, 738, 739]",2.936,2.936,OptRes,[Pretrained] CF OptRes,0.004,0,0.004,748,68,0.2005265068990559,5,0.11499999999999977,0.0,2.0
745,feature_0 > 0.011 AND feature_0 > 0.771 AND feature_1 > 0.333 AND feature_1 > 1.095 AND feature_1 > 1.403 AND feature_0 <= 1.349 AND feature_2 > 0.322,"{'feature_0': (0.771, 1.349), 'feature_1': (1.403, 3.852), 'feature_2': (0.322, 4.02)}",3,2.709,7,[Pretrained] CF,"[376, 594, 690, 728, 738, 739]",3.028,3.028,ResOve,[Pretrained] CF ResOve,0.065,0,0.065,748,35,0.0,5,0.31899999999999995,0.0,2.0
744,feature_0 > 0.011 AND feature_0 > 0.771 AND feature_1 > 0.333 AND feature_1 > 1.095 AND feature_1 > 1.403 AND feature_0 <= 1.349 AND feature_2 <= 0.322 AND feature_9 > -0.603 AND feature_4 > 0.346,"{'feature_0': (0.771, 1.349), 'feature_1': (1.403, 3.852), 'feature_2': (-3.74, 0.322), 'feature_9': (-0.603, 3.767), 'feature_4': (0.346, 3.804)}",5,2.747,9,[Pretrained] CF,"[376, 594, 690, 728, 738, 739, 740, 742]",2.95,2.95,ResOve,[Pretrained] CF ResOve,0.065,0,0.065,748,22,0.0,5,0.2030000000000003,0.0,2.0
736,feature_0 > 0.011 AND feature_0 > 0.771 AND feature_1 > 0.333 AND feature_1 > 1.095 AND feature_1 <= 1.403 AND feature_0 > 1.286 AND feature_2 <= 0.168,"{'feature_0': (1.286, 3.845), 'feature_1': (1.095, 1.403), 'feature_2': (-3.74, 0.168)}",3,2.842,7,[Pretrained] CF,"[376, 594, 690, 728, 729, 735]",3.066,3.066,ResOve,[Pretrained] CF ResOve,0.065,0,0.065,748,29,0.0,5,0.22399999999999975,0.0,2.0
748,feature_0 > 0.011 AND feature_0 > 0.771 AND feature_1 > 0.333 AND feature_1 > 1.095 AND feature_1 > 1.403 AND feature_0 > 1.349 AND feature_2 > -0.265,"{'feature_0': (1.349, 3.845), 'feature_1': (1.403, 3.852), 'feature_2': (-0.265, 4.02)}",3,2.85,7,[Pretrained] CF,"[376, 594, 690, 728, 738, 746]",3.759,3.759,ResOve,[Pretrained] CF ResOve,0.065,0,0.065,748,39,0.0,5,0.9089999999999998,0.0,2.0
592,feature_0 > 0.011 AND feature_0 <= 0.771 AND feature_1 > 0.97 AND feature_0 > 0.334 AND feature_1 > 1.309 AND feature_1 > 1.465 AND feature_0 > 0.558 AND feature_9 <= -0.405,"{'feature_0': (0.558, 0.771), 'feature_1': (1.465, 3.852), 'feature_9': (-3.581, -0.405)}",3,2.699,8,[Pretrained] CF,"[376, 377, 559, 577, 583, 585, 591]",2.695,2.695,ResOve,[Pretrained] CF ResOve,0.065,0,0.065,748,21,0.0,5,0.0040000000000000036,0.0,2.0
748,feature_0 > 0.011 AND feature_0 > 0.771 AND feature_1 > 0.333 AND feature_1 > 1.095 AND feature_1 > 1.403 AND feature_0 > 1.349 AND feature_2 > -0.265,"{'feature_0': (1.349, 3.845), 'feature_1': (1.403, 3.852), 'feature_2': (-0.265, 4.02)}",3,2.85,7,[Pretrained] CF,"[376, 594, 690, 728, 738, 746]",3.759,3.759,NoOve,[Pretrained] CF NoOve,0.009,0,0.009,748,39,0.0,5,0.9089999999999998,0.0,2.0
736,feature_0 > 0.011 AND feature_0 > 0.771 AND feature_1 > 0.333 AND feature_1 > 1.095 AND feature_1 <= 1.403 AND feature_0 > 1.286 AND feature_2 <= 0.168,"{'feature_0': (1.286, 3.845), 'feature_1': (1.095, 1.403), 'feature_2': (-3.74, 0.168)}",3,2.842,7,[Pretrained] CF,"[376, 594, 690, 728, 729, 735]",3.066,3.066,NoOve,[Pretrained] CF NoOve,0.009,0,0.009,748,29,0.0,5,0.22399999999999975,0.0,2.0
740,feature_0 > 0.011 AND feature_0 > 0.771 AND feature_1 > 0.333 AND feature_1 > 1.095 AND feature_1 > 1.403 AND feature_0 <= 1.349 AND feature_2 <= 0.322,"{'feature_0': (0.771, 1.349), 'feature_1': (1.403, 3.852), 'feature_2': (-3.74, 0.322)}",3,2.821,7,[Pretrained] CF,"[376, 594, 690, 728, 738, 739]",2.936,2.936,NoOve,[Pretrained] CF NoOve,0.009,0,0.009,748,68,0.0,5,0.11499999999999977,0.0,2.0
745,feature_0 > 0.011 AND feature_0 > 0.771 AND feature_1 > 0.333 AND feature_1 > 1.095 AND feature_1 > 1.403 AND feature_0 <= 1.349 AND feature_2 > 0.322,"{'feature_0': (0.771, 1.349), 'feature_1': (1.403, 3.852), 'feature_2': (0.322, 4.02)}",3,2.709,7,[Pretrained] CF,"[376, 594, 690, 728, 738, 739]",3.028,3.028,NoOve,[Pretrained] CF NoOve,0.009,0,0.009,748,35,0.0,5,0.31899999999999995,0.0,2.0
591,feature_0 > 0.011 AND feature_0 <= 0.771 AND feature_1 > 0.97 AND feature_0 > 0.334 AND feature_1 > 1.309 AND feature_1 > 1.465 AND feature_0 > 0.558,"{'feature_0': (0.558, 0.771), 'feature_1': (1.465, 3.852)}",2,2.627,7,[Pretrained] CF,"[376, 377, 559, 577, 583, 585]",2.674,2.674,NoOve,[Pretrained] CF NoOve,0.009,0,0.009,748,54,0.0,5,0.04700000000000015,0.0,2.0
746,feature_0 > 0.011 AND feature_0 > 0.771 AND feature_1 > 0.333 AND feature_1 > 1.095 AND feature_1 > 1.403 AND feature_0 > 1.349,"{'feature_0': (1.349, 3.845), 'feature_1': (1.403, 3.852)}",2,2.901,6,[Pretrained] CF,"[376, 594, 690, 728, 738]",3.754,3.771,OptRes,[Pretrained] CF OptRes,0.004,0,0.004,748,50,0.09104938271604938,5,0.8530000000000002,0.016999999999999904,2.0
736,feature_0 > 0.011 AND feature_0 > 0.771 AND feature_1 > 0.333 AND feature_1 > 1.095 AND feature_1 <= 1.403 AND feature_0 > 1.286 AND feature_2 <= 0.168,"{'feature_0': (1.286, 3.845), 'feature_1': (1.095, 1.403), 'feature_2': (-3.74, 0.168)}",3,2.842,7,[Pretrained] CF,"[376, 594, 690, 728, 729, 735]",3.066,3.087,OptRes,[Pretrained] CF OptRes,0.004,0,0.004,748,27,0.0,5,0.22399999999999975,0.02100000000000035,2.0
743,feature_0 > 0.011 AND feature_0 > 0.771 AND feature_1 > 0.333 AND feature_1 > 1.095 AND feature_1 > 1.403 AND feature_0 <= 1.349 AND feature_2 <= 0.322 AND feature_9 > -0.603 AND feature_4 <= 0.346,"{'feature_0': (0.771, 1.349), 'feature_1': (1.403, 3.852), 'feature_2': (-3.74, 0.322), 'feature_9': (-0.603, 3.767), 'feature_4': (-3.533, 0.346)}",5,2.828,9,[Pretrained] CF,"[376, 594, 690, 728, 738, 739, 740, 742]",2.975,2.983,OptRes,[Pretrained] CF OptRes,0.004,0,0.004,748,22,0.1357116920842411,5,0.14700000000000024,0.008000000000000007,2.0
738,feature_0 > 0.011 AND feature_0 > 0.771 AND feature_1 > 0.333 AND feature_1 > 1.095 AND feature_1 > 1.403,"{'feature_0': (0.771, 3.845), 'feature_1': (1.403, 3.852)}",2,2.826,5,[Pretrained] CF,"[376, 594, 690, 728]",3.254,3.252,OptRes,[Pretrained] CF OptRes,0.004,0,0.004,748,141,0.2361111111111111,5,0.42799999999999994,0.002000000000000224,2.0
740,feature_0 > 0.011 AND feature_0 > 0.771 AND feature_1 > 0.333 AND feature_1 > 1.095 AND feature_1 > 1.403 AND feature_0 <= 1.349 AND feature_2 <= 0.322,"{'feature_0': (0.771, 1.349), 'feature_1': (1.403, 3.852), 'feature_2': (-3.74, 0.322)}",3,2.821,7,[Pretrained] CF,"[376, 594, 690, 728, 738, 739]",2.936,2.925,OptRes,[Pretrained] CF OptRes,0.004,0,0.004,748,60,0.2005265068990559,5,0.11499999999999977,0.01100000000000012,2.0
743,feature_0 > 0.011 AND feature_0 > 0.771 AND feature_1 > 0.333 AND feature_1 > 1.095 AND feature_1 > 1.403 AND feature_0 <= 1.349 AND feature_2 <= 0.322 AND feature_9 > -0.603 AND feature_4 <= 0.346,"{'feature_0': (0.771, 1.349), 'feature_1': (1.403, 3.852), 'feature_2': (-3.74, 0.322), 'feature_9': (-0.603, 3.767), 'feature_4': (-3.533, 0.346)}",5,2.828,9,[Pretrained] CF,"[376, 594, 690, 728, 738, 739, 740, 742]",2.975,2.983,ResOve,[Pretrained] CF ResOve,0.147,0,0.147,748,22,0.09558823529411764,5,0.14700000000000024,0.008000000000000007,2.0
740,feature_0 > 0.011 AND feature_0 > 0.771 AND feature_1 > 0.333 AND feature_1 > 1.095 AND feature_1 > 1.403 AND feature_0 <= 1.349 AND feature_2 <= 0.322,"{'feature_0': (0.771, 1.349), 'feature_1': (1.403, 3.852), 'feature_2': (-3.74, 0.322)}",3,2.821,7,[Pretrained] CF,"[376, 594, 690, 728, 738, 739]",2.936,2.925,ResOve,[Pretrained] CF ResOve,0.147,0,0.147,748,60,0.09558823529411764,5,0.11499999999999977,0.01100000000000012,2.0
736,feature_0 > 0.011 AND feature_0 > 0.771 AND feature_1 > 0.333 AND feature_1 > 1.095 AND feature_1 <= 1.403 AND feature_0 > 1.286 AND feature_2 <= 0.168,"{'feature_0': (1.286, 3.845), 'feature_1': (1.095, 1.403), 'feature_2': (-3.74, 0.168)}",3,2.842,7,[Pretrained] CF,"[376, 594, 690, 728, 729, 735]",3.066,3.087,ResOve,[Pretrained] CF ResOve,0.147,0,0.147,748,27,0.0,5,0.22399999999999975,0.02100000000000035,2.0
748,feature_0 > 0.011 AND feature_0 > 0.771 AND feature_1 > 0.333 AND feature_1 > 1.095 AND feature_1 > 1.403 AND feature_0 > 1.349 AND feature_2 > -0.265,"{'feature_0': (1.349, 3.845), 'feature_1': (1.403, 3.852), 'feature_2': (-0.265, 4.02)}",3,2.85,7,[Pretrained] CF,"[376, 594, 690, 728, 738, 746]",3.759,3.773,ResOve,[Pretrained] CF ResOve,0.147,0,0.147,748,33,0.0,5,0.9089999999999998,0.014000000000000234,2.0
724,feature_0 > 0.011 AND feature_0 > 0.771 AND feature_1 > 0.333 AND feature_1 <= 1.095 AND feature_0 > 1.428 AND feature_2 <= 0.265 AND feature_0 > 1.682 AND feature_1 > 0.722,"{'feature_0': (1.682, 3.845), 'feature_1': (0.722, 1.095), 'feature_2': (-3.74, 0.265)}",3,2.651,8,[Pretrained] CF,"[376, 594, 690, 691, 715, 716, 720]",3.372,3.362,ResOve,[Pretrained] CF ResOve,0.147,0,0.147,748,29,0.0,5,0.7210000000000001,0.009999999999999787,2.0
748,feature_0 > 0.011 AND feature_0 > 0.771 AND feature_1 > 0.333 AND feature_1 > 1.095 AND feature_1 > 1.403 AND feature_0 > 1.349 AND feature_2 > -0.265,"{'feature_0': (1.349, 3.845), 'feature_1': (1.403, 3.852), 'feature_2': (-0.265, 4.02)}",3,2.85,7,[Pretrained] CF,"[376, 594, 690, 728, 738, 746]",3.759,3.773,NoOve,[Pretrained] CF NoOve,0.01,0,0.01,748,33,0.0,5,0.9089999999999998,0.014000000000000234,2.0
736,feature_0 > 0.011 AND feature_0 > 0.771 AND feature_1 > 0.333 AND feature_1 > 1.095 AND feature_1 <= 1.403 AND feature_0 > 1.286 AND feature_2 <= 0.168,"{'feature_0': (1.286, 3.845), 'feature_1': (1.095, 1.403), 'feature_2': (-3.74, 0.168)}",3,2.842,7,[Pretrained] CF,"[376, 594, 690, 728, 729, 735]",3.066,3.087,NoOve,[Pretrained] CF NoOve,0.01,0,0.01,748,27,0.0,5,0.22399999999999975,0.02100000000000035,2.0
740,feature_0 > 0.011 AND feature_0 > 0.771 AND feature_1 > 0.333 AND feature_1 > 1.095 AND feature_1 > 1.403 AND feature_0 <= 1.349 AND feature_2 <= 0.322,"{'feature_0': (0.771, 1.349), 'feature_1': (1.403, 3.852), 'feature_2': (-3.74, 0.322)}",3,2.821,7,[Pretrained] CF,"[376, 594, 690, 728, 738, 739]",2.936,2.925,NoOve,[Pretrained] CF NoOve,0.01,0,0.01,748,60,0.0,5,0.11499999999999977,0.01100000000000012,2.0
745,feature_0 > 0.011 AND feature_0 > 0.771 AND feature_1 > 0.333 AND feature_1 > 1.095 AND feature_1 > 1.403 AND feature_0 <= 1.349 AND feature_2 > 0.322,"{'feature_0': (0.771, 1.349), 'feature_1': (1.403, 3.852), 'feature_2': (0.322, 4.02)}",3,2.709,7,[Pretrained] CF,"[376, 594, 690, 728, 738, 739]",3.028,3.049,NoOve,[Pretrained] CF NoOve,0.01,0,0.01,748,31,0.0,5,0.31899999999999995,0.020999999999999908,2.0
591,feature_0 > 0.011 AND feature_0 <= 0.771 AND feature_1 > 0.97 AND feature_0 > 0.334 AND feature_1 > 1.309 AND feature_1 > 1.465 AND feature_0 > 0.558,"{'feature_0': (0.558, 0.771), 'feature_1': (1.465, 3.852)}",2,2.627,7,[Pretrained] CF,"[376, 377, 559, 577, 583, 585]",2.674,2.667,NoOve,[Pretrained] CF NoOve,0.01,0,0.01,748,43,0.0,5,0.04700000000000015,0.007000000000000117,2.0
746,feature_0 > 0.011 AND feature_0 > 0.771 AND feature_1 > 0.333 AND feature_1 > 1.095 AND feature_1 > 1.403 AND feature_0 > 1.349,"{'feature_0': (1.349, 3.845), 'feature_1': (1.403, 3.852)}",2,2.901,6,[Pretrained] CF,"[376, 594, 690, 728, 738]",3.754,3.754,OptRes,[Pretrained] CF OptRes,0.008,0,0.008,748,50,0.09104938271604938,5,0.8530000000000002,0.0,2.0
736,feature_0 > 0.011 AND feature_0 > 0.771 AND feature_1 > 0.333 AND feature_1 > 1.095 AND feature_1 <= 1.403 AND feature_0 > 1.286 AND feature_2 <= 0.168,"{'feature_0': (1.286, 3.845), 'feature_1': (1.095, 1.403), 'feature_2': (-3.74, 0.168)}",3,2.842,7,[Pretrained] CF,"[376, 594, 690, 728, 729, 735]",3.066,3.092,OptRes,[Pretrained] CF OptRes,0.008,0,0.008,748,23,0.0,5,0.22399999999999975,0.026000000000000245,2.0
738,feature_0 > 0.011 AND feature_0 > 0.771 AND feature_1 > 0.333 AND feature_1 > 1.095 AND feature_1 > 1.403,"{'feature_0': (0.771, 3.845), 'feature_1': (1.403, 3.852)}",2,2.826,5,[Pretrained] CF,"[376, 594, 690, 728]",3.254,3.265,OptRes,[Pretrained] CF OptRes,0.008,0,0.008,748,130,0.24999999999999997,5,0.42799999999999994,0.01100000000000012,2.0
740,feature_0 > 0.011 AND feature_0 > 0.771 AND feature_1 > 0.333 AND feature_1 > 1.095 AND feature_1 > 1.403 AND feature_0 <= 1.349 AND feature_2 <= 0.322,"{'feature_0': (0.771, 1.349), 'feature_1': (1.403, 3.852), 'feature_2': (-3.74, 0.322)}",3,2.821,7,[Pretrained] CF,"[376, 594, 690, 728, 738, 739]",2.936,2.927,OptRes,[Pretrained] CF OptRes,0.008,0,0.008,748,53,0.10493827160493827,5,0.11499999999999977,0.008999999999999897,2.0
745,feature_0 > 0.011 AND feature_0 > 0.771 AND feature_1 > 0.333 AND feature_1 > 1.095 AND feature_1 > 1.403 AND feature_0 <= 1.349 AND feature_2 > 0.322,"{'feature_0': (0.771, 1.349), 'feature_1': (1.403, 3.852), 'feature_2': (0.322, 4.02)}",3,2.709,7,[Pretrained] CF,"[376, 594, 690, 728, 738, 739]",3.028,3.021,OptRes,[Pretrained] CF OptRes,0.008,0,0.008,748,27,0.05401234567901234,5,0.31899999999999995,0.007000000000000117,2.0
746,feature_0 > 0.011 AND feature_0 > 0.771 AND feature_1 > 0.333 AND feature_1 > 1.095 AND feature_1 > 1.403 AND feature_0 > 1.349,"{'feature_0': (1.349, 3.845), 'feature_1': (1.403, 3.852)}",2,2.901,6,[Pretrained] CF,"[376, 594, 690, 728, 738]",3.754,3.754,ResOve,[Pretrained] CF ResOve,0.109,0,0.109,748,50,0.0,5,0.8530000000000002,0.0,2.0
745,feature_0 > 0.011 AND feature_0 > 0.771 AND feature_1 > 0.333 AND feature_1 > 1.095 AND feature_1 > 1.403 AND feature_0 <= 1.349 AND feature_2 > 0.322,"{'feature_0': (0.771, 1.349), 'feature_1': (1.403, 3.852), 'feature_2': (0.322, 4.02)}",3,2.709,7,[Pretrained] CF,"[376, 594, 690, 728, 738, 739]",3.028,3.021,ResOve,[Pretrained] CF ResOve,0.109,0,0.109,748,27,0.0,5,0.31899999999999995,0.007000000000000117,2.0
740,feature_0 > 0.011 AND feature_0 > 0.771 AND feature_1 > 0.333 AND feature_1 > 1.095 AND feature_1 > 1.403 AND feature_0 <= 1.349 AND feature_2 <= 0.322,"{'feature_0': (0.771, 1.349), 'feature_1': (1.403, 3.852), 'feature_2': (-3.74, 0.322)}",3,2.821,7,[Pretrained] CF,"[376, 594, 690, 728, 738, 739]",2.936,2.927,ResOve,[Pretrained] CF ResOve,0.109,0,0.109,748,53,0.0,5,0.11499999999999977,0.008999999999999897,2.0
736,feature_0 > 0.011 AND feature_0 > 0.771 AND feature_1 > 0.333 AND feature_1 > 1.095 AND feature_1 <= 1.403 AND feature_0 > 1.286 AND feature_2 <= 0.168,"{'feature_0': (1.286, 3.845), 'feature_1': (1.095, 1.403), 'feature_2': (-3.74, 0.168)}",3,2.842,7,[Pretrained] CF,"[376, 594, 690, 728, 729, 735]",3.066,3.092,ResOve,[Pretrained] CF ResOve,0.109,0,0.109,748,23,0.0,5,0.22399999999999975,0.026000000000000245,2.0
592,feature_0 > 0.011 AND feature_0 <= 0.771 AND feature_1 > 0.97 AND feature_0 > 0.334 AND feature_1 > 1.309 AND feature_1 > 1.465 AND feature_0 > 0.558 AND feature_9 <= -0.405,"{'feature_0': (0.558, 0.771), 'feature_1': (1.465, 3.852), 'feature_9': (-3.581, -0.405)}",3,2.699,8,[Pretrained] CF,"[376, 377, 559, 577, 583, 585, 591]",2.695,2.695,ResOve,[Pretrained] CF ResOve,0.109,0,0.109,748,21,0.0,5,0.0040000000000000036,0.0,2.0
748,feature_0 > 0.011 AND feature_0 > 0.771 AND feature_1 > 0.333 AND feature_1 > 1.095 AND feature_1 > 1.403 AND feature_0 > 1.349 AND feature_2 > -0.265,"{'feature_0': (1.349, 3.845), 'feature_1': (1.403, 3.852), 'feature_2': (-0.265, 4.02)}",3,2.85,7,[Pretrained] CF,"[376, 594, 690, 728, 738, 746]",3.759,3.774,NoOve,[Pretrained] CF NoOve,0.009,0,0.009,748,31,0.0,5,0.9089999999999998,0.015000000000000124,2.0
736,feature_0 > 0.011 AND feature_0 > 0.771 AND feature_1 > 0.333 AND feature_1 > 1.095 AND feature_1 <= 1.403 AND feature_0 > 1.286 AND feature_2 <= 0.168,"{'feature_0': (1.286, 3.845), 'feature_1': (1.095, 1.403), 'feature_2': (-3.74, 0.168)}",3,2.842,7,[Pretrained] CF,"[376, 594, 690, 728, 729, 735]",3.066,3.092,NoOve,[Pretrained] CF NoOve,0.009,0,0.009,748,23,0.0,5,0.22399999999999975,0.026000000000000245,2.0
740,feature_0 > 0.011 AND feature_0 > 0.771 AND feature_1 > 0.333 AND feature_1 > 1.095 AND feature_1 > 1.403 AND feature_0 <= 1.349 AND feature_2 <= 0.322,"{'feature_0': (0.771, 1.349), 'feature_1': (1.403, 3.852), 'feature_2': (-3.74, 0.322)}",3,2.821,7,[Pretrained] CF,"[376, 594, 690, 728, 738, 739]",2.936,2.927,NoOve,[Pretrained] CF NoOve,0.009,0,0.009,748,53,0.0,5,0.11499999999999977,0.008999999999999897,2.0
745,feature_0 > 0.011 AND feature_0 > 0.771 AND feature_1 > 0.333 AND feature_1 > 1.095 AND feature_1 > 1.403 AND feature_0 <= 1.349 AND feature_2 > 0.322,"{'feature_0': (0.771, 1.349), 'feature_1': (1.403, 3.852), 'feature_2': (0.322, 4.02)}",3,2.709,7,[Pretrained] CF,"[376, 594, 690, 728, 738, 739]",3.028,3.021,NoOve,[Pretrained] CF NoOve,0.009,0,0.009,748,27,0.0,5,0.31899999999999995,0.007000000000000117,2.0
591,feature_0 > 0.011 AND feature_0 <= 0.771 AND feature_1 > 0.97 AND feature_0 > 0.334 AND feature_1 > 1.309 AND feature_1 > 1.465 AND feature_0 > 0.558,"{'feature_0': (0.558, 0.771), 'feature_1': (1.465, 3.852)}",2,2.627,7,[Pretrained] CF,"[376, 377, 559, 577, 583, 585]",2.674,2.671,NoOve,[Pretrained] CF NoOve,0.009,0,0.009,748,47,0.0,5,0.04700000000000015,0.0030000000000001137,2.0
746,feature_0 > 0.011 AND feature_0 > 0.771 AND feature_1 > 0.333 AND feature_1 > 1.095 AND feature_1 > 1.403 AND feature_0 > 1.349,"{'feature_0': (1.349, 3.845), 'feature_1': (1.403, 3.852)}",2,2.901,6,[Pretrained] CF,"[376, 594, 690, 728, 738]",3.754,3.646,OptRes,[Pretrained] CF OptRes,0.007,0,0.007,748,25,0.09104938271604938,5,0.8530000000000002,0.1080000000000001,2.0
738,feature_0 > 0.011 AND feature_0 > 0.771 AND feature_1 > 0.333 AND feature_1 > 1.095 AND feature_1 > 1.403,"{'feature_0': (0.771, 3.845), 'feature_1': (1.403, 3.852)}",2,2.826,5,[Pretrained] CF,"[376, 594, 690, 728]",3.254,3.19,OptRes,[Pretrained] CF OptRes,0.007,0,0.007,748,74,0.19598765432098764,5,0.42799999999999994,0.06400000000000006,2.0
740,feature_0 > 0.011 AND feature_0 > 0.771 AND feature_1 > 0.333 AND feature_1 > 1.095 AND feature_1 > 1.403 AND feature_0 <= 1.349 AND feature_2 <= 0.322,"{'feature_0': (0.771, 1.349), 'feature_1': (1.403, 3.852), 'feature_2': (-3.74, 0.322)}",3,2.821,7,[Pretrained] CF,"[376, 594, 690, 728, 738, 739]",2.936,2.892,OptRes,[Pretrained] CF OptRes,0.007,0,0.007,748,33,0.10493827160493827,5,0.11499999999999977,0.04400000000000004,2.0
735,feature_0 > 0.011 AND feature_0 > 0.771 AND feature_1 > 0.333 AND feature_1 > 1.095 AND feature_1 <= 1.403 AND feature_0 > 1.286,"{'feature_0': (1.286, 3.845), 'feature_1': (1.095, 1.403)}",2,2.782,6,[Pretrained] CF,"[376, 594, 690, 728, 729]",3.095,3.117,OptRes,[Pretrained] CF OptRes,0.007,0,0.007,748,24,0.0,5,0.31300000000000017,0.021999999999999797,2.0
591,feature_0 > 0.011 AND feature_0 <= 0.771 AND feature_1 > 0.97 AND feature_0 > 0.334 AND feature_1 > 1.309 AND feature_1 > 1.465 AND feature_0 > 0.558,"{'feature_0': (0.558, 0.771), 'feature_1': (1.465, 3.852)}",2,2.627,7,[Pretrained] CF,"[376, 377, 559, 577, 583, 585]",2.674,2.647,OptRes,[Pretrained] CF OptRes,0.007,0,0.007,748,29,0.0,5,0.04700000000000015,0.027000000000000135,2.0
746,feature_0 > 0.011 AND feature_0 > 0.771 AND feature_1 > 0.333 AND feature_1 > 1.095 AND feature_1 > 1.403 AND feature_0 > 1.349,"{'feature_0': (1.349, 3.845), 'feature_1': (1.403, 3.852)}",2,2.901,6,[Pretrained] CF,"[376, 594, 690, 728, 738]",3.754,3.646,ResOve,[Pretrained] CF ResOve,0.127,0,0.127,748,25,0.0,5,0.8530000000000002,0.1080000000000001,2.0
735,feature_0 > 0.011 AND feature_0 > 0.771 AND feature_1 > 0.333 AND feature_1 > 1.095 AND feature_1 <= 1.403 AND feature_0 > 1.286,"{'feature_0': (1.286, 3.845), 'feature_1': (1.095, 1.403)}",2,2.782,6,[Pretrained] CF,"[376, 594, 690, 728, 729]",3.095,3.117,ResOve,[Pretrained] CF ResOve,0.127,0,0.127,748,24,0.0,5,0.31300000000000017,0.021999999999999797,2.0
740,feature_0 > 0.011 AND feature_0 > 0.771 AND feature_1 > 0.333 AND feature_1 > 1.095 AND feature_1 > 1.403 AND feature_0 <= 1.349 AND feature_2 <= 0.322,"{'feature_0': (0.771, 1.349), 'feature_1': (1.403, 3.852), 'feature_2': (-3.74, 0.322)}",3,2.821,7,[Pretrained] CF,"[376, 594, 690, 728, 738, 739]",2.936,2.892,ResOve,[Pretrained] CF ResOve,0.127,0,0.127,748,33,0.0,5,0.11499999999999977,0.04400000000000004,2.0
720,feature_0 > 0.011 AND feature_0 > 0.771 AND feature_1 > 0.333 AND feature_1 <= 1.095 AND feature_0 > 1.428 AND feature_2 <= 0.265 AND feature_0 > 1.682,"{'feature_0': (1.682, 3.845), 'feature_1': (0.333, 1.095), 'feature_2': (-3.74, 0.265)}",3,2.587,7,[Pretrained] CF,"[376, 594, 690, 691, 715, 716]",3.197,3.18,ResOve,[Pretrained] CF ResOve,0.127,0,0.127,748,29,0.0,5,0.6099999999999999,0.016999999999999904,2.0
591,feature_0 > 0.011 AND feature_0 <= 0.771 AND feature_1 > 0.97 AND feature_0 > 0.334 AND feature_1 > 1.309 AND feature_1 > 1.465 AND feature_0 > 0.558,"{'feature_0': (0.558, 0.771), 'feature_1': (1.465, 3.852)}",2,2.627,7,[Pretrained] CF,"[376, 377, 559, 577, 583, 585]",2.674,2.647,ResOve,[Pretrained] CF ResOve,0.127,0,0.127,748,29,0.0,5,0.04700000000000015,0.027000000000000135,2.0
746,feature_0 > 0.011 AND feature_0 > 0.771 AND feature_1 > 0.333 AND feature_1 > 1.095 AND feature_1 > 1.403 AND feature_0 > 1.349,"{'feature_0': (1.349, 3.845), 'feature_1': (1.403, 3.852)}",2,2.901,6,[Pretrained] CF,"[376, 594, 690, 728, 738]",3.754,3.646,NoOve,[Pretrained] CF NoOve,0.025,0,0.025,748,25,0.0,5,0.8530000000000002,0.1080000000000001,2.0
739,feature_0 > 0.011 AND feature_0 > 0.771 AND feature_1 > 0.333 AND feature_1 > 1.095 AND feature_1 > 1.403 AND feature_0 <= 1.349,"{'feature_0': (0.771, 1.349), 'feature_1': (1.403, 3.852)}",2,2.783,6,[Pretrained] CF,"[376, 594, 690, 728, 738]",2.967,2.956,NoOve,[Pretrained] CF NoOve,0.025,0,0.025,748,49,0.0,5,0.18400000000000016,0.01100000000000012,2.0
735,feature_0 > 0.011 AND feature_0 > 0.771 AND feature_1 > 0.333 AND feature_1 > 1.095 AND feature_1 <= 1.403 AND feature_0 > 1.286,"{'feature_0': (1.286, 3.845), 'feature_1': (1.095, 1.403)}",2,2.782,6,[Pretrained] CF,"[376, 594, 690, 728, 729]",3.095,3.117,NoOve,[Pretrained] CF NoOve,0.025,0,0.025,748,24,0.0,5,0.31300000000000017,0.021999999999999797,2.0
585,feature_0 > 0.011 AND feature_0 <= 0.771 AND feature_1 > 0.97 AND feature_0 > 0.334 AND feature_1 > 1.309 AND feature_1 > 1.465,"{'feature_0': (0.334, 0.771), 'feature_1': (1.465, 3.852)}",2,2.559,6,[Pretrained] CF,"[376, 377, 559, 577, 583]",2.539,2.548,NoOve,[Pretrained] CF NoOve,0.025,0,0.025,748,53,0.0,5,0.020000000000000018,0.008999999999999897,2.0
730,feature_0 > 0.011 AND feature_0 > 0.771 AND feature_1 > 0.333 AND feature_1 > 1.095 AND feature_1 <= 1.403 AND feature_0 <= 1.286,"{'feature_0': (0.771, 1.286), 'feature_1': (1.095, 1.403)}",2,2.53,6,[Pretrained] CF,"[376, 594, 690, 728, 729]",2.524,2.503,NoOve,[Pretrained] CF NoOve,0.025,0,0.025,748,41,0.0,5,0.005999999999999783,0.020999999999999908,2.0
738,feature_0 > 0.011 AND feature_0 > 0.771 AND feature_1 > 0.333 AND feature_1 > 1.095 AND feature_1 > 1.403,"{'feature_0': (0.771, 3.845), 'feature_1': (1.403, 3.852)}",2,2.826,5,[Pretrained] CF,"[376, 594, 690, 728]",3.254,3.278,OptRes,[Pretrained] CF OptRes,0.012,0,0.012,748,39,0.05,5,0.42799999999999994,0.02400000000000002,2.0
729,feature_0 > 0.011 AND feature_0 > 0.771 AND feature_1 > 0.333 AND feature_1 > 1.095 AND feature_1 <= 1.403,"{'feature_0': (0.771, 3.845), 'feature_1': (1.095, 1.403)}",2,2.622,5,[Pretrained] CF,"[376, 594, 690, 728]",2.731,2.753,OptRes,[Pretrained] CF OptRes,0.012,0,0.012,748,38,0.041666666666666664,5,0.10899999999999999,0.02200000000000024,2.0
585,feature_0 > 0.011 AND feature_0 <= 0.771 AND feature_1 > 0.97 AND feature_0 > 0.334 AND feature_1 > 1.309 AND feature_1 > 1.465,"{'feature_0': (0.334, 0.771), 'feature_1': (1.465, 3.852)}",2,2.559,6,[Pretrained] CF,"[376, 377, 559, 577, 583]",2.539,2.48,OptRes,[Pretrained] CF OptRes,0.012,0,0.012,748,32,0.0,5,0.020000000000000018,0.05900000000000016,2.0
716,feature_0 > 0.011 AND feature_0 > 0.771 AND feature_1 > 0.333 AND feature_1 <= 1.095 AND feature_0 > 1.428 AND feature_2 <= 0.265,"{'feature_0': (1.428, 3.845), 'feature_1': (0.333, 1.095), 'feature_2': (-3.74, 0.265)}",3,2.525,6,[Pretrained] CF,"[376, 594, 690, 691, 715]",2.982,2.996,OptRes,[Pretrained] CF OptRes,0.012,0,0.012,748,36,0.03734567901234568,5,0.4570000000000003,0.01399999999999979,2.0
690,feature_0 > 0.011 AND feature_0 > 0.771 AND feature_1 > 0.333,"{'feature_0': (0.771, 3.845), 'feature_1': (0.333, 3.852)}",2,2.403,3,[Pretrained] CF,"[376, 594]",2.648,2.652,OptRes,[Pretrained] CF OptRes,0.012,0,0.012,748,218,0.12901234567901235,5,0.2450000000000001,0.0040000000000000036,2.0
739,feature_0 > 0.011 AND feature_0 > 0.771 AND feature_1 > 0.333 AND feature_1 > 1.095 AND feature_1 > 1.403 AND feature_0 <= 1.349,"{'feature_0': (0.771, 1.349), 'feature_1': (1.403, 3.852)}",2,2.783,6,[Pretrained] CF,"[376, 594, 690, 728, 738]",2.967,3.002,ResOve,[Pretrained] CF ResOve,0.139,0,0.139,748,25,0.15895061728395063,5,0.18400000000000016,0.0349999999999997,2.0
738,feature_0 > 0.011 AND feature_0 > 0.771 AND feature_1 > 0.333 AND feature_1 > 1.095 AND feature_1 > 1.403,"{'feature_0': (0.771, 3.845), 'feature_1': (1.403, 3.852)}",2,2.826,5,[Pretrained] CF,"[376, 594, 690, 728]",3.254,3.278,ResOve,[Pretrained] CF ResOve,0.139,0,0.139,748,39,0.15895061728395063,5,0.42799999999999994,0.02400000000000002,2.0
729,feature_0 > 0.011 AND feature_0 > 0.771 AND feature_1 > 0.333 AND feature_1 > 1.095 AND feature_1 <= 1.403,"{'feature_0': (0.771, 3.845), 'feature_1': (1.095, 1.403)}",2,2.622,5,[Pretrained] CF,"[376, 594, 690, 728]",2.731,2.753,ResOve,[Pretrained] CF ResOve,0.139,0,0.139,748,38,0.0,5,0.10899999999999999,0.02200000000000024,2.0
585,feature_0 > 0.011 AND feature_0 <= 0.771 AND feature_1 > 0.97 AND feature_0 > 0.334 AND feature_1 > 1.309 AND feature_1 > 1.465,"{'feature_0': (0.334, 0.771), 'feature_1': (1.465, 3.852)}",2,2.559,6,[Pretrained] CF,"[376, 377, 559, 577, 583]",2.539,2.48,ResOve,[Pretrained] CF ResOve,0.139,0,0.139,748,32,0.0,5,0.020000000000000018,0.05900000000000016,2.0
716,feature_0 > 0.011 AND feature_0 > 0.771 AND feature_1 > 0.333 AND feature_1 <= 1.095 AND feature_0 > 1.428 AND feature_2 <= 0.265,"{'feature_0': (1.428, 3.845), 'feature_1': (0.333, 1.095), 'feature_2': (-3.74, 0.265)}",3,2.525,6,[Pretrained] CF,"[376, 594, 690, 691, 715]",2.982,2.996,ResOve,[Pretrained] CF ResOve,0.139,0,0.139,748,36,0.0,5,0.4570000000000003,0.01399999999999979,2.0
739,feature_0 > 0.011 AND feature_0 > 0.771 AND feature_1 > 0.333 AND feature_1 > 1.095 AND feature_1 > 1.403 AND feature_0 <= 1.349,"{'feature_0': (0.771, 1.349), 'feature_1': (1.403, 3.852)}",2,2.783,6,[Pretrained] CF,"[376, 594, 690, 728, 738]",2.967,3.002,NoOve,[Pretrained] CF NoOve,0.049,0,0.049,748,25,0.0,5,0.18400000000000016,0.0349999999999997,2.0
585,feature_0 > 0.011 AND feature_0 <= 0.771 AND feature_1 > 0.97 AND feature_0 > 0.334 AND feature_1 > 1.309 AND feature_1 > 1.465,"{'feature_0': (0.334, 0.771), 'feature_1': (1.465, 3.852)}",2,2.559,6,[Pretrained] CF,"[376, 377, 559, 577, 583]",2.539,2.48,NoOve,[Pretrained] CF NoOve,0.049,0,0.049,748,32,0.0,5,0.020000000000000018,0.05900000000000016,2.0
730,feature_0 > 0.011 AND feature_0 > 0.771 AND feature_1 > 0.333 AND feature_1 > 1.095 AND feature_1 <= 1.403 AND feature_0 <= 1.286,"{'feature_0': (0.771, 1.286), 'feature_1': (1.095, 1.403)}",2,2.53,6,[Pretrained] CF,"[376, 594, 690, 728, 729]",2.524,2.526,NoOve,[Pretrained] CF NoOve,0.049,0,0.049,748,23,0.0,5,0.005999999999999783,0.0019999999999997797,2.0
716,feature_0 > 0.011 AND feature_0 > 0.771 AND feature_1 > 0.333 AND feature_1 <= 1.095 AND feature_0 > 1.428 AND feature_2 <= 0.265,"{'feature_0': (1.428, 3.845), 'feature_1': (0.333, 1.095), 'feature_2': (-3.74, 0.265)}",3,2.525,6,[Pretrained] CF,"[376, 594, 690, 691, 715]",2.982,2.996,NoOve,[Pretrained] CF NoOve,0.049,0,0.049,748,36,0.0,5,0.4570000000000003,0.01399999999999979,2.0
687,feature_0 > 0.011 AND feature_0 > 0.771 AND feature_1 <= 0.333 AND feature_0 > 1.437 AND feature_1 > 0.049 AND feature_0 > 1.643,"{'feature_0': (1.643, 3.845), 'feature_1': (0.049, 0.333)}",2,2.246,6,[Pretrained] CF,"[376, 594, 595, 657, 685]",2.89,2.914,NoOve,[Pretrained] CF NoOve,0.049,0,0.049,748,28,0.0,5,0.6440000000000001,0.02400000000000002,2.0
746,feature_0 > 0.011 AND feature_0 > 0.771 AND feature_1 > 0.333 AND feature_1 > 1.095 AND feature_1 > 1.403 AND feature_0 > 1.349,"{'feature_0': (1.349, 3.845), 'feature_1': (1.403, 3.852)}",2,2.901,6,[Pretrained] CF,"[376, 594, 690, 728, 738]",3.754,3.737,OptRes,[Pretrained] CF OptRes,0.006,0,0.006,748,22,0.09104938271604938,5,0.8530000000000002,0.016999999999999904,2.0
738,feature_0 > 0.011 AND feature_0 > 0.771 AND feature_1 > 0.333 AND feature_1 > 1.095 AND feature_1 > 1.403,"{'feature_0': (0.771, 3.845), 'feature_1': (1.403, 3.852)}",2,2.826,5,[Pretrained] CF,"[376, 594, 690, 728]",3.254,3.29,OptRes,[Pretrained] CF OptRes,0.006,0,0.006,748,59,0.19598765432098764,5,0.42799999999999994,0.03600000000000003,2.0
740,feature_0 > 0.011 AND feature_0 > 0.771 AND feature_1 > 0.333 AND feature_1 > 1.095 AND feature_1 > 1.403 AND feature_0 <= 1.349 AND feature_2 <= 0.322,"{'feature_0': (0.771, 1.349), 'feature_1': (1.403, 3.852), 'feature_2': (-3.74, 0.322)}",3,2.821,7,[Pretrained] CF,"[376, 594, 690, 728, 738, 739]",2.936,2.994,OptRes,[Pretrained] CF OptRes,0.006,0,0.006,748,22,0.10493827160493827,5,0.11499999999999977,0.058000000000000274,2.0
591,feature_0 > 0.011 AND feature_0 <= 0.771 AND feature_1 > 0.97 AND feature_0 > 0.334 AND feature_1 > 1.309 AND feature_1 > 1.465 AND feature_0 > 0.558,"{'feature_0': (0.558, 0.771), 'feature_1': (1.465, 3.852)}",2,2.627,7,[Pretrained] CF,"[376, 377, 559, 577, 583, 585]",2.674,2.675,OptRes,[Pretrained] CF OptRes,0.006,0,0.006,748,29,0.0,5,0.04700000000000015,0.0009999999999998899,2.0
729,feature_0 > 0.011 AND feature_0 > 0.771 AND feature_1 > 0.333 AND feature_1 > 1.095 AND feature_1 <= 1.403,"{'feature_0': (0.771, 3.845), 'feature_1': (1.095, 1.403)}",2,2.622,5,[Pretrained] CF,"[376, 594, 690, 728]",2.731,2.685,OptRes,[Pretrained] CF OptRes,0.006,0,0.006,748,57,0.0,5,0.10899999999999999,0.04599999999999982,2.0
746,feature_0 > 0.011 AND feature_0 > 0.771 AND feature_1 > 0.333 AND feature_1 > 1.095 AND feature_1 > 1.403 AND feature_0 > 1.349,"{'feature_0': (1.349, 3.845), 'feature_1': (1.403, 3.852)}",2,2.901,6,[Pretrained] CF,"[376, 594, 690, 728, 738]",3.754,3.737,ResOve,[Pretrained] CF ResOve,0.133,0,0.133,748,22,0.0,5,0.8530000000000002,0.016999999999999904,2.0
740,feature_0 > 0.011 AND feature_0 > 0.771 AND feature_1 > 0.333 AND feature_1 > 1.095 AND feature_1 > 1.403 AND feature_0 <= 1.349 AND feature_2 <= 0.322,"{'feature_0': (0.771, 1.349), 'feature_1': (1.403, 3.852), 'feature_2': (-3.74, 0.322)}",3,2.821,7,[Pretrained] CF,"[376, 594, 690, 728, 738, 739]",2.936,2.994,ResOve,[Pretrained] CF ResOve,0.133,0,0.133,748,22,0.1650485436893204,5,0.11499999999999977,0.058000000000000274,2.0
720,feature_0 > 0.011 AND feature_0 > 0.771 AND feature_1 > 0.333 AND feature_1 <= 1.095 AND feature_0 > 1.428 AND feature_2 <= 0.265 AND feature_0 > 1.682,"{'feature_0': (1.682, 3.845), 'feature_1': (0.333, 1.095), 'feature_2': (-3.74, 0.265)}",3,2.587,7,[Pretrained] CF,"[376, 594, 690, 691, 715, 716]",3.197,3.199,ResOve,[Pretrained] CF ResOve,0.133,0,0.133,748,34,0.0,5,0.6099999999999999,0.0019999999999997797,2.0
593,feature_0 > 0.011 AND feature_0 <= 0.771 AND feature_1 > 0.97 AND feature_0 > 0.334 AND feature_1 > 1.309 AND feature_1 > 1.465 AND feature_0 > 0.558 AND feature_9 > -0.405,"{'feature_0': (0.558, 0.771), 'feature_1': (1.465, 3.852), 'feature_9': (-0.405, 3.767)}",3,2.581,8,[Pretrained] CF,"[376, 377, 559, 577, 583, 585, 591]",2.66,2.651,ResOve,[Pretrained] CF ResOve,0.133,0,0.133,748,23,0.0,5,0.07900000000000018,0.009000000000000341,2.0
739,feature_0 > 0.011 AND feature_0 > 0.771 AND feature_1 > 0.333 AND feature_1 > 1.095 AND feature_1 > 1.403 AND feature_0 <= 1.349,"{'feature_0': (0.771, 1.349), 'feature_1': (1.403, 3.852)}",2,2.783,6,[Pretrained] CF,"[376, 594, 690, 728, 738]",2.967,3.024,ResOve,[Pretrained] CF ResOve,0.133,0,0.133,748,37,0.1650485436893204,5,0.18400000000000016,0.05699999999999994,2.0
746,feature_0 > 0.011 AND feature_0 > 0.771 AND feature_1 > 0.333 AND feature_1 > 1.095 AND feature_1 > 1.403 AND feature_0 > 1.349,"{'feature_0': (1.349, 3.845), 'feature_1': (1.403, 3.852)}",2,2.901,6,[Pretrained] CF,"[376, 594, 690, 728, 738]",3.754,3.737,NoOve,[Pretrained] CF NoOve,0.023,0,0.023,748,22,0.0,5,0.8530000000000002,0.016999999999999904,2.0
739,feature_0 > 0.011 AND feature_0 > 0.771 AND feature_1 > 0.333 AND feature_1 > 1.095 AND feature_1 > 1.403 AND feature_0 <= 1.349,"{'feature_0': (0.771, 1.349), 'feature_1': (1.403, 3.852)}",2,2.783,6,[Pretrained] CF,"[376, 594, 690, 728, 738]",2.967,3.024,NoOve,[Pretrained] CF NoOve,0.023,0,0.023,748,37,0.0,5,0.18400000000000016,0.05699999999999994,2.0
585,feature_0 > 0.011 AND feature_0 <= 0.771 AND feature_1 > 0.97 AND feature_0 > 0.334 AND feature_1 > 1.309 AND feature_1 > 1.465,"{'feature_0': (0.334, 0.771), 'feature_1': (1.465, 3.852)}",2,2.559,6,[Pretrained] CF,"[376, 377, 559, 577, 583]",2.539,2.508,NoOve,[Pretrained] CF NoOve,0.023,0,0.023,748,62,0.0,5,0.020000000000000018,0.03100000000000014,2.0
730,feature_0 > 0.011 AND feature_0 > 0.771 AND feature_1 > 0.333 AND feature_1 > 1.095 AND feature_1 <= 1.403 AND feature_0 <= 1.286,"{'feature_0': (0.771, 1.286), 'feature_1': (1.095, 1.403)}",2,2.53,6,[Pretrained] CF,"[376, 594, 690, 728, 729]",2.524,2.538,NoOve,[Pretrained] CF NoOve,0.023,0,0.023,748,42,0.0,5,0.005999999999999783,0.01399999999999979,2.0
716,feature_0 > 0.011 AND feature_0 > 0.771 AND feature_1 > 0.333 AND feature_1 <= 1.095 AND feature_0 > 1.428 AND feature_2 <= 0.265,"{'feature_0': (1.428, 3.845), 'feature_1': (0.333, 1.095), 'feature_2': (-3.74, 0.265)}",3,2.525,6,[Pretrained] CF,"[376, 594, 690, 691, 715]",2.982,2.97,NoOve,[Pretrained] CF NoOve,0.023,0,0.023,748,58,0.0,5,0.4570000000000003,0.01200000000000001,2.0
746,feature_0 > 0.011 AND feature_0 > 0.771 AND feature_1 > 0.333 AND feature_1 > 1.095 AND feature_1 > 1.403 AND feature_0 > 1.349,"{'feature_0': (1.349, 3.845), 'feature_1': (1.403, 3.852)}",2,2.901,6,[Pretrained] CF,"[376, 594, 690, 728, 738]",3.754,3.662,OptRes,[Pretrained] CF OptRes,0.007,0,0.007,748,23,0.09104938271604938,5,0.8530000000000002,0.09200000000000008,2.0
738,feature_0 > 0.011 AND feature_0 > 0.771 AND feature_1 > 0.333 AND feature_1 > 1.095 AND feature_1 > 1.403,"{'feature_0': (0.771, 3.845), 'feature_1': (1.403, 3.852)}",2,2.826,5,[Pretrained] CF,"[376, 594, 690, 728]",3.254,3.224,OptRes,[Pretrained] CF OptRes,0.007,0,0.007,748,65,0.19598765432098764,5,0.42799999999999994,0.029999999999999805,2.0
740,feature_0 > 0.011 AND feature_0 > 0.771 AND feature_1 > 0.333 AND feature_1 > 1.095 AND feature_1 > 1.403 AND feature_0 <= 1.349 AND feature_2 <= 0.322,"{'feature_0': (0.771, 1.349), 'feature_1': (1.403, 3.852), 'feature_2': (-3.74, 0.322)}",3,2.821,7,[Pretrained] CF,"[376, 594, 690, 728, 738, 739]",2.936,2.896,OptRes,[Pretrained] CF OptRes,0.007,0,0.007,748,30,0.10493827160493827,5,0.11499999999999977,0.040000000000000036,2.0
735,feature_0 > 0.011 AND feature_0 > 0.771 AND feature_1 > 0.333 AND feature_1 > 1.095 AND feature_1 <= 1.403 AND feature_0 > 1.286,"{'feature_0': (1.286, 3.845), 'feature_1': (1.095, 1.403)}",2,2.782,6,[Pretrained] CF,"[376, 594, 690, 728, 729]",3.095,3.117,OptRes,[Pretrained] CF OptRes,0.007,0,0.007,748,24,0.0,5,0.31300000000000017,0.021999999999999797,2.0
591,feature_0 > 0.011 AND feature_0 <= 0.771 AND feature_1 > 0.97 AND feature_0 > 0.334 AND feature_1 > 1.309 AND feature_1 > 1.465 AND feature_0 > 0.558,"{'feature_0': (0.558, 0.771), 'feature_1': (1.465, 3.852)}",2,2.627,7,[Pretrained] CF,"[376, 377, 559, 577, 583, 585]",2.674,2.649,OptRes,[Pretrained] CF OptRes,0.007,0,0.007,748,27,0.0,5,0.04700000000000015,0.02499999999999991,2.0
746,feature_0 > 0.011 AND feature_0 > 0.771 AND feature_1 > 0.333 AND feature_1 > 1.095 AND feature_1 > 1.403 AND feature_0 > 1.349,"{'feature_0': (1.349, 3.845), 'feature_1': (1.403, 3.852)}",2,2.901,6,[Pretrained] CF,"[376, 594, 690, 728, 738]",3.754,3.662,ResOve,[Pretrained] CF ResOve,0.125,0,0.125,748,23,0.09104938271604938,5,0.8530000000000002,0.09200000000000008,2.0
742,feature_0 > 0.011 AND feature_0 > 0.771 AND feature_1 > 0.333 AND feature_1 > 1.095 AND feature_1 > 1.403 AND feature_0 <= 1.349 AND feature_2 <= 0.322 AND feature_9 > -0.603,"{'feature_0': (0.771, 1.349), 'feature_1': (1.403, 3.852), 'feature_2': (-3.74, 0.322), 'feature_9': (-0.603, 3.767)}",4,2.79,8,[Pretrained] CF,"[376, 594, 690, 728, 738, 739, 740]",2.963,2.934,ResOve,[Pretrained] CF ResOve,0.125,0,0.125,748,21,0.07407407407407407,5,0.17300000000000004,0.028999999999999915,2.0
735,feature_0 > 0.011 AND feature_0 > 0.771 AND feature_1 > 0.333 AND feature_1 > 1.095 AND feature_1 <= 1.403 AND feature_0 > 1.286,"{'feature_0': (1.286, 3.845), 'feature_1': (1.095, 1.403)}",2,2.782,6,[Pretrained] CF,"[376, 594, 690, 728, 729]",3.095,3.117,ResOve,[Pretrained] CF ResOve,0.125,0,0.125,748,24,0.0,5,0.31300000000000017,0.021999999999999797,2.0
591,feature_0 > 0.011 AND feature_0 <= 0.771 AND feature_1 > 0.97 AND feature_0 > 0.334 AND feature_1 > 1.309 AND feature_1 > 1.465 AND feature_0 > 0.558,"{'feature_0': (0.558, 0.771), 'feature_1': (1.465, 3.852)}",2,2.627,7,[Pretrained] CF,"[376, 377, 559, 577, 583, 585]",2.674,2.649,ResOve,[Pretrained] CF ResOve,0.125,0,0.125,748,27,0.0,5,0.04700000000000015,0.02499999999999991,2.0
738,feature_0 > 0.011 AND feature_0 > 0.771 AND feature_1 > 0.333 AND feature_1 > 1.095 AND feature_1 > 1.403,"{'feature_0': (0.771, 3.845), 'feature_1': (1.403, 3.852)}",2,2.826,5,[Pretrained] CF,"[376, 594, 690, 728]",3.254,3.224,ResOve,[Pretrained] CF ResOve,0.125,0,0.125,748,65,0.16512345679012347,5,0.42799999999999994,0.029999999999999805,2.0
746,feature_0 > 0.011 AND feature_0 > 0.771 AND feature_1 > 0.333 AND feature_1 > 1.095 AND feature_1 > 1.403 AND feature_0 > 1.349,"{'feature_0': (1.349, 3.845), 'feature_1': (1.403, 3.852)}",2,2.901,6,[Pretrained] CF,"[376, 594, 690, 728, 738]",3.754,3.662,NoOve,[Pretrained] CF NoOve,0.027,0,0.027,748,23,0.0,5,0.8530000000000002,0.09200000000000008,2.0
739,feature_0 > 0.011 AND feature_0 > 0.771 AND feature_1 > 0.333 AND feature_1 > 1.095 AND feature_1 > 1.403 AND feature_0 <= 1.349,"{'feature_0': (0.771, 1.349), 'feature_1': (1.403, 3.852)}",2,2.783,6,[Pretrained] CF,"[376, 594, 690, 728, 738]",2.967,2.984,NoOve,[Pretrained] CF NoOve,0.027,0,0.027,748,42,0.0,5,0.18400000000000016,0.016999999999999904,2.0
735,feature_0 > 0.011 AND feature_0 > 0.771 AND feature_1 > 0.333 AND feature_1 > 1.095 AND feature_1 <= 1.403 AND feature_0 > 1.286,"{'feature_0': (1.286, 3.845), 'feature_1': (1.095, 1.403)}",2,2.782,6,[Pretrained] CF,"[376, 594, 690, 728, 729]",3.095,3.117,NoOve,[Pretrained] CF NoOve,0.027,0,0.027,748,24,0.0,5,0.31300000000000017,0.021999999999999797,2.0
585,feature_0 > 0.011 AND feature_0 <= 0.771 AND feature_1 > 0.97 AND feature_0 > 0.334 AND feature_1 > 1.309 AND feature_1 > 1.465,"{'feature_0': (0.334, 0.771), 'feature_1': (1.465, 3.852)}",2,2.559,6,[Pretrained] CF,"[376, 377, 559, 577, 583]",2.539,2.547,NoOve,[Pretrained] CF NoOve,0.027,0,0.027,748,49,0.0,5,0.020000000000000018,0.008000000000000007,2.0
730,feature_0 > 0.011 AND feature_0 > 0.771 AND feature_1 > 0.333 AND feature_1 > 1.095 AND feature_1 <= 1.403 AND feature_0 <= 1.286,"{'feature_0': (0.771, 1.286), 'feature_1': (1.095, 1.403)}",2,2.53,6,[Pretrained] CF,"[376, 594, 690, 728, 729]",2.524,2.513,NoOve,[Pretrained] CF NoOve,0.027,0,0.027,748,38,0.0,5,0.005999999999999783,0.01100000000000012,2.0
746,feature_0 > 0.011 AND feature_0 > 0.771 AND feature_1 > 0.333 AND feature_1 > 1.095 AND feature_1 > 1.403 AND feature_0 > 1.349,"{'feature_0': (1.349, 3.845), 'feature_1': (1.403, 3.852)}",2,2.901,6,[Pretrained] CF,"[376, 594, 690, 728, 738]",3.754,3.908,OptRes,[Pretrained] CF OptRes,0.007,0,0.007,748,23,0.09104938271604938,5,0.8530000000000002,0.15399999999999991,2.0
738,feature_0 > 0.011 AND feature_0 > 0.771 AND feature_1 > 0.333 AND feature_1 > 1.095 AND feature_1 > 1.403,"{'feature_0': (0.771, 3.845), 'feature_1': (1.403, 3.852)}",2,2.826,5,[Pretrained] CF,"[376, 594, 690, 728]",3.254,3.247,OptRes,[Pretrained] CF OptRes,0.007,0,0.007,748,78,0.22993827160493824,5,0.42799999999999994,0.007000000000000117,2.0
740,feature_0 > 0.011 AND feature_0 > 0.771 AND feature_1 > 0.333 AND feature_1 > 1.095 AND feature_1 > 1.403 AND feature_0 <= 1.349 AND feature_2 <= 0.322,"{'feature_0': (0.771, 1.349), 'feature_1': (1.403, 3.852), 'feature_2': (-3.74, 0.322)}",3,2.821,7,[Pretrained] CF,"[376, 594, 690, 728, 738, 739]",2.936,2.98,OptRes,[Pretrained] CF OptRes,0.007,0,0.007,748,36,0.18582062454611475,5,0.11499999999999977,0.04400000000000004,2.0
744,feature_0 > 0.011 AND feature_0 > 0.771 AND feature_1 > 0.333 AND feature_1 > 1.095 AND feature_1 > 1.403 AND feature_0 <= 1.349 AND feature_2 <= 0.322 AND feature_9 > -0.603 AND feature_4 > 0.346,"{'feature_0': (0.771, 1.349), 'feature_1': (1.403, 3.852), 'feature_2': (-3.74, 0.322), 'feature_9': (-0.603, 3.767), 'feature_4': (0.346, 3.804)}",5,2.747,9,[Pretrained] CF,"[376, 594, 690, 728, 738, 739, 740, 742]",2.95,2.95,OptRes,[Pretrained] CF OptRes,0.007,0,0.007,748,22,0.11483297022512709,5,0.2030000000000003,0.0,2.0
591,feature_0 > 0.011 AND feature_0 <= 0.771 AND feature_1 > 0.97 AND feature_0 > 0.334 AND feature_1 > 1.309 AND feature_1 > 1.465 AND feature_0 > 0.558,"{'feature_0': (0.558, 0.771), 'feature_1': (1.465, 3.852)}",2,2.627,7,[Pretrained] CF,"[376, 377, 559, 577, 583, 585]",2.674,2.655,OptRes,[Pretrained] CF OptRes,0.007,0,0.007,748,29,0.0,5,0.04700000000000015,0.019000000000000128,2.0
746,feature_0 > 0.011 AND feature_0 > 0.771 AND feature_1 > 0.333 AND feature_1 > 1.095 AND feature_1 > 1.403 AND feature_0 > 1.349,"{'feature_0': (1.349, 3.845), 'feature_1': (1.403, 3.852)}",2,2.901,6,[Pretrained] CF,"[376, 594, 690, 728, 738]",3.754,3.908,ResOve,[Pretrained] CF ResOve,0.137,0,0.137,748,23,0.0,5,0.8530000000000002,0.15399999999999991,2.0
744,feature_0 > 0.011 AND feature_0 > 0.771 AND feature_1 > 0.333 AND feature_1 > 1.095 AND feature_1 > 1.403 AND feature_0 <= 1.349 AND feature_2 <= 0.322 AND feature_9 > -0.603 AND feature_4 > 0.346,"{'feature_0': (0.771, 1.349), 'feature_1': (1.403, 3.852), 'feature_2': (-3.74, 0.322), 'feature_9': (-0.603, 3.767), 'feature_4': (0.346, 3.804)}",5,2.747,9,[Pretrained] CF,"[376, 594, 690, 728, 738, 739, 740, 742]",2.95,2.95,ResOve,[Pretrained] CF ResOve,0.137,0,0.137,748,22,0.08088235294117647,5,0.2030000000000003,0.0,2.0
740,feature_0 > 0.011 AND feature_0 > 0.771 AND feature_1 > 0.333 AND feature_1 > 1.095 AND feature_1 > 1.403 AND feature_0 <= 1.349 AND feature_2 <= 0.322,"{'feature_0': (0.771, 1.349), 'feature_1': (1.403, 3.852), 'feature_2': (-3.74, 0.322)}",3,2.821,7,[Pretrained] CF,"[376, 594, 690, 728, 738, 739]",2.936,2.98,ResOve,[Pretrained] CF ResOve,0.137,0,0.137,748,36,0.08088235294117647,5,0.11499999999999977,0.04400000000000004,2.0
591,feature_0 > 0.011 AND feature_0 <= 0.771 AND feature_1 > 0.97 AND feature_0 > 0.334 AND feature_1 > 1.309 AND feature_1 > 1.465 AND feature_0 > 0.558,"{'feature_0': (0.558, 0.771), 'feature_1': (1.465, 3.852)}",2,2.627,7,[Pretrained] CF,"[376, 377, 559, 577, 583, 585]",2.674,2.655,ResOve,[Pretrained] CF ResOve,0.137,0,0.137,748,29,0.0,5,0.04700000000000015,0.019000000000000128,2.0
729,feature_0 > 0.011 AND feature_0 > 0.771 AND feature_1 > 0.333 AND feature_1 > 1.095 AND feature_1 <= 1.403,"{'feature_0': (0.771, 3.845), 'feature_1': (1.095, 1.403)}",2,2.622,5,[Pretrained] CF,"[376, 594, 690, 728]",2.731,2.719,ResOve,[Pretrained] CF ResOve,0.137,0,0.137,748,60,0.0,5,0.10899999999999999,0.01200000000000001,2.0
746,feature_0 > 0.011 AND feature_0 > 0.771 AND feature_1 > 0.333 AND feature_1 > 1.095 AND feature_1 > 1.403 AND feature_0 > 1.349,"{'feature_0': (1.349, 3.845), 'feature_1': (1.403, 3.852)}",2,2.901,6,[Pretrained] CF,"[376, 594, 690, 728, 738]",3.754,3.908,NoOve,[Pretrained] CF NoOve,0.021,0,0.021,748,23,0.0,5,0.8530000000000002,0.15399999999999991,2.0
739,feature_0 > 0.011 AND feature_0 > 0.771 AND feature_1 > 0.333 AND feature_1 > 1.095 AND feature_1 > 1.403 AND feature_0 <= 1.349,"{'feature_0': (0.771, 1.349), 'feature_1': (1.403, 3.852)}",2,2.783,6,[Pretrained] CF,"[376, 594, 690, 728, 738]",2.967,2.97,NoOve,[Pretrained] CF NoOve,0.021,0,0.021,748,55,0.0,5,0.18400000000000016,0.0030000000000001137,2.0
585,feature_0 > 0.011 AND feature_0 <= 0.771 AND feature_1 > 0.97 AND feature_0 > 0.334 AND feature_1 > 1.309 AND feature_1 > 1.465,"{'feature_0': (0.334, 0.771), 'feature_1': (1.465, 3.852)}",2,2.559,6,[Pretrained] CF,"[376, 377, 559, 577, 583]",2.539,2.571,NoOve,[Pretrained] CF NoOve,0.021,0,0.021,748,52,0.0,5,0.020000000000000018,0.03200000000000003,2.0
730,feature_0 > 0.011 AND feature_0 > 0.771 AND feature_1 > 0.333 AND feature_1 > 1.095 AND feature_1 <= 1.403 AND feature_0 <= 1.286,"{'feature_0': (0.771, 1.286), 'feature_1': (1.095, 1.403)}",2,2.53,6,[Pretrained] CF,"[376, 594, 690, 728, 729]",2.524,2.561,NoOve,[Pretrained] CF NoOve,0.021,0,0.021,748,40,0.0,5,0.005999999999999783,0.03699999999999992,2.0
716,feature_0 > 0.011 AND feature_0 > 0.771 AND feature_1 > 0.333 AND feature_1 <= 1.095 AND feature_0 > 1.428 AND feature_2 <= 0.265,"{'feature_0': (1.428, 3.845), 'feature_1': (0.333, 1.095), 'feature_2': (-3.74, 0.265)}",3,2.525,6,[Pretrained] CF,"[376, 594, 690, 691, 715]",2.982,2.916,NoOve,[Pretrained] CF NoOve,0.021,0,0.021,748,58,0.0,5,0.4570000000000003,0.06600000000000028,2.0
746,feature_0 > 0.011 AND feature_0 > 0.771 AND feature_1 > 0.333 AND feature_1 > 1.095 AND feature_1 > 1.403 AND feature_0 > 1.349,"{'feature_0': (1.349, 3.845), 'feature_1': (1.403, 3.852)}",2,2.901,6,[Pretrained] CF,"[376, 594, 690, 728, 738]",3.754,3.697,OptRes,[Pretrained] CF OptRes,0.006,0,0.006,748,33,0.09104938271604938,5,0.8530000000000002,0.05699999999999994,2.0
738,feature_0 > 0.011 AND feature_0 > 0.771 AND feature_1 > 0.333 AND feature_1 > 1.095 AND feature_1 > 1.403,"{'feature_0': (0.771, 3.845), 'feature_1': (1.403, 3.852)}",2,2.826,5,[Pretrained] CF,"[376, 594, 690, 728]",3.254,3.228,OptRes,[Pretrained] CF OptRes,0.006,0,0.006,748,89,0.19598765432098764,5,0.42799999999999994,0.0259999999999998,2.0
740,feature_0 > 0.011 AND feature_0 > 0.771 AND feature_1 > 0.333 AND feature_1 > 1.095 AND feature_1 > 1.403 AND feature_0 <= 1.349 AND feature_2 <= 0.322,"{'feature_0': (0.771, 1.349), 'feature_1': (1.403, 3.852), 'feature_2': (-3.74, 0.322)}",3,2.821,7,[Pretrained] CF,"[376, 594, 690, 728, 738, 739]",2.936,2.891,OptRes,[Pretrained] CF OptRes,0.006,0,0.006,748,38,0.10493827160493827,5,0.11499999999999977,0.04499999999999993,2.0
735,feature_0 > 0.011 AND feature_0 > 0.771 AND feature_1 > 0.333 AND feature_1 > 1.095 AND feature_1 <= 1.403 AND feature_0 > 1.286,"{'feature_0': (1.286, 3.845), 'feature_1': (1.095, 1.403)}",2,2.782,6,[Pretrained] CF,"[376, 594, 690, 728, 729]",3.095,3.112,OptRes,[Pretrained] CF OptRes,0.006,0,0.006,748,28,0.0,5,0.31300000000000017,0.016999999999999904,2.0
591,feature_0 > 0.011 AND feature_0 <= 0.771 AND feature_1 > 0.97 AND feature_0 > 0.334 AND feature_1 > 1.309 AND feature_1 > 1.465 AND feature_0 > 0.558,"{'feature_0': (0.558, 0.771), 'feature_1': (1.465, 3.852)}",2,2.627,7,[Pretrained] CF,"[376, 377, 559, 577, 583, 585]",2.674,2.645,OptRes,[Pretrained] CF OptRes,0.006,0,0.006,748,30,0.0,5,0.04700000000000015,0.028999999999999915,2.0
746,feature_0 > 0.011 AND feature_0 > 0.771 AND feature_1 > 0.333 AND feature_1 > 1.095 AND feature_1 > 1.403 AND feature_0 > 1.349,"{'feature_0': (1.349, 3.845), 'feature_1': (1.403, 3.852)}",2,2.901,6,[Pretrained] CF,"[376, 594, 690, 728, 738]",3.754,3.697,ResOve,[Pretrained] CF ResOve,0.085,0,0.085,748,33,0.09104938271604938,5,0.8530000000000002,0.05699999999999994,2.0
742,feature_0 > 0.011 AND feature_0 > 0.771 AND feature_1 > 0.333 AND feature_1 > 1.095 AND feature_1 > 1.403 AND feature_0 <= 1.349 AND feature_2 <= 0.322 AND feature_9 > -0.603,"{'feature_0': (0.771, 1.349), 'feature_1': (1.403, 3.852), 'feature_2': (-3.74, 0.322), 'feature_9': (-0.603, 3.767)}",4,2.79,8,[Pretrained] CF,"[376, 594, 690, 728, 738, 739, 740]",2.963,2.934,ResOve,[Pretrained] CF ResOve,0.085,0,0.085,748,26,0.07407407407407407,5,0.17300000000000004,0.028999999999999915,2.0
738,feature_0 > 0.011 AND feature_0 > 0.771 AND feature_1 > 0.333 AND feature_1 > 1.095 AND feature_1 > 1.403,"{'feature_0': (0.771, 3.845), 'feature_1': (1.403, 3.852)}",2,2.826,5,[Pretrained] CF,"[376, 594, 690, 728]",3.254,3.228,ResOve,[Pretrained] CF ResOve,0.085,0,0.085,748,89,0.16512345679012347,5,0.42799999999999994,0.0259999999999998,2.0
735,feature_0 > 0.011 AND feature_0 > 0.771 AND feature_1 > 0.333 AND feature_1 > 1.095 AND feature_1 <= 1.403 AND feature_0 > 1.286,"{'feature_0': (1.286, 3.845), 'feature_1': (1.095, 1.403)}",2,2.782,6,[Pretrained] CF,"[376, 594, 690, 728, 729]",3.095,3.112,ResOve,[Pretrained] CF ResOve,0.085,0,0.085,748,28,0.0,5,0.31300000000000017,0.016999999999999904,2.0
591,feature_0 > 0.011 AND feature_0 <= 0.771 AND feature_1 > 0.97 AND feature_0 > 0.334 AND feature_1 > 1.309 AND feature_1 > 1.465 AND feature_0 > 0.558,"{'feature_0': (0.558, 0.771), 'feature_1': (1.465, 3.852)}",2,2.627,7,[Pretrained] CF,"[376, 377, 559, 577, 583, 585]",2.674,2.645,ResOve,[Pretrained] CF ResOve,0.085,0,0.085,748,30,0.0,5,0.04700000000000015,0.028999999999999915,2.0
746,feature_0 > 0.011 AND feature_0 > 0.771 AND feature_1 > 0.333 AND feature_1 > 1.095 AND feature_1 > 1.403 AND feature_0 > 1.349,"{'feature_0': (1.349, 3.845), 'feature_1': (1.403, 3.852)}",2,2.901,6,[Pretrained] CF,"[376, 594, 690, 728, 738]",3.754,3.697,NoOve,[Pretrained] CF NoOve,0.014,0,0.014,748,33,0.0,5,0.8530000000000002,0.05699999999999994,2.0
739,feature_0 > 0.011 AND feature_0 > 0.771 AND feature_1 > 0.333 AND feature_1 > 1.095 AND feature_1 > 1.403 AND feature_0 <= 1.349,"{'feature_0': (0.771, 1.349), 'feature_1': (1.403, 3.852)}",2,2.783,6,[Pretrained] CF,"[376, 594, 690, 728, 738]",2.967,2.951,NoOve,[Pretrained] CF NoOve,0.014,0,0.014,748,56,0.0,5,0.18400000000000016,0.016000000000000014,2.0
735,feature_0 > 0.011 AND feature_0 > 0.771 AND feature_1 > 0.333 AND feature_1 > 1.095 AND feature_1 <= 1.403 AND feature_0 > 1.286,"{'feature_0': (1.286, 3.845), 'feature_1': (1.095, 1.403)}",2,2.782,6,[Pretrained] CF,"[376, 594, 690, 728, 729]",3.095,3.112,NoOve,[Pretrained] CF NoOve,0.014,0,0.014,748,28,0.0,5,0.31300000000000017,0.016999999999999904,2.0
585,feature_0 > 0.011 AND feature_0 <= 0.771 AND feature_1 > 0.97 AND feature_0 > 0.334 AND feature_1 > 1.309 AND feature_1 > 1.465,"{'feature_0': (0.334, 0.771), 'feature_1': (1.465, 3.852)}",2,2.559,6,[Pretrained] CF,"[376, 377, 559, 577, 583]",2.539,2.531,NoOve,[Pretrained] CF NoOve,0.014,0,0.014,748,61,0.0,5,0.020000000000000018,0.008000000000000007,2.0
730,feature_0 > 0.011 AND feature_0 > 0.771 AND feature_1 > 0.333 AND feature_1 > 1.095 AND feature_1 <= 1.403 AND feature_0 <= 1.286,"{'feature_0': (0.771, 1.286), 'feature_1': (1.095, 1.403)}",2,2.53,6,[Pretrained] CF,"[376, 594, 690, 728, 729]",2.524,2.511,NoOve,[Pretrained] CF NoOve,0.014,0,0.014,748,48,0.0,5,0.005999999999999783,0.0129999999999999,2.0
738,feature_0 > 0.011 AND feature_0 > 0.771 AND feature_1 > 0.333 AND feature_1 > 1.095 AND feature_1 > 1.403,"{'feature_0': (0.771, 3.845), 'feature_1': (1.403, 3.852)}",2,2.826,5,[Pretrained] CF,"[376, 594, 690, 728]",3.254,3.24,OptRes,[Pretrained] CF OptRes,0.006,0,0.006,748,51,0.10493827160493827,5,0.42799999999999994,0.01399999999999979,2.0
740,feature_0 > 0.011 AND feature_0 > 0.771 AND feature_1 > 0.333 AND feature_1 > 1.095 AND feature_1 > 1.403 AND feature_0 <= 1.349 AND feature_2 <= 0.322,"{'feature_0': (0.771, 1.349), 'feature_1': (1.403, 3.852), 'feature_2': (-3.74, 0.322)}",3,2.821,7,[Pretrained] CF,"[376, 594, 690, 728, 738, 739]",2.936,2.959,OptRes,[Pretrained] CF OptRes,0.006,0,0.006,748,23,0.10493827160493827,5,0.11499999999999977,0.02300000000000013,2.0
729,feature_0 > 0.011 AND feature_0 > 0.771 AND feature_1 > 0.333 AND feature_1 > 1.095 AND feature_1 <= 1.403,"{'feature_0': (0.771, 3.845), 'feature_1': (1.095, 1.403)}",2,2.622,5,[Pretrained] CF,"[376, 594, 690, 728]",2.731,2.681,OptRes,[Pretrained] CF OptRes,0.006,0,0.006,748,39,0.0,5,0.10899999999999999,0.04999999999999982,2.0
720,feature_0 > 0.011 AND feature_0 > 0.771 AND feature_1 > 0.333 AND feature_1 <= 1.095 AND feature_0 > 1.428 AND feature_2 <= 0.265 AND feature_0 > 1.682,"{'feature_0': (1.682, 3.845), 'feature_1': (0.333, 1.095), 'feature_2': (-3.74, 0.265)}",3,2.587,7,[Pretrained] CF,"[376, 594, 690, 691, 715, 716]",3.197,3.275,OptRes,[Pretrained] CF OptRes,0.006,0,0.006,748,23,0.0,5,0.6099999999999999,0.07799999999999985,2.0
585,feature_0 > 0.011 AND feature_0 <= 0.771 AND feature_1 > 0.97 AND feature_0 > 0.334 AND feature_1 > 1.309 AND feature_1 > 1.465,"{'feature_0': (0.334, 0.771), 'feature_1': (1.465, 3.852)}",2,2.559,6,[Pretrained] CF,"[376, 377, 559, 577, 583]",2.539,2.553,OptRes,[Pretrained] CF OptRes,0.006,0,0.006,748,44,0.0,5,0.020000000000000018,0.01399999999999979,2.0
740,feature_0 > 0.011 AND feature_0 > 0.771 AND feature_1 > 0.333 AND feature_1 > 1.095 AND feature_1 > 1.403 AND feature_0 <= 1.349 AND feature_2 <= 0.322,"{'feature_0': (0.771, 1.349), 'feature_1': (1.403, 3.852), 'feature_2': (-3.74, 0.322)}",3,2.821,7,[Pretrained] CF,"[376, 594, 690, 728, 738, 739]",2.936,2.959,ResOve,[Pretrained] CF ResOve,0.136,0,0.136,748,23,0.1650485436893204,5,0.11499999999999977,0.02300000000000013,2.0
739,feature_0 > 0.011 AND feature_0 > 0.771 AND feature_1 > 0.333 AND feature_1 > 1.095 AND feature_1 > 1.403 AND feature_0 <= 1.349,"{'feature_0': (0.771, 1.349), 'feature_1': (1.403, 3.852)}",2,2.783,6,[Pretrained] CF,"[376, 594, 690, 728, 738]",2.967,2.947,ResOve,[Pretrained] CF ResOve,0.136,0,0.136,748,31,0.1650485436893204,5,0.18400000000000016,0.020000000000000018,2.0
585,feature_0 > 0.011 AND feature_0 <= 0.771 AND feature_1 > 0.97 AND feature_0 > 0.334 AND feature_1 > 1.309 AND feature_1 > 1.465,"{'feature_0': (0.334, 0.771), 'feature_1': (1.465, 3.852)}",2,2.559,6,[Pretrained] CF,"[376, 377, 559, 577, 583]",2.539,2.553,ResOve,[Pretrained] CF ResOve,0.136,0,0.136,748,44,0.0,5,0.020000000000000018,0.01399999999999979,2.0
730,feature_0 > 0.011 AND feature_0 > 0.771 AND feature_1 > 0.333 AND feature_1 > 1.095 AND feature_1 <= 1.403 AND feature_0 <= 1.286,"{'feature_0': (0.771, 1.286), 'feature_1': (1.095, 1.403)}",2,2.53,6,[Pretrained] CF,"[376, 594, 690, 728, 729]",2.524,2.525,ResOve,[Pretrained] CF ResOve,0.136,0,0.136,748,27,0.0,5,0.005999999999999783,0.0009999999999998899,2.0
720,feature_0 > 0.011 AND feature_0 > 0.771 AND feature_1 > 0.333 AND feature_1 <= 1.095 AND feature_0 > 1.428 AND feature_2 <= 0.265 AND feature_0 > 1.682,"{'feature_0': (1.682, 3.845), 'feature_1': (0.333, 1.095), 'feature_2': (-3.74, 0.265)}",3,2.587,7,[Pretrained] CF,"[376, 594, 690, 691, 715, 716]",3.197,3.275,ResOve,[Pretrained] CF ResOve,0.136,0,0.136,748,23,0.0,5,0.6099999999999999,0.07799999999999985,2.0
739,feature_0 > 0.011 AND feature_0 > 0.771 AND feature_1 > 0.333 AND feature_1 > 1.095 AND feature_1 > 1.403 AND feature_0 <= 1.349,"{'feature_0': (0.771, 1.349), 'feature_1': (1.403, 3.852)}",2,2.783,6,[Pretrained] CF,"[376, 594, 690, 728, 738]",2.967,2.947,NoOve,[Pretrained] CF NoOve,0.036,0,0.036,748,31,0.0,5,0.18400000000000016,0.020000000000000018,2.0
585,feature_0 > 0.011 AND feature_0 <= 0.771 AND feature_1 > 0.97 AND feature_0 > 0.334 AND feature_1 > 1.309 AND feature_1 > 1.465,"{'feature_0': (0.334, 0.771), 'feature_1': (1.465, 3.852)}",2,2.559,6,[Pretrained] CF,"[376, 377, 559, 577, 583]",2.539,2.553,NoOve,[Pretrained] CF NoOve,0.036,0,0.036,748,44,0.0,5,0.020000000000000018,0.01399999999999979,2.0
730,feature_0 > 0.011 AND feature_0 > 0.771 AND feature_1 > 0.333 AND feature_1 > 1.095 AND feature_1 <= 1.403 AND feature_0 <= 1.286,"{'feature_0': (0.771, 1.286), 'feature_1': (1.095, 1.403)}",2,2.53,6,[Pretrained] CF,"[376, 594, 690, 728, 729]",2.524,2.525,NoOve,[Pretrained] CF NoOve,0.036,0,0.036,748,27,0.0,5,0.005999999999999783,0.0009999999999998899,2.0
716,feature_0 > 0.011 AND feature_0 > 0.771 AND feature_1 > 0.333 AND feature_1 <= 1.095 AND feature_0 > 1.428 AND feature_2 <= 0.265,"{'feature_0': (1.428, 3.845), 'feature_1': (0.333, 1.095), 'feature_2': (-3.74, 0.265)}",3,2.525,6,[Pretrained] CF,"[376, 594, 690, 691, 715]",2.982,3.033,NoOve,[Pretrained] CF NoOve,0.036,0,0.036,748,36,0.0,5,0.4570000000000003,0.05099999999999971,2.0
725,feature_0 > 0.011 AND feature_0 > 0.771 AND feature_1 > 0.333 AND feature_1 <= 1.095 AND feature_0 > 1.428 AND feature_2 > 0.265,"{'feature_0': (1.428, 3.845), 'feature_1': (0.333, 1.095), 'feature_2': (0.265, 4.02)}",3,2.345,6,[Pretrained] CF,"[376, 594, 690, 691, 715]",2.906,2.829,NoOve,[Pretrained] CF NoOve,0.036,0,0.036,748,21,0.0,5,0.5609999999999999,0.07699999999999996,2.0
746,feature_0 > 0.011 AND feature_0 > 0.771 AND feature_1 > 0.333 AND feature_1 > 1.095 AND feature_1 > 1.403 AND feature_0 > 1.349,"{'feature_0': (1.349, 3.845), 'feature_1': (1.403, 3.852)}",2,2.901,6,[Pretrained] CF,"[376, 594, 690, 728, 738]",3.754,3.721,OptRes,[Pretrained] CF OptRes,0.007,0,0.007,748,40,0.09104938271604938,5,0.8530000000000002,0.03299999999999992,2.0
738,feature_0 > 0.011 AND feature_0 > 0.771 AND feature_1 > 0.333 AND feature_1 > 1.095 AND feature_1 > 1.403,"{'feature_0': (0.771, 3.845), 'feature_1': (1.403, 3.852)}",2,2.826,5,[Pretrained] CF,"[376, 594, 690, 728]",3.254,3.228,OptRes,[Pretrained] CF OptRes,0.007,0,0.007,748,115,0.24999999999999997,5,0.42799999999999994,0.0259999999999998,2.0
740,feature_0 > 0.011 AND feature_0 > 0.771 AND feature_1 > 0.333 AND feature_1 > 1.095 AND feature_1 > 1.403 AND feature_0 <= 1.349 AND feature_2 <= 0.322,"{'feature_0': (0.771, 1.349), 'feature_1': (1.403, 3.852), 'feature_2': (-3.74, 0.322)}",3,2.821,7,[Pretrained] CF,"[376, 594, 690, 728, 738, 739]",2.936,2.937,OptRes,[Pretrained] CF OptRes,0.007,0,0.007,748,47,0.10493827160493827,5,0.11499999999999977,0.0009999999999998899,2.0
735,feature_0 > 0.011 AND feature_0 > 0.771 AND feature_1 > 0.333 AND feature_1 > 1.095 AND feature_1 <= 1.403 AND feature_0 > 1.286,"{'feature_0': (1.286, 3.845), 'feature_1': (1.095, 1.403)}",2,2.782,6,[Pretrained] CF,"[376, 594, 690, 728, 729]",3.095,3.089,OptRes,[Pretrained] CF OptRes,0.007,0,0.007,748,37,0.0,5,0.31300000000000017,0.006000000000000227,2.0
745,feature_0 > 0.011 AND feature_0 > 0.771 AND feature_1 > 0.333 AND feature_1 > 1.095 AND feature_1 > 1.403 AND feature_0 <= 1.349 AND feature_2 > 0.322,"{'feature_0': (0.771, 1.349), 'feature_1': (1.403, 3.852), 'feature_2': (0.322, 4.02)}",3,2.709,7,[Pretrained] CF,"[376, 594, 690, 728, 738, 739]",3.028,3.014,OptRes,[Pretrained] CF OptRes,0.007,0,0.007,748,28,0.05401234567901234,5,0.31899999999999995,0.014000000000000234,2.0
748,feature_0 > 0.011 AND feature_0 > 0.771 AND feature_1 > 0.333 AND feature_1 > 1.095 AND feature_1 > 1.403 AND feature_0 > 1.349 AND feature_2 > -0.265,"{'feature_0': (1.349, 3.845), 'feature_1': (1.403, 3.852), 'feature_2': (-0.265, 4.02)}",3,2.85,7,[Pretrained] CF,"[376, 594, 690, 728, 738, 746]",3.759,3.684,ResOve,[Pretrained] CF ResOve,0.121,0,0.121,748,28,0.1652542372881356,5,0.9089999999999998,0.07499999999999973,2.0
746,feature_0 > 0.011 AND feature_0 > 0.771 AND feature_1 > 0.333 AND feature_1 > 1.095 AND feature_1 > 1.403 AND feature_0 > 1.349,"{'feature_0': (1.349, 3.845), 'feature_1': (1.403, 3.852)}",2,2.901,6,[Pretrained] CF,"[376, 594, 690, 728, 738]",3.754,3.721,ResOve,[Pretrained] CF ResOve,0.121,0,0.121,748,40,0.1652542372881356,5,0.8530000000000002,0.03299999999999992,2.0
745,feature_0 > 0.011 AND feature_0 > 0.771 AND feature_1 > 0.333 AND feature_1 > 1.095 AND feature_1 > 1.403 AND feature_0 <= 1.349 AND feature_2 > 0.322,"{'feature_0': (0.771, 1.349), 'feature_1': (1.403, 3.852), 'feature_2': (0.322, 4.02)}",3,2.709,7,[Pretrained] CF,"[376, 594, 690, 728, 738, 739]",3.028,3.014,ResOve,[Pretrained] CF ResOve,0.121,0,0.121,748,28,0.0,5,0.31899999999999995,0.014000000000000234,2.0
740,feature_0 > 0.011 AND feature_0 > 0.771 AND feature_1 > 0.333 AND feature_1 > 1.095 AND feature_1 > 1.403 AND feature_0 <= 1.349 AND feature_2 <= 0.322,"{'feature_0': (0.771, 1.349), 'feature_1': (1.403, 3.852), 'feature_2': (-3.74, 0.322)}",3,2.821,7,[Pretrained] CF,"[376, 594, 690, 728, 738, 739]",2.936,2.937,ResOve,[Pretrained] CF ResOve,0.121,0,0.121,748,47,0.0,5,0.11499999999999977,0.0009999999999998899,2.0
724,feature_0 > 0.011 AND feature_0 > 0.771 AND feature_1 > 0.333 AND feature_1 <= 1.095 AND feature_0 > 1.428 AND feature_2 <= 0.265 AND feature_0 > 1.682 AND feature_1 > 0.722,"{'feature_0': (1.682, 3.845), 'feature_1': (0.722, 1.095), 'feature_2': (-3.74, 0.265)}",3,2.651,8,[Pretrained] CF,"[376, 594, 690, 691, 715, 716, 720]",3.372,3.364,ResOve,[Pretrained] CF ResOve,0.121,0,0.121,748,28,0.0,5,0.7210000000000001,0.008000000000000007,2.0
748,feature_0 > 0.011 AND feature_0 > 0.771 AND feature_1 > 0.333 AND feature_1 > 1.095 AND feature_1 > 1.403 AND feature_0 > 1.349 AND feature_2 > -0.265,"{'feature_0': (1.349, 3.845), 'feature_1': (1.403, 3.852), 'feature_2': (-0.265, 4.02)}",3,2.85,7,[Pretrained] CF,"[376, 594, 690, 728, 738, 746]",3.759,3.684,NoOve,[Pretrained] CF NoOve,0.011,0,0.011,748,28,0.0,5,0.9089999999999998,0.07499999999999973,2.0
740,feature_0 > 0.011 AND feature_0 > 0.771 AND feature_1 > 0.333 AND feature_1 > 1.095 AND feature_1 > 1.403 AND feature_0 <= 1.349 AND feature_2 <= 0.322,"{'feature_0': (0.771, 1.349), 'feature_1': (1.403, 3.852), 'feature_2': (-3.74, 0.322)}",3,2.821,7,[Pretrained] CF,"[376, 594, 690, 728, 738, 739]",2.936,2.937,NoOve,[Pretrained] CF NoOve,0.011,0,0.011,748,47,0.0,5,0.11499999999999977,0.0009999999999998899,2.0
745,feature_0 > 0.011 AND feature_0 > 0.771 AND feature_1 > 0.333 AND feature_1 > 1.095 AND feature_1 > 1.403 AND feature_0 <= 1.349 AND feature_2 > 0.322,"{'feature_0': (0.771, 1.349), 'feature_1': (1.403, 3.852), 'feature_2': (0.322, 4.02)}",3,2.709,7,[Pretrained] CF,"[376, 594, 690, 728, 738, 739]",3.028,3.014,NoOve,[Pretrained] CF NoOve,0.011,0,0.011,748,28,0.0,5,0.31899999999999995,0.014000000000000234,2.0
591,feature_0 > 0.011 AND feature_0 <= 0.771 AND feature_1 > 0.97 AND feature_0 > 0.334 AND feature_1 > 1.309 AND feature_1 > 1.465 AND feature_0 > 0.558,"{'feature_0': (0.558, 0.771), 'feature_1': (1.465, 3.852)}",2,2.627,7,[Pretrained] CF,"[376, 377, 559, 577, 583, 585]",2.674,2.675,NoOve,[Pretrained] CF NoOve,0.011,0,0.011,748,45,0.0,5,0.04700000000000015,0.0009999999999998899,2.0
734,feature_0 > 0.011 AND feature_0 > 0.771 AND feature_1 > 0.333 AND feature_1 > 1.095 AND feature_1 <= 1.403 AND feature_0 <= 1.286 AND feature_1 > 1.273,"{'feature_0': (0.771, 1.286), 'feature_1': (1.273, 1.403)}",2,2.617,7,[Pretrained] CF,"[376, 594, 690, 728, 729, 730]",2.579,2.578,NoOve,[Pretrained] CF NoOve,0.011,0,0.011,748,32,0.0,5,0.03799999999999981,0.001000000000000334,2.0
746,feature_0 > 0.011 AND feature_0 > 0.771 AND feature_1 > 0.333 AND feature_1 > 1.095 AND feature_1 > 1.403 AND feature_0 > 1.349,"{'feature_0': (1.349, 3.845), 'feature_1': (1.403, 3.852)}",2,2.901,6,[Pretrained] CF,"[376, 594, 690, 728, 738]",3.754,3.775,OptRes,[Pretrained] CF OptRes,0.004,0,0.004,748,55,0.09104938271604938,5,0.8530000000000002,0.020999999999999908,2.0
736,feature_0 > 0.011 AND feature_0 > 0.771 AND feature_1 > 0.333 AND feature_1 > 1.095 AND feature_1 <= 1.403 AND feature_0 > 1.286 AND feature_2 <= 0.168,"{'feature_0': (1.286, 3.845), 'feature_1': (1.095, 1.403), 'feature_2': (-3.74, 0.168)}",3,2.842,7,[Pretrained] CF,"[376, 594, 690, 728, 729, 735]",3.066,3.057,OptRes,[Pretrained] CF OptRes,0.004,0,0.004,748,26,0.0,5,0.22399999999999975,0.008999999999999897,2.0
743,feature_0 > 0.011 AND feature_0 > 0.771 AND feature_1 > 0.333 AND feature_1 > 1.095 AND feature_1 > 1.403 AND feature_0 <= 1.349 AND feature_2 <= 0.322 AND feature_9 > -0.603 AND feature_4 <= 0.346,"{'feature_0': (0.771, 1.349), 'feature_1': (1.403, 3.852), 'feature_2': (-3.74, 0.322), 'feature_9': (-0.603, 3.767), 'feature_4': (-3.533, 0.346)}",5,2.828,9,[Pretrained] CF,"[376, 594, 690, 728, 738, 739, 740, 742]",2.975,2.954,OptRes,[Pretrained] CF OptRes,0.004,0,0.004,748,24,0.1357116920842411,5,0.14700000000000024,0.020999999999999908,2.0
738,feature_0 > 0.011 AND feature_0 > 0.771 AND feature_1 > 0.333 AND feature_1 > 1.095 AND feature_1 > 1.403,"{'feature_0': (0.771, 3.845), 'feature_1': (1.403, 3.852)}",2,2.826,5,[Pretrained] CF,"[376, 594, 690, 728]",3.254,3.269,OptRes,[Pretrained] CF OptRes,0.004,0,0.004,748,146,0.2361111111111111,5,0.42799999999999994,0.015000000000000124,2.0
740,feature_0 > 0.011 AND feature_0 > 0.771 AND feature_1 > 0.333 AND feature_1 > 1.095 AND feature_1 > 1.403 AND feature_0 <= 1.349 AND feature_2 <= 0.322,"{'feature_0': (0.771, 1.349), 'feature_1': (1.403, 3.852), 'feature_2': (-3.74, 0.322)}",3,2.821,7,[Pretrained] CF,"[376, 594, 690, 728, 738, 739]",2.936,2.934,OptRes,[Pretrained] CF OptRes,0.004,0,0.004,748,60,0.2005265068990559,5,0.11499999999999977,0.0019999999999997797,2.0
743,feature_0 > 0.011 AND feature_0 > 0.771 AND feature_1 > 0.333 AND feature_1 > 1.095 AND feature_1 > 1.403 AND feature_0 <= 1.349 AND feature_2 <= 0.322 AND feature_9 > -0.603 AND feature_4 <= 0.346,"{'feature_0': (0.771, 1.349), 'feature_1': (1.403, 3.852), 'feature_2': (-3.74, 0.322), 'feature_9': (-0.603, 3.767), 'feature_4': (-3.533, 0.346)}",5,2.828,9,[Pretrained] CF,"[376, 594, 690, 728, 738, 739, 740, 742]",2.975,2.954,ResOve,[Pretrained] CF ResOve,0.113,0,0.113,748,24,0.09558823529411764,5,0.14700000000000024,0.020999999999999908,2.0
740,feature_0 > 0.011 AND feature_0 > 0.771 AND feature_1 > 0.333 AND feature_1 > 1.095 AND feature_1 > 1.403 AND feature_0 <= 1.349 AND feature_2 <= 0.322,"{'feature_0': (0.771, 1.349), 'feature_1': (1.403, 3.852), 'feature_2': (-3.74, 0.322)}",3,2.821,7,[Pretrained] CF,"[376, 594, 690, 728, 738, 739]",2.936,2.934,ResOve,[Pretrained] CF ResOve,0.113,0,0.113,748,60,0.09558823529411764,5,0.11499999999999977,0.0019999999999997797,2.0
746,feature_0 > 0.011 AND feature_0 > 0.771 AND feature_1 > 0.333 AND feature_1 > 1.095 AND feature_1 > 1.403 AND feature_0 > 1.349,"{'feature_0': (1.349, 3.845), 'feature_1': (1.403, 3.852)}",2,2.901,6,[Pretrained] CF,"[376, 594, 690, 728, 738]",3.754,3.775,ResOve,[Pretrained] CF ResOve,0.113,0,0.113,748,55,0.1652542372881356,5,0.8530000000000002,0.020999999999999908,2.0
724,feature_0 > 0.011 AND feature_0 > 0.771 AND feature_1 > 0.333 AND feature_1 <= 1.095 AND feature_0 > 1.428 AND feature_2 <= 0.265 AND feature_0 > 1.682 AND feature_1 > 0.722,"{'feature_0': (1.682, 3.845), 'feature_1': (0.722, 1.095), 'feature_2': (-3.74, 0.265)}",3,2.651,8,[Pretrained] CF,"[376, 594, 690, 691, 715, 716, 720]",3.372,3.359,ResOve,[Pretrained] CF ResOve,0.113,0,0.113,748,31,0.0,5,0.7210000000000001,0.0129999999999999,2.0
748,feature_0 > 0.011 AND feature_0 > 0.771 AND feature_1 > 0.333 AND feature_1 > 1.095 AND feature_1 > 1.403 AND feature_0 > 1.349 AND feature_2 > -0.265,"{'feature_0': (1.349, 3.845), 'feature_1': (1.403, 3.852), 'feature_2': (-0.265, 4.02)}",3,2.85,7,[Pretrained] CF,"[376, 594, 690, 728, 738, 746]",3.759,3.778,ResOve,[Pretrained] CF ResOve,0.113,0,0.113,748,37,0.1652542372881356,5,0.9089999999999998,0.019000000000000128,2.0
748,feature_0 > 0.011 AND feature_0 > 0.771 AND feature_1 > 0.333 AND feature_1 > 1.095 AND feature_1 > 1.403 AND feature_0 > 1.349 AND feature_2 > -0.265,"{'feature_0': (1.349, 3.845), 'feature_1': (1.403, 3.852), 'feature_2': (-0.265, 4.02)}",3,2.85,7,[Pretrained] CF,"[376, 594, 690, 728, 738, 746]",3.759,3.778,NoOve,[Pretrained] CF NoOve,0.01,0,0.01,748,37,0.0,5,0.9089999999999998,0.019000000000000128,2.0
736,feature_0 > 0.011 AND feature_0 > 0.771 AND feature_1 > 0.333 AND feature_1 > 1.095 AND feature_1 <= 1.403 AND feature_0 > 1.286 AND feature_2 <= 0.168,"{'feature_0': (1.286, 3.845), 'feature_1': (1.095, 1.403), 'feature_2': (-3.74, 0.168)}",3,2.842,7,[Pretrained] CF,"[376, 594, 690, 728, 729, 735]",3.066,3.057,NoOve,[Pretrained] CF NoOve,0.01,0,0.01,748,26,0.0,5,0.22399999999999975,0.008999999999999897,2.0
740,feature_0 > 0.011 AND feature_0 > 0.771 AND feature_1 > 0.333 AND feature_1 > 1.095 AND feature_1 > 1.403 AND feature_0 <= 1.349 AND feature_2 <= 0.322,"{'feature_0': (0.771, 1.349), 'feature_1': (1.403, 3.852), 'feature_2': (-3.74, 0.322)}",3,2.821,7,[Pretrained] CF,"[376, 594, 690, 728, 738, 739]",2.936,2.934,NoOve,[Pretrained] CF NoOve,0.01,0,0.01,748,60,0.0,5,0.11499999999999977,0.0019999999999997797,2.0
745,feature_0 > 0.011 AND feature_0 > 0.771 AND feature_1 > 0.333 AND feature_1 > 1.095 AND feature_1 > 1.403 AND feature_0 <= 1.349 AND feature_2 > 0.322,"{'feature_0': (0.771, 1.349), 'feature_1': (1.403, 3.852), 'feature_2': (0.322, 4.02)}",3,2.709,7,[Pretrained] CF,"[376, 594, 690, 728, 738, 739]",3.028,3.021,NoOve,[Pretrained] CF NoOve,0.01,0,0.01,748,31,0.0,5,0.31899999999999995,0.007000000000000117,2.0
591,feature_0 > 0.011 AND feature_0 <= 0.771 AND feature_1 > 0.97 AND feature_0 > 0.334 AND feature_1 > 1.309 AND feature_1 > 1.465 AND feature_0 > 0.558,"{'feature_0': (0.558, 0.771), 'feature_1': (1.465, 3.852)}",2,2.627,7,[Pretrained] CF,"[376, 377, 559, 577, 583, 585]",2.674,2.689,NoOve,[Pretrained] CF NoOve,0.01,0,0.01,748,49,0.0,5,0.04700000000000015,0.015000000000000124,2.0
746,feature_0 > 0.011 AND feature_0 > 0.771 AND feature_1 > 0.333 AND feature_1 > 1.095 AND feature_1 > 1.403 AND feature_0 > 1.349,"{'feature_0': (1.349, 3.845), 'feature_1': (1.403, 3.852)}",2,2.901,6,[Pretrained] CF,"[376, 594, 690, 728, 738]",3.754,3.799,OptRes,[Pretrained] CF OptRes,0.004,0,0.004,748,51,0.09104938271604938,5,0.8530000000000002,0.04499999999999993,2.0
736,feature_0 > 0.011 AND feature_0 > 0.771 AND feature_1 > 0.333 AND feature_1 > 1.095 AND feature_1 <= 1.403 AND feature_0 > 1.286 AND feature_2 <= 0.168,"{'feature_0': (1.286, 3.845), 'feature_1': (1.095, 1.403), 'feature_2': (-3.74, 0.168)}",3,2.842,7,[Pretrained] CF,"[376, 594, 690, 728, 729, 735]",3.066,3.087,OptRes,[Pretrained] CF OptRes,0.004,0,0.004,748,26,0.0,5,0.22399999999999975,0.02100000000000035,2.0
743,feature_0 > 0.011 AND feature_0 > 0.771 AND feature_1 > 0.333 AND feature_1 > 1.095 AND feature_1 > 1.403 AND feature_0 <= 1.349 AND feature_2 <= 0.322 AND feature_9 > -0.603 AND feature_4 <= 0.346,"{'feature_0': (0.771, 1.349), 'feature_1': (1.403, 3.852), 'feature_2': (-3.74, 0.322), 'feature_9': (-0.603, 3.767), 'feature_4': (-3.533, 0.346)}",5,2.828,9,[Pretrained] CF,"[376, 594, 690, 728, 738, 739, 740, 742]",2.975,2.999,OptRes,[Pretrained] CF OptRes,0.004,0,0.004,748,24,0.1357116920842411,5,0.14700000000000024,0.02400000000000002,2.0
738,feature_0 > 0.011 AND feature_0 > 0.771 AND feature_1 > 0.333 AND feature_1 > 1.095 AND feature_1 > 1.403,"{'feature_0': (0.771, 3.845), 'feature_1': (1.403, 3.852)}",2,2.826,5,[Pretrained] CF,"[376, 594, 690, 728]",3.254,3.261,OptRes,[Pretrained] CF OptRes,0.004,0,0.004,748,146,0.2361111111111111,5,0.42799999999999994,0.007000000000000117,2.0
740,feature_0 > 0.011 AND feature_0 > 0.771 AND feature_1 > 0.333 AND feature_1 > 1.095 AND feature_1 > 1.403 AND feature_0 <= 1.349 AND feature_2 <= 0.322,"{'feature_0': (0.771, 1.349), 'feature_1': (1.403, 3.852), 'feature_2': (-3.74, 0.322)}",3,2.821,7,[Pretrained] CF,"[376, 594, 690, 728, 738, 739]",2.936,2.942,OptRes,[Pretrained] CF OptRes,0.004,0,0.004,748,61,0.2005265068990559,5,0.11499999999999977,0.006000000000000227,2.0
743,feature_0 > 0.011 AND feature_0 > 0.771 AND feature_1 > 0.333 AND feature_1 > 1.095 AND feature_1 > 1.403 AND feature_0 <= 1.349 AND feature_2 <= 0.322 AND feature_9 > -0.603 AND feature_4 <= 0.346,"{'feature_0': (0.771, 1.349), 'feature_1': (1.403, 3.852), 'feature_2': (-3.74, 0.322), 'feature_9': (-0.603, 3.767), 'feature_4': (-3.533, 0.346)}",5,2.828,9,[Pretrained] CF,"[376, 594, 690, 728, 738, 739, 740, 742]",2.975,2.999,ResOve,[Pretrained] CF ResOve,0.108,0,0.108,748,24,0.09558823529411764,5,0.14700000000000024,0.02400000000000002,2.0
740,feature_0 > 0.011 AND feature_0 > 0.771 AND feature_1 > 0.333 AND feature_1 > 1.095 AND feature_1 > 1.403 AND feature_0 <= 1.349 AND feature_2 <= 0.322,"{'feature_0': (0.771, 1.349), 'feature_1': (1.403, 3.852), 'feature_2': (-3.74, 0.322)}",3,2.821,7,[Pretrained] CF,"[376, 594, 690, 728, 738, 739]",2.936,2.942,ResOve,[Pretrained] CF ResOve,0.108,0,0.108,748,61,0.09558823529411764,5,0.11499999999999977,0.006000000000000227,2.0
724,feature_0 > 0.011 AND feature_0 > 0.771 AND feature_1 > 0.333 AND feature_1 <= 1.095 AND feature_0 > 1.428 AND feature_2 <= 0.265 AND feature_0 > 1.682 AND feature_1 > 0.722,"{'feature_0': (1.682, 3.845), 'feature_1': (0.722, 1.095), 'feature_2': (-3.74, 0.265)}",3,2.651,8,[Pretrained] CF,"[376, 594, 690, 691, 715, 716, 720]",3.372,3.383,ResOve,[Pretrained] CF ResOve,0.108,0,0.108,748,31,0.0,5,0.7210000000000001,0.01100000000000012,2.0
748,feature_0 > 0.011 AND feature_0 > 0.771 AND feature_1 > 0.333 AND feature_1 > 1.095 AND feature_1 > 1.403 AND feature_0 > 1.349 AND feature_2 > -0.265,"{'feature_0': (1.349, 3.845), 'feature_1': (1.403, 3.852), 'feature_2': (-0.265, 4.02)}",3,2.85,7,[Pretrained] CF,"[376, 594, 690, 728, 738, 746]",3.759,3.821,ResOve,[Pretrained] CF ResOve,0.108,0,0.108,748,33,0.1652542372881356,5,0.9089999999999998,0.06200000000000028,2.0
746,feature_0 > 0.011 AND feature_0 > 0.771 AND feature_1 > 0.333 AND feature_1 > 1.095 AND feature_1 > 1.403 AND feature_0 > 1.349,"{'feature_0': (1.349, 3.845), 'feature_1': (1.403, 3.852)}",2,2.901,6,[Pretrained] CF,"[376, 594, 690, 728, 738]",3.754,3.799,ResOve,[Pretrained] CF ResOve,0.108,0,0.108,748,51,0.1652542372881356,5,0.8530000000000002,0.04499999999999993,2.0
748,feature_0 > 0.011 AND feature_0 > 0.771 AND feature_1 > 0.333 AND feature_1 > 1.095 AND feature_1 > 1.403 AND feature_0 > 1.349 AND feature_2 > -0.265,"{'feature_0': (1.349, 3.845), 'feature_1': (1.403, 3.852), 'feature_2': (-0.265, 4.02)}",3,2.85,7,[Pretrained] CF,"[376, 594, 690, 728, 738, 746]",3.759,3.821,NoOve,[Pretrained] CF NoOve,0.01,0,0.01,748,33,0.0,5,0.9089999999999998,0.06200000000000028,2.0
736,feature_0 > 0.011 AND feature_0 > 0.771 AND feature_1 > 0.333 AND feature_1 > 1.095 AND feature_1 <= 1.403 AND feature_0 > 1.286 AND feature_2 <= 0.168,"{'feature_0': (1.286, 3.845), 'feature_1': (1.095, 1.403), 'feature_2': (-3.74, 0.168)}",3,2.842,7,[Pretrained] CF,"[376, 594, 690, 728, 729, 735]",3.066,3.087,NoOve,[Pretrained] CF NoOve,0.01,0,0.01,748,26,0.0,5,0.22399999999999975,0.02100000000000035,2.0
740,feature_0 > 0.011 AND feature_0 > 0.771 AND feature_1 > 0.333 AND feature_1 > 1.095 AND feature_1 > 1.403 AND feature_0 <= 1.349 AND feature_2 <= 0.322,"{'feature_0': (0.771, 1.349), 'feature_1': (1.403, 3.852), 'feature_2': (-3.74, 0.322)}",3,2.821,7,[Pretrained] CF,"[376, 594, 690, 728, 738, 739]",2.936,2.942,NoOve,[Pretrained] CF NoOve,0.01,0,0.01,748,61,0.0,5,0.11499999999999977,0.006000000000000227,2.0
745,feature_0 > 0.011 AND feature_0 > 0.771 AND feature_1 > 0.333 AND feature_1 > 1.095 AND feature_1 > 1.403 AND feature_0 <= 1.349 AND feature_2 > 0.322,"{'feature_0': (0.771, 1.349), 'feature_1': (1.403, 3.852), 'feature_2': (0.322, 4.02)}",3,2.709,7,[Pretrained] CF,"[376, 594, 690, 728, 738, 739]",3.028,3.025,NoOve,[Pretrained] CF NoOve,0.01,0,0.01,748,34,0.0,5,0.31899999999999995,0.0030000000000001137,2.0
591,feature_0 > 0.011 AND feature_0 <= 0.771 AND feature_1 > 0.97 AND feature_0 > 0.334 AND feature_1 > 1.309 AND feature_1 > 1.465 AND feature_0 > 0.558,"{'feature_0': (0.558, 0.771), 'feature_1': (1.465, 3.852)}",2,2.627,7,[Pretrained] CF,"[376, 377, 559, 577, 583, 585]",2.674,2.638,NoOve,[Pretrained] CF NoOve,0.01,0,0.01,748,50,0.0,5,0.04700000000000015,0.03600000000000003,2.0
746,feature_0 > 0.011 AND feature_0 > 0.771 AND feature_1 > 0.333 AND feature_1 > 1.095 AND feature_1 > 1.403 AND feature_0 > 1.349,"{'feature_0': (1.349, 3.845), 'feature_1': (1.403, 3.852)}",2,2.901,6,[Pretrained] CF,"[376, 594, 690, 728, 738]",3.754,3.769,OptRes,[Pretrained] CF OptRes,0.008,0,0.008,748,45,0.09104938271604938,5,0.8530000000000002,0.015000000000000124,2.0
736,feature_0 > 0.011 AND feature_0 > 0.771 AND feature_1 > 0.333 AND feature_1 > 1.095 AND feature_1 <= 1.403 AND feature_0 > 1.286 AND feature_2 <= 0.168,"{'feature_0': (1.286, 3.845), 'feature_1': (1.095, 1.403), 'feature_2': (-3.74, 0.168)}",3,2.842,7,[Pretrained] CF,"[376, 594, 690, 728, 729, 735]",3.066,3.115,OptRes,[Pretrained] CF OptRes,0.008,0,0.008,748,24,0.0,5,0.22399999999999975,0.04900000000000038,2.0
738,feature_0 > 0.011 AND feature_0 > 0.771 AND feature_1 > 0.333 AND feature_1 > 1.095 AND feature_1 > 1.403,"{'feature_0': (0.771, 3.845), 'feature_1': (1.403, 3.852)}",2,2.826,5,[Pretrained] CF,"[376, 594, 690, 728]",3.254,3.231,OptRes,[Pretrained] CF OptRes,0.008,0,0.008,748,126,0.24999999999999997,5,0.42799999999999994,0.02300000000000013,2.0
740,feature_0 > 0.011 AND feature_0 > 0.771 AND feature_1 > 0.333 AND feature_1 > 1.095 AND feature_1 > 1.403 AND feature_0 <= 1.349 AND feature_2 <= 0.322,"{'feature_0': (0.771, 1.349), 'feature_1': (1.403, 3.852), 'feature_2': (-3.74, 0.322)}",3,2.821,7,[Pretrained] CF,"[376, 594, 690, 728, 738, 739]",2.936,2.912,OptRes,[Pretrained] CF OptRes,0.008,0,0.008,748,54,0.10493827160493827,5,0.11499999999999977,0.02400000000000002,2.0
745,feature_0 > 0.011 AND feature_0 > 0.771 AND feature_1 > 0.333 AND feature_1 > 1.095 AND feature_1 > 1.403 AND feature_0 <= 1.349 AND feature_2 > 0.322,"{'feature_0': (0.771, 1.349), 'feature_1': (1.403, 3.852), 'feature_2': (0.322, 4.02)}",3,2.709,7,[Pretrained] CF,"[376, 594, 690, 728, 738, 739]",3.028,2.974,OptRes,[Pretrained] CF OptRes,0.008,0,0.008,748,27,0.05401234567901234,5,0.31899999999999995,0.053999999999999826,2.0
736,feature_0 > 0.011 AND feature_0 > 0.771 AND feature_1 > 0.333 AND feature_1 > 1.095 AND feature_1 <= 1.403 AND feature_0 > 1.286 AND feature_2 <= 0.168,"{'feature_0': (1.286, 3.845), 'feature_1': (1.095, 1.403), 'feature_2': (-3.74, 0.168)}",3,2.842,7,[Pretrained] CF,"[376, 594, 690, 728, 729, 735]",3.066,3.115,ResOve,[Pretrained] CF ResOve,0.12,0,0.12,748,24,0.0,5,0.22399999999999975,0.04900000000000038,2.0
746,feature_0 > 0.011 AND feature_0 > 0.771 AND feature_1 > 0.333 AND feature_1 > 1.095 AND feature_1 > 1.403 AND feature_0 > 1.349,"{'feature_0': (1.349, 3.845), 'feature_1': (1.403, 3.852)}",2,2.901,6,[Pretrained] CF,"[376, 594, 690, 728, 738]",3.754,3.769,ResOve,[Pretrained] CF ResOve,0.12,0,0.12,748,45,0.1652542372881356,5,0.8530000000000002,0.015000000000000124,2.0
745,feature_0 > 0.011 AND feature_0 > 0.771 AND feature_1 > 0.333 AND feature_1 > 1.095 AND feature_1 > 1.403 AND feature_0 <= 1.349 AND feature_2 > 0.322,"{'feature_0': (0.771, 1.349), 'feature_1': (1.403, 3.852), 'feature_2': (0.322, 4.02)}",3,2.709,7,[Pretrained] CF,"[376, 594, 690, 728, 738, 739]",3.028,2.974,ResOve,[Pretrained] CF ResOve,0.12,0,0.12,748,27,0.0,5,0.31899999999999995,0.053999999999999826,2.0
724,feature_0 > 0.011 AND feature_0 > 0.771 AND feature_1 > 0.333 AND feature_1 <= 1.095 AND feature_0 > 1.428 AND feature_2 <= 0.265 AND feature_0 > 1.682 AND feature_1 > 0.722,"{'feature_0': (1.682, 3.845), 'feature_1': (0.722, 1.095), 'feature_2': (-3.74, 0.265)}",3,2.651,8,[Pretrained] CF,"[376, 594, 690, 691, 715, 716, 720]",3.372,3.417,ResOve,[Pretrained] CF ResOve,0.12,0,0.12,748,23,0.0,5,0.7210000000000001,0.04499999999999993,2.0
748,feature_0 > 0.011 AND feature_0 > 0.771 AND feature_1 > 0.333 AND feature_1 > 1.095 AND feature_1 > 1.403 AND feature_0 > 1.349 AND feature_2 > -0.265,"{'feature_0': (1.349, 3.845), 'feature_1': (1.403, 3.852), 'feature_2': (-0.265, 4.02)}",3,2.85,7,[Pretrained] CF,"[376, 594, 690, 728, 738, 746]",3.759,3.769,ResOve,[Pretrained] CF ResOve,0.12,0,0.12,748,28,0.1652542372881356,5,0.9089999999999998,0.010000000000000231,2.0
748,feature_0 > 0.011 AND feature_0 > 0.771 AND feature_1 > 0.333 AND feature_1 > 1.095 AND feature_1 > 1.403 AND feature_0 > 1.349 AND feature_2 > -0.265,"{'feature_0': (1.349, 3.845), 'feature_1': (1.403, 3.852), 'feature_2': (-0.265, 4.02)}",3,2.85,7,[Pretrained] CF,"[376, 594, 690, 728, 738, 746]",3.759,3.769,NoOve,[Pretrained] CF NoOve,0.013,0,0.013,748,28,0.0,5,0.9089999999999998,0.010000000000000231,2.0
736,feature_0 > 0.011 AND feature_0 > 0.771 AND feature_1 > 0.333 AND feature_1 > 1.095 AND feature_1 <= 1.403 AND feature_0 > 1.286 AND feature_2 <= 0.168,"{'feature_0': (1.286, 3.845), 'feature_1': (1.095, 1.403), 'feature_2': (-3.74, 0.168)}",3,2.842,7,[Pretrained] CF,"[376, 594, 690, 728, 729, 735]",3.066,3.115,NoOve,[Pretrained] CF NoOve,0.013,0,0.013,748,24,0.0,5,0.22399999999999975,0.04900000000000038,2.0
740,feature_0 > 0.011 AND feature_0 > 0.771 AND feature_1 > 0.333 AND feature_1 > 1.095 AND feature_1 > 1.403 AND feature_0 <= 1.349 AND feature_2 <= 0.322,"{'feature_0': (0.771, 1.349), 'feature_1': (1.403, 3.852), 'feature_2': (-3.74, 0.322)}",3,2.821,7,[Pretrained] CF,"[376, 594, 690, 728, 738, 739]",2.936,2.912,NoOve,[Pretrained] CF NoOve,0.013,0,0.013,748,54,0.0,5,0.11499999999999977,0.02400000000000002,2.0
745,feature_0 > 0.011 AND feature_0 > 0.771 AND feature_1 > 0.333 AND feature_1 > 1.095 AND feature_1 > 1.403 AND feature_0 <= 1.349 AND feature_2 > 0.322,"{'feature_0': (0.771, 1.349), 'feature_1': (1.403, 3.852), 'feature_2': (0.322, 4.02)}",3,2.709,7,[Pretrained] CF,"[376, 594, 690, 728, 738, 739]",3.028,2.974,NoOve,[Pretrained] CF NoOve,0.013,0,0.013,748,27,0.0,5,0.31899999999999995,0.053999999999999826,2.0
591,feature_0 > 0.011 AND feature_0 <= 0.771 AND feature_1 > 0.97 AND feature_0 > 0.334 AND feature_1 > 1.309 AND feature_1 > 1.465 AND feature_0 > 0.558,"{'feature_0': (0.558, 0.771), 'feature_1': (1.465, 3.852)}",2,2.627,7,[Pretrained] CF,"[376, 377, 559, 577, 583, 585]",2.674,2.648,NoOve,[Pretrained] CF NoOve,0.013,0,0.013,748,30,0.0,5,0.04700000000000015,0.0259999999999998,2.0
746,feature_0 > 0.011 AND feature_0 > 0.771 AND feature_1 > 0.333 AND feature_1 > 1.095 AND feature_1 > 1.403 AND feature_0 > 1.349,"{'feature_0': (1.349, 3.845), 'feature_1': (1.403, 3.852)}",2,2.901,6,[Pretrained] CF,"[376, 594, 690, 728, 738]",3.754,3.732,OptRes,[Pretrained] CF OptRes,0.006,0,0.006,748,39,0.09104938271604938,5,0.8530000000000002,0.021999999999999797,2.0
738,feature_0 > 0.011 AND feature_0 > 0.771 AND feature_1 > 0.333 AND feature_1 > 1.095 AND feature_1 > 1.403,"{'feature_0': (0.771, 3.845), 'feature_1': (1.403, 3.852)}",2,2.826,5,[Pretrained] CF,"[376, 594, 690, 728]",3.254,3.288,OptRes,[Pretrained] CF OptRes,0.006,0,0.006,748,99,0.24999999999999997,5,0.42799999999999994,0.03399999999999981,2.0
740,feature_0 > 0.011 AND feature_0 > 0.771 AND feature_1 > 0.333 AND feature_1 > 1.095 AND feature_1 > 1.403 AND feature_0 <= 1.349 AND feature_2 <= 0.322,"{'feature_0': (0.771, 1.349), 'feature_1': (1.403, 3.852), 'feature_2': (-3.74, 0.322)}",3,2.821,7,[Pretrained] CF,"[376, 594, 690, 728, 738, 739]",2.936,2.96,OptRes,[Pretrained] CF OptRes,0.006,0,0.006,748,25,0.10493827160493827,5,0.11499999999999977,0.02400000000000002,2.0
735,feature_0 > 0.011 AND feature_0 > 0.771 AND feature_1 > 0.333 AND feature_1 > 1.095 AND feature_1 <= 1.403 AND feature_0 > 1.286,"{'feature_0': (1.286, 3.845), 'feature_1': (1.095, 1.403)}",2,2.782,6,[Pretrained] CF,"[376, 594, 690, 728, 729]",3.095,3.12,OptRes,[Pretrained] CF OptRes,0.006,0,0.006,748,29,0.0,5,0.31300000000000017,0.02499999999999991,2.0
745,feature_0 > 0.011 AND feature_0 > 0.771 AND feature_1 > 0.333 AND feature_1 > 1.095 AND feature_1 > 1.403 AND feature_0 <= 1.349 AND feature_2 > 0.322,"{'feature_0': (0.771, 1.349), 'feature_1': (1.403, 3.852), 'feature_2': (0.322, 4.02)}",3,2.709,7,[Pretrained] CF,"[376, 594, 690, 728, 738, 739]",3.028,3.028,OptRes,[Pretrained] CF OptRes,0.006,0,0.006,748,35,0.05401234567901234,5,0.31899999999999995,0.0,2.0
748,feature_0 > 0.011 AND feature_0 > 0.771 AND feature_1 > 0.333 AND feature_1 > 1.095 AND feature_1 > 1.403 AND feature_0 > 1.349 AND feature_2 > -0.265,"{'feature_0': (1.349, 3.845), 'feature_1': (1.403, 3.852), 'feature_2': (-0.265, 4.02)}",3,2.85,7,[Pretrained] CF,"[376, 594, 690, 728, 738, 746]",3.759,3.75,ResOve,[Pretrained] CF ResOve,0.118,0,0.118,748,36,0.1652542372881356,5,0.9089999999999998,0.008999999999999897,2.0
746,feature_0 > 0.011 AND feature_0 > 0.771 AND feature_1 > 0.333 AND feature_1 > 1.095 AND feature_1 > 1.403 AND feature_0 > 1.349,"{'feature_0': (1.349, 3.845), 'feature_1': (1.403, 3.852)}",2,2.901,6,[Pretrained] CF,"[376, 594, 690, 728, 738]",3.754,3.732,ResOve,[Pretrained] CF ResOve,0.118,0,0.118,748,39,0.1652542372881356,5,0.8530000000000002,0.021999999999999797,2.0
745,feature_0 > 0.011 AND feature_0 > 0.771 AND feature_1 > 0.333 AND feature_1 > 1.095 AND feature_1 > 1.403 AND feature_0 <= 1.349 AND feature_2 > 0.322,"{'feature_0': (0.771, 1.349), 'feature_1': (1.403, 3.852), 'feature_2': (0.322, 4.02)}",3,2.709,7,[Pretrained] CF,"[376, 594, 690, 728, 738, 739]",3.028,3.028,ResOve,[Pretrained] CF ResOve,0.118,0,0.118,748,35,0.0,5,0.31899999999999995,0.0,2.0
740,feature_0 > 0.011 AND feature_0 > 0.771 AND feature_1 > 0.333 AND feature_1 > 1.095 AND feature_1 > 1.403 AND feature_0 <= 1.349 AND feature_2 <= 0.322,"{'feature_0': (0.771, 1.349), 'feature_1': (1.403, 3.852), 'feature_2': (-3.74, 0.322)}",3,2.821,7,[Pretrained] CF,"[376, 594, 690, 728, 738, 739]",2.936,2.96,ResOve,[Pretrained] CF ResOve,0.118,0,0.118,748,25,0.0,5,0.11499999999999977,0.02400000000000002,2.0
735,feature_0 > 0.011 AND feature_0 > 0.771 AND feature_1 > 0.333 AND feature_1 > 1.095 AND feature_1 <= 1.403 AND feature_0 > 1.286,"{'feature_0': (1.286, 3.845), 'feature_1': (1.095, 1.403)}",2,2.782,6,[Pretrained] CF,"[376, 594, 690, 728, 729]",3.095,3.12,ResOve,[Pretrained] CF ResOve,0.118,0,0.118,748,29,0.0,5,0.31300000000000017,0.02499999999999991,2.0
748,feature_0 > 0.011 AND feature_0 > 0.771 AND feature_1 > 0.333 AND feature_1 > 1.095 AND feature_1 > 1.403 AND feature_0 > 1.349 AND feature_2 > -0.265,"{'feature_0': (1.349, 3.845), 'feature_1': (1.403, 3.852), 'feature_2': (-0.265, 4.02)}",3,2.85,7,[Pretrained] CF,"[376, 594, 690, 728, 738, 746]",3.759,3.75,NoOve,[Pretrained] CF NoOve,0.017,0,0.017,748,36,0.0,5,0.9089999999999998,0.008999999999999897,2.0
740,feature_0 > 0.011 AND feature_0 > 0.771 AND feature_1 > 0.333 AND feature_1 > 1.095 AND feature_1 > 1.403 AND feature_0 <= 1.349 AND feature_2 <= 0.322,"{'feature_0': (0.771, 1.349), 'feature_1': (1.403, 3.852), 'feature_2': (-3.74, 0.322)}",3,2.821,7,[Pretrained] CF,"[376, 594, 690, 728, 738, 739]",2.936,2.96,NoOve,[Pretrained] CF NoOve,0.017,0,0.017,748,25,0.0,5,0.11499999999999977,0.02400000000000002,2.0
745,feature_0 > 0.011 AND feature_0 > 0.771 AND feature_1 > 0.333 AND feature_1 > 1.095 AND feature_1 > 1.403 AND feature_0 <= 1.349 AND feature_2 > 0.322,"{'feature_0': (0.771, 1.349), 'feature_1': (1.403, 3.852), 'feature_2': (0.322, 4.02)}",3,2.709,7,[Pretrained] CF,"[376, 594, 690, 728, 738, 739]",3.028,3.028,NoOve,[Pretrained] CF NoOve,0.017,0,0.017,748,35,0.0,5,0.31899999999999995,0.0,2.0
591,feature_0 > 0.011 AND feature_0 <= 0.771 AND feature_1 > 0.97 AND feature_0 > 0.334 AND feature_1 > 1.309 AND feature_1 > 1.465 AND feature_0 > 0.558,"{'feature_0': (0.558, 0.771), 'feature_1': (1.465, 3.852)}",2,2.627,7,[Pretrained] CF,"[376, 377, 559, 577, 583, 585]",2.674,2.675,NoOve,[Pretrained] CF NoOve,0.017,0,0.017,748,33,0.0,5,0.04700000000000015,0.0009999999999998899,2.0
734,feature_0 > 0.011 AND feature_0 > 0.771 AND feature_1 > 0.333 AND feature_1 > 1.095 AND feature_1 <= 1.403 AND feature_0 <= 1.286 AND feature_1 > 1.273,"{'feature_0': (0.771, 1.286), 'feature_1': (1.273, 1.403)}",2,2.617,7,[Pretrained] CF,"[376, 594, 690, 728, 729, 730]",2.579,2.571,NoOve,[Pretrained] CF NoOve,0.017,0,0.017,748,28,0.0,5,0.03799999999999981,0.008000000000000007,2.0
746,feature_0 > 0.011 AND feature_0 > 0.771 AND feature_1 > 0.333 AND feature_1 > 1.095 AND feature_1 > 1.403 AND feature_0 > 1.349,"{'feature_0': (1.349, 3.845), 'feature_1': (1.403, 3.852)}",2,2.901,6,[Pretrained] CF,"[376, 594, 690, 728, 738]",3.754,3.725,OptRes,[Pretrained] CF OptRes,0.006,0,0.006,748,26,0.09104938271604938,5,0.8530000000000002,0.028999999999999915,2.0
736,feature_0 > 0.011 AND feature_0 > 0.771 AND feature_1 > 0.333 AND feature_1 > 1.095 AND feature_1 <= 1.403 AND feature_0 > 1.286 AND feature_2 <= 0.168,"{'feature_0': (1.286, 3.845), 'feature_1': (1.095, 1.403), 'feature_2': (-3.74, 0.168)}",3,2.842,7,[Pretrained] CF,"[376, 594, 690, 728, 729, 735]",3.066,3.021,OptRes,[Pretrained] CF OptRes,0.006,0,0.006,748,27,0.0,5,0.22399999999999975,0.04499999999999993,2.0
738,feature_0 > 0.011 AND feature_0 > 0.771 AND feature_1 > 0.333 AND feature_1 > 1.095 AND feature_1 > 1.403,"{'feature_0': (0.771, 3.845), 'feature_1': (1.403, 3.852)}",2,2.826,5,[Pretrained] CF,"[376, 594, 690, 728]",3.254,3.178,OptRes,[Pretrained] CF OptRes,0.006,0,0.006,748,77,0.19598765432098764,5,0.42799999999999994,0.07600000000000007,2.0
740,feature_0 > 0.011 AND feature_0 > 0.771 AND feature_1 > 0.333 AND feature_1 > 1.095 AND feature_1 > 1.403 AND feature_0 <= 1.349 AND feature_2 <= 0.322,"{'feature_0': (0.771, 1.349), 'feature_1': (1.403, 3.852), 'feature_2': (-3.74, 0.322)}",3,2.821,7,[Pretrained] CF,"[376, 594, 690, 728, 738, 739]",2.936,2.899,OptRes,[Pretrained] CF OptRes,0.006,0,0.006,748,51,0.10493827160493827,5,0.11499999999999977,0.03699999999999992,2.0
724,feature_0 > 0.011 AND feature_0 > 0.771 AND feature_1 > 0.333 AND feature_1 <= 1.095 AND feature_0 > 1.428 AND feature_2 <= 0.265 AND feature_0 > 1.682 AND feature_1 > 0.722,"{'feature_0': (1.682, 3.845), 'feature_1': (0.722, 1.095), 'feature_2': (-3.74, 0.265)}",3,2.651,8,[Pretrained] CF,"[376, 594, 690, 691, 715, 716, 720]",3.372,3.392,OptRes,[Pretrained] CF OptRes,0.006,0,0.006,748,27,0.0,5,0.7210000000000001,0.020000000000000018,2.0
746,feature_0 > 0.011 AND feature_0 > 0.771 AND feature_1 > 0.333 AND feature_1 > 1.095 AND feature_1 > 1.403 AND feature_0 > 1.349,"{'feature_0': (1.349, 3.845), 'feature_1': (1.403, 3.852)}",2,2.901,6,[Pretrained] CF,"[376, 594, 690, 728, 738]",3.754,3.725,ResOve,[Pretrained] CF ResOve,0.129,0,0.129,748,26,0.09104938271604938,5,0.8530000000000002,0.028999999999999915,2.0
742,feature_0 > 0.011 AND feature_0 > 0.771 AND feature_1 > 0.333 AND feature_1 > 1.095 AND feature_1 > 1.403 AND feature_0 <= 1.349 AND feature_2 <= 0.322 AND feature_9 > -0.603,"{'feature_0': (0.771, 1.349), 'feature_1': (1.403, 3.852), 'feature_2': (-3.74, 0.322), 'feature_9': (-0.603, 3.767)}",4,2.79,8,[Pretrained] CF,"[376, 594, 690, 728, 738, 739, 740]",2.963,2.908,ResOve,[Pretrained] CF ResOve,0.129,0,0.129,748,35,0.07407407407407407,5,0.17300000000000004,0.05500000000000016,2.0
724,feature_0 > 0.011 AND feature_0 > 0.771 AND feature_1 > 0.333 AND feature_1 <= 1.095 AND feature_0 > 1.428 AND feature_2 <= 0.265 AND feature_0 > 1.682 AND feature_1 > 0.722,"{'feature_0': (1.682, 3.845), 'feature_1': (0.722, 1.095), 'feature_2': (-3.74, 0.265)}",3,2.651,8,[Pretrained] CF,"[376, 594, 690, 691, 715, 716, 720]",3.372,3.392,ResOve,[Pretrained] CF ResOve,0.129,0,0.129,748,27,0.0,5,0.7210000000000001,0.020000000000000018,2.0
738,feature_0 > 0.011 AND feature_0 > 0.771 AND feature_1 > 0.333 AND feature_1 > 1.095 AND feature_1 > 1.403,"{'feature_0': (0.771, 3.845), 'feature_1': (1.403, 3.852)}",2,2.826,5,[Pretrained] CF,"[376, 594, 690, 728]",3.254,3.178,ResOve,[Pretrained] CF ResOve,0.129,0,0.129,748,77,0.16512345679012347,5,0.42799999999999994,0.07600000000000007,2.0
591,feature_0 > 0.011 AND feature_0 <= 0.771 AND feature_1 > 0.97 AND feature_0 > 0.334 AND feature_1 > 1.309 AND feature_1 > 1.465 AND feature_0 > 0.558,"{'feature_0': (0.558, 0.771), 'feature_1': (1.465, 3.852)}",2,2.627,7,[Pretrained] CF,"[376, 377, 559, 577, 583, 585]",2.674,2.66,ResOve,[Pretrained] CF ResOve,0.129,0,0.129,748,30,0.0,5,0.04700000000000015,0.01399999999999979,2.0
746,feature_0 > 0.011 AND feature_0 > 0.771 AND feature_1 > 0.333 AND feature_1 > 1.095 AND feature_1 > 1.403 AND feature_0 > 1.349,"{'feature_0': (1.349, 3.845), 'feature_1': (1.403, 3.852)}",2,2.901,6,[Pretrained] CF,"[376, 594, 690, 728, 738]",3.754,3.725,NoOve,[Pretrained] CF NoOve,0.024,0,0.024,748,26,0.0,5,0.8530000000000002,0.028999999999999915,2.0
739,feature_0 > 0.011 AND feature_0 > 0.771 AND feature_1 > 0.333 AND feature_1 > 1.095 AND feature_1 > 1.403 AND feature_0 <= 1.349,"{'feature_0': (0.771, 1.349), 'feature_1': (1.403, 3.852)}",2,2.783,6,[Pretrained] CF,"[376, 594, 690, 728, 738]",2.967,2.899,NoOve,[Pretrained] CF NoOve,0.024,0,0.024,748,51,0.0,5,0.18400000000000016,0.06800000000000006,2.0
735,feature_0 > 0.011 AND feature_0 > 0.771 AND feature_1 > 0.333 AND feature_1 > 1.095 AND feature_1 <= 1.403 AND feature_0 > 1.286,"{'feature_0': (1.286, 3.845), 'feature_1': (1.095, 1.403)}",2,2.782,6,[Pretrained] CF,"[376, 594, 690, 728, 729]",3.095,3.021,NoOve,[Pretrained] CF NoOve,0.024,0,0.024,748,27,0.0,5,0.31300000000000017,0.07400000000000029,2.0
585,feature_0 > 0.011 AND feature_0 <= 0.771 AND feature_1 > 0.97 AND feature_0 > 0.334 AND feature_1 > 1.309 AND feature_1 > 1.465,"{'feature_0': (0.334, 0.771), 'feature_1': (1.465, 3.852)}",2,2.559,6,[Pretrained] CF,"[376, 377, 559, 577, 583]",2.539,2.55,NoOve,[Pretrained] CF NoOve,0.024,0,0.024,748,59,0.0,5,0.020000000000000018,0.010999999999999677,2.0
730,feature_0 > 0.011 AND feature_0 > 0.771 AND feature_1 > 0.333 AND feature_1 > 1.095 AND feature_1 <= 1.403 AND feature_0 <= 1.286,"{'feature_0': (0.771, 1.286), 'feature_1': (1.095, 1.403)}",2,2.53,6,[Pretrained] CF,"[376, 594, 690, 728, 729]",2.524,2.572,NoOve,[Pretrained] CF NoOve,0.024,0,0.024,748,34,0.0,5,0.005999999999999783,0.04800000000000004,2.0
689,feature_0 > 0.011 AND feature_0 > 0.771 AND feature_1 <= 0.333 AND feature_0 > 1.437 AND feature_1 > 0.049 AND feature_0 > 1.643 AND feature_1 > 0.189,"{'feature_0': (1.643, 3.845), 'feature_1': (0.189, 0.333)}",2,2.327,7,[Pretrained] CF,"[376, 594, 595, 657, 685, 687]",2.975,2.975,OptRes,[Pretrained] CF OptRes,0.005,0,0.005,748,33,0.11956521739130435,5,0.6480000000000001,0.0,2.0
687,feature_0 > 0.011 AND feature_0 > 0.771 AND feature_1 <= 0.333 AND feature_0 > 1.437 AND feature_1 > 0.049 AND feature_0 > 1.643,"{'feature_0': (1.643, 3.845), 'feature_1': (0.049, 0.333)}",2,2.246,6,[Pretrained] CF,"[376, 594, 595, 657, 685]",2.89,2.89,OptRes,[Pretrained] CF OptRes,0.005,0,0.005,748,69,0.11956521739130435,5,0.6440000000000001,0.0,2.0
680,feature_0 > 0.011 AND feature_0 > 0.771 AND feature_1 <= 0.333 AND feature_0 > 1.437 AND feature_1 <= 0.049 AND feature_0 > 1.689 AND feature_4 > -0.098 AND feature_5 <= -0.134 AND feature_3 <= 0.405,"{'feature_0': (1.689, 3.845), 'feature_1': (-3.98, 0.049), 'feature_4': (-0.098, 3.804), 'feature_5': (-3.694, -0.134), 'feature_3': (-3.667, 0.405)}",5,2.234,9,[Pretrained] CF,"[376, 594, 595, 657, 658, 670, 678, 679]",2.559,2.559,OptRes,[Pretrained] CF OptRes,0.005,0,0.005,748,33,0.06707317073170732,5,0.3250000000000002,0.0,2.0
678,feature_0 > 0.011 AND feature_0 > 0.771 AND feature_1 <= 0.333 AND feature_0 > 1.437 AND feature_1 <= 0.049 AND feature_0 > 1.689 AND feature_4 > -0.098,"{'feature_0': (1.689, 3.845), 'feature_1': (-3.98, 0.049), 'feature_4': (-0.098, 3.804)}",3,2.11,7,[Pretrained] CF,"[376, 594, 595, 657, 658, 670]",2.552,2.552,OptRes,[Pretrained] CF OptRes,0.005,0,0.005,748,123,0.11585365853658537,5,0.44200000000000017,0.0,2.0
681,feature_0 > 0.011 AND feature_0 > 0.771 AND feature_1 <= 0.333 AND feature_0 > 1.437 AND feature_1 <= 0.049 AND feature_0 > 1.689 AND feature_4 > -0.098 AND feature_5 <= -0.134 AND feature_3 > 0.405,"{'feature_0': (1.689, 3.845), 'feature_1': (-3.98, 0.049), 'feature_4': (-0.098, 3.804), 'feature_5': (-3.694, -0.134), 'feature_3': (0.405, 4.242)}",5,2.108,9,[Pretrained] CF,"[376, 594, 595, 657, 658, 670, 678, 679]",2.62,2.62,OptRes,[Pretrained] CF OptRes,0.005,0,0.005,748,24,0.04878048780487805,5,0.512,0.0,2.0
681,feature_0 > 0.011 AND feature_0 > 0.771 AND feature_1 <= 0.333 AND feature_0 > 1.437 AND feature_1 <= 0.049 AND feature_0 > 1.689 AND feature_4 > -0.098 AND feature_5 <= -0.134 AND feature_3 > 0.405,"{'feature_0': (1.689, 3.845), 'feature_1': (-3.98, 0.049), 'feature_4': (-0.098, 3.804), 'feature_5': (-3.694, -0.134), 'feature_3': (0.405, 4.242)}",5,2.108,9,[Pretrained] CF,"[376, 594, 595, 657, 658, 670, 678, 679]",2.62,2.62,ResOve,[Pretrained] CF ResOve,0.075,0,0.075,748,24,0.0,5,0.512,0.0,2.0
680,feature_0 > 0.011 AND feature_0 > 0.771 AND feature_1 <= 0.333 AND feature_0 > 1.437 AND feature_1 <= 0.049 AND feature_0 > 1.689 AND feature_4 > -0.098 AND feature_5 <= -0.134 AND feature_3 <= 0.405,"{'feature_0': (1.689, 3.845), 'feature_1': (-3.98, 0.049), 'feature_4': (-0.098, 3.804), 'feature_5': (-3.694, -0.134), 'feature_3': (-3.667, 0.405)}",5,2.234,9,[Pretrained] CF,"[376, 594, 595, 657, 658, 670, 678, 679]",2.559,2.559,ResOve,[Pretrained] CF ResOve,0.075,0,0.075,748,33,0.0,5,0.3250000000000002,0.0,2.0
710,feature_0 > 0.011 AND feature_0 > 0.771 AND feature_1 > 0.333 AND feature_1 <= 1.095 AND feature_0 <= 1.428 AND feature_0 > 0.858 AND feature_1 <= 0.944 AND feature_2 > -0.088 AND feature_4 > 0.425 AND feature_1 <= 0.562,"{'feature_0': (0.858, 1.428), 'feature_1': (0.333, 0.562), 'feature_2': (-0.088, 4.02), 'feature_4': (0.425, 3.804)}",4,2.041,10,[Pretrained] CF,"[376, 594, 690, 691, 692, 696, 697, 703, 709]",2.048,2.048,ResOve,[Pretrained] CF ResOve,0.075,0,0.075,748,22,0.0,5,0.007000000000000117,0.0,2.0
686,feature_0 > 0.011 AND feature_0 > 0.771 AND feature_1 <= 0.333 AND feature_0 > 1.437 AND feature_1 > 0.049 AND feature_0 <= 1.643,"{'feature_0': (1.437, 1.643), 'feature_1': (0.049, 0.333)}",2,2.055,6,[Pretrained] CF,"[376, 594, 595, 657, 685]",2.312,2.312,ResOve,[Pretrained] CF ResOve,0.075,0,0.075,748,25,0.0,5,0.2569999999999997,0.0,2.0
683,feature_0 > 0.011 AND feature_0 > 0.771 AND feature_1 <= 0.333 AND feature_0 > 1.437 AND feature_1 <= 0.049 AND feature_0 > 1.689 AND feature_4 > -0.098 AND feature_5 > -0.134 AND feature_5 <= 0.614,"{'feature_0': (1.689, 3.845), 'feature_1': (-3.98, 0.049), 'feature_4': (-0.098, 3.804), 'feature_5': (-0.134, 0.614)}",4,2.087,9,[Pretrained] CF,"[376, 594, 595, 657, 658, 670, 678, 682]",2.56,2.56,ResOve,[Pretrained] CF ResOve,0.075,0,0.075,748,34,0.0,5,0.47299999999999986,0.0,2.0
689,feature_0 > 0.011 AND feature_0 > 0.771 AND feature_1 <= 0.333 AND feature_0 > 1.437 AND feature_1 > 0.049 AND feature_0 > 1.643 AND feature_1 > 0.189,"{'feature_0': (1.643, 3.845), 'feature_1': (0.189, 0.333)}",2,2.327,7,[Pretrained] CF,"[376, 594, 595, 657, 685, 687]",2.975,2.975,NoOve,[Pretrained] CF NoOve,0.007,0,0.007,748,33,0.0,5,0.6480000000000001,0.0,2.0
688,feature_0 > 0.011 AND feature_0 > 0.771 AND feature_1 <= 0.333 AND feature_0 > 1.437 AND feature_1 > 0.049 AND feature_0 > 1.643 AND feature_1 <= 0.189,"{'feature_0': (1.643, 3.845), 'feature_1': (0.049, 0.189)}",2,2.172,7,[Pretrained] CF,"[376, 594, 595, 657, 685, 687]",2.813,2.813,NoOve,[Pretrained] CF NoOve,0.007,0,0.007,748,36,0.0,5,0.641,0.0,2.0
678,feature_0 > 0.011 AND feature_0 > 0.771 AND feature_1 <= 0.333 AND feature_0 > 1.437 AND feature_1 <= 0.049 AND feature_0 > 1.689 AND feature_4 > -0.098,"{'feature_0': (1.689, 3.845), 'feature_1': (-3.98, 0.049), 'feature_4': (-0.098, 3.804)}",3,2.11,7,[Pretrained] CF,"[376, 594, 595, 657, 658, 670]",2.552,2.552,NoOve,[Pretrained] CF NoOve,0.007,0,0.007,748,123,0.0,5,0.44200000000000017,0.0,2.0
660,feature_0 > 0.011 AND feature_0 > 0.771 AND feature_1 <= 0.333 AND feature_0 > 1.437 AND feature_1 <= 0.049 AND feature_0 <= 1.689 AND feature_3 <= -0.875,"{'feature_0': (1.437, 1.689), 'feature_1': (-3.98, 0.049), 'feature_3': (-3.667, -0.875)}",3,2.04,7,[Pretrained] CF,"[376, 594, 595, 657, 658, 659]",1.986,1.986,NoOve,[Pretrained] CF NoOve,0.007,0,0.007,748,24,0.0,5,0.05400000000000005,0.0,2.0
656,feature_0 > 0.011 AND feature_0 > 0.771 AND feature_1 <= 0.333 AND feature_0 <= 1.437 AND feature_0 > 0.972 AND feature_1 > 0.116 AND feature_1 > 0.261,"{'feature_0': (0.972, 1.437), 'feature_1': (0.261, 0.333)}",2,2.037,7,[Pretrained] CF,"[376, 594, 595, 596, 620, 652]",2.043,2.043,NoOve,[Pretrained] CF NoOve,0.007,0,0.007,748,34,0.0,5,0.006000000000000227,0.0,2.0
742,feature_0 > 0.26 AND feature_1 > 1.06 AND feature_1 > 1.463 AND feature_0 > 0.557 AND feature_2 <= 0.652 AND feature_7 <= -0.835,"{'feature_0': (0.557, 3.845), 'feature_1': (1.463, 3.852), 'feature_2': (-3.74, 0.652), 'feature_7': (-3.746, -0.835)}",4,2.959,6,[Pretrained] CF,"[468, 710, 734, 740, 741]",3.114,3.135,OptRes,[Pretrained] CF OptRes,0.009,0,0.009,752,37,0.06756756756756757,5,0.1549999999999998,0.020999999999999908,3.0
748,feature_0 > 0.26 AND feature_1 > 1.06 AND feature_1 > 1.463 AND feature_0 > 0.557 AND feature_2 <= 0.652 AND feature_7 > -0.835 AND feature_0 > 0.767 AND feature_9 <= 0.059,"{'feature_0': (0.767, 3.845), 'feature_1': (1.463, 3.852), 'feature_2': (-3.74, 0.652), 'feature_7': (-0.835, 3.492), 'feature_9': (-3.581, 0.059)}",5,2.879,8,[Pretrained] CF,"[468, 710, 734, 740, 741, 745, 747]",3.155,3.155,OptRes,[Pretrained] CF OptRes,0.009,0,0.009,752,38,0.06418918918918919,5,0.2759999999999998,0.0,3.0
741,feature_0 > 0.26 AND feature_1 > 1.06 AND feature_1 > 1.463 AND feature_0 > 0.557 AND feature_2 <= 0.652,"{'feature_0': (0.557, 3.845), 'feature_1': (1.463, 3.852), 'feature_2': (-3.74, 0.652)}",3,2.846,5,[Pretrained] CF,"[468, 710, 734, 740]",3.064,3.062,OptRes,[Pretrained] CF OptRes,0.009,0,0.009,752,131,0.25,5,0.21799999999999997,0.002000000000000224,3.0
749,feature_0 > 0.26 AND feature_1 > 1.06 AND feature_1 > 1.463 AND feature_0 > 0.557 AND feature_2 <= 0.652 AND feature_7 > -0.835 AND feature_0 > 0.767 AND feature_9 > 0.059,"{'feature_0': (0.767, 3.845), 'feature_1': (1.463, 3.852), 'feature_2': (-3.74, 0.652), 'feature_7': (-0.835, 3.492), 'feature_9': (0.059, 3.767)}",5,2.803,8,[Pretrained] CF,"[468, 710, 734, 740, 741, 745, 747]",3.309,3.298,OptRes,[Pretrained] CF OptRes,0.009,0,0.009,752,25,0.05912162162162162,5,0.5060000000000002,0.01100000000000012,3.0
746,feature_0 > 0.26 AND feature_1 > 1.06 AND feature_1 > 1.463 AND feature_0 > 0.557 AND feature_2 <= 0.652 AND feature_7 > -0.835 AND feature_0 <= 0.767,"{'feature_0': (0.557, 0.767), 'feature_1': (1.463, 3.852), 'feature_2': (-3.74, 0.652), 'feature_7': (-0.835, 3.492)}",4,2.722,7,[Pretrained] CF,"[468, 710, 734, 740, 741, 745]",2.664,2.671,OptRes,[Pretrained] CF OptRes,0.009,0,0.009,752,31,0.05912162162162162,5,0.05799999999999983,0.006999999999999673,3.0
752,feature_0 > 0.26 AND feature_1 > 1.06 AND feature_1 > 1.463 AND feature_0 > 0.557 AND feature_2 > 0.652 AND feature_1 > 1.686,"{'feature_0': (0.557, 3.845), 'feature_1': (1.686, 3.852), 'feature_2': (0.652, 4.02)}",3,2.72,6,[Pretrained] CF,"[468, 710, 734, 740, 750]",3.443,3.506,ResOve,[Pretrained] CF ResOve,0.111,0,0.111,752,27,0.0,5,0.7229999999999999,0.06299999999999972,3.0
749,feature_0 > 0.26 AND feature_1 > 1.06 AND feature_1 > 1.463 AND feature_0 > 0.557 AND feature_2 <= 0.652 AND feature_7 > -0.835 AND feature_0 > 0.767 AND feature_9 > 0.059,"{'feature_0': (0.767, 3.845), 'feature_1': (1.463, 3.852), 'feature_2': (-3.74, 0.652), 'feature_7': (-0.835, 3.492), 'feature_9': (0.059, 3.767)}",5,2.803,8,[Pretrained] CF,"[468, 710, 734, 740, 741, 745, 747]",3.309,3.298,ResOve,[Pretrained] CF ResOve,0.111,0,0.111,752,25,0.0,5,0.5060000000000002,0.01100000000000012,3.0
748,feature_0 > 0.26 AND feature_1 > 1.06 AND feature_1 > 1.463 AND feature_0 > 0.557 AND feature_2 <= 0.652 AND feature_7 > -0.835 AND feature_0 > 0.767 AND feature_9 <= 0.059,"{'feature_0': (0.767, 3.845), 'feature_1': (1.463, 3.852), 'feature_2': (-3.74, 0.652), 'feature_7': (-0.835, 3.492), 'feature_9': (-3.581, 0.059)}",5,2.879,8,[Pretrained] CF,"[468, 710, 734, 740, 741, 745, 747]",3.155,3.155,ResOve,[Pretrained] CF ResOve,0.111,0,0.111,752,38,0.0,5,0.2759999999999998,0.0,3.0
742,feature_0 > 0.26 AND feature_1 > 1.06 AND feature_1 > 1.463 AND feature_0 > 0.557 AND feature_2 <= 0.652 AND feature_7 <= -0.835,"{'feature_0': (0.557, 3.845), 'feature_1': (1.463, 3.852), 'feature_2': (-3.74, 0.652), 'feature_7': (-3.746, -0.835)}",4,2.959,6,[Pretrained] CF,"[468, 710, 734, 740, 741]",3.114,3.135,ResOve,[Pretrained] CF ResOve,0.111,0,0.111,752,37,0.0,5,0.1549999999999998,0.020999999999999908,3.0
723,feature_0 > 0.26 AND feature_1 > 1.06 AND feature_1 <= 1.463 AND feature_0 > 0.763 AND feature_2 <= 0.453 AND feature_7 <= -0.169,"{'feature_0': (0.763, 3.845), 'feature_1': (1.06, 1.463), 'feature_2': (-3.74, 0.453), 'feature_7': (-3.746, -0.169)}",4,2.674,6,[Pretrained] CF,"[468, 710, 711, 721, 722]",2.878,2.874,ResOve,[Pretrained] CF ResOve,0.111,0,0.111,752,55,0.0,5,0.20400000000000018,0.0040000000000000036,3.0
742,feature_0 > 0.26 AND feature_1 > 1.06 AND feature_1 > 1.463 AND feature_0 > 0.557 AND feature_2 <= 0.652 AND feature_7 <= -0.835,"{'feature_0': (0.557, 3.845), 'feature_1': (1.463, 3.852), 'feature_2': (-3.74, 0.652), 'feature_7': (-3.746, -0.835)}",4,2.959,6,[Pretrained] CF,"[468, 710, 734, 740, 741]",3.114,3.135,NoOve,[Pretrained] CF NoOve,0.011,0,0.011,752,37,0.0,5,0.1549999999999998,0.020999999999999908,3.0
745,feature_0 > 0.26 AND feature_1 > 1.06 AND feature_1 > 1.463 AND feature_0 > 0.557 AND feature_2 <= 0.652 AND feature_7 > -0.835,"{'feature_0': (0.557, 3.845), 'feature_1': (1.463, 3.852), 'feature_2': (-3.74, 0.652), 'feature_7': (-0.835, 3.492)}",4,2.804,6,[Pretrained] CF,"[468, 710, 734, 740, 741]",3.046,3.034,NoOve,[Pretrained] CF NoOve,0.011,0,0.011,752,94,0.0,5,0.242,0.01200000000000001,3.0
752,feature_0 > 0.26 AND feature_1 > 1.06 AND feature_1 > 1.463 AND feature_0 > 0.557 AND feature_2 > 0.652 AND feature_1 > 1.686,"{'feature_0': (0.557, 3.845), 'feature_1': (1.686, 3.852), 'feature_2': (0.652, 4.02)}",3,2.72,6,[Pretrained] CF,"[468, 710, 734, 740, 750]",3.443,3.506,NoOve,[Pretrained] CF NoOve,0.011,0,0.011,752,27,0.0,5,0.7229999999999999,0.06299999999999972,3.0
723,feature_0 > 0.26 AND feature_1 > 1.06 AND feature_1 <= 1.463 AND feature_0 > 0.763 AND feature_2 <= 0.453 AND feature_7 <= -0.169,"{'feature_0': (0.763, 3.845), 'feature_1': (1.06, 1.463), 'feature_2': (-3.74, 0.453), 'feature_7': (-3.746, -0.169)}",4,2.674,6,[Pretrained] CF,"[468, 710, 711, 721, 722]",2.878,2.874,NoOve,[Pretrained] CF NoOve,0.011,0,0.011,752,55,0.0,5,0.20400000000000018,0.0040000000000000036,3.0
739,feature_0 > 0.26 AND feature_1 > 1.06 AND feature_1 > 1.463 AND feature_0 <= 0.557 AND feature_0 > 0.352 AND feature_1 > 1.661,"{'feature_0': (0.352, 0.557), 'feature_1': (1.661, 3.852)}",2,2.668,6,[Pretrained] CF,"[468, 710, 734, 735, 737]",2.549,2.564,NoOve,[Pretrained] CF NoOve,0.011,0,0.011,752,27,0.0,5,0.11900000000000022,0.015000000000000124,3.0
748,feature_0 > 0.26 AND feature_1 > 1.06 AND feature_1 > 1.463 AND feature_0 > 0.557 AND feature_2 <= 0.652 AND feature_7 > -0.835 AND feature_0 > 0.767 AND feature_9 <= 0.059,"{'feature_0': (0.767, 3.845), 'feature_1': (1.463, 3.852), 'feature_2': (-3.74, 0.652), 'feature_7': (-0.835, 3.492), 'feature_9': (-3.581, 0.059)}",5,2.879,8,[Pretrained] CF,"[468, 710, 734, 740, 741, 745, 747]",3.155,3.155,OptRes,[Pretrained] CF OptRes,0.007,0,0.007,752,38,0.06418918918918919,5,0.2759999999999998,0.0,3.0
741,feature_0 > 0.26 AND feature_1 > 1.06 AND feature_1 > 1.463 AND feature_0 > 0.557 AND feature_2 <= 0.652,"{'feature_0': (0.557, 3.845), 'feature_1': (1.463, 3.852), 'feature_2': (-3.74, 0.652)}",3,2.846,5,[Pretrained] CF,"[468, 710, 734, 740]",3.064,3.032,OptRes,[Pretrained] CF OptRes,0.007,0,0.007,752,126,0.18243243243243243,5,0.21799999999999997,0.03200000000000003,3.0
749,feature_0 > 0.26 AND feature_1 > 1.06 AND feature_1 > 1.463 AND feature_0 > 0.557 AND feature_2 <= 0.652 AND feature_7 > -0.835 AND feature_0 > 0.767 AND feature_9 > 0.059,"{'feature_0': (0.767, 3.845), 'feature_1': (1.463, 3.852), 'feature_2': (-3.74, 0.652), 'feature_7': (-0.835, 3.492), 'feature_9': (0.059, 3.767)}",5,2.803,8,[Pretrained] CF,"[468, 710, 734, 740, 741, 745, 747]",3.309,3.309,OptRes,[Pretrained] CF OptRes,0.007,0,0.007,752,35,0.05912162162162162,5,0.5060000000000002,0.0,3.0
746,feature_0 > 0.26 AND feature_1 > 1.06 AND feature_1 > 1.463 AND feature_0 > 0.557 AND feature_2 <= 0.652 AND feature_7 > -0.835 AND feature_0 <= 0.767,"{'feature_0': (0.557, 0.767), 'feature_1': (1.463, 3.852), 'feature_2': (-3.74, 0.652), 'feature_7': (-0.835, 3.492)}",4,2.722,7,[Pretrained] CF,"[468, 710, 734, 740, 741, 745]",2.664,2.664,OptRes,[Pretrained] CF OptRes,0.007,0,0.007,752,35,0.05912162162162162,5,0.05799999999999983,0.0,3.0
752,feature_0 > 0.26 AND feature_1 > 1.06 AND feature_1 > 1.463 AND feature_0 > 0.557 AND feature_2 > 0.652 AND feature_1 > 1.686,"{'feature_0': (0.557, 3.845), 'feature_1': (1.686, 3.852), 'feature_2': (0.652, 4.02)}",3,2.72,6,[Pretrained] CF,"[468, 710, 734, 740, 750]",3.443,3.376,OptRes,[Pretrained] CF OptRes,0.007,0,0.007,752,26,0.0,5,0.7229999999999999,0.06700000000000017,3.0
752,feature_0 > 0.26 AND feature_1 > 1.06 AND feature_1 > 1.463 AND feature_0 > 0.557 AND feature_2 > 0.652 AND feature_1 > 1.686,"{'feature_0': (0.557, 3.845), 'feature_1': (1.686, 3.852), 'feature_2': (0.652, 4.02)}",3,2.72,6,[Pretrained] CF,"[468, 710, 734, 740, 750]",3.443,3.376,ResOve,[Pretrained] CF ResOve,0.107,0,0.107,752,26,0.0,5,0.7229999999999999,0.06700000000000017,3.0
749,feature_0 > 0.26 AND feature_1 > 1.06 AND feature_1 > 1.463 AND feature_0 > 0.557 AND feature_2 <= 0.652 AND feature_7 > -0.835 AND feature_0 > 0.767 AND feature_9 > 0.059,"{'feature_0': (0.767, 3.845), 'feature_1': (1.463, 3.852), 'feature_2': (-3.74, 0.652), 'feature_7': (-0.835, 3.492), 'feature_9': (0.059, 3.767)}",5,2.803,8,[Pretrained] CF,"[468, 710, 734, 740, 741, 745, 747]",3.309,3.309,ResOve,[Pretrained] CF ResOve,0.107,0,0.107,752,35,0.0,5,0.5060000000000002,0.0,3.0
748,feature_0 > 0.26 AND feature_1 > 1.06 AND feature_1 > 1.463 AND feature_0 > 0.557 AND feature_2 <= 0.652 AND feature_7 > -0.835 AND feature_0 > 0.767 AND feature_9 <= 0.059,"{'feature_0': (0.767, 3.845), 'feature_1': (1.463, 3.852), 'feature_2': (-3.74, 0.652), 'feature_7': (-0.835, 3.492), 'feature_9': (-3.581, 0.059)}",5,2.879,8,[Pretrained] CF,"[468, 710, 734, 740, 741, 745, 747]",3.155,3.155,ResOve,[Pretrained] CF ResOve,0.107,0,0.107,752,38,0.0,5,0.2759999999999998,0.0,3.0
746,feature_0 > 0.26 AND feature_1 > 1.06 AND feature_1 > 1.463 AND feature_0 > 0.557 AND feature_2 <= 0.652 AND feature_7 > -0.835 AND feature_0 <= 0.767,"{'feature_0': (0.557, 0.767), 'feature_1': (1.463, 3.852), 'feature_2': (-3.74, 0.652), 'feature_7': (-0.835, 3.492)}",4,2.722,7,[Pretrained] CF,"[468, 710, 734, 740, 741, 745]",2.664,2.664,ResOve,[Pretrained] CF ResOve,0.107,0,0.107,752,35,0.0,5,0.05799999999999983,0.0,3.0
723,feature_0 > 0.26 AND feature_1 > 1.06 AND feature_1 <= 1.463 AND feature_0 > 0.763 AND feature_2 <= 0.453 AND feature_7 <= -0.169,"{'feature_0': (0.763, 3.845), 'feature_1': (1.06, 1.463), 'feature_2': (-3.74, 0.453), 'feature_7': (-3.746, -0.169)}",4,2.674,6,[Pretrained] CF,"[468, 710, 711, 721, 722]",2.878,2.793,ResOve,[Pretrained] CF ResOve,0.107,0,0.107,752,46,0.0,5,0.20400000000000018,0.08499999999999996,3.0
745,feature_0 > 0.26 AND feature_1 > 1.06 AND feature_1 > 1.463 AND feature_0 > 0.557 AND feature_2 <= 0.652 AND feature_7 > -0.835,"{'feature_0': (0.557, 3.845), 'feature_1': (1.463, 3.852), 'feature_2': (-3.74, 0.652), 'feature_7': (-0.835, 3.492)}",4,2.804,6,[Pretrained] CF,"[468, 710, 734, 740, 741]",3.046,3.046,NoOve,[Pretrained] CF NoOve,0.011,0,0.011,752,108,0.0,5,0.242,0.0,3.0
752,feature_0 > 0.26 AND feature_1 > 1.06 AND feature_1 > 1.463 AND feature_0 > 0.557 AND feature_2 > 0.652 AND feature_1 > 1.686,"{'feature_0': (0.557, 3.845), 'feature_1': (1.686, 3.852), 'feature_2': (0.652, 4.02)}",3,2.72,6,[Pretrained] CF,"[468, 710, 734, 740, 750]",3.443,3.376,NoOve,[Pretrained] CF NoOve,0.011,0,0.011,752,26,0.0,5,0.7229999999999999,0.06700000000000017,3.0
723,feature_0 > 0.26 AND feature_1 > 1.06 AND feature_1 <= 1.463 AND feature_0 > 0.763 AND feature_2 <= 0.453 AND feature_7 <= -0.169,"{'feature_0': (0.763, 3.845), 'feature_1': (1.06, 1.463), 'feature_2': (-3.74, 0.453), 'feature_7': (-3.746, -0.169)}",4,2.674,6,[Pretrained] CF,"[468, 710, 711, 721, 722]",2.878,2.793,NoOve,[Pretrained] CF NoOve,0.011,0,0.011,752,46,0.0,5,0.20400000000000018,0.08499999999999996,3.0
739,feature_0 > 0.26 AND feature_1 > 1.06 AND feature_1 > 1.463 AND feature_0 <= 0.557 AND feature_0 > 0.352 AND feature_1 > 1.661,"{'feature_0': (0.352, 0.557), 'feature_1': (1.661, 3.852)}",2,2.668,6,[Pretrained] CF,"[468, 710, 734, 735, 737]",2.549,2.557,NoOve,[Pretrained] CF NoOve,0.011,0,0.011,752,29,0.0,5,0.11900000000000022,0.008000000000000007,3.0
726,feature_0 > 0.26 AND feature_1 > 1.06 AND feature_1 <= 1.463 AND feature_0 > 0.763 AND feature_2 <= 0.453 AND feature_7 > -0.169,"{'feature_0': (0.763, 3.845), 'feature_1': (1.06, 1.463), 'feature_2': (-3.74, 0.453), 'feature_7': (-0.169, 3.492)}",4,2.484,6,[Pretrained] CF,"[468, 710, 711, 721, 722]",2.676,2.676,NoOve,[Pretrained] CF NoOve,0.011,0,0.011,752,51,0.0,5,0.19200000000000017,0.0,3.0
741,feature_0 > 0.26 AND feature_1 > 1.06 AND feature_1 > 1.463 AND feature_0 > 0.557 AND feature_2 <= 0.652,"{'feature_0': (0.557, 3.845), 'feature_1': (1.463, 3.852), 'feature_2': (-3.74, 0.652)}",3,2.846,5,[Pretrained] CF,"[468, 710, 734, 740]",3.064,3.049,OptRes,[Pretrained] CF OptRes,0.005,0,0.005,752,46,0.12331081081081081,5,0.21799999999999997,0.015000000000000124,3.0
747,feature_0 > 0.26 AND feature_1 > 1.06 AND feature_1 > 1.463 AND feature_0 > 0.557 AND feature_2 <= 0.652 AND feature_7 > -0.835 AND feature_0 > 0.767,"{'feature_0': (0.767, 3.845), 'feature_1': (1.463, 3.852), 'feature_2': (-3.74, 0.652), 'feature_7': (-0.835, 3.492)}",4,2.842,7,[Pretrained] CF,"[468, 710, 734, 740, 741, 745]",3.229,3.253,OptRes,[Pretrained] CF OptRes,0.005,0,0.005,752,24,0.12331081081081081,5,0.387,0.02400000000000002,3.0
750,feature_0 > 0.26 AND feature_1 > 1.06 AND feature_1 > 1.463 AND feature_0 > 0.557 AND feature_2 > 0.652,"{'feature_0': (0.557, 3.845), 'feature_1': (1.463, 3.852), 'feature_2': (0.652, 4.02)}",3,2.69,5,[Pretrained] CF,"[468, 710, 734, 740]",3.26,3.306,OptRes,[Pretrained] CF OptRes,0.005,0,0.005,752,21,0.0,5,0.5699999999999998,0.04600000000000026,3.0
723,feature_0 > 0.26 AND feature_1 > 1.06 AND feature_1 <= 1.463 AND feature_0 > 0.763 AND feature_2 <= 0.453 AND feature_7 <= -0.169,"{'feature_0': (0.763, 3.845), 'feature_1': (1.06, 1.463), 'feature_2': (-3.74, 0.453), 'feature_7': (-3.746, -0.169)}",4,2.674,6,[Pretrained] CF,"[468, 710, 711, 721, 722]",2.878,2.864,OptRes,[Pretrained] CF OptRes,0.005,0,0.005,752,22,0.0,5,0.20400000000000018,0.014000000000000234,3.0
737,feature_0 > 0.26 AND feature_1 > 1.06 AND feature_1 > 1.463 AND feature_0 <= 0.557 AND feature_0 > 0.352,"{'feature_0': (0.352, 0.557), 'feature_1': (1.463, 3.852)}",2,2.602,5,[Pretrained] CF,"[468, 710, 734, 735]",2.4,2.38,OptRes,[Pretrained] CF OptRes,0.005,0,0.005,752,23,0.0,5,0.20199999999999996,0.020000000000000018,3.0
750,feature_0 > 0.26 AND feature_1 > 1.06 AND feature_1 > 1.463 AND feature_0 > 0.557 AND feature_2 > 0.652,"{'feature_0': (0.557, 3.845), 'feature_1': (1.463, 3.852), 'feature_2': (0.652, 4.02)}",3,2.69,5,[Pretrained] CF,"[468, 710, 734, 740]",3.26,3.306,ResOve,[Pretrained] CF ResOve,0.127,0,0.127,752,21,0.0,5,0.5699999999999998,0.04600000000000026,3.0
747,feature_0 > 0.26 AND feature_1 > 1.06 AND feature_1 > 1.463 AND feature_0 > 0.557 AND feature_2 <= 0.652 AND feature_7 > -0.835 AND feature_0 > 0.767,"{'feature_0': (0.767, 3.845), 'feature_1': (1.463, 3.852), 'feature_2': (-3.74, 0.652), 'feature_7': (-0.835, 3.492)}",4,2.842,7,[Pretrained] CF,"[468, 710, 734, 740, 741, 745]",3.229,3.253,ResOve,[Pretrained] CF ResOve,0.127,0,0.127,752,24,0.12331081081081081,5,0.387,0.02400000000000002,3.0
741,feature_0 > 0.26 AND feature_1 > 1.06 AND feature_1 > 1.463 AND feature_0 > 0.557 AND feature_2 <= 0.652,"{'feature_0': (0.557, 3.845), 'feature_1': (1.463, 3.852), 'feature_2': (-3.74, 0.652)}",3,2.846,5,[Pretrained] CF,"[468, 710, 734, 740]",3.064,3.049,ResOve,[Pretrained] CF ResOve,0.127,0,0.127,752,46,0.12331081081081081,5,0.21799999999999997,0.015000000000000124,3.0
723,feature_0 > 0.26 AND feature_1 > 1.06 AND feature_1 <= 1.463 AND feature_0 > 0.763 AND feature_2 <= 0.453 AND feature_7 <= -0.169,"{'feature_0': (0.763, 3.845), 'feature_1': (1.06, 1.463), 'feature_2': (-3.74, 0.453), 'feature_7': (-3.746, -0.169)}",4,2.674,6,[Pretrained] CF,"[468, 710, 711, 721, 722]",2.878,2.864,ResOve,[Pretrained] CF ResOve,0.127,0,0.127,752,22,0.13194444444444445,5,0.20400000000000018,0.014000000000000234,3.0
722,feature_0 > 0.26 AND feature_1 > 1.06 AND feature_1 <= 1.463 AND feature_0 > 0.763 AND feature_2 <= 0.453,"{'feature_0': (0.763, 3.845), 'feature_1': (1.06, 1.463), 'feature_2': (-3.74, 0.453)}",3,2.584,5,[Pretrained] CF,"[468, 710, 711, 721]",2.782,2.78,ResOve,[Pretrained] CF ResOve,0.127,0,0.127,752,40,0.13194444444444445,5,0.19799999999999995,0.002000000000000224,3.0
741,feature_0 > 0.26 AND feature_1 > 1.06 AND feature_1 > 1.463 AND feature_0 > 0.557 AND feature_2 <= 0.652,"{'feature_0': (0.557, 3.845), 'feature_1': (1.463, 3.852), 'feature_2': (-3.74, 0.652)}",3,2.846,5,[Pretrained] CF,"[468, 710, 734, 740]",3.064,3.049,NoOve,[Pretrained] CF NoOve,0.033,0,0.033,752,46,0.0,5,0.21799999999999997,0.015000000000000124,3.0
750,feature_0 > 0.26 AND feature_1 > 1.06 AND feature_1 > 1.463 AND feature_0 > 0.557 AND feature_2 > 0.652,"{'feature_0': (0.557, 3.845), 'feature_1': (1.463, 3.852), 'feature_2': (0.652, 4.02)}",3,2.69,5,[Pretrained] CF,"[468, 710, 734, 740]",3.26,3.306,NoOve,[Pretrained] CF NoOve,0.033,0,0.033,752,21,0.0,5,0.5699999999999998,0.04600000000000026,3.0
737,feature_0 > 0.26 AND feature_1 > 1.06 AND feature_1 > 1.463 AND feature_0 <= 0.557 AND feature_0 > 0.352,"{'feature_0': (0.352, 0.557), 'feature_1': (1.463, 3.852)}",2,2.602,5,[Pretrained] CF,"[468, 710, 734, 735]",2.4,2.38,NoOve,[Pretrained] CF NoOve,0.033,0,0.033,752,23,0.0,5,0.20199999999999996,0.020000000000000018,3.0
722,feature_0 > 0.26 AND feature_1 > 1.06 AND feature_1 <= 1.463 AND feature_0 > 0.763 AND feature_2 <= 0.453,"{'feature_0': (0.763, 3.845), 'feature_1': (1.06, 1.463), 'feature_2': (-3.74, 0.453)}",3,2.584,5,[Pretrained] CF,"[468, 710, 711, 721]",2.782,2.78,NoOve,[Pretrained] CF NoOve,0.033,0,0.033,752,40,0.0,5,0.19799999999999995,0.002000000000000224,3.0
729,feature_0 > 0.26 AND feature_1 > 1.06 AND feature_1 <= 1.463 AND feature_0 > 0.763 AND feature_2 > 0.453,"{'feature_0': (0.763, 3.845), 'feature_1': (1.06, 1.463), 'feature_2': (0.453, 4.02)}",3,2.374,5,[Pretrained] CF,"[468, 710, 711, 721]",2.685,2.729,NoOve,[Pretrained] CF NoOve,0.033,0,0.033,752,26,0.0,5,0.31099999999999994,0.04400000000000004,3.0
742,feature_0 > 0.26 AND feature_1 > 1.06 AND feature_1 > 1.463 AND feature_0 > 0.557 AND feature_2 <= 0.652 AND feature_7 <= -0.835,"{'feature_0': (0.557, 3.845), 'feature_1': (1.463, 3.852), 'feature_2': (-3.74, 0.652), 'feature_7': (-3.746, -0.835)}",4,2.959,6,[Pretrained] CF,"[468, 710, 734, 740, 741]",3.114,3.114,OptRes,[Pretrained] CF OptRes,0.008,0,0.008,752,40,0.06756756756756757,5,0.1549999999999998,0.0,3.0
748,feature_0 > 0.26 AND feature_1 > 1.06 AND feature_1 > 1.463 AND feature_0 > 0.557 AND feature_2 <= 0.652 AND feature_7 > -0.835 AND feature_0 > 0.767 AND feature_9 <= 0.059,"{'feature_0': (0.767, 3.845), 'feature_1': (1.463, 3.852), 'feature_2': (-3.74, 0.652), 'feature_7': (-0.835, 3.492), 'feature_9': (-3.581, 0.059)}",5,2.879,8,[Pretrained] CF,"[468, 710, 734, 740, 741, 745, 747]",3.155,3.155,OptRes,[Pretrained] CF OptRes,0.008,0,0.008,752,38,0.06418918918918919,5,0.2759999999999998,0.0,3.0
741,feature_0 > 0.26 AND feature_1 > 1.06 AND feature_1 > 1.463 AND feature_0 > 0.557 AND feature_2 <= 0.652,"{'feature_0': (0.557, 3.845), 'feature_1': (1.463, 3.852), 'feature_2': (-3.74, 0.652)}",3,2.846,5,[Pretrained] CF,"[468, 710, 734, 740]",3.064,3.064,OptRes,[Pretrained] CF OptRes,0.008,0,0.008,752,148,0.25,5,0.21799999999999997,0.0,3.0
749,feature_0 > 0.26 AND feature_1 > 1.06 AND feature_1 > 1.463 AND feature_0 > 0.557 AND feature_2 <= 0.652 AND feature_7 > -0.835 AND feature_0 > 0.767 AND feature_9 > 0.059,"{'feature_0': (0.767, 3.845), 'feature_1': (1.463, 3.852), 'feature_2': (-3.74, 0.652), 'feature_7': (-0.835, 3.492), 'feature_9': (0.059, 3.767)}",5,2.803,8,[Pretrained] CF,"[468, 710, 734, 740, 741, 745, 747]",3.309,3.309,OptRes,[Pretrained] CF OptRes,0.008,0,0.008,752,35,0.05912162162162162,5,0.5060000000000002,0.0,3.0
746,feature_0 > 0.26 AND feature_1 > 1.06 AND feature_1 > 1.463 AND feature_0 > 0.557 AND feature_2 <= 0.652 AND feature_7 > -0.835 AND feature_0 <= 0.767,"{'feature_0': (0.557, 0.767), 'feature_1': (1.463, 3.852), 'feature_2': (-3.74, 0.652), 'feature_7': (-0.835, 3.492)}",4,2.722,7,[Pretrained] CF,"[468, 710, 734, 740, 741, 745]",2.664,2.664,OptRes,[Pretrained] CF OptRes,0.008,0,0.008,752,35,0.05912162162162162,5,0.05799999999999983,0.0,3.0
752,feature_0 > 0.26 AND feature_1 > 1.06 AND feature_1 > 1.463 AND feature_0 > 0.557 AND feature_2 > 0.652 AND feature_1 > 1.686,"{'feature_0': (0.557, 3.845), 'feature_1': (1.686, 3.852), 'feature_2': (0.652, 4.02)}",3,2.72,6,[Pretrained] CF,"[468, 710, 734, 740, 750]",3.443,3.443,ResOve,[Pretrained] CF ResOve,0.06,0,0.06,752,32,0.0,5,0.7229999999999999,0.0,3.0
748,feature_0 > 0.26 AND feature_1 > 1.06 AND feature_1 > 1.463 AND feature_0 > 0.557 AND feature_2 <= 0.652 AND feature_7 > -0.835 AND feature_0 > 0.767 AND feature_9 <= 0.059,"{'feature_0': (0.767, 3.845), 'feature_1': (1.463, 3.852), 'feature_2': (-3.74, 0.652), 'feature_7': (-0.835, 3.492), 'feature_9': (-3.581, 0.059)}",5,2.879,8,[Pretrained] CF,"[468, 710, 734, 740, 741, 745, 747]",3.155,3.155,ResOve,[Pretrained] CF ResOve,0.06,0,0.06,752,38,0.0,5,0.2759999999999998,0.0,3.0
746,feature_0 > 0.26 AND feature_1 > 1.06 AND feature_1 > 1.463 AND feature_0 > 0.557 AND feature_2 <= 0.652 AND feature_7 > -0.835 AND feature_0 <= 0.767,"{'feature_0': (0.557, 0.767), 'feature_1': (1.463, 3.852), 'feature_2': (-3.74, 0.652), 'feature_7': (-0.835, 3.492)}",4,2.722,7,[Pretrained] CF,"[468, 710, 734, 740, 741, 745]",2.664,2.664,ResOve,[Pretrained] CF ResOve,0.06,0,0.06,752,35,0.0,5,0.05799999999999983,0.0,3.0
742,feature_0 > 0.26 AND feature_1 > 1.06 AND feature_1 > 1.463 AND feature_0 > 0.557 AND feature_2 <= 0.652 AND feature_7 <= -0.835,"{'feature_0': (0.557, 3.845), 'feature_1': (1.463, 3.852), 'feature_2': (-3.74, 0.652), 'feature_7': (-3.746, -0.835)}",4,2.959,6,[Pretrained] CF,"[468, 710, 734, 740, 741]",3.114,3.114,ResOve,[Pretrained] CF ResOve,0.06,0,0.06,752,40,0.0,5,0.1549999999999998,0.0,3.0
723,feature_0 > 0.26 AND feature_1 > 1.06 AND feature_1 <= 1.463 AND feature_0 > 0.763 AND feature_2 <= 0.453 AND feature_7 <= -0.169,"{'feature_0': (0.763, 3.845), 'feature_1': (1.06, 1.463), 'feature_2': (-3.74, 0.453), 'feature_7': (-3.746, -0.169)}",4,2.674,6,[Pretrained] CF,"[468, 710, 711, 721, 722]",2.878,2.878,ResOve,[Pretrained] CF ResOve,0.06,0,0.06,752,57,0.0,5,0.20400000000000018,0.0,3.0
742,feature_0 > 0.26 AND feature_1 > 1.06 AND feature_1 > 1.463 AND feature_0 > 0.557 AND feature_2 <= 0.652 AND feature_7 <= -0.835,"{'feature_0': (0.557, 3.845), 'feature_1': (1.463, 3.852), 'feature_2': (-3.74, 0.652), 'feature_7': (-3.746, -0.835)}",4,2.959,6,[Pretrained] CF,"[468, 710, 734, 740, 741]",3.114,3.114,NoOve,[Pretrained] CF NoOve,0.008,0,0.008,752,40,0.0,5,0.1549999999999998,0.0,3.0
745,feature_0 > 0.26 AND feature_1 > 1.06 AND feature_1 > 1.463 AND feature_0 > 0.557 AND feature_2 <= 0.652 AND feature_7 > -0.835,"{'feature_0': (0.557, 3.845), 'feature_1': (1.463, 3.852), 'feature_2': (-3.74, 0.652), 'feature_7': (-0.835, 3.492)}",4,2.804,6,[Pretrained] CF,"[468, 710, 734, 740, 741]",3.046,3.046,NoOve,[Pretrained] CF NoOve,0.008,0,0.008,752,108,0.0,5,0.242,0.0,3.0
752,feature_0 > 0.26 AND feature_1 > 1.06 AND feature_1 > 1.463 AND feature_0 > 0.557 AND feature_2 > 0.652 AND feature_1 > 1.686,"{'feature_0': (0.557, 3.845), 'feature_1': (1.686, 3.852), 'feature_2': (0.652, 4.02)}",3,2.72,6,[Pretrained] CF,"[468, 710, 734, 740, 750]",3.443,3.443,NoOve,[Pretrained] CF NoOve,0.008,0,0.008,752,32,0.0,5,0.7229999999999999,0.0,3.0
723,feature_0 > 0.26 AND feature_1 > 1.06 AND feature_1 <= 1.463 AND feature_0 > 0.763 AND feature_2 <= 0.453 AND feature_7 <= -0.169,"{'feature_0': (0.763, 3.845), 'feature_1': (1.06, 1.463), 'feature_2': (-3.74, 0.453), 'feature_7': (-3.746, -0.169)}",4,2.674,6,[Pretrained] CF,"[468, 710, 711, 721, 722]",2.878,2.878,NoOve,[Pretrained] CF NoOve,0.008,0,0.008,752,57,0.0,5,0.20400000000000018,0.0,3.0
739,feature_0 > 0.26 AND feature_1 > 1.06 AND feature_1 > 1.463 AND feature_0 <= 0.557 AND feature_0 > 0.352 AND feature_1 > 1.661,"{'feature_0': (0.352, 0.557), 'feature_1': (1.661, 3.852)}",2,2.668,6,[Pretrained] CF,"[468, 710, 734, 735, 737]",2.549,2.549,NoOve,[Pretrained] CF NoOve,0.008,0,0.008,752,30,0.0,5,0.11900000000000022,0.0,3.0
742,feature_0 > 0.26 AND feature_1 > 1.06 AND feature_1 > 1.463 AND feature_0 > 0.557 AND feature_2 <= 0.652 AND feature_7 <= -0.835,"{'feature_0': (0.557, 3.845), 'feature_1': (1.463, 3.852), 'feature_2': (-3.74, 0.652), 'feature_7': (-3.746, -0.835)}",4,2.959,6,[Pretrained] CF,"[468, 710, 734, 740, 741]",3.114,3.114,OptRes,[Pretrained] CF OptRes,0.008,0,0.008,752,40,0.06756756756756757,5,0.1549999999999998,0.0,3.0
748,feature_0 > 0.26 AND feature_1 > 1.06 AND feature_1 > 1.463 AND feature_0 > 0.557 AND feature_2 <= 0.652 AND feature_7 > -0.835 AND feature_0 > 0.767 AND feature_9 <= 0.059,"{'feature_0': (0.767, 3.845), 'feature_1': (1.463, 3.852), 'feature_2': (-3.74, 0.652), 'feature_7': (-0.835, 3.492), 'feature_9': (-3.581, 0.059)}",5,2.879,8,[Pretrained] CF,"[468, 710, 734, 740, 741, 745, 747]",3.155,3.107,OptRes,[Pretrained] CF OptRes,0.008,0,0.008,752,32,0.06418918918918919,5,0.2759999999999998,0.0479999999999996,3.0
741,feature_0 > 0.26 AND feature_1 > 1.06 AND feature_1 > 1.463 AND feature_0 > 0.557 AND feature_2 <= 0.652,"{'feature_0': (0.557, 3.845), 'feature_1': (1.463, 3.852), 'feature_2': (-3.74, 0.652)}",3,2.846,5,[Pretrained] CF,"[468, 710, 734, 740]",3.064,3.051,OptRes,[Pretrained] CF OptRes,0.008,0,0.008,752,127,0.25,5,0.21799999999999997,0.0129999999999999,3.0
749,feature_0 > 0.26 AND feature_1 > 1.06 AND feature_1 > 1.463 AND feature_0 > 0.557 AND feature_2 <= 0.652 AND feature_7 > -0.835 AND feature_0 > 0.767 AND feature_9 > 0.059,"{'feature_0': (0.767, 3.845), 'feature_1': (1.463, 3.852), 'feature_2': (-3.74, 0.652), 'feature_7': (-0.835, 3.492), 'feature_9': (0.059, 3.767)}",5,2.803,8,[Pretrained] CF,"[468, 710, 734, 740, 741, 745, 747]",3.309,3.306,OptRes,[Pretrained] CF OptRes,0.008,0,0.008,752,28,0.05912162162162162,5,0.5060000000000002,0.0030000000000001137,3.0
746,feature_0 > 0.26 AND feature_1 > 1.06 AND feature_1 > 1.463 AND feature_0 > 0.557 AND feature_2 <= 0.652 AND feature_7 > -0.835 AND feature_0 <= 0.767,"{'feature_0': (0.557, 0.767), 'feature_1': (1.463, 3.852), 'feature_2': (-3.74, 0.652), 'feature_7': (-0.835, 3.492)}",4,2.722,7,[Pretrained] CF,"[468, 710, 734, 740, 741, 745]",2.664,2.628,OptRes,[Pretrained] CF OptRes,0.008,0,0.008,752,27,0.05912162162162162,5,0.05799999999999983,0.03600000000000003,3.0
752,feature_0 > 0.26 AND feature_1 > 1.06 AND feature_1 > 1.463 AND feature_0 > 0.557 AND feature_2 > 0.652 AND feature_1 > 1.686,"{'feature_0': (0.557, 3.845), 'feature_1': (1.686, 3.852), 'feature_2': (0.652, 4.02)}",3,2.72,6,[Pretrained] CF,"[468, 710, 734, 740, 750]",3.443,3.5,ResOve,[Pretrained] CF ResOve,0.107,0,0.107,752,27,0.0,5,0.7229999999999999,0.05699999999999994,3.0
749,feature_0 > 0.26 AND feature_1 > 1.06 AND feature_1 > 1.463 AND feature_0 > 0.557 AND feature_2 <= 0.652 AND feature_7 > -0.835 AND feature_0 > 0.767 AND feature_9 > 0.059,"{'feature_0': (0.767, 3.845), 'feature_1': (1.463, 3.852), 'feature_2': (-3.74, 0.652), 'feature_7': (-0.835, 3.492), 'feature_9': (0.059, 3.767)}",5,2.803,8,[Pretrained] CF,"[468, 710, 734, 740, 741, 745, 747]",3.309,3.306,ResOve,[Pretrained] CF ResOve,0.107,0,0.107,752,28,0.0,5,0.5060000000000002,0.0030000000000001137,3.0
748,feature_0 > 0.26 AND feature_1 > 1.06 AND feature_1 > 1.463 AND feature_0 > 0.557 AND feature_2 <= 0.652 AND feature_7 > -0.835 AND feature_0 > 0.767 AND feature_9 <= 0.059,"{'feature_0': (0.767, 3.845), 'feature_1': (1.463, 3.852), 'feature_2': (-3.74, 0.652), 'feature_7': (-0.835, 3.492), 'feature_9': (-3.581, 0.059)}",5,2.879,8,[Pretrained] CF,"[468, 710, 734, 740, 741, 745, 747]",3.155,3.107,ResOve,[Pretrained] CF ResOve,0.107,0,0.107,752,32,0.0,5,0.2759999999999998,0.0479999999999996,3.0
742,feature_0 > 0.26 AND feature_1 > 1.06 AND feature_1 > 1.463 AND feature_0 > 0.557 AND feature_2 <= 0.652 AND feature_7 <= -0.835,"{'feature_0': (0.557, 3.845), 'feature_1': (1.463, 3.852), 'feature_2': (-3.74, 0.652), 'feature_7': (-3.746, -0.835)}",4,2.959,6,[Pretrained] CF,"[468, 710, 734, 740, 741]",3.114,3.114,ResOve,[Pretrained] CF ResOve,0.107,0,0.107,752,40,0.0,5,0.1549999999999998,0.0,3.0
723,feature_0 > 0.26 AND feature_1 > 1.06 AND feature_1 <= 1.463 AND feature_0 > 0.763 AND feature_2 <= 0.453 AND feature_7 <= -0.169,"{'feature_0': (0.763, 3.845), 'feature_1': (1.06, 1.463), 'feature_2': (-3.74, 0.453), 'feature_7': (-3.746, -0.169)}",4,2.674,6,[Pretrained] CF,"[468, 710, 711, 721, 722]",2.878,2.878,ResOve,[Pretrained] CF ResOve,0.107,0,0.107,752,57,0.0,5,0.20400000000000018,0.0,3.0
742,feature_0 > 0.26 AND feature_1 > 1.06 AND feature_1 > 1.463 AND feature_0 > 0.557 AND feature_2 <= 0.652 AND feature_7 <= -0.835,"{'feature_0': (0.557, 3.845), 'feature_1': (1.463, 3.852), 'feature_2': (-3.74, 0.652), 'feature_7': (-3.746, -0.835)}",4,2.959,6,[Pretrained] CF,"[468, 710, 734, 740, 741]",3.114,3.114,NoOve,[Pretrained] CF NoOve,0.012,0,0.012,752,40,0.0,5,0.1549999999999998,0.0,3.0
745,feature_0 > 0.26 AND feature_1 > 1.06 AND feature_1 > 1.463 AND feature_0 > 0.557 AND feature_2 <= 0.652 AND feature_7 > -0.835,"{'feature_0': (0.557, 3.845), 'feature_1': (1.463, 3.852), 'feature_2': (-3.74, 0.652), 'feature_7': (-0.835, 3.492)}",4,2.804,6,[Pretrained] CF,"[468, 710, 734, 740, 741]",3.046,3.023,NoOve,[Pretrained] CF NoOve,0.012,0,0.012,752,87,0.0,5,0.242,0.022999999999999687,3.0
752,feature_0 > 0.26 AND feature_1 > 1.06 AND feature_1 > 1.463 AND feature_0 > 0.557 AND feature_2 > 0.652 AND feature_1 > 1.686,"{'feature_0': (0.557, 3.845), 'feature_1': (1.686, 3.852), 'feature_2': (0.652, 4.02)}",3,2.72,6,[Pretrained] CF,"[468, 710, 734, 740, 750]",3.443,3.5,NoOve,[Pretrained] CF NoOve,0.012,0,0.012,752,27,0.0,5,0.7229999999999999,0.05699999999999994,3.0
723,feature_0 > 0.26 AND feature_1 > 1.06 AND feature_1 <= 1.463 AND feature_0 > 0.763 AND feature_2 <= 0.453 AND feature_7 <= -0.169,"{'feature_0': (0.763, 3.845), 'feature_1': (1.06, 1.463), 'feature_2': (-3.74, 0.453), 'feature_7': (-3.746, -0.169)}",4,2.674,6,[Pretrained] CF,"[468, 710, 711, 721, 722]",2.878,2.878,NoOve,[Pretrained] CF NoOve,0.012,0,0.012,752,57,0.0,5,0.20400000000000018,0.0,3.0
739,feature_0 > 0.26 AND feature_1 > 1.06 AND feature_1 > 1.463 AND feature_0 <= 0.557 AND feature_0 > 0.352 AND feature_1 > 1.661,"{'feature_0': (0.352, 0.557), 'feature_1': (1.661, 3.852)}",2,2.668,6,[Pretrained] CF,"[468, 710, 734, 735, 737]",2.549,2.551,NoOve,[Pretrained] CF NoOve,0.012,0,0.012,752,27,0.0,5,0.11900000000000022,0.002000000000000224,3.0
742,feature_0 > 0.26 AND feature_1 > 1.06 AND feature_1 > 1.463 AND feature_0 > 0.557 AND feature_2 <= 0.652 AND feature_7 <= -0.835,"{'feature_0': (0.557, 3.845), 'feature_1': (1.463, 3.852), 'feature_2': (-3.74, 0.652), 'feature_7': (-3.746, -0.835)}",4,2.959,6,[Pretrained] CF,"[468, 710, 734, 740, 741]",3.114,3.077,OptRes,[Pretrained] CF OptRes,0.008,0,0.008,752,33,0.06756756756756757,5,0.1549999999999998,0.03699999999999992,3.0
748,feature_0 > 0.26 AND feature_1 > 1.06 AND feature_1 > 1.463 AND feature_0 > 0.557 AND feature_2 <= 0.652 AND feature_7 > -0.835 AND feature_0 > 0.767 AND feature_9 <= 0.059,"{'feature_0': (0.767, 3.845), 'feature_1': (1.463, 3.852), 'feature_2': (-3.74, 0.652), 'feature_7': (-0.835, 3.492), 'feature_9': (-3.581, 0.059)}",5,2.879,8,[Pretrained] CF,"[468, 710, 734, 740, 741, 745, 747]",3.155,3.139,OptRes,[Pretrained] CF OptRes,0.008,0,0.008,752,31,0.06418918918918919,5,0.2759999999999998,0.016000000000000014,3.0
741,feature_0 > 0.26 AND feature_1 > 1.06 AND feature_1 > 1.463 AND feature_0 > 0.557 AND feature_2 <= 0.652,"{'feature_0': (0.557, 3.845), 'feature_1': (1.463, 3.852), 'feature_2': (-3.74, 0.652)}",3,2.846,5,[Pretrained] CF,"[468, 710, 734, 740]",3.064,3.052,OptRes,[Pretrained] CF OptRes,0.008,0,0.008,752,123,0.25,5,0.21799999999999997,0.01200000000000001,3.0
749,feature_0 > 0.26 AND feature_1 > 1.06 AND feature_1 > 1.463 AND feature_0 > 0.557 AND feature_2 <= 0.652 AND feature_7 > -0.835 AND feature_0 > 0.767 AND feature_9 > 0.059,"{'feature_0': (0.767, 3.845), 'feature_1': (1.463, 3.852), 'feature_2': (-3.74, 0.652), 'feature_7': (-0.835, 3.492), 'feature_9': (0.059, 3.767)}",5,2.803,8,[Pretrained] CF,"[468, 710, 734, 740, 741, 745, 747]",3.309,3.303,OptRes,[Pretrained] CF OptRes,0.008,0,0.008,752,30,0.05912162162162162,5,0.5060000000000002,0.006000000000000227,3.0
746,feature_0 > 0.26 AND feature_1 > 1.06 AND feature_1 > 1.463 AND feature_0 > 0.557 AND feature_2 <= 0.652 AND feature_7 > -0.835 AND feature_0 <= 0.767,"{'feature_0': (0.557, 0.767), 'feature_1': (1.463, 3.852), 'feature_2': (-3.74, 0.652), 'feature_7': (-0.835, 3.492)}",4,2.722,7,[Pretrained] CF,"[468, 710, 734, 740, 741, 745]",2.664,2.67,OptRes,[Pretrained] CF OptRes,0.008,0,0.008,752,29,0.05912162162162162,5,0.05799999999999983,0.005999999999999783,3.0
752,feature_0 > 0.26 AND feature_1 > 1.06 AND feature_1 > 1.463 AND feature_0 > 0.557 AND feature_2 > 0.652 AND feature_1 > 1.686,"{'feature_0': (0.557, 3.845), 'feature_1': (1.686, 3.852), 'feature_2': (0.652, 4.02)}",3,2.72,6,[Pretrained] CF,"[468, 710, 734, 740, 750]",3.443,3.474,ResOve,[Pretrained] CF ResOve,0.109,0,0.109,752,28,0.0,5,0.7229999999999999,0.03100000000000014,3.0
749,feature_0 > 0.26 AND feature_1 > 1.06 AND feature_1 > 1.463 AND feature_0 > 0.557 AND feature_2 <= 0.652 AND feature_7 > -0.835 AND feature_0 > 0.767 AND feature_9 > 0.059,"{'feature_0': (0.767, 3.845), 'feature_1': (1.463, 3.852), 'feature_2': (-3.74, 0.652), 'feature_7': (-0.835, 3.492), 'feature_9': (0.059, 3.767)}",5,2.803,8,[Pretrained] CF,"[468, 710, 734, 740, 741, 745, 747]",3.309,3.303,ResOve,[Pretrained] CF ResOve,0.109,0,0.109,752,30,0.0,5,0.5060000000000002,0.006000000000000227,3.0
748,feature_0 > 0.26 AND feature_1 > 1.06 AND feature_1 > 1.463 AND feature_0 > 0.557 AND feature_2 <= 0.652 AND feature_7 > -0.835 AND feature_0 > 0.767 AND feature_9 <= 0.059,"{'feature_0': (0.767, 3.845), 'feature_1': (1.463, 3.852), 'feature_2': (-3.74, 0.652), 'feature_7': (-0.835, 3.492), 'feature_9': (-3.581, 0.059)}",5,2.879,8,[Pretrained] CF,"[468, 710, 734, 740, 741, 745, 747]",3.155,3.139,ResOve,[Pretrained] CF ResOve,0.109,0,0.109,752,31,0.0,5,0.2759999999999998,0.016000000000000014,3.0
742,feature_0 > 0.26 AND feature_1 > 1.06 AND feature_1 > 1.463 AND feature_0 > 0.557 AND feature_2 <= 0.652 AND feature_7 <= -0.835,"{'feature_0': (0.557, 3.845), 'feature_1': (1.463, 3.852), 'feature_2': (-3.74, 0.652), 'feature_7': (-3.746, -0.835)}",4,2.959,6,[Pretrained] CF,"[468, 710, 734, 740, 741]",3.114,3.077,ResOve,[Pretrained] CF ResOve,0.109,0,0.109,752,33,0.0,5,0.1549999999999998,0.03699999999999992,3.0
723,feature_0 > 0.26 AND feature_1 > 1.06 AND feature_1 <= 1.463 AND feature_0 > 0.763 AND feature_2 <= 0.453 AND feature_7 <= -0.169,"{'feature_0': (0.763, 3.845), 'feature_1': (1.06, 1.463), 'feature_2': (-3.74, 0.453), 'feature_7': (-3.746, -0.169)}",4,2.674,6,[Pretrained] CF,"[468, 710, 711, 721, 722]",2.878,2.897,ResOve,[Pretrained] CF ResOve,0.109,0,0.109,752,46,0.0,5,0.20400000000000018,0.018999999999999684,3.0
742,feature_0 > 0.26 AND feature_1 > 1.06 AND feature_1 > 1.463 AND feature_0 > 0.557 AND feature_2 <= 0.652 AND feature_7 <= -0.835,"{'feature_0': (0.557, 3.845), 'feature_1': (1.463, 3.852), 'feature_2': (-3.74, 0.652), 'feature_7': (-3.746, -0.835)}",4,2.959,6,[Pretrained] CF,"[468, 710, 734, 740, 741]",3.114,3.077,NoOve,[Pretrained] CF NoOve,0.011,0,0.011,752,33,0.0,5,0.1549999999999998,0.03699999999999992,3.0
745,feature_0 > 0.26 AND feature_1 > 1.06 AND feature_1 > 1.463 AND feature_0 > 0.557 AND feature_2 <= 0.652 AND feature_7 > -0.835,"{'feature_0': (0.557, 3.845), 'feature_1': (1.463, 3.852), 'feature_2': (-3.74, 0.652), 'feature_7': (-0.835, 3.492)}",4,2.804,6,[Pretrained] CF,"[468, 710, 734, 740, 741]",3.046,3.043,NoOve,[Pretrained] CF NoOve,0.011,0,0.011,752,90,0.0,5,0.242,0.0029999999999996696,3.0
752,feature_0 > 0.26 AND feature_1 > 1.06 AND feature_1 > 1.463 AND feature_0 > 0.557 AND feature_2 > 0.652 AND feature_1 > 1.686,"{'feature_0': (0.557, 3.845), 'feature_1': (1.686, 3.852), 'feature_2': (0.652, 4.02)}",3,2.72,6,[Pretrained] CF,"[468, 710, 734, 740, 750]",3.443,3.474,NoOve,[Pretrained] CF NoOve,0.011,0,0.011,752,28,0.0,5,0.7229999999999999,0.03100000000000014,3.0
723,feature_0 > 0.26 AND feature_1 > 1.06 AND feature_1 <= 1.463 AND feature_0 > 0.763 AND feature_2 <= 0.453 AND feature_7 <= -0.169,"{'feature_0': (0.763, 3.845), 'feature_1': (1.06, 1.463), 'feature_2': (-3.74, 0.453), 'feature_7': (-3.746, -0.169)}",4,2.674,6,[Pretrained] CF,"[468, 710, 711, 721, 722]",2.878,2.897,NoOve,[Pretrained] CF NoOve,0.011,0,0.011,752,46,0.0,5,0.20400000000000018,0.018999999999999684,3.0
739,feature_0 > 0.26 AND feature_1 > 1.06 AND feature_1 > 1.463 AND feature_0 <= 0.557 AND feature_0 > 0.352 AND feature_1 > 1.661,"{'feature_0': (0.352, 0.557), 'feature_1': (1.661, 3.852)}",2,2.668,6,[Pretrained] CF,"[468, 710, 734, 735, 737]",2.549,2.549,NoOve,[Pretrained] CF NoOve,0.011,0,0.011,752,24,0.0,5,0.11900000000000022,0.0,3.0
741,feature_0 > 0.26 AND feature_1 > 1.06 AND feature_1 > 1.463 AND feature_0 > 0.557 AND feature_2 <= 0.652,"{'feature_0': (0.557, 3.845), 'feature_1': (1.463, 3.852), 'feature_2': (-3.74, 0.652)}",3,2.846,5,[Pretrained] CF,"[468, 710, 734, 740]",3.064,3.005,OptRes,[Pretrained] CF OptRes,0.005,0,0.005,752,71,0.12331081081081081,5,0.21799999999999997,0.05900000000000016,3.0
747,feature_0 > 0.26 AND feature_1 > 1.06 AND feature_1 > 1.463 AND feature_0 > 0.557 AND feature_2 <= 0.652 AND feature_7 > -0.835 AND feature_0 > 0.767,"{'feature_0': (0.767, 3.845), 'feature_1': (1.463, 3.852), 'feature_2': (-3.74, 0.652), 'feature_7': (-0.835, 3.492)}",4,2.842,7,[Pretrained] CF,"[468, 710, 734, 740, 741, 745]",3.229,3.229,OptRes,[Pretrained] CF OptRes,0.005,0,0.005,752,32,0.12331081081081081,5,0.387,0.0,3.0
750,feature_0 > 0.26 AND feature_1 > 1.06 AND feature_1 > 1.463 AND feature_0 > 0.557 AND feature_2 > 0.652,"{'feature_0': (0.557, 3.845), 'feature_1': (1.463, 3.852), 'feature_2': (0.652, 4.02)}",3,2.69,5,[Pretrained] CF,"[468, 710, 734, 740]",3.26,3.192,OptRes,[Pretrained] CF OptRes,0.005,0,0.005,752,22,0.0,5,0.5699999999999998,0.06799999999999962,3.0
723,feature_0 > 0.26 AND feature_1 > 1.06 AND feature_1 <= 1.463 AND feature_0 > 0.763 AND feature_2 <= 0.453 AND feature_7 <= -0.169,"{'feature_0': (0.763, 3.845), 'feature_1': (1.06, 1.463), 'feature_2': (-3.74, 0.453), 'feature_7': (-3.746, -0.169)}",4,2.674,6,[Pretrained] CF,"[468, 710, 711, 721, 722]",2.878,2.884,OptRes,[Pretrained] CF OptRes,0.005,0,0.005,752,27,0.0,5,0.20400000000000018,0.005999999999999783,3.0
737,feature_0 > 0.26 AND feature_1 > 1.06 AND feature_1 > 1.463 AND feature_0 <= 0.557 AND feature_0 > 0.352,"{'feature_0': (0.352, 0.557), 'feature_1': (1.463, 3.852)}",2,2.602,5,[Pretrained] CF,"[468, 710, 734, 735]",2.4,2.439,OptRes,[Pretrained] CF OptRes,0.005,0,0.005,752,21,0.0,5,0.20199999999999996,0.039000000000000146,3.0
750,feature_0 > 0.26 AND feature_1 > 1.06 AND feature_1 > 1.463 AND feature_0 > 0.557 AND feature_2 > 0.652,"{'feature_0': (0.557, 3.845), 'feature_1': (1.463, 3.852), 'feature_2': (0.652, 4.02)}",3,2.69,5,[Pretrained] CF,"[468, 710, 734, 740]",3.26,3.192,ResOve,[Pretrained] CF ResOve,0.121,0,0.121,752,22,0.0,5,0.5699999999999998,0.06799999999999962,3.0
747,feature_0 > 0.26 AND feature_1 > 1.06 AND feature_1 > 1.463 AND feature_0 > 0.557 AND feature_2 <= 0.652 AND feature_7 > -0.835 AND feature_0 > 0.767,"{'feature_0': (0.767, 3.845), 'feature_1': (1.463, 3.852), 'feature_2': (-3.74, 0.652), 'feature_7': (-0.835, 3.492)}",4,2.842,7,[Pretrained] CF,"[468, 710, 734, 740, 741, 745]",3.229,3.229,ResOve,[Pretrained] CF ResOve,0.121,0,0.121,752,32,0.12331081081081081,5,0.387,0.0,3.0
741,feature_0 > 0.26 AND feature_1 > 1.06 AND feature_1 > 1.463 AND feature_0 > 0.557 AND feature_2 <= 0.652,"{'feature_0': (0.557, 3.845), 'feature_1': (1.463, 3.852), 'feature_2': (-3.74, 0.652)}",3,2.846,5,[Pretrained] CF,"[468, 710, 734, 740]",3.064,3.005,ResOve,[Pretrained] CF ResOve,0.121,0,0.121,752,71,0.12331081081081081,5,0.21799999999999997,0.05900000000000016,3.0
737,feature_0 > 0.26 AND feature_1 > 1.06 AND feature_1 > 1.463 AND feature_0 <= 0.557 AND feature_0 > 0.352,"{'feature_0': (0.352, 0.557), 'feature_1': (1.463, 3.852)}",2,2.602,5,[Pretrained] CF,"[468, 710, 734, 735]",2.4,2.439,ResOve,[Pretrained] CF ResOve,0.121,0,0.121,752,21,0.0,5,0.20199999999999996,0.039000000000000146,3.0
723,feature_0 > 0.26 AND feature_1 > 1.06 AND feature_1 <= 1.463 AND feature_0 > 0.763 AND feature_2 <= 0.453 AND feature_7 <= -0.169,"{'feature_0': (0.763, 3.845), 'feature_1': (1.06, 1.463), 'feature_2': (-3.74, 0.453), 'feature_7': (-3.746, -0.169)}",4,2.674,6,[Pretrained] CF,"[468, 710, 711, 721, 722]",2.878,2.884,ResOve,[Pretrained] CF ResOve,0.121,0,0.121,752,27,0.0,5,0.20400000000000018,0.005999999999999783,3.0
741,feature_0 > 0.26 AND feature_1 > 1.06 AND feature_1 > 1.463 AND feature_0 > 0.557 AND feature_2 <= 0.652,"{'feature_0': (0.557, 3.845), 'feature_1': (1.463, 3.852), 'feature_2': (-3.74, 0.652)}",3,2.846,5,[Pretrained] CF,"[468, 710, 734, 740]",3.064,3.005,NoOve,[Pretrained] CF NoOve,0.029,0,0.029,752,71,0.0,5,0.21799999999999997,0.05900000000000016,3.0
750,feature_0 > 0.26 AND feature_1 > 1.06 AND feature_1 > 1.463 AND feature_0 > 0.557 AND feature_2 > 0.652,"{'feature_0': (0.557, 3.845), 'feature_1': (1.463, 3.852), 'feature_2': (0.652, 4.02)}",3,2.69,5,[Pretrained] CF,"[468, 710, 734, 740]",3.26,3.192,NoOve,[Pretrained] CF NoOve,0.029,0,0.029,752,22,0.0,5,0.5699999999999998,0.06799999999999962,3.0
737,feature_0 > 0.26 AND feature_1 > 1.06 AND feature_1 > 1.463 AND feature_0 <= 0.557 AND feature_0 > 0.352,"{'feature_0': (0.352, 0.557), 'feature_1': (1.463, 3.852)}",2,2.602,5,[Pretrained] CF,"[468, 710, 734, 735]",2.4,2.439,NoOve,[Pretrained] CF NoOve,0.029,0,0.029,752,21,0.0,5,0.20199999999999996,0.039000000000000146,3.0
722,feature_0 > 0.26 AND feature_1 > 1.06 AND feature_1 <= 1.463 AND feature_0 > 0.763 AND feature_2 <= 0.453,"{'feature_0': (0.763, 3.845), 'feature_1': (1.06, 1.463), 'feature_2': (-3.74, 0.453)}",3,2.584,5,[Pretrained] CF,"[468, 710, 711, 721]",2.782,2.808,NoOve,[Pretrained] CF NoOve,0.029,0,0.029,752,53,0.0,5,0.19799999999999995,0.0259999999999998,3.0
729,feature_0 > 0.26 AND feature_1 > 1.06 AND feature_1 <= 1.463 AND feature_0 > 0.763 AND feature_2 > 0.453,"{'feature_0': (0.763, 3.845), 'feature_1': (1.06, 1.463), 'feature_2': (0.453, 4.02)}",3,2.374,5,[Pretrained] CF,"[468, 710, 711, 721]",2.685,2.624,NoOve,[Pretrained] CF NoOve,0.029,0,0.029,752,34,0.0,5,0.31099999999999994,0.06099999999999994,3.0
741,feature_0 > 0.26 AND feature_1 > 1.06 AND feature_1 > 1.463 AND feature_0 > 0.557 AND feature_2 <= 0.652,"{'feature_0': (0.557, 3.845), 'feature_1': (1.463, 3.852), 'feature_2': (-3.74, 0.652)}",3,2.846,5,[Pretrained] CF,"[468, 710, 734, 740]",3.064,3.005,OptRes,[Pretrained] CF OptRes,0.009,0,0.009,752,42,0.06502636203866433,5,0.21799999999999997,0.05900000000000016,3.0
722,feature_0 > 0.26 AND feature_1 > 1.06 AND feature_1 <= 1.463 AND feature_0 > 0.763 AND feature_2 <= 0.453,"{'feature_0': (0.763, 3.845), 'feature_1': (1.06, 1.463), 'feature_2': (-3.74, 0.453)}",3,2.584,5,[Pretrained] CF,"[468, 710, 711, 721]",2.782,2.887,OptRes,[Pretrained] CF OptRes,0.009,0,0.009,752,25,0.04745166959578207,5,0.19799999999999995,0.10499999999999998,3.0
710,feature_0 > 0.26 AND feature_1 > 1.06,"{'feature_0': (0.26, 3.845), 'feature_1': (1.06, 3.852)}",2,2.521,2,[Pretrained] CF,[468],2.66,2.624,OptRes,[Pretrained] CF OptRes,0.009,0,0.009,752,161,0.17135325131810192,5,0.13900000000000023,0.03600000000000003,3.0
735,feature_0 > 0.26 AND feature_1 > 1.06 AND feature_1 > 1.463 AND feature_0 <= 0.557,"{'feature_0': (0.26, 0.557), 'feature_1': (1.463, 3.852)}",2,2.508,4,[Pretrained] CF,"[468, 710, 734]",2.357,2.272,OptRes,[Pretrained] CF OptRes,0.009,0,0.009,752,22,0.03163444639718805,5,0.1509999999999998,0.08500000000000041,3.0
729,feature_0 > 0.26 AND feature_1 > 1.06 AND feature_1 <= 1.463 AND feature_0 > 0.763 AND feature_2 > 0.453,"{'feature_0': (0.763, 3.845), 'feature_1': (1.06, 1.463), 'feature_2': (0.453, 4.02)}",3,2.374,5,[Pretrained] CF,"[468, 710, 711, 721]",2.685,2.66,OptRes,[Pretrained] CF OptRes,0.009,0,0.009,752,24,0.027240773286467488,5,0.31099999999999994,0.02499999999999991,3.0
745,feature_0 > 0.26 AND feature_1 > 1.06 AND feature_1 > 1.463 AND feature_0 > 0.557 AND feature_2 <= 0.652 AND feature_7 > -0.835,"{'feature_0': (0.557, 3.845), 'feature_1': (1.463, 3.852), 'feature_2': (-3.74, 0.652), 'feature_7': (-0.835, 3.492)}",4,2.804,6,[Pretrained] CF,"[468, 710, 734, 740, 741]",3.046,2.983,ResOve,[Pretrained] CF ResOve,0.133,0,0.133,752,29,0.3167607906413876,5,0.242,0.06299999999999972,3.0
735,feature_0 > 0.26 AND feature_1 > 1.06 AND feature_1 > 1.463 AND feature_0 <= 0.557,"{'feature_0': (0.26, 0.557), 'feature_1': (1.463, 3.852)}",2,2.508,4,[Pretrained] CF,"[468, 710, 734]",2.357,2.272,ResOve,[Pretrained] CF ResOve,0.133,0,0.133,752,22,0.0,5,0.1509999999999998,0.08500000000000041,3.0
722,feature_0 > 0.26 AND feature_1 > 1.06 AND feature_1 <= 1.463 AND feature_0 > 0.763 AND feature_2 <= 0.453,"{'feature_0': (0.763, 3.845), 'feature_1': (1.06, 1.463), 'feature_2': (-3.74, 0.453)}",3,2.584,5,[Pretrained] CF,"[468, 710, 711, 721]",2.782,2.887,ResOve,[Pretrained] CF ResOve,0.133,0,0.133,752,25,0.0,5,0.19799999999999995,0.10499999999999998,3.0
741,feature_0 > 0.26 AND feature_1 > 1.06 AND feature_1 > 1.463 AND feature_0 > 0.557 AND feature_2 <= 0.652,"{'feature_0': (0.557, 3.845), 'feature_1': (1.463, 3.852), 'feature_2': (-3.74, 0.652)}",3,2.846,5,[Pretrained] CF,"[468, 710, 734, 740]",3.064,3.005,ResOve,[Pretrained] CF ResOve,0.133,0,0.133,752,42,0.36651203442248215,5,0.21799999999999997,0.05900000000000016,3.0
740,feature_0 > 0.26 AND feature_1 > 1.06 AND feature_1 > 1.463 AND feature_0 > 0.557,"{'feature_0': (0.557, 3.845), 'feature_1': (1.463, 3.852)}",2,2.805,4,[Pretrained] CF,"[468, 710, 734]",3.116,3.079,ResOve,[Pretrained] CF ResOve,0.133,0,0.133,752,51,0.31840796019900497,5,0.31099999999999994,0.03699999999999992,3.0
741,feature_0 > 0.26 AND feature_1 > 1.06 AND feature_1 > 1.463 AND feature_0 > 0.557 AND feature_2 <= 0.652,"{'feature_0': (0.557, 3.845), 'feature_1': (1.463, 3.852), 'feature_2': (-3.74, 0.652)}",3,2.846,5,[Pretrained] CF,"[468, 710, 734, 740]",3.064,3.005,NoOve,[Pretrained] CF NoOve,0.048,0,0.048,752,42,0.0,5,0.21799999999999997,0.05900000000000016,3.0
722,feature_0 > 0.26 AND feature_1 > 1.06 AND feature_1 <= 1.463 AND feature_0 > 0.763 AND feature_2 <= 0.453,"{'feature_0': (0.763, 3.845), 'feature_1': (1.06, 1.463), 'feature_2': (-3.74, 0.453)}",3,2.584,5,[Pretrained] CF,"[468, 710, 711, 721]",2.782,2.887,NoOve,[Pretrained] CF NoOve,0.048,0,0.048,752,25,0.0,5,0.19799999999999995,0.10499999999999998,3.0
729,feature_0 > 0.26 AND feature_1 > 1.06 AND feature_1 <= 1.463 AND feature_0 > 0.763 AND feature_2 > 0.453,"{'feature_0': (0.763, 3.845), 'feature_1': (1.06, 1.463), 'feature_2': (0.453, 4.02)}",3,2.374,5,[Pretrained] CF,"[468, 710, 711, 721]",2.685,2.66,NoOve,[Pretrained] CF NoOve,0.048,0,0.048,752,24,0.0,5,0.31099999999999994,0.02499999999999991,3.0
693,feature_0 > 0.26 AND feature_1 <= 1.06 AND feature_0 > 0.8 AND feature_1 > 0.12 AND feature_0 > 1.421,"{'feature_0': (1.421, 3.845), 'feature_1': (0.12, 1.06)}",2,2.215,5,[Pretrained] CF,"[468, 469, 583, 659]",2.881,2.92,NoOve,[Pretrained] CF NoOve,0.048,0,0.048,752,76,0.0,5,0.6659999999999999,0.039000000000000146,3.0
714,feature_0 > 0.26 AND feature_1 > 1.06 AND feature_1 <= 1.463 AND feature_0 <= 0.763 AND feature_0 > 0.334,"{'feature_0': (0.334, 0.763), 'feature_1': (1.06, 1.463)}",2,2.186,5,[Pretrained] CF,"[468, 710, 711, 712]",2.039,2.075,NoOve,[Pretrained] CF NoOve,0.048,0,0.048,752,34,0.0,5,0.1469999999999998,0.03600000000000003,3.0
741,feature_0 > 0.26 AND feature_1 > 1.06 AND feature_1 > 1.463 AND feature_0 > 0.557 AND feature_2 <= 0.652,"{'feature_0': (0.557, 3.845), 'feature_1': (1.463, 3.852), 'feature_2': (-3.74, 0.652)}",3,2.846,5,[Pretrained] CF,"[468, 710, 734, 740]",3.064,3.058,OptRes,[Pretrained] CF OptRes,0.006,0,0.006,752,58,0.18243243243243243,5,0.21799999999999997,0.006000000000000227,3.0
747,feature_0 > 0.26 AND feature_1 > 1.06 AND feature_1 > 1.463 AND feature_0 > 0.557 AND feature_2 <= 0.652 AND feature_7 > -0.835 AND feature_0 > 0.767,"{'feature_0': (0.767, 3.845), 'feature_1': (1.463, 3.852), 'feature_2': (-3.74, 0.652), 'feature_7': (-0.835, 3.492)}",4,2.842,7,[Pretrained] CF,"[468, 710, 734, 740, 741, 745]",3.229,3.282,OptRes,[Pretrained] CF OptRes,0.006,0,0.006,752,36,0.12331081081081081,5,0.387,0.052999999999999936,3.0
746,feature_0 > 0.26 AND feature_1 > 1.06 AND feature_1 > 1.463 AND feature_0 > 0.557 AND feature_2 <= 0.652 AND feature_7 > -0.835 AND feature_0 <= 0.767,"{'feature_0': (0.557, 0.767), 'feature_1': (1.463, 3.852), 'feature_2': (-3.74, 0.652), 'feature_7': (-0.835, 3.492)}",4,2.722,7,[Pretrained] CF,"[468, 710, 734, 740, 741, 745]",2.664,2.691,OptRes,[Pretrained] CF OptRes,0.006,0,0.006,752,22,0.05912162162162162,5,0.05799999999999983,0.02699999999999969,3.0
750,feature_0 > 0.26 AND feature_1 > 1.06 AND feature_1 > 1.463 AND feature_0 > 0.557 AND feature_2 > 0.652,"{'feature_0': (0.557, 3.845), 'feature_1': (1.463, 3.852), 'feature_2': (0.652, 4.02)}",3,2.69,5,[Pretrained] CF,"[468, 710, 734, 740]",3.26,3.196,OptRes,[Pretrained] CF OptRes,0.006,0,0.006,752,26,0.0,5,0.5699999999999998,0.06399999999999961,3.0
737,feature_0 > 0.26 AND feature_1 > 1.06 AND feature_1 > 1.463 AND feature_0 <= 0.557 AND feature_0 > 0.352,"{'feature_0': (0.352, 0.557), 'feature_1': (1.463, 3.852)}",2,2.602,5,[Pretrained] CF,"[468, 710, 734, 735]",2.4,2.36,OptRes,[Pretrained] CF OptRes,0.006,0,0.006,752,29,0.0,5,0.20199999999999996,0.040000000000000036,3.0
750,feature_0 > 0.26 AND feature_1 > 1.06 AND feature_1 > 1.463 AND feature_0 > 0.557 AND feature_2 > 0.652,"{'feature_0': (0.557, 3.845), 'feature_1': (1.463, 3.852), 'feature_2': (0.652, 4.02)}",3,2.69,5,[Pretrained] CF,"[468, 710, 734, 740]",3.26,3.196,ResOve,[Pretrained] CF ResOve,0.128,0,0.128,752,26,0.0,5,0.5699999999999998,0.06399999999999961,3.0
747,feature_0 > 0.26 AND feature_1 > 1.06 AND feature_1 > 1.463 AND feature_0 > 0.557 AND feature_2 <= 0.652 AND feature_7 > -0.835 AND feature_0 > 0.767,"{'feature_0': (0.767, 3.845), 'feature_1': (1.463, 3.852), 'feature_2': (-3.74, 0.652), 'feature_7': (-0.835, 3.492)}",4,2.842,7,[Pretrained] CF,"[468, 710, 734, 740, 741, 745]",3.229,3.282,ResOve,[Pretrained] CF ResOve,0.128,0,0.128,752,36,0.12331081081081081,5,0.387,0.052999999999999936,3.0
746,feature_0 > 0.26 AND feature_1 > 1.06 AND feature_1 > 1.463 AND feature_0 > 0.557 AND feature_2 <= 0.652 AND feature_7 > -0.835 AND feature_0 <= 0.767,"{'feature_0': (0.557, 0.767), 'feature_1': (1.463, 3.852), 'feature_2': (-3.74, 0.652), 'feature_7': (-0.835, 3.492)}",4,2.722,7,[Pretrained] CF,"[468, 710, 734, 740, 741, 745]",2.664,2.691,ResOve,[Pretrained] CF ResOve,0.128,0,0.128,752,22,0.05912162162162162,5,0.05799999999999983,0.02699999999999969,3.0
741,feature_0 > 0.26 AND feature_1 > 1.06 AND feature_1 > 1.463 AND feature_0 > 0.557 AND feature_2 <= 0.652,"{'feature_0': (0.557, 3.845), 'feature_1': (1.463, 3.852), 'feature_2': (-3.74, 0.652)}",3,2.846,5,[Pretrained] CF,"[468, 710, 734, 740]",3.064,3.058,ResOve,[Pretrained] CF ResOve,0.128,0,0.128,752,58,0.18243243243243243,5,0.21799999999999997,0.006000000000000227,3.0
737,feature_0 > 0.26 AND feature_1 > 1.06 AND feature_1 > 1.463 AND feature_0 <= 0.557 AND feature_0 > 0.352,"{'feature_0': (0.352, 0.557), 'feature_1': (1.463, 3.852)}",2,2.602,5,[Pretrained] CF,"[468, 710, 734, 735]",2.4,2.36,ResOve,[Pretrained] CF ResOve,0.128,0,0.128,752,29,0.0,5,0.20199999999999996,0.040000000000000036,3.0
741,feature_0 > 0.26 AND feature_1 > 1.06 AND feature_1 > 1.463 AND feature_0 > 0.557 AND feature_2 <= 0.652,"{'feature_0': (0.557, 3.845), 'feature_1': (1.463, 3.852), 'feature_2': (-3.74, 0.652)}",3,2.846,5,[Pretrained] CF,"[468, 710, 734, 740]",3.064,3.058,NoOve,[Pretrained] CF NoOve,0.027,0,0.027,752,58,0.0,5,0.21799999999999997,0.006000000000000227,3.0
750,feature_0 > 0.26 AND feature_1 > 1.06 AND feature_1 > 1.463 AND feature_0 > 0.557 AND feature_2 > 0.652,"{'feature_0': (0.557, 3.845), 'feature_1': (1.463, 3.852), 'feature_2': (0.652, 4.02)}",3,2.69,5,[Pretrained] CF,"[468, 710, 734, 740]",3.26,3.196,NoOve,[Pretrained] CF NoOve,0.027,0,0.027,752,26,0.0,5,0.5699999999999998,0.06399999999999961,3.0
737,feature_0 > 0.26 AND feature_1 > 1.06 AND feature_1 > 1.463 AND feature_0 <= 0.557 AND feature_0 > 0.352,"{'feature_0': (0.352, 0.557), 'feature_1': (1.463, 3.852)}",2,2.602,5,[Pretrained] CF,"[468, 710, 734, 735]",2.4,2.36,NoOve,[Pretrained] CF NoOve,0.027,0,0.027,752,29,0.0,5,0.20199999999999996,0.040000000000000036,3.0
722,feature_0 > 0.26 AND feature_1 > 1.06 AND feature_1 <= 1.463 AND feature_0 > 0.763 AND feature_2 <= 0.453,"{'feature_0': (0.763, 3.845), 'feature_1': (1.06, 1.463), 'feature_2': (-3.74, 0.453)}",3,2.584,5,[Pretrained] CF,"[468, 710, 711, 721]",2.782,2.678,NoOve,[Pretrained] CF NoOve,0.027,0,0.027,752,41,0.0,5,0.19799999999999995,0.10400000000000009,3.0
729,feature_0 > 0.26 AND feature_1 > 1.06 AND feature_1 <= 1.463 AND feature_0 > 0.763 AND feature_2 > 0.453,"{'feature_0': (0.763, 3.845), 'feature_1': (1.06, 1.463), 'feature_2': (0.453, 4.02)}",3,2.374,5,[Pretrained] CF,"[468, 710, 711, 721]",2.685,2.737,NoOve,[Pretrained] CF NoOve,0.027,0,0.027,752,31,0.0,5,0.31099999999999994,0.052000000000000046,3.0
741,feature_0 > 0.26 AND feature_1 > 1.06 AND feature_1 > 1.463 AND feature_0 > 0.557 AND feature_2 <= 0.652,"{'feature_0': (0.557, 3.845), 'feature_1': (1.463, 3.852), 'feature_2': (-3.74, 0.652)}",3,2.846,5,[Pretrained] CF,"[468, 710, 734, 740]",3.064,3.0,OptRes,[Pretrained] CF OptRes,0.008,0,0.008,752,66,0.18833717284947515,5,0.21799999999999997,0.06400000000000006,3.0
747,feature_0 > 0.26 AND feature_1 > 1.06 AND feature_1 > 1.463 AND feature_0 > 0.557 AND feature_2 <= 0.652 AND feature_7 > -0.835 AND feature_0 > 0.767,"{'feature_0': (0.767, 3.845), 'feature_1': (1.463, 3.852), 'feature_2': (-3.74, 0.652), 'feature_7': (-0.835, 3.492)}",4,2.842,7,[Pretrained] CF,"[468, 710, 734, 740, 741, 745]",3.229,3.221,OptRes,[Pretrained] CF OptRes,0.008,0,0.008,752,30,0.15538462451907092,5,0.387,0.008000000000000007,3.0
723,feature_0 > 0.26 AND feature_1 > 1.06 AND feature_1 <= 1.463 AND feature_0 > 0.763 AND feature_2 <= 0.453 AND feature_7 <= -0.169,"{'feature_0': (0.763, 3.845), 'feature_1': (1.06, 1.463), 'feature_2': (-3.74, 0.453), 'feature_7': (-3.746, -0.169)}",4,2.674,6,[Pretrained] CF,"[468, 710, 711, 721, 722]",2.878,2.939,OptRes,[Pretrained] CF OptRes,0.008,0,0.008,752,24,0.1088674661428719,5,0.20400000000000018,0.06099999999999994,3.0
710,feature_0 > 0.26 AND feature_1 > 1.06,"{'feature_0': (0.26, 3.845), 'feature_1': (1.06, 3.852)}",2,2.521,2,[Pretrained] CF,[468],2.66,2.648,OptRes,[Pretrained] CF OptRes,0.008,0,0.008,752,245,0.1968365553602812,5,0.13900000000000023,0.01200000000000001,3.0
721,feature_0 > 0.26 AND feature_1 > 1.06 AND feature_1 <= 1.463 AND feature_0 > 0.763,"{'feature_0': (0.763, 3.845), 'feature_1': (1.06, 1.463)}",2,2.508,4,[Pretrained] CF,"[468, 710, 711]",2.747,2.775,OptRes,[Pretrained] CF OptRes,0.008,0,0.008,752,76,0.15851597229401426,5,0.23899999999999988,0.028000000000000025,3.0
747,feature_0 > 0.26 AND feature_1 > 1.06 AND feature_1 > 1.463 AND feature_0 > 0.557 AND feature_2 <= 0.652 AND feature_7 > -0.835 AND feature_0 > 0.767,"{'feature_0': (0.767, 3.845), 'feature_1': (1.463, 3.852), 'feature_2': (-3.74, 0.652), 'feature_7': (-0.835, 3.492)}",4,2.842,7,[Pretrained] CF,"[468, 710, 734, 740, 741, 745]",3.229,3.221,ResOve,[Pretrained] CF ResOve,0.122,0,0.122,752,30,0.09079601990049752,5,0.387,0.008000000000000007,3.0
740,feature_0 > 0.26 AND feature_1 > 1.06 AND feature_1 > 1.463 AND feature_0 > 0.557,"{'feature_0': (0.557, 3.845), 'feature_1': (1.463, 3.852)}",2,2.805,4,[Pretrained] CF,"[468, 710, 734]",3.116,3.052,ResOve,[Pretrained] CF ResOve,0.122,0,0.122,752,85,0.09079601990049752,5,0.31099999999999994,0.06400000000000006,3.0
735,feature_0 > 0.26 AND feature_1 > 1.06 AND feature_1 > 1.463 AND feature_0 <= 0.557,"{'feature_0': (0.26, 0.557), 'feature_1': (1.463, 3.852)}",2,2.508,4,[Pretrained] CF,"[468, 710, 734]",2.357,2.344,ResOve,[Pretrained] CF ResOve,0.122,0,0.122,752,29,0.0,5,0.1509999999999998,0.013000000000000345,3.0
726,feature_0 > 0.26 AND feature_1 > 1.06 AND feature_1 <= 1.463 AND feature_0 > 0.763 AND feature_2 <= 0.453 AND feature_7 > -0.169,"{'feature_0': (0.763, 3.845), 'feature_1': (1.06, 1.463), 'feature_2': (-3.74, 0.453), 'feature_7': (-0.169, 3.492)}",4,2.484,6,[Pretrained] CF,"[468, 710, 711, 721, 722]",2.676,2.787,ResOve,[Pretrained] CF ResOve,0.122,0,0.122,752,21,0.0,5,0.19200000000000017,0.11099999999999977,3.0
723,feature_0 > 0.26 AND feature_1 > 1.06 AND feature_1 <= 1.463 AND feature_0 > 0.763 AND feature_2 <= 0.453 AND feature_7 <= -0.169,"{'feature_0': (0.763, 3.845), 'feature_1': (1.06, 1.463), 'feature_2': (-3.74, 0.453), 'feature_7': (-3.746, -0.169)}",4,2.674,6,[Pretrained] CF,"[468, 710, 711, 721, 722]",2.878,2.939,ResOve,[Pretrained] CF ResOve,0.122,0,0.122,752,24,0.0,5,0.20400000000000018,0.06099999999999994,3.0
745,feature_0 > 0.26 AND feature_1 > 1.06 AND feature_1 > 1.463 AND feature_0 > 0.557 AND feature_2 <= 0.652 AND feature_7 > -0.835,"{'feature_0': (0.557, 3.845), 'feature_1': (1.463, 3.852), 'feature_2': (-3.74, 0.652), 'feature_7': (-0.835, 3.492)}",4,2.804,6,[Pretrained] CF,"[468, 710, 734, 740, 741]",3.046,2.988,NoOve,[Pretrained] CF NoOve,0.032,0,0.032,752,48,0.0,5,0.242,0.05799999999999983,3.0
723,feature_0 > 0.26 AND feature_1 > 1.06 AND feature_1 <= 1.463 AND feature_0 > 0.763 AND feature_2 <= 0.453 AND feature_7 <= -0.169,"{'feature_0': (0.763, 3.845), 'feature_1': (1.06, 1.463), 'feature_2': (-3.74, 0.453), 'feature_7': (-3.746, -0.169)}",4,2.674,6,[Pretrained] CF,"[468, 710, 711, 721, 722]",2.878,2.939,NoOve,[Pretrained] CF NoOve,0.032,0,0.032,752,24,0.0,5,0.20400000000000018,0.06099999999999994,3.0
726,feature_0 > 0.26 AND feature_1 > 1.06 AND feature_1 <= 1.463 AND feature_0 > 0.763 AND feature_2 <= 0.453 AND feature_7 > -0.169,"{'feature_0': (0.763, 3.845), 'feature_1': (1.06, 1.463), 'feature_2': (-3.74, 0.453), 'feature_7': (-0.169, 3.492)}",4,2.484,6,[Pretrained] CF,"[468, 710, 711, 721, 722]",2.676,2.787,NoOve,[Pretrained] CF NoOve,0.032,0,0.032,752,21,0.0,5,0.19200000000000017,0.11099999999999977,3.0
731,feature_0 > 0.26 AND feature_1 > 1.06 AND feature_1 <= 1.463 AND feature_0 > 0.763 AND feature_2 > 0.453 AND feature_1 > 1.167,"{'feature_0': (0.763, 3.845), 'feature_1': (1.167, 1.463), 'feature_2': (0.453, 4.02)}",3,2.423,6,[Pretrained] CF,"[468, 710, 711, 721, 729]",2.739,2.707,NoOve,[Pretrained] CF NoOve,0.032,0,0.032,752,21,0.0,5,0.31599999999999984,0.03200000000000003,3.0
703,feature_0 > 0.26 AND feature_1 <= 1.06 AND feature_0 > 0.8 AND feature_1 > 0.12 AND feature_0 > 1.421 AND feature_4 > 0.123,"{'feature_0': (1.421, 3.845), 'feature_1': (0.12, 1.06), 'feature_4': (0.123, 3.804)}",3,2.337,6,[Pretrained] CF,"[468, 469, 583, 659, 693]",2.834,2.855,NoOve,[Pretrained] CF NoOve,0.032,0,0.032,752,51,0.0,5,0.4969999999999999,0.020999999999999908,3.0
742,feature_0 > 0.26 AND feature_1 > 1.06 AND feature_1 > 1.463 AND feature_0 > 0.557 AND feature_2 <= 0.652 AND feature_7 <= -0.835,"{'feature_0': (0.557, 3.845), 'feature_1': (1.463, 3.852), 'feature_2': (-3.74, 0.652), 'feature_7': (-3.746, -0.835)}",4,2.959,6,[Pretrained] CF,"[468, 710, 734, 740, 741]",3.114,3.142,OptRes,[Pretrained] CF OptRes,0.006,0,0.006,752,23,0.06756756756756757,5,0.1549999999999998,0.028000000000000025,3.0
741,feature_0 > 0.26 AND feature_1 > 1.06 AND feature_1 > 1.463 AND feature_0 > 0.557 AND feature_2 <= 0.652,"{'feature_0': (0.557, 3.845), 'feature_1': (1.463, 3.852), 'feature_2': (-3.74, 0.652)}",3,2.846,5,[Pretrained] CF,"[468, 710, 734, 740]",3.064,3.034,OptRes,[Pretrained] CF OptRes,0.006,0,0.006,752,77,0.25,5,0.21799999999999997,0.03000000000000025,3.0
747,feature_0 > 0.26 AND feature_1 > 1.06 AND feature_1 > 1.463 AND feature_0 > 0.557 AND feature_2 <= 0.652 AND feature_7 > -0.835 AND feature_0 > 0.767,"{'feature_0': (0.767, 3.845), 'feature_1': (1.463, 3.852), 'feature_2': (-3.74, 0.652), 'feature_7': (-0.835, 3.492)}",4,2.842,7,[Pretrained] CF,"[468, 710, 734, 740, 741, 745]",3.229,3.174,OptRes,[Pretrained] CF OptRes,0.006,0,0.006,752,33,0.12331081081081081,5,0.387,0.05500000000000016,3.0
746,feature_0 > 0.26 AND feature_1 > 1.06 AND feature_1 > 1.463 AND feature_0 > 0.557 AND feature_2 <= 0.652 AND feature_7 > -0.835 AND feature_0 <= 0.767,"{'feature_0': (0.557, 0.767), 'feature_1': (1.463, 3.852), 'feature_2': (-3.74, 0.652), 'feature_7': (-0.835, 3.492)}",4,2.722,7,[Pretrained] CF,"[468, 710, 734, 740, 741, 745]",2.664,2.697,OptRes,[Pretrained] CF OptRes,0.006,0,0.006,752,21,0.05912162162162162,5,0.05799999999999983,0.03299999999999992,3.0
750,feature_0 > 0.26 AND feature_1 > 1.06 AND feature_1 > 1.463 AND feature_0 > 0.557 AND feature_2 > 0.652,"{'feature_0': (0.557, 3.845), 'feature_1': (1.463, 3.852), 'feature_2': (0.652, 4.02)}",3,2.69,5,[Pretrained] CF,"[468, 710, 734, 740]",3.26,3.281,OptRes,[Pretrained] CF OptRes,0.006,0,0.006,752,25,0.0,5,0.5699999999999998,0.02100000000000035,3.0
750,feature_0 > 0.26 AND feature_1 > 1.06 AND feature_1 > 1.463 AND feature_0 > 0.557 AND feature_2 > 0.652,"{'feature_0': (0.557, 3.845), 'feature_1': (1.463, 3.852), 'feature_2': (0.652, 4.02)}",3,2.69,5,[Pretrained] CF,"[468, 710, 734, 740]",3.26,3.281,ResOve,[Pretrained] CF ResOve,0.127,0,0.127,752,25,0.0,5,0.5699999999999998,0.02100000000000035,3.0
747,feature_0 > 0.26 AND feature_1 > 1.06 AND feature_1 > 1.463 AND feature_0 > 0.557 AND feature_2 <= 0.652 AND feature_7 > -0.835 AND feature_0 > 0.767,"{'feature_0': (0.767, 3.845), 'feature_1': (1.463, 3.852), 'feature_2': (-3.74, 0.652), 'feature_7': (-0.835, 3.492)}",4,2.842,7,[Pretrained] CF,"[468, 710, 734, 740, 741, 745]",3.229,3.174,ResOve,[Pretrained] CF ResOve,0.127,0,0.127,752,33,0.0,5,0.387,0.05500000000000016,3.0
746,feature_0 > 0.26 AND feature_1 > 1.06 AND feature_1 > 1.463 AND feature_0 > 0.557 AND feature_2 <= 0.652 AND feature_7 > -0.835 AND feature_0 <= 0.767,"{'feature_0': (0.557, 0.767), 'feature_1': (1.463, 3.852), 'feature_2': (-3.74, 0.652), 'feature_7': (-0.835, 3.492)}",4,2.722,7,[Pretrained] CF,"[468, 710, 734, 740, 741, 745]",2.664,2.697,ResOve,[Pretrained] CF ResOve,0.127,0,0.127,752,21,0.0,5,0.05799999999999983,0.03299999999999992,3.0
742,feature_0 > 0.26 AND feature_1 > 1.06 AND feature_1 > 1.463 AND feature_0 > 0.557 AND feature_2 <= 0.652 AND feature_7 <= -0.835,"{'feature_0': (0.557, 3.845), 'feature_1': (1.463, 3.852), 'feature_2': (-3.74, 0.652), 'feature_7': (-3.746, -0.835)}",4,2.959,6,[Pretrained] CF,"[468, 710, 734, 740, 741]",3.114,3.142,ResOve,[Pretrained] CF ResOve,0.127,0,0.127,752,23,0.0,5,0.1549999999999998,0.028000000000000025,3.0
723,feature_0 > 0.26 AND feature_1 > 1.06 AND feature_1 <= 1.463 AND feature_0 > 0.763 AND feature_2 <= 0.453 AND feature_7 <= -0.169,"{'feature_0': (0.763, 3.845), 'feature_1': (1.06, 1.463), 'feature_2': (-3.74, 0.453), 'feature_7': (-3.746, -0.169)}",4,2.674,6,[Pretrained] CF,"[468, 710, 711, 721, 722]",2.878,2.828,ResOve,[Pretrained] CF ResOve,0.127,0,0.127,752,24,0.0,5,0.20400000000000018,0.050000000000000266,3.0
742,feature_0 > 0.26 AND feature_1 > 1.06 AND feature_1 > 1.463 AND feature_0 > 0.557 AND feature_2 <= 0.652 AND feature_7 <= -0.835,"{'feature_0': (0.557, 3.845), 'feature_1': (1.463, 3.852), 'feature_2': (-3.74, 0.652), 'feature_7': (-3.746, -0.835)}",4,2.959,6,[Pretrained] CF,"[468, 710, 734, 740, 741]",3.114,3.142,NoOve,[Pretrained] CF NoOve,0.025,0,0.025,752,23,0.0,5,0.1549999999999998,0.028000000000000025,3.0
745,feature_0 > 0.26 AND feature_1 > 1.06 AND feature_1 > 1.463 AND feature_0 > 0.557 AND feature_2 <= 0.652 AND feature_7 > -0.835,"{'feature_0': (0.557, 3.845), 'feature_1': (1.463, 3.852), 'feature_2': (-3.74, 0.652), 'feature_7': (-0.835, 3.492)}",4,2.804,6,[Pretrained] CF,"[468, 710, 734, 740, 741]",3.046,2.988,NoOve,[Pretrained] CF NoOve,0.025,0,0.025,752,54,0.0,5,0.242,0.05799999999999983,3.0
723,feature_0 > 0.26 AND feature_1 > 1.06 AND feature_1 <= 1.463 AND feature_0 > 0.763 AND feature_2 <= 0.453 AND feature_7 <= -0.169,"{'feature_0': (0.763, 3.845), 'feature_1': (1.06, 1.463), 'feature_2': (-3.74, 0.453), 'feature_7': (-3.746, -0.169)}",4,2.674,6,[Pretrained] CF,"[468, 710, 711, 721, 722]",2.878,2.828,NoOve,[Pretrained] CF NoOve,0.025,0,0.025,752,24,0.0,5,0.20400000000000018,0.050000000000000266,3.0
726,feature_0 > 0.26 AND feature_1 > 1.06 AND feature_1 <= 1.463 AND feature_0 > 0.763 AND feature_2 <= 0.453 AND feature_7 > -0.169,"{'feature_0': (0.763, 3.845), 'feature_1': (1.06, 1.463), 'feature_2': (-3.74, 0.453), 'feature_7': (-0.169, 3.492)}",4,2.484,6,[Pretrained] CF,"[468, 710, 711, 721, 722]",2.676,2.639,NoOve,[Pretrained] CF NoOve,0.025,0,0.025,752,23,0.0,5,0.19200000000000017,0.037000000000000366,3.0
703,feature_0 > 0.26 AND feature_1 <= 1.06 AND feature_0 > 0.8 AND feature_1 > 0.12 AND feature_0 > 1.421 AND feature_4 > 0.123,"{'feature_0': (1.421, 3.845), 'feature_1': (0.12, 1.06), 'feature_4': (0.123, 3.804)}",3,2.337,6,[Pretrained] CF,"[468, 469, 583, 659, 693]",2.834,2.834,NoOve,[Pretrained] CF NoOve,0.025,0,0.025,752,115,0.0,5,0.4969999999999999,0.0,3.0
742,feature_0 > 0.26 AND feature_1 > 1.06 AND feature_1 > 1.463 AND feature_0 > 0.557 AND feature_2 <= 0.652 AND feature_7 <= -0.835,"{'feature_0': (0.557, 3.845), 'feature_1': (1.463, 3.852), 'feature_2': (-3.74, 0.652), 'feature_7': (-3.746, -0.835)}",4,2.959,6,[Pretrained] CF,"[468, 710, 734, 740, 741]",3.114,3.104,OptRes,[Pretrained] CF OptRes,0.006,0,0.006,752,24,0.06756756756756757,5,0.1549999999999998,0.009999999999999787,3.0
741,feature_0 > 0.26 AND feature_1 > 1.06 AND feature_1 > 1.463 AND feature_0 > 0.557 AND feature_2 <= 0.652,"{'feature_0': (0.557, 3.845), 'feature_1': (1.463, 3.852), 'feature_2': (-3.74, 0.652)}",3,2.846,5,[Pretrained] CF,"[468, 710, 734, 740]",3.064,3.056,OptRes,[Pretrained] CF OptRes,0.006,0,0.006,752,82,0.1908783783783784,5,0.21799999999999997,0.008000000000000007,3.0
747,feature_0 > 0.26 AND feature_1 > 1.06 AND feature_1 > 1.463 AND feature_0 > 0.557 AND feature_2 <= 0.652 AND feature_7 > -0.835 AND feature_0 > 0.767,"{'feature_0': (0.767, 3.845), 'feature_1': (1.463, 3.852), 'feature_2': (-3.74, 0.652), 'feature_7': (-0.835, 3.492)}",4,2.842,7,[Pretrained] CF,"[468, 710, 734, 740, 741, 745]",3.229,3.258,OptRes,[Pretrained] CF OptRes,0.006,0,0.006,752,39,0.12331081081081081,5,0.387,0.028999999999999915,3.0
750,feature_0 > 0.26 AND feature_1 > 1.06 AND feature_1 > 1.463 AND feature_0 > 0.557 AND feature_2 > 0.652,"{'feature_0': (0.557, 3.845), 'feature_1': (1.463, 3.852), 'feature_2': (0.652, 4.02)}",3,2.69,5,[Pretrained] CF,"[468, 710, 734, 740]",3.26,3.219,OptRes,[Pretrained] CF OptRes,0.006,0,0.006,752,25,0.0,5,0.5699999999999998,0.040999999999999925,3.0
723,feature_0 > 0.26 AND feature_1 > 1.06 AND feature_1 <= 1.463 AND feature_0 > 0.763 AND feature_2 <= 0.453 AND feature_7 <= -0.169,"{'feature_0': (0.763, 3.845), 'feature_1': (1.06, 1.463), 'feature_2': (-3.74, 0.453), 'feature_7': (-3.746, -0.169)}",4,2.674,6,[Pretrained] CF,"[468, 710, 711, 721, 722]",2.878,2.894,OptRes,[Pretrained] CF OptRes,0.006,0,0.006,752,32,0.0,5,0.20400000000000018,0.016000000000000014,3.0
750,feature_0 > 0.26 AND feature_1 > 1.06 AND feature_1 > 1.463 AND feature_0 > 0.557 AND feature_2 > 0.652,"{'feature_0': (0.557, 3.845), 'feature_1': (1.463, 3.852), 'feature_2': (0.652, 4.02)}",3,2.69,5,[Pretrained] CF,"[468, 710, 734, 740]",3.26,3.219,ResOve,[Pretrained] CF ResOve,0.116,0,0.116,752,25,0.0,5,0.5699999999999998,0.040999999999999925,3.0
747,feature_0 > 0.26 AND feature_1 > 1.06 AND feature_1 > 1.463 AND feature_0 > 0.557 AND feature_2 <= 0.652 AND feature_7 > -0.835 AND feature_0 > 0.767,"{'feature_0': (0.767, 3.845), 'feature_1': (1.463, 3.852), 'feature_2': (-3.74, 0.652), 'feature_7': (-0.835, 3.492)}",4,2.842,7,[Pretrained] CF,"[468, 710, 734, 740, 741, 745]",3.229,3.258,ResOve,[Pretrained] CF ResOve,0.116,0,0.116,752,39,0.12331081081081081,5,0.387,0.028999999999999915,3.0
741,feature_0 > 0.26 AND feature_1 > 1.06 AND feature_1 > 1.463 AND feature_0 > 0.557 AND feature_2 <= 0.652,"{'feature_0': (0.557, 3.845), 'feature_1': (1.463, 3.852), 'feature_2': (-3.74, 0.652)}",3,2.846,5,[Pretrained] CF,"[468, 710, 734, 740]",3.064,3.056,ResOve,[Pretrained] CF ResOve,0.116,0,0.116,752,82,0.12331081081081081,5,0.21799999999999997,0.008000000000000007,3.0
737,feature_0 > 0.26 AND feature_1 > 1.06 AND feature_1 > 1.463 AND feature_0 <= 0.557 AND feature_0 > 0.352,"{'feature_0': (0.352, 0.557), 'feature_1': (1.463, 3.852)}",2,2.602,5,[Pretrained] CF,"[468, 710, 734, 735]",2.4,2.433,ResOve,[Pretrained] CF ResOve,0.116,0,0.116,752,27,0.0,5,0.20199999999999996,0.03299999999999992,3.0
723,feature_0 > 0.26 AND feature_1 > 1.06 AND feature_1 <= 1.463 AND feature_0 > 0.763 AND feature_2 <= 0.453 AND feature_7 <= -0.169,"{'feature_0': (0.763, 3.845), 'feature_1': (1.06, 1.463), 'feature_2': (-3.74, 0.453), 'feature_7': (-3.746, -0.169)}",4,2.674,6,[Pretrained] CF,"[468, 710, 711, 721, 722]",2.878,2.894,ResOve,[Pretrained] CF ResOve,0.116,0,0.116,752,32,0.0,5,0.20400000000000018,0.016000000000000014,3.0
742,feature_0 > 0.26 AND feature_1 > 1.06 AND feature_1 > 1.463 AND feature_0 > 0.557 AND feature_2 <= 0.652 AND feature_7 <= -0.835,"{'feature_0': (0.557, 3.845), 'feature_1': (1.463, 3.852), 'feature_2': (-3.74, 0.652), 'feature_7': (-3.746, -0.835)}",4,2.959,6,[Pretrained] CF,"[468, 710, 734, 740, 741]",3.114,3.104,NoOve,[Pretrained] CF NoOve,0.018,0,0.018,752,24,0.0,5,0.1549999999999998,0.009999999999999787,3.0
745,feature_0 > 0.26 AND feature_1 > 1.06 AND feature_1 > 1.463 AND feature_0 > 0.557 AND feature_2 <= 0.652 AND feature_7 > -0.835,"{'feature_0': (0.557, 3.845), 'feature_1': (1.463, 3.852), 'feature_2': (-3.74, 0.652), 'feature_7': (-0.835, 3.492)}",4,2.804,6,[Pretrained] CF,"[468, 710, 734, 740, 741]",3.046,3.037,NoOve,[Pretrained] CF NoOve,0.018,0,0.018,752,58,0.0,5,0.242,0.008999999999999897,3.0
723,feature_0 > 0.26 AND feature_1 > 1.06 AND feature_1 <= 1.463 AND feature_0 > 0.763 AND feature_2 <= 0.453 AND feature_7 <= -0.169,"{'feature_0': (0.763, 3.845), 'feature_1': (1.06, 1.463), 'feature_2': (-3.74, 0.453), 'feature_7': (-3.746, -0.169)}",4,2.674,6,[Pretrained] CF,"[468, 710, 711, 721, 722]",2.878,2.894,NoOve,[Pretrained] CF NoOve,0.018,0,0.018,752,32,0.0,5,0.20400000000000018,0.016000000000000014,3.0
726,feature_0 > 0.26 AND feature_1 > 1.06 AND feature_1 <= 1.463 AND feature_0 > 0.763 AND feature_2 <= 0.453 AND feature_7 > -0.169,"{'feature_0': (0.763, 3.845), 'feature_1': (1.06, 1.463), 'feature_2': (-3.74, 0.453), 'feature_7': (-0.169, 3.492)}",4,2.484,6,[Pretrained] CF,"[468, 710, 711, 721, 722]",2.676,2.721,NoOve,[Pretrained] CF NoOve,0.018,0,0.018,752,30,0.0,5,0.19200000000000017,0.04499999999999993,3.0
731,feature_0 > 0.26 AND feature_1 > 1.06 AND feature_1 <= 1.463 AND feature_0 > 0.763 AND feature_2 > 0.453 AND feature_1 > 1.167,"{'feature_0': (0.763, 3.845), 'feature_1': (1.167, 1.463), 'feature_2': (0.453, 4.02)}",3,2.423,6,[Pretrained] CF,"[468, 710, 711, 721, 729]",2.739,2.68,NoOve,[Pretrained] CF NoOve,0.018,0,0.018,752,27,0.0,5,0.31599999999999984,0.05899999999999972,3.0
741,feature_0 > 0.26 AND feature_1 > 1.06 AND feature_1 > 1.463 AND feature_0 > 0.557 AND feature_2 <= 0.652,"{'feature_0': (0.557, 3.845), 'feature_1': (1.463, 3.852), 'feature_2': (-3.74, 0.652)}",3,2.846,5,[Pretrained] CF,"[468, 710, 734, 740]",3.064,3.097,OptRes,[Pretrained] CF OptRes,0.007,0,0.007,752,54,0.18833717284947515,5,0.21799999999999997,0.03299999999999992,3.0
747,feature_0 > 0.26 AND feature_1 > 1.06 AND feature_1 > 1.463 AND feature_0 > 0.557 AND feature_2 <= 0.652 AND feature_7 > -0.835 AND feature_0 > 0.767,"{'feature_0': (0.767, 3.845), 'feature_1': (1.463, 3.852), 'feature_2': (-3.74, 0.652), 'feature_7': (-0.835, 3.492)}",4,2.842,7,[Pretrained] CF,"[468, 710, 734, 740, 741, 745]",3.229,3.24,OptRes,[Pretrained] CF OptRes,0.007,0,0.007,752,29,0.15538462451907092,5,0.387,0.01100000000000012,3.0
737,feature_0 > 0.26 AND feature_1 > 1.06 AND feature_1 > 1.463 AND feature_0 <= 0.557 AND feature_0 > 0.352,"{'feature_0': (0.352, 0.557), 'feature_1': (1.463, 3.852)}",2,2.602,5,[Pretrained] CF,"[468, 710, 734, 735]",2.4,2.401,OptRes,[Pretrained] CF OptRes,0.007,0,0.007,752,22,0.022847100175746926,5,0.20199999999999996,0.0009999999999998899,3.0
722,feature_0 > 0.26 AND feature_1 > 1.06 AND feature_1 <= 1.463 AND feature_0 > 0.763 AND feature_2 <= 0.453,"{'feature_0': (0.763, 3.845), 'feature_1': (1.06, 1.463), 'feature_2': (-3.74, 0.453)}",3,2.584,5,[Pretrained] CF,"[468, 710, 711, 721]",2.782,2.725,OptRes,[Pretrained] CF OptRes,0.007,0,0.007,752,29,0.04745166959578207,5,0.19799999999999995,0.05699999999999994,3.0
710,feature_0 > 0.26 AND feature_1 > 1.06,"{'feature_0': (0.26, 3.845), 'feature_1': (1.06, 3.852)}",2,2.521,2,[Pretrained] CF,[468],2.66,2.635,OptRes,[Pretrained] CF OptRes,0.007,0,0.007,752,185,0.1673989455184534,5,0.13900000000000023,0.025000000000000355,3.0
747,feature_0 > 0.26 AND feature_1 > 1.06 AND feature_1 > 1.463 AND feature_0 > 0.557 AND feature_2 <= 0.652 AND feature_7 > -0.835 AND feature_0 > 0.767,"{'feature_0': (0.767, 3.845), 'feature_1': (1.463, 3.852), 'feature_2': (-3.74, 0.652), 'feature_7': (-0.835, 3.492)}",4,2.842,7,[Pretrained] CF,"[468, 710, 734, 740, 741, 745]",3.229,3.24,ResOve,[Pretrained] CF ResOve,0.133,0,0.133,752,29,0.21410683071130832,5,0.387,0.01100000000000012,3.0
741,feature_0 > 0.26 AND feature_1 > 1.06 AND feature_1 > 1.463 AND feature_0 > 0.557 AND feature_2 <= 0.652,"{'feature_0': (0.557, 3.845), 'feature_1': (1.463, 3.852), 'feature_2': (-3.74, 0.652)}",3,2.846,5,[Pretrained] CF,"[468, 710, 734, 740]",3.064,3.097,ResOve,[Pretrained] CF ResOve,0.133,0,0.133,752,54,0.30739041280086055,5,0.21799999999999997,0.03299999999999992,3.0
740,feature_0 > 0.26 AND feature_1 > 1.06 AND feature_1 > 1.463 AND feature_0 > 0.557,"{'feature_0': (0.557, 3.845), 'feature_1': (1.463, 3.852)}",2,2.805,4,[Pretrained] CF,"[468, 710, 734]",3.116,3.105,ResOve,[Pretrained] CF ResOve,0.133,0,0.133,752,69,0.27487562189054726,5,0.31099999999999994,0.01100000000000012,3.0
737,feature_0 > 0.26 AND feature_1 > 1.06 AND feature_1 > 1.463 AND feature_0 <= 0.557 AND feature_0 > 0.352,"{'feature_0': (0.352, 0.557), 'feature_1': (1.463, 3.852)}",2,2.602,5,[Pretrained] CF,"[468, 710, 734, 735]",2.4,2.401,ResOve,[Pretrained] CF ResOve,0.133,0,0.133,752,22,0.0,5,0.20199999999999996,0.0009999999999998899,3.0
722,feature_0 > 0.26 AND feature_1 > 1.06 AND feature_1 <= 1.463 AND feature_0 > 0.763 AND feature_2 <= 0.453,"{'feature_0': (0.763, 3.845), 'feature_1': (1.06, 1.463), 'feature_2': (-3.74, 0.453)}",3,2.584,5,[Pretrained] CF,"[468, 710, 711, 721]",2.782,2.725,ResOve,[Pretrained] CF ResOve,0.133,0,0.133,752,29,0.0,5,0.19799999999999995,0.05699999999999994,3.0
741,feature_0 > 0.26 AND feature_1 > 1.06 AND feature_1 > 1.463 AND feature_0 > 0.557 AND feature_2 <= 0.652,"{'feature_0': (0.557, 3.845), 'feature_1': (1.463, 3.852), 'feature_2': (-3.74, 0.652)}",3,2.846,5,[Pretrained] CF,"[468, 710, 734, 740]",3.064,3.097,NoOve,[Pretrained] CF NoOve,0.047,0,0.047,752,54,0.0,5,0.21799999999999997,0.03299999999999992,3.0
737,feature_0 > 0.26 AND feature_1 > 1.06 AND feature_1 > 1.463 AND feature_0 <= 0.557 AND feature_0 > 0.352,"{'feature_0': (0.352, 0.557), 'feature_1': (1.463, 3.852)}",2,2.602,5,[Pretrained] CF,"[468, 710, 734, 735]",2.4,2.401,NoOve,[Pretrained] CF NoOve,0.047,0,0.047,752,22,0.0,5,0.20199999999999996,0.0009999999999998899,3.0
722,feature_0 > 0.26 AND feature_1 > 1.06 AND feature_1 <= 1.463 AND feature_0 > 0.763 AND feature_2 <= 0.453,"{'feature_0': (0.763, 3.845), 'feature_1': (1.06, 1.463), 'feature_2': (-3.74, 0.453)}",3,2.584,5,[Pretrained] CF,"[468, 710, 711, 721]",2.782,2.725,NoOve,[Pretrained] CF NoOve,0.047,0,0.047,752,29,0.0,5,0.19799999999999995,0.05699999999999994,3.0
693,feature_0 > 0.26 AND feature_1 <= 1.06 AND feature_0 > 0.8 AND feature_1 > 0.12 AND feature_0 > 1.421,"{'feature_0': (1.421, 3.845), 'feature_1': (0.12, 1.06)}",2,2.215,5,[Pretrained] CF,"[468, 469, 583, 659]",2.881,2.868,NoOve,[Pretrained] CF NoOve,0.047,0,0.047,752,78,0.0,5,0.6659999999999999,0.0129999999999999,3.0
714,feature_0 > 0.26 AND feature_1 > 1.06 AND feature_1 <= 1.463 AND feature_0 <= 0.763 AND feature_0 > 0.334,"{'feature_0': (0.334, 0.763), 'feature_1': (1.06, 1.463)}",2,2.186,5,[Pretrained] CF,"[468, 710, 711, 712]",2.039,2.032,NoOve,[Pretrained] CF NoOve,0.047,0,0.047,752,31,0.0,5,0.1469999999999998,0.007000000000000117,3.0
748,feature_0 > 0.26 AND feature_1 > 1.06 AND feature_1 > 1.463 AND feature_0 > 0.557 AND feature_2 <= 0.652 AND feature_7 > -0.835 AND feature_0 > 0.767 AND feature_9 <= 0.059,"{'feature_0': (0.767, 3.845), 'feature_1': (1.463, 3.852), 'feature_2': (-3.74, 0.652), 'feature_7': (-0.835, 3.492), 'feature_9': (-3.581, 0.059)}",5,2.879,8,[Pretrained] CF,"[468, 710, 734, 740, 741, 745, 747]",3.155,3.155,OptRes,[Pretrained] CF OptRes,0.006,0,0.006,752,38,0.06418918918918919,5,0.2759999999999998,0.0,3.0
741,feature_0 > 0.26 AND feature_1 > 1.06 AND feature_1 > 1.463 AND feature_0 > 0.557 AND feature_2 <= 0.652,"{'feature_0': (0.557, 3.845), 'feature_1': (1.463, 3.852), 'feature_2': (-3.74, 0.652)}",3,2.846,5,[Pretrained] CF,"[468, 710, 734, 740]",3.064,3.042,OptRes,[Pretrained] CF OptRes,0.006,0,0.006,752,107,0.18243243243243243,5,0.21799999999999997,0.02200000000000024,3.0
749,feature_0 > 0.26 AND feature_1 > 1.06 AND feature_1 > 1.463 AND feature_0 > 0.557 AND feature_2 <= 0.652 AND feature_7 > -0.835 AND feature_0 > 0.767 AND feature_9 > 0.059,"{'feature_0': (0.767, 3.845), 'feature_1': (1.463, 3.852), 'feature_2': (-3.74, 0.652), 'feature_7': (-0.835, 3.492), 'feature_9': (0.059, 3.767)}",5,2.803,8,[Pretrained] CF,"[468, 710, 734, 740, 741, 745, 747]",3.309,3.304,OptRes,[Pretrained] CF OptRes,0.006,0,0.006,752,34,0.05912162162162162,5,0.5060000000000002,0.0050000000000003375,3.0
746,feature_0 > 0.26 AND feature_1 > 1.06 AND feature_1 > 1.463 AND feature_0 > 0.557 AND feature_2 <= 0.652 AND feature_7 > -0.835 AND feature_0 <= 0.767,"{'feature_0': (0.557, 0.767), 'feature_1': (1.463, 3.852), 'feature_2': (-3.74, 0.652), 'feature_7': (-0.835, 3.492)}",4,2.722,7,[Pretrained] CF,"[468, 710, 734, 740, 741, 745]",2.664,2.664,OptRes,[Pretrained] CF OptRes,0.006,0,0.006,752,35,0.05912162162162162,5,0.05799999999999983,0.0,3.0
752,feature_0 > 0.26 AND feature_1 > 1.06 AND feature_1 > 1.463 AND feature_0 > 0.557 AND feature_2 > 0.652 AND feature_1 > 1.686,"{'feature_0': (0.557, 3.845), 'feature_1': (1.686, 3.852), 'feature_2': (0.652, 4.02)}",3,2.72,6,[Pretrained] CF,"[468, 710, 734, 740, 750]",3.443,3.373,OptRes,[Pretrained] CF OptRes,0.006,0,0.006,752,25,0.0,5,0.7229999999999999,0.06999999999999984,3.0
752,feature_0 > 0.26 AND feature_1 > 1.06 AND feature_1 > 1.463 AND feature_0 > 0.557 AND feature_2 > 0.652 AND feature_1 > 1.686,"{'feature_0': (0.557, 3.845), 'feature_1': (1.686, 3.852), 'feature_2': (0.652, 4.02)}",3,2.72,6,[Pretrained] CF,"[468, 710, 734, 740, 750]",3.443,3.373,ResOve,[Pretrained] CF ResOve,0.117,0,0.117,752,25,0.0,5,0.7229999999999999,0.06999999999999984,3.0
749,feature_0 > 0.26 AND feature_1 > 1.06 AND feature_1 > 1.463 AND feature_0 > 0.557 AND feature_2 <= 0.652 AND feature_7 > -0.835 AND feature_0 > 0.767 AND feature_9 > 0.059,"{'feature_0': (0.767, 3.845), 'feature_1': (1.463, 3.852), 'feature_2': (-3.74, 0.652), 'feature_7': (-0.835, 3.492), 'feature_9': (0.059, 3.767)}",5,2.803,8,[Pretrained] CF,"[468, 710, 734, 740, 741, 745, 747]",3.309,3.304,ResOve,[Pretrained] CF ResOve,0.117,0,0.117,752,34,0.0,5,0.5060000000000002,0.0050000000000003375,3.0
748,feature_0 > 0.26 AND feature_1 > 1.06 AND feature_1 > 1.463 AND feature_0 > 0.557 AND feature_2 <= 0.652 AND feature_7 > -0.835 AND feature_0 > 0.767 AND feature_9 <= 0.059,"{'feature_0': (0.767, 3.845), 'feature_1': (1.463, 3.852), 'feature_2': (-3.74, 0.652), 'feature_7': (-0.835, 3.492), 'feature_9': (-3.581, 0.059)}",5,2.879,8,[Pretrained] CF,"[468, 710, 734, 740, 741, 745, 747]",3.155,3.155,ResOve,[Pretrained] CF ResOve,0.117,0,0.117,752,38,0.0,5,0.2759999999999998,0.0,3.0
746,feature_0 > 0.26 AND feature_1 > 1.06 AND feature_1 > 1.463 AND feature_0 > 0.557 AND feature_2 <= 0.652 AND feature_7 > -0.835 AND feature_0 <= 0.767,"{'feature_0': (0.557, 0.767), 'feature_1': (1.463, 3.852), 'feature_2': (-3.74, 0.652), 'feature_7': (-0.835, 3.492)}",4,2.722,7,[Pretrained] CF,"[468, 710, 734, 740, 741, 745]",2.664,2.664,ResOve,[Pretrained] CF ResOve,0.117,0,0.117,752,35,0.0,5,0.05799999999999983,0.0,3.0
723,feature_0 > 0.26 AND feature_1 > 1.06 AND feature_1 <= 1.463 AND feature_0 > 0.763 AND feature_2 <= 0.453 AND feature_7 <= -0.169,"{'feature_0': (0.763, 3.845), 'feature_1': (1.06, 1.463), 'feature_2': (-3.74, 0.453), 'feature_7': (-3.746, -0.169)}",4,2.674,6,[Pretrained] CF,"[468, 710, 711, 721, 722]",2.878,2.846,ResOve,[Pretrained] CF ResOve,0.117,0,0.117,752,33,0.0,5,0.20400000000000018,0.03200000000000003,3.0
745,feature_0 > 0.26 AND feature_1 > 1.06 AND feature_1 > 1.463 AND feature_0 > 0.557 AND feature_2 <= 0.652 AND feature_7 > -0.835,"{'feature_0': (0.557, 3.845), 'feature_1': (1.463, 3.852), 'feature_2': (-3.74, 0.652), 'feature_7': (-0.835, 3.492)}",4,2.804,6,[Pretrained] CF,"[468, 710, 734, 740, 741]",3.046,3.042,NoOve,[Pretrained] CF NoOve,0.014,0,0.014,752,107,0.0,5,0.242,0.0040000000000000036,3.0
752,feature_0 > 0.26 AND feature_1 > 1.06 AND feature_1 > 1.463 AND feature_0 > 0.557 AND feature_2 > 0.652 AND feature_1 > 1.686,"{'feature_0': (0.557, 3.845), 'feature_1': (1.686, 3.852), 'feature_2': (0.652, 4.02)}",3,2.72,6,[Pretrained] CF,"[468, 710, 734, 740, 750]",3.443,3.373,NoOve,[Pretrained] CF NoOve,0.014,0,0.014,752,25,0.0,5,0.7229999999999999,0.06999999999999984,3.0
723,feature_0 > 0.26 AND feature_1 > 1.06 AND feature_1 <= 1.463 AND feature_0 > 0.763 AND feature_2 <= 0.453 AND feature_7 <= -0.169,"{'feature_0': (0.763, 3.845), 'feature_1': (1.06, 1.463), 'feature_2': (-3.74, 0.453), 'feature_7': (-3.746, -0.169)}",4,2.674,6,[Pretrained] CF,"[468, 710, 711, 721, 722]",2.878,2.846,NoOve,[Pretrained] CF NoOve,0.014,0,0.014,752,33,0.0,5,0.20400000000000018,0.03200000000000003,3.0
739,feature_0 > 0.26 AND feature_1 > 1.06 AND feature_1 > 1.463 AND feature_0 <= 0.557 AND feature_0 > 0.352 AND feature_1 > 1.661,"{'feature_0': (0.352, 0.557), 'feature_1': (1.661, 3.852)}",2,2.668,6,[Pretrained] CF,"[468, 710, 734, 735, 737]",2.549,2.573,NoOve,[Pretrained] CF NoOve,0.014,0,0.014,752,26,0.0,5,0.11900000000000022,0.02400000000000002,3.0
726,feature_0 > 0.26 AND feature_1 > 1.06 AND feature_1 <= 1.463 AND feature_0 > 0.763 AND feature_2 <= 0.453 AND feature_7 > -0.169,"{'feature_0': (0.763, 3.845), 'feature_1': (1.06, 1.463), 'feature_2': (-3.74, 0.453), 'feature_7': (-0.169, 3.492)}",4,2.484,6,[Pretrained] CF,"[468, 710, 711, 721, 722]",2.676,2.676,NoOve,[Pretrained] CF NoOve,0.014,0,0.014,752,51,0.0,5,0.19200000000000017,0.0,3.0
742,feature_0 > 0.26 AND feature_1 > 1.06 AND feature_1 > 1.463 AND feature_0 > 0.557 AND feature_2 <= 0.652 AND feature_7 <= -0.835,"{'feature_0': (0.557, 3.845), 'feature_1': (1.463, 3.852), 'feature_2': (-3.74, 0.652), 'feature_7': (-3.746, -0.835)}",4,2.959,6,[Pretrained] CF,"[468, 710, 734, 740, 741]",3.114,3.238,OptRes,[Pretrained] CF OptRes,0.008,0,0.008,752,25,0.06756756756756757,5,0.1549999999999998,0.12400000000000011,3.0
748,feature_0 > 0.26 AND feature_1 > 1.06 AND feature_1 > 1.463 AND feature_0 > 0.557 AND feature_2 <= 0.652 AND feature_7 > -0.835 AND feature_0 > 0.767 AND feature_9 <= 0.059,"{'feature_0': (0.767, 3.845), 'feature_1': (1.463, 3.852), 'feature_2': (-3.74, 0.652), 'feature_7': (-0.835, 3.492), 'feature_9': (-3.581, 0.059)}",5,2.879,8,[Pretrained] CF,"[468, 710, 734, 740, 741, 745, 747]",3.155,3.155,OptRes,[Pretrained] CF OptRes,0.008,0,0.008,752,38,0.06418918918918919,5,0.2759999999999998,0.0,3.0
741,feature_0 > 0.26 AND feature_1 > 1.06 AND feature_1 > 1.463 AND feature_0 > 0.557 AND feature_2 <= 0.652,"{'feature_0': (0.557, 3.845), 'feature_1': (1.463, 3.852), 'feature_2': (-3.74, 0.652)}",3,2.846,5,[Pretrained] CF,"[468, 710, 734, 740]",3.064,3.082,OptRes,[Pretrained] CF OptRes,0.008,0,0.008,752,133,0.25,5,0.21799999999999997,0.017999999999999794,3.0
749,feature_0 > 0.26 AND feature_1 > 1.06 AND feature_1 > 1.463 AND feature_0 > 0.557 AND feature_2 <= 0.652 AND feature_7 > -0.835 AND feature_0 > 0.767 AND feature_9 > 0.059,"{'feature_0': (0.767, 3.845), 'feature_1': (1.463, 3.852), 'feature_2': (-3.74, 0.652), 'feature_7': (-0.835, 3.492), 'feature_9': (0.059, 3.767)}",5,2.803,8,[Pretrained] CF,"[468, 710, 734, 740, 741, 745, 747]",3.309,3.309,OptRes,[Pretrained] CF OptRes,0.008,0,0.008,752,35,0.05912162162162162,5,0.5060000000000002,0.0,3.0
746,feature_0 > 0.26 AND feature_1 > 1.06 AND feature_1 > 1.463 AND feature_0 > 0.557 AND feature_2 <= 0.652 AND feature_7 > -0.835 AND feature_0 <= 0.767,"{'feature_0': (0.557, 0.767), 'feature_1': (1.463, 3.852), 'feature_2': (-3.74, 0.652), 'feature_7': (-0.835, 3.492)}",4,2.722,7,[Pretrained] CF,"[468, 710, 734, 740, 741, 745]",2.664,2.664,OptRes,[Pretrained] CF OptRes,0.008,0,0.008,752,35,0.05912162162162162,5,0.05799999999999983,0.0,3.0
752,feature_0 > 0.26 AND feature_1 > 1.06 AND feature_1 > 1.463 AND feature_0 > 0.557 AND feature_2 > 0.652 AND feature_1 > 1.686,"{'feature_0': (0.557, 3.845), 'feature_1': (1.686, 3.852), 'feature_2': (0.652, 4.02)}",3,2.72,6,[Pretrained] CF,"[468, 710, 734, 740, 750]",3.443,3.45,ResOve,[Pretrained] CF ResOve,0.111,0,0.111,752,30,0.0,5,0.7229999999999999,0.007000000000000117,3.0
749,feature_0 > 0.26 AND feature_1 > 1.06 AND feature_1 > 1.463 AND feature_0 > 0.557 AND feature_2 <= 0.652 AND feature_7 > -0.835 AND feature_0 > 0.767 AND feature_9 > 0.059,"{'feature_0': (0.767, 3.845), 'feature_1': (1.463, 3.852), 'feature_2': (-3.74, 0.652), 'feature_7': (-0.835, 3.492), 'feature_9': (0.059, 3.767)}",5,2.803,8,[Pretrained] CF,"[468, 710, 734, 740, 741, 745, 747]",3.309,3.309,ResOve,[Pretrained] CF ResOve,0.111,0,0.111,752,35,0.0,5,0.5060000000000002,0.0,3.0
748,feature_0 > 0.26 AND feature_1 > 1.06 AND feature_1 > 1.463 AND feature_0 > 0.557 AND feature_2 <= 0.652 AND feature_7 > -0.835 AND feature_0 > 0.767 AND feature_9 <= 0.059,"{'feature_0': (0.767, 3.845), 'feature_1': (1.463, 3.852), 'feature_2': (-3.74, 0.652), 'feature_7': (-0.835, 3.492), 'feature_9': (-3.581, 0.059)}",5,2.879,8,[Pretrained] CF,"[468, 710, 734, 740, 741, 745, 747]",3.155,3.155,ResOve,[Pretrained] CF ResOve,0.111,0,0.111,752,38,0.0,5,0.2759999999999998,0.0,3.0
742,feature_0 > 0.26 AND feature_1 > 1.06 AND feature_1 > 1.463 AND feature_0 > 0.557 AND feature_2 <= 0.652 AND feature_7 <= -0.835,"{'feature_0': (0.557, 3.845), 'feature_1': (1.463, 3.852), 'feature_2': (-3.74, 0.652), 'feature_7': (-3.746, -0.835)}",4,2.959,6,[Pretrained] CF,"[468, 710, 734, 740, 741]",3.114,3.238,ResOve,[Pretrained] CF ResOve,0.111,0,0.111,752,25,0.0,5,0.1549999999999998,0.12400000000000011,3.0
723,feature_0 > 0.26 AND feature_1 > 1.06 AND feature_1 <= 1.463 AND feature_0 > 0.763 AND feature_2 <= 0.453 AND feature_7 <= -0.169,"{'feature_0': (0.763, 3.845), 'feature_1': (1.06, 1.463), 'feature_2': (-3.74, 0.453), 'feature_7': (-3.746, -0.169)}",4,2.674,6,[Pretrained] CF,"[468, 710, 711, 721, 722]",2.878,2.864,ResOve,[Pretrained] CF ResOve,0.111,0,0.111,752,53,0.0,5,0.20400000000000018,0.014000000000000234,3.0
742,feature_0 > 0.26 AND feature_1 > 1.06 AND feature_1 > 1.463 AND feature_0 > 0.557 AND feature_2 <= 0.652 AND feature_7 <= -0.835,"{'feature_0': (0.557, 3.845), 'feature_1': (1.463, 3.852), 'feature_2': (-3.74, 0.652), 'feature_7': (-3.746, -0.835)}",4,2.959,6,[Pretrained] CF,"[468, 710, 734, 740, 741]",3.114,3.238,NoOve,[Pretrained] CF NoOve,0.01,0,0.01,752,25,0.0,5,0.1549999999999998,0.12400000000000011,3.0
745,feature_0 > 0.26 AND feature_1 > 1.06 AND feature_1 > 1.463 AND feature_0 > 0.557 AND feature_2 <= 0.652 AND feature_7 > -0.835,"{'feature_0': (0.557, 3.845), 'feature_1': (1.463, 3.852), 'feature_2': (-3.74, 0.652), 'feature_7': (-0.835, 3.492)}",4,2.804,6,[Pretrained] CF,"[468, 710, 734, 740, 741]",3.046,3.046,NoOve,[Pretrained] CF NoOve,0.01,0,0.01,752,108,0.0,5,0.242,0.0,3.0
752,feature_0 > 0.26 AND feature_1 > 1.06 AND feature_1 > 1.463 AND feature_0 > 0.557 AND feature_2 > 0.652 AND feature_1 > 1.686,"{'feature_0': (0.557, 3.845), 'feature_1': (1.686, 3.852), 'feature_2': (0.652, 4.02)}",3,2.72,6,[Pretrained] CF,"[468, 710, 734, 740, 750]",3.443,3.45,NoOve,[Pretrained] CF NoOve,0.01,0,0.01,752,30,0.0,5,0.7229999999999999,0.007000000000000117,3.0
723,feature_0 > 0.26 AND feature_1 > 1.06 AND feature_1 <= 1.463 AND feature_0 > 0.763 AND feature_2 <= 0.453 AND feature_7 <= -0.169,"{'feature_0': (0.763, 3.845), 'feature_1': (1.06, 1.463), 'feature_2': (-3.74, 0.453), 'feature_7': (-3.746, -0.169)}",4,2.674,6,[Pretrained] CF,"[468, 710, 711, 721, 722]",2.878,2.864,NoOve,[Pretrained] CF NoOve,0.01,0,0.01,752,53,0.0,5,0.20400000000000018,0.014000000000000234,3.0
739,feature_0 > 0.26 AND feature_1 > 1.06 AND feature_1 > 1.463 AND feature_0 <= 0.557 AND feature_0 > 0.352 AND feature_1 > 1.661,"{'feature_0': (0.352, 0.557), 'feature_1': (1.661, 3.852)}",2,2.668,6,[Pretrained] CF,"[468, 710, 734, 735, 737]",2.549,2.549,NoOve,[Pretrained] CF NoOve,0.01,0,0.01,752,30,0.0,5,0.11900000000000022,0.0,3.0
742,feature_0 > 0.26 AND feature_1 > 1.06 AND feature_1 > 1.463 AND feature_0 > 0.557 AND feature_2 <= 0.652 AND feature_7 <= -0.835,"{'feature_0': (0.557, 3.845), 'feature_1': (1.463, 3.852), 'feature_2': (-3.74, 0.652), 'feature_7': (-3.746, -0.835)}",4,2.959,6,[Pretrained] CF,"[468, 710, 734, 740, 741]",3.114,3.111,OptRes,[Pretrained] CF OptRes,0.007,0,0.007,752,39,0.06756756756756757,5,0.1549999999999998,0.0029999999999996696,3.0
748,feature_0 > 0.26 AND feature_1 > 1.06 AND feature_1 > 1.463 AND feature_0 > 0.557 AND feature_2 <= 0.652 AND feature_7 > -0.835 AND feature_0 > 0.767 AND feature_9 <= 0.059,"{'feature_0': (0.767, 3.845), 'feature_1': (1.463, 3.852), 'feature_2': (-3.74, 0.652), 'feature_7': (-0.835, 3.492), 'feature_9': (-3.581, 0.059)}",5,2.879,8,[Pretrained] CF,"[468, 710, 734, 740, 741, 745, 747]",3.155,3.108,OptRes,[Pretrained] CF OptRes,0.007,0,0.007,752,32,0.06418918918918919,5,0.2759999999999998,0.04699999999999971,3.0
741,feature_0 > 0.26 AND feature_1 > 1.06 AND feature_1 > 1.463 AND feature_0 > 0.557 AND feature_2 <= 0.652,"{'feature_0': (0.557, 3.845), 'feature_1': (1.463, 3.852), 'feature_2': (-3.74, 0.652)}",3,2.846,5,[Pretrained] CF,"[468, 710, 734, 740]",3.064,3.048,OptRes,[Pretrained] CF OptRes,0.007,0,0.007,752,133,0.25,5,0.21799999999999997,0.016000000000000014,3.0
749,feature_0 > 0.26 AND feature_1 > 1.06 AND feature_1 > 1.463 AND feature_0 > 0.557 AND feature_2 <= 0.652 AND feature_7 > -0.835 AND feature_0 > 0.767 AND feature_9 > 0.059,"{'feature_0': (0.767, 3.845), 'feature_1': (1.463, 3.852), 'feature_2': (-3.74, 0.652), 'feature_7': (-0.835, 3.492), 'feature_9': (0.059, 3.767)}",5,2.803,8,[Pretrained] CF,"[468, 710, 734, 740, 741, 745, 747]",3.309,3.366,OptRes,[Pretrained] CF OptRes,0.007,0,0.007,752,29,0.05912162162162162,5,0.5060000000000002,0.05699999999999994,3.0
746,feature_0 > 0.26 AND feature_1 > 1.06 AND feature_1 > 1.463 AND feature_0 > 0.557 AND feature_2 <= 0.652 AND feature_7 > -0.835 AND feature_0 <= 0.767,"{'feature_0': (0.557, 0.767), 'feature_1': (1.463, 3.852), 'feature_2': (-3.74, 0.652), 'feature_7': (-0.835, 3.492)}",4,2.722,7,[Pretrained] CF,"[468, 710, 734, 740, 741, 745]",2.664,2.637,OptRes,[Pretrained] CF OptRes,0.007,0,0.007,752,33,0.05912162162162162,5,0.05799999999999983,0.027000000000000135,3.0
752,feature_0 > 0.26 AND feature_1 > 1.06 AND feature_1 > 1.463 AND feature_0 > 0.557 AND feature_2 > 0.652 AND feature_1 > 1.686,"{'feature_0': (0.557, 3.845), 'feature_1': (1.686, 3.852), 'feature_2': (0.652, 4.02)}",3,2.72,6,[Pretrained] CF,"[468, 710, 734, 740, 750]",3.443,3.477,ResOve,[Pretrained] CF ResOve,0.107,0,0.107,752,29,0.0,5,0.7229999999999999,0.03399999999999981,3.0
749,feature_0 > 0.26 AND feature_1 > 1.06 AND feature_1 > 1.463 AND feature_0 > 0.557 AND feature_2 <= 0.652 AND feature_7 > -0.835 AND feature_0 > 0.767 AND feature_9 > 0.059,"{'feature_0': (0.767, 3.845), 'feature_1': (1.463, 3.852), 'feature_2': (-3.74, 0.652), 'feature_7': (-0.835, 3.492), 'feature_9': (0.059, 3.767)}",5,2.803,8,[Pretrained] CF,"[468, 710, 734, 740, 741, 745, 747]",3.309,3.366,ResOve,[Pretrained] CF ResOve,0.107,0,0.107,752,29,0.0,5,0.5060000000000002,0.05699999999999994,3.0
748,feature_0 > 0.26 AND feature_1 > 1.06 AND feature_1 > 1.463 AND feature_0 > 0.557 AND feature_2 <= 0.652 AND feature_7 > -0.835 AND feature_0 > 0.767 AND feature_9 <= 0.059,"{'feature_0': (0.767, 3.845), 'feature_1': (1.463, 3.852), 'feature_2': (-3.74, 0.652), 'feature_7': (-0.835, 3.492), 'feature_9': (-3.581, 0.059)}",5,2.879,8,[Pretrained] CF,"[468, 710, 734, 740, 741, 745, 747]",3.155,3.108,ResOve,[Pretrained] CF ResOve,0.107,0,0.107,752,32,0.0,5,0.2759999999999998,0.04699999999999971,3.0
742,feature_0 > 0.26 AND feature_1 > 1.06 AND feature_1 > 1.463 AND feature_0 > 0.557 AND feature_2 <= 0.652 AND feature_7 <= -0.835,"{'feature_0': (0.557, 3.845), 'feature_1': (1.463, 3.852), 'feature_2': (-3.74, 0.652), 'feature_7': (-3.746, -0.835)}",4,2.959,6,[Pretrained] CF,"[468, 710, 734, 740, 741]",3.114,3.111,ResOve,[Pretrained] CF ResOve,0.107,0,0.107,752,39,0.0,5,0.1549999999999998,0.0029999999999996696,3.0
723,feature_0 > 0.26 AND feature_1 > 1.06 AND feature_1 <= 1.463 AND feature_0 > 0.763 AND feature_2 <= 0.453 AND feature_7 <= -0.169,"{'feature_0': (0.763, 3.845), 'feature_1': (1.06, 1.463), 'feature_2': (-3.74, 0.453), 'feature_7': (-3.746, -0.169)}",4,2.674,6,[Pretrained] CF,"[468, 710, 711, 721, 722]",2.878,2.891,ResOve,[Pretrained] CF ResOve,0.107,0,0.107,752,52,0.0,5,0.20400000000000018,0.0129999999999999,3.0
742,feature_0 > 0.26 AND feature_1 > 1.06 AND feature_1 > 1.463 AND feature_0 > 0.557 AND feature_2 <= 0.652 AND feature_7 <= -0.835,"{'feature_0': (0.557, 3.845), 'feature_1': (1.463, 3.852), 'feature_2': (-3.74, 0.652), 'feature_7': (-3.746, -0.835)}",4,2.959,6,[Pretrained] CF,"[468, 710, 734, 740, 741]",3.114,3.111,NoOve,[Pretrained] CF NoOve,0.011,0,0.011,752,39,0.0,5,0.1549999999999998,0.0029999999999996696,3.0
745,feature_0 > 0.26 AND feature_1 > 1.06 AND feature_1 > 1.463 AND feature_0 > 0.557 AND feature_2 <= 0.652 AND feature_7 > -0.835,"{'feature_0': (0.557, 3.845), 'feature_1': (1.463, 3.852), 'feature_2': (-3.74, 0.652), 'feature_7': (-0.835, 3.492)}",4,2.804,6,[Pretrained] CF,"[468, 710, 734, 740, 741]",3.046,3.022,NoOve,[Pretrained] CF NoOve,0.011,0,0.011,752,94,0.0,5,0.242,0.02400000000000002,3.0
752,feature_0 > 0.26 AND feature_1 > 1.06 AND feature_1 > 1.463 AND feature_0 > 0.557 AND feature_2 > 0.652 AND feature_1 > 1.686,"{'feature_0': (0.557, 3.845), 'feature_1': (1.686, 3.852), 'feature_2': (0.652, 4.02)}",3,2.72,6,[Pretrained] CF,"[468, 710, 734, 740, 750]",3.443,3.477,NoOve,[Pretrained] CF NoOve,0.011,0,0.011,752,29,0.0,5,0.7229999999999999,0.03399999999999981,3.0
723,feature_0 > 0.26 AND feature_1 > 1.06 AND feature_1 <= 1.463 AND feature_0 > 0.763 AND feature_2 <= 0.453 AND feature_7 <= -0.169,"{'feature_0': (0.763, 3.845), 'feature_1': (1.06, 1.463), 'feature_2': (-3.74, 0.453), 'feature_7': (-3.746, -0.169)}",4,2.674,6,[Pretrained] CF,"[468, 710, 711, 721, 722]",2.878,2.891,NoOve,[Pretrained] CF NoOve,0.011,0,0.011,752,52,0.0,5,0.20400000000000018,0.0129999999999999,3.0
739,feature_0 > 0.26 AND feature_1 > 1.06 AND feature_1 > 1.463 AND feature_0 <= 0.557 AND feature_0 > 0.352 AND feature_1 > 1.661,"{'feature_0': (0.352, 0.557), 'feature_1': (1.661, 3.852)}",2,2.668,6,[Pretrained] CF,"[468, 710, 734, 735, 737]",2.549,2.513,NoOve,[Pretrained] CF NoOve,0.011,0,0.011,752,27,0.0,5,0.11900000000000022,0.03600000000000003,3.0
742,feature_0 > 0.26 AND feature_1 > 1.06 AND feature_1 > 1.463 AND feature_0 > 0.557 AND feature_2 <= 0.652 AND feature_7 <= -0.835,"{'feature_0': (0.557, 3.845), 'feature_1': (1.463, 3.852), 'feature_2': (-3.74, 0.652), 'feature_7': (-3.746, -0.835)}",4,2.959,6,[Pretrained] CF,"[468, 710, 734, 740, 741]",3.114,3.114,OptRes,[Pretrained] CF OptRes,0.008,0,0.008,752,40,0.06756756756756757,5,0.1549999999999998,0.0,3.0
748,feature_0 > 0.26 AND feature_1 > 1.06 AND feature_1 > 1.463 AND feature_0 > 0.557 AND feature_2 <= 0.652 AND feature_7 > -0.835 AND feature_0 > 0.767 AND feature_9 <= 0.059,"{'feature_0': (0.767, 3.845), 'feature_1': (1.463, 3.852), 'feature_2': (-3.74, 0.652), 'feature_7': (-0.835, 3.492), 'feature_9': (-3.581, 0.059)}",5,2.879,8,[Pretrained] CF,"[468, 710, 734, 740, 741, 745, 747]",3.155,3.139,OptRes,[Pretrained] CF OptRes,0.008,0,0.008,752,29,0.06418918918918919,5,0.2759999999999998,0.016000000000000014,3.0
741,feature_0 > 0.26 AND feature_1 > 1.06 AND feature_1 > 1.463 AND feature_0 > 0.557 AND feature_2 <= 0.652,"{'feature_0': (0.557, 3.845), 'feature_1': (1.463, 3.852), 'feature_2': (-3.74, 0.652)}",3,2.846,5,[Pretrained] CF,"[468, 710, 734, 740]",3.064,3.068,OptRes,[Pretrained] CF OptRes,0.008,0,0.008,752,108,0.19087837837837837,5,0.21799999999999997,0.0040000000000000036,3.0
749,feature_0 > 0.26 AND feature_1 > 1.06 AND feature_1 > 1.463 AND feature_0 > 0.557 AND feature_2 <= 0.652 AND feature_7 > -0.835 AND feature_0 > 0.767 AND feature_9 > 0.059,"{'feature_0': (0.767, 3.845), 'feature_1': (1.463, 3.852), 'feature_2': (-3.74, 0.652), 'feature_7': (-0.835, 3.492), 'feature_9': (0.059, 3.767)}",5,2.803,8,[Pretrained] CF,"[468, 710, 734, 740, 741, 745, 747]",3.309,3.256,OptRes,[Pretrained] CF OptRes,0.008,0,0.008,752,22,0.05912162162162162,5,0.5060000000000002,0.05300000000000038,3.0
750,feature_0 > 0.26 AND feature_1 > 1.06 AND feature_1 > 1.463 AND feature_0 > 0.557 AND feature_2 > 0.652,"{'feature_0': (0.557, 3.845), 'feature_1': (1.463, 3.852), 'feature_2': (0.652, 4.02)}",3,2.69,5,[Pretrained] CF,"[468, 710, 734, 740]",3.26,3.328,OptRes,[Pretrained] CF OptRes,0.008,0,0.008,752,34,0.0,5,0.5699999999999998,0.06800000000000006,3.0
750,feature_0 > 0.26 AND feature_1 > 1.06 AND feature_1 > 1.463 AND feature_0 > 0.557 AND feature_2 > 0.652,"{'feature_0': (0.557, 3.845), 'feature_1': (1.463, 3.852), 'feature_2': (0.652, 4.02)}",3,2.69,5,[Pretrained] CF,"[468, 710, 734, 740]",3.26,3.328,ResOve,[Pretrained] CF ResOve,0.126,0,0.126,752,34,0.0,5,0.5699999999999998,0.06800000000000006,3.0
749,feature_0 > 0.26 AND feature_1 > 1.06 AND feature_1 > 1.463 AND feature_0 > 0.557 AND feature_2 <= 0.652 AND feature_7 > -0.835 AND feature_0 > 0.767 AND feature_9 > 0.059,"{'feature_0': (0.767, 3.845), 'feature_1': (1.463, 3.852), 'feature_2': (-3.74, 0.652), 'feature_7': (-0.835, 3.492), 'feature_9': (0.059, 3.767)}",5,2.803,8,[Pretrained] CF,"[468, 710, 734, 740, 741, 745, 747]",3.309,3.256,ResOve,[Pretrained] CF ResOve,0.126,0,0.126,752,22,0.0,5,0.5060000000000002,0.05300000000000038,3.0
748,feature_0 > 0.26 AND feature_1 > 1.06 AND feature_1 > 1.463 AND feature_0 > 0.557 AND feature_2 <= 0.652 AND feature_7 > -0.835 AND feature_0 > 0.767 AND feature_9 <= 0.059,"{'feature_0': (0.767, 3.845), 'feature_1': (1.463, 3.852), 'feature_2': (-3.74, 0.652), 'feature_7': (-0.835, 3.492), 'feature_9': (-3.581, 0.059)}",5,2.879,8,[Pretrained] CF,"[468, 710, 734, 740, 741, 745, 747]",3.155,3.139,ResOve,[Pretrained] CF ResOve,0.126,0,0.126,752,29,0.0,5,0.2759999999999998,0.016000000000000014,3.0
742,feature_0 > 0.26 AND feature_1 > 1.06 AND feature_1 > 1.463 AND feature_0 > 0.557 AND feature_2 <= 0.652 AND feature_7 <= -0.835,"{'feature_0': (0.557, 3.845), 'feature_1': (1.463, 3.852), 'feature_2': (-3.74, 0.652), 'feature_7': (-3.746, -0.835)}",4,2.959,6,[Pretrained] CF,"[468, 710, 734, 740, 741]",3.114,3.114,ResOve,[Pretrained] CF ResOve,0.126,0,0.126,752,40,0.0,5,0.1549999999999998,0.0,3.0
723,feature_0 > 0.26 AND feature_1 > 1.06 AND feature_1 <= 1.463 AND feature_0 > 0.763 AND feature_2 <= 0.453 AND feature_7 <= -0.169,"{'feature_0': (0.763, 3.845), 'feature_1': (1.06, 1.463), 'feature_2': (-3.74, 0.453), 'feature_7': (-3.746, -0.169)}",4,2.674,6,[Pretrained] CF,"[468, 710, 711, 721, 722]",2.878,2.887,ResOve,[Pretrained] CF ResOve,0.126,0,0.126,752,56,0.0,5,0.20400000000000018,0.008999999999999897,3.0
742,feature_0 > 0.26 AND feature_1 > 1.06 AND feature_1 > 1.463 AND feature_0 > 0.557 AND feature_2 <= 0.652 AND feature_7 <= -0.835,"{'feature_0': (0.557, 3.845), 'feature_1': (1.463, 3.852), 'feature_2': (-3.74, 0.652), 'feature_7': (-3.746, -0.835)}",4,2.959,6,[Pretrained] CF,"[468, 710, 734, 740, 741]",3.114,3.114,NoOve,[Pretrained] CF NoOve,0.016,0,0.016,752,40,0.0,5,0.1549999999999998,0.0,3.0
745,feature_0 > 0.26 AND feature_1 > 1.06 AND feature_1 > 1.463 AND feature_0 > 0.557 AND feature_2 <= 0.652 AND feature_7 > -0.835,"{'feature_0': (0.557, 3.845), 'feature_1': (1.463, 3.852), 'feature_2': (-3.74, 0.652), 'feature_7': (-0.835, 3.492)}",4,2.804,6,[Pretrained] CF,"[468, 710, 734, 740, 741]",3.046,3.042,NoOve,[Pretrained] CF NoOve,0.016,0,0.016,752,68,0.0,5,0.242,0.0040000000000000036,3.0
723,feature_0 > 0.26 AND feature_1 > 1.06 AND feature_1 <= 1.463 AND feature_0 > 0.763 AND feature_2 <= 0.453 AND feature_7 <= -0.169,"{'feature_0': (0.763, 3.845), 'feature_1': (1.06, 1.463), 'feature_2': (-3.74, 0.453), 'feature_7': (-3.746, -0.169)}",4,2.674,6,[Pretrained] CF,"[468, 710, 711, 721, 722]",2.878,2.887,NoOve,[Pretrained] CF NoOve,0.016,0,0.016,752,56,0.0,5,0.20400000000000018,0.008999999999999897,3.0
739,feature_0 > 0.26 AND feature_1 > 1.06 AND feature_1 > 1.463 AND feature_0 <= 0.557 AND feature_0 > 0.352 AND feature_1 > 1.661,"{'feature_0': (0.352, 0.557), 'feature_1': (1.661, 3.852)}",2,2.668,6,[Pretrained] CF,"[468, 710, 734, 735, 737]",2.549,2.561,NoOve,[Pretrained] CF NoOve,0.016,0,0.016,752,24,0.0,5,0.11900000000000022,0.01200000000000001,3.0
726,feature_0 > 0.26 AND feature_1 > 1.06 AND feature_1 <= 1.463 AND feature_0 > 0.763 AND feature_2 <= 0.453 AND feature_7 > -0.169,"{'feature_0': (0.763, 3.845), 'feature_1': (1.06, 1.463), 'feature_2': (-3.74, 0.453), 'feature_7': (-0.169, 3.492)}",4,2.484,6,[Pretrained] CF,"[468, 710, 711, 721, 722]",2.676,2.71,NoOve,[Pretrained] CF NoOve,0.016,0,0.016,752,28,0.0,5,0.19200000000000017,0.03399999999999981,3.0
748,feature_0 > 0.26 AND feature_1 > 1.06 AND feature_1 > 1.463 AND feature_0 > 0.557 AND feature_2 <= 0.652 AND feature_7 > -0.835 AND feature_0 > 0.767 AND feature_9 <= 0.059,"{'feature_0': (0.767, 3.845), 'feature_1': (1.463, 3.852), 'feature_2': (-3.74, 0.652), 'feature_7': (-0.835, 3.492), 'feature_9': (-3.581, 0.059)}",5,2.879,8,[Pretrained] CF,"[468, 710, 734, 740, 741, 745, 747]",3.155,3.149,OptRes,[Pretrained] CF OptRes,0.008,0,0.008,752,22,0.06418918918918919,5,0.2759999999999998,0.005999999999999783,3.0
741,feature_0 > 0.26 AND feature_1 > 1.06 AND feature_1 > 1.463 AND feature_0 > 0.557 AND feature_2 <= 0.652,"{'feature_0': (0.557, 3.845), 'feature_1': (1.463, 3.852), 'feature_2': (-3.74, 0.652)}",3,2.846,5,[Pretrained] CF,"[468, 710, 734, 740]",3.064,3.074,OptRes,[Pretrained] CF OptRes,0.008,0,0.008,752,69,0.06418918918918919,5,0.21799999999999997,0.009999999999999787,3.0
752,feature_0 > 0.26 AND feature_1 > 1.06 AND feature_1 > 1.463 AND feature_0 > 0.557 AND feature_2 > 0.652 AND feature_1 > 1.686,"{'feature_0': (0.557, 3.845), 'feature_1': (1.686, 3.852), 'feature_2': (0.652, 4.02)}",3,2.72,6,[Pretrained] CF,"[468, 710, 734, 740, 750]",3.443,3.443,OptRes,[Pretrained] CF OptRes,0.008,0,0.008,752,32,0.0,5,0.7229999999999999,0.0,3.0
723,feature_0 > 0.26 AND feature_1 > 1.06 AND feature_1 <= 1.463 AND feature_0 > 0.763 AND feature_2 <= 0.453 AND feature_7 <= -0.169,"{'feature_0': (0.763, 3.845), 'feature_1': (1.06, 1.463), 'feature_2': (-3.74, 0.453), 'feature_7': (-3.746, -0.169)}",4,2.674,6,[Pretrained] CF,"[468, 710, 711, 721, 722]",2.878,2.826,OptRes,[Pretrained] CF OptRes,0.008,0,0.008,752,32,0.0,5,0.20400000000000018,0.052000000000000046,3.0
737,feature_0 > 0.26 AND feature_1 > 1.06 AND feature_1 > 1.463 AND feature_0 <= 0.557 AND feature_0 > 0.352,"{'feature_0': (0.352, 0.557), 'feature_1': (1.463, 3.852)}",2,2.602,5,[Pretrained] CF,"[468, 710, 734, 735]",2.4,2.438,OptRes,[Pretrained] CF OptRes,0.008,0,0.008,752,31,0.0,5,0.20199999999999996,0.038000000000000256,3.0
752,feature_0 > 0.26 AND feature_1 > 1.06 AND feature_1 > 1.463 AND feature_0 > 0.557 AND feature_2 > 0.652 AND feature_1 > 1.686,"{'feature_0': (0.557, 3.845), 'feature_1': (1.686, 3.852), 'feature_2': (0.652, 4.02)}",3,2.72,6,[Pretrained] CF,"[468, 710, 734, 740, 750]",3.443,3.443,ResOve,[Pretrained] CF ResOve,0.12,0,0.12,752,32,0.1509433962264151,5,0.7229999999999999,0.0,3.0
737,feature_0 > 0.26 AND feature_1 > 1.06 AND feature_1 > 1.463 AND feature_0 <= 0.557 AND feature_0 > 0.352,"{'feature_0': (0.352, 0.557), 'feature_1': (1.463, 3.852)}",2,2.602,5,[Pretrained] CF,"[468, 710, 734, 735]",2.4,2.438,ResOve,[Pretrained] CF ResOve,0.12,0,0.12,752,31,0.0,5,0.20199999999999996,0.038000000000000256,3.0
748,feature_0 > 0.26 AND feature_1 > 1.06 AND feature_1 > 1.463 AND feature_0 > 0.557 AND feature_2 <= 0.652 AND feature_7 > -0.835 AND feature_0 > 0.767 AND feature_9 <= 0.059,"{'feature_0': (0.767, 3.845), 'feature_1': (1.463, 3.852), 'feature_2': (-3.74, 0.652), 'feature_7': (-0.835, 3.492), 'feature_9': (-3.581, 0.059)}",5,2.879,8,[Pretrained] CF,"[468, 710, 734, 740, 741, 745, 747]",3.155,3.149,ResOve,[Pretrained] CF ResOve,0.12,0,0.12,752,22,0.0,5,0.2759999999999998,0.005999999999999783,3.0
724,feature_0 > 0.26 AND feature_1 > 1.06 AND feature_1 <= 1.463 AND feature_0 > 0.763 AND feature_2 <= 0.453 AND feature_7 <= -0.169 AND feature_1 <= 1.301,"{'feature_0': (0.763, 3.845), 'feature_1': (1.06, 1.301), 'feature_2': (-3.74, 0.453), 'feature_7': (-3.746, -0.169)}",4,2.607,7,[Pretrained] CF,"[468, 710, 711, 721, 722, 723]",2.833,2.87,ResOve,[Pretrained] CF ResOve,0.12,0,0.12,752,25,0.0,5,0.22599999999999998,0.03699999999999992,3.0
750,feature_0 > 0.26 AND feature_1 > 1.06 AND feature_1 > 1.463 AND feature_0 > 0.557 AND feature_2 > 0.652,"{'feature_0': (0.557, 3.845), 'feature_1': (1.463, 3.852), 'feature_2': (0.652, 4.02)}",3,2.69,5,[Pretrained] CF,"[468, 710, 734, 740]",3.26,3.261,ResOve,[Pretrained] CF ResOve,0.12,0,0.12,752,52,0.1509433962264151,5,0.5699999999999998,0.001000000000000334,3.0
745,feature_0 > 0.26 AND feature_1 > 1.06 AND feature_1 > 1.463 AND feature_0 > 0.557 AND feature_2 <= 0.652 AND feature_7 > -0.835,"{'feature_0': (0.557, 3.845), 'feature_1': (1.463, 3.852), 'feature_2': (-3.74, 0.652), 'feature_7': (-0.835, 3.492)}",4,2.804,6,[Pretrained] CF,"[468, 710, 734, 740, 741]",3.046,3.026,NoOve,[Pretrained] CF NoOve,0.017,0,0.017,752,57,0.0,5,0.242,0.020000000000000018,3.0
752,feature_0 > 0.26 AND feature_1 > 1.06 AND feature_1 > 1.463 AND feature_0 > 0.557 AND feature_2 > 0.652 AND feature_1 > 1.686,"{'feature_0': (0.557, 3.845), 'feature_1': (1.686, 3.852), 'feature_2': (0.652, 4.02)}",3,2.72,6,[Pretrained] CF,"[468, 710, 734, 740, 750]",3.443,3.443,NoOve,[Pretrained] CF NoOve,0.017,0,0.017,752,32,0.0,5,0.7229999999999999,0.0,3.0
723,feature_0 > 0.26 AND feature_1 > 1.06 AND feature_1 <= 1.463 AND feature_0 > 0.763 AND feature_2 <= 0.453 AND feature_7 <= -0.169,"{'feature_0': (0.763, 3.845), 'feature_1': (1.06, 1.463), 'feature_2': (-3.74, 0.453), 'feature_7': (-3.746, -0.169)}",4,2.674,6,[Pretrained] CF,"[468, 710, 711, 721, 722]",2.878,2.826,NoOve,[Pretrained] CF NoOve,0.017,0,0.017,752,32,0.0,5,0.20400000000000018,0.052000000000000046,3.0
726,feature_0 > 0.26 AND feature_1 > 1.06 AND feature_1 <= 1.463 AND feature_0 > 0.763 AND feature_2 <= 0.453 AND feature_7 > -0.169,"{'feature_0': (0.763, 3.845), 'feature_1': (1.06, 1.463), 'feature_2': (-3.74, 0.453), 'feature_7': (-0.169, 3.492)}",4,2.484,6,[Pretrained] CF,"[468, 710, 711, 721, 722]",2.676,2.676,NoOve,[Pretrained] CF NoOve,0.017,0,0.017,752,23,0.0,5,0.19200000000000017,0.0,3.0
731,feature_0 > 0.26 AND feature_1 > 1.06 AND feature_1 <= 1.463 AND feature_0 > 0.763 AND feature_2 > 0.453 AND feature_1 > 1.167,"{'feature_0': (0.763, 3.845), 'feature_1': (1.167, 1.463), 'feature_2': (0.453, 4.02)}",3,2.423,6,[Pretrained] CF,"[468, 710, 711, 721, 729]",2.739,2.739,NoOve,[Pretrained] CF NoOve,0.017,0,0.017,752,42,0.0,5,0.31599999999999984,0.0,3.0
742,feature_0 > 0.26 AND feature_1 > 1.06 AND feature_1 > 1.463 AND feature_0 > 0.557 AND feature_2 <= 0.652 AND feature_7 <= -0.835,"{'feature_0': (0.557, 3.845), 'feature_1': (1.463, 3.852), 'feature_2': (-3.74, 0.652), 'feature_7': (-3.746, -0.835)}",4,2.959,6,[Pretrained] CF,"[468, 710, 734, 740, 741]",3.114,3.047,OptRes,[Pretrained] CF OptRes,0.008,0,0.008,752,34,0.06756756756756757,5,0.1549999999999998,0.06699999999999973,3.0
748,feature_0 > 0.26 AND feature_1 > 1.06 AND feature_1 > 1.463 AND feature_0 > 0.557 AND feature_2 <= 0.652 AND feature_7 > -0.835 AND feature_0 > 0.767 AND feature_9 <= 0.059,"{'feature_0': (0.767, 3.845), 'feature_1': (1.463, 3.852), 'feature_2': (-3.74, 0.652), 'feature_7': (-0.835, 3.492), 'feature_9': (-3.581, 0.059)}",5,2.879,8,[Pretrained] CF,"[468, 710, 734, 740, 741, 745, 747]",3.155,3.137,OptRes,[Pretrained] CF OptRes,0.008,0,0.008,752,22,0.06418918918918919,5,0.2759999999999998,0.017999999999999794,3.0
741,feature_0 > 0.26 AND feature_1 > 1.06 AND feature_1 > 1.463 AND feature_0 > 0.557 AND feature_2 <= 0.652,"{'feature_0': (0.557, 3.845), 'feature_1': (1.463, 3.852), 'feature_2': (-3.74, 0.652)}",3,2.846,5,[Pretrained] CF,"[468, 710, 734, 740]",3.064,3.02,OptRes,[Pretrained] CF OptRes,0.008,0,0.008,752,102,0.25,5,0.21799999999999997,0.04400000000000004,3.0
749,feature_0 > 0.26 AND feature_1 > 1.06 AND feature_1 > 1.463 AND feature_0 > 0.557 AND feature_2 <= 0.652 AND feature_7 > -0.835 AND feature_0 > 0.767 AND feature_9 > 0.059,"{'feature_0': (0.767, 3.845), 'feature_1': (1.463, 3.852), 'feature_2': (-3.74, 0.652), 'feature_7': (-0.835, 3.492), 'feature_9': (0.059, 3.767)}",5,2.803,8,[Pretrained] CF,"[468, 710, 734, 740, 741, 745, 747]",3.309,3.271,OptRes,[Pretrained] CF OptRes,0.008,0,0.008,752,21,0.05912162162162162,5,0.5060000000000002,0.038000000000000256,3.0
746,feature_0 > 0.26 AND feature_1 > 1.06 AND feature_1 > 1.463 AND feature_0 > 0.557 AND feature_2 <= 0.652 AND feature_7 > -0.835 AND feature_0 <= 0.767,"{'feature_0': (0.557, 0.767), 'feature_1': (1.463, 3.852), 'feature_2': (-3.74, 0.652), 'feature_7': (-0.835, 3.492)}",4,2.722,7,[Pretrained] CF,"[468, 710, 734, 740, 741, 745]",2.664,2.671,OptRes,[Pretrained] CF OptRes,0.008,0,0.008,752,25,0.05912162162162162,5,0.05799999999999983,0.006999999999999673,3.0
749,feature_0 > 0.26 AND feature_1 > 1.06 AND feature_1 > 1.463 AND feature_0 > 0.557 AND feature_2 <= 0.652 AND feature_7 > -0.835 AND feature_0 > 0.767 AND feature_9 > 0.059,"{'feature_0': (0.767, 3.845), 'feature_1': (1.463, 3.852), 'feature_2': (-3.74, 0.652), 'feature_7': (-0.835, 3.492), 'feature_9': (0.059, 3.767)}",5,2.803,8,[Pretrained] CF,"[468, 710, 734, 740, 741, 745, 747]",3.309,3.271,ResOve,[Pretrained] CF ResOve,0.127,0,0.127,752,21,0.0,5,0.5060000000000002,0.038000000000000256,3.0
748,feature_0 > 0.26 AND feature_1 > 1.06 AND feature_1 > 1.463 AND feature_0 > 0.557 AND feature_2 <= 0.652 AND feature_7 > -0.835 AND feature_0 > 0.767 AND feature_9 <= 0.059,"{'feature_0': (0.767, 3.845), 'feature_1': (1.463, 3.852), 'feature_2': (-3.74, 0.652), 'feature_7': (-0.835, 3.492), 'feature_9': (-3.581, 0.059)}",5,2.879,8,[Pretrained] CF,"[468, 710, 734, 740, 741, 745, 747]",3.155,3.137,ResOve,[Pretrained] CF ResOve,0.127,0,0.127,752,22,0.0,5,0.2759999999999998,0.017999999999999794,3.0
746,feature_0 > 0.26 AND feature_1 > 1.06 AND feature_1 > 1.463 AND feature_0 > 0.557 AND feature_2 <= 0.652 AND feature_7 > -0.835 AND feature_0 <= 0.767,"{'feature_0': (0.557, 0.767), 'feature_1': (1.463, 3.852), 'feature_2': (-3.74, 0.652), 'feature_7': (-0.835, 3.492)}",4,2.722,7,[Pretrained] CF,"[468, 710, 734, 740, 741, 745]",2.664,2.671,ResOve,[Pretrained] CF ResOve,0.127,0,0.127,752,25,0.0,5,0.05799999999999983,0.006999999999999673,3.0
742,feature_0 > 0.26 AND feature_1 > 1.06 AND feature_1 > 1.463 AND feature_0 > 0.557 AND feature_2 <= 0.652 AND feature_7 <= -0.835,"{'feature_0': (0.557, 3.845), 'feature_1': (1.463, 3.852), 'feature_2': (-3.74, 0.652), 'feature_7': (-3.746, -0.835)}",4,2.959,6,[Pretrained] CF,"[468, 710, 734, 740, 741]",3.114,3.047,ResOve,[Pretrained] CF ResOve,0.127,0,0.127,752,34,0.0,5,0.1549999999999998,0.06699999999999973,3.0
723,feature_0 > 0.26 AND feature_1 > 1.06 AND feature_1 <= 1.463 AND feature_0 > 0.763 AND feature_2 <= 0.453 AND feature_7 <= -0.169,"{'feature_0': (0.763, 3.845), 'feature_1': (1.06, 1.463), 'feature_2': (-3.74, 0.453), 'feature_7': (-3.746, -0.169)}",4,2.674,6,[Pretrained] CF,"[468, 710, 711, 721, 722]",2.878,2.888,ResOve,[Pretrained] CF ResOve,0.127,0,0.127,752,41,0.0,5,0.20400000000000018,0.009999999999999787,3.0
742,feature_0 > 0.26 AND feature_1 > 1.06 AND feature_1 > 1.463 AND feature_0 > 0.557 AND feature_2 <= 0.652 AND feature_7 <= -0.835,"{'feature_0': (0.557, 3.845), 'feature_1': (1.463, 3.852), 'feature_2': (-3.74, 0.652), 'feature_7': (-3.746, -0.835)}",4,2.959,6,[Pretrained] CF,"[468, 710, 734, 740, 741]",3.114,3.047,NoOve,[Pretrained] CF NoOve,0.024,0,0.024,752,34,0.0,5,0.1549999999999998,0.06699999999999973,3.0
745,feature_0 > 0.26 AND feature_1 > 1.06 AND feature_1 > 1.463 AND feature_0 > 0.557 AND feature_2 <= 0.652 AND feature_7 > -0.835,"{'feature_0': (0.557, 3.845), 'feature_1': (1.463, 3.852), 'feature_2': (-3.74, 0.652), 'feature_7': (-0.835, 3.492)}",4,2.804,6,[Pretrained] CF,"[468, 710, 734, 740, 741]",3.046,3.007,NoOve,[Pretrained] CF NoOve,0.024,0,0.024,752,68,0.0,5,0.242,0.0389999999999997,3.0
723,feature_0 > 0.26 AND feature_1 > 1.06 AND feature_1 <= 1.463 AND feature_0 > 0.763 AND feature_2 <= 0.453 AND feature_7 <= -0.169,"{'feature_0': (0.763, 3.845), 'feature_1': (1.06, 1.463), 'feature_2': (-3.74, 0.453), 'feature_7': (-3.746, -0.169)}",4,2.674,6,[Pretrained] CF,"[468, 710, 711, 721, 722]",2.878,2.888,NoOve,[Pretrained] CF NoOve,0.024,0,0.024,752,41,0.0,5,0.20400000000000018,0.009999999999999787,3.0
726,feature_0 > 0.26 AND feature_1 > 1.06 AND feature_1 <= 1.463 AND feature_0 > 0.763 AND feature_2 <= 0.453 AND feature_7 > -0.169,"{'feature_0': (0.763, 3.845), 'feature_1': (1.06, 1.463), 'feature_2': (-3.74, 0.453), 'feature_7': (-0.169, 3.492)}",4,2.484,6,[Pretrained] CF,"[468, 710, 711, 721, 722]",2.676,2.67,NoOve,[Pretrained] CF NoOve,0.024,0,0.024,752,37,0.0,5,0.19200000000000017,0.006000000000000227,3.0
703,feature_0 > 0.26 AND feature_1 <= 1.06 AND feature_0 > 0.8 AND feature_1 > 0.12 AND feature_0 > 1.421 AND feature_4 > 0.123,"{'feature_0': (1.421, 3.845), 'feature_1': (0.12, 1.06), 'feature_4': (0.123, 3.804)}",3,2.337,6,[Pretrained] CF,"[468, 469, 583, 659, 693]",2.834,2.84,NoOve,[Pretrained] CF NoOve,0.024,0,0.024,752,59,0.0,5,0.4969999999999999,0.005999999999999783,3.0
647,feature_0 > 0.26 AND feature_1 <= 1.06 AND feature_0 > 0.8 AND feature_1 <= 0.12 AND feature_0 > 1.512 AND feature_4 > -0.038 AND feature_3 <= -0.585 AND feature_0 > 1.867,"{'feature_0': (1.867, 3.845), 'feature_1': (-3.98, 0.12), 'feature_4': (-0.038, 3.804), 'feature_3': (-3.667, -0.585)}",4,2.21,8,[Pretrained] CF,"[468, 469, 583, 584, 632, 644, 645]",2.683,2.683,OptRes,[Pretrained] CF OptRes,0.002,0,0.002,752,24,0.1111111111111111,5,0.47299999999999986,0.0,3.0
650,feature_0 > 0.26 AND feature_1 <= 1.06 AND feature_0 > 0.8 AND feature_1 <= 0.12 AND feature_0 > 1.512 AND feature_4 > -0.038 AND feature_3 > -0.585 AND feature_5 <= -0.604 AND feature_3 <= 0.575,"{'feature_0': (1.512, 3.845), 'feature_1': (-3.98, 0.12), 'feature_4': (-0.038, 3.804), 'feature_3': (-0.585, 0.575), 'feature_5': (-3.694, -0.604)}",5,2.179,9,[Pretrained] CF,"[468, 469, 583, 584, 632, 644, 648, 649]",2.522,2.522,OptRes,[Pretrained] CF OptRes,0.002,0,0.002,752,21,0.11170212765957446,5,0.34299999999999997,0.0,3.0
645,feature_0 > 0.26 AND feature_1 <= 1.06 AND feature_0 > 0.8 AND feature_1 <= 0.12 AND feature_0 > 1.512 AND feature_4 > -0.038 AND feature_3 <= -0.585,"{'feature_0': (1.512, 3.845), 'feature_1': (-3.98, 0.12), 'feature_4': (-0.038, 3.804), 'feature_3': (-3.667, -0.585)}",4,2.142,7,[Pretrained] CF,"[468, 469, 583, 584, 632, 644]",2.388,2.388,OptRes,[Pretrained] CF OptRes,0.002,0,0.002,752,54,0.1111111111111111,5,0.246,0.0,3.0
676,feature_0 > 0.26 AND feature_1 <= 1.06 AND feature_0 > 0.8 AND feature_1 > 0.12 AND feature_0 <= 1.421 AND feature_1 > 0.367 AND feature_2 <= -0.417 AND feature_0 > 0.916 AND feature_1 <= 0.663,"{'feature_0': (0.916, 1.421), 'feature_1': (0.367, 0.663), 'feature_2': (-3.74, -0.417)}",3,2.126,9,[Pretrained] CF,"[468, 469, 583, 659, 660, 672, 673, 675]",2.093,2.093,OptRes,[Pretrained] CF OptRes,0.002,0,0.002,752,34,0.0,5,0.03299999999999992,0.0,3.0
649,feature_0 > 0.26 AND feature_1 <= 1.06 AND feature_0 > 0.8 AND feature_1 <= 0.12 AND feature_0 > 1.512 AND feature_4 > -0.038 AND feature_3 > -0.585 AND feature_5 <= -0.604,"{'feature_0': (1.512, 3.845), 'feature_1': (-3.98, 0.12), 'feature_4': (-0.038, 3.804), 'feature_3': (-0.585, 4.242), 'feature_5': (-3.694, -0.604)}",5,2.09,8,[Pretrained] CF,"[468, 469, 583, 584, 632, 644, 648]",2.438,2.438,OptRes,[Pretrained] CF OptRes,0.002,0,0.002,752,47,0.11170212765957446,5,0.3480000000000003,0.0,3.0
647,feature_0 > 0.26 AND feature_1 <= 1.06 AND feature_0 > 0.8 AND feature_1 <= 0.12 AND feature_0 > 1.512 AND feature_4 > -0.038 AND feature_3 <= -0.585 AND feature_0 > 1.867,"{'feature_0': (1.867, 3.845), 'feature_1': (-3.98, 0.12), 'feature_4': (-0.038, 3.804), 'feature_3': (-3.667, -0.585)}",4,2.21,8,[Pretrained] CF,"[468, 469, 583, 584, 632, 644, 645]",2.683,2.683,ResOve,[Pretrained] CF ResOve,0.077,0,0.077,752,24,0.0,5,0.47299999999999986,0.0,3.0
646,feature_0 > 0.26 AND feature_1 <= 1.06 AND feature_0 > 0.8 AND feature_1 <= 0.12 AND feature_0 > 1.512 AND feature_4 > -0.038 AND feature_3 <= -0.585 AND feature_0 <= 1.867,"{'feature_0': (1.512, 1.867), 'feature_1': (-3.98, 0.12), 'feature_4': (-0.038, 3.804), 'feature_3': (-3.667, -0.585)}",4,2.087,8,[Pretrained] CF,"[468, 469, 583, 584, 632, 644, 645]",2.153,2.153,ResOve,[Pretrained] CF ResOve,0.077,0,0.077,752,30,0.0,5,0.06599999999999984,0.0,3.0
593,feature_0 > 0.26 AND feature_1 <= 1.06 AND feature_0 > 0.8 AND feature_1 <= 0.12 AND feature_0 <= 1.512 AND feature_3 <= -0.812 AND feature_0 > 1.006 AND feature_4 > -0.576 AND feature_5 <= -0.78,"{'feature_0': (1.006, 1.512), 'feature_1': (-3.98, 0.12), 'feature_3': (-3.667, -0.812), 'feature_4': (-0.576, 3.804), 'feature_5': (-3.694, -0.78)}",5,2.066,9,[Pretrained] CF,"[468, 469, 583, 584, 585, 586, 590, 592]",1.675,1.675,ResOve,[Pretrained] CF ResOve,0.077,0,0.077,752,23,0.0,5,0.3909999999999998,0.0,3.0
651,feature_0 > 0.26 AND feature_1 <= 1.06 AND feature_0 > 0.8 AND feature_1 <= 0.12 AND feature_0 > 1.512 AND feature_4 > -0.038 AND feature_3 > -0.585 AND feature_5 <= -0.604 AND feature_3 > 0.575,"{'feature_0': (1.512, 3.845), 'feature_1': (-3.98, 0.12), 'feature_4': (-0.038, 3.804), 'feature_3': (0.575, 4.242), 'feature_5': (-3.694, -0.604)}",5,2.018,9,[Pretrained] CF,"[468, 469, 583, 584, 632, 644, 648, 649]",2.369,2.369,ResOve,[Pretrained] CF ResOve,0.077,0,0.077,752,26,0.0,5,0.3510000000000004,0.0,3.0
650,feature_0 > 0.26 AND feature_1 <= 1.06 AND feature_0 > 0.8 AND feature_1 <= 0.12 AND feature_0 > 1.512 AND feature_4 > -0.038 AND feature_3 > -0.585 AND feature_5 <= -0.604 AND feature_3 <= 0.575,"{'feature_0': (1.512, 3.845), 'feature_1': (-3.98, 0.12), 'feature_4': (-0.038, 3.804), 'feature_3': (-0.585, 0.575), 'feature_5': (-3.694, -0.604)}",5,2.179,9,[Pretrained] CF,"[468, 469, 583, 584, 632, 644, 648, 649]",2.522,2.522,ResOve,[Pretrained] CF ResOve,0.077,0,0.077,752,21,0.0,5,0.34299999999999997,0.0,3.0
650,feature_0 > 0.26 AND feature_1 <= 1.06 AND feature_0 > 0.8 AND feature_1 <= 0.12 AND feature_0 > 1.512 AND feature_4 > -0.038 AND feature_3 > -0.585 AND feature_5 <= -0.604 AND feature_3 <= 0.575,"{'feature_0': (1.512, 3.845), 'feature_1': (-3.98, 0.12), 'feature_4': (-0.038, 3.804), 'feature_3': (-0.585, 0.575), 'feature_5': (-3.694, -0.604)}",5,2.179,9,[Pretrained] CF,"[468, 469, 583, 584, 632, 644, 648, 649]",2.522,2.522,NoOve,[Pretrained] CF NoOve,0.007,0,0.007,752,21,0.0,5,0.34299999999999997,0.0,3.0
676,feature_0 > 0.26 AND feature_1 <= 1.06 AND feature_0 > 0.8 AND feature_1 > 0.12 AND feature_0 <= 1.421 AND feature_1 > 0.367 AND feature_2 <= -0.417 AND feature_0 > 0.916 AND feature_1 <= 0.663,"{'feature_0': (0.916, 1.421), 'feature_1': (0.367, 0.663), 'feature_2': (-3.74, -0.417)}",3,2.126,9,[Pretrained] CF,"[468, 469, 583, 659, 660, 672, 673, 675]",2.093,2.093,NoOve,[Pretrained] CF NoOve,0.007,0,0.007,752,34,0.0,5,0.03299999999999992,0.0,3.0
593,feature_0 > 0.26 AND feature_1 <= 1.06 AND feature_0 > 0.8 AND feature_1 <= 0.12 AND feature_0 <= 1.512 AND feature_3 <= -0.812 AND feature_0 > 1.006 AND feature_4 > -0.576 AND feature_5 <= -0.78,"{'feature_0': (1.006, 1.512), 'feature_1': (-3.98, 0.12), 'feature_3': (-3.667, -0.812), 'feature_4': (-0.576, 3.804), 'feature_5': (-3.694, -0.78)}",5,2.066,9,[Pretrained] CF,"[468, 469, 583, 584, 585, 586, 590, 592]",1.675,1.675,NoOve,[Pretrained] CF NoOve,0.007,0,0.007,752,23,0.0,5,0.3909999999999998,0.0,3.0
651,feature_0 > 0.26 AND feature_1 <= 1.06 AND feature_0 > 0.8 AND feature_1 <= 0.12 AND feature_0 > 1.512 AND feature_4 > -0.038 AND feature_3 > -0.585 AND feature_5 <= -0.604 AND feature_3 > 0.575,"{'feature_0': (1.512, 3.845), 'feature_1': (-3.98, 0.12), 'feature_4': (-0.038, 3.804), 'feature_3': (0.575, 4.242), 'feature_5': (-3.694, -0.604)}",5,2.018,9,[Pretrained] CF,"[468, 469, 583, 584, 632, 644, 648, 649]",2.369,2.369,NoOve,[Pretrained] CF NoOve,0.007,0,0.007,752,26,0.0,5,0.3510000000000004,0.0,3.0
656,feature_0 > 0.26 AND feature_1 <= 1.06 AND feature_0 > 0.8 AND feature_1 <= 0.12 AND feature_0 > 1.512 AND feature_4 > -0.038 AND feature_3 > -0.585 AND feature_5 > -0.604 AND feature_1 > -0.641,"{'feature_0': (1.512, 3.845), 'feature_1': (-0.641, 0.12), 'feature_4': (-0.038, 3.804), 'feature_3': (-0.585, 4.242), 'feature_5': (-0.604, 3.687)}",5,1.989,9,[Pretrained] CF,"[468, 469, 583, 584, 632, 644, 648, 652]",2.52,2.52,NoOve,[Pretrained] CF NoOve,0.007,0,0.007,752,44,0.0,5,0.5309999999999999,0.0,3.0
724,feature_0 > 0.188 AND feature_1 > 0.925 AND feature_0 > 0.373 AND feature_1 > 1.463 AND feature_1 > 1.624 AND feature_7 <= 0.014 AND feature_0 > 0.756 AND feature_8 <= 0.263,"{'feature_0': (0.756, 3.845), 'feature_1': (1.624, 3.852), 'feature_7': (-3.746, 0.014), 'feature_8': (-4.447, 0.263)}",4,2.969,8,[Pretrained] CF,"[412, 678, 688, 714, 720, 721, 723]",3.322,3.312,OptRes,[Pretrained] CF OptRes,0.005,0,0.005,730,34,0.0979381443298969,5,0.3530000000000002,0.010000000000000231,4.0
721,feature_0 > 0.188 AND feature_1 > 0.925 AND feature_0 > 0.373 AND feature_1 > 1.463 AND feature_1 > 1.624 AND feature_7 <= 0.014,"{'feature_0': (0.373, 3.845), 'feature_1': (1.624, 3.852), 'feature_7': (-3.746, 0.014)}",3,2.816,6,[Pretrained] CF,"[412, 678, 688, 714, 720]",3.131,3.148,OptRes,[Pretrained] CF OptRes,0.005,0,0.005,730,85,0.24999999999999997,5,0.31499999999999995,0.017000000000000348,4.0
725,feature_0 > 0.188 AND feature_1 > 0.925 AND feature_0 > 0.373 AND feature_1 > 1.463 AND feature_1 > 1.624 AND feature_7 <= 0.014 AND feature_0 > 0.756 AND feature_8 > 0.263,"{'feature_0': (0.756, 3.845), 'feature_1': (1.624, 3.852), 'feature_7': (-3.746, 0.014), 'feature_8': (0.263, 3.832)}",4,2.764,8,[Pretrained] CF,"[412, 678, 688, 714, 720, 721, 723]",3.49,3.5,OptRes,[Pretrained] CF OptRes,0.005,0,0.005,730,23,0.06443298969072164,5,0.7260000000000004,0.009999999999999787,4.0
729,feature_0 > 0.188 AND feature_1 > 0.925 AND feature_0 > 0.373 AND feature_1 > 1.463 AND feature_1 > 1.624 AND feature_7 > 0.014 AND feature_0 > 0.608 AND feature_9 <= 0.056,"{'feature_0': (0.608, 3.845), 'feature_1': (1.624, 3.852), 'feature_7': (0.014, 3.492), 'feature_9': (-3.581, 0.056)}",4,2.706,8,[Pretrained] CF,"[412, 678, 688, 714, 720, 726, 728]",3.09,3.09,OptRes,[Pretrained] CF OptRes,0.005,0,0.005,730,25,0.0,5,0.3839999999999999,0.0,4.0
722,feature_0 > 0.188 AND feature_1 > 0.925 AND feature_0 > 0.373 AND feature_1 > 1.463 AND feature_1 > 1.624 AND feature_7 <= 0.014 AND feature_0 <= 0.756,"{'feature_0': (0.373, 0.756), 'feature_1': (1.624, 3.852), 'feature_7': (-3.746, 0.014)}",3,2.685,7,[Pretrained] CF,"[412, 678, 688, 714, 720, 721]",2.654,2.658,OptRes,[Pretrained] CF OptRes,0.005,0,0.005,730,28,0.08762886597938144,5,0.03100000000000014,0.0040000000000000036,4.0
724,feature_0 > 0.188 AND feature_1 > 0.925 AND feature_0 > 0.373 AND feature_1 > 1.463 AND feature_1 > 1.624 AND feature_7 <= 0.014 AND feature_0 > 0.756 AND feature_8 <= 0.263,"{'feature_0': (0.756, 3.845), 'feature_1': (1.624, 3.852), 'feature_7': (-3.746, 0.014), 'feature_8': (-4.447, 0.263)}",4,2.969,8,[Pretrained] CF,"[412, 678, 688, 714, 720, 721, 723]",3.322,3.312,ResOve,[Pretrained] CF ResOve,0.11,0,0.11,730,34,0.0,5,0.3530000000000002,0.010000000000000231,4.0
722,feature_0 > 0.188 AND feature_1 > 0.925 AND feature_0 > 0.373 AND feature_1 > 1.463 AND feature_1 > 1.624 AND feature_7 <= 0.014 AND feature_0 <= 0.756,"{'feature_0': (0.373, 0.756), 'feature_1': (1.624, 3.852), 'feature_7': (-3.746, 0.014)}",3,2.685,7,[Pretrained] CF,"[412, 678, 688, 714, 720, 721]",2.654,2.658,ResOve,[Pretrained] CF ResOve,0.11,0,0.11,730,28,0.0,5,0.03100000000000014,0.0040000000000000036,4.0
730,feature_0 > 0.188 AND feature_1 > 0.925 AND feature_0 > 0.373 AND feature_1 > 1.463 AND feature_1 > 1.624 AND feature_7 > 0.014 AND feature_0 > 0.608 AND feature_9 > 0.056,"{'feature_0': (0.608, 3.845), 'feature_1': (1.624, 3.852), 'feature_7': (0.014, 3.492), 'feature_9': (0.056, 3.767)}",4,2.637,8,[Pretrained] CF,"[412, 678, 688, 714, 720, 726, 728]",3.336,3.326,ResOve,[Pretrained] CF ResOve,0.11,0,0.11,730,27,0.0,5,0.6989999999999998,0.009999999999999787,4.0
729,feature_0 > 0.188 AND feature_1 > 0.925 AND feature_0 > 0.373 AND feature_1 > 1.463 AND feature_1 > 1.624 AND feature_7 > 0.014 AND feature_0 > 0.608 AND feature_9 <= 0.056,"{'feature_0': (0.608, 3.845), 'feature_1': (1.624, 3.852), 'feature_7': (0.014, 3.492), 'feature_9': (-3.581, 0.056)}",4,2.706,8,[Pretrained] CF,"[412, 678, 688, 714, 720, 726, 728]",3.09,3.09,ResOve,[Pretrained] CF ResOve,0.11,0,0.11,730,25,0.0,5,0.3839999999999999,0.0,4.0
725,feature_0 > 0.188 AND feature_1 > 0.925 AND feature_0 > 0.373 AND feature_1 > 1.463 AND feature_1 > 1.624 AND feature_7 <= 0.014 AND feature_0 > 0.756 AND feature_8 > 0.263,"{'feature_0': (0.756, 3.845), 'feature_1': (1.624, 3.852), 'feature_7': (-3.746, 0.014), 'feature_8': (0.263, 3.832)}",4,2.764,8,[Pretrained] CF,"[412, 678, 688, 714, 720, 721, 723]",3.49,3.5,ResOve,[Pretrained] CF ResOve,0.11,0,0.11,730,23,0.0,5,0.7260000000000004,0.009999999999999787,4.0
724,feature_0 > 0.188 AND feature_1 > 0.925 AND feature_0 > 0.373 AND feature_1 > 1.463 AND feature_1 > 1.624 AND feature_7 <= 0.014 AND feature_0 > 0.756 AND feature_8 <= 0.263,"{'feature_0': (0.756, 3.845), 'feature_1': (1.624, 3.852), 'feature_7': (-3.746, 0.014), 'feature_8': (-4.447, 0.263)}",4,2.969,8,[Pretrained] CF,"[412, 678, 688, 714, 720, 721, 723]",3.322,3.312,NoOve,[Pretrained] CF NoOve,0.008,0,0.008,730,34,0.0,5,0.3530000000000002,0.010000000000000231,4.0
725,feature_0 > 0.188 AND feature_1 > 0.925 AND feature_0 > 0.373 AND feature_1 > 1.463 AND feature_1 > 1.624 AND feature_7 <= 0.014 AND feature_0 > 0.756 AND feature_8 > 0.263,"{'feature_0': (0.756, 3.845), 'feature_1': (1.624, 3.852), 'feature_7': (-3.746, 0.014), 'feature_8': (0.263, 3.832)}",4,2.764,8,[Pretrained] CF,"[412, 678, 688, 714, 720, 721, 723]",3.49,3.5,NoOve,[Pretrained] CF NoOve,0.008,0,0.008,730,23,0.0,5,0.7260000000000004,0.009999999999999787,4.0
729,feature_0 > 0.188 AND feature_1 > 0.925 AND feature_0 > 0.373 AND feature_1 > 1.463 AND feature_1 > 1.624 AND feature_7 > 0.014 AND feature_0 > 0.608 AND feature_9 <= 0.056,"{'feature_0': (0.608, 3.845), 'feature_1': (1.624, 3.852), 'feature_7': (0.014, 3.492), 'feature_9': (-3.581, 0.056)}",4,2.706,8,[Pretrained] CF,"[412, 678, 688, 714, 720, 726, 728]",3.09,3.09,NoOve,[Pretrained] CF NoOve,0.008,0,0.008,730,25,0.0,5,0.3839999999999999,0.0,4.0
730,feature_0 > 0.188 AND feature_1 > 0.925 AND feature_0 > 0.373 AND feature_1 > 1.463 AND feature_1 > 1.624 AND feature_7 > 0.014 AND feature_0 > 0.608 AND feature_9 > 0.056,"{'feature_0': (0.608, 3.845), 'feature_1': (1.624, 3.852), 'feature_7': (0.014, 3.492), 'feature_9': (0.056, 3.767)}",4,2.637,8,[Pretrained] CF,"[412, 678, 688, 714, 720, 726, 728]",3.336,3.326,NoOve,[Pretrained] CF NoOve,0.008,0,0.008,730,27,0.0,5,0.6989999999999998,0.009999999999999787,4.0
710,feature_0 > 0.188 AND feature_1 > 0.925 AND feature_0 > 0.373 AND feature_1 <= 1.463 AND feature_0 > 0.745 AND feature_1 > 1.12 AND feature_6 <= 0.339 AND feature_0 > 1.274,"{'feature_0': (1.274, 3.845), 'feature_1': (1.12, 1.463), 'feature_6': (-4.852, 0.339)}",3,2.623,8,[Pretrained] CF,"[412, 678, 688, 689, 697, 705, 706]",3.195,3.184,NoOve,[Pretrained] CF NoOve,0.008,0,0.008,730,34,0.0,5,0.5719999999999996,0.010999999999999677,4.0
724,feature_0 > 0.188 AND feature_1 > 0.925 AND feature_0 > 0.373 AND feature_1 > 1.463 AND feature_1 > 1.624 AND feature_7 <= 0.014 AND feature_0 > 0.756 AND feature_8 <= 0.263,"{'feature_0': (0.756, 3.845), 'feature_1': (1.624, 3.852), 'feature_7': (-3.746, 0.014), 'feature_8': (-4.447, 0.263)}",4,2.969,8,[Pretrained] CF,"[412, 678, 688, 714, 720, 721, 723]",3.322,3.196,OptRes,[Pretrained] CF OptRes,0.006,0,0.006,730,27,0.1359381443298969,5,0.3530000000000002,0.1259999999999999,4.0
721,feature_0 > 0.188 AND feature_1 > 0.925 AND feature_0 > 0.373 AND feature_1 > 1.463 AND feature_1 > 1.624 AND feature_7 <= 0.014,"{'feature_0': (0.373, 3.845), 'feature_1': (1.624, 3.852), 'feature_7': (-3.746, 0.014)}",3,2.816,6,[Pretrained] CF,"[412, 678, 688, 714, 720]",3.131,3.027,OptRes,[Pretrained] CF OptRes,0.006,0,0.006,730,74,0.28256701030927833,5,0.31499999999999995,0.10399999999999965,4.0
729,feature_0 > 0.188 AND feature_1 > 0.925 AND feature_0 > 0.373 AND feature_1 > 1.463 AND feature_1 > 1.624 AND feature_7 > 0.014 AND feature_0 > 0.608 AND feature_9 <= 0.056,"{'feature_0': (0.608, 3.845), 'feature_1': (1.624, 3.852), 'feature_7': (0.014, 3.492), 'feature_9': (-3.581, 0.056)}",4,2.706,8,[Pretrained] CF,"[412, 678, 688, 714, 720, 726, 728]",3.09,3.09,OptRes,[Pretrained] CF OptRes,0.006,0,0.006,730,25,0.025,5,0.3839999999999999,0.0,4.0
722,feature_0 > 0.188 AND feature_1 > 0.925 AND feature_0 > 0.373 AND feature_1 > 1.463 AND feature_1 > 1.624 AND feature_7 <= 0.014 AND feature_0 <= 0.756,"{'feature_0': (0.373, 0.756), 'feature_1': (1.624, 3.852), 'feature_7': (-3.746, 0.014)}",3,2.685,7,[Pretrained] CF,"[412, 678, 688, 714, 720, 721]",2.654,2.662,OptRes,[Pretrained] CF OptRes,0.006,0,0.006,730,28,0.12162886597938144,5,0.03100000000000014,0.008000000000000007,4.0
714,feature_0 > 0.188 AND feature_1 > 0.925 AND feature_0 > 0.373 AND feature_1 > 1.463,"{'feature_0': (0.373, 3.845), 'feature_1': (1.463, 3.852)}",2,2.68,4,[Pretrained] CF,"[412, 678, 688]",2.976,2.943,OptRes,[Pretrained] CF OptRes,0.006,0,0.006,730,214,0.194,5,0.2959999999999998,0.03299999999999992,4.0
724,feature_0 > 0.188 AND feature_1 > 0.925 AND feature_0 > 0.373 AND feature_1 > 1.463 AND feature_1 > 1.624 AND feature_7 <= 0.014 AND feature_0 > 0.756 AND feature_8 <= 0.263,"{'feature_0': (0.756, 3.845), 'feature_1': (1.624, 3.852), 'feature_7': (-3.746, 0.014), 'feature_8': (-4.447, 0.263)}",4,2.969,8,[Pretrained] CF,"[412, 678, 688, 714, 720, 721, 723]",3.322,3.196,ResOve,[Pretrained] CF ResOve,0.109,0,0.109,730,27,0.15079365079365079,5,0.3530000000000002,0.1259999999999999,4.0
723,feature_0 > 0.188 AND feature_1 > 0.925 AND feature_0 > 0.373 AND feature_1 > 1.463 AND feature_1 > 1.624 AND feature_7 <= 0.014 AND feature_0 > 0.756,"{'feature_0': (0.756, 3.845), 'feature_1': (1.624, 3.852), 'feature_7': (-3.746, 0.014)}",3,2.889,7,[Pretrained] CF,"[412, 678, 688, 714, 720, 721]",3.389,3.249,ResOve,[Pretrained] CF ResOve,0.109,0,0.109,730,46,0.15079365079365079,5,0.5,0.13999999999999968,4.0
722,feature_0 > 0.188 AND feature_1 > 0.925 AND feature_0 > 0.373 AND feature_1 > 1.463 AND feature_1 > 1.624 AND feature_7 <= 0.014 AND feature_0 <= 0.756,"{'feature_0': (0.373, 0.756), 'feature_1': (1.624, 3.852), 'feature_7': (-3.746, 0.014)}",3,2.685,7,[Pretrained] CF,"[412, 678, 688, 714, 720, 721]",2.654,2.662,ResOve,[Pretrained] CF ResOve,0.109,0,0.109,730,28,0.0,5,0.03100000000000014,0.008000000000000007,4.0
730,feature_0 > 0.188 AND feature_1 > 0.925 AND feature_0 > 0.373 AND feature_1 > 1.463 AND feature_1 > 1.624 AND feature_7 > 0.014 AND feature_0 > 0.608 AND feature_9 > 0.056,"{'feature_0': (0.608, 3.845), 'feature_1': (1.624, 3.852), 'feature_7': (0.014, 3.492), 'feature_9': (0.056, 3.767)}",4,2.637,8,[Pretrained] CF,"[412, 678, 688, 714, 720, 726, 728]",3.336,3.336,ResOve,[Pretrained] CF ResOve,0.109,0,0.109,730,32,0.0,5,0.6989999999999998,0.0,4.0
729,feature_0 > 0.188 AND feature_1 > 0.925 AND feature_0 > 0.373 AND feature_1 > 1.463 AND feature_1 > 1.624 AND feature_7 > 0.014 AND feature_0 > 0.608 AND feature_9 <= 0.056,"{'feature_0': (0.608, 3.845), 'feature_1': (1.624, 3.852), 'feature_7': (0.014, 3.492), 'feature_9': (-3.581, 0.056)}",4,2.706,8,[Pretrained] CF,"[412, 678, 688, 714, 720, 726, 728]",3.09,3.09,ResOve,[Pretrained] CF ResOve,0.109,0,0.109,730,25,0.0,5,0.3839999999999999,0.0,4.0
724,feature_0 > 0.188 AND feature_1 > 0.925 AND feature_0 > 0.373 AND feature_1 > 1.463 AND feature_1 > 1.624 AND feature_7 <= 0.014 AND feature_0 > 0.756 AND feature_8 <= 0.263,"{'feature_0': (0.756, 3.845), 'feature_1': (1.624, 3.852), 'feature_7': (-3.746, 0.014), 'feature_8': (-4.447, 0.263)}",4,2.969,8,[Pretrained] CF,"[412, 678, 688, 714, 720, 721, 723]",3.322,3.196,NoOve,[Pretrained] CF NoOve,0.01,0,0.01,730,27,0.0,5,0.3530000000000002,0.1259999999999999,4.0
729,feature_0 > 0.188 AND feature_1 > 0.925 AND feature_0 > 0.373 AND feature_1 > 1.463 AND feature_1 > 1.624 AND feature_7 > 0.014 AND feature_0 > 0.608 AND feature_9 <= 0.056,"{'feature_0': (0.608, 3.845), 'feature_1': (1.624, 3.852), 'feature_7': (0.014, 3.492), 'feature_9': (-3.581, 0.056)}",4,2.706,8,[Pretrained] CF,"[412, 678, 688, 714, 720, 726, 728]",3.09,3.09,NoOve,[Pretrained] CF NoOve,0.01,0,0.01,730,25,0.0,5,0.3839999999999999,0.0,4.0
730,feature_0 > 0.188 AND feature_1 > 0.925 AND feature_0 > 0.373 AND feature_1 > 1.463 AND feature_1 > 1.624 AND feature_7 > 0.014 AND feature_0 > 0.608 AND feature_9 > 0.056,"{'feature_0': (0.608, 3.845), 'feature_1': (1.624, 3.852), 'feature_7': (0.014, 3.492), 'feature_9': (0.056, 3.767)}",4,2.637,8,[Pretrained] CF,"[412, 678, 688, 714, 720, 726, 728]",3.336,3.336,NoOve,[Pretrained] CF NoOve,0.01,0,0.01,730,32,0.0,5,0.6989999999999998,0.0,4.0
710,feature_0 > 0.188 AND feature_1 > 0.925 AND feature_0 > 0.373 AND feature_1 <= 1.463 AND feature_0 > 0.745 AND feature_1 > 1.12 AND feature_6 <= 0.339 AND feature_0 > 1.274,"{'feature_0': (1.274, 3.845), 'feature_1': (1.12, 1.463), 'feature_6': (-4.852, 0.339)}",3,2.623,8,[Pretrained] CF,"[412, 678, 688, 689, 697, 705, 706]",3.195,3.122,NoOve,[Pretrained] CF NoOve,0.01,0,0.01,730,27,0.0,5,0.5719999999999996,0.07299999999999995,4.0
674,feature_0 > 0.188 AND feature_1 <= 0.925 AND feature_0 > 0.767 AND feature_1 > 0.122 AND feature_0 > 1.442 AND feature_4 > 0.109 AND feature_2 <= -0.072 AND feature_0 > 1.826,"{'feature_0': (1.826, 3.845), 'feature_1': (0.122, 0.925), 'feature_4': (0.109, 3.804), 'feature_2': (-3.74, -0.072)}",4,2.475,8,[Pretrained] CF,"[412, 413, 541, 629, 663, 671, 672]",3.205,3.205,NoOve,[Pretrained] CF NoOve,0.01,0,0.01,730,24,0.0,5,0.73,0.0,4.0
721,feature_0 > 0.188 AND feature_1 > 0.925 AND feature_0 > 0.373 AND feature_1 > 1.463 AND feature_1 > 1.624 AND feature_7 <= 0.014,"{'feature_0': (0.373, 3.845), 'feature_1': (1.624, 3.852), 'feature_7': (-3.746, 0.014)}",3,2.816,6,[Pretrained] CF,"[412, 678, 688, 714, 720]",3.131,3.019,OptRes,[Pretrained] CF OptRes,0.008,0,0.008,730,33,0.13662418300653595,5,0.31499999999999995,0.11199999999999966,4.0
714,feature_0 > 0.188 AND feature_1 > 0.925 AND feature_0 > 0.373 AND feature_1 > 1.463,"{'feature_0': (0.373, 3.845), 'feature_1': (1.463, 3.852)}",2,2.68,4,[Pretrained] CF,"[412, 678, 688]",2.976,2.959,OptRes,[Pretrained] CF OptRes,0.008,0,0.008,730,87,0.25612418300653594,5,0.2959999999999998,0.016999999999999904,4.0
728,feature_0 > 0.188 AND feature_1 > 0.925 AND feature_0 > 0.373 AND feature_1 > 1.463 AND feature_1 > 1.624 AND feature_7 > 0.014 AND feature_0 > 0.608,"{'feature_0': (0.608, 3.845), 'feature_1': (1.624, 3.852), 'feature_7': (0.014, 3.492)}",3,2.667,7,[Pretrained] CF,"[412, 678, 688, 714, 720, 726]",3.228,3.177,OptRes,[Pretrained] CF OptRes,0.008,0,0.008,730,26,0.08028431372549019,5,0.5610000000000004,0.051000000000000156,4.0
706,feature_0 > 0.188 AND feature_1 > 0.925 AND feature_0 > 0.373 AND feature_1 <= 1.463 AND feature_0 > 0.745 AND feature_1 > 1.12 AND feature_6 <= 0.339,"{'feature_0': (0.745, 3.845), 'feature_1': (1.12, 1.463), 'feature_6': (-4.852, 0.339)}",3,2.509,7,[Pretrained] CF,"[412, 678, 688, 689, 697, 705]",2.809,2.887,OptRes,[Pretrained] CF OptRes,0.008,0,0.008,730,32,0.03676470588235294,5,0.30000000000000027,0.07799999999999985,4.0
688,feature_0 > 0.188 AND feature_1 > 0.925 AND feature_0 > 0.373,"{'feature_0': (0.373, 3.845), 'feature_1': (0.925, 3.852)}",2,2.428,3,[Pretrained] CF,"[412, 678]",2.678,2.691,OptRes,[Pretrained] CF OptRes,0.008,0,0.008,730,226,0.20179738562091504,5,0.25,0.0129999999999999,4.0
728,feature_0 > 0.188 AND feature_1 > 0.925 AND feature_0 > 0.373 AND feature_1 > 1.463 AND feature_1 > 1.624 AND feature_7 > 0.014 AND feature_0 > 0.608,"{'feature_0': (0.608, 3.845), 'feature_1': (1.624, 3.852), 'feature_7': (0.014, 3.492)}",3,2.667,7,[Pretrained] CF,"[412, 678, 688, 714, 720, 726]",3.228,3.177,ResOve,[Pretrained] CF ResOve,0.164,0,0.164,730,26,0.23969230769230768,5,0.5610000000000004,0.051000000000000156,4.0
706,feature_0 > 0.188 AND feature_1 > 0.925 AND feature_0 > 0.373 AND feature_1 <= 1.463 AND feature_0 > 0.745 AND feature_1 > 1.12 AND feature_6 <= 0.339,"{'feature_0': (0.745, 3.845), 'feature_1': (1.12, 1.463), 'feature_6': (-4.852, 0.339)}",3,2.509,7,[Pretrained] CF,"[412, 678, 688, 689, 697, 705]",2.809,2.887,ResOve,[Pretrained] CF ResOve,0.164,0,0.164,730,32,0.0,5,0.30000000000000027,0.07799999999999985,4.0
726,feature_0 > 0.188 AND feature_1 > 0.925 AND feature_0 > 0.373 AND feature_1 > 1.463 AND feature_1 > 1.624 AND feature_7 > 0.014,"{'feature_0': (0.373, 3.845), 'feature_1': (1.624, 3.852), 'feature_7': (0.014, 3.492)}",3,2.643,6,[Pretrained] CF,"[412, 678, 688, 714, 720]",3.04,2.978,ResOve,[Pretrained] CF ResOve,0.164,0,0.164,730,37,0.26069230769230767,5,0.39700000000000024,0.06199999999999983,4.0
721,feature_0 > 0.188 AND feature_1 > 0.925 AND feature_0 > 0.373 AND feature_1 > 1.463 AND feature_1 > 1.624 AND feature_7 <= 0.014,"{'feature_0': (0.373, 3.845), 'feature_1': (1.624, 3.852), 'feature_7': (-3.746, 0.014)}",3,2.816,6,[Pretrained] CF,"[412, 678, 688, 714, 720]",3.131,3.019,ResOve,[Pretrained] CF ResOve,0.164,0,0.164,730,33,0.097,5,0.31499999999999995,0.11199999999999966,4.0
714,feature_0 > 0.188 AND feature_1 > 0.925 AND feature_0 > 0.373 AND feature_1 > 1.463,"{'feature_0': (0.373, 3.845), 'feature_1': (1.463, 3.852)}",2,2.68,4,[Pretrained] CF,"[412, 678, 688]",2.976,2.959,ResOve,[Pretrained] CF ResOve,0.164,0,0.164,730,87,0.232,5,0.2959999999999998,0.016999999999999904,4.0
721,feature_0 > 0.188 AND feature_1 > 0.925 AND feature_0 > 0.373 AND feature_1 > 1.463 AND feature_1 > 1.624 AND feature_7 <= 0.014,"{'feature_0': (0.373, 3.845), 'feature_1': (1.624, 3.852), 'feature_7': (-3.746, 0.014)}",3,2.816,6,[Pretrained] CF,"[412, 678, 688, 714, 720]",3.131,3.019,NoOve,[Pretrained] CF NoOve,0.025,0,0.025,730,33,0.0,5,0.31499999999999995,0.11199999999999966,4.0
726,feature_0 > 0.188 AND feature_1 > 0.925 AND feature_0 > 0.373 AND feature_1 > 1.463 AND feature_1 > 1.624 AND feature_7 > 0.014,"{'feature_0': (0.373, 3.845), 'feature_1': (1.624, 3.852), 'feature_7': (0.014, 3.492)}",3,2.643,6,[Pretrained] CF,"[412, 678, 688, 714, 720]",3.04,2.978,NoOve,[Pretrained] CF NoOve,0.025,0,0.025,730,37,0.0,5,0.39700000000000024,0.06199999999999983,4.0
705,feature_0 > 0.188 AND feature_1 > 0.925 AND feature_0 > 0.373 AND feature_1 <= 1.463 AND feature_0 > 0.745 AND feature_1 > 1.12,"{'feature_0': (0.745, 3.845), 'feature_1': (1.12, 1.463)}",2,2.445,6,[Pretrained] CF,"[412, 678, 688, 689, 697]",2.767,2.822,NoOve,[Pretrained] CF NoOve,0.025,0,0.025,730,54,0.0,5,0.32200000000000006,0.05500000000000016,4.0
698,feature_0 > 0.188 AND feature_1 > 0.925 AND feature_0 > 0.373 AND feature_1 <= 1.463 AND feature_0 > 0.745 AND feature_1 <= 1.12,"{'feature_0': (0.745, 3.845), 'feature_1': (0.925, 1.12)}",2,2.213,6,[Pretrained] CF,"[412, 678, 688, 689, 697]",2.576,2.631,NoOve,[Pretrained] CF NoOve,0.025,0,0.025,730,45,0.0,5,0.363,0.054999999999999716,4.0
692,feature_0 > 0.188 AND feature_1 > 0.925 AND feature_0 > 0.373 AND feature_1 <= 1.463 AND feature_0 <= 0.745 AND feature_1 > 1.075,"{'feature_0': (0.373, 0.745), 'feature_1': (1.075, 1.463)}",2,2.152,6,[Pretrained] CF,"[412, 678, 688, 689, 690]",2.058,2.065,NoOve,[Pretrained] CF NoOve,0.025,0,0.025,730,27,0.0,5,0.0940000000000003,0.007000000000000117,4.0
724,feature_0 > 0.188 AND feature_1 > 0.925 AND feature_0 > 0.373 AND feature_1 > 1.463 AND feature_1 > 1.624 AND feature_7 <= 0.014 AND feature_0 > 0.756 AND feature_8 <= 0.263,"{'feature_0': (0.756, 3.845), 'feature_1': (1.624, 3.852), 'feature_7': (-3.746, 0.014), 'feature_8': (-4.447, 0.263)}",4,2.969,8,[Pretrained] CF,"[412, 678, 688, 714, 720, 721, 723]",3.322,3.322,OptRes,[Pretrained] CF OptRes,0.004,0,0.004,730,38,0.0979381443298969,5,0.3530000000000002,0.0,4.0
721,feature_0 > 0.188 AND feature_1 > 0.925 AND feature_0 > 0.373 AND feature_1 > 1.463 AND feature_1 > 1.624 AND feature_7 <= 0.014,"{'feature_0': (0.373, 3.845), 'feature_1': (1.624, 3.852), 'feature_7': (-3.746, 0.014)}",3,2.816,6,[Pretrained] CF,"[412, 678, 688, 714, 720]",3.131,3.131,OptRes,[Pretrained] CF OptRes,0.004,0,0.004,730,97,0.16237113402061853,5,0.31499999999999995,0.0,4.0
725,feature_0 > 0.188 AND feature_1 > 0.925 AND feature_0 > 0.373 AND feature_1 > 1.463 AND feature_1 > 1.624 AND feature_7 <= 0.014 AND feature_0 > 0.756 AND feature_8 > 0.263,"{'feature_0': (0.756, 3.845), 'feature_1': (1.624, 3.852), 'feature_7': (-3.746, 0.014), 'feature_8': (0.263, 3.832)}",4,2.764,8,[Pretrained] CF,"[412, 678, 688, 714, 720, 721, 723]",3.49,3.49,OptRes,[Pretrained] CF OptRes,0.004,0,0.004,730,25,0.06443298969072164,5,0.7260000000000004,0.0,4.0
718,feature_0 > 0.188 AND feature_1 > 0.925 AND feature_0 > 0.373 AND feature_1 > 1.463 AND feature_1 <= 1.624 AND feature_0 > 0.753 AND feature_6 <= 0.065,"{'feature_0': (0.753, 3.845), 'feature_1': (1.463, 1.624), 'feature_6': (-4.852, 0.065)}",3,2.723,7,[Pretrained] CF,"[412, 678, 688, 714, 715, 717]",3.033,3.033,OptRes,[Pretrained] CF OptRes,0.004,0,0.004,730,21,0.0,5,0.31000000000000005,0.0,4.0
729,feature_0 > 0.188 AND feature_1 > 0.925 AND feature_0 > 0.373 AND feature_1 > 1.463 AND feature_1 > 1.624 AND feature_7 > 0.014 AND feature_0 > 0.608 AND feature_9 <= 0.056,"{'feature_0': (0.608, 3.845), 'feature_1': (1.624, 3.852), 'feature_7': (0.014, 3.492), 'feature_9': (-3.581, 0.056)}",4,2.706,8,[Pretrained] CF,"[412, 678, 688, 714, 720, 726, 728]",3.09,3.09,OptRes,[Pretrained] CF OptRes,0.004,0,0.004,730,25,0.0,5,0.3839999999999999,0.0,4.0
722,feature_0 > 0.188 AND feature_1 > 0.925 AND feature_0 > 0.373 AND feature_1 > 1.463 AND feature_1 > 1.624 AND feature_7 <= 0.014 AND feature_0 <= 0.756,"{'feature_0': (0.373, 0.756), 'feature_1': (1.624, 3.852), 'feature_7': (-3.746, 0.014)}",3,2.685,7,[Pretrained] CF,"[412, 678, 688, 714, 720, 721]",2.654,2.654,ResOve,[Pretrained] CF ResOve,0.064,0,0.064,730,34,0.0,5,0.03100000000000014,0.0,4.0
725,feature_0 > 0.188 AND feature_1 > 0.925 AND feature_0 > 0.373 AND feature_1 > 1.463 AND feature_1 > 1.624 AND feature_7 <= 0.014 AND feature_0 > 0.756 AND feature_8 > 0.263,"{'feature_0': (0.756, 3.845), 'feature_1': (1.624, 3.852), 'feature_7': (-3.746, 0.014), 'feature_8': (0.263, 3.832)}",4,2.764,8,[Pretrained] CF,"[412, 678, 688, 714, 720, 721, 723]",3.49,3.49,ResOve,[Pretrained] CF ResOve,0.064,0,0.064,730,25,0.0,5,0.7260000000000004,0.0,4.0
718,feature_0 > 0.188 AND feature_1 > 0.925 AND feature_0 > 0.373 AND feature_1 > 1.463 AND feature_1 <= 1.624 AND feature_0 > 0.753 AND feature_6 <= 0.065,"{'feature_0': (0.753, 3.845), 'feature_1': (1.463, 1.624), 'feature_6': (-4.852, 0.065)}",3,2.723,7,[Pretrained] CF,"[412, 678, 688, 714, 715, 717]",3.033,3.033,ResOve,[Pretrained] CF ResOve,0.064,0,0.064,730,21,0.0,5,0.31000000000000005,0.0,4.0
730,feature_0 > 0.188 AND feature_1 > 0.925 AND feature_0 > 0.373 AND feature_1 > 1.463 AND feature_1 > 1.624 AND feature_7 > 0.014 AND feature_0 > 0.608 AND feature_9 > 0.056,"{'feature_0': (0.608, 3.845), 'feature_1': (1.624, 3.852), 'feature_7': (0.014, 3.492), 'feature_9': (0.056, 3.767)}",4,2.637,8,[Pretrained] CF,"[412, 678, 688, 714, 720, 726, 728]",3.336,3.336,ResOve,[Pretrained] CF ResOve,0.064,0,0.064,730,32,0.0,5,0.6989999999999998,0.0,4.0
729,feature_0 > 0.188 AND feature_1 > 0.925 AND feature_0 > 0.373 AND feature_1 > 1.463 AND feature_1 > 1.624 AND feature_7 > 0.014 AND feature_0 > 0.608 AND feature_9 <= 0.056,"{'feature_0': (0.608, 3.845), 'feature_1': (1.624, 3.852), 'feature_7': (0.014, 3.492), 'feature_9': (-3.581, 0.056)}",4,2.706,8,[Pretrained] CF,"[412, 678, 688, 714, 720, 726, 728]",3.09,3.09,ResOve,[Pretrained] CF ResOve,0.064,0,0.064,730,25,0.0,5,0.3839999999999999,0.0,4.0
724,feature_0 > 0.188 AND feature_1 > 0.925 AND feature_0 > 0.373 AND feature_1 > 1.463 AND feature_1 > 1.624 AND feature_7 <= 0.014 AND feature_0 > 0.756 AND feature_8 <= 0.263,"{'feature_0': (0.756, 3.845), 'feature_1': (1.624, 3.852), 'feature_7': (-3.746, 0.014), 'feature_8': (-4.447, 0.263)}",4,2.969,8,[Pretrained] CF,"[412, 678, 688, 714, 720, 721, 723]",3.322,3.322,NoOve,[Pretrained] CF NoOve,0.007,0,0.007,730,38,0.0,5,0.3530000000000002,0.0,4.0
725,feature_0 > 0.188 AND feature_1 > 0.925 AND feature_0 > 0.373 AND feature_1 > 1.463 AND feature_1 > 1.624 AND feature_7 <= 0.014 AND feature_0 > 0.756 AND feature_8 > 0.263,"{'feature_0': (0.756, 3.845), 'feature_1': (1.624, 3.852), 'feature_7': (-3.746, 0.014), 'feature_8': (0.263, 3.832)}",4,2.764,8,[Pretrained] CF,"[412, 678, 688, 714, 720, 721, 723]",3.49,3.49,NoOve,[Pretrained] CF NoOve,0.007,0,0.007,730,25,0.0,5,0.7260000000000004,0.0,4.0
729,feature_0 > 0.188 AND feature_1 > 0.925 AND feature_0 > 0.373 AND feature_1 > 1.463 AND feature_1 > 1.624 AND feature_7 > 0.014 AND feature_0 > 0.608 AND feature_9 <= 0.056,"{'feature_0': (0.608, 3.845), 'feature_1': (1.624, 3.852), 'feature_7': (0.014, 3.492), 'feature_9': (-3.581, 0.056)}",4,2.706,8,[Pretrained] CF,"[412, 678, 688, 714, 720, 726, 728]",3.09,3.09,NoOve,[Pretrained] CF NoOve,0.007,0,0.007,730,25,0.0,5,0.3839999999999999,0.0,4.0
730,feature_0 > 0.188 AND feature_1 > 0.925 AND feature_0 > 0.373 AND feature_1 > 1.463 AND feature_1 > 1.624 AND feature_7 > 0.014 AND feature_0 > 0.608 AND feature_9 > 0.056,"{'feature_0': (0.608, 3.845), 'feature_1': (1.624, 3.852), 'feature_7': (0.014, 3.492), 'feature_9': (0.056, 3.767)}",4,2.637,8,[Pretrained] CF,"[412, 678, 688, 714, 720, 726, 728]",3.336,3.336,NoOve,[Pretrained] CF NoOve,0.007,0,0.007,730,32,0.0,5,0.6989999999999998,0.0,4.0
710,feature_0 > 0.188 AND feature_1 > 0.925 AND feature_0 > 0.373 AND feature_1 <= 1.463 AND feature_0 > 0.745 AND feature_1 > 1.12 AND feature_6 <= 0.339 AND feature_0 > 1.274,"{'feature_0': (1.274, 3.845), 'feature_1': (1.12, 1.463), 'feature_6': (-4.852, 0.339)}",3,2.623,8,[Pretrained] CF,"[412, 678, 688, 689, 697, 705, 706]",3.195,3.195,NoOve,[Pretrained] CF NoOve,0.007,0,0.007,730,35,0.0,5,0.5719999999999996,0.0,4.0
724,feature_0 > 0.188 AND feature_1 > 0.925 AND feature_0 > 0.373 AND feature_1 > 1.463 AND feature_1 > 1.624 AND feature_7 <= 0.014 AND feature_0 > 0.756 AND feature_8 <= 0.263,"{'feature_0': (0.756, 3.845), 'feature_1': (1.624, 3.852), 'feature_7': (-3.746, 0.014), 'feature_8': (-4.447, 0.263)}",4,2.969,8,[Pretrained] CF,"[412, 678, 688, 714, 720, 721, 723]",3.322,3.322,OptRes,[Pretrained] CF OptRes,0.006,0,0.006,730,38,0.1359381443298969,5,0.3530000000000002,0.0,4.0
721,feature_0 > 0.188 AND feature_1 > 0.925 AND feature_0 > 0.373 AND feature_1 > 1.463 AND feature_1 > 1.624 AND feature_7 <= 0.014,"{'feature_0': (0.373, 3.845), 'feature_1': (1.624, 3.852), 'feature_7': (-3.746, 0.014)}",3,2.816,6,[Pretrained] CF,"[412, 678, 688, 714, 720]",3.131,3.131,OptRes,[Pretrained] CF OptRes,0.006,0,0.006,730,97,0.347,5,0.31499999999999995,0.0,4.0
725,feature_0 > 0.188 AND feature_1 > 0.925 AND feature_0 > 0.373 AND feature_1 > 1.463 AND feature_1 > 1.624 AND feature_7 <= 0.014 AND feature_0 > 0.756 AND feature_8 > 0.263,"{'feature_0': (0.756, 3.845), 'feature_1': (1.624, 3.852), 'feature_7': (-3.746, 0.014), 'feature_8': (0.263, 3.832)}",4,2.764,8,[Pretrained] CF,"[412, 678, 688, 714, 720, 721, 723]",3.49,3.49,OptRes,[Pretrained] CF OptRes,0.006,0,0.006,730,25,0.08943298969072164,5,0.7260000000000004,0.0,4.0
722,feature_0 > 0.188 AND feature_1 > 0.925 AND feature_0 > 0.373 AND feature_1 > 1.463 AND feature_1 > 1.624 AND feature_7 <= 0.014 AND feature_0 <= 0.756,"{'feature_0': (0.373, 0.756), 'feature_1': (1.624, 3.852), 'feature_7': (-3.746, 0.014)}",3,2.685,7,[Pretrained] CF,"[412, 678, 688, 714, 720, 721]",2.654,2.654,OptRes,[Pretrained] CF OptRes,0.006,0,0.006,730,34,0.12162886597938144,5,0.03100000000000014,0.0,4.0
714,feature_0 > 0.188 AND feature_1 > 0.925 AND feature_0 > 0.373 AND feature_1 > 1.463,"{'feature_0': (0.373, 3.845), 'feature_1': (1.463, 3.852)}",2,2.68,4,[Pretrained] CF,"[412, 678, 688]",2.976,2.987,OptRes,[Pretrained] CF OptRes,0.006,0,0.006,730,212,0.194,5,0.2959999999999998,0.01100000000000012,4.0
726,feature_0 > 0.188 AND feature_1 > 0.925 AND feature_0 > 0.373 AND feature_1 > 1.463 AND feature_1 > 1.624 AND feature_7 > 0.014,"{'feature_0': (0.373, 3.845), 'feature_1': (1.624, 3.852), 'feature_7': (0.014, 3.492)}",3,2.643,6,[Pretrained] CF,"[412, 678, 688, 714, 720]",3.04,3.02,ResOve,[Pretrained] CF ResOve,0.109,0,0.109,730,57,0.0,5,0.39700000000000024,0.020000000000000018,4.0
725,feature_0 > 0.188 AND feature_1 > 0.925 AND feature_0 > 0.373 AND feature_1 > 1.463 AND feature_1 > 1.624 AND feature_7 <= 0.014 AND feature_0 > 0.756 AND feature_8 > 0.263,"{'feature_0': (0.756, 3.845), 'feature_1': (1.624, 3.852), 'feature_7': (-3.746, 0.014), 'feature_8': (0.263, 3.832)}",4,2.764,8,[Pretrained] CF,"[412, 678, 688, 714, 720, 721, 723]",3.49,3.49,ResOve,[Pretrained] CF ResOve,0.109,0,0.109,730,25,0.0,5,0.7260000000000004,0.0,4.0
724,feature_0 > 0.188 AND feature_1 > 0.925 AND feature_0 > 0.373 AND feature_1 > 1.463 AND feature_1 > 1.624 AND feature_7 <= 0.014 AND feature_0 > 0.756 AND feature_8 <= 0.263,"{'feature_0': (0.756, 3.845), 'feature_1': (1.624, 3.852), 'feature_7': (-3.746, 0.014), 'feature_8': (-4.447, 0.263)}",4,2.969,8,[Pretrained] CF,"[412, 678, 688, 714, 720, 721, 723]",3.322,3.322,ResOve,[Pretrained] CF ResOve,0.109,0,0.109,730,38,0.0,5,0.3530000000000002,0.0,4.0
717,feature_0 > 0.188 AND feature_1 > 0.925 AND feature_0 > 0.373 AND feature_1 > 1.463 AND feature_1 <= 1.624 AND feature_0 > 0.753,"{'feature_0': (0.753, 3.845), 'feature_1': (1.463, 1.624)}",2,2.63,6,[Pretrained] CF,"[412, 678, 688, 714, 715]",2.992,2.947,ResOve,[Pretrained] CF ResOve,0.109,0,0.109,730,39,0.0,5,0.3620000000000001,0.04499999999999993,4.0
710,feature_0 > 0.188 AND feature_1 > 0.925 AND feature_0 > 0.373 AND feature_1 <= 1.463 AND feature_0 > 0.745 AND feature_1 > 1.12 AND feature_6 <= 0.339 AND feature_0 > 1.274,"{'feature_0': (1.274, 3.845), 'feature_1': (1.12, 1.463), 'feature_6': (-4.852, 0.339)}",3,2.623,8,[Pretrained] CF,"[412, 678, 688, 689, 697, 705, 706]",3.195,3.167,ResOve,[Pretrained] CF ResOve,0.109,0,0.109,730,31,0.0,5,0.5719999999999996,0.028000000000000025,4.0
724,feature_0 > 0.188 AND feature_1 > 0.925 AND feature_0 > 0.373 AND feature_1 > 1.463 AND feature_1 > 1.624 AND feature_7 <= 0.014 AND feature_0 > 0.756 AND feature_8 <= 0.263,"{'feature_0': (0.756, 3.845), 'feature_1': (1.624, 3.852), 'feature_7': (-3.746, 0.014), 'feature_8': (-4.447, 0.263)}",4,2.969,8,[Pretrained] CF,"[412, 678, 688, 714, 720, 721, 723]",3.322,3.322,NoOve,[Pretrained] CF NoOve,0.008,0,0.008,730,38,0.0,5,0.3530000000000002,0.0,4.0
725,feature_0 > 0.188 AND feature_1 > 0.925 AND feature_0 > 0.373 AND feature_1 > 1.463 AND feature_1 > 1.624 AND feature_7 <= 0.014 AND feature_0 > 0.756 AND feature_8 > 0.263,"{'feature_0': (0.756, 3.845), 'feature_1': (1.624, 3.852), 'feature_7': (-3.746, 0.014), 'feature_8': (0.263, 3.832)}",4,2.764,8,[Pretrained] CF,"[412, 678, 688, 714, 720, 721, 723]",3.49,3.49,NoOve,[Pretrained] CF NoOve,0.008,0,0.008,730,25,0.0,5,0.7260000000000004,0.0,4.0
730,feature_0 > 0.188 AND feature_1 > 0.925 AND feature_0 > 0.373 AND feature_1 > 1.463 AND feature_1 > 1.624 AND feature_7 > 0.014 AND feature_0 > 0.608 AND feature_9 > 0.056,"{'feature_0': (0.608, 3.845), 'feature_1': (1.624, 3.852), 'feature_7': (0.014, 3.492), 'feature_9': (0.056, 3.767)}",4,2.637,8,[Pretrained] CF,"[412, 678, 688, 714, 720, 726, 728]",3.336,3.303,NoOve,[Pretrained] CF NoOve,0.008,0,0.008,730,25,0.0,5,0.6989999999999998,0.03299999999999992,4.0
710,feature_0 > 0.188 AND feature_1 > 0.925 AND feature_0 > 0.373 AND feature_1 <= 1.463 AND feature_0 > 0.745 AND feature_1 > 1.12 AND feature_6 <= 0.339 AND feature_0 > 1.274,"{'feature_0': (1.274, 3.845), 'feature_1': (1.12, 1.463), 'feature_6': (-4.852, 0.339)}",3,2.623,8,[Pretrained] CF,"[412, 678, 688, 689, 697, 705, 706]",3.195,3.167,NoOve,[Pretrained] CF NoOve,0.008,0,0.008,730,31,0.0,5,0.5719999999999996,0.028000000000000025,4.0
707,feature_0 > 0.188 AND feature_1 > 0.925 AND feature_0 > 0.373 AND feature_1 <= 1.463 AND feature_0 > 0.745 AND feature_1 > 1.12 AND feature_6 <= 0.339 AND feature_0 <= 1.274,"{'feature_0': (0.745, 1.274), 'feature_1': (1.12, 1.463), 'feature_6': (-4.852, 0.339)}",3,2.436,8,[Pretrained] CF,"[412, 678, 688, 689, 697, 705, 706]",2.563,2.577,NoOve,[Pretrained] CF NoOve,0.008,0,0.008,730,48,0.0,5,0.12700000000000022,0.01399999999999979,4.0
724,feature_0 > 0.188 AND feature_1 > 0.925 AND feature_0 > 0.373 AND feature_1 > 1.463 AND feature_1 > 1.624 AND feature_7 <= 0.014 AND feature_0 > 0.756 AND feature_8 <= 0.263,"{'feature_0': (0.756, 3.845), 'feature_1': (1.624, 3.852), 'feature_7': (-3.746, 0.014), 'feature_8': (-4.447, 0.263)}",4,2.969,8,[Pretrained] CF,"[412, 678, 688, 714, 720, 721, 723]",3.322,3.341,OptRes,[Pretrained] CF OptRes,0.005,0,0.005,730,33,0.0979381443298969,5,0.3530000000000002,0.019000000000000128,4.0
721,feature_0 > 0.188 AND feature_1 > 0.925 AND feature_0 > 0.373 AND feature_1 > 1.463 AND feature_1 > 1.624 AND feature_7 <= 0.014,"{'feature_0': (0.373, 3.845), 'feature_1': (1.624, 3.852), 'feature_7': (-3.746, 0.014)}",3,2.816,6,[Pretrained] CF,"[412, 678, 688, 714, 720]",3.131,3.111,OptRes,[Pretrained] CF OptRes,0.005,0,0.005,730,82,0.18556701030927836,5,0.31499999999999995,0.019999999999999574,4.0
718,feature_0 > 0.188 AND feature_1 > 0.925 AND feature_0 > 0.373 AND feature_1 > 1.463 AND feature_1 <= 1.624 AND feature_0 > 0.753 AND feature_6 <= 0.065,"{'feature_0': (0.753, 3.845), 'feature_1': (1.463, 1.624), 'feature_6': (-4.852, 0.065)}",3,2.723,7,[Pretrained] CF,"[412, 678, 688, 714, 715, 717]",3.033,3.033,OptRes,[Pretrained] CF OptRes,0.005,0,0.005,730,21,0.0,5,0.31000000000000005,0.0,4.0
729,feature_0 > 0.188 AND feature_1 > 0.925 AND feature_0 > 0.373 AND feature_1 > 1.463 AND feature_1 > 1.624 AND feature_7 > 0.014 AND feature_0 > 0.608 AND feature_9 <= 0.056,"{'feature_0': (0.608, 3.845), 'feature_1': (1.624, 3.852), 'feature_7': (0.014, 3.492), 'feature_9': (-3.581, 0.056)}",4,2.706,8,[Pretrained] CF,"[412, 678, 688, 714, 720, 726, 728]",3.09,3.023,OptRes,[Pretrained] CF OptRes,0.005,0,0.005,730,22,0.0,5,0.3839999999999999,0.06699999999999973,4.0
722,feature_0 > 0.188 AND feature_1 > 0.925 AND feature_0 > 0.373 AND feature_1 > 1.463 AND feature_1 > 1.624 AND feature_7 <= 0.014 AND feature_0 <= 0.756,"{'feature_0': (0.373, 0.756), 'feature_1': (1.624, 3.852), 'feature_7': (-3.746, 0.014)}",3,2.685,7,[Pretrained] CF,"[412, 678, 688, 714, 720, 721]",2.654,2.651,OptRes,[Pretrained] CF OptRes,0.005,0,0.005,730,30,0.08762886597938144,5,0.03100000000000014,0.0030000000000001137,4.0
723,feature_0 > 0.188 AND feature_1 > 0.925 AND feature_0 > 0.373 AND feature_1 > 1.463 AND feature_1 > 1.624 AND feature_7 <= 0.014 AND feature_0 > 0.756,"{'feature_0': (0.756, 3.845), 'feature_1': (1.624, 3.852), 'feature_7': (-3.746, 0.014)}",3,2.889,7,[Pretrained] CF,"[412, 678, 688, 714, 720, 721]",3.389,3.376,ResOve,[Pretrained] CF ResOve,0.116,0,0.116,730,52,0.0,5,0.5,0.0129999999999999,4.0
722,feature_0 > 0.188 AND feature_1 > 0.925 AND feature_0 > 0.373 AND feature_1 > 1.463 AND feature_1 > 1.624 AND feature_7 <= 0.014 AND feature_0 <= 0.756,"{'feature_0': (0.373, 0.756), 'feature_1': (1.624, 3.852), 'feature_7': (-3.746, 0.014)}",3,2.685,7,[Pretrained] CF,"[412, 678, 688, 714, 720, 721]",2.654,2.651,ResOve,[Pretrained] CF ResOve,0.116,0,0.116,730,30,0.0,5,0.03100000000000014,0.0030000000000001137,4.0
730,feature_0 > 0.188 AND feature_1 > 0.925 AND feature_0 > 0.373 AND feature_1 > 1.463 AND feature_1 > 1.624 AND feature_7 > 0.014 AND feature_0 > 0.608 AND feature_9 > 0.056,"{'feature_0': (0.608, 3.845), 'feature_1': (1.624, 3.852), 'feature_7': (0.014, 3.492), 'feature_9': (0.056, 3.767)}",4,2.637,8,[Pretrained] CF,"[412, 678, 688, 714, 720, 726, 728]",3.336,3.442,ResOve,[Pretrained] CF ResOve,0.116,0,0.116,730,25,0.0,5,0.6989999999999998,0.10600000000000032,4.0
729,feature_0 > 0.188 AND feature_1 > 0.925 AND feature_0 > 0.373 AND feature_1 > 1.463 AND feature_1 > 1.624 AND feature_7 > 0.014 AND feature_0 > 0.608 AND feature_9 <= 0.056,"{'feature_0': (0.608, 3.845), 'feature_1': (1.624, 3.852), 'feature_7': (0.014, 3.492), 'feature_9': (-3.581, 0.056)}",4,2.706,8,[Pretrained] CF,"[412, 678, 688, 714, 720, 726, 728]",3.09,3.023,ResOve,[Pretrained] CF ResOve,0.116,0,0.116,730,22,0.0,5,0.3839999999999999,0.06699999999999973,4.0
718,feature_0 > 0.188 AND feature_1 > 0.925 AND feature_0 > 0.373 AND feature_1 > 1.463 AND feature_1 <= 1.624 AND feature_0 > 0.753 AND feature_6 <= 0.065,"{'feature_0': (0.753, 3.845), 'feature_1': (1.463, 1.624), 'feature_6': (-4.852, 0.065)}",3,2.723,7,[Pretrained] CF,"[412, 678, 688, 714, 715, 717]",3.033,3.033,ResOve,[Pretrained] CF ResOve,0.116,0,0.116,730,21,0.0,5,0.31000000000000005,0.0,4.0
723,feature_0 > 0.188 AND feature_1 > 0.925 AND feature_0 > 0.373 AND feature_1 > 1.463 AND feature_1 > 1.624 AND feature_7 <= 0.014 AND feature_0 > 0.756,"{'feature_0': (0.756, 3.845), 'feature_1': (1.624, 3.852), 'feature_7': (-3.746, 0.014)}",3,2.889,7,[Pretrained] CF,"[412, 678, 688, 714, 720, 721]",3.389,3.376,NoOve,[Pretrained] CF NoOve,0.009,0,0.009,730,52,0.0,5,0.5,0.0129999999999999,4.0
718,feature_0 > 0.188 AND feature_1 > 0.925 AND feature_0 > 0.373 AND feature_1 > 1.463 AND feature_1 <= 1.624 AND feature_0 > 0.753 AND feature_6 <= 0.065,"{'feature_0': (0.753, 3.845), 'feature_1': (1.463, 1.624), 'feature_6': (-4.852, 0.065)}",3,2.723,7,[Pretrained] CF,"[412, 678, 688, 714, 715, 717]",3.033,3.033,NoOve,[Pretrained] CF NoOve,0.009,0,0.009,730,21,0.0,5,0.31000000000000005,0.0,4.0
722,feature_0 > 0.188 AND feature_1 > 0.925 AND feature_0 > 0.373 AND feature_1 > 1.463 AND feature_1 > 1.624 AND feature_7 <= 0.014 AND feature_0 <= 0.756,"{'feature_0': (0.373, 0.756), 'feature_1': (1.624, 3.852), 'feature_7': (-3.746, 0.014)}",3,2.685,7,[Pretrained] CF,"[412, 678, 688, 714, 720, 721]",2.654,2.651,NoOve,[Pretrained] CF NoOve,0.009,0,0.009,730,30,0.0,5,0.03100000000000014,0.0030000000000001137,4.0
728,feature_0 > 0.188 AND feature_1 > 0.925 AND feature_0 > 0.373 AND feature_1 > 1.463 AND feature_1 > 1.624 AND feature_7 > 0.014 AND feature_0 > 0.608,"{'feature_0': (0.608, 3.845), 'feature_1': (1.624, 3.852), 'feature_7': (0.014, 3.492)}",3,2.667,7,[Pretrained] CF,"[412, 678, 688, 714, 720, 726]",3.228,3.246,NoOve,[Pretrained] CF NoOve,0.009,0,0.009,730,47,0.0,5,0.5610000000000004,0.017999999999999794,4.0
706,feature_0 > 0.188 AND feature_1 > 0.925 AND feature_0 > 0.373 AND feature_1 <= 1.463 AND feature_0 > 0.745 AND feature_1 > 1.12 AND feature_6 <= 0.339,"{'feature_0': (0.745, 3.845), 'feature_1': (1.12, 1.463), 'feature_6': (-4.852, 0.339)}",3,2.509,7,[Pretrained] CF,"[412, 678, 688, 689, 697, 705]",2.809,2.809,NoOve,[Pretrained] CF NoOve,0.009,0,0.009,730,90,0.0,5,0.30000000000000027,0.0,4.0
723,feature_0 > 0.188 AND feature_1 > 0.925 AND feature_0 > 0.373 AND feature_1 > 1.463 AND feature_1 > 1.624 AND feature_7 <= 0.014 AND feature_0 > 0.756,"{'feature_0': (0.756, 3.845), 'feature_1': (1.624, 3.852), 'feature_7': (-3.746, 0.014)}",3,2.889,7,[Pretrained] CF,"[412, 678, 688, 714, 720, 721]",3.389,3.313,OptRes,[Pretrained] CF OptRes,0.008,0,0.008,730,28,0.09,5,0.5,0.07599999999999962,4.0
720,feature_0 > 0.188 AND feature_1 > 0.925 AND feature_0 > 0.373 AND feature_1 > 1.463 AND feature_1 > 1.624,"{'feature_0': (0.373, 3.845), 'feature_1': (1.624, 3.852)}",2,2.739,5,[Pretrained] CF,"[412, 678, 688, 714]",3.09,3.042,OptRes,[Pretrained] CF OptRes,0.008,0,0.008,730,75,0.17142857142857143,5,0.351,0.04800000000000004,4.0
728,feature_0 > 0.188 AND feature_1 > 0.925 AND feature_0 > 0.373 AND feature_1 > 1.463 AND feature_1 > 1.624 AND feature_7 > 0.014 AND feature_0 > 0.608,"{'feature_0': (0.608, 3.845), 'feature_1': (1.624, 3.852), 'feature_7': (0.014, 3.492)}",3,2.667,7,[Pretrained] CF,"[412, 678, 688, 714, 720, 726]",3.228,3.152,OptRes,[Pretrained] CF OptRes,0.008,0,0.008,730,22,0.08142857142857143,5,0.5610000000000004,0.07600000000000007,4.0
717,feature_0 > 0.188 AND feature_1 > 0.925 AND feature_0 > 0.373 AND feature_1 > 1.463 AND feature_1 <= 1.624 AND feature_0 > 0.753,"{'feature_0': (0.753, 3.845), 'feature_1': (1.463, 1.624)}",2,2.63,6,[Pretrained] CF,"[412, 678, 688, 714, 715]",2.992,3.01,OptRes,[Pretrained] CF OptRes,0.008,0,0.008,730,24,0.0,5,0.3620000000000001,0.017999999999999794,4.0
706,feature_0 > 0.188 AND feature_1 > 0.925 AND feature_0 > 0.373 AND feature_1 <= 1.463 AND feature_0 > 0.745 AND feature_1 > 1.12 AND feature_6 <= 0.339,"{'feature_0': (0.745, 3.845), 'feature_1': (1.12, 1.463), 'feature_6': (-4.852, 0.339)}",3,2.509,7,[Pretrained] CF,"[412, 678, 688, 689, 697, 705]",2.809,2.831,OptRes,[Pretrained] CF OptRes,0.008,0,0.008,730,42,0.0,5,0.30000000000000027,0.021999999999999797,4.0
728,feature_0 > 0.188 AND feature_1 > 0.925 AND feature_0 > 0.373 AND feature_1 > 1.463 AND feature_1 > 1.624 AND feature_7 > 0.014 AND feature_0 > 0.608,"{'feature_0': (0.608, 3.845), 'feature_1': (1.624, 3.852), 'feature_7': (0.014, 3.492)}",3,2.667,7,[Pretrained] CF,"[412, 678, 688, 714, 720, 726]",3.228,3.152,ResOve,[Pretrained] CF ResOve,0.128,0,0.128,730,22,0.18269230769230768,5,0.5610000000000004,0.07600000000000007,4.0
726,feature_0 > 0.188 AND feature_1 > 0.925 AND feature_0 > 0.373 AND feature_1 > 1.463 AND feature_1 > 1.624 AND feature_7 > 0.014,"{'feature_0': (0.373, 3.845), 'feature_1': (1.624, 3.852), 'feature_7': (0.014, 3.492)}",3,2.643,6,[Pretrained] CF,"[412, 678, 688, 714, 720]",3.04,2.983,ResOve,[Pretrained] CF ResOve,0.128,0,0.128,730,31,0.18269230769230768,5,0.39700000000000024,0.05699999999999994,4.0
723,feature_0 > 0.188 AND feature_1 > 0.925 AND feature_0 > 0.373 AND feature_1 > 1.463 AND feature_1 > 1.624 AND feature_7 <= 0.014 AND feature_0 > 0.756,"{'feature_0': (0.756, 3.845), 'feature_1': (1.624, 3.852), 'feature_7': (-3.746, 0.014)}",3,2.889,7,[Pretrained] CF,"[412, 678, 688, 714, 720, 721]",3.389,3.313,ResOve,[Pretrained] CF ResOve,0.128,0,0.128,730,28,0.16237113402061856,5,0.5,0.07599999999999962,4.0
721,feature_0 > 0.188 AND feature_1 > 0.925 AND feature_0 > 0.373 AND feature_1 > 1.463 AND feature_1 > 1.624 AND feature_7 <= 0.014,"{'feature_0': (0.373, 3.845), 'feature_1': (1.624, 3.852), 'feature_7': (-3.746, 0.014)}",3,2.816,6,[Pretrained] CF,"[412, 678, 688, 714, 720]",3.131,3.084,ResOve,[Pretrained] CF ResOve,0.128,0,0.128,730,44,0.16237113402061856,5,0.31499999999999995,0.04699999999999971,4.0
707,feature_0 > 0.188 AND feature_1 > 0.925 AND feature_0 > 0.373 AND feature_1 <= 1.463 AND feature_0 > 0.745 AND feature_1 > 1.12 AND feature_6 <= 0.339 AND feature_0 <= 1.274,"{'feature_0': (0.745, 1.274), 'feature_1': (1.12, 1.463), 'feature_6': (-4.852, 0.339)}",3,2.436,8,[Pretrained] CF,"[412, 678, 688, 689, 697, 705, 706]",2.563,2.542,ResOve,[Pretrained] CF ResOve,0.128,0,0.128,730,26,0.0,5,0.12700000000000022,0.02100000000000035,4.0
721,feature_0 > 0.188 AND feature_1 > 0.925 AND feature_0 > 0.373 AND feature_1 > 1.463 AND feature_1 > 1.624 AND feature_7 <= 0.014,"{'feature_0': (0.373, 3.845), 'feature_1': (1.624, 3.852), 'feature_7': (-3.746, 0.014)}",3,2.816,6,[Pretrained] CF,"[412, 678, 688, 714, 720]",3.131,3.084,NoOve,[Pretrained] CF NoOve,0.026,0,0.026,730,44,0.0,5,0.31499999999999995,0.04699999999999971,4.0
726,feature_0 > 0.188 AND feature_1 > 0.925 AND feature_0 > 0.373 AND feature_1 > 1.463 AND feature_1 > 1.624 AND feature_7 > 0.014,"{'feature_0': (0.373, 3.845), 'feature_1': (1.624, 3.852), 'feature_7': (0.014, 3.492)}",3,2.643,6,[Pretrained] CF,"[412, 678, 688, 714, 720]",3.04,2.983,NoOve,[Pretrained] CF NoOve,0.026,0,0.026,730,31,0.0,5,0.39700000000000024,0.05699999999999994,4.0
717,feature_0 > 0.188 AND feature_1 > 0.925 AND feature_0 > 0.373 AND feature_1 > 1.463 AND feature_1 <= 1.624 AND feature_0 > 0.753,"{'feature_0': (0.753, 3.845), 'feature_1': (1.463, 1.624)}",2,2.63,6,[Pretrained] CF,"[412, 678, 688, 714, 715]",2.992,3.01,NoOve,[Pretrained] CF NoOve,0.026,0,0.026,730,24,0.0,5,0.3620000000000001,0.017999999999999794,4.0
705,feature_0 > 0.188 AND feature_1 > 0.925 AND feature_0 > 0.373 AND feature_1 <= 1.463 AND feature_0 > 0.745 AND feature_1 > 1.12,"{'feature_0': (0.745, 3.845), 'feature_1': (1.12, 1.463)}",2,2.445,6,[Pretrained] CF,"[412, 678, 688, 689, 697]",2.767,2.75,NoOve,[Pretrained] CF NoOve,0.026,0,0.026,730,71,0.0,5,0.32200000000000006,0.016999999999999904,4.0
671,feature_0 > 0.188 AND feature_1 <= 0.925 AND feature_0 > 0.767 AND feature_1 > 0.122 AND feature_0 > 1.442 AND feature_4 > 0.109,"{'feature_0': (1.442, 3.845), 'feature_1': (0.122, 0.925), 'feature_4': (0.109, 3.804)}",3,2.278,6,[Pretrained] CF,"[412, 413, 541, 629, 663]",2.847,2.839,NoOve,[Pretrained] CF NoOve,0.026,0,0.026,730,53,0.0,5,0.569,0.008000000000000007,4.0
721,feature_0 > 0.188 AND feature_1 > 0.925 AND feature_0 > 0.373 AND feature_1 > 1.463 AND feature_1 > 1.624 AND feature_7 <= 0.014,"{'feature_0': (0.373, 3.845), 'feature_1': (1.624, 3.852), 'feature_7': (-3.746, 0.014)}",3,2.816,6,[Pretrained] CF,"[412, 678, 688, 714, 720]",3.131,3.151,OptRes,[Pretrained] CF OptRes,0.008,0,0.008,730,21,0.13662418300653595,5,0.31499999999999995,0.020000000000000018,4.0
714,feature_0 > 0.188 AND feature_1 > 0.925 AND feature_0 > 0.373 AND feature_1 > 1.463,"{'feature_0': (0.373, 3.845), 'feature_1': (1.463, 3.852)}",2,2.68,4,[Pretrained] CF,"[412, 678, 688]",2.976,2.949,OptRes,[Pretrained] CF OptRes,0.008,0,0.008,730,63,0.27412418300653596,5,0.2959999999999998,0.027000000000000135,4.0
715,feature_0 > 0.188 AND feature_1 > 0.925 AND feature_0 > 0.373 AND feature_1 > 1.463 AND feature_1 <= 1.624,"{'feature_0': (0.373, 3.845), 'feature_1': (1.463, 1.624)}",2,2.543,5,[Pretrained] CF,"[412, 678, 688, 714]",2.71,2.715,OptRes,[Pretrained] CF OptRes,0.008,0,0.008,730,24,0.10563725490196078,5,0.16699999999999982,0.004999999999999893,4.0
706,feature_0 > 0.188 AND feature_1 > 0.925 AND feature_0 > 0.373 AND feature_1 <= 1.463 AND feature_0 > 0.745 AND feature_1 > 1.12 AND feature_6 <= 0.339,"{'feature_0': (0.745, 3.845), 'feature_1': (1.12, 1.463), 'feature_6': (-4.852, 0.339)}",3,2.509,7,[Pretrained] CF,"[412, 678, 688, 689, 697, 705]",2.809,2.804,OptRes,[Pretrained] CF OptRes,0.008,0,0.008,730,25,0.03676470588235294,5,0.30000000000000027,0.0050000000000003375,4.0
688,feature_0 > 0.188 AND feature_1 > 0.925 AND feature_0 > 0.373,"{'feature_0': (0.373, 3.845), 'feature_1': (0.925, 3.852)}",2,2.428,3,[Pretrained] CF,"[412, 678]",2.678,2.644,OptRes,[Pretrained] CF OptRes,0.008,0,0.008,730,176,0.20915032679738563,5,0.25,0.03399999999999981,4.0
721,feature_0 > 0.188 AND feature_1 > 0.925 AND feature_0 > 0.373 AND feature_1 > 1.463 AND feature_1 > 1.624 AND feature_7 <= 0.014,"{'feature_0': (0.373, 3.845), 'feature_1': (1.624, 3.852), 'feature_7': (-3.746, 0.014)}",3,2.816,6,[Pretrained] CF,"[412, 678, 688, 714, 720]",3.131,3.151,ResOve,[Pretrained] CF ResOve,0.133,0,0.133,730,21,0.23557142857142857,5,0.31499999999999995,0.020000000000000018,4.0
720,feature_0 > 0.188 AND feature_1 > 0.925 AND feature_0 > 0.373 AND feature_1 > 1.463 AND feature_1 > 1.624,"{'feature_0': (0.373, 3.845), 'feature_1': (1.624, 3.852)}",2,2.739,5,[Pretrained] CF,"[412, 678, 688, 714]",3.09,3.092,ResOve,[Pretrained] CF ResOve,0.133,0,0.133,730,39,0.31357142857142856,5,0.351,0.002000000000000224,4.0
715,feature_0 > 0.188 AND feature_1 > 0.925 AND feature_0 > 0.373 AND feature_1 > 1.463 AND feature_1 <= 1.624,"{'feature_0': (0.373, 3.845), 'feature_1': (1.463, 1.624)}",2,2.543,5,[Pretrained] CF,"[412, 678, 688, 714]",2.71,2.715,ResOve,[Pretrained] CF ResOve,0.133,0,0.133,730,24,0.075,5,0.16699999999999982,0.004999999999999893,4.0
714,feature_0 > 0.188 AND feature_1 > 0.925 AND feature_0 > 0.373 AND feature_1 > 1.463,"{'feature_0': (0.373, 3.845), 'feature_1': (1.463, 3.852)}",2,2.68,4,[Pretrained] CF,"[412, 678, 688]",2.976,2.949,ResOve,[Pretrained] CF ResOve,0.133,0,0.133,730,63,0.34700000000000003,5,0.2959999999999998,0.027000000000000135,4.0
671,feature_0 > 0.188 AND feature_1 <= 0.925 AND feature_0 > 0.767 AND feature_1 > 0.122 AND feature_0 > 1.442 AND feature_4 > 0.109,"{'feature_0': (1.442, 3.845), 'feature_1': (0.122, 0.925), 'feature_4': (0.109, 3.804)}",3,2.278,6,[Pretrained] CF,"[412, 413, 541, 629, 663]",2.847,2.95,ResOve,[Pretrained] CF ResOve,0.133,0,0.133,730,31,0.0,5,0.569,0.1030000000000002,4.0
721,feature_0 > 0.188 AND feature_1 > 0.925 AND feature_0 > 0.373 AND feature_1 > 1.463 AND feature_1 > 1.624 AND feature_7 <= 0.014,"{'feature_0': (0.373, 3.845), 'feature_1': (1.624, 3.852), 'feature_7': (-3.746, 0.014)}",3,2.816,6,[Pretrained] CF,"[412, 678, 688, 714, 720]",3.131,3.151,NoOve,[Pretrained] CF NoOve,0.045,0,0.045,730,21,0.0,5,0.31499999999999995,0.020000000000000018,4.0
705,feature_0 > 0.188 AND feature_1 > 0.925 AND feature_0 > 0.373 AND feature_1 <= 1.463 AND feature_0 > 0.745 AND feature_1 > 1.12,"{'feature_0': (0.745, 3.845), 'feature_1': (1.12, 1.463)}",2,2.445,6,[Pretrained] CF,"[412, 678, 688, 689, 697]",2.767,2.771,NoOve,[Pretrained] CF NoOve,0.045,0,0.045,730,39,0.0,5,0.32200000000000006,0.0040000000000000036,4.0
671,feature_0 > 0.188 AND feature_1 <= 0.925 AND feature_0 > 0.767 AND feature_1 > 0.122 AND feature_0 > 1.442 AND feature_4 > 0.109,"{'feature_0': (1.442, 3.845), 'feature_1': (0.122, 0.925), 'feature_4': (0.109, 3.804)}",3,2.278,6,[Pretrained] CF,"[412, 413, 541, 629, 663]",2.847,2.95,NoOve,[Pretrained] CF NoOve,0.045,0,0.045,730,31,0.0,5,0.569,0.1030000000000002,4.0
698,feature_0 > 0.188 AND feature_1 > 0.925 AND feature_0 > 0.373 AND feature_1 <= 1.463 AND feature_0 > 0.745 AND feature_1 <= 1.12,"{'feature_0': (0.745, 3.845), 'feature_1': (0.925, 1.12)}",2,2.213,6,[Pretrained] CF,"[412, 678, 688, 689, 697]",2.576,2.606,NoOve,[Pretrained] CF NoOve,0.045,0,0.045,730,38,0.0,5,0.363,0.029999999999999805,4.0
692,feature_0 > 0.188 AND feature_1 > 0.925 AND feature_0 > 0.373 AND feature_1 <= 1.463 AND feature_0 <= 0.745 AND feature_1 > 1.075,"{'feature_0': (0.373, 0.745), 'feature_1': (1.075, 1.463)}",2,2.152,6,[Pretrained] CF,"[412, 678, 688, 689, 690]",2.058,2.057,NoOve,[Pretrained] CF NoOve,0.045,0,0.045,730,28,0.0,5,0.0940000000000003,0.0009999999999998899,4.0
720,feature_0 > 0.188 AND feature_1 > 0.925 AND feature_0 > 0.373 AND feature_1 > 1.463 AND feature_1 > 1.624,"{'feature_0': (0.373, 3.845), 'feature_1': (1.624, 3.852)}",2,2.739,5,[Pretrained] CF,"[412, 678, 688, 714]",3.09,3.022,OptRes,[Pretrained] CF OptRes,0.007,0,0.007,730,77,0.11714285714285715,5,0.351,0.06800000000000006,4.0
729,feature_0 > 0.188 AND feature_1 > 0.925 AND feature_0 > 0.373 AND feature_1 > 1.463 AND feature_1 > 1.624 AND feature_7 > 0.014 AND feature_0 > 0.608 AND feature_9 <= 0.056,"{'feature_0': (0.608, 3.845), 'feature_1': (1.624, 3.852), 'feature_7': (0.014, 3.492), 'feature_9': (-3.581, 0.056)}",4,2.706,8,[Pretrained] CF,"[412, 678, 688, 714, 720, 726, 728]",3.09,3.078,OptRes,[Pretrained] CF OptRes,0.007,0,0.007,730,22,0.14536340852130325,5,0.3839999999999999,0.01200000000000001,4.0
728,feature_0 > 0.188 AND feature_1 > 0.925 AND feature_0 > 0.373 AND feature_1 > 1.463 AND feature_1 > 1.624 AND feature_7 > 0.014 AND feature_0 > 0.608,"{'feature_0': (0.608, 3.845), 'feature_1': (1.624, 3.852), 'feature_7': (0.014, 3.492)}",3,2.667,7,[Pretrained] CF,"[412, 678, 688, 714, 720, 726]",3.228,3.231,OptRes,[Pretrained] CF OptRes,0.007,0,0.007,730,54,0.19107769423558896,5,0.5610000000000004,0.0029999999999996696,4.0
715,feature_0 > 0.188 AND feature_1 > 0.925 AND feature_0 > 0.373 AND feature_1 > 1.463 AND feature_1 <= 1.624,"{'feature_0': (0.373, 3.845), 'feature_1': (1.463, 1.624)}",2,2.543,5,[Pretrained] CF,"[412, 678, 688, 714]",2.71,2.672,OptRes,[Pretrained] CF OptRes,0.007,0,0.007,730,36,0.0,5,0.16699999999999982,0.03799999999999981,4.0
706,feature_0 > 0.188 AND feature_1 > 0.925 AND feature_0 > 0.373 AND feature_1 <= 1.463 AND feature_0 > 0.745 AND feature_1 > 1.12 AND feature_6 <= 0.339,"{'feature_0': (0.745, 3.845), 'feature_1': (1.12, 1.463), 'feature_6': (-4.852, 0.339)}",3,2.509,7,[Pretrained] CF,"[412, 678, 688, 689, 697, 705]",2.809,2.73,OptRes,[Pretrained] CF OptRes,0.007,0,0.007,730,34,0.0,5,0.30000000000000027,0.07900000000000018,4.0
730,feature_0 > 0.188 AND feature_1 > 0.925 AND feature_0 > 0.373 AND feature_1 > 1.463 AND feature_1 > 1.624 AND feature_7 > 0.014 AND feature_0 > 0.608 AND feature_9 > 0.056,"{'feature_0': (0.608, 3.845), 'feature_1': (1.624, 3.852), 'feature_7': (0.014, 3.492), 'feature_9': (0.056, 3.767)}",4,2.637,8,[Pretrained] CF,"[412, 678, 688, 714, 720, 726, 728]",3.336,3.336,ResOve,[Pretrained] CF ResOve,0.124,0,0.124,730,32,0.045714285714285714,5,0.6989999999999998,0.0,4.0
729,feature_0 > 0.188 AND feature_1 > 0.925 AND feature_0 > 0.373 AND feature_1 > 1.463 AND feature_1 > 1.624 AND feature_7 > 0.014 AND feature_0 > 0.608 AND feature_9 <= 0.056,"{'feature_0': (0.608, 3.845), 'feature_1': (1.624, 3.852), 'feature_7': (0.014, 3.492), 'feature_9': (-3.581, 0.056)}",4,2.706,8,[Pretrained] CF,"[412, 678, 688, 714, 720, 726, 728]",3.09,3.078,ResOve,[Pretrained] CF ResOve,0.124,0,0.124,730,22,0.03571428571428571,5,0.3839999999999999,0.01200000000000001,4.0
720,feature_0 > 0.188 AND feature_1 > 0.925 AND feature_0 > 0.373 AND feature_1 > 1.463 AND feature_1 > 1.624,"{'feature_0': (0.373, 3.845), 'feature_1': (1.624, 3.852)}",2,2.739,5,[Pretrained] CF,"[412, 678, 688, 714]",3.09,3.022,ResOve,[Pretrained] CF ResOve,0.124,0,0.124,730,77,0.08142857142857143,5,0.351,0.06800000000000006,4.0
715,feature_0 > 0.188 AND feature_1 > 0.925 AND feature_0 > 0.373 AND feature_1 > 1.463 AND feature_1 <= 1.624,"{'feature_0': (0.373, 3.845), 'feature_1': (1.463, 1.624)}",2,2.543,5,[Pretrained] CF,"[412, 678, 688, 714]",2.71,2.672,ResOve,[Pretrained] CF ResOve,0.124,0,0.124,730,36,0.0,5,0.16699999999999982,0.03799999999999981,4.0
706,feature_0 > 0.188 AND feature_1 > 0.925 AND feature_0 > 0.373 AND feature_1 <= 1.463 AND feature_0 > 0.745 AND feature_1 > 1.12 AND feature_6 <= 0.339,"{'feature_0': (0.745, 3.845), 'feature_1': (1.12, 1.463), 'feature_6': (-4.852, 0.339)}",3,2.509,7,[Pretrained] CF,"[412, 678, 688, 689, 697, 705]",2.809,2.73,ResOve,[Pretrained] CF ResOve,0.124,0,0.124,730,34,0.0,5,0.30000000000000027,0.07900000000000018,4.0
729,feature_0 > 0.188 AND feature_1 > 0.925 AND feature_0 > 0.373 AND feature_1 > 1.463 AND feature_1 > 1.624 AND feature_7 > 0.014 AND feature_0 > 0.608 AND feature_9 <= 0.056,"{'feature_0': (0.608, 3.845), 'feature_1': (1.624, 3.852), 'feature_7': (0.014, 3.492), 'feature_9': (-3.581, 0.056)}",4,2.706,8,[Pretrained] CF,"[412, 678, 688, 714, 720, 726, 728]",3.09,3.078,NoOve,[Pretrained] CF NoOve,0.025,0,0.025,730,22,0.0,5,0.3839999999999999,0.01200000000000001,4.0
730,feature_0 > 0.188 AND feature_1 > 0.925 AND feature_0 > 0.373 AND feature_1 > 1.463 AND feature_1 > 1.624 AND feature_7 > 0.014 AND feature_0 > 0.608 AND feature_9 > 0.056,"{'feature_0': (0.608, 3.845), 'feature_1': (1.624, 3.852), 'feature_7': (0.014, 3.492), 'feature_9': (0.056, 3.767)}",4,2.637,8,[Pretrained] CF,"[412, 678, 688, 714, 720, 726, 728]",3.336,3.336,NoOve,[Pretrained] CF NoOve,0.025,0,0.025,730,32,0.0,5,0.6989999999999998,0.0,4.0
707,feature_0 > 0.188 AND feature_1 > 0.925 AND feature_0 > 0.373 AND feature_1 <= 1.463 AND feature_0 > 0.745 AND feature_1 > 1.12 AND feature_6 <= 0.339 AND feature_0 <= 1.274,"{'feature_0': (0.745, 1.274), 'feature_1': (1.12, 1.463), 'feature_6': (-4.852, 0.339)}",3,2.436,8,[Pretrained] CF,"[412, 678, 688, 689, 697, 705, 706]",2.563,2.571,NoOve,[Pretrained] CF NoOve,0.025,0,0.025,730,25,0.0,5,0.12700000000000022,0.008000000000000007,4.0
667,feature_0 > 0.188 AND feature_1 <= 0.925 AND feature_0 > 0.767 AND feature_1 > 0.122 AND feature_0 > 1.442 AND feature_4 <= 0.109 AND feature_1 > 0.334 AND feature_6 <= 0.357,"{'feature_0': (1.442, 3.845), 'feature_1': (0.334, 0.925), 'feature_4': (-3.533, 0.109), 'feature_6': (-4.852, 0.357)}",4,2.193,8,[Pretrained] CF,"[412, 413, 541, 629, 663, 664, 666]",3.0,2.97,NoOve,[Pretrained] CF NoOve,0.025,0,0.025,730,23,0.0,5,0.8069999999999999,0.029999999999999805,4.0
700,feature_0 > 0.188 AND feature_1 > 0.925 AND feature_0 > 0.373 AND feature_1 <= 1.463 AND feature_0 > 0.745 AND feature_1 <= 1.12 AND feature_2 <= 0.899 AND feature_0 <= 1.245,"{'feature_0': (0.745, 1.245), 'feature_1': (0.925, 1.12), 'feature_2': (-3.74, 0.899)}",3,2.188,8,[Pretrained] CF,"[412, 678, 688, 689, 697, 698, 699]",2.32,2.301,NoOve,[Pretrained] CF NoOve,0.025,0,0.025,730,26,0.0,5,0.13199999999999967,0.018999999999999684,4.0
723,feature_0 > 0.188 AND feature_1 > 0.925 AND feature_0 > 0.373 AND feature_1 > 1.463 AND feature_1 > 1.624 AND feature_7 <= 0.014 AND feature_0 > 0.756,"{'feature_0': (0.756, 3.845), 'feature_1': (1.624, 3.852), 'feature_7': (-3.746, 0.014)}",3,2.889,7,[Pretrained] CF,"[412, 678, 688, 714, 720, 721]",3.389,3.308,OptRes,[Pretrained] CF OptRes,0.006,0,0.006,730,25,0.09,5,0.5,0.08099999999999996,4.0
720,feature_0 > 0.188 AND feature_1 > 0.925 AND feature_0 > 0.373 AND feature_1 > 1.463 AND feature_1 > 1.624,"{'feature_0': (0.373, 3.845), 'feature_1': (1.624, 3.852)}",2,2.739,5,[Pretrained] CF,"[412, 678, 688, 714]",3.09,3.038,OptRes,[Pretrained] CF OptRes,0.006,0,0.006,730,69,0.20142857142857143,5,0.351,0.052000000000000046,4.0
726,feature_0 > 0.188 AND feature_1 > 0.925 AND feature_0 > 0.373 AND feature_1 > 1.463 AND feature_1 > 1.624 AND feature_7 > 0.014,"{'feature_0': (0.373, 3.845), 'feature_1': (1.624, 3.852), 'feature_7': (0.014, 3.492)}",3,2.643,6,[Pretrained] CF,"[412, 678, 688, 714, 720]",3.04,2.999,OptRes,[Pretrained] CF OptRes,0.006,0,0.006,730,28,0.11142857142857143,5,0.39700000000000024,0.040999999999999925,4.0
717,feature_0 > 0.188 AND feature_1 > 0.925 AND feature_0 > 0.373 AND feature_1 > 1.463 AND feature_1 <= 1.624 AND feature_0 > 0.753,"{'feature_0': (0.753, 3.845), 'feature_1': (1.463, 1.624)}",2,2.63,6,[Pretrained] CF,"[412, 678, 688, 714, 715]",2.992,3.0,OptRes,[Pretrained] CF OptRes,0.006,0,0.006,730,23,0.0,5,0.3620000000000001,0.008000000000000007,4.0
706,feature_0 > 0.188 AND feature_1 > 0.925 AND feature_0 > 0.373 AND feature_1 <= 1.463 AND feature_0 > 0.745 AND feature_1 > 1.12 AND feature_6 <= 0.339,"{'feature_0': (0.745, 3.845), 'feature_1': (1.12, 1.463), 'feature_6': (-4.852, 0.339)}",3,2.509,7,[Pretrained] CF,"[412, 678, 688, 689, 697, 705]",2.809,2.861,OptRes,[Pretrained] CF OptRes,0.006,0,0.006,730,39,0.0,5,0.30000000000000027,0.052000000000000046,4.0
726,feature_0 > 0.188 AND feature_1 > 0.925 AND feature_0 > 0.373 AND feature_1 > 1.463 AND feature_1 > 1.624 AND feature_7 > 0.014,"{'feature_0': (0.373, 3.845), 'feature_1': (1.624, 3.852), 'feature_7': (0.014, 3.492)}",3,2.643,6,[Pretrained] CF,"[412, 678, 688, 714, 720]",3.04,2.999,ResOve,[Pretrained] CF ResOve,0.122,0,0.122,730,28,0.0,5,0.39700000000000024,0.040999999999999925,4.0
723,feature_0 > 0.188 AND feature_1 > 0.925 AND feature_0 > 0.373 AND feature_1 > 1.463 AND feature_1 > 1.624 AND feature_7 <= 0.014 AND feature_0 > 0.756,"{'feature_0': (0.756, 3.845), 'feature_1': (1.624, 3.852), 'feature_7': (-3.746, 0.014)}",3,2.889,7,[Pretrained] CF,"[412, 678, 688, 714, 720, 721]",3.389,3.308,ResOve,[Pretrained] CF ResOve,0.122,0,0.122,730,25,0.16237113402061856,5,0.5,0.08099999999999996,4.0
721,feature_0 > 0.188 AND feature_1 > 0.925 AND feature_0 > 0.373 AND feature_1 > 1.463 AND feature_1 > 1.624 AND feature_7 <= 0.014,"{'feature_0': (0.373, 3.845), 'feature_1': (1.624, 3.852), 'feature_7': (-3.746, 0.014)}",3,2.816,6,[Pretrained] CF,"[412, 678, 688, 714, 720]",3.131,3.064,ResOve,[Pretrained] CF ResOve,0.122,0,0.122,730,41,0.16237113402061856,5,0.31499999999999995,0.06699999999999973,4.0
717,feature_0 > 0.188 AND feature_1 > 0.925 AND feature_0 > 0.373 AND feature_1 > 1.463 AND feature_1 <= 1.624 AND feature_0 > 0.753,"{'feature_0': (0.753, 3.845), 'feature_1': (1.463, 1.624)}",2,2.63,6,[Pretrained] CF,"[412, 678, 688, 714, 715]",2.992,3.0,ResOve,[Pretrained] CF ResOve,0.122,0,0.122,730,23,0.0,5,0.3620000000000001,0.008000000000000007,4.0
706,feature_0 > 0.188 AND feature_1 > 0.925 AND feature_0 > 0.373 AND feature_1 <= 1.463 AND feature_0 > 0.745 AND feature_1 > 1.12 AND feature_6 <= 0.339,"{'feature_0': (0.745, 3.845), 'feature_1': (1.12, 1.463), 'feature_6': (-4.852, 0.339)}",3,2.509,7,[Pretrained] CF,"[412, 678, 688, 689, 697, 705]",2.809,2.861,ResOve,[Pretrained] CF ResOve,0.122,0,0.122,730,39,0.0,5,0.30000000000000027,0.052000000000000046,4.0
721,feature_0 > 0.188 AND feature_1 > 0.925 AND feature_0 > 0.373 AND feature_1 > 1.463 AND feature_1 > 1.624 AND feature_7 <= 0.014,"{'feature_0': (0.373, 3.845), 'feature_1': (1.624, 3.852), 'feature_7': (-3.746, 0.014)}",3,2.816,6,[Pretrained] CF,"[412, 678, 688, 714, 720]",3.131,3.064,NoOve,[Pretrained] CF NoOve,0.037,0,0.037,730,41,0.0,5,0.31499999999999995,0.06699999999999973,4.0
726,feature_0 > 0.188 AND feature_1 > 0.925 AND feature_0 > 0.373 AND feature_1 > 1.463 AND feature_1 > 1.624 AND feature_7 > 0.014,"{'feature_0': (0.373, 3.845), 'feature_1': (1.624, 3.852), 'feature_7': (0.014, 3.492)}",3,2.643,6,[Pretrained] CF,"[412, 678, 688, 714, 720]",3.04,2.999,NoOve,[Pretrained] CF NoOve,0.037,0,0.037,730,28,0.0,5,0.39700000000000024,0.040999999999999925,4.0
717,feature_0 > 0.188 AND feature_1 > 0.925 AND feature_0 > 0.373 AND feature_1 > 1.463 AND feature_1 <= 1.624 AND feature_0 > 0.753,"{'feature_0': (0.753, 3.845), 'feature_1': (1.463, 1.624)}",2,2.63,6,[Pretrained] CF,"[412, 678, 688, 714, 715]",2.992,3.0,NoOve,[Pretrained] CF NoOve,0.037,0,0.037,730,23,0.0,5,0.3620000000000001,0.008000000000000007,4.0
705,feature_0 > 0.188 AND feature_1 > 0.925 AND feature_0 > 0.373 AND feature_1 <= 1.463 AND feature_0 > 0.745 AND feature_1 > 1.12,"{'feature_0': (0.745, 3.845), 'feature_1': (1.12, 1.463)}",2,2.445,6,[Pretrained] CF,"[412, 678, 688, 689, 697]",2.767,2.783,NoOve,[Pretrained] CF NoOve,0.037,0,0.037,730,64,0.0,5,0.32200000000000006,0.016000000000000014,4.0
671,feature_0 > 0.188 AND feature_1 <= 0.925 AND feature_0 > 0.767 AND feature_1 > 0.122 AND feature_0 > 1.442 AND feature_4 > 0.109,"{'feature_0': (1.442, 3.845), 'feature_1': (0.122, 0.925), 'feature_4': (0.109, 3.804)}",3,2.278,6,[Pretrained] CF,"[412, 413, 541, 629, 663]",2.847,2.86,NoOve,[Pretrained] CF NoOve,0.037,0,0.037,730,47,0.0,5,0.569,0.0129999999999999,4.0
724,feature_0 > 0.188 AND feature_1 > 0.925 AND feature_0 > 0.373 AND feature_1 > 1.463 AND feature_1 > 1.624 AND feature_7 <= 0.014 AND feature_0 > 0.756 AND feature_8 <= 0.263,"{'feature_0': (0.756, 3.845), 'feature_1': (1.624, 3.852), 'feature_7': (-3.746, 0.014), 'feature_8': (-4.447, 0.263)}",4,2.969,8,[Pretrained] CF,"[412, 678, 688, 714, 720, 721, 723]",3.322,3.302,OptRes,[Pretrained] CF OptRes,0.007,0,0.007,730,22,0.1359381443298969,5,0.3530000000000002,0.020000000000000018,4.0
721,feature_0 > 0.188 AND feature_1 > 0.925 AND feature_0 > 0.373 AND feature_1 > 1.463 AND feature_1 > 1.624 AND feature_7 <= 0.014,"{'feature_0': (0.373, 3.845), 'feature_1': (1.624, 3.852), 'feature_7': (-3.746, 0.014)}",3,2.816,6,[Pretrained] CF,"[412, 678, 688, 714, 720]",3.131,3.212,OptRes,[Pretrained] CF OptRes,0.007,0,0.007,730,46,0.19493814432989692,5,0.31499999999999995,0.0810000000000004,4.0
714,feature_0 > 0.188 AND feature_1 > 0.925 AND feature_0 > 0.373 AND feature_1 > 1.463,"{'feature_0': (0.373, 3.845), 'feature_1': (1.463, 3.852)}",2,2.68,4,[Pretrained] CF,"[412, 678, 688]",2.976,2.985,OptRes,[Pretrained] CF OptRes,0.007,0,0.007,730,121,0.238,5,0.2959999999999998,0.008999999999999897,4.0
728,feature_0 > 0.188 AND feature_1 > 0.925 AND feature_0 > 0.373 AND feature_1 > 1.463 AND feature_1 > 1.624 AND feature_7 > 0.014 AND feature_0 > 0.608,"{'feature_0': (0.608, 3.845), 'feature_1': (1.624, 3.852), 'feature_7': (0.014, 3.492)}",3,2.667,7,[Pretrained] CF,"[412, 678, 688, 714, 720, 726]",3.228,3.314,OptRes,[Pretrained] CF OptRes,0.007,0,0.007,730,22,0.057,5,0.5610000000000004,0.08599999999999985,4.0
717,feature_0 > 0.188 AND feature_1 > 0.925 AND feature_0 > 0.373 AND feature_1 > 1.463 AND feature_1 <= 1.624 AND feature_0 > 0.753,"{'feature_0': (0.753, 3.845), 'feature_1': (1.463, 1.624)}",2,2.63,6,[Pretrained] CF,"[412, 678, 688, 714, 715]",2.992,2.918,OptRes,[Pretrained] CF OptRes,0.007,0,0.007,730,26,0.046,5,0.3620000000000001,0.07399999999999984,4.0
728,feature_0 > 0.188 AND feature_1 > 0.925 AND feature_0 > 0.373 AND feature_1 > 1.463 AND feature_1 > 1.624 AND feature_7 > 0.014 AND feature_0 > 0.608,"{'feature_0': (0.608, 3.845), 'feature_1': (1.624, 3.852), 'feature_7': (0.014, 3.492)}",3,2.667,7,[Pretrained] CF,"[412, 678, 688, 714, 720, 726]",3.228,3.314,ResOve,[Pretrained] CF ResOve,0.127,0,0.127,730,22,0.0,5,0.5610000000000004,0.08599999999999985,4.0
723,feature_0 > 0.188 AND feature_1 > 0.925 AND feature_0 > 0.373 AND feature_1 > 1.463 AND feature_1 > 1.624 AND feature_7 <= 0.014 AND feature_0 > 0.756,"{'feature_0': (0.756, 3.845), 'feature_1': (1.624, 3.852), 'feature_7': (-3.746, 0.014)}",3,2.889,7,[Pretrained] CF,"[412, 678, 688, 714, 720, 721]",3.389,3.435,ResOve,[Pretrained] CF ResOve,0.127,0,0.127,730,33,0.16237113402061856,5,0.5,0.04600000000000026,4.0
721,feature_0 > 0.188 AND feature_1 > 0.925 AND feature_0 > 0.373 AND feature_1 > 1.463 AND feature_1 > 1.624 AND feature_7 <= 0.014,"{'feature_0': (0.373, 3.845), 'feature_1': (1.624, 3.852), 'feature_7': (-3.746, 0.014)}",3,2.816,6,[Pretrained] CF,"[412, 678, 688, 714, 720]",3.131,3.212,ResOve,[Pretrained] CF ResOve,0.127,0,0.127,730,46,0.16237113402061856,5,0.31499999999999995,0.0810000000000004,4.0
717,feature_0 > 0.188 AND feature_1 > 0.925 AND feature_0 > 0.373 AND feature_1 > 1.463 AND feature_1 <= 1.624 AND feature_0 > 0.753,"{'feature_0': (0.753, 3.845), 'feature_1': (1.463, 1.624)}",2,2.63,6,[Pretrained] CF,"[412, 678, 688, 714, 715]",2.992,2.918,ResOve,[Pretrained] CF ResOve,0.127,0,0.127,730,26,0.0,5,0.3620000000000001,0.07399999999999984,4.0
706,feature_0 > 0.188 AND feature_1 > 0.925 AND feature_0 > 0.373 AND feature_1 <= 1.463 AND feature_0 > 0.745 AND feature_1 > 1.12 AND feature_6 <= 0.339,"{'feature_0': (0.745, 3.845), 'feature_1': (1.12, 1.463), 'feature_6': (-4.852, 0.339)}",3,2.509,7,[Pretrained] CF,"[412, 678, 688, 689, 697, 705]",2.809,2.764,ResOve,[Pretrained] CF ResOve,0.127,0,0.127,730,43,0.0,5,0.30000000000000027,0.04500000000000037,4.0
721,feature_0 > 0.188 AND feature_1 > 0.925 AND feature_0 > 0.373 AND feature_1 > 1.463 AND feature_1 > 1.624 AND feature_7 <= 0.014,"{'feature_0': (0.373, 3.845), 'feature_1': (1.624, 3.852), 'feature_7': (-3.746, 0.014)}",3,2.816,6,[Pretrained] CF,"[412, 678, 688, 714, 720]",3.131,3.212,NoOve,[Pretrained] CF NoOve,0.015,0,0.015,730,46,0.0,5,0.31499999999999995,0.0810000000000004,4.0
726,feature_0 > 0.188 AND feature_1 > 0.925 AND feature_0 > 0.373 AND feature_1 > 1.463 AND feature_1 > 1.624 AND feature_7 > 0.014,"{'feature_0': (0.373, 3.845), 'feature_1': (1.624, 3.852), 'feature_7': (0.014, 3.492)}",3,2.643,6,[Pretrained] CF,"[412, 678, 688, 714, 720]",3.04,3.126,NoOve,[Pretrained] CF NoOve,0.015,0,0.015,730,30,0.0,5,0.39700000000000024,0.08599999999999985,4.0
717,feature_0 > 0.188 AND feature_1 > 0.925 AND feature_0 > 0.373 AND feature_1 > 1.463 AND feature_1 <= 1.624 AND feature_0 > 0.753,"{'feature_0': (0.753, 3.845), 'feature_1': (1.463, 1.624)}",2,2.63,6,[Pretrained] CF,"[412, 678, 688, 714, 715]",2.992,2.918,NoOve,[Pretrained] CF NoOve,0.015,0,0.015,730,26,0.0,5,0.3620000000000001,0.07399999999999984,4.0
705,feature_0 > 0.188 AND feature_1 > 0.925 AND feature_0 > 0.373 AND feature_1 <= 1.463 AND feature_0 > 0.745 AND feature_1 > 1.12,"{'feature_0': (0.745, 3.845), 'feature_1': (1.12, 1.463)}",2,2.445,6,[Pretrained] CF,"[412, 678, 688, 689, 697]",2.767,2.722,NoOve,[Pretrained] CF NoOve,0.015,0,0.015,730,66,0.0,5,0.32200000000000006,0.04499999999999993,4.0
671,feature_0 > 0.188 AND feature_1 <= 0.925 AND feature_0 > 0.767 AND feature_1 > 0.122 AND feature_0 > 1.442 AND feature_4 > 0.109,"{'feature_0': (1.442, 3.845), 'feature_1': (0.122, 0.925), 'feature_4': (0.109, 3.804)}",3,2.278,6,[Pretrained] CF,"[412, 413, 541, 629, 663]",2.847,2.847,NoOve,[Pretrained] CF NoOve,0.015,0,0.015,730,107,0.0,5,0.569,0.0,4.0
724,feature_0 > 0.188 AND feature_1 > 0.925 AND feature_0 > 0.373 AND feature_1 > 1.463 AND feature_1 > 1.624 AND feature_7 <= 0.014 AND feature_0 > 0.756 AND feature_8 <= 0.263,"{'feature_0': (0.756, 3.845), 'feature_1': (1.624, 3.852), 'feature_7': (-3.746, 0.014), 'feature_8': (-4.447, 0.263)}",4,2.969,8,[Pretrained] CF,"[412, 678, 688, 714, 720, 721, 723]",3.322,3.297,OptRes,[Pretrained] CF OptRes,0.007,0,0.007,730,24,0.1359381443298969,5,0.3530000000000002,0.02499999999999991,4.0
721,feature_0 > 0.188 AND feature_1 > 0.925 AND feature_0 > 0.373 AND feature_1 > 1.463 AND feature_1 > 1.624 AND feature_7 <= 0.014,"{'feature_0': (0.373, 3.845), 'feature_1': (1.624, 3.852), 'feature_7': (-3.746, 0.014)}",3,2.816,6,[Pretrained] CF,"[412, 678, 688, 714, 720]",3.131,3.149,OptRes,[Pretrained] CF OptRes,0.007,0,0.007,730,55,0.19493814432989692,5,0.31499999999999995,0.018000000000000238,4.0
714,feature_0 > 0.188 AND feature_1 > 0.925 AND feature_0 > 0.373 AND feature_1 > 1.463,"{'feature_0': (0.373, 3.845), 'feature_1': (1.463, 3.852)}",2,2.68,4,[Pretrained] CF,"[412, 678, 688]",2.976,2.969,OptRes,[Pretrained] CF OptRes,0.007,0,0.007,730,132,0.238,5,0.2959999999999998,0.007000000000000117,4.0
728,feature_0 > 0.188 AND feature_1 > 0.925 AND feature_0 > 0.373 AND feature_1 > 1.463 AND feature_1 > 1.624 AND feature_7 > 0.014 AND feature_0 > 0.608,"{'feature_0': (0.608, 3.845), 'feature_1': (1.624, 3.852), 'feature_7': (0.014, 3.492)}",3,2.667,7,[Pretrained] CF,"[412, 678, 688, 714, 720, 726]",3.228,3.171,OptRes,[Pretrained] CF OptRes,0.007,0,0.007,730,23,0.057,5,0.5610000000000004,0.057000000000000384,4.0
717,feature_0 > 0.188 AND feature_1 > 0.925 AND feature_0 > 0.373 AND feature_1 > 1.463 AND feature_1 <= 1.624 AND feature_0 > 0.753,"{'feature_0': (0.753, 3.845), 'feature_1': (1.463, 1.624)}",2,2.63,6,[Pretrained] CF,"[412, 678, 688, 714, 715]",2.992,3.006,OptRes,[Pretrained] CF OptRes,0.007,0,0.007,730,27,0.046,5,0.3620000000000001,0.01399999999999979,4.0
728,feature_0 > 0.188 AND feature_1 > 0.925 AND feature_0 > 0.373 AND feature_1 > 1.463 AND feature_1 > 1.624 AND feature_7 > 0.014 AND feature_0 > 0.608,"{'feature_0': (0.608, 3.845), 'feature_1': (1.624, 3.852), 'feature_7': (0.014, 3.492)}",3,2.667,7,[Pretrained] CF,"[412, 678, 688, 714, 720, 726]",3.228,3.171,ResOve,[Pretrained] CF ResOve,0.085,0,0.085,730,23,0.18269230769230768,5,0.5610000000000004,0.057000000000000384,4.0
723,feature_0 > 0.188 AND feature_1 > 0.925 AND feature_0 > 0.373 AND feature_1 > 1.463 AND feature_1 > 1.624 AND feature_7 <= 0.014 AND feature_0 > 0.756,"{'feature_0': (0.756, 3.845), 'feature_1': (1.624, 3.852), 'feature_7': (-3.746, 0.014)}",3,2.889,7,[Pretrained] CF,"[412, 678, 688, 714, 720, 721]",3.389,3.384,ResOve,[Pretrained] CF ResOve,0.085,0,0.085,730,37,0.16237113402061856,5,0.5,0.004999999999999893,4.0
721,feature_0 > 0.188 AND feature_1 > 0.925 AND feature_0 > 0.373 AND feature_1 > 1.463 AND feature_1 > 1.624 AND feature_7 <= 0.014,"{'feature_0': (0.373, 3.845), 'feature_1': (1.624, 3.852), 'feature_7': (-3.746, 0.014)}",3,2.816,6,[Pretrained] CF,"[412, 678, 688, 714, 720]",3.131,3.149,ResOve,[Pretrained] CF ResOve,0.085,0,0.085,730,55,0.16237113402061856,5,0.31499999999999995,0.018000000000000238,4.0
726,feature_0 > 0.188 AND feature_1 > 0.925 AND feature_0 > 0.373 AND feature_1 > 1.463 AND feature_1 > 1.624 AND feature_7 > 0.014,"{'feature_0': (0.373, 3.845), 'feature_1': (1.624, 3.852), 'feature_7': (0.014, 3.492)}",3,2.643,6,[Pretrained] CF,"[412, 678, 688, 714, 720]",3.04,2.95,ResOve,[Pretrained] CF ResOve,0.085,0,0.085,730,35,0.18269230769230768,5,0.39700000000000024,0.08999999999999986,4.0
706,feature_0 > 0.188 AND feature_1 > 0.925 AND feature_0 > 0.373 AND feature_1 <= 1.463 AND feature_0 > 0.745 AND feature_1 > 1.12 AND feature_6 <= 0.339,"{'feature_0': (0.745, 3.845), 'feature_1': (1.12, 1.463), 'feature_6': (-4.852, 0.339)}",3,2.509,7,[Pretrained] CF,"[412, 678, 688, 689, 697, 705]",2.809,2.819,ResOve,[Pretrained] CF ResOve,0.085,0,0.085,730,51,0.0,5,0.30000000000000027,0.009999999999999787,4.0
721,feature_0 > 0.188 AND feature_1 > 0.925 AND feature_0 > 0.373 AND feature_1 > 1.463 AND feature_1 > 1.624 AND feature_7 <= 0.014,"{'feature_0': (0.373, 3.845), 'feature_1': (1.624, 3.852), 'feature_7': (-3.746, 0.014)}",3,2.816,6,[Pretrained] CF,"[412, 678, 688, 714, 720]",3.131,3.149,NoOve,[Pretrained] CF NoOve,0.056,0,0.056,730,55,0.0,5,0.31499999999999995,0.018000000000000238,4.0
726,feature_0 > 0.188 AND feature_1 > 0.925 AND feature_0 > 0.373 AND feature_1 > 1.463 AND feature_1 > 1.624 AND feature_7 > 0.014,"{'feature_0': (0.373, 3.845), 'feature_1': (1.624, 3.852), 'feature_7': (0.014, 3.492)}",3,2.643,6,[Pretrained] CF,"[412, 678, 688, 714, 720]",3.04,2.95,NoOve,[Pretrained] CF NoOve,0.056,0,0.056,730,35,0.0,5,0.39700000000000024,0.08999999999999986,4.0
717,feature_0 > 0.188 AND feature_1 > 0.925 AND feature_0 > 0.373 AND feature_1 > 1.463 AND feature_1 <= 1.624 AND feature_0 > 0.753,"{'feature_0': (0.753, 3.845), 'feature_1': (1.463, 1.624)}",2,2.63,6,[Pretrained] CF,"[412, 678, 688, 714, 715]",2.992,3.006,NoOve,[Pretrained] CF NoOve,0.056,0,0.056,730,27,0.0,5,0.3620000000000001,0.01399999999999979,4.0
705,feature_0 > 0.188 AND feature_1 > 0.925 AND feature_0 > 0.373 AND feature_1 <= 1.463 AND feature_0 > 0.745 AND feature_1 > 1.12,"{'feature_0': (0.745, 3.845), 'feature_1': (1.12, 1.463)}",2,2.445,6,[Pretrained] CF,"[412, 678, 688, 689, 697]",2.767,2.757,NoOve,[Pretrained] CF NoOve,0.056,0,0.056,730,83,0.0,5,0.32200000000000006,0.009999999999999787,4.0
671,feature_0 > 0.188 AND feature_1 <= 0.925 AND feature_0 > 0.767 AND feature_1 > 0.122 AND feature_0 > 1.442 AND feature_4 > 0.109,"{'feature_0': (1.442, 3.845), 'feature_1': (0.122, 0.925), 'feature_4': (0.109, 3.804)}",3,2.278,6,[Pretrained] CF,"[412, 413, 541, 629, 663]",2.847,2.875,NoOve,[Pretrained] CF NoOve,0.056,0,0.056,730,63,0.0,5,0.569,0.028000000000000025,4.0
723,feature_0 > 0.188 AND feature_1 > 0.925 AND feature_0 > 0.373 AND feature_1 > 1.463 AND feature_1 > 1.624 AND feature_7 <= 0.014 AND feature_0 > 0.756,"{'feature_0': (0.756, 3.845), 'feature_1': (1.624, 3.852), 'feature_7': (-3.746, 0.014)}",3,2.889,7,[Pretrained] CF,"[412, 678, 688, 714, 720, 721]",3.389,3.445,OptRes,[Pretrained] CF OptRes,0.008,0,0.008,730,21,0.1892063492063492,5,0.5,0.05600000000000005,4.0
725,feature_0 > 0.188 AND feature_1 > 0.925 AND feature_0 > 0.373 AND feature_1 > 1.463 AND feature_1 > 1.624 AND feature_7 <= 0.014 AND feature_0 > 0.756 AND feature_8 > 0.263,"{'feature_0': (0.756, 3.845), 'feature_1': (1.624, 3.852), 'feature_7': (-3.746, 0.014), 'feature_8': (0.263, 3.832)}",4,2.764,8,[Pretrained] CF,"[412, 678, 688, 714, 720, 721, 723]",3.49,3.445,OptRes,[Pretrained] CF OptRes,0.008,0,0.008,730,21,0.1349206349206349,5,0.7260000000000004,0.04500000000000037,4.0
720,feature_0 > 0.188 AND feature_1 > 0.925 AND feature_0 > 0.373 AND feature_1 > 1.463 AND feature_1 > 1.624,"{'feature_0': (0.373, 3.845), 'feature_1': (1.624, 3.852)}",2,2.739,5,[Pretrained] CF,"[412, 678, 688, 714]",3.09,3.097,OptRes,[Pretrained] CF OptRes,0.008,0,0.008,730,60,0.20714285714285716,5,0.351,0.007000000000000117,4.0
728,feature_0 > 0.188 AND feature_1 > 0.925 AND feature_0 > 0.373 AND feature_1 > 1.463 AND feature_1 > 1.624 AND feature_7 > 0.014 AND feature_0 > 0.608,"{'feature_0': (0.608, 3.845), 'feature_1': (1.624, 3.852), 'feature_7': (0.014, 3.492)}",3,2.667,7,[Pretrained] CF,"[412, 678, 688, 714, 720, 726]",3.228,3.095,OptRes,[Pretrained] CF OptRes,0.008,0,0.008,730,21,0.08142857142857143,5,0.5610000000000004,0.133,4.0
715,feature_0 > 0.188 AND feature_1 > 0.925 AND feature_0 > 0.373 AND feature_1 > 1.463 AND feature_1 <= 1.624,"{'feature_0': (0.373, 3.845), 'feature_1': (1.463, 1.624)}",2,2.543,5,[Pretrained] CF,"[412, 678, 688, 714]",2.71,2.633,OptRes,[Pretrained] CF OptRes,0.008,0,0.008,730,29,0.0,5,0.16699999999999982,0.07699999999999996,4.0
728,feature_0 > 0.188 AND feature_1 > 0.925 AND feature_0 > 0.373 AND feature_1 > 1.463 AND feature_1 > 1.624 AND feature_7 > 0.014 AND feature_0 > 0.608,"{'feature_0': (0.608, 3.845), 'feature_1': (1.624, 3.852), 'feature_7': (0.014, 3.492)}",3,2.667,7,[Pretrained] CF,"[412, 678, 688, 714, 720, 726]",3.228,3.095,ResOve,[Pretrained] CF ResOve,0.132,0,0.132,730,21,0.18269230769230768,5,0.5610000000000004,0.133,4.0
723,feature_0 > 0.188 AND feature_1 > 0.925 AND feature_0 > 0.373 AND feature_1 > 1.463 AND feature_1 > 1.624 AND feature_7 <= 0.014 AND feature_0 > 0.756,"{'feature_0': (0.756, 3.845), 'feature_1': (1.624, 3.852), 'feature_7': (-3.746, 0.014)}",3,2.889,7,[Pretrained] CF,"[412, 678, 688, 714, 720, 721]",3.389,3.445,ResOve,[Pretrained] CF ResOve,0.132,0,0.132,730,21,0.16237113402061856,5,0.5,0.05600000000000005,4.0
721,feature_0 > 0.188 AND feature_1 > 0.925 AND feature_0 > 0.373 AND feature_1 > 1.463 AND feature_1 > 1.624 AND feature_7 <= 0.014,"{'feature_0': (0.373, 3.845), 'feature_1': (1.624, 3.852), 'feature_7': (-3.746, 0.014)}",3,2.816,6,[Pretrained] CF,"[412, 678, 688, 714, 720]",3.131,3.249,ResOve,[Pretrained] CF ResOve,0.132,0,0.132,730,31,0.16237113402061856,5,0.31499999999999995,0.11800000000000033,4.0
706,feature_0 > 0.188 AND feature_1 > 0.925 AND feature_0 > 0.373 AND feature_1 <= 1.463 AND feature_0 > 0.745 AND feature_1 > 1.12 AND feature_6 <= 0.339,"{'feature_0': (0.745, 3.845), 'feature_1': (1.12, 1.463), 'feature_6': (-4.852, 0.339)}",3,2.509,7,[Pretrained] CF,"[412, 678, 688, 689, 697, 705]",2.809,2.748,ResOve,[Pretrained] CF ResOve,0.132,0,0.132,730,22,0.0,5,0.30000000000000027,0.06099999999999994,4.0
726,feature_0 > 0.188 AND feature_1 > 0.925 AND feature_0 > 0.373 AND feature_1 > 1.463 AND feature_1 > 1.624 AND feature_7 > 0.014,"{'feature_0': (0.373, 3.845), 'feature_1': (1.624, 3.852), 'feature_7': (0.014, 3.492)}",3,2.643,6,[Pretrained] CF,"[412, 678, 688, 714, 720]",3.04,2.935,ResOve,[Pretrained] CF ResOve,0.132,0,0.132,730,29,0.18269230769230768,5,0.39700000000000024,0.10499999999999998,4.0
723,feature_0 > 0.188 AND feature_1 > 0.925 AND feature_0 > 0.373 AND feature_1 > 1.463 AND feature_1 > 1.624 AND feature_7 <= 0.014 AND feature_0 > 0.756,"{'feature_0': (0.756, 3.845), 'feature_1': (1.624, 3.852), 'feature_7': (-3.746, 0.014)}",3,2.889,7,[Pretrained] CF,"[412, 678, 688, 714, 720, 721]",3.389,3.445,NoOve,[Pretrained] CF NoOve,0.039,0,0.039,730,21,0.0,5,0.5,0.05600000000000005,4.0
728,feature_0 > 0.188 AND feature_1 > 0.925 AND feature_0 > 0.373 AND feature_1 > 1.463 AND feature_1 > 1.624 AND feature_7 > 0.014 AND feature_0 > 0.608,"{'feature_0': (0.608, 3.845), 'feature_1': (1.624, 3.852), 'feature_7': (0.014, 3.492)}",3,2.667,7,[Pretrained] CF,"[412, 678, 688, 714, 720, 726]",3.228,3.095,NoOve,[Pretrained] CF NoOve,0.039,0,0.039,730,21,0.0,5,0.5610000000000004,0.133,4.0
706,feature_0 > 0.188 AND feature_1 > 0.925 AND feature_0 > 0.373 AND feature_1 <= 1.463 AND feature_0 > 0.745 AND feature_1 > 1.12 AND feature_6 <= 0.339,"{'feature_0': (0.745, 3.845), 'feature_1': (1.12, 1.463), 'feature_6': (-4.852, 0.339)}",3,2.509,7,[Pretrained] CF,"[412, 678, 688, 689, 697, 705]",2.809,2.748,NoOve,[Pretrained] CF NoOve,0.039,0,0.039,730,22,0.0,5,0.30000000000000027,0.06099999999999994,4.0
699,feature_0 > 0.188 AND feature_1 > 0.925 AND feature_0 > 0.373 AND feature_1 <= 1.463 AND feature_0 > 0.745 AND feature_1 <= 1.12 AND feature_2 <= 0.899,"{'feature_0': (0.745, 3.845), 'feature_1': (0.925, 1.12), 'feature_2': (-3.74, 0.899)}",3,2.269,7,[Pretrained] CF,"[412, 678, 688, 689, 697, 698]",2.628,2.672,NoOve,[Pretrained] CF NoOve,0.039,0,0.039,730,25,0.0,5,0.359,0.04400000000000004,4.0
675,feature_0 > 0.188 AND feature_1 <= 0.925 AND feature_0 > 0.767 AND feature_1 > 0.122 AND feature_0 > 1.442 AND feature_4 > 0.109 AND feature_2 > -0.072,"{'feature_0': (1.442, 3.845), 'feature_1': (0.122, 0.925), 'feature_4': (0.109, 3.804), 'feature_2': (-0.072, 4.02)}",4,2.183,7,[Pretrained] CF,"[412, 413, 541, 629, 663, 671]",2.822,2.863,NoOve,[Pretrained] CF NoOve,0.039,0,0.039,730,27,0.0,5,0.6390000000000002,0.040999999999999925,4.0
723,feature_0 > 0.188 AND feature_1 > 0.925 AND feature_0 > 0.373 AND feature_1 > 1.463 AND feature_1 > 1.624 AND feature_7 <= 0.014 AND feature_0 > 0.756,"{'feature_0': (0.756, 3.845), 'feature_1': (1.624, 3.852), 'feature_7': (-3.746, 0.014)}",3,2.889,7,[Pretrained] CF,"[412, 678, 688, 714, 720, 721]",3.389,3.32,OptRes,[Pretrained] CF OptRes,0.005,0,0.005,730,33,0.09,5,0.5,0.06899999999999995,4.0
720,feature_0 > 0.188 AND feature_1 > 0.925 AND feature_0 > 0.373 AND feature_1 > 1.463 AND feature_1 > 1.624,"{'feature_0': (0.373, 3.845), 'feature_1': (1.624, 3.852)}",2,2.739,5,[Pretrained] CF,"[412, 678, 688, 714]",3.09,3.032,OptRes,[Pretrained] CF OptRes,0.005,0,0.005,730,137,0.2557142857142857,5,0.351,0.05799999999999983,4.0
729,feature_0 > 0.188 AND feature_1 > 0.925 AND feature_0 > 0.373 AND feature_1 > 1.463 AND feature_1 > 1.624 AND feature_7 > 0.014 AND feature_0 > 0.608 AND feature_9 <= 0.056,"{'feature_0': (0.608, 3.845), 'feature_1': (1.624, 3.852), 'feature_7': (0.014, 3.492), 'feature_9': (-3.581, 0.056)}",4,2.706,8,[Pretrained] CF,"[412, 678, 688, 714, 720, 726, 728]",3.09,3.09,OptRes,[Pretrained] CF OptRes,0.005,0,0.005,730,25,0.14536340852130325,5,0.3839999999999999,0.0,4.0
722,feature_0 > 0.188 AND feature_1 > 0.925 AND feature_0 > 0.373 AND feature_1 > 1.463 AND feature_1 > 1.624 AND feature_7 <= 0.014 AND feature_0 <= 0.756,"{'feature_0': (0.373, 0.756), 'feature_1': (1.624, 3.852), 'feature_7': (-3.746, 0.014)}",3,2.685,7,[Pretrained] CF,"[412, 678, 688, 714, 720, 721]",2.654,2.641,OptRes,[Pretrained] CF OptRes,0.005,0,0.005,730,26,0.04857142857142857,5,0.03100000000000014,0.0129999999999999,4.0
728,feature_0 > 0.188 AND feature_1 > 0.925 AND feature_0 > 0.373 AND feature_1 > 1.463 AND feature_1 > 1.624 AND feature_7 > 0.014 AND feature_0 > 0.608,"{'feature_0': (0.608, 3.845), 'feature_1': (1.624, 3.852), 'feature_7': (0.014, 3.492)}",3,2.667,7,[Pretrained] CF,"[412, 678, 688, 714, 720, 726]",3.228,3.228,OptRes,[Pretrained] CF OptRes,0.005,0,0.005,730,57,0.19107769423558896,5,0.5610000000000004,0.0,4.0
730,feature_0 > 0.188 AND feature_1 > 0.925 AND feature_0 > 0.373 AND feature_1 > 1.463 AND feature_1 > 1.624 AND feature_7 > 0.014 AND feature_0 > 0.608 AND feature_9 > 0.056,"{'feature_0': (0.608, 3.845), 'feature_1': (1.624, 3.852), 'feature_7': (0.014, 3.492), 'feature_9': (0.056, 3.767)}",4,2.637,8,[Pretrained] CF,"[412, 678, 688, 714, 720, 726, 728]",3.336,3.336,ResOve,[Pretrained] CF ResOve,0.12,0,0.12,730,32,0.0,5,0.6989999999999998,0.0,4.0
729,feature_0 > 0.188 AND feature_1 > 0.925 AND feature_0 > 0.373 AND feature_1 > 1.463 AND feature_1 > 1.624 AND feature_7 > 0.014 AND feature_0 > 0.608 AND feature_9 <= 0.056,"{'feature_0': (0.608, 3.845), 'feature_1': (1.624, 3.852), 'feature_7': (0.014, 3.492), 'feature_9': (-3.581, 0.056)}",4,2.706,8,[Pretrained] CF,"[412, 678, 688, 714, 720, 726, 728]",3.09,3.09,ResOve,[Pretrained] CF ResOve,0.12,0,0.12,730,25,0.0,5,0.3839999999999999,0.0,4.0
723,feature_0 > 0.188 AND feature_1 > 0.925 AND feature_0 > 0.373 AND feature_1 > 1.463 AND feature_1 > 1.624 AND feature_7 <= 0.014 AND feature_0 > 0.756,"{'feature_0': (0.756, 3.845), 'feature_1': (1.624, 3.852), 'feature_7': (-3.746, 0.014)}",3,2.889,7,[Pretrained] CF,"[412, 678, 688, 714, 720, 721]",3.389,3.32,ResOve,[Pretrained] CF ResOve,0.12,0,0.12,730,33,0.0,5,0.5,0.06899999999999995,4.0
717,feature_0 > 0.188 AND feature_1 > 0.925 AND feature_0 > 0.373 AND feature_1 > 1.463 AND feature_1 <= 1.624 AND feature_0 > 0.753,"{'feature_0': (0.753, 3.845), 'feature_1': (1.463, 1.624)}",2,2.63,6,[Pretrained] CF,"[412, 678, 688, 714, 715]",2.992,3.028,ResOve,[Pretrained] CF ResOve,0.12,0,0.12,730,33,0.0,5,0.3620000000000001,0.03600000000000003,4.0
710,feature_0 > 0.188 AND feature_1 > 0.925 AND feature_0 > 0.373 AND feature_1 <= 1.463 AND feature_0 > 0.745 AND feature_1 > 1.12 AND feature_6 <= 0.339 AND feature_0 > 1.274,"{'feature_0': (1.274, 3.845), 'feature_1': (1.12, 1.463), 'feature_6': (-4.852, 0.339)}",3,2.623,8,[Pretrained] CF,"[412, 678, 688, 689, 697, 705, 706]",3.195,3.152,ResOve,[Pretrained] CF ResOve,0.12,0,0.12,730,24,0.0,5,0.5719999999999996,0.042999999999999705,4.0
723,feature_0 > 0.188 AND feature_1 > 0.925 AND feature_0 > 0.373 AND feature_1 > 1.463 AND feature_1 > 1.624 AND feature_7 <= 0.014 AND feature_0 > 0.756,"{'feature_0': (0.756, 3.845), 'feature_1': (1.624, 3.852), 'feature_7': (-3.746, 0.014)}",3,2.889,7,[Pretrained] CF,"[412, 678, 688, 714, 720, 721]",3.389,3.32,NoOve,[Pretrained] CF NoOve,0.012,0,0.012,730,33,0.0,5,0.5,0.06899999999999995,4.0
722,feature_0 > 0.188 AND feature_1 > 0.925 AND feature_0 > 0.373 AND feature_1 > 1.463 AND feature_1 > 1.624 AND feature_7 <= 0.014 AND feature_0 <= 0.756,"{'feature_0': (0.373, 0.756), 'feature_1': (1.624, 3.852), 'feature_7': (-3.746, 0.014)}",3,2.685,7,[Pretrained] CF,"[412, 678, 688, 714, 720, 721]",2.654,2.641,NoOve,[Pretrained] CF NoOve,0.012,0,0.012,730,26,0.0,5,0.03100000000000014,0.0129999999999999,4.0
728,feature_0 > 0.188 AND feature_1 > 0.925 AND feature_0 > 0.373 AND feature_1 > 1.463 AND feature_1 > 1.624 AND feature_7 > 0.014 AND feature_0 > 0.608,"{'feature_0': (0.608, 3.845), 'feature_1': (1.624, 3.852), 'feature_7': (0.014, 3.492)}",3,2.667,7,[Pretrained] CF,"[412, 678, 688, 714, 720, 726]",3.228,3.228,NoOve,[Pretrained] CF NoOve,0.012,0,0.012,730,57,0.0,5,0.5610000000000004,0.0,4.0
727,feature_0 > 0.188 AND feature_1 > 0.925 AND feature_0 > 0.373 AND feature_1 > 1.463 AND feature_1 > 1.624 AND feature_7 > 0.014 AND feature_0 <= 0.608,"{'feature_0': (0.373, 0.608), 'feature_1': (1.624, 3.852), 'feature_7': (0.014, 3.492)}",3,2.578,7,[Pretrained] CF,"[412, 678, 688, 714, 720, 726]",2.527,2.527,NoOve,[Pretrained] CF NoOve,0.012,0,0.012,730,21,0.0,5,0.05099999999999971,0.0,4.0
706,feature_0 > 0.188 AND feature_1 > 0.925 AND feature_0 > 0.373 AND feature_1 <= 1.463 AND feature_0 > 0.745 AND feature_1 > 1.12 AND feature_6 <= 0.339,"{'feature_0': (0.745, 3.845), 'feature_1': (1.12, 1.463), 'feature_6': (-4.852, 0.339)}",3,2.509,7,[Pretrained] CF,"[412, 678, 688, 689, 697, 705]",2.809,2.78,NoOve,[Pretrained] CF NoOve,0.012,0,0.012,730,68,0.0,5,0.30000000000000027,0.02900000000000036,4.0
724,feature_0 > 0.188 AND feature_1 > 0.925 AND feature_0 > 0.373 AND feature_1 > 1.463 AND feature_1 > 1.624 AND feature_7 <= 0.014 AND feature_0 > 0.756 AND feature_8 <= 0.263,"{'feature_0': (0.756, 3.845), 'feature_1': (1.624, 3.852), 'feature_7': (-3.746, 0.014), 'feature_8': (-4.447, 0.263)}",4,2.969,8,[Pretrained] CF,"[412, 678, 688, 714, 720, 721, 723]",3.322,3.324,OptRes,[Pretrained] CF OptRes,0.004,0,0.004,730,31,0.0979381443298969,5,0.3530000000000002,0.0019999999999997797,4.0
721,feature_0 > 0.188 AND feature_1 > 0.925 AND feature_0 > 0.373 AND feature_1 > 1.463 AND feature_1 > 1.624 AND feature_7 <= 0.014,"{'feature_0': (0.373, 3.845), 'feature_1': (1.624, 3.852), 'feature_7': (-3.746, 0.014)}",3,2.816,6,[Pretrained] CF,"[412, 678, 688, 714, 720]",3.131,3.14,OptRes,[Pretrained] CF OptRes,0.004,0,0.004,730,85,0.24999999999999997,5,0.31499999999999995,0.009000000000000341,4.0
725,feature_0 > 0.188 AND feature_1 > 0.925 AND feature_0 > 0.373 AND feature_1 > 1.463 AND feature_1 > 1.624 AND feature_7 <= 0.014 AND feature_0 > 0.756 AND feature_8 > 0.263,"{'feature_0': (0.756, 3.845), 'feature_1': (1.624, 3.852), 'feature_7': (-3.746, 0.014), 'feature_8': (0.263, 3.832)}",4,2.764,8,[Pretrained] CF,"[412, 678, 688, 714, 720, 721, 723]",3.49,3.491,OptRes,[Pretrained] CF OptRes,0.004,0,0.004,730,24,0.06443298969072164,5,0.7260000000000004,0.0009999999999998899,4.0
729,feature_0 > 0.188 AND feature_1 > 0.925 AND feature_0 > 0.373 AND feature_1 > 1.463 AND feature_1 > 1.624 AND feature_7 > 0.014 AND feature_0 > 0.608 AND feature_9 <= 0.056,"{'feature_0': (0.608, 3.845), 'feature_1': (1.624, 3.852), 'feature_7': (0.014, 3.492), 'feature_9': (-3.581, 0.056)}",4,2.706,8,[Pretrained] CF,"[412, 678, 688, 714, 720, 726, 728]",3.09,3.09,OptRes,[Pretrained] CF OptRes,0.004,0,0.004,730,25,0.0,5,0.3839999999999999,0.0,4.0
722,feature_0 > 0.188 AND feature_1 > 0.925 AND feature_0 > 0.373 AND feature_1 > 1.463 AND feature_1 > 1.624 AND feature_7 <= 0.014 AND feature_0 <= 0.756,"{'feature_0': (0.373, 0.756), 'feature_1': (1.624, 3.852), 'feature_7': (-3.746, 0.014)}",3,2.685,7,[Pretrained] CF,"[412, 678, 688, 714, 720, 721]",2.654,2.669,OptRes,[Pretrained] CF OptRes,0.004,0,0.004,730,30,0.08762886597938144,5,0.03100000000000014,0.015000000000000124,4.0
730,feature_0 > 0.188 AND feature_1 > 0.925 AND feature_0 > 0.373 AND feature_1 > 1.463 AND feature_1 > 1.624 AND feature_7 > 0.014 AND feature_0 > 0.608 AND feature_9 > 0.056,"{'feature_0': (0.608, 3.845), 'feature_1': (1.624, 3.852), 'feature_7': (0.014, 3.492), 'feature_9': (0.056, 3.767)}",4,2.637,8,[Pretrained] CF,"[412, 678, 688, 714, 720, 726, 728]",3.336,3.336,ResOve,[Pretrained] CF ResOve,0.111,0,0.111,730,32,0.0,5,0.6989999999999998,0.0,4.0
729,feature_0 > 0.188 AND feature_1 > 0.925 AND feature_0 > 0.373 AND feature_1 > 1.463 AND feature_1 > 1.624 AND feature_7 > 0.014 AND feature_0 > 0.608 AND feature_9 <= 0.056,"{'feature_0': (0.608, 3.845), 'feature_1': (1.624, 3.852), 'feature_7': (0.014, 3.492), 'feature_9': (-3.581, 0.056)}",4,2.706,8,[Pretrained] CF,"[412, 678, 688, 714, 720, 726, 728]",3.09,3.09,ResOve,[Pretrained] CF ResOve,0.111,0,0.111,730,25,0.0,5,0.3839999999999999,0.0,4.0
725,feature_0 > 0.188 AND feature_1 > 0.925 AND feature_0 > 0.373 AND feature_1 > 1.463 AND feature_1 > 1.624 AND feature_7 <= 0.014 AND feature_0 > 0.756 AND feature_8 > 0.263,"{'feature_0': (0.756, 3.845), 'feature_1': (1.624, 3.852), 'feature_7': (-3.746, 0.014), 'feature_8': (0.263, 3.832)}",4,2.764,8,[Pretrained] CF,"[412, 678, 688, 714, 720, 721, 723]",3.49,3.491,ResOve,[Pretrained] CF ResOve,0.111,0,0.111,730,24,0.0,5,0.7260000000000004,0.0009999999999998899,4.0
724,feature_0 > 0.188 AND feature_1 > 0.925 AND feature_0 > 0.373 AND feature_1 > 1.463 AND feature_1 > 1.624 AND feature_7 <= 0.014 AND feature_0 > 0.756 AND feature_8 <= 0.263,"{'feature_0': (0.756, 3.845), 'feature_1': (1.624, 3.852), 'feature_7': (-3.746, 0.014), 'feature_8': (-4.447, 0.263)}",4,2.969,8,[Pretrained] CF,"[412, 678, 688, 714, 720, 721, 723]",3.322,3.324,ResOve,[Pretrained] CF ResOve,0.111,0,0.111,730,31,0.0,5,0.3530000000000002,0.0019999999999997797,4.0
722,feature_0 > 0.188 AND feature_1 > 0.925 AND feature_0 > 0.373 AND feature_1 > 1.463 AND feature_1 > 1.624 AND feature_7 <= 0.014 AND feature_0 <= 0.756,"{'feature_0': (0.373, 0.756), 'feature_1': (1.624, 3.852), 'feature_7': (-3.746, 0.014)}",3,2.685,7,[Pretrained] CF,"[412, 678, 688, 714, 720, 721]",2.654,2.669,ResOve,[Pretrained] CF ResOve,0.111,0,0.111,730,30,0.0,5,0.03100000000000014,0.015000000000000124,4.0
724,feature_0 > 0.188 AND feature_1 > 0.925 AND feature_0 > 0.373 AND feature_1 > 1.463 AND feature_1 > 1.624 AND feature_7 <= 0.014 AND feature_0 > 0.756 AND feature_8 <= 0.263,"{'feature_0': (0.756, 3.845), 'feature_1': (1.624, 3.852), 'feature_7': (-3.746, 0.014), 'feature_8': (-4.447, 0.263)}",4,2.969,8,[Pretrained] CF,"[412, 678, 688, 714, 720, 721, 723]",3.322,3.324,NoOve,[Pretrained] CF NoOve,0.008,0,0.008,730,31,0.0,5,0.3530000000000002,0.0019999999999997797,4.0
725,feature_0 > 0.188 AND feature_1 > 0.925 AND feature_0 > 0.373 AND feature_1 > 1.463 AND feature_1 > 1.624 AND feature_7 <= 0.014 AND feature_0 > 0.756 AND feature_8 > 0.263,"{'feature_0': (0.756, 3.845), 'feature_1': (1.624, 3.852), 'feature_7': (-3.746, 0.014), 'feature_8': (0.263, 3.832)}",4,2.764,8,[Pretrained] CF,"[412, 678, 688, 714, 720, 721, 723]",3.49,3.491,NoOve,[Pretrained] CF NoOve,0.008,0,0.008,730,24,0.0,5,0.7260000000000004,0.0009999999999998899,4.0
729,feature_0 > 0.188 AND feature_1 > 0.925 AND feature_0 > 0.373 AND feature_1 > 1.463 AND feature_1 > 1.624 AND feature_7 > 0.014 AND feature_0 > 0.608 AND feature_9 <= 0.056,"{'feature_0': (0.608, 3.845), 'feature_1': (1.624, 3.852), 'feature_7': (0.014, 3.492), 'feature_9': (-3.581, 0.056)}",4,2.706,8,[Pretrained] CF,"[412, 678, 688, 714, 720, 726, 728]",3.09,3.09,NoOve,[Pretrained] CF NoOve,0.008,0,0.008,730,25,0.0,5,0.3839999999999999,0.0,4.0
730,feature_0 > 0.188 AND feature_1 > 0.925 AND feature_0 > 0.373 AND feature_1 > 1.463 AND feature_1 > 1.624 AND feature_7 > 0.014 AND feature_0 > 0.608 AND feature_9 > 0.056,"{'feature_0': (0.608, 3.845), 'feature_1': (1.624, 3.852), 'feature_7': (0.014, 3.492), 'feature_9': (0.056, 3.767)}",4,2.637,8,[Pretrained] CF,"[412, 678, 688, 714, 720, 726, 728]",3.336,3.336,NoOve,[Pretrained] CF NoOve,0.008,0,0.008,730,32,0.0,5,0.6989999999999998,0.0,4.0
710,feature_0 > 0.188 AND feature_1 > 0.925 AND feature_0 > 0.373 AND feature_1 <= 1.463 AND feature_0 > 0.745 AND feature_1 > 1.12 AND feature_6 <= 0.339 AND feature_0 > 1.274,"{'feature_0': (1.274, 3.845), 'feature_1': (1.12, 1.463), 'feature_6': (-4.852, 0.339)}",3,2.623,8,[Pretrained] CF,"[412, 678, 688, 689, 697, 705, 706]",3.195,3.188,NoOve,[Pretrained] CF NoOve,0.008,0,0.008,730,31,0.0,5,0.5719999999999996,0.006999999999999673,4.0
724,feature_0 > 0.188 AND feature_1 > 0.925 AND feature_0 > 0.373 AND feature_1 > 1.463 AND feature_1 > 1.624 AND feature_7 <= 0.014 AND feature_0 > 0.756 AND feature_8 <= 0.263,"{'feature_0': (0.756, 3.845), 'feature_1': (1.624, 3.852), 'feature_7': (-3.746, 0.014), 'feature_8': (-4.447, 0.263)}",4,2.969,8,[Pretrained] CF,"[412, 678, 688, 714, 720, 721, 723]",3.322,3.322,OptRes,[Pretrained] CF OptRes,0.006,0,0.006,730,38,0.1359381443298969,5,0.3530000000000002,0.0,4.0
721,feature_0 > 0.188 AND feature_1 > 0.925 AND feature_0 > 0.373 AND feature_1 > 1.463 AND feature_1 > 1.624 AND feature_7 <= 0.014,"{'feature_0': (0.373, 3.845), 'feature_1': (1.624, 3.852), 'feature_7': (-3.746, 0.014)}",3,2.816,6,[Pretrained] CF,"[412, 678, 688, 714, 720]",3.131,3.134,OptRes,[Pretrained] CF OptRes,0.006,0,0.006,730,85,0.28256701030927833,5,0.31499999999999995,0.0030000000000001137,4.0
729,feature_0 > 0.188 AND feature_1 > 0.925 AND feature_0 > 0.373 AND feature_1 > 1.463 AND feature_1 > 1.624 AND feature_7 > 0.014 AND feature_0 > 0.608 AND feature_9 <= 0.056,"{'feature_0': (0.608, 3.845), 'feature_1': (1.624, 3.852), 'feature_7': (0.014, 3.492), 'feature_9': (-3.581, 0.056)}",4,2.706,8,[Pretrained] CF,"[412, 678, 688, 714, 720, 726, 728]",3.09,3.075,OptRes,[Pretrained] CF OptRes,0.006,0,0.006,730,24,0.025,5,0.3839999999999999,0.01499999999999968,4.0
722,feature_0 > 0.188 AND feature_1 > 0.925 AND feature_0 > 0.373 AND feature_1 > 1.463 AND feature_1 > 1.624 AND feature_7 <= 0.014 AND feature_0 <= 0.756,"{'feature_0': (0.373, 0.756), 'feature_1': (1.624, 3.852), 'feature_7': (-3.746, 0.014)}",3,2.685,7,[Pretrained] CF,"[412, 678, 688, 714, 720, 721]",2.654,2.573,OptRes,[Pretrained] CF OptRes,0.006,0,0.006,730,28,0.12162886597938144,5,0.03100000000000014,0.08099999999999996,4.0
714,feature_0 > 0.188 AND feature_1 > 0.925 AND feature_0 > 0.373 AND feature_1 > 1.463,"{'feature_0': (0.373, 3.845), 'feature_1': (1.463, 3.852)}",2,2.68,4,[Pretrained] CF,"[412, 678, 688]",2.976,2.967,OptRes,[Pretrained] CF OptRes,0.006,0,0.006,730,226,0.194,5,0.2959999999999998,0.008999999999999897,4.0
729,feature_0 > 0.188 AND feature_1 > 0.925 AND feature_0 > 0.373 AND feature_1 > 1.463 AND feature_1 > 1.624 AND feature_7 > 0.014 AND feature_0 > 0.608 AND feature_9 <= 0.056,"{'feature_0': (0.608, 3.845), 'feature_1': (1.624, 3.852), 'feature_7': (0.014, 3.492), 'feature_9': (-3.581, 0.056)}",4,2.706,8,[Pretrained] CF,"[412, 678, 688, 714, 720, 726, 728]",3.09,3.075,ResOve,[Pretrained] CF ResOve,0.106,0,0.106,730,24,0.0,5,0.3839999999999999,0.01499999999999968,4.0
724,feature_0 > 0.188 AND feature_1 > 0.925 AND feature_0 > 0.373 AND feature_1 > 1.463 AND feature_1 > 1.624 AND feature_7 <= 0.014 AND feature_0 > 0.756 AND feature_8 <= 0.263,"{'feature_0': (0.756, 3.845), 'feature_1': (1.624, 3.852), 'feature_7': (-3.746, 0.014), 'feature_8': (-4.447, 0.263)}",4,2.969,8,[Pretrained] CF,"[412, 678, 688, 714, 720, 721, 723]",3.322,3.322,ResOve,[Pretrained] CF ResOve,0.106,0,0.106,730,38,0.15079365079365079,5,0.3530000000000002,0.0,4.0
723,feature_0 > 0.188 AND feature_1 > 0.925 AND feature_0 > 0.373 AND feature_1 > 1.463 AND feature_1 > 1.624 AND feature_7 <= 0.014 AND feature_0 > 0.756,"{'feature_0': (0.756, 3.845), 'feature_1': (1.624, 3.852), 'feature_7': (-3.746, 0.014)}",3,2.889,7,[Pretrained] CF,"[412, 678, 688, 714, 720, 721]",3.389,3.409,ResOve,[Pretrained] CF ResOve,0.106,0,0.106,730,57,0.15079365079365079,5,0.5,0.020000000000000018,4.0
722,feature_0 > 0.188 AND feature_1 > 0.925 AND feature_0 > 0.373 AND feature_1 > 1.463 AND feature_1 > 1.624 AND feature_7 <= 0.014 AND feature_0 <= 0.756,"{'feature_0': (0.373, 0.756), 'feature_1': (1.624, 3.852), 'feature_7': (-3.746, 0.014)}",3,2.685,7,[Pretrained] CF,"[412, 678, 688, 714, 720, 721]",2.654,2.573,ResOve,[Pretrained] CF ResOve,0.106,0,0.106,730,28,0.0,5,0.03100000000000014,0.08099999999999996,4.0
730,feature_0 > 0.188 AND feature_1 > 0.925 AND feature_0 > 0.373 AND feature_1 > 1.463 AND feature_1 > 1.624 AND feature_7 > 0.014 AND feature_0 > 0.608 AND feature_9 > 0.056,"{'feature_0': (0.608, 3.845), 'feature_1': (1.624, 3.852), 'feature_7': (0.014, 3.492), 'feature_9': (0.056, 3.767)}",4,2.637,8,[Pretrained] CF,"[412, 678, 688, 714, 720, 726, 728]",3.336,3.351,ResOve,[Pretrained] CF ResOve,0.106,0,0.106,730,29,0.0,5,0.6989999999999998,0.015000000000000124,4.0
724,feature_0 > 0.188 AND feature_1 > 0.925 AND feature_0 > 0.373 AND feature_1 > 1.463 AND feature_1 > 1.624 AND feature_7 <= 0.014 AND feature_0 > 0.756 AND feature_8 <= 0.263,"{'feature_0': (0.756, 3.845), 'feature_1': (1.624, 3.852), 'feature_7': (-3.746, 0.014), 'feature_8': (-4.447, 0.263)}",4,2.969,8,[Pretrained] CF,"[412, 678, 688, 714, 720, 721, 723]",3.322,3.322,NoOve,[Pretrained] CF NoOve,0.009,0,0.009,730,38,0.0,5,0.3530000000000002,0.0,4.0
729,feature_0 > 0.188 AND feature_1 > 0.925 AND feature_0 > 0.373 AND feature_1 > 1.463 AND feature_1 > 1.624 AND feature_7 > 0.014 AND feature_0 > 0.608 AND feature_9 <= 0.056,"{'feature_0': (0.608, 3.845), 'feature_1': (1.624, 3.852), 'feature_7': (0.014, 3.492), 'feature_9': (-3.581, 0.056)}",4,2.706,8,[Pretrained] CF,"[412, 678, 688, 714, 720, 726, 728]",3.09,3.075,NoOve,[Pretrained] CF NoOve,0.009,0,0.009,730,24,0.0,5,0.3839999999999999,0.01499999999999968,4.0
730,feature_0 > 0.188 AND feature_1 > 0.925 AND feature_0 > 0.373 AND feature_1 > 1.463 AND feature_1 > 1.624 AND feature_7 > 0.014 AND feature_0 > 0.608 AND feature_9 > 0.056,"{'feature_0': (0.608, 3.845), 'feature_1': (1.624, 3.852), 'feature_7': (0.014, 3.492), 'feature_9': (0.056, 3.767)}",4,2.637,8,[Pretrained] CF,"[412, 678, 688, 714, 720, 726, 728]",3.336,3.351,NoOve,[Pretrained] CF NoOve,0.009,0,0.009,730,29,0.0,5,0.6989999999999998,0.015000000000000124,4.0
710,feature_0 > 0.188 AND feature_1 > 0.925 AND feature_0 > 0.373 AND feature_1 <= 1.463 AND feature_0 > 0.745 AND feature_1 > 1.12 AND feature_6 <= 0.339 AND feature_0 > 1.274,"{'feature_0': (1.274, 3.845), 'feature_1': (1.12, 1.463), 'feature_6': (-4.852, 0.339)}",3,2.623,8,[Pretrained] CF,"[412, 678, 688, 689, 697, 705, 706]",3.195,3.241,NoOve,[Pretrained] CF NoOve,0.009,0,0.009,730,31,0.0,5,0.5719999999999996,0.04600000000000026,4.0
674,feature_0 > 0.188 AND feature_1 <= 0.925 AND feature_0 > 0.767 AND feature_1 > 0.122 AND feature_0 > 1.442 AND feature_4 > 0.109 AND feature_2 <= -0.072 AND feature_0 > 1.826,"{'feature_0': (1.826, 3.845), 'feature_1': (0.122, 0.925), 'feature_4': (0.109, 3.804), 'feature_2': (-3.74, -0.072)}",4,2.475,8,[Pretrained] CF,"[412, 413, 541, 629, 663, 671, 672]",3.205,3.205,NoOve,[Pretrained] CF NoOve,0.009,0,0.009,730,24,0.0,5,0.73,0.0,4.0
724,feature_0 > 0.188 AND feature_1 > 0.925 AND feature_0 > 0.373 AND feature_1 > 1.463 AND feature_1 > 1.624 AND feature_7 <= 0.014 AND feature_0 > 0.756 AND feature_8 <= 0.263,"{'feature_0': (0.756, 3.845), 'feature_1': (1.624, 3.852), 'feature_7': (-3.746, 0.014), 'feature_8': (-4.447, 0.263)}",4,2.969,8,[Pretrained] CF,"[412, 678, 688, 714, 720, 721, 723]",3.322,3.323,OptRes,[Pretrained] CF OptRes,0.007,0,0.007,730,37,0.1359381443298969,5,0.3530000000000002,0.0009999999999998899,4.0
721,feature_0 > 0.188 AND feature_1 > 0.925 AND feature_0 > 0.373 AND feature_1 > 1.463 AND feature_1 > 1.624 AND feature_7 <= 0.014,"{'feature_0': (0.373, 3.845), 'feature_1': (1.624, 3.852), 'feature_7': (-3.746, 0.014)}",3,2.816,6,[Pretrained] CF,"[412, 678, 688, 714, 720]",3.131,3.129,OptRes,[Pretrained] CF OptRes,0.007,0,0.007,730,96,0.347,5,0.31499999999999995,0.0019999999999997797,4.0
725,feature_0 > 0.188 AND feature_1 > 0.925 AND feature_0 > 0.373 AND feature_1 > 1.463 AND feature_1 > 1.624 AND feature_7 <= 0.014 AND feature_0 > 0.756 AND feature_8 > 0.263,"{'feature_0': (0.756, 3.845), 'feature_1': (1.624, 3.852), 'feature_7': (-3.746, 0.014), 'feature_8': (0.263, 3.832)}",4,2.764,8,[Pretrained] CF,"[412, 678, 688, 714, 720, 721, 723]",3.49,3.49,OptRes,[Pretrained] CF OptRes,0.007,0,0.007,730,25,0.08943298969072164,5,0.7260000000000004,0.0,4.0
722,feature_0 > 0.188 AND feature_1 > 0.925 AND feature_0 > 0.373 AND feature_1 > 1.463 AND feature_1 > 1.624 AND feature_7 <= 0.014 AND feature_0 <= 0.756,"{'feature_0': (0.373, 0.756), 'feature_1': (1.624, 3.852), 'feature_7': (-3.746, 0.014)}",3,2.685,7,[Pretrained] CF,"[412, 678, 688, 714, 720, 721]",2.654,2.654,OptRes,[Pretrained] CF OptRes,0.007,0,0.007,730,34,0.12162886597938144,5,0.03100000000000014,0.0,4.0
714,feature_0 > 0.188 AND feature_1 > 0.925 AND feature_0 > 0.373 AND feature_1 > 1.463,"{'feature_0': (0.373, 3.845), 'feature_1': (1.463, 3.852)}",2,2.68,4,[Pretrained] CF,"[412, 678, 688]",2.976,2.996,OptRes,[Pretrained] CF OptRes,0.007,0,0.007,730,176,0.194,5,0.2959999999999998,0.020000000000000018,4.0
726,feature_0 > 0.188 AND feature_1 > 0.925 AND feature_0 > 0.373 AND feature_1 > 1.463 AND feature_1 > 1.624 AND feature_7 > 0.014,"{'feature_0': (0.373, 3.845), 'feature_1': (1.624, 3.852), 'feature_7': (0.014, 3.492)}",3,2.643,6,[Pretrained] CF,"[412, 678, 688, 714, 720]",3.04,3.026,ResOve,[Pretrained] CF ResOve,0.124,0,0.124,730,30,0.0,5,0.39700000000000024,0.014000000000000234,4.0
725,feature_0 > 0.188 AND feature_1 > 0.925 AND feature_0 > 0.373 AND feature_1 > 1.463 AND feature_1 > 1.624 AND feature_7 <= 0.014 AND feature_0 > 0.756 AND feature_8 > 0.263,"{'feature_0': (0.756, 3.845), 'feature_1': (1.624, 3.852), 'feature_7': (-3.746, 0.014), 'feature_8': (0.263, 3.832)}",4,2.764,8,[Pretrained] CF,"[412, 678, 688, 714, 720, 721, 723]",3.49,3.49,ResOve,[Pretrained] CF ResOve,0.124,0,0.124,730,25,0.0,5,0.7260000000000004,0.0,4.0
724,feature_0 > 0.188 AND feature_1 > 0.925 AND feature_0 > 0.373 AND feature_1 > 1.463 AND feature_1 > 1.624 AND feature_7 <= 0.014 AND feature_0 > 0.756 AND feature_8 <= 0.263,"{'feature_0': (0.756, 3.845), 'feature_1': (1.624, 3.852), 'feature_7': (-3.746, 0.014), 'feature_8': (-4.447, 0.263)}",4,2.969,8,[Pretrained] CF,"[412, 678, 688, 714, 720, 721, 723]",3.322,3.323,ResOve,[Pretrained] CF ResOve,0.124,0,0.124,730,37,0.0,5,0.3530000000000002,0.0009999999999998899,4.0
722,feature_0 > 0.188 AND feature_1 > 0.925 AND feature_0 > 0.373 AND feature_1 > 1.463 AND feature_1 > 1.624 AND feature_7 <= 0.014 AND feature_0 <= 0.756,"{'feature_0': (0.373, 0.756), 'feature_1': (1.624, 3.852), 'feature_7': (-3.746, 0.014)}",3,2.685,7,[Pretrained] CF,"[412, 678, 688, 714, 720, 721]",2.654,2.654,ResOve,[Pretrained] CF ResOve,0.124,0,0.124,730,34,0.0,5,0.03100000000000014,0.0,4.0
717,feature_0 > 0.188 AND feature_1 > 0.925 AND feature_0 > 0.373 AND feature_1 > 1.463 AND feature_1 <= 1.624 AND feature_0 > 0.753,"{'feature_0': (0.753, 3.845), 'feature_1': (1.463, 1.624)}",2,2.63,6,[Pretrained] CF,"[412, 678, 688, 714, 715]",2.992,2.937,ResOve,[Pretrained] CF ResOve,0.124,0,0.124,730,35,0.0,5,0.3620000000000001,0.05500000000000016,4.0
724,feature_0 > 0.188 AND feature_1 > 0.925 AND feature_0 > 0.373 AND feature_1 > 1.463 AND feature_1 > 1.624 AND feature_7 <= 0.014 AND feature_0 > 0.756 AND feature_8 <= 0.263,"{'feature_0': (0.756, 3.845), 'feature_1': (1.624, 3.852), 'feature_7': (-3.746, 0.014), 'feature_8': (-4.447, 0.263)}",4,2.969,8,[Pretrained] CF,"[412, 678, 688, 714, 720, 721, 723]",3.322,3.323,NoOve,[Pretrained] CF NoOve,0.012,0,0.012,730,37,0.0,5,0.3530000000000002,0.0009999999999998899,4.0
725,feature_0 > 0.188 AND feature_1 > 0.925 AND feature_0 > 0.373 AND feature_1 > 1.463 AND feature_1 > 1.624 AND feature_7 <= 0.014 AND feature_0 > 0.756 AND feature_8 > 0.263,"{'feature_0': (0.756, 3.845), 'feature_1': (1.624, 3.852), 'feature_7': (-3.746, 0.014), 'feature_8': (0.263, 3.832)}",4,2.764,8,[Pretrained] CF,"[412, 678, 688, 714, 720, 721, 723]",3.49,3.49,NoOve,[Pretrained] CF NoOve,0.012,0,0.012,730,25,0.0,5,0.7260000000000004,0.0,4.0
710,feature_0 > 0.188 AND feature_1 > 0.925 AND feature_0 > 0.373 AND feature_1 <= 1.463 AND feature_0 > 0.745 AND feature_1 > 1.12 AND feature_6 <= 0.339 AND feature_0 > 1.274,"{'feature_0': (1.274, 3.845), 'feature_1': (1.12, 1.463), 'feature_6': (-4.852, 0.339)}",3,2.623,8,[Pretrained] CF,"[412, 678, 688, 689, 697, 705, 706]",3.195,3.19,NoOve,[Pretrained] CF NoOve,0.012,0,0.012,730,29,0.0,5,0.5719999999999996,0.004999999999999893,4.0
707,feature_0 > 0.188 AND feature_1 > 0.925 AND feature_0 > 0.373 AND feature_1 <= 1.463 AND feature_0 > 0.745 AND feature_1 > 1.12 AND feature_6 <= 0.339 AND feature_0 <= 1.274,"{'feature_0': (0.745, 1.274), 'feature_1': (1.12, 1.463), 'feature_6': (-4.852, 0.339)}",3,2.436,8,[Pretrained] CF,"[412, 678, 688, 689, 697, 705, 706]",2.563,2.57,NoOve,[Pretrained] CF NoOve,0.012,0,0.012,730,43,0.0,5,0.12700000000000022,0.006999999999999673,4.0
703,feature_0 > 0.188 AND feature_1 > 0.925 AND feature_0 > 0.373 AND feature_1 <= 1.463 AND feature_0 > 0.745 AND feature_1 <= 1.12 AND feature_2 <= 0.899 AND feature_0 > 1.245,"{'feature_0': (1.245, 3.845), 'feature_1': (0.925, 1.12), 'feature_2': (-3.74, 0.899)}",3,2.385,8,[Pretrained] CF,"[412, 678, 688, 689, 697, 698, 699]",3.07,3.085,NoOve,[Pretrained] CF NoOve,0.012,0,0.012,730,21,0.0,5,0.685,0.015000000000000124,4.0
723,feature_0 > 0.188 AND feature_1 > 0.925 AND feature_0 > 0.373 AND feature_1 > 1.463 AND feature_1 > 1.624 AND feature_7 <= 0.014 AND feature_0 > 0.756,"{'feature_0': (0.756, 3.845), 'feature_1': (1.624, 3.852), 'feature_7': (-3.746, 0.014)}",3,2.889,7,[Pretrained] CF,"[412, 678, 688, 714, 720, 721]",3.389,3.464,OptRes,[Pretrained] CF OptRes,0.008,0,0.008,730,35,0.09,5,0.5,0.07500000000000018,4.0
720,feature_0 > 0.188 AND feature_1 > 0.925 AND feature_0 > 0.373 AND feature_1 > 1.463 AND feature_1 > 1.624,"{'feature_0': (0.373, 3.845), 'feature_1': (1.624, 3.852)}",2,2.739,5,[Pretrained] CF,"[412, 678, 688, 714]",3.09,3.125,OptRes,[Pretrained] CF OptRes,0.008,0,0.008,730,106,0.22,5,0.351,0.03500000000000014,4.0
722,feature_0 > 0.188 AND feature_1 > 0.925 AND feature_0 > 0.373 AND feature_1 > 1.463 AND feature_1 > 1.624 AND feature_7 <= 0.014 AND feature_0 <= 0.756,"{'feature_0': (0.373, 0.756), 'feature_1': (1.624, 3.852), 'feature_7': (-3.746, 0.014)}",3,2.685,7,[Pretrained] CF,"[412, 678, 688, 714, 720, 721]",2.654,2.652,OptRes,[Pretrained] CF OptRes,0.008,0,0.008,730,21,0.04857142857142857,5,0.03100000000000014,0.0019999999999997797,4.0
728,feature_0 > 0.188 AND feature_1 > 0.925 AND feature_0 > 0.373 AND feature_1 > 1.463 AND feature_1 > 1.624 AND feature_7 > 0.014 AND feature_0 > 0.608,"{'feature_0': (0.608, 3.845), 'feature_1': (1.624, 3.852), 'feature_7': (0.014, 3.492)}",3,2.667,7,[Pretrained] CF,"[412, 678, 688, 714, 720, 726]",3.228,3.214,OptRes,[Pretrained] CF OptRes,0.008,0,0.008,730,41,0.08142857142857143,5,0.5610000000000004,0.014000000000000234,4.0
717,feature_0 > 0.188 AND feature_1 > 0.925 AND feature_0 > 0.373 AND feature_1 > 1.463 AND feature_1 <= 1.624 AND feature_0 > 0.753,"{'feature_0': (0.753, 3.845), 'feature_1': (1.463, 1.624)}",2,2.63,6,[Pretrained] CF,"[412, 678, 688, 714, 715]",2.992,3.032,OptRes,[Pretrained] CF OptRes,0.008,0,0.008,730,28,0.0,5,0.3620000000000001,0.040000000000000036,4.0
723,feature_0 > 0.188 AND feature_1 > 0.925 AND feature_0 > 0.373 AND feature_1 > 1.463 AND feature_1 > 1.624 AND feature_7 <= 0.014 AND feature_0 > 0.756,"{'feature_0': (0.756, 3.845), 'feature_1': (1.624, 3.852), 'feature_7': (-3.746, 0.014)}",3,2.889,7,[Pretrained] CF,"[412, 678, 688, 714, 720, 721]",3.389,3.464,ResOve,[Pretrained] CF ResOve,0.119,0,0.119,730,35,0.16237113402061856,5,0.5,0.07500000000000018,4.0
722,feature_0 > 0.188 AND feature_1 > 0.925 AND feature_0 > 0.373 AND feature_1 > 1.463 AND feature_1 > 1.624 AND feature_7 <= 0.014 AND feature_0 <= 0.756,"{'feature_0': (0.373, 0.756), 'feature_1': (1.624, 3.852), 'feature_7': (-3.746, 0.014)}",3,2.685,7,[Pretrained] CF,"[412, 678, 688, 714, 720, 721]",2.654,2.652,ResOve,[Pretrained] CF ResOve,0.119,0,0.119,730,21,0.08762886597938144,5,0.03100000000000014,0.0019999999999997797,4.0
717,feature_0 > 0.188 AND feature_1 > 0.925 AND feature_0 > 0.373 AND feature_1 > 1.463 AND feature_1 <= 1.624 AND feature_0 > 0.753,"{'feature_0': (0.753, 3.845), 'feature_1': (1.463, 1.624)}",2,2.63,6,[Pretrained] CF,"[412, 678, 688, 714, 715]",2.992,3.032,ResOve,[Pretrained] CF ResOve,0.119,0,0.119,730,28,0.0,5,0.3620000000000001,0.040000000000000036,4.0
721,feature_0 > 0.188 AND feature_1 > 0.925 AND feature_0 > 0.373 AND feature_1 > 1.463 AND feature_1 > 1.624 AND feature_7 <= 0.014,"{'feature_0': (0.373, 3.845), 'feature_1': (1.624, 3.852), 'feature_7': (-3.746, 0.014)}",3,2.816,6,[Pretrained] CF,"[412, 678, 688, 714, 720]",3.131,3.16,ResOve,[Pretrained] CF ResOve,0.119,0,0.119,730,56,0.25,5,0.31499999999999995,0.02900000000000036,4.0
730,feature_0 > 0.188 AND feature_1 > 0.925 AND feature_0 > 0.373 AND feature_1 > 1.463 AND feature_1 > 1.624 AND feature_7 > 0.014 AND feature_0 > 0.608 AND feature_9 > 0.056,"{'feature_0': (0.608, 3.845), 'feature_1': (1.624, 3.852), 'feature_7': (0.014, 3.492), 'feature_9': (0.056, 3.767)}",4,2.637,8,[Pretrained] CF,"[412, 678, 688, 714, 720, 726, 728]",3.336,3.345,ResOve,[Pretrained] CF ResOve,0.119,0,0.119,730,22,0.0,5,0.6989999999999998,0.009000000000000341,4.0
723,feature_0 > 0.188 AND feature_1 > 0.925 AND feature_0 > 0.373 AND feature_1 > 1.463 AND feature_1 > 1.624 AND feature_7 <= 0.014 AND feature_0 > 0.756,"{'feature_0': (0.756, 3.845), 'feature_1': (1.624, 3.852), 'feature_7': (-3.746, 0.014)}",3,2.889,7,[Pretrained] CF,"[412, 678, 688, 714, 720, 721]",3.389,3.464,NoOve,[Pretrained] CF NoOve,0.015,0,0.015,730,35,0.0,5,0.5,0.07500000000000018,4.0
722,feature_0 > 0.188 AND feature_1 > 0.925 AND feature_0 > 0.373 AND feature_1 > 1.463 AND feature_1 > 1.624 AND feature_7 <= 0.014 AND feature_0 <= 0.756,"{'feature_0': (0.373, 0.756), 'feature_1': (1.624, 3.852), 'feature_7': (-3.746, 0.014)}",3,2.685,7,[Pretrained] CF,"[412, 678, 688, 714, 720, 721]",2.654,2.652,NoOve,[Pretrained] CF NoOve,0.015,0,0.015,730,21,0.0,5,0.03100000000000014,0.0019999999999997797,4.0
728,feature_0 > 0.188 AND feature_1 > 0.925 AND feature_0 > 0.373 AND feature_1 > 1.463 AND feature_1 > 1.624 AND feature_7 > 0.014 AND feature_0 > 0.608,"{'feature_0': (0.608, 3.845), 'feature_1': (1.624, 3.852), 'feature_7': (0.014, 3.492)}",3,2.667,7,[Pretrained] CF,"[412, 678, 688, 714, 720, 726]",3.228,3.214,NoOve,[Pretrained] CF NoOve,0.015,0,0.015,730,41,0.0,5,0.5610000000000004,0.014000000000000234,4.0
706,feature_0 > 0.188 AND feature_1 > 0.925 AND feature_0 > 0.373 AND feature_1 <= 1.463 AND feature_0 > 0.745 AND feature_1 > 1.12 AND feature_6 <= 0.339,"{'feature_0': (0.745, 3.845), 'feature_1': (1.12, 1.463), 'feature_6': (-4.852, 0.339)}",3,2.509,7,[Pretrained] CF,"[412, 678, 688, 689, 697, 705]",2.809,2.759,NoOve,[Pretrained] CF NoOve,0.015,0,0.015,730,58,0.0,5,0.30000000000000027,0.050000000000000266,4.0
711,feature_0 > 0.188 AND feature_1 > 0.925 AND feature_0 > 0.373 AND feature_1 <= 1.463 AND feature_0 > 0.745 AND feature_1 > 1.12 AND feature_6 > 0.339,"{'feature_0': (0.745, 3.845), 'feature_1': (1.12, 1.463), 'feature_6': (0.339, 3.484)}",3,2.335,7,[Pretrained] CF,"[412, 678, 688, 689, 697, 705]",2.695,2.701,NoOve,[Pretrained] CF NoOve,0.015,0,0.015,730,41,0.0,5,0.3599999999999999,0.006000000000000227,4.0
724,feature_0 > 0.188 AND feature_1 > 0.925 AND feature_0 > 0.373 AND feature_1 > 1.463 AND feature_1 > 1.624 AND feature_7 <= 0.014 AND feature_0 > 0.756 AND feature_8 <= 0.263,"{'feature_0': (0.756, 3.845), 'feature_1': (1.624, 3.852), 'feature_7': (-3.746, 0.014), 'feature_8': (-4.447, 0.263)}",4,2.969,8,[Pretrained] CF,"[412, 678, 688, 714, 720, 721, 723]",3.322,3.169,OptRes,[Pretrained] CF OptRes,0.007,0,0.007,730,21,0.1359381443298969,5,0.3530000000000002,0.15300000000000002,4.0
721,feature_0 > 0.188 AND feature_1 > 0.925 AND feature_0 > 0.373 AND feature_1 > 1.463 AND feature_1 > 1.624 AND feature_7 <= 0.014,"{'feature_0': (0.373, 3.845), 'feature_1': (1.624, 3.852), 'feature_7': (-3.746, 0.014)}",3,2.816,6,[Pretrained] CF,"[412, 678, 688, 714, 720]",3.131,3.092,OptRes,[Pretrained] CF OptRes,0.007,0,0.007,730,51,0.19493814432989692,5,0.31499999999999995,0.0389999999999997,4.0
714,feature_0 > 0.188 AND feature_1 > 0.925 AND feature_0 > 0.373 AND feature_1 > 1.463,"{'feature_0': (0.373, 3.845), 'feature_1': (1.463, 3.852)}",2,2.68,4,[Pretrained] CF,"[412, 678, 688]",2.976,2.908,OptRes,[Pretrained] CF OptRes,0.007,0,0.007,730,124,0.238,5,0.2959999999999998,0.06800000000000006,4.0
728,feature_0 > 0.188 AND feature_1 > 0.925 AND feature_0 > 0.373 AND feature_1 > 1.463 AND feature_1 > 1.624 AND feature_7 > 0.014 AND feature_0 > 0.608,"{'feature_0': (0.608, 3.845), 'feature_1': (1.624, 3.852), 'feature_7': (0.014, 3.492)}",3,2.667,7,[Pretrained] CF,"[412, 678, 688, 714, 720, 726]",3.228,3.144,OptRes,[Pretrained] CF OptRes,0.007,0,0.007,730,23,0.057,5,0.5610000000000004,0.08400000000000007,4.0
717,feature_0 > 0.188 AND feature_1 > 0.925 AND feature_0 > 0.373 AND feature_1 > 1.463 AND feature_1 <= 1.624 AND feature_0 > 0.753,"{'feature_0': (0.753, 3.845), 'feature_1': (1.463, 1.624)}",2,2.63,6,[Pretrained] CF,"[412, 678, 688, 714, 715]",2.992,2.904,OptRes,[Pretrained] CF OptRes,0.007,0,0.007,730,22,0.046,5,0.3620000000000001,0.08800000000000008,4.0
728,feature_0 > 0.188 AND feature_1 > 0.925 AND feature_0 > 0.373 AND feature_1 > 1.463 AND feature_1 > 1.624 AND feature_7 > 0.014 AND feature_0 > 0.608,"{'feature_0': (0.608, 3.845), 'feature_1': (1.624, 3.852), 'feature_7': (0.014, 3.492)}",3,2.667,7,[Pretrained] CF,"[412, 678, 688, 714, 720, 726]",3.228,3.144,ResOve,[Pretrained] CF ResOve,0.123,0,0.123,730,23,0.0,5,0.5610000000000004,0.08400000000000007,4.0
723,feature_0 > 0.188 AND feature_1 > 0.925 AND feature_0 > 0.373 AND feature_1 > 1.463 AND feature_1 > 1.624 AND feature_7 <= 0.014 AND feature_0 > 0.756,"{'feature_0': (0.756, 3.845), 'feature_1': (1.624, 3.852), 'feature_7': (-3.746, 0.014)}",3,2.889,7,[Pretrained] CF,"[412, 678, 688, 714, 720, 721]",3.389,3.262,ResOve,[Pretrained] CF ResOve,0.123,0,0.123,730,36,0.16237113402061856,5,0.5,0.12699999999999978,4.0
721,feature_0 > 0.188 AND feature_1 > 0.925 AND feature_0 > 0.373 AND feature_1 > 1.463 AND feature_1 > 1.624 AND feature_7 <= 0.014,"{'feature_0': (0.373, 3.845), 'feature_1': (1.624, 3.852), 'feature_7': (-3.746, 0.014)}",3,2.816,6,[Pretrained] CF,"[412, 678, 688, 714, 720]",3.131,3.092,ResOve,[Pretrained] CF ResOve,0.123,0,0.123,730,51,0.16237113402061856,5,0.31499999999999995,0.0389999999999997,4.0
717,feature_0 > 0.188 AND feature_1 > 0.925 AND feature_0 > 0.373 AND feature_1 > 1.463 AND feature_1 <= 1.624 AND feature_0 > 0.753,"{'feature_0': (0.753, 3.845), 'feature_1': (1.463, 1.624)}",2,2.63,6,[Pretrained] CF,"[412, 678, 688, 714, 715]",2.992,2.904,ResOve,[Pretrained] CF ResOve,0.123,0,0.123,730,22,0.0,5,0.3620000000000001,0.08800000000000008,4.0
710,feature_0 > 0.188 AND feature_1 > 0.925 AND feature_0 > 0.373 AND feature_1 <= 1.463 AND feature_0 > 0.745 AND feature_1 > 1.12 AND feature_6 <= 0.339 AND feature_0 > 1.274,"{'feature_0': (1.274, 3.845), 'feature_1': (1.12, 1.463), 'feature_6': (-4.852, 0.339)}",3,2.623,8,[Pretrained] CF,"[412, 678, 688, 689, 697, 705, 706]",3.195,3.114,ResOve,[Pretrained] CF ResOve,0.123,0,0.123,730,22,0.0,5,0.5719999999999996,0.08099999999999996,4.0
724,feature_0 > 0.188 AND feature_1 > 0.925 AND feature_0 > 0.373 AND feature_1 > 1.463 AND feature_1 > 1.624 AND feature_7 <= 0.014 AND feature_0 > 0.756 AND feature_8 <= 0.263,"{'feature_0': (0.756, 3.845), 'feature_1': (1.624, 3.852), 'feature_7': (-3.746, 0.014), 'feature_8': (-4.447, 0.263)}",4,2.969,8,[Pretrained] CF,"[412, 678, 688, 714, 720, 721, 723]",3.322,3.169,NoOve,[Pretrained] CF NoOve,0.023,0,0.023,730,21,0.0,5,0.3530000000000002,0.15300000000000002,4.0
710,feature_0 > 0.188 AND feature_1 > 0.925 AND feature_0 > 0.373 AND feature_1 <= 1.463 AND feature_0 > 0.745 AND feature_1 > 1.12 AND feature_6 <= 0.339 AND feature_0 > 1.274,"{'feature_0': (1.274, 3.845), 'feature_1': (1.12, 1.463), 'feature_6': (-4.852, 0.339)}",3,2.623,8,[Pretrained] CF,"[412, 678, 688, 689, 697, 705, 706]",3.195,3.114,NoOve,[Pretrained] CF NoOve,0.023,0,0.023,730,22,0.0,5,0.5719999999999996,0.08099999999999996,4.0
674,feature_0 > 0.188 AND feature_1 <= 0.925 AND feature_0 > 0.767 AND feature_1 > 0.122 AND feature_0 > 1.442 AND feature_4 > 0.109 AND feature_2 <= -0.072 AND feature_0 > 1.826,"{'feature_0': (1.826, 3.845), 'feature_1': (0.122, 0.925), 'feature_4': (0.109, 3.804), 'feature_2': (-3.74, -0.072)}",4,2.475,8,[Pretrained] CF,"[412, 413, 541, 629, 663, 671, 672]",3.205,3.205,NoOve,[Pretrained] CF NoOve,0.023,0,0.023,730,24,0.0,5,0.73,0.0,4.0
707,feature_0 > 0.188 AND feature_1 > 0.925 AND feature_0 > 0.373 AND feature_1 <= 1.463 AND feature_0 > 0.745 AND feature_1 > 1.12 AND feature_6 <= 0.339 AND feature_0 <= 1.274,"{'feature_0': (0.745, 1.274), 'feature_1': (1.12, 1.463), 'feature_6': (-4.852, 0.339)}",3,2.436,8,[Pretrained] CF,"[412, 678, 688, 689, 697, 705, 706]",2.563,2.577,NoOve,[Pretrained] CF NoOve,0.023,0,0.023,730,26,0.0,5,0.12700000000000022,0.01399999999999979,4.0
703,feature_0 > 0.188 AND feature_1 > 0.925 AND feature_0 > 0.373 AND feature_1 <= 1.463 AND feature_0 > 0.745 AND feature_1 <= 1.12 AND feature_2 <= 0.899 AND feature_0 > 1.245,"{'feature_0': (1.245, 3.845), 'feature_1': (0.925, 1.12), 'feature_2': (-3.74, 0.899)}",3,2.385,8,[Pretrained] CF,"[412, 678, 688, 689, 697, 698, 699]",3.07,3.05,NoOve,[Pretrained] CF NoOve,0.023,0,0.023,730,21,0.0,5,0.685,0.020000000000000018,4.0
549,feature_0 > 0.188 AND feature_1 <= 0.925 AND feature_0 > 0.767 AND feature_1 <= 0.122 AND feature_4 <= 0.248 AND feature_9 <= 0.592 AND feature_3 <= -0.842 AND feature_5 <= 0.718 AND feature_9 <= -0.177 AND feature_4 > -0.384,"{'feature_0': (0.767, 3.845), 'feature_1': (-3.98, 0.122), 'feature_4': (-0.384, 0.248), 'feature_9': (-3.581, -0.177), 'feature_3': (-3.667, -0.842), 'feature_5': (-3.694, 0.718)}",6,2.174,10,[Pretrained] CF,"[412, 413, 541, 542, 543, 544, 545, 546, 547]",1.983,1.983,OptRes,[Pretrained] CF OptRes,0.006,0,0.006,730,21,0.12209302325581395,5,0.19099999999999984,0.0,4.0
620,feature_0 > 0.188 AND feature_1 <= 0.925 AND feature_0 > 0.767 AND feature_1 <= 0.122 AND feature_4 > 0.248 AND feature_0 > 1.17 AND feature_3 > -0.867 AND feature_5 <= 0.577 AND feature_0 > 1.353 AND feature_9 <= 0.322 AND feature_1 > -0.959,"{'feature_0': (1.353, 3.845), 'feature_1': (-0.959, 0.122), 'feature_4': (0.248, 3.804), 'feature_3': (-0.867, 4.242), 'feature_5': (-3.694, 0.577), 'feature_9': (-3.581, 0.322)}",6,2.151,11,[Pretrained] CF,"[412, 413, 541, 542, 592, 608, 612, 613, 617, 618]",2.307,2.307,OptRes,[Pretrained] CF OptRes,0.006,0,0.006,730,41,0.09403669724770643,5,0.15600000000000014,0.0,4.0
609,feature_0 > 0.188 AND feature_1 <= 0.925 AND feature_0 > 0.767 AND feature_1 <= 0.122 AND feature_4 > 0.248 AND feature_0 > 1.17 AND feature_3 <= -0.867,"{'feature_0': (1.17, 3.845), 'feature_1': (-3.98, 0.122), 'feature_4': (0.248, 3.804), 'feature_3': (-3.667, -0.867)}",4,2.127,7,[Pretrained] CF,"[412, 413, 541, 542, 592, 608]",2.13,2.13,OptRes,[Pretrained] CF OptRes,0.006,0,0.006,730,46,0.0,5,0.0030000000000001137,0.0,4.0
547,feature_0 > 0.188 AND feature_1 <= 0.925 AND feature_0 > 0.767 AND feature_1 <= 0.122 AND feature_4 <= 0.248 AND feature_9 <= 0.592 AND feature_3 <= -0.842 AND feature_5 <= 0.718 AND feature_9 <= -0.177,"{'feature_0': (0.767, 3.845), 'feature_1': (-3.98, 0.122), 'feature_4': (-3.533, 0.248), 'feature_9': (-3.581, -0.177), 'feature_3': (-3.667, -0.842), 'feature_5': (-3.694, 0.718)}",6,2.1,9,[Pretrained] CF,"[412, 413, 541, 542, 543, 544, 545, 546]",1.901,1.901,OptRes,[Pretrained] CF OptRes,0.006,0,0.006,730,43,0.12209302325581395,5,0.19900000000000007,0.0,4.0
617,feature_0 > 0.188 AND feature_1 <= 0.925 AND feature_0 > 0.767 AND feature_1 <= 0.122 AND feature_4 > 0.248 AND feature_0 > 1.17 AND feature_3 > -0.867 AND feature_5 <= 0.577 AND feature_0 > 1.353,"{'feature_0': (1.353, 3.845), 'feature_1': (-3.98, 0.122), 'feature_4': (0.248, 3.804), 'feature_3': (-0.867, 4.242), 'feature_5': (-3.694, 0.577)}",5,2.029,9,[Pretrained] CF,"[412, 413, 541, 542, 592, 608, 612, 613]",2.253,2.253,OptRes,[Pretrained] CF OptRes,0.006,0,0.006,730,109,0.09403669724770643,5,0.2240000000000002,0.0,4.0
620,feature_0 > 0.188 AND feature_1 <= 0.925 AND feature_0 > 0.767 AND feature_1 <= 0.122 AND feature_4 > 0.248 AND feature_0 > 1.17 AND feature_3 > -0.867 AND feature_5 <= 0.577 AND feature_0 > 1.353 AND feature_9 <= 0.322 AND feature_1 > -0.959,"{'feature_0': (1.353, 3.845), 'feature_1': (-0.959, 0.122), 'feature_4': (0.248, 3.804), 'feature_3': (-0.867, 4.242), 'feature_5': (-3.694, 0.577), 'feature_9': (-3.581, 0.322)}",6,2.151,11,[Pretrained] CF,"[412, 413, 541, 542, 592, 608, 612, 613, 617, 618]",2.307,2.307,ResOve,[Pretrained] CF ResOve,0.08,0,0.08,730,41,0.0,5,0.15600000000000014,0.0,4.0
610,feature_0 > 0.188 AND feature_1 <= 0.925 AND feature_0 > 0.767 AND feature_1 <= 0.122 AND feature_4 > 0.248 AND feature_0 > 1.17 AND feature_3 <= -0.867 AND feature_8 <= 0.16,"{'feature_0': (1.17, 3.845), 'feature_1': (-3.98, 0.122), 'feature_4': (0.248, 3.804), 'feature_3': (-3.667, -0.867), 'feature_8': (-4.447, 0.16)}",5,2.093,8,[Pretrained] CF,"[412, 413, 541, 542, 592, 608, 609]",2.079,2.079,ResOve,[Pretrained] CF ResOve,0.08,0,0.08,730,26,0.0,5,0.01399999999999979,0.0,4.0
549,feature_0 > 0.188 AND feature_1 <= 0.925 AND feature_0 > 0.767 AND feature_1 <= 0.122 AND feature_4 <= 0.248 AND feature_9 <= 0.592 AND feature_3 <= -0.842 AND feature_5 <= 0.718 AND feature_9 <= -0.177 AND feature_4 > -0.384,"{'feature_0': (0.767, 3.845), 'feature_1': (-3.98, 0.122), 'feature_4': (-0.384, 0.248), 'feature_9': (-3.581, -0.177), 'feature_3': (-3.667, -0.842), 'feature_5': (-3.694, 0.718)}",6,2.174,10,[Pretrained] CF,"[412, 413, 541, 542, 543, 544, 545, 546, 547]",1.983,1.983,ResOve,[Pretrained] CF ResOve,0.08,0,0.08,730,21,0.0,5,0.19099999999999984,0.0,4.0
548,feature_0 > 0.188 AND feature_1 <= 0.925 AND feature_0 > 0.767 AND feature_1 <= 0.122 AND feature_4 <= 0.248 AND feature_9 <= 0.592 AND feature_3 <= -0.842 AND feature_5 <= 0.718 AND feature_9 <= -0.177 AND feature_4 <= -0.384,"{'feature_0': (0.767, 3.845), 'feature_1': (-3.98, 0.122), 'feature_4': (-3.533, -0.384), 'feature_9': (-3.581, -0.177), 'feature_3': (-3.667, -0.842), 'feature_5': (-3.694, 0.718)}",6,2.03,10,[Pretrained] CF,"[412, 413, 541, 542, 543, 544, 545, 546, 547]",1.822,1.822,ResOve,[Pretrained] CF ResOve,0.08,0,0.08,730,22,0.0,5,0.20799999999999974,0.0,4.0
625,feature_0 > 0.188 AND feature_1 <= 0.925 AND feature_0 > 0.767 AND feature_1 <= 0.122 AND feature_4 > 0.248 AND feature_0 > 1.17 AND feature_3 > -0.867 AND feature_5 <= 0.577 AND feature_0 > 1.353 AND feature_9 > 0.322 AND feature_1 > -0.576,"{'feature_0': (1.353, 3.845), 'feature_1': (-0.576, 0.122), 'feature_4': (0.248, 3.804), 'feature_3': (-0.867, 4.242), 'feature_5': (-3.694, 0.577), 'feature_9': (0.322, 3.767)}",6,1.996,11,[Pretrained] CF,"[412, 413, 541, 542, 592, 608, 612, 613, 617, 623]",2.348,2.348,ResOve,[Pretrained] CF ResOve,0.08,0,0.08,730,27,0.0,5,0.35199999999999987,0.0,4.0
549,feature_0 > 0.188 AND feature_1 <= 0.925 AND feature_0 > 0.767 AND feature_1 <= 0.122 AND feature_4 <= 0.248 AND feature_9 <= 0.592 AND feature_3 <= -0.842 AND feature_5 <= 0.718 AND feature_9 <= -0.177 AND feature_4 > -0.384,"{'feature_0': (0.767, 3.845), 'feature_1': (-3.98, 0.122), 'feature_4': (-0.384, 0.248), 'feature_9': (-3.581, -0.177), 'feature_3': (-3.667, -0.842), 'feature_5': (-3.694, 0.718)}",6,2.174,10,[Pretrained] CF,"[412, 413, 541, 542, 543, 544, 545, 546, 547]",1.983,1.983,NoOve,[Pretrained] CF NoOve,0.006,0,0.006,730,21,0.0,5,0.19099999999999984,0.0,4.0
618,feature_0 > 0.188 AND feature_1 <= 0.925 AND feature_0 > 0.767 AND feature_1 <= 0.122 AND feature_4 > 0.248 AND feature_0 > 1.17 AND feature_3 > -0.867 AND feature_5 <= 0.577 AND feature_0 > 1.353 AND feature_9 <= 0.322,"{'feature_0': (1.353, 3.845), 'feature_1': (-3.98, 0.122), 'feature_4': (0.248, 3.804), 'feature_3': (-0.867, 4.242), 'feature_5': (-3.694, 0.577), 'feature_9': (-3.581, 0.322)}",6,2.098,10,[Pretrained] CF,"[412, 413, 541, 542, 592, 608, 612, 613, 617]",2.216,2.216,NoOve,[Pretrained] CF NoOve,0.006,0,0.006,730,62,0.0,5,0.11800000000000033,0.0,4.0
548,feature_0 > 0.188 AND feature_1 <= 0.925 AND feature_0 > 0.767 AND feature_1 <= 0.122 AND feature_4 <= 0.248 AND feature_9 <= 0.592 AND feature_3 <= -0.842 AND feature_5 <= 0.718 AND feature_9 <= -0.177 AND feature_4 <= -0.384,"{'feature_0': (0.767, 3.845), 'feature_1': (-3.98, 0.122), 'feature_4': (-3.533, -0.384), 'feature_9': (-3.581, -0.177), 'feature_3': (-3.667, -0.842), 'feature_5': (-3.694, 0.718)}",6,2.03,10,[Pretrained] CF,"[412, 413, 541, 542, 543, 544, 545, 546, 547]",1.822,1.822,NoOve,[Pretrained] CF NoOve,0.006,0,0.006,730,22,0.0,5,0.20799999999999974,0.0,4.0
623,feature_0 > 0.188 AND feature_1 <= 0.925 AND feature_0 > 0.767 AND feature_1 <= 0.122 AND feature_4 > 0.248 AND feature_0 > 1.17 AND feature_3 > -0.867 AND feature_5 <= 0.577 AND feature_0 > 1.353 AND feature_9 > 0.322,"{'feature_0': (1.353, 3.845), 'feature_1': (-3.98, 0.122), 'feature_4': (0.248, 3.804), 'feature_3': (-0.867, 4.242), 'feature_5': (-3.694, 0.577), 'feature_9': (0.322, 3.767)}",6,1.937,10,[Pretrained] CF,"[412, 413, 541, 542, 592, 608, 612, 613, 617]",2.302,2.302,NoOve,[Pretrained] CF NoOve,0.006,0,0.006,730,47,0.0,5,0.365,0.0,4.0
616,feature_0 > 0.188 AND feature_1 <= 0.925 AND feature_0 > 0.767 AND feature_1 <= 0.122 AND feature_4 > 0.248 AND feature_0 > 1.17 AND feature_3 > -0.867 AND feature_5 <= 0.577 AND feature_0 <= 1.353 AND feature_8 > 0.259,"{'feature_0': (1.17, 1.353), 'feature_1': (-3.98, 0.122), 'feature_4': (0.248, 3.804), 'feature_3': (-0.867, 4.242), 'feature_5': (-3.694, 0.577), 'feature_8': (0.259, 3.832)}",6,1.935,10,[Pretrained] CF,"[412, 413, 541, 542, 592, 608, 612, 613, 614]",1.691,1.691,NoOve,[Pretrained] CF NoOve,0.006,0,0.006,730,22,0.0,5,0.244,0.0,4.0
708,feature_0 > 0.192 AND feature_0 > 0.728 AND feature_1 > 0.277 AND feature_1 > 1.176 AND feature_1 > 1.463 AND feature_8 <= 0.111 AND feature_7 <= -0.563,"{'feature_0': (0.728, 3.845), 'feature_1': (1.463, 3.852), 'feature_8': (-4.447, 0.111), 'feature_7': (-3.746, -0.563)}",4,2.966,7,[Pretrained] CF,"[404, 550, 650, 696, 706, 707]",3.13,3.116,OptRes,[Pretrained] CF OptRes,0.004,0,0.004,716,26,0.07941176470588235,5,0.1639999999999997,0.01399999999999979,5.0
707,feature_0 > 0.192 AND feature_0 > 0.728 AND feature_1 > 0.277 AND feature_1 > 1.176 AND feature_1 > 1.463 AND feature_8 <= 0.111,"{'feature_0': (0.728, 3.845), 'feature_1': (1.463, 3.852), 'feature_8': (-4.447, 0.111)}",3,2.791,6,[Pretrained] CF,"[404, 550, 650, 696, 706]",3.204,3.184,OptRes,[Pretrained] CF OptRes,0.004,0,0.004,716,73,0.19117647058823528,5,0.41300000000000026,0.020000000000000018,5.0
710,feature_0 > 0.192 AND feature_0 > 0.728 AND feature_1 > 0.277 AND feature_1 > 1.176 AND feature_1 > 1.463 AND feature_8 <= 0.111 AND feature_7 > -0.563 AND feature_2 <= 0.697,"{'feature_0': (0.728, 3.845), 'feature_1': (1.463, 3.852), 'feature_8': (-4.447, 0.111), 'feature_7': (-0.563, 3.492), 'feature_2': (-3.74, 0.697)}",5,2.765,8,[Pretrained] CF,"[404, 550, 650, 696, 706, 707, 709]",3.166,3.119,OptRes,[Pretrained] CF OptRes,0.004,0,0.004,716,29,0.11176470588235295,5,0.4009999999999998,0.04699999999999971,5.0
714,feature_0 > 0.192 AND feature_0 > 0.728 AND feature_1 > 0.277 AND feature_1 > 1.176 AND feature_1 > 1.463 AND feature_8 > 0.111 AND feature_9 <= 0.538 AND feature_7 <= -0.33,"{'feature_0': (0.728, 3.845), 'feature_1': (1.463, 3.852), 'feature_8': (0.111, 3.832), 'feature_9': (-3.581, 0.538), 'feature_7': (-3.746, -0.33)}",5,2.708,8,[Pretrained] CF,"[404, 550, 650, 696, 706, 712, 713]",3.364,3.364,OptRes,[Pretrained] CF OptRes,0.004,0,0.004,716,26,0.0,5,0.6559999999999997,0.0,5.0
699,feature_0 > 0.192 AND feature_0 > 0.728 AND feature_1 > 0.277 AND feature_1 > 1.176 AND feature_1 <= 1.463 AND feature_7 <= 0.095 AND feature_6 <= 0.339,"{'feature_0': (0.728, 3.845), 'feature_1': (1.176, 1.463), 'feature_7': (-3.746, 0.095), 'feature_6': (-4.852, 0.339)}",4,2.674,7,[Pretrained] CF,"[404, 550, 650, 696, 697, 698]",2.859,2.863,OptRes,[Pretrained] CF OptRes,0.004,0,0.004,716,44,0.0,5,0.18500000000000005,0.0040000000000000036,5.0
707,feature_0 > 0.192 AND feature_0 > 0.728 AND feature_1 > 0.277 AND feature_1 > 1.176 AND feature_1 > 1.463 AND feature_8 <= 0.111,"{'feature_0': (0.728, 3.845), 'feature_1': (1.463, 3.852), 'feature_8': (-4.447, 0.111)}",3,2.791,6,[Pretrained] CF,"[404, 550, 650, 696, 706]",3.204,3.184,ResOve,[Pretrained] CF ResOve,0.11,0,0.11,716,73,0.0,5,0.41300000000000026,0.020000000000000018,5.0
701,feature_0 > 0.192 AND feature_0 > 0.728 AND feature_1 > 0.277 AND feature_1 > 1.176 AND feature_1 <= 1.463 AND feature_7 <= 0.095 AND feature_6 <= 0.339 AND feature_9 > -0.313,"{'feature_0': (0.728, 3.845), 'feature_1': (1.176, 1.463), 'feature_7': (-3.746, 0.095), 'feature_6': (-4.852, 0.339), 'feature_9': (-0.313, 3.767)}",5,2.567,8,[Pretrained] CF,"[404, 550, 650, 696, 697, 698, 699]",2.914,2.928,ResOve,[Pretrained] CF ResOve,0.11,0,0.11,716,24,0.0,5,0.347,0.01399999999999979,5.0
715,feature_0 > 0.192 AND feature_0 > 0.728 AND feature_1 > 0.277 AND feature_1 > 1.176 AND feature_1 > 1.463 AND feature_8 > 0.111 AND feature_9 <= 0.538 AND feature_7 > -0.33,"{'feature_0': (0.728, 3.845), 'feature_1': (1.463, 3.852), 'feature_8': (0.111, 3.832), 'feature_9': (-3.581, 0.538), 'feature_7': (-0.33, 3.492)}",5,2.553,8,[Pretrained] CF,"[404, 550, 650, 696, 706, 712, 713]",3.277,3.277,ResOve,[Pretrained] CF ResOve,0.11,0,0.11,716,24,0.0,5,0.7240000000000002,0.0,5.0
714,feature_0 > 0.192 AND feature_0 > 0.728 AND feature_1 > 0.277 AND feature_1 > 1.176 AND feature_1 > 1.463 AND feature_8 > 0.111 AND feature_9 <= 0.538 AND feature_7 <= -0.33,"{'feature_0': (0.728, 3.845), 'feature_1': (1.463, 3.852), 'feature_8': (0.111, 3.832), 'feature_9': (-3.581, 0.538), 'feature_7': (-3.746, -0.33)}",5,2.708,8,[Pretrained] CF,"[404, 550, 650, 696, 706, 712, 713]",3.364,3.364,ResOve,[Pretrained] CF ResOve,0.11,0,0.11,716,26,0.0,5,0.6559999999999997,0.0,5.0
543,feature_0 > 0.192 AND feature_0 <= 0.728 AND feature_1 > 0.883 AND feature_0 > 0.324 AND feature_1 > 1.196 AND feature_6 <= 0.038 AND feature_0 > 0.416 AND feature_9 <= -0.545,"{'feature_0': (0.416, 0.728), 'feature_1': (1.196, 3.852), 'feature_6': (-4.852, 0.038), 'feature_9': (-3.581, -0.545)}",4,2.622,8,[Pretrained] CF,"[404, 405, 525, 533, 539, 540, 542]",2.42,2.42,ResOve,[Pretrained] CF ResOve,0.11,0,0.11,716,22,0.0,5,0.20199999999999996,0.0,5.0
708,feature_0 > 0.192 AND feature_0 > 0.728 AND feature_1 > 0.277 AND feature_1 > 1.176 AND feature_1 > 1.463 AND feature_8 <= 0.111 AND feature_7 <= -0.563,"{'feature_0': (0.728, 3.845), 'feature_1': (1.463, 3.852), 'feature_8': (-4.447, 0.111), 'feature_7': (-3.746, -0.563)}",4,2.966,7,[Pretrained] CF,"[404, 550, 650, 696, 706, 707]",3.13,3.116,NoOve,[Pretrained] CF NoOve,0.01,0,0.01,716,26,0.0,5,0.1639999999999997,0.01399999999999979,5.0
709,feature_0 > 0.192 AND feature_0 > 0.728 AND feature_1 > 0.277 AND feature_1 > 1.176 AND feature_1 > 1.463 AND feature_8 <= 0.111 AND feature_7 > -0.563,"{'feature_0': (0.728, 3.845), 'feature_1': (1.463, 3.852), 'feature_8': (-4.447, 0.111), 'feature_7': (-0.563, 3.492)}",4,2.71,7,[Pretrained] CF,"[404, 550, 650, 696, 706, 707]",3.238,3.221,NoOve,[Pretrained] CF NoOve,0.01,0,0.01,716,47,0.0,5,0.528,0.016999999999999904,5.0
699,feature_0 > 0.192 AND feature_0 > 0.728 AND feature_1 > 0.277 AND feature_1 > 1.176 AND feature_1 <= 1.463 AND feature_7 <= 0.095 AND feature_6 <= 0.339,"{'feature_0': (0.728, 3.845), 'feature_1': (1.176, 1.463), 'feature_7': (-3.746, 0.095), 'feature_6': (-4.852, 0.339)}",4,2.674,7,[Pretrained] CF,"[404, 550, 650, 696, 697, 698]",2.859,2.863,NoOve,[Pretrained] CF NoOve,0.01,0,0.01,716,44,0.0,5,0.18500000000000005,0.0040000000000000036,5.0
713,feature_0 > 0.192 AND feature_0 > 0.728 AND feature_1 > 0.277 AND feature_1 > 1.176 AND feature_1 > 1.463 AND feature_8 > 0.111 AND feature_9 <= 0.538,"{'feature_0': (0.728, 3.845), 'feature_1': (1.463, 3.852), 'feature_8': (0.111, 3.832), 'feature_9': (-3.581, 0.538)}",4,2.633,7,[Pretrained] CF,"[404, 550, 650, 696, 706, 712]",3.322,3.322,NoOve,[Pretrained] CF NoOve,0.01,0,0.01,716,50,0.0,5,0.6890000000000001,0.0,5.0
542,feature_0 > 0.192 AND feature_0 <= 0.728 AND feature_1 > 0.883 AND feature_0 > 0.324 AND feature_1 > 1.196 AND feature_6 <= 0.038 AND feature_0 > 0.416,"{'feature_0': (0.416, 0.728), 'feature_1': (1.196, 3.852), 'feature_6': (-4.852, 0.038)}",3,2.479,7,[Pretrained] CF,"[404, 405, 525, 533, 539, 540]",2.428,2.446,NoOve,[Pretrained] CF NoOve,0.01,0,0.01,716,62,0.0,5,0.051000000000000156,0.018000000000000238,5.0
707,feature_0 > 0.192 AND feature_0 > 0.728 AND feature_1 > 0.277 AND feature_1 > 1.176 AND feature_1 > 1.463 AND feature_8 <= 0.111,"{'feature_0': (0.728, 3.845), 'feature_1': (1.463, 3.852), 'feature_8': (-4.447, 0.111)}",3,2.791,6,[Pretrained] CF,"[404, 550, 650, 696, 706]",3.204,3.191,OptRes,[Pretrained] CF OptRes,0.006,0,0.006,716,72,0.18960353372118077,5,0.41300000000000026,0.013000000000000345,5.0
710,feature_0 > 0.192 AND feature_0 > 0.728 AND feature_1 > 0.277 AND feature_1 > 1.176 AND feature_1 > 1.463 AND feature_8 <= 0.111 AND feature_7 > -0.563 AND feature_2 <= 0.697,"{'feature_0': (0.728, 3.845), 'feature_1': (1.463, 3.852), 'feature_8': (-4.447, 0.111), 'feature_7': (-0.563, 3.492), 'feature_2': (-3.74, 0.697)}",5,2.765,8,[Pretrained] CF,"[404, 550, 650, 696, 706, 707, 709]",3.166,3.166,OptRes,[Pretrained] CF OptRes,0.006,0,0.006,716,38,0.14656324068088775,5,0.4009999999999998,0.0,5.0
699,feature_0 > 0.192 AND feature_0 > 0.728 AND feature_1 > 0.277 AND feature_1 > 1.176 AND feature_1 <= 1.463 AND feature_7 <= 0.095 AND feature_6 <= 0.339,"{'feature_0': (0.728, 3.845), 'feature_1': (1.176, 1.463), 'feature_7': (-3.746, 0.095), 'feature_6': (-4.852, 0.339)}",4,2.674,7,[Pretrained] CF,"[404, 550, 650, 696, 697, 698]",2.859,2.793,OptRes,[Pretrained] CF OptRes,0.006,0,0.006,716,37,0.04304029304029304,5,0.18500000000000005,0.06599999999999984,5.0
713,feature_0 > 0.192 AND feature_0 > 0.728 AND feature_1 > 0.277 AND feature_1 > 1.176 AND feature_1 > 1.463 AND feature_8 > 0.111 AND feature_9 <= 0.538,"{'feature_0': (0.728, 3.845), 'feature_1': (1.463, 3.852), 'feature_8': (0.111, 3.832), 'feature_9': (-3.581, 0.538)}",4,2.633,7,[Pretrained] CF,"[404, 550, 650, 696, 706, 712]",3.322,3.255,OptRes,[Pretrained] CF OptRes,0.006,0,0.006,716,40,0.045787545787545784,5,0.6890000000000001,0.06700000000000017,5.0
696,feature_0 > 0.192 AND feature_0 > 0.728 AND feature_1 > 0.277 AND feature_1 > 1.176,"{'feature_0': (0.728, 3.845), 'feature_1': (1.176, 3.852)}",2,2.597,4,[Pretrained] CF,"[404, 550, 650]",3.042,2.997,OptRes,[Pretrained] CF OptRes,0.006,0,0.006,716,233,0.20146520146520147,5,0.44499999999999984,0.04499999999999993,5.0
710,feature_0 > 0.192 AND feature_0 > 0.728 AND feature_1 > 0.277 AND feature_1 > 1.176 AND feature_1 > 1.463 AND feature_8 <= 0.111 AND feature_7 > -0.563 AND feature_2 <= 0.697,"{'feature_0': (0.728, 3.845), 'feature_1': (1.463, 3.852), 'feature_8': (-4.447, 0.111), 'feature_7': (-0.563, 3.492), 'feature_2': (-3.74, 0.697)}",5,2.765,8,[Pretrained] CF,"[404, 550, 650, 696, 706, 707, 709]",3.166,3.166,ResOve,[Pretrained] CF ResOve,0.108,0,0.108,716,38,0.11176470588235295,5,0.4009999999999998,0.0,5.0
707,feature_0 > 0.192 AND feature_0 > 0.728 AND feature_1 > 0.277 AND feature_1 > 1.176 AND feature_1 > 1.463 AND feature_8 <= 0.111,"{'feature_0': (0.728, 3.845), 'feature_1': (1.463, 3.852), 'feature_8': (-4.447, 0.111)}",3,2.791,6,[Pretrained] CF,"[404, 550, 650, 696, 706]",3.204,3.191,ResOve,[Pretrained] CF ResOve,0.108,0,0.108,716,72,0.11176470588235295,5,0.41300000000000026,0.013000000000000345,5.0
701,feature_0 > 0.192 AND feature_0 > 0.728 AND feature_1 > 0.277 AND feature_1 > 1.176 AND feature_1 <= 1.463 AND feature_7 <= 0.095 AND feature_6 <= 0.339 AND feature_9 > -0.313,"{'feature_0': (0.728, 3.845), 'feature_1': (1.176, 1.463), 'feature_7': (-3.746, 0.095), 'feature_6': (-4.852, 0.339), 'feature_9': (-0.313, 3.767)}",5,2.567,8,[Pretrained] CF,"[404, 550, 650, 696, 697, 698, 699]",2.914,2.823,ResOve,[Pretrained] CF ResOve,0.108,0,0.108,716,22,0.0,5,0.347,0.09100000000000019,5.0
715,feature_0 > 0.192 AND feature_0 > 0.728 AND feature_1 > 0.277 AND feature_1 > 1.176 AND feature_1 > 1.463 AND feature_8 > 0.111 AND feature_9 <= 0.538 AND feature_7 > -0.33,"{'feature_0': (0.728, 3.845), 'feature_1': (1.463, 3.852), 'feature_8': (0.111, 3.832), 'feature_9': (-3.581, 0.538), 'feature_7': (-0.33, 3.492)}",5,2.553,8,[Pretrained] CF,"[404, 550, 650, 696, 706, 712, 713]",3.277,3.277,ResOve,[Pretrained] CF ResOve,0.108,0,0.108,716,24,0.0,5,0.7240000000000002,0.0,5.0
546,feature_0 > 0.192 AND feature_0 <= 0.728 AND feature_1 > 0.883 AND feature_0 > 0.324 AND feature_1 > 1.196 AND feature_6 <= 0.038 AND feature_0 > 0.416 AND feature_9 > -0.545 AND feature_1 > 1.581,"{'feature_0': (0.416, 0.728), 'feature_1': (1.581, 3.852), 'feature_6': (-4.852, 0.038), 'feature_9': (-0.545, 3.767)}",4,2.482,9,[Pretrained] CF,"[404, 405, 525, 533, 539, 540, 542, 544]",2.667,2.675,ResOve,[Pretrained] CF ResOve,0.108,0,0.108,716,24,0.0,5,0.1849999999999996,0.008000000000000007,5.0
709,feature_0 > 0.192 AND feature_0 > 0.728 AND feature_1 > 0.277 AND feature_1 > 1.176 AND feature_1 > 1.463 AND feature_8 <= 0.111 AND feature_7 > -0.563,"{'feature_0': (0.728, 3.845), 'feature_1': (1.463, 3.852), 'feature_8': (-4.447, 0.111), 'feature_7': (-0.563, 3.492)}",4,2.71,7,[Pretrained] CF,"[404, 550, 650, 696, 706, 707]",3.238,3.238,NoOve,[Pretrained] CF NoOve,0.009,0,0.009,716,58,0.0,5,0.528,0.0,5.0
699,feature_0 > 0.192 AND feature_0 > 0.728 AND feature_1 > 0.277 AND feature_1 > 1.176 AND feature_1 <= 1.463 AND feature_7 <= 0.095 AND feature_6 <= 0.339,"{'feature_0': (0.728, 3.845), 'feature_1': (1.176, 1.463), 'feature_7': (-3.746, 0.095), 'feature_6': (-4.852, 0.339)}",4,2.674,7,[Pretrained] CF,"[404, 550, 650, 696, 697, 698]",2.859,2.793,NoOve,[Pretrained] CF NoOve,0.009,0,0.009,716,37,0.0,5,0.18500000000000005,0.06599999999999984,5.0
713,feature_0 > 0.192 AND feature_0 > 0.728 AND feature_1 > 0.277 AND feature_1 > 1.176 AND feature_1 > 1.463 AND feature_8 > 0.111 AND feature_9 <= 0.538,"{'feature_0': (0.728, 3.845), 'feature_1': (1.463, 3.852), 'feature_8': (0.111, 3.832), 'feature_9': (-3.581, 0.538)}",4,2.633,7,[Pretrained] CF,"[404, 550, 650, 696, 706, 712]",3.322,3.255,NoOve,[Pretrained] CF NoOve,0.009,0,0.009,716,40,0.0,5,0.6890000000000001,0.06700000000000017,5.0
542,feature_0 > 0.192 AND feature_0 <= 0.728 AND feature_1 > 0.883 AND feature_0 > 0.324 AND feature_1 > 1.196 AND feature_6 <= 0.038 AND feature_0 > 0.416,"{'feature_0': (0.416, 0.728), 'feature_1': (1.196, 3.852), 'feature_6': (-4.852, 0.038)}",3,2.479,7,[Pretrained] CF,"[404, 405, 525, 533, 539, 540]",2.428,2.436,NoOve,[Pretrained] CF NoOve,0.009,0,0.009,716,64,0.0,5,0.051000000000000156,0.008000000000000007,5.0
688,feature_0 > 0.192 AND feature_0 > 0.728 AND feature_1 > 0.277 AND feature_1 <= 1.176 AND feature_4 > -0.035 AND feature_0 > 1.281 AND feature_3 <= -0.334,"{'feature_0': (1.281, 3.845), 'feature_1': (0.277, 1.176), 'feature_4': (-0.035, 3.804), 'feature_3': (-3.667, -0.334)}",4,2.439,7,[Pretrained] CF,"[404, 550, 650, 651, 673, 687]",2.801,2.815,NoOve,[Pretrained] CF NoOve,0.009,0,0.009,716,49,0.0,5,0.3620000000000001,0.01399999999999979,5.0
707,feature_0 > 0.192 AND feature_0 > 0.728 AND feature_1 > 0.277 AND feature_1 > 1.176 AND feature_1 > 1.463 AND feature_8 <= 0.111,"{'feature_0': (0.728, 3.845), 'feature_1': (1.463, 3.852), 'feature_8': (-4.447, 0.111)}",3,2.791,6,[Pretrained] CF,"[404, 550, 650, 696, 706]",3.204,3.322,OptRes,[Pretrained] CF OptRes,0.009,0,0.009,716,28,0.07783882783882784,5,0.41300000000000026,0.11799999999999988,5.0
696,feature_0 > 0.192 AND feature_0 > 0.728 AND feature_1 > 0.277 AND feature_1 > 1.176,"{'feature_0': (0.728, 3.845), 'feature_1': (1.176, 3.852)}",2,2.597,4,[Pretrained] CF,"[404, 550, 650]",3.042,3.053,OptRes,[Pretrained] CF OptRes,0.009,0,0.009,716,93,0.14835164835164835,5,0.44499999999999984,0.01100000000000012,5.0
698,feature_0 > 0.192 AND feature_0 > 0.728 AND feature_1 > 0.277 AND feature_1 > 1.176 AND feature_1 <= 1.463 AND feature_7 <= 0.095,"{'feature_0': (0.728, 3.845), 'feature_1': (1.176, 1.463), 'feature_7': (-3.746, 0.095)}",3,2.564,6,[Pretrained] CF,"[404, 550, 650, 696, 697]",2.794,2.755,OptRes,[Pretrained] CF OptRes,0.009,0,0.009,716,30,0.07051282051282051,5,0.22999999999999998,0.039000000000000146,5.0
542,feature_0 > 0.192 AND feature_0 <= 0.728 AND feature_1 > 0.883 AND feature_0 > 0.324 AND feature_1 > 1.196 AND feature_6 <= 0.038 AND feature_0 > 0.416,"{'feature_0': (0.416, 0.728), 'feature_1': (1.196, 3.852), 'feature_6': (-4.852, 0.038)}",3,2.479,7,[Pretrained] CF,"[404, 405, 525, 533, 539, 540]",2.428,2.379,OptRes,[Pretrained] CF OptRes,0.009,0,0.009,716,28,0.0,5,0.051000000000000156,0.04899999999999993,5.0
655,feature_0 > 0.192 AND feature_0 > 0.728 AND feature_1 > 0.277 AND feature_1 <= 1.176 AND feature_4 <= -0.035 AND feature_3 <= -0.406 AND feature_7 <= 0.787 AND feature_3 <= -1.102,"{'feature_0': (0.728, 3.845), 'feature_1': (0.277, 1.176), 'feature_4': (-3.533, -0.035), 'feature_3': (-3.667, -1.102), 'feature_7': (-3.746, 0.787)}",5,2.334,8,[Pretrained] CF,"[404, 550, 650, 651, 652, 653, 654]",2.415,2.333,OptRes,[Pretrained] CF OptRes,0.009,0,0.009,716,21,0.0,5,0.08099999999999996,0.08199999999999985,5.0
707,feature_0 > 0.192 AND feature_0 > 0.728 AND feature_1 > 0.277 AND feature_1 > 1.176 AND feature_1 > 1.463 AND feature_8 <= 0.111,"{'feature_0': (0.728, 3.845), 'feature_1': (1.463, 3.852), 'feature_8': (-4.447, 0.111)}",3,2.791,6,[Pretrained] CF,"[404, 550, 650, 696, 706]",3.204,3.322,ResOve,[Pretrained] CF ResOve,0.122,0,0.122,716,28,0.1362179487179487,5,0.41300000000000026,0.11799999999999988,5.0
706,feature_0 > 0.192 AND feature_0 > 0.728 AND feature_1 > 0.277 AND feature_1 > 1.176 AND feature_1 > 1.463,"{'feature_0': (0.728, 3.845), 'feature_1': (1.463, 3.852)}",2,2.693,5,[Pretrained] CF,"[404, 550, 650, 696]",3.248,3.304,ResOve,[Pretrained] CF ResOve,0.122,0,0.122,716,48,0.1362179487179487,5,0.5550000000000002,0.055999999999999606,5.0
698,feature_0 > 0.192 AND feature_0 > 0.728 AND feature_1 > 0.277 AND feature_1 > 1.176 AND feature_1 <= 1.463 AND feature_7 <= 0.095,"{'feature_0': (0.728, 3.845), 'feature_1': (1.176, 1.463), 'feature_7': (-3.746, 0.095)}",3,2.564,6,[Pretrained] CF,"[404, 550, 650, 696, 697]",2.794,2.755,ResOve,[Pretrained] CF ResOve,0.122,0,0.122,716,30,0.16452991452991453,5,0.22999999999999998,0.039000000000000146,5.0
539,feature_0 > 0.192 AND feature_0 <= 0.728 AND feature_1 > 0.883 AND feature_0 > 0.324 AND feature_1 > 1.196,"{'feature_0': (0.324, 0.728), 'feature_1': (1.196, 3.852)}",2,2.332,5,[Pretrained] CF,"[404, 405, 525, 533]",2.354,2.371,ResOve,[Pretrained] CF ResOve,0.122,0,0.122,716,65,0.0,5,0.02200000000000024,0.016999999999999904,5.0
697,feature_0 > 0.192 AND feature_0 > 0.728 AND feature_1 > 0.277 AND feature_1 > 1.176 AND feature_1 <= 1.463,"{'feature_0': (0.728, 3.845), 'feature_1': (1.176, 1.463)}",2,2.469,5,[Pretrained] CF,"[404, 550, 650, 696]",2.767,2.786,ResOve,[Pretrained] CF ResOve,0.122,0,0.122,716,45,0.16452991452991453,5,0.29800000000000004,0.019000000000000128,5.0
707,feature_0 > 0.192 AND feature_0 > 0.728 AND feature_1 > 0.277 AND feature_1 > 1.176 AND feature_1 > 1.463 AND feature_8 <= 0.111,"{'feature_0': (0.728, 3.845), 'feature_1': (1.463, 3.852), 'feature_8': (-4.447, 0.111)}",3,2.791,6,[Pretrained] CF,"[404, 550, 650, 696, 706]",3.204,3.322,NoOve,[Pretrained] CF NoOve,0.04,0,0.04,716,28,0.0,5,0.41300000000000026,0.11799999999999988,5.0
698,feature_0 > 0.192 AND feature_0 > 0.728 AND feature_1 > 0.277 AND feature_1 > 1.176 AND feature_1 <= 1.463 AND feature_7 <= 0.095,"{'feature_0': (0.728, 3.845), 'feature_1': (1.176, 1.463), 'feature_7': (-3.746, 0.095)}",3,2.564,6,[Pretrained] CF,"[404, 550, 650, 696, 697]",2.794,2.755,NoOve,[Pretrained] CF NoOve,0.04,0,0.04,716,30,0.0,5,0.22999999999999998,0.039000000000000146,5.0
540,feature_0 > 0.192 AND feature_0 <= 0.728 AND feature_1 > 0.883 AND feature_0 > 0.324 AND feature_1 > 1.196 AND feature_6 <= 0.038,"{'feature_0': (0.324, 0.728), 'feature_1': (1.196, 3.852), 'feature_6': (-4.852, 0.038)}",3,2.417,6,[Pretrained] CF,"[404, 405, 525, 533, 539]",2.36,2.317,NoOve,[Pretrained] CF NoOve,0.04,0,0.04,716,38,0.0,5,0.05699999999999994,0.042999999999999705,5.0
547,feature_0 > 0.192 AND feature_0 <= 0.728 AND feature_1 > 0.883 AND feature_0 > 0.324 AND feature_1 > 1.196 AND feature_6 > 0.038,"{'feature_0': (0.324, 0.728), 'feature_1': (1.196, 3.852), 'feature_6': (0.038, 3.484)}",3,2.21,6,[Pretrained] CF,"[404, 405, 525, 533, 539]",2.347,2.448,NoOve,[Pretrained] CF NoOve,0.04,0,0.04,716,27,0.0,5,0.137,0.10099999999999998,5.0
653,feature_0 > 0.192 AND feature_0 > 0.728 AND feature_1 > 0.277 AND feature_1 <= 1.176 AND feature_4 <= -0.035 AND feature_3 <= -0.406,"{'feature_0': (0.728, 3.845), 'feature_1': (0.277, 1.176), 'feature_4': (-3.533, -0.035), 'feature_3': (-3.667, -0.406)}",4,2.17,6,[Pretrained] CF,"[404, 550, 650, 651, 652]",2.373,2.317,NoOve,[Pretrained] CF NoOve,0.04,0,0.04,716,75,0.0,5,0.2030000000000003,0.05600000000000005,5.0
708,feature_0 > 0.192 AND feature_0 > 0.728 AND feature_1 > 0.277 AND feature_1 > 1.176 AND feature_1 > 1.463 AND feature_8 <= 0.111 AND feature_7 <= -0.563,"{'feature_0': (0.728, 3.845), 'feature_1': (1.463, 3.852), 'feature_8': (-4.447, 0.111), 'feature_7': (-3.746, -0.563)}",4,2.966,7,[Pretrained] CF,"[404, 550, 650, 696, 706, 707]",3.13,3.13,OptRes,[Pretrained] CF OptRes,0.004,0,0.004,716,27,0.07941176470588235,5,0.1639999999999997,0.0,5.0
707,feature_0 > 0.192 AND feature_0 > 0.728 AND feature_1 > 0.277 AND feature_1 > 1.176 AND feature_1 > 1.463 AND feature_8 <= 0.111,"{'feature_0': (0.728, 3.845), 'feature_1': (1.463, 3.852), 'feature_8': (-4.447, 0.111)}",3,2.791,6,[Pretrained] CF,"[404, 550, 650, 696, 706]",3.204,3.204,OptRes,[Pretrained] CF OptRes,0.004,0,0.004,716,85,0.19117647058823528,5,0.41300000000000026,0.0,5.0
710,feature_0 > 0.192 AND feature_0 > 0.728 AND feature_1 > 0.277 AND feature_1 > 1.176 AND feature_1 > 1.463 AND feature_8 <= 0.111 AND feature_7 > -0.563 AND feature_2 <= 0.697,"{'feature_0': (0.728, 3.845), 'feature_1': (1.463, 3.852), 'feature_8': (-4.447, 0.111), 'feature_7': (-0.563, 3.492), 'feature_2': (-3.74, 0.697)}",5,2.765,8,[Pretrained] CF,"[404, 550, 650, 696, 706, 707, 709]",3.166,3.166,OptRes,[Pretrained] CF OptRes,0.004,0,0.004,716,38,0.11176470588235295,5,0.4009999999999998,0.0,5.0
714,feature_0 > 0.192 AND feature_0 > 0.728 AND feature_1 > 0.277 AND feature_1 > 1.176 AND feature_1 > 1.463 AND feature_8 > 0.111 AND feature_9 <= 0.538 AND feature_7 <= -0.33,"{'feature_0': (0.728, 3.845), 'feature_1': (1.463, 3.852), 'feature_8': (0.111, 3.832), 'feature_9': (-3.581, 0.538), 'feature_7': (-3.746, -0.33)}",5,2.708,8,[Pretrained] CF,"[404, 550, 650, 696, 706, 712, 713]",3.364,3.364,OptRes,[Pretrained] CF OptRes,0.004,0,0.004,716,26,0.0,5,0.6559999999999997,0.0,5.0
699,feature_0 > 0.192 AND feature_0 > 0.728 AND feature_1 > 0.277 AND feature_1 > 1.176 AND feature_1 <= 1.463 AND feature_7 <= 0.095 AND feature_6 <= 0.339,"{'feature_0': (0.728, 3.845), 'feature_1': (1.176, 1.463), 'feature_7': (-3.746, 0.095), 'feature_6': (-4.852, 0.339)}",4,2.674,7,[Pretrained] CF,"[404, 550, 650, 696, 697, 698]",2.859,2.859,OptRes,[Pretrained] CF OptRes,0.004,0,0.004,716,47,0.0,5,0.18500000000000005,0.0,5.0
707,feature_0 > 0.192 AND feature_0 > 0.728 AND feature_1 > 0.277 AND feature_1 > 1.176 AND feature_1 > 1.463 AND feature_8 <= 0.111,"{'feature_0': (0.728, 3.845), 'feature_1': (1.463, 3.852), 'feature_8': (-4.447, 0.111)}",3,2.791,6,[Pretrained] CF,"[404, 550, 650, 696, 706]",3.204,3.204,ResOve,[Pretrained] CF ResOve,0.051,0,0.051,716,85,0.11176470588235295,5,0.41300000000000026,0.0,5.0
714,feature_0 > 0.192 AND feature_0 > 0.728 AND feature_1 > 0.277 AND feature_1 > 1.176 AND feature_1 > 1.463 AND feature_8 > 0.111 AND feature_9 <= 0.538 AND feature_7 <= -0.33,"{'feature_0': (0.728, 3.845), 'feature_1': (1.463, 3.852), 'feature_8': (0.111, 3.832), 'feature_9': (-3.581, 0.538), 'feature_7': (-3.746, -0.33)}",5,2.708,8,[Pretrained] CF,"[404, 550, 650, 696, 706, 712, 713]",3.364,3.364,ResOve,[Pretrained] CF ResOve,0.051,0,0.051,716,26,0.0,5,0.6559999999999997,0.0,5.0
710,feature_0 > 0.192 AND feature_0 > 0.728 AND feature_1 > 0.277 AND feature_1 > 1.176 AND feature_1 > 1.463 AND feature_8 <= 0.111 AND feature_7 > -0.563 AND feature_2 <= 0.697,"{'feature_0': (0.728, 3.845), 'feature_1': (1.463, 3.852), 'feature_8': (-4.447, 0.111), 'feature_7': (-0.563, 3.492), 'feature_2': (-3.74, 0.697)}",5,2.765,8,[Pretrained] CF,"[404, 550, 650, 696, 706, 707, 709]",3.166,3.166,ResOve,[Pretrained] CF ResOve,0.051,0,0.051,716,38,0.11176470588235295,5,0.4009999999999998,0.0,5.0
701,feature_0 > 0.192 AND feature_0 > 0.728 AND feature_1 > 0.277 AND feature_1 > 1.176 AND feature_1 <= 1.463 AND feature_7 <= 0.095 AND feature_6 <= 0.339 AND feature_9 > -0.313,"{'feature_0': (0.728, 3.845), 'feature_1': (1.176, 1.463), 'feature_7': (-3.746, 0.095), 'feature_6': (-4.852, 0.339), 'feature_9': (-0.313, 3.767)}",5,2.567,8,[Pretrained] CF,"[404, 550, 650, 696, 697, 698, 699]",2.914,2.914,ResOve,[Pretrained] CF ResOve,0.051,0,0.051,716,27,0.0,5,0.347,0.0,5.0
543,feature_0 > 0.192 AND feature_0 <= 0.728 AND feature_1 > 0.883 AND feature_0 > 0.324 AND feature_1 > 1.196 AND feature_6 <= 0.038 AND feature_0 > 0.416 AND feature_9 <= -0.545,"{'feature_0': (0.416, 0.728), 'feature_1': (1.196, 3.852), 'feature_6': (-4.852, 0.038), 'feature_9': (-3.581, -0.545)}",4,2.622,8,[Pretrained] CF,"[404, 405, 525, 533, 539, 540, 542]",2.42,2.42,ResOve,[Pretrained] CF ResOve,0.051,0,0.051,716,22,0.0,5,0.20199999999999996,0.0,5.0
708,feature_0 > 0.192 AND feature_0 > 0.728 AND feature_1 > 0.277 AND feature_1 > 1.176 AND feature_1 > 1.463 AND feature_8 <= 0.111 AND feature_7 <= -0.563,"{'feature_0': (0.728, 3.845), 'feature_1': (1.463, 3.852), 'feature_8': (-4.447, 0.111), 'feature_7': (-3.746, -0.563)}",4,2.966,7,[Pretrained] CF,"[404, 550, 650, 696, 706, 707]",3.13,3.13,NoOve,[Pretrained] CF NoOve,0.006,0,0.006,716,27,0.0,5,0.1639999999999997,0.0,5.0
709,feature_0 > 0.192 AND feature_0 > 0.728 AND feature_1 > 0.277 AND feature_1 > 1.176 AND feature_1 > 1.463 AND feature_8 <= 0.111 AND feature_7 > -0.563,"{'feature_0': (0.728, 3.845), 'feature_1': (1.463, 3.852), 'feature_8': (-4.447, 0.111), 'feature_7': (-0.563, 3.492)}",4,2.71,7,[Pretrained] CF,"[404, 550, 650, 696, 706, 707]",3.238,3.238,NoOve,[Pretrained] CF NoOve,0.006,0,0.006,716,58,0.0,5,0.528,0.0,5.0
699,feature_0 > 0.192 AND feature_0 > 0.728 AND feature_1 > 0.277 AND feature_1 > 1.176 AND feature_1 <= 1.463 AND feature_7 <= 0.095 AND feature_6 <= 0.339,"{'feature_0': (0.728, 3.845), 'feature_1': (1.176, 1.463), 'feature_7': (-3.746, 0.095), 'feature_6': (-4.852, 0.339)}",4,2.674,7,[Pretrained] CF,"[404, 550, 650, 696, 697, 698]",2.859,2.859,NoOve,[Pretrained] CF NoOve,0.006,0,0.006,716,47,0.0,5,0.18500000000000005,0.0,5.0
713,feature_0 > 0.192 AND feature_0 > 0.728 AND feature_1 > 0.277 AND feature_1 > 1.176 AND feature_1 > 1.463 AND feature_8 > 0.111 AND feature_9 <= 0.538,"{'feature_0': (0.728, 3.845), 'feature_1': (1.463, 3.852), 'feature_8': (0.111, 3.832), 'feature_9': (-3.581, 0.538)}",4,2.633,7,[Pretrained] CF,"[404, 550, 650, 696, 706, 712]",3.322,3.322,NoOve,[Pretrained] CF NoOve,0.006,0,0.006,716,50,0.0,5,0.6890000000000001,0.0,5.0
542,feature_0 > 0.192 AND feature_0 <= 0.728 AND feature_1 > 0.883 AND feature_0 > 0.324 AND feature_1 > 1.196 AND feature_6 <= 0.038 AND feature_0 > 0.416,"{'feature_0': (0.416, 0.728), 'feature_1': (1.196, 3.852), 'feature_6': (-4.852, 0.038)}",3,2.479,7,[Pretrained] CF,"[404, 405, 525, 533, 539, 540]",2.428,2.428,NoOve,[Pretrained] CF NoOve,0.006,0,0.006,716,69,0.0,5,0.051000000000000156,0.0,5.0
708,feature_0 > 0.192 AND feature_0 > 0.728 AND feature_1 > 0.277 AND feature_1 > 1.176 AND feature_1 > 1.463 AND feature_8 <= 0.111 AND feature_7 <= -0.563,"{'feature_0': (0.728, 3.845), 'feature_1': (1.463, 3.852), 'feature_8': (-4.447, 0.111), 'feature_7': (-3.746, -0.563)}",4,2.966,7,[Pretrained] CF,"[404, 550, 650, 696, 706, 707]",3.13,3.13,OptRes,[Pretrained] CF OptRes,0.004,0,0.004,716,27,0.07941176470588235,5,0.1639999999999997,0.0,5.0
707,feature_0 > 0.192 AND feature_0 > 0.728 AND feature_1 > 0.277 AND feature_1 > 1.176 AND feature_1 > 1.463 AND feature_8 <= 0.111,"{'feature_0': (0.728, 3.845), 'feature_1': (1.463, 3.852), 'feature_8': (-4.447, 0.111)}",3,2.791,6,[Pretrained] CF,"[404, 550, 650, 696, 706]",3.204,3.201,OptRes,[Pretrained] CF OptRes,0.004,0,0.004,716,73,0.19117647058823528,5,0.41300000000000026,0.0030000000000001137,5.0
710,feature_0 > 0.192 AND feature_0 > 0.728 AND feature_1 > 0.277 AND feature_1 > 1.176 AND feature_1 > 1.463 AND feature_8 <= 0.111 AND feature_7 > -0.563 AND feature_2 <= 0.697,"{'feature_0': (0.728, 3.845), 'feature_1': (1.463, 3.852), 'feature_8': (-4.447, 0.111), 'feature_7': (-0.563, 3.492), 'feature_2': (-3.74, 0.697)}",5,2.765,8,[Pretrained] CF,"[404, 550, 650, 696, 706, 707, 709]",3.166,3.145,OptRes,[Pretrained] CF OptRes,0.004,0,0.004,716,30,0.11176470588235295,5,0.4009999999999998,0.020999999999999908,5.0
714,feature_0 > 0.192 AND feature_0 > 0.728 AND feature_1 > 0.277 AND feature_1 > 1.176 AND feature_1 > 1.463 AND feature_8 > 0.111 AND feature_9 <= 0.538 AND feature_7 <= -0.33,"{'feature_0': (0.728, 3.845), 'feature_1': (1.463, 3.852), 'feature_8': (0.111, 3.832), 'feature_9': (-3.581, 0.538), 'feature_7': (-3.746, -0.33)}",5,2.708,8,[Pretrained] CF,"[404, 550, 650, 696, 706, 712, 713]",3.364,3.364,OptRes,[Pretrained] CF OptRes,0.004,0,0.004,716,26,0.0,5,0.6559999999999997,0.0,5.0
699,feature_0 > 0.192 AND feature_0 > 0.728 AND feature_1 > 0.277 AND feature_1 > 1.176 AND feature_1 <= 1.463 AND feature_7 <= 0.095 AND feature_6 <= 0.339,"{'feature_0': (0.728, 3.845), 'feature_1': (1.176, 1.463), 'feature_7': (-3.746, 0.095), 'feature_6': (-4.852, 0.339)}",4,2.674,7,[Pretrained] CF,"[404, 550, 650, 696, 697, 698]",2.859,2.859,OptRes,[Pretrained] CF OptRes,0.004,0,0.004,716,47,0.0,5,0.18500000000000005,0.0,5.0
714,feature_0 > 0.192 AND feature_0 > 0.728 AND feature_1 > 0.277 AND feature_1 > 1.176 AND feature_1 > 1.463 AND feature_8 > 0.111 AND feature_9 <= 0.538 AND feature_7 <= -0.33,"{'feature_0': (0.728, 3.845), 'feature_1': (1.463, 3.852), 'feature_8': (0.111, 3.832), 'feature_9': (-3.581, 0.538), 'feature_7': (-3.746, -0.33)}",5,2.708,8,[Pretrained] CF,"[404, 550, 650, 696, 706, 712, 713]",3.364,3.364,ResOve,[Pretrained] CF ResOve,0.108,0,0.108,716,26,0.0,5,0.6559999999999997,0.0,5.0
710,feature_0 > 0.192 AND feature_0 > 0.728 AND feature_1 > 0.277 AND feature_1 > 1.176 AND feature_1 > 1.463 AND feature_8 <= 0.111 AND feature_7 > -0.563 AND feature_2 <= 0.697,"{'feature_0': (0.728, 3.845), 'feature_1': (1.463, 3.852), 'feature_8': (-4.447, 0.111), 'feature_7': (-0.563, 3.492), 'feature_2': (-3.74, 0.697)}",5,2.765,8,[Pretrained] CF,"[404, 550, 650, 696, 706, 707, 709]",3.166,3.145,ResOve,[Pretrained] CF ResOve,0.108,0,0.108,716,30,0.16379310344827586,5,0.4009999999999998,0.020999999999999908,5.0
701,feature_0 > 0.192 AND feature_0 > 0.728 AND feature_1 > 0.277 AND feature_1 > 1.176 AND feature_1 <= 1.463 AND feature_7 <= 0.095 AND feature_6 <= 0.339 AND feature_9 > -0.313,"{'feature_0': (0.728, 3.845), 'feature_1': (1.176, 1.463), 'feature_7': (-3.746, 0.095), 'feature_6': (-4.852, 0.339), 'feature_9': (-0.313, 3.767)}",5,2.567,8,[Pretrained] CF,"[404, 550, 650, 696, 697, 698, 699]",2.914,2.914,ResOve,[Pretrained] CF ResOve,0.108,0,0.108,716,27,0.0,5,0.347,0.0,5.0
709,feature_0 > 0.192 AND feature_0 > 0.728 AND feature_1 > 0.277 AND feature_1 > 1.176 AND feature_1 > 1.463 AND feature_8 <= 0.111 AND feature_7 > -0.563,"{'feature_0': (0.728, 3.845), 'feature_1': (1.463, 3.852), 'feature_8': (-4.447, 0.111), 'feature_7': (-0.563, 3.492)}",4,2.71,7,[Pretrained] CF,"[404, 550, 650, 696, 706, 707]",3.238,3.243,ResOve,[Pretrained] CF ResOve,0.108,0,0.108,716,46,0.16379310344827586,5,0.528,0.004999999999999893,5.0
708,feature_0 > 0.192 AND feature_0 > 0.728 AND feature_1 > 0.277 AND feature_1 > 1.176 AND feature_1 > 1.463 AND feature_8 <= 0.111 AND feature_7 <= -0.563,"{'feature_0': (0.728, 3.845), 'feature_1': (1.463, 3.852), 'feature_8': (-4.447, 0.111), 'feature_7': (-3.746, -0.563)}",4,2.966,7,[Pretrained] CF,"[404, 550, 650, 696, 706, 707]",3.13,3.13,ResOve,[Pretrained] CF ResOve,0.108,0,0.108,716,27,0.0,5,0.1639999999999997,0.0,5.0
708,feature_0 > 0.192 AND feature_0 > 0.728 AND feature_1 > 0.277 AND feature_1 > 1.176 AND feature_1 > 1.463 AND feature_8 <= 0.111 AND feature_7 <= -0.563,"{'feature_0': (0.728, 3.845), 'feature_1': (1.463, 3.852), 'feature_8': (-4.447, 0.111), 'feature_7': (-3.746, -0.563)}",4,2.966,7,[Pretrained] CF,"[404, 550, 650, 696, 706, 707]",3.13,3.13,NoOve,[Pretrained] CF NoOve,0.01,0,0.01,716,27,0.0,5,0.1639999999999997,0.0,5.0
709,feature_0 > 0.192 AND feature_0 > 0.728 AND feature_1 > 0.277 AND feature_1 > 1.176 AND feature_1 > 1.463 AND feature_8 <= 0.111 AND feature_7 > -0.563,"{'feature_0': (0.728, 3.845), 'feature_1': (1.463, 3.852), 'feature_8': (-4.447, 0.111), 'feature_7': (-0.563, 3.492)}",4,2.71,7,[Pretrained] CF,"[404, 550, 650, 696, 706, 707]",3.238,3.243,NoOve,[Pretrained] CF NoOve,0.01,0,0.01,716,46,0.0,5,0.528,0.004999999999999893,5.0
699,feature_0 > 0.192 AND feature_0 > 0.728 AND feature_1 > 0.277 AND feature_1 > 1.176 AND feature_1 <= 1.463 AND feature_7 <= 0.095 AND feature_6 <= 0.339,"{'feature_0': (0.728, 3.845), 'feature_1': (1.176, 1.463), 'feature_7': (-3.746, 0.095), 'feature_6': (-4.852, 0.339)}",4,2.674,7,[Pretrained] CF,"[404, 550, 650, 696, 697, 698]",2.859,2.859,NoOve,[Pretrained] CF NoOve,0.01,0,0.01,716,47,0.0,5,0.18500000000000005,0.0,5.0
713,feature_0 > 0.192 AND feature_0 > 0.728 AND feature_1 > 0.277 AND feature_1 > 1.176 AND feature_1 > 1.463 AND feature_8 > 0.111 AND feature_9 <= 0.538,"{'feature_0': (0.728, 3.845), 'feature_1': (1.463, 3.852), 'feature_8': (0.111, 3.832), 'feature_9': (-3.581, 0.538)}",4,2.633,7,[Pretrained] CF,"[404, 550, 650, 696, 706, 712]",3.322,3.291,NoOve,[Pretrained] CF NoOve,0.01,0,0.01,716,44,0.0,5,0.6890000000000001,0.03100000000000014,5.0
542,feature_0 > 0.192 AND feature_0 <= 0.728 AND feature_1 > 0.883 AND feature_0 > 0.324 AND feature_1 > 1.196 AND feature_6 <= 0.038 AND feature_0 > 0.416,"{'feature_0': (0.416, 0.728), 'feature_1': (1.196, 3.852), 'feature_6': (-4.852, 0.038)}",3,2.479,7,[Pretrained] CF,"[404, 405, 525, 533, 539, 540]",2.428,2.419,NoOve,[Pretrained] CF NoOve,0.01,0,0.01,716,54,0.0,5,0.051000000000000156,0.008999999999999897,5.0
708,feature_0 > 0.192 AND feature_0 > 0.728 AND feature_1 > 0.277 AND feature_1 > 1.176 AND feature_1 > 1.463 AND feature_8 <= 0.111 AND feature_7 <= -0.563,"{'feature_0': (0.728, 3.845), 'feature_1': (1.463, 3.852), 'feature_8': (-4.447, 0.111), 'feature_7': (-3.746, -0.563)}",4,2.966,7,[Pretrained] CF,"[404, 550, 650, 696, 706, 707]",3.13,3.143,OptRes,[Pretrained] CF OptRes,0.004,0,0.004,716,22,0.07941176470588235,5,0.1639999999999997,0.0129999999999999,5.0
707,feature_0 > 0.192 AND feature_0 > 0.728 AND feature_1 > 0.277 AND feature_1 > 1.176 AND feature_1 > 1.463 AND feature_8 <= 0.111,"{'feature_0': (0.728, 3.845), 'feature_1': (1.463, 3.852), 'feature_8': (-4.447, 0.111)}",3,2.791,6,[Pretrained] CF,"[404, 550, 650, 696, 706]",3.204,3.256,OptRes,[Pretrained] CF OptRes,0.004,0,0.004,716,69,0.19117647058823528,5,0.41300000000000026,0.0519999999999996,5.0
710,feature_0 > 0.192 AND feature_0 > 0.728 AND feature_1 > 0.277 AND feature_1 > 1.176 AND feature_1 > 1.463 AND feature_8 <= 0.111 AND feature_7 > -0.563 AND feature_2 <= 0.697,"{'feature_0': (0.728, 3.845), 'feature_1': (1.463, 3.852), 'feature_8': (-4.447, 0.111), 'feature_7': (-0.563, 3.492), 'feature_2': (-3.74, 0.697)}",5,2.765,8,[Pretrained] CF,"[404, 550, 650, 696, 706, 707, 709]",3.166,3.214,OptRes,[Pretrained] CF OptRes,0.004,0,0.004,716,32,0.11176470588235295,5,0.4009999999999998,0.04800000000000004,5.0
699,feature_0 > 0.192 AND feature_0 > 0.728 AND feature_1 > 0.277 AND feature_1 > 1.176 AND feature_1 <= 1.463 AND feature_7 <= 0.095 AND feature_6 <= 0.339,"{'feature_0': (0.728, 3.845), 'feature_1': (1.176, 1.463), 'feature_7': (-3.746, 0.095), 'feature_6': (-4.852, 0.339)}",4,2.674,7,[Pretrained] CF,"[404, 550, 650, 696, 697, 698]",2.859,2.859,OptRes,[Pretrained] CF OptRes,0.004,0,0.004,716,47,0.0,5,0.18500000000000005,0.0,5.0
713,feature_0 > 0.192 AND feature_0 > 0.728 AND feature_1 > 0.277 AND feature_1 > 1.176 AND feature_1 > 1.463 AND feature_8 > 0.111 AND feature_9 <= 0.538,"{'feature_0': (0.728, 3.845), 'feature_1': (1.463, 3.852), 'feature_8': (0.111, 3.832), 'feature_9': (-3.581, 0.538)}",4,2.633,7,[Pretrained] CF,"[404, 550, 650, 696, 706, 712]",3.322,3.281,OptRes,[Pretrained] CF OptRes,0.004,0,0.004,716,38,0.0,5,0.6890000000000001,0.040999999999999925,5.0
710,feature_0 > 0.192 AND feature_0 > 0.728 AND feature_1 > 0.277 AND feature_1 > 1.176 AND feature_1 > 1.463 AND feature_8 <= 0.111 AND feature_7 > -0.563 AND feature_2 <= 0.697,"{'feature_0': (0.728, 3.845), 'feature_1': (1.463, 3.852), 'feature_8': (-4.447, 0.111), 'feature_7': (-0.563, 3.492), 'feature_2': (-3.74, 0.697)}",5,2.765,8,[Pretrained] CF,"[404, 550, 650, 696, 706, 707, 709]",3.166,3.214,ResOve,[Pretrained] CF ResOve,0.108,0,0.108,716,32,0.060897435897435896,5,0.4009999999999998,0.04800000000000004,5.0
706,feature_0 > 0.192 AND feature_0 > 0.728 AND feature_1 > 0.277 AND feature_1 > 1.176 AND feature_1 > 1.463,"{'feature_0': (0.728, 3.845), 'feature_1': (1.463, 3.852)}",2,2.693,5,[Pretrained] CF,"[404, 550, 650, 696]",3.248,3.26,ResOve,[Pretrained] CF ResOve,0.108,0,0.108,716,125,0.09935897435897437,5,0.5550000000000002,0.011999999999999567,5.0
698,feature_0 > 0.192 AND feature_0 > 0.728 AND feature_1 > 0.277 AND feature_1 > 1.176 AND feature_1 <= 1.463 AND feature_7 <= 0.095,"{'feature_0': (0.728, 3.845), 'feature_1': (1.176, 1.463), 'feature_7': (-3.746, 0.095)}",3,2.564,6,[Pretrained] CF,"[404, 550, 650, 696, 697]",2.794,2.846,ResOve,[Pretrained] CF ResOve,0.108,0,0.108,716,62,0.0,5,0.22999999999999998,0.052000000000000046,5.0
543,feature_0 > 0.192 AND feature_0 <= 0.728 AND feature_1 > 0.883 AND feature_0 > 0.324 AND feature_1 > 1.196 AND feature_6 <= 0.038 AND feature_0 > 0.416 AND feature_9 <= -0.545,"{'feature_0': (0.416, 0.728), 'feature_1': (1.196, 3.852), 'feature_6': (-4.852, 0.038), 'feature_9': (-3.581, -0.545)}",4,2.622,8,[Pretrained] CF,"[404, 405, 525, 533, 539, 540, 542]",2.42,2.42,ResOve,[Pretrained] CF ResOve,0.108,0,0.108,716,22,0.0,5,0.20199999999999996,0.0,5.0
715,feature_0 > 0.192 AND feature_0 > 0.728 AND feature_1 > 0.277 AND feature_1 > 1.176 AND feature_1 > 1.463 AND feature_8 > 0.111 AND feature_9 <= 0.538 AND feature_7 > -0.33,"{'feature_0': (0.728, 3.845), 'feature_1': (1.463, 3.852), 'feature_8': (0.111, 3.832), 'feature_9': (-3.581, 0.538), 'feature_7': (-0.33, 3.492)}",5,2.553,8,[Pretrained] CF,"[404, 550, 650, 696, 706, 712, 713]",3.277,3.197,ResOve,[Pretrained] CF ResOve,0.108,0,0.108,716,21,0.038461538461538464,5,0.7240000000000002,0.08000000000000007,5.0
708,feature_0 > 0.192 AND feature_0 > 0.728 AND feature_1 > 0.277 AND feature_1 > 1.176 AND feature_1 > 1.463 AND feature_8 <= 0.111 AND feature_7 <= -0.563,"{'feature_0': (0.728, 3.845), 'feature_1': (1.463, 3.852), 'feature_8': (-4.447, 0.111), 'feature_7': (-3.746, -0.563)}",4,2.966,7,[Pretrained] CF,"[404, 550, 650, 696, 706, 707]",3.13,3.143,NoOve,[Pretrained] CF NoOve,0.01,0,0.01,716,22,0.0,5,0.1639999999999997,0.0129999999999999,5.0
709,feature_0 > 0.192 AND feature_0 > 0.728 AND feature_1 > 0.277 AND feature_1 > 1.176 AND feature_1 > 1.463 AND feature_8 <= 0.111 AND feature_7 > -0.563,"{'feature_0': (0.728, 3.845), 'feature_1': (1.463, 3.852), 'feature_8': (-4.447, 0.111), 'feature_7': (-0.563, 3.492)}",4,2.71,7,[Pretrained] CF,"[404, 550, 650, 696, 706, 707]",3.238,3.308,NoOve,[Pretrained] CF NoOve,0.01,0,0.01,716,47,0.0,5,0.528,0.06999999999999984,5.0
699,feature_0 > 0.192 AND feature_0 > 0.728 AND feature_1 > 0.277 AND feature_1 > 1.176 AND feature_1 <= 1.463 AND feature_7 <= 0.095 AND feature_6 <= 0.339,"{'feature_0': (0.728, 3.845), 'feature_1': (1.176, 1.463), 'feature_7': (-3.746, 0.095), 'feature_6': (-4.852, 0.339)}",4,2.674,7,[Pretrained] CF,"[404, 550, 650, 696, 697, 698]",2.859,2.859,NoOve,[Pretrained] CF NoOve,0.01,0,0.01,716,47,0.0,5,0.18500000000000005,0.0,5.0
713,feature_0 > 0.192 AND feature_0 > 0.728 AND feature_1 > 0.277 AND feature_1 > 1.176 AND feature_1 > 1.463 AND feature_8 > 0.111 AND feature_9 <= 0.538,"{'feature_0': (0.728, 3.845), 'feature_1': (1.463, 3.852), 'feature_8': (0.111, 3.832), 'feature_9': (-3.581, 0.538)}",4,2.633,7,[Pretrained] CF,"[404, 550, 650, 696, 706, 712]",3.322,3.281,NoOve,[Pretrained] CF NoOve,0.01,0,0.01,716,38,0.0,5,0.6890000000000001,0.040999999999999925,5.0
542,feature_0 > 0.192 AND feature_0 <= 0.728 AND feature_1 > 0.883 AND feature_0 > 0.324 AND feature_1 > 1.196 AND feature_6 <= 0.038 AND feature_0 > 0.416,"{'feature_0': (0.416, 0.728), 'feature_1': (1.196, 3.852), 'feature_6': (-4.852, 0.038)}",3,2.479,7,[Pretrained] CF,"[404, 405, 525, 533, 539, 540]",2.428,2.428,NoOve,[Pretrained] CF NoOve,0.01,0,0.01,716,69,0.0,5,0.051000000000000156,0.0,5.0
707,feature_0 > 0.192 AND feature_0 > 0.728 AND feature_1 > 0.277 AND feature_1 > 1.176 AND feature_1 > 1.463 AND feature_8 <= 0.111,"{'feature_0': (0.728, 3.845), 'feature_1': (1.463, 3.852), 'feature_8': (-4.447, 0.111)}",3,2.791,6,[Pretrained] CF,"[404, 550, 650, 696, 706]",3.204,3.12,OptRes,[Pretrained] CF OptRes,0.007,0,0.007,716,34,0.07783882783882784,5,0.41300000000000026,0.08400000000000007,5.0
699,feature_0 > 0.192 AND feature_0 > 0.728 AND feature_1 > 0.277 AND feature_1 > 1.176 AND feature_1 <= 1.463 AND feature_7 <= 0.095 AND feature_6 <= 0.339,"{'feature_0': (0.728, 3.845), 'feature_1': (1.176, 1.463), 'feature_7': (-3.746, 0.095), 'feature_6': (-4.852, 0.339)}",4,2.674,7,[Pretrained] CF,"[404, 550, 650, 696, 697, 698]",2.859,2.862,OptRes,[Pretrained] CF OptRes,0.007,0,0.007,716,25,0.04304029304029304,5,0.18500000000000005,0.0030000000000001137,5.0
713,feature_0 > 0.192 AND feature_0 > 0.728 AND feature_1 > 0.277 AND feature_1 > 1.176 AND feature_1 > 1.463 AND feature_8 > 0.111 AND feature_9 <= 0.538,"{'feature_0': (0.728, 3.845), 'feature_1': (1.463, 3.852), 'feature_8': (0.111, 3.832), 'feature_9': (-3.581, 0.538)}",4,2.633,7,[Pretrained] CF,"[404, 550, 650, 696, 706, 712]",3.322,3.341,OptRes,[Pretrained] CF OptRes,0.007,0,0.007,716,24,0.045787545787545784,5,0.6890000000000001,0.019000000000000128,5.0
696,feature_0 > 0.192 AND feature_0 > 0.728 AND feature_1 > 0.277 AND feature_1 > 1.176,"{'feature_0': (0.728, 3.845), 'feature_1': (1.176, 3.852)}",2,2.597,4,[Pretrained] CF,"[404, 550, 650]",3.042,2.997,OptRes,[Pretrained] CF OptRes,0.007,0,0.007,716,126,0.16666666666666666,5,0.44499999999999984,0.04499999999999993,5.0
542,feature_0 > 0.192 AND feature_0 <= 0.728 AND feature_1 > 0.883 AND feature_0 > 0.324 AND feature_1 > 1.196 AND feature_6 <= 0.038 AND feature_0 > 0.416,"{'feature_0': (0.416, 0.728), 'feature_1': (1.196, 3.852), 'feature_6': (-4.852, 0.038)}",3,2.479,7,[Pretrained] CF,"[404, 405, 525, 533, 539, 540]",2.428,2.46,OptRes,[Pretrained] CF OptRes,0.007,0,0.007,716,37,0.0,5,0.051000000000000156,0.03200000000000003,5.0
713,feature_0 > 0.192 AND feature_0 > 0.728 AND feature_1 > 0.277 AND feature_1 > 1.176 AND feature_1 > 1.463 AND feature_8 > 0.111 AND feature_9 <= 0.538,"{'feature_0': (0.728, 3.845), 'feature_1': (1.463, 3.852), 'feature_8': (0.111, 3.832), 'feature_9': (-3.581, 0.538)}",4,2.633,7,[Pretrained] CF,"[404, 550, 650, 696, 706, 712]",3.322,3.341,ResOve,[Pretrained] CF ResOve,0.159,0,0.159,716,24,0.0,5,0.6890000000000001,0.019000000000000128,5.0
709,feature_0 > 0.192 AND feature_0 > 0.728 AND feature_1 > 0.277 AND feature_1 > 1.176 AND feature_1 > 1.463 AND feature_8 <= 0.111 AND feature_7 > -0.563,"{'feature_0': (0.728, 3.845), 'feature_1': (1.463, 3.852), 'feature_8': (-4.447, 0.111), 'feature_7': (-0.563, 3.492)}",4,2.71,7,[Pretrained] CF,"[404, 550, 650, 696, 706, 707]",3.238,3.199,ResOve,[Pretrained] CF ResOve,0.159,0,0.159,716,23,0.17058823529411765,5,0.528,0.039000000000000146,5.0
707,feature_0 > 0.192 AND feature_0 > 0.728 AND feature_1 > 0.277 AND feature_1 > 1.176 AND feature_1 > 1.463 AND feature_8 <= 0.111,"{'feature_0': (0.728, 3.845), 'feature_1': (1.463, 3.852), 'feature_8': (-4.447, 0.111)}",3,2.791,6,[Pretrained] CF,"[404, 550, 650, 696, 706]",3.204,3.12,ResOve,[Pretrained] CF ResOve,0.159,0,0.159,716,34,0.17058823529411765,5,0.41300000000000026,0.08400000000000007,5.0
699,feature_0 > 0.192 AND feature_0 > 0.728 AND feature_1 > 0.277 AND feature_1 > 1.176 AND feature_1 <= 1.463 AND feature_7 <= 0.095 AND feature_6 <= 0.339,"{'feature_0': (0.728, 3.845), 'feature_1': (1.176, 1.463), 'feature_7': (-3.746, 0.095), 'feature_6': (-4.852, 0.339)}",4,2.674,7,[Pretrained] CF,"[404, 550, 650, 696, 697, 698]",2.859,2.862,ResOve,[Pretrained] CF ResOve,0.159,0,0.159,716,25,0.0,5,0.18500000000000005,0.0030000000000001137,5.0
542,feature_0 > 0.192 AND feature_0 <= 0.728 AND feature_1 > 0.883 AND feature_0 > 0.324 AND feature_1 > 1.196 AND feature_6 <= 0.038 AND feature_0 > 0.416,"{'feature_0': (0.416, 0.728), 'feature_1': (1.196, 3.852), 'feature_6': (-4.852, 0.038)}",3,2.479,7,[Pretrained] CF,"[404, 405, 525, 533, 539, 540]",2.428,2.46,ResOve,[Pretrained] CF ResOve,0.159,0,0.159,716,37,0.0,5,0.051000000000000156,0.03200000000000003,5.0
709,feature_0 > 0.192 AND feature_0 > 0.728 AND feature_1 > 0.277 AND feature_1 > 1.176 AND feature_1 > 1.463 AND feature_8 <= 0.111 AND feature_7 > -0.563,"{'feature_0': (0.728, 3.845), 'feature_1': (1.463, 3.852), 'feature_8': (-4.447, 0.111), 'feature_7': (-0.563, 3.492)}",4,2.71,7,[Pretrained] CF,"[404, 550, 650, 696, 706, 707]",3.238,3.199,NoOve,[Pretrained] CF NoOve,0.029,0,0.029,716,23,0.0,5,0.528,0.039000000000000146,5.0
699,feature_0 > 0.192 AND feature_0 > 0.728 AND feature_1 > 0.277 AND feature_1 > 1.176 AND feature_1 <= 1.463 AND feature_7 <= 0.095 AND feature_6 <= 0.339,"{'feature_0': (0.728, 3.845), 'feature_1': (1.176, 1.463), 'feature_7': (-3.746, 0.095), 'feature_6': (-4.852, 0.339)}",4,2.674,7,[Pretrained] CF,"[404, 550, 650, 696, 697, 698]",2.859,2.862,NoOve,[Pretrained] CF NoOve,0.029,0,0.029,716,25,0.0,5,0.18500000000000005,0.0030000000000001137,5.0
713,feature_0 > 0.192 AND feature_0 > 0.728 AND feature_1 > 0.277 AND feature_1 > 1.176 AND feature_1 > 1.463 AND feature_8 > 0.111 AND feature_9 <= 0.538,"{'feature_0': (0.728, 3.845), 'feature_1': (1.463, 3.852), 'feature_8': (0.111, 3.832), 'feature_9': (-3.581, 0.538)}",4,2.633,7,[Pretrained] CF,"[404, 550, 650, 696, 706, 712]",3.322,3.341,NoOve,[Pretrained] CF NoOve,0.029,0,0.029,716,24,0.0,5,0.6890000000000001,0.019000000000000128,5.0
542,feature_0 > 0.192 AND feature_0 <= 0.728 AND feature_1 > 0.883 AND feature_0 > 0.324 AND feature_1 > 1.196 AND feature_6 <= 0.038 AND feature_0 > 0.416,"{'feature_0': (0.416, 0.728), 'feature_1': (1.196, 3.852), 'feature_6': (-4.852, 0.038)}",3,2.479,7,[Pretrained] CF,"[404, 405, 525, 533, 539, 540]",2.428,2.46,NoOve,[Pretrained] CF NoOve,0.029,0,0.029,716,37,0.0,5,0.051000000000000156,0.03200000000000003,5.0
688,feature_0 > 0.192 AND feature_0 > 0.728 AND feature_1 > 0.277 AND feature_1 <= 1.176 AND feature_4 > -0.035 AND feature_0 > 1.281 AND feature_3 <= -0.334,"{'feature_0': (1.281, 3.845), 'feature_1': (0.277, 1.176), 'feature_4': (-0.035, 3.804), 'feature_3': (-3.667, -0.334)}",4,2.439,7,[Pretrained] CF,"[404, 550, 650, 651, 673, 687]",2.801,2.778,NoOve,[Pretrained] CF NoOve,0.029,0,0.029,716,25,0.0,5,0.3620000000000001,0.02300000000000013,5.0
706,feature_0 > 0.192 AND feature_0 > 0.728 AND feature_1 > 0.277 AND feature_1 > 1.176 AND feature_1 > 1.463,"{'feature_0': (0.728, 3.845), 'feature_1': (1.463, 3.852)}",2,2.693,5,[Pretrained] CF,"[404, 550, 650, 696]",3.248,3.326,OptRes,[Pretrained] CF OptRes,0.009,0,0.009,716,34,0.0,5,0.5550000000000002,0.07799999999999985,5.0
698,feature_0 > 0.192 AND feature_0 > 0.728 AND feature_1 > 0.277 AND feature_1 > 1.176 AND feature_1 <= 1.463 AND feature_7 <= 0.095,"{'feature_0': (0.728, 3.845), 'feature_1': (1.176, 1.463), 'feature_7': (-3.746, 0.095)}",3,2.564,6,[Pretrained] CF,"[404, 550, 650, 696, 697]",2.794,2.814,OptRes,[Pretrained] CF OptRes,0.009,0,0.009,716,23,0.0,5,0.22999999999999998,0.020000000000000018,5.0
542,feature_0 > 0.192 AND feature_0 <= 0.728 AND feature_1 > 0.883 AND feature_0 > 0.324 AND feature_1 > 1.196 AND feature_6 <= 0.038 AND feature_0 > 0.416,"{'feature_0': (0.416, 0.728), 'feature_1': (1.196, 3.852), 'feature_6': (-4.852, 0.038)}",3,2.479,7,[Pretrained] CF,"[404, 405, 525, 533, 539, 540]",2.428,2.381,OptRes,[Pretrained] CF OptRes,0.009,0,0.009,716,27,0.10518292682926829,5,0.051000000000000156,0.04700000000000015,5.0
539,feature_0 > 0.192 AND feature_0 <= 0.728 AND feature_1 > 0.883 AND feature_0 > 0.324 AND feature_1 > 1.196,"{'feature_0': (0.324, 0.728), 'feature_1': (1.196, 3.852)}",2,2.332,5,[Pretrained] CF,"[404, 405, 525, 533]",2.354,2.307,OptRes,[Pretrained] CF OptRes,0.009,0,0.009,716,55,0.10518292682926829,5,0.02200000000000024,0.04700000000000015,5.0
687,feature_0 > 0.192 AND feature_0 > 0.728 AND feature_1 > 0.277 AND feature_1 <= 1.176 AND feature_4 > -0.035 AND feature_0 > 1.281,"{'feature_0': (1.281, 3.845), 'feature_1': (0.277, 1.176), 'feature_4': (-0.035, 3.804)}",3,2.326,6,[Pretrained] CF,"[404, 550, 650, 651, 673]",2.803,2.874,OptRes,[Pretrained] CF OptRes,0.009,0,0.009,716,37,0.0,5,0.47699999999999987,0.07100000000000017,5.0
706,feature_0 > 0.192 AND feature_0 > 0.728 AND feature_1 > 0.277 AND feature_1 > 1.176 AND feature_1 > 1.463,"{'feature_0': (0.728, 3.845), 'feature_1': (1.463, 3.852)}",2,2.693,5,[Pretrained] CF,"[404, 550, 650, 696]",3.248,3.326,ResOve,[Pretrained] CF ResOve,0.133,0,0.133,716,34,0.14285714285714285,5,0.5550000000000002,0.07799999999999985,5.0
698,feature_0 > 0.192 AND feature_0 > 0.728 AND feature_1 > 0.277 AND feature_1 > 1.176 AND feature_1 <= 1.463 AND feature_7 <= 0.095,"{'feature_0': (0.728, 3.845), 'feature_1': (1.176, 1.463), 'feature_7': (-3.746, 0.095)}",3,2.564,6,[Pretrained] CF,"[404, 550, 650, 696, 697]",2.794,2.814,ResOve,[Pretrained] CF ResOve,0.133,0,0.133,716,23,0.07051282051282051,5,0.22999999999999998,0.020000000000000018,5.0
696,feature_0 > 0.192 AND feature_0 > 0.728 AND feature_1 > 0.277 AND feature_1 > 1.176,"{'feature_0': (0.728, 3.845), 'feature_1': (1.176, 3.852)}",2,2.597,4,[Pretrained] CF,"[404, 550, 650]",3.042,3.062,ResOve,[Pretrained] CF ResOve,0.133,0,0.133,716,69,0.21336996336996336,5,0.44499999999999984,0.020000000000000018,5.0
673,feature_0 > 0.192 AND feature_0 > 0.728 AND feature_1 > 0.277 AND feature_1 <= 1.176 AND feature_4 > -0.035,"{'feature_0': (0.728, 3.845), 'feature_1': (0.277, 1.176), 'feature_4': (-0.035, 3.804)}",3,2.222,5,[Pretrained] CF,"[404, 550, 650, 651]",2.39,2.455,ResOve,[Pretrained] CF ResOve,0.133,0,0.133,716,82,0.0,5,0.16800000000000015,0.06499999999999995,5.0
539,feature_0 > 0.192 AND feature_0 <= 0.728 AND feature_1 > 0.883 AND feature_0 > 0.324 AND feature_1 > 1.196,"{'feature_0': (0.324, 0.728), 'feature_1': (1.196, 3.852)}",2,2.332,5,[Pretrained] CF,"[404, 405, 525, 533]",2.354,2.307,ResOve,[Pretrained] CF ResOve,0.133,0,0.133,716,55,0.0,5,0.02200000000000024,0.04700000000000015,5.0
706,feature_0 > 0.192 AND feature_0 > 0.728 AND feature_1 > 0.277 AND feature_1 > 1.176 AND feature_1 > 1.463,"{'feature_0': (0.728, 3.845), 'feature_1': (1.463, 3.852)}",2,2.693,5,[Pretrained] CF,"[404, 550, 650, 696]",3.248,3.326,NoOve,[Pretrained] CF NoOve,0.042,0,0.042,716,34,0.0,5,0.5550000000000002,0.07799999999999985,5.0
697,feature_0 > 0.192 AND feature_0 > 0.728 AND feature_1 > 0.277 AND feature_1 > 1.176 AND feature_1 <= 1.463,"{'feature_0': (0.728, 3.845), 'feature_1': (1.176, 1.463)}",2,2.469,5,[Pretrained] CF,"[404, 550, 650, 696]",2.767,2.805,NoOve,[Pretrained] CF NoOve,0.042,0,0.042,716,35,0.0,5,0.29800000000000004,0.038000000000000256,5.0
539,feature_0 > 0.192 AND feature_0 <= 0.728 AND feature_1 > 0.883 AND feature_0 > 0.324 AND feature_1 > 1.196,"{'feature_0': (0.324, 0.728), 'feature_1': (1.196, 3.852)}",2,2.332,5,[Pretrained] CF,"[404, 405, 525, 533]",2.354,2.307,NoOve,[Pretrained] CF NoOve,0.042,0,0.042,716,55,0.0,5,0.02200000000000024,0.04700000000000015,5.0
673,feature_0 > 0.192 AND feature_0 > 0.728 AND feature_1 > 0.277 AND feature_1 <= 1.176 AND feature_4 > -0.035,"{'feature_0': (0.728, 3.845), 'feature_1': (0.277, 1.176), 'feature_4': (-0.035, 3.804)}",3,2.222,5,[Pretrained] CF,"[404, 550, 650, 651]",2.39,2.455,NoOve,[Pretrained] CF NoOve,0.042,0,0.042,716,82,0.0,5,0.16800000000000015,0.06499999999999995,5.0
652,feature_0 > 0.192 AND feature_0 > 0.728 AND feature_1 > 0.277 AND feature_1 <= 1.176 AND feature_4 <= -0.035,"{'feature_0': (0.728, 3.845), 'feature_1': (0.277, 1.176), 'feature_4': (-3.533, -0.035)}",3,2.013,5,[Pretrained] CF,"[404, 550, 650, 651]",2.421,2.387,NoOve,[Pretrained] CF NoOve,0.042,0,0.042,716,88,0.0,5,0.4079999999999999,0.03399999999999981,5.0
707,feature_0 > 0.192 AND feature_0 > 0.728 AND feature_1 > 0.277 AND feature_1 > 1.176 AND feature_1 > 1.463 AND feature_8 <= 0.111,"{'feature_0': (0.728, 3.845), 'feature_1': (1.463, 3.852), 'feature_8': (-4.447, 0.111)}",3,2.791,6,[Pretrained] CF,"[404, 550, 650, 696, 706]",3.204,3.303,OptRes,[Pretrained] CF OptRes,0.006,0,0.006,716,34,0.07783882783882784,5,0.41300000000000026,0.09899999999999975,5.0
696,feature_0 > 0.192 AND feature_0 > 0.728 AND feature_1 > 0.277 AND feature_1 > 1.176,"{'feature_0': (0.728, 3.845), 'feature_1': (1.176, 3.852)}",2,2.597,4,[Pretrained] CF,"[404, 550, 650]",3.042,3.034,OptRes,[Pretrained] CF OptRes,0.006,0,0.006,716,104,0.25,5,0.44499999999999984,0.008000000000000007,5.0
712,feature_0 > 0.192 AND feature_0 > 0.728 AND feature_1 > 0.277 AND feature_1 > 1.176 AND feature_1 > 1.463 AND feature_8 > 0.111,"{'feature_0': (0.728, 3.845), 'feature_1': (1.463, 3.852), 'feature_8': (0.111, 3.832)}",3,2.575,6,[Pretrained] CF,"[404, 550, 650, 696, 706]",3.301,3.215,OptRes,[Pretrained] CF OptRes,0.006,0,0.006,716,27,0.06501831501831502,5,0.726,0.0860000000000003,5.0
542,feature_0 > 0.192 AND feature_0 <= 0.728 AND feature_1 > 0.883 AND feature_0 > 0.324 AND feature_1 > 1.196 AND feature_6 <= 0.038 AND feature_0 > 0.416,"{'feature_0': (0.416, 0.728), 'feature_1': (1.196, 3.852), 'feature_6': (-4.852, 0.038)}",3,2.479,7,[Pretrained] CF,"[404, 405, 525, 533, 539, 540]",2.428,2.459,OptRes,[Pretrained] CF OptRes,0.006,0,0.006,716,36,0.0,5,0.051000000000000156,0.03100000000000014,5.0
697,feature_0 > 0.192 AND feature_0 > 0.728 AND feature_1 > 0.277 AND feature_1 > 1.176 AND feature_1 <= 1.463,"{'feature_0': (0.728, 3.845), 'feature_1': (1.176, 1.463)}",2,2.469,5,[Pretrained] CF,"[404, 550, 650, 696]",2.767,2.708,OptRes,[Pretrained] CF OptRes,0.006,0,0.006,716,43,0.10714285714285714,5,0.29800000000000004,0.05899999999999972,5.0
712,feature_0 > 0.192 AND feature_0 > 0.728 AND feature_1 > 0.277 AND feature_1 > 1.176 AND feature_1 > 1.463 AND feature_8 > 0.111,"{'feature_0': (0.728, 3.845), 'feature_1': (1.463, 3.852), 'feature_8': (0.111, 3.832)}",3,2.575,6,[Pretrained] CF,"[404, 550, 650, 696, 706]",3.301,3.215,ResOve,[Pretrained] CF ResOve,0.126,0,0.126,716,27,0.0,5,0.726,0.0860000000000003,5.0
709,feature_0 > 0.192 AND feature_0 > 0.728 AND feature_1 > 0.277 AND feature_1 > 1.176 AND feature_1 > 1.463 AND feature_8 <= 0.111 AND feature_7 > -0.563,"{'feature_0': (0.728, 3.845), 'feature_1': (1.463, 3.852), 'feature_8': (-4.447, 0.111), 'feature_7': (-0.563, 3.492)}",4,2.71,7,[Pretrained] CF,"[404, 550, 650, 696, 706, 707]",3.238,3.303,ResOve,[Pretrained] CF ResOve,0.126,0,0.126,716,34,0.17058823529411765,5,0.528,0.06499999999999995,5.0
707,feature_0 > 0.192 AND feature_0 > 0.728 AND feature_1 > 0.277 AND feature_1 > 1.176 AND feature_1 > 1.463 AND feature_8 <= 0.111,"{'feature_0': (0.728, 3.845), 'feature_1': (1.463, 3.852), 'feature_8': (-4.447, 0.111)}",3,2.791,6,[Pretrained] CF,"[404, 550, 650, 696, 706]",3.204,3.303,ResOve,[Pretrained] CF ResOve,0.126,0,0.126,716,34,0.17058823529411765,5,0.41300000000000026,0.09899999999999975,5.0
623,feature_0 > 0.192 AND feature_0 > 0.728 AND feature_1 <= 0.277 AND feature_4 > -0.071 AND feature_0 > 1.041 AND feature_3 <= -0.451 AND feature_1 > -0.709 AND feature_9 <= 0.768 AND feature_8 > -0.622,"{'feature_0': (1.041, 3.845), 'feature_1': (-0.709, 0.277), 'feature_4': (-0.071, 3.804), 'feature_3': (-3.667, -0.451), 'feature_9': (-3.581, 0.768), 'feature_8': (-0.622, 3.832)}",6,2.392,9,[Pretrained] CF,"[404, 550, 551, 595, 615, 616, 620, 621]",2.179,2.09,ResOve,[Pretrained] CF ResOve,0.126,0,0.126,716,22,0.0,5,0.21300000000000008,0.08899999999999997,5.0
540,feature_0 > 0.192 AND feature_0 <= 0.728 AND feature_1 > 0.883 AND feature_0 > 0.324 AND feature_1 > 1.196 AND feature_6 <= 0.038,"{'feature_0': (0.324, 0.728), 'feature_1': (1.196, 3.852), 'feature_6': (-4.852, 0.038)}",3,2.417,6,[Pretrained] CF,"[404, 405, 525, 533, 539]",2.36,2.367,ResOve,[Pretrained] CF ResOve,0.126,0,0.126,716,50,0.0,5,0.05699999999999994,0.007000000000000117,5.0
707,feature_0 > 0.192 AND feature_0 > 0.728 AND feature_1 > 0.277 AND feature_1 > 1.176 AND feature_1 > 1.463 AND feature_8 <= 0.111,"{'feature_0': (0.728, 3.845), 'feature_1': (1.463, 3.852), 'feature_8': (-4.447, 0.111)}",3,2.791,6,[Pretrained] CF,"[404, 550, 650, 696, 706]",3.204,3.303,NoOve,[Pretrained] CF NoOve,0.029,0,0.029,716,34,0.0,5,0.41300000000000026,0.09899999999999975,5.0
712,feature_0 > 0.192 AND feature_0 > 0.728 AND feature_1 > 0.277 AND feature_1 > 1.176 AND feature_1 > 1.463 AND feature_8 > 0.111,"{'feature_0': (0.728, 3.845), 'feature_1': (1.463, 3.852), 'feature_8': (0.111, 3.832)}",3,2.575,6,[Pretrained] CF,"[404, 550, 650, 696, 706]",3.301,3.215,NoOve,[Pretrained] CF NoOve,0.029,0,0.029,716,27,0.0,5,0.726,0.0860000000000003,5.0
540,feature_0 > 0.192 AND feature_0 <= 0.728 AND feature_1 > 0.883 AND feature_0 > 0.324 AND feature_1 > 1.196 AND feature_6 <= 0.038,"{'feature_0': (0.324, 0.728), 'feature_1': (1.196, 3.852), 'feature_6': (-4.852, 0.038)}",3,2.417,6,[Pretrained] CF,"[404, 405, 525, 533, 539]",2.36,2.367,NoOve,[Pretrained] CF NoOve,0.029,0,0.029,716,50,0.0,5,0.05699999999999994,0.007000000000000117,5.0
687,feature_0 > 0.192 AND feature_0 > 0.728 AND feature_1 > 0.277 AND feature_1 <= 1.176 AND feature_4 > -0.035 AND feature_0 > 1.281,"{'feature_0': (1.281, 3.845), 'feature_1': (0.277, 1.176), 'feature_4': (-0.035, 3.804)}",3,2.326,6,[Pretrained] CF,"[404, 550, 650, 651, 673]",2.803,2.802,NoOve,[Pretrained] CF NoOve,0.029,0,0.029,716,67,0.0,5,0.47699999999999987,0.0009999999999998899,5.0
703,feature_0 > 0.192 AND feature_0 > 0.728 AND feature_1 > 0.277 AND feature_1 > 1.176 AND feature_1 <= 1.463 AND feature_7 > 0.095,"{'feature_0': (0.728, 3.845), 'feature_1': (1.176, 1.463), 'feature_7': (0.095, 3.492)}",3,2.287,6,[Pretrained] CF,"[404, 550, 650, 696, 697]",2.717,2.722,NoOve,[Pretrained] CF NoOve,0.029,0,0.029,716,37,0.0,5,0.43000000000000016,0.004999999999999893,5.0
707,feature_0 > 0.192 AND feature_0 > 0.728 AND feature_1 > 0.277 AND feature_1 > 1.176 AND feature_1 > 1.463 AND feature_8 <= 0.111,"{'feature_0': (0.728, 3.845), 'feature_1': (1.463, 3.852), 'feature_8': (-4.447, 0.111)}",3,2.791,6,[Pretrained] CF,"[404, 550, 650, 696, 706]",3.204,3.139,OptRes,[Pretrained] CF OptRes,0.007,0,0.007,716,31,0.07783882783882784,5,0.41300000000000026,0.06500000000000039,5.0
699,feature_0 > 0.192 AND feature_0 > 0.728 AND feature_1 > 0.277 AND feature_1 > 1.176 AND feature_1 <= 1.463 AND feature_7 <= 0.095 AND feature_6 <= 0.339,"{'feature_0': (0.728, 3.845), 'feature_1': (1.176, 1.463), 'feature_7': (-3.746, 0.095), 'feature_6': (-4.852, 0.339)}",4,2.674,7,[Pretrained] CF,"[404, 550, 650, 696, 697, 698]",2.859,2.899,OptRes,[Pretrained] CF OptRes,0.007,0,0.007,716,23,0.04304029304029304,5,0.18500000000000005,0.040000000000000036,5.0
713,feature_0 > 0.192 AND feature_0 > 0.728 AND feature_1 > 0.277 AND feature_1 > 1.176 AND feature_1 > 1.463 AND feature_8 > 0.111 AND feature_9 <= 0.538,"{'feature_0': (0.728, 3.845), 'feature_1': (1.463, 3.852), 'feature_8': (0.111, 3.832), 'feature_9': (-3.581, 0.538)}",4,2.633,7,[Pretrained] CF,"[404, 550, 650, 696, 706, 712]",3.322,3.339,OptRes,[Pretrained] CF OptRes,0.007,0,0.007,716,21,0.045787545787545784,5,0.6890000000000001,0.016999999999999904,5.0
696,feature_0 > 0.192 AND feature_0 > 0.728 AND feature_1 > 0.277 AND feature_1 > 1.176,"{'feature_0': (0.728, 3.845), 'feature_1': (1.176, 3.852)}",2,2.597,4,[Pretrained] CF,"[404, 550, 650]",3.042,3.011,OptRes,[Pretrained] CF OptRes,0.007,0,0.007,716,115,0.16666666666666666,5,0.44499999999999984,0.030999999999999694,5.0
542,feature_0 > 0.192 AND feature_0 <= 0.728 AND feature_1 > 0.883 AND feature_0 > 0.324 AND feature_1 > 1.196 AND feature_6 <= 0.038 AND feature_0 > 0.416,"{'feature_0': (0.416, 0.728), 'feature_1': (1.196, 3.852), 'feature_6': (-4.852, 0.038)}",3,2.479,7,[Pretrained] CF,"[404, 405, 525, 533, 539, 540]",2.428,2.457,OptRes,[Pretrained] CF OptRes,0.007,0,0.007,716,34,0.0,5,0.051000000000000156,0.028999999999999915,5.0
713,feature_0 > 0.192 AND feature_0 > 0.728 AND feature_1 > 0.277 AND feature_1 > 1.176 AND feature_1 > 1.463 AND feature_8 > 0.111 AND feature_9 <= 0.538,"{'feature_0': (0.728, 3.845), 'feature_1': (1.463, 3.852), 'feature_8': (0.111, 3.832), 'feature_9': (-3.581, 0.538)}",4,2.633,7,[Pretrained] CF,"[404, 550, 650, 696, 706, 712]",3.322,3.339,ResOve,[Pretrained] CF ResOve,0.12,0,0.12,716,21,0.0,5,0.6890000000000001,0.016999999999999904,5.0
709,feature_0 > 0.192 AND feature_0 > 0.728 AND feature_1 > 0.277 AND feature_1 > 1.176 AND feature_1 > 1.463 AND feature_8 <= 0.111 AND feature_7 > -0.563,"{'feature_0': (0.728, 3.845), 'feature_1': (1.463, 3.852), 'feature_8': (-4.447, 0.111), 'feature_7': (-0.563, 3.492)}",4,2.71,7,[Pretrained] CF,"[404, 550, 650, 696, 706, 707]",3.238,3.239,ResOve,[Pretrained] CF ResOve,0.12,0,0.12,716,21,0.17058823529411765,5,0.528,0.0009999999999998899,5.0
707,feature_0 > 0.192 AND feature_0 > 0.728 AND feature_1 > 0.277 AND feature_1 > 1.176 AND feature_1 > 1.463 AND feature_8 <= 0.111,"{'feature_0': (0.728, 3.845), 'feature_1': (1.463, 3.852), 'feature_8': (-4.447, 0.111)}",3,2.791,6,[Pretrained] CF,"[404, 550, 650, 696, 706]",3.204,3.139,ResOve,[Pretrained] CF ResOve,0.12,0,0.12,716,31,0.17058823529411765,5,0.41300000000000026,0.06500000000000039,5.0
699,feature_0 > 0.192 AND feature_0 > 0.728 AND feature_1 > 0.277 AND feature_1 > 1.176 AND feature_1 <= 1.463 AND feature_7 <= 0.095 AND feature_6 <= 0.339,"{'feature_0': (0.728, 3.845), 'feature_1': (1.176, 1.463), 'feature_7': (-3.746, 0.095), 'feature_6': (-4.852, 0.339)}",4,2.674,7,[Pretrained] CF,"[404, 550, 650, 696, 697, 698]",2.859,2.899,ResOve,[Pretrained] CF ResOve,0.12,0,0.12,716,23,0.0,5,0.18500000000000005,0.040000000000000036,5.0
542,feature_0 > 0.192 AND feature_0 <= 0.728 AND feature_1 > 0.883 AND feature_0 > 0.324 AND feature_1 > 1.196 AND feature_6 <= 0.038 AND feature_0 > 0.416,"{'feature_0': (0.416, 0.728), 'feature_1': (1.196, 3.852), 'feature_6': (-4.852, 0.038)}",3,2.479,7,[Pretrained] CF,"[404, 405, 525, 533, 539, 540]",2.428,2.457,ResOve,[Pretrained] CF ResOve,0.12,0,0.12,716,34,0.0,5,0.051000000000000156,0.028999999999999915,5.0
709,feature_0 > 0.192 AND feature_0 > 0.728 AND feature_1 > 0.277 AND feature_1 > 1.176 AND feature_1 > 1.463 AND feature_8 <= 0.111 AND feature_7 > -0.563,"{'feature_0': (0.728, 3.845), 'feature_1': (1.463, 3.852), 'feature_8': (-4.447, 0.111), 'feature_7': (-0.563, 3.492)}",4,2.71,7,[Pretrained] CF,"[404, 550, 650, 696, 706, 707]",3.238,3.239,NoOve,[Pretrained] CF NoOve,0.024,0,0.024,716,21,0.0,5,0.528,0.0009999999999998899,5.0
699,feature_0 > 0.192 AND feature_0 > 0.728 AND feature_1 > 0.277 AND feature_1 > 1.176 AND feature_1 <= 1.463 AND feature_7 <= 0.095 AND feature_6 <= 0.339,"{'feature_0': (0.728, 3.845), 'feature_1': (1.176, 1.463), 'feature_7': (-3.746, 0.095), 'feature_6': (-4.852, 0.339)}",4,2.674,7,[Pretrained] CF,"[404, 550, 650, 696, 697, 698]",2.859,2.899,NoOve,[Pretrained] CF NoOve,0.024,0,0.024,716,23,0.0,5,0.18500000000000005,0.040000000000000036,5.0
713,feature_0 > 0.192 AND feature_0 > 0.728 AND feature_1 > 0.277 AND feature_1 > 1.176 AND feature_1 > 1.463 AND feature_8 > 0.111 AND feature_9 <= 0.538,"{'feature_0': (0.728, 3.845), 'feature_1': (1.463, 3.852), 'feature_8': (0.111, 3.832), 'feature_9': (-3.581, 0.538)}",4,2.633,7,[Pretrained] CF,"[404, 550, 650, 696, 706, 712]",3.322,3.339,NoOve,[Pretrained] CF NoOve,0.024,0,0.024,716,21,0.0,5,0.6890000000000001,0.016999999999999904,5.0
542,feature_0 > 0.192 AND feature_0 <= 0.728 AND feature_1 > 0.883 AND feature_0 > 0.324 AND feature_1 > 1.196 AND feature_6 <= 0.038 AND feature_0 > 0.416,"{'feature_0': (0.416, 0.728), 'feature_1': (1.196, 3.852), 'feature_6': (-4.852, 0.038)}",3,2.479,7,[Pretrained] CF,"[404, 405, 525, 533, 539, 540]",2.428,2.457,NoOve,[Pretrained] CF NoOve,0.024,0,0.024,716,34,0.0,5,0.051000000000000156,0.028999999999999915,5.0
688,feature_0 > 0.192 AND feature_0 > 0.728 AND feature_1 > 0.277 AND feature_1 <= 1.176 AND feature_4 > -0.035 AND feature_0 > 1.281 AND feature_3 <= -0.334,"{'feature_0': (1.281, 3.845), 'feature_1': (0.277, 1.176), 'feature_4': (-0.035, 3.804), 'feature_3': (-3.667, -0.334)}",4,2.439,7,[Pretrained] CF,"[404, 550, 650, 651, 673, 687]",2.801,2.807,NoOve,[Pretrained] CF NoOve,0.024,0,0.024,716,23,0.0,5,0.3620000000000001,0.005999999999999783,5.0
707,feature_0 > 0.192 AND feature_0 > 0.728 AND feature_1 > 0.277 AND feature_1 > 1.176 AND feature_1 > 1.463 AND feature_8 <= 0.111,"{'feature_0': (0.728, 3.845), 'feature_1': (1.463, 3.852), 'feature_8': (-4.447, 0.111)}",3,2.791,6,[Pretrained] CF,"[404, 550, 650, 696, 706]",3.204,3.151,OptRes,[Pretrained] CF OptRes,0.006,0,0.006,716,48,0.18960353372118077,5,0.41300000000000026,0.05300000000000038,5.0
710,feature_0 > 0.192 AND feature_0 > 0.728 AND feature_1 > 0.277 AND feature_1 > 1.176 AND feature_1 > 1.463 AND feature_8 <= 0.111 AND feature_7 > -0.563 AND feature_2 <= 0.697,"{'feature_0': (0.728, 3.845), 'feature_1': (1.463, 3.852), 'feature_8': (-4.447, 0.111), 'feature_7': (-0.563, 3.492), 'feature_2': (-3.74, 0.697)}",5,2.765,8,[Pretrained] CF,"[404, 550, 650, 696, 706, 707, 709]",3.166,3.124,OptRes,[Pretrained] CF OptRes,0.006,0,0.006,716,28,0.14656324068088775,5,0.4009999999999998,0.041999999999999815,5.0
699,feature_0 > 0.192 AND feature_0 > 0.728 AND feature_1 > 0.277 AND feature_1 > 1.176 AND feature_1 <= 1.463 AND feature_7 <= 0.095 AND feature_6 <= 0.339,"{'feature_0': (0.728, 3.845), 'feature_1': (1.176, 1.463), 'feature_7': (-3.746, 0.095), 'feature_6': (-4.852, 0.339)}",4,2.674,7,[Pretrained] CF,"[404, 550, 650, 696, 697, 698]",2.859,2.836,OptRes,[Pretrained] CF OptRes,0.006,0,0.006,716,23,0.04304029304029304,5,0.18500000000000005,0.02300000000000013,5.0
713,feature_0 > 0.192 AND feature_0 > 0.728 AND feature_1 > 0.277 AND feature_1 > 1.176 AND feature_1 > 1.463 AND feature_8 > 0.111 AND feature_9 <= 0.538,"{'feature_0': (0.728, 3.845), 'feature_1': (1.463, 3.852), 'feature_8': (0.111, 3.832), 'feature_9': (-3.581, 0.538)}",4,2.633,7,[Pretrained] CF,"[404, 550, 650, 696, 706, 712]",3.322,3.404,OptRes,[Pretrained] CF OptRes,0.006,0,0.006,716,23,0.045787545787545784,5,0.6890000000000001,0.08199999999999985,5.0
696,feature_0 > 0.192 AND feature_0 > 0.728 AND feature_1 > 0.277 AND feature_1 > 1.176,"{'feature_0': (0.728, 3.845), 'feature_1': (1.176, 3.852)}",2,2.597,4,[Pretrained] CF,"[404, 550, 650]",3.042,3.03,OptRes,[Pretrained] CF OptRes,0.006,0,0.006,716,133,0.20146520146520147,5,0.44499999999999984,0.01200000000000001,5.0
713,feature_0 > 0.192 AND feature_0 > 0.728 AND feature_1 > 0.277 AND feature_1 > 1.176 AND feature_1 > 1.463 AND feature_8 > 0.111 AND feature_9 <= 0.538,"{'feature_0': (0.728, 3.845), 'feature_1': (1.463, 3.852), 'feature_8': (0.111, 3.832), 'feature_9': (-3.581, 0.538)}",4,2.633,7,[Pretrained] CF,"[404, 550, 650, 696, 706, 712]",3.322,3.404,ResOve,[Pretrained] CF ResOve,0.123,0,0.123,716,23,0.0,5,0.6890000000000001,0.08199999999999985,5.0
710,feature_0 > 0.192 AND feature_0 > 0.728 AND feature_1 > 0.277 AND feature_1 > 1.176 AND feature_1 > 1.463 AND feature_8 <= 0.111 AND feature_7 > -0.563 AND feature_2 <= 0.697,"{'feature_0': (0.728, 3.845), 'feature_1': (1.463, 3.852), 'feature_8': (-4.447, 0.111), 'feature_7': (-0.563, 3.492), 'feature_2': (-3.74, 0.697)}",5,2.765,8,[Pretrained] CF,"[404, 550, 650, 696, 706, 707, 709]",3.166,3.124,ResOve,[Pretrained] CF ResOve,0.123,0,0.123,716,28,0.16379310344827586,5,0.4009999999999998,0.041999999999999815,5.0
709,feature_0 > 0.192 AND feature_0 > 0.728 AND feature_1 > 0.277 AND feature_1 > 1.176 AND feature_1 > 1.463 AND feature_8 <= 0.111 AND feature_7 > -0.563,"{'feature_0': (0.728, 3.845), 'feature_1': (1.463, 3.852), 'feature_8': (-4.447, 0.111), 'feature_7': (-0.563, 3.492)}",4,2.71,7,[Pretrained] CF,"[404, 550, 650, 696, 706, 707]",3.238,3.208,ResOve,[Pretrained] CF ResOve,0.123,0,0.123,716,36,0.16379310344827586,5,0.528,0.029999999999999805,5.0
699,feature_0 > 0.192 AND feature_0 > 0.728 AND feature_1 > 0.277 AND feature_1 > 1.176 AND feature_1 <= 1.463 AND feature_7 <= 0.095 AND feature_6 <= 0.339,"{'feature_0': (0.728, 3.845), 'feature_1': (1.176, 1.463), 'feature_7': (-3.746, 0.095), 'feature_6': (-4.852, 0.339)}",4,2.674,7,[Pretrained] CF,"[404, 550, 650, 696, 697, 698]",2.859,2.836,ResOve,[Pretrained] CF ResOve,0.123,0,0.123,716,23,0.0,5,0.18500000000000005,0.02300000000000013,5.0
542,feature_0 > 0.192 AND feature_0 <= 0.728 AND feature_1 > 0.883 AND feature_0 > 0.324 AND feature_1 > 1.196 AND feature_6 <= 0.038 AND feature_0 > 0.416,"{'feature_0': (0.416, 0.728), 'feature_1': (1.196, 3.852), 'feature_6': (-4.852, 0.038)}",3,2.479,7,[Pretrained] CF,"[404, 405, 525, 533, 539, 540]",2.428,2.439,ResOve,[Pretrained] CF ResOve,0.123,0,0.123,716,33,0.0,5,0.051000000000000156,0.01100000000000012,5.0
709,feature_0 > 0.192 AND feature_0 > 0.728 AND feature_1 > 0.277 AND feature_1 > 1.176 AND feature_1 > 1.463 AND feature_8 <= 0.111 AND feature_7 > -0.563,"{'feature_0': (0.728, 3.845), 'feature_1': (1.463, 3.852), 'feature_8': (-4.447, 0.111), 'feature_7': (-0.563, 3.492)}",4,2.71,7,[Pretrained] CF,"[404, 550, 650, 696, 706, 707]",3.238,3.208,NoOve,[Pretrained] CF NoOve,0.013,0,0.013,716,36,0.0,5,0.528,0.029999999999999805,5.0
699,feature_0 > 0.192 AND feature_0 > 0.728 AND feature_1 > 0.277 AND feature_1 > 1.176 AND feature_1 <= 1.463 AND feature_7 <= 0.095 AND feature_6 <= 0.339,"{'feature_0': (0.728, 3.845), 'feature_1': (1.176, 1.463), 'feature_7': (-3.746, 0.095), 'feature_6': (-4.852, 0.339)}",4,2.674,7,[Pretrained] CF,"[404, 550, 650, 696, 697, 698]",2.859,2.836,NoOve,[Pretrained] CF NoOve,0.013,0,0.013,716,23,0.0,5,0.18500000000000005,0.02300000000000013,5.0
713,feature_0 > 0.192 AND feature_0 > 0.728 AND feature_1 > 0.277 AND feature_1 > 1.176 AND feature_1 > 1.463 AND feature_8 > 0.111 AND feature_9 <= 0.538,"{'feature_0': (0.728, 3.845), 'feature_1': (1.463, 3.852), 'feature_8': (0.111, 3.832), 'feature_9': (-3.581, 0.538)}",4,2.633,7,[Pretrained] CF,"[404, 550, 650, 696, 706, 712]",3.322,3.404,NoOve,[Pretrained] CF NoOve,0.013,0,0.013,716,23,0.0,5,0.6890000000000001,0.08199999999999985,5.0
542,feature_0 > 0.192 AND feature_0 <= 0.728 AND feature_1 > 0.883 AND feature_0 > 0.324 AND feature_1 > 1.196 AND feature_6 <= 0.038 AND feature_0 > 0.416,"{'feature_0': (0.416, 0.728), 'feature_1': (1.196, 3.852), 'feature_6': (-4.852, 0.038)}",3,2.479,7,[Pretrained] CF,"[404, 405, 525, 533, 539, 540]",2.428,2.439,NoOve,[Pretrained] CF NoOve,0.013,0,0.013,716,33,0.0,5,0.051000000000000156,0.01100000000000012,5.0
688,feature_0 > 0.192 AND feature_0 > 0.728 AND feature_1 > 0.277 AND feature_1 <= 1.176 AND feature_4 > -0.035 AND feature_0 > 1.281 AND feature_3 <= -0.334,"{'feature_0': (1.281, 3.845), 'feature_1': (0.277, 1.176), 'feature_4': (-0.035, 3.804), 'feature_3': (-3.667, -0.334)}",4,2.439,7,[Pretrained] CF,"[404, 550, 650, 651, 673, 687]",2.801,2.797,NoOve,[Pretrained] CF NoOve,0.013,0,0.013,716,47,0.0,5,0.3620000000000001,0.0040000000000000036,5.0
707,feature_0 > 0.192 AND feature_0 > 0.728 AND feature_1 > 0.277 AND feature_1 > 1.176 AND feature_1 > 1.463 AND feature_8 <= 0.111,"{'feature_0': (0.728, 3.845), 'feature_1': (1.463, 3.852), 'feature_8': (-4.447, 0.111)}",3,2.791,6,[Pretrained] CF,"[404, 550, 650, 696, 706]",3.204,3.215,OptRes,[Pretrained] CF OptRes,0.007,0,0.007,716,43,0.07783882783882784,5,0.41300000000000026,0.010999999999999677,5.0
699,feature_0 > 0.192 AND feature_0 > 0.728 AND feature_1 > 0.277 AND feature_1 > 1.176 AND feature_1 <= 1.463 AND feature_7 <= 0.095 AND feature_6 <= 0.339,"{'feature_0': (0.728, 3.845), 'feature_1': (1.176, 1.463), 'feature_7': (-3.746, 0.095), 'feature_6': (-4.852, 0.339)}",4,2.674,7,[Pretrained] CF,"[404, 550, 650, 696, 697, 698]",2.859,2.877,OptRes,[Pretrained] CF OptRes,0.007,0,0.007,716,28,0.04304029304029304,5,0.18500000000000005,0.017999999999999794,5.0
713,feature_0 > 0.192 AND feature_0 > 0.728 AND feature_1 > 0.277 AND feature_1 > 1.176 AND feature_1 > 1.463 AND feature_8 > 0.111 AND feature_9 <= 0.538,"{'feature_0': (0.728, 3.845), 'feature_1': (1.463, 3.852), 'feature_8': (0.111, 3.832), 'feature_9': (-3.581, 0.538)}",4,2.633,7,[Pretrained] CF,"[404, 550, 650, 696, 706, 712]",3.322,3.284,OptRes,[Pretrained] CF OptRes,0.007,0,0.007,716,26,0.045787545787545784,5,0.6890000000000001,0.038000000000000256,5.0
696,feature_0 > 0.192 AND feature_0 > 0.728 AND feature_1 > 0.277 AND feature_1 > 1.176,"{'feature_0': (0.728, 3.845), 'feature_1': (1.176, 3.852)}",2,2.597,4,[Pretrained] CF,"[404, 550, 650]",3.042,3.034,OptRes,[Pretrained] CF OptRes,0.007,0,0.007,716,146,0.16666666666666666,5,0.44499999999999984,0.008000000000000007,5.0
542,feature_0 > 0.192 AND feature_0 <= 0.728 AND feature_1 > 0.883 AND feature_0 > 0.324 AND feature_1 > 1.196 AND feature_6 <= 0.038 AND feature_0 > 0.416,"{'feature_0': (0.416, 0.728), 'feature_1': (1.196, 3.852), 'feature_6': (-4.852, 0.038)}",3,2.479,7,[Pretrained] CF,"[404, 405, 525, 533, 539, 540]",2.428,2.441,OptRes,[Pretrained] CF OptRes,0.007,0,0.007,716,43,0.0,5,0.051000000000000156,0.0129999999999999,5.0
713,feature_0 > 0.192 AND feature_0 > 0.728 AND feature_1 > 0.277 AND feature_1 > 1.176 AND feature_1 > 1.463 AND feature_8 > 0.111 AND feature_9 <= 0.538,"{'feature_0': (0.728, 3.845), 'feature_1': (1.463, 3.852), 'feature_8': (0.111, 3.832), 'feature_9': (-3.581, 0.538)}",4,2.633,7,[Pretrained] CF,"[404, 550, 650, 696, 706, 712]",3.322,3.284,ResOve,[Pretrained] CF ResOve,0.08,0,0.08,716,26,0.0,5,0.6890000000000001,0.038000000000000256,5.0
709,feature_0 > 0.192 AND feature_0 > 0.728 AND feature_1 > 0.277 AND feature_1 > 1.176 AND feature_1 > 1.463 AND feature_8 <= 0.111 AND feature_7 > -0.563,"{'feature_0': (0.728, 3.845), 'feature_1': (1.463, 3.852), 'feature_8': (-4.447, 0.111), 'feature_7': (-0.563, 3.492)}",4,2.71,7,[Pretrained] CF,"[404, 550, 650, 696, 706, 707]",3.238,3.261,ResOve,[Pretrained] CF ResOve,0.08,0,0.08,716,26,0.17058823529411765,5,0.528,0.02300000000000013,5.0
707,feature_0 > 0.192 AND feature_0 > 0.728 AND feature_1 > 0.277 AND feature_1 > 1.176 AND feature_1 > 1.463 AND feature_8 <= 0.111,"{'feature_0': (0.728, 3.845), 'feature_1': (1.463, 3.852), 'feature_8': (-4.447, 0.111)}",3,2.791,6,[Pretrained] CF,"[404, 550, 650, 696, 706]",3.204,3.215,ResOve,[Pretrained] CF ResOve,0.08,0,0.08,716,43,0.17058823529411765,5,0.41300000000000026,0.010999999999999677,5.0
699,feature_0 > 0.192 AND feature_0 > 0.728 AND feature_1 > 0.277 AND feature_1 > 1.176 AND feature_1 <= 1.463 AND feature_7 <= 0.095 AND feature_6 <= 0.339,"{'feature_0': (0.728, 3.845), 'feature_1': (1.176, 1.463), 'feature_7': (-3.746, 0.095), 'feature_6': (-4.852, 0.339)}",4,2.674,7,[Pretrained] CF,"[404, 550, 650, 696, 697, 698]",2.859,2.877,ResOve,[Pretrained] CF ResOve,0.08,0,0.08,716,28,0.0,5,0.18500000000000005,0.017999999999999794,5.0
542,feature_0 > 0.192 AND feature_0 <= 0.728 AND feature_1 > 0.883 AND feature_0 > 0.324 AND feature_1 > 1.196 AND feature_6 <= 0.038 AND feature_0 > 0.416,"{'feature_0': (0.416, 0.728), 'feature_1': (1.196, 3.852), 'feature_6': (-4.852, 0.038)}",3,2.479,7,[Pretrained] CF,"[404, 405, 525, 533, 539, 540]",2.428,2.441,ResOve,[Pretrained] CF ResOve,0.08,0,0.08,716,43,0.0,5,0.051000000000000156,0.0129999999999999,5.0
709,feature_0 > 0.192 AND feature_0 > 0.728 AND feature_1 > 0.277 AND feature_1 > 1.176 AND feature_1 > 1.463 AND feature_8 <= 0.111 AND feature_7 > -0.563,"{'feature_0': (0.728, 3.845), 'feature_1': (1.463, 3.852), 'feature_8': (-4.447, 0.111), 'feature_7': (-0.563, 3.492)}",4,2.71,7,[Pretrained] CF,"[404, 550, 650, 696, 706, 707]",3.238,3.261,NoOve,[Pretrained] CF NoOve,0.018,0,0.018,716,26,0.0,5,0.528,0.02300000000000013,5.0
699,feature_0 > 0.192 AND feature_0 > 0.728 AND feature_1 > 0.277 AND feature_1 > 1.176 AND feature_1 <= 1.463 AND feature_7 <= 0.095 AND feature_6 <= 0.339,"{'feature_0': (0.728, 3.845), 'feature_1': (1.176, 1.463), 'feature_7': (-3.746, 0.095), 'feature_6': (-4.852, 0.339)}",4,2.674,7,[Pretrained] CF,"[404, 550, 650, 696, 697, 698]",2.859,2.877,NoOve,[Pretrained] CF NoOve,0.018,0,0.018,716,28,0.0,5,0.18500000000000005,0.017999999999999794,5.0
713,feature_0 > 0.192 AND feature_0 > 0.728 AND feature_1 > 0.277 AND feature_1 > 1.176 AND feature_1 > 1.463 AND feature_8 > 0.111 AND feature_9 <= 0.538,"{'feature_0': (0.728, 3.845), 'feature_1': (1.463, 3.852), 'feature_8': (0.111, 3.832), 'feature_9': (-3.581, 0.538)}",4,2.633,7,[Pretrained] CF,"[404, 550, 650, 696, 706, 712]",3.322,3.284,NoOve,[Pretrained] CF NoOve,0.018,0,0.018,716,26,0.0,5,0.6890000000000001,0.038000000000000256,5.0
542,feature_0 > 0.192 AND feature_0 <= 0.728 AND feature_1 > 0.883 AND feature_0 > 0.324 AND feature_1 > 1.196 AND feature_6 <= 0.038 AND feature_0 > 0.416,"{'feature_0': (0.416, 0.728), 'feature_1': (1.196, 3.852), 'feature_6': (-4.852, 0.038)}",3,2.479,7,[Pretrained] CF,"[404, 405, 525, 533, 539, 540]",2.428,2.441,NoOve,[Pretrained] CF NoOve,0.018,0,0.018,716,43,0.0,5,0.051000000000000156,0.0129999999999999,5.0
688,feature_0 > 0.192 AND feature_0 > 0.728 AND feature_1 > 0.277 AND feature_1 <= 1.176 AND feature_4 > -0.035 AND feature_0 > 1.281 AND feature_3 <= -0.334,"{'feature_0': (1.281, 3.845), 'feature_1': (0.277, 1.176), 'feature_4': (-0.035, 3.804), 'feature_3': (-3.667, -0.334)}",4,2.439,7,[Pretrained] CF,"[404, 550, 650, 651, 673, 687]",2.801,2.854,NoOve,[Pretrained] CF NoOve,0.018,0,0.018,716,30,0.0,5,0.3620000000000001,0.052999999999999936,5.0
706,feature_0 > 0.192 AND feature_0 > 0.728 AND feature_1 > 0.277 AND feature_1 > 1.176 AND feature_1 > 1.463,"{'feature_0': (0.728, 3.845), 'feature_1': (1.463, 3.852)}",2,2.693,5,[Pretrained] CF,"[404, 550, 650, 696]",3.248,3.232,OptRes,[Pretrained] CF OptRes,0.007,0,0.007,716,53,0.08012820512820513,5,0.5550000000000002,0.016000000000000014,5.0
713,feature_0 > 0.192 AND feature_0 > 0.728 AND feature_1 > 0.277 AND feature_1 > 1.176 AND feature_1 > 1.463 AND feature_8 > 0.111 AND feature_9 <= 0.538,"{'feature_0': (0.728, 3.845), 'feature_1': (1.463, 3.852), 'feature_8': (0.111, 3.832), 'feature_9': (-3.581, 0.538)}",4,2.633,7,[Pretrained] CF,"[404, 550, 650, 696, 706, 712]",3.322,3.231,OptRes,[Pretrained] CF OptRes,0.007,0,0.007,716,33,0.08012820512820513,5,0.6890000000000001,0.09100000000000019,5.0
542,feature_0 > 0.192 AND feature_0 <= 0.728 AND feature_1 > 0.883 AND feature_0 > 0.324 AND feature_1 > 1.196 AND feature_6 <= 0.038 AND feature_0 > 0.416,"{'feature_0': (0.416, 0.728), 'feature_1': (1.196, 3.852), 'feature_6': (-4.852, 0.038)}",3,2.479,7,[Pretrained] CF,"[404, 405, 525, 533, 539, 540]",2.428,2.46,OptRes,[Pretrained] CF OptRes,0.007,0,0.007,716,22,0.0,5,0.051000000000000156,0.03200000000000003,5.0
697,feature_0 > 0.192 AND feature_0 > 0.728 AND feature_1 > 0.277 AND feature_1 > 1.176 AND feature_1 <= 1.463,"{'feature_0': (0.728, 3.845), 'feature_1': (1.176, 1.463)}",2,2.469,5,[Pretrained] CF,"[404, 550, 650, 696]",2.767,2.707,OptRes,[Pretrained] CF OptRes,0.007,0,0.007,716,28,0.0,5,0.29800000000000004,0.06000000000000005,5.0
623,feature_0 > 0.192 AND feature_0 > 0.728 AND feature_1 <= 0.277 AND feature_4 > -0.071 AND feature_0 > 1.041 AND feature_3 <= -0.451 AND feature_1 > -0.709 AND feature_9 <= 0.768 AND feature_8 > -0.622,"{'feature_0': (1.041, 3.845), 'feature_1': (-0.709, 0.277), 'feature_4': (-0.071, 3.804), 'feature_3': (-3.667, -0.451), 'feature_9': (-3.581, 0.768), 'feature_8': (-0.622, 3.832)}",6,2.392,9,[Pretrained] CF,"[404, 550, 551, 595, 615, 616, 620, 621]",2.179,2.156,OptRes,[Pretrained] CF OptRes,0.007,0,0.007,716,22,0.0,5,0.21300000000000008,0.022999999999999687,5.0
713,feature_0 > 0.192 AND feature_0 > 0.728 AND feature_1 > 0.277 AND feature_1 > 1.176 AND feature_1 > 1.463 AND feature_8 > 0.111 AND feature_9 <= 0.538,"{'feature_0': (0.728, 3.845), 'feature_1': (1.463, 3.852), 'feature_8': (0.111, 3.832), 'feature_9': (-3.581, 0.538)}",4,2.633,7,[Pretrained] CF,"[404, 550, 650, 696, 706, 712]",3.322,3.231,ResOve,[Pretrained] CF ResOve,0.13,0,0.13,716,33,0.08012820512820513,5,0.6890000000000001,0.09100000000000019,5.0
706,feature_0 > 0.192 AND feature_0 > 0.728 AND feature_1 > 0.277 AND feature_1 > 1.176 AND feature_1 > 1.463,"{'feature_0': (0.728, 3.845), 'feature_1': (1.463, 3.852)}",2,2.693,5,[Pretrained] CF,"[404, 550, 650, 696]",3.248,3.232,ResOve,[Pretrained] CF ResOve,0.13,0,0.13,716,53,0.08012820512820513,5,0.5550000000000002,0.016000000000000014,5.0
697,feature_0 > 0.192 AND feature_0 > 0.728 AND feature_1 > 0.277 AND feature_1 > 1.176 AND feature_1 <= 1.463,"{'feature_0': (0.728, 3.845), 'feature_1': (1.176, 1.463)}",2,2.469,5,[Pretrained] CF,"[404, 550, 650, 696]",2.767,2.707,ResOve,[Pretrained] CF ResOve,0.13,0,0.13,716,28,0.0,5,0.29800000000000004,0.06000000000000005,5.0
542,feature_0 > 0.192 AND feature_0 <= 0.728 AND feature_1 > 0.883 AND feature_0 > 0.324 AND feature_1 > 1.196 AND feature_6 <= 0.038 AND feature_0 > 0.416,"{'feature_0': (0.416, 0.728), 'feature_1': (1.196, 3.852), 'feature_6': (-4.852, 0.038)}",3,2.479,7,[Pretrained] CF,"[404, 405, 525, 533, 539, 540]",2.428,2.46,ResOve,[Pretrained] CF ResOve,0.13,0,0.13,716,22,0.0,5,0.051000000000000156,0.03200000000000003,5.0
623,feature_0 > 0.192 AND feature_0 > 0.728 AND feature_1 <= 0.277 AND feature_4 > -0.071 AND feature_0 > 1.041 AND feature_3 <= -0.451 AND feature_1 > -0.709 AND feature_9 <= 0.768 AND feature_8 > -0.622,"{'feature_0': (1.041, 3.845), 'feature_1': (-0.709, 0.277), 'feature_4': (-0.071, 3.804), 'feature_3': (-3.667, -0.451), 'feature_9': (-3.581, 0.768), 'feature_8': (-0.622, 3.832)}",6,2.392,9,[Pretrained] CF,"[404, 550, 551, 595, 615, 616, 620, 621]",2.179,2.156,ResOve,[Pretrained] CF ResOve,0.13,0,0.13,716,22,0.0,5,0.21300000000000008,0.022999999999999687,5.0
706,feature_0 > 0.192 AND feature_0 > 0.728 AND feature_1 > 0.277 AND feature_1 > 1.176 AND feature_1 > 1.463,"{'feature_0': (0.728, 3.845), 'feature_1': (1.463, 3.852)}",2,2.693,5,[Pretrained] CF,"[404, 550, 650, 696]",3.248,3.232,NoOve,[Pretrained] CF NoOve,0.041,0,0.041,716,53,0.0,5,0.5550000000000002,0.016000000000000014,5.0
697,feature_0 > 0.192 AND feature_0 > 0.728 AND feature_1 > 0.277 AND feature_1 > 1.176 AND feature_1 <= 1.463,"{'feature_0': (0.728, 3.845), 'feature_1': (1.176, 1.463)}",2,2.469,5,[Pretrained] CF,"[404, 550, 650, 696]",2.767,2.707,NoOve,[Pretrained] CF NoOve,0.041,0,0.041,716,28,0.0,5,0.29800000000000004,0.06000000000000005,5.0
539,feature_0 > 0.192 AND feature_0 <= 0.728 AND feature_1 > 0.883 AND feature_0 > 0.324 AND feature_1 > 1.196,"{'feature_0': (0.324, 0.728), 'feature_1': (1.196, 3.852)}",2,2.332,5,[Pretrained] CF,"[404, 405, 525, 533]",2.354,2.379,NoOve,[Pretrained] CF NoOve,0.041,0,0.041,716,60,0.0,5,0.02200000000000024,0.02499999999999991,5.0
673,feature_0 > 0.192 AND feature_0 > 0.728 AND feature_1 > 0.277 AND feature_1 <= 1.176 AND feature_4 > -0.035,"{'feature_0': (0.728, 3.845), 'feature_1': (0.277, 1.176), 'feature_4': (-0.035, 3.804)}",3,2.222,5,[Pretrained] CF,"[404, 550, 650, 651]",2.39,2.374,NoOve,[Pretrained] CF NoOve,0.041,0,0.041,716,111,0.0,5,0.16800000000000015,0.016000000000000014,5.0
652,feature_0 > 0.192 AND feature_0 > 0.728 AND feature_1 > 0.277 AND feature_1 <= 1.176 AND feature_4 <= -0.035,"{'feature_0': (0.728, 3.845), 'feature_1': (0.277, 1.176), 'feature_4': (-3.533, -0.035)}",3,2.013,5,[Pretrained] CF,"[404, 550, 650, 651]",2.421,2.419,NoOve,[Pretrained] CF NoOve,0.041,0,0.041,716,103,0.0,5,0.4079999999999999,0.0019999999999997797,5.0
707,feature_0 > 0.192 AND feature_0 > 0.728 AND feature_1 > 0.277 AND feature_1 > 1.176 AND feature_1 > 1.463 AND feature_8 <= 0.111,"{'feature_0': (0.728, 3.845), 'feature_1': (1.463, 3.852), 'feature_8': (-4.447, 0.111)}",3,2.791,6,[Pretrained] CF,"[404, 550, 650, 696, 706]",3.204,3.218,OptRes,[Pretrained] CF OptRes,0.006,0,0.006,716,62,0.18960353372118077,5,0.41300000000000026,0.01399999999999979,5.0
710,feature_0 > 0.192 AND feature_0 > 0.728 AND feature_1 > 0.277 AND feature_1 > 1.176 AND feature_1 > 1.463 AND feature_8 <= 0.111 AND feature_7 > -0.563 AND feature_2 <= 0.697,"{'feature_0': (0.728, 3.845), 'feature_1': (1.463, 3.852), 'feature_8': (-4.447, 0.111), 'feature_7': (-0.563, 3.492), 'feature_2': (-3.74, 0.697)}",5,2.765,8,[Pretrained] CF,"[404, 550, 650, 696, 706, 707, 709]",3.166,3.166,OptRes,[Pretrained] CF OptRes,0.006,0,0.006,716,38,0.14656324068088775,5,0.4009999999999998,0.0,5.0
699,feature_0 > 0.192 AND feature_0 > 0.728 AND feature_1 > 0.277 AND feature_1 > 1.176 AND feature_1 <= 1.463 AND feature_7 <= 0.095 AND feature_6 <= 0.339,"{'feature_0': (0.728, 3.845), 'feature_1': (1.176, 1.463), 'feature_7': (-3.746, 0.095), 'feature_6': (-4.852, 0.339)}",4,2.674,7,[Pretrained] CF,"[404, 550, 650, 696, 697, 698]",2.859,2.832,OptRes,[Pretrained] CF OptRes,0.006,0,0.006,716,30,0.04304029304029304,5,0.18500000000000005,0.027000000000000135,5.0
713,feature_0 > 0.192 AND feature_0 > 0.728 AND feature_1 > 0.277 AND feature_1 > 1.176 AND feature_1 > 1.463 AND feature_8 > 0.111 AND feature_9 <= 0.538,"{'feature_0': (0.728, 3.845), 'feature_1': (1.463, 3.852), 'feature_8': (0.111, 3.832), 'feature_9': (-3.581, 0.538)}",4,2.633,7,[Pretrained] CF,"[404, 550, 650, 696, 706, 712]",3.322,3.27,OptRes,[Pretrained] CF OptRes,0.006,0,0.006,716,34,0.045787545787545784,5,0.6890000000000001,0.052000000000000046,5.0
696,feature_0 > 0.192 AND feature_0 > 0.728 AND feature_1 > 0.277 AND feature_1 > 1.176,"{'feature_0': (0.728, 3.845), 'feature_1': (1.176, 3.852)}",2,2.597,4,[Pretrained] CF,"[404, 550, 650]",3.042,3.009,OptRes,[Pretrained] CF OptRes,0.006,0,0.006,716,206,0.20146520146520147,5,0.44499999999999984,0.03299999999999992,5.0
699,feature_0 > 0.192 AND feature_0 > 0.728 AND feature_1 > 0.277 AND feature_1 > 1.176 AND feature_1 <= 1.463 AND feature_7 <= 0.095 AND feature_6 <= 0.339,"{'feature_0': (0.728, 3.845), 'feature_1': (1.176, 1.463), 'feature_7': (-3.746, 0.095), 'feature_6': (-4.852, 0.339)}",4,2.674,7,[Pretrained] CF,"[404, 550, 650, 696, 697, 698]",2.859,2.832,ResOve,[Pretrained] CF ResOve,0.11,0,0.11,716,30,0.0,5,0.18500000000000005,0.027000000000000135,5.0
713,feature_0 > 0.192 AND feature_0 > 0.728 AND feature_1 > 0.277 AND feature_1 > 1.176 AND feature_1 > 1.463 AND feature_8 > 0.111 AND feature_9 <= 0.538,"{'feature_0': (0.728, 3.845), 'feature_1': (1.463, 3.852), 'feature_8': (0.111, 3.832), 'feature_9': (-3.581, 0.538)}",4,2.633,7,[Pretrained] CF,"[404, 550, 650, 696, 706, 712]",3.322,3.27,ResOve,[Pretrained] CF ResOve,0.11,0,0.11,716,34,0.0,5,0.6890000000000001,0.052000000000000046,5.0
710,feature_0 > 0.192 AND feature_0 > 0.728 AND feature_1 > 0.277 AND feature_1 > 1.176 AND feature_1 > 1.463 AND feature_8 <= 0.111 AND feature_7 > -0.563 AND feature_2 <= 0.697,"{'feature_0': (0.728, 3.845), 'feature_1': (1.463, 3.852), 'feature_8': (-4.447, 0.111), 'feature_7': (-0.563, 3.492), 'feature_2': (-3.74, 0.697)}",5,2.765,8,[Pretrained] CF,"[404, 550, 650, 696, 706, 707, 709]",3.166,3.166,ResOve,[Pretrained] CF ResOve,0.11,0,0.11,716,38,0.0,5,0.4009999999999998,0.0,5.0
542,feature_0 > 0.192 AND feature_0 <= 0.728 AND feature_1 > 0.883 AND feature_0 > 0.324 AND feature_1 > 1.196 AND feature_6 <= 0.038 AND feature_0 > 0.416,"{'feature_0': (0.416, 0.728), 'feature_1': (1.196, 3.852), 'feature_6': (-4.852, 0.038)}",3,2.479,7,[Pretrained] CF,"[404, 405, 525, 533, 539, 540]",2.428,2.43,ResOve,[Pretrained] CF ResOve,0.11,0,0.11,716,58,0.0,5,0.051000000000000156,0.002000000000000224,5.0
624,feature_0 > 0.192 AND feature_0 > 0.728 AND feature_1 <= 0.277 AND feature_4 > -0.071 AND feature_0 > 1.041 AND feature_3 <= -0.451 AND feature_1 > -0.709 AND feature_9 <= 0.768 AND feature_8 > -0.622 AND feature_7 <= 0.275,"{'feature_0': (1.041, 3.845), 'feature_1': (-0.709, 0.277), 'feature_4': (-0.071, 3.804), 'feature_3': (-3.667, -0.451), 'feature_9': (-3.581, 0.768), 'feature_8': (-0.622, 3.832), 'feature_7': (-3.746, 0.275)}",7,2.474,10,[Pretrained] CF,"[404, 550, 551, 595, 615, 616, 620, 621, 623]",2.223,2.245,ResOve,[Pretrained] CF ResOve,0.11,0,0.11,716,23,0.0,5,0.25100000000000033,0.02200000000000024,5.0
709,feature_0 > 0.192 AND feature_0 > 0.728 AND feature_1 > 0.277 AND feature_1 > 1.176 AND feature_1 > 1.463 AND feature_8 <= 0.111 AND feature_7 > -0.563,"{'feature_0': (0.728, 3.845), 'feature_1': (1.463, 3.852), 'feature_8': (-4.447, 0.111), 'feature_7': (-0.563, 3.492)}",4,2.71,7,[Pretrained] CF,"[404, 550, 650, 696, 706, 707]",3.238,3.238,NoOve,[Pretrained] CF NoOve,0.012,0,0.012,716,58,0.0,5,0.528,0.0,5.0
699,feature_0 > 0.192 AND feature_0 > 0.728 AND feature_1 > 0.277 AND feature_1 > 1.176 AND feature_1 <= 1.463 AND feature_7 <= 0.095 AND feature_6 <= 0.339,"{'feature_0': (0.728, 3.845), 'feature_1': (1.176, 1.463), 'feature_7': (-3.746, 0.095), 'feature_6': (-4.852, 0.339)}",4,2.674,7,[Pretrained] CF,"[404, 550, 650, 696, 697, 698]",2.859,2.832,NoOve,[Pretrained] CF NoOve,0.012,0,0.012,716,30,0.0,5,0.18500000000000005,0.027000000000000135,5.0
713,feature_0 > 0.192 AND feature_0 > 0.728 AND feature_1 > 0.277 AND feature_1 > 1.176 AND feature_1 > 1.463 AND feature_8 > 0.111 AND feature_9 <= 0.538,"{'feature_0': (0.728, 3.845), 'feature_1': (1.463, 3.852), 'feature_8': (0.111, 3.832), 'feature_9': (-3.581, 0.538)}",4,2.633,7,[Pretrained] CF,"[404, 550, 650, 696, 706, 712]",3.322,3.27,NoOve,[Pretrained] CF NoOve,0.012,0,0.012,716,34,0.0,5,0.6890000000000001,0.052000000000000046,5.0
542,feature_0 > 0.192 AND feature_0 <= 0.728 AND feature_1 > 0.883 AND feature_0 > 0.324 AND feature_1 > 1.196 AND feature_6 <= 0.038 AND feature_0 > 0.416,"{'feature_0': (0.416, 0.728), 'feature_1': (1.196, 3.852), 'feature_6': (-4.852, 0.038)}",3,2.479,7,[Pretrained] CF,"[404, 405, 525, 533, 539, 540]",2.428,2.43,NoOve,[Pretrained] CF NoOve,0.012,0,0.012,716,58,0.0,5,0.051000000000000156,0.002000000000000224,5.0
688,feature_0 > 0.192 AND feature_0 > 0.728 AND feature_1 > 0.277 AND feature_1 <= 1.176 AND feature_4 > -0.035 AND feature_0 > 1.281 AND feature_3 <= -0.334,"{'feature_0': (1.281, 3.845), 'feature_1': (0.277, 1.176), 'feature_4': (-0.035, 3.804), 'feature_3': (-3.667, -0.334)}",4,2.439,7,[Pretrained] CF,"[404, 550, 650, 651, 673, 687]",2.801,2.796,NoOve,[Pretrained] CF NoOve,0.012,0,0.012,716,45,0.0,5,0.3620000000000001,0.0050000000000003375,5.0
707,feature_0 > 0.192 AND feature_0 > 0.728 AND feature_1 > 0.277 AND feature_1 > 1.176 AND feature_1 > 1.463 AND feature_8 <= 0.111,"{'feature_0': (0.728, 3.845), 'feature_1': (1.463, 3.852), 'feature_8': (-4.447, 0.111)}",3,2.791,6,[Pretrained] CF,"[404, 550, 650, 696, 706]",3.204,3.222,OptRes,[Pretrained] CF OptRes,0.004,0,0.004,716,76,0.11176470588235295,5,0.41300000000000026,0.017999999999999794,5.0
710,feature_0 > 0.192 AND feature_0 > 0.728 AND feature_1 > 0.277 AND feature_1 > 1.176 AND feature_1 > 1.463 AND feature_8 <= 0.111 AND feature_7 > -0.563 AND feature_2 <= 0.697,"{'feature_0': (0.728, 3.845), 'feature_1': (1.463, 3.852), 'feature_8': (-4.447, 0.111), 'feature_7': (-0.563, 3.492), 'feature_2': (-3.74, 0.697)}",5,2.765,8,[Pretrained] CF,"[404, 550, 650, 696, 706, 707, 709]",3.166,3.166,OptRes,[Pretrained] CF OptRes,0.004,0,0.004,716,38,0.11176470588235295,5,0.4009999999999998,0.0,5.0
714,feature_0 > 0.192 AND feature_0 > 0.728 AND feature_1 > 0.277 AND feature_1 > 1.176 AND feature_1 > 1.463 AND feature_8 > 0.111 AND feature_9 <= 0.538 AND feature_7 <= -0.33,"{'feature_0': (0.728, 3.845), 'feature_1': (1.463, 3.852), 'feature_8': (0.111, 3.832), 'feature_9': (-3.581, 0.538), 'feature_7': (-3.746, -0.33)}",5,2.708,8,[Pretrained] CF,"[404, 550, 650, 696, 706, 712, 713]",3.364,3.418,OptRes,[Pretrained] CF OptRes,0.004,0,0.004,716,21,0.0,5,0.6559999999999997,0.05400000000000027,5.0
699,feature_0 > 0.192 AND feature_0 > 0.728 AND feature_1 > 0.277 AND feature_1 > 1.176 AND feature_1 <= 1.463 AND feature_7 <= 0.095 AND feature_6 <= 0.339,"{'feature_0': (0.728, 3.845), 'feature_1': (1.176, 1.463), 'feature_7': (-3.746, 0.095), 'feature_6': (-4.852, 0.339)}",4,2.674,7,[Pretrained] CF,"[404, 550, 650, 696, 697, 698]",2.859,2.823,OptRes,[Pretrained] CF OptRes,0.004,0,0.004,716,43,0.0,5,0.18500000000000005,0.03600000000000003,5.0
543,feature_0 > 0.192 AND feature_0 <= 0.728 AND feature_1 > 0.883 AND feature_0 > 0.324 AND feature_1 > 1.196 AND feature_6 <= 0.038 AND feature_0 > 0.416 AND feature_9 <= -0.545,"{'feature_0': (0.416, 0.728), 'feature_1': (1.196, 3.852), 'feature_6': (-4.852, 0.038), 'feature_9': (-3.581, -0.545)}",4,2.622,8,[Pretrained] CF,"[404, 405, 525, 533, 539, 540, 542]",2.42,2.414,OptRes,[Pretrained] CF OptRes,0.004,0,0.004,716,21,0.0,5,0.20199999999999996,0.005999999999999783,5.0
714,feature_0 > 0.192 AND feature_0 > 0.728 AND feature_1 > 0.277 AND feature_1 > 1.176 AND feature_1 > 1.463 AND feature_8 > 0.111 AND feature_9 <= 0.538 AND feature_7 <= -0.33,"{'feature_0': (0.728, 3.845), 'feature_1': (1.463, 3.852), 'feature_8': (0.111, 3.832), 'feature_9': (-3.581, 0.538), 'feature_7': (-3.746, -0.33)}",5,2.708,8,[Pretrained] CF,"[404, 550, 650, 696, 706, 712, 713]",3.364,3.418,ResOve,[Pretrained] CF ResOve,0.115,0,0.115,716,21,0.0,5,0.6559999999999997,0.05400000000000027,5.0
710,feature_0 > 0.192 AND feature_0 > 0.728 AND feature_1 > 0.277 AND feature_1 > 1.176 AND feature_1 > 1.463 AND feature_8 <= 0.111 AND feature_7 > -0.563 AND feature_2 <= 0.697,"{'feature_0': (0.728, 3.845), 'feature_1': (1.463, 3.852), 'feature_8': (-4.447, 0.111), 'feature_7': (-0.563, 3.492), 'feature_2': (-3.74, 0.697)}",5,2.765,8,[Pretrained] CF,"[404, 550, 650, 696, 706, 707, 709]",3.166,3.166,ResOve,[Pretrained] CF ResOve,0.115,0,0.115,716,38,0.0,5,0.4009999999999998,0.0,5.0
701,feature_0 > 0.192 AND feature_0 > 0.728 AND feature_1 > 0.277 AND feature_1 > 1.176 AND feature_1 <= 1.463 AND feature_7 <= 0.095 AND feature_6 <= 0.339 AND feature_9 > -0.313,"{'feature_0': (0.728, 3.845), 'feature_1': (1.176, 1.463), 'feature_7': (-3.746, 0.095), 'feature_6': (-4.852, 0.339), 'feature_9': (-0.313, 3.767)}",5,2.567,8,[Pretrained] CF,"[404, 550, 650, 696, 697, 698, 699]",2.914,2.876,ResOve,[Pretrained] CF ResOve,0.115,0,0.115,716,25,0.0,5,0.347,0.038000000000000256,5.0
546,feature_0 > 0.192 AND feature_0 <= 0.728 AND feature_1 > 0.883 AND feature_0 > 0.324 AND feature_1 > 1.196 AND feature_6 <= 0.038 AND feature_0 > 0.416 AND feature_9 > -0.545 AND feature_1 > 1.581,"{'feature_0': (0.416, 0.728), 'feature_1': (1.581, 3.852), 'feature_6': (-4.852, 0.038), 'feature_9': (-0.545, 3.767)}",4,2.482,9,[Pretrained] CF,"[404, 405, 525, 533, 539, 540, 542, 544]",2.667,2.675,ResOve,[Pretrained] CF ResOve,0.115,0,0.115,716,24,0.0,5,0.1849999999999996,0.008000000000000007,5.0
543,feature_0 > 0.192 AND feature_0 <= 0.728 AND feature_1 > 0.883 AND feature_0 > 0.324 AND feature_1 > 1.196 AND feature_6 <= 0.038 AND feature_0 > 0.416 AND feature_9 <= -0.545,"{'feature_0': (0.416, 0.728), 'feature_1': (1.196, 3.852), 'feature_6': (-4.852, 0.038), 'feature_9': (-3.581, -0.545)}",4,2.622,8,[Pretrained] CF,"[404, 405, 525, 533, 539, 540, 542]",2.42,2.414,ResOve,[Pretrained] CF ResOve,0.115,0,0.115,716,21,0.0,5,0.20199999999999996,0.005999999999999783,5.0
710,feature_0 > 0.192 AND feature_0 > 0.728 AND feature_1 > 0.277 AND feature_1 > 1.176 AND feature_1 > 1.463 AND feature_8 <= 0.111 AND feature_7 > -0.563 AND feature_2 <= 0.697,"{'feature_0': (0.728, 3.845), 'feature_1': (1.463, 3.852), 'feature_8': (-4.447, 0.111), 'feature_7': (-0.563, 3.492), 'feature_2': (-3.74, 0.697)}",5,2.765,8,[Pretrained] CF,"[404, 550, 650, 696, 706, 707, 709]",3.166,3.166,NoOve,[Pretrained] CF NoOve,0.009,0,0.009,716,38,0.0,5,0.4009999999999998,0.0,5.0
714,feature_0 > 0.192 AND feature_0 > 0.728 AND feature_1 > 0.277 AND feature_1 > 1.176 AND feature_1 > 1.463 AND feature_8 > 0.111 AND feature_9 <= 0.538 AND feature_7 <= -0.33,"{'feature_0': (0.728, 3.845), 'feature_1': (1.463, 3.852), 'feature_8': (0.111, 3.832), 'feature_9': (-3.581, 0.538), 'feature_7': (-3.746, -0.33)}",5,2.708,8,[Pretrained] CF,"[404, 550, 650, 696, 706, 712, 713]",3.364,3.418,NoOve,[Pretrained] CF NoOve,0.009,0,0.009,716,21,0.0,5,0.6559999999999997,0.05400000000000027,5.0
543,feature_0 > 0.192 AND feature_0 <= 0.728 AND feature_1 > 0.883 AND feature_0 > 0.324 AND feature_1 > 1.196 AND feature_6 <= 0.038 AND feature_0 > 0.416 AND feature_9 <= -0.545,"{'feature_0': (0.416, 0.728), 'feature_1': (1.196, 3.852), 'feature_6': (-4.852, 0.038), 'feature_9': (-3.581, -0.545)}",4,2.622,8,[Pretrained] CF,"[404, 405, 525, 533, 539, 540, 542]",2.42,2.414,NoOve,[Pretrained] CF NoOve,0.009,0,0.009,716,21,0.0,5,0.20199999999999996,0.005999999999999783,5.0
701,feature_0 > 0.192 AND feature_0 > 0.728 AND feature_1 > 0.277 AND feature_1 > 1.176 AND feature_1 <= 1.463 AND feature_7 <= 0.095 AND feature_6 <= 0.339 AND feature_9 > -0.313,"{'feature_0': (0.728, 3.845), 'feature_1': (1.176, 1.463), 'feature_7': (-3.746, 0.095), 'feature_6': (-4.852, 0.339), 'feature_9': (-0.313, 3.767)}",5,2.567,8,[Pretrained] CF,"[404, 550, 650, 696, 697, 698, 699]",2.914,2.876,NoOve,[Pretrained] CF NoOve,0.009,0,0.009,716,25,0.0,5,0.347,0.038000000000000256,5.0
715,feature_0 > 0.192 AND feature_0 > 0.728 AND feature_1 > 0.277 AND feature_1 > 1.176 AND feature_1 > 1.463 AND feature_8 > 0.111 AND feature_9 <= 0.538 AND feature_7 > -0.33,"{'feature_0': (0.728, 3.845), 'feature_1': (1.463, 3.852), 'feature_8': (0.111, 3.832), 'feature_9': (-3.581, 0.538), 'feature_7': (-0.33, 3.492)}",5,2.553,8,[Pretrained] CF,"[404, 550, 650, 696, 706, 712, 713]",3.277,3.277,NoOve,[Pretrained] CF NoOve,0.009,0,0.009,716,24,0.0,5,0.7240000000000002,0.0,5.0
708,feature_0 > 0.192 AND feature_0 > 0.728 AND feature_1 > 0.277 AND feature_1 > 1.176 AND feature_1 > 1.463 AND feature_8 <= 0.111 AND feature_7 <= -0.563,"{'feature_0': (0.728, 3.845), 'feature_1': (1.463, 3.852), 'feature_8': (-4.447, 0.111), 'feature_7': (-3.746, -0.563)}",4,2.966,7,[Pretrained] CF,"[404, 550, 650, 696, 706, 707]",3.13,3.13,OptRes,[Pretrained] CF OptRes,0.004,0,0.004,716,27,0.07941176470588235,5,0.1639999999999997,0.0,5.0
707,feature_0 > 0.192 AND feature_0 > 0.728 AND feature_1 > 0.277 AND feature_1 > 1.176 AND feature_1 > 1.463 AND feature_8 <= 0.111,"{'feature_0': (0.728, 3.845), 'feature_1': (1.463, 3.852), 'feature_8': (-4.447, 0.111)}",3,2.791,6,[Pretrained] CF,"[404, 550, 650, 696, 706]",3.204,3.204,OptRes,[Pretrained] CF OptRes,0.004,0,0.004,716,85,0.19117647058823528,5,0.41300000000000026,0.0,5.0
710,feature_0 > 0.192 AND feature_0 > 0.728 AND feature_1 > 0.277 AND feature_1 > 1.176 AND feature_1 > 1.463 AND feature_8 <= 0.111 AND feature_7 > -0.563 AND feature_2 <= 0.697,"{'feature_0': (0.728, 3.845), 'feature_1': (1.463, 3.852), 'feature_8': (-4.447, 0.111), 'feature_7': (-0.563, 3.492), 'feature_2': (-3.74, 0.697)}",5,2.765,8,[Pretrained] CF,"[404, 550, 650, 696, 706, 707, 709]",3.166,3.166,OptRes,[Pretrained] CF OptRes,0.004,0,0.004,716,38,0.11176470588235295,5,0.4009999999999998,0.0,5.0
714,feature_0 > 0.192 AND feature_0 > 0.728 AND feature_1 > 0.277 AND feature_1 > 1.176 AND feature_1 > 1.463 AND feature_8 > 0.111 AND feature_9 <= 0.538 AND feature_7 <= -0.33,"{'feature_0': (0.728, 3.845), 'feature_1': (1.463, 3.852), 'feature_8': (0.111, 3.832), 'feature_9': (-3.581, 0.538), 'feature_7': (-3.746, -0.33)}",5,2.708,8,[Pretrained] CF,"[404, 550, 650, 696, 706, 712, 713]",3.364,3.44,OptRes,[Pretrained] CF OptRes,0.004,0,0.004,716,22,0.0,5,0.6559999999999997,0.07600000000000007,5.0
699,feature_0 > 0.192 AND feature_0 > 0.728 AND feature_1 > 0.277 AND feature_1 > 1.176 AND feature_1 <= 1.463 AND feature_7 <= 0.095 AND feature_6 <= 0.339,"{'feature_0': (0.728, 3.845), 'feature_1': (1.176, 1.463), 'feature_7': (-3.746, 0.095), 'feature_6': (-4.852, 0.339)}",4,2.674,7,[Pretrained] CF,"[404, 550, 650, 696, 697, 698]",2.859,2.86,OptRes,[Pretrained] CF OptRes,0.004,0,0.004,716,44,0.0,5,0.18500000000000005,0.0009999999999998899,5.0
714,feature_0 > 0.192 AND feature_0 > 0.728 AND feature_1 > 0.277 AND feature_1 > 1.176 AND feature_1 > 1.463 AND feature_8 > 0.111 AND feature_9 <= 0.538 AND feature_7 <= -0.33,"{'feature_0': (0.728, 3.845), 'feature_1': (1.463, 3.852), 'feature_8': (0.111, 3.832), 'feature_9': (-3.581, 0.538), 'feature_7': (-3.746, -0.33)}",5,2.708,8,[Pretrained] CF,"[404, 550, 650, 696, 706, 712, 713]",3.364,3.44,ResOve,[Pretrained] CF ResOve,0.155,0,0.155,716,22,0.0,5,0.6559999999999997,0.07600000000000007,5.0
710,feature_0 > 0.192 AND feature_0 > 0.728 AND feature_1 > 0.277 AND feature_1 > 1.176 AND feature_1 > 1.463 AND feature_8 <= 0.111 AND feature_7 > -0.563 AND feature_2 <= 0.697,"{'feature_0': (0.728, 3.845), 'feature_1': (1.463, 3.852), 'feature_8': (-4.447, 0.111), 'feature_7': (-0.563, 3.492), 'feature_2': (-3.74, 0.697)}",5,2.765,8,[Pretrained] CF,"[404, 550, 650, 696, 706, 707, 709]",3.166,3.166,ResOve,[Pretrained] CF ResOve,0.155,0,0.155,716,38,0.0,5,0.4009999999999998,0.0,5.0
708,feature_0 > 0.192 AND feature_0 > 0.728 AND feature_1 > 0.277 AND feature_1 > 1.176 AND feature_1 > 1.463 AND feature_8 <= 0.111 AND feature_7 <= -0.563,"{'feature_0': (0.728, 3.845), 'feature_1': (1.463, 3.852), 'feature_8': (-4.447, 0.111), 'feature_7': (-3.746, -0.563)}",4,2.966,7,[Pretrained] CF,"[404, 550, 650, 696, 706, 707]",3.13,3.13,ResOve,[Pretrained] CF ResOve,0.155,0,0.155,716,27,0.0,5,0.1639999999999997,0.0,5.0
701,feature_0 > 0.192 AND feature_0 > 0.728 AND feature_1 > 0.277 AND feature_1 > 1.176 AND feature_1 <= 1.463 AND feature_7 <= 0.095 AND feature_6 <= 0.339 AND feature_9 > -0.313,"{'feature_0': (0.728, 3.845), 'feature_1': (1.176, 1.463), 'feature_7': (-3.746, 0.095), 'feature_6': (-4.852, 0.339), 'feature_9': (-0.313, 3.767)}",5,2.567,8,[Pretrained] CF,"[404, 550, 650, 696, 697, 698, 699]",2.914,2.925,ResOve,[Pretrained] CF ResOve,0.155,0,0.155,716,25,0.0,5,0.347,0.010999999999999677,5.0
543,feature_0 > 0.192 AND feature_0 <= 0.728 AND feature_1 > 0.883 AND feature_0 > 0.324 AND feature_1 > 1.196 AND feature_6 <= 0.038 AND feature_0 > 0.416 AND feature_9 <= -0.545,"{'feature_0': (0.416, 0.728), 'feature_1': (1.196, 3.852), 'feature_6': (-4.852, 0.038), 'feature_9': (-3.581, -0.545)}",4,2.622,8,[Pretrained] CF,"[404, 405, 525, 533, 539, 540, 542]",2.42,2.42,ResOve,[Pretrained] CF ResOve,0.155,0,0.155,716,22,0.0,5,0.20199999999999996,0.0,5.0
708,feature_0 > 0.192 AND feature_0 > 0.728 AND feature_1 > 0.277 AND feature_1 > 1.176 AND feature_1 > 1.463 AND feature_8 <= 0.111 AND feature_7 <= -0.563,"{'feature_0': (0.728, 3.845), 'feature_1': (1.463, 3.852), 'feature_8': (-4.447, 0.111), 'feature_7': (-3.746, -0.563)}",4,2.966,7,[Pretrained] CF,"[404, 550, 650, 696, 706, 707]",3.13,3.13,NoOve,[Pretrained] CF NoOve,0.009,0,0.009,716,27,0.0,5,0.1639999999999997,0.0,5.0
709,feature_0 > 0.192 AND feature_0 > 0.728 AND feature_1 > 0.277 AND feature_1 > 1.176 AND feature_1 > 1.463 AND feature_8 <= 0.111 AND feature_7 > -0.563,"{'feature_0': (0.728, 3.845), 'feature_1': (1.463, 3.852), 'feature_8': (-4.447, 0.111), 'feature_7': (-0.563, 3.492)}",4,2.71,7,[Pretrained] CF,"[404, 550, 650, 696, 706, 707]",3.238,3.238,NoOve,[Pretrained] CF NoOve,0.009,0,0.009,716,58,0.0,5,0.528,0.0,5.0
699,feature_0 > 0.192 AND feature_0 > 0.728 AND feature_1 > 0.277 AND feature_1 > 1.176 AND feature_1 <= 1.463 AND feature_7 <= 0.095 AND feature_6 <= 0.339,"{'feature_0': (0.728, 3.845), 'feature_1': (1.176, 1.463), 'feature_7': (-3.746, 0.095), 'feature_6': (-4.852, 0.339)}",4,2.674,7,[Pretrained] CF,"[404, 550, 650, 696, 697, 698]",2.859,2.86,NoOve,[Pretrained] CF NoOve,0.009,0,0.009,716,44,0.0,5,0.18500000000000005,0.0009999999999998899,5.0
713,feature_0 > 0.192 AND feature_0 > 0.728 AND feature_1 > 0.277 AND feature_1 > 1.176 AND feature_1 > 1.463 AND feature_8 > 0.111 AND feature_9 <= 0.538,"{'feature_0': (0.728, 3.845), 'feature_1': (1.463, 3.852), 'feature_8': (0.111, 3.832), 'feature_9': (-3.581, 0.538)}",4,2.633,7,[Pretrained] CF,"[404, 550, 650, 696, 706, 712]",3.322,3.339,NoOve,[Pretrained] CF NoOve,0.009,0,0.009,716,39,0.0,5,0.6890000000000001,0.016999999999999904,5.0
542,feature_0 > 0.192 AND feature_0 <= 0.728 AND feature_1 > 0.883 AND feature_0 > 0.324 AND feature_1 > 1.196 AND feature_6 <= 0.038 AND feature_0 > 0.416,"{'feature_0': (0.416, 0.728), 'feature_1': (1.196, 3.852), 'feature_6': (-4.852, 0.038)}",3,2.479,7,[Pretrained] CF,"[404, 405, 525, 533, 539, 540]",2.428,2.4,NoOve,[Pretrained] CF NoOve,0.009,0,0.009,716,66,0.0,5,0.051000000000000156,0.028000000000000025,5.0
708,feature_0 > 0.192 AND feature_0 > 0.728 AND feature_1 > 0.277 AND feature_1 > 1.176 AND feature_1 > 1.463 AND feature_8 <= 0.111 AND feature_7 <= -0.563,"{'feature_0': (0.728, 3.845), 'feature_1': (1.463, 3.852), 'feature_8': (-4.447, 0.111), 'feature_7': (-3.746, -0.563)}",4,2.966,7,[Pretrained] CF,"[404, 550, 650, 696, 706, 707]",3.13,3.123,OptRes,[Pretrained] CF OptRes,0.004,0,0.004,716,26,0.07941176470588235,5,0.1639999999999997,0.006999999999999673,5.0
707,feature_0 > 0.192 AND feature_0 > 0.728 AND feature_1 > 0.277 AND feature_1 > 1.176 AND feature_1 > 1.463 AND feature_8 <= 0.111,"{'feature_0': (0.728, 3.845), 'feature_1': (1.463, 3.852), 'feature_8': (-4.447, 0.111)}",3,2.791,6,[Pretrained] CF,"[404, 550, 650, 696, 706]",3.204,3.155,OptRes,[Pretrained] CF OptRes,0.004,0,0.004,716,62,0.19117647058823528,5,0.41300000000000026,0.04900000000000038,5.0
710,feature_0 > 0.192 AND feature_0 > 0.728 AND feature_1 > 0.277 AND feature_1 > 1.176 AND feature_1 > 1.463 AND feature_8 <= 0.111 AND feature_7 > -0.563 AND feature_2 <= 0.697,"{'feature_0': (0.728, 3.845), 'feature_1': (1.463, 3.852), 'feature_8': (-4.447, 0.111), 'feature_7': (-0.563, 3.492), 'feature_2': (-3.74, 0.697)}",5,2.765,8,[Pretrained] CF,"[404, 550, 650, 696, 706, 707, 709]",3.166,3.112,OptRes,[Pretrained] CF OptRes,0.004,0,0.004,716,26,0.11176470588235295,5,0.4009999999999998,0.053999999999999826,5.0
714,feature_0 > 0.192 AND feature_0 > 0.728 AND feature_1 > 0.277 AND feature_1 > 1.176 AND feature_1 > 1.463 AND feature_8 > 0.111 AND feature_9 <= 0.538 AND feature_7 <= -0.33,"{'feature_0': (0.728, 3.845), 'feature_1': (1.463, 3.852), 'feature_8': (0.111, 3.832), 'feature_9': (-3.581, 0.538), 'feature_7': (-3.746, -0.33)}",5,2.708,8,[Pretrained] CF,"[404, 550, 650, 696, 706, 712, 713]",3.364,3.364,OptRes,[Pretrained] CF OptRes,0.004,0,0.004,716,26,0.0,5,0.6559999999999997,0.0,5.0
699,feature_0 > 0.192 AND feature_0 > 0.728 AND feature_1 > 0.277 AND feature_1 > 1.176 AND feature_1 <= 1.463 AND feature_7 <= 0.095 AND feature_6 <= 0.339,"{'feature_0': (0.728, 3.845), 'feature_1': (1.176, 1.463), 'feature_7': (-3.746, 0.095), 'feature_6': (-4.852, 0.339)}",4,2.674,7,[Pretrained] CF,"[404, 550, 650, 696, 697, 698]",2.859,2.859,OptRes,[Pretrained] CF OptRes,0.004,0,0.004,716,47,0.0,5,0.18500000000000005,0.0,5.0
714,feature_0 > 0.192 AND feature_0 > 0.728 AND feature_1 > 0.277 AND feature_1 > 1.176 AND feature_1 > 1.463 AND feature_8 > 0.111 AND feature_9 <= 0.538 AND feature_7 <= -0.33,"{'feature_0': (0.728, 3.845), 'feature_1': (1.463, 3.852), 'feature_8': (0.111, 3.832), 'feature_9': (-3.581, 0.538), 'feature_7': (-3.746, -0.33)}",5,2.708,8,[Pretrained] CF,"[404, 550, 650, 696, 706, 712, 713]",3.364,3.364,ResOve,[Pretrained] CF ResOve,0.11,0,0.11,716,26,0.13,5,0.6559999999999997,0.0,5.0
710,feature_0 > 0.192 AND feature_0 > 0.728 AND feature_1 > 0.277 AND feature_1 > 1.176 AND feature_1 > 1.463 AND feature_8 <= 0.111 AND feature_7 > -0.563 AND feature_2 <= 0.697,"{'feature_0': (0.728, 3.845), 'feature_1': (1.463, 3.852), 'feature_8': (-4.447, 0.111), 'feature_7': (-0.563, 3.492), 'feature_2': (-3.74, 0.697)}",5,2.765,8,[Pretrained] CF,"[404, 550, 650, 696, 706, 707, 709]",3.166,3.112,ResOve,[Pretrained] CF ResOve,0.11,0,0.11,716,26,0.16379310344827586,5,0.4009999999999998,0.053999999999999826,5.0
709,feature_0 > 0.192 AND feature_0 > 0.728 AND feature_1 > 0.277 AND feature_1 > 1.176 AND feature_1 > 1.463 AND feature_8 <= 0.111 AND feature_7 > -0.563,"{'feature_0': (0.728, 3.845), 'feature_1': (1.463, 3.852), 'feature_8': (-4.447, 0.111), 'feature_7': (-0.563, 3.492)}",4,2.71,7,[Pretrained] CF,"[404, 550, 650, 696, 706, 707]",3.238,3.177,ResOve,[Pretrained] CF ResOve,0.11,0,0.11,716,36,0.16379310344827586,5,0.528,0.06099999999999994,5.0
701,feature_0 > 0.192 AND feature_0 > 0.728 AND feature_1 > 0.277 AND feature_1 > 1.176 AND feature_1 <= 1.463 AND feature_7 <= 0.095 AND feature_6 <= 0.339 AND feature_9 > -0.313,"{'feature_0': (0.728, 3.845), 'feature_1': (1.176, 1.463), 'feature_7': (-3.746, 0.095), 'feature_6': (-4.852, 0.339), 'feature_9': (-0.313, 3.767)}",5,2.567,8,[Pretrained] CF,"[404, 550, 650, 696, 697, 698, 699]",2.914,2.914,ResOve,[Pretrained] CF ResOve,0.11,0,0.11,716,27,0.0,5,0.347,0.0,5.0
713,feature_0 > 0.192 AND feature_0 > 0.728 AND feature_1 > 0.277 AND feature_1 > 1.176 AND feature_1 > 1.463 AND feature_8 > 0.111 AND feature_9 <= 0.538,"{'feature_0': (0.728, 3.845), 'feature_1': (1.463, 3.852), 'feature_8': (0.111, 3.832), 'feature_9': (-3.581, 0.538)}",4,2.633,7,[Pretrained] CF,"[404, 550, 650, 696, 706, 712]",3.322,3.324,ResOve,[Pretrained] CF ResOve,0.11,0,0.11,716,38,0.13,5,0.6890000000000001,0.0019999999999997797,5.0
708,feature_0 > 0.192 AND feature_0 > 0.728 AND feature_1 > 0.277 AND feature_1 > 1.176 AND feature_1 > 1.463 AND feature_8 <= 0.111 AND feature_7 <= -0.563,"{'feature_0': (0.728, 3.845), 'feature_1': (1.463, 3.852), 'feature_8': (-4.447, 0.111), 'feature_7': (-3.746, -0.563)}",4,2.966,7,[Pretrained] CF,"[404, 550, 650, 696, 706, 707]",3.13,3.123,NoOve,[Pretrained] CF NoOve,0.014,0,0.014,716,26,0.0,5,0.1639999999999997,0.006999999999999673,5.0
709,feature_0 > 0.192 AND feature_0 > 0.728 AND feature_1 > 0.277 AND feature_1 > 1.176 AND feature_1 > 1.463 AND feature_8 <= 0.111 AND feature_7 > -0.563,"{'feature_0': (0.728, 3.845), 'feature_1': (1.463, 3.852), 'feature_8': (-4.447, 0.111), 'feature_7': (-0.563, 3.492)}",4,2.71,7,[Pretrained] CF,"[404, 550, 650, 696, 706, 707]",3.238,3.177,NoOve,[Pretrained] CF NoOve,0.014,0,0.014,716,36,0.0,5,0.528,0.06099999999999994,5.0
699,feature_0 > 0.192 AND feature_0 > 0.728 AND feature_1 > 0.277 AND feature_1 > 1.176 AND feature_1 <= 1.463 AND feature_7 <= 0.095 AND feature_6 <= 0.339,"{'feature_0': (0.728, 3.845), 'feature_1': (1.176, 1.463), 'feature_7': (-3.746, 0.095), 'feature_6': (-4.852, 0.339)}",4,2.674,7,[Pretrained] CF,"[404, 550, 650, 696, 697, 698]",2.859,2.859,NoOve,[Pretrained] CF NoOve,0.014,0,0.014,716,47,0.0,5,0.18500000000000005,0.0,5.0
713,feature_0 > 0.192 AND feature_0 > 0.728 AND feature_1 > 0.277 AND feature_1 > 1.176 AND feature_1 > 1.463 AND feature_8 > 0.111 AND feature_9 <= 0.538,"{'feature_0': (0.728, 3.845), 'feature_1': (1.463, 3.852), 'feature_8': (0.111, 3.832), 'feature_9': (-3.581, 0.538)}",4,2.633,7,[Pretrained] CF,"[404, 550, 650, 696, 706, 712]",3.322,3.324,NoOve,[Pretrained] CF NoOve,0.014,0,0.014,716,38,0.0,5,0.6890000000000001,0.0019999999999997797,5.0
542,feature_0 > 0.192 AND feature_0 <= 0.728 AND feature_1 > 0.883 AND feature_0 > 0.324 AND feature_1 > 1.196 AND feature_6 <= 0.038 AND feature_0 > 0.416,"{'feature_0': (0.416, 0.728), 'feature_1': (1.196, 3.852), 'feature_6': (-4.852, 0.038)}",3,2.479,7,[Pretrained] CF,"[404, 405, 525, 533, 539, 540]",2.428,2.376,NoOve,[Pretrained] CF NoOve,0.014,0,0.014,716,41,0.0,5,0.051000000000000156,0.052000000000000046,5.0
707,feature_0 > 0.192 AND feature_0 > 0.728 AND feature_1 > 0.277 AND feature_1 > 1.176 AND feature_1 > 1.463 AND feature_8 <= 0.111,"{'feature_0': (0.728, 3.845), 'feature_1': (1.463, 3.852), 'feature_8': (-4.447, 0.111)}",3,2.791,6,[Pretrained] CF,"[404, 550, 650, 696, 706]",3.204,3.24,OptRes,[Pretrained] CF OptRes,0.007,0,0.007,716,49,0.07783882783882784,5,0.41300000000000026,0.03600000000000003,5.0
699,feature_0 > 0.192 AND feature_0 > 0.728 AND feature_1 > 0.277 AND feature_1 > 1.176 AND feature_1 <= 1.463 AND feature_7 <= 0.095 AND feature_6 <= 0.339,"{'feature_0': (0.728, 3.845), 'feature_1': (1.176, 1.463), 'feature_7': (-3.746, 0.095), 'feature_6': (-4.852, 0.339)}",4,2.674,7,[Pretrained] CF,"[404, 550, 650, 696, 697, 698]",2.859,2.719,OptRes,[Pretrained] CF OptRes,0.007,0,0.007,716,28,0.04304029304029304,5,0.18500000000000005,0.14000000000000012,5.0
713,feature_0 > 0.192 AND feature_0 > 0.728 AND feature_1 > 0.277 AND feature_1 > 1.176 AND feature_1 > 1.463 AND feature_8 > 0.111 AND feature_9 <= 0.538,"{'feature_0': (0.728, 3.845), 'feature_1': (1.463, 3.852), 'feature_8': (0.111, 3.832), 'feature_9': (-3.581, 0.538)}",4,2.633,7,[Pretrained] CF,"[404, 550, 650, 696, 706, 712]",3.322,3.348,OptRes,[Pretrained] CF OptRes,0.007,0,0.007,716,31,0.045787545787545784,5,0.6890000000000001,0.0259999999999998,5.0
696,feature_0 > 0.192 AND feature_0 > 0.728 AND feature_1 > 0.277 AND feature_1 > 1.176,"{'feature_0': (0.728, 3.845), 'feature_1': (1.176, 3.852)}",2,2.597,4,[Pretrained] CF,"[404, 550, 650]",3.042,3.027,OptRes,[Pretrained] CF OptRes,0.007,0,0.007,716,175,0.16666666666666666,5,0.44499999999999984,0.01499999999999968,5.0
542,feature_0 > 0.192 AND feature_0 <= 0.728 AND feature_1 > 0.883 AND feature_0 > 0.324 AND feature_1 > 1.196 AND feature_6 <= 0.038 AND feature_0 > 0.416,"{'feature_0': (0.416, 0.728), 'feature_1': (1.196, 3.852), 'feature_6': (-4.852, 0.038)}",3,2.479,7,[Pretrained] CF,"[404, 405, 525, 533, 539, 540]",2.428,2.429,OptRes,[Pretrained] CF OptRes,0.007,0,0.007,716,48,0.0,5,0.051000000000000156,0.0009999999999998899,5.0
713,feature_0 > 0.192 AND feature_0 > 0.728 AND feature_1 > 0.277 AND feature_1 > 1.176 AND feature_1 > 1.463 AND feature_8 > 0.111 AND feature_9 <= 0.538,"{'feature_0': (0.728, 3.845), 'feature_1': (1.463, 3.852), 'feature_8': (0.111, 3.832), 'feature_9': (-3.581, 0.538)}",4,2.633,7,[Pretrained] CF,"[404, 550, 650, 696, 706, 712]",3.322,3.348,ResOve,[Pretrained] CF ResOve,0.117,0,0.117,716,31,0.0,5,0.6890000000000001,0.0259999999999998,5.0
709,feature_0 > 0.192 AND feature_0 > 0.728 AND feature_1 > 0.277 AND feature_1 > 1.176 AND feature_1 > 1.463 AND feature_8 <= 0.111 AND feature_7 > -0.563,"{'feature_0': (0.728, 3.845), 'feature_1': (1.463, 3.852), 'feature_8': (-4.447, 0.111), 'feature_7': (-0.563, 3.492)}",4,2.71,7,[Pretrained] CF,"[404, 550, 650, 696, 706, 707]",3.238,3.228,ResOve,[Pretrained] CF ResOve,0.117,0,0.117,716,36,0.17058823529411765,5,0.528,0.009999999999999787,5.0
707,feature_0 > 0.192 AND feature_0 > 0.728 AND feature_1 > 0.277 AND feature_1 > 1.176 AND feature_1 > 1.463 AND feature_8 <= 0.111,"{'feature_0': (0.728, 3.845), 'feature_1': (1.463, 3.852), 'feature_8': (-4.447, 0.111)}",3,2.791,6,[Pretrained] CF,"[404, 550, 650, 696, 706]",3.204,3.24,ResOve,[Pretrained] CF ResOve,0.117,0,0.117,716,49,0.17058823529411765,5,0.41300000000000026,0.03600000000000003,5.0
624,feature_0 > 0.192 AND feature_0 > 0.728 AND feature_1 <= 0.277 AND feature_4 > -0.071 AND feature_0 > 1.041 AND feature_3 <= -0.451 AND feature_1 > -0.709 AND feature_9 <= 0.768 AND feature_8 > -0.622 AND feature_7 <= 0.275,"{'feature_0': (1.041, 3.845), 'feature_1': (-0.709, 0.277), 'feature_4': (-0.071, 3.804), 'feature_3': (-3.667, -0.451), 'feature_9': (-3.581, 0.768), 'feature_8': (-0.622, 3.832), 'feature_7': (-3.746, 0.275)}",7,2.474,10,[Pretrained] CF,"[404, 550, 551, 595, 615, 616, 620, 621, 623]",2.223,2.204,ResOve,[Pretrained] CF ResOve,0.117,0,0.117,716,25,0.0,5,0.25100000000000033,0.018999999999999684,5.0
542,feature_0 > 0.192 AND feature_0 <= 0.728 AND feature_1 > 0.883 AND feature_0 > 0.324 AND feature_1 > 1.196 AND feature_6 <= 0.038 AND feature_0 > 0.416,"{'feature_0': (0.416, 0.728), 'feature_1': (1.196, 3.852), 'feature_6': (-4.852, 0.038)}",3,2.479,7,[Pretrained] CF,"[404, 405, 525, 533, 539, 540]",2.428,2.429,ResOve,[Pretrained] CF ResOve,0.117,0,0.117,716,48,0.0,5,0.051000000000000156,0.0009999999999998899,5.0
709,feature_0 > 0.192 AND feature_0 > 0.728 AND feature_1 > 0.277 AND feature_1 > 1.176 AND feature_1 > 1.463 AND feature_8 <= 0.111 AND feature_7 > -0.563,"{'feature_0': (0.728, 3.845), 'feature_1': (1.463, 3.852), 'feature_8': (-4.447, 0.111), 'feature_7': (-0.563, 3.492)}",4,2.71,7,[Pretrained] CF,"[404, 550, 650, 696, 706, 707]",3.238,3.228,NoOve,[Pretrained] CF NoOve,0.014,0,0.014,716,36,0.0,5,0.528,0.009999999999999787,5.0
699,feature_0 > 0.192 AND feature_0 > 0.728 AND feature_1 > 0.277 AND feature_1 > 1.176 AND feature_1 <= 1.463 AND feature_7 <= 0.095 AND feature_6 <= 0.339,"{'feature_0': (0.728, 3.845), 'feature_1': (1.176, 1.463), 'feature_7': (-3.746, 0.095), 'feature_6': (-4.852, 0.339)}",4,2.674,7,[Pretrained] CF,"[404, 550, 650, 696, 697, 698]",2.859,2.719,NoOve,[Pretrained] CF NoOve,0.014,0,0.014,716,28,0.0,5,0.18500000000000005,0.14000000000000012,5.0
713,feature_0 > 0.192 AND feature_0 > 0.728 AND feature_1 > 0.277 AND feature_1 > 1.176 AND feature_1 > 1.463 AND feature_8 > 0.111 AND feature_9 <= 0.538,"{'feature_0': (0.728, 3.845), 'feature_1': (1.463, 3.852), 'feature_8': (0.111, 3.832), 'feature_9': (-3.581, 0.538)}",4,2.633,7,[Pretrained] CF,"[404, 550, 650, 696, 706, 712]",3.322,3.348,NoOve,[Pretrained] CF NoOve,0.014,0,0.014,716,31,0.0,5,0.6890000000000001,0.0259999999999998,5.0
542,feature_0 > 0.192 AND feature_0 <= 0.728 AND feature_1 > 0.883 AND feature_0 > 0.324 AND feature_1 > 1.196 AND feature_6 <= 0.038 AND feature_0 > 0.416,"{'feature_0': (0.416, 0.728), 'feature_1': (1.196, 3.852), 'feature_6': (-4.852, 0.038)}",3,2.479,7,[Pretrained] CF,"[404, 405, 525, 533, 539, 540]",2.428,2.429,NoOve,[Pretrained] CF NoOve,0.014,0,0.014,716,48,0.0,5,0.051000000000000156,0.0009999999999998899,5.0
688,feature_0 > 0.192 AND feature_0 > 0.728 AND feature_1 > 0.277 AND feature_1 <= 1.176 AND feature_4 > -0.035 AND feature_0 > 1.281 AND feature_3 <= -0.334,"{'feature_0': (1.281, 3.845), 'feature_1': (0.277, 1.176), 'feature_4': (-0.035, 3.804), 'feature_3': (-3.667, -0.334)}",4,2.439,7,[Pretrained] CF,"[404, 550, 650, 651, 673, 687]",2.801,2.77,NoOve,[Pretrained] CF NoOve,0.014,0,0.014,716,32,0.0,5,0.3620000000000001,0.03100000000000014,5.0
707,feature_0 > 0.192 AND feature_0 > 0.728 AND feature_1 > 0.277 AND feature_1 > 1.176 AND feature_1 > 1.463 AND feature_8 <= 0.111,"{'feature_0': (0.728, 3.845), 'feature_1': (1.463, 3.852), 'feature_8': (-4.447, 0.111)}",3,2.791,6,[Pretrained] CF,"[404, 550, 650, 696, 706]",3.204,3.111,OptRes,[Pretrained] CF OptRes,0.005,0,0.005,716,40,0.18960353372118077,5,0.41300000000000026,0.09299999999999997,5.0
710,feature_0 > 0.192 AND feature_0 > 0.728 AND feature_1 > 0.277 AND feature_1 > 1.176 AND feature_1 > 1.463 AND feature_8 <= 0.111 AND feature_7 > -0.563 AND feature_2 <= 0.697,"{'feature_0': (0.728, 3.845), 'feature_1': (1.463, 3.852), 'feature_8': (-4.447, 0.111), 'feature_7': (-0.563, 3.492), 'feature_2': (-3.74, 0.697)}",5,2.765,8,[Pretrained] CF,"[404, 550, 650, 696, 706, 707, 709]",3.166,3.126,OptRes,[Pretrained] CF OptRes,0.005,0,0.005,716,23,0.14656324068088775,5,0.4009999999999998,0.040000000000000036,5.0
699,feature_0 > 0.192 AND feature_0 > 0.728 AND feature_1 > 0.277 AND feature_1 > 1.176 AND feature_1 <= 1.463 AND feature_7 <= 0.095 AND feature_6 <= 0.339,"{'feature_0': (0.728, 3.845), 'feature_1': (1.176, 1.463), 'feature_7': (-3.746, 0.095), 'feature_6': (-4.852, 0.339)}",4,2.674,7,[Pretrained] CF,"[404, 550, 650, 696, 697, 698]",2.859,2.931,OptRes,[Pretrained] CF OptRes,0.005,0,0.005,716,28,0.04304029304029304,5,0.18500000000000005,0.07200000000000006,5.0
713,feature_0 > 0.192 AND feature_0 > 0.728 AND feature_1 > 0.277 AND feature_1 > 1.176 AND feature_1 > 1.463 AND feature_8 > 0.111 AND feature_9 <= 0.538,"{'feature_0': (0.728, 3.845), 'feature_1': (1.463, 3.852), 'feature_8': (0.111, 3.832), 'feature_9': (-3.581, 0.538)}",4,2.633,7,[Pretrained] CF,"[404, 550, 650, 696, 706, 712]",3.322,3.221,OptRes,[Pretrained] CF OptRes,0.005,0,0.005,716,26,0.045787545787545784,5,0.6890000000000001,0.10099999999999998,5.0
696,feature_0 > 0.192 AND feature_0 > 0.728 AND feature_1 > 0.277 AND feature_1 > 1.176,"{'feature_0': (0.728, 3.845), 'feature_1': (1.176, 3.852)}",2,2.597,4,[Pretrained] CF,"[404, 550, 650]",3.042,3.018,OptRes,[Pretrained] CF OptRes,0.005,0,0.005,716,129,0.20146520146520147,5,0.44499999999999984,0.02400000000000002,5.0
713,feature_0 > 0.192 AND feature_0 > 0.728 AND feature_1 > 0.277 AND feature_1 > 1.176 AND feature_1 > 1.463 AND feature_8 > 0.111 AND feature_9 <= 0.538,"{'feature_0': (0.728, 3.845), 'feature_1': (1.463, 3.852), 'feature_8': (0.111, 3.832), 'feature_9': (-3.581, 0.538)}",4,2.633,7,[Pretrained] CF,"[404, 550, 650, 696, 706, 712]",3.322,3.221,ResOve,[Pretrained] CF ResOve,0.12,0,0.12,716,26,0.0,5,0.6890000000000001,0.10099999999999998,5.0
710,feature_0 > 0.192 AND feature_0 > 0.728 AND feature_1 > 0.277 AND feature_1 > 1.176 AND feature_1 > 1.463 AND feature_8 <= 0.111 AND feature_7 > -0.563 AND feature_2 <= 0.697,"{'feature_0': (0.728, 3.845), 'feature_1': (1.463, 3.852), 'feature_8': (-4.447, 0.111), 'feature_7': (-0.563, 3.492), 'feature_2': (-3.74, 0.697)}",5,2.765,8,[Pretrained] CF,"[404, 550, 650, 696, 706, 707, 709]",3.166,3.126,ResOve,[Pretrained] CF ResOve,0.12,0,0.12,716,23,0.16379310344827586,5,0.4009999999999998,0.040000000000000036,5.0
709,feature_0 > 0.192 AND feature_0 > 0.728 AND feature_1 > 0.277 AND feature_1 > 1.176 AND feature_1 > 1.463 AND feature_8 <= 0.111 AND feature_7 > -0.563,"{'feature_0': (0.728, 3.845), 'feature_1': (1.463, 3.852), 'feature_8': (-4.447, 0.111), 'feature_7': (-0.563, 3.492)}",4,2.71,7,[Pretrained] CF,"[404, 550, 650, 696, 706, 707]",3.238,3.126,ResOve,[Pretrained] CF ResOve,0.12,0,0.12,716,23,0.16379310344827586,5,0.528,0.1120000000000001,5.0
699,feature_0 > 0.192 AND feature_0 > 0.728 AND feature_1 > 0.277 AND feature_1 > 1.176 AND feature_1 <= 1.463 AND feature_7 <= 0.095 AND feature_6 <= 0.339,"{'feature_0': (0.728, 3.845), 'feature_1': (1.176, 1.463), 'feature_7': (-3.746, 0.095), 'feature_6': (-4.852, 0.339)}",4,2.674,7,[Pretrained] CF,"[404, 550, 650, 696, 697, 698]",2.859,2.931,ResOve,[Pretrained] CF ResOve,0.12,0,0.12,716,28,0.0,5,0.18500000000000005,0.07200000000000006,5.0
542,feature_0 > 0.192 AND feature_0 <= 0.728 AND feature_1 > 0.883 AND feature_0 > 0.324 AND feature_1 > 1.196 AND feature_6 <= 0.038 AND feature_0 > 0.416,"{'feature_0': (0.416, 0.728), 'feature_1': (1.196, 3.852), 'feature_6': (-4.852, 0.038)}",3,2.479,7,[Pretrained] CF,"[404, 405, 525, 533, 539, 540]",2.428,2.416,ResOve,[Pretrained] CF ResOve,0.12,0,0.12,716,35,0.0,5,0.051000000000000156,0.01200000000000001,5.0
709,feature_0 > 0.192 AND feature_0 > 0.728 AND feature_1 > 0.277 AND feature_1 > 1.176 AND feature_1 > 1.463 AND feature_8 <= 0.111 AND feature_7 > -0.563,"{'feature_0': (0.728, 3.845), 'feature_1': (1.463, 3.852), 'feature_8': (-4.447, 0.111), 'feature_7': (-0.563, 3.492)}",4,2.71,7,[Pretrained] CF,"[404, 550, 650, 696, 706, 707]",3.238,3.126,NoOve,[Pretrained] CF NoOve,0.02,0,0.02,716,23,0.0,5,0.528,0.1120000000000001,5.0
699,feature_0 > 0.192 AND feature_0 > 0.728 AND feature_1 > 0.277 AND feature_1 > 1.176 AND feature_1 <= 1.463 AND feature_7 <= 0.095 AND feature_6 <= 0.339,"{'feature_0': (0.728, 3.845), 'feature_1': (1.176, 1.463), 'feature_7': (-3.746, 0.095), 'feature_6': (-4.852, 0.339)}",4,2.674,7,[Pretrained] CF,"[404, 550, 650, 696, 697, 698]",2.859,2.931,NoOve,[Pretrained] CF NoOve,0.02,0,0.02,716,28,0.0,5,0.18500000000000005,0.07200000000000006,5.0
713,feature_0 > 0.192 AND feature_0 > 0.728 AND feature_1 > 0.277 AND feature_1 > 1.176 AND feature_1 > 1.463 AND feature_8 > 0.111 AND feature_9 <= 0.538,"{'feature_0': (0.728, 3.845), 'feature_1': (1.463, 3.852), 'feature_8': (0.111, 3.832), 'feature_9': (-3.581, 0.538)}",4,2.633,7,[Pretrained] CF,"[404, 550, 650, 696, 706, 712]",3.322,3.221,NoOve,[Pretrained] CF NoOve,0.02,0,0.02,716,26,0.0,5,0.6890000000000001,0.10099999999999998,5.0
542,feature_0 > 0.192 AND feature_0 <= 0.728 AND feature_1 > 0.883 AND feature_0 > 0.324 AND feature_1 > 1.196 AND feature_6 <= 0.038 AND feature_0 > 0.416,"{'feature_0': (0.416, 0.728), 'feature_1': (1.196, 3.852), 'feature_6': (-4.852, 0.038)}",3,2.479,7,[Pretrained] CF,"[404, 405, 525, 533, 539, 540]",2.428,2.416,NoOve,[Pretrained] CF NoOve,0.02,0,0.02,716,35,0.0,5,0.051000000000000156,0.01200000000000001,5.0
688,feature_0 > 0.192 AND feature_0 > 0.728 AND feature_1 > 0.277 AND feature_1 <= 1.176 AND feature_4 > -0.035 AND feature_0 > 1.281 AND feature_3 <= -0.334,"{'feature_0': (1.281, 3.845), 'feature_1': (0.277, 1.176), 'feature_4': (-0.035, 3.804), 'feature_3': (-3.667, -0.334)}",4,2.439,7,[Pretrained] CF,"[404, 550, 650, 651, 673, 687]",2.801,2.806,NoOve,[Pretrained] CF NoOve,0.02,0,0.02,716,30,0.0,5,0.3620000000000001,0.004999999999999893,5.0
624,feature_0 > 0.192 AND feature_0 > 0.728 AND feature_1 <= 0.277 AND feature_4 > -0.071 AND feature_0 > 1.041 AND feature_3 <= -0.451 AND feature_1 > -0.709 AND feature_9 <= 0.768 AND feature_8 > -0.622 AND feature_7 <= 0.275,"{'feature_0': (1.041, 3.845), 'feature_1': (-0.709, 0.277), 'feature_4': (-0.071, 3.804), 'feature_3': (-3.667, -0.451), 'feature_9': (-3.581, 0.768), 'feature_8': (-0.622, 3.832), 'feature_7': (-3.746, 0.275)}",7,2.474,10,[Pretrained] CF,"[404, 550, 551, 595, 615, 616, 620, 621, 623]",2.223,2.223,OptRes,[Pretrained] CF OptRes,0.005,0,0.005,716,33,0.10714285714285714,5,0.25100000000000033,0.0,5.0
621,feature_0 > 0.192 AND feature_0 > 0.728 AND feature_1 <= 0.277 AND feature_4 > -0.071 AND feature_0 > 1.041 AND feature_3 <= -0.451 AND feature_1 > -0.709 AND feature_9 <= 0.768,"{'feature_0': (1.041, 3.845), 'feature_1': (-0.709, 0.277), 'feature_4': (-0.071, 3.804), 'feature_3': (-3.667, -0.451), 'feature_9': (-3.581, 0.768)}",5,2.343,8,[Pretrained] CF,"[404, 550, 551, 595, 615, 616, 620]",2.159,2.159,OptRes,[Pretrained] CF OptRes,0.005,0,0.005,716,77,0.24999999999999997,5,0.18400000000000016,0.0,5.0
625,feature_0 > 0.192 AND feature_0 > 0.728 AND feature_1 <= 0.277 AND feature_4 > -0.071 AND feature_0 > 1.041 AND feature_3 <= -0.451 AND feature_1 > -0.709 AND feature_9 <= 0.768 AND feature_8 > -0.622 AND feature_7 > 0.275,"{'feature_0': (1.041, 3.845), 'feature_1': (-0.709, 0.277), 'feature_4': (-0.071, 3.804), 'feature_3': (-3.667, -0.451), 'feature_9': (-3.581, 0.768), 'feature_8': (-0.622, 3.832), 'feature_7': (0.275, 3.492)}",7,2.27,10,[Pretrained] CF,"[404, 550, 551, 595, 615, 616, 620, 621, 623]",2.114,2.114,OptRes,[Pretrained] CF OptRes,0.005,0,0.005,716,22,0.07142857142857142,5,0.15600000000000014,0.0,5.0
645,feature_0 > 0.192 AND feature_0 > 0.728 AND feature_1 <= 0.277 AND feature_4 > -0.071 AND feature_0 > 1.041 AND feature_3 > -0.451 AND feature_1 > -0.638 AND feature_4 > 0.406 AND feature_3 <= 0.388 AND feature_7 <= -0.126,"{'feature_0': (1.041, 3.845), 'feature_1': (-0.638, 0.277), 'feature_4': (0.406, 3.804), 'feature_3': (-0.451, 0.388), 'feature_7': (-3.746, -0.126)}",5,2.229,10,[Pretrained] CF,"[404, 550, 551, 595, 615, 627, 637, 643, 644]",2.186,2.186,OptRes,[Pretrained] CF OptRes,0.005,0,0.005,716,33,0.0,5,0.04300000000000015,0.0,5.0
622,feature_0 > 0.192 AND feature_0 > 0.728 AND feature_1 <= 0.277 AND feature_4 > -0.071 AND feature_0 > 1.041 AND feature_3 <= -0.451 AND feature_1 > -0.709 AND feature_9 <= 0.768 AND feature_8 <= -0.622,"{'feature_0': (1.041, 3.845), 'feature_1': (-0.709, 0.277), 'feature_4': (-0.071, 3.804), 'feature_3': (-3.667, -0.451), 'feature_9': (-3.581, 0.768), 'feature_8': (-4.447, -0.622)}",6,2.22,9,[Pretrained] CF,"[404, 550, 551, 595, 615, 616, 620, 621]",2.11,2.11,OptRes,[Pretrained] CF OptRes,0.005,0,0.005,716,22,0.07142857142857142,5,0.11000000000000032,0.0,5.0
624,feature_0 > 0.192 AND feature_0 > 0.728 AND feature_1 <= 0.277 AND feature_4 > -0.071 AND feature_0 > 1.041 AND feature_3 <= -0.451 AND feature_1 > -0.709 AND feature_9 <= 0.768 AND feature_8 > -0.622 AND feature_7 <= 0.275,"{'feature_0': (1.041, 3.845), 'feature_1': (-0.709, 0.277), 'feature_4': (-0.071, 3.804), 'feature_3': (-3.667, -0.451), 'feature_9': (-3.581, 0.768), 'feature_8': (-0.622, 3.832), 'feature_7': (-3.746, 0.275)}",7,2.474,10,[Pretrained] CF,"[404, 550, 551, 595, 615, 616, 620, 621, 623]",2.223,2.223,ResOve,[Pretrained] CF ResOve,0.073,0,0.073,716,33,0.15,5,0.25100000000000033,0.0,5.0
623,feature_0 > 0.192 AND feature_0 > 0.728 AND feature_1 <= 0.277 AND feature_4 > -0.071 AND feature_0 > 1.041 AND feature_3 <= -0.451 AND feature_1 > -0.709 AND feature_9 <= 0.768 AND feature_8 > -0.622,"{'feature_0': (1.041, 3.845), 'feature_1': (-0.709, 0.277), 'feature_4': (-0.071, 3.804), 'feature_3': (-3.667, -0.451), 'feature_9': (-3.581, 0.768), 'feature_8': (-0.622, 3.832)}",6,2.392,9,[Pretrained] CF,"[404, 550, 551, 595, 615, 616, 620, 621]",2.179,2.179,ResOve,[Pretrained] CF ResOve,0.073,0,0.073,716,55,0.15,5,0.21300000000000008,0.0,5.0
622,feature_0 > 0.192 AND feature_0 > 0.728 AND feature_1 <= 0.277 AND feature_4 > -0.071 AND feature_0 > 1.041 AND feature_3 <= -0.451 AND feature_1 > -0.709 AND feature_9 <= 0.768 AND feature_8 <= -0.622,"{'feature_0': (1.041, 3.845), 'feature_1': (-0.709, 0.277), 'feature_4': (-0.071, 3.804), 'feature_3': (-3.667, -0.451), 'feature_9': (-3.581, 0.768), 'feature_8': (-4.447, -0.622)}",6,2.22,9,[Pretrained] CF,"[404, 550, 551, 595, 615, 616, 620, 621]",2.11,2.11,ResOve,[Pretrained] CF ResOve,0.073,0,0.073,716,22,0.0,5,0.11000000000000032,0.0,5.0
565,feature_0 > 0.192 AND feature_0 > 0.728 AND feature_1 <= 0.277 AND feature_4 <= -0.071 AND feature_9 <= 0.706 AND feature_3 <= 0.036 AND feature_1 > -0.32 AND feature_3 <= -0.993,"{'feature_0': (0.728, 3.845), 'feature_1': (-0.32, 0.277), 'feature_4': (-3.533, -0.071), 'feature_9': (-3.581, 0.706), 'feature_3': (-3.667, -0.993)}",5,2.174,8,[Pretrained] CF,"[404, 550, 551, 552, 553, 554, 564]",1.968,1.968,ResOve,[Pretrained] CF ResOve,0.073,0,0.073,716,27,0.0,5,0.20599999999999996,0.0,5.0
644,feature_0 > 0.192 AND feature_0 > 0.728 AND feature_1 <= 0.277 AND feature_4 > -0.071 AND feature_0 > 1.041 AND feature_3 > -0.451 AND feature_1 > -0.638 AND feature_4 > 0.406 AND feature_3 <= 0.388,"{'feature_0': (1.041, 3.845), 'feature_1': (-0.638, 0.277), 'feature_4': (0.406, 3.804), 'feature_3': (-0.451, 0.388)}",4,2.151,9,[Pretrained] CF,"[404, 550, 551, 595, 615, 627, 637, 643]",2.151,2.151,ResOve,[Pretrained] CF ResOve,0.073,0,0.073,716,58,0.0,5,0.0,0.0,5.0
624,feature_0 > 0.192 AND feature_0 > 0.728 AND feature_1 <= 0.277 AND feature_4 > -0.071 AND feature_0 > 1.041 AND feature_3 <= -0.451 AND feature_1 > -0.709 AND feature_9 <= 0.768 AND feature_8 > -0.622 AND feature_7 <= 0.275,"{'feature_0': (1.041, 3.845), 'feature_1': (-0.709, 0.277), 'feature_4': (-0.071, 3.804), 'feature_3': (-3.667, -0.451), 'feature_9': (-3.581, 0.768), 'feature_8': (-0.622, 3.832), 'feature_7': (-3.746, 0.275)}",7,2.474,10,[Pretrained] CF,"[404, 550, 551, 595, 615, 616, 620, 621, 623]",2.223,2.223,NoOve,[Pretrained] CF NoOve,0.006,0,0.006,716,33,0.0,5,0.25100000000000033,0.0,5.0
625,feature_0 > 0.192 AND feature_0 > 0.728 AND feature_1 <= 0.277 AND feature_4 > -0.071 AND feature_0 > 1.041 AND feature_3 <= -0.451 AND feature_1 > -0.709 AND feature_9 <= 0.768 AND feature_8 > -0.622 AND feature_7 > 0.275,"{'feature_0': (1.041, 3.845), 'feature_1': (-0.709, 0.277), 'feature_4': (-0.071, 3.804), 'feature_3': (-3.667, -0.451), 'feature_9': (-3.581, 0.768), 'feature_8': (-0.622, 3.832), 'feature_7': (0.275, 3.492)}",7,2.27,10,[Pretrained] CF,"[404, 550, 551, 595, 615, 616, 620, 621, 623]",2.114,2.114,NoOve,[Pretrained] CF NoOve,0.006,0,0.006,716,22,0.0,5,0.15600000000000014,0.0,5.0
645,feature_0 > 0.192 AND feature_0 > 0.728 AND feature_1 <= 0.277 AND feature_4 > -0.071 AND feature_0 > 1.041 AND feature_3 > -0.451 AND feature_1 > -0.638 AND feature_4 > 0.406 AND feature_3 <= 0.388 AND feature_7 <= -0.126,"{'feature_0': (1.041, 3.845), 'feature_1': (-0.638, 0.277), 'feature_4': (0.406, 3.804), 'feature_3': (-0.451, 0.388), 'feature_7': (-3.746, -0.126)}",5,2.229,10,[Pretrained] CF,"[404, 550, 551, 595, 615, 627, 637, 643, 644]",2.186,2.186,NoOve,[Pretrained] CF NoOve,0.006,0,0.006,716,33,0.0,5,0.04300000000000015,0.0,5.0
649,feature_0 > 0.192 AND feature_0 > 0.728 AND feature_1 <= 0.277 AND feature_4 > -0.071 AND feature_0 > 1.041 AND feature_3 > -0.451 AND feature_1 > -0.638 AND feature_4 > 0.406 AND feature_3 > 0.388 AND feature_0 > 1.356,"{'feature_0': (1.356, 3.845), 'feature_1': (-0.638, 0.277), 'feature_4': (0.406, 3.804), 'feature_3': (0.388, 4.242)}",4,2.053,10,[Pretrained] CF,"[404, 550, 551, 595, 615, 627, 637, 643, 647]",2.356,2.356,NoOve,[Pretrained] CF NoOve,0.006,0,0.006,716,39,0.0,5,0.30299999999999994,0.0,5.0
646,feature_0 > 0.192 AND feature_0 > 0.728 AND feature_1 <= 0.277 AND feature_4 > -0.071 AND feature_0 > 1.041 AND feature_3 > -0.451 AND feature_1 > -0.638 AND feature_4 > 0.406 AND feature_3 <= 0.388 AND feature_7 > -0.126,"{'feature_0': (1.041, 3.845), 'feature_1': (-0.638, 0.277), 'feature_4': (0.406, 3.804), 'feature_3': (-0.451, 0.388), 'feature_7': (-0.126, 3.492)}",5,2.044,10,[Pretrained] CF,"[404, 550, 551, 595, 615, 627, 637, 643, 644]",2.104,2.104,NoOve,[Pretrained] CF NoOve,0.006,0,0.006,716,25,0.0,5,0.06000000000000005,0.0,5.0
